name,total_bytes,creation_date,result_page
sample_submission.csv,890,2026-06-26 17:59:59.892000,1
test/44b6_0113de3b.zarr/0/c/0/0/0/0,4469062,2026-06-26 18:43:16.119000,1
test/44b6_0113de3b.zarr/0/c/1/0/0/0,4469190,2026-06-26 18:43:14.673000,1
test/44b6_0113de3b.zarr/0/c/10/0/0/0,4515445,2026-06-26 18:43:18.934000,1
test/44b6_0113de3b.zarr/0/c/11/0/0/0,4516058,2026-06-26 18:43:16.614000,1
test/44b6_0113de3b.zarr/0/c/12/0/0/0,4528017,2026-06-26 18:43:11.431000,1
test/44b6_0113de3b.zarr/0/c/13/0/0/0,4526084,2026-06-26 18:43:12.349000,1
test/44b6_0113de3b.zarr/0/c/14/0/0/0,4529726,2026-06-26 18:43:14.539000,1
test/44b6_0113de3b.zarr/0/c/15/0/0/0,4535215,2026-06-26 18:43:16.249000,1
test/44b6_0113de3b.zarr/0/c/16/0/0/0,4528055,2026-06-26 18:43:19.141000,1
test/44b6_0113de3b.zarr/0/c/17/0/0/0,4542855,2026-06-26 18:43:22.769000,1
test/44b6_0113de3b.zarr/0/c/18/0/0/0,4550184,2026-06-26 18:43:22.071000,1
test/44b6_0113de3b.zarr/0/c/19/0/0/0,4553492,2026-06-26 18:43:12.608000,1
test/44b6_0113de3b.zarr/0/c/2/0/0/0,4476621,2026-06-26 18:43:10.659000,1
test/44b6_0113de3b.zarr/0/c/20/0/0/0,4563882,2026-06-26 18:43:14.888000,1
test/44b6_0113de3b.zarr/0/c/21/0/0/0,4567445,2026-06-26 18:43:16.499000,1
test/44b6_0113de3b.zarr/0/c/22/0/0/0,4579719,2026-06-26 18:43:22.669000,1
test/44b6_0113de3b.zarr/0/c/23/0/0/0,4594410,2026-06-26 18:43:09.216000,1
test/44b6_0113de3b.zarr/0/c/24/0/0/0,4597636,2026-06-26 18:43:15.079000,1
test/44b6_0113de3b.zarr/0/c/25/0/0/0,4595113,2026-06-26 18:43:09.307000,1
test/44b6_0113de3b.zarr/0/c/26/0/0/0,4611850,2026-06-26 18:43:23.201000,1
test/44b6_0113de3b.zarr/0/c/27/0/0/0,4614647,2026-06-26 18:43:21.750000,1
test/44b6_0113de3b.zarr/0/c/28/0/0/0,4604972,2026-06-26 18:43:20.988000,1
test/44b6_0113de3b.zarr/0/c/29/0/0/0,4613517,2026-06-26 18:43:10.783000,1
test/44b6_0113de3b.zarr/0/c/3/0/0/0,4483917,2026-06-26 18:43:15.177000,1
test/44b6_0113de3b.zarr/0/c/30/0/0/0,4624003,2026-06-26 18:43:13.650000,1
test/44b6_0113de3b.zarr/0/c/31/0/0/0,4648170,2026-06-26 18:43:22.471000,1
test/44b6_0113de3b.zarr/0/c/32/0/0/0,4647763,2026-06-26 18:43:20.209000,1
test/44b6_0113de3b.zarr/0/c/33/0/0/0,4635188,2026-06-26 18:43:10.436000,1
test/44b6_0113de3b.zarr/0/c/34/0/0/0,4636074,2026-06-26 18:43:12.011000,1
test/44b6_0113de3b.zarr/0/c/35/0/0/0,4625072,2026-06-26 18:43:10.962000,1
test/44b6_0113de3b.zarr/0/c/36/0/0/0,4631316,2026-06-26 18:43:17.099000,1
test/44b6_0113de3b.zarr/0/c/37/0/0/0,4638398,2026-06-26 18:43:21.468000,1
test/44b6_0113de3b.zarr/0/c/38/0/0/0,4635842,2026-06-26 18:43:21.161000,1
test/44b6_0113de3b.zarr/0/c/39/0/0/0,4639947,2026-06-26 18:43:13.565000,1
test/44b6_0113de3b.zarr/0/c/4/0/0/0,4484303,2026-06-26 18:43:12.731000,1
test/44b6_0113de3b.zarr/0/c/40/0/0/0,4634552,2026-06-26 18:43:09.614000,1
test/44b6_0113de3b.zarr/0/c/41/0/0/0,4641953,2026-06-26 18:43:14.068000,1
test/44b6_0113de3b.zarr/0/c/42/0/0/0,4619716,2026-06-26 18:43:15.990000,1
test/44b6_0113de3b.zarr/0/c/43/0/0/0,4637540,2026-06-26 18:43:22.979000,1
test/44b6_0113de3b.zarr/0/c/44/0/0/0,4647130,2026-06-26 18:43:18.092000,1
test/44b6_0113de3b.zarr/0/c/45/0/0/0,4641582,2026-06-26 18:43:11.905000,1
test/44b6_0113de3b.zarr/0/c/46/0/0/0,4635033,2026-06-26 18:43:11.172000,1
test/44b6_0113de3b.zarr/0/c/47/0/0/0,4636987,2026-06-26 18:43:13.776000,1
test/44b6_0113de3b.zarr/0/c/48/0/0/0,4649998,2026-06-26 18:43:08.924000,1
test/44b6_0113de3b.zarr/0/c/49/0/0/0,4645185,2026-06-26 18:43:10.569000,1
test/44b6_0113de3b.zarr/0/c/5/0/0/0,4480740,2026-06-26 18:43:21.789000,1
test/44b6_0113de3b.zarr/0/c/50/0/0/0,4645978,2026-06-26 18:43:15.417000,1
test/44b6_0113de3b.zarr/0/c/51/0/0/0,4640161,2026-06-26 18:43:15.654000,1
test/44b6_0113de3b.zarr/0/c/52/0/0/0,4637097,2026-06-26 18:43:17.372000,1
test/44b6_0113de3b.zarr/0/c/53/0/0/0,4644329,2026-06-26 18:43:20.528000,1
test/44b6_0113de3b.zarr/0/c/54/0/0/0,4638968,2026-06-26 18:43:17.619000,1
test/44b6_0113de3b.zarr/0/c/55/0/0/0,4646271,2026-06-26 18:43:19.842000,1
test/44b6_0113de3b.zarr/0/c/56/0/0/0,4644442,2026-06-26 18:43:16.790000,1
test/44b6_0113de3b.zarr/0/c/57/0/0/0,4626024,2026-06-26 18:43:17.530000,1
test/44b6_0113de3b.zarr/0/c/58/0/0/0,4624195,2026-06-26 18:43:20.654000,1
test/44b6_0113de3b.zarr/0/c/59/0/0/0,4609907,2026-06-26 18:43:12.757000,1
test/44b6_0113de3b.zarr/0/c/6/0/0/0,4485558,2026-06-26 18:43:18.245000,1
test/44b6_0113de3b.zarr/0/c/60/0/0/0,4615799,2026-06-26 18:43:23.053000,1
test/44b6_0113de3b.zarr/0/c/61/0/0/0,4622870,2026-06-26 18:43:10.156000,1
test/44b6_0113de3b.zarr/0/c/62/0/0/0,4618291,2026-06-26 18:43:20.937000,1
test/44b6_0113de3b.zarr/0/c/63/0/0/0,4619340,2026-06-26 18:43:15.495000,1
test/44b6_0113de3b.zarr/0/c/64/0/0/0,4616615,2026-06-26 18:43:09.029000,1
test/44b6_0113de3b.zarr/0/c/65/0/0/0,4626374,2026-06-26 18:43:21.343000,1
test/44b6_0113de3b.zarr/0/c/66/0/0/0,4616726,2026-06-26 18:43:09.990000,1
test/44b6_0113de3b.zarr/0/c/67/0/0/0,4622719,2026-06-26 18:43:16.893000,1
test/44b6_0113de3b.zarr/0/c/68/0/0/0,4615897,2026-06-26 18:43:18.328000,1
test/44b6_0113de3b.zarr/0/c/69/0/0/0,4608463,2026-06-26 18:43:12.195000,1
test/44b6_0113de3b.zarr/0/c/7/0/0/0,4497661,2026-06-26 18:43:16.381000,1
test/44b6_0113de3b.zarr/0/c/70/0/0/0,4610091,2026-06-26 18:43:13.130000,1
test/44b6_0113de3b.zarr/0/c/71/0/0/0,4612223,2026-06-26 18:43:13.280000,1
test/44b6_0113de3b.zarr/0/c/72/0/0/0,4607792,2026-06-26 18:43:14.224000,1
test/44b6_0113de3b.zarr/0/c/73/0/0/0,4593423,2026-06-26 18:43:09.920000,1
test/44b6_0113de3b.zarr/0/c/74/0/0/0,4580307,2026-06-26 18:43:17.954000,1
test/44b6_0113de3b.zarr/0/c/75/0/0/0,4575266,2026-06-26 18:43:12.906000,1
test/44b6_0113de3b.zarr/0/c/76/0/0/0,4564871,2026-06-26 18:43:11.482000,1
test/44b6_0113de3b.zarr/0/c/77/0/0/0,4565823,2026-06-26 18:43:09.427000,1
test/44b6_0113de3b.zarr/0/c/78/0/0/0,4568401,2026-06-26 18:43:11.247000,1
test/44b6_0113de3b.zarr/0/c/79/0/0/0,4569556,2026-06-26 18:43:19.450000,1
test/44b6_0113de3b.zarr/0/c/8/0/0/0,4502174,2026-06-26 18:43:13.365000,1
test/44b6_0113de3b.zarr/0/c/80/0/0/0,4544434,2026-06-26 18:43:19.572000,1
test/44b6_0113de3b.zarr/0/c/81/0/0/0,4538888,2026-06-26 18:43:22.367000,1
test/44b6_0113de3b.zarr/0/c/82/0/0/0,4536133,2026-06-26 18:43:22.195000,1
test/44b6_0113de3b.zarr/0/c/83/0/0/0,4530759,2026-06-26 18:43:15.905000,1
test/44b6_0113de3b.zarr/0/c/84/0/0/0,4531412,2026-06-26 18:43:12.996000,1
test/44b6_0113de3b.zarr/0/c/85/0/0/0,4516439,2026-06-26 18:43:19.306000,1
test/44b6_0113de3b.zarr/0/c/86/0/0/0,4523846,2026-06-26 18:43:17.196000,1
test/44b6_0113de3b.zarr/0/c/87/0/0/0,4519682,2026-06-26 18:43:18.754000,1
test/44b6_0113de3b.zarr/0/c/88/0/0/0,4489296,2026-06-26 18:43:19.460000,1
test/44b6_0113de3b.zarr/0/c/89/0/0/0,4477339,2026-06-26 18:43:11.755000,1
test/44b6_0113de3b.zarr/0/c/9/0/0/0,4509655,2026-06-26 18:43:13.919000,1
test/44b6_0113de3b.zarr/0/c/90/0/0/0,4472884,2026-06-26 18:43:18.718000,1
test/44b6_0113de3b.zarr/0/c/91/0/0/0,4459469,2026-06-26 18:43:18.192000,1
test/44b6_0113de3b.zarr/0/c/92/0/0/0,4452510,2026-06-26 18:43:20.446000,1
test/44b6_0113de3b.zarr/0/c/93/0/0/0,4460837,2026-06-26 18:43:09.740000,1
test/44b6_0113de3b.zarr/0/c/94/0/0/0,4440598,2026-06-26 18:43:21.886000,1
test/44b6_0113de3b.zarr/0/c/95/0/0/0,4432263,2026-06-26 18:43:11.640000,1
test/44b6_0113de3b.zarr/0/c/96/0/0/0,4416717,2026-06-26 18:43:10.358000,1
test/44b6_0113de3b.zarr/0/c/97/0/0/0,4388350,2026-06-26 18:43:18.542000,1
test/44b6_0113de3b.zarr/0/c/98/0/0/0,4380082,2026-06-26 18:43:15.290000,1
test/44b6_0113de3b.zarr/0/c/99/0/0/0,4376716,2026-06-26 18:43:14.750000,1
test/44b6_0113de3b.zarr/0/zarr.json,760,2026-06-26 18:43:23.141000,1
test/44b6_0113de3b.zarr/zarr.json,1279,2026-06-26 18:43:23.131000,1
test/44b6_0b24845f.zarr/0/c/0/0/0/0,5435762,2026-06-26 18:43:00.546000,1
test/44b6_0b24845f.zarr/0/c/1/0/0/0,5442330,2026-06-26 18:42:58.808000,1
test/44b6_0b24845f.zarr/0/c/10/0/0/0,5337708,2026-06-26 18:43:04.328000,1
test/44b6_0b24845f.zarr/0/c/11/0/0/0,5276333,2026-06-26 18:43:01.038000,1
test/44b6_0b24845f.zarr/0/c/12/0/0/0,5253008,2026-06-26 18:42:55.049000,1
test/44b6_0b24845f.zarr/0/c/13/0/0/0,5228637,2026-06-26 18:42:56.087000,1
test/44b6_0b24845f.zarr/0/c/14/0/0/0,5218024,2026-06-26 18:42:58.618000,1
test/44b6_0b24845f.zarr/0/c/15/0/0/0,5220017,2026-06-26 18:43:00.651000,1
test/44b6_0b24845f.zarr/0/c/16/0/0/0,5213485,2026-06-26 18:43:04.486000,1
test/44b6_0b24845f.zarr/0/c/17/0/0/0,5203898,2026-06-26 18:43:08.203000,1
test/44b6_0b24845f.zarr/0/c/18/0/0/0,5210824,2026-06-26 18:43:07.388000,1
test/44b6_0b24845f.zarr/0/c/19/0/0/0,5222769,2026-06-26 18:42:56.212000,1
test/44b6_0b24845f.zarr/0/c/2/0/0/0,5441770,2026-06-26 18:42:54.257000,1
test/44b6_0b24845f.zarr/0/c/20/0/0/0,5202781,2026-06-26 18:42:59,1
test/44b6_0b24845f.zarr/0/c/21/0/0/0,5210656,2026-06-26 18:43:00.872000,1
test/44b6_0b24845f.zarr/0/c/22/0/0/0,5232630,2026-06-26 18:43:08.041000,1
test/44b6_0b24845f.zarr/0/c/23/0/0/0,5231886,2026-06-26 18:42:52.367000,1
test/44b6_0b24845f.zarr/0/c/24/0/0/0,5207550,2026-06-26 18:42:59.295000,1
test/44b6_0b24845f.zarr/0/c/25/0/0/0,5201660,2026-06-26 18:42:52.487000,1
test/44b6_0b24845f.zarr/0/c/26/0/0/0,5175452,2026-06-26 18:43:08.813000,1
test/44b6_0b24845f.zarr/0/c/27/0/0/0,5195421,2026-06-26 18:43:06.884000,1
test/44b6_0b24845f.zarr/0/c/28/0/0/0,5204833,2026-06-26 18:43:06.346000,1
test/44b6_0b24845f.zarr/0/c/29/0/0/0,5198913,2026-06-26 18:42:54.443000,1
test/44b6_0b24845f.zarr/0/c/3/0/0/0,5426161,2026-06-26 18:42:59.355000,1
test/44b6_0b24845f.zarr/0/c/30/0/0/0,5203597,2026-06-26 18:42:57.866000,1
test/44b6_0b24845f.zarr/0/c/31/0/0/0,5199658,2026-06-26 18:43:07.803000,1
test/44b6_0b24845f.zarr/0/c/32/0/0/0,5197478,2026-06-26 18:43:05.461000,1
test/44b6_0b24845f.zarr/0/c/33/0/0/0,5199638,2026-06-26 18:42:54.001000,1
test/44b6_0b24845f.zarr/0/c/34/0/0/0,5206932,2026-06-26 18:42:55.831000,1
test/44b6_0b24845f.zarr/0/c/35/0/0/0,5210609,2026-06-26 18:42:54.541000,1
test/44b6_0b24845f.zarr/0/c/36/0/0/0,5220877,2026-06-26 18:43:01.625000,1
test/44b6_0b24845f.zarr/0/c/37/0/0/0,5249338,2026-06-26 18:43:06.806000,1
test/44b6_0b24845f.zarr/0/c/38/0/0/0,5270714,2026-06-26 18:43:06.448000,1
test/44b6_0b24845f.zarr/0/c/39/0/0/0,5273272,2026-06-26 18:42:57.710000,1
test/44b6_0b24845f.zarr/0/c/4/0/0/0,5409142,2026-06-26 18:42:56.798000,1
test/44b6_0b24845f.zarr/0/c/40/0/0/0,5279388,2026-06-26 18:42:52.825000,1
test/44b6_0b24845f.zarr/0/c/41/0/0/0,5292509,2026-06-26 18:42:58.384000,1
test/44b6_0b24845f.zarr/0/c/42/0/0/0,5303145,2026-06-26 18:43:00.311000,1
test/44b6_0b24845f.zarr/0/c/43/0/0/0,5308022,2026-06-26 18:43:08.527000,1
test/44b6_0b24845f.zarr/0/c/44/0/0/0,5328681,2026-06-26 18:43:03.309000,1
test/44b6_0b24845f.zarr/0/c/45/0/0/0,5335494,2026-06-26 18:42:55.720000,1
test/44b6_0b24845f.zarr/0/c/46/0/0/0,5356486,2026-06-26 18:42:54.671000,1
test/44b6_0b24845f.zarr/0/c/47/0/0/0,5374733,2026-06-26 18:42:58.073000,1
test/44b6_0b24845f.zarr/0/c/48/0/0/0,5393947,2026-06-26 18:42:52.045000,1
test/44b6_0b24845f.zarr/0/c/49/0/0/0,5400854,2026-06-26 18:42:55.027000,1
test/44b6_0b24845f.zarr/0/c/5/0/0/0,5411834,2026-06-26 18:43:07.048000,1
test/44b6_0b24845f.zarr/0/c/50/0/0/0,5412417,2026-06-26 18:42:59.720000,1
test/44b6_0b24845f.zarr/0/c/51/0/0/0,5435884,2026-06-26 18:43:00.018000,1
test/44b6_0b24845f.zarr/0/c/52/0/0/0,5446671,2026-06-26 18:43:02.336000,1
test/44b6_0b24845f.zarr/0/c/53/0/0/0,5455452,2026-06-26 18:43:05.805000,1
test/44b6_0b24845f.zarr/0/c/54/0/0/0,5474894,2026-06-26 18:43:02.822000,1
test/44b6_0b24845f.zarr/0/c/55/0/0/0,5482877,2026-06-26 18:43:05.360000,1
test/44b6_0b24845f.zarr/0/c/56/0/0/0,5493877,2026-06-26 18:43:01.244000,1
test/44b6_0b24845f.zarr/0/c/57/0/0/0,5510973,2026-06-26 18:43:02.643000,1
test/44b6_0b24845f.zarr/0/c/58/0/0/0,5534323,2026-06-26 18:43:05.918000,1
test/44b6_0b24845f.zarr/0/c/59/0/0/0,5537986,2026-06-26 18:42:56.693000,1
test/44b6_0b24845f.zarr/0/c/6/0/0/0,5398236,2026-06-26 18:43:03.568000,1
test/44b6_0b24845f.zarr/0/c/60/0/0/0,5560743,2026-06-26 18:43:08.634000,1
test/44b6_0b24845f.zarr/0/c/61/0/0/0,5565450,2026-06-26 18:42:53.596000,1
test/44b6_0b24845f.zarr/0/c/62/0/0/0,5583439,2026-06-26 18:43:06.154000,1
test/44b6_0b24845f.zarr/0/c/63/0/0/0,5595865,2026-06-26 18:42:59.882000,1
test/44b6_0b24845f.zarr/0/c/64/0/0/0,5605883,2026-06-26 18:42:52.170000,1
test/44b6_0b24845f.zarr/0/c/65/0/0/0,5614684,2026-06-26 18:43:06.644000,1
test/44b6_0b24845f.zarr/0/c/66/0/0/0,5627291,2026-06-26 18:42:53.487000,1
test/44b6_0b24845f.zarr/0/c/67/0/0/0,5625952,2026-06-26 18:43:01.507000,1
test/44b6_0b24845f.zarr/0/c/68/0/0/0,5631800,2026-06-26 18:43:03.667000,1
test/44b6_0b24845f.zarr/0/c/69/0/0/0,5640768,2026-06-26 18:42:55.991000,1
test/44b6_0b24845f.zarr/0/c/7/0/0/0,5384853,2026-06-26 18:43:00.769000,1
test/44b6_0b24845f.zarr/0/c/70/0/0/0,5665607,2026-06-26 18:42:57.349000,1
test/44b6_0b24845f.zarr/0/c/71/0/0/0,5667869,2026-06-26 18:42:57.482000,1
test/44b6_0b24845f.zarr/0/c/72/0/0/0,5677471,2026-06-26 18:42:58.559000,1
test/44b6_0b24845f.zarr/0/c/73/0/0/0,5700692,2026-06-26 18:42:53.222000,1
test/44b6_0b24845f.zarr/0/c/74/0/0/0,5705117,2026-06-26 18:43:03.125000,1
test/44b6_0b24845f.zarr/0/c/75/0/0/0,5715476,2026-06-26 18:42:56.972000,1
test/44b6_0b24845f.zarr/0/c/76/0/0/0,5722366,2026-06-26 18:42:55.287000,1
test/44b6_0b24845f.zarr/0/c/77/0/0/0,5727513,2026-06-26 18:42:52.718000,1
test/44b6_0b24845f.zarr/0/c/78/0/0/0,5732716,2026-06-26 18:42:54.797000,1
test/44b6_0b24845f.zarr/0/c/79/0/0/0,5745372,2026-06-26 18:43:04.779000,1
test/44b6_0b24845f.zarr/0/c/8/0/0/0,5370985,2026-06-26 18:42:57.598000,1
test/44b6_0b24845f.zarr/0/c/80/0/0/0,5746890,2026-06-26 18:43:05.210000,1
test/44b6_0b24845f.zarr/0/c/81/0/0/0,5740651,2026-06-26 18:43:07.680000,1
test/44b6_0b24845f.zarr/0/c/82/0/0/0,5742279,2026-06-26 18:43:07.775000,1
test/44b6_0b24845f.zarr/0/c/83/0/0/0,5759200,2026-06-26 18:43:00.188000,1
test/44b6_0b24845f.zarr/0/c/84/0/0/0,5765656,2026-06-26 18:42:57.127000,1
test/44b6_0b24845f.zarr/0/c/85/0/0/0,5762459,2026-06-26 18:43:04.620000,1
test/44b6_0b24845f.zarr/0/c/86/0/0/0,5758652,2026-06-26 18:43:02.127000,1
test/44b6_0b24845f.zarr/0/c/87/0/0/0,5774647,2026-06-26 18:43:04.204000,1
test/44b6_0b24845f.zarr/0/c/88/0/0/0,5781647,2026-06-26 18:43:04.989000,1
test/44b6_0b24845f.zarr/0/c/89/0/0/0,5784953,2026-06-26 18:42:55.645000,1
test/44b6_0b24845f.zarr/0/c/9/0/0/0,5342982,2026-06-26 18:42:58.193000,1
test/44b6_0b24845f.zarr/0/c/90/0/0/0,5788974,2026-06-26 18:43:04.096000,1
test/44b6_0b24845f.zarr/0/c/91/0/0/0,5792088,2026-06-26 18:43:03.012000,1
test/44b6_0b24845f.zarr/0/c/92/0/0/0,5801439,2026-06-26 18:43:05.678000,1
test/44b6_0b24845f.zarr/0/c/93/0/0/0,5814231,2026-06-26 18:42:53.121000,1
test/44b6_0b24845f.zarr/0/c/94/0/0/0,5807321,2026-06-26 18:43:07.281000,1
test/44b6_0b24845f.zarr/0/c/95/0/0/0,5800767,2026-06-26 18:42:55.498000,1
test/44b6_0b24845f.zarr/0/c/96/0/0/0,5803983,2026-06-26 18:42:53.831000,1
test/44b6_0b24845f.zarr/0/c/97/0/0/0,5809640,2026-06-26 18:43:03.814000,2
test/44b6_0b24845f.zarr/0/c/98/0/0/0,5806464,2026-06-26 18:42:59.806000,2
test/44b6_0b24845f.zarr/0/c/99/0/0/0,5805502,2026-06-26 18:42:58.827000,2
test/44b6_0b24845f.zarr/0/zarr.json,760,2026-06-26 18:43:08.757000,2
test/44b6_0b24845f.zarr/zarr.json,1304,2026-06-26 18:43:08.758000,2
test/6bba_05b6850b.zarr/0/c/0/0/0/0,3574182,2026-06-26 18:42:46.927000,2
test/6bba_05b6850b.zarr/0/c/1/0/0/0,3575213,2026-06-26 18:42:45.730000,2
test/6bba_05b6850b.zarr/0/c/10/0/0/0,3577508,2026-06-26 18:42:48.942000,2
test/6bba_05b6850b.zarr/0/c/11/0/0/0,3580366,2026-06-26 18:42:47.402000,2
test/6bba_05b6850b.zarr/0/c/12/0/0/0,3574720,2026-06-26 18:42:42.899000,2
test/6bba_05b6850b.zarr/0/c/13/0/0/0,3574720,2026-06-26 18:42:43.659000,2
test/6bba_05b6850b.zarr/0/c/14/0/0/0,3577978,2026-06-26 18:42:45.589000,2
test/6bba_05b6850b.zarr/0/c/15/0/0/0,3581997,2026-06-26 18:42:47.027000,2
test/6bba_05b6850b.zarr/0/c/16/0/0/0,3582181,2026-06-26 18:42:48.995000,2
test/6bba_05b6850b.zarr/0/c/17/0/0/0,3595073,2026-06-26 18:42:51.551000,2
test/6bba_05b6850b.zarr/0/c/18/0/0/0,3576391,2026-06-26 18:42:51.021000,2
test/6bba_05b6850b.zarr/0/c/19/0/0/0,3589620,2026-06-26 18:42:43.776000,2
test/6bba_05b6850b.zarr/0/c/2/0/0/0,3581698,2026-06-26 18:42:42.556000,2
test/6bba_05b6850b.zarr/0/c/20/0/0/0,3589986,2026-06-26 18:42:45.844000,2
test/6bba_05b6850b.zarr/0/c/21/0/0/0,3592047,2026-06-26 18:42:47.237000,2
test/6bba_05b6850b.zarr/0/c/22/0/0/0,3592075,2026-06-26 18:42:51.461000,2
test/6bba_05b6850b.zarr/0/c/23/0/0/0,3598110,2026-06-26 18:42:41.160000,2
test/6bba_05b6850b.zarr/0/c/24/0/0/0,3604077,2026-06-26 18:42:45.956000,2
test/6bba_05b6850b.zarr/0/c/25/0/0/0,3602467,2026-06-26 18:42:41.206000,2
test/6bba_05b6850b.zarr/0/c/26/0/0/0,3597268,2026-06-26 18:42:51.880000,2
test/6bba_05b6850b.zarr/0/c/27/0/0/0,3608040,2026-06-26 18:42:50.726000,2
test/6bba_05b6850b.zarr/0/c/28/0/0/0,3608040,2026-06-26 18:42:50.173000,2
test/6bba_05b6850b.zarr/0/c/29/0/0/0,3605978,2026-06-26 18:42:42.584000,2
test/6bba_05b6850b.zarr/0/c/3/0/0/0,3578208,2026-06-26 18:42:46.064000,2
test/6bba_05b6850b.zarr/0/c/30/0/0/0,3608010,2026-06-26 18:42:45.054000,2
test/6bba_05b6850b.zarr/0/c/31/0/0/0,3604929,2026-06-26 18:42:51.383000,2
test/6bba_05b6850b.zarr/0/c/32/0/0/0,3605668,2026-06-26 18:42:49.670000,2
test/6bba_05b6850b.zarr/0/c/33/0/0/0,3607019,2026-06-26 18:42:42.185000,2
test/6bba_05b6850b.zarr/0/c/34/0/0/0,3613698,2026-06-26 18:42:43.482000,2
test/6bba_05b6850b.zarr/0/c/35/0/0/0,3604150,2026-06-26 18:42:42.861000,2
test/6bba_05b6850b.zarr/0/c/36/0/0/0,3606568,2026-06-26 18:42:47.678000,2
test/6bba_05b6850b.zarr/0/c/37/0/0/0,3608564,2026-06-26 18:42:50.627000,2
test/6bba_05b6850b.zarr/0/c/38/0/0/0,3613604,2026-06-26 18:42:50.347000,2
test/6bba_05b6850b.zarr/0/c/39/0/0/0,3616976,2026-06-26 18:42:44.997000,2
test/6bba_05b6850b.zarr/0/c/4/0/0/0,3582949,2026-06-26 18:42:43.942000,2
test/6bba_05b6850b.zarr/0/c/40/0/0/0,3614355,2026-06-26 18:42:41.340000,2
test/6bba_05b6850b.zarr/0/c/41/0/0/0,3608689,2026-06-26 18:42:45.389000,2
test/6bba_05b6850b.zarr/0/c/42/0/0/0,3603972,2026-06-26 18:42:46.755000,2
test/6bba_05b6850b.zarr/0/c/43/0/0/0,3603972,2026-06-26 18:42:51.644000,2
test/6bba_05b6850b.zarr/0/c/44/0/0/0,3614374,2026-06-26 18:42:48.333000,2
test/6bba_05b6850b.zarr/0/c/45/0/0/0,3619396,2026-06-26 18:42:43.310000,2
test/6bba_05b6850b.zarr/0/c/46/0/0/0,3619548,2026-06-26 18:42:42.753000,2
test/6bba_05b6850b.zarr/0/c/47/0/0/0,3614775,2026-06-26 18:42:45.213000,2
test/6bba_05b6850b.zarr/0/c/48/0/0/0,3605584,2026-06-26 18:42:40.750000,2
test/6bba_05b6850b.zarr/0/c/49/0/0/0,3604042,2026-06-26 18:42:42.477000,2
test/6bba_05b6850b.zarr/0/c/5/0/0/0,3582949,2026-06-26 18:42:50.853000,2
test/6bba_05b6850b.zarr/0/c/50/0/0/0,3604649,2026-06-26 18:42:46.269000,2
test/6bba_05b6850b.zarr/0/c/51/0/0/0,3611911,2026-06-26 18:42:46.554000,2
test/6bba_05b6850b.zarr/0/c/52/0/0/0,3615975,2026-06-26 18:42:47.842000,2
test/6bba_05b6850b.zarr/0/c/53/0/0/0,3615975,2026-06-26 18:42:49.862000,2
test/6bba_05b6850b.zarr/0/c/54/0/0/0,3656193,2026-06-26 18:42:48.045000,2
test/6bba_05b6850b.zarr/0/c/55/0/0/0,3650988,2026-06-26 18:42:49.598000,2
test/6bba_05b6850b.zarr/0/c/56/0/0/0,3646865,2026-06-26 18:42:47.517000,2
test/6bba_05b6850b.zarr/0/c/57/0/0/0,3638781,2026-06-26 18:42:47.965000,2
test/6bba_05b6850b.zarr/0/c/58/0/0/0,3638781,2026-06-26 18:42:50.150000,2
test/6bba_05b6850b.zarr/0/c/59/0/0/0,3642906,2026-06-26 18:42:43.791000,2
test/6bba_05b6850b.zarr/0/c/6/0/0/0,3583330,2026-06-26 18:42:48.448000,2
test/6bba_05b6850b.zarr/0/c/60/0/0/0,3642906,2026-06-26 18:42:51.770000,2
test/6bba_05b6850b.zarr/0/c/61/0/0/0,3667232,2026-06-26 18:42:42.098000,2
test/6bba_05b6850b.zarr/0/c/62/0/0/0,3663002,2026-06-26 18:42:50.020000,2
test/6bba_05b6850b.zarr/0/c/63/0/0/0,3663002,2026-06-26 18:42:46.409000,2
test/6bba_05b6850b.zarr/0/c/64/0/0/0,3670470,2026-06-26 18:42:40.852000,2
test/6bba_05b6850b.zarr/0/c/65/0/0/0,3672754,2026-06-26 18:42:50.456000,2
test/6bba_05b6850b.zarr/0/c/66/0/0/0,3670565,2026-06-26 18:42:41.973000,2
test/6bba_05b6850b.zarr/0/c/67/0/0/0,3670565,2026-06-26 18:42:47.588000,2
test/6bba_05b6850b.zarr/0/c/68/0/0/0,3665690,2026-06-26 18:42:48.552000,2
test/6bba_05b6850b.zarr/0/c/69/0/0/0,3662382,2026-06-26 18:42:43.564000,2
test/6bba_05b6850b.zarr/0/c/7/0/0/0,3572018,2026-06-26 18:42:47.172000,2
test/6bba_05b6850b.zarr/0/c/70/0/0/0,3655966,2026-06-26 18:42:44.282000,2
test/6bba_05b6850b.zarr/0/c/71/0/0/0,3662304,2026-06-26 18:42:44.560000,2
test/6bba_05b6850b.zarr/0/c/72/0/0/0,3653812,2026-06-26 18:42:45.454000,2
test/6bba_05b6850b.zarr/0/c/73/0/0/0,3650343,2026-06-26 18:42:41.607000,2
test/6bba_05b6850b.zarr/0/c/74/0/0/0,3651369,2026-06-26 18:42:48.273000,2
test/6bba_05b6850b.zarr/0/c/75/0/0/0,3639967,2026-06-26 18:42:44.025000,2
test/6bba_05b6850b.zarr/0/c/76/0/0/0,3647546,2026-06-26 18:42:43.025000,2
test/6bba_05b6850b.zarr/0/c/77/0/0/0,3647546,2026-06-26 18:42:41.337000,2
test/6bba_05b6850b.zarr/0/c/78/0/0/0,3643967,2026-06-26 18:42:42.954000,2
test/6bba_05b6850b.zarr/0/c/79/0/0/0,3638842,2026-06-26 18:42:49.210000,2
test/6bba_05b6850b.zarr/0/c/8/0/0/0,3571794,2026-06-26 18:42:44.809000,2
test/6bba_05b6850b.zarr/0/c/80/0/0/0,3631478,2026-06-26 18:42:49.473000,2
test/6bba_05b6850b.zarr/0/c/81/0/0/0,3626541,2026-06-26 18:42:51.281000,2
test/6bba_05b6850b.zarr/0/c/82/0/0/0,3624054,2026-06-26 18:42:51.135000,2
test/6bba_05b6850b.zarr/0/c/83/0/0/0,3615602,2026-06-26 18:42:46.695000,2
test/6bba_05b6850b.zarr/0/c/84/0/0/0,3620705,2026-06-26 18:42:44.105000,2
test/6bba_05b6850b.zarr/0/c/85/0/0/0,3627145,2026-06-26 18:42:49.080000,2
test/6bba_05b6850b.zarr/0/c/86/0/0/0,3622090,2026-06-26 18:42:47.784000,2
test/6bba_05b6850b.zarr/0/c/87/0/0/0,3623780,2026-06-26 18:42:48.759000,2
test/6bba_05b6850b.zarr/0/c/88/0/0/0,3620038,2026-06-26 18:42:49.403000,2
test/6bba_05b6850b.zarr/0/c/89/0/0/0,3627832,2026-06-26 18:42:43.216000,2
test/6bba_05b6850b.zarr/0/c/9/0/0/0,3585359,2026-06-26 18:42:45.277000,2
test/6bba_05b6850b.zarr/0/c/90/0/0/0,3621455,2026-06-26 18:42:48.737000,2
test/6bba_05b6850b.zarr/0/c/91/0/0/0,3616097,2026-06-26 18:42:48.131000,2
test/6bba_05b6850b.zarr/0/c/92/0/0/0,3610243,2026-06-26 18:42:49.755000,2
test/6bba_05b6850b.zarr/0/c/93/0/0/0,3613491,2026-06-26 18:42:41.482000,2
test/6bba_05b6850b.zarr/0/c/94/0/0/0,3618185,2026-06-26 18:42:50.925000,2
test/6bba_05b6850b.zarr/0/c/95/0/0/0,3628951,2026-06-26 18:42:43.097000,2
test/6bba_05b6850b.zarr/0/c/96/0/0/0,3624473,2026-06-26 18:42:42.121000,2
test/6bba_05b6850b.zarr/0/c/97/0/0/0,3612105,2026-06-26 18:42:48.628000,2
test/6bba_05b6850b.zarr/0/c/98/0/0/0,3608873,2026-06-26 18:42:46.195000,2
test/6bba_05b6850b.zarr/0/c/99/0/0/0,3616006,2026-06-26 18:42:45.768000,2
test/6bba_05b6850b.zarr/0/zarr.json,760,2026-06-26 18:42:51.842000,2
test/6bba_05b6850b.zarr/zarr.json,1276,2026-06-26 18:42:51.830000,2
test/6bba_05db0fb1.zarr/0/c/0/0/0/0,5447575,2026-06-26 18:42:32.049000,2
test/6bba_05db0fb1.zarr/0/c/1/0/0/0,5452950,2026-06-26 18:42:29.993000,2
test/6bba_05db0fb1.zarr/0/c/10/0/0/0,5462053,2026-06-26 18:42:36.014000,2
test/6bba_05db0fb1.zarr/0/c/11/0/0/0,5458578,2026-06-26 18:42:33.006000,2
test/6bba_05db0fb1.zarr/0/c/12/0/0/0,5466551,2026-06-26 18:42:25.980000,2
test/6bba_05db0fb1.zarr/0/c/13/0/0/0,5465011,2026-06-26 18:42:27.277000,2
test/6bba_05db0fb1.zarr/0/c/14/0/0/0,5468468,2026-06-26 18:42:29.876000,2
test/6bba_05db0fb1.zarr/0/c/15/0/0/0,5464406,2026-06-26 18:42:32.271000,2
test/6bba_05db0fb1.zarr/0/c/16/0/0/0,5463950,2026-06-26 18:42:36.187000,2
test/6bba_05db0fb1.zarr/0/c/17/0/0/0,5466737,2026-06-26 18:42:40.131000,2
test/6bba_05db0fb1.zarr/0/c/18/0/0/0,5471590,2026-06-26 18:42:39.401000,2
test/6bba_05db0fb1.zarr/0/c/19/0/0/0,5469574,2026-06-26 18:42:27.422000,2
test/6bba_05db0fb1.zarr/0/c/2/0/0/0,5452064,2026-06-26 18:42:25.197000,2
test/6bba_05db0fb1.zarr/0/c/20/0/0/0,5470873,2026-06-26 18:42:30.332000,2
test/6bba_05db0fb1.zarr/0/c/21/0/0/0,5469436,2026-06-26 18:42:32.815000,2
test/6bba_05db0fb1.zarr/0/c/22/0/0/0,5469828,2026-06-26 18:42:39.969000,2
test/6bba_05db0fb1.zarr/0/c/23/0/0/0,5462933,2026-06-26 18:42:23.295000,2
test/6bba_05db0fb1.zarr/0/c/24/0/0/0,5463210,2026-06-26 18:42:30.479000,2
test/6bba_05db0fb1.zarr/0/c/25/0/0/0,5467825,2026-06-26 18:42:23.532000,2
test/6bba_05db0fb1.zarr/0/c/26/0/0/0,5486340,2026-06-26 18:42:40.693000,2
test/6bba_05db0fb1.zarr/0/c/27/0/0/0,5486340,2026-06-26 18:42:38.895000,2
test/6bba_05db0fb1.zarr/0/c/28/0/0/0,5478467,2026-06-26 18:42:38.102000,2
test/6bba_05db0fb1.zarr/0/c/29/0/0/0,5482817,2026-06-26 18:42:25.262000,2
test/6bba_05db0fb1.zarr/0/c/3/0/0/0,5454439,2026-06-26 18:42:30.663000,2
test/6bba_05db0fb1.zarr/0/c/30/0/0/0,5470723,2026-06-26 18:42:29.334000,2
test/6bba_05db0fb1.zarr/0/c/31/0/0/0,5453784,2026-06-26 18:42:39.861000,2
test/6bba_05db0fb1.zarr/0/c/32/0/0/0,5467563,2026-06-26 18:42:37.065000,2
test/6bba_05db0fb1.zarr/0/c/33/0/0/0,5468790,2026-06-26 18:42:24.860000,2
test/6bba_05db0fb1.zarr/0/c/34/0/0/0,5468864,2026-06-26 18:42:26.781000,2
test/6bba_05db0fb1.zarr/0/c/35/0/0/0,5468864,2026-06-26 18:42:25.568000,2
test/6bba_05db0fb1.zarr/0/c/36/0/0/0,5463105,2026-06-26 18:42:33.671000,2
test/6bba_05db0fb1.zarr/0/c/37/0/0/0,5460435,2026-06-26 18:42:38.745000,2
test/6bba_05db0fb1.zarr/0/c/38/0/0/0,5454930,2026-06-26 18:42:38.374000,2
test/6bba_05db0fb1.zarr/0/c/39/0/0/0,5404870,2026-06-26 18:42:28.826000,2
test/6bba_05db0fb1.zarr/0/c/4/0/0/0,5447217,2026-06-26 18:42:27.706000,2
test/6bba_05db0fb1.zarr/0/c/40/0/0/0,5445788,2026-06-26 18:42:23.866000,2
test/6bba_05db0fb1.zarr/0/c/41/0/0/0,5436217,2026-06-26 18:42:29.548000,2
test/6bba_05db0fb1.zarr/0/c/42/0/0/0,5433076,2026-06-26 18:42:31.865000,2
test/6bba_05db0fb1.zarr/0/c/43/0/0/0,5431442,2026-06-26 18:42:40.299000,2
test/6bba_05db0fb1.zarr/0/c/44/0/0/0,5423753,2026-06-26 18:42:34.914000,2
test/6bba_05db0fb1.zarr/0/c/45/0/0/0,5431955,2026-06-26 18:42:26.602000,2
test/6bba_05db0fb1.zarr/0/c/46/0/0/0,5431418,2026-06-26 18:42:25.734000,2
test/6bba_05db0fb1.zarr/0/c/47/0/0/0,5418417,2026-06-26 18:42:29.135000,2
test/6bba_05db0fb1.zarr/0/c/48/0/0/0,5420887,2026-06-26 18:42:23.103000,2
test/6bba_05db0fb1.zarr/0/c/49/0/0/0,5412933,2026-06-26 18:42:24.984000,2
test/6bba_05db0fb1.zarr/0/c/5/0/0/0,5446636,2026-06-26 18:42:39.106000,2
test/6bba_05db0fb1.zarr/0/c/50/0/0/0,5412933,2026-06-26 18:42:30.922000,2
test/6bba_05db0fb1.zarr/0/c/51/0/0/0,5404119,2026-06-26 18:42:31.589000,2
test/6bba_05db0fb1.zarr/0/c/52/0/0/0,5393978,2026-06-26 18:42:33.965000,2
test/6bba_05db0fb1.zarr/0/c/53/0/0/0,5388303,2026-06-26 18:42:37.475000,2
test/6bba_05db0fb1.zarr/0/c/54/0/0/0,5386328,2026-06-26 18:42:34.393000,2
test/6bba_05db0fb1.zarr/0/c/55/0/0/0,5384613,2026-06-26 18:42:36.837000,2
test/6bba_05db0fb1.zarr/0/c/56/0/0/0,5376228,2026-06-26 18:42:33.245000,2
test/6bba_05db0fb1.zarr/0/c/57/0/0/0,5370956,2026-06-26 18:42:34.142000,2
test/6bba_05db0fb1.zarr/0/c/58/0/0/0,5367636,2026-06-26 18:42:37.571000,2
test/6bba_05db0fb1.zarr/0/c/59/0/0/0,5359532,2026-06-26 18:42:27.527000,2
test/6bba_05db0fb1.zarr/0/c/6/0/0/0,5456464,2026-06-26 18:42:35.079000,2
test/6bba_05db0fb1.zarr/0/c/60/0/0/0,5359702,2026-06-26 18:42:40.491000,2
test/6bba_05db0fb1.zarr/0/c/61/0/0/0,5360169,2026-06-26 18:42:24.581000,2
test/6bba_05db0fb1.zarr/0/c/62/0/0/0,5360382,2026-06-26 18:42:37.801000,2
test/6bba_05db0fb1.zarr/0/c/63/0/0/0,5358613,2026-06-26 18:42:31.297000,2
test/6bba_05db0fb1.zarr/0/c/64/0/0/0,5361631,2026-06-26 18:42:23.162000,2
test/6bba_05db0fb1.zarr/0/c/65/0/0/0,5361631,2026-06-26 18:42:38.560000,2
test/6bba_05db0fb1.zarr/0/c/66/0/0/0,5364440,2026-06-26 18:42:24.439000,2
test/6bba_05db0fb1.zarr/0/c/67/0/0/0,5367945,2026-06-26 18:42:33.477000,2
test/6bba_05db0fb1.zarr/0/c/68/0/0/0,5356949,2026-06-26 18:42:35.252000,2
test/6bba_05db0fb1.zarr/0/c/69/0/0/0,5358111,2026-06-26 18:42:27.088000,2
test/6bba_05db0fb1.zarr/0/c/7/0/0/0,5456229,2026-06-26 18:42:32.702000,2
test/6bba_05db0fb1.zarr/0/c/70/0/0/0,5363133,2026-06-26 18:42:28.135000,2
test/6bba_05db0fb1.zarr/0/c/71/0/0/0,5350792,2026-06-26 18:42:28.508000,2
test/6bba_05db0fb1.zarr/0/c/72/0/0/0,5350296,2026-06-26 18:42:29.688000,2
test/6bba_05db0fb1.zarr/0/c/73/0/0/0,5359313,2026-06-26 18:42:24.283000,2
test/6bba_05db0fb1.zarr/0/c/74/0/0/0,5358531,2026-06-26 18:42:34.778000,2
test/6bba_05db0fb1.zarr/0/c/75/0/0/0,5358531,2026-06-26 18:42:27.879000,2
test/6bba_05db0fb1.zarr/0/c/76/0/0/0,5350093,2026-06-26 18:42:26.166000,2
test/6bba_05db0fb1.zarr/0/c/77/0/0/0,5346844,2026-06-26 18:42:23.702000,2
test/6bba_05db0fb1.zarr/0/c/78/0/0/0,5341835,2026-06-26 18:42:25.826000,2
test/6bba_05db0fb1.zarr/0/c/79/0/0/0,5338908,2026-06-26 18:42:36.480000,2
test/6bba_05db0fb1.zarr/0/c/8/0/0/0,5459952,2026-06-26 18:42:28.663000,2
test/6bba_05db0fb1.zarr/0/c/80/0/0/0,5338908,2026-06-26 18:42:36.774000,2
test/6bba_05db0fb1.zarr/0/c/81/0/0/0,5343175,2026-06-26 18:42:39.633000,2
test/6bba_05db0fb1.zarr/0/c/82/0/0/0,5343175,2026-06-26 18:42:39.524000,2
test/6bba_05db0fb1.zarr/0/c/83/0/0/0,5340477,2026-06-26 18:42:31.722000,2
test/6bba_05db0fb1.zarr/0/c/84/0/0/0,5332132,2026-06-26 18:42:28.066000,2
test/6bba_05db0fb1.zarr/0/c/85/0/0/0,5332132,2026-06-26 18:42:36.313000,2
test/6bba_05db0fb1.zarr/0/c/86/0/0/0,5305787,2026-06-26 18:42:33.890000,2
test/6bba_05db0fb1.zarr/0/c/87/0/0/0,5331218,2026-06-26 18:42:35.832000,2
test/6bba_05db0fb1.zarr/0/c/88/0/0/0,5331495,2026-06-26 18:42:36.673000,2
test/6bba_05db0fb1.zarr/0/c/89/0/0/0,5331495,2026-06-26 18:42:26.439000,2
test/6bba_05db0fb1.zarr/0/c/9/0/0/0,5463090,2026-06-26 18:42:29.435000,2
test/6bba_05db0fb1.zarr/0/c/90/0/0/0,5327885,2026-06-26 18:42:35.653000,2
test/6bba_05db0fb1.zarr/0/c/91/0/0/0,5320587,2026-06-26 18:42:34.676000,2
test/6bba_05db0fb1.zarr/0/c/92/0/0/0,5316072,2026-06-26 18:42:37.273000,2
test/6bba_05db0fb1.zarr/0/c/93/0/0/0,5259158,2026-06-26 18:42:24.086000,3
test/6bba_05db0fb1.zarr/0/c/94/0/0/0,5316348,2026-06-26 18:42:39.239000,3
test/6bba_05db0fb1.zarr/0/c/95/0/0/0,5315683,2026-06-26 18:42:26.291000,3
test/6bba_05db0fb1.zarr/0/c/96/0/0/0,5322794,2026-06-26 18:42:24.683000,3
test/6bba_05db0fb1.zarr/0/c/97/0/0/0,5322677,2026-06-26 18:42:35.513000,3
test/6bba_05db0fb1.zarr/0/c/98/0/0/0,5318910,2026-06-26 18:42:30.827000,3
test/6bba_05db0fb1.zarr/0/c/99/0/0/0,5318910,2026-06-26 18:42:30.190000,3
test/6bba_05db0fb1.zarr/0/zarr.json,760,2026-06-26 18:42:40.655000,3
test/6bba_05db0fb1.zarr/zarr.json,1258,2026-06-26 18:42:40.592000,3
train/44b6_0113de3b.geff/edges/ids/c/0/0,270,2026-06-26 18:30:54.351000,3
train/44b6_0113de3b.geff/edges/ids/zarr.json,634,2026-06-26 18:30:54.371000,3
train/44b6_0113de3b.geff/edges/props/zarr.json,99,2026-06-26 18:30:54.338000,3
train/44b6_0113de3b.geff/edges/zarr.json,99,2026-06-26 18:30:54.354000,3
train/44b6_0113de3b.geff/nodes/ids/c/0,259,2026-06-26 18:30:54.351000,3
train/44b6_0113de3b.geff/nodes/ids/zarr.json,616,2026-06-26 18:30:54.357000,3
train/44b6_0113de3b.geff/nodes/props/t/values/c/0,91,2026-06-26 18:30:54.338000,3
train/44b6_0113de3b.geff/nodes/props/t/values/zarr.json,615,2026-06-26 18:30:54.363000,3
train/44b6_0113de3b.geff/nodes/props/t/zarr.json,99,2026-06-26 18:30:54.343000,3
train/44b6_0113de3b.geff/nodes/props/x/values/c/0,138,2026-06-26 18:30:54.354000,3
train/44b6_0113de3b.geff/nodes/props/x/values/zarr.json,615,2026-06-26 18:30:54.341000,3
train/44b6_0113de3b.geff/nodes/props/x/zarr.json,99,2026-06-26 18:30:54.345000,3
train/44b6_0113de3b.geff/nodes/props/y/values/c/0,135,2026-06-26 18:30:54.345000,3
train/44b6_0113de3b.geff/nodes/props/y/values/zarr.json,615,2026-06-26 18:30:54.348000,3
train/44b6_0113de3b.geff/nodes/props/y/zarr.json,99,2026-06-26 18:30:54.350000,3
train/44b6_0113de3b.geff/nodes/props/z/values/c/0,120,2026-06-26 18:30:54.350000,3
train/44b6_0113de3b.geff/nodes/props/z/values/zarr.json,615,2026-06-26 18:30:54.374000,3
train/44b6_0113de3b.geff/nodes/props/z/zarr.json,99,2026-06-26 18:30:54.333000,3
train/44b6_0113de3b.geff/nodes/props/zarr.json,99,2026-06-26 18:30:54.356000,3
train/44b6_0113de3b.geff/nodes/zarr.json,99,2026-06-26 18:30:54.340000,3
train/44b6_0113de3b.geff/zarr.json,2102,2026-06-26 18:30:54.356000,3
train/44b6_0113de3b.zarr/0/c/0/0/0/0,4469062,2026-06-26 18:37:44.652000,3
train/44b6_0113de3b.zarr/0/c/1/0/0/0,4469190,2026-06-26 18:37:43.034000,3
train/44b6_0113de3b.zarr/0/c/10/0/0/0,4515445,2026-06-26 18:37:47.103000,3
train/44b6_0113de3b.zarr/0/c/11/0/0/0,4516058,2026-06-26 18:37:45.100000,3
train/44b6_0113de3b.zarr/0/c/12/0/0/0,4528017,2026-06-26 18:37:39.871000,3
train/44b6_0113de3b.zarr/0/c/13/0/0/0,4526084,2026-06-26 18:37:40.821000,3
train/44b6_0113de3b.zarr/0/c/14/0/0/0,4529726,2026-06-26 18:37:42.652000,3
train/44b6_0113de3b.zarr/0/c/15/0/0/0,4535215,2026-06-26 18:37:45.136000,3
train/44b6_0113de3b.zarr/0/c/16/0/0/0,4528055,2026-06-26 18:37:47.202000,3
train/44b6_0113de3b.zarr/0/c/17/0/0/0,4542855,2026-06-26 18:37:50.165000,3
train/44b6_0113de3b.zarr/0/c/18/0/0/0,4550184,2026-06-26 18:37:49.312000,3
train/44b6_0113de3b.zarr/0/c/19/0/0/0,4553492,2026-06-26 18:37:40.910000,3
train/44b6_0113de3b.zarr/0/c/2/0/0/0,4476621,2026-06-26 18:37:39.100000,3
train/44b6_0113de3b.zarr/0/c/20/0/0/0,4563882,2026-06-26 18:37:43.293000,3
train/44b6_0113de3b.zarr/0/c/21/0/0/0,4567445,2026-06-26 18:37:45.017000,3
train/44b6_0113de3b.zarr/0/c/22/0/0/0,4579719,2026-06-26 18:37:49.909000,3
train/44b6_0113de3b.zarr/0/c/23/0/0/0,4594410,2026-06-26 18:37:37.271000,3
train/44b6_0113de3b.zarr/0/c/24/0/0/0,4597636,2026-06-26 18:37:43.295000,3
train/44b6_0113de3b.zarr/0/c/25/0/0/0,4595113,2026-06-26 18:37:37.440000,3
train/44b6_0113de3b.zarr/0/c/26/0/0/0,4611850,2026-06-26 18:37:50.854000,3
train/44b6_0113de3b.zarr/0/c/27/0/0/0,4614647,2026-06-26 18:37:49,3
train/44b6_0113de3b.zarr/0/c/28/0/0/0,4604972,2026-06-26 18:37:48.403000,3
train/44b6_0113de3b.zarr/0/c/29/0/0/0,4613517,2026-06-26 18:37:39.293000,3
train/44b6_0113de3b.zarr/0/c/3/0/0/0,4483917,2026-06-26 18:37:43.415000,3
train/44b6_0113de3b.zarr/0/c/30/0/0/0,4624003,2026-06-26 18:37:42.043000,3
train/44b6_0113de3b.zarr/0/c/31/0/0/0,4648170,2026-06-26 18:37:49.759000,3
train/44b6_0113de3b.zarr/0/c/32/0/0/0,4647763,2026-06-26 18:37:47.770000,3
train/44b6_0113de3b.zarr/0/c/33/0/0/0,4635188,2026-06-26 18:37:38.859000,3
train/44b6_0113de3b.zarr/0/c/34/0/0/0,4636074,2026-06-26 18:37:40.664000,3
train/44b6_0113de3b.zarr/0/c/35/0/0/0,4625072,2026-06-26 18:37:39.367000,3
train/44b6_0113de3b.zarr/0/c/36/0/0/0,4631316,2026-06-26 18:37:45.634000,3
train/44b6_0113de3b.zarr/0/c/37/0/0/0,4638398,2026-06-26 18:37:48.929000,3
train/44b6_0113de3b.zarr/0/c/38/0/0/0,4635842,2026-06-26 18:37:48.552000,3
train/44b6_0113de3b.zarr/0/c/39/0/0/0,4639947,2026-06-26 18:37:41.925000,3
train/44b6_0113de3b.zarr/0/c/4/0/0/0,4484303,2026-06-26 18:37:41.319000,3
train/44b6_0113de3b.zarr/0/c/40/0/0/0,4634552,2026-06-26 18:37:37.694000,3
train/44b6_0113de3b.zarr/0/c/41/0/0/0,4641953,2026-06-26 18:37:42.426000,3
train/44b6_0113de3b.zarr/0/c/42/0/0/0,4619716,2026-06-26 18:37:44.337000,3
train/44b6_0113de3b.zarr/0/c/43/0/0/0,4637540,2026-06-26 18:37:50.467000,3
train/44b6_0113de3b.zarr/0/c/44/0/0/0,4647130,2026-06-26 18:37:46.431000,3
train/44b6_0113de3b.zarr/0/c/45/0/0/0,4641582,2026-06-26 18:37:40.511000,3
train/44b6_0113de3b.zarr/0/c/46/0/0/0,4635033,2026-06-26 18:37:39.519000,3
train/44b6_0113de3b.zarr/0/c/47/0/0/0,4636987,2026-06-26 18:37:42.137000,3
train/44b6_0113de3b.zarr/0/c/48/0/0/0,4649998,2026-06-26 18:37:36.972000,3
train/44b6_0113de3b.zarr/0/c/49/0/0/0,4645185,2026-06-26 18:37:38.984000,3
train/44b6_0113de3b.zarr/0/c/5/0/0/0,4480740,2026-06-26 18:37:49.129000,3
train/44b6_0113de3b.zarr/0/c/50/0/0/0,4645978,2026-06-26 18:37:44.218000,3
train/44b6_0113de3b.zarr/0/c/51/0/0/0,4640161,2026-06-26 18:37:43.940000,3
train/44b6_0113de3b.zarr/0/c/52/0/0/0,4637097,2026-06-26 18:37:45.804000,3
train/44b6_0113de3b.zarr/0/c/53/0/0/0,4644329,2026-06-26 18:37:48.062000,3
train/44b6_0113de3b.zarr/0/c/54/0/0/0,4638968,2026-06-26 18:37:46.186000,3
train/44b6_0113de3b.zarr/0/c/55/0/0/0,4646271,2026-06-26 18:37:47.685000,3
train/44b6_0113de3b.zarr/0/c/56/0/0/0,4644442,2026-06-26 18:37:45.237000,3
train/44b6_0113de3b.zarr/0/c/57/0/0/0,4626024,2026-06-26 18:37:45.888000,3
train/44b6_0113de3b.zarr/0/c/58/0/0/0,4624195,2026-06-26 18:37:48.200000,3
train/44b6_0113de3b.zarr/0/c/59/0/0/0,4609907,2026-06-26 18:37:41.110000,3
train/44b6_0113de3b.zarr/0/c/6/0/0/0,4485558,2026-06-26 18:37:46.775000,3
train/44b6_0113de3b.zarr/0/c/60/0/0/0,4615799,2026-06-26 18:37:50.676000,3
train/44b6_0113de3b.zarr/0/c/61/0/0/0,4622870,2026-06-26 18:37:38.609000,3
train/44b6_0113de3b.zarr/0/c/62/0/0/0,4618291,2026-06-26 18:37:48.363000,3
train/44b6_0113de3b.zarr/0/c/63/0/0/0,4619340,2026-06-26 18:37:43.823000,3
train/44b6_0113de3b.zarr/0/c/64/0/0/0,4616615,2026-06-26 18:37:37.133000,3
train/44b6_0113de3b.zarr/0/c/65/0/0/0,4626374,2026-06-26 18:37:48.698000,3
train/44b6_0113de3b.zarr/0/c/66/0/0/0,4616726,2026-06-26 18:37:38.207000,3
train/44b6_0113de3b.zarr/0/c/67/0/0/0,4622719,2026-06-26 18:37:45.377000,3
train/44b6_0113de3b.zarr/0/c/68/0/0/0,4615897,2026-06-26 18:37:46.698000,3
train/44b6_0113de3b.zarr/0/c/69/0/0/0,4608463,2026-06-26 18:37:40.708000,3
train/44b6_0113de3b.zarr/0/c/7/0/0/0,4497661,2026-06-26 18:37:45.089000,3
train/44b6_0113de3b.zarr/0/c/70/0/0/0,4610091,2026-06-26 18:37:41.568000,3
train/44b6_0113de3b.zarr/0/c/71/0/0/0,4612223,2026-06-26 18:37:41.784000,3
train/44b6_0113de3b.zarr/0/c/72/0/0/0,4607792,2026-06-26 18:37:42.526000,3
train/44b6_0113de3b.zarr/0/c/73/0/0/0,4593423,2026-06-26 18:37:38.036000,3
train/44b6_0113de3b.zarr/0/c/74/0/0/0,4580307,2026-06-26 18:37:46.211000,3
train/44b6_0113de3b.zarr/0/c/75/0/0/0,4575266,2026-06-26 18:37:42.292000,3
train/44b6_0113de3b.zarr/0/c/76/0/0/0,4564871,2026-06-26 18:37:40.010000,3
train/44b6_0113de3b.zarr/0/c/77/0/0/0,4565823,2026-06-26 18:37:37.591000,3
train/44b6_0113de3b.zarr/0/c/78/0/0/0,4568401,2026-06-26 18:37:39.728000,3
train/44b6_0113de3b.zarr/0/c/79/0/0/0,4569556,2026-06-26 18:37:47.470000,3
train/44b6_0113de3b.zarr/0/c/8/0/0/0,4502174,2026-06-26 18:37:41.800000,3
train/44b6_0113de3b.zarr/0/c/80/0/0/0,4544434,2026-06-26 18:37:47.608000,3
train/44b6_0113de3b.zarr/0/c/81/0/0/0,4538888,2026-06-26 18:37:49.659000,3
train/44b6_0113de3b.zarr/0/c/82/0/0/0,4536133,2026-06-26 18:37:49.504000,3
train/44b6_0113de3b.zarr/0/c/83/0/0/0,4530759,2026-06-26 18:37:44.035000,3
train/44b6_0113de3b.zarr/0/c/84/0/0/0,4531412,2026-06-26 18:37:41.429000,3
train/44b6_0113de3b.zarr/0/c/85/0/0/0,4516439,2026-06-26 18:37:47.267000,3
train/44b6_0113de3b.zarr/0/c/86/0/0/0,4523846,2026-06-26 18:37:45.653000,3
train/44b6_0113de3b.zarr/0/c/87/0/0/0,4519682,2026-06-26 18:37:46.938000,3
train/44b6_0113de3b.zarr/0/c/88/0/0/0,4489296,2026-06-26 18:37:47.554000,3
train/44b6_0113de3b.zarr/0/c/89/0/0/0,4477339,2026-06-26 18:37:40.348000,3
train/44b6_0113de3b.zarr/0/c/9/0/0/0,4509655,2026-06-26 18:37:42.296000,3
train/44b6_0113de3b.zarr/0/c/90/0/0/0,4472884,2026-06-26 18:37:46.833000,3
train/44b6_0113de3b.zarr/0/c/91/0/0/0,4459469,2026-06-26 18:37:46.920000,3
train/44b6_0113de3b.zarr/0/c/92/0/0/0,4452510,2026-06-26 18:37:47.951000,3
train/44b6_0113de3b.zarr/0/c/93/0/0/0,4460837,2026-06-26 18:37:37.911000,3
train/44b6_0113de3b.zarr/0/c/94/0/0/0,4440598,2026-06-26 18:37:49.233000,3
train/44b6_0113de3b.zarr/0/c/95/0/0/0,4432263,2026-06-26 18:37:40.265000,3
train/44b6_0113de3b.zarr/0/c/96/0/0/0,4416717,2026-06-26 18:37:38.719000,3
train/44b6_0113de3b.zarr/0/c/97/0/0/0,4388350,2026-06-26 18:37:46.754000,3
train/44b6_0113de3b.zarr/0/c/98/0/0/0,4380082,2026-06-26 18:37:43.603000,3
train/44b6_0113de3b.zarr/0/c/99/0/0/0,4376716,2026-06-26 18:37:43.092000,3
train/44b6_0113de3b.zarr/0/zarr.json,760,2026-06-26 18:37:50.755000,3
train/44b6_0113de3b.zarr/zarr.json,1279,2026-06-26 18:37:50.768000,3
train/44b6_0b24845f.geff/edges/ids/c/0/0,268,2026-06-26 18:16:00.538000,3
train/44b6_0b24845f.geff/edges/ids/zarr.json,634,2026-06-26 18:16:00.525000,3
train/44b6_0b24845f.geff/edges/props/zarr.json,99,2026-06-26 18:16:00.535000,3
train/44b6_0b24845f.geff/edges/zarr.json,99,2026-06-26 18:16:00.579000,3
train/44b6_0b24845f.geff/nodes/ids/c/0,240,2026-06-26 18:16:00.529000,3
train/44b6_0b24845f.geff/nodes/ids/zarr.json,616,2026-06-26 18:16:00.643000,3
train/44b6_0b24845f.geff/nodes/props/t/values/c/0,123,2026-06-26 18:16:00.549000,3
train/44b6_0b24845f.geff/nodes/props/t/values/zarr.json,615,2026-06-26 18:16:00.544000,3
train/44b6_0b24845f.geff/nodes/props/t/zarr.json,99,2026-06-26 18:16:00.528000,3
train/44b6_0b24845f.geff/nodes/props/x/values/c/0,135,2026-06-26 18:16:01.183000,3
train/44b6_0b24845f.geff/nodes/props/x/values/zarr.json,615,2026-06-26 18:16:00.511000,3
train/44b6_0b24845f.geff/nodes/props/x/zarr.json,99,2026-06-26 18:16:00.525000,3
train/44b6_0b24845f.geff/nodes/props/y/values/c/0,122,2026-06-26 18:16:00.545000,3
train/44b6_0b24845f.geff/nodes/props/y/values/zarr.json,615,2026-06-26 18:16:00.697000,3
train/44b6_0b24845f.geff/nodes/props/y/zarr.json,99,2026-06-26 18:16:00.518000,3
train/44b6_0b24845f.geff/nodes/props/z/values/c/0,123,2026-06-26 18:16:00.530000,3
train/44b6_0b24845f.geff/nodes/props/z/values/zarr.json,615,2026-06-26 18:16:00.528000,3
train/44b6_0b24845f.geff/nodes/props/z/zarr.json,99,2026-06-26 18:16:00.518000,3
train/44b6_0b24845f.geff/nodes/props/zarr.json,99,2026-06-26 18:16:00.578000,3
train/44b6_0b24845f.geff/nodes/zarr.json,99,2026-06-26 18:16:00.525000,3
train/44b6_0b24845f.geff/zarr.json,2105,2026-06-26 18:16:00.581000,3
train/44b6_0b24845f.zarr/0/c/0/0/0/0,5435762,2026-06-26 18:18:53.407000,3
train/44b6_0b24845f.zarr/0/c/1/0/0/0,5442330,2026-06-26 18:18:51.759000,3
train/44b6_0b24845f.zarr/0/c/10/0/0/0,5337708,2026-06-26 18:18:56.754000,3
train/44b6_0b24845f.zarr/0/c/11/0/0/0,5276333,2026-06-26 18:18:53.903000,3
train/44b6_0b24845f.zarr/0/c/12/0/0/0,5253008,2026-06-26 18:18:48.069000,3
train/44b6_0b24845f.zarr/0/c/13/0/0/0,5228637,2026-06-26 18:18:49.191000,3
train/44b6_0b24845f.zarr/0/c/14/0/0/0,5218024,2026-06-26 18:18:51.569000,3
train/44b6_0b24845f.zarr/0/c/15/0/0/0,5220017,2026-06-26 18:18:53.538000,3
train/44b6_0b24845f.zarr/0/c/16/0/0/0,5213485,2026-06-26 18:18:56.844000,3
train/44b6_0b24845f.zarr/0/c/17/0/0/0,5203898,2026-06-26 18:19:00.526000,3
train/44b6_0b24845f.zarr/0/c/18/0/0/0,5210824,2026-06-26 18:18:59.601000,3
train/44b6_0b24845f.zarr/0/c/19/0/0/0,5222769,2026-06-26 18:18:49.688000,3
train/44b6_0b24845f.zarr/0/c/2/0/0/0,5441770,2026-06-26 18:18:47.221000,3
train/44b6_0b24845f.zarr/0/c/20/0/0/0,5202781,2026-06-26 18:18:52.039000,3
train/44b6_0b24845f.zarr/0/c/21/0/0/0,5210656,2026-06-26 18:18:53.769000,3
train/44b6_0b24845f.zarr/0/c/22/0/0/0,5232630,2026-06-26 18:19:00.326000,3
train/44b6_0b24845f.zarr/0/c/23/0/0/0,5231886,2026-06-26 18:18:45.608000,3
train/44b6_0b24845f.zarr/0/c/24/0/0/0,5207550,2026-06-26 18:18:52.254000,3
train/44b6_0b24845f.zarr/0/c/25/0/0/0,5201660,2026-06-26 18:18:45.750000,3
train/44b6_0b24845f.zarr/0/c/26/0/0/0,5175452,2026-06-26 18:19:00.951000,3
train/44b6_0b24845f.zarr/0/c/27/0/0/0,5195421,2026-06-26 18:18:59.242000,3
train/44b6_0b24845f.zarr/0/c/28/0/0/0,5204833,2026-06-26 18:18:58.609000,3
train/44b6_0b24845f.zarr/0/c/29/0/0/0,5198913,2026-06-26 18:18:47.390000,3
train/44b6_0b24845f.zarr/0/c/3/0/0/0,5426161,2026-06-26 18:18:52.305000,3
train/44b6_0b24845f.zarr/0/c/30/0/0/0,5203597,2026-06-26 18:18:51.035000,3
train/44b6_0b24845f.zarr/0/c/31/0/0/0,5199658,2026-06-26 18:19:00.176000,3
train/44b6_0b24845f.zarr/0/c/32/0/0/0,5197478,2026-06-26 18:18:57.804000,3
train/44b6_0b24845f.zarr/0/c/33/0/0/0,5199638,2026-06-26 18:18:46.873000,3
train/44b6_0b24845f.zarr/0/c/34/0/0/0,5206932,2026-06-26 18:18:48.855000,3
train/44b6_0b24845f.zarr/0/c/35/0/0/0,5210609,2026-06-26 18:18:47.574000,3
train/44b6_0b24845f.zarr/0/c/36/0/0/0,5220877,2026-06-26 18:18:54.418000,3
train/44b6_0b24845f.zarr/0/c/37/0/0/0,5249338,2026-06-26 18:18:59.093000,3
train/44b6_0b24845f.zarr/0/c/38/0/0/0,5270714,2026-06-26 18:18:58.788000,3
train/44b6_0b24845f.zarr/0/c/39/0/0/0,5273272,2026-06-26 18:18:50.881000,3
train/44b6_0b24845f.zarr/0/c/4/0/0/0,5409142,2026-06-26 18:18:49.957000,3
train/44b6_0b24845f.zarr/0/c/40/0/0/0,5279388,2026-06-26 18:18:46.042000,3
train/44b6_0b24845f.zarr/0/c/41/0/0/0,5292509,2026-06-26 18:18:51.432000,3
train/44b6_0b24845f.zarr/0/c/42/0/0/0,5303145,2026-06-26 18:18:53.162000,3
train/44b6_0b24845f.zarr/0/c/43/0/0/0,5308022,2026-06-26 18:19:00.613000,3
train/44b6_0b24845f.zarr/0/c/44/0/0/0,5328681,2026-06-26 18:18:55.732000,3
train/44b6_0b24845f.zarr/0/c/45/0/0/0,5335494,2026-06-26 18:18:48.697000,3
train/44b6_0b24845f.zarr/0/c/46/0/0/0,5356486,2026-06-26 18:18:47.701000,3
train/44b6_0b24845f.zarr/0/c/47/0/0/0,5374733,2026-06-26 18:18:51.181000,3
train/44b6_0b24845f.zarr/0/c/48/0/0/0,5393947,2026-06-26 18:18:45.190000,3
train/44b6_0b24845f.zarr/0/c/49/0/0/0,5400854,2026-06-26 18:18:47.007000,3
train/44b6_0b24845f.zarr/0/c/5/0/0/0,5411834,2026-06-26 18:18:59.292000,3
train/44b6_0b24845f.zarr/0/c/50/0/0/0,5412417,2026-06-26 18:18:52.688000,3
train/44b6_0b24845f.zarr/0/c/51/0/0/0,5435884,2026-06-26 18:18:52.870000,4
train/44b6_0b24845f.zarr/0/c/52/0/0/0,5446671,2026-06-26 18:18:54.776000,4
train/44b6_0b24845f.zarr/0/c/53/0/0/0,5455452,2026-06-26 18:18:58.200000,4
train/44b6_0b24845f.zarr/0/c/54/0/0/0,5474894,2026-06-26 18:18:55.055000,4
train/44b6_0b24845f.zarr/0/c/55/0/0/0,5482877,2026-06-26 18:18:57.709000,4
train/44b6_0b24845f.zarr/0/c/56/0/0/0,5493877,2026-06-26 18:18:54.147000,4
train/44b6_0b24845f.zarr/0/c/57/0/0/0,5510973,2026-06-26 18:18:54.991000,4
train/44b6_0b24845f.zarr/0/c/58/0/0/0,5534323,2026-06-26 18:18:58.284000,4
train/44b6_0b24845f.zarr/0/c/59/0/0/0,5537986,2026-06-26 18:18:49.843000,4
train/44b6_0b24845f.zarr/0/c/6/0/0/0,5398236,2026-06-26 18:18:55.946000,4
train/44b6_0b24845f.zarr/0/c/60/0/0/0,5560743,2026-06-26 18:19:00.777000,4
train/44b6_0b24845f.zarr/0/c/61/0/0/0,5565450,2026-06-26 18:18:46.627000,4
train/44b6_0b24845f.zarr/0/c/62/0/0/0,5583439,2026-06-26 18:18:58.429000,4
train/44b6_0b24845f.zarr/0/c/63/0/0/0,5595865,2026-06-26 18:18:52.713000,4
train/44b6_0b24845f.zarr/0/c/64/0/0/0,5605883,2026-06-26 18:18:45.397000,4
train/44b6_0b24845f.zarr/0/c/65/0/0/0,5614684,2026-06-26 18:18:58.984000,4
train/44b6_0b24845f.zarr/0/c/66/0/0/0,5627291,2026-06-26 18:18:46.433000,4
train/44b6_0b24845f.zarr/0/c/67/0/0/0,5625952,2026-06-26 18:18:54.252000,4
train/44b6_0b24845f.zarr/0/c/68/0/0/0,5631800,2026-06-26 18:18:56.105000,4
train/44b6_0b24845f.zarr/0/c/69/0/0/0,5640768,2026-06-26 18:18:49.053000,4
train/44b6_0b24845f.zarr/0/c/7/0/0/0,5384853,2026-06-26 18:18:53.637000,4
train/44b6_0b24845f.zarr/0/c/70/0/0/0,5665607,2026-06-26 18:18:50.536000,4
train/44b6_0b24845f.zarr/0/c/71/0/0/0,5667869,2026-06-26 18:18:50.653000,4
train/44b6_0b24845f.zarr/0/c/72/0/0/0,5677471,2026-06-26 18:18:51.505000,4
train/44b6_0b24845f.zarr/0/c/73/0/0/0,5700692,2026-06-26 18:18:46.279000,4
train/44b6_0b24845f.zarr/0/c/74/0/0/0,5705117,2026-06-26 18:18:55.586000,4
train/44b6_0b24845f.zarr/0/c/75/0/0/0,5715476,2026-06-26 18:18:50.117000,4
train/44b6_0b24845f.zarr/0/c/76/0/0/0,5722366,2026-06-26 18:18:48.183000,4
train/44b6_0b24845f.zarr/0/c/77/0/0/0,5727513,2026-06-26 18:18:45.863000,4
train/44b6_0b24845f.zarr/0/c/78/0/0/0,5732716,2026-06-26 18:18:47.894000,4
train/44b6_0b24845f.zarr/0/c/79/0/0/0,5745372,2026-06-26 18:18:57.363000,4
train/44b6_0b24845f.zarr/0/c/8/0/0/0,5370985,2026-06-26 18:18:50.732000,4
train/44b6_0b24845f.zarr/0/c/80/0/0/0,5746890,2026-06-26 18:18:57.711000,4
train/44b6_0b24845f.zarr/0/c/81/0/0/0,5740651,2026-06-26 18:18:59.948000,4
train/44b6_0b24845f.zarr/0/c/82/0/0/0,5742279,2026-06-26 18:18:59.761000,4
train/44b6_0b24845f.zarr/0/c/83/0/0/0,5759200,2026-06-26 18:18:53.006000,4
train/44b6_0b24845f.zarr/0/c/84/0/0/0,5765656,2026-06-26 18:18:50.300000,4
train/44b6_0b24845f.zarr/0/c/85/0/0/0,5762459,2026-06-26 18:18:57.184000,4
train/44b6_0b24845f.zarr/0/c/86/0/0/0,5758652,2026-06-26 18:18:54.623000,4
train/44b6_0b24845f.zarr/0/c/87/0/0/0,5774647,2026-06-26 18:18:56.600000,4
train/44b6_0b24845f.zarr/0/c/88/0/0/0,5781647,2026-06-26 18:18:57.456000,4
train/44b6_0b24845f.zarr/0/c/89/0/0/0,5784953,2026-06-26 18:18:48.503000,4
train/44b6_0b24845f.zarr/0/c/9/0/0/0,5342982,2026-06-26 18:18:51.254000,4
train/44b6_0b24845f.zarr/0/c/90/0/0/0,5788974,2026-06-26 18:18:56.363000,4
train/44b6_0b24845f.zarr/0/c/91/0/0/0,5792088,2026-06-26 18:18:55.406000,4
train/44b6_0b24845f.zarr/0/c/92/0/0/0,5801439,2026-06-26 18:18:57.991000,4
train/44b6_0b24845f.zarr/0/c/93/0/0/0,5814231,2026-06-26 18:18:46.167000,4
train/44b6_0b24845f.zarr/0/c/94/0/0/0,5807321,2026-06-26 18:18:59.449000,4
train/44b6_0b24845f.zarr/0/c/95/0/0/0,5800767,2026-06-26 18:18:48.301000,4
train/44b6_0b24845f.zarr/0/c/96/0/0/0,5803983,2026-06-26 18:18:46.770000,4
train/44b6_0b24845f.zarr/0/c/97/0/0/0,5809640,2026-06-26 18:18:56.198000,4
train/44b6_0b24845f.zarr/0/c/98/0/0/0,5806464,2026-06-26 18:18:52.451000,4
train/44b6_0b24845f.zarr/0/c/99/0/0/0,5805502,2026-06-26 18:18:51.907000,4
train/44b6_0b24845f.zarr/0/zarr.json,760,2026-06-26 18:19:00.866000,4
train/44b6_0b24845f.zarr/zarr.json,1304,2026-06-26 18:19:00.876000,4
train/44b6_0c582fdc.geff/edges/ids/c/0/0,307,2026-06-26 18:05:06.474000,4
train/44b6_0c582fdc.geff/edges/ids/zarr.json,634,2026-06-26 18:05:06.458000,4
train/44b6_0c582fdc.geff/edges/props/zarr.json,99,2026-06-26 18:05:06.497000,4
train/44b6_0c582fdc.geff/edges/zarr.json,99,2026-06-26 18:05:06.537000,4
train/44b6_0c582fdc.geff/nodes/ids/c/0,320,2026-06-26 18:05:07.314000,4
train/44b6_0c582fdc.geff/nodes/ids/zarr.json,616,2026-06-26 18:05:06.469000,4
train/44b6_0c582fdc.geff/nodes/props/t/values/c/0,115,2026-06-26 18:05:06.451000,4
train/44b6_0c582fdc.geff/nodes/props/t/values/zarr.json,615,2026-06-26 18:05:07.113000,4
train/44b6_0c582fdc.geff/nodes/props/t/zarr.json,99,2026-06-26 18:05:06.449000,4
train/44b6_0c582fdc.geff/nodes/props/x/values/c/0,112,2026-06-26 18:05:06.447000,4
train/44b6_0c582fdc.geff/nodes/props/x/values/zarr.json,615,2026-06-26 18:05:06.458000,4
train/44b6_0c582fdc.geff/nodes/props/x/zarr.json,99,2026-06-26 18:05:06.481000,4
train/44b6_0c582fdc.geff/nodes/props/y/values/c/0,138,2026-06-26 18:05:06.454000,4
train/44b6_0c582fdc.geff/nodes/props/y/values/zarr.json,615,2026-06-26 18:05:06.485000,4
train/44b6_0c582fdc.geff/nodes/props/y/zarr.json,99,2026-06-26 18:05:06.440000,4
train/44b6_0c582fdc.geff/nodes/props/z/values/c/0,103,2026-06-26 18:05:06.428000,4
train/44b6_0c582fdc.geff/nodes/props/z/values/zarr.json,615,2026-06-26 18:05:06.445000,4
train/44b6_0c582fdc.geff/nodes/props/z/zarr.json,99,2026-06-26 18:05:06.467000,4
train/44b6_0c582fdc.geff/nodes/props/zarr.json,99,2026-06-26 18:05:06.521000,4
train/44b6_0c582fdc.geff/nodes/zarr.json,99,2026-06-26 18:05:06.435000,4
train/44b6_0c582fdc.geff/zarr.json,2103,2026-06-26 18:05:06.442000,4
train/44b6_0c582fdc.zarr/0/c/0/0/0/0,5133522,2026-06-26 18:14:43.325000,4
train/44b6_0c582fdc.zarr/0/c/1/0/0/0,5132203,2026-06-26 18:14:41.900000,4
train/44b6_0c582fdc.zarr/0/c/10/0/0/0,5135798,2026-06-26 18:14:46.334000,4
train/44b6_0c582fdc.zarr/0/c/11/0/0/0,5134451,2026-06-26 18:14:43.996000,4
train/44b6_0c582fdc.zarr/0/c/12/0/0/0,5137821,2026-06-26 18:14:38.598000,4
train/44b6_0c582fdc.zarr/0/c/13/0/0/0,5148154,2026-06-26 18:14:39.439000,4
train/44b6_0c582fdc.zarr/0/c/14/0/0/0,5146711,2026-06-26 18:14:41.661000,4
train/44b6_0c582fdc.zarr/0/c/15/0/0/0,5144766,2026-06-26 18:14:43.510000,4
train/44b6_0c582fdc.zarr/0/c/16/0/0/0,5150205,2026-06-26 18:14:46.503000,4
train/44b6_0c582fdc.zarr/0/c/17/0/0/0,5144672,2026-06-26 18:14:50.238000,4
train/44b6_0c582fdc.zarr/0/c/18/0/0/0,5145720,2026-06-26 18:14:49.463000,4
train/44b6_0c582fdc.zarr/0/c/19/0/0/0,5157424,2026-06-26 18:14:39.657000,4
train/44b6_0c582fdc.zarr/0/c/2/0/0/0,5122927,2026-06-26 18:14:37.812000,4
train/44b6_0c582fdc.zarr/0/c/20/0/0/0,5157965,2026-06-26 18:14:42.168000,4
train/44b6_0c582fdc.zarr/0/c/21/0/0/0,5171476,2026-06-26 18:14:43.823000,4
train/44b6_0c582fdc.zarr/0/c/22/0/0/0,5169892,2026-06-26 18:14:50.016000,4
train/44b6_0c582fdc.zarr/0/c/23/0/0/0,5171311,2026-06-26 18:14:36.511000,4
train/44b6_0c582fdc.zarr/0/c/24/0/0/0,5174876,2026-06-26 18:14:42.944000,4
train/44b6_0c582fdc.zarr/0/c/25/0/0/0,5175192,2026-06-26 18:14:36.715000,4
train/44b6_0c582fdc.zarr/0/c/26/0/0/0,5188791,2026-06-26 18:14:51.309000,4
train/44b6_0c582fdc.zarr/0/c/27/0/0/0,5190146,2026-06-26 18:14:48.920000,4
train/44b6_0c582fdc.zarr/0/c/28/0/0/0,5196297,2026-06-26 18:14:48.377000,4
train/44b6_0c582fdc.zarr/0/c/29/0/0/0,5203329,2026-06-26 18:14:37.985000,4
train/44b6_0c582fdc.zarr/0/c/3/0/0/0,5099972,2026-06-26 18:14:42.470000,4
train/44b6_0c582fdc.zarr/0/c/30/0/0/0,5204211,2026-06-26 18:14:40.928000,4
train/44b6_0c582fdc.zarr/0/c/31/0/0/0,5202804,2026-06-26 18:14:49.879000,4
train/44b6_0c582fdc.zarr/0/c/32/0/0/0,5196218,2026-06-26 18:14:47.634000,4
train/44b6_0c582fdc.zarr/0/c/33/0/0/0,5194072,2026-06-26 18:14:37.585000,4
train/44b6_0c582fdc.zarr/0/c/34/0/0/0,5188976,2026-06-26 18:14:39.202000,4
train/44b6_0c582fdc.zarr/0/c/35/0/0/0,5196610,2026-06-26 18:14:38.207000,4
train/44b6_0c582fdc.zarr/0/c/36/0/0/0,5193920,2026-06-26 18:14:44.446000,4
train/44b6_0c582fdc.zarr/0/c/37/0/0/0,5198113,2026-06-26 18:14:48.781000,4
train/44b6_0c582fdc.zarr/0/c/38/0/0/0,5196427,2026-06-26 18:14:48.500000,4
train/44b6_0c582fdc.zarr/0/c/39/0/0/0,5210094,2026-06-26 18:14:40.791000,4
train/44b6_0c582fdc.zarr/0/c/4/0/0/0,5102906,2026-06-26 18:14:39.836000,4
train/44b6_0c582fdc.zarr/0/c/40/0/0/0,5207294,2026-06-26 18:14:36.879000,4
train/44b6_0c582fdc.zarr/0/c/41/0/0/0,5208777,2026-06-26 18:14:41.549000,4
train/44b6_0c582fdc.zarr/0/c/42/0/0/0,5197770,2026-06-26 18:14:43.235000,4
train/44b6_0c582fdc.zarr/0/c/43/0/0/0,5198256,2026-06-26 18:14:50.314000,4
train/44b6_0c582fdc.zarr/0/c/44/0/0/0,5189414,2026-06-26 18:14:45.447000,4
train/44b6_0c582fdc.zarr/0/c/45/0/0/0,5190975,2026-06-26 18:14:39.112000,4
train/44b6_0c582fdc.zarr/0/c/46/0/0/0,5192771,2026-06-26 18:14:38.335000,4
train/44b6_0c582fdc.zarr/0/c/47/0/0/0,5191426,2026-06-26 18:14:41.052000,4
train/44b6_0c582fdc.zarr/0/c/48/0/0/0,5181913,2026-06-26 18:14:36.238000,4
train/44b6_0c582fdc.zarr/0/c/49/0/0/0,5184784,2026-06-26 18:14:37.671000,4
train/44b6_0c582fdc.zarr/0/c/5/0/0/0,5103948,2026-06-26 18:14:49.190000,4
train/44b6_0c582fdc.zarr/0/c/50/0/0/0,5162536,2026-06-26 18:14:42.725000,4
train/44b6_0c582fdc.zarr/0/c/51/0/0/0,5142524,2026-06-26 18:14:43.013000,4
train/44b6_0c582fdc.zarr/0/c/52/0/0/0,5124606,2026-06-26 18:14:44.692000,4
train/44b6_0c582fdc.zarr/0/c/53/0/0/0,5107312,2026-06-26 18:14:47.907000,4
train/44b6_0c582fdc.zarr/0/c/54/0/0/0,5096641,2026-06-26 18:14:44.991000,4
train/44b6_0c582fdc.zarr/0/c/55/0/0/0,5079130,2026-06-26 18:14:47.526000,4
train/44b6_0c582fdc.zarr/0/c/56/0/0/0,5072381,2026-06-26 18:14:44.146000,4
train/44b6_0c582fdc.zarr/0/c/57/0/0/0,5058872,2026-06-26 18:14:44.819000,4
train/44b6_0c582fdc.zarr/0/c/58/0/0/0,5048958,2026-06-26 18:14:48.026000,4
train/44b6_0c582fdc.zarr/0/c/59/0/0/0,5041523,2026-06-26 18:14:39.697000,4
train/44b6_0c582fdc.zarr/0/c/6/0/0/0,5119646,2026-06-26 18:14:45.648000,4
train/44b6_0c582fdc.zarr/0/c/60/0/0/0,5031593,2026-06-26 18:14:50.372000,4
train/44b6_0c582fdc.zarr/0/c/61/0/0/0,5032358,2026-06-26 18:14:37.346000,4
train/44b6_0c582fdc.zarr/0/c/62/0/0/0,5029242,2026-06-26 18:14:48.266000,4
train/44b6_0c582fdc.zarr/0/c/63/0/0/0,5022492,2026-06-26 18:14:42.875000,4
train/44b6_0c582fdc.zarr/0/c/64/0/0/0,5008522,2026-06-26 18:14:36.395000,4
train/44b6_0c582fdc.zarr/0/c/65/0/0/0,5000040,2026-06-26 18:14:48.660000,4
train/44b6_0c582fdc.zarr/0/c/66/0/0/0,4989676,2026-06-26 18:14:37.223000,4
train/44b6_0c582fdc.zarr/0/c/67/0/0/0,4975726,2026-06-26 18:14:44.241000,4
train/44b6_0c582fdc.zarr/0/c/68/0/0/0,4976103,2026-06-26 18:14:45.695000,4
train/44b6_0c582fdc.zarr/0/c/69/0/0/0,4955897,2026-06-26 18:14:39.282000,4
train/44b6_0c582fdc.zarr/0/c/7/0/0/0,5123636,2026-06-26 18:14:43.730000,4
train/44b6_0c582fdc.zarr/0/c/70/0/0/0,4946871,2026-06-26 18:14:40.219000,4
train/44b6_0c582fdc.zarr/0/c/71/0/0/0,4953976,2026-06-26 18:14:40.408000,4
train/44b6_0c582fdc.zarr/0/c/72/0/0/0,4958834,2026-06-26 18:14:41.634000,4
train/44b6_0c582fdc.zarr/0/c/73/0/0/0,4964409,2026-06-26 18:14:37.068000,4
train/44b6_0c582fdc.zarr/0/c/74/0/0/0,4962930,2026-06-26 18:14:45.350000,4
train/44b6_0c582fdc.zarr/0/c/75/0/0/0,4954699,2026-06-26 18:14:39.946000,4
train/44b6_0c582fdc.zarr/0/c/76/0/0/0,4940629,2026-06-26 18:14:38.651000,4
train/44b6_0c582fdc.zarr/0/c/77/0/0/0,4941659,2026-06-26 18:14:36.790000,4
train/44b6_0c582fdc.zarr/0/c/78/0/0/0,4925910,2026-06-26 18:14:38.455000,4
train/44b6_0c582fdc.zarr/0/c/79/0/0/0,4933958,2026-06-26 18:14:46.767000,4
train/44b6_0c582fdc.zarr/0/c/8/0/0/0,5122373,2026-06-26 18:14:40.570000,4
train/44b6_0c582fdc.zarr/0/c/80/0/0/0,4926094,2026-06-26 18:14:47.303000,4
train/44b6_0c582fdc.zarr/0/c/81/0/0/0,4912279,2026-06-26 18:14:49.654000,4
train/44b6_0c582fdc.zarr/0/c/82/0/0/0,4894683,2026-06-26 18:14:49.572000,4
train/44b6_0c582fdc.zarr/0/c/83/0/0/0,4881996,2026-06-26 18:14:43.114000,4
train/44b6_0c582fdc.zarr/0/c/84/0/0/0,4868893,2026-06-26 18:14:40.105000,4
train/44b6_0c582fdc.zarr/0/c/85/0/0/0,4856833,2026-06-26 18:14:46.631000,4
train/44b6_0c582fdc.zarr/0/c/86/0/0/0,4868199,2026-06-26 18:14:44.549000,4
train/44b6_0c582fdc.zarr/0/c/87/0/0/0,4873519,2026-06-26 18:14:46.191000,4
train/44b6_0c582fdc.zarr/0/c/88/0/0/0,4862139,2026-06-26 18:14:47.157000,4
train/44b6_0c582fdc.zarr/0/c/89/0/0/0,4848264,2026-06-26 18:14:38.965000,4
train/44b6_0c582fdc.zarr/0/c/9/0/0/0,5126519,2026-06-26 18:14:41.294000,4
train/44b6_0c582fdc.zarr/0/c/90/0/0/0,4849106,2026-06-26 18:14:45.980000,4
train/44b6_0c582fdc.zarr/0/c/91/0/0/0,4856613,2026-06-26 18:14:45.161000,4
train/44b6_0c582fdc.zarr/0/c/92/0/0/0,4857243,2026-06-26 18:14:47.754000,4
train/44b6_0c582fdc.zarr/0/c/93/0/0/0,4852538,2026-06-26 18:14:36.984000,4
train/44b6_0c582fdc.zarr/0/c/94/0/0/0,4845518,2026-06-26 18:14:49.371000,4
train/44b6_0c582fdc.zarr/0/c/95/0/0/0,4833186,2026-06-26 18:14:38.822000,4
train/44b6_0c582fdc.zarr/0/c/96/0/0/0,4842100,2026-06-26 18:14:37.409000,4
train/44b6_0c582fdc.zarr/0/c/97/0/0/0,4827507,2026-06-26 18:14:45.863000,4
train/44b6_0c582fdc.zarr/0/c/98/0/0/0,4825398,2026-06-26 18:14:42.591000,4
train/44b6_0c582fdc.zarr/0/c/99/0/0/0,4820659,2026-06-26 18:14:42.008000,4
train/44b6_0c582fdc.zarr/0/zarr.json,760,2026-06-26 18:14:50.458000,4
train/44b6_0c582fdc.zarr/zarr.json,1306,2026-06-26 18:14:50.465000,4
train/44b6_0db75fae.geff/edges/ids/c/0/0,674,2026-06-26 18:14:26.553000,4
train/44b6_0db75fae.geff/edges/ids/zarr.json,636,2026-06-26 18:14:26.554000,4
train/44b6_0db75fae.geff/edges/props/zarr.json,99,2026-06-26 18:14:26.572000,4
train/44b6_0db75fae.geff/edges/zarr.json,99,2026-06-26 18:14:26.625000,4
train/44b6_0db75fae.geff/nodes/ids/c/0,546,2026-06-26 18:14:26.553000,4
train/44b6_0db75fae.geff/nodes/ids/zarr.json,618,2026-06-26 18:14:26.580000,4
train/44b6_0db75fae.geff/nodes/props/t/values/c/0,142,2026-06-26 18:14:26.564000,4
train/44b6_0db75fae.geff/nodes/props/t/values/zarr.json,617,2026-06-26 18:14:26.562000,4
train/44b6_0db75fae.geff/nodes/props/t/zarr.json,99,2026-06-26 18:14:26.548000,4
train/44b6_0db75fae.geff/nodes/props/x/values/c/0,227,2026-06-26 18:14:26.553000,4
train/44b6_0db75fae.geff/nodes/props/x/values/zarr.json,617,2026-06-26 18:14:26.561000,4
train/44b6_0db75fae.geff/nodes/props/x/zarr.json,99,2026-06-26 18:14:26.550000,4
train/44b6_0db75fae.geff/nodes/props/y/values/c/0,190,2026-06-26 18:14:26.557000,4
train/44b6_0db75fae.geff/nodes/props/y/values/zarr.json,617,2026-06-26 18:14:26.548000,4
train/44b6_0db75fae.geff/nodes/props/y/zarr.json,99,2026-06-26 18:14:26.571000,4
train/44b6_0db75fae.geff/nodes/props/z/values/c/0,178,2026-06-26 18:14:26.545000,4
train/44b6_0db75fae.geff/nodes/props/z/values/zarr.json,617,2026-06-26 18:14:26.544000,4
train/44b6_0db75fae.geff/nodes/props/z/zarr.json,99,2026-06-26 18:14:26.554000,4
train/44b6_0db75fae.geff/nodes/props/zarr.json,99,2026-06-26 18:14:26.548000,4
train/44b6_0db75fae.geff/nodes/zarr.json,99,2026-06-26 18:14:26.573000,4
train/44b6_0db75fae.geff/zarr.json,2101,2026-06-26 18:14:26.556000,4
train/44b6_0db75fae.zarr/0/c/0/0/0/0,4320233,2026-06-26 18:32:19.581000,4
train/44b6_0db75fae.zarr/0/c/1/0/0/0,4329696,2026-06-26 18:32:18.110000,5
train/44b6_0db75fae.zarr/0/c/10/0/0/0,4435526,2026-06-26 18:32:21.813000,5
train/44b6_0db75fae.zarr/0/c/11/0/0/0,4449226,2026-06-26 18:32:20.627000,5
train/44b6_0db75fae.zarr/0/c/12/0/0/0,4451111,2026-06-26 18:32:15.345000,5
train/44b6_0db75fae.zarr/0/c/13/0/0/0,4457849,2026-06-26 18:32:16.028000,5
train/44b6_0db75fae.zarr/0/c/14/0/0/0,4450201,2026-06-26 18:32:17.999000,5
train/44b6_0db75fae.zarr/0/c/15/0/0/0,4433328,2026-06-26 18:32:19.688000,5
train/44b6_0db75fae.zarr/0/c/16/0/0/0,4383233,2026-06-26 18:32:22.507000,5
train/44b6_0db75fae.zarr/0/c/17/0/0/0,4280157,2026-06-26 18:32:24.718000,5
train/44b6_0db75fae.zarr/0/c/18/0/0/0,4392421,2026-06-26 18:32:24.161000,5
train/44b6_0db75fae.zarr/0/c/19/0/0/0,3622145,2026-06-26 18:32:16.088000,5
train/44b6_0db75fae.zarr/0/c/2/0/0/0,4372792,2026-06-26 18:32:14.677000,5
train/44b6_0db75fae.zarr/0/c/20/0/0/0,4331372,2026-06-26 18:32:18.280000,5
train/44b6_0db75fae.zarr/0/c/21/0/0/0,4381889,2026-06-26 18:32:20,5
train/44b6_0db75fae.zarr/0/c/22/0/0/0,4386816,2026-06-26 18:32:24.584000,5
train/44b6_0db75fae.zarr/0/c/23/0/0/0,4427032,2026-06-26 18:32:13.516000,5
train/44b6_0db75fae.zarr/0/c/24/0/0/0,4418337,2026-06-26 18:32:18.439000,5
train/44b6_0db75fae.zarr/0/c/25/0/0/0,4467658,2026-06-26 18:32:13.695000,5
train/44b6_0db75fae.zarr/0/c/26/0/0/0,4454907,2026-06-26 18:32:25.088000,5
train/44b6_0db75fae.zarr/0/c/27/0/0/0,4419999,2026-06-26 18:32:23.839000,5
train/44b6_0db75fae.zarr/0/c/28/0/0/0,4311671,2026-06-26 18:32:23.419000,5
train/44b6_0db75fae.zarr/0/c/29/0/0/0,4274127,2026-06-26 18:32:14.803000,5
train/44b6_0db75fae.zarr/0/c/3/0/0/0,4376123,2026-06-26 18:32:18.554000,5
train/44b6_0db75fae.zarr/0/c/30/0/0/0,4270506,2026-06-26 18:32:17.162000,5
train/44b6_0db75fae.zarr/0/c/31/0/0/0,4264643,2026-06-26 18:32:24.505000,5
train/44b6_0db75fae.zarr/0/c/32/0/0/0,4245796,2026-06-26 18:32:22.628000,5
train/44b6_0db75fae.zarr/0/c/33/0/0/0,4214745,2026-06-26 18:32:14.399000,5
train/44b6_0db75fae.zarr/0/c/34/0/0/0,4216812,2026-06-26 18:32:15.818000,5
train/44b6_0db75fae.zarr/0/c/35/0/0/0,4194741,2026-06-26 18:32:15.064000,5
train/44b6_0db75fae.zarr/0/c/36/0/0/0,4174086,2026-06-26 18:32:20.281000,5
train/44b6_0db75fae.zarr/0/c/37/0/0/0,4141327,2026-06-26 18:32:23.818000,5
train/44b6_0db75fae.zarr/0/c/38/0/0/0,4159936,2026-06-26 18:32:23.520000,5
train/44b6_0db75fae.zarr/0/c/39/0/0/0,4137309,2026-06-26 18:32:17.095000,5
train/44b6_0db75fae.zarr/0/c/4/0/0/0,4371647,2026-06-26 18:32:16.303000,5
train/44b6_0db75fae.zarr/0/c/40/0/0/0,4156298,2026-06-26 18:32:13.916000,5
train/44b6_0db75fae.zarr/0/c/41/0/0/0,4140282,2026-06-26 18:32:17.707000,5
train/44b6_0db75fae.zarr/0/c/42/0/0/0,4094480,2026-06-26 18:32:19.509000,5
train/44b6_0db75fae.zarr/0/c/43/0/0/0,4059538,2026-06-26 18:32:24.866000,5
train/44b6_0db75fae.zarr/0/c/44/0/0/0,4032644,2026-06-26 18:32:21.149000,5
train/44b6_0db75fae.zarr/0/c/45/0/0/0,4021426,2026-06-26 18:32:15.760000,5
train/44b6_0db75fae.zarr/0/c/46/0/0/0,3922268,2026-06-26 18:32:15.183000,5
train/44b6_0db75fae.zarr/0/c/47/0/0/0,3839939,2026-06-26 18:32:17.299000,5
train/44b6_0db75fae.zarr/0/c/48/0/0/0,3840284,2026-06-26 18:32:13.360000,5
train/44b6_0db75fae.zarr/0/c/49/0/0/0,3888564,2026-06-26 18:32:14.581000,5
train/44b6_0db75fae.zarr/0/c/5/0/0/0,4404931,2026-06-26 18:32:23.951000,5
train/44b6_0db75fae.zarr/0/c/50/0/0/0,3906479,2026-06-26 18:32:18.938000,5
train/44b6_0db75fae.zarr/0/c/51/0/0/0,3834039,2026-06-26 18:32:19.179000,5
train/44b6_0db75fae.zarr/0/c/52/0/0/0,3840913,2026-06-26 18:32:20.916000,5
train/44b6_0db75fae.zarr/0/c/53/0/0/0,3814296,2026-06-26 18:32:22.830000,5
train/44b6_0db75fae.zarr/0/c/54/0/0/0,3875924,2026-06-26 18:32:20.860000,5
train/44b6_0db75fae.zarr/0/c/55/0/0/0,3890989,2026-06-26 18:32:22.468000,5
train/44b6_0db75fae.zarr/0/c/56/0/0/0,3856678,2026-06-26 18:32:20.105000,5
train/44b6_0db75fae.zarr/0/c/57/0/0/0,3874617,2026-06-26 18:32:20.695000,5
train/44b6_0db75fae.zarr/0/c/58/0/0/0,3815612,2026-06-26 18:32:22.928000,5
train/44b6_0db75fae.zarr/0/c/59/0/0/0,3822852,2026-06-26 18:32:16.200000,5
train/44b6_0db75fae.zarr/0/c/6/0/0/0,4408762,2026-06-26 18:32:21.322000,5
train/44b6_0db75fae.zarr/0/c/60/0/0/0,3840010,2026-06-26 18:32:24.959000,5
train/44b6_0db75fae.zarr/0/c/61/0/0/0,3837492,2026-06-26 18:32:14.259000,5
train/44b6_0db75fae.zarr/0/c/62/0/0/0,3860821,2026-06-26 18:32:23.134000,5
train/44b6_0db75fae.zarr/0/c/63/0/0/0,3841667,2026-06-26 18:32:19.094000,5
train/44b6_0db75fae.zarr/0/c/64/0/0/0,3823675,2026-06-26 18:32:13.397000,5
train/44b6_0db75fae.zarr/0/c/65/0/0/0,3790584,2026-06-26 18:32:23.615000,5
train/44b6_0db75fae.zarr/0/c/66/0/0/0,3800235,2026-06-26 18:32:14.128000,5
train/44b6_0db75fae.zarr/0/c/67/0/0/0,3794246,2026-06-26 18:32:20.208000,5
train/44b6_0db75fae.zarr/0/c/68/0/0/0,3741300,2026-06-26 18:32:21.447000,5
train/44b6_0db75fae.zarr/0/c/69/0/0/0,3630944,2026-06-26 18:32:15.934000,5
train/44b6_0db75fae.zarr/0/c/7/0/0/0,4418524,2026-06-26 18:32:19.787000,5
train/44b6_0db75fae.zarr/0/c/70/0/0/0,3638801,2026-06-26 18:32:16.708000,5
train/44b6_0db75fae.zarr/0/c/71/0/0/0,3653944,2026-06-26 18:32:16.905000,5
train/44b6_0db75fae.zarr/0/c/72/0/0/0,3652356,2026-06-26 18:32:17.826000,5
train/44b6_0db75fae.zarr/0/c/73/0/0/0,3642148,2026-06-26 18:32:14.052000,5
train/44b6_0db75fae.zarr/0/c/74/0/0/0,3639835,2026-06-26 18:32:20.985000,5
train/44b6_0db75fae.zarr/0/c/75/0/0/0,3609588,2026-06-26 18:32:16.422000,5
train/44b6_0db75fae.zarr/0/c/76/0/0/0,3585352,2026-06-26 18:32:15.456000,5
train/44b6_0db75fae.zarr/0/c/77/0/0/0,3598970,2026-06-26 18:32:13.794000,5
train/44b6_0db75fae.zarr/0/c/78/0/0/0,3556692,2026-06-26 18:32:15.272000,5
train/44b6_0db75fae.zarr/0/c/79/0/0/0,3556225,2026-06-26 18:32:22.110000,5
train/44b6_0db75fae.zarr/0/c/8/0/0/0,4408082,2026-06-26 18:32:16.979000,5
train/44b6_0db75fae.zarr/0/c/80/0/0/0,3541521,2026-06-26 18:32:22.415000,5
train/44b6_0db75fae.zarr/0/c/81/0/0/0,3517398,2026-06-26 18:32:24.406000,5
train/44b6_0db75fae.zarr/0/c/82/0/0/0,3479075,2026-06-26 18:32:24.272000,5
train/44b6_0db75fae.zarr/0/c/83/0/0/0,3477225,2026-06-26 18:32:19.308000,5
train/44b6_0db75fae.zarr/0/c/84/0/0/0,3484287,2026-06-26 18:32:16.611000,5
train/44b6_0db75fae.zarr/0/c/85/0/0/0,3464971,2026-06-26 18:32:21.986000,5
train/44b6_0db75fae.zarr/0/c/86/0/0/0,3438949,2026-06-26 18:32:20.452000,5
train/44b6_0db75fae.zarr/0/c/87/0/0/0,3437073,2026-06-26 18:32:21.692000,5
train/44b6_0db75fae.zarr/0/c/88/0/0/0,3443170,2026-06-26 18:32:22.305000,5
train/44b6_0db75fae.zarr/0/c/89/0/0/0,3459668,2026-06-26 18:32:15.569000,5
train/44b6_0db75fae.zarr/0/c/9/0/0/0,4431299,2026-06-26 18:32:17.432000,5
train/44b6_0db75fae.zarr/0/c/90/0/0/0,3487376,2026-06-26 18:32:21.570000,5
train/44b6_0db75fae.zarr/0/c/91/0/0/0,3437701,2026-06-26 18:32:20.936000,5
train/44b6_0db75fae.zarr/0/c/92/0/0/0,3450130,2026-06-26 18:32:22.755000,5
train/44b6_0db75fae.zarr/0/c/93/0/0/0,3433462,2026-06-26 18:32:13.973000,5
train/44b6_0db75fae.zarr/0/c/94/0/0/0,3416153,2026-06-26 18:32:24.031000,5
train/44b6_0db75fae.zarr/0/c/95/0/0/0,3388279,2026-06-26 18:32:15.509000,5
train/44b6_0db75fae.zarr/0/c/96/0/0/0,3365460,2026-06-26 18:32:14.301000,5
train/44b6_0db75fae.zarr/0/c/97/0/0/0,3357814,2026-06-26 18:32:21.536000,5
train/44b6_0db75fae.zarr/0/c/98/0/0/0,3360590,2026-06-26 18:32:18.714000,5
train/44b6_0db75fae.zarr/0/c/99/0/0/0,3418731,2026-06-26 18:32:18.130000,5
train/44b6_0db75fae.zarr/0/zarr.json,760,2026-06-26 18:32:25.044000,5
train/44b6_0db75fae.zarr/zarr.json,1280,2026-06-26 18:32:25.052000,5
train/44b6_12dfb391.geff/edges/ids/c/0/0,2066,2026-06-26 18:08:44.760000,5
train/44b6_12dfb391.geff/edges/ids/zarr.json,636,2026-06-26 18:08:44.747000,5
train/44b6_12dfb391.geff/edges/props/zarr.json,99,2026-06-26 18:08:44.766000,5
train/44b6_12dfb391.geff/edges/zarr.json,99,2026-06-26 18:08:44.739000,5
train/44b6_12dfb391.geff/nodes/ids/c/0,1164,2026-06-26 18:08:44.735000,5
train/44b6_12dfb391.geff/nodes/ids/zarr.json,618,2026-06-26 18:08:44.771000,5
train/44b6_12dfb391.geff/nodes/props/t/values/c/0,208,2026-06-26 18:08:44.816000,5
train/44b6_12dfb391.geff/nodes/props/t/values/zarr.json,617,2026-06-26 18:08:44.731000,5
train/44b6_12dfb391.geff/nodes/props/t/zarr.json,99,2026-06-26 18:08:44.732000,5
train/44b6_12dfb391.geff/nodes/props/x/values/c/0,863,2026-06-26 18:08:44.766000,5
train/44b6_12dfb391.geff/nodes/props/x/values/zarr.json,617,2026-06-26 18:08:44.746000,5
train/44b6_12dfb391.geff/nodes/props/x/zarr.json,99,2026-06-26 18:08:44.737000,5
train/44b6_12dfb391.geff/nodes/props/y/values/c/0,913,2026-06-26 18:08:44.740000,5
train/44b6_12dfb391.geff/nodes/props/y/values/zarr.json,617,2026-06-26 18:08:44.743000,5
train/44b6_12dfb391.geff/nodes/props/y/zarr.json,99,2026-06-26 18:08:44.719000,5
train/44b6_12dfb391.geff/nodes/props/z/values/c/0,590,2026-06-26 18:08:44.747000,5
train/44b6_12dfb391.geff/nodes/props/z/values/zarr.json,617,2026-06-26 18:08:44.750000,5
train/44b6_12dfb391.geff/nodes/props/z/zarr.json,99,2026-06-26 18:08:44.771000,5
train/44b6_12dfb391.geff/nodes/props/zarr.json,99,2026-06-26 18:08:44.759000,5
train/44b6_12dfb391.geff/nodes/zarr.json,99,2026-06-26 18:08:44.759000,5
train/44b6_12dfb391.geff/zarr.json,2100,2026-06-26 18:08:44.735000,5
train/44b6_12dfb391.zarr/0/c/0/0/0/0,5056733,2026-06-26 18:23:52.053000,5
train/44b6_12dfb391.zarr/0/c/1/0/0/0,5054772,2026-06-26 18:23:50.362000,5
train/44b6_12dfb391.zarr/0/c/10/0/0/0,5105138,2026-06-26 18:23:55.422000,5
train/44b6_12dfb391.zarr/0/c/11/0/0/0,5108809,2026-06-26 18:23:52.792000,5
train/44b6_12dfb391.zarr/0/c/12/0/0/0,5119249,2026-06-26 18:23:46.919000,5
train/44b6_12dfb391.zarr/0/c/13/0/0/0,5110296,2026-06-26 18:23:48.150000,5
train/44b6_12dfb391.zarr/0/c/14/0/0/0,5114933,2026-06-26 18:23:50.276000,5
train/44b6_12dfb391.zarr/0/c/15/0/0/0,5116428,2026-06-26 18:23:52.240000,5
train/44b6_12dfb391.zarr/0/c/16/0/0/0,5119243,2026-06-26 18:23:55.498000,5
train/44b6_12dfb391.zarr/0/c/17/0/0/0,5136539,2026-06-26 18:23:58.911000,5
train/44b6_12dfb391.zarr/0/c/18/0/0/0,5151059,2026-06-26 18:23:58.087000,5
train/44b6_12dfb391.zarr/0/c/19/0/0/0,5151038,2026-06-26 18:23:48.291000,5
train/44b6_12dfb391.zarr/0/c/2/0/0/0,5059827,2026-06-26 18:23:46.138000,5
train/44b6_12dfb391.zarr/0/c/20/0/0/0,5154820,2026-06-26 18:23:50.685000,5
train/44b6_12dfb391.zarr/0/c/21/0/0/0,5157730,2026-06-26 18:23:52.711000,5
train/44b6_12dfb391.zarr/0/c/22/0/0/0,5169648,2026-06-26 18:23:58.700000,5
train/44b6_12dfb391.zarr/0/c/23/0/0/0,5175478,2026-06-26 18:23:44.566000,5
train/44b6_12dfb391.zarr/0/c/24/0/0/0,5175632,2026-06-26 18:23:50.786000,5
train/44b6_12dfb391.zarr/0/c/25/0/0/0,5178063,2026-06-26 18:23:44.749000,5
train/44b6_12dfb391.zarr/0/c/26/0/0/0,5189180,2026-06-26 18:23:59.520000,5
train/44b6_12dfb391.zarr/0/c/27/0/0/0,5193141,2026-06-26 18:23:57.735000,5
train/44b6_12dfb391.zarr/0/c/28/0/0/0,5198095,2026-06-26 18:23:57.185000,5
train/44b6_12dfb391.zarr/0/c/29/0/0/0,5205911,2026-06-26 18:23:46.306000,5
train/44b6_12dfb391.zarr/0/c/3/0/0/0,5073125,2026-06-26 18:23:51.041000,5
train/44b6_12dfb391.zarr/0/c/30/0/0/0,5216629,2026-06-26 18:23:49.551000,5
train/44b6_12dfb391.zarr/0/c/31/0/0/0,5211012,2026-06-26 18:23:58.588000,5
train/44b6_12dfb391.zarr/0/c/32/0/0/0,5220327,2026-06-26 18:23:56.344000,5
train/44b6_12dfb391.zarr/0/c/33/0/0/0,5232908,2026-06-26 18:23:45.904000,5
train/44b6_12dfb391.zarr/0/c/34/0/0/0,5230001,2026-06-26 18:23:47.847000,5
train/44b6_12dfb391.zarr/0/c/35/0/0/0,5234928,2026-06-26 18:23:46.479000,5
train/44b6_12dfb391.zarr/0/c/36/0/0/0,5242693,2026-06-26 18:23:53.505000,5
train/44b6_12dfb391.zarr/0/c/37/0/0/0,5253424,2026-06-26 18:23:57.607000,5
train/44b6_12dfb391.zarr/0/c/38/0/0/0,5250617,2026-06-26 18:23:57.317000,5
train/44b6_12dfb391.zarr/0/c/39/0/0/0,5248909,2026-06-26 18:23:49.409000,5
train/44b6_12dfb391.zarr/0/c/4/0/0/0,5072905,2026-06-26 18:23:48.611000,5
train/44b6_12dfb391.zarr/0/c/40/0/0/0,5263720,2026-06-26 18:23:45.023000,5
train/44b6_12dfb391.zarr/0/c/41/0/0/0,5262438,2026-06-26 18:23:49.925000,5
train/44b6_12dfb391.zarr/0/c/42/0/0/0,5266575,2026-06-26 18:23:51.948000,5
train/44b6_12dfb391.zarr/0/c/43/0/0/0,5260316,2026-06-26 18:23:59.039000,5
train/44b6_12dfb391.zarr/0/c/44/0/0/0,5268092,2026-06-26 18:23:54.551000,5
train/44b6_12dfb391.zarr/0/c/45/0/0/0,5267819,2026-06-26 18:23:47.453000,5
train/44b6_12dfb391.zarr/0/c/46/0/0/0,5287006,2026-06-26 18:23:46.668000,5
train/44b6_12dfb391.zarr/0/c/47/0/0/0,5281338,2026-06-26 18:23:49.631000,5
train/44b6_12dfb391.zarr/0/c/48/0/0/0,5293170,2026-06-26 18:23:44.334000,5
train/44b6_12dfb391.zarr/0/c/49/0/0/0,5292372,2026-06-26 18:23:45.933000,5
train/44b6_12dfb391.zarr/0/c/5/0/0/0,5073453,2026-06-26 18:23:57.808000,5
train/44b6_12dfb391.zarr/0/c/50/0/0/0,5290083,2026-06-26 18:23:51.411000,5
train/44b6_12dfb391.zarr/0/c/51/0/0/0,5293816,2026-06-26 18:23:51.696000,5
train/44b6_12dfb391.zarr/0/c/52/0/0/0,5300029,2026-06-26 18:23:53.818000,5
train/44b6_12dfb391.zarr/0/c/53/0/0/0,5306413,2026-06-26 18:23:56.671000,5
train/44b6_12dfb391.zarr/0/c/54/0/0/0,5318198,2026-06-26 18:23:54.086000,5
train/44b6_12dfb391.zarr/0/c/55/0/0/0,5330017,2026-06-26 18:23:56.150000,5
train/44b6_12dfb391.zarr/0/c/56/0/0/0,5345002,2026-06-26 18:23:52.954000,5
train/44b6_12dfb391.zarr/0/c/57/0/0/0,5345628,2026-06-26 18:23:54.020000,5
train/44b6_12dfb391.zarr/0/c/58/0/0/0,5351590,2026-06-26 18:23:56.827000,5
train/44b6_12dfb391.zarr/0/c/59/0/0/0,5362311,2026-06-26 18:23:48.345000,5
train/44b6_12dfb391.zarr/0/c/6/0/0/0,5090881,2026-06-26 18:23:54.677000,5
train/44b6_12dfb391.zarr/0/c/60/0/0/0,5350870,2026-06-26 18:23:59.207000,5
train/44b6_12dfb391.zarr/0/c/61/0/0/0,5361939,2026-06-26 18:23:45.644000,5
train/44b6_12dfb391.zarr/0/c/62/0/0/0,5352243,2026-06-26 18:23:57.039000,5
train/44b6_12dfb391.zarr/0/c/63/0/0/0,5366102,2026-06-26 18:23:51.512000,5
train/44b6_12dfb391.zarr/0/c/64/0/0/0,5363567,2026-06-26 18:23:44.430000,5
train/44b6_12dfb391.zarr/0/c/65/0/0/0,5371772,2026-06-26 18:23:57.421000,5
train/44b6_12dfb391.zarr/0/c/66/0/0/0,5373308,2026-06-26 18:23:45.461000,5
train/44b6_12dfb391.zarr/0/c/67/0/0/0,5371165,2026-06-26 18:23:53.243000,5
train/44b6_12dfb391.zarr/0/c/68/0/0/0,5371008,2026-06-26 18:23:54.853000,5
train/44b6_12dfb391.zarr/0/c/69/0/0/0,5390640,2026-06-26 18:23:48.005000,5
train/44b6_12dfb391.zarr/0/c/7/0/0/0,5086157,2026-06-26 18:23:52.482000,5
train/44b6_12dfb391.zarr/0/c/70/0/0/0,5386081,2026-06-26 18:23:49.012000,5
train/44b6_12dfb391.zarr/0/c/71/0/0/0,5395011,2026-06-26 18:23:49.139000,5
train/44b6_12dfb391.zarr/0/c/72/0/0/0,5395945,2026-06-26 18:23:50.127000,5
train/44b6_12dfb391.zarr/0/c/73/0/0/0,5402175,2026-06-26 18:23:45.402000,5
train/44b6_12dfb391.zarr/0/c/74/0/0/0,5407138,2026-06-26 18:23:54.413000,5
train/44b6_12dfb391.zarr/0/c/75/0/0/0,5413627,2026-06-26 18:23:48.655000,5
train/44b6_12dfb391.zarr/0/c/76/0/0/0,5419366,2026-06-26 18:23:46.992000,5
train/44b6_12dfb391.zarr/0/c/77/0/0/0,5428129,2026-06-26 18:23:44.890000,5
train/44b6_12dfb391.zarr/0/c/78/0/0/0,5434724,2026-06-26 18:23:46.701000,5
train/44b6_12dfb391.zarr/0/c/79/0/0/0,5446105,2026-06-26 18:23:55.798000,5
train/44b6_12dfb391.zarr/0/c/8/0/0/0,5098670,2026-06-26 18:23:49.222000,6
train/44b6_12dfb391.zarr/0/c/80/0/0/0,5442418,2026-06-26 18:23:56.102000,6
train/44b6_12dfb391.zarr/0/c/81/0/0/0,5449305,2026-06-26 18:23:58.555000,6
train/44b6_12dfb391.zarr/0/c/82/0/0/0,5447215,2026-06-26 18:23:58.264000,6
train/44b6_12dfb391.zarr/0/c/83/0/0/0,5451620,2026-06-26 18:23:51.797000,6
train/44b6_12dfb391.zarr/0/c/84/0/0/0,5457652,2026-06-26 18:23:48.860000,6
train/44b6_12dfb391.zarr/0/c/85/0/0/0,5466982,2026-06-26 18:23:55.666000,6
train/44b6_12dfb391.zarr/0/c/86/0/0/0,5459636,2026-06-26 18:23:53.667000,6
train/44b6_12dfb391.zarr/0/c/87/0/0/0,5476959,2026-06-26 18:23:55.260000,6
train/44b6_12dfb391.zarr/0/c/88/0/0/0,5473696,2026-06-26 18:23:55.881000,6
train/44b6_12dfb391.zarr/0/c/89/0/0/0,5467812,2026-06-26 18:23:47.334000,6
train/44b6_12dfb391.zarr/0/c/9/0/0/0,5099008,2026-06-26 18:23:49.761000,6
train/44b6_12dfb391.zarr/0/c/90/0/0/0,5467924,2026-06-26 18:23:55.113000,6
train/44b6_12dfb391.zarr/0/c/91/0/0/0,5476379,2026-06-26 18:23:54.259000,6
train/44b6_12dfb391.zarr/0/c/92/0/0/0,5481433,2026-06-26 18:23:56.511000,6
train/44b6_12dfb391.zarr/0/c/93/0/0/0,5491128,2026-06-26 18:23:45.213000,6
train/44b6_12dfb391.zarr/0/c/94/0/0/0,5501889,2026-06-26 18:23:57.958000,6
train/44b6_12dfb391.zarr/0/c/95/0/0/0,5503035,2026-06-26 18:23:47.207000,6
train/44b6_12dfb391.zarr/0/c/96/0/0/0,5505203,2026-06-26 18:23:45.734000,6
train/44b6_12dfb391.zarr/0/c/97/0/0/0,5498053,2026-06-26 18:23:55.067000,6
train/44b6_12dfb391.zarr/0/c/98/0/0/0,5500592,2026-06-26 18:23:51.242000,6
train/44b6_12dfb391.zarr/0/c/99/0/0/0,5498046,2026-06-26 18:23:50.480000,6
train/44b6_12dfb391.zarr/0/zarr.json,760,2026-06-26 18:23:59.479000,6
train/44b6_12dfb391.zarr/zarr.json,1282,2026-06-26 18:23:59.443000,6
train/44b6_144b256d.geff/edges/ids/c/0/0,517,2026-06-26 18:25:53.414000,6
train/44b6_144b256d.geff/edges/ids/zarr.json,636,2026-06-26 18:25:53.387000,6
train/44b6_144b256d.geff/edges/props/zarr.json,99,2026-06-26 18:25:53.399000,6
train/44b6_144b256d.geff/edges/zarr.json,99,2026-06-26 18:25:53.392000,6
train/44b6_144b256d.geff/nodes/ids/c/0,460,2026-06-26 18:25:53.442000,6
train/44b6_144b256d.geff/nodes/ids/zarr.json,618,2026-06-26 18:25:53.383000,6
train/44b6_144b256d.geff/nodes/props/t/values/c/0,149,2026-06-26 18:25:53.399000,6
train/44b6_144b256d.geff/nodes/props/t/values/zarr.json,617,2026-06-26 18:25:53.393000,6
train/44b6_144b256d.geff/nodes/props/t/zarr.json,99,2026-06-26 18:25:53.386000,6
train/44b6_144b256d.geff/nodes/props/x/values/c/0,130,2026-06-26 18:25:53.398000,6
train/44b6_144b256d.geff/nodes/props/x/values/zarr.json,617,2026-06-26 18:25:53.409000,6
train/44b6_144b256d.geff/nodes/props/x/zarr.json,99,2026-06-26 18:25:53.406000,6
train/44b6_144b256d.geff/nodes/props/y/values/c/0,121,2026-06-26 18:25:53.393000,6
train/44b6_144b256d.geff/nodes/props/y/values/zarr.json,617,2026-06-26 18:25:53.377000,6
train/44b6_144b256d.geff/nodes/props/y/zarr.json,99,2026-06-26 18:25:53.418000,6
train/44b6_144b256d.geff/nodes/props/z/values/c/0,137,2026-06-26 18:25:53.444000,6
train/44b6_144b256d.geff/nodes/props/z/values/zarr.json,617,2026-06-26 18:25:53.387000,6
train/44b6_144b256d.geff/nodes/props/z/zarr.json,99,2026-06-26 18:25:53.473000,6
train/44b6_144b256d.geff/nodes/props/zarr.json,99,2026-06-26 18:25:53.398000,6
train/44b6_144b256d.geff/nodes/zarr.json,99,2026-06-26 18:25:53.469000,6
train/44b6_144b256d.geff/zarr.json,2104,2026-06-26 18:25:53.446000,6
train/44b6_144b256d.zarr/0/c/0/0/0/0,5388531,2026-06-26 18:19:34.154000,6
train/44b6_144b256d.zarr/0/c/1/0/0/0,5394969,2026-06-26 18:19:33.341000,6
train/44b6_144b256d.zarr/0/c/10/0/0/0,5410464,2026-06-26 18:19:37.188000,6
train/44b6_144b256d.zarr/0/c/11/0/0/0,5412871,2026-06-26 18:19:34.716000,6
train/44b6_144b256d.zarr/0/c/12/0/0/0,5411639,2026-06-26 18:19:28.944000,6
train/44b6_144b256d.zarr/0/c/13/0/0/0,5408135,2026-06-26 18:19:30.226000,6
train/44b6_144b256d.zarr/0/c/14/0/0/0,5415200,2026-06-26 18:19:32.416000,6
train/44b6_144b256d.zarr/0/c/15/0/0/0,5415301,2026-06-26 18:19:34.327000,6
train/44b6_144b256d.zarr/0/c/16/0/0/0,5413044,2026-06-26 18:19:37.339000,6
train/44b6_144b256d.zarr/0/c/17/0/0/0,5412056,2026-06-26 18:19:41.205000,6
train/44b6_144b256d.zarr/0/c/18/0/0/0,5411836,2026-06-26 18:19:40.366000,6
train/44b6_144b256d.zarr/0/c/19/0/0/0,5416635,2026-06-26 18:19:30.586000,6
train/44b6_144b256d.zarr/0/c/2/0/0/0,5392817,2026-06-26 18:19:28.192000,6
train/44b6_144b256d.zarr/0/c/20/0/0/0,5418426,2026-06-26 18:19:32.864000,6
train/44b6_144b256d.zarr/0/c/21/0/0/0,5414616,2026-06-26 18:19:34.555000,6
train/44b6_144b256d.zarr/0/c/22/0/0/0,5421507,2026-06-26 18:19:40.979000,6
train/44b6_144b256d.zarr/0/c/23/0/0/0,5420082,2026-06-26 18:19:26.412000,6
train/44b6_144b256d.zarr/0/c/24/0/0/0,5418795,2026-06-26 18:19:33.035000,6
train/44b6_144b256d.zarr/0/c/25/0/0/0,5420364,2026-06-26 18:19:26.530000,6
train/44b6_144b256d.zarr/0/c/26/0/0/0,5425305,2026-06-26 18:19:41.566000,6
train/44b6_144b256d.zarr/0/c/27/0/0/0,5423690,2026-06-26 18:19:39.887000,6
train/44b6_144b256d.zarr/0/c/28/0/0/0,5432926,2026-06-26 18:19:39.266000,6
train/44b6_144b256d.zarr/0/c/29/0/0/0,5428618,2026-06-26 18:19:28.268000,6
train/44b6_144b256d.zarr/0/c/3/0/0/0,5388606,2026-06-26 18:19:33.121000,6
train/44b6_144b256d.zarr/0/c/30/0/0/0,5431609,2026-06-26 18:19:31.557000,6
train/44b6_144b256d.zarr/0/c/31/0/0/0,5433468,2026-06-26 18:19:40.859000,6
train/44b6_144b256d.zarr/0/c/32/0/0/0,5433970,2026-06-26 18:19:38.655000,6
train/44b6_144b256d.zarr/0/c/33/0/0/0,5433357,2026-06-26 18:19:27.901000,6
train/44b6_144b256d.zarr/0/c/34/0/0/0,5435421,2026-06-26 18:19:29.647000,6
train/44b6_144b256d.zarr/0/c/35/0/0/0,5433575,2026-06-26 18:19:28.609000,6
train/44b6_144b256d.zarr/0/c/36/0/0/0,5435747,2026-06-26 18:19:35.084000,6
train/44b6_144b256d.zarr/0/c/37/0/0/0,5436292,2026-06-26 18:19:39.787000,6
train/44b6_144b256d.zarr/0/c/38/0/0/0,5435941,2026-06-26 18:19:39.524000,6
train/44b6_144b256d.zarr/0/c/39/0/0/0,5437414,2026-06-26 18:19:31.310000,6
train/44b6_144b256d.zarr/0/c/4/0/0/0,5392814,2026-06-26 18:19:30.747000,6
train/44b6_144b256d.zarr/0/c/40/0/0/0,5438625,2026-06-26 18:19:26.772000,6
train/44b6_144b256d.zarr/0/c/41/0/0/0,5434563,2026-06-26 18:19:32.084000,6
train/44b6_144b256d.zarr/0/c/42/0/0/0,5433726,2026-06-26 18:19:33.974000,6
train/44b6_144b256d.zarr/0/c/43/0/0/0,5436321,2026-06-26 18:19:41.303000,6
train/44b6_144b256d.zarr/0/c/44/0/0/0,5449123,2026-06-26 18:19:36.146000,6
train/44b6_144b256d.zarr/0/c/45/0/0/0,5448029,2026-06-26 18:19:29.557000,6
train/44b6_144b256d.zarr/0/c/46/0/0/0,5450857,2026-06-26 18:19:30.306000,6
train/44b6_144b256d.zarr/0/c/47/0/0/0,5446423,2026-06-26 18:19:31.768000,6
train/44b6_144b256d.zarr/0/c/48/0/0/0,5448015,2026-06-26 18:19:26.282000,6
train/44b6_144b256d.zarr/0/c/49/0/0/0,5448976,2026-06-26 18:19:28.092000,6
train/44b6_144b256d.zarr/0/c/5/0/0/0,5398220,2026-06-26 18:19:40.117000,6
train/44b6_144b256d.zarr/0/c/50/0/0/0,5449102,2026-06-26 18:19:33.364000,6
train/44b6_144b256d.zarr/0/c/51/0/0/0,5451836,2026-06-26 18:19:33.713000,6
train/44b6_144b256d.zarr/0/c/52/0/0/0,5456395,2026-06-26 18:19:35.341000,6
train/44b6_144b256d.zarr/0/c/53/0/0/0,5452807,2026-06-26 18:19:38.892000,6
train/44b6_144b256d.zarr/0/c/54/0/0/0,5456195,2026-06-26 18:19:35.671000,6
train/44b6_144b256d.zarr/0/c/55/0/0/0,5455320,2026-06-26 18:19:38.458000,6
train/44b6_144b256d.zarr/0/c/56/0/0/0,5457256,2026-06-26 18:19:34.838000,6
train/44b6_144b256d.zarr/0/c/57/0/0/0,5463113,2026-06-26 18:19:35.504000,6
train/44b6_144b256d.zarr/0/c/58/0/0/0,5464696,2026-06-26 18:19:39.033000,6
train/44b6_144b256d.zarr/0/c/59/0/0/0,5461054,2026-06-26 18:19:30.323000,6
train/44b6_144b256d.zarr/0/c/6/0/0/0,5400527,2026-06-26 18:19:36.361000,6
train/44b6_144b256d.zarr/0/c/60/0/0/0,5463919,2026-06-26 18:19:41.391000,6
train/44b6_144b256d.zarr/0/c/61/0/0/0,5465711,2026-06-26 18:19:27.748000,6
train/44b6_144b256d.zarr/0/c/62/0/0/0,5472482,2026-06-26 18:19:39.151000,6
train/44b6_144b256d.zarr/0/c/63/0/0/0,5474415,2026-06-26 18:19:33.484000,6
train/44b6_144b256d.zarr/0/c/64/0/0/0,5466213,2026-06-26 18:19:26.263000,6
train/44b6_144b256d.zarr/0/c/65/0/0/0,5468592,2026-06-26 18:19:39.667000,6
train/44b6_144b256d.zarr/0/c/66/0/0/0,5468610,2026-06-26 18:19:27.491000,6
train/44b6_144b256d.zarr/0/c/67/0/0/0,5464981,2026-06-26 18:19:34.917000,6
train/44b6_144b256d.zarr/0/c/68/0/0/0,5463749,2026-06-26 18:19:36.537000,6
train/44b6_144b256d.zarr/0/c/69/0/0/0,5472139,2026-06-26 18:19:29.797000,6
train/44b6_144b256d.zarr/0/c/7/0/0/0,5403104,2026-06-26 18:19:34.431000,6
train/44b6_144b256d.zarr/0/c/70/0/0/0,5467810,2026-06-26 18:19:30.973000,6
train/44b6_144b256d.zarr/0/c/71/0/0/0,5467447,2026-06-26 18:19:31.033000,6
train/44b6_144b256d.zarr/0/c/72/0/0/0,5465510,2026-06-26 18:19:32.185000,6
train/44b6_144b256d.zarr/0/c/73/0/0/0,5465469,2026-06-26 18:19:27.065000,6
train/44b6_144b256d.zarr/0/c/74/0/0/0,5465466,2026-06-26 18:19:36.077000,6
train/44b6_144b256d.zarr/0/c/75/0/0/0,5452835,2026-06-26 18:19:30.610000,6
train/44b6_144b256d.zarr/0/c/76/0/0/0,5450396,2026-06-26 18:19:29.118000,6
train/44b6_144b256d.zarr/0/c/77/0/0/0,5452062,2026-06-26 18:19:26.646000,6
train/44b6_144b256d.zarr/0/c/78/0/0/0,5455530,2026-06-26 18:19:28.716000,6
train/44b6_144b256d.zarr/0/c/79/0/0/0,5453474,2026-06-26 18:19:38.009000,6
train/44b6_144b256d.zarr/0/c/8/0/0/0,5412627,2026-06-26 18:19:31.960000,6
train/44b6_144b256d.zarr/0/c/80/0/0/0,5457177,2026-06-26 18:19:38.325000,6
train/44b6_144b256d.zarr/0/c/81/0/0/0,5462762,2026-06-26 18:19:40.805000,6
train/44b6_144b256d.zarr/0/c/82/0/0/0,5460553,2026-06-26 18:19:40.491000,6
train/44b6_144b256d.zarr/0/c/83/0/0/0,5458231,2026-06-26 18:19:33.835000,6
train/44b6_144b256d.zarr/0/c/84/0/0/0,5463195,2026-06-26 18:19:30.740000,6
train/44b6_144b256d.zarr/0/c/85/0/0/0,5457263,2026-06-26 18:19:37.648000,6
train/44b6_144b256d.zarr/0/c/86/0/0/0,5456129,2026-06-26 18:19:35.133000,6
train/44b6_144b256d.zarr/0/c/87/0/0/0,5458230,2026-06-26 18:19:37.027000,6
train/44b6_144b256d.zarr/0/c/88/0/0/0,5461740,2026-06-26 18:19:38.189000,6
train/44b6_144b256d.zarr/0/c/89/0/0/0,5465871,2026-06-26 18:19:29.379000,6
train/44b6_144b256d.zarr/0/c/9/0/0/0,5406454,2026-06-26 18:19:31.996000,6
train/44b6_144b256d.zarr/0/c/90/0/0/0,5469191,2026-06-26 18:19:36.889000,6
train/44b6_144b256d.zarr/0/c/91/0/0/0,5466062,2026-06-26 18:19:35.879000,6
train/44b6_144b256d.zarr/0/c/92/0/0/0,5463456,2026-06-26 18:19:38.751000,6
train/44b6_144b256d.zarr/0/c/93/0/0/0,5468990,2026-06-26 18:19:26.945000,6
train/44b6_144b256d.zarr/0/c/94/0/0/0,5480302,2026-06-26 18:19:40.209000,6
train/44b6_144b256d.zarr/0/c/95/0/0/0,5487601,2026-06-26 18:19:29.220000,6
train/44b6_144b256d.zarr/0/c/96/0/0/0,5475108,2026-06-26 18:19:27.783000,6
train/44b6_144b256d.zarr/0/c/97/0/0/0,5486659,2026-06-26 18:19:36.717000,6
train/44b6_144b256d.zarr/0/c/98/0/0/0,5489964,2026-06-26 18:19:33.352000,6
train/44b6_144b256d.zarr/0/c/99/0/0/0,5488814,2026-06-26 18:19:32.644000,6
train/44b6_144b256d.zarr/0/zarr.json,760,2026-06-26 18:19:41.512000,6
train/44b6_144b256d.zarr/zarr.json,1268,2026-06-26 18:19:41.475000,6
train/44b6_1574802b.geff/edges/ids/c/0/0,665,2026-06-26 18:24:11.662000,6
train/44b6_1574802b.geff/edges/ids/zarr.json,636,2026-06-26 18:24:11.757000,6
train/44b6_1574802b.geff/edges/props/zarr.json,99,2026-06-26 18:24:11.601000,6
train/44b6_1574802b.geff/edges/zarr.json,99,2026-06-26 18:24:11.671000,6
train/44b6_1574802b.geff/nodes/ids/c/0,546,2026-06-26 18:24:11.603000,6
train/44b6_1574802b.geff/nodes/ids/zarr.json,618,2026-06-26 18:24:11.600000,6
train/44b6_1574802b.geff/nodes/props/t/values/c/0,156,2026-06-26 18:24:11.595000,6
train/44b6_1574802b.geff/nodes/props/t/values/zarr.json,617,2026-06-26 18:24:11.611000,6
train/44b6_1574802b.geff/nodes/props/t/zarr.json,99,2026-06-26 18:24:11.607000,6
train/44b6_1574802b.geff/nodes/props/x/values/c/0,219,2026-06-26 18:24:11.609000,6
train/44b6_1574802b.geff/nodes/props/x/values/zarr.json,617,2026-06-26 18:24:11.609000,6
train/44b6_1574802b.geff/nodes/props/x/zarr.json,99,2026-06-26 18:24:11.602000,6
train/44b6_1574802b.geff/nodes/props/y/values/c/0,167,2026-06-26 18:24:11.615000,6
train/44b6_1574802b.geff/nodes/props/y/values/zarr.json,617,2026-06-26 18:24:11.605000,6
train/44b6_1574802b.geff/nodes/props/y/zarr.json,99,2026-06-26 18:24:11.634000,6
train/44b6_1574802b.geff/nodes/props/z/values/c/0,179,2026-06-26 18:24:11.681000,6
train/44b6_1574802b.geff/nodes/props/z/values/zarr.json,617,2026-06-26 18:24:11.602000,6
train/44b6_1574802b.geff/nodes/props/z/zarr.json,99,2026-06-26 18:24:11.618000,6
train/44b6_1574802b.geff/nodes/props/zarr.json,99,2026-06-26 18:24:11.726000,6
train/44b6_1574802b.geff/nodes/zarr.json,99,2026-06-26 18:24:11.614000,6
train/44b6_1574802b.geff/zarr.json,2101,2026-06-26 18:24:11.681000,6
train/44b6_1574802b.zarr/0/c/0/0/0/0,4352398,2026-06-26 18:12:24.422000,6
train/44b6_1574802b.zarr/0/c/1/0/0/0,4343086,2026-06-26 18:12:23.023000,6
train/44b6_1574802b.zarr/0/c/10/0/0/0,4327772,2026-06-26 18:12:26.748000,6
train/44b6_1574802b.zarr/0/c/11/0/0/0,4331593,2026-06-26 18:12:24.837000,6
train/44b6_1574802b.zarr/0/c/12/0/0/0,4330149,2026-06-26 18:12:20.032000,6
train/44b6_1574802b.zarr/0/c/13/0/0/0,4327813,2026-06-26 18:12:21.222000,6
train/44b6_1574802b.zarr/0/c/14/0/0/0,4318817,2026-06-26 18:12:22.875000,6
train/44b6_1574802b.zarr/0/c/15/0/0/0,4317353,2026-06-26 18:12:24.440000,6
train/44b6_1574802b.zarr/0/c/16/0/0/0,4312899,2026-06-26 18:12:26.824000,6
train/44b6_1574802b.zarr/0/c/17/0/0/0,4306305,2026-06-26 18:12:29.340000,6
train/44b6_1574802b.zarr/0/c/18/0/0/0,4311340,2026-06-26 18:12:28.866000,6
train/44b6_1574802b.zarr/0/c/19/0/0/0,4300401,2026-06-26 18:12:21.294000,6
train/44b6_1574802b.zarr/0/c/2/0/0/0,4341085,2026-06-26 18:12:19.414000,6
train/44b6_1574802b.zarr/0/c/20/0/0/0,4299566,2026-06-26 18:12:23.322000,6
train/44b6_1574802b.zarr/0/c/21/0/0/0,4298954,2026-06-26 18:12:24.714000,6
train/44b6_1574802b.zarr/0/c/22/0/0/0,4286901,2026-06-26 18:12:29.183000,6
train/44b6_1574802b.zarr/0/c/23/0/0/0,4273888,2026-06-26 18:12:18.112000,6
train/44b6_1574802b.zarr/0/c/24/0/0/0,4259390,2026-06-26 18:12:23.367000,6
train/44b6_1574802b.zarr/0/c/25/0/0/0,4258536,2026-06-26 18:12:18.226000,6
train/44b6_1574802b.zarr/0/c/26/0/0/0,4257336,2026-06-26 18:12:29.745000,6
train/44b6_1574802b.zarr/0/c/27/0/0/0,4240713,2026-06-26 18:12:28.492000,6
train/44b6_1574802b.zarr/0/c/28/0/0/0,4229472,2026-06-26 18:12:28.039000,6
train/44b6_1574802b.zarr/0/c/29/0/0/0,4215553,2026-06-26 18:12:19.574000,6
train/44b6_1574802b.zarr/0/c/3/0/0/0,4340338,2026-06-26 18:12:23.525000,6
train/44b6_1574802b.zarr/0/c/30/0/0/0,4214982,2026-06-26 18:12:22.294000,6
train/44b6_1574802b.zarr/0/c/31/0/0/0,4195397,2026-06-26 18:12:29.139000,6
train/44b6_1574802b.zarr/0/c/32/0/0/0,4187357,2026-06-26 18:12:27.476000,6
train/44b6_1574802b.zarr/0/c/33/0/0/0,4169305,2026-06-26 18:12:19.158000,6
train/44b6_1574802b.zarr/0/c/34/0/0/0,4163337,2026-06-26 18:12:20.944000,6
train/44b6_1574802b.zarr/0/c/35/0/0/0,4162791,2026-06-26 18:12:19.633000,6
train/44b6_1574802b.zarr/0/c/36/0/0/0,4142016,2026-06-26 18:12:25.128000,6
train/44b6_1574802b.zarr/0/c/37/0/0/0,4122414,2026-06-26 18:12:28.301000,6
train/44b6_1574802b.zarr/0/c/38/0/0/0,4110385,2026-06-26 18:12:28.145000,7
train/44b6_1574802b.zarr/0/c/39/0/0/0,4110117,2026-06-26 18:12:22.235000,7
train/44b6_1574802b.zarr/0/c/4/0/0/0,4346259,2026-06-26 18:12:21.556000,7
train/44b6_1574802b.zarr/0/c/40/0/0/0,4107244,2026-06-26 18:12:18.465000,7
train/44b6_1574802b.zarr/0/c/41/0/0/0,4088746,2026-06-26 18:12:22.680000,7
train/44b6_1574802b.zarr/0/c/42/0/0/0,4078363,2026-06-26 18:12:24.265000,7
train/44b6_1574802b.zarr/0/c/43/0/0/0,4066381,2026-06-26 18:12:29.472000,7
train/44b6_1574802b.zarr/0/c/44/0/0/0,4041988,2026-06-26 18:12:25.951000,7
train/44b6_1574802b.zarr/0/c/45/0/0/0,4035150,2026-06-26 18:12:20.762000,7
train/44b6_1574802b.zarr/0/c/46/0/0/0,4022170,2026-06-26 18:12:19.736000,7
train/44b6_1574802b.zarr/0/c/47/0/0/0,4003973,2026-06-26 18:12:22.402000,7
train/44b6_1574802b.zarr/0/c/48/0/0/0,3999511,2026-06-26 18:12:17.887000,7
train/44b6_1574802b.zarr/0/c/49/0/0/0,4000521,2026-06-26 18:12:19.305000,7
train/44b6_1574802b.zarr/0/c/5/0/0/0,4336816,2026-06-26 18:12:28.572000,7
train/44b6_1574802b.zarr/0/c/50/0/0/0,3984290,2026-06-26 18:12:23.811000,7
train/44b6_1574802b.zarr/0/c/51/0/0/0,3976375,2026-06-26 18:12:24.043000,7
train/44b6_1574802b.zarr/0/c/52/0/0/0,3956490,2026-06-26 18:12:25.393000,7
train/44b6_1574802b.zarr/0/c/53/0/0/0,3948625,2026-06-26 18:12:27.613000,7
train/44b6_1574802b.zarr/0/c/54/0/0/0,3924972,2026-06-26 18:12:25.644000,7
train/44b6_1574802b.zarr/0/c/55/0/0/0,3919660,2026-06-26 18:12:27.378000,7
train/44b6_1574802b.zarr/0/c/56/0/0/0,3899796,2026-06-26 18:12:24.976000,7
train/44b6_1574802b.zarr/0/c/57/0/0/0,3851447,2026-06-26 18:12:25.509000,7
train/44b6_1574802b.zarr/0/c/58/0/0/0,3840338,2026-06-26 18:12:27.767000,7
train/44b6_1574802b.zarr/0/c/59/0/0/0,3842034,2026-06-26 18:12:21.429000,7
train/44b6_1574802b.zarr/0/c/6/0/0/0,4341623,2026-06-26 18:12:26.110000,7
train/44b6_1574802b.zarr/0/c/60/0/0/0,3831970,2026-06-26 18:12:29.614000,7
train/44b6_1574802b.zarr/0/c/61/0/0/0,3831963,2026-06-26 18:12:19.072000,7
train/44b6_1574802b.zarr/0/c/62/0/0/0,3835011,2026-06-26 18:12:27.919000,7
train/44b6_1574802b.zarr/0/c/63/0/0/0,3821098,2026-06-26 18:12:23.933000,7
train/44b6_1574802b.zarr/0/c/64/0/0/0,3807392,2026-06-26 18:12:17.978000,7
train/44b6_1574802b.zarr/0/c/65/0/0/0,3795202,2026-06-26 18:12:28.206000,7
train/44b6_1574802b.zarr/0/c/66/0/0/0,3791624,2026-06-26 18:12:18.764000,7
train/44b6_1574802b.zarr/0/c/67/0/0/0,3773184,2026-06-26 18:12:25.025000,7
train/44b6_1574802b.zarr/0/c/68/0/0/0,3765470,2026-06-26 18:12:26.326000,7
train/44b6_1574802b.zarr/0/c/69/0/0/0,3762374,2026-06-26 18:12:21.094000,7
train/44b6_1574802b.zarr/0/c/7/0/0/0,4344157,2026-06-26 18:12:24.600000,7
train/44b6_1574802b.zarr/0/c/70/0/0/0,3751871,2026-06-26 18:12:21.917000,7
train/44b6_1574802b.zarr/0/c/71/0/0/0,3760954,2026-06-26 18:12:21.990000,7
train/44b6_1574802b.zarr/0/c/72/0/0/0,3744312,2026-06-26 18:12:22.731000,7
train/44b6_1574802b.zarr/0/c/73/0/0/0,3747975,2026-06-26 18:12:18.653000,7
train/44b6_1574802b.zarr/0/c/74/0/0/0,3750190,2026-06-26 18:12:25.862000,7
train/44b6_1574802b.zarr/0/c/75/0/0/0,3740568,2026-06-26 18:12:21.714000,7
train/44b6_1574802b.zarr/0/c/76/0/0/0,3740829,2026-06-26 18:12:20.243000,7
train/44b6_1574802b.zarr/0/c/77/0/0/0,3739211,2026-06-26 18:12:18.388000,7
train/44b6_1574802b.zarr/0/c/78/0/0/0,3731905,2026-06-26 18:12:19.886000,7
train/44b6_1574802b.zarr/0/c/79/0/0/0,3722973,2026-06-26 18:12:27.118000,7
train/44b6_1574802b.zarr/0/c/8/0/0/0,4345797,2026-06-26 18:12:22.121000,7
train/44b6_1574802b.zarr/0/c/80/0/0/0,3715865,2026-06-26 18:12:27.205000,7
train/44b6_1574802b.zarr/0/c/81/0/0/0,3705146,2026-06-26 18:12:28.985000,7
train/44b6_1574802b.zarr/0/c/82/0/0/0,3697788,2026-06-26 18:12:28.951000,7
train/44b6_1574802b.zarr/0/c/83/0/0/0,3684666,2026-06-26 18:12:24.207000,7
train/44b6_1574802b.zarr/0/c/84/0/0/0,3678856,2026-06-26 18:12:21.775000,7
train/44b6_1574802b.zarr/0/c/85/0/0/0,3672640,2026-06-26 18:12:26.964000,7
train/44b6_1574802b.zarr/0/c/86/0/0/0,3662750,2026-06-26 18:12:25.201000,7
train/44b6_1574802b.zarr/0/c/87/0/0/0,3661334,2026-06-26 18:12:26.662000,7
train/44b6_1574802b.zarr/0/c/88/0/0/0,3647164,2026-06-26 18:12:27.125000,7
train/44b6_1574802b.zarr/0/c/89/0/0/0,3634793,2026-06-26 18:12:20.711000,7
train/44b6_1574802b.zarr/0/c/9/0/0/0,4330287,2026-06-26 18:12:22.613000,7
train/44b6_1574802b.zarr/0/c/90/0/0/0,3620664,2026-06-26 18:12:26.564000,7
train/44b6_1574802b.zarr/0/c/91/0/0/0,3614730,2026-06-26 18:12:25.736000,7
train/44b6_1574802b.zarr/0/c/92/0/0/0,3602837,2026-06-26 18:12:27.568000,7
train/44b6_1574802b.zarr/0/c/93/0/0/0,3606980,2026-06-26 18:12:18.605000,7
train/44b6_1574802b.zarr/0/c/94/0/0/0,3604204,2026-06-26 18:12:28.641000,7
train/44b6_1574802b.zarr/0/c/95/0/0/0,3594860,2026-06-26 18:12:20.317000,7
train/44b6_1574802b.zarr/0/c/96/0/0/0,3583888,2026-06-26 18:12:19.037000,7
train/44b6_1574802b.zarr/0/c/97/0/0/0,3582599,2026-06-26 18:12:26.439000,7
train/44b6_1574802b.zarr/0/c/98/0/0/0,3574909,2026-06-26 18:12:23.686000,7
train/44b6_1574802b.zarr/0/c/99/0/0/0,3580278,2026-06-26 18:12:23.101000,7
train/44b6_1574802b.zarr/0/zarr.json,760,2026-06-26 18:12:29.673000,7
train/44b6_1574802b.zarr/zarr.json,1278,2026-06-26 18:12:29.669000,7
train/44b6_18ced818.geff/edges/ids/c/0/0,385,2026-06-26 18:02:05.121000,7
train/44b6_18ced818.geff/edges/ids/zarr.json,634,2026-06-26 18:02:05.075000,7
train/44b6_18ced818.geff/edges/props/zarr.json,99,2026-06-26 18:02:05.099000,7
train/44b6_18ced818.geff/edges/zarr.json,99,2026-06-26 18:02:05.091000,7
train/44b6_18ced818.geff/nodes/ids/c/0,386,2026-06-26 18:02:05.080000,7
train/44b6_18ced818.geff/nodes/ids/zarr.json,618,2026-06-26 18:02:05.075000,7
train/44b6_18ced818.geff/nodes/props/t/values/c/0,147,2026-06-26 18:02:05.079000,7
train/44b6_18ced818.geff/nodes/props/t/values/zarr.json,617,2026-06-26 18:02:05.123000,7
train/44b6_18ced818.geff/nodes/props/t/zarr.json,99,2026-06-26 18:02:05.112000,7
train/44b6_18ced818.geff/nodes/props/x/values/c/0,156,2026-06-26 18:02:05.083000,7
train/44b6_18ced818.geff/nodes/props/x/values/zarr.json,617,2026-06-26 18:02:05.091000,7
train/44b6_18ced818.geff/nodes/props/x/zarr.json,99,2026-06-26 18:02:05.073000,7
train/44b6_18ced818.geff/nodes/props/y/values/c/0,155,2026-06-26 18:02:05.125000,7
train/44b6_18ced818.geff/nodes/props/y/values/zarr.json,617,2026-06-26 18:02:05.069000,7
train/44b6_18ced818.geff/nodes/props/y/zarr.json,99,2026-06-26 18:02:05.104000,7
train/44b6_18ced818.geff/nodes/props/z/values/c/0,122,2026-06-26 18:02:05.092000,7
train/44b6_18ced818.geff/nodes/props/z/values/zarr.json,617,2026-06-26 18:02:05.080000,7
train/44b6_18ced818.geff/nodes/props/z/zarr.json,99,2026-06-26 18:02:05.076000,7
train/44b6_18ced818.geff/nodes/props/zarr.json,99,2026-06-26 18:02:05.083000,7
train/44b6_18ced818.geff/nodes/zarr.json,99,2026-06-26 18:02:05.095000,7
train/44b6_18ced818.geff/zarr.json,2102,2026-06-26 18:02:05.089000,7
train/44b6_18ced818.zarr/0/c/0/0/0/0,5414302,2026-06-26 18:40:18.084000,7
train/44b6_18ced818.zarr/0/c/1/0/0/0,5430353,2026-06-26 18:40:15.976000,7
train/44b6_18ced818.zarr/0/c/10/0/0/0,5521059,2026-06-26 18:40:22.036000,7
train/44b6_18ced818.zarr/0/c/11/0/0/0,5523430,2026-06-26 18:40:18.889000,7
train/44b6_18ced818.zarr/0/c/12/0/0/0,5531882,2026-06-26 18:40:12.070000,7
train/44b6_18ced818.zarr/0/c/13/0/0/0,5539949,2026-06-26 18:40:13.228000,7
train/44b6_18ced818.zarr/0/c/14/0/0/0,5555703,2026-06-26 18:40:15.776000,7
train/44b6_18ced818.zarr/0/c/15/0/0/0,5568526,2026-06-26 18:40:18.320000,7
train/44b6_18ced818.zarr/0/c/16/0/0/0,5555721,2026-06-26 18:40:22.204000,7
train/44b6_18ced818.zarr/0/c/17/0/0/0,5558221,2026-06-26 18:40:26.484000,7
train/44b6_18ced818.zarr/0/c/18/0/0/0,5563955,2026-06-26 18:40:25.783000,7
train/44b6_18ced818.zarr/0/c/19/0/0/0,5585220,2026-06-26 18:40:13.345000,7
train/44b6_18ced818.zarr/0/c/2/0/0/0,5444830,2026-06-26 18:40:10.851000,7
train/44b6_18ced818.zarr/0/c/20/0/0/0,5587878,2026-06-26 18:40:16.254000,7
train/44b6_18ced818.zarr/0/c/21/0/0/0,5591820,2026-06-26 18:40:18.745000,7
train/44b6_18ced818.zarr/0/c/22/0/0/0,5585057,2026-06-26 18:40:26.325000,7
train/44b6_18ced818.zarr/0/c/23/0/0/0,5590979,2026-06-26 18:40:08.949000,7
train/44b6_18ced818.zarr/0/c/24/0/0/0,5581157,2026-06-26 18:40:16.430000,7
train/44b6_18ced818.zarr/0/c/25/0/0/0,5589661,2026-06-26 18:40:09.144000,7
train/44b6_18ced818.zarr/0/c/26/0/0/0,5589716,2026-06-26 18:40:26.969000,7
train/44b6_18ced818.zarr/0/c/27/0/0/0,5599181,2026-06-26 18:40:25.125000,7
train/44b6_18ced818.zarr/0/c/28/0/0/0,5601420,2026-06-26 18:40:24.221000,7
train/44b6_18ced818.zarr/0/c/29/0/0/0,5608120,2026-06-26 18:40:11.038000,7
train/44b6_18ced818.zarr/0/c/3/0/0/0,5453354,2026-06-26 18:40:16.619000,7
train/44b6_18ced818.zarr/0/c/30/0/0/0,5607539,2026-06-26 18:40:15.010000,7
train/44b6_18ced818.zarr/0/c/31/0/0/0,5594642,2026-06-26 18:40:26.115000,7
train/44b6_18ced818.zarr/0/c/32/0/0/0,5582249,2026-06-26 18:40:23.305000,7
train/44b6_18ced818.zarr/0/c/33/0/0/0,5602284,2026-06-26 18:40:10.614000,7
train/44b6_18ced818.zarr/0/c/34/0/0/0,5604991,2026-06-26 18:40:12.854000,7
train/44b6_18ced818.zarr/0/c/35/0/0/0,5618486,2026-06-26 18:40:11.276000,7
train/44b6_18ced818.zarr/0/c/36/0/0/0,5611653,2026-06-26 18:40:19.529000,7
train/44b6_18ced818.zarr/0/c/37/0/0/0,5623556,2026-06-26 18:40:24.962000,7
train/44b6_18ced818.zarr/0/c/38/0/0/0,5613753,2026-06-26 18:40:24.467000,7
train/44b6_18ced818.zarr/0/c/39/0/0/0,5608278,2026-06-26 18:40:14.871000,7
train/44b6_18ced818.zarr/0/c/4/0/0/0,5469196,2026-06-26 18:40:13.862000,7
train/44b6_18ced818.zarr/0/c/40/0/0/0,5608487,2026-06-26 18:40:09.441000,7
train/44b6_18ced818.zarr/0/c/41/0/0/0,5607377,2026-06-26 18:40:15.529000,7
train/44b6_18ced818.zarr/0/c/42/0/0/0,5610870,2026-06-26 18:40:17.926000,7
train/44b6_18ced818.zarr/0/c/43/0/0/0,5614960,2026-06-26 18:40:26.671000,7
train/44b6_18ced818.zarr/0/c/44/0/0/0,5614001,2026-06-26 18:40:20.942000,7
train/44b6_18ced818.zarr/0/c/45/0/0/0,5612547,2026-06-26 18:40:12.674000,7
train/44b6_18ced818.zarr/0/c/46/0/0/0,5607581,2026-06-26 18:40:11.443000,7
train/44b6_18ced818.zarr/0/c/47/0/0/0,5616586,2026-06-26 18:40:15.226000,7
train/44b6_18ced818.zarr/0/c/48/0/0/0,5628923,2026-06-26 18:40:08.620000,7
train/44b6_18ced818.zarr/0/c/49/0/0/0,5627618,2026-06-26 18:40:10.737000,7
train/44b6_18ced818.zarr/0/c/5/0/0/0,5483469,2026-06-26 18:40:25.436000,7
train/44b6_18ced818.zarr/0/c/50/0/0/0,5628527,2026-06-26 18:40:17.016000,7
train/44b6_18ced818.zarr/0/c/51/0/0/0,5624205,2026-06-26 18:40:17.564000,7
train/44b6_18ced818.zarr/0/c/52/0/0/0,5621760,2026-06-26 18:40:20.080000,7
train/44b6_18ced818.zarr/0/c/53/0/0/0,5612336,2026-06-26 18:40:23.789000,7
train/44b6_18ced818.zarr/0/c/54/0/0/0,5612266,2026-06-26 18:40:20.416000,7
train/44b6_18ced818.zarr/0/c/55/0/0/0,5607051,2026-06-26 18:40:23.114000,7
train/44b6_18ced818.zarr/0/c/56/0/0/0,5597023,2026-06-26 18:40:19.042000,7
train/44b6_18ced818.zarr/0/c/57/0/0/0,5581425,2026-06-26 18:40:20.258000,7
train/44b6_18ced818.zarr/0/c/58/0/0/0,5608673,2026-06-26 18:40:23.930000,7
train/44b6_18ced818.zarr/0/c/59/0/0/0,5594765,2026-06-26 18:40:13.641000,7
train/44b6_18ced818.zarr/0/c/6/0/0/0,5492035,2026-06-26 18:40:21.096000,7
train/44b6_18ced818.zarr/0/c/60/0/0/0,5610403,2026-06-26 18:40:26.760000,7
train/44b6_18ced818.zarr/0/c/61/0/0/0,5612926,2026-06-26 18:40:10.138000,7
train/44b6_18ced818.zarr/0/c/62/0/0/0,5605742,2026-06-26 18:40:24.097000,7
train/44b6_18ced818.zarr/0/c/63/0/0/0,5608704,2026-06-26 18:40:17.268000,7
train/44b6_18ced818.zarr/0/c/64/0/0/0,5602242,2026-06-26 18:40:08.775000,7
train/44b6_18ced818.zarr/0/c/65/0/0/0,5593304,2026-06-26 18:40:24.624000,7
train/44b6_18ced818.zarr/0/c/66/0/0/0,5604662,2026-06-26 18:40:10.096000,7
train/44b6_18ced818.zarr/0/c/67/0/0/0,5609771,2026-06-26 18:40:19.354000,7
train/44b6_18ced818.zarr/0/c/68/0/0/0,5628482,2026-06-26 18:40:21.224000,7
train/44b6_18ced818.zarr/0/c/69/0/0/0,5623621,2026-06-26 18:40:12.975000,7
train/44b6_18ced818.zarr/0/c/7/0/0/0,5497567,2026-06-26 18:40:18.473000,7
train/44b6_18ced818.zarr/0/c/70/0/0/0,5626410,2026-06-26 18:40:14.278000,7
train/44b6_18ced818.zarr/0/c/71/0/0/0,5630686,2026-06-26 18:40:14.450000,7
train/44b6_18ced818.zarr/0/c/72/0/0/0,5625309,2026-06-26 18:40:15.616000,7
train/44b6_18ced818.zarr/0/c/73/0/0/0,5632941,2026-06-26 18:40:09.696000,7
train/44b6_18ced818.zarr/0/c/74/0/0/0,5623727,2026-06-26 18:40:20.819000,7
train/44b6_18ced818.zarr/0/c/75/0/0/0,5637764,2026-06-26 18:40:14.089000,7
train/44b6_18ced818.zarr/0/c/76/0/0/0,5631628,2026-06-26 18:40:12.263000,7
train/44b6_18ced818.zarr/0/c/77/0/0/0,5639650,2026-06-26 18:40:09.285000,7
train/44b6_18ced818.zarr/0/c/78/0/0/0,5646762,2026-06-26 18:40:11.849000,7
train/44b6_18ced818.zarr/0/c/79/0/0/0,5651515,2026-06-26 18:40:22.616000,7
train/44b6_18ced818.zarr/0/c/8/0/0/0,5519046,2026-06-26 18:40:14.715000,7
train/44b6_18ced818.zarr/0/c/80/0/0/0,5663726,2026-06-26 18:40:22.914000,7
train/44b6_18ced818.zarr/0/c/81/0/0/0,5669269,2026-06-26 18:40:25.960000,7
train/44b6_18ced818.zarr/0/c/82/0/0/0,5671616,2026-06-26 18:40:25.799000,7
train/44b6_18ced818.zarr/0/c/83/0/0/0,5669982,2026-06-26 18:40:17.787000,7
train/44b6_18ced818.zarr/0/c/84/0/0/0,5670229,2026-06-26 18:40:14.131000,7
train/44b6_18ced818.zarr/0/c/85/0/0/0,5674621,2026-06-26 18:40:22.409000,7
train/44b6_18ced818.zarr/0/c/86/0/0/0,5662719,2026-06-26 18:40:19.828000,7
train/44b6_18ced818.zarr/0/c/87/0/0/0,5665132,2026-06-26 18:40:21.847000,7
train/44b6_18ced818.zarr/0/c/88/0/0/0,5663415,2026-06-26 18:40:22.743000,7
train/44b6_18ced818.zarr/0/c/89/0/0/0,5656849,2026-06-26 18:40:12.554000,7
train/44b6_18ced818.zarr/0/c/9/0/0/0,5511160,2026-06-26 18:40:15.394000,7
train/44b6_18ced818.zarr/0/c/90/0/0/0,5664282,2026-06-26 18:40:21.678000,7
train/44b6_18ced818.zarr/0/c/91/0/0/0,5673155,2026-06-26 18:40:20.522000,7
train/44b6_18ced818.zarr/0/c/92/0/0/0,5670441,2026-06-26 18:40:23.627000,7
train/44b6_18ced818.zarr/0/c/93/0/0/0,5657991,2026-06-26 18:40:09.561000,7
train/44b6_18ced818.zarr/0/c/94/0/0/0,5676476,2026-06-26 18:40:25.566000,7
train/44b6_18ced818.zarr/0/c/95/0/0/0,5671717,2026-06-26 18:40:12.418000,7
train/44b6_18ced818.zarr/0/c/96/0/0/0,5662414,2026-06-26 18:40:10.321000,7
train/44b6_18ced818.zarr/0/c/97/0/0/0,5669490,2026-06-26 18:40:21.443000,7
train/44b6_18ced818.zarr/0/c/98/0/0/0,5663027,2026-06-26 18:40:16.781000,7
train/44b6_18ced818.zarr/0/c/99/0/0/0,5666423,2026-06-26 18:40:16.103000,7
train/44b6_18ced818.zarr/0/zarr.json,760,2026-06-26 18:40:26.884000,7
train/44b6_18ced818.zarr/zarr.json,1295,2026-06-26 18:40:26.869000,7
train/44b6_1d530831.geff/edges/ids/c/0/0,1006,2026-06-26 18:33:13.742000,7
train/44b6_1d530831.geff/edges/ids/zarr.json,636,2026-06-26 18:33:13.743000,7
train/44b6_1d530831.geff/edges/props/zarr.json,99,2026-06-26 18:33:13.728000,7
train/44b6_1d530831.geff/edges/zarr.json,99,2026-06-26 18:33:13.732000,7
train/44b6_1d530831.geff/nodes/ids/c/0,747,2026-06-26 18:33:13.720000,7
train/44b6_1d530831.geff/nodes/ids/zarr.json,618,2026-06-26 18:33:13.728000,7
train/44b6_1d530831.geff/nodes/props/t/values/c/0,173,2026-06-26 18:33:13.714000,7
train/44b6_1d530831.geff/nodes/props/t/values/zarr.json,617,2026-06-26 18:33:13.736000,8
train/44b6_1d530831.geff/nodes/props/t/zarr.json,99,2026-06-26 18:33:13.758000,8
train/44b6_1d530831.geff/nodes/props/x/values/c/0,354,2026-06-26 18:33:13.750000,8
train/44b6_1d530831.geff/nodes/props/x/values/zarr.json,617,2026-06-26 18:33:13.714000,8
train/44b6_1d530831.geff/nodes/props/x/zarr.json,99,2026-06-26 18:33:13.724000,8
train/44b6_1d530831.geff/nodes/props/y/values/c/0,413,2026-06-26 18:33:13.721000,8
train/44b6_1d530831.geff/nodes/props/y/values/zarr.json,617,2026-06-26 18:33:13.715000,8
train/44b6_1d530831.geff/nodes/props/y/zarr.json,99,2026-06-26 18:33:13.747000,8
train/44b6_1d530831.geff/nodes/props/z/values/c/0,247,2026-06-26 18:33:13.747000,8
train/44b6_1d530831.geff/nodes/props/z/values/zarr.json,617,2026-06-26 18:33:13.734000,8
train/44b6_1d530831.geff/nodes/props/z/zarr.json,99,2026-06-26 18:33:13.718000,8
train/44b6_1d530831.geff/nodes/props/zarr.json,99,2026-06-26 18:33:13.729000,8
train/44b6_1d530831.geff/nodes/zarr.json,99,2026-06-26 18:33:13.729000,8
train/44b6_1d530831.geff/zarr.json,2101,2026-06-26 18:33:13.796000,8
train/44b6_1d530831.zarr/0/c/0/0/0/0,4849560,2026-06-26 18:17:12.016000,8
train/44b6_1d530831.zarr/0/c/1/0/0/0,4844723,2026-06-26 18:17:10.073000,8
train/44b6_1d530831.zarr/0/c/10/0/0/0,4877606,2026-06-26 18:17:15.530000,8
train/44b6_1d530831.zarr/0/c/11/0/0/0,4883949,2026-06-26 18:17:12.701000,8
train/44b6_1d530831.zarr/0/c/12/0/0/0,4891526,2026-06-26 18:17:06.612000,8
train/44b6_1d530831.zarr/0/c/13/0/0/0,4892397,2026-06-26 18:17:07.912000,8
train/44b6_1d530831.zarr/0/c/14/0/0/0,4886633,2026-06-26 18:17:09.945000,8
train/44b6_1d530831.zarr/0/c/15/0/0/0,4864883,2026-06-26 18:17:12.094000,8
train/44b6_1d530831.zarr/0/c/16/0/0/0,4874171,2026-06-26 18:17:15.651000,8
train/44b6_1d530831.zarr/0/c/17/0/0/0,4878016,2026-06-26 18:17:19.393000,8
train/44b6_1d530831.zarr/0/c/18/0/0/0,4905941,2026-06-26 18:17:18.453000,8
train/44b6_1d530831.zarr/0/c/19/0/0/0,4900941,2026-06-26 18:17:07.994000,8
train/44b6_1d530831.zarr/0/c/2/0/0/0,4853859,2026-06-26 18:17:05.580000,8
train/44b6_1d530831.zarr/0/c/20/0/0/0,4898021,2026-06-26 18:17:10.435000,8
train/44b6_1d530831.zarr/0/c/21/0/0/0,4897084,2026-06-26 18:17:12.418000,8
train/44b6_1d530831.zarr/0/c/22/0/0/0,4904540,2026-06-26 18:17:19.400000,8
train/44b6_1d530831.zarr/0/c/23/0/0/0,4911036,2026-06-26 18:17:03.763000,8
train/44b6_1d530831.zarr/0/c/24/0/0/0,4912019,2026-06-26 18:17:10.595000,8
train/44b6_1d530831.zarr/0/c/25/0/0/0,4919283,2026-06-26 18:17:03.879000,8
train/44b6_1d530831.zarr/0/c/26/0/0/0,4921844,2026-06-26 18:17:20.042000,8
train/44b6_1d530831.zarr/0/c/27/0/0/0,4927328,2026-06-26 18:17:17.990000,8
train/44b6_1d530831.zarr/0/c/28/0/0/0,4935413,2026-06-26 18:17:17.409000,8
train/44b6_1d530831.zarr/0/c/29/0/0/0,4936525,2026-06-26 18:17:05.756000,8
train/44b6_1d530831.zarr/0/c/3/0/0/0,4856894,2026-06-26 18:17:10.714000,8
train/44b6_1d530831.zarr/0/c/30/0/0/0,4949290,2026-06-26 18:17:09.151000,8
train/44b6_1d530831.zarr/0/c/31/0/0/0,4955254,2026-06-26 18:17:19.156000,8
train/44b6_1d530831.zarr/0/c/32/0/0/0,4958584,2026-06-26 18:17:16.601000,8
train/44b6_1d530831.zarr/0/c/33/0/0/0,4964693,2026-06-26 18:17:05.130000,8
train/44b6_1d530831.zarr/0/c/34/0/0/0,4970418,2026-06-26 18:17:07.577000,8
train/44b6_1d530831.zarr/0/c/35/0/0/0,4973818,2026-06-26 18:17:05.930000,8
train/44b6_1d530831.zarr/0/c/36/0/0/0,4978286,2026-06-26 18:17:13.507000,8
train/44b6_1d530831.zarr/0/c/37/0/0/0,4980205,2026-06-26 18:17:17.801000,8
train/44b6_1d530831.zarr/0/c/38/0/0/0,4993849,2026-06-26 18:17:17.551000,8
train/44b6_1d530831.zarr/0/c/39/0/0/0,5003226,2026-06-26 18:17:09.107000,8
train/44b6_1d530831.zarr/0/c/4/0/0/0,4856963,2026-06-26 18:17:08.209000,8
train/44b6_1d530831.zarr/0/c/40/0/0/0,5017001,2026-06-26 18:17:04.165000,8
train/44b6_1d530831.zarr/0/c/41/0/0/0,5021563,2026-06-26 18:17:09.626000,8
train/44b6_1d530831.zarr/0/c/42/0/0/0,5051211,2026-06-26 18:17:11.850000,8
train/44b6_1d530831.zarr/0/c/43/0/0/0,5045576,2026-06-26 18:17:19.571000,8
train/44b6_1d530831.zarr/0/c/44/0/0/0,5045940,2026-06-26 18:17:14.909000,8
train/44b6_1d530831.zarr/0/c/45/0/0/0,5061916,2026-06-26 18:17:07.412000,8
train/44b6_1d530831.zarr/0/c/46/0/0/0,5068481,2026-06-26 18:17:06.140000,8
train/44b6_1d530831.zarr/0/c/47/0/0/0,5087398,2026-06-26 18:17:09.270000,8
train/44b6_1d530831.zarr/0/c/48/0/0/0,5094550,2026-06-26 18:17:03.422000,8
train/44b6_1d530831.zarr/0/c/49/0/0/0,5113480,2026-06-26 18:17:05.399000,8
train/44b6_1d530831.zarr/0/c/5/0/0/0,4855026,2026-06-26 18:17:18.104000,8
train/44b6_1d530831.zarr/0/c/50/0/0/0,5124336,2026-06-26 18:17:10.963000,8
train/44b6_1d530831.zarr/0/c/51/0/0/0,5130004,2026-06-26 18:17:11.539000,8
train/44b6_1d530831.zarr/0/c/52/0/0/0,5147250,2026-06-26 18:17:13.840000,8
train/44b6_1d530831.zarr/0/c/53/0/0/0,5162798,2026-06-26 18:17:16.958000,8
train/44b6_1d530831.zarr/0/c/54/0/0/0,5168164,2026-06-26 18:17:14.172000,8
train/44b6_1d530831.zarr/0/c/55/0/0/0,5187258,2026-06-26 18:17:16.400000,8
train/44b6_1d530831.zarr/0/c/56/0/0/0,5205315,2026-06-26 18:17:13.013000,8
train/44b6_1d530831.zarr/0/c/57/0/0/0,5209190,2026-06-26 18:17:13.991000,8
train/44b6_1d530831.zarr/0/c/58/0/0/0,5230976,2026-06-26 18:17:17.127000,8
train/44b6_1d530831.zarr/0/c/59/0/0/0,5244420,2026-06-26 18:17:08.089000,8
train/44b6_1d530831.zarr/0/c/6/0/0/0,4859012,2026-06-26 18:17:14.628000,8
train/44b6_1d530831.zarr/0/c/60/0/0/0,5260929,2026-06-26 18:17:19.777000,8
train/44b6_1d530831.zarr/0/c/61/0/0/0,5271508,2026-06-26 18:17:04.811000,8
train/44b6_1d530831.zarr/0/c/62/0/0/0,5289689,2026-06-26 18:17:17.270000,8
train/44b6_1d530831.zarr/0/c/63/0/0/0,5306708,2026-06-26 18:17:11.367000,8
train/44b6_1d530831.zarr/0/c/64/0/0/0,5330787,2026-06-26 18:17:03.545000,8
train/44b6_1d530831.zarr/0/c/65/0/0/0,5343361,2026-06-26 18:17:17.704000,8
train/44b6_1d530831.zarr/0/c/66/0/0/0,5356473,2026-06-26 18:17:04.682000,8
train/44b6_1d530831.zarr/0/c/67/0/0/0,5361763,2026-06-26 18:17:13.277000,8
train/44b6_1d530831.zarr/0/c/68/0/0/0,5378929,2026-06-26 18:17:14.766000,8
train/44b6_1d530831.zarr/0/c/69/0/0/0,5376230,2026-06-26 18:17:07.702000,8
train/44b6_1d530831.zarr/0/c/7/0/0/0,4868438,2026-06-26 18:17:12.252000,8
train/44b6_1d530831.zarr/0/c/70/0/0/0,5389894,2026-06-26 18:17:08.673000,8
train/44b6_1d530831.zarr/0/c/71/0/0/0,5398746,2026-06-26 18:17:08.817000,8
train/44b6_1d530831.zarr/0/c/72/0/0/0,5410141,2026-06-26 18:17:09.840000,8
train/44b6_1d530831.zarr/0/c/73/0/0/0,5421260,2026-06-26 18:17:04.475000,8
train/44b6_1d530831.zarr/0/c/74/0/0/0,5440054,2026-06-26 18:17:14.382000,8
train/44b6_1d530831.zarr/0/c/75/0/0/0,5438525,2026-06-26 18:17:08.400000,8
train/44b6_1d530831.zarr/0/c/76/0/0/0,5450048,2026-06-26 18:17:06.745000,8
train/44b6_1d530831.zarr/0/c/77/0/0/0,5454236,2026-06-26 18:17:04.034000,8
train/44b6_1d530831.zarr/0/c/78/0/0/0,5472252,2026-06-26 18:17:06.232000,8
train/44b6_1d530831.zarr/0/c/79/0/0/0,5478010,2026-06-26 18:17:15.901000,8
train/44b6_1d530831.zarr/0/c/8/0/0/0,4863172,2026-06-26 18:17:08.883000,8
train/44b6_1d530831.zarr/0/c/80/0/0/0,5490855,2026-06-26 18:17:16.327000,8
train/44b6_1d530831.zarr/0/c/81/0/0/0,5494399,2026-06-26 18:17:19.083000,8
train/44b6_1d530831.zarr/0/c/82/0/0/0,5504318,2026-06-26 18:17:18.874000,8
train/44b6_1d530831.zarr/0/c/83/0/0/0,5512454,2026-06-26 18:17:11.686000,8
train/44b6_1d530831.zarr/0/c/84/0/0/0,5518800,2026-06-26 18:17:08.535000,8
train/44b6_1d530831.zarr/0/c/85/0/0/0,5521486,2026-06-26 18:17:15.747000,8
train/44b6_1d530831.zarr/0/c/86/0/0/0,5536187,2026-06-26 18:17:13.657000,8
train/44b6_1d530831.zarr/0/c/87/0/0/0,5541608,2026-06-26 18:17:15.281000,8
train/44b6_1d530831.zarr/0/c/88/0/0/0,5543482,2026-06-26 18:17:16.014000,8
train/44b6_1d530831.zarr/0/c/89/0/0/0,5569118,2026-06-26 18:17:07.331000,8
train/44b6_1d530831.zarr/0/c/9/0/0/0,4870726,2026-06-26 18:17:09.496000,8
train/44b6_1d530831.zarr/0/c/90/0/0/0,5571186,2026-06-26 18:17:15.100000,8
train/44b6_1d530831.zarr/0/c/91/0/0/0,5579959,2026-06-26 18:17:14.294000,8
train/44b6_1d530831.zarr/0/c/92/0/0/0,5599525,2026-06-26 18:17:16.776000,8
train/44b6_1d530831.zarr/0/c/93/0/0/0,5615357,2026-06-26 18:17:04.338000,8
train/44b6_1d530831.zarr/0/c/94/0/0/0,5610678,2026-06-26 18:17:18.240000,8
train/44b6_1d530831.zarr/0/c/95/0/0/0,5627318,2026-06-26 18:17:06.898000,8
train/44b6_1d530831.zarr/0/c/96/0/0/0,5631842,2026-06-26 18:17:04.876000,8
train/44b6_1d530831.zarr/0/c/97/0/0/0,5638430,2026-06-26 18:17:14.960000,8
train/44b6_1d530831.zarr/0/c/98/0/0/0,5648849,2026-06-26 18:17:10.781000,8
train/44b6_1d530831.zarr/0/c/99/0/0/0,5669452,2026-06-26 18:17:10.297000,8
train/44b6_1d530831.zarr/0/zarr.json,760,2026-06-26 18:17:19.960000,8
train/44b6_1d530831.zarr/zarr.json,1282,2026-06-26 18:17:19.985000,8
train/44b6_24264f12.geff/edges/ids/c/0/0,886,2026-06-26 18:36:09.702000,8
train/44b6_24264f12.geff/edges/ids/zarr.json,636,2026-06-26 18:36:09.692000,8
train/44b6_24264f12.geff/edges/props/zarr.json,99,2026-06-26 18:36:09.696000,8
train/44b6_24264f12.geff/edges/zarr.json,99,2026-06-26 18:36:09.754000,8
train/44b6_24264f12.geff/nodes/ids/c/0,644,2026-06-26 18:36:10.082000,8
train/44b6_24264f12.geff/nodes/ids/zarr.json,618,2026-06-26 18:36:09.699000,8
train/44b6_24264f12.geff/nodes/props/t/values/c/0,143,2026-06-26 18:36:09.681000,8
train/44b6_24264f12.geff/nodes/props/t/values/zarr.json,617,2026-06-26 18:36:09.682000,8
train/44b6_24264f12.geff/nodes/props/t/zarr.json,99,2026-06-26 18:36:09.687000,8
train/44b6_24264f12.geff/nodes/props/x/values/c/0,366,2026-06-26 18:36:09.677000,8
train/44b6_24264f12.geff/nodes/props/x/values/zarr.json,617,2026-06-26 18:36:09.723000,8
train/44b6_24264f12.geff/nodes/props/x/zarr.json,99,2026-06-26 18:36:09.701000,8
train/44b6_24264f12.geff/nodes/props/y/values/c/0,288,2026-06-26 18:36:09.687000,8
train/44b6_24264f12.geff/nodes/props/y/values/zarr.json,617,2026-06-26 18:36:09.701000,8
train/44b6_24264f12.geff/nodes/props/y/zarr.json,99,2026-06-26 18:36:09.687000,8
train/44b6_24264f12.geff/nodes/props/z/values/c/0,240,2026-06-26 18:36:09.677000,8
train/44b6_24264f12.geff/nodes/props/z/values/zarr.json,617,2026-06-26 18:36:09.675000,8
train/44b6_24264f12.geff/nodes/props/z/zarr.json,99,2026-06-26 18:36:09.702000,8
train/44b6_24264f12.geff/nodes/props/zarr.json,99,2026-06-26 18:36:09.688000,8
train/44b6_24264f12.geff/nodes/zarr.json,99,2026-06-26 18:36:09.691000,8
train/44b6_24264f12.geff/zarr.json,2101,2026-06-26 18:36:09.726000,8
train/44b6_24264f12.zarr/0/c/0/0/0/0,4523103,2026-06-26 18:42:15.979000,8
train/44b6_24264f12.zarr/0/c/1/0/0/0,4522580,2026-06-26 18:42:14.473000,8
train/44b6_24264f12.zarr/0/c/10/0/0/0,4529719,2026-06-26 18:42:18.681000,8
train/44b6_24264f12.zarr/0/c/11/0/0/0,4530631,2026-06-26 18:42:16.601000,8
train/44b6_24264f12.zarr/0/c/12/0/0/0,4531179,2026-06-26 18:42:11.251000,8
train/44b6_24264f12.zarr/0/c/13/0/0/0,4518331,2026-06-26 18:42:12.212000,8
train/44b6_24264f12.zarr/0/c/14/0/0/0,4527201,2026-06-26 18:42:14.281000,8
train/44b6_24264f12.zarr/0/c/15/0/0/0,4531004,2026-06-26 18:42:16.063000,8
train/44b6_24264f12.zarr/0/c/16/0/0/0,4536084,2026-06-26 18:42:18.847000,8
train/44b6_24264f12.zarr/0/c/17/0/0/0,4557277,2026-06-26 18:42:22.341000,8
train/44b6_24264f12.zarr/0/c/18/0/0/0,4572065,2026-06-26 18:42:21.563000,8
train/44b6_24264f12.zarr/0/c/19/0/0/0,4570935,2026-06-26 18:42:12.222000,8
train/44b6_24264f12.zarr/0/c/2/0/0/0,4511113,2026-06-26 18:42:10.747000,8
train/44b6_24264f12.zarr/0/c/20/0/0/0,4583329,2026-06-26 18:42:14.793000,8
train/44b6_24264f12.zarr/0/c/21/0/0/0,4583076,2026-06-26 18:42:16.480000,8
train/44b6_24264f12.zarr/0/c/22/0/0/0,4574824,2026-06-26 18:42:22.255000,8
train/44b6_24264f12.zarr/0/c/23/0/0/0,4567381,2026-06-26 18:42:09.070000,8
train/44b6_24264f12.zarr/0/c/24/0/0/0,4569576,2026-06-26 18:42:15.025000,8
train/44b6_24264f12.zarr/0/c/25/0/0/0,4570470,2026-06-26 18:42:09.238000,8
train/44b6_24264f12.zarr/0/c/26/0/0/0,4595843,2026-06-26 18:42:22.797000,8
train/44b6_24264f12.zarr/0/c/27/0/0/0,4589763,2026-06-26 18:42:21.183000,8
train/44b6_24264f12.zarr/0/c/28/0/0/0,4598002,2026-06-26 18:42:20.560000,8
train/44b6_24264f12.zarr/0/c/29/0/0/0,4606232,2026-06-26 18:42:10.791000,8
train/44b6_24264f12.zarr/0/c/3/0/0/0,4518965,2026-06-26 18:42:15.171000,8
train/44b6_24264f12.zarr/0/c/30/0/0/0,4623397,2026-06-26 18:42:13.447000,8
train/44b6_24264f12.zarr/0/c/31/0/0/0,4631432,2026-06-26 18:42:22.132000,8
train/44b6_24264f12.zarr/0/c/32/0/0/0,4647023,2026-06-26 18:42:19.609000,8
train/44b6_24264f12.zarr/0/c/33/0/0/0,4657913,2026-06-26 18:42:10.365000,8
train/44b6_24264f12.zarr/0/c/34/0/0/0,4655356,2026-06-26 18:42:11.968000,8
train/44b6_24264f12.zarr/0/c/35/0/0/0,4649539,2026-06-26 18:42:10.897000,8
train/44b6_24264f12.zarr/0/c/36/0/0/0,4649180,2026-06-26 18:42:16.947000,8
train/44b6_24264f12.zarr/0/c/37/0/0/0,4645745,2026-06-26 18:42:20.995000,8
train/44b6_24264f12.zarr/0/c/38/0/0/0,4660370,2026-06-26 18:42:20.689000,8
train/44b6_24264f12.zarr/0/c/39/0/0/0,4680689,2026-06-26 18:42:13.401000,8
train/44b6_24264f12.zarr/0/c/4/0/0/0,4513006,2026-06-26 18:42:12.450000,8
train/44b6_24264f12.zarr/0/c/40/0/0/0,4688987,2026-06-26 18:42:09.570000,8
train/44b6_24264f12.zarr/0/c/41/0/0/0,4704191,2026-06-26 18:42:13.917000,8
train/44b6_24264f12.zarr/0/c/42/0/0/0,4700083,2026-06-26 18:42:15.876000,8
train/44b6_24264f12.zarr/0/c/43/0/0/0,4700698,2026-06-26 18:42:22.602000,8
train/44b6_24264f12.zarr/0/c/44/0/0/0,4706861,2026-06-26 18:42:17.904000,8
train/44b6_24264f12.zarr/0/c/45/0/0/0,4720886,2026-06-26 18:42:11.785000,8
train/44b6_24264f12.zarr/0/c/46/0/0/0,4730074,2026-06-26 18:42:11.020000,8
train/44b6_24264f12.zarr/0/c/47/0/0/0,4731966,2026-06-26 18:42:13.605000,8
train/44b6_24264f12.zarr/0/c/48/0/0/0,4739918,2026-06-26 18:42:08.768000,8
train/44b6_24264f12.zarr/0/c/49/0/0/0,4739239,2026-06-26 18:42:10.531000,8
train/44b6_24264f12.zarr/0/c/5/0/0/0,4514418,2026-06-26 18:42:21.262000,8
train/44b6_24264f12.zarr/0/c/50/0/0/0,4756364,2026-06-26 18:42:15.367000,8
train/44b6_24264f12.zarr/0/c/51/0/0/0,4750479,2026-06-26 18:42:15.640000,8
train/44b6_24264f12.zarr/0/c/52/0/0/0,4762065,2026-06-26 18:42:17.223000,8
train/44b6_24264f12.zarr/0/c/53/0/0/0,4766386,2026-06-26 18:42:19.889000,8
train/44b6_24264f12.zarr/0/c/54/0/0/0,4764251,2026-06-26 18:42:17.460000,8
train/44b6_24264f12.zarr/0/c/55/0/0/0,4774425,2026-06-26 18:42:19.503000,8
train/44b6_24264f12.zarr/0/c/56/0/0/0,4777304,2026-06-26 18:42:16.750000,8
train/44b6_24264f12.zarr/0/c/57/0/0/0,4777442,2026-06-26 18:42:17.296000,8
train/44b6_24264f12.zarr/0/c/58/0/0/0,4790239,2026-06-26 18:42:19.990000,8
train/44b6_24264f12.zarr/0/c/59/0/0/0,4790711,2026-06-26 18:42:12.325000,8
train/44b6_24264f12.zarr/0/c/6/0/0/0,4511176,2026-06-26 18:42:17.953000,8
train/44b6_24264f12.zarr/0/c/60/0/0/0,4796128,2026-06-26 18:42:22.694000,8
train/44b6_24264f12.zarr/0/c/61/0/0/0,4789730,2026-06-26 18:42:10.159000,8
train/44b6_24264f12.zarr/0/c/62/0/0/0,4794615,2026-06-26 18:42:20.275000,8
train/44b6_24264f12.zarr/0/c/63/0/0/0,4800465,2026-06-26 18:42:15.502000,8
train/44b6_24264f12.zarr/0/c/64/0/0/0,4798129,2026-06-26 18:42:08.954000,8
train/44b6_24264f12.zarr/0/c/65/0/0/0,4793577,2026-06-26 18:42:20.867000,8
train/44b6_24264f12.zarr/0/c/66/0/0/0,4793533,2026-06-26 18:42:10.009000,9
train/44b6_24264f12.zarr/0/c/67/0/0/0,4791994,2026-06-26 18:42:16.862000,9
train/44b6_24264f12.zarr/0/c/68/0/0/0,4796450,2026-06-26 18:42:18.151000,9
train/44b6_24264f12.zarr/0/c/69/0/0/0,4789150,2026-06-26 18:42:12.049000,9
train/44b6_24264f12.zarr/0/c/7/0/0/0,4516432,2026-06-26 18:42:16.336000,9
train/44b6_24264f12.zarr/0/c/70/0/0/0,4775755,2026-06-26 18:42:12.882000,9
train/44b6_24264f12.zarr/0/c/71/0/0/0,4781194,2026-06-26 18:42:13.083000,9
train/44b6_24264f12.zarr/0/c/72/0/0/0,4782986,2026-06-26 18:42:14.065000,9
train/44b6_24264f12.zarr/0/c/73/0/0/0,4782486,2026-06-26 18:42:09.881000,9
train/44b6_24264f12.zarr/0/c/74/0/0/0,4772258,2026-06-26 18:42:17.717000,9
train/44b6_24264f12.zarr/0/c/75/0/0/0,4769128,2026-06-26 18:42:12.648000,9
train/44b6_24264f12.zarr/0/c/76/0/0/0,4761926,2026-06-26 18:42:11.467000,9
train/44b6_24264f12.zarr/0/c/77/0/0/0,4756692,2026-06-26 18:42:09.401000,9
train/44b6_24264f12.zarr/0/c/78/0/0/0,4759623,2026-06-26 18:42:11.142000,9
train/44b6_24264f12.zarr/0/c/79/0/0/0,4754182,2026-06-26 18:42:19.078000,9
train/44b6_24264f12.zarr/0/c/8/0/0/0,4532825,2026-06-26 18:42:13.198000,9
train/44b6_24264f12.zarr/0/c/80/0/0/0,4742582,2026-06-26 18:42:19.357000,9
train/44b6_24264f12.zarr/0/c/81/0/0/0,4733522,2026-06-26 18:42:21.966000,9
train/44b6_24264f12.zarr/0/c/82/0/0/0,4734867,2026-06-26 18:42:21.751000,9
train/44b6_24264f12.zarr/0/c/83/0/0/0,4722353,2026-06-26 18:42:15.733000,9
train/44b6_24264f12.zarr/0/c/84/0/0/0,4728074,2026-06-26 18:42:12.898000,9
train/44b6_24264f12.zarr/0/c/85/0/0/0,4728271,2026-06-26 18:42:18.938000,9
train/44b6_24264f12.zarr/0/c/86/0/0/0,4720296,2026-06-26 18:42:17.040000,9
train/44b6_24264f12.zarr/0/c/87/0/0/0,4728246,2026-06-26 18:42:18.506000,9
train/44b6_24264f12.zarr/0/c/88/0/0/0,4713296,2026-06-26 18:42:19.233000,9
train/44b6_24264f12.zarr/0/c/89/0/0/0,4705043,2026-06-26 18:42:11.670000,9
train/44b6_24264f12.zarr/0/c/9/0/0/0,4538523,2026-06-26 18:42:13.712000,9
train/44b6_24264f12.zarr/0/c/90/0/0/0,4697206,2026-06-26 18:42:18.396000,9
train/44b6_24264f12.zarr/0/c/91/0/0/0,4684818,2026-06-26 18:42:17.478000,9
train/44b6_24264f12.zarr/0/c/92/0/0/0,4681722,2026-06-26 18:42:19.757000,9
train/44b6_24264f12.zarr/0/c/93/0/0/0,4675054,2026-06-26 18:42:09.710000,9
train/44b6_24264f12.zarr/0/c/94/0/0/0,4682693,2026-06-26 18:42:21.384000,9
train/44b6_24264f12.zarr/0/c/95/0/0/0,4686393,2026-06-26 18:42:11.572000,9
train/44b6_24264f12.zarr/0/c/96/0/0/0,4669639,2026-06-26 18:42:10.355000,9
train/44b6_24264f12.zarr/0/c/97/0/0/0,4671434,2026-06-26 18:42:18.299000,9
train/44b6_24264f12.zarr/0/c/98/0/0/0,4666501,2026-06-26 18:42:15.310000,9
train/44b6_24264f12.zarr/0/c/99/0/0/0,4661802,2026-06-26 18:42:14.573000,9
train/44b6_24264f12.zarr/0/zarr.json,760,2026-06-26 18:42:22.744000,9
train/44b6_24264f12.zarr/zarr.json,1279,2026-06-26 18:42:22.755000,9
train/44b6_267148e4.geff/edges/ids/c/0/0,978,2026-06-26 18:32:35.907000,9
train/44b6_267148e4.geff/edges/ids/zarr.json,636,2026-06-26 18:32:35.901000,9
train/44b6_267148e4.geff/edges/props/zarr.json,99,2026-06-26 18:32:35.897000,9
train/44b6_267148e4.geff/edges/zarr.json,99,2026-06-26 18:32:35.905000,9
train/44b6_267148e4.geff/nodes/ids/c/0,703,2026-06-26 18:32:35.913000,9
train/44b6_267148e4.geff/nodes/ids/zarr.json,618,2026-06-26 18:32:35.903000,9
train/44b6_267148e4.geff/nodes/props/t/values/c/0,150,2026-06-26 18:32:35.883000,9
train/44b6_267148e4.geff/nodes/props/t/values/zarr.json,617,2026-06-26 18:32:35.923000,9
train/44b6_267148e4.geff/nodes/props/t/zarr.json,99,2026-06-26 18:32:35.892000,9
train/44b6_267148e4.geff/nodes/props/x/values/c/0,348,2026-06-26 18:32:35.911000,9
train/44b6_267148e4.geff/nodes/props/x/values/zarr.json,617,2026-06-26 18:32:35.909000,9
train/44b6_267148e4.geff/nodes/props/x/zarr.json,99,2026-06-26 18:32:35.905000,9
train/44b6_267148e4.geff/nodes/props/y/values/c/0,329,2026-06-26 18:32:35.895000,9
train/44b6_267148e4.geff/nodes/props/y/values/zarr.json,617,2026-06-26 18:32:35.894000,9
train/44b6_267148e4.geff/nodes/props/y/zarr.json,99,2026-06-26 18:32:35.906000,9
train/44b6_267148e4.geff/nodes/props/z/values/c/0,261,2026-06-26 18:32:35.838000,9
train/44b6_267148e4.geff/nodes/props/z/values/zarr.json,617,2026-06-26 18:32:35.865000,9
train/44b6_267148e4.geff/nodes/props/z/zarr.json,99,2026-06-26 18:32:35.849000,9
train/44b6_267148e4.geff/nodes/props/zarr.json,99,2026-06-26 18:32:35.899000,9
train/44b6_267148e4.geff/nodes/zarr.json,99,2026-06-26 18:32:35.913000,9
train/44b6_267148e4.geff/zarr.json,2101,2026-06-26 18:32:35.891000,9
train/44b6_267148e4.zarr/0/c/0/0/0/0,4033165,2026-06-26 18:18:28.145000,9
train/44b6_267148e4.zarr/0/c/1/0/0/0,4045327,2026-06-26 18:18:26.893000,9
train/44b6_267148e4.zarr/0/c/10/0/0/0,4179617,2026-06-26 18:18:30.972000,9
train/44b6_267148e4.zarr/0/c/11/0/0/0,4198736,2026-06-26 18:18:28.492000,9
train/44b6_267148e4.zarr/0/c/12/0/0/0,4242194,2026-06-26 18:18:23.952000,9
train/44b6_267148e4.zarr/0/c/13/0/0/0,4270127,2026-06-26 18:18:24.870000,9
train/44b6_267148e4.zarr/0/c/14/0/0/0,4290025,2026-06-26 18:18:26.667000,9
train/44b6_267148e4.zarr/0/c/15/0/0/0,4331732,2026-06-26 18:18:28.187000,9
train/44b6_267148e4.zarr/0/c/16/0/0/0,4352508,2026-06-26 18:18:30.754000,9
train/44b6_267148e4.zarr/0/c/17/0/0/0,4363390,2026-06-26 18:18:33.438000,9
train/44b6_267148e4.zarr/0/c/18/0/0/0,4377297,2026-06-26 18:18:32.860000,9
train/44b6_267148e4.zarr/0/c/19/0/0/0,4391183,2026-06-26 18:18:24.987000,9
train/44b6_267148e4.zarr/0/c/2/0/0/0,4054532,2026-06-26 18:18:23.331000,9
train/44b6_267148e4.zarr/0/c/20/0/0/0,4411159,2026-06-26 18:18:26.956000,9
train/44b6_267148e4.zarr/0/c/21/0/0/0,4425261,2026-06-26 18:18:28.430000,9
train/44b6_267148e4.zarr/0/c/22/0/0/0,4451478,2026-06-26 18:18:33.366000,9
train/44b6_267148e4.zarr/0/c/23/0/0/0,4458721,2026-06-26 18:18:22.123000,9
train/44b6_267148e4.zarr/0/c/24/0/0/0,4477827,2026-06-26 18:18:27.093000,9
train/44b6_267148e4.zarr/0/c/25/0/0/0,4465901,2026-06-26 18:18:22.207000,9
train/44b6_267148e4.zarr/0/c/26/0/0/0,4474783,2026-06-26 18:18:33.928000,9
train/44b6_267148e4.zarr/0/c/27/0/0/0,4491822,2026-06-26 18:18:32.500000,9
train/44b6_267148e4.zarr/0/c/28/0/0/0,4491847,2026-06-26 18:18:32.024000,9
train/44b6_267148e4.zarr/0/c/29/0/0/0,4522593,2026-06-26 18:18:23.464000,9
train/44b6_267148e4.zarr/0/c/3/0/0/0,4088764,2026-06-26 18:18:27.181000,9
train/44b6_267148e4.zarr/0/c/30/0/0/0,4542619,2026-06-26 18:18:26.079000,9
train/44b6_267148e4.zarr/0/c/31/0/0/0,4401583,2026-06-26 18:18:33.195000,9
train/44b6_267148e4.zarr/0/c/32/0/0/0,4405996,2026-06-26 18:18:31.244000,9
train/44b6_267148e4.zarr/0/c/33/0/0/0,4417990,2026-06-26 18:18:23.117000,9
train/44b6_267148e4.zarr/0/c/34/0/0/0,4428236,2026-06-26 18:18:24.440000,9
train/44b6_267148e4.zarr/0/c/35/0/0/0,4261167,2026-06-26 18:18:23.746000,9
train/44b6_267148e4.zarr/0/c/36/0/0/0,4264316,2026-06-26 18:18:28.787000,9
train/44b6_267148e4.zarr/0/c/37/0/0/0,4272959,2026-06-26 18:18:32.447000,9
train/44b6_267148e4.zarr/0/c/38/0/0/0,4342375,2026-06-26 18:18:32.179000,9
train/44b6_267148e4.zarr/0/c/39/0/0/0,4249568,2026-06-26 18:18:25.947000,9
train/44b6_267148e4.zarr/0/c/4/0/0/0,4108808,2026-06-26 18:18:25.250000,9
train/44b6_267148e4.zarr/0/c/40/0/0/0,4012077,2026-06-26 18:18:22.522000,9
train/44b6_267148e4.zarr/0/c/41/0/0/0,3878552,2026-06-26 18:18:26.329000,9
train/44b6_267148e4.zarr/0/c/42/0/0/0,3868784,2026-06-26 18:18:28.013000,9
train/44b6_267148e4.zarr/0/c/43/0/0/0,3847291,2026-06-26 18:18:33.513000,9
train/44b6_267148e4.zarr/0/c/44/0/0/0,3789895,2026-06-26 18:18:29.544000,9
train/44b6_267148e4.zarr/0/c/45/0/0/0,3650694,2026-06-26 18:18:24.276000,9
train/44b6_267148e4.zarr/0/c/46/0/0/0,3789253,2026-06-26 18:18:23.705000,9
train/44b6_267148e4.zarr/0/c/47/0/0/0,2990489,2026-06-26 18:18:26.180000,9
train/44b6_267148e4.zarr/0/c/48/0/0/0,3756515,2026-06-26 18:18:21.894000,9
train/44b6_267148e4.zarr/0/c/49/0/0/0,3840256,2026-06-26 18:18:23.332000,9
train/44b6_267148e4.zarr/0/c/5/0/0/0,4128176,2026-06-26 18:18:32.648000,9
train/44b6_267148e4.zarr/0/c/50/0/0/0,3862168,2026-06-26 18:18:27.418000,9
train/44b6_267148e4.zarr/0/c/51/0/0/0,3919849,2026-06-26 18:18:27.857000,9
train/44b6_267148e4.zarr/0/c/52/0/0/0,3927370,2026-06-26 18:18:28.930000,9
train/44b6_267148e4.zarr/0/c/53/0/0/0,3999353,2026-06-26 18:18:31.555000,9
train/44b6_267148e4.zarr/0/c/54/0/0/0,4006281,2026-06-26 18:18:29.195000,9
train/44b6_267148e4.zarr/0/c/55/0/0/0,3941324,2026-06-26 18:18:31.237000,9
train/44b6_267148e4.zarr/0/c/56/0/0/0,3835160,2026-06-26 18:18:28.879000,9
train/44b6_267148e4.zarr/0/c/57/0/0/0,3783661,2026-06-26 18:18:29.083000,9
train/44b6_267148e4.zarr/0/c/58/0/0/0,3783773,2026-06-26 18:18:31.753000,9
train/44b6_267148e4.zarr/0/c/59/0/0/0,3779389,2026-06-26 18:18:25.068000,9
train/44b6_267148e4.zarr/0/c/6/0/0/0,4136880,2026-06-26 18:18:29.648000,9
train/44b6_267148e4.zarr/0/c/60/0/0/0,3754793,2026-06-26 18:18:33.672000,9
train/44b6_267148e4.zarr/0/c/61/0/0/0,3712625,2026-06-26 18:18:22.946000,9
train/44b6_267148e4.zarr/0/c/62/0/0/0,3709995,2026-06-26 18:18:31.935000,9
train/44b6_267148e4.zarr/0/c/63/0/0/0,3680248,2026-06-26 18:18:27.586000,9
train/44b6_267148e4.zarr/0/c/64/0/0/0,3660634,2026-06-26 18:18:21.978000,9
train/44b6_267148e4.zarr/0/c/65/0/0/0,3631256,2026-06-26 18:18:32.287000,9
train/44b6_267148e4.zarr/0/c/66/0/0/0,3663297,2026-06-26 18:18:22.817000,9
train/44b6_267148e4.zarr/0/c/67/0/0/0,3618377,2026-06-26 18:18:28.925000,9
train/44b6_267148e4.zarr/0/c/68/0/0/0,3648976,2026-06-26 18:18:29.842000,9
train/44b6_267148e4.zarr/0/c/69/0/0/0,3624996,2026-06-26 18:18:24.734000,9
train/44b6_267148e4.zarr/0/c/7/0/0/0,4151265,2026-06-26 18:18:28.297000,9
train/44b6_267148e4.zarr/0/c/70/0/0/0,3570291,2026-06-26 18:18:25.600000,9
train/44b6_267148e4.zarr/0/c/71/0/0/0,3523484,2026-06-26 18:18:25.696000,9
train/44b6_267148e4.zarr/0/c/72/0/0/0,3496542,2026-06-26 18:18:26.532000,9
train/44b6_267148e4.zarr/0/c/73/0/0/0,3485753,2026-06-26 18:18:22.713000,9
train/44b6_267148e4.zarr/0/c/74/0/0/0,3393542,2026-06-26 18:18:29.385000,9
train/44b6_267148e4.zarr/0/c/75/0/0/0,3279688,2026-06-26 18:18:25.417000,9
train/44b6_267148e4.zarr/0/c/76/0/0/0,3298691,2026-06-26 18:18:24.080000,9
train/44b6_267148e4.zarr/0/c/77/0/0/0,3306659,2026-06-26 18:18:22.359000,9
train/44b6_267148e4.zarr/0/c/78/0/0/0,3327822,2026-06-26 18:18:23.756000,9
train/44b6_267148e4.zarr/0/c/79/0/0/0,3221106,2026-06-26 18:18:30.859000,9
train/44b6_267148e4.zarr/0/c/8/0/0/0,4151483,2026-06-26 18:18:25.804000,9
train/44b6_267148e4.zarr/0/c/80/0/0/0,3237464,2026-06-26 18:18:30.977000,9
train/44b6_267148e4.zarr/0/c/81/0/0/0,3218288,2026-06-26 18:18:33.034000,9
train/44b6_267148e4.zarr/0/c/82/0/0/0,3297500,2026-06-26 18:18:32.979000,9
train/44b6_267148e4.zarr/0/c/83/0/0/0,3333018,2026-06-26 18:18:27.960000,9
train/44b6_267148e4.zarr/0/c/84/0/0/0,3309003,2026-06-26 18:18:25.573000,9
train/44b6_267148e4.zarr/0/c/85/0/0/0,3327685,2026-06-26 18:18:30.808000,9
train/44b6_267148e4.zarr/0/c/86/0/0/0,3272886,2026-06-26 18:18:28.899000,9
train/44b6_267148e4.zarr/0/c/87/0/0/0,3296996,2026-06-26 18:18:30.363000,9
train/44b6_267148e4.zarr/0/c/88/0/0/0,3331014,2026-06-26 18:18:30.942000,9
train/44b6_267148e4.zarr/0/c/89/0/0/0,3335455,2026-06-26 18:18:24.229000,9
train/44b6_267148e4.zarr/0/c/9/0/0/0,4159826,2026-06-26 18:18:26.238000,9
train/44b6_267148e4.zarr/0/c/90/0/0/0,3379337,2026-06-26 18:18:30.125000,9
train/44b6_267148e4.zarr/0/c/91/0/0/0,3341872,2026-06-26 18:18:29.314000,9
train/44b6_267148e4.zarr/0/c/92/0/0/0,3338944,2026-06-26 18:18:31.415000,9
train/44b6_267148e4.zarr/0/c/93/0/0/0,3311590,2026-06-26 18:18:22.545000,9
train/44b6_267148e4.zarr/0/c/94/0/0/0,3319003,2026-06-26 18:18:32.739000,9
train/44b6_267148e4.zarr/0/c/95/0/0/0,3311597,2026-06-26 18:18:24.174000,9
train/44b6_267148e4.zarr/0/c/96/0/0/0,3260574,2026-06-26 18:18:23.006000,9
train/44b6_267148e4.zarr/0/c/97/0/0/0,3154967,2026-06-26 18:18:29.900000,9
train/44b6_267148e4.zarr/0/c/98/0/0/0,3165832,2026-06-26 18:18:28.461000,9
train/44b6_267148e4.zarr/0/c/99/0/0/0,3196610,2026-06-26 18:18:26.828000,9
train/44b6_267148e4.zarr/0/zarr.json,760,2026-06-26 18:18:33.873000,9
train/44b6_267148e4.zarr/zarr.json,1276,2026-06-26 18:18:33.897000,9
train/44b6_2a2eff9f.geff/edges/ids/c/0/0,813,2026-06-26 18:29:58.034000,9
train/44b6_2a2eff9f.geff/edges/ids/zarr.json,636,2026-06-26 18:29:58.069000,9
train/44b6_2a2eff9f.geff/edges/props/zarr.json,99,2026-06-26 18:29:58.043000,9
train/44b6_2a2eff9f.geff/edges/zarr.json,99,2026-06-26 18:29:58.104000,9
train/44b6_2a2eff9f.geff/nodes/ids/c/0,634,2026-06-26 18:29:58.036000,9
train/44b6_2a2eff9f.geff/nodes/ids/zarr.json,618,2026-06-26 18:29:58.035000,9
train/44b6_2a2eff9f.geff/nodes/props/t/values/c/0,172,2026-06-26 18:29:58.026000,9
train/44b6_2a2eff9f.geff/nodes/props/t/values/zarr.json,617,2026-06-26 18:29:58.058000,9
train/44b6_2a2eff9f.geff/nodes/props/t/zarr.json,99,2026-06-26 18:29:58.025000,9
train/44b6_2a2eff9f.geff/nodes/props/x/values/c/0,261,2026-06-26 18:29:58.050000,9
train/44b6_2a2eff9f.geff/nodes/props/x/values/zarr.json,617,2026-06-26 18:29:58.025000,9
train/44b6_2a2eff9f.geff/nodes/props/x/zarr.json,99,2026-06-26 18:29:58.034000,9
train/44b6_2a2eff9f.geff/nodes/props/y/values/c/0,258,2026-06-26 18:29:58.051000,9
train/44b6_2a2eff9f.geff/nodes/props/y/values/zarr.json,617,2026-06-26 18:29:58.027000,9
train/44b6_2a2eff9f.geff/nodes/props/y/zarr.json,99,2026-06-26 18:29:58.012000,9
train/44b6_2a2eff9f.geff/nodes/props/z/values/c/0,222,2026-06-26 18:29:58.019000,9
train/44b6_2a2eff9f.geff/nodes/props/z/values/zarr.json,617,2026-06-26 18:29:58.028000,9
train/44b6_2a2eff9f.geff/nodes/props/z/zarr.json,99,2026-06-26 18:29:58.029000,9
train/44b6_2a2eff9f.geff/nodes/props/zarr.json,99,2026-06-26 18:29:58.020000,9
train/44b6_2a2eff9f.geff/nodes/zarr.json,99,2026-06-26 18:29:58.025000,9
train/44b6_2a2eff9f.geff/zarr.json,2102,2026-06-26 18:29:58.091000,9
train/44b6_2a2eff9f.zarr/0/c/0/0/0/0,5101558,2026-06-26 18:01:06.126000,9
train/44b6_2a2eff9f.zarr/0/c/1/0/0/0,5091265,2026-06-26 18:01:04.728000,9
train/44b6_2a2eff9f.zarr/0/c/10/0/0/0,5091110,2026-06-26 18:01:09.562000,9
train/44b6_2a2eff9f.zarr/0/c/11/0/0/0,5087575,2026-06-26 18:01:06.809000,9
train/44b6_2a2eff9f.zarr/0/c/12/0/0/0,5084641,2026-06-26 18:01:01.205000,9
train/44b6_2a2eff9f.zarr/0/c/13/0/0/0,5080527,2026-06-26 18:01:02.717000,9
train/44b6_2a2eff9f.zarr/0/c/14/0/0/0,5076331,2026-06-26 18:01:04.573000,9
train/44b6_2a2eff9f.zarr/0/c/15/0/0/0,5071953,2026-06-26 18:01:06.249000,9
train/44b6_2a2eff9f.zarr/0/c/16/0/0/0,5070982,2026-06-26 18:01:09.639000,9
train/44b6_2a2eff9f.zarr/0/c/17/0/0/0,5068478,2026-06-26 18:01:12.864000,9
train/44b6_2a2eff9f.zarr/0/c/18/0/0/0,5068488,2026-06-26 18:01:12.153000,9
train/44b6_2a2eff9f.zarr/0/c/19/0/0/0,5064954,2026-06-26 18:01:02.512000,9
train/44b6_2a2eff9f.zarr/0/c/2/0/0/0,5096541,2026-06-26 18:01:00.278000,9
train/44b6_2a2eff9f.zarr/0/c/20/0/0/0,5069536,2026-06-26 18:01:05.069000,9
train/44b6_2a2eff9f.zarr/0/c/21/0/0/0,5067808,2026-06-26 18:01:06.619000,9
train/44b6_2a2eff9f.zarr/0/c/22/0/0/0,5075913,2026-06-26 18:01:12.698000,9
train/44b6_2a2eff9f.zarr/0/c/23/0/0/0,5075898,2026-06-26 18:00:58.415000,9
train/44b6_2a2eff9f.zarr/0/c/24/0/0/0,5081938,2026-06-26 18:01:05.194000,10
train/44b6_2a2eff9f.zarr/0/c/25/0/0/0,5086065,2026-06-26 18:00:58.904000,10
train/44b6_2a2eff9f.zarr/0/c/26/0/0/0,5083510,2026-06-26 18:01:13.158000,10
train/44b6_2a2eff9f.zarr/0/c/27/0/0/0,5090210,2026-06-26 18:01:11.777000,10
train/44b6_2a2eff9f.zarr/0/c/28/0/0/0,5089297,2026-06-26 18:01:11.299000,10
train/44b6_2a2eff9f.zarr/0/c/29/0/0/0,5086211,2026-06-26 18:01:00.387000,10
train/44b6_2a2eff9f.zarr/0/c/3/0/0/0,5096287,2026-06-26 18:01:05.285000,10
train/44b6_2a2eff9f.zarr/0/c/30/0/0/0,5088846,2026-06-26 18:01:03.770000,10
train/44b6_2a2eff9f.zarr/0/c/31/0/0/0,5093445,2026-06-26 18:01:12.517000,10
train/44b6_2a2eff9f.zarr/0/c/32/0/0/0,5093986,2026-06-26 18:01:10.608000,10
train/44b6_2a2eff9f.zarr/0/c/33/0/0/0,5094465,2026-06-26 18:01:00.074000,10
train/44b6_2a2eff9f.zarr/0/c/34/0/0/0,5083131,2026-06-26 18:01:01.895000,10
train/44b6_2a2eff9f.zarr/0/c/35/0/0/0,5093086,2026-06-26 18:01:00.683000,10
train/44b6_2a2eff9f.zarr/0/c/36/0/0/0,5088419,2026-06-26 18:01:07.253000,10
train/44b6_2a2eff9f.zarr/0/c/37/0/0/0,5078130,2026-06-26 18:01:11.669000,10
train/44b6_2a2eff9f.zarr/0/c/38/0/0/0,5079289,2026-06-26 18:01:11.491000,10
train/44b6_2a2eff9f.zarr/0/c/39/0/0/0,5074901,2026-06-26 18:01:03.586000,10
train/44b6_2a2eff9f.zarr/0/c/4/0/0/0,5093969,2026-06-26 18:01:02.776000,10
train/44b6_2a2eff9f.zarr/0/c/40/0/0/0,5079701,2026-06-26 18:01:00.779000,10
train/44b6_2a2eff9f.zarr/0/c/41/0/0/0,5079940,2026-06-26 18:01:04.143000,10
train/44b6_2a2eff9f.zarr/0/c/42/0/0/0,5091233,2026-06-26 18:01:06.006000,10
train/44b6_2a2eff9f.zarr/0/c/43/0/0/0,5089536,2026-06-26 18:01:13.005000,10
train/44b6_2a2eff9f.zarr/0/c/44/0/0/0,5088860,2026-06-26 18:01:08.720000,10
train/44b6_2a2eff9f.zarr/0/c/45/0/0/0,5082389,2026-06-26 18:01:01.847000,10
train/44b6_2a2eff9f.zarr/0/c/46/0/0/0,5083503,2026-06-26 18:01:00.954000,10
train/44b6_2a2eff9f.zarr/0/c/47/0/0/0,5084133,2026-06-26 18:01:03.882000,10
train/44b6_2a2eff9f.zarr/0/c/48/0/0/0,5094085,2026-06-26 18:00:58.174000,10
train/44b6_2a2eff9f.zarr/0/c/49/0/0/0,5093386,2026-06-26 18:01:00.125000,10
train/44b6_2a2eff9f.zarr/0/c/5/0/0/0,5089506,2026-06-26 18:01:11.898000,10
train/44b6_2a2eff9f.zarr/0/c/50/0/0/0,5107606,2026-06-26 18:01:05.514000,10
train/44b6_2a2eff9f.zarr/0/c/51/0/0/0,5117053,2026-06-26 18:01:05.781000,10
train/44b6_2a2eff9f.zarr/0/c/52/0/0/0,5124919,2026-06-26 18:01:07.593000,10
train/44b6_2a2eff9f.zarr/0/c/53/0/0/0,5120157,2026-06-26 18:01:10.941000,10
train/44b6_2a2eff9f.zarr/0/c/54/0/0/0,5132594,2026-06-26 18:01:07.816000,10
train/44b6_2a2eff9f.zarr/0/c/55/0/0/0,5135367,2026-06-26 18:01:10.380000,10
train/44b6_2a2eff9f.zarr/0/c/56/0/0/0,5143123,2026-06-26 18:01:06.959000,10
train/44b6_2a2eff9f.zarr/0/c/57/0/0/0,5142134,2026-06-26 18:01:07.735000,10
train/44b6_2a2eff9f.zarr/0/c/58/0/0/0,5150332,2026-06-26 18:01:10.896000,10
train/44b6_2a2eff9f.zarr/0/c/59/0/0/0,5168462,2026-06-26 18:01:02.725000,10
train/44b6_2a2eff9f.zarr/0/c/6/0/0/0,5088624,2026-06-26 18:01:08.617000,10
train/44b6_2a2eff9f.zarr/0/c/60/0/0/0,5171707,2026-06-26 18:01:13,10
train/44b6_2a2eff9f.zarr/0/c/61/0/0/0,5179479,2026-06-26 18:00:59.863000,10
train/44b6_2a2eff9f.zarr/0/c/62/0/0/0,5195795,2026-06-26 18:01:11.083000,10
train/44b6_2a2eff9f.zarr/0/c/63/0/0/0,5187803,2026-06-26 18:01:05.654000,10
train/44b6_2a2eff9f.zarr/0/c/64/0/0/0,5195548,2026-06-26 18:00:58.285000,10
train/44b6_2a2eff9f.zarr/0/c/65/0/0/0,5202410,2026-06-26 18:01:11.594000,10
train/44b6_2a2eff9f.zarr/0/c/66/0/0/0,5202863,2026-06-26 18:00:59.682000,10
train/44b6_2a2eff9f.zarr/0/c/67/0/0/0,5208338,2026-06-26 18:01:07.121000,10
train/44b6_2a2eff9f.zarr/0/c/68/0/0/0,5209568,2026-06-26 18:01:08.811000,10
train/44b6_2a2eff9f.zarr/0/c/69/0/0/0,5218744,2026-06-26 18:01:02.124000,10
train/44b6_2a2eff9f.zarr/0/c/7/0/0/0,5089516,2026-06-26 18:01:06.447000,10
train/44b6_2a2eff9f.zarr/0/c/70/0/0/0,5225785,2026-06-26 18:01:03.228000,10
train/44b6_2a2eff9f.zarr/0/c/71/0/0/0,5221709,2026-06-26 18:01:03.329000,10
train/44b6_2a2eff9f.zarr/0/c/72/0/0/0,5220764,2026-06-26 18:01:04.361000,10
train/44b6_2a2eff9f.zarr/0/c/73/0/0/0,5229918,2026-06-26 18:00:59.426000,10
train/44b6_2a2eff9f.zarr/0/c/74/0/0/0,5220449,2026-06-26 18:01:08.277000,10
train/44b6_2a2eff9f.zarr/0/c/75/0/0/0,5232371,2026-06-26 18:01:02.961000,10
train/44b6_2a2eff9f.zarr/0/c/76/0/0/0,5238660,2026-06-26 18:01:01.370000,10
train/44b6_2a2eff9f.zarr/0/c/77/0/0/0,5234185,2026-06-26 18:00:59.075000,10
train/44b6_2a2eff9f.zarr/0/c/78/0/0/0,5238330,2026-06-26 18:01:01.140000,10
train/44b6_2a2eff9f.zarr/0/c/79/0/0/0,5237188,2026-06-26 18:01:09.865000,10
train/44b6_2a2eff9f.zarr/0/c/8/0/0/0,5084035,2026-06-26 18:01:03.464000,10
train/44b6_2a2eff9f.zarr/0/c/80/0/0/0,5225445,2026-06-26 18:01:10.158000,10
train/44b6_2a2eff9f.zarr/0/c/81/0/0/0,5229189,2026-06-26 18:01:12.417000,10
train/44b6_2a2eff9f.zarr/0/c/82/0/0/0,5233596,2026-06-26 18:01:12.235000,10
train/44b6_2a2eff9f.zarr/0/c/83/0/0/0,5235310,2026-06-26 18:01:05.864000,10
train/44b6_2a2eff9f.zarr/0/c/84/0/0/0,5239222,2026-06-26 18:01:03.157000,10
train/44b6_2a2eff9f.zarr/0/c/85/0/0/0,5245203,2026-06-26 18:01:09.808000,10
train/44b6_2a2eff9f.zarr/0/c/86/0/0/0,5240369,2026-06-26 18:01:07.511000,10
train/44b6_2a2eff9f.zarr/0/c/87/0/0/0,5235375,2026-06-26 18:01:09.366000,10
train/44b6_2a2eff9f.zarr/0/c/88/0/0/0,5228600,2026-06-26 18:01:10.077000,10
train/44b6_2a2eff9f.zarr/0/c/89/0/0/0,5235310,2026-06-26 18:01:01.673000,10
train/44b6_2a2eff9f.zarr/0/c/9/0/0/0,5086341,2026-06-26 18:01:04.055000,10
train/44b6_2a2eff9f.zarr/0/c/90/0/0/0,5228956,2026-06-26 18:01:09.178000,10
train/44b6_2a2eff9f.zarr/0/c/91/0/0/0,5233485,2026-06-26 18:01:08.108000,10
train/44b6_2a2eff9f.zarr/0/c/92/0/0/0,5238470,2026-06-26 18:01:10.756000,10
train/44b6_2a2eff9f.zarr/0/c/93/0/0/0,5244132,2026-06-26 18:00:59.350000,10
train/44b6_2a2eff9f.zarr/0/c/94/0/0/0,5240206,2026-06-26 18:01:12.047000,10
train/44b6_2a2eff9f.zarr/0/c/95/0/0/0,5260783,2026-06-26 18:01:01.506000,10
train/44b6_2a2eff9f.zarr/0/c/96/0/0/0,5244653,2026-06-26 18:00:59.965000,10
train/44b6_2a2eff9f.zarr/0/c/97/0/0/0,5248417,2026-06-26 18:01:09.240000,10
train/44b6_2a2eff9f.zarr/0/c/98/0/0/0,5245482,2026-06-26 18:01:05.425000,10
train/44b6_2a2eff9f.zarr/0/c/99/0/0/0,5247242,2026-06-26 18:01:05.035000,10
train/44b6_2a2eff9f.zarr/0/zarr.json,760,2026-06-26 18:01:13.095000,10
train/44b6_2a2eff9f.zarr/zarr.json,1292,2026-06-26 18:01:13.075000,10
train/44b6_2f31fc2f.geff/edges/ids/c/0/0,402,2026-06-26 18:25:10.204000,10
train/44b6_2f31fc2f.geff/edges/ids/zarr.json,634,2026-06-26 18:25:10.218000,10
train/44b6_2f31fc2f.geff/edges/props/zarr.json,99,2026-06-26 18:25:10.207000,10
train/44b6_2f31fc2f.geff/edges/zarr.json,99,2026-06-26 18:25:10.206000,10
train/44b6_2f31fc2f.geff/nodes/ids/c/0,352,2026-06-26 18:25:10.217000,10
train/44b6_2f31fc2f.geff/nodes/ids/zarr.json,616,2026-06-26 18:25:10.205000,10
train/44b6_2f31fc2f.geff/nodes/props/t/values/c/0,143,2026-06-26 18:25:10.238000,10
train/44b6_2f31fc2f.geff/nodes/props/t/values/zarr.json,615,2026-06-26 18:25:10.194000,10
train/44b6_2f31fc2f.geff/nodes/props/t/zarr.json,99,2026-06-26 18:25:10.193000,10
train/44b6_2f31fc2f.geff/nodes/props/x/values/c/0,130,2026-06-26 18:25:10.197000,10
train/44b6_2f31fc2f.geff/nodes/props/x/values/zarr.json,615,2026-06-26 18:25:10.199000,10
train/44b6_2f31fc2f.geff/nodes/props/x/zarr.json,99,2026-06-26 18:25:10.196000,10
train/44b6_2f31fc2f.geff/nodes/props/y/values/c/0,133,2026-06-26 18:25:10.208000,10
train/44b6_2f31fc2f.geff/nodes/props/y/values/zarr.json,615,2026-06-26 18:25:10.212000,10
train/44b6_2f31fc2f.geff/nodes/props/y/zarr.json,99,2026-06-26 18:25:10.207000,10
train/44b6_2f31fc2f.geff/nodes/props/z/values/c/0,136,2026-06-26 18:25:10.183000,10
train/44b6_2f31fc2f.geff/nodes/props/z/values/zarr.json,615,2026-06-26 18:25:10.179000,10
train/44b6_2f31fc2f.geff/nodes/props/z/zarr.json,99,2026-06-26 18:25:10.216000,10
train/44b6_2f31fc2f.geff/nodes/props/zarr.json,99,2026-06-26 18:25:10.193000,10
train/44b6_2f31fc2f.geff/nodes/zarr.json,99,2026-06-26 18:25:10.196000,10
train/44b6_2f31fc2f.geff/zarr.json,2101,2026-06-26 18:25:10.206000,10
train/44b6_2f31fc2f.zarr/0/c/0/0/0/0,4401586,2026-06-26 18:31:38.579000,10
train/44b6_2f31fc2f.zarr/0/c/1/0/0/0,4383803,2026-06-26 18:31:36.903000,10
train/44b6_2f31fc2f.zarr/0/c/10/0/0/0,4587984,2026-06-26 18:31:41.521000,10
train/44b6_2f31fc2f.zarr/0/c/11/0/0/0,4614400,2026-06-26 18:31:39.184000,10
train/44b6_2f31fc2f.zarr/0/c/12/0/0/0,4661019,2026-06-26 18:31:33.448000,10
train/44b6_2f31fc2f.zarr/0/c/13/0/0/0,4711127,2026-06-26 18:31:34.560000,10
train/44b6_2f31fc2f.zarr/0/c/14/0/0/0,4727103,2026-06-26 18:31:36.776000,10
train/44b6_2f31fc2f.zarr/0/c/15/0/0/0,4740980,2026-06-26 18:31:38.746000,10
train/44b6_2f31fc2f.zarr/0/c/16/0/0/0,4794164,2026-06-26 18:31:41.656000,10
train/44b6_2f31fc2f.zarr/0/c/17/0/0/0,4804551,2026-06-26 18:31:45.150000,10
train/44b6_2f31fc2f.zarr/0/c/18/0/0/0,4822114,2026-06-26 18:31:44.525000,10
train/44b6_2f31fc2f.zarr/0/c/19/0/0/0,4845516,2026-06-26 18:31:34.690000,10
train/44b6_2f31fc2f.zarr/0/c/2/0/0/0,4393391,2026-06-26 18:31:32.852000,10
train/44b6_2f31fc2f.zarr/0/c/20/0/0/0,4894883,2026-06-26 18:31:37.276000,10
train/44b6_2f31fc2f.zarr/0/c/21/0/0/0,4899086,2026-06-26 18:31:38.998000,10
train/44b6_2f31fc2f.zarr/0/c/22/0/0/0,4937689,2026-06-26 18:31:44.983000,10
train/44b6_2f31fc2f.zarr/0/c/23/0/0/0,4925964,2026-06-26 18:31:31.373000,10
train/44b6_2f31fc2f.zarr/0/c/24/0/0/0,4965552,2026-06-26 18:31:37.403000,10
train/44b6_2f31fc2f.zarr/0/c/25/0/0/0,4959045,2026-06-26 18:31:31.481000,10
train/44b6_2f31fc2f.zarr/0/c/26/0/0/0,4933437,2026-06-26 18:31:45.644000,10
train/44b6_2f31fc2f.zarr/0/c/27/0/0/0,4874034,2026-06-26 18:31:44.118000,10
train/44b6_2f31fc2f.zarr/0/c/28/0/0/0,4723325,2026-06-26 18:31:43.589000,10
train/44b6_2f31fc2f.zarr/0/c/29/0/0/0,4901159,2026-06-26 18:31:32.987000,10
train/44b6_2f31fc2f.zarr/0/c/3/0/0/0,4409235,2026-06-26 18:31:37.530000,10
train/44b6_2f31fc2f.zarr/0/c/30/0/0/0,4923513,2026-06-26 18:31:35.883000,10
train/44b6_2f31fc2f.zarr/0/c/31/0/0/0,4955924,2026-06-26 18:31:44.852000,10
train/44b6_2f31fc2f.zarr/0/c/32/0/0/0,5105839,2026-06-26 18:31:42.801000,10
train/44b6_2f31fc2f.zarr/0/c/33/0/0/0,5138863,2026-06-26 18:31:32.631000,10
train/44b6_2f31fc2f.zarr/0/c/34/0/0/0,5151913,2026-06-26 18:31:34.292000,10
train/44b6_2f31fc2f.zarr/0/c/35/0/0/0,5163107,2026-06-26 18:31:33.128000,10
train/44b6_2f31fc2f.zarr/0/c/36/0/0/0,5203520,2026-06-26 18:31:39.624000,10
train/44b6_2f31fc2f.zarr/0/c/37/0/0/0,5212484,2026-06-26 18:31:43.928000,10
train/44b6_2f31fc2f.zarr/0/c/38/0/0/0,5216959,2026-06-26 18:31:43.684000,10
train/44b6_2f31fc2f.zarr/0/c/39/0/0/0,5219344,2026-06-26 18:31:35.743000,10
train/44b6_2f31fc2f.zarr/0/c/4/0/0/0,4428952,2026-06-26 18:31:34.927000,10
train/44b6_2f31fc2f.zarr/0/c/40/0/0/0,5216237,2026-06-26 18:31:31.776000,10
train/44b6_2f31fc2f.zarr/0/c/41/0/0/0,5217235,2026-06-26 18:31:36.396000,10
train/44b6_2f31fc2f.zarr/0/c/42/0/0/0,5219802,2026-06-26 18:31:38.463000,10
train/44b6_2f31fc2f.zarr/0/c/43/0/0/0,5222796,2026-06-26 18:31:45.357000,10
train/44b6_2f31fc2f.zarr/0/c/44/0/0/0,5226819,2026-06-26 18:31:40.633000,10
train/44b6_2f31fc2f.zarr/0/c/45/0/0/0,5228040,2026-06-26 18:31:34.103000,10
train/44b6_2f31fc2f.zarr/0/c/46/0/0/0,5243584,2026-06-26 18:31:33.238000,10
train/44b6_2f31fc2f.zarr/0/c/47/0/0/0,5241848,2026-06-26 18:31:36.003000,10
train/44b6_2f31fc2f.zarr/0/c/48/0/0/0,5245629,2026-06-26 18:31:30.979000,10
train/44b6_2f31fc2f.zarr/0/c/49/0/0/0,5249960,2026-06-26 18:31:32.817000,10
train/44b6_2f31fc2f.zarr/0/c/5/0/0/0,4464672,2026-06-26 18:31:44.269000,10
train/44b6_2f31fc2f.zarr/0/c/50/0/0/0,5228827,2026-06-26 18:31:37.764000,10
train/44b6_2f31fc2f.zarr/0/c/51/0/0/0,5220739,2026-06-26 18:31:38.105000,10
train/44b6_2f31fc2f.zarr/0/c/52/0/0/0,5212829,2026-06-26 18:31:40.015000,10
train/44b6_2f31fc2f.zarr/0/c/53/0/0/0,5190556,2026-06-26 18:31:43.122000,10
train/44b6_2f31fc2f.zarr/0/c/54/0/0/0,5191343,2026-06-26 18:31:40.233000,10
train/44b6_2f31fc2f.zarr/0/c/55/0/0/0,5185098,2026-06-26 18:31:42.605000,10
train/44b6_2f31fc2f.zarr/0/c/56/0/0/0,5167147,2026-06-26 18:31:39.288000,10
train/44b6_2f31fc2f.zarr/0/c/57/0/0/0,5147822,2026-06-26 18:31:40.045000,10
train/44b6_2f31fc2f.zarr/0/c/58/0/0/0,5120948,2026-06-26 18:31:43.207000,10
train/44b6_2f31fc2f.zarr/0/c/59/0/0/0,5112875,2026-06-26 18:31:34.858000,10
train/44b6_2f31fc2f.zarr/0/c/6/0/0/0,4472025,2026-06-26 18:31:40.725000,10
train/44b6_2f31fc2f.zarr/0/c/60/0/0/0,5034350,2026-06-26 18:31:45.420000,10
train/44b6_2f31fc2f.zarr/0/c/61/0/0/0,5022170,2026-06-26 18:31:32.256000,10
train/44b6_2f31fc2f.zarr/0/c/62/0/0/0,4995811,2026-06-26 18:31:43.445000,10
train/44b6_2f31fc2f.zarr/0/c/63/0/0/0,4994902,2026-06-26 18:31:37.906000,10
train/44b6_2f31fc2f.zarr/0/c/64/0/0/0,4999383,2026-06-26 18:31:31.210000,10
train/44b6_2f31fc2f.zarr/0/c/65/0/0/0,4995002,2026-06-26 18:31:43.831000,10
train/44b6_2f31fc2f.zarr/0/c/66/0/0/0,4991808,2026-06-26 18:31:32.046000,10
train/44b6_2f31fc2f.zarr/0/c/67/0/0/0,4998390,2026-06-26 18:31:39.428000,10
train/44b6_2f31fc2f.zarr/0/c/68/0/0/0,5016131,2026-06-26 18:31:40.930000,10
train/44b6_2f31fc2f.zarr/0/c/69/0/0/0,5004421,2026-06-26 18:31:34.386000,10
train/44b6_2f31fc2f.zarr/0/c/7/0/0/0,4506572,2026-06-26 18:31:38.869000,10
train/44b6_2f31fc2f.zarr/0/c/70/0/0/0,5004151,2026-06-26 18:31:35.410000,10
train/44b6_2f31fc2f.zarr/0/c/71/0/0/0,5017722,2026-06-26 18:31:35.546000,10
train/44b6_2f31fc2f.zarr/0/c/72/0/0/0,5028517,2026-06-26 18:31:36.611000,10
train/44b6_2f31fc2f.zarr/0/c/73/0/0/0,5017980,2026-06-26 18:31:32.050000,10
train/44b6_2f31fc2f.zarr/0/c/74/0/0/0,5009371,2026-06-26 18:31:40.618000,10
train/44b6_2f31fc2f.zarr/0/c/75/0/0/0,5007344,2026-06-26 18:31:35.134000,10
train/44b6_2f31fc2f.zarr/0/c/76/0/0/0,5017187,2026-06-26 18:31:33.598000,10
train/44b6_2f31fc2f.zarr/0/c/77/0/0/0,5019576,2026-06-26 18:31:31.575000,10
train/44b6_2f31fc2f.zarr/0/c/78/0/0/0,5031670,2026-06-26 18:31:33.346000,10
train/44b6_2f31fc2f.zarr/0/c/79/0/0/0,5042086,2026-06-26 18:31:41.848000,10
train/44b6_2f31fc2f.zarr/0/c/8/0/0/0,4511465,2026-06-26 18:31:35.725000,10
train/44b6_2f31fc2f.zarr/0/c/80/0/0/0,5034388,2026-06-26 18:31:43.215000,10
train/44b6_2f31fc2f.zarr/0/c/81/0/0/0,5024522,2026-06-26 18:31:44.730000,10
train/44b6_2f31fc2f.zarr/0/c/82/0/0/0,5026662,2026-06-26 18:31:44.659000,10
train/44b6_2f31fc2f.zarr/0/c/83/0/0/0,5034714,2026-06-26 18:31:38.259000,10
train/44b6_2f31fc2f.zarr/0/c/84/0/0/0,5046589,2026-06-26 18:31:35.300000,10
train/44b6_2f31fc2f.zarr/0/c/85/0/0/0,5044339,2026-06-26 18:31:41.735000,10
train/44b6_2f31fc2f.zarr/0/c/86/0/0/0,5064274,2026-06-26 18:31:39.703000,10
train/44b6_2f31fc2f.zarr/0/c/87/0/0/0,5076730,2026-06-26 18:31:41.429000,10
train/44b6_2f31fc2f.zarr/0/c/88/0/0/0,5075479,2026-06-26 18:31:42.020000,10
train/44b6_2f31fc2f.zarr/0/c/89/0/0/0,5078245,2026-06-26 18:31:33.949000,10
train/44b6_2f31fc2f.zarr/0/c/9/0/0/0,4539927,2026-06-26 18:31:36.151000,10
train/44b6_2f31fc2f.zarr/0/c/90/0/0/0,5073760,2026-06-26 18:31:41.231000,10
train/44b6_2f31fc2f.zarr/0/c/91/0/0/0,5077304,2026-06-26 18:31:40.337000,10
train/44b6_2f31fc2f.zarr/0/c/92/0/0/0,5068166,2026-06-26 18:31:42.986000,10
train/44b6_2f31fc2f.zarr/0/c/93/0/0/0,5084466,2026-06-26 18:31:31.874000,10
train/44b6_2f31fc2f.zarr/0/c/94/0/0/0,5084706,2026-06-26 18:31:44.406000,11
train/44b6_2f31fc2f.zarr/0/c/95/0/0/0,5087919,2026-06-26 18:31:33.728000,11
train/44b6_2f31fc2f.zarr/0/c/96/0/0/0,5106069,2026-06-26 18:31:32.393000,11
train/44b6_2f31fc2f.zarr/0/c/97/0/0/0,5110308,2026-06-26 18:31:41.148000,11
train/44b6_2f31fc2f.zarr/0/c/98/0/0/0,5110745,2026-06-26 18:31:37.641000,11
train/44b6_2f31fc2f.zarr/0/c/99/0/0/0,5112471,2026-06-26 18:31:37.084000,11
train/44b6_2f31fc2f.zarr/0/zarr.json,760,2026-06-26 18:31:45.574000,11
train/44b6_2f31fc2f.zarr/zarr.json,1279,2026-06-26 18:31:45.567000,11
train/44b6_33b596bf.geff/edges/ids/c/0/0,267,2026-06-26 18:25:53.288000,11
train/44b6_33b596bf.geff/edges/ids/zarr.json,634,2026-06-26 18:25:53.320000,11
train/44b6_33b596bf.geff/edges/props/zarr.json,99,2026-06-26 18:25:53.287000,11
train/44b6_33b596bf.geff/edges/zarr.json,99,2026-06-26 18:25:53.336000,11
train/44b6_33b596bf.geff/nodes/ids/c/0,265,2026-06-26 18:25:53.276000,11
train/44b6_33b596bf.geff/nodes/ids/zarr.json,616,2026-06-26 18:25:53.280000,11
train/44b6_33b596bf.geff/nodes/props/t/values/c/0,89,2026-06-26 18:25:53.276000,11
train/44b6_33b596bf.geff/nodes/props/t/values/zarr.json,615,2026-06-26 18:25:53.257000,11
train/44b6_33b596bf.geff/nodes/props/t/zarr.json,99,2026-06-26 18:25:53.273000,11
train/44b6_33b596bf.geff/nodes/props/x/values/c/0,131,2026-06-26 18:25:53.264000,11
train/44b6_33b596bf.geff/nodes/props/x/values/zarr.json,615,2026-06-26 18:25:53.255000,11
train/44b6_33b596bf.geff/nodes/props/x/zarr.json,99,2026-06-26 18:25:53.289000,11
train/44b6_33b596bf.geff/nodes/props/y/values/c/0,140,2026-06-26 18:25:53.314000,11
train/44b6_33b596bf.geff/nodes/props/y/values/zarr.json,615,2026-06-26 18:25:53.285000,11
train/44b6_33b596bf.geff/nodes/props/y/zarr.json,99,2026-06-26 18:25:53.268000,11
train/44b6_33b596bf.geff/nodes/props/z/values/c/0,90,2026-06-26 18:25:53.269000,11
train/44b6_33b596bf.geff/nodes/props/z/values/zarr.json,615,2026-06-26 18:25:53.333000,11
train/44b6_33b596bf.geff/nodes/props/z/zarr.json,99,2026-06-26 18:25:53.246000,11
train/44b6_33b596bf.geff/nodes/props/zarr.json,99,2026-06-26 18:25:53.326000,11
train/44b6_33b596bf.geff/nodes/zarr.json,99,2026-06-26 18:25:53.282000,11
train/44b6_33b596bf.geff/zarr.json,2103,2026-06-26 18:25:53.269000,11
train/44b6_33b596bf.zarr/0/c/0/0/0/0,4800347,2026-06-26 18:04:18.523000,11
train/44b6_33b596bf.zarr/0/c/1/0/0/0,4828666,2026-06-26 18:04:17.414000,11
train/44b6_33b596bf.zarr/0/c/10/0/0/0,4875407,2026-06-26 18:04:21.240000,11
train/44b6_33b596bf.zarr/0/c/11/0/0/0,4879301,2026-06-26 18:04:19.236000,11
train/44b6_33b596bf.zarr/0/c/12/0/0/0,4862701,2026-06-26 18:04:14.944000,11
train/44b6_33b596bf.zarr/0/c/13/0/0/0,4836747,2026-06-26 18:04:15.865000,11
train/44b6_33b596bf.zarr/0/c/14/0/0/0,4784644,2026-06-26 18:04:17.298000,11
train/44b6_33b596bf.zarr/0/c/15/0/0/0,4850242,2026-06-26 18:04:18.763000,11
train/44b6_33b596bf.zarr/0/c/16/0/0/0,4842976,2026-06-26 18:04:21.405000,11
train/44b6_33b596bf.zarr/0/c/17/0/0/0,4830890,2026-06-26 18:04:24.016000,11
train/44b6_33b596bf.zarr/0/c/18/0/0/0,4903486,2026-06-26 18:04:23.524000,11
train/44b6_33b596bf.zarr/0/c/19/0/0/0,4893292,2026-06-26 18:04:16.032000,11
train/44b6_33b596bf.zarr/0/c/2/0/0/0,4839734,2026-06-26 18:04:14.195000,11
train/44b6_33b596bf.zarr/0/c/20/0/0/0,4903095,2026-06-26 18:04:17.846000,11
train/44b6_33b596bf.zarr/0/c/21/0/0/0,4918283,2026-06-26 18:04:19.095000,11
train/44b6_33b596bf.zarr/0/c/22/0/0/0,4933821,2026-06-26 18:04:23.925000,11
train/44b6_33b596bf.zarr/0/c/23/0/0/0,4925021,2026-06-26 18:04:13.073000,11
train/44b6_33b596bf.zarr/0/c/24/0/0/0,4924430,2026-06-26 18:04:17.790000,11
train/44b6_33b596bf.zarr/0/c/25/0/0/0,4932744,2026-06-26 18:04:13.221000,11
train/44b6_33b596bf.zarr/0/c/26/0/0/0,4937255,2026-06-26 18:04:24.239000,11
train/44b6_33b596bf.zarr/0/c/27/0/0/0,4942812,2026-06-26 18:04:23.173000,11
train/44b6_33b596bf.zarr/0/c/28/0/0/0,4936528,2026-06-26 18:04:22.657000,11
train/44b6_33b596bf.zarr/0/c/29/0/0/0,4933716,2026-06-26 18:04:14.344000,11
train/44b6_33b596bf.zarr/0/c/3/0/0/0,4846014,2026-06-26 18:04:17.960000,11
train/44b6_33b596bf.zarr/0/c/30/0/0/0,4939252,2026-06-26 18:04:16.674000,11
train/44b6_33b596bf.zarr/0/c/31/0/0/0,4938829,2026-06-26 18:04:23.869000,11
train/44b6_33b596bf.zarr/0/c/32/0/0/0,4960223,2026-06-26 18:04:22.111000,11
train/44b6_33b596bf.zarr/0/c/33/0/0/0,4956208,2026-06-26 18:04:14.028000,11
train/44b6_33b596bf.zarr/0/c/34/0/0/0,4946715,2026-06-26 18:04:15.674000,11
train/44b6_33b596bf.zarr/0/c/35/0/0/0,4955824,2026-06-26 18:04:14.472000,11
train/44b6_33b596bf.zarr/0/c/36/0/0/0,4950041,2026-06-26 18:04:19.554000,11
train/44b6_33b596bf.zarr/0/c/37/0/0/0,4955674,2026-06-26 18:04:23.001000,11
train/44b6_33b596bf.zarr/0/c/38/0/0/0,4956415,2026-06-26 18:04:22.865000,11
train/44b6_33b596bf.zarr/0/c/39/0/0/0,4950934,2026-06-26 18:04:16.612000,11
train/44b6_33b596bf.zarr/0/c/4/0/0/0,4851082,2026-06-26 18:04:16.179000,11
train/44b6_33b596bf.zarr/0/c/40/0/0/0,4948887,2026-06-26 18:04:13.479000,11
train/44b6_33b596bf.zarr/0/c/41/0/0/0,4944206,2026-06-26 18:04:17.021000,11
train/44b6_33b596bf.zarr/0/c/42/0/0/0,4947411,2026-06-26 18:04:18.450000,11
train/44b6_33b596bf.zarr/0/c/43/0/0/0,4936788,2026-06-26 18:04:24.142000,11
train/44b6_33b596bf.zarr/0/c/44/0/0/0,4935629,2026-06-26 18:04:20.526000,11
train/44b6_33b596bf.zarr/0/c/45/0/0/0,4930772,2026-06-26 18:04:15.477000,11
train/44b6_33b596bf.zarr/0/c/46/0/0/0,4937241,2026-06-26 18:04:14.642000,11
train/44b6_33b596bf.zarr/0/c/47/0/0/0,4911446,2026-06-26 18:04:16.821000,11
train/44b6_33b596bf.zarr/0/c/48/0/0/0,4903972,2026-06-26 18:04:12.896000,11
train/44b6_33b596bf.zarr/0/c/49/0/0/0,4902276,2026-06-26 18:04:14.140000,11
train/44b6_33b596bf.zarr/0/c/5/0/0/0,4849730,2026-06-26 18:04:23.302000,11
train/44b6_33b596bf.zarr/0/c/50/0/0/0,4896317,2026-06-26 18:04:18.113000,11
train/44b6_33b596bf.zarr/0/c/51/0/0/0,4891192,2026-06-26 18:04:18.312000,11
train/44b6_33b596bf.zarr/0/c/52/0/0/0,4869032,2026-06-26 18:04:19.742000,11
train/44b6_33b596bf.zarr/0/c/53/0/0/0,4868080,2026-06-26 18:04:22.424000,11
train/44b6_33b596bf.zarr/0/c/54/0/0/0,4851263,2026-06-26 18:04:19.978000,11
train/44b6_33b596bf.zarr/0/c/55/0/0/0,4836242,2026-06-26 18:04:22.078000,11
train/44b6_33b596bf.zarr/0/c/56/0/0/0,4820479,2026-06-26 18:04:19.300000,11
train/44b6_33b596bf.zarr/0/c/57/0/0/0,4816777,2026-06-26 18:04:19.854000,11
train/44b6_33b596bf.zarr/0/c/58/0/0/0,4788496,2026-06-26 18:04:22.497000,11
train/44b6_33b596bf.zarr/0/c/59/0/0/0,4772015,2026-06-26 18:04:16.021000,11
train/44b6_33b596bf.zarr/0/c/6/0/0/0,4854339,2026-06-26 18:04:20.749000,11
train/44b6_33b596bf.zarr/0/c/60/0/0/0,4767400,2026-06-26 18:04:24.175000,11
train/44b6_33b596bf.zarr/0/c/61/0/0/0,4733121,2026-06-26 18:04:13.871000,11
train/44b6_33b596bf.zarr/0/c/62/0/0/0,4718587,2026-06-26 18:04:22.523000,11
train/44b6_33b596bf.zarr/0/c/63/0/0/0,4709530,2026-06-26 18:04:18.202000,11
train/44b6_33b596bf.zarr/0/c/64/0/0/0,4696876,2026-06-26 18:04:12.983000,11
train/44b6_33b596bf.zarr/0/c/65/0/0/0,4679689,2026-06-26 18:04:22.957000,11
train/44b6_33b596bf.zarr/0/c/66/0/0/0,4667797,2026-06-26 18:04:13.836000,11
train/44b6_33b596bf.zarr/0/c/67/0/0/0,4657203,2026-06-26 18:04:19.405000,11
train/44b6_33b596bf.zarr/0/c/68/0/0/0,4641664,2026-06-26 18:04:20.821000,11
train/44b6_33b596bf.zarr/0/c/69/0/0/0,4622015,2026-06-26 18:04:15.755000,11
train/44b6_33b596bf.zarr/0/c/7/0/0/0,4857763,2026-06-26 18:04:18.963000,11
train/44b6_33b596bf.zarr/0/c/70/0/0/0,4610339,2026-06-26 18:04:16.463000,11
train/44b6_33b596bf.zarr/0/c/71/0/0/0,4588530,2026-06-26 18:04:16.487000,11
train/44b6_33b596bf.zarr/0/c/72/0/0/0,4589863,2026-06-26 18:04:17.158000,11
train/44b6_33b596bf.zarr/0/c/73/0/0/0,4571735,2026-06-26 18:04:13.701000,11
train/44b6_33b596bf.zarr/0/c/74/0/0/0,4577828,2026-06-26 18:04:20.218000,11
train/44b6_33b596bf.zarr/0/c/75/0/0/0,4556233,2026-06-26 18:04:16.254000,11
train/44b6_33b596bf.zarr/0/c/76/0/0/0,4541988,2026-06-26 18:04:14.991000,11
train/44b6_33b596bf.zarr/0/c/77/0/0/0,4533394,2026-06-26 18:04:13.285000,11
train/44b6_33b596bf.zarr/0/c/78/0/0/0,4509233,2026-06-26 18:04:14.874000,11
train/44b6_33b596bf.zarr/0/c/79/0/0/0,4510930,2026-06-26 18:04:21.655000,11
train/44b6_33b596bf.zarr/0/c/8/0/0/0,4863302,2026-06-26 18:04:16.570000,11
train/44b6_33b596bf.zarr/0/c/80/0/0/0,4505993,2026-06-26 18:04:21.883000,11
train/44b6_33b596bf.zarr/0/c/81/0/0/0,4499791,2026-06-26 18:04:23.974000,11
train/44b6_33b596bf.zarr/0/c/82/0/0/0,4496014,2026-06-26 18:04:23.561000,11
train/44b6_33b596bf.zarr/0/c/83/0/0/0,4488705,2026-06-26 18:04:18.367000,11
train/44b6_33b596bf.zarr/0/c/84/0/0/0,4475804,2026-06-26 18:04:16.307000,11
train/44b6_33b596bf.zarr/0/c/85/0/0/0,4474118,2026-06-26 18:04:21.506000,11
train/44b6_33b596bf.zarr/0/c/86/0/0/0,4462707,2026-06-26 18:04:19.659000,11
train/44b6_33b596bf.zarr/0/c/87/0/0/0,4461411,2026-06-26 18:04:21.138000,11
train/44b6_33b596bf.zarr/0/c/88/0/0/0,4455785,2026-06-26 18:04:21.734000,11
train/44b6_33b596bf.zarr/0/c/89/0/0/0,4453778,2026-06-26 18:04:15.300000,11
train/44b6_33b596bf.zarr/0/c/9/0/0/0,4868418,2026-06-26 18:04:16.926000,11
train/44b6_33b596bf.zarr/0/c/90/0/0/0,4444738,2026-06-26 18:04:21.017000,11
train/44b6_33b596bf.zarr/0/c/91/0/0/0,4434818,2026-06-26 18:04:20.044000,11
train/44b6_33b596bf.zarr/0/c/92/0/0/0,4432317,2026-06-26 18:04:22.308000,11
train/44b6_33b596bf.zarr/0/c/93/0/0/0,4436002,2026-06-26 18:04:13.589000,11
train/44b6_33b596bf.zarr/0/c/94/0/0/0,4421971,2026-06-26 18:04:23.468000,11
train/44b6_33b596bf.zarr/0/c/95/0/0/0,4406667,2026-06-26 18:04:15.129000,11
train/44b6_33b596bf.zarr/0/c/96/0/0/0,4395265,2026-06-26 18:04:13.955000,11
train/44b6_33b596bf.zarr/0/c/97/0/0/0,4377607,2026-06-26 18:04:20.899000,11
train/44b6_33b596bf.zarr/0/c/98/0/0/0,4378222,2026-06-26 18:04:18.006000,11
train/44b6_33b596bf.zarr/0/c/99/0/0/0,4352894,2026-06-26 18:04:17.500000,11
train/44b6_33b596bf.zarr/0/zarr.json,760,2026-06-26 18:04:24.206000,11
train/44b6_33b596bf.zarr/zarr.json,1293,2026-06-26 18:04:24.217000,11
train/44b6_341df25f.geff/edges/ids/c/0/0,812,2026-06-26 18:32:35.836000,11
train/44b6_341df25f.geff/edges/ids/zarr.json,636,2026-06-26 18:32:35.857000,11
train/44b6_341df25f.geff/edges/props/zarr.json,99,2026-06-26 18:32:35.837000,11
train/44b6_341df25f.geff/edges/zarr.json,99,2026-06-26 18:32:35.880000,11
train/44b6_341df25f.geff/nodes/ids/c/0,612,2026-06-26 18:32:35.845000,11
train/44b6_341df25f.geff/nodes/ids/zarr.json,618,2026-06-26 18:32:35.857000,11
train/44b6_341df25f.geff/nodes/props/t/values/c/0,146,2026-06-26 18:32:35.869000,11
train/44b6_341df25f.geff/nodes/props/t/values/zarr.json,617,2026-06-26 18:32:35.839000,11
train/44b6_341df25f.geff/nodes/props/t/zarr.json,99,2026-06-26 18:32:35.884000,11
train/44b6_341df25f.geff/nodes/props/x/values/c/0,229,2026-06-26 18:32:35.836000,11
train/44b6_341df25f.geff/nodes/props/x/values/zarr.json,617,2026-06-26 18:32:35.875000,11
train/44b6_341df25f.geff/nodes/props/x/zarr.json,99,2026-06-26 18:32:35.887000,11
train/44b6_341df25f.geff/nodes/props/y/values/c/0,282,2026-06-26 18:32:35.836000,11
train/44b6_341df25f.geff/nodes/props/y/values/zarr.json,617,2026-06-26 18:32:35.847000,11
train/44b6_341df25f.geff/nodes/props/y/zarr.json,99,2026-06-26 18:32:35.834000,11
train/44b6_341df25f.geff/nodes/props/z/values/c/0,180,2026-06-26 18:32:35.839000,11
train/44b6_341df25f.geff/nodes/props/z/values/zarr.json,617,2026-06-26 18:32:35.840000,11
train/44b6_341df25f.geff/nodes/props/z/zarr.json,99,2026-06-26 18:32:35.871000,11
train/44b6_341df25f.geff/nodes/props/zarr.json,99,2026-06-26 18:32:35.850000,11
train/44b6_341df25f.geff/nodes/zarr.json,99,2026-06-26 18:32:35.879000,11
train/44b6_341df25f.geff/zarr.json,2100,2026-06-26 18:32:35.850000,11
train/44b6_341df25f.zarr/0/c/0/0/0/0,3988606,2026-06-26 18:04:29.550000,11
train/44b6_341df25f.zarr/0/c/1/0/0/0,4005983,2026-06-26 18:04:28.491000,11
train/44b6_341df25f.zarr/0/c/10/0/0/0,4000709,2026-06-26 18:04:31.388000,11
train/44b6_341df25f.zarr/0/c/11/0/0/0,3988679,2026-06-26 18:04:29.768000,11
train/44b6_341df25f.zarr/0/c/12/0/0/0,3970520,2026-06-26 18:04:26.331000,11
train/44b6_341df25f.zarr/0/c/13/0/0/0,3978589,2026-06-26 18:04:27.069000,11
train/44b6_341df25f.zarr/0/c/14/0/0/0,3974169,2026-06-26 18:04:28.399000,11
train/44b6_341df25f.zarr/0/c/15/0/0/0,4006091,2026-06-26 18:04:29.577000,11
train/44b6_341df25f.zarr/0/c/16/0/0/0,3997679,2026-06-26 18:04:31.501000,11
train/44b6_341df25f.zarr/0/c/17/0/0/0,3995618,2026-06-26 18:04:33.844000,11
train/44b6_341df25f.zarr/0/c/18/0/0/0,3988959,2026-06-26 18:04:33.766000,11
train/44b6_341df25f.zarr/0/c/19/0/0/0,3982874,2026-06-26 18:04:27.098000,11
train/44b6_341df25f.zarr/0/c/2/0/0/0,4001420,2026-06-26 18:04:25.516000,11
train/44b6_341df25f.zarr/0/c/20/0/0/0,3989510,2026-06-26 18:04:28.711000,11
train/44b6_341df25f.zarr/0/c/21/0/0/0,3994402,2026-06-26 18:04:29.693000,11
train/44b6_341df25f.zarr/0/c/22/0/0/0,3988147,2026-06-26 18:04:33.739000,11
train/44b6_341df25f.zarr/0/c/23/0/0/0,3992563,2026-06-26 18:04:24.597000,11
train/44b6_341df25f.zarr/0/c/24/0/0/0,3973898,2026-06-26 18:04:28.882000,11
train/44b6_341df25f.zarr/0/c/25/0/0/0,3974579,2026-06-26 18:04:24.667000,11
train/44b6_341df25f.zarr/0/c/26/0/0/0,3973944,2026-06-26 18:04:34.002000,11
train/44b6_341df25f.zarr/0/c/27/0/0/0,3961981,2026-06-26 18:04:32.754000,11
train/44b6_341df25f.zarr/0/c/28/0/0/0,3960936,2026-06-26 18:04:32.438000,11
train/44b6_341df25f.zarr/0/c/29/0/0/0,3953281,2026-06-26 18:04:25.688000,11
train/44b6_341df25f.zarr/0/c/3/0/0/0,3994963,2026-06-26 18:04:28.960000,11
train/44b6_341df25f.zarr/0/c/30/0/0/0,3935753,2026-06-26 18:04:27.963000,11
train/44b6_341df25f.zarr/0/c/31/0/0/0,3927827,2026-06-26 18:04:33.679000,11
train/44b6_341df25f.zarr/0/c/32/0/0/0,3914001,2026-06-26 18:04:31.924000,11
train/44b6_341df25f.zarr/0/c/33/0/0/0,3903514,2026-06-26 18:04:25.298000,11
train/44b6_341df25f.zarr/0/c/34/0/0/0,3905646,2026-06-26 18:04:26.871000,11
train/44b6_341df25f.zarr/0/c/35/0/0/0,3904335,2026-06-26 18:04:25.881000,11
train/44b6_341df25f.zarr/0/c/36/0/0/0,3898679,2026-06-26 18:04:30.087000,11
train/44b6_341df25f.zarr/0/c/37/0/0/0,3906647,2026-06-26 18:04:32.693000,11
train/44b6_341df25f.zarr/0/c/38/0/0/0,3904309,2026-06-26 18:04:32.554000,11
train/44b6_341df25f.zarr/0/c/39/0/0/0,3898932,2026-06-26 18:04:27.883000,11
train/44b6_341df25f.zarr/0/c/4/0/0/0,3997383,2026-06-26 18:04:27.429000,11
train/44b6_341df25f.zarr/0/c/40/0/0/0,3911696,2026-06-26 18:04:24.911000,11
train/44b6_341df25f.zarr/0/c/41/0/0/0,3903922,2026-06-26 18:04:28.239000,11
train/44b6_341df25f.zarr/0/c/42/0/0/0,3894861,2026-06-26 18:04:29.475000,11
train/44b6_341df25f.zarr/0/c/43/0/0/0,3889442,2026-06-26 18:04:33.914000,11
train/44b6_341df25f.zarr/0/c/44/0/0/0,3884475,2026-06-26 18:04:30.888000,11
train/44b6_341df25f.zarr/0/c/45/0/0/0,3869685,2026-06-26 18:04:26.769000,11
train/44b6_341df25f.zarr/0/c/46/0/0/0,3862635,2026-06-26 18:04:26.123000,11
train/44b6_341df25f.zarr/0/c/47/0/0/0,3864668,2026-06-26 18:04:28.083000,11
train/44b6_341df25f.zarr/0/c/48/0/0/0,3855798,2026-06-26 18:04:24.363000,11
train/44b6_341df25f.zarr/0/c/49/0/0/0,3865600,2026-06-26 18:04:25.439000,11
train/44b6_341df25f.zarr/0/c/5/0/0/0,3998802,2026-06-26 18:04:32.875000,11
train/44b6_341df25f.zarr/0/c/50/0/0/0,3858660,2026-06-26 18:04:29.216000,11
train/44b6_341df25f.zarr/0/c/51/0/0/0,3864532,2026-06-26 18:04:29.299000,11
train/44b6_341df25f.zarr/0/c/52/0/0/0,3859990,2026-06-26 18:04:30.361000,12
train/44b6_341df25f.zarr/0/c/53/0/0/0,3856008,2026-06-26 18:04:32.068000,12
train/44b6_341df25f.zarr/0/c/54/0/0/0,3847796,2026-06-26 18:04:30.600000,12
train/44b6_341df25f.zarr/0/c/55/0/0/0,3850151,2026-06-26 18:04:31.823000,12
train/44b6_341df25f.zarr/0/c/56/0/0/0,3847973,2026-06-26 18:04:29.882000,12
train/44b6_341df25f.zarr/0/c/57/0/0/0,3841504,2026-06-26 18:04:30.409000,12
train/44b6_341df25f.zarr/0/c/58/0/0/0,3835002,2026-06-26 18:04:32.215000,12
train/44b6_341df25f.zarr/0/c/59/0/0/0,3842300,2026-06-26 18:04:27.374000,12
train/44b6_341df25f.zarr/0/c/6/0/0/0,4000214,2026-06-26 18:04:30.955000,12
train/44b6_341df25f.zarr/0/c/60/0/0/0,3842040,2026-06-26 18:04:33.961000,12
train/44b6_341df25f.zarr/0/c/61/0/0/0,3839608,2026-06-26 18:04:25.142000,12
train/44b6_341df25f.zarr/0/c/62/0/0/0,3844421,2026-06-26 18:04:32.293000,12
train/44b6_341df25f.zarr/0/c/63/0/0/0,3844548,2026-06-26 18:04:29.232000,12
train/44b6_341df25f.zarr/0/c/64/0/0/0,3843673,2026-06-26 18:04:24.447000,12
train/44b6_341df25f.zarr/0/c/65/0/0/0,3830371,2026-06-26 18:04:32.613000,12
train/44b6_341df25f.zarr/0/c/66/0/0/0,3820327,2026-06-26 18:04:25.108000,12
train/44b6_341df25f.zarr/0/c/67/0/0/0,3809511,2026-06-26 18:04:29.969000,12
train/44b6_341df25f.zarr/0/c/68/0/0/0,3808545,2026-06-26 18:04:31.001000,12
train/44b6_341df25f.zarr/0/c/69/0/0/0,3797382,2026-06-26 18:04:26.982000,12
train/44b6_341df25f.zarr/0/c/7/0/0/0,4022648,2026-06-26 18:04:29.655000,12
train/44b6_341df25f.zarr/0/c/70/0/0/0,3794539,2026-06-26 18:04:27.714000,12
train/44b6_341df25f.zarr/0/c/71/0/0/0,3785381,2026-06-26 18:04:27.767000,12
train/44b6_341df25f.zarr/0/c/72/0/0/0,3768172,2026-06-26 18:04:28.263000,12
train/44b6_341df25f.zarr/0/c/73/0/0/0,3758449,2026-06-26 18:04:25.021000,12
train/44b6_341df25f.zarr/0/c/74/0/0/0,3763873,2026-06-26 18:04:30.712000,12
train/44b6_341df25f.zarr/0/c/75/0/0/0,3747634,2026-06-26 18:04:27.482000,12
train/44b6_341df25f.zarr/0/c/76/0/0/0,3750331,2026-06-26 18:04:26.412000,12
train/44b6_341df25f.zarr/0/c/77/0/0/0,3745643,2026-06-26 18:04:24.833000,12
train/44b6_341df25f.zarr/0/c/78/0/0/0,3737544,2026-06-26 18:04:26.201000,12
train/44b6_341df25f.zarr/0/c/79/0/0/0,3739525,2026-06-26 18:04:31.588000,12
train/44b6_341df25f.zarr/0/c/8/0/0/0,4026495,2026-06-26 18:04:27.833000,12
train/44b6_341df25f.zarr/0/c/80/0/0/0,3742487,2026-06-26 18:04:31.756000,12
train/44b6_341df25f.zarr/0/c/81/0/0/0,3735535,2026-06-26 18:04:33.557000,12
train/44b6_341df25f.zarr/0/c/82/0/0/0,3730482,2026-06-26 18:04:33.782000,12
train/44b6_341df25f.zarr/0/c/83/0/0/0,3722845,2026-06-26 18:04:29.369000,12
train/44b6_341df25f.zarr/0/c/84/0/0/0,3713918,2026-06-26 18:04:27.614000,12
train/44b6_341df25f.zarr/0/c/85/0/0/0,3722086,2026-06-26 18:04:31.502000,12
train/44b6_341df25f.zarr/0/c/86/0/0/0,3720933,2026-06-26 18:04:30.172000,12
train/44b6_341df25f.zarr/0/c/87/0/0/0,3713850,2026-06-26 18:04:31.680000,12
train/44b6_341df25f.zarr/0/c/88/0/0/0,3719984,2026-06-26 18:04:31.728000,12
train/44b6_341df25f.zarr/0/c/89/0/0/0,3718971,2026-06-26 18:04:26.641000,12
train/44b6_341df25f.zarr/0/c/9/0/0/0,4002492,2026-06-26 18:04:28.158000,12
train/44b6_341df25f.zarr/0/c/90/0/0/0,3708616,2026-06-26 18:04:31.220000,12
train/44b6_341df25f.zarr/0/c/91/0/0/0,3705254,2026-06-26 18:04:30.614000,12
train/44b6_341df25f.zarr/0/c/92/0/0/0,3703465,2026-06-26 18:04:31.992000,12
train/44b6_341df25f.zarr/0/c/93/0/0/0,3695551,2026-06-26 18:04:24.988000,12
train/44b6_341df25f.zarr/0/c/94/0/0/0,3695959,2026-06-26 18:04:33.179000,12
train/44b6_341df25f.zarr/0/c/95/0/0/0,3691735,2026-06-26 18:04:26.522000,12
train/44b6_341df25f.zarr/0/c/96/0/0/0,3679453,2026-06-26 18:04:25.236000,12
train/44b6_341df25f.zarr/0/c/97/0/0/0,3668123,2026-06-26 18:04:31.109000,12
train/44b6_341df25f.zarr/0/c/98/0/0/0,3666579,2026-06-26 18:04:29.082000,12
train/44b6_341df25f.zarr/0/c/99/0/0/0,3665717,2026-06-26 18:04:28.604000,12
train/44b6_341df25f.zarr/0/zarr.json,760,2026-06-26 18:04:33.973000,12
train/44b6_341df25f.zarr/zarr.json,1277,2026-06-26 18:04:33.968000,12
train/44b6_3a861e03.geff/edges/ids/c/0/0,2407,2026-06-26 18:17:20.078000,12
train/44b6_3a861e03.geff/edges/ids/zarr.json,636,2026-06-26 18:17:20.061000,12
train/44b6_3a861e03.geff/edges/props/zarr.json,99,2026-06-26 18:17:20.056000,12
train/44b6_3a861e03.geff/edges/zarr.json,99,2026-06-26 18:17:20.077000,12
train/44b6_3a861e03.geff/nodes/ids/c/0,1303,2026-06-26 18:17:20.079000,12
train/44b6_3a861e03.geff/nodes/ids/zarr.json,618,2026-06-26 18:17:20.056000,12
train/44b6_3a861e03.geff/nodes/props/t/values/c/0,207,2026-06-26 18:17:20.009000,12
train/44b6_3a861e03.geff/nodes/props/t/values/zarr.json,617,2026-06-26 18:17:20,12
train/44b6_3a861e03.geff/nodes/props/t/zarr.json,99,2026-06-26 18:17:20.018000,12
train/44b6_3a861e03.geff/nodes/props/x/values/c/0,1037,2026-06-26 18:17:20.030000,12
train/44b6_3a861e03.geff/nodes/props/x/values/zarr.json,617,2026-06-26 18:17:20.034000,12
train/44b6_3a861e03.geff/nodes/props/x/zarr.json,99,2026-06-26 18:17:20.041000,12
train/44b6_3a861e03.geff/nodes/props/y/values/c/0,1045,2026-06-26 18:17:20.024000,12
train/44b6_3a861e03.geff/nodes/props/y/values/zarr.json,617,2026-06-26 18:17:20.072000,12
train/44b6_3a861e03.geff/nodes/props/y/zarr.json,99,2026-06-26 18:17:20.079000,12
train/44b6_3a861e03.geff/nodes/props/z/values/c/0,695,2026-06-26 18:17:19.995000,12
train/44b6_3a861e03.geff/nodes/props/z/values/zarr.json,617,2026-06-26 18:17:20.001000,12
train/44b6_3a861e03.geff/nodes/props/z/zarr.json,99,2026-06-26 18:17:20.054000,12
train/44b6_3a861e03.geff/nodes/props/zarr.json,99,2026-06-26 18:17:20.024000,12
train/44b6_3a861e03.geff/nodes/zarr.json,99,2026-06-26 18:17:20.042000,12
train/44b6_3a861e03.geff/zarr.json,2100,2026-06-26 18:17:20.086000,12
train/44b6_3a861e03.zarr/0/c/0/0/0/0,4748197,2026-06-26 18:17:27.921000,12
train/44b6_3a861e03.zarr/0/c/1/0/0/0,4749371,2026-06-26 18:17:26.322000,12
train/44b6_3a861e03.zarr/0/c/10/0/0/0,4761895,2026-06-26 18:17:30.849000,12
train/44b6_3a861e03.zarr/0/c/11/0/0/0,4757304,2026-06-26 18:17:28.525000,12
train/44b6_3a861e03.zarr/0/c/12/0/0/0,4751198,2026-06-26 18:17:22.505000,12
train/44b6_3a861e03.zarr/0/c/13/0/0/0,4773898,2026-06-26 18:17:23.735000,12
train/44b6_3a861e03.zarr/0/c/14/0/0/0,4786566,2026-06-26 18:17:26.166000,12
train/44b6_3a861e03.zarr/0/c/15/0/0/0,4789194,2026-06-26 18:17:28.051000,12
train/44b6_3a861e03.zarr/0/c/16/0/0/0,4790144,2026-06-26 18:17:31.028000,12
train/44b6_3a861e03.zarr/0/c/17/0/0/0,4786333,2026-06-26 18:17:34.860000,12
train/44b6_3a861e03.zarr/0/c/18/0/0/0,4792448,2026-06-26 18:17:34.063000,12
train/44b6_3a861e03.zarr/0/c/19/0/0/0,4782919,2026-06-26 18:17:23.806000,12
train/44b6_3a861e03.zarr/0/c/2/0/0/0,4746934,2026-06-26 18:17:21.766000,12
train/44b6_3a861e03.zarr/0/c/20/0/0/0,4802298,2026-06-26 18:17:26.593000,12
train/44b6_3a861e03.zarr/0/c/21/0/0/0,4799909,2026-06-26 18:17:28.374000,12
train/44b6_3a861e03.zarr/0/c/22/0/0/0,4818449,2026-06-26 18:17:34.785000,12
train/44b6_3a861e03.zarr/0/c/23/0/0/0,4814987,2026-06-26 18:17:20.388000,12
train/44b6_3a861e03.zarr/0/c/24/0/0/0,4802181,2026-06-26 18:17:26.737000,12
train/44b6_3a861e03.zarr/0/c/25/0/0/0,4820432,2026-06-26 18:17:20.522000,12
train/44b6_3a861e03.zarr/0/c/26/0/0/0,4817231,2026-06-26 18:17:35.308000,12
train/44b6_3a861e03.zarr/0/c/27/0/0/0,4831743,2026-06-26 18:17:33.581000,12
train/44b6_3a861e03.zarr/0/c/28/0/0/0,4823745,2026-06-26 18:17:32.904000,12
train/44b6_3a861e03.zarr/0/c/29/0/0/0,4832026,2026-06-26 18:17:21.923000,12
train/44b6_3a861e03.zarr/0/c/3/0/0/0,4764658,2026-06-26 18:17:26.846000,12
train/44b6_3a861e03.zarr/0/c/30/0/0/0,4845009,2026-06-26 18:17:25.513000,12
train/44b6_3a861e03.zarr/0/c/31/0/0/0,4848728,2026-06-26 18:17:34.576000,12
train/44b6_3a861e03.zarr/0/c/32/0/0/0,4834454,2026-06-26 18:17:32.085000,12
train/44b6_3a861e03.zarr/0/c/33/0/0/0,4827474,2026-06-26 18:17:21.521000,12
train/44b6_3a861e03.zarr/0/c/34/0/0/0,4840181,2026-06-26 18:17:23.444000,12
train/44b6_3a861e03.zarr/0/c/35/0/0/0,4841027,2026-06-26 18:17:22.045000,12
train/44b6_3a861e03.zarr/0/c/36/0/0/0,4851569,2026-06-26 18:17:28.819000,12
train/44b6_3a861e03.zarr/0/c/37/0/0/0,4844467,2026-06-26 18:17:33.485000,12
train/44b6_3a861e03.zarr/0/c/38/0/0/0,4851278,2026-06-26 18:17:33.067000,12
train/44b6_3a861e03.zarr/0/c/39/0/0/0,4869957,2026-06-26 18:17:25.316000,12
train/44b6_3a861e03.zarr/0/c/4/0/0/0,4744646,2026-06-26 18:17:24.176000,12
train/44b6_3a861e03.zarr/0/c/40/0/0/0,4860847,2026-06-26 18:17:20.726000,12
train/44b6_3a861e03.zarr/0/c/41/0/0/0,4866060,2026-06-26 18:17:25.950000,12
train/44b6_3a861e03.zarr/0/c/42/0/0/0,4908506,2026-06-26 18:17:27.769000,12
train/44b6_3a861e03.zarr/0/c/43/0/0/0,4906758,2026-06-26 18:17:34.970000,12
train/44b6_3a861e03.zarr/0/c/44/0/0/0,4911551,2026-06-26 18:17:29.849000,12
train/44b6_3a861e03.zarr/0/c/45/0/0/0,4924412,2026-06-26 18:17:23.228000,12
train/44b6_3a861e03.zarr/0/c/46/0/0/0,4940970,2026-06-26 18:17:22.202000,12
train/44b6_3a861e03.zarr/0/c/47/0/0/0,4934535,2026-06-26 18:17:25.591000,12
train/44b6_3a861e03.zarr/0/c/48/0/0/0,4927938,2026-06-26 18:17:20.316000,12
train/44b6_3a861e03.zarr/0/c/49/0/0/0,4936611,2026-06-26 18:17:21.637000,12
train/44b6_3a861e03.zarr/0/c/5/0/0/0,4734099,2026-06-26 18:17:33.727000,12
train/44b6_3a861e03.zarr/0/c/50/0/0/0,4944942,2026-06-26 18:17:27.126000,12
train/44b6_3a861e03.zarr/0/c/51/0/0/0,4950812,2026-06-26 18:17:27.530000,12
train/44b6_3a861e03.zarr/0/c/52/0/0/0,4954347,2026-06-26 18:17:29.210000,12
train/44b6_3a861e03.zarr/0/c/53/0/0/0,4958712,2026-06-26 18:17:32.436000,12
train/44b6_3a861e03.zarr/0/c/54/0/0/0,4968361,2026-06-26 18:17:29.506000,12
train/44b6_3a861e03.zarr/0/c/55/0/0/0,4972743,2026-06-26 18:17:31.931000,12
train/44b6_3a861e03.zarr/0/c/56/0/0/0,4992377,2026-06-26 18:17:28.662000,12
train/44b6_3a861e03.zarr/0/c/57/0/0/0,4992834,2026-06-26 18:17:29.338000,12
train/44b6_3a861e03.zarr/0/c/58/0/0/0,5014123,2026-06-26 18:17:32.751000,12
train/44b6_3a861e03.zarr/0/c/59/0/0/0,5003704,2026-06-26 18:17:24.012000,12
train/44b6_3a861e03.zarr/0/c/6/0/0/0,4756555,2026-06-26 18:17:29.995000,12
train/44b6_3a861e03.zarr/0/c/60/0/0/0,5006947,2026-06-26 18:17:35.149000,12
train/44b6_3a861e03.zarr/0/c/61/0/0/0,5006296,2026-06-26 18:17:21.303000,12
train/44b6_3a861e03.zarr/0/c/62/0/0/0,5016515,2026-06-26 18:17:32.771000,12
train/44b6_3a861e03.zarr/0/c/63/0/0/0,5022440,2026-06-26 18:17:27.280000,12
train/44b6_3a861e03.zarr/0/c/64/0/0/0,5035586,2026-06-26 18:17:20.315000,12
train/44b6_3a861e03.zarr/0/c/65/0/0/0,5039865,2026-06-26 18:17:33.196000,12
train/44b6_3a861e03.zarr/0/c/66/0/0/0,5043889,2026-06-26 18:17:21.226000,12
train/44b6_3a861e03.zarr/0/c/67/0/0/0,5052386,2026-06-26 18:17:28.830000,12
train/44b6_3a861e03.zarr/0/c/68/0/0/0,5049582,2026-06-26 18:17:30.087000,12
train/44b6_3a861e03.zarr/0/c/69/0/0/0,5056946,2026-06-26 18:17:23.490000,12
train/44b6_3a861e03.zarr/0/c/7/0/0/0,4737476,2026-06-26 18:17:28.182000,12
train/44b6_3a861e03.zarr/0/c/70/0/0/0,5054647,2026-06-26 18:17:24.659000,12
train/44b6_3a861e03.zarr/0/c/71/0/0/0,5045707,2026-06-26 18:17:24.950000,12
train/44b6_3a861e03.zarr/0/c/72/0/0/0,5048233,2026-06-26 18:17:26.049000,12
train/44b6_3a861e03.zarr/0/c/73/0/0/0,5053284,2026-06-26 18:17:20.999000,12
train/44b6_3a861e03.zarr/0/c/74/0/0/0,5052459,2026-06-26 18:17:29.679000,12
train/44b6_3a861e03.zarr/0/c/75/0/0/0,5047525,2026-06-26 18:17:24.366000,12
train/44b6_3a861e03.zarr/0/c/76/0/0/0,5065210,2026-06-26 18:17:22.729000,12
train/44b6_3a861e03.zarr/0/c/77/0/0/0,5063483,2026-06-26 18:17:20.659000,12
train/44b6_3a861e03.zarr/0/c/78/0/0/0,5057883,2026-06-26 18:17:22.348000,12
train/44b6_3a861e03.zarr/0/c/79/0/0/0,5055699,2026-06-26 18:17:31.424000,12
train/44b6_3a861e03.zarr/0/c/8/0/0/0,4745586,2026-06-26 18:17:25.175000,12
train/44b6_3a861e03.zarr/0/c/80/0/0/0,5069405,2026-06-26 18:17:31.657000,12
train/44b6_3a861e03.zarr/0/c/81/0/0/0,5068343,2026-06-26 18:17:34.383000,12
train/44b6_3a861e03.zarr/0/c/82/0/0/0,5066051,2026-06-26 18:17:34.276000,12
train/44b6_3a861e03.zarr/0/c/83/0/0/0,5082583,2026-06-26 18:17:27.595000,12
train/44b6_3a861e03.zarr/0/c/84/0/0/0,5082198,2026-06-26 18:17:24.506000,12
train/44b6_3a861e03.zarr/0/c/85/0/0/0,5081638,2026-06-26 18:17:31.309000,12
train/44b6_3a861e03.zarr/0/c/86/0/0/0,5091175,2026-06-26 18:17:28.959000,12
train/44b6_3a861e03.zarr/0/c/87/0/0/0,5089188,2026-06-26 18:17:30.738000,12
train/44b6_3a861e03.zarr/0/c/88/0/0/0,5087554,2026-06-26 18:17:31.516000,12
train/44b6_3a861e03.zarr/0/c/89/0/0/0,5104883,2026-06-26 18:17:23.128000,12
train/44b6_3a861e03.zarr/0/c/9/0/0/0,4756020,2026-06-26 18:17:25.959000,12
train/44b6_3a861e03.zarr/0/c/90/0/0/0,5099127,2026-06-26 18:17:30.485000,12
train/44b6_3a861e03.zarr/0/c/91/0/0/0,5099591,2026-06-26 18:17:29.562000,12
train/44b6_3a861e03.zarr/0/c/92/0/0/0,5125702,2026-06-26 18:17:32.230000,12
train/44b6_3a861e03.zarr/0/c/93/0/0/0,5117158,2026-06-26 18:17:20.897000,12
train/44b6_3a861e03.zarr/0/c/94/0/0/0,5124510,2026-06-26 18:17:33.925000,12
train/44b6_3a861e03.zarr/0/c/95/0/0/0,5125968,2026-06-26 18:17:22.904000,12
train/44b6_3a861e03.zarr/0/c/96/0/0/0,5142593,2026-06-26 18:17:21.475000,12
train/44b6_3a861e03.zarr/0/c/97/0/0/0,5137715,2026-06-26 18:17:30.318000,12
train/44b6_3a861e03.zarr/0/c/98/0/0/0,5151678,2026-06-26 18:17:26.962000,12
train/44b6_3a861e03.zarr/0/c/99/0/0/0,5142993,2026-06-26 18:17:26.506000,12
train/44b6_3a861e03.zarr/0/zarr.json,760,2026-06-26 18:17:35.248000,12
train/44b6_3a861e03.zarr/zarr.json,1282,2026-06-26 18:17:35.236000,12
train/44b6_3bb3690f.geff/edges/ids/c/0/0,1160,2026-06-26 18:02:19.233000,12
train/44b6_3bb3690f.geff/edges/ids/zarr.json,636,2026-06-26 18:02:19.233000,12
train/44b6_3bb3690f.geff/edges/props/zarr.json,99,2026-06-26 18:02:19.279000,12
train/44b6_3bb3690f.geff/edges/zarr.json,99,2026-06-26 18:02:19.238000,12
train/44b6_3bb3690f.geff/nodes/ids/c/0,754,2026-06-26 18:02:19.241000,12
train/44b6_3bb3690f.geff/nodes/ids/zarr.json,618,2026-06-26 18:02:19.223000,12
train/44b6_3bb3690f.geff/nodes/props/t/values/c/0,139,2026-06-26 18:02:19.238000,12
train/44b6_3bb3690f.geff/nodes/props/t/values/zarr.json,617,2026-06-26 18:02:19.245000,12
train/44b6_3bb3690f.geff/nodes/props/t/zarr.json,99,2026-06-26 18:02:19.252000,12
train/44b6_3bb3690f.geff/nodes/props/x/values/c/0,429,2026-06-26 18:02:19.295000,12
train/44b6_3bb3690f.geff/nodes/props/x/values/zarr.json,617,2026-06-26 18:02:19.229000,12
train/44b6_3bb3690f.geff/nodes/props/x/zarr.json,99,2026-06-26 18:02:19.224000,12
train/44b6_3bb3690f.geff/nodes/props/y/values/c/0,470,2026-06-26 18:02:19.223000,12
train/44b6_3bb3690f.geff/nodes/props/y/values/zarr.json,617,2026-06-26 18:02:19.239000,12
train/44b6_3bb3690f.geff/nodes/props/y/zarr.json,99,2026-06-26 18:02:19.226000,12
train/44b6_3bb3690f.geff/nodes/props/z/values/c/0,237,2026-06-26 18:02:19.225000,12
train/44b6_3bb3690f.geff/nodes/props/z/values/zarr.json,617,2026-06-26 18:02:19.231000,12
train/44b6_3bb3690f.geff/nodes/props/z/zarr.json,99,2026-06-26 18:02:19.228000,12
train/44b6_3bb3690f.geff/nodes/props/zarr.json,99,2026-06-26 18:02:19.241000,12
train/44b6_3bb3690f.geff/nodes/zarr.json,99,2026-06-26 18:02:19.271000,12
train/44b6_3bb3690f.geff/zarr.json,2103,2026-06-26 18:02:19.233000,12
train/44b6_3bb3690f.zarr/0/c/0/0/0/0,4767314,2026-06-26 18:09:50.448000,12
train/44b6_3bb3690f.zarr/0/c/1/0/0/0,4790678,2026-06-26 18:09:48.677000,12
train/44b6_3bb3690f.zarr/0/c/10/0/0/0,4843521,2026-06-26 18:09:53.248000,13
train/44b6_3bb3690f.zarr/0/c/11/0/0/0,4857378,2026-06-26 18:09:50.875000,13
train/44b6_3bb3690f.zarr/0/c/12/0/0/0,4862474,2026-06-26 18:09:45.197000,13
train/44b6_3bb3690f.zarr/0/c/13/0/0/0,4885364,2026-06-26 18:09:46.473000,13
train/44b6_3bb3690f.zarr/0/c/14/0/0/0,4910065,2026-06-26 18:09:48.493000,13
train/44b6_3bb3690f.zarr/0/c/15/0/0/0,4914498,2026-06-26 18:09:50.583000,13
train/44b6_3bb3690f.zarr/0/c/16/0/0/0,4930811,2026-06-26 18:09:53.390000,13
train/44b6_3bb3690f.zarr/0/c/17/0/0/0,4941742,2026-06-26 18:09:57.606000,13
train/44b6_3bb3690f.zarr/0/c/18/0/0/0,4961727,2026-06-26 18:09:56.814000,13
train/44b6_3bb3690f.zarr/0/c/19/0/0/0,4960973,2026-06-26 18:09:46.604000,13
train/44b6_3bb3690f.zarr/0/c/2/0/0/0,4807151,2026-06-26 18:09:44.518000,13
train/44b6_3bb3690f.zarr/0/c/20/0/0/0,4980932,2026-06-26 18:09:48.939000,13
train/44b6_3bb3690f.zarr/0/c/21/0/0/0,4977311,2026-06-26 18:09:50.849000,13
train/44b6_3bb3690f.zarr/0/c/22/0/0/0,4979372,2026-06-26 18:09:57.380000,13
train/44b6_3bb3690f.zarr/0/c/23/0/0/0,4984882,2026-06-26 18:09:42.697000,13
train/44b6_3bb3690f.zarr/0/c/24/0/0/0,4986636,2026-06-26 18:09:49.034000,13
train/44b6_3bb3690f.zarr/0/c/25/0/0/0,4995933,2026-06-26 18:09:42.788000,13
train/44b6_3bb3690f.zarr/0/c/26/0/0/0,5015820,2026-06-26 18:09:58.138000,13
train/44b6_3bb3690f.zarr/0/c/27/0/0/0,5019593,2026-06-26 18:09:56.632000,13
train/44b6_3bb3690f.zarr/0/c/28/0/0/0,5027624,2026-06-26 18:09:55.406000,13
train/44b6_3bb3690f.zarr/0/c/29/0/0/0,5026116,2026-06-26 18:09:44.696000,13
train/44b6_3bb3690f.zarr/0/c/3/0/0/0,4810974,2026-06-26 18:09:49.146000,13
train/44b6_3bb3690f.zarr/0/c/30/0/0/0,5037111,2026-06-26 18:09:47.697000,13
train/44b6_3bb3690f.zarr/0/c/31/0/0/0,5039677,2026-06-26 18:09:57.273000,13
train/44b6_3bb3690f.zarr/0/c/32/0/0/0,5053433,2026-06-26 18:09:54.364000,13
train/44b6_3bb3690f.zarr/0/c/33/0/0/0,5060070,2026-06-26 18:09:44.154000,13
train/44b6_3bb3690f.zarr/0/c/34/0/0/0,5072154,2026-06-26 18:09:46.210000,13
train/44b6_3bb3690f.zarr/0/c/35/0/0/0,5075830,2026-06-26 18:09:44.843000,13
train/44b6_3bb3690f.zarr/0/c/36/0/0/0,5082734,2026-06-26 18:09:51.222000,13
train/44b6_3bb3690f.zarr/0/c/37/0/0/0,5091296,2026-06-26 18:09:55.967000,13
train/44b6_3bb3690f.zarr/0/c/38/0/0/0,5087594,2026-06-26 18:09:55.753000,13
train/44b6_3bb3690f.zarr/0/c/39/0/0/0,5084884,2026-06-26 18:09:47.614000,13
train/44b6_3bb3690f.zarr/0/c/4/0/0/0,4823108,2026-06-26 18:09:46.863000,13
train/44b6_3bb3690f.zarr/0/c/40/0/0/0,5089853,2026-06-26 18:09:43.059000,13
train/44b6_3bb3690f.zarr/0/c/41/0/0/0,5107418,2026-06-26 18:09:48.187000,13
train/44b6_3bb3690f.zarr/0/c/42/0/0/0,5116151,2026-06-26 18:09:50.356000,13
train/44b6_3bb3690f.zarr/0/c/43/0/0/0,5124477,2026-06-26 18:09:57.821000,13
train/44b6_3bb3690f.zarr/0/c/44/0/0/0,5105938,2026-06-26 18:09:52.434000,13
train/44b6_3bb3690f.zarr/0/c/45/0/0/0,5103011,2026-06-26 18:09:46.078000,13
train/44b6_3bb3690f.zarr/0/c/46/0/0/0,5104159,2026-06-26 18:09:44.988000,13
train/44b6_3bb3690f.zarr/0/c/47/0/0/0,5120065,2026-06-26 18:09:47.870000,13
train/44b6_3bb3690f.zarr/0/c/48/0/0/0,5132215,2026-06-26 18:09:42.449000,13
train/44b6_3bb3690f.zarr/0/c/49/0/0/0,5132595,2026-06-26 18:09:44.317000,13
train/44b6_3bb3690f.zarr/0/c/5/0/0/0,4817615,2026-06-26 18:09:56.337000,13
train/44b6_3bb3690f.zarr/0/c/50/0/0/0,5149407,2026-06-26 18:09:49.736000,13
train/44b6_3bb3690f.zarr/0/c/51/0/0/0,5148527,2026-06-26 18:09:49.973000,13
train/44b6_3bb3690f.zarr/0/c/52/0/0/0,5145714,2026-06-26 18:09:51.625000,13
train/44b6_3bb3690f.zarr/0/c/53/0/0/0,5148197,2026-06-26 18:09:54.770000,13
train/44b6_3bb3690f.zarr/0/c/54/0/0/0,5135828,2026-06-26 18:09:51.920000,13
train/44b6_3bb3690f.zarr/0/c/55/0/0/0,5146673,2026-06-26 18:09:54.184000,13
train/44b6_3bb3690f.zarr/0/c/56/0/0/0,5121089,2026-06-26 18:09:50.998000,13
train/44b6_3bb3690f.zarr/0/c/57/0/0/0,5129617,2026-06-26 18:09:51.768000,13
train/44b6_3bb3690f.zarr/0/c/58/0/0/0,5161712,2026-06-26 18:09:54.931000,13
train/44b6_3bb3690f.zarr/0/c/59/0/0/0,5165045,2026-06-26 18:09:46.746000,13
train/44b6_3bb3690f.zarr/0/c/6/0/0/0,4820507,2026-06-26 18:09:52.525000,13
train/44b6_3bb3690f.zarr/0/c/60/0/0/0,5153960,2026-06-26 18:09:57.960000,13
train/44b6_3bb3690f.zarr/0/c/61/0/0/0,5154692,2026-06-26 18:09:43.861000,13
train/44b6_3bb3690f.zarr/0/c/62/0/0/0,5145669,2026-06-26 18:09:55.079000,13
train/44b6_3bb3690f.zarr/0/c/63/0/0/0,5143234,2026-06-26 18:09:49.876000,13
train/44b6_3bb3690f.zarr/0/c/64/0/0/0,5146675,2026-06-26 18:09:42.586000,13
train/44b6_3bb3690f.zarr/0/c/65/0/0/0,5157808,2026-06-26 18:09:55.871000,13
train/44b6_3bb3690f.zarr/0/c/66/0/0/0,5169927,2026-06-26 18:09:43.671000,13
train/44b6_3bb3690f.zarr/0/c/67/0/0/0,5176488,2026-06-26 18:09:51.144000,13
train/44b6_3bb3690f.zarr/0/c/68/0/0/0,5177990,2026-06-26 18:09:52.765000,13
train/44b6_3bb3690f.zarr/0/c/69/0/0/0,5161770,2026-06-26 18:09:46.300000,13
train/44b6_3bb3690f.zarr/0/c/7/0/0/0,4826306,2026-06-26 18:09:50.647000,13
train/44b6_3bb3690f.zarr/0/c/70/0/0/0,5192552,2026-06-26 18:09:47.235000,13
train/44b6_3bb3690f.zarr/0/c/71/0/0/0,5190947,2026-06-26 18:09:47.460000,13
train/44b6_3bb3690f.zarr/0/c/72/0/0/0,5198793,2026-06-26 18:09:48.315000,13
train/44b6_3bb3690f.zarr/0/c/73/0/0/0,5207500,2026-06-26 18:09:43.347000,13
train/44b6_3bb3690f.zarr/0/c/74/0/0/0,5208033,2026-06-26 18:09:52.346000,13
train/44b6_3bb3690f.zarr/0/c/75/0/0/0,5232204,2026-06-26 18:09:47.036000,13
train/44b6_3bb3690f.zarr/0/c/76/0/0/0,5222103,2026-06-26 18:09:45.371000,13
train/44b6_3bb3690f.zarr/0/c/77/0/0/0,5216313,2026-06-26 18:09:42.928000,13
train/44b6_3bb3690f.zarr/0/c/78/0/0/0,5213585,2026-06-26 18:09:45.078000,13
train/44b6_3bb3690f.zarr/0/c/79/0/0/0,5215831,2026-06-26 18:09:53.753000,13
train/44b6_3bb3690f.zarr/0/c/8/0/0/0,4837059,2026-06-26 18:09:47.549000,13
train/44b6_3bb3690f.zarr/0/c/80/0/0/0,5223344,2026-06-26 18:09:54.040000,13
train/44b6_3bb3690f.zarr/0/c/81/0/0/0,5221704,2026-06-26 18:09:57.120000,13
train/44b6_3bb3690f.zarr/0/c/82/0/0/0,5212586,2026-06-26 18:09:56.837000,13
train/44b6_3bb3690f.zarr/0/c/83/0/0/0,5213970,2026-06-26 18:09:50.104000,13
train/44b6_3bb3690f.zarr/0/c/84/0/0/0,5222159,2026-06-26 18:09:47.132000,13
train/44b6_3bb3690f.zarr/0/c/85/0/0/0,5220314,2026-06-26 18:09:53.575000,13
train/44b6_3bb3690f.zarr/0/c/86/0/0/0,5217475,2026-06-26 18:09:51.461000,13
train/44b6_3bb3690f.zarr/0/c/87/0/0/0,5218411,2026-06-26 18:09:53.215000,13
train/44b6_3bb3690f.zarr/0/c/88/0/0/0,5215289,2026-06-26 18:09:53.911000,13
train/44b6_3bb3690f.zarr/0/c/89/0/0/0,5219697,2026-06-26 18:09:45.886000,13
train/44b6_3bb3690f.zarr/0/c/9/0/0/0,4847001,2026-06-26 18:09:48.027000,13
train/44b6_3bb3690f.zarr/0/c/90/0/0/0,5216400,2026-06-26 18:09:52.992000,13
train/44b6_3bb3690f.zarr/0/c/91/0/0/0,5203521,2026-06-26 18:09:52.174000,13
train/44b6_3bb3690f.zarr/0/c/92/0/0/0,5211079,2026-06-26 18:09:54.592000,13
train/44b6_3bb3690f.zarr/0/c/93/0/0/0,5226411,2026-06-26 18:09:43.225000,13
train/44b6_3bb3690f.zarr/0/c/94/0/0/0,5243257,2026-06-26 18:09:56.525000,13
train/44b6_3bb3690f.zarr/0/c/95/0/0/0,5228588,2026-06-26 18:09:45.639000,13
train/44b6_3bb3690f.zarr/0/c/96/0/0/0,5227644,2026-06-26 18:09:44.010000,13
train/44b6_3bb3690f.zarr/0/c/97/0/0/0,5241203,2026-06-26 18:09:52.872000,13
train/44b6_3bb3690f.zarr/0/c/98/0/0/0,5242077,2026-06-26 18:09:49.501000,13
train/44b6_3bb3690f.zarr/0/c/99/0/0/0,5239621,2026-06-26 18:09:48.827000,13
train/44b6_3bb3690f.zarr/0/zarr.json,760,2026-06-26 18:09:58.101000,13
train/44b6_3bb3690f.zarr/zarr.json,1267,2026-06-26 18:09:58.101000,13
train/44b6_40c45f5a.geff/edges/ids/c/0/0,781,2026-06-26 18:35:42.242000,13
train/44b6_40c45f5a.geff/edges/ids/zarr.json,636,2026-06-26 18:35:42.243000,13
train/44b6_40c45f5a.geff/edges/props/zarr.json,99,2026-06-26 18:35:42.253000,13
train/44b6_40c45f5a.geff/edges/zarr.json,99,2026-06-26 18:35:42.260000,13
train/44b6_40c45f5a.geff/nodes/ids/c/0,618,2026-06-26 18:35:42.244000,13
train/44b6_40c45f5a.geff/nodes/ids/zarr.json,618,2026-06-26 18:35:42.256000,13
train/44b6_40c45f5a.geff/nodes/props/t/values/c/0,138,2026-06-26 18:35:42.514000,13
train/44b6_40c45f5a.geff/nodes/props/t/values/zarr.json,617,2026-06-26 18:35:42.253000,13
train/44b6_40c45f5a.geff/nodes/props/t/zarr.json,99,2026-06-26 18:35:42.235000,13
train/44b6_40c45f5a.geff/nodes/props/x/values/c/0,253,2026-06-26 18:35:42.257000,13
train/44b6_40c45f5a.geff/nodes/props/x/values/zarr.json,617,2026-06-26 18:35:42.248000,13
train/44b6_40c45f5a.geff/nodes/props/x/zarr.json,99,2026-06-26 18:35:42.321000,13
train/44b6_40c45f5a.geff/nodes/props/y/values/c/0,279,2026-06-26 18:35:42.238000,13
train/44b6_40c45f5a.geff/nodes/props/y/values/zarr.json,617,2026-06-26 18:35:42.272000,13
train/44b6_40c45f5a.geff/nodes/props/y/zarr.json,99,2026-06-26 18:35:42.254000,13
train/44b6_40c45f5a.geff/nodes/props/z/values/c/0,116,2026-06-26 18:35:42.242000,13
train/44b6_40c45f5a.geff/nodes/props/z/values/zarr.json,617,2026-06-26 18:35:42.236000,13
train/44b6_40c45f5a.geff/nodes/props/z/zarr.json,99,2026-06-26 18:35:42.232000,13
train/44b6_40c45f5a.geff/nodes/props/zarr.json,99,2026-06-26 18:35:42.243000,13
train/44b6_40c45f5a.geff/nodes/zarr.json,99,2026-06-26 18:35:42.243000,13
train/44b6_40c45f5a.geff/zarr.json,2104,2026-06-26 18:35:42.244000,13
train/44b6_40c45f5a.zarr/0/c/0/0/0/0,4741892,2026-06-26 18:19:18.558000,13
train/44b6_40c45f5a.zarr/0/c/1/0/0/0,4756318,2026-06-26 18:19:17.660000,13
train/44b6_40c45f5a.zarr/0/c/10/0/0/0,4862204,2026-06-26 18:19:21.771000,13
train/44b6_40c45f5a.zarr/0/c/11/0/0/0,4876449,2026-06-26 18:19:19.216000,13
train/44b6_40c45f5a.zarr/0/c/12/0/0/0,4876119,2026-06-26 18:19:13.827000,13
train/44b6_40c45f5a.zarr/0/c/13/0/0/0,4879399,2026-06-26 18:19:14.694000,13
train/44b6_40c45f5a.zarr/0/c/14/0/0/0,4897299,2026-06-26 18:19:16.906000,13
train/44b6_40c45f5a.zarr/0/c/15/0/0/0,4934901,2026-06-26 18:19:18.761000,13
train/44b6_40c45f5a.zarr/0/c/16/0/0/0,4931922,2026-06-26 18:19:21.931000,13
train/44b6_40c45f5a.zarr/0/c/17/0/0/0,4954706,2026-06-26 18:19:25.758000,13
train/44b6_40c45f5a.zarr/0/c/18/0/0/0,4959423,2026-06-26 18:19:24.736000,13
train/44b6_40c45f5a.zarr/0/c/19/0/0/0,4957944,2026-06-26 18:19:14.853000,13
train/44b6_40c45f5a.zarr/0/c/2/0/0/0,4751307,2026-06-26 18:19:12.918000,13
train/44b6_40c45f5a.zarr/0/c/20/0/0/0,4954989,2026-06-26 18:19:17.355000,13
train/44b6_40c45f5a.zarr/0/c/21/0/0/0,4965228,2026-06-26 18:19:19.053000,13
train/44b6_40c45f5a.zarr/0/c/22/0/0/0,4978390,2026-06-26 18:19:25.395000,13
train/44b6_40c45f5a.zarr/0/c/23/0/0/0,4982588,2026-06-26 18:19:11.326000,13
train/44b6_40c45f5a.zarr/0/c/24/0/0/0,5014446,2026-06-26 18:19:17.469000,13
train/44b6_40c45f5a.zarr/0/c/25/0/0/0,5046171,2026-06-26 18:19:11.417000,13
train/44b6_40c45f5a.zarr/0/c/26/0/0/0,5041220,2026-06-26 18:19:26.010000,13
train/44b6_40c45f5a.zarr/0/c/27/0/0/0,5064625,2026-06-26 18:19:24.525000,13
train/44b6_40c45f5a.zarr/0/c/28/0/0/0,5076794,2026-06-26 18:19:23.707000,13
train/44b6_40c45f5a.zarr/0/c/29/0/0/0,5066854,2026-06-26 18:19:13.059000,13
train/44b6_40c45f5a.zarr/0/c/3/0/0/0,4790141,2026-06-26 18:19:17.677000,13
train/44b6_40c45f5a.zarr/0/c/30/0/0/0,5085229,2026-06-26 18:19:16.300000,13
train/44b6_40c45f5a.zarr/0/c/31/0/0/0,5096316,2026-06-26 18:19:25.162000,13
train/44b6_40c45f5a.zarr/0/c/32/0/0/0,5106393,2026-06-26 18:19:22.896000,13
train/44b6_40c45f5a.zarr/0/c/33/0/0/0,5117022,2026-06-26 18:19:12.774000,13
train/44b6_40c45f5a.zarr/0/c/34/0/0/0,5122568,2026-06-26 18:19:14.497000,13
train/44b6_40c45f5a.zarr/0/c/35/0/0/0,5124403,2026-06-26 18:19:13.363000,13
train/44b6_40c45f5a.zarr/0/c/36/0/0/0,5124371,2026-06-26 18:19:19.919000,13
train/44b6_40c45f5a.zarr/0/c/37/0/0/0,5131074,2026-06-26 18:19:24.192000,13
train/44b6_40c45f5a.zarr/0/c/38/0/0/0,5155353,2026-06-26 18:19:23.798000,13
train/44b6_40c45f5a.zarr/0/c/39/0/0/0,5188013,2026-06-26 18:19:16.231000,13
train/44b6_40c45f5a.zarr/0/c/4/0/0/0,4773953,2026-06-26 18:19:15.255000,13
train/44b6_40c45f5a.zarr/0/c/40/0/0/0,5186912,2026-06-26 18:19:11.861000,13
train/44b6_40c45f5a.zarr/0/c/41/0/0/0,5197707,2026-06-26 18:19:16.641000,13
train/44b6_40c45f5a.zarr/0/c/42/0/0/0,5195575,2026-06-26 18:19:18.470000,13
train/44b6_40c45f5a.zarr/0/c/43/0/0/0,5191184,2026-06-26 18:19:25.745000,13
train/44b6_40c45f5a.zarr/0/c/44/0/0/0,5185102,2026-06-26 18:19:20.919000,13
train/44b6_40c45f5a.zarr/0/c/45/0/0/0,5201919,2026-06-26 18:19:14.437000,13
train/44b6_40c45f5a.zarr/0/c/46/0/0/0,5215256,2026-06-26 18:19:13.592000,13
train/44b6_40c45f5a.zarr/0/c/47/0/0/0,5244650,2026-06-26 18:19:16.539000,13
train/44b6_40c45f5a.zarr/0/c/48/0/0/0,5249620,2026-06-26 18:19:11.002000,13
train/44b6_40c45f5a.zarr/0/c/49/0/0/0,5263025,2026-06-26 18:19:12.845000,13
train/44b6_40c45f5a.zarr/0/c/5/0/0/0,4785296,2026-06-26 18:19:24.495000,13
train/44b6_40c45f5a.zarr/0/c/50/0/0/0,5279716,2026-06-26 18:19:17.929000,13
train/44b6_40c45f5a.zarr/0/c/51/0/0/0,5276673,2026-06-26 18:19:18.191000,13
train/44b6_40c45f5a.zarr/0/c/52/0/0/0,5283062,2026-06-26 18:19:20.160000,13
train/44b6_40c45f5a.zarr/0/c/53/0/0/0,5319148,2026-06-26 18:19:23.189000,13
train/44b6_40c45f5a.zarr/0/c/54/0/0/0,5327756,2026-06-26 18:19:20.540000,13
train/44b6_40c45f5a.zarr/0/c/55/0/0/0,5329689,2026-06-26 18:19:22.994000,13
train/44b6_40c45f5a.zarr/0/c/56/0/0/0,5334369,2026-06-26 18:19:19.496000,13
train/44b6_40c45f5a.zarr/0/c/57/0/0/0,5351813,2026-06-26 18:19:20.370000,13
train/44b6_40c45f5a.zarr/0/c/58/0/0/0,5366187,2026-06-26 18:19:23.387000,13
train/44b6_40c45f5a.zarr/0/c/59/0/0/0,5384334,2026-06-26 18:19:15.147000,13
train/44b6_40c45f5a.zarr/0/c/6/0/0/0,4798267,2026-06-26 18:19:21.089000,13
train/44b6_40c45f5a.zarr/0/c/60/0/0/0,5387339,2026-06-26 18:19:25.881000,13
train/44b6_40c45f5a.zarr/0/c/61/0/0/0,5388326,2026-06-26 18:19:12.477000,13
train/44b6_40c45f5a.zarr/0/c/62/0/0/0,5406120,2026-06-26 18:19:23.500000,13
train/44b6_40c45f5a.zarr/0/c/63/0/0/0,5423361,2026-06-26 18:19:18.035000,13
train/44b6_40c45f5a.zarr/0/c/64/0/0/0,5413785,2026-06-26 18:19:11.211000,13
train/44b6_40c45f5a.zarr/0/c/65/0/0/0,5412520,2026-06-26 18:19:24.065000,13
train/44b6_40c45f5a.zarr/0/c/66/0/0/0,5424252,2026-06-26 18:19:12.538000,13
train/44b6_40c45f5a.zarr/0/c/67/0/0/0,5416252,2026-06-26 18:19:19.770000,13
train/44b6_40c45f5a.zarr/0/c/68/0/0/0,5429289,2026-06-26 18:19:21.280000,13
train/44b6_40c45f5a.zarr/0/c/69/0/0/0,5422533,2026-06-26 18:19:14.586000,13
train/44b6_40c45f5a.zarr/0/c/7/0/0/0,4816936,2026-06-26 18:19:18.902000,13
train/44b6_40c45f5a.zarr/0/c/70/0/0/0,5432196,2026-06-26 18:19:15.646000,13
train/44b6_40c45f5a.zarr/0/c/71/0/0/0,5437722,2026-06-26 18:19:15.916000,13
train/44b6_40c45f5a.zarr/0/c/72/0/0/0,5437747,2026-06-26 18:19:16.810000,13
train/44b6_40c45f5a.zarr/0/c/73/0/0/0,5440199,2026-06-26 18:19:12.208000,13
train/44b6_40c45f5a.zarr/0/c/74/0/0/0,5428748,2026-06-26 18:19:20.873000,13
train/44b6_40c45f5a.zarr/0/c/75/0/0/0,5413180,2026-06-26 18:19:15.410000,13
train/44b6_40c45f5a.zarr/0/c/76/0/0/0,5435113,2026-06-26 18:19:13.993000,13
train/44b6_40c45f5a.zarr/0/c/77/0/0/0,5433144,2026-06-26 18:19:11.596000,13
train/44b6_40c45f5a.zarr/0/c/78/0/0/0,5437010,2026-06-26 18:19:14.677000,13
train/44b6_40c45f5a.zarr/0/c/79/0/0/0,5421445,2026-06-26 18:19:22.221000,13
train/44b6_40c45f5a.zarr/0/c/8/0/0/0,4844435,2026-06-26 18:19:16.052000,13
train/44b6_40c45f5a.zarr/0/c/80/0/0/0,5419970,2026-06-26 18:19:22.559000,14
train/44b6_40c45f5a.zarr/0/c/81/0/0/0,5431591,2026-06-26 18:19:25.019000,14
train/44b6_40c45f5a.zarr/0/c/82/0/0/0,5428837,2026-06-26 18:19:25.002000,14
train/44b6_40c45f5a.zarr/0/c/83/0/0/0,5424505,2026-06-26 18:19:18.458000,14
train/44b6_40c45f5a.zarr/0/c/84/0/0/0,5419103,2026-06-26 18:19:15.547000,14
train/44b6_40c45f5a.zarr/0/c/85/0/0/0,5425527,2026-06-26 18:19:22.143000,14
train/44b6_40c45f5a.zarr/0/c/86/0/0/0,5426534,2026-06-26 18:19:20.009000,14
train/44b6_40c45f5a.zarr/0/c/87/0/0/0,5414272,2026-06-26 18:19:21.629000,14
train/44b6_40c45f5a.zarr/0/c/88/0/0/0,5416463,2026-06-26 18:19:22.384000,14
train/44b6_40c45f5a.zarr/0/c/89/0/0/0,5412131,2026-06-26 18:19:14.649000,14
train/44b6_40c45f5a.zarr/0/c/9/0/0/0,4877771,2026-06-26 18:19:16.609000,14
train/44b6_40c45f5a.zarr/0/c/90/0/0/0,5404137,2026-06-26 18:19:21.564000,14
train/44b6_40c45f5a.zarr/0/c/91/0/0/0,5412276,2026-06-26 18:19:20.716000,14
train/44b6_40c45f5a.zarr/0/c/92/0/0/0,5422891,2026-06-26 18:19:22.984000,14
train/44b6_40c45f5a.zarr/0/c/93/0/0/0,5423637,2026-06-26 18:19:12.043000,14
train/44b6_40c45f5a.zarr/0/c/94/0/0/0,5430720,2026-06-26 18:19:24.562000,14
train/44b6_40c45f5a.zarr/0/c/95/0/0/0,5430745,2026-06-26 18:19:14.150000,14
train/44b6_40c45f5a.zarr/0/c/96/0/0/0,5442271,2026-06-26 18:19:12.566000,14
train/44b6_40c45f5a.zarr/0/c/97/0/0/0,5436432,2026-06-26 18:19:21.613000,14
train/44b6_40c45f5a.zarr/0/c/98/0/0/0,5440487,2026-06-26 18:19:17.814000,14
train/44b6_40c45f5a.zarr/0/c/99/0/0/0,5435928,2026-06-26 18:19:17.196000,14
train/44b6_40c45f5a.zarr/0/zarr.json,760,2026-06-26 18:19:26.023000,14
train/44b6_40c45f5a.zarr/zarr.json,1291,2026-06-26 18:19:25.970000,14
train/44b6_415c0a3a.geff/edges/ids/c/0/0,1087,2026-06-26 18:29:21.842000,14
train/44b6_415c0a3a.geff/edges/ids/zarr.json,636,2026-06-26 18:29:21.850000,14
train/44b6_415c0a3a.geff/edges/props/zarr.json,99,2026-06-26 18:29:21.851000,14
train/44b6_415c0a3a.geff/edges/zarr.json,99,2026-06-26 18:29:21.817000,14
train/44b6_415c0a3a.geff/nodes/ids/c/0,754,2026-06-26 18:29:21.815000,14
train/44b6_415c0a3a.geff/nodes/ids/zarr.json,618,2026-06-26 18:29:21.816000,14
train/44b6_415c0a3a.geff/nodes/props/t/values/c/0,175,2026-06-26 18:29:21.817000,14
train/44b6_415c0a3a.geff/nodes/props/t/values/zarr.json,617,2026-06-26 18:29:21.826000,14
train/44b6_415c0a3a.geff/nodes/props/t/zarr.json,99,2026-06-26 18:29:21.798000,14
train/44b6_415c0a3a.geff/nodes/props/x/values/c/0,347,2026-06-26 18:29:21.858000,14
train/44b6_415c0a3a.geff/nodes/props/x/values/zarr.json,617,2026-06-26 18:29:21.820000,14
train/44b6_415c0a3a.geff/nodes/props/x/zarr.json,99,2026-06-26 18:29:21.856000,14
train/44b6_415c0a3a.geff/nodes/props/y/values/c/0,373,2026-06-26 18:29:21.794000,14
train/44b6_415c0a3a.geff/nodes/props/y/values/zarr.json,617,2026-06-26 18:29:21.826000,14
train/44b6_415c0a3a.geff/nodes/props/y/zarr.json,99,2026-06-26 18:29:21.817000,14
train/44b6_415c0a3a.geff/nodes/props/z/values/c/0,319,2026-06-26 18:29:21.827000,14
train/44b6_415c0a3a.geff/nodes/props/z/values/zarr.json,617,2026-06-26 18:29:21.815000,14
train/44b6_415c0a3a.geff/nodes/props/z/zarr.json,99,2026-06-26 18:29:21.871000,14
train/44b6_415c0a3a.geff/nodes/props/zarr.json,99,2026-06-26 18:29:21.825000,14
train/44b6_415c0a3a.geff/nodes/zarr.json,99,2026-06-26 18:29:21.844000,14
train/44b6_415c0a3a.geff/zarr.json,2102,2026-06-26 18:29:21.841000,14
train/44b6_415c0a3a.zarr/0/c/0/0/0/0,5043669,2026-06-26 18:09:05.091000,14
train/44b6_415c0a3a.zarr/0/c/1/0/0/0,5045413,2026-06-26 18:09:03.402000,14
train/44b6_415c0a3a.zarr/0/c/10/0/0/0,5064384,2026-06-26 18:09:08.274000,14
train/44b6_415c0a3a.zarr/0/c/11/0/0/0,5066808,2026-06-26 18:09:05.696000,14
train/44b6_415c0a3a.zarr/0/c/12/0/0/0,5064897,2026-06-26 18:09:01.299000,14
train/44b6_415c0a3a.zarr/0/c/13/0/0/0,5068370,2026-06-26 18:09:00.431000,14
train/44b6_415c0a3a.zarr/0/c/14/0/0/0,5076064,2026-06-26 18:09:03.239000,14
train/44b6_415c0a3a.zarr/0/c/15/0/0/0,5081191,2026-06-26 18:09:05.185000,14
train/44b6_415c0a3a.zarr/0/c/16/0/0/0,5080738,2026-06-26 18:09:08.642000,14
train/44b6_415c0a3a.zarr/0/c/17/0/0/0,5086665,2026-06-26 18:09:12.505000,14
train/44b6_415c0a3a.zarr/0/c/18/0/0/0,5089013,2026-06-26 18:09:11.543000,14
train/44b6_415c0a3a.zarr/0/c/19/0/0/0,5093996,2026-06-26 18:09:00.681000,14
train/44b6_415c0a3a.zarr/0/c/2/0/0/0,5041680,2026-06-26 18:08:58.554000,14
train/44b6_415c0a3a.zarr/0/c/20/0/0/0,5094572,2026-06-26 18:09:03.607000,14
train/44b6_415c0a3a.zarr/0/c/21/0/0/0,5092310,2026-06-26 18:09:05.517000,14
train/44b6_415c0a3a.zarr/0/c/22/0/0/0,5093050,2026-06-26 18:09:12.303000,14
train/44b6_415c0a3a.zarr/0/c/23/0/0/0,5100729,2026-06-26 18:08:56.782000,14
train/44b6_415c0a3a.zarr/0/c/24/0/0/0,5101410,2026-06-26 18:09:03.760000,14
train/44b6_415c0a3a.zarr/0/c/25/0/0/0,5101314,2026-06-26 18:08:57.053000,14
train/44b6_415c0a3a.zarr/0/c/26/0/0/0,5106336,2026-06-26 18:09:13.086000,14
train/44b6_415c0a3a.zarr/0/c/27/0/0/0,5113711,2026-06-26 18:09:11.133000,14
train/44b6_415c0a3a.zarr/0/c/28/0/0/0,5118311,2026-06-26 18:09:10.441000,14
train/44b6_415c0a3a.zarr/0/c/29/0/0/0,5125118,2026-06-26 18:08:58.754000,14
train/44b6_415c0a3a.zarr/0/c/3/0/0/0,5049034,2026-06-26 18:09:03.820000,14
train/44b6_415c0a3a.zarr/0/c/30/0/0/0,5124742,2026-06-26 18:09:02.116000,14
train/44b6_415c0a3a.zarr/0/c/31/0/0/0,5127215,2026-06-26 18:09:12.023000,14
train/44b6_415c0a3a.zarr/0/c/32/0/0/0,5137552,2026-06-26 18:09:09.690000,14
train/44b6_415c0a3a.zarr/0/c/33/0/0/0,5140894,2026-06-26 18:08:58.070000,14
train/44b6_415c0a3a.zarr/0/c/34/0/0/0,5149901,2026-06-26 18:09:00.055000,14
train/44b6_415c0a3a.zarr/0/c/35/0/0/0,5154612,2026-06-26 18:08:58.812000,14
train/44b6_415c0a3a.zarr/0/c/36/0/0/0,5156334,2026-06-26 18:09:06.268000,14
train/44b6_415c0a3a.zarr/0/c/37/0/0/0,5157011,2026-06-26 18:09:10.915000,14
train/44b6_415c0a3a.zarr/0/c/38/0/0/0,5164843,2026-06-26 18:09:10.620000,14
train/44b6_415c0a3a.zarr/0/c/39/0/0/0,5164400,2026-06-26 18:09:01.988000,14
train/44b6_415c0a3a.zarr/0/c/4/0/0/0,5052881,2026-06-26 18:09:01.126000,14
train/44b6_415c0a3a.zarr/0/c/40/0/0/0,5169377,2026-06-26 18:08:57.205000,14
train/44b6_415c0a3a.zarr/0/c/41/0/0/0,5171652,2026-06-26 18:09:02.957000,14
train/44b6_415c0a3a.zarr/0/c/42/0/0/0,5181910,2026-06-26 18:09:04.881000,14
train/44b6_415c0a3a.zarr/0/c/43/0/0/0,5180578,2026-06-26 18:09:12.637000,14
train/44b6_415c0a3a.zarr/0/c/44/0/0/0,5195991,2026-06-26 18:09:07.287000,14
train/44b6_415c0a3a.zarr/0/c/45/0/0/0,5200278,2026-06-26 18:08:59.915000,14
train/44b6_415c0a3a.zarr/0/c/46/0/0/0,5209959,2026-06-26 18:08:58.998000,14
train/44b6_415c0a3a.zarr/0/c/47/0/0/0,5213078,2026-06-26 18:09:02.322000,14
train/44b6_415c0a3a.zarr/0/c/48/0/0/0,5214315,2026-06-26 18:08:56.563000,14
train/44b6_415c0a3a.zarr/0/c/49/0/0/0,5208443,2026-06-26 18:08:58.271000,14
train/44b6_415c0a3a.zarr/0/c/5/0/0/0,5051737,2026-06-26 18:09:11.207000,14
train/44b6_415c0a3a.zarr/0/c/50/0/0/0,5247790,2026-06-26 18:09:04.113000,14
train/44b6_415c0a3a.zarr/0/c/51/0/0/0,5251160,2026-06-26 18:09:04.506000,14
train/44b6_415c0a3a.zarr/0/c/52/0/0/0,5246374,2026-06-26 18:09:06.547000,14
train/44b6_415c0a3a.zarr/0/c/53/0/0/0,5245612,2026-06-26 18:09:10.028000,14
train/44b6_415c0a3a.zarr/0/c/54/0/0/0,5249234,2026-06-26 18:09:06.893000,14
train/44b6_415c0a3a.zarr/0/c/55/0/0/0,5262010,2026-06-26 18:09:09.481000,14
train/44b6_415c0a3a.zarr/0/c/56/0/0/0,5266904,2026-06-26 18:09:05.800000,14
train/44b6_415c0a3a.zarr/0/c/57/0/0/0,5276652,2026-06-26 18:09:06.665000,14
train/44b6_415c0a3a.zarr/0/c/58/0/0/0,5280106,2026-06-26 18:09:10.071000,14
train/44b6_415c0a3a.zarr/0/c/59/0/0/0,5289608,2026-06-26 18:09:00.940000,14
train/44b6_415c0a3a.zarr/0/c/6/0/0/0,5057146,2026-06-26 18:09:07.467000,14
train/44b6_415c0a3a.zarr/0/c/60/0/0/0,5290347,2026-06-26 18:09:12.889000,14
train/44b6_415c0a3a.zarr/0/c/61/0/0/0,5297245,2026-06-26 18:08:57.819000,14
train/44b6_415c0a3a.zarr/0/c/62/0/0/0,5307010,2026-06-26 18:09:10.277000,14
train/44b6_415c0a3a.zarr/0/c/63/0/0/0,5308406,2026-06-26 18:09:04.390000,14
train/44b6_415c0a3a.zarr/0/c/64/0/0/0,5323301,2026-06-26 18:08:59.792000,14
train/44b6_415c0a3a.zarr/0/c/65/0/0/0,5316885,2026-06-26 18:09:10.793000,14
train/44b6_415c0a3a.zarr/0/c/66/0/0/0,5321226,2026-06-26 18:08:57.700000,14
train/44b6_415c0a3a.zarr/0/c/67/0/0/0,5317617,2026-06-26 18:09:06.134000,14
train/44b6_415c0a3a.zarr/0/c/68/0/0/0,5326259,2026-06-26 18:09:07.657000,14
train/44b6_415c0a3a.zarr/0/c/69/0/0/0,5321833,2026-06-26 18:09:00.194000,14
train/44b6_415c0a3a.zarr/0/c/7/0/0/0,5052687,2026-06-26 18:09:05.372000,14
train/44b6_415c0a3a.zarr/0/c/70/0/0/0,5332779,2026-06-26 18:09:01.612000,14
train/44b6_415c0a3a.zarr/0/c/71/0/0/0,5331855,2026-06-26 18:09:01.753000,14
train/44b6_415c0a3a.zarr/0/c/72/0/0/0,5336560,2026-06-26 18:09:03.051000,14
train/44b6_415c0a3a.zarr/0/c/73/0/0/0,5341784,2026-06-26 18:08:57.557000,14
train/44b6_415c0a3a.zarr/0/c/74/0/0/0,5345152,2026-06-26 18:09:07.336000,14
train/44b6_415c0a3a.zarr/0/c/75/0/0/0,5344600,2026-06-26 18:09:01.230000,14
train/44b6_415c0a3a.zarr/0/c/76/0/0/0,5342717,2026-06-26 18:08:59.432000,14
train/44b6_415c0a3a.zarr/0/c/77/0/0/0,5346846,2026-06-26 18:08:57.065000,14
train/44b6_415c0a3a.zarr/0/c/78/0/0/0,5344868,2026-06-26 18:08:59.152000,14
train/44b6_415c0a3a.zarr/0/c/79/0/0/0,5348198,2026-06-26 18:09:08.948000,14
train/44b6_415c0a3a.zarr/0/c/8/0/0/0,5055698,2026-06-26 18:09:01.852000,14
train/44b6_415c0a3a.zarr/0/c/80/0/0/0,5352281,2026-06-26 18:09:09.336000,14
train/44b6_415c0a3a.zarr/0/c/81/0/0/0,5355330,2026-06-26 18:09:11.912000,14
train/44b6_415c0a3a.zarr/0/c/82/0/0/0,5353341,2026-06-26 18:09:11.723000,14
train/44b6_415c0a3a.zarr/0/c/83/0/0/0,5348018,2026-06-26 18:09:04.761000,14
train/44b6_415c0a3a.zarr/0/c/84/0/0/0,5353409,2026-06-26 18:09:01.444000,14
train/44b6_415c0a3a.zarr/0/c/85/0/0/0,5351689,2026-06-26 18:09:08.800000,14
train/44b6_415c0a3a.zarr/0/c/86/0/0/0,5361228,2026-06-26 18:09:06.456000,14
train/44b6_415c0a3a.zarr/0/c/87/0/0/0,5362706,2026-06-26 18:09:08.052000,14
train/44b6_415c0a3a.zarr/0/c/88/0/0/0,5364529,2026-06-26 18:09:09.148000,14
train/44b6_415c0a3a.zarr/0/c/89/0/0/0,5366986,2026-06-26 18:09:00.869000,14
train/44b6_415c0a3a.zarr/0/c/9/0/0/0,5063729,2026-06-26 18:09:02.692000,14
train/44b6_415c0a3a.zarr/0/c/90/0/0/0,5362887,2026-06-26 18:09:08.001000,14
train/44b6_415c0a3a.zarr/0/c/91/0/0/0,5359523,2026-06-26 18:09:07.002000,14
train/44b6_415c0a3a.zarr/0/c/92/0/0/0,5375964,2026-06-26 18:09:09.731000,14
train/44b6_415c0a3a.zarr/0/c/93/0/0/0,5378318,2026-06-26 18:08:57.640000,14
train/44b6_415c0a3a.zarr/0/c/94/0/0/0,5382222,2026-06-26 18:09:11.384000,14
train/44b6_415c0a3a.zarr/0/c/95/0/0/0,5374346,2026-06-26 18:08:59.595000,14
train/44b6_415c0a3a.zarr/0/c/96/0/0/0,5384155,2026-06-26 18:08:57.921000,14
train/44b6_415c0a3a.zarr/0/c/97/0/0/0,5388126,2026-06-26 18:09:07.748000,14
train/44b6_415c0a3a.zarr/0/c/98/0/0/0,5405579,2026-06-26 18:09:04.027000,14
train/44b6_415c0a3a.zarr/0/c/99/0/0/0,5385630,2026-06-26 18:09:03.472000,14
train/44b6_415c0a3a.zarr/0/zarr.json,760,2026-06-26 18:09:13.044000,14
train/44b6_415c0a3a.zarr/zarr.json,1292,2026-06-26 18:09:13.037000,14
train/44b6_53f95252.geff/edges/ids/c/0/0,325,2026-06-26 18:18:33.878000,14
train/44b6_53f95252.geff/edges/ids/zarr.json,634,2026-06-26 18:18:33.892000,14
train/44b6_53f95252.geff/edges/props/zarr.json,99,2026-06-26 18:18:33.886000,14
train/44b6_53f95252.geff/edges/zarr.json,99,2026-06-26 18:18:33.880000,14
train/44b6_53f95252.geff/nodes/ids/c/0,288,2026-06-26 18:18:33.866000,14
train/44b6_53f95252.geff/nodes/ids/zarr.json,616,2026-06-26 18:18:33.850000,14
train/44b6_53f95252.geff/nodes/props/t/values/c/0,141,2026-06-26 18:18:33.854000,14
train/44b6_53f95252.geff/nodes/props/t/values/zarr.json,615,2026-06-26 18:18:33.881000,14
train/44b6_53f95252.geff/nodes/props/t/zarr.json,99,2026-06-26 18:18:33.888000,14
train/44b6_53f95252.geff/nodes/props/x/values/c/0,166,2026-06-26 18:18:33.885000,14
train/44b6_53f95252.geff/nodes/props/x/values/zarr.json,615,2026-06-26 18:18:33.867000,14
train/44b6_53f95252.geff/nodes/props/x/zarr.json,99,2026-06-26 18:18:33.951000,14
train/44b6_53f95252.geff/nodes/props/y/values/c/0,123,2026-06-26 18:18:33.894000,14
train/44b6_53f95252.geff/nodes/props/y/values/zarr.json,615,2026-06-26 18:18:33.887000,14
train/44b6_53f95252.geff/nodes/props/y/zarr.json,99,2026-06-26 18:18:33.869000,14
train/44b6_53f95252.geff/nodes/props/z/values/c/0,120,2026-06-26 18:18:33.874000,14
train/44b6_53f95252.geff/nodes/props/z/values/zarr.json,615,2026-06-26 18:18:33.886000,14
train/44b6_53f95252.geff/nodes/props/z/zarr.json,99,2026-06-26 18:18:33.867000,14
train/44b6_53f95252.geff/nodes/props/zarr.json,99,2026-06-26 18:18:33.880000,14
train/44b6_53f95252.geff/nodes/zarr.json,99,2026-06-26 18:18:33.918000,14
train/44b6_53f95252.geff/zarr.json,2104,2026-06-26 18:18:33.888000,14
train/44b6_53f95252.zarr/0/c/0/0/0/0,5418950,2026-06-26 18:33:50.607000,14
train/44b6_53f95252.zarr/0/c/1/0/0/0,5445518,2026-06-26 18:33:48.559000,14
train/44b6_53f95252.zarr/0/c/10/0/0/0,5504699,2026-06-26 18:33:54.101000,14
train/44b6_53f95252.zarr/0/c/11/0/0/0,5511915,2026-06-26 18:33:51.566000,14
train/44b6_53f95252.zarr/0/c/12/0/0/0,5516242,2026-06-26 18:33:44.401000,14
train/44b6_53f95252.zarr/0/c/13/0/0/0,5501491,2026-06-26 18:33:45.660000,14
train/44b6_53f95252.zarr/0/c/14/0/0/0,5515101,2026-06-26 18:33:48.394000,14
train/44b6_53f95252.zarr/0/c/15/0/0/0,5509957,2026-06-26 18:33:50.809000,14
train/44b6_53f95252.zarr/0/c/16/0/0/0,5525587,2026-06-26 18:33:54.251000,14
train/44b6_53f95252.zarr/0/c/17/0/0/0,5537466,2026-06-26 18:33:58.034000,14
train/44b6_53f95252.zarr/0/c/18/0/0/0,5533016,2026-06-26 18:33:57.056000,14
train/44b6_53f95252.zarr/0/c/19/0/0/0,5527651,2026-06-26 18:33:45.926000,14
train/44b6_53f95252.zarr/0/c/2/0/0/0,5460612,2026-06-26 18:33:43.360000,14
train/44b6_53f95252.zarr/0/c/20/0/0/0,5518300,2026-06-26 18:33:48.867000,14
train/44b6_53f95252.zarr/0/c/21/0/0/0,5516425,2026-06-26 18:33:51.085000,14
train/44b6_53f95252.zarr/0/c/22/0/0/0,5528969,2026-06-26 18:33:57.896000,14
train/44b6_53f95252.zarr/0/c/23/0/0/0,5543132,2026-06-26 18:33:41.687000,14
train/44b6_53f95252.zarr/0/c/24/0/0/0,5536964,2026-06-26 18:33:49.007000,14
train/44b6_53f95252.zarr/0/c/25/0/0/0,5542450,2026-06-26 18:33:41.828000,14
train/44b6_53f95252.zarr/0/c/26/0/0/0,5531206,2026-06-26 18:33:58.525000,14
train/44b6_53f95252.zarr/0/c/27/0/0/0,5538972,2026-06-26 18:33:56.553000,14
train/44b6_53f95252.zarr/0/c/28/0/0/0,5529591,2026-06-26 18:33:55.953000,14
train/44b6_53f95252.zarr/0/c/29/0/0/0,5542808,2026-06-26 18:33:43.454000,14
train/44b6_53f95252.zarr/0/c/3/0/0/0,5466164,2026-06-26 18:33:49.264000,14
train/44b6_53f95252.zarr/0/c/30/0/0/0,5537741,2026-06-26 18:33:47.386000,14
train/44b6_53f95252.zarr/0/c/31/0/0/0,5551415,2026-06-26 18:33:57.631000,14
train/44b6_53f95252.zarr/0/c/32/0/0/0,5541246,2026-06-26 18:33:55.332000,14
train/44b6_53f95252.zarr/0/c/33/0/0/0,5541341,2026-06-26 18:33:42.891000,14
train/44b6_53f95252.zarr/0/c/34/0/0/0,5546670,2026-06-26 18:33:45.147000,14
train/44b6_53f95252.zarr/0/c/35/0/0/0,5553715,2026-06-26 18:33:43.774000,14
train/44b6_53f95252.zarr/0/c/36/0/0/0,5560292,2026-06-26 18:33:51.976000,14
train/44b6_53f95252.zarr/0/c/37/0/0/0,5543443,2026-06-26 18:33:56.409000,14
train/44b6_53f95252.zarr/0/c/38/0/0/0,5552547,2026-06-26 18:33:56.144000,14
train/44b6_53f95252.zarr/0/c/39/0/0/0,5530185,2026-06-26 18:33:47.295000,15
train/44b6_53f95252.zarr/0/c/4/0/0/0,5463898,2026-06-26 18:33:46.302000,15
train/44b6_53f95252.zarr/0/c/40/0/0/0,5553695,2026-06-26 18:33:42.106000,15
train/44b6_53f95252.zarr/0/c/41/0/0/0,5546931,2026-06-26 18:33:48.004000,15
train/44b6_53f95252.zarr/0/c/42/0/0/0,5535505,2026-06-26 18:33:50.492000,15
train/44b6_53f95252.zarr/0/c/43/0/0/0,5546415,2026-06-26 18:33:58.140000,15
train/44b6_53f95252.zarr/0/c/44/0/0/0,5540969,2026-06-26 18:33:53.161000,15
train/44b6_53f95252.zarr/0/c/45/0/0/0,5544125,2026-06-26 18:33:45.034000,15
train/44b6_53f95252.zarr/0/c/46/0/0/0,5550569,2026-06-26 18:33:43.980000,15
train/44b6_53f95252.zarr/0/c/47/0/0/0,5539175,2026-06-26 18:33:47.590000,15
train/44b6_53f95252.zarr/0/c/48/0/0/0,5562723,2026-06-26 18:33:41.392000,15
train/44b6_53f95252.zarr/0/c/49/0/0/0,5540793,2026-06-26 18:33:43.123000,15
train/44b6_53f95252.zarr/0/c/5/0/0/0,5498363,2026-06-26 18:33:56.731000,15
train/44b6_53f95252.zarr/0/c/50/0/0/0,5535244,2026-06-26 18:33:49.769000,15
train/44b6_53f95252.zarr/0/c/51/0/0/0,5535700,2026-06-26 18:33:50.104000,15
train/44b6_53f95252.zarr/0/c/52/0/0/0,5521603,2026-06-26 18:33:52.325000,15
train/44b6_53f95252.zarr/0/c/53/0/0/0,5545852,2026-06-26 18:33:55.587000,15
train/44b6_53f95252.zarr/0/c/54/0/0/0,5516944,2026-06-26 18:33:52.707000,15
train/44b6_53f95252.zarr/0/c/55/0/0/0,5528875,2026-06-26 18:33:55.096000,15
train/44b6_53f95252.zarr/0/c/56/0/0/0,5533984,2026-06-26 18:33:51.708000,15
train/44b6_53f95252.zarr/0/c/57/0/0/0,5520165,2026-06-26 18:33:52.485000,15
train/44b6_53f95252.zarr/0/c/58/0/0/0,5516900,2026-06-26 18:33:55.674000,15
train/44b6_53f95252.zarr/0/c/59/0/0/0,5522001,2026-06-26 18:33:46.123000,15
train/44b6_53f95252.zarr/0/c/6/0/0/0,5489828,2026-06-26 18:33:53.261000,15
train/44b6_53f95252.zarr/0/c/60/0/0/0,5534285,2026-06-26 18:33:58.337000,15
train/44b6_53f95252.zarr/0/c/61/0/0/0,5516223,2026-06-26 18:33:42.583000,15
train/44b6_53f95252.zarr/0/c/62/0/0/0,5515422,2026-06-26 18:33:55.802000,15
train/44b6_53f95252.zarr/0/c/63/0/0/0,5517822,2026-06-26 18:33:49.887000,15
train/44b6_53f95252.zarr/0/c/64/0/0/0,5509419,2026-06-26 18:33:41.508000,15
train/44b6_53f95252.zarr/0/c/65/0/0/0,5491655,2026-06-26 18:33:56.270000,15
train/44b6_53f95252.zarr/0/c/66/0/0/0,5468935,2026-06-26 18:33:42.507000,15
train/44b6_53f95252.zarr/0/c/67/0/0/0,5457634,2026-06-26 18:33:51.814000,15
train/44b6_53f95252.zarr/0/c/68/0/0/0,5442245,2026-06-26 18:33:53.392000,15
train/44b6_53f95252.zarr/0/c/69/0/0/0,5418015,2026-06-26 18:33:45.338000,15
train/44b6_53f95252.zarr/0/c/7/0/0/0,5500022,2026-06-26 18:33:50.957000,15
train/44b6_53f95252.zarr/0/c/70/0/0/0,5413053,2026-06-26 18:33:46.636000,15
train/44b6_53f95252.zarr/0/c/71/0/0/0,5400139,2026-06-26 18:33:46.916000,15
train/44b6_53f95252.zarr/0/c/72/0/0/0,5389971,2026-06-26 18:33:48.216000,15
train/44b6_53f95252.zarr/0/c/73/0/0/0,5366932,2026-06-26 18:33:42.373000,15
train/44b6_53f95252.zarr/0/c/74/0/0/0,5357637,2026-06-26 18:33:53.060000,15
train/44b6_53f95252.zarr/0/c/75/0/0/0,5359686,2026-06-26 18:33:46.411000,15
train/44b6_53f95252.zarr/0/c/76/0/0/0,5369773,2026-06-26 18:33:44.506000,15
train/44b6_53f95252.zarr/0/c/77/0/0/0,5360616,2026-06-26 18:33:41.977000,15
train/44b6_53f95252.zarr/0/c/78/0/0/0,5345388,2026-06-26 18:33:44.224000,15
train/44b6_53f95252.zarr/0/c/79/0/0/0,5347906,2026-06-26 18:33:54.617000,15
train/44b6_53f95252.zarr/0/c/8/0/0/0,5492825,2026-06-26 18:33:47.113000,15
train/44b6_53f95252.zarr/0/c/80/0/0/0,5328843,2026-06-26 18:33:54.985000,15
train/44b6_53f95252.zarr/0/c/81/0/0/0,5329164,2026-06-26 18:33:57.368000,15
train/44b6_53f95252.zarr/0/c/82/0/0/0,5331236,2026-06-26 18:33:57.163000,15
train/44b6_53f95252.zarr/0/c/83/0/0/0,5335125,2026-06-26 18:33:50.235000,15
train/44b6_53f95252.zarr/0/c/84/0/0/0,5333650,2026-06-26 18:33:46.529000,15
train/44b6_53f95252.zarr/0/c/85/0/0/0,5325563,2026-06-26 18:33:54.397000,15
train/44b6_53f95252.zarr/0/c/86/0/0/0,5329098,2026-06-26 18:33:52.205000,15
train/44b6_53f95252.zarr/0/c/87/0/0/0,5323361,2026-06-26 18:33:53.924000,15
train/44b6_53f95252.zarr/0/c/88/0/0/0,5337336,2026-06-26 18:33:54.772000,15
train/44b6_53f95252.zarr/0/c/89/0/0/0,5322434,2026-06-26 18:33:44.848000,15
train/44b6_53f95252.zarr/0/c/9/0/0/0,5516222,2026-06-26 18:33:47.926000,15
train/44b6_53f95252.zarr/0/c/90/0/0/0,5308598,2026-06-26 18:33:53.745000,15
train/44b6_53f95252.zarr/0/c/91/0/0/0,5299636,2026-06-26 18:33:52.846000,15
train/44b6_53f95252.zarr/0/c/92/0/0/0,5305953,2026-06-26 18:33:55.465000,15
train/44b6_53f95252.zarr/0/c/93/0/0/0,5295507,2026-06-26 18:33:42.276000,15
train/44b6_53f95252.zarr/0/c/94/0/0/0,5279063,2026-06-26 18:33:56.787000,15
train/44b6_53f95252.zarr/0/c/95/0/0/0,5276389,2026-06-26 18:33:44.681000,15
train/44b6_53f95252.zarr/0/c/96/0/0/0,5256088,2026-06-26 18:33:42.833000,15
train/44b6_53f95252.zarr/0/c/97/0/0/0,5255494,2026-06-26 18:33:53.593000,15
train/44b6_53f95252.zarr/0/c/98/0/0/0,5268071,2026-06-26 18:33:49.595000,15
train/44b6_53f95252.zarr/0/c/99/0/0/0,5265169,2026-06-26 18:33:48.763000,15
train/44b6_53f95252.zarr/0/zarr.json,760,2026-06-26 18:33:58.450000,15
train/44b6_53f95252.zarr/zarr.json,1270,2026-06-26 18:33:58.446000,15
train/44b6_551a5dba.geff/edges/ids/c/0/0,849,2026-06-26 18:35:06.616000,15
train/44b6_551a5dba.geff/edges/ids/zarr.json,636,2026-06-26 18:35:06.625000,15
train/44b6_551a5dba.geff/edges/props/zarr.json,99,2026-06-26 18:35:06.631000,15
train/44b6_551a5dba.geff/edges/zarr.json,99,2026-06-26 18:35:06.665000,15
train/44b6_551a5dba.geff/nodes/ids/c/0,642,2026-06-26 18:35:06.624000,15
train/44b6_551a5dba.geff/nodes/ids/zarr.json,618,2026-06-26 18:35:06.615000,15
train/44b6_551a5dba.geff/nodes/props/t/values/c/0,150,2026-06-26 18:35:06.619000,15
train/44b6_551a5dba.geff/nodes/props/t/values/zarr.json,617,2026-06-26 18:35:06.609000,15
train/44b6_551a5dba.geff/nodes/props/t/zarr.json,99,2026-06-26 18:35:06.627000,15
train/44b6_551a5dba.geff/nodes/props/x/values/c/0,274,2026-06-26 18:35:06.621000,15
train/44b6_551a5dba.geff/nodes/props/x/values/zarr.json,617,2026-06-26 18:35:06.685000,15
train/44b6_551a5dba.geff/nodes/props/x/zarr.json,99,2026-06-26 18:35:06.628000,15
train/44b6_551a5dba.geff/nodes/props/y/values/c/0,281,2026-06-26 18:35:06.622000,15
train/44b6_551a5dba.geff/nodes/props/y/values/zarr.json,617,2026-06-26 18:35:06.609000,15
train/44b6_551a5dba.geff/nodes/props/y/zarr.json,99,2026-06-26 18:35:06.645000,15
train/44b6_551a5dba.geff/nodes/props/z/values/c/0,166,2026-06-26 18:35:06.611000,15
train/44b6_551a5dba.geff/nodes/props/z/values/zarr.json,617,2026-06-26 18:35:06.614000,15
train/44b6_551a5dba.geff/nodes/props/z/zarr.json,99,2026-06-26 18:35:06.626000,15
train/44b6_551a5dba.geff/nodes/props/zarr.json,99,2026-06-26 18:35:06.615000,15
train/44b6_551a5dba.geff/nodes/zarr.json,99,2026-06-26 18:35:06.637000,15
train/44b6_551a5dba.geff/zarr.json,2102,2026-06-26 18:35:06.633000,15
train/44b6_551a5dba.zarr/0/c/0/0/0/0,5546035,2026-06-26 18:28:16.031000,15
train/44b6_551a5dba.zarr/0/c/1/0/0/0,5545901,2026-06-26 18:28:14.020000,15
train/44b6_551a5dba.zarr/0/c/10/0/0/0,5525944,2026-06-26 18:28:19.228000,15
train/44b6_551a5dba.zarr/0/c/11/0/0/0,5527735,2026-06-26 18:28:16.686000,15
train/44b6_551a5dba.zarr/0/c/12/0/0/0,5525045,2026-06-26 18:28:10.187000,15
train/44b6_551a5dba.zarr/0/c/13/0/0/0,5509759,2026-06-26 18:28:11.289000,15
train/44b6_551a5dba.zarr/0/c/14/0/0/0,5529246,2026-06-26 18:28:13.954000,15
train/44b6_551a5dba.zarr/0/c/15/0/0/0,5526120,2026-06-26 18:28:16.157000,15
train/44b6_551a5dba.zarr/0/c/16/0/0/0,5523122,2026-06-26 18:28:19.535000,15
train/44b6_551a5dba.zarr/0/c/17/0/0/0,5534168,2026-06-26 18:28:23.316000,15
train/44b6_551a5dba.zarr/0/c/18/0/0/0,5528009,2026-06-26 18:28:22.502000,15
train/44b6_551a5dba.zarr/0/c/19/0/0/0,5526501,2026-06-26 18:28:11.430000,15
train/44b6_551a5dba.zarr/0/c/2/0/0/0,5533362,2026-06-26 18:28:09.423000,15
train/44b6_551a5dba.zarr/0/c/20/0/0/0,5526284,2026-06-26 18:28:14.457000,15
train/44b6_551a5dba.zarr/0/c/21/0/0/0,5519539,2026-06-26 18:28:16.492000,15
train/44b6_551a5dba.zarr/0/c/22/0/0/0,5511142,2026-06-26 18:28:23.156000,15
train/44b6_551a5dba.zarr/0/c/23/0/0/0,5514785,2026-06-26 18:28:07.575000,15
train/44b6_551a5dba.zarr/0/c/24/0/0/0,5522278,2026-06-26 18:28:14.608000,15
train/44b6_551a5dba.zarr/0/c/25/0/0/0,5520225,2026-06-26 18:28:07.797000,15
train/44b6_551a5dba.zarr/0/c/26/0/0/0,5528654,2026-06-26 18:28:23.656000,15
train/44b6_551a5dba.zarr/0/c/27/0/0/0,5518906,2026-06-26 18:28:21.965000,15
train/44b6_551a5dba.zarr/0/c/28/0/0/0,5524188,2026-06-26 18:28:21.301000,15
train/44b6_551a5dba.zarr/0/c/29/0/0/0,5522512,2026-06-26 18:28:09.560000,15
train/44b6_551a5dba.zarr/0/c/3/0/0/0,5528764,2026-06-26 18:28:14.774000,15
train/44b6_551a5dba.zarr/0/c/30/0/0/0,5538856,2026-06-26 18:28:13.101000,15
train/44b6_551a5dba.zarr/0/c/31/0/0/0,5519651,2026-06-26 18:28:22.940000,15
train/44b6_551a5dba.zarr/0/c/32/0/0/0,5530857,2026-06-26 18:28:20.510000,15
train/44b6_551a5dba.zarr/0/c/33/0/0/0,5543246,2026-06-26 18:28:09.074000,15
train/44b6_551a5dba.zarr/0/c/34/0/0/0,5534253,2026-06-26 18:28:11.051000,15
train/44b6_551a5dba.zarr/0/c/35/0/0/0,5534508,2026-06-26 18:28:09.759000,15
train/44b6_551a5dba.zarr/0/c/36/0/0/0,5544732,2026-06-26 18:28:17.019000,15
train/44b6_551a5dba.zarr/0/c/37/0/0/0,5559653,2026-06-26 18:28:21.748000,15
train/44b6_551a5dba.zarr/0/c/38/0/0/0,5565505,2026-06-26 18:28:21.443000,15
train/44b6_551a5dba.zarr/0/c/39/0/0/0,5567612,2026-06-26 18:28:12.779000,15
train/44b6_551a5dba.zarr/0/c/4/0/0/0,5523587,2026-06-26 18:28:11.783000,15
train/44b6_551a5dba.zarr/0/c/40/0/0/0,5574419,2026-06-26 18:28:08.032000,15
train/44b6_551a5dba.zarr/0/c/41/0/0/0,5558395,2026-06-26 18:28:13.697000,15
train/44b6_551a5dba.zarr/0/c/42/0/0/0,5557799,2026-06-26 18:28:15.909000,15
train/44b6_551a5dba.zarr/0/c/43/0/0/0,5552064,2026-06-26 18:28:23.408000,15
train/44b6_551a5dba.zarr/0/c/44/0/0/0,5543817,2026-06-26 18:28:18.093000,15
train/44b6_551a5dba.zarr/0/c/45/0/0/0,5537926,2026-06-26 18:28:10.908000,15
train/44b6_551a5dba.zarr/0/c/46/0/0/0,5538476,2026-06-26 18:28:09.819000,15
train/44b6_551a5dba.zarr/0/c/47/0/0/0,5546273,2026-06-26 18:28:13.285000,15
train/44b6_551a5dba.zarr/0/c/48/0/0/0,5534442,2026-06-26 18:28:06.889000,15
train/44b6_551a5dba.zarr/0/c/49/0/0/0,5540616,2026-06-26 18:28:09.237000,15
train/44b6_551a5dba.zarr/0/c/5/0/0/0,5539666,2026-06-26 18:28:22.136000,15
train/44b6_551a5dba.zarr/0/c/50/0/0/0,5538923,2026-06-26 18:28:15.083000,15
train/44b6_551a5dba.zarr/0/c/51/0/0/0,5519753,2026-06-26 18:28:15.428000,15
train/44b6_551a5dba.zarr/0/c/52/0/0/0,5509994,2026-06-26 18:28:17.319000,15
train/44b6_551a5dba.zarr/0/c/53/0/0/0,5501276,2026-06-26 18:28:20.873000,15
train/44b6_551a5dba.zarr/0/c/54/0/0/0,5495461,2026-06-26 18:28:17.615000,15
train/44b6_551a5dba.zarr/0/c/55/0/0/0,5505222,2026-06-26 18:28:20.375000,15
train/44b6_551a5dba.zarr/0/c/56/0/0/0,5509432,2026-06-26 18:28:16.772000,15
train/44b6_551a5dba.zarr/0/c/57/0/0/0,5501630,2026-06-26 18:28:17.485000,15
train/44b6_551a5dba.zarr/0/c/58/0/0/0,5499711,2026-06-26 18:28:20.956000,15
train/44b6_551a5dba.zarr/0/c/59/0/0/0,5500049,2026-06-26 18:28:11.628000,15
train/44b6_551a5dba.zarr/0/c/6/0/0/0,5545071,2026-06-26 18:28:18.201000,15
train/44b6_551a5dba.zarr/0/c/60/0/0/0,5487974,2026-06-26 18:28:23.595000,15
train/44b6_551a5dba.zarr/0/c/61/0/0/0,5477592,2026-06-26 18:28:08.726000,15
train/44b6_551a5dba.zarr/0/c/62/0/0/0,5491113,2026-06-26 18:28:21.116000,15
train/44b6_551a5dba.zarr/0/c/63/0/0/0,5503858,2026-06-26 18:28:15.199000,15
train/44b6_551a5dba.zarr/0/c/64/0/0/0,5491710,2026-06-26 18:28:07.099000,15
train/44b6_551a5dba.zarr/0/c/65/0/0/0,5493958,2026-06-26 18:28:21.581000,15
train/44b6_551a5dba.zarr/0/c/66/0/0/0,5489094,2026-06-26 18:28:08.582000,15
train/44b6_551a5dba.zarr/0/c/67/0/0/0,5471265,2026-06-26 18:28:16.894000,15
train/44b6_551a5dba.zarr/0/c/68/0/0/0,5483302,2026-06-26 18:28:18.431000,15
train/44b6_551a5dba.zarr/0/c/69/0/0/0,5473805,2026-06-26 18:28:11.144000,15
train/44b6_551a5dba.zarr/0/c/7/0/0/0,5540755,2026-06-26 18:28:16.338000,15
train/44b6_551a5dba.zarr/0/c/70/0/0/0,5478283,2026-06-26 18:28:12.160000,15
train/44b6_551a5dba.zarr/0/c/71/0/0/0,5486233,2026-06-26 18:28:12.416000,15
train/44b6_551a5dba.zarr/0/c/72/0/0/0,5494875,2026-06-26 18:28:13.905000,15
train/44b6_551a5dba.zarr/0/c/73/0/0/0,5484727,2026-06-26 18:28:08.427000,15
train/44b6_551a5dba.zarr/0/c/74/0/0/0,5473920,2026-06-26 18:28:17.938000,15
train/44b6_551a5dba.zarr/0/c/75/0/0/0,5464369,2026-06-26 18:28:11.945000,15
train/44b6_551a5dba.zarr/0/c/76/0/0/0,5475898,2026-06-26 18:28:10.382000,15
train/44b6_551a5dba.zarr/0/c/77/0/0/0,5466719,2026-06-26 18:28:08.038000,15
train/44b6_551a5dba.zarr/0/c/78/0/0/0,5470432,2026-06-26 18:28:10.008000,15
train/44b6_551a5dba.zarr/0/c/79/0/0/0,5487158,2026-06-26 18:28:19.873000,15
train/44b6_551a5dba.zarr/0/c/8/0/0/0,5556487,2026-06-26 18:28:12.547000,15
train/44b6_551a5dba.zarr/0/c/80/0/0/0,5481512,2026-06-26 18:28:20.221000,15
train/44b6_551a5dba.zarr/0/c/81/0/0/0,5466561,2026-06-26 18:28:22.792000,15
train/44b6_551a5dba.zarr/0/c/82/0/0/0,5456987,2026-06-26 18:28:22.650000,15
train/44b6_551a5dba.zarr/0/c/83/0/0/0,5456498,2026-06-26 18:28:15.607000,15
train/44b6_551a5dba.zarr/0/c/84/0/0/0,5473068,2026-06-26 18:28:12.009000,15
train/44b6_551a5dba.zarr/0/c/85/0/0/0,5493805,2026-06-26 18:28:19.698000,15
train/44b6_551a5dba.zarr/0/c/86/0/0/0,5484985,2026-06-26 18:28:17.173000,15
train/44b6_551a5dba.zarr/0/c/87/0/0/0,5475951,2026-06-26 18:28:19.063000,15
train/44b6_551a5dba.zarr/0/c/88/0/0/0,5457218,2026-06-26 18:28:20.055000,15
train/44b6_551a5dba.zarr/0/c/89/0/0/0,5442736,2026-06-26 18:28:10.725000,15
train/44b6_551a5dba.zarr/0/c/9/0/0/0,5542712,2026-06-26 18:28:13.463000,15
train/44b6_551a5dba.zarr/0/c/90/0/0/0,5459777,2026-06-26 18:28:18.927000,15
train/44b6_551a5dba.zarr/0/c/91/0/0/0,5465820,2026-06-26 18:28:17.722000,15
train/44b6_551a5dba.zarr/0/c/92/0/0/0,5477188,2026-06-26 18:28:20.704000,15
train/44b6_551a5dba.zarr/0/c/93/0/0/0,5478597,2026-06-26 18:28:08.224000,15
train/44b6_551a5dba.zarr/0/c/94/0/0/0,5477815,2026-06-26 18:28:22.228000,15
train/44b6_551a5dba.zarr/0/c/95/0/0/0,5467623,2026-06-26 18:28:10.589000,15
train/44b6_551a5dba.zarr/0/c/96/0/0/0,5453547,2026-06-26 18:28:08.932000,15
train/44b6_551a5dba.zarr/0/c/97/0/0/0,5447675,2026-06-26 18:28:18.785000,15
train/44b6_551a5dba.zarr/0/c/98/0/0/0,5449134,2026-06-26 18:28:14.899000,15
train/44b6_551a5dba.zarr/0/c/99/0/0/0,5451343,2026-06-26 18:28:14.215000,15
train/44b6_551a5dba.zarr/0/zarr.json,760,2026-06-26 18:28:23.620000,15
train/44b6_551a5dba.zarr/zarr.json,1305,2026-06-26 18:28:23.665000,15
train/44b6_5740d24b.geff/edges/ids/c/0/0,737,2026-06-26 18:17:35.246000,15
train/44b6_5740d24b.geff/edges/ids/zarr.json,636,2026-06-26 18:17:35.258000,15
train/44b6_5740d24b.geff/edges/props/zarr.json,99,2026-06-26 18:17:35.246000,15
train/44b6_5740d24b.geff/edges/zarr.json,99,2026-06-26 18:17:35.246000,15
train/44b6_5740d24b.geff/nodes/ids/c/0,590,2026-06-26 18:17:35.255000,15
train/44b6_5740d24b.geff/nodes/ids/zarr.json,618,2026-06-26 18:17:35.248000,15
train/44b6_5740d24b.geff/nodes/props/t/values/c/0,164,2026-06-26 18:17:35.229000,15
train/44b6_5740d24b.geff/nodes/props/t/values/zarr.json,617,2026-06-26 18:17:35.239000,15
train/44b6_5740d24b.geff/nodes/props/t/zarr.json,99,2026-06-26 18:17:35.242000,16
train/44b6_5740d24b.geff/nodes/props/x/values/c/0,280,2026-06-26 18:17:35.251000,16
train/44b6_5740d24b.geff/nodes/props/x/values/zarr.json,617,2026-06-26 18:17:35.242000,16
train/44b6_5740d24b.geff/nodes/props/x/zarr.json,99,2026-06-26 18:17:35.249000,16
train/44b6_5740d24b.geff/nodes/props/y/values/c/0,182,2026-06-26 18:17:35.243000,16
train/44b6_5740d24b.geff/nodes/props/y/values/zarr.json,617,2026-06-26 18:17:35.244000,16
train/44b6_5740d24b.geff/nodes/props/y/zarr.json,99,2026-06-26 18:17:35.255000,16
train/44b6_5740d24b.geff/nodes/props/z/values/c/0,164,2026-06-26 18:17:35.263000,16
train/44b6_5740d24b.geff/nodes/props/z/values/zarr.json,617,2026-06-26 18:17:35.237000,16
train/44b6_5740d24b.geff/nodes/props/z/zarr.json,99,2026-06-26 18:17:35.246000,16
train/44b6_5740d24b.geff/nodes/props/zarr.json,99,2026-06-26 18:17:35.264000,16
train/44b6_5740d24b.geff/nodes/zarr.json,99,2026-06-26 18:17:35.242000,16
train/44b6_5740d24b.geff/zarr.json,2102,2026-06-26 18:17:35.265000,16
train/44b6_5740d24b.zarr/0/c/0/0/0/0,4323190,2026-06-26 18:15:26.093000,16
train/44b6_5740d24b.zarr/0/c/1/0/0/0,4299775,2026-06-26 18:15:24.704000,16
train/44b6_5740d24b.zarr/0/c/10/0/0/0,4341064,2026-06-26 18:15:28.947000,16
train/44b6_5740d24b.zarr/0/c/11/0/0/0,4354933,2026-06-26 18:15:26.715000,16
train/44b6_5740d24b.zarr/0/c/12/0/0/0,4355760,2026-06-26 18:15:21.012000,16
train/44b6_5740d24b.zarr/0/c/13/0/0/0,4349405,2026-06-26 18:15:22.150000,16
train/44b6_5740d24b.zarr/0/c/14/0/0/0,4352641,2026-06-26 18:15:24.590000,16
train/44b6_5740d24b.zarr/0/c/15/0/0/0,4389500,2026-06-26 18:15:26.226000,16
train/44b6_5740d24b.zarr/0/c/16/0/0/0,4387272,2026-06-26 18:15:29.146000,16
train/44b6_5740d24b.zarr/0/c/17/0/0/0,4360180,2026-06-26 18:15:32.013000,16
train/44b6_5740d24b.zarr/0/c/18/0/0/0,4368807,2026-06-26 18:15:31.335000,16
train/44b6_5740d24b.zarr/0/c/19/0/0/0,4347252,2026-06-26 18:15:22.184000,16
train/44b6_5740d24b.zarr/0/c/2/0/0/0,4246509,2026-06-26 18:15:20.413000,16
train/44b6_5740d24b.zarr/0/c/20/0/0/0,4355323,2026-06-26 18:15:24.907000,16
train/44b6_5740d24b.zarr/0/c/21/0/0/0,4378879,2026-06-26 18:15:26.507000,16
train/44b6_5740d24b.zarr/0/c/22/0/0/0,4425145,2026-06-26 18:15:31.845000,16
train/44b6_5740d24b.zarr/0/c/23/0/0/0,4409630,2026-06-26 18:15:18.840000,16
train/44b6_5740d24b.zarr/0/c/24/0/0/0,4408885,2026-06-26 18:15:25.007000,16
train/44b6_5740d24b.zarr/0/c/25/0/0/0,4432378,2026-06-26 18:15:18.951000,16
train/44b6_5740d24b.zarr/0/c/26/0/0/0,4411986,2026-06-26 18:15:32.411000,16
train/44b6_5740d24b.zarr/0/c/27/0/0/0,4403049,2026-06-26 18:15:30.940000,16
train/44b6_5740d24b.zarr/0/c/28/0/0/0,4429619,2026-06-26 18:15:30.506000,16
train/44b6_5740d24b.zarr/0/c/29/0/0/0,4455403,2026-06-26 18:15:20.558000,16
train/44b6_5740d24b.zarr/0/c/3/0/0/0,4220576,2026-06-26 18:15:25.143000,16
train/44b6_5740d24b.zarr/0/c/30/0/0/0,4446691,2026-06-26 18:15:23.672000,16
train/44b6_5740d24b.zarr/0/c/31/0/0/0,4475227,2026-06-26 18:15:31.767000,16
train/44b6_5740d24b.zarr/0/c/32/0/0/0,4484347,2026-06-26 18:15:29.891000,16
train/44b6_5740d24b.zarr/0/c/33/0/0/0,4423471,2026-06-26 18:15:20.016000,16
train/44b6_5740d24b.zarr/0/c/34/0/0/0,4434442,2026-06-26 18:15:21.737000,16
train/44b6_5740d24b.zarr/0/c/35/0/0/0,4465131,2026-06-26 18:15:20.619000,16
train/44b6_5740d24b.zarr/0/c/36/0/0/0,4473066,2026-06-26 18:15:27.048000,16
train/44b6_5740d24b.zarr/0/c/37/0/0/0,4468794,2026-06-26 18:15:30.801000,16
train/44b6_5740d24b.zarr/0/c/38/0/0/0,4501889,2026-06-26 18:15:30.585000,16
train/44b6_5740d24b.zarr/0/c/39/0/0/0,4505495,2026-06-26 18:15:23.579000,16
train/44b6_5740d24b.zarr/0/c/4/0/0/0,4252991,2026-06-26 18:15:22.600000,16
train/44b6_5740d24b.zarr/0/c/40/0/0/0,4502273,2026-06-26 18:15:19.301000,16
train/44b6_5740d24b.zarr/0/c/41/0/0/0,4486330,2026-06-26 18:15:24.273000,16
train/44b6_5740d24b.zarr/0/c/42/0/0/0,4500111,2026-06-26 18:15:25.944000,16
train/44b6_5740d24b.zarr/0/c/43/0/0/0,4525168,2026-06-26 18:15:32.104000,16
train/44b6_5740d24b.zarr/0/c/44/0/0/0,4531060,2026-06-26 18:15:28.230000,16
train/44b6_5740d24b.zarr/0/c/45/0/0/0,4533672,2026-06-26 18:15:21.544000,16
train/44b6_5740d24b.zarr/0/c/46/0/0/0,4560941,2026-06-26 18:15:20.790000,16
train/44b6_5740d24b.zarr/0/c/47/0/0/0,4575047,2026-06-26 18:15:23.919000,16
train/44b6_5740d24b.zarr/0/c/48/0/0/0,4544892,2026-06-26 18:15:18.612000,16
train/44b6_5740d24b.zarr/0/c/49/0/0/0,4539533,2026-06-26 18:15:20.256000,16
train/44b6_5740d24b.zarr/0/c/5/0/0/0,4276095,2026-06-26 18:15:31.129000,16
train/44b6_5740d24b.zarr/0/c/50/0/0/0,4530624,2026-06-26 18:15:25.493000,16
train/44b6_5740d24b.zarr/0/c/51/0/0/0,4565161,2026-06-26 18:15:25.678000,16
train/44b6_5740d24b.zarr/0/c/52/0/0/0,4562615,2026-06-26 18:15:27.231000,16
train/44b6_5740d24b.zarr/0/c/53/0/0/0,4539145,2026-06-26 18:15:30.122000,16
train/44b6_5740d24b.zarr/0/c/54/0/0/0,4551888,2026-06-26 18:15:27.436000,16
train/44b6_5740d24b.zarr/0/c/55/0/0/0,4540489,2026-06-26 18:15:29.753000,16
train/44b6_5740d24b.zarr/0/c/56/0/0/0,4540502,2026-06-26 18:15:26.814000,16
train/44b6_5740d24b.zarr/0/c/57/0/0/0,4541079,2026-06-26 18:15:27.351000,16
train/44b6_5740d24b.zarr/0/c/58/0/0/0,4568190,2026-06-26 18:15:30.337000,16
train/44b6_5740d24b.zarr/0/c/59/0/0/0,4534472,2026-06-26 18:15:22.500000,16
train/44b6_5740d24b.zarr/0/c/6/0/0/0,4285191,2026-06-26 18:15:28.358000,16
train/44b6_5740d24b.zarr/0/c/60/0/0/0,4561356,2026-06-26 18:15:32.188000,16
train/44b6_5740d24b.zarr/0/c/61/0/0/0,4580737,2026-06-26 18:15:19.790000,16
train/44b6_5740d24b.zarr/0/c/62/0/0/0,4565170,2026-06-26 18:15:30.407000,16
train/44b6_5740d24b.zarr/0/c/63/0/0/0,4573808,2026-06-26 18:15:25.574000,16
train/44b6_5740d24b.zarr/0/c/64/0/0/0,4561877,2026-06-26 18:15:18.765000,16
train/44b6_5740d24b.zarr/0/c/65/0/0/0,4557311,2026-06-26 18:15:30.740000,16
train/44b6_5740d24b.zarr/0/c/66/0/0/0,4559015,2026-06-26 18:15:19.647000,16
train/44b6_5740d24b.zarr/0/c/67/0/0/0,4546645,2026-06-26 18:15:26.939000,16
train/44b6_5740d24b.zarr/0/c/68/0/0/0,4537703,2026-06-26 18:15:28.508000,16
train/44b6_5740d24b.zarr/0/c/69/0/0/0,4538092,2026-06-26 18:15:21.891000,16
train/44b6_5740d24b.zarr/0/c/7/0/0/0,4305678,2026-06-26 18:15:26.296000,16
train/44b6_5740d24b.zarr/0/c/70/0/0/0,4527029,2026-06-26 18:15:23.077000,16
train/44b6_5740d24b.zarr/0/c/71/0/0/0,4538934,2026-06-26 18:15:23.289000,16
train/44b6_5740d24b.zarr/0/c/72/0/0/0,4540534,2026-06-26 18:15:24.430000,16
train/44b6_5740d24b.zarr/0/c/73/0/0/0,4542617,2026-06-26 18:15:19.509000,16
train/44b6_5740d24b.zarr/0/c/74/0/0/0,4574288,2026-06-26 18:15:27.883000,16
train/44b6_5740d24b.zarr/0/c/75/0/0/0,4579759,2026-06-26 18:15:22.787000,16
train/44b6_5740d24b.zarr/0/c/76/0/0/0,4595084,2026-06-26 18:15:21.180000,16
train/44b6_5740d24b.zarr/0/c/77/0/0/0,4631026,2026-06-26 18:15:19.105000,16
train/44b6_5740d24b.zarr/0/c/78/0/0/0,4641708,2026-06-26 18:15:20.894000,16
train/44b6_5740d24b.zarr/0/c/79/0/0/0,4657235,2026-06-26 18:15:29.435000,16
train/44b6_5740d24b.zarr/0/c/8/0/0/0,4331119,2026-06-26 18:15:23.407000,16
train/44b6_5740d24b.zarr/0/c/80/0/0/0,4681176,2026-06-26 18:15:29.683000,16
train/44b6_5740d24b.zarr/0/c/81/0/0/0,4670135,2026-06-26 18:15:31.596000,16
train/44b6_5740d24b.zarr/0/c/82/0/0/0,4694648,2026-06-26 18:15:31.554000,16
train/44b6_5740d24b.zarr/0/c/83/0/0/0,4719827,2026-06-26 18:15:25.769000,16
train/44b6_5740d24b.zarr/0/c/84/0/0/0,4718812,2026-06-26 18:15:22.956000,16
train/44b6_5740d24b.zarr/0/c/85/0/0/0,4699759,2026-06-26 18:15:29.322000,16
train/44b6_5740d24b.zarr/0/c/86/0/0/0,4704450,2026-06-26 18:15:27.115000,16
train/44b6_5740d24b.zarr/0/c/87/0/0/0,4704006,2026-06-26 18:15:28.837000,16
train/44b6_5740d24b.zarr/0/c/88/0/0/0,4714843,2026-06-26 18:15:29.592000,16
train/44b6_5740d24b.zarr/0/c/89/0/0/0,4709773,2026-06-26 18:15:21.460000,16
train/44b6_5740d24b.zarr/0/c/9/0/0/0,4332567,2026-06-26 18:15:24.034000,16
train/44b6_5740d24b.zarr/0/c/90/0/0/0,4711713,2026-06-26 18:15:28.748000,16
train/44b6_5740d24b.zarr/0/c/91/0/0/0,4738894,2026-06-26 18:15:27.576000,16
train/44b6_5740d24b.zarr/0/c/92/0/0/0,4766248,2026-06-26 18:15:30.037000,16
train/44b6_5740d24b.zarr/0/c/93/0/0/0,4774488,2026-06-26 18:15:19.401000,16
train/44b6_5740d24b.zarr/0/c/94/0/0/0,4772391,2026-06-26 18:15:31.230000,16
train/44b6_5740d24b.zarr/0/c/95/0/0/0,4769416,2026-06-26 18:15:21.358000,16
train/44b6_5740d24b.zarr/0/c/96/0/0/0,4799837,2026-06-26 18:15:19.944000,16
train/44b6_5740d24b.zarr/0/c/97/0/0/0,4813194,2026-06-26 18:15:28.602000,16
train/44b6_5740d24b.zarr/0/c/98/0/0/0,4814943,2026-06-26 18:15:25.377000,16
train/44b6_5740d24b.zarr/0/c/99/0/0/0,4827268,2026-06-26 18:15:24.821000,16
train/44b6_5740d24b.zarr/0/zarr.json,760,2026-06-26 18:15:32.352000,16
train/44b6_5740d24b.zarr/zarr.json,1278,2026-06-26 18:15:32.360000,16
train/44b6_587a1e22.geff/edges/ids/c/0/0,1230,2026-06-26 18:41:35.284000,16
train/44b6_587a1e22.geff/edges/ids/zarr.json,636,2026-06-26 18:41:35.294000,16
train/44b6_587a1e22.geff/edges/props/zarr.json,99,2026-06-26 18:41:35.307000,16
train/44b6_587a1e22.geff/edges/zarr.json,99,2026-06-26 18:41:35.280000,16
train/44b6_587a1e22.geff/nodes/ids/c/0,810,2026-06-26 18:41:35.279000,16
train/44b6_587a1e22.geff/nodes/ids/zarr.json,618,2026-06-26 18:41:35.292000,16
train/44b6_587a1e22.geff/nodes/props/t/values/c/0,188,2026-06-26 18:41:35.280000,16
train/44b6_587a1e22.geff/nodes/props/t/values/zarr.json,617,2026-06-26 18:41:35.328000,16
train/44b6_587a1e22.geff/nodes/props/t/zarr.json,99,2026-06-26 18:41:35.361000,16
train/44b6_587a1e22.geff/nodes/props/x/values/c/0,431,2026-06-26 18:41:35.294000,16
train/44b6_587a1e22.geff/nodes/props/x/values/zarr.json,617,2026-06-26 18:41:35.302000,16
train/44b6_587a1e22.geff/nodes/props/x/zarr.json,99,2026-06-26 18:41:35.299000,16
train/44b6_587a1e22.geff/nodes/props/y/values/c/0,435,2026-06-26 18:41:35.308000,16
train/44b6_587a1e22.geff/nodes/props/y/values/zarr.json,617,2026-06-26 18:41:35.345000,16
train/44b6_587a1e22.geff/nodes/props/y/zarr.json,99,2026-06-26 18:41:35.269000,16
train/44b6_587a1e22.geff/nodes/props/z/values/c/0,388,2026-06-26 18:41:35.352000,16
train/44b6_587a1e22.geff/nodes/props/z/values/zarr.json,617,2026-06-26 18:41:35.289000,16
train/44b6_587a1e22.geff/nodes/props/z/zarr.json,99,2026-06-26 18:41:35.305000,16
train/44b6_587a1e22.geff/nodes/props/zarr.json,99,2026-06-26 18:41:35.315000,16
train/44b6_587a1e22.geff/nodes/zarr.json,99,2026-06-26 18:41:35.298000,16
train/44b6_587a1e22.geff/zarr.json,2101,2026-06-26 18:41:35.363000,16
train/44b6_587a1e22.zarr/0/c/0/0/0/0,4117445,2026-06-26 18:24:42.610000,16
train/44b6_587a1e22.zarr/0/c/1/0/0/0,4104962,2026-06-26 18:24:41.370000,16
train/44b6_587a1e22.zarr/0/c/10/0/0/0,4216330,2026-06-26 18:24:44.956000,16
train/44b6_587a1e22.zarr/0/c/11/0/0/0,4227417,2026-06-26 18:24:43.063000,16
train/44b6_587a1e22.zarr/0/c/12/0/0/0,4239149,2026-06-26 18:24:38.504000,16
train/44b6_587a1e22.zarr/0/c/13/0/0/0,4241331,2026-06-26 18:24:39.551000,16
train/44b6_587a1e22.zarr/0/c/14/0/0/0,4231695,2026-06-26 18:24:41.254000,16
train/44b6_587a1e22.zarr/0/c/15/0/0/0,4240294,2026-06-26 18:24:42.690000,16
train/44b6_587a1e22.zarr/0/c/16/0/0/0,4252405,2026-06-26 18:24:45.120000,16
train/44b6_587a1e22.zarr/0/c/17/0/0/0,4273148,2026-06-26 18:24:47.743000,16
train/44b6_587a1e22.zarr/0/c/18/0/0/0,4280232,2026-06-26 18:24:47.181000,16
train/44b6_587a1e22.zarr/0/c/19/0/0/0,4277254,2026-06-26 18:24:39.929000,16
train/44b6_587a1e22.zarr/0/c/2/0/0/0,4117258,2026-06-26 18:24:37.935000,16
train/44b6_587a1e22.zarr/0/c/20/0/0/0,4287452,2026-06-26 18:24:41.547000,16
train/44b6_587a1e22.zarr/0/c/21/0/0/0,4291852,2026-06-26 18:24:42.990000,16
train/44b6_587a1e22.zarr/0/c/22/0/0/0,4275308,2026-06-26 18:24:47.558000,16
train/44b6_587a1e22.zarr/0/c/23/0/0/0,4298456,2026-06-26 18:24:36.780000,16
train/44b6_587a1e22.zarr/0/c/24/0/0/0,4322422,2026-06-26 18:24:41.691000,16
train/44b6_587a1e22.zarr/0/c/25/0/0/0,4327302,2026-06-26 18:24:36.730000,16
train/44b6_587a1e22.zarr/0/c/26/0/0/0,4334815,2026-06-26 18:24:48.010000,16
train/44b6_587a1e22.zarr/0/c/27/0/0/0,4346125,2026-06-26 18:24:46.903000,16
train/44b6_587a1e22.zarr/0/c/28/0/0/0,4345820,2026-06-26 18:24:46.313000,16
train/44b6_587a1e22.zarr/0/c/29/0/0/0,4339642,2026-06-26 18:24:38.111000,16
train/44b6_587a1e22.zarr/0/c/3/0/0/0,4136880,2026-06-26 18:24:41.811000,16
train/44b6_587a1e22.zarr/0/c/30/0/0/0,4345297,2026-06-26 18:24:40.741000,16
train/44b6_587a1e22.zarr/0/c/31/0/0/0,4356987,2026-06-26 18:24:47.461000,16
train/44b6_587a1e22.zarr/0/c/32/0/0/0,4369044,2026-06-26 18:24:45.764000,16
train/44b6_587a1e22.zarr/0/c/33/0/0/0,4368083,2026-06-26 18:24:37.666000,16
train/44b6_587a1e22.zarr/0/c/34/0/0/0,4355459,2026-06-26 18:24:39.409000,16
train/44b6_587a1e22.zarr/0/c/35/0/0/0,4353009,2026-06-26 18:24:38.202000,16
train/44b6_587a1e22.zarr/0/c/36/0/0/0,4342697,2026-06-26 18:24:43.358000,16
train/44b6_587a1e22.zarr/0/c/37/0/0/0,4322259,2026-06-26 18:24:46.700000,16
train/44b6_587a1e22.zarr/0/c/38/0/0/0,4312341,2026-06-26 18:24:46.434000,16
train/44b6_587a1e22.zarr/0/c/39/0/0/0,4319192,2026-06-26 18:24:40.536000,16
train/44b6_587a1e22.zarr/0/c/4/0/0/0,4136048,2026-06-26 18:24:39.910000,16
train/44b6_587a1e22.zarr/0/c/40/0/0/0,4314826,2026-06-26 18:24:37.052000,16
train/44b6_587a1e22.zarr/0/c/41/0/0/0,4302505,2026-06-26 18:24:41.105000,16
train/44b6_587a1e22.zarr/0/c/42/0/0/0,4312744,2026-06-26 18:24:42.471000,16
train/44b6_587a1e22.zarr/0/c/43/0/0/0,4321884,2026-06-26 18:24:47.800000,16
train/44b6_587a1e22.zarr/0/c/44/0/0/0,4315406,2026-06-26 18:24:43.934000,16
train/44b6_587a1e22.zarr/0/c/45/0/0/0,4319563,2026-06-26 18:24:39.290000,16
train/44b6_587a1e22.zarr/0/c/46/0/0/0,4319519,2026-06-26 18:24:38.317000,16
train/44b6_587a1e22.zarr/0/c/47/0/0/0,4324398,2026-06-26 18:24:40.811000,16
train/44b6_587a1e22.zarr/0/c/48/0/0/0,4301128,2026-06-26 18:24:36.488000,16
train/44b6_587a1e22.zarr/0/c/49/0/0/0,4287573,2026-06-26 18:24:37.752000,16
train/44b6_587a1e22.zarr/0/c/5/0/0/0,4176989,2026-06-26 18:24:46.952000,16
train/44b6_587a1e22.zarr/0/c/50/0/0/0,4267336,2026-06-26 18:24:42.122000,16
train/44b6_587a1e22.zarr/0/c/51/0/0/0,4273697,2026-06-26 18:24:42.283000,16
train/44b6_587a1e22.zarr/0/c/52/0/0/0,4276622,2026-06-26 18:24:43.486000,16
train/44b6_587a1e22.zarr/0/c/53/0/0/0,4291169,2026-06-26 18:24:45.983000,16
train/44b6_587a1e22.zarr/0/c/54/0/0/0,4275965,2026-06-26 18:24:43.655000,16
train/44b6_587a1e22.zarr/0/c/55/0/0/0,4281792,2026-06-26 18:24:45.674000,16
train/44b6_587a1e22.zarr/0/c/56/0/0/0,4265108,2026-06-26 18:24:43.098000,16
train/44b6_587a1e22.zarr/0/c/57/0/0/0,4270074,2026-06-26 18:24:43.602000,16
train/44b6_587a1e22.zarr/0/c/58/0/0/0,4248856,2026-06-26 18:24:46.045000,16
train/44b6_587a1e22.zarr/0/c/59/0/0/0,4238975,2026-06-26 18:24:39.804000,16
train/44b6_587a1e22.zarr/0/c/6/0/0/0,4185399,2026-06-26 18:24:44.167000,16
train/44b6_587a1e22.zarr/0/c/60/0/0/0,4201488,2026-06-26 18:24:47.902000,16
train/44b6_587a1e22.zarr/0/c/61/0/0/0,4188269,2026-06-26 18:24:37.418000,16
train/44b6_587a1e22.zarr/0/c/62/0/0/0,4153313,2026-06-26 18:24:46.230000,16
train/44b6_587a1e22.zarr/0/c/63/0/0/0,4115251,2026-06-26 18:24:42.160000,16
train/44b6_587a1e22.zarr/0/c/64/0/0/0,4110707,2026-06-26 18:24:36.639000,16
train/44b6_587a1e22.zarr/0/c/65/0/0/0,4079908,2026-06-26 18:24:46.564000,16
train/44b6_587a1e22.zarr/0/c/66/0/0/0,4062299,2026-06-26 18:24:37.256000,16
train/44b6_587a1e22.zarr/0/c/67/0/0/0,4042879,2026-06-26 18:24:43.234000,17
train/44b6_587a1e22.zarr/0/c/68/0/0/0,4037497,2026-06-26 18:24:44.281000,17
train/44b6_587a1e22.zarr/0/c/69/0/0/0,4022234,2026-06-26 18:24:39.453000,17
train/44b6_587a1e22.zarr/0/c/7/0/0/0,4189214,2026-06-26 18:24:42.784000,17
train/44b6_587a1e22.zarr/0/c/70/0/0/0,3999830,2026-06-26 18:24:40.233000,17
train/44b6_587a1e22.zarr/0/c/71/0/0/0,3993452,2026-06-26 18:24:40.376000,17
train/44b6_587a1e22.zarr/0/c/72/0/0/0,3979109,2026-06-26 18:24:41.148000,17
train/44b6_587a1e22.zarr/0/c/73/0/0/0,3966530,2026-06-26 18:24:37.220000,17
train/44b6_587a1e22.zarr/0/c/74/0/0/0,3959218,2026-06-26 18:24:43.848000,17
train/44b6_587a1e22.zarr/0/c/75/0/0/0,3933750,2026-06-26 18:24:40.075000,17
train/44b6_587a1e22.zarr/0/c/76/0/0/0,3939302,2026-06-26 18:24:38.584000,17
train/44b6_587a1e22.zarr/0/c/77/0/0/0,3915749,2026-06-26 18:24:36.922000,17
train/44b6_587a1e22.zarr/0/c/78/0/0/0,3898076,2026-06-26 18:24:38.402000,17
train/44b6_587a1e22.zarr/0/c/79/0/0/0,3887031,2026-06-26 18:24:45.339000,17
train/44b6_587a1e22.zarr/0/c/8/0/0/0,4193438,2026-06-26 18:24:40.471000,17
train/44b6_587a1e22.zarr/0/c/80/0/0/0,3847950,2026-06-26 18:24:45.564000,17
train/44b6_587a1e22.zarr/0/c/81/0/0/0,3833595,2026-06-26 18:24:47.385000,17
train/44b6_587a1e22.zarr/0/c/82/0/0/0,3815153,2026-06-26 18:24:47.306000,17
train/44b6_587a1e22.zarr/0/c/83/0/0/0,3807159,2026-06-26 18:24:42.301000,17
train/44b6_587a1e22.zarr/0/c/84/0/0/0,3793754,2026-06-26 18:24:40.167000,17
train/44b6_587a1e22.zarr/0/c/85/0/0/0,3796756,2026-06-26 18:24:45.261000,17
train/44b6_587a1e22.zarr/0/c/86/0/0/0,3778127,2026-06-26 18:24:43.396000,17
train/44b6_587a1e22.zarr/0/c/87/0/0/0,3799526,2026-06-26 18:24:44.884000,17
train/44b6_587a1e22.zarr/0/c/88/0/0/0,3764954,2026-06-26 18:24:45.489000,17
train/44b6_587a1e22.zarr/0/c/89/0/0/0,3750923,2026-06-26 18:24:39.133000,17
train/44b6_587a1e22.zarr/0/c/9/0/0/0,4212870,2026-06-26 18:24:40.936000,17
train/44b6_587a1e22.zarr/0/c/90/0/0/0,3719553,2026-06-26 18:24:44.815000,17
train/44b6_587a1e22.zarr/0/c/91/0/0/0,3696066,2026-06-26 18:24:43.703000,17
train/44b6_587a1e22.zarr/0/c/92/0/0/0,3707179,2026-06-26 18:24:45.876000,17
train/44b6_587a1e22.zarr/0/c/93/0/0/0,3698724,2026-06-26 18:24:37.118000,17
train/44b6_587a1e22.zarr/0/c/94/0/0/0,3679718,2026-06-26 18:24:47.095000,17
train/44b6_587a1e22.zarr/0/c/95/0/0/0,3680627,2026-06-26 18:24:39.327000,17
train/44b6_587a1e22.zarr/0/c/96/0/0/0,3674761,2026-06-26 18:24:37.536000,17
train/44b6_587a1e22.zarr/0/c/97/0/0/0,3656893,2026-06-26 18:24:44.617000,17
train/44b6_587a1e22.zarr/0/c/98/0/0/0,3655942,2026-06-26 18:24:41.839000,17
train/44b6_587a1e22.zarr/0/c/99/0/0/0,3654571,2026-06-26 18:24:41.425000,17
train/44b6_587a1e22.zarr/0/zarr.json,760,2026-06-26 18:24:47.962000,17
train/44b6_587a1e22.zarr/zarr.json,1289,2026-06-26 18:24:47.958000,17
train/44b6_5f15d135.geff/edges/ids/c/0/0,983,2026-06-26 18:31:20.557000,17
train/44b6_5f15d135.geff/edges/ids/zarr.json,636,2026-06-26 18:31:20.667000,17
train/44b6_5f15d135.geff/edges/props/zarr.json,99,2026-06-26 18:31:20.520000,17
train/44b6_5f15d135.geff/edges/zarr.json,99,2026-06-26 18:31:20.531000,17
train/44b6_5f15d135.geff/nodes/ids/c/0,706,2026-06-26 18:31:20.533000,17
train/44b6_5f15d135.geff/nodes/ids/zarr.json,618,2026-06-26 18:31:20.527000,17
train/44b6_5f15d135.geff/nodes/props/t/values/c/0,152,2026-06-26 18:31:20.530000,17
train/44b6_5f15d135.geff/nodes/props/t/values/zarr.json,617,2026-06-26 18:31:20.533000,17
train/44b6_5f15d135.geff/nodes/props/t/zarr.json,99,2026-06-26 18:31:20.519000,17
train/44b6_5f15d135.geff/nodes/props/x/values/c/0,333,2026-06-26 18:31:20.511000,17
train/44b6_5f15d135.geff/nodes/props/x/values/zarr.json,617,2026-06-26 18:31:20.519000,17
train/44b6_5f15d135.geff/nodes/props/x/zarr.json,99,2026-06-26 18:31:20.589000,17
train/44b6_5f15d135.geff/nodes/props/y/values/c/0,352,2026-06-26 18:31:20.525000,17
train/44b6_5f15d135.geff/nodes/props/y/values/zarr.json,617,2026-06-26 18:31:20.520000,17
train/44b6_5f15d135.geff/nodes/props/y/zarr.json,99,2026-06-26 18:31:20.524000,17
train/44b6_5f15d135.geff/nodes/props/z/values/c/0,271,2026-06-26 18:31:20.519000,17
train/44b6_5f15d135.geff/nodes/props/z/values/zarr.json,617,2026-06-26 18:31:20.519000,17
train/44b6_5f15d135.geff/nodes/props/z/zarr.json,99,2026-06-26 18:31:20.537000,17
train/44b6_5f15d135.geff/nodes/props/zarr.json,99,2026-06-26 18:31:20.544000,17
train/44b6_5f15d135.geff/nodes/zarr.json,99,2026-06-26 18:31:20.526000,17
train/44b6_5f15d135.geff/zarr.json,2101,2026-06-26 18:31:20.573000,17
train/44b6_5f15d135.zarr/0/c/0/0/0/0,5337618,2026-06-26 18:17:57.391000,17
train/44b6_5f15d135.zarr/0/c/1/0/0/0,5312978,2026-06-26 18:17:55.749000,17
train/44b6_5f15d135.zarr/0/c/10/0/0/0,5305472,2026-06-26 18:18:00.833000,17
train/44b6_5f15d135.zarr/0/c/11/0/0/0,5307217,2026-06-26 18:17:58.096000,17
train/44b6_5f15d135.zarr/0/c/12/0/0/0,5325274,2026-06-26 18:17:51.985000,17
train/44b6_5f15d135.zarr/0/c/13/0/0/0,5329923,2026-06-26 18:17:53.165000,17
train/44b6_5f15d135.zarr/0/c/14/0/0/0,5323895,2026-06-26 18:17:55.638000,17
train/44b6_5f15d135.zarr/0/c/15/0/0/0,5320062,2026-06-26 18:17:57.509000,17
train/44b6_5f15d135.zarr/0/c/16/0/0/0,5312195,2026-06-26 18:18:01.257000,17
train/44b6_5f15d135.zarr/0/c/17/0/0/0,5316327,2026-06-26 18:18:04.777000,17
train/44b6_5f15d135.zarr/0/c/18/0/0/0,5313951,2026-06-26 18:18:04.021000,17
train/44b6_5f15d135.zarr/0/c/19/0/0/0,5302365,2026-06-26 18:17:53.227000,17
train/44b6_5f15d135.zarr/0/c/2/0/0/0,5305683,2026-06-26 18:17:51.197000,17
train/44b6_5f15d135.zarr/0/c/20/0/0/0,5303830,2026-06-26 18:17:56.085000,17
train/44b6_5f15d135.zarr/0/c/21/0/0/0,5315904,2026-06-26 18:17:57.851000,17
train/44b6_5f15d135.zarr/0/c/22/0/0/0,5310175,2026-06-26 18:18:04.600000,17
train/44b6_5f15d135.zarr/0/c/23/0/0/0,5321031,2026-06-26 18:17:49.182000,17
train/44b6_5f15d135.zarr/0/c/24/0/0/0,5317601,2026-06-26 18:17:56.263000,17
train/44b6_5f15d135.zarr/0/c/25/0/0/0,5325436,2026-06-26 18:17:49.317000,17
train/44b6_5f15d135.zarr/0/c/26/0/0/0,5317163,2026-06-26 18:18:05.253000,17
train/44b6_5f15d135.zarr/0/c/27/0/0/0,5329226,2026-06-26 18:18:03.590000,17
train/44b6_5f15d135.zarr/0/c/28/0/0/0,5340890,2026-06-26 18:18:03.114000,17
train/44b6_5f15d135.zarr/0/c/29/0/0/0,5331481,2026-06-26 18:17:51.296000,17
train/44b6_5f15d135.zarr/0/c/3/0/0/0,5284190,2026-06-26 18:17:56.349000,17
train/44b6_5f15d135.zarr/0/c/30/0/0/0,5341541,2026-06-26 18:17:54.617000,17
train/44b6_5f15d135.zarr/0/c/31/0/0/0,5339324,2026-06-26 18:18:04.528000,17
train/44b6_5f15d135.zarr/0/c/32/0/0/0,5348662,2026-06-26 18:18:02.354000,17
train/44b6_5f15d135.zarr/0/c/33/0/0/0,5349603,2026-06-26 18:17:50.822000,17
train/44b6_5f15d135.zarr/0/c/34/0/0/0,5351282,2026-06-26 18:17:52.835000,17
train/44b6_5f15d135.zarr/0/c/35/0/0/0,5356908,2026-06-26 18:17:51.464000,17
train/44b6_5f15d135.zarr/0/c/36/0/0/0,5364699,2026-06-26 18:17:58.480000,17
train/44b6_5f15d135.zarr/0/c/37/0/0/0,5368850,2026-06-26 18:18:03.501000,17
train/44b6_5f15d135.zarr/0/c/38/0/0/0,5377237,2026-06-26 18:18:03.225000,17
train/44b6_5f15d135.zarr/0/c/39/0/0/0,5384051,2026-06-26 18:17:54.338000,17
train/44b6_5f15d135.zarr/0/c/4/0/0/0,5283937,2026-06-26 18:17:53.507000,17
train/44b6_5f15d135.zarr/0/c/40/0/0/0,5392059,2026-06-26 18:17:49.655000,17
train/44b6_5f15d135.zarr/0/c/41/0/0/0,5394203,2026-06-26 18:17:55.123000,17
train/44b6_5f15d135.zarr/0/c/42/0/0/0,5384007,2026-06-26 18:17:57.304000,17
train/44b6_5f15d135.zarr/0/c/43/0/0/0,5388119,2026-06-26 18:18:05.002000,17
train/44b6_5f15d135.zarr/0/c/44/0/0/0,5392080,2026-06-26 18:17:59.707000,17
train/44b6_5f15d135.zarr/0/c/45/0/0/0,5401317,2026-06-26 18:17:52.786000,17
train/44b6_5f15d135.zarr/0/c/46/0/0/0,5402674,2026-06-26 18:17:51.636000,17
train/44b6_5f15d135.zarr/0/c/47/0/0/0,5413282,2026-06-26 18:17:54.793000,17
train/44b6_5f15d135.zarr/0/c/48/0/0/0,5412604,2026-06-26 18:17:48.856000,17
train/44b6_5f15d135.zarr/0/c/49/0/0/0,5413732,2026-06-26 18:17:51.030000,17
train/44b6_5f15d135.zarr/0/c/5/0/0/0,5281813,2026-06-26 18:18:03.711000,17
train/44b6_5f15d135.zarr/0/c/50/0/0/0,5418528,2026-06-26 18:17:56.643000,17
train/44b6_5f15d135.zarr/0/c/51/0/0/0,5407030,2026-06-26 18:17:56.966000,17
train/44b6_5f15d135.zarr/0/c/52/0/0/0,5401994,2026-06-26 18:17:58.805000,17
train/44b6_5f15d135.zarr/0/c/53/0/0/0,5406529,2026-06-26 18:18:02.617000,17
train/44b6_5f15d135.zarr/0/c/54/0/0/0,5420772,2026-06-26 18:17:59.107000,17
train/44b6_5f15d135.zarr/0/c/55/0/0/0,5419572,2026-06-26 18:18:02.160000,17
train/44b6_5f15d135.zarr/0/c/56/0/0/0,5428851,2026-06-26 18:17:58.249000,17
train/44b6_5f15d135.zarr/0/c/57/0/0/0,5421282,2026-06-26 18:17:58.895000,17
train/44b6_5f15d135.zarr/0/c/58/0/0/0,5418479,2026-06-26 18:18:02.724000,17
train/44b6_5f15d135.zarr/0/c/59/0/0/0,5407103,2026-06-26 18:17:53.337000,17
train/44b6_5f15d135.zarr/0/c/6/0/0/0,5287647,2026-06-26 18:18:00.104000,17
train/44b6_5f15d135.zarr/0/c/60/0/0/0,5414904,2026-06-26 18:18:05.091000,17
train/44b6_5f15d135.zarr/0/c/61/0/0/0,5415971,2026-06-26 18:17:50.600000,17
train/44b6_5f15d135.zarr/0/c/62/0/0/0,5409143,2026-06-26 18:18:02.866000,17
train/44b6_5f15d135.zarr/0/c/63/0/0/0,5426815,2026-06-26 18:17:56.800000,17
train/44b6_5f15d135.zarr/0/c/64/0/0/0,5429532,2026-06-26 18:17:48.985000,17
train/44b6_5f15d135.zarr/0/c/65/0/0/0,5426826,2026-06-26 18:18:03.369000,17
train/44b6_5f15d135.zarr/0/c/66/0/0/0,5425346,2026-06-26 18:17:50.409000,17
train/44b6_5f15d135.zarr/0/c/67/0/0/0,5423428,2026-06-26 18:17:58.381000,17
train/44b6_5f15d135.zarr/0/c/68/0/0/0,5421368,2026-06-26 18:18:00.210000,17
train/44b6_5f15d135.zarr/0/c/69/0/0/0,5429226,2026-06-26 18:17:53.015000,17
train/44b6_5f15d135.zarr/0/c/7/0/0/0,5293261,2026-06-26 18:17:57.635000,17
train/44b6_5f15d135.zarr/0/c/70/0/0/0,5427460,2026-06-26 18:17:53.905000,17
train/44b6_5f15d135.zarr/0/c/71/0/0/0,5432307,2026-06-26 18:17:54.080000,17
train/44b6_5f15d135.zarr/0/c/72/0/0/0,5443683,2026-06-26 18:17:55.465000,17
train/44b6_5f15d135.zarr/0/c/73/0/0/0,5444047,2026-06-26 18:17:50.243000,17
train/44b6_5f15d135.zarr/0/c/74/0/0/0,5447194,2026-06-26 18:17:59.526000,17
train/44b6_5f15d135.zarr/0/c/75/0/0/0,5452278,2026-06-26 18:17:53.648000,17
train/44b6_5f15d135.zarr/0/c/76/0/0/0,5451450,2026-06-26 18:17:52.109000,17
train/44b6_5f15d135.zarr/0/c/77/0/0/0,5460188,2026-06-26 18:17:49.485000,17
train/44b6_5f15d135.zarr/0/c/78/0/0/0,5471783,2026-06-26 18:17:51.842000,17
train/44b6_5f15d135.zarr/0/c/79/0/0/0,5463123,2026-06-26 18:18:01.652000,17
train/44b6_5f15d135.zarr/0/c/8/0/0/0,5316246,2026-06-26 18:17:54.180000,17
train/44b6_5f15d135.zarr/0/c/80/0/0/0,5472810,2026-06-26 18:18:01.893000,17
train/44b6_5f15d135.zarr/0/c/81/0/0/0,5471526,2026-06-26 18:18:04.322000,17
train/44b6_5f15d135.zarr/0/c/82/0/0/0,5472250,2026-06-26 18:18:04.219000,17
train/44b6_5f15d135.zarr/0/c/83/0/0/0,5468895,2026-06-26 18:17:57.062000,17
train/44b6_5f15d135.zarr/0/c/84/0/0/0,5482474,2026-06-26 18:17:53.765000,17
train/44b6_5f15d135.zarr/0/c/85/0/0/0,5487746,2026-06-26 18:18:01.418000,17
train/44b6_5f15d135.zarr/0/c/86/0/0/0,5486804,2026-06-26 18:17:58.666000,17
train/44b6_5f15d135.zarr/0/c/87/0/0/0,5502430,2026-06-26 18:18:00.702000,17
train/44b6_5f15d135.zarr/0/c/88/0/0/0,5515550,2026-06-26 18:18:01.766000,17
train/44b6_5f15d135.zarr/0/c/89/0/0/0,5514060,2026-06-26 18:17:52.460000,17
train/44b6_5f15d135.zarr/0/c/9/0/0/0,5306658,2026-06-26 18:17:54.944000,17
train/44b6_5f15d135.zarr/0/c/90/0/0/0,5513327,2026-06-26 18:18:00.505000,17
train/44b6_5f15d135.zarr/0/c/91/0/0/0,5518704,2026-06-26 18:17:59.310000,17
train/44b6_5f15d135.zarr/0/c/92/0/0/0,5518497,2026-06-26 18:18:02.415000,17
train/44b6_5f15d135.zarr/0/c/93/0/0/0,5519217,2026-06-26 18:17:50.037000,17
train/44b6_5f15d135.zarr/0/c/94/0/0/0,5522226,2026-06-26 18:18:03.934000,17
train/44b6_5f15d135.zarr/0/c/95/0/0/0,5529109,2026-06-26 18:17:52.366000,17
train/44b6_5f15d135.zarr/0/c/96/0/0/0,5525783,2026-06-26 18:17:50.703000,17
train/44b6_5f15d135.zarr/0/c/97/0/0/0,5523338,2026-06-26 18:18:00.505000,17
train/44b6_5f15d135.zarr/0/c/98/0/0/0,5527547,2026-06-26 18:17:56.508000,17
train/44b6_5f15d135.zarr/0/c/99/0/0/0,5536970,2026-06-26 18:17:55.884000,17
train/44b6_5f15d135.zarr/0/zarr.json,760,2026-06-26 18:18:05.190000,17
train/44b6_5f15d135.zarr/zarr.json,1317,2026-06-26 18:18:05.190000,17
train/44b6_668e0cc7.geff/edges/ids/c/0/0,1793,2026-06-26 18:38:25.426000,17
train/44b6_668e0cc7.geff/edges/ids/zarr.json,636,2026-06-26 18:38:25.429000,17
train/44b6_668e0cc7.geff/edges/props/zarr.json,99,2026-06-26 18:38:25.426000,17
train/44b6_668e0cc7.geff/edges/zarr.json,99,2026-06-26 18:38:25.445000,17
train/44b6_668e0cc7.geff/nodes/ids/c/0,1072,2026-06-26 18:38:25.435000,17
train/44b6_668e0cc7.geff/nodes/ids/zarr.json,618,2026-06-26 18:38:25.424000,17
train/44b6_668e0cc7.geff/nodes/props/t/values/c/0,210,2026-06-26 18:38:25.347000,17
train/44b6_668e0cc7.geff/nodes/props/t/values/zarr.json,617,2026-06-26 18:38:25.363000,17
train/44b6_668e0cc7.geff/nodes/props/t/zarr.json,99,2026-06-26 18:38:25.350000,17
train/44b6_668e0cc7.geff/nodes/props/x/values/c/0,695,2026-06-26 18:38:25.389000,17
train/44b6_668e0cc7.geff/nodes/props/x/values/zarr.json,617,2026-06-26 18:38:25.419000,17
train/44b6_668e0cc7.geff/nodes/props/x/zarr.json,99,2026-06-26 18:38:25.404000,17
train/44b6_668e0cc7.geff/nodes/props/y/values/c/0,750,2026-06-26 18:38:25.391000,17
train/44b6_668e0cc7.geff/nodes/props/y/values/zarr.json,617,2026-06-26 18:38:25.377000,17
train/44b6_668e0cc7.geff/nodes/props/y/zarr.json,99,2026-06-26 18:38:25.385000,17
train/44b6_668e0cc7.geff/nodes/props/z/values/c/0,578,2026-06-26 18:38:25.371000,17
train/44b6_668e0cc7.geff/nodes/props/z/values/zarr.json,617,2026-06-26 18:38:25.360000,17
train/44b6_668e0cc7.geff/nodes/props/z/zarr.json,99,2026-06-26 18:38:25.373000,17
train/44b6_668e0cc7.geff/nodes/props/zarr.json,99,2026-06-26 18:38:25.398000,17
train/44b6_668e0cc7.geff/nodes/zarr.json,99,2026-06-26 18:38:25.424000,17
train/44b6_668e0cc7.geff/zarr.json,2101,2026-06-26 18:38:25.435000,17
train/44b6_668e0cc7.zarr/0/c/0/0/0/0,3442428,2026-06-26 18:06:24.481000,17
train/44b6_668e0cc7.zarr/0/c/1/0/0/0,3460127,2026-06-26 18:06:23.170000,17
train/44b6_668e0cc7.zarr/0/c/10/0/0/0,3925426,2026-06-26 18:06:26.788000,17
train/44b6_668e0cc7.zarr/0/c/11/0/0/0,3936511,2026-06-26 18:06:24.686000,17
train/44b6_668e0cc7.zarr/0/c/12/0/0/0,4021951,2026-06-26 18:06:21.125000,17
train/44b6_668e0cc7.zarr/0/c/13/0/0/0,4014748,2026-06-26 18:06:21.693000,17
train/44b6_668e0cc7.zarr/0/c/14/0/0/0,4059803,2026-06-26 18:06:23.075000,17
train/44b6_668e0cc7.zarr/0/c/15/0/0/0,4067718,2026-06-26 18:06:24.554000,17
train/44b6_668e0cc7.zarr/0/c/16/0/0/0,4113467,2026-06-26 18:06:27.060000,17
train/44b6_668e0cc7.zarr/0/c/17/0/0/0,4095817,2026-06-26 18:06:29.915000,17
train/44b6_668e0cc7.zarr/0/c/18/0/0/0,4031911,2026-06-26 18:06:29.236000,17
train/44b6_668e0cc7.zarr/0/c/19/0/0/0,3898804,2026-06-26 18:06:21.807000,17
train/44b6_668e0cc7.zarr/0/c/2/0/0/0,3502436,2026-06-26 18:06:20.605000,17
train/44b6_668e0cc7.zarr/0/c/20/0/0/0,3693589,2026-06-26 18:06:23.475000,17
train/44b6_668e0cc7.zarr/0/c/21/0/0/0,3968045,2026-06-26 18:06:24.660000,17
train/44b6_668e0cc7.zarr/0/c/22/0/0/0,3976693,2026-06-26 18:06:29.576000,17
train/44b6_668e0cc7.zarr/0/c/23/0/0/0,4046518,2026-06-26 18:06:19.138000,17
train/44b6_668e0cc7.zarr/0/c/24/0/0/0,4366023,2026-06-26 18:06:23.615000,17
train/44b6_668e0cc7.zarr/0/c/25/0/0/0,4395311,2026-06-26 18:06:19.248000,18
train/44b6_668e0cc7.zarr/0/c/26/0/0/0,4442508,2026-06-26 18:06:30.173000,18
train/44b6_668e0cc7.zarr/0/c/27/0/0/0,4451546,2026-06-26 18:06:28.894000,18
train/44b6_668e0cc7.zarr/0/c/28/0/0/0,4501431,2026-06-26 18:06:28.703000,18
train/44b6_668e0cc7.zarr/0/c/29/0/0/0,4517008,2026-06-26 18:06:20.792000,18
train/44b6_668e0cc7.zarr/0/c/3/0/0/0,3556404,2026-06-26 18:06:23.681000,18
train/44b6_668e0cc7.zarr/0/c/30/0/0/0,4536738,2026-06-26 18:06:22.882000,18
train/44b6_668e0cc7.zarr/0/c/31/0/0/0,4567227,2026-06-26 18:06:29.509000,18
train/44b6_668e0cc7.zarr/0/c/32/0/0/0,4580172,2026-06-26 18:06:27.941000,18
train/44b6_668e0cc7.zarr/0/c/33/0/0/0,4599140,2026-06-26 18:06:20.321000,18
train/44b6_668e0cc7.zarr/0/c/34/0/0/0,4620445,2026-06-26 18:06:21.562000,18
train/44b6_668e0cc7.zarr/0/c/35/0/0/0,4626471,2026-06-26 18:06:20.886000,18
train/44b6_668e0cc7.zarr/0/c/36/0/0/0,4652359,2026-06-26 18:06:25.474000,18
train/44b6_668e0cc7.zarr/0/c/37/0/0/0,4661406,2026-06-26 18:06:28.802000,18
train/44b6_668e0cc7.zarr/0/c/38/0/0/0,4699813,2026-06-26 18:06:28.709000,18
train/44b6_668e0cc7.zarr/0/c/39/0/0/0,4708859,2026-06-26 18:06:22.887000,18
train/44b6_668e0cc7.zarr/0/c/4/0/0/0,3609174,2026-06-26 18:06:22.120000,18
train/44b6_668e0cc7.zarr/0/c/40/0/0/0,4727782,2026-06-26 18:06:19.864000,18
train/44b6_668e0cc7.zarr/0/c/41/0/0/0,4745760,2026-06-26 18:06:22.958000,18
train/44b6_668e0cc7.zarr/0/c/42/0/0/0,4769520,2026-06-26 18:06:24.487000,18
train/44b6_668e0cc7.zarr/0/c/43/0/0/0,4784674,2026-06-26 18:06:29.941000,18
train/44b6_668e0cc7.zarr/0/c/44/0/0/0,4814477,2026-06-26 18:06:26.542000,18
train/44b6_668e0cc7.zarr/0/c/45/0/0/0,4830237,2026-06-26 18:06:21.457000,18
train/44b6_668e0cc7.zarr/0/c/46/0/0/0,4841663,2026-06-26 18:06:20.971000,18
train/44b6_668e0cc7.zarr/0/c/47/0/0/0,4865772,2026-06-26 18:06:22.913000,18
train/44b6_668e0cc7.zarr/0/c/48/0/0/0,4869603,2026-06-26 18:06:18.736000,18
train/44b6_668e0cc7.zarr/0/c/49/0/0/0,4861124,2026-06-26 18:06:20.550000,18
train/44b6_668e0cc7.zarr/0/c/5/0/0/0,3690195,2026-06-26 18:06:29.026000,18
train/44b6_668e0cc7.zarr/0/c/50/0/0/0,4888255,2026-06-26 18:06:24.018000,18
train/44b6_668e0cc7.zarr/0/c/51/0/0/0,4905346,2026-06-26 18:06:24.338000,18
train/44b6_668e0cc7.zarr/0/c/52/0/0/0,4962188,2026-06-26 18:06:25.743000,18
train/44b6_668e0cc7.zarr/0/c/53/0/0/0,4973401,2026-06-26 18:06:28.214000,18
train/44b6_668e0cc7.zarr/0/c/54/0/0/0,4987940,2026-06-26 18:06:26.027000,18
train/44b6_668e0cc7.zarr/0/c/55/0/0/0,4987238,2026-06-26 18:06:27.802000,18
train/44b6_668e0cc7.zarr/0/c/56/0/0/0,4984740,2026-06-26 18:06:24.877000,18
train/44b6_668e0cc7.zarr/0/c/57/0/0/0,4982414,2026-06-26 18:06:25.849000,18
train/44b6_668e0cc7.zarr/0/c/58/0/0/0,4982462,2026-06-26 18:06:28.327000,18
train/44b6_668e0cc7.zarr/0/c/59/0/0/0,4978714,2026-06-26 18:06:22.860000,18
train/44b6_668e0cc7.zarr/0/c/6/0/0/0,3742013,2026-06-26 18:06:26.568000,18
train/44b6_668e0cc7.zarr/0/c/60/0/0/0,4996296,2026-06-26 18:06:30.085000,18
train/44b6_668e0cc7.zarr/0/c/61/0/0/0,4987098,2026-06-26 18:06:20.059000,18
train/44b6_668e0cc7.zarr/0/c/62/0/0/0,4991113,2026-06-26 18:06:28.717000,18
train/44b6_668e0cc7.zarr/0/c/63/0/0/0,4992309,2026-06-26 18:06:24.157000,18
train/44b6_668e0cc7.zarr/0/c/64/0/0/0,4991936,2026-06-26 18:06:18.932000,18
train/44b6_668e0cc7.zarr/0/c/65/0/0/0,4986516,2026-06-26 18:06:28.777000,18
train/44b6_668e0cc7.zarr/0/c/66/0/0/0,4989074,2026-06-26 18:06:20.003000,18
train/44b6_668e0cc7.zarr/0/c/67/0/0/0,4998931,2026-06-26 18:06:24.963000,18
train/44b6_668e0cc7.zarr/0/c/68/0/0/0,4990631,2026-06-26 18:06:26.769000,18
train/44b6_668e0cc7.zarr/0/c/69/0/0/0,4991376,2026-06-26 18:06:21.642000,18
train/44b6_668e0cc7.zarr/0/c/7/0/0/0,3769262,2026-06-26 18:06:24.632000,18
train/44b6_668e0cc7.zarr/0/c/70/0/0/0,4992190,2026-06-26 18:06:22.506000,18
train/44b6_668e0cc7.zarr/0/c/71/0/0/0,4988823,2026-06-26 18:06:22.630000,18
train/44b6_668e0cc7.zarr/0/c/72/0/0/0,4987315,2026-06-26 18:06:22.997000,18
train/44b6_668e0cc7.zarr/0/c/73/0/0/0,4990690,2026-06-26 18:06:19.954000,18
train/44b6_668e0cc7.zarr/0/c/74/0/0/0,4982431,2026-06-26 18:06:26.357000,18
train/44b6_668e0cc7.zarr/0/c/75/0/0/0,4980166,2026-06-26 18:06:22.235000,18
train/44b6_668e0cc7.zarr/0/c/76/0/0/0,4982339,2026-06-26 18:06:21.303000,18
train/44b6_668e0cc7.zarr/0/c/77/0/0/0,4987953,2026-06-26 18:06:19.327000,18
train/44b6_668e0cc7.zarr/0/c/78/0/0/0,4987200,2026-06-26 18:06:21.059000,18
train/44b6_668e0cc7.zarr/0/c/79/0/0/0,4995732,2026-06-26 18:06:27.354000,18
train/44b6_668e0cc7.zarr/0/c/8/0/0/0,3851508,2026-06-26 18:06:22.726000,18
train/44b6_668e0cc7.zarr/0/c/80/0/0/0,4991752,2026-06-26 18:06:27.536000,18
train/44b6_668e0cc7.zarr/0/c/81/0/0/0,4991281,2026-06-26 18:06:29.344000,18
train/44b6_668e0cc7.zarr/0/c/82/0/0/0,4996354,2026-06-26 18:06:29.339000,18
train/44b6_668e0cc7.zarr/0/c/83/0/0/0,4993271,2026-06-26 18:06:24.406000,18
train/44b6_668e0cc7.zarr/0/c/84/0/0/0,4994800,2026-06-26 18:06:22.349000,18
train/44b6_668e0cc7.zarr/0/c/85/0/0/0,4990837,2026-06-26 18:06:27.372000,18
train/44b6_668e0cc7.zarr/0/c/86/0/0/0,4996625,2026-06-26 18:06:25.528000,18
train/44b6_668e0cc7.zarr/0/c/87/0/0/0,4991698,2026-06-26 18:06:26.831000,18
train/44b6_668e0cc7.zarr/0/c/88/0/0/0,4985054,2026-06-26 18:06:27.461000,18
train/44b6_668e0cc7.zarr/0/c/89/0/0/0,4988741,2026-06-26 18:06:21.443000,18
train/44b6_668e0cc7.zarr/0/c/9/0/0/0,3884629,2026-06-26 18:06:22.946000,18
train/44b6_668e0cc7.zarr/0/c/90/0/0/0,4986075,2026-06-26 18:06:26.747000,18
train/44b6_668e0cc7.zarr/0/c/91/0/0/0,4998367,2026-06-26 18:06:26.092000,18
train/44b6_668e0cc7.zarr/0/c/92/0/0/0,4986548,2026-06-26 18:06:28.023000,18
train/44b6_668e0cc7.zarr/0/c/93/0/0/0,4990335,2026-06-26 18:06:19.873000,18
train/44b6_668e0cc7.zarr/0/c/94/0/0/0,4984815,2026-06-26 18:06:28.998000,18
train/44b6_668e0cc7.zarr/0/c/95/0/0/0,4980989,2026-06-26 18:06:21.493000,18
train/44b6_668e0cc7.zarr/0/c/96/0/0/0,4980984,2026-06-26 18:06:20.142000,18
train/44b6_668e0cc7.zarr/0/c/97/0/0/0,4981161,2026-06-26 18:06:26.730000,18
train/44b6_668e0cc7.zarr/0/c/98/0/0/0,4983629,2026-06-26 18:06:23.900000,18
train/44b6_668e0cc7.zarr/0/c/99/0/0/0,4978357,2026-06-26 18:06:23.442000,18
train/44b6_668e0cc7.zarr/0/zarr.json,760,2026-06-26 18:06:30.120000,18
train/44b6_668e0cc7.zarr/zarr.json,1276,2026-06-26 18:06:30.140000,18
train/44b6_66f9292d.geff/edges/ids/c/0/0,801,2026-06-26 18:02:54.337000,18
train/44b6_66f9292d.geff/edges/ids/zarr.json,636,2026-06-26 18:02:54.334000,18
train/44b6_66f9292d.geff/edges/props/zarr.json,99,2026-06-26 18:02:54.345000,18
train/44b6_66f9292d.geff/edges/zarr.json,99,2026-06-26 18:02:54.365000,18
train/44b6_66f9292d.geff/nodes/ids/c/0,623,2026-06-26 18:02:54.326000,18
train/44b6_66f9292d.geff/nodes/ids/zarr.json,618,2026-06-26 18:02:54.343000,18
train/44b6_66f9292d.geff/nodes/props/t/values/c/0,138,2026-06-26 18:02:54.342000,18
train/44b6_66f9292d.geff/nodes/props/t/values/zarr.json,617,2026-06-26 18:02:54.338000,18
train/44b6_66f9292d.geff/nodes/props/t/zarr.json,99,2026-06-26 18:02:54.345000,18
train/44b6_66f9292d.geff/nodes/props/x/values/c/0,179,2026-06-26 18:02:54.326000,18
train/44b6_66f9292d.geff/nodes/props/x/values/zarr.json,617,2026-06-26 18:02:54.324000,18
train/44b6_66f9292d.geff/nodes/props/x/zarr.json,99,2026-06-26 18:02:54.335000,18
train/44b6_66f9292d.geff/nodes/props/y/values/c/0,209,2026-06-26 18:02:54.304000,18
train/44b6_66f9292d.geff/nodes/props/y/values/zarr.json,617,2026-06-26 18:02:54.327000,18
train/44b6_66f9292d.geff/nodes/props/y/zarr.json,99,2026-06-26 18:02:54.342000,18
train/44b6_66f9292d.geff/nodes/props/z/values/c/0,156,2026-06-26 18:02:54.327000,18
train/44b6_66f9292d.geff/nodes/props/z/values/zarr.json,617,2026-06-26 18:02:54.304000,18
train/44b6_66f9292d.geff/nodes/props/z/zarr.json,99,2026-06-26 18:02:54.303000,18
train/44b6_66f9292d.geff/nodes/props/zarr.json,99,2026-06-26 18:02:54.331000,18
train/44b6_66f9292d.geff/nodes/zarr.json,99,2026-06-26 18:02:54.331000,18
train/44b6_66f9292d.geff/zarr.json,2105,2026-06-26 18:02:54.366000,18
train/44b6_66f9292d.zarr/0/c/0/0/0/0,5210304,2026-06-26 18:00:19.412000,18
train/44b6_66f9292d.zarr/0/c/1/0/0/0,5209999,2026-06-26 18:00:18.004000,18
train/44b6_66f9292d.zarr/0/c/10/0/0/0,5236788,2026-06-26 18:00:21.962000,18
train/44b6_66f9292d.zarr/0/c/11/0/0/0,5229285,2026-06-26 18:00:19.949000,18
train/44b6_66f9292d.zarr/0/c/12/0/0/0,5234921,2026-06-26 18:00:12.678000,18
train/44b6_66f9292d.zarr/0/c/13/0/0/0,5230185,2026-06-26 18:00:14.151000,18
train/44b6_66f9292d.zarr/0/c/14/0/0/0,5219724,2026-06-26 18:00:17.948000,18
train/44b6_66f9292d.zarr/0/c/15/0/0/0,5249205,2026-06-26 18:00:19.604000,18
train/44b6_66f9292d.zarr/0/c/16/0/0/0,5255139,2026-06-26 18:00:22.129000,18
train/44b6_66f9292d.zarr/0/c/17/0/0/0,5246395,2026-06-26 18:00:25.299000,18
train/44b6_66f9292d.zarr/0/c/18/0/0/0,5240997,2026-06-26 18:00:24.518000,18
train/44b6_66f9292d.zarr/0/c/19/0/0/0,5242177,2026-06-26 18:00:14.261000,18
train/44b6_66f9292d.zarr/0/c/2/0/0/0,5213360,2026-06-26 18:00:12.025000,18
train/44b6_66f9292d.zarr/0/c/20/0/0/0,5241162,2026-06-26 18:00:18.227000,18
train/44b6_66f9292d.zarr/0/c/21/0/0/0,5248743,2026-06-26 18:00:19.775000,18
train/44b6_66f9292d.zarr/0/c/22/0/0/0,5251283,2026-06-26 18:00:25.009000,18
train/44b6_66f9292d.zarr/0/c/23/0/0/0,5242484,2026-06-26 18:00:10.251000,18
train/44b6_66f9292d.zarr/0/c/24/0/0/0,5242438,2026-06-26 18:00:18.357000,18
train/44b6_66f9292d.zarr/0/c/25/0/0/0,5241856,2026-06-26 18:00:10.401000,18
train/44b6_66f9292d.zarr/0/c/26/0/0/0,5242766,2026-06-26 18:00:25.738000,18
train/44b6_66f9292d.zarr/0/c/27/0/0/0,5239246,2026-06-26 18:00:24.330000,18
train/44b6_66f9292d.zarr/0/c/28/0/0/0,5243332,2026-06-26 18:00:23.467000,18
train/44b6_66f9292d.zarr/0/c/29/0/0/0,5247471,2026-06-26 18:00:12.084000,18
train/44b6_66f9292d.zarr/0/c/3/0/0/0,5204399,2026-06-26 18:00:22.362000,18
train/44b6_66f9292d.zarr/0/c/30/0/0/0,5250808,2026-06-26 18:00:16.755000,18
train/44b6_66f9292d.zarr/0/c/31/0/0/0,5254490,2026-06-26 18:00:26.689000,18
train/44b6_66f9292d.zarr/0/c/32/0/0/0,5245048,2026-06-26 18:00:22.824000,18
train/44b6_66f9292d.zarr/0/c/33/0/0/0,5244561,2026-06-26 18:00:11.767000,18
train/44b6_66f9292d.zarr/0/c/34/0/0/0,5240302,2026-06-26 18:00:13.643000,18
train/44b6_66f9292d.zarr/0/c/35/0/0/0,5235801,2026-06-26 18:00:12.215000,18
train/44b6_66f9292d.zarr/0/c/36/0/0/0,5239653,2026-06-26 18:00:20.395000,18
train/44b6_66f9292d.zarr/0/c/37/0/0/0,5227666,2026-06-26 18:00:23.736000,18
train/44b6_66f9292d.zarr/0/c/38/0/0/0,5219568,2026-06-26 18:00:23.532000,18
train/44b6_66f9292d.zarr/0/c/39/0/0/0,5227878,2026-06-26 18:00:16.532000,18
train/44b6_66f9292d.zarr/0/c/4/0/0/0,5209844,2026-06-26 18:00:14.896000,18
train/44b6_66f9292d.zarr/0/c/40/0/0/0,5229816,2026-06-26 18:00:11.042000,18
train/44b6_66f9292d.zarr/0/c/41/0/0/0,5220933,2026-06-26 18:00:17.380000,18
train/44b6_66f9292d.zarr/0/c/42/0/0/0,5233442,2026-06-26 18:00:19.359000,18
train/44b6_66f9292d.zarr/0/c/43/0/0/0,5228581,2026-06-26 18:00:25.411000,18
train/44b6_66f9292d.zarr/0/c/44/0/0/0,5221377,2026-06-26 18:00:21.340000,18
train/44b6_66f9292d.zarr/0/c/45/0/0/0,5219947,2026-06-26 18:00:13.420000,18
train/44b6_66f9292d.zarr/0/c/46/0/0/0,5218474,2026-06-26 18:00:12.335000,18
train/44b6_66f9292d.zarr/0/c/47/0/0/0,5206592,2026-06-26 18:00:17.054000,18
train/44b6_66f9292d.zarr/0/c/48/0/0/0,5211481,2026-06-26 18:00:09.924000,18
train/44b6_66f9292d.zarr/0/c/49/0/0/0,5206376,2026-06-26 18:00:11.815000,18
train/44b6_66f9292d.zarr/0/c/5/0/0/0,5217889,2026-06-26 18:00:24.155000,18
train/44b6_66f9292d.zarr/0/c/50/0/0/0,5203020,2026-06-26 18:00:18.902000,18
train/44b6_66f9292d.zarr/0/c/51/0/0/0,5203997,2026-06-26 18:00:19.119000,18
train/44b6_66f9292d.zarr/0/c/52/0/0/0,5203249,2026-06-26 18:00:20.631000,18
train/44b6_66f9292d.zarr/0/c/53/0/0/0,5202247,2026-06-26 18:00:23.596000,18
train/44b6_66f9292d.zarr/0/c/54/0/0/0,5213079,2026-06-26 18:00:20.923000,18
train/44b6_66f9292d.zarr/0/c/55/0/0/0,5210814,2026-06-26 18:00:22.769000,18
train/44b6_66f9292d.zarr/0/c/56/0/0/0,5206812,2026-06-26 18:00:20.116000,18
train/44b6_66f9292d.zarr/0/c/57/0/0/0,5216287,2026-06-26 18:00:20.717000,18
train/44b6_66f9292d.zarr/0/c/58/0/0/0,5219836,2026-06-26 18:00:23.243000,18
train/44b6_66f9292d.zarr/0/c/59/0/0/0,5217308,2026-06-26 18:00:14.652000,18
train/44b6_66f9292d.zarr/0/c/6/0/0/0,5237159,2026-06-26 18:00:21.454000,18
train/44b6_66f9292d.zarr/0/c/60/0/0/0,5219282,2026-06-26 18:00:25.582000,18
train/44b6_66f9292d.zarr/0/c/61/0/0/0,5215212,2026-06-26 18:00:11.524000,18
train/44b6_66f9292d.zarr/0/c/62/0/0/0,5214844,2026-06-26 18:00:23.373000,18
train/44b6_66f9292d.zarr/0/c/63/0/0/0,5214139,2026-06-26 18:00:18.971000,18
train/44b6_66f9292d.zarr/0/c/64/0/0/0,5217852,2026-06-26 18:00:09.960000,18
train/44b6_66f9292d.zarr/0/c/65/0/0/0,5210732,2026-06-26 18:00:23.679000,18
train/44b6_66f9292d.zarr/0/c/66/0/0/0,5208709,2026-06-26 18:00:11.334000,18
train/44b6_66f9292d.zarr/0/c/67/0/0/0,5208348,2026-06-26 18:00:21.282000,18
train/44b6_66f9292d.zarr/0/c/68/0/0/0,5207284,2026-06-26 18:00:21.572000,18
train/44b6_66f9292d.zarr/0/c/69/0/0/0,5206952,2026-06-26 18:00:13.951000,18
train/44b6_66f9292d.zarr/0/c/7/0/0/0,5216284,2026-06-26 18:00:19.749000,18
train/44b6_66f9292d.zarr/0/c/70/0/0/0,5202508,2026-06-26 18:00:15.594000,18
train/44b6_66f9292d.zarr/0/c/71/0/0/0,5204525,2026-06-26 18:00:15.879000,18
train/44b6_66f9292d.zarr/0/c/72/0/0/0,5207515,2026-06-26 18:00:17.690000,18
train/44b6_66f9292d.zarr/0/c/73/0/0/0,5193625,2026-06-26 18:00:11.147000,18
train/44b6_66f9292d.zarr/0/c/74/0/0/0,5203991,2026-06-26 18:00:21.189000,18
train/44b6_66f9292d.zarr/0/c/75/0/0/0,5201542,2026-06-26 18:00:15.038000,18
train/44b6_66f9292d.zarr/0/c/76/0/0/0,5204902,2026-06-26 18:00:12.770000,18
train/44b6_66f9292d.zarr/0/c/77/0/0/0,5207194,2026-06-26 18:00:10.775000,18
train/44b6_66f9292d.zarr/0/c/78/0/0/0,5210615,2026-06-26 18:00:12.462000,18
train/44b6_66f9292d.zarr/0/c/79/0/0/0,5206892,2026-06-26 18:00:22.294000,18
train/44b6_66f9292d.zarr/0/c/8/0/0/0,5221853,2026-06-26 18:00:16.101000,18
train/44b6_66f9292d.zarr/0/c/80/0/0/0,5212537,2026-06-26 18:00:23.188000,18
train/44b6_66f9292d.zarr/0/c/81/0/0/0,5214297,2026-06-26 18:00:24.839000,18
train/44b6_66f9292d.zarr/0/c/82/0/0/0,5221480,2026-06-26 18:00:24.677000,18
train/44b6_66f9292d.zarr/0/c/83/0/0/0,5216545,2026-06-26 18:00:19.247000,18
train/44b6_66f9292d.zarr/0/c/84/0/0/0,5215791,2026-06-26 18:00:15.277000,18
train/44b6_66f9292d.zarr/0/c/85/0/0/0,5219135,2026-06-26 18:00:22.167000,18
train/44b6_66f9292d.zarr/0/c/86/0/0/0,5232485,2026-06-26 18:00:20.525000,18
train/44b6_66f9292d.zarr/0/c/87/0/0/0,5231510,2026-06-26 18:00:21.821000,18
train/44b6_66f9292d.zarr/0/c/88/0/0/0,5238197,2026-06-26 18:00:22.477000,18
train/44b6_66f9292d.zarr/0/c/89/0/0/0,5251368,2026-06-26 18:00:13.217000,18
train/44b6_66f9292d.zarr/0/c/9/0/0/0,5219051,2026-06-26 18:00:17.190000,18
train/44b6_66f9292d.zarr/0/c/90/0/0/0,5247899,2026-06-26 18:00:21.750000,18
train/44b6_66f9292d.zarr/0/c/91/0/0/0,5241687,2026-06-26 18:00:21.063000,18
train/44b6_66f9292d.zarr/0/c/92/0/0/0,5254861,2026-06-26 18:00:23.097000,18
train/44b6_66f9292d.zarr/0/c/93/0/0/0,5246631,2026-06-26 18:00:10.915000,18
train/44b6_66f9292d.zarr/0/c/94/0/0/0,5252797,2026-06-26 18:00:24.369000,18
train/44b6_66f9292d.zarr/0/c/95/0/0/0,5258569,2026-06-26 18:00:13.026000,19
train/44b6_66f9292d.zarr/0/c/96/0/0/0,5263888,2026-06-26 18:00:11.670000,19
train/44b6_66f9292d.zarr/0/c/97/0/0/0,5257244,2026-06-26 18:00:21.708000,19
train/44b6_66f9292d.zarr/0/c/98/0/0/0,5262808,2026-06-26 18:00:18.783000,19
train/44b6_66f9292d.zarr/0/c/99/0/0/0,5270339,2026-06-26 18:00:19.345000,19
train/44b6_66f9292d.zarr/0/zarr.json,760,2026-06-26 18:00:25.670000,19
train/44b6_66f9292d.zarr/zarr.json,1292,2026-06-26 18:00:26.421000,19
train/44b6_706092f0.geff/edges/ids/c/0/0,503,2026-06-26 18:38:25.531000,19
train/44b6_706092f0.geff/edges/ids/zarr.json,636,2026-06-26 18:38:25.530000,19
train/44b6_706092f0.geff/edges/props/zarr.json,99,2026-06-26 18:38:25.508000,19
train/44b6_706092f0.geff/edges/zarr.json,99,2026-06-26 18:38:25.511000,19
train/44b6_706092f0.geff/nodes/ids/c/0,455,2026-06-26 18:38:25.508000,19
train/44b6_706092f0.geff/nodes/ids/zarr.json,618,2026-06-26 18:38:25.476000,19
train/44b6_706092f0.geff/nodes/props/t/values/c/0,175,2026-06-26 18:38:25.462000,19
train/44b6_706092f0.geff/nodes/props/t/values/zarr.json,617,2026-06-26 18:38:25.457000,19
train/44b6_706092f0.geff/nodes/props/t/zarr.json,99,2026-06-26 18:38:25.472000,19
train/44b6_706092f0.geff/nodes/props/x/values/c/0,120,2026-06-26 18:38:25.480000,19
train/44b6_706092f0.geff/nodes/props/x/values/zarr.json,617,2026-06-26 18:38:25.490000,19
train/44b6_706092f0.geff/nodes/props/x/zarr.json,99,2026-06-26 18:38:25.485000,19
train/44b6_706092f0.geff/nodes/props/y/values/c/0,148,2026-06-26 18:38:25.482000,19
train/44b6_706092f0.geff/nodes/props/y/values/zarr.json,617,2026-06-26 18:38:25.486000,19
train/44b6_706092f0.geff/nodes/props/y/zarr.json,99,2026-06-26 18:38:25.473000,19
train/44b6_706092f0.geff/nodes/props/z/values/c/0,93,2026-06-26 18:38:25.448000,19
train/44b6_706092f0.geff/nodes/props/z/values/zarr.json,617,2026-06-26 18:38:25.453000,19
train/44b6_706092f0.geff/nodes/props/z/zarr.json,99,2026-06-26 18:38:25.448000,19
train/44b6_706092f0.geff/nodes/props/zarr.json,99,2026-06-26 18:38:25.487000,19
train/44b6_706092f0.geff/nodes/zarr.json,99,2026-06-26 18:38:25.669000,19
train/44b6_706092f0.geff/zarr.json,2105,2026-06-26 18:38:25.516000,19
train/44b6_706092f0.zarr/0/c/0/0/0/0,5474361,2026-06-26 18:41:15.733000,19
train/44b6_706092f0.zarr/0/c/1/0/0/0,5482436,2026-06-26 18:41:13.867000,19
train/44b6_706092f0.zarr/0/c/10/0/0/0,5505897,2026-06-26 18:41:19.535000,19
train/44b6_706092f0.zarr/0/c/11/0/0/0,5500404,2026-06-26 18:41:16.462000,19
train/44b6_706092f0.zarr/0/c/12/0/0/0,5498673,2026-06-26 18:41:09.141000,19
train/44b6_706092f0.zarr/0/c/13/0/0/0,5505528,2026-06-26 18:41:10.591000,19
train/44b6_706092f0.zarr/0/c/14/0/0/0,5503352,2026-06-26 18:41:13.598000,19
train/44b6_706092f0.zarr/0/c/15/0/0/0,5505748,2026-06-26 18:41:15.942000,19
train/44b6_706092f0.zarr/0/c/16/0/0/0,5507805,2026-06-26 18:41:19.641000,19
train/44b6_706092f0.zarr/0/c/17/0/0/0,5505733,2026-06-26 18:41:23.603000,19
train/44b6_706092f0.zarr/0/c/18/0/0/0,5511096,2026-06-26 18:41:22.761000,19
train/44b6_706092f0.zarr/0/c/19/0/0/0,5510109,2026-06-26 18:41:10.758000,19
train/44b6_706092f0.zarr/0/c/2/0/0/0,5488629,2026-06-26 18:41:08.442000,19
train/44b6_706092f0.zarr/0/c/20/0/0/0,5512469,2026-06-26 18:41:14.172000,19
train/44b6_706092f0.zarr/0/c/21/0/0/0,5509399,2026-06-26 18:41:16.193000,19
train/44b6_706092f0.zarr/0/c/22/0/0/0,5512508,2026-06-26 18:41:23.421000,19
train/44b6_706092f0.zarr/0/c/23/0/0/0,5513221,2026-06-26 18:41:06.564000,19
train/44b6_706092f0.zarr/0/c/24/0/0/0,5504693,2026-06-26 18:41:14.377000,19
train/44b6_706092f0.zarr/0/c/25/0/0/0,5504200,2026-06-26 18:41:06.711000,19
train/44b6_706092f0.zarr/0/c/26/0/0/0,5509917,2026-06-26 18:41:24.243000,19
train/44b6_706092f0.zarr/0/c/27/0/0/0,5509399,2026-06-26 18:41:21.942000,19
train/44b6_706092f0.zarr/0/c/28/0/0/0,5508284,2026-06-26 18:41:21.290000,19
train/44b6_706092f0.zarr/0/c/29/0/0/0,5515897,2026-06-26 18:41:08.630000,19
train/44b6_706092f0.zarr/0/c/3/0/0/0,5485273,2026-06-26 18:41:14.615000,19
train/44b6_706092f0.zarr/0/c/30/0/0/0,5519229,2026-06-26 18:41:12.426000,19
train/44b6_706092f0.zarr/0/c/31/0/0/0,5514552,2026-06-26 18:41:23.174000,19
train/44b6_706092f0.zarr/0/c/32/0/0/0,5517269,2026-06-26 18:41:20.526000,19
train/44b6_706092f0.zarr/0/c/33/0/0/0,5515574,2026-06-26 18:41:08.172000,19
train/44b6_706092f0.zarr/0/c/34/0/0/0,5514545,2026-06-26 18:41:10.150000,19
train/44b6_706092f0.zarr/0/c/35/0/0/0,5514055,2026-06-26 18:41:08.737000,19
train/44b6_706092f0.zarr/0/c/36/0/0/0,5517762,2026-06-26 18:41:17.315000,19
train/44b6_706092f0.zarr/0/c/37/0/0/0,5528018,2026-06-26 18:41:21.803000,19
train/44b6_706092f0.zarr/0/c/38/0/0/0,5524595,2026-06-26 18:41:21.546000,19
train/44b6_706092f0.zarr/0/c/39/0/0/0,5536074,2026-06-26 18:41:12.266000,19
train/44b6_706092f0.zarr/0/c/4/0/0/0,5492199,2026-06-26 18:41:11.280000,19
train/44b6_706092f0.zarr/0/c/40/0/0/0,5528308,2026-06-26 18:41:07.014000,19
train/44b6_706092f0.zarr/0/c/41/0/0/0,5525324,2026-06-26 18:41:13.070000,19
train/44b6_706092f0.zarr/0/c/42/0/0/0,5512054,2026-06-26 18:41:15.490000,19
train/44b6_706092f0.zarr/0/c/43/0/0/0,5512112,2026-06-26 18:41:23.818000,19
train/44b6_706092f0.zarr/0/c/44/0/0/0,5516231,2026-06-26 18:41:18.556000,19
train/44b6_706092f0.zarr/0/c/45/0/0/0,5511790,2026-06-26 18:41:09.922000,19
train/44b6_706092f0.zarr/0/c/46/0/0/0,5517893,2026-06-26 18:41:09.054000,19
train/44b6_706092f0.zarr/0/c/47/0/0/0,5514841,2026-06-26 18:41:12.718000,19
train/44b6_706092f0.zarr/0/c/48/0/0/0,5510253,2026-06-26 18:41:06.279000,19
train/44b6_706092f0.zarr/0/c/49/0/0/0,5506521,2026-06-26 18:41:08.289000,19
train/44b6_706092f0.zarr/0/c/5/0/0/0,5499097,2026-06-26 18:41:22.286000,19
train/44b6_706092f0.zarr/0/c/50/0/0/0,5513019,2026-06-26 18:41:14.903000,19
train/44b6_706092f0.zarr/0/c/51/0/0/0,5506647,2026-06-26 18:41:15.272000,19
train/44b6_706092f0.zarr/0/c/52/0/0/0,5504189,2026-06-26 18:41:17.617000,19
train/44b6_706092f0.zarr/0/c/53/0/0/0,5507481,2026-06-26 18:41:20.877000,19
train/44b6_706092f0.zarr/0/c/54/0/0/0,5511330,2026-06-26 18:41:18.054000,19
train/44b6_706092f0.zarr/0/c/55/0/0/0,5508863,2026-06-26 18:41:20.459000,19
train/44b6_706092f0.zarr/0/c/56/0/0/0,5502566,2026-06-26 18:41:16.966000,19
train/44b6_706092f0.zarr/0/c/57/0/0/0,5505347,2026-06-26 18:41:17.836000,19
train/44b6_706092f0.zarr/0/c/58/0/0/0,5503584,2026-06-26 18:41:21.051000,19
train/44b6_706092f0.zarr/0/c/59/0/0/0,5511902,2026-06-26 18:41:11.142000,19
train/44b6_706092f0.zarr/0/c/6/0/0/0,5502436,2026-06-26 18:41:18.728000,19
train/44b6_706092f0.zarr/0/c/60/0/0/0,5509026,2026-06-26 18:41:24.046000,19
train/44b6_706092f0.zarr/0/c/61/0/0/0,5508059,2026-06-26 18:41:07.824000,19
train/44b6_706092f0.zarr/0/c/62/0/0/0,5514801,2026-06-26 18:41:21.132000,19
train/44b6_706092f0.zarr/0/c/63/0/0/0,5504834,2026-06-26 18:41:15.068000,19
train/44b6_706092f0.zarr/0/c/64/0/0/0,5505793,2026-06-26 18:41:06.459000,19
train/44b6_706092f0.zarr/0/c/65/0/0/0,5509362,2026-06-26 18:41:21.695000,19
train/44b6_706092f0.zarr/0/c/66/0/0/0,5506815,2026-06-26 18:41:07.630000,19
train/44b6_706092f0.zarr/0/c/67/0/0/0,5501125,2026-06-26 18:41:17.058000,19
train/44b6_706092f0.zarr/0/c/68/0/0/0,5498978,2026-06-26 18:41:18.830000,19
train/44b6_706092f0.zarr/0/c/69/0/0/0,5503011,2026-06-26 18:41:10.417000,19
train/44b6_706092f0.zarr/0/c/7/0/0/0,5502170,2026-06-26 18:41:15.977000,19
train/44b6_706092f0.zarr/0/c/70/0/0/0,5495481,2026-06-26 18:41:11.775000,19
train/44b6_706092f0.zarr/0/c/71/0/0/0,5489481,2026-06-26 18:41:11.966000,19
train/44b6_706092f0.zarr/0/c/72/0/0/0,5493103,2026-06-26 18:41:13.323000,19
train/44b6_706092f0.zarr/0/c/73/0/0/0,5496283,2026-06-26 18:41:07.360000,19
train/44b6_706092f0.zarr/0/c/74/0/0/0,5493109,2026-06-26 18:41:18.438000,19
train/44b6_706092f0.zarr/0/c/75/0/0/0,5494098,2026-06-26 18:41:11.543000,19
train/44b6_706092f0.zarr/0/c/76/0/0/0,5495652,2026-06-26 18:41:09.343000,19
train/44b6_706092f0.zarr/0/c/77/0/0/0,5497620,2026-06-26 18:41:06.911000,19
train/44b6_706092f0.zarr/0/c/78/0/0/0,5503628,2026-06-26 18:41:09.038000,19
train/44b6_706092f0.zarr/0/c/79/0/0/0,5503484,2026-06-26 18:41:19.918000,19
train/44b6_706092f0.zarr/0/c/8/0/0/0,5503606,2026-06-26 18:41:12.207000,19
train/44b6_706092f0.zarr/0/c/80/0/0/0,5507507,2026-06-26 18:41:20.181000,19
train/44b6_706092f0.zarr/0/c/81/0/0/0,5507505,2026-06-26 18:41:23.092000,19
train/44b6_706092f0.zarr/0/c/82/0/0/0,5504499,2026-06-26 18:41:22.959000,19
train/44b6_706092f0.zarr/0/c/83/0/0/0,5501151,2026-06-26 18:41:15.349000,19
train/44b6_706092f0.zarr/0/c/84/0/0/0,5504292,2026-06-26 18:41:11.684000,19
train/44b6_706092f0.zarr/0/c/85/0/0/0,5506141,2026-06-26 18:41:19.847000,19
train/44b6_706092f0.zarr/0/c/86/0/0/0,5512804,2026-06-26 18:41:17.606000,19
train/44b6_706092f0.zarr/0/c/87/0/0/0,5510268,2026-06-26 18:41:19.386000,19
train/44b6_706092f0.zarr/0/c/88/0/0/0,5512538,2026-06-26 18:41:20.052000,19
train/44b6_706092f0.zarr/0/c/89/0/0/0,5506747,2026-06-26 18:41:09.796000,19
train/44b6_706092f0.zarr/0/c/9/0/0/0,5504586,2026-06-26 18:41:12.940000,19
train/44b6_706092f0.zarr/0/c/90/0/0/0,5500024,2026-06-26 18:41:19.122000,19
train/44b6_706092f0.zarr/0/c/91/0/0/0,5499924,2026-06-26 18:41:18.115000,19
train/44b6_706092f0.zarr/0/c/92/0/0/0,5502683,2026-06-26 18:41:20.720000,19
train/44b6_706092f0.zarr/0/c/93/0/0/0,5497322,2026-06-26 18:41:07.225000,19
train/44b6_706092f0.zarr/0/c/94/0/0/0,5502718,2026-06-26 18:41:22.686000,19
train/44b6_706092f0.zarr/0/c/95/0/0/0,5500433,2026-06-26 18:41:09.606000,19
train/44b6_706092f0.zarr/0/c/96/0/0/0,5496432,2026-06-26 18:41:08.030000,19
train/44b6_706092f0.zarr/0/c/97/0/0/0,5504255,2026-06-26 18:41:19.054000,19
train/44b6_706092f0.zarr/0/c/98/0/0/0,5500468,2026-06-26 18:41:14.774000,19
train/44b6_706092f0.zarr/0/c/99/0/0/0,5505958,2026-06-26 18:41:13.975000,19
train/44b6_706092f0.zarr/0/zarr.json,760,2026-06-26 18:41:24.194000,19
train/44b6_706092f0.zarr/zarr.json,1294,2026-06-26 18:41:24.182000,19
train/44b6_71a4179f.geff/edges/ids/c/0/0,520,2026-06-26 18:41:35.359000,19
train/44b6_71a4179f.geff/edges/ids/zarr.json,636,2026-06-26 18:41:35.361000,19
train/44b6_71a4179f.geff/edges/props/zarr.json,99,2026-06-26 18:41:35.346000,19
train/44b6_71a4179f.geff/edges/zarr.json,99,2026-06-26 18:41:35.404000,19
train/44b6_71a4179f.geff/nodes/ids/c/0,480,2026-06-26 18:41:35.348000,19
train/44b6_71a4179f.geff/nodes/ids/zarr.json,618,2026-06-26 18:41:35.375000,19
train/44b6_71a4179f.geff/nodes/props/t/values/c/0,149,2026-06-26 18:41:35.358000,19
train/44b6_71a4179f.geff/nodes/props/t/values/zarr.json,617,2026-06-26 18:41:35.350000,19
train/44b6_71a4179f.geff/nodes/props/t/zarr.json,99,2026-06-26 18:41:35.364000,19
train/44b6_71a4179f.geff/nodes/props/x/values/c/0,130,2026-06-26 18:41:35.340000,19
train/44b6_71a4179f.geff/nodes/props/x/values/zarr.json,617,2026-06-26 18:41:35.338000,19
train/44b6_71a4179f.geff/nodes/props/x/zarr.json,99,2026-06-26 18:41:35.347000,19
train/44b6_71a4179f.geff/nodes/props/y/values/c/0,129,2026-06-26 18:41:35.329000,19
train/44b6_71a4179f.geff/nodes/props/y/values/zarr.json,617,2026-06-26 18:41:35.318000,19
train/44b6_71a4179f.geff/nodes/props/y/zarr.json,99,2026-06-26 18:41:35.322000,19
train/44b6_71a4179f.geff/nodes/props/z/values/c/0,115,2026-06-26 18:41:35.367000,19
train/44b6_71a4179f.geff/nodes/props/z/values/zarr.json,617,2026-06-26 18:41:35.361000,19
train/44b6_71a4179f.geff/nodes/props/z/zarr.json,99,2026-06-26 18:41:35.316000,19
train/44b6_71a4179f.geff/nodes/props/zarr.json,99,2026-06-26 18:41:35.328000,19
train/44b6_71a4179f.geff/nodes/zarr.json,99,2026-06-26 18:41:35.415000,19
train/44b6_71a4179f.geff/zarr.json,2104,2026-06-26 18:41:35.377000,19
train/44b6_71a4179f.zarr/0/c/0/0/0/0,5329139,2026-06-26 18:02:12.565000,19
train/44b6_71a4179f.zarr/0/c/1/0/0/0,5328894,2026-06-26 18:02:11.156000,19
train/44b6_71a4179f.zarr/0/c/10/0/0/0,5357659,2026-06-26 18:02:15.512000,19
train/44b6_71a4179f.zarr/0/c/11/0/0/0,5358128,2026-06-26 18:02:13.090000,19
train/44b6_71a4179f.zarr/0/c/12/0/0/0,5364376,2026-06-26 18:02:07.651000,19
train/44b6_71a4179f.zarr/0/c/13/0/0/0,5355602,2026-06-26 18:02:09.088000,19
train/44b6_71a4179f.zarr/0/c/14/0/0/0,5365035,2026-06-26 18:02:11.072000,19
train/44b6_71a4179f.zarr/0/c/15/0/0/0,5365485,2026-06-26 18:02:12.668000,19
train/44b6_71a4179f.zarr/0/c/16/0/0/0,5370283,2026-06-26 18:02:15.531000,19
train/44b6_71a4179f.zarr/0/c/17/0/0/0,5365760,2026-06-26 18:02:19.763000,19
train/44b6_71a4179f.zarr/0/c/18/0/0/0,5357931,2026-06-26 18:02:18.127000,19
train/44b6_71a4179f.zarr/0/c/19/0/0/0,5353402,2026-06-26 18:02:09.257000,19
train/44b6_71a4179f.zarr/0/c/2/0/0/0,5331766,2026-06-26 18:02:07.053000,19
train/44b6_71a4179f.zarr/0/c/20/0/0/0,5370267,2026-06-26 18:02:11.478000,19
train/44b6_71a4179f.zarr/0/c/21/0/0/0,5370705,2026-06-26 18:02:12.982000,19
train/44b6_71a4179f.zarr/0/c/22/0/0/0,5382414,2026-06-26 18:02:18.721000,19
train/44b6_71a4179f.zarr/0/c/23/0/0/0,5381698,2026-06-26 18:02:05.649000,19
train/44b6_71a4179f.zarr/0/c/24/0/0/0,5384671,2026-06-26 18:02:11.620000,19
train/44b6_71a4179f.zarr/0/c/25/0/0/0,5385998,2026-06-26 18:02:05.819000,19
train/44b6_71a4179f.zarr/0/c/26/0/0/0,5388598,2026-06-26 18:02:19.308000,19
train/44b6_71a4179f.zarr/0/c/27/0/0/0,5392935,2026-06-26 18:02:17.754000,19
train/44b6_71a4179f.zarr/0/c/28/0/0/0,5389294,2026-06-26 18:02:17.028000,19
train/44b6_71a4179f.zarr/0/c/29/0/0/0,5385016,2026-06-26 18:02:07.205000,19
train/44b6_71a4179f.zarr/0/c/3/0/0/0,5342450,2026-06-26 18:02:11.760000,19
train/44b6_71a4179f.zarr/0/c/30/0/0/0,5379770,2026-06-26 18:02:10.362000,19
train/44b6_71a4179f.zarr/0/c/31/0/0/0,5378125,2026-06-26 18:02:18.552000,19
train/44b6_71a4179f.zarr/0/c/32/0/0/0,5383205,2026-06-26 18:02:16.367000,19
train/44b6_71a4179f.zarr/0/c/33/0/0/0,5376372,2026-06-26 18:02:06.811000,19
train/44b6_71a4179f.zarr/0/c/34/0/0/0,5403167,2026-06-26 18:02:08.733000,19
train/44b6_71a4179f.zarr/0/c/35/0/0/0,5405883,2026-06-26 18:02:07.320000,19
train/44b6_71a4179f.zarr/0/c/36/0/0/0,5411963,2026-06-26 18:02:13.509000,19
train/44b6_71a4179f.zarr/0/c/37/0/0/0,5411839,2026-06-26 18:02:17.579000,19
train/44b6_71a4179f.zarr/0/c/38/0/0/0,5424669,2026-06-26 18:02:17.267000,19
train/44b6_71a4179f.zarr/0/c/39/0/0/0,5434609,2026-06-26 18:02:10.230000,19
train/44b6_71a4179f.zarr/0/c/4/0/0/0,5349051,2026-06-26 18:02:09.685000,19
train/44b6_71a4179f.zarr/0/c/40/0/0/0,5422477,2026-06-26 18:02:06.105000,19
train/44b6_71a4179f.zarr/0/c/41/0/0/0,5429022,2026-06-26 18:02:10.866000,19
train/44b6_71a4179f.zarr/0/c/42/0/0/0,5431191,2026-06-26 18:02:12.447000,19
train/44b6_71a4179f.zarr/0/c/43/0/0/0,5433671,2026-06-26 18:02:19,19
train/44b6_71a4179f.zarr/0/c/44/0/0/0,5436216,2026-06-26 18:02:14.682000,19
train/44b6_71a4179f.zarr/0/c/45/0/0/0,5445036,2026-06-26 18:02:08.180000,19
train/44b6_71a4179f.zarr/0/c/46/0/0/0,5448858,2026-06-26 18:02:07.451000,19
train/44b6_71a4179f.zarr/0/c/47/0/0/0,5444718,2026-06-26 18:02:10.589000,19
train/44b6_71a4179f.zarr/0/c/48/0/0/0,5454372,2026-06-26 18:02:05.309000,19
train/44b6_71a4179f.zarr/0/c/49/0/0/0,5453157,2026-06-26 18:02:07.023000,19
train/44b6_71a4179f.zarr/0/c/5/0/0/0,5347775,2026-06-26 18:02:17.883000,19
train/44b6_71a4179f.zarr/0/c/50/0/0/0,5441559,2026-06-26 18:02:11.915000,19
train/44b6_71a4179f.zarr/0/c/51/0/0/0,5448037,2026-06-26 18:02:12.193000,19
train/44b6_71a4179f.zarr/0/c/52/0/0/0,5458102,2026-06-26 18:02:13.715000,19
train/44b6_71a4179f.zarr/0/c/53/0/0/0,5475451,2026-06-26 18:02:16.597000,20
train/44b6_71a4179f.zarr/0/c/54/0/0/0,5467858,2026-06-26 18:02:14.011000,20
train/44b6_71a4179f.zarr/0/c/55/0/0/0,5483580,2026-06-26 18:02:16.178000,20
train/44b6_71a4179f.zarr/0/c/56/0/0/0,5483063,2026-06-26 18:02:13.235000,20
train/44b6_71a4179f.zarr/0/c/57/0/0/0,5476542,2026-06-26 18:02:13.841000,20
train/44b6_71a4179f.zarr/0/c/58/0/0/0,5474208,2026-06-26 18:02:16.713000,20
train/44b6_71a4179f.zarr/0/c/59/0/0/0,5472294,2026-06-26 18:02:09.420000,20
train/44b6_71a4179f.zarr/0/c/6/0/0/0,5354862,2026-06-26 18:02:14.778000,20
train/44b6_71a4179f.zarr/0/c/60/0/0/0,5481736,2026-06-26 18:02:19.120000,20
train/44b6_71a4179f.zarr/0/c/61/0/0/0,5502990,2026-06-26 18:02:06.605000,20
train/44b6_71a4179f.zarr/0/c/62/0/0/0,5498126,2026-06-26 18:02:16.895000,20
train/44b6_71a4179f.zarr/0/c/63/0/0/0,5494076,2026-06-26 18:02:12.038000,20
train/44b6_71a4179f.zarr/0/c/64/0/0/0,5485565,2026-06-26 18:02:05.427000,20
train/44b6_71a4179f.zarr/0/c/65/0/0/0,5495551,2026-06-26 18:02:17.366000,20
train/44b6_71a4179f.zarr/0/c/66/0/0/0,5494790,2026-06-26 18:02:06.496000,20
train/44b6_71a4179f.zarr/0/c/67/0/0/0,5499789,2026-06-26 18:02:13.336000,20
train/44b6_71a4179f.zarr/0/c/68/0/0/0,5505139,2026-06-26 18:02:14.912000,20
train/44b6_71a4179f.zarr/0/c/69/0/0/0,5504564,2026-06-26 18:02:08.932000,20
train/44b6_71a4179f.zarr/0/c/7/0/0/0,5355375,2026-06-26 18:02:12.807000,20
train/44b6_71a4179f.zarr/0/c/70/0/0/0,5495154,2026-06-26 18:02:10.049000,20
train/44b6_71a4179f.zarr/0/c/71/0/0/0,5498853,2026-06-26 18:02:10.067000,20
train/44b6_71a4179f.zarr/0/c/72/0/0/0,5498118,2026-06-26 18:02:10.865000,20
train/44b6_71a4179f.zarr/0/c/73/0/0/0,5502566,2026-06-26 18:02:06.343000,20
train/44b6_71a4179f.zarr/0/c/74/0/0/0,5504808,2026-06-26 18:02:14.576000,20
train/44b6_71a4179f.zarr/0/c/75/0/0/0,5500475,2026-06-26 18:02:09.862000,20
train/44b6_71a4179f.zarr/0/c/76/0/0/0,5502047,2026-06-26 18:02:07.831000,20
train/44b6_71a4179f.zarr/0/c/77/0/0/0,5494963,2026-06-26 18:02:06.013000,20
train/44b6_71a4179f.zarr/0/c/78/0/0/0,5489391,2026-06-26 18:02:07.514000,20
train/44b6_71a4179f.zarr/0/c/79/0/0/0,5502819,2026-06-26 18:02:15.903000,20
train/44b6_71a4179f.zarr/0/c/8/0/0/0,5347228,2026-06-26 18:02:10.068000,20
train/44b6_71a4179f.zarr/0/c/80/0/0/0,5491542,2026-06-26 18:02:16.124000,20
train/44b6_71a4179f.zarr/0/c/81/0/0/0,5496644,2026-06-26 18:02:18.412000,20
train/44b6_71a4179f.zarr/0/c/82/0/0/0,5500301,2026-06-26 18:02:18.468000,20
train/44b6_71a4179f.zarr/0/c/83/0/0/0,5490090,2026-06-26 18:02:12.222000,20
train/44b6_71a4179f.zarr/0/c/84/0/0/0,5496510,2026-06-26 18:02:09.917000,20
train/44b6_71a4179f.zarr/0/c/85/0/0/0,5490289,2026-06-26 18:02:15.666000,20
train/44b6_71a4179f.zarr/0/c/86/0/0/0,5493909,2026-06-26 18:02:13.625000,20
train/44b6_71a4179f.zarr/0/c/87/0/0/0,5487838,2026-06-26 18:02:15.325000,20
train/44b6_71a4179f.zarr/0/c/88/0/0/0,5492419,2026-06-26 18:02:16.058000,20
train/44b6_71a4179f.zarr/0/c/89/0/0/0,5485551,2026-06-26 18:02:08.110000,20
train/44b6_71a4179f.zarr/0/c/9/0/0/0,5362653,2026-06-26 18:02:10.694000,20
train/44b6_71a4179f.zarr/0/c/90/0/0/0,5486632,2026-06-26 18:02:15.078000,20
train/44b6_71a4179f.zarr/0/c/91/0/0/0,5491995,2026-06-26 18:02:14.134000,20
train/44b6_71a4179f.zarr/0/c/92/0/0/0,5495279,2026-06-26 18:02:16.480000,20
train/44b6_71a4179f.zarr/0/c/93/0/0/0,5489477,2026-06-26 18:02:06.172000,20
train/44b6_71a4179f.zarr/0/c/94/0/0/0,5486257,2026-06-26 18:02:18.055000,20
train/44b6_71a4179f.zarr/0/c/95/0/0/0,5486775,2026-06-26 18:02:07.948000,20
train/44b6_71a4179f.zarr/0/c/96/0/0/0,5496486,2026-06-26 18:02:06.708000,20
train/44b6_71a4179f.zarr/0/c/97/0/0/0,5495064,2026-06-26 18:02:14.984000,20
train/44b6_71a4179f.zarr/0/c/98/0/0/0,5490089,2026-06-26 18:02:11.836000,20
train/44b6_71a4179f.zarr/0/c/99/0/0/0,5495274,2026-06-26 18:02:11.378000,20
train/44b6_71a4179f.zarr/0/zarr.json,760,2026-06-26 18:02:19.224000,20
train/44b6_71a4179f.zarr/zarr.json,1282,2026-06-26 18:02:19.218000,20
train/44b6_74d0c52e.geff/edges/ids/c/0/0,610,2026-06-26 18:09:42.369000,20
train/44b6_74d0c52e.geff/edges/ids/zarr.json,636,2026-06-26 18:09:42.314000,20
train/44b6_74d0c52e.geff/edges/props/zarr.json,99,2026-06-26 18:09:42.315000,20
train/44b6_74d0c52e.geff/edges/zarr.json,99,2026-06-26 18:09:42.302000,20
train/44b6_74d0c52e.geff/nodes/ids/c/0,523,2026-06-26 18:09:42.317000,20
train/44b6_74d0c52e.geff/nodes/ids/zarr.json,618,2026-06-26 18:09:42.309000,20
train/44b6_74d0c52e.geff/nodes/props/t/values/c/0,178,2026-06-26 18:09:42.300000,20
train/44b6_74d0c52e.geff/nodes/props/t/values/zarr.json,617,2026-06-26 18:09:42.293000,20
train/44b6_74d0c52e.geff/nodes/props/t/zarr.json,99,2026-06-26 18:09:42.284000,20
train/44b6_74d0c52e.geff/nodes/props/x/values/c/0,181,2026-06-26 18:09:42.301000,20
train/44b6_74d0c52e.geff/nodes/props/x/values/zarr.json,617,2026-06-26 18:09:42.305000,20
train/44b6_74d0c52e.geff/nodes/props/x/zarr.json,99,2026-06-26 18:09:42.295000,20
train/44b6_74d0c52e.geff/nodes/props/y/values/c/0,166,2026-06-26 18:09:42.301000,20
train/44b6_74d0c52e.geff/nodes/props/y/values/zarr.json,617,2026-06-26 18:09:42.291000,20
train/44b6_74d0c52e.geff/nodes/props/y/zarr.json,99,2026-06-26 18:09:42.289000,20
train/44b6_74d0c52e.geff/nodes/props/z/values/c/0,155,2026-06-26 18:09:42.297000,20
train/44b6_74d0c52e.geff/nodes/props/z/values/zarr.json,617,2026-06-26 18:09:42.295000,20
train/44b6_74d0c52e.geff/nodes/props/z/zarr.json,99,2026-06-26 18:09:42.287000,20
train/44b6_74d0c52e.geff/nodes/props/zarr.json,99,2026-06-26 18:09:42.310000,20
train/44b6_74d0c52e.geff/nodes/zarr.json,99,2026-06-26 18:09:42.330000,20
train/44b6_74d0c52e.geff/zarr.json,2102,2026-06-26 18:09:42.315000,20
train/44b6_74d0c52e.zarr/0/c/0/0/0/0,3836521,2026-06-26 18:07:40.011000,20
train/44b6_74d0c52e.zarr/0/c/1/0/0/0,3866564,2026-06-26 18:07:38.439000,20
train/44b6_74d0c52e.zarr/0/c/10/0/0/0,3928351,2026-06-26 18:07:42.492000,20
train/44b6_74d0c52e.zarr/0/c/11/0/0/0,3909752,2026-06-26 18:07:40.465000,20
train/44b6_74d0c52e.zarr/0/c/12/0/0/0,3935027,2026-06-26 18:07:35.491000,20
train/44b6_74d0c52e.zarr/0/c/13/0/0/0,3930263,2026-06-26 18:07:36.441000,20
train/44b6_74d0c52e.zarr/0/c/14/0/0/0,3936059,2026-06-26 18:07:38.373000,20
train/44b6_74d0c52e.zarr/0/c/15/0/0/0,3958049,2026-06-26 18:07:40.198000,20
train/44b6_74d0c52e.zarr/0/c/16/0/0/0,3980086,2026-06-26 18:07:42.533000,20
train/44b6_74d0c52e.zarr/0/c/17/0/0/0,3986292,2026-06-26 18:07:45.494000,20
train/44b6_74d0c52e.zarr/0/c/18/0/0/0,3972479,2026-06-26 18:07:44.754000,20
train/44b6_74d0c52e.zarr/0/c/19/0/0/0,3988072,2026-06-26 18:07:36.472000,20
train/44b6_74d0c52e.zarr/0/c/2/0/0/0,3873640,2026-06-26 18:07:34.909000,20
train/44b6_74d0c52e.zarr/0/c/20/0/0/0,4018965,2026-06-26 18:07:38.865000,20
train/44b6_74d0c52e.zarr/0/c/21/0/0/0,4041389,2026-06-26 18:07:40.389000,20
train/44b6_74d0c52e.zarr/0/c/22/0/0/0,4053982,2026-06-26 18:07:46.008000,20
train/44b6_74d0c52e.zarr/0/c/23/0/0/0,4050243,2026-06-26 18:07:33.390000,20
train/44b6_74d0c52e.zarr/0/c/24/0/0/0,4069768,2026-06-26 18:07:38.847000,20
train/44b6_74d0c52e.zarr/0/c/25/0/0/0,4067035,2026-06-26 18:07:33.472000,20
train/44b6_74d0c52e.zarr/0/c/26/0/0/0,4095938,2026-06-26 18:07:45.994000,20
train/44b6_74d0c52e.zarr/0/c/27/0/0/0,4099192,2026-06-26 18:07:44.421000,20
train/44b6_74d0c52e.zarr/0/c/28/0/0/0,4103965,2026-06-26 18:07:43.953000,20
train/44b6_74d0c52e.zarr/0/c/29/0/0/0,4110971,2026-06-26 18:07:35.046000,20
train/44b6_74d0c52e.zarr/0/c/3/0/0/0,3859944,2026-06-26 18:07:38.986000,20
train/44b6_74d0c52e.zarr/0/c/30/0/0/0,4128476,2026-06-26 18:07:37.622000,20
train/44b6_74d0c52e.zarr/0/c/31/0/0/0,4127019,2026-06-26 18:07:45.184000,20
train/44b6_74d0c52e.zarr/0/c/32/0/0/0,4115628,2026-06-26 18:07:43.323000,20
train/44b6_74d0c52e.zarr/0/c/33/0/0/0,4124540,2026-06-26 18:07:34.673000,20
train/44b6_74d0c52e.zarr/0/c/34/0/0/0,4122240,2026-06-26 18:07:36.168000,20
train/44b6_74d0c52e.zarr/0/c/35/0/0/0,4160787,2026-06-26 18:07:35.158000,20
train/44b6_74d0c52e.zarr/0/c/36/0/0/0,4174433,2026-06-26 18:07:40.787000,20
train/44b6_74d0c52e.zarr/0/c/37/0/0/0,4173543,2026-06-26 18:07:44.268000,20
train/44b6_74d0c52e.zarr/0/c/38/0/0/0,4154906,2026-06-26 18:07:44.014000,20
train/44b6_74d0c52e.zarr/0/c/39/0/0/0,4162816,2026-06-26 18:07:37.443000,20
train/44b6_74d0c52e.zarr/0/c/4/0/0/0,3859980,2026-06-26 18:07:36.757000,20
train/44b6_74d0c52e.zarr/0/c/40/0/0/0,4145820,2026-06-26 18:07:33.760000,20
train/44b6_74d0c52e.zarr/0/c/41/0/0/0,4153028,2026-06-26 18:07:38.027000,20
train/44b6_74d0c52e.zarr/0/c/42/0/0/0,4165505,2026-06-26 18:07:39.702000,20
train/44b6_74d0c52e.zarr/0/c/43/0/0/0,4171643,2026-06-26 18:07:45.725000,20
train/44b6_74d0c52e.zarr/0/c/44/0/0/0,4175264,2026-06-26 18:07:41.566000,20
train/44b6_74d0c52e.zarr/0/c/45/0/0/0,4186363,2026-06-26 18:07:35.969000,20
train/44b6_74d0c52e.zarr/0/c/46/0/0/0,4184091,2026-06-26 18:07:35.347000,20
train/44b6_74d0c52e.zarr/0/c/47/0/0/0,4204701,2026-06-26 18:07:37.821000,20
train/44b6_74d0c52e.zarr/0/c/48/0/0/0,4219127,2026-06-26 18:07:33.308000,20
train/44b6_74d0c52e.zarr/0/c/49/0/0/0,4207749,2026-06-26 18:07:34.666000,20
train/44b6_74d0c52e.zarr/0/c/5/0/0/0,3887255,2026-06-26 18:07:46.111000,20
train/44b6_74d0c52e.zarr/0/c/50/0/0/0,4209828,2026-06-26 18:07:39.209000,20
train/44b6_74d0c52e.zarr/0/c/51/0/0/0,4193278,2026-06-26 18:07:39.482000,20
train/44b6_74d0c52e.zarr/0/c/52/0/0/0,4185569,2026-06-26 18:07:41.002000,20
train/44b6_74d0c52e.zarr/0/c/53/0/0/0,4189942,2026-06-26 18:07:43.795000,20
train/44b6_74d0c52e.zarr/0/c/54/0/0/0,4198797,2026-06-26 18:07:41.198000,20
train/44b6_74d0c52e.zarr/0/c/55/0/0/0,4205614,2026-06-26 18:07:43.160000,20
train/44b6_74d0c52e.zarr/0/c/56/0/0/0,4213982,2026-06-26 18:07:40.551000,20
train/44b6_74d0c52e.zarr/0/c/57/0/0/0,4224597,2026-06-26 18:07:41.070000,20
train/44b6_74d0c52e.zarr/0/c/58/0/0/0,4235498,2026-06-26 18:07:45.567000,20
train/44b6_74d0c52e.zarr/0/c/59/0/0/0,4236533,2026-06-26 18:07:36.649000,20
train/44b6_74d0c52e.zarr/0/c/6/0/0/0,3910121,2026-06-26 18:07:41.730000,20
train/44b6_74d0c52e.zarr/0/c/60/0/0/0,4246903,2026-06-26 18:07:45.844000,20
train/44b6_74d0c52e.zarr/0/c/61/0/0/0,4254754,2026-06-26 18:07:34.312000,20
train/44b6_74d0c52e.zarr/0/c/62/0/0/0,4257128,2026-06-26 18:07:43.838000,20
train/44b6_74d0c52e.zarr/0/c/63/0/0/0,4269129,2026-06-26 18:07:39.399000,20
train/44b6_74d0c52e.zarr/0/c/64/0/0/0,4273732,2026-06-26 18:07:33.327000,20
train/44b6_74d0c52e.zarr/0/c/65/0/0/0,4271219,2026-06-26 18:07:44.106000,20
train/44b6_74d0c52e.zarr/0/c/66/0/0/0,4285616,2026-06-26 18:07:34.080000,20
train/44b6_74d0c52e.zarr/0/c/67/0/0/0,4284542,2026-06-26 18:07:40.684000,20
train/44b6_74d0c52e.zarr/0/c/68/0/0/0,4285580,2026-06-26 18:07:41.800000,20
train/44b6_74d0c52e.zarr/0/c/69/0/0/0,4293695,2026-06-26 18:07:36.281000,20
train/44b6_74d0c52e.zarr/0/c/7/0/0/0,3920340,2026-06-26 18:07:40.295000,20
train/44b6_74d0c52e.zarr/0/c/70/0/0/0,4300485,2026-06-26 18:07:37.116000,20
train/44b6_74d0c52e.zarr/0/c/71/0/0/0,4299332,2026-06-26 18:07:37.190000,20
train/44b6_74d0c52e.zarr/0/c/72/0/0/0,4323983,2026-06-26 18:07:38.305000,20
train/44b6_74d0c52e.zarr/0/c/73/0/0/0,4321269,2026-06-26 18:07:34.007000,20
train/44b6_74d0c52e.zarr/0/c/74/0/0/0,4335363,2026-06-26 18:07:41.404000,20
train/44b6_74d0c52e.zarr/0/c/75/0/0/0,4339785,2026-06-26 18:07:36.882000,20
train/44b6_74d0c52e.zarr/0/c/76/0/0/0,4335203,2026-06-26 18:07:35.637000,20
train/44b6_74d0c52e.zarr/0/c/77/0/0/0,4348388,2026-06-26 18:07:33.681000,20
train/44b6_74d0c52e.zarr/0/c/78/0/0/0,4361763,2026-06-26 18:07:35.370000,20
train/44b6_74d0c52e.zarr/0/c/79/0/0/0,4359818,2026-06-26 18:07:42.780000,20
train/44b6_74d0c52e.zarr/0/c/8/0/0/0,3938074,2026-06-26 18:07:37.291000,20
train/44b6_74d0c52e.zarr/0/c/80/0/0/0,4375705,2026-06-26 18:07:43.353000,20
train/44b6_74d0c52e.zarr/0/c/81/0/0/0,4374567,2026-06-26 18:07:45.089000,20
train/44b6_74d0c52e.zarr/0/c/82/0/0/0,4373954,2026-06-26 18:07:47.421000,20
train/44b6_74d0c52e.zarr/0/c/83/0/0/0,4376208,2026-06-26 18:07:39.597000,20
train/44b6_74d0c52e.zarr/0/c/84/0/0/0,4369960,2026-06-26 18:07:36.989000,20
train/44b6_74d0c52e.zarr/0/c/85/0/0/0,4379957,2026-06-26 18:07:42.661000,20
train/44b6_74d0c52e.zarr/0/c/86/0/0/0,4392806,2026-06-26 18:07:40.893000,20
train/44b6_74d0c52e.zarr/0/c/87/0/0/0,4388969,2026-06-26 18:07:42.315000,20
train/44b6_74d0c52e.zarr/0/c/88/0/0/0,4398086,2026-06-26 18:07:42.966000,20
train/44b6_74d0c52e.zarr/0/c/89/0/0/0,4412282,2026-06-26 18:07:35.870000,20
train/44b6_74d0c52e.zarr/0/c/9/0/0/0,3904091,2026-06-26 18:07:37.906000,20
train/44b6_74d0c52e.zarr/0/c/90/0/0/0,4410082,2026-06-26 18:07:42.121000,20
train/44b6_74d0c52e.zarr/0/c/91/0/0/0,4396100,2026-06-26 18:07:41.300000,20
train/44b6_74d0c52e.zarr/0/c/92/0/0/0,4409391,2026-06-26 18:07:43.449000,20
train/44b6_74d0c52e.zarr/0/c/93/0/0/0,4417218,2026-06-26 18:07:33.845000,20
train/44b6_74d0c52e.zarr/0/c/94/0/0/0,4414265,2026-06-26 18:07:44.784000,20
train/44b6_74d0c52e.zarr/0/c/95/0/0/0,4413179,2026-06-26 18:07:35.773000,20
train/44b6_74d0c52e.zarr/0/c/96/0/0/0,4420307,2026-06-26 18:07:34.494000,20
train/44b6_74d0c52e.zarr/0/c/97/0/0/0,4424676,2026-06-26 18:07:42.003000,20
train/44b6_74d0c52e.zarr/0/c/98/0/0/0,4427606,2026-06-26 18:07:39.187000,20
train/44b6_74d0c52e.zarr/0/c/99/0/0/0,4435931,2026-06-26 18:07:38.576000,20
train/44b6_74d0c52e.zarr/0/zarr.json,760,2026-06-26 18:07:46.185000,20
train/44b6_74d0c52e.zarr/zarr.json,1285,2026-06-26 18:07:45.924000,20
train/44b6_7a302da0.geff/edges/ids/c/0/0,1438,2026-06-26 18:27:15.172000,20
train/44b6_7a302da0.geff/edges/ids/zarr.json,636,2026-06-26 18:27:15.159000,20
train/44b6_7a302da0.geff/edges/props/zarr.json,99,2026-06-26 18:27:15.162000,20
train/44b6_7a302da0.geff/edges/zarr.json,99,2026-06-26 18:27:15.191000,20
train/44b6_7a302da0.geff/nodes/ids/c/0,869,2026-06-26 18:27:15.168000,20
train/44b6_7a302da0.geff/nodes/ids/zarr.json,618,2026-06-26 18:27:15.185000,20
train/44b6_7a302da0.geff/nodes/props/t/values/c/0,189,2026-06-26 18:27:15.175000,20
train/44b6_7a302da0.geff/nodes/props/t/values/zarr.json,617,2026-06-26 18:27:15.168000,20
train/44b6_7a302da0.geff/nodes/props/t/zarr.json,99,2026-06-26 18:27:15.170000,20
train/44b6_7a302da0.geff/nodes/props/x/values/c/0,575,2026-06-26 18:27:15.187000,20
train/44b6_7a302da0.geff/nodes/props/x/values/zarr.json,617,2026-06-26 18:27:15.193000,20
train/44b6_7a302da0.geff/nodes/props/x/zarr.json,99,2026-06-26 18:27:15.176000,20
train/44b6_7a302da0.geff/nodes/props/y/values/c/0,581,2026-06-26 18:27:15.212000,20
train/44b6_7a302da0.geff/nodes/props/y/values/zarr.json,617,2026-06-26 18:27:15.162000,20
train/44b6_7a302da0.geff/nodes/props/y/zarr.json,99,2026-06-26 18:27:15.176000,20
train/44b6_7a302da0.geff/nodes/props/z/values/c/0,430,2026-06-26 18:27:15.190000,20
train/44b6_7a302da0.geff/nodes/props/z/values/zarr.json,617,2026-06-26 18:27:15.168000,20
train/44b6_7a302da0.geff/nodes/props/z/zarr.json,99,2026-06-26 18:27:15.167000,20
train/44b6_7a302da0.geff/nodes/props/zarr.json,99,2026-06-26 18:27:15.166000,20
train/44b6_7a302da0.geff/nodes/zarr.json,99,2026-06-26 18:27:15.168000,20
train/44b6_7a302da0.geff/zarr.json,2101,2026-06-26 18:27:15.182000,20
train/44b6_7a302da0.zarr/0/c/0/0/0/0,5592387,2026-06-26 18:20:55.297000,20
train/44b6_7a302da0.zarr/0/c/1/0/0/0,5597053,2026-06-26 18:20:53.762000,20
train/44b6_7a302da0.zarr/0/c/10/0/0/0,5654267,2026-06-26 18:20:58.514000,20
train/44b6_7a302da0.zarr/0/c/11/0/0/0,5655663,2026-06-26 18:20:56.016000,21
train/44b6_7a302da0.zarr/0/c/12/0/0/0,5657075,2026-06-26 18:20:49.795000,21
train/44b6_7a302da0.zarr/0/c/13/0/0/0,5664292,2026-06-26 18:20:50.924000,21
train/44b6_7a302da0.zarr/0/c/14/0/0/0,5665884,2026-06-26 18:20:53.554000,21
train/44b6_7a302da0.zarr/0/c/15/0/0/0,5672719,2026-06-26 18:20:55.439000,21
train/44b6_7a302da0.zarr/0/c/16/0/0/0,5685435,2026-06-26 18:20:58.999000,21
train/44b6_7a302da0.zarr/0/c/17/0/0/0,5695337,2026-06-26 18:21:02.880000,21
train/44b6_7a302da0.zarr/0/c/18/0/0/0,5707979,2026-06-26 18:21:02.091000,21
train/44b6_7a302da0.zarr/0/c/19/0/0/0,5705514,2026-06-26 18:20:51.030000,21
train/44b6_7a302da0.zarr/0/c/2/0/0/0,5614552,2026-06-26 18:20:49.210000,21
train/44b6_7a302da0.zarr/0/c/20/0/0/0,5718923,2026-06-26 18:20:53.995000,21
train/44b6_7a302da0.zarr/0/c/21/0/0/0,5729240,2026-06-26 18:20:55.880000,21
train/44b6_7a302da0.zarr/0/c/22/0/0/0,5738159,2026-06-26 18:21:02.704000,21
train/44b6_7a302da0.zarr/0/c/23/0/0/0,5740439,2026-06-26 18:20:46.858000,21
train/44b6_7a302da0.zarr/0/c/24/0/0/0,5741644,2026-06-26 18:20:54.114000,21
train/44b6_7a302da0.zarr/0/c/25/0/0/0,5744764,2026-06-26 18:20:46.987000,21
train/44b6_7a302da0.zarr/0/c/26/0/0/0,5749968,2026-06-26 18:21:03.342000,21
train/44b6_7a302da0.zarr/0/c/27/0/0/0,5766336,2026-06-26 18:21:01.450000,21
train/44b6_7a302da0.zarr/0/c/28/0/0/0,5762998,2026-06-26 18:21:00.848000,21
train/44b6_7a302da0.zarr/0/c/29/0/0/0,5770267,2026-06-26 18:20:49.326000,21
train/44b6_7a302da0.zarr/0/c/3/0/0/0,5615047,2026-06-26 18:20:54.179000,21
train/44b6_7a302da0.zarr/0/c/30/0/0/0,5775882,2026-06-26 18:20:52.470000,21
train/44b6_7a302da0.zarr/0/c/31/0/0/0,5785523,2026-06-26 18:21:02.561000,21
train/44b6_7a302da0.zarr/0/c/32/0/0/0,5790137,2026-06-26 18:21:00.106000,21
train/44b6_7a302da0.zarr/0/c/33/0/0/0,5797856,2026-06-26 18:20:48.891000,21
train/44b6_7a302da0.zarr/0/c/34/0/0/0,5805449,2026-06-26 18:20:50.585000,21
train/44b6_7a302da0.zarr/0/c/35/0/0/0,5807151,2026-06-26 18:20:49.450000,21
train/44b6_7a302da0.zarr/0/c/36/0/0/0,5810857,2026-06-26 18:20:56.472000,21
train/44b6_7a302da0.zarr/0/c/37/0/0/0,5814465,2026-06-26 18:21:01.252000,21
train/44b6_7a302da0.zarr/0/c/38/0/0/0,5821481,2026-06-26 18:21:00.932000,21
train/44b6_7a302da0.zarr/0/c/39/0/0/0,5819457,2026-06-26 18:20:52.388000,21
train/44b6_7a302da0.zarr/0/c/4/0/0/0,5619939,2026-06-26 18:20:51.277000,21
train/44b6_7a302da0.zarr/0/c/40/0/0/0,5824060,2026-06-26 18:20:47.533000,21
train/44b6_7a302da0.zarr/0/c/41/0/0/0,5830596,2026-06-26 18:20:53.272000,21
train/44b6_7a302da0.zarr/0/c/42/0/0/0,5833688,2026-06-26 18:20:55.144000,21
train/44b6_7a302da0.zarr/0/c/43/0/0/0,5840622,2026-06-26 18:21:03.026000,21
train/44b6_7a302da0.zarr/0/c/44/0/0/0,5844347,2026-06-26 18:20:57.640000,21
train/44b6_7a302da0.zarr/0/c/45/0/0/0,5846494,2026-06-26 18:20:50.422000,21
train/44b6_7a302da0.zarr/0/c/46/0/0/0,5852669,2026-06-26 18:20:49.584000,21
train/44b6_7a302da0.zarr/0/c/47/0/0/0,5845620,2026-06-26 18:20:52.802000,21
train/44b6_7a302da0.zarr/0/c/48/0/0/0,5861312,2026-06-26 18:20:46.532000,21
train/44b6_7a302da0.zarr/0/c/49/0/0/0,5857068,2026-06-26 18:20:49.074000,21
train/44b6_7a302da0.zarr/0/c/5/0/0/0,5625019,2026-06-26 18:21:01.539000,21
train/44b6_7a302da0.zarr/0/c/50/0/0/0,5869147,2026-06-26 18:20:54.591000,21
train/44b6_7a302da0.zarr/0/c/51/0/0/0,5866476,2026-06-26 18:20:54.828000,21
train/44b6_7a302da0.zarr/0/c/52/0/0/0,5863054,2026-06-26 18:20:56.847000,21
train/44b6_7a302da0.zarr/0/c/53/0/0/0,5865639,2026-06-26 18:21:00.406000,21
train/44b6_7a302da0.zarr/0/c/54/0/0/0,5876145,2026-06-26 18:20:57.166000,21
train/44b6_7a302da0.zarr/0/c/55/0/0/0,5877427,2026-06-26 18:20:59.877000,21
train/44b6_7a302da0.zarr/0/c/56/0/0/0,5875838,2026-06-26 18:20:56.178000,21
train/44b6_7a302da0.zarr/0/c/57/0/0/0,5877828,2026-06-26 18:20:57.024000,21
train/44b6_7a302da0.zarr/0/c/58/0/0/0,5872643,2026-06-26 18:21:00.621000,21
train/44b6_7a302da0.zarr/0/c/59/0/0/0,5877217,2026-06-26 18:20:51.122000,21
train/44b6_7a302da0.zarr/0/c/6/0/0/0,5637414,2026-06-26 18:20:57.725000,21
train/44b6_7a302da0.zarr/0/c/60/0/0/0,5874235,2026-06-26 18:21:03.198000,21
train/44b6_7a302da0.zarr/0/c/61/0/0/0,5880460,2026-06-26 18:20:48.565000,21
train/44b6_7a302da0.zarr/0/c/62/0/0/0,5880685,2026-06-26 18:21:00.662000,21
train/44b6_7a302da0.zarr/0/c/63/0/0/0,5875601,2026-06-26 18:20:54.683000,21
train/44b6_7a302da0.zarr/0/c/64/0/0/0,5871977,2026-06-26 18:20:46.679000,21
train/44b6_7a302da0.zarr/0/c/65/0/0/0,5874388,2026-06-26 18:21:01.087000,21
train/44b6_7a302da0.zarr/0/c/66/0/0/0,5868173,2026-06-26 18:20:48.492000,21
train/44b6_7a302da0.zarr/0/c/67/0/0/0,5862283,2026-06-26 18:20:56.325000,21
train/44b6_7a302da0.zarr/0/c/68/0/0/0,5865957,2026-06-26 18:20:57.906000,21
train/44b6_7a302da0.zarr/0/c/69/0/0/0,5861372,2026-06-26 18:20:50.809000,21
train/44b6_7a302da0.zarr/0/c/7/0/0/0,5640185,2026-06-26 18:20:55.653000,21
train/44b6_7a302da0.zarr/0/c/70/0/0/0,5877411,2026-06-26 18:20:51.935000,21
train/44b6_7a302da0.zarr/0/c/71/0/0/0,5887044,2026-06-26 18:20:52.111000,21
train/44b6_7a302da0.zarr/0/c/72/0/0/0,5879651,2026-06-26 18:20:53.505000,21
train/44b6_7a302da0.zarr/0/c/73/0/0/0,5878537,2026-06-26 18:20:48.289000,21
train/44b6_7a302da0.zarr/0/c/74/0/0/0,5877548,2026-06-26 18:20:57.437000,21
train/44b6_7a302da0.zarr/0/c/75/0/0/0,5884480,2026-06-26 18:20:51.438000,21
train/44b6_7a302da0.zarr/0/c/76/0/0/0,5886737,2026-06-26 18:20:49.969000,21
train/44b6_7a302da0.zarr/0/c/77/0/0/0,5891265,2026-06-26 18:20:47.157000,21
train/44b6_7a302da0.zarr/0/c/78/0/0/0,5890306,2026-06-26 18:20:49.745000,21
train/44b6_7a302da0.zarr/0/c/79/0/0/0,5887082,2026-06-26 18:20:59.345000,21
train/44b6_7a302da0.zarr/0/c/8/0/0/0,5644502,2026-06-26 18:20:52.877000,21
train/44b6_7a302da0.zarr/0/c/80/0/0/0,5894051,2026-06-26 18:20:59.686000,21
train/44b6_7a302da0.zarr/0/c/81/0/0/0,5894867,2026-06-26 18:21:02.426000,21
train/44b6_7a302da0.zarr/0/c/82/0/0/0,5889440,2026-06-26 18:21:02.222000,21
train/44b6_7a302da0.zarr/0/c/83/0/0/0,5888004,2026-06-26 18:20:55.043000,21
train/44b6_7a302da0.zarr/0/c/84/0/0/0,5895915,2026-06-26 18:20:51.723000,21
train/44b6_7a302da0.zarr/0/c/85/0/0/0,5892354,2026-06-26 18:20:59.196000,21
train/44b6_7a302da0.zarr/0/c/86/0/0/0,5895474,2026-06-26 18:20:56.646000,21
train/44b6_7a302da0.zarr/0/c/87/0/0/0,5901927,2026-06-26 18:20:58.325000,21
train/44b6_7a302da0.zarr/0/c/88/0/0/0,5895272,2026-06-26 18:20:59.508000,21
train/44b6_7a302da0.zarr/0/c/89/0/0/0,5903019,2026-06-26 18:20:50.359000,21
train/44b6_7a302da0.zarr/0/c/9/0/0/0,5648537,2026-06-26 18:20:52.849000,21
train/44b6_7a302da0.zarr/0/c/90/0/0/0,5890976,2026-06-26 18:20:58.195000,21
train/44b6_7a302da0.zarr/0/c/91/0/0/0,5895280,2026-06-26 18:20:57.325000,21
train/44b6_7a302da0.zarr/0/c/92/0/0/0,5902643,2026-06-26 18:21:00.247000,21
train/44b6_7a302da0.zarr/0/c/93/0/0/0,5897449,2026-06-26 18:20:48.199000,21
train/44b6_7a302da0.zarr/0/c/94/0/0/0,5897586,2026-06-26 18:21:01.744000,21
train/44b6_7a302da0.zarr/0/c/95/0/0/0,5905706,2026-06-26 18:20:50.176000,21
train/44b6_7a302da0.zarr/0/c/96/0/0/0,5900714,2026-06-26 18:20:48.854000,21
train/44b6_7a302da0.zarr/0/c/97/0/0/0,5901508,2026-06-26 18:20:58.054000,21
train/44b6_7a302da0.zarr/0/c/98/0/0/0,5897904,2026-06-26 18:20:54.439000,21
train/44b6_7a302da0.zarr/0/c/99/0/0/0,5903139,2026-06-26 18:20:53.876000,21
train/44b6_7a302da0.zarr/0/zarr.json,760,2026-06-26 18:21:03.288000,21
train/44b6_7a302da0.zarr/zarr.json,1269,2026-06-26 18:21:03.308000,21
train/44b6_7e557709.geff/edges/ids/c/0/0,1619,2026-06-26 18:25:53.352000,21
train/44b6_7e557709.geff/edges/ids/zarr.json,636,2026-06-26 18:25:53.337000,21
train/44b6_7e557709.geff/edges/props/zarr.json,99,2026-06-26 18:25:53.344000,21
train/44b6_7e557709.geff/edges/zarr.json,99,2026-06-26 18:25:53.370000,21
train/44b6_7e557709.geff/nodes/ids/c/0,980,2026-06-26 18:25:53.342000,21
train/44b6_7e557709.geff/nodes/ids/zarr.json,618,2026-06-26 18:25:53.352000,21
train/44b6_7e557709.geff/nodes/props/t/values/c/0,180,2026-06-26 18:25:53.316000,21
train/44b6_7e557709.geff/nodes/props/t/values/zarr.json,617,2026-06-26 18:25:53.308000,21
train/44b6_7e557709.geff/nodes/props/t/zarr.json,99,2026-06-26 18:25:53.330000,21
train/44b6_7e557709.geff/nodes/props/x/values/c/0,619,2026-06-26 18:25:53.329000,21
train/44b6_7e557709.geff/nodes/props/x/values/zarr.json,617,2026-06-26 18:25:53.327000,21
train/44b6_7e557709.geff/nodes/props/x/zarr.json,99,2026-06-26 18:25:53.333000,21
train/44b6_7e557709.geff/nodes/props/y/values/c/0,625,2026-06-26 18:25:53.336000,21
train/44b6_7e557709.geff/nodes/props/y/values/zarr.json,617,2026-06-26 18:25:53.316000,21
train/44b6_7e557709.geff/nodes/props/y/zarr.json,99,2026-06-26 18:25:53.370000,21
train/44b6_7e557709.geff/nodes/props/z/values/c/0,456,2026-06-26 18:25:53.301000,21
train/44b6_7e557709.geff/nodes/props/z/values/zarr.json,617,2026-06-26 18:25:53.292000,21
train/44b6_7e557709.geff/nodes/props/z/zarr.json,99,2026-06-26 18:25:53.307000,21
train/44b6_7e557709.geff/nodes/props/zarr.json,99,2026-06-26 18:25:53.470000,21
train/44b6_7e557709.geff/nodes/zarr.json,99,2026-06-26 18:25:53.332000,21
train/44b6_7e557709.geff/zarr.json,2101,2026-06-26 18:25:53.467000,21
train/44b6_7e557709.zarr/0/c/0/0/0/0,5056767,2026-06-26 18:38:45.346000,21
train/44b6_7e557709.zarr/0/c/1/0/0/0,5051974,2026-06-26 18:38:43.445000,21
train/44b6_7e557709.zarr/0/c/10/0/0/0,5047406,2026-06-26 18:38:48.565000,21
train/44b6_7e557709.zarr/0/c/11/0/0/0,5043111,2026-06-26 18:38:46.107000,21
train/44b6_7e557709.zarr/0/c/12/0/0/0,5043847,2026-06-26 18:38:39.981000,21
train/44b6_7e557709.zarr/0/c/13/0/0/0,5055944,2026-06-26 18:38:40.854000,21
train/44b6_7e557709.zarr/0/c/14/0/0/0,5037287,2026-06-26 18:38:43.177000,21
train/44b6_7e557709.zarr/0/c/15/0/0/0,5045016,2026-06-26 18:38:45.569000,21
train/44b6_7e557709.zarr/0/c/16/0/0/0,5046166,2026-06-26 18:38:48.693000,21
train/44b6_7e557709.zarr/0/c/17/0/0/0,5040116,2026-06-26 18:38:52.586000,21
train/44b6_7e557709.zarr/0/c/18/0/0/0,5052947,2026-06-26 18:38:51.883000,21
train/44b6_7e557709.zarr/0/c/19/0/0/0,5052289,2026-06-26 18:38:41.085000,21
train/44b6_7e557709.zarr/0/c/2/0/0/0,5052805,2026-06-26 18:38:38.841000,21
train/44b6_7e557709.zarr/0/c/20/0/0/0,5044033,2026-06-26 18:38:43.494000,21
train/44b6_7e557709.zarr/0/c/21/0/0/0,5050714,2026-06-26 18:38:45.978000,21
train/44b6_7e557709.zarr/0/c/22/0/0/0,5045226,2026-06-26 18:38:52.377000,21
train/44b6_7e557709.zarr/0/c/23/0/0/0,5049244,2026-06-26 18:38:37.064000,21
train/44b6_7e557709.zarr/0/c/24/0/0/0,5040840,2026-06-26 18:38:43.661000,21
train/44b6_7e557709.zarr/0/c/25/0/0/0,5054158,2026-06-26 18:38:37.233000,21
train/44b6_7e557709.zarr/0/c/26/0/0/0,5050112,2026-06-26 18:38:53.077000,21
train/44b6_7e557709.zarr/0/c/27/0/0/0,5054184,2026-06-26 18:38:51.463000,21
train/44b6_7e557709.zarr/0/c/28/0/0/0,5052682,2026-06-26 18:38:50.817000,21
train/44b6_7e557709.zarr/0/c/29/0/0/0,5049027,2026-06-26 18:38:39.257000,21
train/44b6_7e557709.zarr/0/c/3/0/0/0,5039681,2026-06-26 18:38:43.817000,21
train/44b6_7e557709.zarr/0/c/30/0/0/0,5055412,2026-06-26 18:38:42.347000,21
train/44b6_7e557709.zarr/0/c/31/0/0/0,5049501,2026-06-26 18:38:52.282000,21
train/44b6_7e557709.zarr/0/c/32/0/0/0,5063938,2026-06-26 18:38:49.567000,21
train/44b6_7e557709.zarr/0/c/33/0/0/0,5074993,2026-06-26 18:38:38.558000,21
train/44b6_7e557709.zarr/0/c/34/0/0/0,5069666,2026-06-26 18:38:40.630000,21
train/44b6_7e557709.zarr/0/c/35/0/0/0,5079797,2026-06-26 18:38:39.491000,21
train/44b6_7e557709.zarr/0/c/36/0/0/0,5081743,2026-06-26 18:38:46.499000,21
train/44b6_7e557709.zarr/0/c/37/0/0/0,5089774,2026-06-26 18:38:51.199000,21
train/44b6_7e557709.zarr/0/c/38/0/0/0,5096931,2026-06-26 18:38:50.924000,21
train/44b6_7e557709.zarr/0/c/39/0/0/0,5096857,2026-06-26 18:38:42.178000,21
train/44b6_7e557709.zarr/0/c/4/0/0/0,5041995,2026-06-26 18:38:41.379000,21
train/44b6_7e557709.zarr/0/c/40/0/0/0,5104214,2026-06-26 18:38:37.486000,21
train/44b6_7e557709.zarr/0/c/41/0/0/0,5100981,2026-06-26 18:38:42.871000,21
train/44b6_7e557709.zarr/0/c/42/0/0/0,5103174,2026-06-26 18:38:45.146000,21
train/44b6_7e557709.zarr/0/c/43/0/0/0,5103383,2026-06-26 18:38:52.751000,21
train/44b6_7e557709.zarr/0/c/44/0/0/0,5110932,2026-06-26 18:38:47.722000,21
train/44b6_7e557709.zarr/0/c/45/0/0/0,5114198,2026-06-26 18:38:40.543000,21
train/44b6_7e557709.zarr/0/c/46/0/0/0,5125412,2026-06-26 18:38:39.659000,21
train/44b6_7e557709.zarr/0/c/47/0/0/0,5126327,2026-06-26 18:38:42.582000,21
train/44b6_7e557709.zarr/0/c/48/0/0/0,5133645,2026-06-26 18:38:36.808000,21
train/44b6_7e557709.zarr/0/c/49/0/0/0,5126686,2026-06-26 18:38:38.722000,21
train/44b6_7e557709.zarr/0/c/5/0/0/0,5059342,2026-06-26 18:38:51.594000,21
train/44b6_7e557709.zarr/0/c/50/0/0/0,5131781,2026-06-26 18:38:44.213000,21
train/44b6_7e557709.zarr/0/c/51/0/0/0,5137080,2026-06-26 18:38:44.702000,21
train/44b6_7e557709.zarr/0/c/52/0/0/0,5138682,2026-06-26 18:38:46.895000,21
train/44b6_7e557709.zarr/0/c/53/0/0/0,5125825,2026-06-26 18:38:50.017000,21
train/44b6_7e557709.zarr/0/c/54/0/0/0,5131955,2026-06-26 18:38:47.300000,21
train/44b6_7e557709.zarr/0/c/55/0/0/0,5142831,2026-06-26 18:38:49.424000,21
train/44b6_7e557709.zarr/0/c/56/0/0/0,5140969,2026-06-26 18:38:46.185000,21
train/44b6_7e557709.zarr/0/c/57/0/0/0,5134417,2026-06-26 18:38:47.123000,21
train/44b6_7e557709.zarr/0/c/58/0/0/0,5132876,2026-06-26 18:38:50.301000,21
train/44b6_7e557709.zarr/0/c/59/0/0/0,5119942,2026-06-26 18:38:41.211000,21
train/44b6_7e557709.zarr/0/c/6/0/0/0,5056860,2026-06-26 18:38:47.895000,21
train/44b6_7e557709.zarr/0/c/60/0/0/0,5128392,2026-06-26 18:38:52.901000,21
train/44b6_7e557709.zarr/0/c/61/0/0/0,5124175,2026-06-26 18:38:38.212000,21
train/44b6_7e557709.zarr/0/c/62/0/0/0,5135157,2026-06-26 18:38:50.661000,21
train/44b6_7e557709.zarr/0/c/63/0/0/0,5140678,2026-06-26 18:38:44.385000,21
train/44b6_7e557709.zarr/0/c/64/0/0/0,5146989,2026-06-26 18:38:36.908000,21
train/44b6_7e557709.zarr/0/c/65/0/0/0,5153039,2026-06-26 18:38:51.025000,21
train/44b6_7e557709.zarr/0/c/66/0/0/0,5145892,2026-06-26 18:38:38.021000,21
train/44b6_7e557709.zarr/0/c/67/0/0/0,5142893,2026-06-26 18:38:46.341000,21
train/44b6_7e557709.zarr/0/c/68/0/0/0,5148793,2026-06-26 18:38:48.016000,21
train/44b6_7e557709.zarr/0/c/69/0/0/0,5152023,2026-06-26 18:38:40.747000,21
train/44b6_7e557709.zarr/0/c/7/0/0/0,5059228,2026-06-26 18:38:45.776000,21
train/44b6_7e557709.zarr/0/c/70/0/0/0,5167063,2026-06-26 18:38:41.803000,21
train/44b6_7e557709.zarr/0/c/71/0/0/0,5178688,2026-06-26 18:38:41.966000,21
train/44b6_7e557709.zarr/0/c/72/0/0/0,5174925,2026-06-26 18:38:43.025000,21
train/44b6_7e557709.zarr/0/c/73/0/0/0,5177307,2026-06-26 18:38:37.864000,21
train/44b6_7e557709.zarr/0/c/74/0/0/0,5180961,2026-06-26 18:38:47.595000,21
train/44b6_7e557709.zarr/0/c/75/0/0/0,5176743,2026-06-26 18:38:41.531000,21
train/44b6_7e557709.zarr/0/c/76/0/0/0,5170311,2026-06-26 18:38:40.100000,21
train/44b6_7e557709.zarr/0/c/77/0/0/0,5168968,2026-06-26 18:38:37.406000,21
train/44b6_7e557709.zarr/0/c/78/0/0/0,5178495,2026-06-26 18:38:39.813000,21
train/44b6_7e557709.zarr/0/c/79/0/0/0,5176753,2026-06-26 18:38:48.985000,21
train/44b6_7e557709.zarr/0/c/8/0/0/0,5033423,2026-06-26 18:38:42.112000,21
train/44b6_7e557709.zarr/0/c/80/0/0/0,5171694,2026-06-26 18:38:49.195000,21
train/44b6_7e557709.zarr/0/c/81/0/0/0,5175019,2026-06-26 18:38:52.156000,22
train/44b6_7e557709.zarr/0/c/82/0/0/0,5186140,2026-06-26 18:38:51.986000,22
train/44b6_7e557709.zarr/0/c/83/0/0/0,5178608,2026-06-26 18:38:45.013000,22
train/44b6_7e557709.zarr/0/c/84/0/0/0,5194234,2026-06-26 18:38:41.678000,22
train/44b6_7e557709.zarr/0/c/85/0/0/0,5195298,2026-06-26 18:38:48.803000,22
train/44b6_7e557709.zarr/0/c/86/0/0/0,5200814,2026-06-26 18:38:46.775000,22
train/44b6_7e557709.zarr/0/c/87/0/0/0,5206226,2026-06-26 18:38:48.424000,22
train/44b6_7e557709.zarr/0/c/88/0/0/0,5212749,2026-06-26 18:38:49.080000,22
train/44b6_7e557709.zarr/0/c/89/0/0/0,5201968,2026-06-26 18:38:40.382000,22
train/44b6_7e557709.zarr/0/c/9/0/0/0,5034440,2026-06-26 18:38:42.751000,22
train/44b6_7e557709.zarr/0/c/90/0/0/0,5204055,2026-06-26 18:38:48.341000,22
train/44b6_7e557709.zarr/0/c/91/0/0/0,5210656,2026-06-26 18:38:47.429000,22
train/44b6_7e557709.zarr/0/c/92/0/0/0,5215582,2026-06-26 18:38:49.762000,22
train/44b6_7e557709.zarr/0/c/93/0/0/0,5220553,2026-06-26 18:38:37.687000,22
train/44b6_7e557709.zarr/0/c/94/0/0/0,5228536,2026-06-26 18:38:51.747000,22
train/44b6_7e557709.zarr/0/c/95/0/0/0,5227150,2026-06-26 18:38:40.273000,22
train/44b6_7e557709.zarr/0/c/96/0/0/0,5232148,2026-06-26 18:38:38.383000,22
train/44b6_7e557709.zarr/0/c/97/0/0/0,5228105,2026-06-26 18:38:48.122000,22
train/44b6_7e557709.zarr/0/c/98/0/0/0,5225329,2026-06-26 18:38:43.992000,22
train/44b6_7e557709.zarr/0/c/99/0/0/0,5233971,2026-06-26 18:38:43.376000,22
train/44b6_7e557709.zarr/0/zarr.json,760,2026-06-26 18:38:53.018000,22
train/44b6_7e557709.zarr/zarr.json,1270,2026-06-26 18:38:53.006000,22
train/44b6_808952d6.geff/edges/ids/c/0/0,723,2026-06-26 18:08:09.462000,22
train/44b6_808952d6.geff/edges/ids/zarr.json,636,2026-06-26 18:08:09.577000,22
train/44b6_808952d6.geff/edges/props/zarr.json,99,2026-06-26 18:08:09.456000,22
train/44b6_808952d6.geff/edges/zarr.json,99,2026-06-26 18:08:09.461000,22
train/44b6_808952d6.geff/nodes/ids/c/0,577,2026-06-26 18:08:09.478000,22
train/44b6_808952d6.geff/nodes/ids/zarr.json,618,2026-06-26 18:08:09.468000,22
train/44b6_808952d6.geff/nodes/props/t/values/c/0,158,2026-06-26 18:08:09.432000,22
train/44b6_808952d6.geff/nodes/props/t/values/zarr.json,617,2026-06-26 18:08:09.427000,22
train/44b6_808952d6.geff/nodes/props/t/zarr.json,99,2026-06-26 18:08:09.431000,22
train/44b6_808952d6.geff/nodes/props/x/values/c/0,252,2026-06-26 18:08:09.456000,22
train/44b6_808952d6.geff/nodes/props/x/values/zarr.json,617,2026-06-26 18:08:09.456000,22
train/44b6_808952d6.geff/nodes/props/x/zarr.json,99,2026-06-26 18:08:09.461000,22
train/44b6_808952d6.geff/nodes/props/y/values/c/0,255,2026-06-26 18:08:09.438000,22
train/44b6_808952d6.geff/nodes/props/y/values/zarr.json,617,2026-06-26 18:08:09.443000,22
train/44b6_808952d6.geff/nodes/props/y/zarr.json,99,2026-06-26 18:08:09.422000,22
train/44b6_808952d6.geff/nodes/props/z/values/c/0,166,2026-06-26 18:08:09.420000,22
train/44b6_808952d6.geff/nodes/props/z/values/zarr.json,617,2026-06-26 18:08:09.427000,22
train/44b6_808952d6.geff/nodes/props/z/zarr.json,99,2026-06-26 18:08:09.410000,22
train/44b6_808952d6.geff/nodes/props/zarr.json,99,2026-06-26 18:08:09.468000,22
train/44b6_808952d6.geff/nodes/zarr.json,99,2026-06-26 18:08:09.461000,22
train/44b6_808952d6.geff/zarr.json,2103,2026-06-26 18:08:09.453000,22
train/44b6_808952d6.zarr/0/c/0/0/0/0,4562378,2026-06-26 18:03:00.936000,22
train/44b6_808952d6.zarr/0/c/1/0/0/0,4565304,2026-06-26 18:02:58.931000,22
train/44b6_808952d6.zarr/0/c/10/0/0/0,4584385,2026-06-26 18:03:03.373000,22
train/44b6_808952d6.zarr/0/c/11/0/0/0,4578419,2026-06-26 18:03:01.283000,22
train/44b6_808952d6.zarr/0/c/12/0/0/0,4568299,2026-06-26 18:02:56.560000,22
train/44b6_808952d6.zarr/0/c/13/0/0/0,4575663,2026-06-26 18:02:57.233000,22
train/44b6_808952d6.zarr/0/c/14/0/0/0,4576546,2026-06-26 18:02:58.844000,22
train/44b6_808952d6.zarr/0/c/15/0/0/0,4574759,2026-06-26 18:03:00.978000,22
train/44b6_808952d6.zarr/0/c/16/0/0/0,4575654,2026-06-26 18:03:03.569000,22
train/44b6_808952d6.zarr/0/c/17/0/0/0,4576108,2026-06-26 18:03:06.333000,22
train/44b6_808952d6.zarr/0/c/18/0/0/0,4582867,2026-06-26 18:03:05.789000,22
train/44b6_808952d6.zarr/0/c/19/0/0/0,4577684,2026-06-26 18:02:57.373000,22
train/44b6_808952d6.zarr/0/c/2/0/0/0,4561378,2026-06-26 18:02:55.936000,22
train/44b6_808952d6.zarr/0/c/20/0/0/0,4575178,2026-06-26 18:02:59.266000,22
train/44b6_808952d6.zarr/0/c/21/0/0/0,4584050,2026-06-26 18:03:01.226000,22
train/44b6_808952d6.zarr/0/c/22/0/0/0,4579247,2026-06-26 18:03:06.174000,22
train/44b6_808952d6.zarr/0/c/23/0/0/0,4570153,2026-06-26 18:02:54.756000,22
train/44b6_808952d6.zarr/0/c/24/0/0/0,4565673,2026-06-26 18:02:59.423000,22
train/44b6_808952d6.zarr/0/c/25/0/0/0,4566144,2026-06-26 18:02:54.859000,22
train/44b6_808952d6.zarr/0/c/26/0/0/0,4570253,2026-06-26 18:03:06.694000,22
train/44b6_808952d6.zarr/0/c/27/0/0/0,4562503,2026-06-26 18:03:05.255000,22
train/44b6_808952d6.zarr/0/c/28/0/0/0,4564484,2026-06-26 18:03:04.799000,22
train/44b6_808952d6.zarr/0/c/29/0/0/0,4557869,2026-06-26 18:02:56.074000,22
train/44b6_808952d6.zarr/0/c/3/0/0/0,4570549,2026-06-26 18:02:59.603000,22
train/44b6_808952d6.zarr/0/c/30/0/0/0,4561124,2026-06-26 18:02:58.186000,22
train/44b6_808952d6.zarr/0/c/31/0/0/0,4558116,2026-06-26 18:03:06.159000,22
train/44b6_808952d6.zarr/0/c/32/0/0/0,4542114,2026-06-26 18:03:04.390000,22
train/44b6_808952d6.zarr/0/c/33/0/0/0,4545136,2026-06-26 18:02:55.733000,22
train/44b6_808952d6.zarr/0/c/34/0/0/0,4541713,2026-06-26 18:02:57.028000,22
train/44b6_808952d6.zarr/0/c/35/0/0/0,4534814,2026-06-26 18:02:56.167000,22
train/44b6_808952d6.zarr/0/c/36/0/0/0,4533313,2026-06-26 18:03:01.761000,22
train/44b6_808952d6.zarr/0/c/37/0/0/0,4545604,2026-06-26 18:03:05.137000,22
train/44b6_808952d6.zarr/0/c/38/0/0/0,4538523,2026-06-26 18:03:04.816000,22
train/44b6_808952d6.zarr/0/c/39/0/0/0,4538020,2026-06-26 18:02:58.137000,22
train/44b6_808952d6.zarr/0/c/4/0/0/0,4573327,2026-06-26 18:02:57.531000,22
train/44b6_808952d6.zarr/0/c/40/0/0/0,4534221,2026-06-26 18:02:55.003000,22
train/44b6_808952d6.zarr/0/c/41/0/0/0,4532757,2026-06-26 18:02:58.652000,22
train/44b6_808952d6.zarr/0/c/42/0/0/0,4539901,2026-06-26 18:03:00.731000,22
train/44b6_808952d6.zarr/0/c/43/0/0/0,4523324,2026-06-26 18:03:06.496000,22
train/44b6_808952d6.zarr/0/c/44/0/0/0,4528260,2026-06-26 18:03:02.590000,22
train/44b6_808952d6.zarr/0/c/45/0/0/0,4515849,2026-06-26 18:02:56.957000,22
train/44b6_808952d6.zarr/0/c/46/0/0/0,4516599,2026-06-26 18:02:56.353000,22
train/44b6_808952d6.zarr/0/c/47/0/0/0,4511891,2026-06-26 18:02:58.309000,22
train/44b6_808952d6.zarr/0/c/48/0/0/0,4506876,2026-06-26 18:02:54.555000,22
train/44b6_808952d6.zarr/0/c/49/0/0/0,4523900,2026-06-26 18:02:55.886000,22
train/44b6_808952d6.zarr/0/c/5/0/0/0,4570057,2026-06-26 18:03:05.365000,22
train/44b6_808952d6.zarr/0/c/50/0/0/0,4528980,2026-06-26 18:03:00.084000,22
train/44b6_808952d6.zarr/0/c/51/0/0/0,4526864,2026-06-26 18:03:00.452000,22
train/44b6_808952d6.zarr/0/c/52/0/0/0,4509921,2026-06-26 18:03:02.036000,22
train/44b6_808952d6.zarr/0/c/53/0/0/0,4517712,2026-06-26 18:03:04.550000,22
train/44b6_808952d6.zarr/0/c/54/0/0/0,4502028,2026-06-26 18:03:02.245000,22
train/44b6_808952d6.zarr/0/c/55/0/0/0,4508496,2026-06-26 18:03:04.227000,22
train/44b6_808952d6.zarr/0/c/56/0/0/0,4508271,2026-06-26 18:03:01.465000,22
train/44b6_808952d6.zarr/0/c/57/0/0/0,4492213,2026-06-26 18:03:02.144000,22
train/44b6_808952d6.zarr/0/c/58/0/0/0,4480895,2026-06-26 18:03:04.619000,22
train/44b6_808952d6.zarr/0/c/59/0/0/0,4481536,2026-06-26 18:02:57.508000,22
train/44b6_808952d6.zarr/0/c/6/0/0/0,4574479,2026-06-26 18:03:02.770000,22
train/44b6_808952d6.zarr/0/c/60/0/0/0,4475120,2026-06-26 18:03:06.566000,22
train/44b6_808952d6.zarr/0/c/61/0/0/0,4472045,2026-06-26 18:02:55.472000,22
train/44b6_808952d6.zarr/0/c/62/0/0/0,4471721,2026-06-26 18:03:04.711000,22
train/44b6_808952d6.zarr/0/c/63/0/0/0,4470663,2026-06-26 18:03:00.215000,22
train/44b6_808952d6.zarr/0/c/64/0/0/0,4458832,2026-06-26 18:02:54.676000,22
train/44b6_808952d6.zarr/0/c/65/0/0/0,4454436,2026-06-26 18:03:05.030000,22
train/44b6_808952d6.zarr/0/c/66/0/0/0,4438061,2026-06-26 18:02:55.395000,22
train/44b6_808952d6.zarr/0/c/67/0/0/0,4436302,2026-06-26 18:03:01.592000,22
train/44b6_808952d6.zarr/0/c/68/0/0/0,4422224,2026-06-26 18:03:02.932000,22
train/44b6_808952d6.zarr/0/c/69/0/0/0,4413294,2026-06-26 18:02:57.113000,22
train/44b6_808952d6.zarr/0/c/7/0/0/0,4587142,2026-06-26 18:03:01.111000,22
train/44b6_808952d6.zarr/0/c/70/0/0/0,4406088,2026-06-26 18:02:57.855000,22
train/44b6_808952d6.zarr/0/c/71/0/0/0,4393513,2026-06-26 18:02:57.952000,22
train/44b6_808952d6.zarr/0/c/72/0/0/0,4396400,2026-06-26 18:02:58.688000,22
train/44b6_808952d6.zarr/0/c/73/0/0/0,4391569,2026-06-26 18:02:55.195000,22
train/44b6_808952d6.zarr/0/c/74/0/0/0,4374935,2026-06-26 18:03:02.455000,22
train/44b6_808952d6.zarr/0/c/75/0/0/0,4375190,2026-06-26 18:02:57.617000,22
train/44b6_808952d6.zarr/0/c/76/0/0/0,4372131,2026-06-26 18:02:56.630000,22
train/44b6_808952d6.zarr/0/c/77/0/0/0,4376957,2026-06-26 18:02:54.925000,22
train/44b6_808952d6.zarr/0/c/78/0/0/0,4372172,2026-06-26 18:02:56.529000,22
train/44b6_808952d6.zarr/0/c/79/0/0/0,4372130,2026-06-26 18:03:03.797000,22
train/44b6_808952d6.zarr/0/c/8/0/0/0,4579597,2026-06-26 18:02:58.022000,22
train/44b6_808952d6.zarr/0/c/80/0/0/0,4355936,2026-06-26 18:03:04.054000,22
train/44b6_808952d6.zarr/0/c/81/0/0/0,4353576,2026-06-26 18:03:06.061000,22
train/44b6_808952d6.zarr/0/c/82/0/0/0,4345165,2026-06-26 18:03:05.965000,22
train/44b6_808952d6.zarr/0/c/83/0/0/0,4341029,2026-06-26 18:03:00.558000,22
train/44b6_808952d6.zarr/0/c/84/0/0/0,4330415,2026-06-26 18:02:57.716000,22
train/44b6_808952d6.zarr/0/c/85/0/0/0,4329463,2026-06-26 18:03:03.670000,22
train/44b6_808952d6.zarr/0/c/86/0/0/0,4332036,2026-06-26 18:03:01.879000,22
train/44b6_808952d6.zarr/0/c/87/0/0/0,4328698,2026-06-26 18:03:03.333000,22
train/44b6_808952d6.zarr/0/c/88/0/0/0,4309004,2026-06-26 18:03:03.942000,22
train/44b6_808952d6.zarr/0/c/89/0/0/0,4306474,2026-06-26 18:02:56.775000,22
train/44b6_808952d6.zarr/0/c/9/0/0/0,4590165,2026-06-26 18:02:58.454000,22
train/44b6_808952d6.zarr/0/c/90/0/0/0,4296838,2026-06-26 18:03:03.206000,22
train/44b6_808952d6.zarr/0/c/91/0/0/0,4295432,2026-06-26 18:03:02.391000,22
train/44b6_808952d6.zarr/0/c/92/0/0/0,4296413,2026-06-26 18:03:04.406000,22
train/44b6_808952d6.zarr/0/c/93/0/0/0,4287635,2026-06-26 18:02:55.086000,22
train/44b6_808952d6.zarr/0/c/94/0/0/0,4283909,2026-06-26 18:03:05.507000,22
train/44b6_808952d6.zarr/0/c/95/0/0/0,4293378,2026-06-26 18:02:56.686000,22
train/44b6_808952d6.zarr/0/c/96/0/0/0,4279385,2026-06-26 18:02:55.564000,22
train/44b6_808952d6.zarr/0/c/97/0/0/0,4270207,2026-06-26 18:03:03.007000,22
train/44b6_808952d6.zarr/0/c/98/0/0/0,4256431,2026-06-26 18:02:59.703000,22
train/44b6_808952d6.zarr/0/c/99/0/0/0,4262212,2026-06-26 18:02:59.166000,22
train/44b6_808952d6.zarr/0/zarr.json,760,2026-06-26 18:03:06.598000,22
train/44b6_808952d6.zarr/zarr.json,1254,2026-06-26 18:03:06.591000,22
train/44b6_81c256f0.geff/edges/ids/c/0/0,759,2026-06-26 18:40:54.235000,22
train/44b6_81c256f0.geff/edges/ids/zarr.json,636,2026-06-26 18:40:54.247000,22
train/44b6_81c256f0.geff/edges/props/zarr.json,99,2026-06-26 18:40:54.235000,22
train/44b6_81c256f0.geff/edges/zarr.json,99,2026-06-26 18:40:54.230000,22
train/44b6_81c256f0.geff/nodes/ids/c/0,586,2026-06-26 18:40:54.236000,22
train/44b6_81c256f0.geff/nodes/ids/zarr.json,618,2026-06-26 18:40:54.236000,22
train/44b6_81c256f0.geff/nodes/props/t/values/c/0,137,2026-06-26 18:40:54.235000,22
train/44b6_81c256f0.geff/nodes/props/t/values/zarr.json,617,2026-06-26 18:40:54.222000,22
train/44b6_81c256f0.geff/nodes/props/t/zarr.json,99,2026-06-26 18:40:54.237000,22
train/44b6_81c256f0.geff/nodes/props/x/values/c/0,217,2026-06-26 18:40:54.218000,22
train/44b6_81c256f0.geff/nodes/props/x/values/zarr.json,617,2026-06-26 18:40:54.233000,22
train/44b6_81c256f0.geff/nodes/props/x/zarr.json,99,2026-06-26 18:40:54.221000,22
train/44b6_81c256f0.geff/nodes/props/y/values/c/0,282,2026-06-26 18:40:54.224000,22
train/44b6_81c256f0.geff/nodes/props/y/values/zarr.json,617,2026-06-26 18:40:54.240000,22
train/44b6_81c256f0.geff/nodes/props/y/zarr.json,99,2026-06-26 18:40:54.230000,22
train/44b6_81c256f0.geff/nodes/props/z/values/c/0,134,2026-06-26 18:40:54.214000,22
train/44b6_81c256f0.geff/nodes/props/z/values/zarr.json,617,2026-06-26 18:40:54.239000,22
train/44b6_81c256f0.geff/nodes/props/z/zarr.json,99,2026-06-26 18:40:54.226000,22
train/44b6_81c256f0.geff/nodes/props/zarr.json,99,2026-06-26 18:40:54.231000,22
train/44b6_81c256f0.geff/nodes/zarr.json,99,2026-06-26 18:40:54.235000,22
train/44b6_81c256f0.geff/zarr.json,2102,2026-06-26 18:40:54.230000,22
train/44b6_81c256f0.zarr/0/c/0/0/0/0,4166055,2026-06-26 18:28:29.942000,22
train/44b6_81c256f0.zarr/0/c/1/0/0/0,4164492,2026-06-26 18:28:28.845000,22
train/44b6_81c256f0.zarr/0/c/10/0/0/0,4149531,2026-06-26 18:28:32.712000,22
train/44b6_81c256f0.zarr/0/c/11/0/0/0,4141483,2026-06-26 18:28:30.667000,22
train/44b6_81c256f0.zarr/0/c/12/0/0/0,4143854,2026-06-26 18:28:26.163000,22
train/44b6_81c256f0.zarr/0/c/13/0/0/0,4144874,2026-06-26 18:28:26.758000,22
train/44b6_81c256f0.zarr/0/c/14/0/0/0,4131444,2026-06-26 18:28:28.691000,22
train/44b6_81c256f0.zarr/0/c/15/0/0/0,4138182,2026-06-26 18:28:30.024000,22
train/44b6_81c256f0.zarr/0/c/16/0/0/0,4147431,2026-06-26 18:28:32.874000,22
train/44b6_81c256f0.zarr/0/c/17/0/0/0,4140446,2026-06-26 18:28:35.509000,22
train/44b6_81c256f0.zarr/0/c/18/0/0/0,4144781,2026-06-26 18:28:34.898000,22
train/44b6_81c256f0.zarr/0/c/19/0/0/0,4149462,2026-06-26 18:28:27.124000,22
train/44b6_81c256f0.zarr/0/c/2/0/0/0,4157201,2026-06-26 18:28:25.582000,22
train/44b6_81c256f0.zarr/0/c/20/0/0/0,4146981,2026-06-26 18:28:29.019000,22
train/44b6_81c256f0.zarr/0/c/21/0/0/0,4146319,2026-06-26 18:28:30.409000,22
train/44b6_81c256f0.zarr/0/c/22/0/0/0,4144179,2026-06-26 18:28:35.409000,22
train/44b6_81c256f0.zarr/0/c/23/0/0/0,4150577,2026-06-26 18:28:24.019000,22
train/44b6_81c256f0.zarr/0/c/24/0/0/0,4145922,2026-06-26 18:28:29.106000,22
train/44b6_81c256f0.zarr/0/c/25/0/0/0,4145310,2026-06-26 18:28:24.104000,22
train/44b6_81c256f0.zarr/0/c/26/0/0/0,4143431,2026-06-26 18:28:36.100000,22
train/44b6_81c256f0.zarr/0/c/27/0/0/0,4154815,2026-06-26 18:28:34.539000,22
train/44b6_81c256f0.zarr/0/c/28/0/0/0,4153861,2026-06-26 18:28:34.184000,22
train/44b6_81c256f0.zarr/0/c/29/0/0/0,4142169,2026-06-26 18:28:25.713000,22
train/44b6_81c256f0.zarr/0/c/3/0/0/0,4147673,2026-06-26 18:28:29.167000,22
train/44b6_81c256f0.zarr/0/c/30/0/0/0,4139258,2026-06-26 18:28:28.101000,22
train/44b6_81c256f0.zarr/0/c/31/0/0/0,4141229,2026-06-26 18:28:35.270000,22
train/44b6_81c256f0.zarr/0/c/32/0/0/0,4139795,2026-06-26 18:28:33.591000,22
train/44b6_81c256f0.zarr/0/c/33/0/0/0,4139785,2026-06-26 18:28:25.294000,22
train/44b6_81c256f0.zarr/0/c/34/0/0/0,4140121,2026-06-26 18:28:26.550000,22
train/44b6_81c256f0.zarr/0/c/35/0/0/0,4128544,2026-06-26 18:28:25.769000,22
train/44b6_81c256f0.zarr/0/c/36/0/0/0,4128588,2026-06-26 18:28:30.968000,22
train/44b6_81c256f0.zarr/0/c/37/0/0/0,4122655,2026-06-26 18:28:34.424000,22
train/44b6_81c256f0.zarr/0/c/38/0/0/0,4115679,2026-06-26 18:28:34.342000,22
train/44b6_81c256f0.zarr/0/c/39/0/0/0,4113066,2026-06-26 18:28:27.948000,22
train/44b6_81c256f0.zarr/0/c/4/0/0/0,4147642,2026-06-26 18:28:27.241000,23
train/44b6_81c256f0.zarr/0/c/40/0/0/0,4109378,2026-06-26 18:28:24.318000,23
train/44b6_81c256f0.zarr/0/c/41/0/0/0,4118964,2026-06-26 18:28:28.511000,23
train/44b6_81c256f0.zarr/0/c/42/0/0/0,4109672,2026-06-26 18:28:29.816000,23
train/44b6_81c256f0.zarr/0/c/43/0/0/0,4109753,2026-06-26 18:28:35.590000,23
train/44b6_81c256f0.zarr/0/c/44/0/0/0,4094806,2026-06-26 18:28:31.913000,23
train/44b6_81c256f0.zarr/0/c/45/0/0/0,4097403,2026-06-26 18:28:26.469000,23
train/44b6_81c256f0.zarr/0/c/46/0/0/0,4096246,2026-06-26 18:28:25.911000,23
train/44b6_81c256f0.zarr/0/c/47/0/0/0,4101108,2026-06-26 18:28:28.255000,23
train/44b6_81c256f0.zarr/0/c/48/0/0/0,4103867,2026-06-26 18:28:23.786000,23
train/44b6_81c256f0.zarr/0/c/49/0/0/0,4103007,2026-06-26 18:28:25.467000,23
train/44b6_81c256f0.zarr/0/c/5/0/0/0,4150388,2026-06-26 18:28:34.652000,23
train/44b6_81c256f0.zarr/0/c/50/0/0/0,4099769,2026-06-26 18:28:29.408000,23
train/44b6_81c256f0.zarr/0/c/51/0/0/0,4101507,2026-06-26 18:28:29.598000,23
train/44b6_81c256f0.zarr/0/c/52/0/0/0,4097041,2026-06-26 18:28:31.182000,23
train/44b6_81c256f0.zarr/0/c/53/0/0/0,4090756,2026-06-26 18:28:33.863000,23
train/44b6_81c256f0.zarr/0/c/54/0/0/0,4087607,2026-06-26 18:28:31.387000,23
train/44b6_81c256f0.zarr/0/c/55/0/0/0,4076158,2026-06-26 18:28:33.479000,23
train/44b6_81c256f0.zarr/0/c/56/0/0/0,4067665,2026-06-26 18:28:30.716000,23
train/44b6_81c256f0.zarr/0/c/57/0/0/0,4069382,2026-06-26 18:28:31.360000,23
train/44b6_81c256f0.zarr/0/c/58/0/0/0,4063327,2026-06-26 18:28:33.970000,23
train/44b6_81c256f0.zarr/0/c/59/0/0/0,4063904,2026-06-26 18:28:27.144000,23
train/44b6_81c256f0.zarr/0/c/6/0/0/0,4148826,2026-06-26 18:28:32.032000,23
train/44b6_81c256f0.zarr/0/c/60/0/0/0,4050642,2026-06-26 18:28:35.732000,23
train/44b6_81c256f0.zarr/0/c/61/0/0/0,4054147,2026-06-26 18:28:25.072000,23
train/44b6_81c256f0.zarr/0/c/62/0/0/0,4049384,2026-06-26 18:28:34.046000,23
train/44b6_81c256f0.zarr/0/c/63/0/0/0,4049018,2026-06-26 18:28:29.534000,23
train/44b6_81c256f0.zarr/0/c/64/0/0/0,4047019,2026-06-26 18:28:23.924000,23
train/44b6_81c256f0.zarr/0/c/65/0/0/0,4037782,2026-06-26 18:28:34.322000,23
train/44b6_81c256f0.zarr/0/c/66/0/0/0,4037144,2026-06-26 18:28:24.913000,23
train/44b6_81c256f0.zarr/0/c/67/0/0/0,4027136,2026-06-26 18:28:30.817000,23
train/44b6_81c256f0.zarr/0/c/68/0/0/0,4025048,2026-06-26 18:28:32.086000,23
train/44b6_81c256f0.zarr/0/c/69/0/0/0,4030282,2026-06-26 18:28:26.714000,23
train/44b6_81c256f0.zarr/0/c/7/0/0/0,4148341,2026-06-26 18:28:30.203000,23
train/44b6_81c256f0.zarr/0/c/70/0/0/0,4023562,2026-06-26 18:28:27.631000,23
train/44b6_81c256f0.zarr/0/c/71/0/0/0,4027162,2026-06-26 18:28:27.780000,23
train/44b6_81c256f0.zarr/0/c/72/0/0/0,4007213,2026-06-26 18:28:28.622000,23
train/44b6_81c256f0.zarr/0/c/73/0/0/0,4011025,2026-06-26 18:28:24.828000,23
train/44b6_81c256f0.zarr/0/c/74/0/0/0,4003603,2026-06-26 18:28:31.671000,23
train/44b6_81c256f0.zarr/0/c/75/0/0/0,4015532,2026-06-26 18:28:27.375000,23
train/44b6_81c256f0.zarr/0/c/76/0/0/0,4013673,2026-06-26 18:28:26.234000,23
train/44b6_81c256f0.zarr/0/c/77/0/0/0,4009479,2026-06-26 18:28:24.242000,23
train/44b6_81c256f0.zarr/0/c/78/0/0/0,4007305,2026-06-26 18:28:26.014000,23
train/44b6_81c256f0.zarr/0/c/79/0/0/0,4009150,2026-06-26 18:28:33.040000,23
train/44b6_81c256f0.zarr/0/c/8/0/0/0,4155580,2026-06-26 18:28:27.852000,23
train/44b6_81c256f0.zarr/0/c/80/0/0/0,4000613,2026-06-26 18:28:33.374000,23
train/44b6_81c256f0.zarr/0/c/81/0/0/0,4000003,2026-06-26 18:28:35.219000,23
train/44b6_81c256f0.zarr/0/c/82/0/0/0,3987980,2026-06-26 18:28:35.086000,23
train/44b6_81c256f0.zarr/0/c/83/0/0/0,3977097,2026-06-26 18:28:29.749000,23
train/44b6_81c256f0.zarr/0/c/84/0/0/0,3963573,2026-06-26 18:28:27.491000,23
train/44b6_81c256f0.zarr/0/c/85/0/0/0,3961619,2026-06-26 18:28:32.952000,23
train/44b6_81c256f0.zarr/0/c/86/0/0/0,3951987,2026-06-26 18:28:31.109000,23
train/44b6_81c256f0.zarr/0/c/87/0/0/0,3941375,2026-06-26 18:28:32.587000,23
train/44b6_81c256f0.zarr/0/c/88/0/0/0,3935389,2026-06-26 18:28:33.240000,23
train/44b6_81c256f0.zarr/0/c/89/0/0/0,3925091,2026-06-26 18:28:26.364000,23
train/44b6_81c256f0.zarr/0/c/9/0/0/0,4151278,2026-06-26 18:28:28.356000,23
train/44b6_81c256f0.zarr/0/c/90/0/0/0,3931928,2026-06-26 18:28:32.378000,23
train/44b6_81c256f0.zarr/0/c/91/0/0/0,3919530,2026-06-26 18:28:31.595000,23
train/44b6_81c256f0.zarr/0/c/92/0/0/0,3908690,2026-06-26 18:28:33.703000,23
train/44b6_81c256f0.zarr/0/c/93/0/0/0,3907097,2026-06-26 18:28:24.431000,23
train/44b6_81c256f0.zarr/0/c/94/0/0/0,3900184,2026-06-26 18:28:34.745000,23
train/44b6_81c256f0.zarr/0/c/95/0/0/0,3887057,2026-06-26 18:28:26.325000,23
train/44b6_81c256f0.zarr/0/c/96/0/0/0,3878861,2026-06-26 18:28:25.157000,23
train/44b6_81c256f0.zarr/0/c/97/0/0/0,3883615,2026-06-26 18:28:32.312000,23
train/44b6_81c256f0.zarr/0/c/98/0/0/0,3878432,2026-06-26 18:28:29.288000,23
train/44b6_81c256f0.zarr/0/c/99/0/0/0,3877377,2026-06-26 18:28:28.923000,23
train/44b6_81c256f0.zarr/0/zarr.json,760,2026-06-26 18:28:36.041000,23
train/44b6_81c256f0.zarr/zarr.json,1252,2026-06-26 18:28:36.046000,23
train/44b6_87bba6c4.geff/edges/ids/c/0/0,635,2026-06-26 18:03:36.601000,23
train/44b6_87bba6c4.geff/edges/ids/zarr.json,636,2026-06-26 18:03:36.592000,23
train/44b6_87bba6c4.geff/edges/props/zarr.json,99,2026-06-26 18:03:36.680000,23
train/44b6_87bba6c4.geff/edges/zarr.json,99,2026-06-26 18:03:36.597000,23
train/44b6_87bba6c4.geff/nodes/ids/c/0,506,2026-06-26 18:03:36.593000,23
train/44b6_87bba6c4.geff/nodes/ids/zarr.json,618,2026-06-26 18:03:36.602000,23
train/44b6_87bba6c4.geff/nodes/props/t/values/c/0,150,2026-06-26 18:03:36.599000,23
train/44b6_87bba6c4.geff/nodes/props/t/values/zarr.json,617,2026-06-26 18:03:36.591000,23
train/44b6_87bba6c4.geff/nodes/props/t/zarr.json,99,2026-06-26 18:03:36.591000,23
train/44b6_87bba6c4.geff/nodes/props/x/values/c/0,213,2026-06-26 18:03:36.607000,23
train/44b6_87bba6c4.geff/nodes/props/x/values/zarr.json,617,2026-06-26 18:03:36.583000,23
train/44b6_87bba6c4.geff/nodes/props/x/zarr.json,99,2026-06-26 18:03:36.601000,23
train/44b6_87bba6c4.geff/nodes/props/y/values/c/0,211,2026-06-26 18:03:36.603000,23
train/44b6_87bba6c4.geff/nodes/props/y/values/zarr.json,617,2026-06-26 18:03:36.582000,23
train/44b6_87bba6c4.geff/nodes/props/y/zarr.json,99,2026-06-26 18:03:36.604000,23
train/44b6_87bba6c4.geff/nodes/props/z/values/c/0,181,2026-06-26 18:03:36.591000,23
train/44b6_87bba6c4.geff/nodes/props/z/values/zarr.json,617,2026-06-26 18:03:36.591000,23
train/44b6_87bba6c4.geff/nodes/props/z/zarr.json,99,2026-06-26 18:03:36.583000,23
train/44b6_87bba6c4.geff/nodes/props/zarr.json,99,2026-06-26 18:03:36.584000,23
train/44b6_87bba6c4.geff/nodes/zarr.json,99,2026-06-26 18:03:36.599000,23
train/44b6_87bba6c4.geff/zarr.json,2101,2026-06-26 18:03:36.594000,23
train/44b6_87bba6c4.zarr/0/c/0/0/0/0,4177958,2026-06-26 18:25:46.612000,23
train/44b6_87bba6c4.zarr/0/c/1/0/0/0,4158445,2026-06-26 18:25:45.232000,23
train/44b6_87bba6c4.zarr/0/c/10/0/0/0,4408211,2026-06-26 18:25:49.240000,23
train/44b6_87bba6c4.zarr/0/c/11/0/0/0,4480587,2026-06-26 18:25:47.152000,23
train/44b6_87bba6c4.zarr/0/c/12/0/0/0,4491318,2026-06-26 18:25:42.024000,23
train/44b6_87bba6c4.zarr/0/c/13/0/0/0,4503294,2026-06-26 18:25:42.923000,23
train/44b6_87bba6c4.zarr/0/c/14/0/0/0,4531061,2026-06-26 18:25:45.166000,23
train/44b6_87bba6c4.zarr/0/c/15/0/0/0,4523100,2026-06-26 18:25:46.752000,23
train/44b6_87bba6c4.zarr/0/c/16/0/0/0,4543530,2026-06-26 18:25:49.424000,23
train/44b6_87bba6c4.zarr/0/c/17/0/0/0,4560959,2026-06-26 18:25:52.896000,23
train/44b6_87bba6c4.zarr/0/c/18/0/0/0,4602846,2026-06-26 18:25:52.107000,23
train/44b6_87bba6c4.zarr/0/c/19/0/0/0,4621522,2026-06-26 18:25:43.046000,23
train/44b6_87bba6c4.zarr/0/c/2/0/0/0,4205258,2026-06-26 18:25:41.221000,23
train/44b6_87bba6c4.zarr/0/c/20/0/0/0,4626229,2026-06-26 18:25:45.604000,23
train/44b6_87bba6c4.zarr/0/c/21/0/0/0,4603522,2026-06-26 18:25:47.041000,23
train/44b6_87bba6c4.zarr/0/c/22/0/0/0,4656094,2026-06-26 18:25:52.714000,23
train/44b6_87bba6c4.zarr/0/c/23/0/0/0,4671514,2026-06-26 18:25:39.813000,23
train/44b6_87bba6c4.zarr/0/c/24/0/0/0,4671056,2026-06-26 18:25:45.676000,23
train/44b6_87bba6c4.zarr/0/c/25/0/0/0,4666782,2026-06-26 18:25:39.991000,23
train/44b6_87bba6c4.zarr/0/c/26/0/0/0,4677772,2026-06-26 18:25:53.770000,23
train/44b6_87bba6c4.zarr/0/c/27/0/0/0,4692995,2026-06-26 18:25:51.647000,23
train/44b6_87bba6c4.zarr/0/c/28/0/0/0,4719268,2026-06-26 18:25:51.233000,23
train/44b6_87bba6c4.zarr/0/c/29/0/0/0,4738267,2026-06-26 18:25:41.394000,23
train/44b6_87bba6c4.zarr/0/c/3/0/0/0,4258077,2026-06-26 18:25:45.762000,23
train/44b6_87bba6c4.zarr/0/c/30/0/0/0,4740445,2026-06-26 18:25:44.136000,23
train/44b6_87bba6c4.zarr/0/c/31/0/0/0,4775756,2026-06-26 18:25:52.553000,23
train/44b6_87bba6c4.zarr/0/c/32/0/0/0,4775307,2026-06-26 18:25:50.202000,23
train/44b6_87bba6c4.zarr/0/c/33/0/0/0,4792385,2026-06-26 18:25:41.069000,23
train/44b6_87bba6c4.zarr/0/c/34/0/0/0,4823543,2026-06-26 18:25:42.731000,23
train/44b6_87bba6c4.zarr/0/c/35/0/0/0,4861307,2026-06-26 18:25:41.500000,23
train/44b6_87bba6c4.zarr/0/c/36/0/0/0,4899061,2026-06-26 18:25:47.511000,23
train/44b6_87bba6c4.zarr/0/c/37/0/0/0,4923378,2026-06-26 18:25:51.551000,23
train/44b6_87bba6c4.zarr/0/c/38/0/0/0,4942782,2026-06-26 18:25:51.357000,23
train/44b6_87bba6c4.zarr/0/c/39/0/0/0,4955819,2026-06-26 18:25:44.057000,23
train/44b6_87bba6c4.zarr/0/c/4/0/0/0,4270903,2026-06-26 18:25:43.332000,23
train/44b6_87bba6c4.zarr/0/c/40/0/0/0,4988140,2026-06-26 18:25:40.171000,23
train/44b6_87bba6c4.zarr/0/c/41/0/0/0,4999967,2026-06-26 18:25:44.790000,23
train/44b6_87bba6c4.zarr/0/c/42/0/0/0,5024830,2026-06-26 18:25:46.554000,23
train/44b6_87bba6c4.zarr/0/c/43/0/0/0,5045346,2026-06-26 18:25:53.084000,23
train/44b6_87bba6c4.zarr/0/c/44/0/0/0,5063737,2026-06-26 18:25:48.268000,23
train/44b6_87bba6c4.zarr/0/c/45/0/0/0,5062271,2026-06-26 18:25:42.522000,23
train/44b6_87bba6c4.zarr/0/c/46/0/0/0,5089809,2026-06-26 18:25:41.694000,23
train/44b6_87bba6c4.zarr/0/c/47/0/0/0,5101030,2026-06-26 18:25:44.481000,23
train/44b6_87bba6c4.zarr/0/c/48/0/0/0,5124628,2026-06-26 18:25:39.563000,23
train/44b6_87bba6c4.zarr/0/c/49/0/0/0,5143373,2026-06-26 18:25:41.165000,23
train/44b6_87bba6c4.zarr/0/c/5/0/0/0,4310198,2026-06-26 18:25:51.797000,23
train/44b6_87bba6c4.zarr/0/c/50/0/0/0,5126565,2026-06-26 18:25:45.987000,23
train/44b6_87bba6c4.zarr/0/c/51/0/0/0,5106291,2026-06-26 18:25:46.202000,23
train/44b6_87bba6c4.zarr/0/c/52/0/0/0,5019936,2026-06-26 18:25:47.701000,23
train/44b6_87bba6c4.zarr/0/c/53/0/0/0,5129646,2026-06-26 18:25:50.517000,23
train/44b6_87bba6c4.zarr/0/c/54/0/0/0,5143650,2026-06-26 18:25:47.938000,23
train/44b6_87bba6c4.zarr/0/c/55/0/0/0,5148361,2026-06-26 18:25:50.102000,23
train/44b6_87bba6c4.zarr/0/c/56/0/0/0,5198026,2026-06-26 18:25:47.246000,23
train/44b6_87bba6c4.zarr/0/c/57/0/0/0,5207507,2026-06-26 18:25:47.910000,23
train/44b6_87bba6c4.zarr/0/c/58/0/0/0,5205311,2026-06-26 18:25:50.786000,23
train/44b6_87bba6c4.zarr/0/c/59/0/0/0,5213508,2026-06-26 18:25:43.150000,23
train/44b6_87bba6c4.zarr/0/c/6/0/0/0,4347913,2026-06-26 18:25:48.408000,23
train/44b6_87bba6c4.zarr/0/c/60/0/0/0,5223186,2026-06-26 18:25:53.154000,23
train/44b6_87bba6c4.zarr/0/c/61/0/0/0,5227530,2026-06-26 18:25:40.780000,23
train/44b6_87bba6c4.zarr/0/c/62/0/0/0,5220249,2026-06-26 18:25:51.089000,23
train/44b6_87bba6c4.zarr/0/c/63/0/0/0,5222258,2026-06-26 18:25:46.085000,23
train/44b6_87bba6c4.zarr/0/c/64/0/0/0,5226400,2026-06-26 18:25:39.689000,23
train/44b6_87bba6c4.zarr/0/c/65/0/0/0,5239173,2026-06-26 18:25:51.462000,23
train/44b6_87bba6c4.zarr/0/c/66/0/0/0,5243706,2026-06-26 18:25:40.669000,23
train/44b6_87bba6c4.zarr/0/c/67/0/0/0,5242309,2026-06-26 18:25:47.376000,23
train/44b6_87bba6c4.zarr/0/c/68/0/0/0,5229050,2026-06-26 18:25:48.638000,23
train/44b6_87bba6c4.zarr/0/c/69/0/0/0,5220970,2026-06-26 18:25:42.843000,23
train/44b6_87bba6c4.zarr/0/c/7/0/0/0,4369545,2026-06-26 18:25:46.925000,23
train/44b6_87bba6c4.zarr/0/c/70/0/0/0,5227513,2026-06-26 18:25:43.641000,23
train/44b6_87bba6c4.zarr/0/c/71/0/0/0,5234224,2026-06-26 18:25:43.767000,23
train/44b6_87bba6c4.zarr/0/c/72/0/0/0,5231372,2026-06-26 18:25:45.020000,23
train/44b6_87bba6c4.zarr/0/c/73/0/0/0,5231080,2026-06-26 18:25:40.510000,23
train/44b6_87bba6c4.zarr/0/c/74/0/0/0,5215651,2026-06-26 18:25:48.172000,23
train/44b6_87bba6c4.zarr/0/c/75/0/0/0,5218501,2026-06-26 18:25:43.491000,23
train/44b6_87bba6c4.zarr/0/c/76/0/0/0,5197170,2026-06-26 18:25:42.184000,23
train/44b6_87bba6c4.zarr/0/c/77/0/0/0,5184923,2026-06-26 18:25:40.081000,23
train/44b6_87bba6c4.zarr/0/c/78/0/0/0,5175184,2026-06-26 18:25:41.933000,23
train/44b6_87bba6c4.zarr/0/c/79/0/0/0,5180993,2026-06-26 18:25:49.643000,23
train/44b6_87bba6c4.zarr/0/c/8/0/0/0,4382086,2026-06-26 18:25:43.838000,23
train/44b6_87bba6c4.zarr/0/c/80/0/0/0,5172749,2026-06-26 18:25:49.991000,23
train/44b6_87bba6c4.zarr/0/c/81/0/0/0,5165516,2026-06-26 18:25:52.446000,23
train/44b6_87bba6c4.zarr/0/c/82/0/0/0,5143989,2026-06-26 18:25:52.270000,23
train/44b6_87bba6c4.zarr/0/c/83/0/0/0,5121085,2026-06-26 18:25:46.393000,23
train/44b6_87bba6c4.zarr/0/c/84/0/0/0,5050354,2026-06-26 18:25:43.562000,23
train/44b6_87bba6c4.zarr/0/c/85/0/0/0,5033192,2026-06-26 18:25:49.529000,23
train/44b6_87bba6c4.zarr/0/c/86/0/0/0,5012094,2026-06-26 18:25:47.644000,23
train/44b6_87bba6c4.zarr/0/c/87/0/0/0,4991153,2026-06-26 18:25:49.170000,23
train/44b6_87bba6c4.zarr/0/c/88/0/0/0,4995359,2026-06-26 18:25:50.081000,23
train/44b6_87bba6c4.zarr/0/c/89/0/0/0,4998459,2026-06-26 18:25:42.474000,23
train/44b6_87bba6c4.zarr/0/c/9/0/0/0,4381960,2026-06-26 18:25:44.605000,23
train/44b6_87bba6c4.zarr/0/c/90/0/0/0,4989844,2026-06-26 18:25:48.968000,23
train/44b6_87bba6c4.zarr/0/c/91/0/0/0,4988247,2026-06-26 18:25:48.057000,23
train/44b6_87bba6c4.zarr/0/c/92/0/0/0,5008789,2026-06-26 18:25:50.292000,23
train/44b6_87bba6c4.zarr/0/c/93/0/0/0,4997670,2026-06-26 18:25:40.369000,23
train/44b6_87bba6c4.zarr/0/c/94/0/0/0,4995580,2026-06-26 18:25:51.992000,23
train/44b6_87bba6c4.zarr/0/c/95/0/0/0,4994996,2026-06-26 18:25:42.308000,23
train/44b6_87bba6c4.zarr/0/c/96/0/0/0,5003857,2026-06-26 18:25:40.872000,23
train/44b6_87bba6c4.zarr/0/c/97/0/0/0,4987102,2026-06-26 18:25:48.776000,23
train/44b6_87bba6c4.zarr/0/c/98/0/0/0,4971919,2026-06-26 18:25:45.903000,23
train/44b6_87bba6c4.zarr/0/c/99/0/0/0,4966758,2026-06-26 18:25:45.531000,23
train/44b6_87bba6c4.zarr/0/zarr.json,760,2026-06-26 18:25:53.252000,23
train/44b6_87bba6c4.zarr/zarr.json,1294,2026-06-26 18:25:53.251000,23
train/44b6_8cc6506c.geff/edges/ids/c/0/0,1152,2026-06-26 18:00:58.018000,23
train/44b6_8cc6506c.geff/edges/ids/zarr.json,636,2026-06-26 18:00:58.019000,23
train/44b6_8cc6506c.geff/edges/props/zarr.json,99,2026-06-26 18:00:58.017000,23
train/44b6_8cc6506c.geff/edges/zarr.json,99,2026-06-26 18:00:58.022000,23
train/44b6_8cc6506c.geff/nodes/ids/c/0,738,2026-06-26 18:00:58.893000,23
train/44b6_8cc6506c.geff/nodes/ids/zarr.json,618,2026-06-26 18:00:58.026000,23
train/44b6_8cc6506c.geff/nodes/props/t/values/c/0,139,2026-06-26 18:00:58.018000,23
train/44b6_8cc6506c.geff/nodes/props/t/values/zarr.json,617,2026-06-26 18:00:58.032000,23
train/44b6_8cc6506c.geff/nodes/props/t/zarr.json,99,2026-06-26 18:00:58.107000,23
train/44b6_8cc6506c.geff/nodes/props/x/values/c/0,452,2026-06-26 18:00:58.025000,24
train/44b6_8cc6506c.geff/nodes/props/x/values/zarr.json,617,2026-06-26 18:00:58.019000,24
train/44b6_8cc6506c.geff/nodes/props/x/zarr.json,99,2026-06-26 18:00:58.017000,24
train/44b6_8cc6506c.geff/nodes/props/y/values/c/0,401,2026-06-26 18:00:58.007000,24
train/44b6_8cc6506c.geff/nodes/props/y/values/zarr.json,617,2026-06-26 18:00:58.031000,24
train/44b6_8cc6506c.geff/nodes/props/y/zarr.json,99,2026-06-26 18:00:58.053000,24
train/44b6_8cc6506c.geff/nodes/props/z/values/c/0,248,2026-06-26 18:00:58.042000,24
train/44b6_8cc6506c.geff/nodes/props/z/values/zarr.json,617,2026-06-26 18:00:58.031000,24
train/44b6_8cc6506c.geff/nodes/props/z/zarr.json,99,2026-06-26 18:00:58.158000,24
train/44b6_8cc6506c.geff/nodes/props/zarr.json,99,2026-06-26 18:00:58.018000,24
train/44b6_8cc6506c.geff/nodes/zarr.json,99,2026-06-26 18:00:58.025000,24
train/44b6_8cc6506c.geff/zarr.json,2103,2026-06-26 18:00:58.011000,24
train/44b6_8cc6506c.zarr/0/c/0/0/0/0,5174657,2026-06-26 18:04:49.616000,24
train/44b6_8cc6506c.zarr/0/c/1/0/0/0,5172538,2026-06-26 18:04:47.644000,24
train/44b6_8cc6506c.zarr/0/c/10/0/0/0,5178230,2026-06-26 18:04:53.034000,24
train/44b6_8cc6506c.zarr/0/c/11/0/0/0,5179860,2026-06-26 18:04:50.091000,24
train/44b6_8cc6506c.zarr/0/c/12/0/0/0,5179048,2026-06-26 18:04:44.037000,24
train/44b6_8cc6506c.zarr/0/c/13/0/0/0,5185734,2026-06-26 18:04:45.102000,24
train/44b6_8cc6506c.zarr/0/c/14/0/0/0,5187617,2026-06-26 18:04:47.508000,24
train/44b6_8cc6506c.zarr/0/c/15/0/0/0,5198264,2026-06-26 18:04:49.713000,24
train/44b6_8cc6506c.zarr/0/c/16/0/0/0,5191516,2026-06-26 18:04:53.154000,24
train/44b6_8cc6506c.zarr/0/c/17/0/0/0,5199902,2026-06-26 18:04:56.766000,24
train/44b6_8cc6506c.zarr/0/c/18/0/0/0,5200093,2026-06-26 18:04:55.945000,24
train/44b6_8cc6506c.zarr/0/c/19/0/0/0,5198457,2026-06-26 18:04:45.181000,24
train/44b6_8cc6506c.zarr/0/c/2/0/0/0,5177450,2026-06-26 18:04:43.304000,24
train/44b6_8cc6506c.zarr/0/c/20/0/0/0,5210286,2026-06-26 18:04:47.913000,24
train/44b6_8cc6506c.zarr/0/c/21/0/0/0,5223481,2026-06-26 18:04:50.002000,24
train/44b6_8cc6506c.zarr/0/c/22/0/0/0,5235468,2026-06-26 18:04:56.589000,24
train/44b6_8cc6506c.zarr/0/c/23/0/0/0,5238223,2026-06-26 18:04:42.138000,24
train/44b6_8cc6506c.zarr/0/c/24/0/0/0,5235517,2026-06-26 18:04:48.082000,24
train/44b6_8cc6506c.zarr/0/c/25/0/0/0,5235968,2026-06-26 18:04:42.246000,24
train/44b6_8cc6506c.zarr/0/c/26/0/0/0,5231808,2026-06-26 18:04:57.323000,24
train/44b6_8cc6506c.zarr/0/c/27/0/0/0,5220698,2026-06-26 18:04:55.544000,24
train/44b6_8cc6506c.zarr/0/c/28/0/0/0,5232742,2026-06-26 18:04:54.924000,24
train/44b6_8cc6506c.zarr/0/c/29/0/0/0,5247850,2026-06-26 18:04:43.481000,24
train/44b6_8cc6506c.zarr/0/c/3/0/0/0,5173908,2026-06-26 18:04:48.177000,24
train/44b6_8cc6506c.zarr/0/c/30/0/0/0,5254006,2026-06-26 18:04:46.814000,24
train/44b6_8cc6506c.zarr/0/c/31/0/0/0,5250514,2026-06-26 18:04:56.429000,24
train/44b6_8cc6506c.zarr/0/c/32/0/0/0,5262815,2026-06-26 18:04:54.195000,24
train/44b6_8cc6506c.zarr/0/c/33/0/0/0,5257489,2026-06-26 18:04:43.161000,24
train/44b6_8cc6506c.zarr/0/c/34/0/0/0,5259011,2026-06-26 18:04:44.804000,24
train/44b6_8cc6506c.zarr/0/c/35/0/0/0,5257363,2026-06-26 18:04:43.576000,24
train/44b6_8cc6506c.zarr/0/c/36/0/0/0,5265532,2026-06-26 18:04:51.099000,24
train/44b6_8cc6506c.zarr/0/c/37/0/0/0,5287210,2026-06-26 18:04:55.402000,24
train/44b6_8cc6506c.zarr/0/c/38/0/0/0,5272542,2026-06-26 18:04:55.074000,24
train/44b6_8cc6506c.zarr/0/c/39/0/0/0,5283575,2026-06-26 18:04:46.665000,24
train/44b6_8cc6506c.zarr/0/c/4/0/0/0,5182231,2026-06-26 18:04:45.613000,24
train/44b6_8cc6506c.zarr/0/c/40/0/0/0,5273606,2026-06-26 18:04:42.514000,24
train/44b6_8cc6506c.zarr/0/c/41/0/0/0,5251789,2026-06-26 18:04:47.161000,24
train/44b6_8cc6506c.zarr/0/c/42/0/0/0,5254035,2026-06-26 18:04:49.430000,24
train/44b6_8cc6506c.zarr/0/c/43/0/0/0,5253393,2026-06-26 18:04:56.926000,24
train/44b6_8cc6506c.zarr/0/c/44/0/0/0,5274362,2026-06-26 18:04:52.114000,24
train/44b6_8cc6506c.zarr/0/c/45/0/0/0,5272255,2026-06-26 18:04:44.661000,24
train/44b6_8cc6506c.zarr/0/c/46/0/0/0,5286328,2026-06-26 18:04:43.703000,24
train/44b6_8cc6506c.zarr/0/c/47/0/0/0,5283183,2026-06-26 18:04:46.950000,24
train/44b6_8cc6506c.zarr/0/c/48/0/0/0,5280238,2026-06-26 18:04:41.861000,24
train/44b6_8cc6506c.zarr/0/c/49/0/0/0,5273165,2026-06-26 18:04:43.287000,24
train/44b6_8cc6506c.zarr/0/c/5/0/0/0,5158922,2026-06-26 18:04:55.648000,24
train/44b6_8cc6506c.zarr/0/c/50/0/0/0,5271531,2026-06-26 18:04:48.589000,24
train/44b6_8cc6506c.zarr/0/c/51/0/0/0,5283486,2026-06-26 18:04:49.176000,24
train/44b6_8cc6506c.zarr/0/c/52/0/0/0,5288767,2026-06-26 18:04:51.525000,24
train/44b6_8cc6506c.zarr/0/c/53/0/0/0,5272806,2026-06-26 18:04:54.508000,24
train/44b6_8cc6506c.zarr/0/c/54/0/0/0,5270526,2026-06-26 18:04:51.716000,24
train/44b6_8cc6506c.zarr/0/c/55/0/0/0,5268657,2026-06-26 18:04:53.929000,24
train/44b6_8cc6506c.zarr/0/c/56/0/0/0,5272894,2026-06-26 18:04:50.364000,24
train/44b6_8cc6506c.zarr/0/c/57/0/0/0,5289473,2026-06-26 18:04:51.505000,24
train/44b6_8cc6506c.zarr/0/c/58/0/0/0,5294381,2026-06-26 18:04:54.633000,24
train/44b6_8cc6506c.zarr/0/c/59/0/0/0,5278355,2026-06-26 18:04:45.278000,24
train/44b6_8cc6506c.zarr/0/c/6/0/0/0,5163181,2026-06-26 18:04:52.298000,24
train/44b6_8cc6506c.zarr/0/c/60/0/0/0,5271973,2026-06-26 18:04:57.127000,24
train/44b6_8cc6506c.zarr/0/c/61/0/0/0,5264610,2026-06-26 18:04:42.989000,24
train/44b6_8cc6506c.zarr/0/c/62/0/0/0,5267726,2026-06-26 18:04:54.866000,24
train/44b6_8cc6506c.zarr/0/c/63/0/0/0,5266051,2026-06-26 18:04:48.850000,24
train/44b6_8cc6506c.zarr/0/c/64/0/0/0,5268928,2026-06-26 18:04:42.014000,24
train/44b6_8cc6506c.zarr/0/c/65/0/0/0,5260348,2026-06-26 18:04:55.272000,24
train/44b6_8cc6506c.zarr/0/c/66/0/0/0,5276392,2026-06-26 18:04:42.839000,24
train/44b6_8cc6506c.zarr/0/c/67/0/0/0,5279019,2026-06-26 18:04:50.924000,24
train/44b6_8cc6506c.zarr/0/c/68/0/0/0,5277045,2026-06-26 18:04:52.420000,24
train/44b6_8cc6506c.zarr/0/c/69/0/0/0,5278407,2026-06-26 18:04:44.924000,24
train/44b6_8cc6506c.zarr/0/c/7/0/0/0,5154999,2026-06-26 18:04:49.959000,24
train/44b6_8cc6506c.zarr/0/c/70/0/0/0,5280918,2026-06-26 18:04:46.120000,24
train/44b6_8cc6506c.zarr/0/c/71/0/0/0,5283650,2026-06-26 18:04:46.389000,24
train/44b6_8cc6506c.zarr/0/c/72/0/0/0,5283282,2026-06-26 18:04:47.368000,24
train/44b6_8cc6506c.zarr/0/c/73/0/0/0,5299374,2026-06-26 18:04:42.710000,24
train/44b6_8cc6506c.zarr/0/c/74/0/0/0,5294296,2026-06-26 18:04:52.024000,24
train/44b6_8cc6506c.zarr/0/c/75/0/0/0,5285148,2026-06-26 18:04:45.854000,24
train/44b6_8cc6506c.zarr/0/c/76/0/0/0,5273557,2026-06-26 18:04:43.997000,24
train/44b6_8cc6506c.zarr/0/c/77/0/0/0,5271536,2026-06-26 18:04:42.411000,24
train/44b6_8cc6506c.zarr/0/c/78/0/0/0,5276901,2026-06-26 18:04:43.759000,24
train/44b6_8cc6506c.zarr/0/c/79/0/0/0,5279856,2026-06-26 18:04:53.504000,24
train/44b6_8cc6506c.zarr/0/c/8/0/0/0,5154878,2026-06-26 18:04:46.574000,24
train/44b6_8cc6506c.zarr/0/c/80/0/0/0,5269194,2026-06-26 18:04:53.792000,24
train/44b6_8cc6506c.zarr/0/c/81/0/0/0,5274244,2026-06-26 18:04:56.195000,24
train/44b6_8cc6506c.zarr/0/c/82/0/0/0,5285353,2026-06-26 18:04:56.051000,24
train/44b6_8cc6506c.zarr/0/c/83/0/0/0,5295741,2026-06-26 18:04:49.271000,24
train/44b6_8cc6506c.zarr/0/c/84/0/0/0,5308290,2026-06-26 18:04:46.005000,24
train/44b6_8cc6506c.zarr/0/c/85/0/0/0,5315276,2026-06-26 18:04:53.421000,24
train/44b6_8cc6506c.zarr/0/c/86/0/0/0,5326558,2026-06-26 18:04:51.250000,24
train/44b6_8cc6506c.zarr/0/c/87/0/0/0,5342684,2026-06-26 18:04:52.914000,24
train/44b6_8cc6506c.zarr/0/c/88/0/0/0,5339888,2026-06-26 18:04:53.674000,24
train/44b6_8cc6506c.zarr/0/c/89/0/0/0,5336453,2026-06-26 18:04:44.480000,24
train/44b6_8cc6506c.zarr/0/c/9/0/0/0,5168160,2026-06-26 18:04:47.032000,24
train/44b6_8cc6506c.zarr/0/c/90/0/0/0,5320597,2026-06-26 18:04:52.781000,24
train/44b6_8cc6506c.zarr/0/c/91/0/0/0,5329093,2026-06-26 18:04:51.835000,24
train/44b6_8cc6506c.zarr/0/c/92/0/0/0,5341975,2026-06-26 18:04:54.241000,24
train/44b6_8cc6506c.zarr/0/c/93/0/0/0,5358218,2026-06-26 18:04:42.626000,24
train/44b6_8cc6506c.zarr/0/c/94/0/0/0,5356805,2026-06-26 18:04:55.776000,24
train/44b6_8cc6506c.zarr/0/c/95/0/0/0,5369445,2026-06-26 18:04:44.207000,24
train/44b6_8cc6506c.zarr/0/c/96/0/0/0,5372805,2026-06-26 18:04:43.026000,24
train/44b6_8cc6506c.zarr/0/c/97/0/0/0,5380100,2026-06-26 18:04:52.611000,24
train/44b6_8cc6506c.zarr/0/c/98/0/0/0,5385717,2026-06-26 18:04:48.421000,24
train/44b6_8cc6506c.zarr/0/c/99/0/0/0,5389307,2026-06-26 18:04:47.799000,24
train/44b6_8cc6506c.zarr/0/zarr.json,760,2026-06-26 18:04:57.259000,24
train/44b6_8cc6506c.zarr/zarr.json,1305,2026-06-26 18:04:57.240000,24
train/44b6_8f5ab931.geff/edges/ids/c/0/0,1741,2026-06-26 18:29:58.022000,24
train/44b6_8f5ab931.geff/edges/ids/zarr.json,636,2026-06-26 18:29:58.025000,24
train/44b6_8f5ab931.geff/edges/props/zarr.json,99,2026-06-26 18:29:58.013000,24
train/44b6_8f5ab931.geff/edges/zarr.json,99,2026-06-26 18:29:58.005000,24
train/44b6_8f5ab931.geff/nodes/ids/c/0,1037,2026-06-26 18:29:58.010000,24
train/44b6_8f5ab931.geff/nodes/ids/zarr.json,618,2026-06-26 18:29:58.025000,24
train/44b6_8f5ab931.geff/nodes/props/t/values/c/0,196,2026-06-26 18:29:58.017000,24
train/44b6_8f5ab931.geff/nodes/props/t/values/zarr.json,617,2026-06-26 18:29:58.004000,24
train/44b6_8f5ab931.geff/nodes/props/t/zarr.json,99,2026-06-26 18:29:58.006000,24
train/44b6_8f5ab931.geff/nodes/props/x/values/c/0,698,2026-06-26 18:29:58.050000,24
train/44b6_8f5ab931.geff/nodes/props/x/values/zarr.json,617,2026-06-26 18:29:58.048000,24
train/44b6_8f5ab931.geff/nodes/props/x/zarr.json,99,2026-06-26 18:29:58.005000,24
train/44b6_8f5ab931.geff/nodes/props/y/values/c/0,643,2026-06-26 18:29:58,24
train/44b6_8f5ab931.geff/nodes/props/y/values/zarr.json,617,2026-06-26 18:29:57.991000,24
train/44b6_8f5ab931.geff/nodes/props/y/zarr.json,99,2026-06-26 18:29:57.999000,24
train/44b6_8f5ab931.geff/nodes/props/z/values/c/0,507,2026-06-26 18:29:58.011000,24
train/44b6_8f5ab931.geff/nodes/props/z/values/zarr.json,617,2026-06-26 18:29:58.001000,24
train/44b6_8f5ab931.geff/nodes/props/z/zarr.json,99,2026-06-26 18:29:57.994000,24
train/44b6_8f5ab931.geff/nodes/props/zarr.json,99,2026-06-26 18:29:58.034000,24
train/44b6_8f5ab931.geff/nodes/zarr.json,99,2026-06-26 18:29:58.008000,24
train/44b6_8f5ab931.geff/zarr.json,2102,2026-06-26 18:29:58.018000,24
train/44b6_8f5ab931.zarr/0/c/0/0/0/0,4943194,2026-06-26 18:11:42.041000,24
train/44b6_8f5ab931.zarr/0/c/1/0/0/0,4939762,2026-06-26 18:11:40.148000,24
train/44b6_8f5ab931.zarr/0/c/10/0/0/0,4950166,2026-06-26 18:11:44.898000,24
train/44b6_8f5ab931.zarr/0/c/11/0/0/0,4947358,2026-06-26 18:11:42.675000,24
train/44b6_8f5ab931.zarr/0/c/12/0/0/0,4928492,2026-06-26 18:11:36.703000,24
train/44b6_8f5ab931.zarr/0/c/13/0/0/0,4922980,2026-06-26 18:11:37.808000,24
train/44b6_8f5ab931.zarr/0/c/14/0/0/0,4928695,2026-06-26 18:11:40.037000,24
train/44b6_8f5ab931.zarr/0/c/15/0/0/0,4931216,2026-06-26 18:11:42.186000,24
train/44b6_8f5ab931.zarr/0/c/16/0/0/0,4931383,2026-06-26 18:11:45.043000,24
train/44b6_8f5ab931.zarr/0/c/17/0/0/0,4936132,2026-06-26 18:11:48.539000,24
train/44b6_8f5ab931.zarr/0/c/18/0/0/0,4927970,2026-06-26 18:11:47.829000,24
train/44b6_8f5ab931.zarr/0/c/19/0/0/0,4927337,2026-06-26 18:11:37.946000,24
train/44b6_8f5ab931.zarr/0/c/2/0/0/0,4941925,2026-06-26 18:11:35.809000,24
train/44b6_8f5ab931.zarr/0/c/20/0/0/0,4929875,2026-06-26 18:11:40.426000,24
train/44b6_8f5ab931.zarr/0/c/21/0/0/0,4930209,2026-06-26 18:11:42.511000,24
train/44b6_8f5ab931.zarr/0/c/22/0/0/0,4934833,2026-06-26 18:11:48.640000,24
train/44b6_8f5ab931.zarr/0/c/23/0/0/0,4944228,2026-06-26 18:11:34.011000,24
train/44b6_8f5ab931.zarr/0/c/24/0/0/0,4933639,2026-06-26 18:11:40.508000,24
train/44b6_8f5ab931.zarr/0/c/25/0/0/0,4930894,2026-06-26 18:11:34.170000,24
train/44b6_8f5ab931.zarr/0/c/26/0/0/0,4931901,2026-06-26 18:11:48.955000,24
train/44b6_8f5ab931.zarr/0/c/27/0/0/0,4920686,2026-06-26 18:11:47.515000,24
train/44b6_8f5ab931.zarr/0/c/28/0/0/0,4923096,2026-06-26 18:11:46.800000,24
train/44b6_8f5ab931.zarr/0/c/29/0/0/0,4928559,2026-06-26 18:11:35.947000,24
train/44b6_8f5ab931.zarr/0/c/3/0/0/0,4937952,2026-06-26 18:11:40.679000,24
train/44b6_8f5ab931.zarr/0/c/30/0/0/0,4908432,2026-06-26 18:11:39.344000,24
train/44b6_8f5ab931.zarr/0/c/31/0/0/0,4902313,2026-06-26 18:11:48.319000,24
train/44b6_8f5ab931.zarr/0/c/32/0/0/0,4903692,2026-06-26 18:11:45.948000,24
train/44b6_8f5ab931.zarr/0/c/33/0/0/0,4886112,2026-06-26 18:11:35.379000,24
train/44b6_8f5ab931.zarr/0/c/34/0/0/0,4879135,2026-06-26 18:11:37.526000,24
train/44b6_8f5ab931.zarr/0/c/35/0/0/0,4873124,2026-06-26 18:11:37.333000,24
train/44b6_8f5ab931.zarr/0/c/36/0/0/0,4865912,2026-06-26 18:11:43.018000,24
train/44b6_8f5ab931.zarr/0/c/37/0/0/0,4858307,2026-06-26 18:11:47.272000,24
train/44b6_8f5ab931.zarr/0/c/38/0/0/0,4840754,2026-06-26 18:11:47.021000,24
train/44b6_8f5ab931.zarr/0/c/39/0/0/0,4846258,2026-06-26 18:11:39.150000,24
train/44b6_8f5ab931.zarr/0/c/4/0/0/0,4933942,2026-06-26 18:11:38.246000,24
train/44b6_8f5ab931.zarr/0/c/40/0/0/0,4839649,2026-06-26 18:11:34.498000,24
train/44b6_8f5ab931.zarr/0/c/41/0/0/0,4822964,2026-06-26 18:11:39.762000,24
train/44b6_8f5ab931.zarr/0/c/42/0/0/0,4828772,2026-06-26 18:11:41.803000,24
train/44b6_8f5ab931.zarr/0/c/43/0/0/0,4840576,2026-06-26 18:11:48.729000,24
train/44b6_8f5ab931.zarr/0/c/44/0/0/0,4831224,2026-06-26 18:11:43.986000,24
train/44b6_8f5ab931.zarr/0/c/45/0/0/0,4837761,2026-06-26 18:11:37.333000,24
train/44b6_8f5ab931.zarr/0/c/46/0/0/0,4831661,2026-06-26 18:11:36.355000,24
train/44b6_8f5ab931.zarr/0/c/47/0/0/0,4821712,2026-06-26 18:11:39.478000,24
train/44b6_8f5ab931.zarr/0/c/48/0/0/0,4802345,2026-06-26 18:11:33.560000,24
train/44b6_8f5ab931.zarr/0/c/49/0/0/0,4817026,2026-06-26 18:11:35.669000,24
train/44b6_8f5ab931.zarr/0/c/5/0/0/0,4947520,2026-06-26 18:11:47.645000,24
train/44b6_8f5ab931.zarr/0/c/50/0/0/0,4816034,2026-06-26 18:11:40.982000,24
train/44b6_8f5ab931.zarr/0/c/51/0/0/0,4809881,2026-06-26 18:11:41.470000,24
train/44b6_8f5ab931.zarr/0/c/52/0/0/0,4807489,2026-06-26 18:11:43.314000,24
train/44b6_8f5ab931.zarr/0/c/53/0/0/0,4800870,2026-06-26 18:11:46.168000,24
train/44b6_8f5ab931.zarr/0/c/54/0/0/0,4780123,2026-06-26 18:11:43.626000,24
train/44b6_8f5ab931.zarr/0/c/55/0/0/0,4773123,2026-06-26 18:11:45.715000,24
train/44b6_8f5ab931.zarr/0/c/56/0/0/0,4780986,2026-06-26 18:11:42.841000,24
train/44b6_8f5ab931.zarr/0/c/57/0/0/0,4773837,2026-06-26 18:11:43.441000,24
train/44b6_8f5ab931.zarr/0/c/58/0/0/0,4768938,2026-06-26 18:11:46.360000,24
train/44b6_8f5ab931.zarr/0/c/59/0/0/0,4771129,2026-06-26 18:11:38.169000,24
train/44b6_8f5ab931.zarr/0/c/6/0/0/0,4940605,2026-06-26 18:11:44.040000,24
train/44b6_8f5ab931.zarr/0/c/60/0/0/0,4775789,2026-06-26 18:11:48.802000,24
train/44b6_8f5ab931.zarr/0/c/61/0/0/0,4772615,2026-06-26 18:11:34.932000,24
train/44b6_8f5ab931.zarr/0/c/62/0/0/0,4771167,2026-06-26 18:11:46.479000,24
train/44b6_8f5ab931.zarr/0/c/63/0/0/0,4759928,2026-06-26 18:11:41.324000,24
train/44b6_8f5ab931.zarr/0/c/64/0/0/0,4788544,2026-06-26 18:11:33.836000,24
train/44b6_8f5ab931.zarr/0/c/65/0/0/0,4783547,2026-06-26 18:11:47.151000,24
train/44b6_8f5ab931.zarr/0/c/66/0/0/0,4799967,2026-06-26 18:11:34.869000,24
train/44b6_8f5ab931.zarr/0/c/67/0/0/0,4813384,2026-06-26 18:11:42.866000,24
train/44b6_8f5ab931.zarr/0/c/68/0/0/0,4811766,2026-06-26 18:11:44.222000,25
train/44b6_8f5ab931.zarr/0/c/69/0/0/0,4795001,2026-06-26 18:11:37.621000,25
train/44b6_8f5ab931.zarr/0/c/7/0/0/0,4949858,2026-06-26 18:11:42.331000,25
train/44b6_8f5ab931.zarr/0/c/70/0/0/0,4801710,2026-06-26 18:11:38.710000,25
train/44b6_8f5ab931.zarr/0/c/71/0/0/0,4806776,2026-06-26 18:11:39.016000,25
train/44b6_8f5ab931.zarr/0/c/72/0/0/0,4815262,2026-06-26 18:11:39.988000,25
train/44b6_8f5ab931.zarr/0/c/73/0/0/0,4816774,2026-06-26 18:11:34.729000,25
train/44b6_8f5ab931.zarr/0/c/74/0/0/0,4812009,2026-06-26 18:11:43.824000,25
train/44b6_8f5ab931.zarr/0/c/75/0/0/0,4812432,2026-06-26 18:11:38.464000,25
train/44b6_8f5ab931.zarr/0/c/76/0/0/0,4815285,2026-06-26 18:11:36.833000,25
train/44b6_8f5ab931.zarr/0/c/77/0/0/0,4809292,2026-06-26 18:11:36.086000,25
train/44b6_8f5ab931.zarr/0/c/78/0/0/0,4810901,2026-06-26 18:11:36.568000,25
train/44b6_8f5ab931.zarr/0/c/79/0/0/0,4813567,2026-06-26 18:11:45.348000,25
train/44b6_8f5ab931.zarr/0/c/8/0/0/0,4942827,2026-06-26 18:11:39.114000,25
train/44b6_8f5ab931.zarr/0/c/80/0/0/0,4807398,2026-06-26 18:11:45.607000,25
train/44b6_8f5ab931.zarr/0/c/81/0/0/0,4817236,2026-06-26 18:11:48.081000,25
train/44b6_8f5ab931.zarr/0/c/82/0/0/0,4825899,2026-06-26 18:11:47.916000,25
train/44b6_8f5ab931.zarr/0/c/83/0/0/0,4829310,2026-06-26 18:11:41.708000,25
train/44b6_8f5ab931.zarr/0/c/84/0/0/0,4838616,2026-06-26 18:11:38.595000,25
train/44b6_8f5ab931.zarr/0/c/85/0/0/0,4822324,2026-06-26 18:11:45.209000,25
train/44b6_8f5ab931.zarr/0/c/86/0/0/0,4826600,2026-06-26 18:11:43.164000,25
train/44b6_8f5ab931.zarr/0/c/87/0/0/0,4840748,2026-06-26 18:11:44.617000,25
train/44b6_8f5ab931.zarr/0/c/88/0/0/0,4832455,2026-06-26 18:11:45.504000,25
train/44b6_8f5ab931.zarr/0/c/89/0/0/0,4841179,2026-06-26 18:11:37.205000,25
train/44b6_8f5ab931.zarr/0/c/9/0/0/0,4947317,2026-06-26 18:11:39.655000,25
train/44b6_8f5ab931.zarr/0/c/90/0/0/0,4849347,2026-06-26 18:11:44.483000,25
train/44b6_8f5ab931.zarr/0/c/91/0/0/0,4847585,2026-06-26 18:11:43.687000,25
train/44b6_8f5ab931.zarr/0/c/92/0/0/0,4850388,2026-06-26 18:11:45.999000,25
train/44b6_8f5ab931.zarr/0/c/93/0/0/0,4856016,2026-06-26 18:11:34.593000,25
train/44b6_8f5ab931.zarr/0/c/94/0/0/0,4870335,2026-06-26 18:11:47.781000,25
train/44b6_8f5ab931.zarr/0/c/95/0/0/0,4869237,2026-06-26 18:11:37.036000,25
train/44b6_8f5ab931.zarr/0/c/96/0/0/0,4883924,2026-06-26 18:11:35.180000,25
train/44b6_8f5ab931.zarr/0/c/97/0/0/0,4882321,2026-06-26 18:11:44.358000,25
train/44b6_8f5ab931.zarr/0/c/98/0/0/0,4879819,2026-06-26 18:11:40.810000,25
train/44b6_8f5ab931.zarr/0/c/99/0/0/0,4878775,2026-06-26 18:11:40.287000,25
train/44b6_8f5ab931.zarr/0/zarr.json,760,2026-06-26 18:11:48.907000,25
train/44b6_8f5ab931.zarr/zarr.json,1293,2026-06-26 18:11:48.924000,25
train/44b6_8f9ecab4.geff/edges/ids/c/0/0,1147,2026-06-26 18:03:54.755000,25
train/44b6_8f9ecab4.geff/edges/ids/zarr.json,636,2026-06-26 18:03:54.766000,25
train/44b6_8f9ecab4.geff/edges/props/zarr.json,99,2026-06-26 18:03:54.755000,25
train/44b6_8f9ecab4.geff/edges/zarr.json,99,2026-06-26 18:03:54.757000,25
train/44b6_8f9ecab4.geff/nodes/ids/c/0,760,2026-06-26 18:03:54.754000,25
train/44b6_8f9ecab4.geff/nodes/ids/zarr.json,618,2026-06-26 18:03:54.755000,25
train/44b6_8f9ecab4.geff/nodes/props/t/values/c/0,147,2026-06-26 18:03:54.738000,25
train/44b6_8f9ecab4.geff/nodes/props/t/values/zarr.json,617,2026-06-26 18:03:54.776000,25
train/44b6_8f9ecab4.geff/nodes/props/t/zarr.json,99,2026-06-26 18:03:54.755000,25
train/44b6_8f9ecab4.geff/nodes/props/x/values/c/0,331,2026-06-26 18:03:54.775000,25
train/44b6_8f9ecab4.geff/nodes/props/x/values/zarr.json,617,2026-06-26 18:03:54.736000,25
train/44b6_8f9ecab4.geff/nodes/props/x/zarr.json,99,2026-06-26 18:03:54.755000,25
train/44b6_8f9ecab4.geff/nodes/props/y/values/c/0,379,2026-06-26 18:03:54.754000,25
train/44b6_8f9ecab4.geff/nodes/props/y/values/zarr.json,617,2026-06-26 18:03:54.748000,25
train/44b6_8f9ecab4.geff/nodes/props/y/zarr.json,99,2026-06-26 18:03:54.758000,25
train/44b6_8f9ecab4.geff/nodes/props/z/values/c/0,205,2026-06-26 18:03:54.736000,25
train/44b6_8f9ecab4.geff/nodes/props/z/values/zarr.json,617,2026-06-26 18:03:54.755000,25
train/44b6_8f9ecab4.geff/nodes/props/z/zarr.json,99,2026-06-26 18:03:54.755000,25
train/44b6_8f9ecab4.geff/nodes/props/zarr.json,99,2026-06-26 18:03:54.765000,25
train/44b6_8f9ecab4.geff/nodes/zarr.json,99,2026-06-26 18:03:54.755000,25
train/44b6_8f9ecab4.geff/zarr.json,2103,2026-06-26 18:03:54.762000,25
train/44b6_8f9ecab4.zarr/0/c/0/0/0/0,5414013,2026-06-26 18:14:08.539000,25
train/44b6_8f9ecab4.zarr/0/c/1/0/0/0,5421386,2026-06-26 18:14:06.803000,25
train/44b6_8f9ecab4.zarr/0/c/10/0/0/0,5434187,2026-06-26 18:14:11.760000,25
train/44b6_8f9ecab4.zarr/0/c/11/0/0/0,5435721,2026-06-26 18:14:09.085000,25
train/44b6_8f9ecab4.zarr/0/c/12/0/0/0,5427607,2026-06-26 18:14:03.147000,25
train/44b6_8f9ecab4.zarr/0/c/13/0/0/0,5429210,2026-06-26 18:14:04.212000,25
train/44b6_8f9ecab4.zarr/0/c/14/0/0/0,5430743,2026-06-26 18:14:06.709000,25
train/44b6_8f9ecab4.zarr/0/c/15/0/0/0,5436515,2026-06-26 18:14:08.730000,25
train/44b6_8f9ecab4.zarr/0/c/16/0/0/0,5434449,2026-06-26 18:14:11.886000,25
train/44b6_8f9ecab4.zarr/0/c/17/0/0/0,5436936,2026-06-26 18:14:15.007000,25
train/44b6_8f9ecab4.zarr/0/c/18/0/0/0,5447605,2026-06-26 18:14:14.412000,25
train/44b6_8f9ecab4.zarr/0/c/19/0/0/0,5440984,2026-06-26 18:14:04.507000,25
train/44b6_8f9ecab4.zarr/0/c/2/0/0/0,5413921,2026-06-26 18:14:02.311000,25
train/44b6_8f9ecab4.zarr/0/c/20/0/0/0,5455318,2026-06-26 18:14:07.218000,25
train/44b6_8f9ecab4.zarr/0/c/21/0/0/0,5475041,2026-06-26 18:14:08.988000,25
train/44b6_8f9ecab4.zarr/0/c/22/0/0/0,5478768,2026-06-26 18:14:14.878000,25
train/44b6_8f9ecab4.zarr/0/c/23/0/0/0,5467605,2026-06-26 18:14:00.584000,25
train/44b6_8f9ecab4.zarr/0/c/24/0/0/0,5472604,2026-06-26 18:14:07.469000,25
train/44b6_8f9ecab4.zarr/0/c/25/0/0/0,5471612,2026-06-26 18:14:00.737000,25
train/44b6_8f9ecab4.zarr/0/c/26/0/0/0,5471543,2026-06-26 18:14:15.582000,25
train/44b6_8f9ecab4.zarr/0/c/27/0/0/0,5470384,2026-06-26 18:14:13.970000,25
train/44b6_8f9ecab4.zarr/0/c/28/0/0/0,5461544,2026-06-26 18:14:13.448000,25
train/44b6_8f9ecab4.zarr/0/c/29/0/0/0,5466692,2026-06-26 18:14:02.478000,25
train/44b6_8f9ecab4.zarr/0/c/3/0/0/0,5410205,2026-06-26 18:14:07.580000,25
train/44b6_8f9ecab4.zarr/0/c/30/0/0/0,5465688,2026-06-26 18:14:05.989000,25
train/44b6_8f9ecab4.zarr/0/c/31/0/0/0,5456485,2026-06-26 18:14:14.817000,25
train/44b6_8f9ecab4.zarr/0/c/32/0/0/0,5457914,2026-06-26 18:14:12.688000,25
train/44b6_8f9ecab4.zarr/0/c/33/0/0/0,5456760,2026-06-26 18:14:02.033000,25
train/44b6_8f9ecab4.zarr/0/c/34/0/0/0,5457417,2026-06-26 18:14:03.871000,25
train/44b6_8f9ecab4.zarr/0/c/35/0/0/0,5453315,2026-06-26 18:14:02.660000,25
train/44b6_8f9ecab4.zarr/0/c/36/0/0/0,5460099,2026-06-26 18:14:09.502000,25
train/44b6_8f9ecab4.zarr/0/c/37/0/0/0,5455947,2026-06-26 18:14:13.848000,25
train/44b6_8f9ecab4.zarr/0/c/38/0/0/0,5461935,2026-06-26 18:14:13.544000,25
train/44b6_8f9ecab4.zarr/0/c/39/0/0/0,5456549,2026-06-26 18:14:05.863000,25
train/44b6_8f9ecab4.zarr/0/c/4/0/0/0,5418635,2026-06-26 18:14:04.784000,25
train/44b6_8f9ecab4.zarr/0/c/40/0/0/0,5463323,2026-06-26 18:14:00.940000,25
train/44b6_8f9ecab4.zarr/0/c/41/0/0/0,5457242,2026-06-26 18:14:06.405000,25
train/44b6_8f9ecab4.zarr/0/c/42/0/0/0,5458101,2026-06-26 18:14:08.420000,25
train/44b6_8f9ecab4.zarr/0/c/43/0/0/0,5456300,2026-06-26 18:14:15.195000,25
train/44b6_8f9ecab4.zarr/0/c/44/0/0/0,5458027,2026-06-26 18:14:10.591000,25
train/44b6_8f9ecab4.zarr/0/c/45/0/0/0,5466778,2026-06-26 18:14:03.794000,25
train/44b6_8f9ecab4.zarr/0/c/46/0/0/0,5462829,2026-06-26 18:14:02.848000,25
train/44b6_8f9ecab4.zarr/0/c/47/0/0/0,5461958,2026-06-26 18:14:06.191000,25
train/44b6_8f9ecab4.zarr/0/c/48/0/0/0,5473691,2026-06-26 18:14:00.181000,25
train/44b6_8f9ecab4.zarr/0/c/49/0/0/0,5465968,2026-06-26 18:14:02.209000,25
train/44b6_8f9ecab4.zarr/0/c/5/0/0/0,5419829,2026-06-26 18:14:14.040000,25
train/44b6_8f9ecab4.zarr/0/c/50/0/0/0,5474373,2026-06-26 18:14:07.908000,25
train/44b6_8f9ecab4.zarr/0/c/51/0/0/0,5479251,2026-06-26 18:14:08.185000,25
train/44b6_8f9ecab4.zarr/0/c/52/0/0/0,5476037,2026-06-26 18:14:09.960000,25
train/44b6_8f9ecab4.zarr/0/c/53/0/0/0,5479541,2026-06-26 18:14:12.989000,25
train/44b6_8f9ecab4.zarr/0/c/54/0/0/0,5483789,2026-06-26 18:14:10.145000,25
train/44b6_8f9ecab4.zarr/0/c/55/0/0/0,5484362,2026-06-26 18:14:12.569000,25
train/44b6_8f9ecab4.zarr/0/c/56/0/0/0,5482236,2026-06-26 18:14:09.223000,25
train/44b6_8f9ecab4.zarr/0/c/57/0/0/0,5484506,2026-06-26 18:14:09.973000,25
train/44b6_8f9ecab4.zarr/0/c/58/0/0/0,5488702,2026-06-26 18:14:13.206000,25
train/44b6_8f9ecab4.zarr/0/c/59/0/0/0,5484523,2026-06-26 18:14:04.608000,25
train/44b6_8f9ecab4.zarr/0/c/6/0/0/0,5421583,2026-06-26 18:14:10.813000,25
train/44b6_8f9ecab4.zarr/0/c/60/0/0/0,5490945,2026-06-26 18:14:15.380000,25
train/44b6_8f9ecab4.zarr/0/c/61/0/0/0,5497498,2026-06-26 18:14:01.747000,25
train/44b6_8f9ecab4.zarr/0/c/62/0/0/0,5506438,2026-06-26 18:14:13.270000,25
train/44b6_8f9ecab4.zarr/0/c/63/0/0/0,5499017,2026-06-26 18:14:07.966000,25
train/44b6_8f9ecab4.zarr/0/c/64/0/0/0,5508718,2026-06-26 18:14:00.392000,25
train/44b6_8f9ecab4.zarr/0/c/65/0/0/0,5503043,2026-06-26 18:14:13.755000,25
train/44b6_8f9ecab4.zarr/0/c/66/0/0/0,5508637,2026-06-26 18:14:01.514000,25
train/44b6_8f9ecab4.zarr/0/c/67/0/0/0,5502859,2026-06-26 18:14:09.408000,25
train/44b6_8f9ecab4.zarr/0/c/68/0/0/0,5505739,2026-06-26 18:14:10.930000,25
train/44b6_8f9ecab4.zarr/0/c/69/0/0/0,5504210,2026-06-26 18:14:04.122000,25
train/44b6_8f9ecab4.zarr/0/c/7/0/0/0,5427166,2026-06-26 18:14:08.894000,25
train/44b6_8f9ecab4.zarr/0/c/70/0/0/0,5500595,2026-06-26 18:14:05.194000,25
train/44b6_8f9ecab4.zarr/0/c/71/0/0/0,5505381,2026-06-26 18:14:05.615000,25
train/44b6_8f9ecab4.zarr/0/c/72/0/0/0,5509273,2026-06-26 18:14:06.514000,25
train/44b6_8f9ecab4.zarr/0/c/73/0/0/0,5511661,2026-06-26 18:14:01.290000,25
train/44b6_8f9ecab4.zarr/0/c/74/0/0/0,5507260,2026-06-26 18:14:10.454000,25
train/44b6_8f9ecab4.zarr/0/c/75/0/0/0,5510586,2026-06-26 18:14:04.973000,25
train/44b6_8f9ecab4.zarr/0/c/76/0/0/0,5505585,2026-06-26 18:14:03.383000,25
train/44b6_8f9ecab4.zarr/0/c/77/0/0/0,5515653,2026-06-26 18:14:00.821000,25
train/44b6_8f9ecab4.zarr/0/c/78/0/0/0,5516631,2026-06-26 18:14:02.962000,25
train/44b6_8f9ecab4.zarr/0/c/79/0/0/0,5519015,2026-06-26 18:14:12.149000,25
train/44b6_8f9ecab4.zarr/0/c/8/0/0/0,5424154,2026-06-26 18:14:05.762000,25
train/44b6_8f9ecab4.zarr/0/c/80/0/0/0,5520801,2026-06-26 18:14:12.426000,25
train/44b6_8f9ecab4.zarr/0/c/81/0/0/0,5507350,2026-06-26 18:14:14.628000,25
train/44b6_8f9ecab4.zarr/0/c/82/0/0/0,5506237,2026-06-26 18:14:14.497000,25
train/44b6_8f9ecab4.zarr/0/c/83/0/0/0,5512835,2026-06-26 18:14:08.308000,25
train/44b6_8f9ecab4.zarr/0/c/84/0/0/0,5505963,2026-06-26 18:14:05.074000,25
train/44b6_8f9ecab4.zarr/0/c/85/0/0/0,5505655,2026-06-26 18:14:12.040000,25
train/44b6_8f9ecab4.zarr/0/c/86/0/0/0,5504029,2026-06-26 18:14:09.638000,25
train/44b6_8f9ecab4.zarr/0/c/87/0/0/0,5509807,2026-06-26 18:14:11.621000,25
train/44b6_8f9ecab4.zarr/0/c/88/0/0/0,5509418,2026-06-26 18:14:12.290000,25
train/44b6_8f9ecab4.zarr/0/c/89/0/0/0,5502205,2026-06-26 18:14:03.674000,25
train/44b6_8f9ecab4.zarr/0/c/9/0/0/0,5424646,2026-06-26 18:14:06.293000,25
train/44b6_8f9ecab4.zarr/0/c/90/0/0/0,5509477,2026-06-26 18:14:11.461000,25
train/44b6_8f9ecab4.zarr/0/c/91/0/0/0,5520653,2026-06-26 18:14:10.248000,25
train/44b6_8f9ecab4.zarr/0/c/92/0/0/0,5510999,2026-06-26 18:14:12.848000,25
train/44b6_8f9ecab4.zarr/0/c/93/0/0/0,5520465,2026-06-26 18:14:01.157000,25
train/44b6_8f9ecab4.zarr/0/c/94/0/0/0,5522765,2026-06-26 18:14:14.188000,25
train/44b6_8f9ecab4.zarr/0/c/95/0/0/0,5515468,2026-06-26 18:14:03.544000,25
train/44b6_8f9ecab4.zarr/0/c/96/0/0/0,5509825,2026-06-26 18:14:01.896000,25
train/44b6_8f9ecab4.zarr/0/c/97/0/0/0,5516121,2026-06-26 18:14:11.304000,25
train/44b6_8f9ecab4.zarr/0/c/98/0/0/0,5518944,2026-06-26 18:14:07.671000,25
train/44b6_8f9ecab4.zarr/0/c/99/0/0/0,5509420,2026-06-26 18:14:06.979000,25
train/44b6_8f9ecab4.zarr/0/zarr.json,760,2026-06-26 18:14:15.601000,25
train/44b6_8f9ecab4.zarr/zarr.json,1270,2026-06-26 18:14:15.625000,25
train/44b6_90724892.geff/edges/ids/c/0/0,456,2026-06-26 18:09:42.221000,25
train/44b6_90724892.geff/edges/ids/zarr.json,636,2026-06-26 18:09:42.275000,25
train/44b6_90724892.geff/edges/props/zarr.json,99,2026-06-26 18:09:42.235000,25
train/44b6_90724892.geff/edges/zarr.json,99,2026-06-26 18:09:42.293000,25
train/44b6_90724892.geff/nodes/ids/c/0,369,2026-06-26 18:09:42.233000,25
train/44b6_90724892.geff/nodes/ids/zarr.json,618,2026-06-26 18:09:42.224000,25
train/44b6_90724892.geff/nodes/props/t/values/c/0,157,2026-06-26 18:09:42.217000,25
train/44b6_90724892.geff/nodes/props/t/values/zarr.json,617,2026-06-26 18:09:42.198000,25
train/44b6_90724892.geff/nodes/props/t/zarr.json,99,2026-06-26 18:09:42.203000,25
train/44b6_90724892.geff/nodes/props/x/values/c/0,141,2026-06-26 18:09:42.269000,25
train/44b6_90724892.geff/nodes/props/x/values/zarr.json,617,2026-06-26 18:09:42.206000,25
train/44b6_90724892.geff/nodes/props/x/zarr.json,99,2026-06-26 18:09:42.275000,25
train/44b6_90724892.geff/nodes/props/y/values/c/0,156,2026-06-26 18:09:42.198000,25
train/44b6_90724892.geff/nodes/props/y/values/zarr.json,617,2026-06-26 18:09:42.229000,25
train/44b6_90724892.geff/nodes/props/y/zarr.json,99,2026-06-26 18:09:42.211000,25
train/44b6_90724892.geff/nodes/props/z/values/c/0,93,2026-06-26 18:09:42.213000,25
train/44b6_90724892.geff/nodes/props/z/values/zarr.json,617,2026-06-26 18:09:42.232000,25
train/44b6_90724892.geff/nodes/props/z/zarr.json,99,2026-06-26 18:09:42.186000,25
train/44b6_90724892.geff/nodes/props/zarr.json,99,2026-06-26 18:09:42.211000,25
train/44b6_90724892.geff/nodes/zarr.json,99,2026-06-26 18:09:42.222000,25
train/44b6_90724892.geff/zarr.json,2103,2026-06-26 18:09:42.307000,25
train/44b6_90724892.zarr/0/c/0/0/0/0,4509337,2026-06-26 18:07:26.472000,25
train/44b6_90724892.zarr/0/c/1/0/0/0,4511797,2026-06-26 18:07:24.573000,25
train/44b6_90724892.zarr/0/c/10/0/0/0,4618177,2026-06-26 18:07:29.620000,25
train/44b6_90724892.zarr/0/c/11/0/0/0,4637355,2026-06-26 18:07:26.969000,25
train/44b6_90724892.zarr/0/c/12/0/0/0,4657294,2026-06-26 18:07:20.974000,25
train/44b6_90724892.zarr/0/c/13/0/0/0,4664309,2026-06-26 18:07:22.217000,25
train/44b6_90724892.zarr/0/c/14/0/0/0,4660993,2026-06-26 18:07:24.444000,25
train/44b6_90724892.zarr/0/c/15/0/0/0,4660444,2026-06-26 18:07:26.647000,25
train/44b6_90724892.zarr/0/c/16/0/0/0,4647100,2026-06-26 18:07:29.750000,25
train/44b6_90724892.zarr/0/c/17/0/0/0,4638429,2026-06-26 18:07:32.786000,25
train/44b6_90724892.zarr/0/c/18/0/0/0,4639629,2026-06-26 18:07:32.066000,25
train/44b6_90724892.zarr/0/c/19/0/0/0,4653674,2026-06-26 18:07:22.196000,25
train/44b6_90724892.zarr/0/c/2/0/0/0,4552707,2026-06-26 18:07:20.415000,25
train/44b6_90724892.zarr/0/c/20/0/0/0,4666667,2026-06-26 18:07:24.954000,25
train/44b6_90724892.zarr/0/c/21/0/0/0,4659740,2026-06-26 18:07:26.909000,25
train/44b6_90724892.zarr/0/c/22/0/0/0,4657462,2026-06-26 18:07:32.654000,25
train/44b6_90724892.zarr/0/c/23/0/0/0,4664346,2026-06-26 18:07:18.784000,25
train/44b6_90724892.zarr/0/c/24/0/0/0,4687792,2026-06-26 18:07:25.036000,25
train/44b6_90724892.zarr/0/c/25/0/0/0,4705313,2026-06-26 18:07:18.929000,25
train/44b6_90724892.zarr/0/c/26/0/0/0,4708739,2026-06-26 18:07:33.038000,26
train/44b6_90724892.zarr/0/c/27/0/0/0,4721889,2026-06-26 18:07:31.701000,26
train/44b6_90724892.zarr/0/c/28/0/0/0,4714608,2026-06-26 18:07:31.232000,26
train/44b6_90724892.zarr/0/c/29/0/0/0,4715907,2026-06-26 18:07:20.509000,26
train/44b6_90724892.zarr/0/c/3/0/0/0,4564469,2026-06-26 18:07:25.357000,26
train/44b6_90724892.zarr/0/c/30/0/0/0,4725364,2026-06-26 18:07:23.723000,26
train/44b6_90724892.zarr/0/c/31/0/0/0,4730681,2026-06-26 18:07:32.531000,26
train/44b6_90724892.zarr/0/c/32/0/0/0,4738171,2026-06-26 18:07:30.568000,26
train/44b6_90724892.zarr/0/c/33/0/0/0,4748829,2026-06-26 18:07:20.149000,26
train/44b6_90724892.zarr/0/c/34/0/0/0,4764290,2026-06-26 18:07:21.845000,26
train/44b6_90724892.zarr/0/c/35/0/0/0,4766817,2026-06-26 18:07:20.692000,26
train/44b6_90724892.zarr/0/c/36/0/0/0,4769233,2026-06-26 18:07:27.415000,26
train/44b6_90724892.zarr/0/c/37/0/0/0,4771478,2026-06-26 18:07:31.576000,26
train/44b6_90724892.zarr/0/c/38/0/0/0,4772297,2026-06-26 18:07:31.357000,26
train/44b6_90724892.zarr/0/c/39/0/0/0,4778918,2026-06-26 18:07:23.606000,26
train/44b6_90724892.zarr/0/c/4/0/0/0,4574119,2026-06-26 18:07:22.522000,26
train/44b6_90724892.zarr/0/c/40/0/0/0,4794137,2026-06-26 18:07:19.201000,26
train/44b6_90724892.zarr/0/c/41/0/0/0,4805628,2026-06-26 18:07:24.235000,26
train/44b6_90724892.zarr/0/c/42/0/0/0,4817020,2026-06-26 18:07:26.286000,26
train/44b6_90724892.zarr/0/c/43/0/0/0,4822539,2026-06-26 18:07:32.796000,26
train/44b6_90724892.zarr/0/c/44/0/0/0,4840196,2026-06-26 18:07:28.446000,26
train/44b6_90724892.zarr/0/c/45/0/0/0,4834594,2026-06-26 18:07:21.727000,26
train/44b6_90724892.zarr/0/c/46/0/0/0,4835244,2026-06-26 18:07:20.790000,26
train/44b6_90724892.zarr/0/c/47/0/0/0,4836520,2026-06-26 18:07:23.856000,26
train/44b6_90724892.zarr/0/c/48/0/0/0,4832339,2026-06-26 18:07:18.178000,26
train/44b6_90724892.zarr/0/c/49/0/0/0,4840837,2026-06-26 18:07:20.262000,26
train/44b6_90724892.zarr/0/c/5/0/0/0,4587545,2026-06-26 18:07:31.849000,26
train/44b6_90724892.zarr/0/c/50/0/0/0,4833640,2026-06-26 18:07:25.532000,26
train/44b6_90724892.zarr/0/c/51/0/0/0,4842117,2026-06-26 18:07:25.731000,26
train/44b6_90724892.zarr/0/c/52/0/0/0,4843397,2026-06-26 18:07:27.681000,26
train/44b6_90724892.zarr/0/c/53/0/0/0,4844358,2026-06-26 18:07:30.857000,26
train/44b6_90724892.zarr/0/c/54/0/0/0,4839689,2026-06-26 18:07:28.045000,26
train/44b6_90724892.zarr/0/c/55/0/0/0,4847929,2026-06-26 18:07:30.431000,26
train/44b6_90724892.zarr/0/c/56/0/0/0,4843609,2026-06-26 18:07:27.149000,26
train/44b6_90724892.zarr/0/c/57/0/0/0,4846489,2026-06-26 18:07:27.810000,26
train/44b6_90724892.zarr/0/c/58/0/0/0,4841592,2026-06-26 18:07:30.976000,26
train/44b6_90724892.zarr/0/c/59/0/0/0,4836048,2026-06-26 18:07:22.374000,26
train/44b6_90724892.zarr/0/c/6/0/0/0,4592696,2026-06-26 18:07:28.796000,26
train/44b6_90724892.zarr/0/c/60/0/0/0,4831328,2026-06-26 18:07:32.964000,26
train/44b6_90724892.zarr/0/c/61/0/0/0,4845952,2026-06-26 18:07:19.872000,26
train/44b6_90724892.zarr/0/c/62/0/0/0,4844826,2026-06-26 18:07:31.076000,26
train/44b6_90724892.zarr/0/c/63/0/0/0,4850074,2026-06-26 18:07:25.600000,26
train/44b6_90724892.zarr/0/c/64/0/0/0,4836276,2026-06-26 18:07:18.537000,26
train/44b6_90724892.zarr/0/c/65/0/0/0,4822232,2026-06-26 18:07:31.508000,26
train/44b6_90724892.zarr/0/c/66/0/0/0,4823113,2026-06-26 18:07:19.708000,26
train/44b6_90724892.zarr/0/c/67/0/0/0,4794369,2026-06-26 18:07:27.283000,26
train/44b6_90724892.zarr/0/c/68/0/0/0,4794861,2026-06-26 18:07:28.995000,26
train/44b6_90724892.zarr/0/c/69/0/0/0,4777616,2026-06-26 18:07:21.974000,26
train/44b6_90724892.zarr/0/c/7/0/0/0,4585552,2026-06-26 18:07:26.751000,26
train/44b6_90724892.zarr/0/c/70/0/0/0,4784605,2026-06-26 18:07:23.215000,26
train/44b6_90724892.zarr/0/c/71/0/0/0,4767586,2026-06-26 18:07:23.340000,26
train/44b6_90724892.zarr/0/c/72/0/0/0,4765243,2026-06-26 18:07:24.421000,26
train/44b6_90724892.zarr/0/c/73/0/0/0,4767025,2026-06-26 18:07:19.553000,26
train/44b6_90724892.zarr/0/c/74/0/0/0,4757804,2026-06-26 18:07:28.320000,26
train/44b6_90724892.zarr/0/c/75/0/0/0,4783811,2026-06-26 18:07:22.727000,26
train/44b6_90724892.zarr/0/c/76/0/0/0,4798228,2026-06-26 18:07:21.239000,26
train/44b6_90724892.zarr/0/c/77/0/0/0,4788262,2026-06-26 18:07:19.184000,26
train/44b6_90724892.zarr/0/c/78/0/0/0,4795530,2026-06-26 18:07:20.877000,26
train/44b6_90724892.zarr/0/c/79/0/0/0,4780685,2026-06-26 18:07:30.037000,26
train/44b6_90724892.zarr/0/c/8/0/0/0,4580767,2026-06-26 18:07:23.509000,26
train/44b6_90724892.zarr/0/c/80/0/0/0,4790506,2026-06-26 18:07:30.284000,26
train/44b6_90724892.zarr/0/c/81/0/0/0,4772241,2026-06-26 18:07:32.335000,26
train/44b6_90724892.zarr/0/c/82/0/0/0,4777557,2026-06-26 18:07:32.200000,26
train/44b6_90724892.zarr/0/c/83/0/0/0,4768271,2026-06-26 18:07:25.908000,26
train/44b6_90724892.zarr/0/c/84/0/0/0,4771692,2026-06-26 18:07:22.930000,26
train/44b6_90724892.zarr/0/c/85/0/0/0,4755003,2026-06-26 18:07:29.917000,26
train/44b6_90724892.zarr/0/c/86/0/0/0,4748413,2026-06-26 18:07:27.541000,26
train/44b6_90724892.zarr/0/c/87/0/0/0,4738327,2026-06-26 18:07:29.474000,26
train/44b6_90724892.zarr/0/c/88/0/0/0,4732721,2026-06-26 18:07:30.136000,26
train/44b6_90724892.zarr/0/c/89/0/0/0,4729013,2026-06-26 18:07:21.569000,26
train/44b6_90724892.zarr/0/c/9/0/0/0,4608097,2026-06-26 18:07:24.057000,26
train/44b6_90724892.zarr/0/c/90/0/0/0,4715200,2026-06-26 18:07:29.299000,26
train/44b6_90724892.zarr/0/c/91/0/0/0,4722330,2026-06-26 18:07:28.213000,26
train/44b6_90724892.zarr/0/c/92/0/0/0,4711215,2026-06-26 18:07:30.749000,26
train/44b6_90724892.zarr/0/c/93/0/0/0,4700553,2026-06-26 18:07:19.359000,26
train/44b6_90724892.zarr/0/c/94/0/0/0,4702295,2026-06-26 18:07:31.967000,26
train/44b6_90724892.zarr/0/c/95/0/0/0,4691151,2026-06-26 18:07:21.374000,26
train/44b6_90724892.zarr/0/c/96/0/0/0,4676207,2026-06-26 18:07:20.010000,26
train/44b6_90724892.zarr/0/c/97/0/0/0,4669142,2026-06-26 18:07:29.090000,26
train/44b6_90724892.zarr/0/c/98/0/0/0,4671372,2026-06-26 18:07:25.335000,26
train/44b6_90724892.zarr/0/c/99/0/0/0,4665300,2026-06-26 18:07:24.707000,26
train/44b6_90724892.zarr/0/zarr.json,760,2026-06-26 18:07:33.005000,26
train/44b6_90724892.zarr/zarr.json,1293,2026-06-26 18:07:32.998000,26
train/44b6_949adeb1.geff/edges/ids/c/0/0,1141,2026-06-26 18:25:53.288000,26
train/44b6_949adeb1.geff/edges/ids/zarr.json,636,2026-06-26 18:25:53.324000,26
train/44b6_949adeb1.geff/edges/props/zarr.json,99,2026-06-26 18:25:53.319000,26
train/44b6_949adeb1.geff/edges/zarr.json,99,2026-06-26 18:25:53.311000,26
train/44b6_949adeb1.geff/nodes/ids/c/0,720,2026-06-26 18:25:53.299000,26
train/44b6_949adeb1.geff/nodes/ids/zarr.json,618,2026-06-26 18:25:53.295000,26
train/44b6_949adeb1.geff/nodes/props/t/values/c/0,177,2026-06-26 18:25:53.269000,26
train/44b6_949adeb1.geff/nodes/props/t/values/zarr.json,617,2026-06-26 18:25:53.282000,26
train/44b6_949adeb1.geff/nodes/props/t/zarr.json,99,2026-06-26 18:25:53.284000,26
train/44b6_949adeb1.geff/nodes/props/x/values/c/0,466,2026-06-26 18:25:53.317000,26
train/44b6_949adeb1.geff/nodes/props/x/values/zarr.json,617,2026-06-26 18:25:53.302000,26
train/44b6_949adeb1.geff/nodes/props/x/zarr.json,99,2026-06-26 18:25:53.339000,26
train/44b6_949adeb1.geff/nodes/props/y/values/c/0,431,2026-06-26 18:25:53.284000,26
train/44b6_949adeb1.geff/nodes/props/y/values/zarr.json,617,2026-06-26 18:25:53.313000,26
train/44b6_949adeb1.geff/nodes/props/y/zarr.json,99,2026-06-26 18:25:53.295000,26
train/44b6_949adeb1.geff/nodes/props/z/values/c/0,347,2026-06-26 18:25:53.295000,26
train/44b6_949adeb1.geff/nodes/props/z/values/zarr.json,617,2026-06-26 18:25:53.280000,26
train/44b6_949adeb1.geff/nodes/props/z/zarr.json,99,2026-06-26 18:25:53.275000,26
train/44b6_949adeb1.geff/nodes/props/zarr.json,99,2026-06-26 18:25:53.277000,26
train/44b6_949adeb1.geff/nodes/zarr.json,99,2026-06-26 18:25:53.297000,26
train/44b6_949adeb1.geff/zarr.json,2101,2026-06-26 18:25:53.309000,26
train/44b6_949adeb1.zarr/0/c/0/0/0/0,4664703,2026-06-26 18:33:05.849000,26
train/44b6_949adeb1.zarr/0/c/1/0/0/0,4700304,2026-06-26 18:33:03.699000,26
train/44b6_949adeb1.zarr/0/c/10/0/0/0,4788413,2026-06-26 18:33:09.179000,26
train/44b6_949adeb1.zarr/0/c/11/0/0/0,4827167,2026-06-26 18:33:06.533000,26
train/44b6_949adeb1.zarr/0/c/12/0/0/0,4829214,2026-06-26 18:33:00.566000,26
train/44b6_949adeb1.zarr/0/c/13/0/0/0,4835314,2026-06-26 18:33:01.611000,26
train/44b6_949adeb1.zarr/0/c/14/0/0/0,4838160,2026-06-26 18:33:03.733000,26
train/44b6_949adeb1.zarr/0/c/15/0/0/0,4860500,2026-06-26 18:33:05.938000,26
train/44b6_949adeb1.zarr/0/c/16/0/0/0,4859692,2026-06-26 18:33:09.307000,26
train/44b6_949adeb1.zarr/0/c/17/0/0/0,4876819,2026-06-26 18:33:13.271000,26
train/44b6_949adeb1.zarr/0/c/18/0/0/0,4884640,2026-06-26 18:33:12.462000,26
train/44b6_949adeb1.zarr/0/c/19/0/0/0,4893440,2026-06-26 18:33:01.643000,26
train/44b6_949adeb1.zarr/0/c/2/0/0/0,4721804,2026-06-26 18:32:59.895000,26
train/44b6_949adeb1.zarr/0/c/20/0/0/0,4902753,2026-06-26 18:33:04.135000,26
train/44b6_949adeb1.zarr/0/c/21/0/0/0,4914929,2026-06-26 18:33:06.326000,26
train/44b6_949adeb1.zarr/0/c/22/0/0/0,4922625,2026-06-26 18:33:13.164000,26
train/44b6_949adeb1.zarr/0/c/23/0/0/0,4947082,2026-06-26 18:32:58.060000,26
train/44b6_949adeb1.zarr/0/c/24/0/0/0,4966284,2026-06-26 18:33:04.306000,26
train/44b6_949adeb1.zarr/0/c/25/0/0/0,4978382,2026-06-26 18:32:58.293000,26
train/44b6_949adeb1.zarr/0/c/26/0/0/0,4963446,2026-06-26 18:33:13.779000,26
train/44b6_949adeb1.zarr/0/c/27/0/0/0,4973156,2026-06-26 18:33:11.973000,26
train/44b6_949adeb1.zarr/0/c/28/0/0/0,4970104,2026-06-26 18:33:11.347000,26
train/44b6_949adeb1.zarr/0/c/29/0/0/0,5000323,2026-06-26 18:33:00.107000,26
train/44b6_949adeb1.zarr/0/c/3/0/0/0,4733150,2026-06-26 18:33:04.512000,26
train/44b6_949adeb1.zarr/0/c/30/0/0/0,5002414,2026-06-26 18:33:02.842000,26
train/44b6_949adeb1.zarr/0/c/31/0/0/0,5007109,2026-06-26 18:33:13.069000,26
train/44b6_949adeb1.zarr/0/c/32/0/0/0,5027237,2026-06-26 18:33:10.575000,26
train/44b6_949adeb1.zarr/0/c/33/0/0/0,5042672,2026-06-26 18:32:59.584000,26
train/44b6_949adeb1.zarr/0/c/34/0/0/0,5051299,2026-06-26 18:33:01.308000,26
train/44b6_949adeb1.zarr/0/c/35/0/0/0,5064945,2026-06-26 18:33:00.238000,26
train/44b6_949adeb1.zarr/0/c/36/0/0/0,5082988,2026-06-26 18:33:07.092000,26
train/44b6_949adeb1.zarr/0/c/37/0/0/0,5086065,2026-06-26 18:33:11.906000,26
train/44b6_949adeb1.zarr/0/c/38/0/0/0,5086275,2026-06-26 18:33:11.514000,26
train/44b6_949adeb1.zarr/0/c/39/0/0/0,5088138,2026-06-26 18:33:02.721000,26
train/44b6_949adeb1.zarr/0/c/4/0/0/0,4748431,2026-06-26 18:33:01.910000,26
train/44b6_949adeb1.zarr/0/c/40/0/0/0,5090628,2026-06-26 18:32:58.572000,26
train/44b6_949adeb1.zarr/0/c/41/0/0/0,5103518,2026-06-26 18:33:03.364000,26
train/44b6_949adeb1.zarr/0/c/42/0/0/0,5126261,2026-06-26 18:33:05.621000,26
train/44b6_949adeb1.zarr/0/c/43/0/0/0,5132469,2026-06-26 18:33:13.418000,26
train/44b6_949adeb1.zarr/0/c/44/0/0/0,5145254,2026-06-26 18:33:08.203000,26
train/44b6_949adeb1.zarr/0/c/45/0/0/0,5142742,2026-06-26 18:33:01.181000,26
train/44b6_949adeb1.zarr/0/c/46/0/0/0,5147914,2026-06-26 18:33:00.303000,26
train/44b6_949adeb1.zarr/0/c/47/0/0/0,5153855,2026-06-26 18:33:02.981000,26
train/44b6_949adeb1.zarr/0/c/48/0/0/0,5168647,2026-06-26 18:32:57.795000,26
train/44b6_949adeb1.zarr/0/c/49/0/0/0,5183163,2026-06-26 18:32:59.762000,26
train/44b6_949adeb1.zarr/0/c/5/0/0/0,4745838,2026-06-26 18:33:12.042000,26
train/44b6_949adeb1.zarr/0/c/50/0/0/0,5193398,2026-06-26 18:33:05.045000,26
train/44b6_949adeb1.zarr/0/c/51/0/0/0,5198473,2026-06-26 18:33:05.352000,26
train/44b6_949adeb1.zarr/0/c/52/0/0/0,5213411,2026-06-26 18:33:07.408000,26
train/44b6_949adeb1.zarr/0/c/53/0/0/0,5231220,2026-06-26 18:33:10.772000,26
train/44b6_949adeb1.zarr/0/c/54/0/0/0,5232271,2026-06-26 18:33:07.850000,26
train/44b6_949adeb1.zarr/0/c/55/0/0/0,5242968,2026-06-26 18:33:10.086000,26
train/44b6_949adeb1.zarr/0/c/56/0/0/0,5254100,2026-06-26 18:33:06.692000,26
train/44b6_949adeb1.zarr/0/c/57/0/0/0,5259922,2026-06-26 18:33:07.624000,26
train/44b6_949adeb1.zarr/0/c/58/0/0/0,5277088,2026-06-26 18:33:10.999000,26
train/44b6_949adeb1.zarr/0/c/59/0/0/0,5279056,2026-06-26 18:33:01.780000,26
train/44b6_949adeb1.zarr/0/c/6/0/0/0,4748529,2026-06-26 18:33:08.372000,26
train/44b6_949adeb1.zarr/0/c/60/0/0/0,5291346,2026-06-26 18:33:13.602000,26
train/44b6_949adeb1.zarr/0/c/61/0/0/0,5303357,2026-06-26 18:32:59.326000,26
train/44b6_949adeb1.zarr/0/c/62/0/0/0,5304278,2026-06-26 18:33:11.117000,26
train/44b6_949adeb1.zarr/0/c/63/0/0/0,5311124,2026-06-26 18:33:05.203000,26
train/44b6_949adeb1.zarr/0/c/64/0/0/0,5317215,2026-06-26 18:32:57.982000,26
train/44b6_949adeb1.zarr/0/c/65/0/0/0,5325018,2026-06-26 18:33:11.665000,26
train/44b6_949adeb1.zarr/0/c/66/0/0/0,5342795,2026-06-26 18:32:59.221000,26
train/44b6_949adeb1.zarr/0/c/67/0/0/0,5346616,2026-06-26 18:33:06.855000,26
train/44b6_949adeb1.zarr/0/c/68/0/0/0,5357369,2026-06-26 18:33:08.490000,26
train/44b6_949adeb1.zarr/0/c/69/0/0/0,5367674,2026-06-26 18:33:01.378000,26
train/44b6_949adeb1.zarr/0/c/7/0/0/0,4757860,2026-06-26 18:33:06.172000,26
train/44b6_949adeb1.zarr/0/c/70/0/0/0,5382949,2026-06-26 18:33:02.314000,26
train/44b6_949adeb1.zarr/0/c/71/0/0/0,5385877,2026-06-26 18:33:02.471000,26
train/44b6_949adeb1.zarr/0/c/72/0/0/0,5401746,2026-06-26 18:33:03.458000,26
train/44b6_949adeb1.zarr/0/c/73/0/0/0,5393870,2026-06-26 18:32:59.090000,26
train/44b6_949adeb1.zarr/0/c/74/0/0/0,5398257,2026-06-26 18:33:08.104000,26
train/44b6_949adeb1.zarr/0/c/75/0/0/0,5408208,2026-06-26 18:33:02.060000,26
train/44b6_949adeb1.zarr/0/c/76/0/0/0,5419681,2026-06-26 18:33:00.714000,26
train/44b6_949adeb1.zarr/0/c/77/0/0/0,5427060,2026-06-26 18:32:58.438000,26
train/44b6_949adeb1.zarr/0/c/78/0/0/0,5431327,2026-06-26 18:33:00.461000,26
train/44b6_949adeb1.zarr/0/c/79/0/0/0,5443687,2026-06-26 18:33:09.620000,26
train/44b6_949adeb1.zarr/0/c/8/0/0/0,4754510,2026-06-26 18:33:02.534000,26
train/44b6_949adeb1.zarr/0/c/80/0/0/0,5441518,2026-06-26 18:33:09.948000,26
train/44b6_949adeb1.zarr/0/c/81/0/0/0,5452449,2026-06-26 18:33:12.855000,26
train/44b6_949adeb1.zarr/0/c/82/0/0/0,5462787,2026-06-26 18:33:12.649000,26
train/44b6_949adeb1.zarr/0/c/83/0/0/0,5473229,2026-06-26 18:33:05.490000,26
train/44b6_949adeb1.zarr/0/c/84/0/0/0,5481709,2026-06-26 18:33:02.190000,26
train/44b6_949adeb1.zarr/0/c/85/0/0/0,5495824,2026-06-26 18:33:09.490000,26
train/44b6_949adeb1.zarr/0/c/86/0/0/0,5503652,2026-06-26 18:33:07.236000,26
train/44b6_949adeb1.zarr/0/c/87/0/0/0,5509218,2026-06-26 18:33:08.935000,26
train/44b6_949adeb1.zarr/0/c/88/0/0/0,5521360,2026-06-26 18:33:09.864000,26
train/44b6_949adeb1.zarr/0/c/89/0/0/0,5526173,2026-06-26 18:33:01.304000,26
train/44b6_949adeb1.zarr/0/c/9/0/0/0,4774425,2026-06-26 18:33:03.368000,26
train/44b6_949adeb1.zarr/0/c/90/0/0/0,5537136,2026-06-26 18:33:08.834000,26
train/44b6_949adeb1.zarr/0/c/91/0/0/0,5542442,2026-06-26 18:33:07.931000,26
train/44b6_949adeb1.zarr/0/c/92/0/0/0,5545755,2026-06-26 18:33:10.879000,26
train/44b6_949adeb1.zarr/0/c/93/0/0/0,5551664,2026-06-26 18:32:58.770000,26
train/44b6_949adeb1.zarr/0/c/94/0/0/0,5564001,2026-06-26 18:33:12.294000,26
train/44b6_949adeb1.zarr/0/c/95/0/0/0,5569444,2026-06-26 18:33:00.874000,26
train/44b6_949adeb1.zarr/0/c/96/0/0/0,5573749,2026-06-26 18:32:59.453000,27
train/44b6_949adeb1.zarr/0/c/97/0/0/0,5581864,2026-06-26 18:33:08.716000,27
train/44b6_949adeb1.zarr/0/c/98/0/0/0,5587900,2026-06-26 18:33:04.977000,27
train/44b6_949adeb1.zarr/0/c/99/0/0/0,5582058,2026-06-26 18:33:03.948000,27
train/44b6_949adeb1.zarr/0/zarr.json,760,2026-06-26 18:33:13.778000,27
train/44b6_949adeb1.zarr/zarr.json,1319,2026-06-26 18:33:13.719000,27
train/44b6_95029e92.geff/edges/ids/c/0/0,798,2026-06-26 18:14:15.518000,27
train/44b6_95029e92.geff/edges/ids/zarr.json,636,2026-06-26 18:14:15.516000,27
train/44b6_95029e92.geff/edges/props/zarr.json,99,2026-06-26 18:14:15.518000,27
train/44b6_95029e92.geff/edges/zarr.json,99,2026-06-26 18:14:15.520000,27
train/44b6_95029e92.geff/nodes/ids/c/0,646,2026-06-26 18:14:15.528000,27
train/44b6_95029e92.geff/nodes/ids/zarr.json,618,2026-06-26 18:14:15.519000,27
train/44b6_95029e92.geff/nodes/props/t/values/c/0,138,2026-06-26 18:14:15.547000,27
train/44b6_95029e92.geff/nodes/props/t/values/zarr.json,617,2026-06-26 18:14:15.523000,27
train/44b6_95029e92.geff/nodes/props/t/zarr.json,99,2026-06-26 18:14:15.537000,27
train/44b6_95029e92.geff/nodes/props/x/values/c/0,222,2026-06-26 18:14:15.505000,27
train/44b6_95029e92.geff/nodes/props/x/values/zarr.json,617,2026-06-26 18:14:15.523000,27
train/44b6_95029e92.geff/nodes/props/x/zarr.json,99,2026-06-26 18:14:15.513000,27
train/44b6_95029e92.geff/nodes/props/y/values/c/0,263,2026-06-26 18:14:15.531000,27
train/44b6_95029e92.geff/nodes/props/y/values/zarr.json,617,2026-06-26 18:14:15.526000,27
train/44b6_95029e92.geff/nodes/props/y/zarr.json,99,2026-06-26 18:14:15.516000,27
train/44b6_95029e92.geff/nodes/props/z/values/c/0,172,2026-06-26 18:14:15.520000,27
train/44b6_95029e92.geff/nodes/props/z/values/zarr.json,617,2026-06-26 18:14:15.510000,27
train/44b6_95029e92.geff/nodes/props/z/zarr.json,99,2026-06-26 18:14:15.530000,27
train/44b6_95029e92.geff/nodes/props/zarr.json,99,2026-06-26 18:14:15.504000,27
train/44b6_95029e92.geff/nodes/zarr.json,99,2026-06-26 18:14:15.526000,27
train/44b6_95029e92.geff/zarr.json,2102,2026-06-26 18:14:15.526000,27
train/44b6_95029e92.zarr/0/c/0/0/0/0,3608368,2026-06-26 18:20:20.937000,27
train/44b6_95029e92.zarr/0/c/1/0/0/0,3610348,2026-06-26 18:20:19.847000,27
train/44b6_95029e92.zarr/0/c/10/0/0/0,3612424,2026-06-26 18:20:22.971000,27
train/44b6_95029e92.zarr/0/c/11/0/0/0,3623197,2026-06-26 18:20:21.290000,27
train/44b6_95029e92.zarr/0/c/12/0/0/0,3624031,2026-06-26 18:20:17.114000,27
train/44b6_95029e92.zarr/0/c/13/0/0/0,3630136,2026-06-26 18:20:17.698000,27
train/44b6_95029e92.zarr/0/c/14/0/0/0,3629356,2026-06-26 18:20:19.764000,27
train/44b6_95029e92.zarr/0/c/15/0/0/0,3640548,2026-06-26 18:20:21.028000,27
train/44b6_95029e92.zarr/0/c/16/0/0/0,3645150,2026-06-26 18:20:23.112000,27
train/44b6_95029e92.zarr/0/c/17/0/0/0,3641551,2026-06-26 18:20:25.663000,27
train/44b6_95029e92.zarr/0/c/18/0/0/0,3643518,2026-06-26 18:20:25.148000,27
train/44b6_95029e92.zarr/0/c/19/0/0/0,3636389,2026-06-26 18:20:17.798000,27
train/44b6_95029e92.zarr/0/c/2/0/0/0,3614929,2026-06-26 18:20:16.628000,27
train/44b6_95029e92.zarr/0/c/20/0/0/0,3658109,2026-06-26 18:20:20.088000,27
train/44b6_95029e92.zarr/0/c/21/0/0/0,3645430,2026-06-26 18:20:21.213000,27
train/44b6_95029e92.zarr/0/c/22/0/0/0,3649026,2026-06-26 18:20:25.549000,27
train/44b6_95029e92.zarr/0/c/23/0/0/0,3653358,2026-06-26 18:20:15.518000,27
train/44b6_95029e92.zarr/0/c/24/0/0/0,3647286,2026-06-26 18:20:20.156000,27
train/44b6_95029e92.zarr/0/c/25/0/0/0,3641208,2026-06-26 18:20:15.611000,27
train/44b6_95029e92.zarr/0/c/26/0/0/0,3642800,2026-06-26 18:20:25.971000,27
train/44b6_95029e92.zarr/0/c/27/0/0/0,3646046,2026-06-26 18:20:24.917000,27
train/44b6_95029e92.zarr/0/c/28/0/0/0,3636186,2026-06-26 18:20:24.499000,27
train/44b6_95029e92.zarr/0/c/29/0/0/0,3642329,2026-06-26 18:20:16.728000,27
train/44b6_95029e92.zarr/0/c/3/0/0/0,3609746,2026-06-26 18:20:20.268000,27
train/44b6_95029e92.zarr/0/c/30/0/0/0,3644428,2026-06-26 18:20:19.029000,27
train/44b6_95029e92.zarr/0/c/31/0/0/0,3649894,2026-06-26 18:20:25.456000,27
train/44b6_95029e92.zarr/0/c/32/0/0/0,3645729,2026-06-26 18:20:24.058000,27
train/44b6_95029e92.zarr/0/c/33/0/0/0,3643150,2026-06-26 18:20:16.428000,27
train/44b6_95029e92.zarr/0/c/34/0/0/0,3643612,2026-06-26 18:20:17.569000,27
train/44b6_95029e92.zarr/0/c/35/0/0/0,3642675,2026-06-26 18:20:16.824000,27
train/44b6_95029e92.zarr/0/c/36/0/0/0,3643421,2026-06-26 18:20:21.620000,27
train/44b6_95029e92.zarr/0/c/37/0/0/0,3641721,2026-06-26 18:20:24.829000,27
train/44b6_95029e92.zarr/0/c/38/0/0/0,3643892,2026-06-26 18:20:24.504000,27
train/44b6_95029e92.zarr/0/c/39/0/0/0,3644137,2026-06-26 18:20:18.995000,27
train/44b6_95029e92.zarr/0/c/4/0/0/0,3608307,2026-06-26 18:20:17.995000,27
train/44b6_95029e92.zarr/0/c/40/0/0/0,3654515,2026-06-26 18:20:15.798000,27
train/44b6_95029e92.zarr/0/c/41/0/0/0,3645466,2026-06-26 18:20:19.298000,27
train/44b6_95029e92.zarr/0/c/42/0/0/0,3646621,2026-06-26 18:20:20.788000,27
train/44b6_95029e92.zarr/0/c/43/0/0/0,3633815,2026-06-26 18:20:25.778000,27
train/44b6_95029e92.zarr/0/c/44/0/0/0,3638915,2026-06-26 18:20:22.433000,27
train/44b6_95029e92.zarr/0/c/45/0/0/0,3638956,2026-06-26 18:20:17.528000,27
train/44b6_95029e92.zarr/0/c/46/0/0/0,3647362,2026-06-26 18:20:16.951000,27
train/44b6_95029e92.zarr/0/c/47/0/0/0,3647003,2026-06-26 18:20:19.138000,27
train/44b6_95029e92.zarr/0/c/48/0/0/0,3639462,2026-06-26 18:20:15.235000,27
train/44b6_95029e92.zarr/0/c/49/0/0/0,3644355,2026-06-26 18:20:16.547000,27
train/44b6_95029e92.zarr/0/c/5/0/0/0,3605219,2026-06-26 18:20:25.006000,27
train/44b6_95029e92.zarr/0/c/50/0/0/0,3644422,2026-06-26 18:20:20.447000,27
train/44b6_95029e92.zarr/0/c/51/0/0/0,3652549,2026-06-26 18:20:20.572000,27
train/44b6_95029e92.zarr/0/c/52/0/0/0,3656016,2026-06-26 18:20:21.841000,27
train/44b6_95029e92.zarr/0/c/53/0/0/0,3652227,2026-06-26 18:20:24.205000,27
train/44b6_95029e92.zarr/0/c/54/0/0/0,3658257,2026-06-26 18:20:22.234000,27
train/44b6_95029e92.zarr/0/c/55/0/0/0,3658257,2026-06-26 18:20:23.757000,27
train/44b6_95029e92.zarr/0/c/56/0/0/0,3662708,2026-06-26 18:20:21.406000,27
train/44b6_95029e92.zarr/0/c/57/0/0/0,3658408,2026-06-26 18:20:22.027000,27
train/44b6_95029e92.zarr/0/c/58/0/0/0,3657725,2026-06-26 18:20:24.318000,27
train/44b6_95029e92.zarr/0/c/59/0/0/0,3661432,2026-06-26 18:20:17.929000,27
train/44b6_95029e92.zarr/0/c/6/0/0/0,3624460,2026-06-26 18:20:22.510000,27
train/44b6_95029e92.zarr/0/c/60/0/0/0,3662259,2026-06-26 18:20:25.865000,27
train/44b6_95029e92.zarr/0/c/61/0/0/0,3667437,2026-06-26 18:20:16.209000,27
train/44b6_95029e92.zarr/0/c/62/0/0/0,3669348,2026-06-26 18:20:24.395000,27
train/44b6_95029e92.zarr/0/c/63/0/0/0,3657583,2026-06-26 18:20:20.534000,27
train/44b6_95029e92.zarr/0/c/64/0/0/0,3657882,2026-06-26 18:20:15.324000,27
train/44b6_95029e92.zarr/0/c/65/0/0/0,3661092,2026-06-26 18:20:24.700000,27
train/44b6_95029e92.zarr/0/c/66/0/0/0,3664353,2026-06-26 18:20:16.113000,27
train/44b6_95029e92.zarr/0/c/67/0/0/0,3658733,2026-06-26 18:20:21.514000,27
train/44b6_95029e92.zarr/0/c/68/0/0/0,3651728,2026-06-26 18:20:22.625000,27
train/44b6_95029e92.zarr/0/c/69/0/0/0,3652585,2026-06-26 18:20:17.610000,27
train/44b6_95029e92.zarr/0/c/7/0/0/0,3616585,2026-06-26 18:20:21.078000,27
train/44b6_95029e92.zarr/0/c/70/0/0/0,3645316,2026-06-26 18:20:18.596000,27
train/44b6_95029e92.zarr/0/c/71/0/0/0,3637071,2026-06-26 18:20:18.680000,27
train/44b6_95029e92.zarr/0/c/72/0/0/0,3635736,2026-06-26 18:20:19.505000,27
train/44b6_95029e92.zarr/0/c/73/0/0/0,3633755,2026-06-26 18:20:16.032000,27
train/44b6_95029e92.zarr/0/c/74/0/0/0,3627984,2026-06-26 18:20:22.319000,27
train/44b6_95029e92.zarr/0/c/75/0/0/0,3620740,2026-06-26 18:20:18.375000,27
train/44b6_95029e92.zarr/0/c/76/0/0/0,3616136,2026-06-26 18:20:17.210000,27
train/44b6_95029e92.zarr/0/c/77/0/0/0,3607550,2026-06-26 18:20:15.679000,27
train/44b6_95029e92.zarr/0/c/78/0/0/0,3601933,2026-06-26 18:20:17.021000,27
train/44b6_95029e92.zarr/0/c/79/0/0/0,3607443,2026-06-26 18:20:23.313000,27
train/44b6_95029e92.zarr/0/c/8/0/0/0,3618201,2026-06-26 18:20:18.799000,27
train/44b6_95029e92.zarr/0/c/80/0/0/0,3604577,2026-06-26 18:20:23.510000,27
train/44b6_95029e92.zarr/0/c/81/0/0/0,3604677,2026-06-26 18:20:25.393000,27
train/44b6_95029e92.zarr/0/c/82/0/0/0,3605554,2026-06-26 18:20:25.216000,27
train/44b6_95029e92.zarr/0/c/83/0/0/0,3599669,2026-06-26 18:20:20.746000,27
train/44b6_95029e92.zarr/0/c/84/0/0/0,3600508,2026-06-26 18:20:18.541000,27
train/44b6_95029e92.zarr/0/c/85/0/0/0,3599673,2026-06-26 18:20:23.336000,27
train/44b6_95029e92.zarr/0/c/86/0/0/0,3594583,2026-06-26 18:20:21.715000,27
train/44b6_95029e92.zarr/0/c/87/0/0/0,3586360,2026-06-26 18:20:22.900000,27
train/44b6_95029e92.zarr/0/c/88/0/0/0,3588530,2026-06-26 18:20:23.480000,27
train/44b6_95029e92.zarr/0/c/89/0/0/0,3589736,2026-06-26 18:20:17.378000,27
train/44b6_95029e92.zarr/0/c/9/0/0/0,3619584,2026-06-26 18:20:19.236000,27
train/44b6_95029e92.zarr/0/c/90/0/0/0,3584725,2026-06-26 18:20:22.807000,27
train/44b6_95029e92.zarr/0/c/91/0/0/0,3588843,2026-06-26 18:20:22.283000,27
train/44b6_95029e92.zarr/0/c/92/0/0/0,3584524,2026-06-26 18:20:24.140000,27
train/44b6_95029e92.zarr/0/c/93/0/0/0,3586722,2026-06-26 18:20:15.915000,27
train/44b6_95029e92.zarr/0/c/94/0/0/0,3583229,2026-06-26 18:20:25.059000,27
train/44b6_95029e92.zarr/0/c/95/0/0/0,3581016,2026-06-26 18:20:17.329000,27
train/44b6_95029e92.zarr/0/c/96/0/0/0,3577096,2026-06-26 18:20:16.363000,27
train/44b6_95029e92.zarr/0/c/97/0/0/0,3581334,2026-06-26 18:20:22.672000,27
train/44b6_95029e92.zarr/0/c/98/0/0/0,3569844,2026-06-26 18:20:20.345000,27
train/44b6_95029e92.zarr/0/c/99/0/0/0,3573608,2026-06-26 18:20:19.968000,27
train/44b6_95029e92.zarr/0/zarr.json,760,2026-06-26 18:20:25.934000,27
train/44b6_95029e92.zarr/zarr.json,1277,2026-06-26 18:20:25.926000,27
train/44b6_97725144.geff/edges/ids/c/0/0,891,2026-06-26 18:15:44.488000,27
train/44b6_97725144.geff/edges/ids/zarr.json,636,2026-06-26 18:15:44.488000,27
train/44b6_97725144.geff/edges/props/zarr.json,99,2026-06-26 18:15:44.504000,27
train/44b6_97725144.geff/edges/zarr.json,99,2026-06-26 18:15:44.565000,27
train/44b6_97725144.geff/nodes/ids/c/0,676,2026-06-26 18:15:44.497000,27
train/44b6_97725144.geff/nodes/ids/zarr.json,618,2026-06-26 18:15:44.503000,27
train/44b6_97725144.geff/nodes/props/t/values/c/0,158,2026-06-26 18:15:44.477000,27
train/44b6_97725144.geff/nodes/props/t/values/zarr.json,617,2026-06-26 18:15:44.503000,27
train/44b6_97725144.geff/nodes/props/t/zarr.json,99,2026-06-26 18:15:44.475000,27
train/44b6_97725144.geff/nodes/props/x/values/c/0,306,2026-06-26 18:15:44.496000,27
train/44b6_97725144.geff/nodes/props/x/values/zarr.json,617,2026-06-26 18:15:44.494000,27
train/44b6_97725144.geff/nodes/props/x/zarr.json,99,2026-06-26 18:15:44.521000,27
train/44b6_97725144.geff/nodes/props/y/values/c/0,312,2026-06-26 18:15:44.529000,27
train/44b6_97725144.geff/nodes/props/y/values/zarr.json,617,2026-06-26 18:15:44.504000,27
train/44b6_97725144.geff/nodes/props/y/zarr.json,99,2026-06-26 18:15:44.501000,27
train/44b6_97725144.geff/nodes/props/z/values/c/0,234,2026-06-26 18:15:44.458000,27
train/44b6_97725144.geff/nodes/props/z/values/zarr.json,617,2026-06-26 18:15:44.464000,27
train/44b6_97725144.geff/nodes/props/z/zarr.json,99,2026-06-26 18:15:44.583000,27
train/44b6_97725144.geff/nodes/props/zarr.json,99,2026-06-26 18:15:44.506000,27
train/44b6_97725144.geff/nodes/zarr.json,99,2026-06-26 18:15:44.501000,27
train/44b6_97725144.geff/zarr.json,2101,2026-06-26 18:15:44.545000,27
train/44b6_97725144.zarr/0/c/0/0/0/0,4567055,2026-06-26 18:36:42,27
train/44b6_97725144.zarr/0/c/1/0/0/0,4689671,2026-06-26 18:36:40.548000,27
train/44b6_97725144.zarr/0/c/10/0/0/0,5003276,2026-06-26 18:36:45.458000,27
train/44b6_97725144.zarr/0/c/11/0/0/0,4986186,2026-06-26 18:36:42.514000,27
train/44b6_97725144.zarr/0/c/12/0/0/0,5010173,2026-06-26 18:36:36.845000,27
train/44b6_97725144.zarr/0/c/13/0/0/0,5027940,2026-06-26 18:36:37.651000,27
train/44b6_97725144.zarr/0/c/14/0/0/0,5036846,2026-06-26 18:36:40.448000,27
train/44b6_97725144.zarr/0/c/15/0/0/0,5082129,2026-06-26 18:36:42.119000,27
train/44b6_97725144.zarr/0/c/16/0/0/0,5101333,2026-06-26 18:36:45.530000,27
train/44b6_97725144.zarr/0/c/17/0/0/0,5108999,2026-06-26 18:36:49.222000,27
train/44b6_97725144.zarr/0/c/18/0/0/0,5111421,2026-06-26 18:36:48.447000,27
train/44b6_97725144.zarr/0/c/19/0/0/0,5134744,2026-06-26 18:36:37.813000,27
train/44b6_97725144.zarr/0/c/2/0/0/0,4729877,2026-06-26 18:36:35.734000,27
train/44b6_97725144.zarr/0/c/20/0/0/0,5169094,2026-06-26 18:36:40.845000,27
train/44b6_97725144.zarr/0/c/21/0/0/0,5215718,2026-06-26 18:36:42.396000,27
train/44b6_97725144.zarr/0/c/22/0/0/0,5219179,2026-06-26 18:36:49.070000,27
train/44b6_97725144.zarr/0/c/23/0/0/0,5243254,2026-06-26 18:36:33.991000,27
train/44b6_97725144.zarr/0/c/24/0/0/0,5269075,2026-06-26 18:36:41.003000,27
train/44b6_97725144.zarr/0/c/25/0/0/0,5278368,2026-06-26 18:36:34.117000,27
train/44b6_97725144.zarr/0/c/26/0/0/0,5306689,2026-06-26 18:36:49.709000,27
train/44b6_97725144.zarr/0/c/27/0/0/0,5315974,2026-06-26 18:36:48.123000,27
train/44b6_97725144.zarr/0/c/28/0/0/0,5318582,2026-06-26 18:36:47.408000,27
train/44b6_97725144.zarr/0/c/29/0/0/0,5334286,2026-06-26 18:36:35.838000,27
train/44b6_97725144.zarr/0/c/3/0/0/0,4825981,2026-06-26 18:36:41.138000,27
train/44b6_97725144.zarr/0/c/30/0/0/0,5356396,2026-06-26 18:36:39.490000,27
train/44b6_97725144.zarr/0/c/31/0/0/0,5367873,2026-06-26 18:36:48.992000,27
train/44b6_97725144.zarr/0/c/32/0/0/0,5370270,2026-06-26 18:36:46.401000,27
train/44b6_97725144.zarr/0/c/33/0/0/0,5394206,2026-06-26 18:36:35.511000,27
train/44b6_97725144.zarr/0/c/34/0/0/0,5416491,2026-06-26 18:36:37.381000,27
train/44b6_97725144.zarr/0/c/35/0/0/0,5450430,2026-06-26 18:36:36.034000,27
train/44b6_97725144.zarr/0/c/36/0/0/0,5469676,2026-06-26 18:36:42.897000,27
train/44b6_97725144.zarr/0/c/37/0/0/0,5495116,2026-06-26 18:36:47.985000,27
train/44b6_97725144.zarr/0/c/38/0/0/0,5514957,2026-06-26 18:36:47.624000,27
train/44b6_97725144.zarr/0/c/39/0/0/0,5532862,2026-06-26 18:36:39.396000,27
train/44b6_97725144.zarr/0/c/4/0/0/0,4831382,2026-06-26 18:36:38.497000,27
train/44b6_97725144.zarr/0/c/40/0/0/0,5526023,2026-06-26 18:36:34.505000,27
train/44b6_97725144.zarr/0/c/41/0/0/0,5524525,2026-06-26 18:36:40.076000,27
train/44b6_97725144.zarr/0/c/42/0/0/0,5541185,2026-06-26 18:36:41.859000,27
train/44b6_97725144.zarr/0/c/43/0/0/0,5556977,2026-06-26 18:36:49.368000,27
train/44b6_97725144.zarr/0/c/44/0/0/0,5551683,2026-06-26 18:36:44.142000,27
train/44b6_97725144.zarr/0/c/45/0/0/0,5569289,2026-06-26 18:36:37.567000,27
train/44b6_97725144.zarr/0/c/46/0/0/0,5595878,2026-06-26 18:36:36.251000,27
train/44b6_97725144.zarr/0/c/47/0/0/0,5606914,2026-06-26 18:36:39.795000,27
train/44b6_97725144.zarr/0/c/48/0/0/0,5615776,2026-06-26 18:36:33.656000,27
train/44b6_97725144.zarr/0/c/49/0/0/0,5617307,2026-06-26 18:36:35.616000,27
train/44b6_97725144.zarr/0/c/5/0/0/0,4860989,2026-06-26 18:36:48.218000,27
train/44b6_97725144.zarr/0/c/50/0/0/0,5621821,2026-06-26 18:36:41.379000,27
train/44b6_97725144.zarr/0/c/51/0/0/0,5614490,2026-06-26 18:36:41.689000,27
train/44b6_97725144.zarr/0/c/52/0/0/0,5611308,2026-06-26 18:36:43.360000,27
train/44b6_97725144.zarr/0/c/53/0/0/0,5609931,2026-06-26 18:36:46.674000,27
