stem,change,source_id,target_id,attribution
44b6_12dfb391,removed,428,870,UNKNOWN
44b6_12dfb391,removed,1701,50813,UNKNOWN
44b6_12dfb391,removed,2220,2666,UNKNOWN
44b6_12dfb391,removed,2666,3118,UNKNOWN
44b6_12dfb391,removed,2811,50903,UNKNOWN
44b6_12dfb391,removed,3118,3566,UNKNOWN
44b6_12dfb391,removed,3221,50907,UNKNOWN
44b6_12dfb391,removed,3498,50847,UNKNOWN
44b6_12dfb391,removed,3566,3983,UNKNOWN
44b6_12dfb391,removed,3779,4206,UNKNOWN
44b6_12dfb391,removed,3863,4306,UNKNOWN
44b6_12dfb391,removed,4155,50849,UNKNOWN
44b6_12dfb391,removed,4800,50925,UNKNOWN
44b6_12dfb391,removed,5107,5548,UNKNOWN
44b6_12dfb391,removed,5501,50943,UNKNOWN
44b6_12dfb391,removed,5934,50827,UNKNOWN
44b6_12dfb391,removed,6174,50929,UNKNOWN
44b6_12dfb391,removed,6818,7239,UNKNOWN
44b6_12dfb391,removed,7129,7576,UNKNOWN
44b6_12dfb391,removed,7181,50867,UNKNOWN
44b6_12dfb391,removed,8255,50923,UNKNOWN
44b6_12dfb391,removed,8373,50869,UNKNOWN
44b6_12dfb391,removed,8869,50829,UNKNOWN
44b6_12dfb391,removed,9151,9592,UNKNOWN
44b6_12dfb391,removed,9349,50815,UNKNOWN
44b6_12dfb391,removed,9371,9845,UNKNOWN
44b6_12dfb391,removed,9592,10071,UNKNOWN
44b6_12dfb391,removed,9723,50899,UNKNOWN
44b6_12dfb391,removed,9845,10325,UNKNOWN
44b6_12dfb391,removed,10071,10563,UNKNOWN
44b6_12dfb391,removed,10325,10813,UNKNOWN
44b6_12dfb391,removed,10563,11016,UNKNOWN
44b6_12dfb391,removed,10702,50905,UNKNOWN
44b6_12dfb391,removed,10764,11203,UNKNOWN
44b6_12dfb391,removed,10813,11271,UNKNOWN
44b6_12dfb391,removed,11015,11435,UNKNOWN
44b6_12dfb391,removed,11016,11474,UNKNOWN
44b6_12dfb391,removed,11180,50901,UNKNOWN
44b6_12dfb391,removed,11271,11719,UNKNOWN
44b6_12dfb391,removed,12190,50817,UNKNOWN
44b6_12dfb391,removed,12538,50881,UNKNOWN
44b6_12dfb391,removed,13305,50819,UNKNOWN
44b6_12dfb391,removed,13511,50917,UNKNOWN
44b6_12dfb391,removed,13979,50893,UNKNOWN
44b6_12dfb391,removed,14078,14531,UNKNOWN
44b6_12dfb391,removed,14455,50821,UNKNOWN
44b6_12dfb391,removed,14531,15012,UNKNOWN
44b6_12dfb391,removed,14866,50845,UNKNOWN
44b6_12dfb391,removed,15067,15526,UNKNOWN
44b6_12dfb391,removed,15386,15874,UNKNOWN
44b6_12dfb391,removed,15682,50941,UNKNOWN
44b6_12dfb391,removed,15874,16384,UNKNOWN
44b6_12dfb391,removed,16232,16746,UNKNOWN
44b6_12dfb391,removed,16369,50871,UNKNOWN
44b6_12dfb391,removed,16384,16896,UNKNOWN
44b6_12dfb391,removed,16746,17268,UNKNOWN
44b6_12dfb391,removed,17043,50931,UNKNOWN
44b6_12dfb391,removed,17110,17602,UNKNOWN
44b6_12dfb391,removed,17794,50933,UNKNOWN
44b6_12dfb391,removed,18258,50863,UNKNOWN
44b6_12dfb391,removed,19191,50951,UNKNOWN
44b6_12dfb391,removed,19615,50851,UNKNOWN
44b6_12dfb391,removed,20598,21117,UNKNOWN
44b6_12dfb391,removed,20686,50865,UNKNOWN
44b6_12dfb391,removed,20890,50853,UNKNOWN
44b6_12dfb391,removed,21791,50887,UNKNOWN
44b6_12dfb391,removed,21963,50937,UNKNOWN
44b6_12dfb391,removed,22033,22554,UNKNOWN
44b6_12dfb391,removed,22517,50889,UNKNOWN
44b6_12dfb391,removed,22877,50891,UNKNOWN
44b6_12dfb391,removed,24662,50913,UNKNOWN
44b6_12dfb391,removed,25075,25513,UNKNOWN
44b6_12dfb391,removed,25077,25572,UNKNOWN
44b6_12dfb391,removed,25589,50927,UNKNOWN
44b6_12dfb391,removed,25884,50855,UNKNOWN
44b6_12dfb391,removed,27067,50877,UNKNOWN
44b6_12dfb391,removed,27414,50831,UNKNOWN
44b6_12dfb391,removed,28288,50895,UNKNOWN
44b6_12dfb391,removed,28573,50823,UNKNOWN
44b6_12dfb391,removed,28841,29383,UNKNOWN
44b6_12dfb391,removed,29758,50945,UNKNOWN
44b6_12dfb391,removed,30218,50873,UNKNOWN
44b6_12dfb391,removed,30537,50935,UNKNOWN
44b6_12dfb391,removed,30963,31438,UNKNOWN
44b6_12dfb391,removed,31008,50833,UNKNOWN
44b6_12dfb391,removed,32874,33439,UNKNOWN
44b6_12dfb391,removed,32944,50883,UNKNOWN
44b6_12dfb391,removed,33365,50857,UNKNOWN
44b6_12dfb391,removed,33685,34235,UNKNOWN
44b6_12dfb391,removed,34235,34786,UNKNOWN
44b6_12dfb391,removed,34526,35048,UNKNOWN
44b6_12dfb391,removed,34684,50939,UNKNOWN
44b6_12dfb391,removed,34786,35348,UNKNOWN
44b6_12dfb391,removed,34844,50835,UNKNOWN
44b6_12dfb391,removed,35048,35612,UNKNOWN
44b6_12dfb391,removed,35148,35678,UNKNOWN
44b6_12dfb391,removed,35348,50953,UNKNOWN
44b6_12dfb391,removed,35386,35903,UNKNOWN
44b6_12dfb391,removed,35427,35948,UNKNOWN
44b6_12dfb391,removed,35612,36146,UNKNOWN
44b6_12dfb391,removed,35824,50919,UNKNOWN
44b6_12dfb391,removed,36146,36718,UNKNOWN
44b6_12dfb391,removed,36596,37196,UNKNOWN
44b6_12dfb391,removed,36864,37464,UNKNOWN
44b6_12dfb391,removed,36889,37491,UNKNOWN
44b6_12dfb391,removed,37240,50859,UNKNOWN
44b6_12dfb391,removed,37354,37922,UNKNOWN
44b6_12dfb391,removed,37448,38034,UNKNOWN
44b6_12dfb391,removed,37680,50911,UNKNOWN
44b6_12dfb391,removed,38219,38847,UNKNOWN
44b6_12dfb391,removed,38277,38937,UNKNOWN
44b6_12dfb391,removed,38397,39008,UNKNOWN
44b6_12dfb391,removed,38408,39050,UNKNOWN
44b6_12dfb391,removed,38447,38990,UNKNOWN
44b6_12dfb391,removed,38632,50949,UNKNOWN
44b6_12dfb391,removed,38949,50885,UNKNOWN
44b6_12dfb391,removed,39771,50875,UNKNOWN
44b6_12dfb391,removed,40046,40545,UNKNOWN
44b6_12dfb391,removed,40053,50947,UNKNOWN
44b6_12dfb391,removed,40473,50825,UNKNOWN
44b6_12dfb391,removed,41865,50879,UNKNOWN
44b6_12dfb391,removed,42114,50861,UNKNOWN
44b6_12dfb391,removed,42953,50915,UNKNOWN
44b6_12dfb391,removed,42956,43506,UNKNOWN
44b6_12dfb391,removed,43324,43876,UNKNOWN
44b6_12dfb391,removed,43346,50909,UNKNOWN
44b6_12dfb391,removed,43356,43884,UNKNOWN
44b6_12dfb391,removed,43373,43900,UNKNOWN
44b6_12dfb391,removed,43524,44040,UNKNOWN
44b6_12dfb391,removed,43806,44351,UNKNOWN
44b6_12dfb391,removed,43815,50837,UNKNOWN
44b6_12dfb391,removed,43876,44456,UNKNOWN
44b6_12dfb391,removed,44139,44755,UNKNOWN
44b6_12dfb391,removed,44201,50839,UNKNOWN
44b6_12dfb391,removed,44456,45037,UNKNOWN
44b6_12dfb391,removed,44943,45548,UNKNOWN
44b6_12dfb391,removed,44959,50921,UNKNOWN
44b6_12dfb391,removed,45037,45655,UNKNOWN
44b6_12dfb391,removed,45224,45776,UNKNOWN
44b6_12dfb391,removed,45309,50792,UNKNOWN
44b6_12dfb391,removed,45338,50793,UNKNOWN
44b6_12dfb391,removed,45357,50794,UNKNOWN
44b6_12dfb391,removed,45371,50795,UNKNOWN
44b6_12dfb391,removed,45431,50796,UNKNOWN
44b6_12dfb391,removed,45556,50797,UNKNOWN
44b6_12dfb391,removed,45588,50798,UNKNOWN
44b6_12dfb391,removed,45836,50841,UNKNOWN
44b6_12dfb391,removed,46154,50799,UNKNOWN
44b6_12dfb391,removed,46332,50800,UNKNOWN
44b6_12dfb391,removed,46388,50801,UNKNOWN
44b6_12dfb391,removed,46392,50802,UNKNOWN
44b6_12dfb391,removed,46450,50897,UNKNOWN
44b6_12dfb391,removed,46499,50804,UNKNOWN
44b6_12dfb391,removed,46575,50805,UNKNOWN
44b6_12dfb391,removed,46596,50843,UNKNOWN
44b6_12dfb391,removed,46753,50806,UNKNOWN
44b6_12dfb391,removed,46833,50807,UNKNOWN
44b6_12dfb391,removed,47300,50808,UNKNOWN
44b6_12dfb391,removed,47310,50809,UNKNOWN
44b6_12dfb391,removed,47439,50810,UNKNOWN
44b6_12dfb391,removed,47507,50811,UNKNOWN
44b6_12dfb391,removed,47524,50812,UNKNOWN
44b6_12dfb391,removed,47529,48103,UNKNOWN
44b6_12dfb391,removed,50301,4292,UNKNOWN
44b6_12dfb391,removed,50365,11196,UNKNOWN
44b6_12dfb391,removed,50367,11445,UNKNOWN
44b6_12dfb391,removed,50629,35694,UNKNOWN
44b6_12dfb391,removed,50752,43924,UNKNOWN
44b6_12dfb391,removed,50777,45551,UNKNOWN
44b6_12dfb391,removed,50792,46424,UNKNOWN
44b6_12dfb391,removed,50793,46452,UNKNOWN
44b6_12dfb391,removed,50794,46463,UNKNOWN
44b6_12dfb391,removed,50795,46476,UNKNOWN
44b6_12dfb391,removed,50796,46541,UNKNOWN
44b6_12dfb391,removed,50797,46686,UNKNOWN
44b6_12dfb391,removed,50798,46699,UNKNOWN
44b6_12dfb391,removed,50799,47256,UNKNOWN
44b6_12dfb391,removed,50800,47452,UNKNOWN
44b6_12dfb391,removed,50801,47492,UNKNOWN
44b6_12dfb391,removed,50802,47516,UNKNOWN
44b6_12dfb391,removed,50804,47635,UNKNOWN
44b6_12dfb391,removed,50805,47710,UNKNOWN
44b6_12dfb391,removed,50806,47914,UNKNOWN
44b6_12dfb391,removed,50807,47978,UNKNOWN
44b6_12dfb391,removed,50808,48436,UNKNOWN
44b6_12dfb391,removed,50809,48422,UNKNOWN
44b6_12dfb391,removed,50810,48475,UNKNOWN
44b6_12dfb391,removed,50811,48606,UNKNOWN
44b6_12dfb391,removed,50812,48623,UNKNOWN
44b6_12dfb391,removed,50813,50814,UNKNOWN
44b6_12dfb391,removed,50814,3004,UNKNOWN
44b6_12dfb391,removed,50815,50816,UNKNOWN
44b6_12dfb391,removed,50816,10765,UNKNOWN
44b6_12dfb391,removed,50817,50818,UNKNOWN
44b6_12dfb391,removed,50818,13617,UNKNOWN
44b6_12dfb391,removed,50819,50820,UNKNOWN
44b6_12dfb391,removed,50820,14695,UNKNOWN
44b6_12dfb391,removed,50821,50822,UNKNOWN
44b6_12dfb391,removed,50822,15882,UNKNOWN
44b6_12dfb391,removed,50823,50824,UNKNOWN
44b6_12dfb391,removed,50824,30089,UNKNOWN
44b6_12dfb391,removed,50825,50826,UNKNOWN
44b6_12dfb391,removed,50826,42117,UNKNOWN
44b6_12dfb391,removed,50827,50828,UNKNOWN
44b6_12dfb391,removed,50828,7236,UNKNOWN
44b6_12dfb391,removed,50829,50830,UNKNOWN
44b6_12dfb391,removed,50830,10257,UNKNOWN
44b6_12dfb391,removed,50831,50832,UNKNOWN
44b6_12dfb391,removed,50832,28947,UNKNOWN
44b6_12dfb391,removed,50833,50834,UNKNOWN
44b6_12dfb391,removed,50834,32509,UNKNOWN
44b6_12dfb391,removed,50835,50836,UNKNOWN
44b6_12dfb391,removed,50836,36468,UNKNOWN
44b6_12dfb391,removed,50837,50838,UNKNOWN
44b6_12dfb391,removed,50838,45579,UNKNOWN
44b6_12dfb391,removed,50839,50840,UNKNOWN
44b6_12dfb391,removed,50840,45972,UNKNOWN
44b6_12dfb391,removed,50841,50842,UNKNOWN
44b6_12dfb391,removed,50842,47520,UNKNOWN
44b6_12dfb391,removed,50843,50844,UNKNOWN
44b6_12dfb391,removed,50844,48260,UNKNOWN
44b6_12dfb391,removed,50845,50846,UNKNOWN
44b6_12dfb391,removed,50846,16332,UNKNOWN
44b6_12dfb391,removed,50847,50848,UNKNOWN
44b6_12dfb391,removed,50848,4820,UNKNOWN
44b6_12dfb391,removed,50849,50850,UNKNOWN
44b6_12dfb391,removed,50850,5493,UNKNOWN
44b6_12dfb391,removed,50851,50852,UNKNOWN
44b6_12dfb391,removed,50852,21154,UNKNOWN
44b6_12dfb391,removed,50853,50854,UNKNOWN
44b6_12dfb391,removed,50854,22372,UNKNOWN
44b6_12dfb391,removed,50855,50856,UNKNOWN
44b6_12dfb391,removed,50856,27463,UNKNOWN
44b6_12dfb391,removed,50857,50858,UNKNOWN
44b6_12dfb391,removed,50858,35021,UNKNOWN
44b6_12dfb391,removed,50859,50860,UNKNOWN
44b6_12dfb391,removed,50860,39009,UNKNOWN
44b6_12dfb391,removed,50861,50862,UNKNOWN
44b6_12dfb391,removed,50862,43715,UNKNOWN
44b6_12dfb391,removed,50863,50864,UNKNOWN
44b6_12dfb391,removed,50864,19791,UNKNOWN
44b6_12dfb391,removed,50865,50866,UNKNOWN
44b6_12dfb391,removed,50866,22175,UNKNOWN
44b6_12dfb391,removed,50867,50868,UNKNOWN
44b6_12dfb391,removed,50868,8530,UNKNOWN
44b6_12dfb391,removed,50869,50870,UNKNOWN
44b6_12dfb391,removed,50870,9710,UNKNOWN
44b6_12dfb391,removed,50871,50872,UNKNOWN
44b6_12dfb391,removed,50872,17878,UNKNOWN
44b6_12dfb391,removed,50873,50874,UNKNOWN
44b6_12dfb391,removed,50874,31751,UNKNOWN
44b6_12dfb391,removed,50875,50876,UNKNOWN
44b6_12dfb391,removed,50876,41362,UNKNOWN
44b6_12dfb391,removed,50877,50878,UNKNOWN
44b6_12dfb391,removed,50878,28638,UNKNOWN
44b6_12dfb391,removed,50879,50880,UNKNOWN
44b6_12dfb391,removed,50880,43500,UNKNOWN
44b6_12dfb391,removed,50881,50882,UNKNOWN
44b6_12dfb391,removed,50882,13938,UNKNOWN
44b6_12dfb391,removed,50883,50884,UNKNOWN
44b6_12dfb391,removed,50884,34624,UNKNOWN
44b6_12dfb391,removed,50885,50886,UNKNOWN
44b6_12dfb391,removed,50886,40611,UNKNOWN
44b6_12dfb391,removed,50887,50888,UNKNOWN
44b6_12dfb391,removed,50888,23260,UNKNOWN
44b6_12dfb391,removed,50889,50890,UNKNOWN
44b6_12dfb391,removed,50890,24001,UNKNOWN
44b6_12dfb391,removed,50891,50892,UNKNOWN
44b6_12dfb391,removed,50892,24370,UNKNOWN
44b6_12dfb391,removed,50893,50894,UNKNOWN
44b6_12dfb391,removed,50894,15386,UNKNOWN
44b6_12dfb391,removed,50895,50896,UNKNOWN
44b6_12dfb391,removed,50896,29830,UNKNOWN
44b6_12dfb391,removed,50897,50898,UNKNOWN
44b6_12dfb391,removed,50898,48134,UNKNOWN
44b6_12dfb391,removed,50899,50900,UNKNOWN
44b6_12dfb391,removed,50900,11131,UNKNOWN
44b6_12dfb391,removed,50901,50902,UNKNOWN
44b6_12dfb391,removed,50902,12590,UNKNOWN
44b6_12dfb391,removed,50903,50904,UNKNOWN
44b6_12dfb391,removed,50904,4148,UNKNOWN
44b6_12dfb391,removed,50905,50906,UNKNOWN
44b6_12dfb391,removed,50906,12073,UNKNOWN
44b6_12dfb391,removed,50907,50908,UNKNOWN
44b6_12dfb391,removed,50908,4557,UNKNOWN
44b6_12dfb391,removed,50909,50910,UNKNOWN
44b6_12dfb391,removed,50910,45054,UNKNOWN
44b6_12dfb391,removed,50911,50912,UNKNOWN
44b6_12dfb391,removed,50912,39452,UNKNOWN
44b6_12dfb391,removed,50913,50914,UNKNOWN
44b6_12dfb391,removed,50914,26153,UNKNOWN
44b6_12dfb391,removed,50915,50916,UNKNOWN
44b6_12dfb391,removed,50916,44689,UNKNOWN
44b6_12dfb391,removed,50917,50918,UNKNOWN
44b6_12dfb391,removed,50918,14883,UNKNOWN
44b6_12dfb391,removed,50919,50920,UNKNOWN
44b6_12dfb391,removed,50920,37521,UNKNOWN
44b6_12dfb391,removed,50921,50922,UNKNOWN
44b6_12dfb391,removed,50922,46639,UNKNOWN
44b6_12dfb391,removed,50923,50924,UNKNOWN
44b6_12dfb391,removed,50924,9574,UNKNOWN
44b6_12dfb391,removed,50925,50926,UNKNOWN
44b6_12dfb391,removed,50926,6113,UNKNOWN
44b6_12dfb391,removed,50927,50928,UNKNOWN
44b6_12dfb391,removed,50928,27155,UNKNOWN
44b6_12dfb391,removed,50929,50930,UNKNOWN
44b6_12dfb391,removed,50930,7482,UNKNOWN
44b6_12dfb391,removed,50931,50932,UNKNOWN
44b6_12dfb391,removed,50932,18482,UNKNOWN
44b6_12dfb391,removed,50933,50934,UNKNOWN
44b6_12dfb391,removed,50934,19336,UNKNOWN
44b6_12dfb391,removed,50935,50936,UNKNOWN
44b6_12dfb391,removed,50936,32036,UNKNOWN
44b6_12dfb391,removed,50937,50938,UNKNOWN
44b6_12dfb391,removed,50938,23433,UNKNOWN
44b6_12dfb391,removed,50939,50940,UNKNOWN
44b6_12dfb391,removed,50940,36328,UNKNOWN
44b6_12dfb391,removed,50941,50942,UNKNOWN
44b6_12dfb391,removed,50942,17219,UNKNOWN
44b6_12dfb391,removed,50943,50944,UNKNOWN
44b6_12dfb391,removed,50944,6789,UNKNOWN
44b6_12dfb391,removed,50945,50946,UNKNOWN
44b6_12dfb391,removed,50946,31311,UNKNOWN
44b6_12dfb391,removed,50947,50948,UNKNOWN
44b6_12dfb391,removed,50948,41657,UNKNOWN
44b6_12dfb391,removed,50949,50950,UNKNOWN
44b6_12dfb391,removed,50950,40333,UNKNOWN
44b6_12dfb391,removed,50951,50952,UNKNOWN
44b6_12dfb391,removed,50952,20719,UNKNOWN
44b6_12dfb391,removed,50953,50954,UNKNOWN
44b6_12dfb391,removed,50954,37009,UNKNOWN
44b6_12dfb391,added,428,873,UNKNOWN
44b6_12dfb391,added,1701,50814,UNKNOWN
44b6_12dfb391,added,2430,2856,UNKNOWN
44b6_12dfb391,added,2811,50906,UNKNOWN
44b6_12dfb391,added,2856,3316,UNKNOWN
44b6_12dfb391,added,3221,50910,UNKNOWN
44b6_12dfb391,added,3316,3761,UNKNOWN
44b6_12dfb391,added,3498,50848,UNKNOWN
44b6_12dfb391,added,3536,3983,UNKNOWN
44b6_12dfb391,added,3761,4206,UNKNOWN
44b6_12dfb391,added,3863,4292,UNKNOWN
44b6_12dfb391,added,4155,50850,UNKNOWN
44b6_12dfb391,added,4800,50928,UNKNOWN
44b6_12dfb391,added,5092,5548,UNKNOWN
44b6_12dfb391,added,5501,50946,UNKNOWN
44b6_12dfb391,added,5934,50828,UNKNOWN
44b6_12dfb391,added,6174,50932,UNKNOWN
44b6_12dfb391,added,6797,7239,UNKNOWN
44b6_12dfb391,added,7118,7576,UNKNOWN
44b6_12dfb391,added,7181,50866,UNKNOWN
44b6_12dfb391,added,8255,50926,UNKNOWN
44b6_12dfb391,added,8373,50868,UNKNOWN
44b6_12dfb391,added,8869,50830,UNKNOWN
44b6_12dfb391,added,9349,50816,UNKNOWN
44b6_12dfb391,added,9371,9821,UNKNOWN
44b6_12dfb391,added,9723,50902,UNKNOWN
44b6_12dfb391,added,10702,50908,UNKNOWN
44b6_12dfb391,added,10764,11196,UNKNOWN
44b6_12dfb391,added,11015,11445,UNKNOWN
44b6_12dfb391,added,11021,11474,UNKNOWN
44b6_12dfb391,added,11180,50904,UNKNOWN
44b6_12dfb391,added,12190,50818,UNKNOWN
44b6_12dfb391,added,12538,50884,UNKNOWN
44b6_12dfb391,added,13305,50820,UNKNOWN
44b6_12dfb391,added,13511,50920,UNKNOWN
44b6_12dfb391,added,14115,50886,UNKNOWN
44b6_12dfb391,added,14455,50822,UNKNOWN
44b6_12dfb391,added,14554,15012,UNKNOWN
44b6_12dfb391,added,14786,15262,UNKNOWN
44b6_12dfb391,added,14866,50846,UNKNOWN
44b6_12dfb391,added,15067,15541,UNKNOWN
44b6_12dfb391,added,15262,15740,UNKNOWN
44b6_12dfb391,added,15682,50944,UNKNOWN
44b6_12dfb391,added,15740,16247,UNKNOWN
44b6_12dfb391,added,16247,16757,UNKNOWN
44b6_12dfb391,added,16369,50870,UNKNOWN
44b6_12dfb391,added,16757,17268,UNKNOWN
44b6_12dfb391,added,17043,50934,UNKNOWN
44b6_12dfb391,added,17096,17602,UNKNOWN
44b6_12dfb391,added,17794,50936,UNKNOWN
44b6_12dfb391,added,18258,50862,UNKNOWN
44b6_12dfb391,added,19191,50954,UNKNOWN
44b6_12dfb391,added,19615,50852,UNKNOWN
44b6_12dfb391,added,20582,21117,UNKNOWN
44b6_12dfb391,added,20686,50864,UNKNOWN
44b6_12dfb391,added,20890,50854,UNKNOWN
44b6_12dfb391,added,21791,50892,UNKNOWN
44b6_12dfb391,added,21963,50940,UNKNOWN
44b6_12dfb391,added,22117,22554,UNKNOWN
44b6_12dfb391,added,22517,50894,UNKNOWN
44b6_12dfb391,added,22877,50896,UNKNOWN
44b6_12dfb391,added,24662,50916,UNKNOWN
44b6_12dfb391,added,25075,25572,UNKNOWN
44b6_12dfb391,added,25077,25513,UNKNOWN
44b6_12dfb391,added,25589,50930,UNKNOWN
44b6_12dfb391,added,25884,50856,UNKNOWN
44b6_12dfb391,added,27067,50878,UNKNOWN
44b6_12dfb391,added,27414,50832,UNKNOWN
44b6_12dfb391,added,28288,50898,UNKNOWN
44b6_12dfb391,added,28573,50824,UNKNOWN
44b6_12dfb391,added,28841,29350,UNKNOWN
44b6_12dfb391,added,29350,29853,UNKNOWN
44b6_12dfb391,added,29758,50948,UNKNOWN
44b6_12dfb391,added,29853,30375,UNKNOWN
44b6_12dfb391,added,30218,50872,UNKNOWN
44b6_12dfb391,added,30375,30896,UNKNOWN
44b6_12dfb391,added,30537,50938,UNKNOWN
44b6_12dfb391,added,30949,31438,UNKNOWN
44b6_12dfb391,added,31008,50834,UNKNOWN
44b6_12dfb391,added,32892,33439,UNKNOWN
44b6_12dfb391,added,32944,50888,UNKNOWN
44b6_12dfb391,added,33365,50858,UNKNOWN
44b6_12dfb391,added,34684,50942,UNKNOWN
44b6_12dfb391,added,34844,50836,UNKNOWN
44b6_12dfb391,added,35148,35694,UNKNOWN
44b6_12dfb391,added,35386,50880,UNKNOWN
44b6_12dfb391,added,35427,35903,UNKNOWN
44b6_12dfb391,added,35824,50922,UNKNOWN
44b6_12dfb391,added,36173,36718,UNKNOWN
44b6_12dfb391,added,36596,37170,UNKNOWN
44b6_12dfb391,added,36889,37464,UNKNOWN
44b6_12dfb391,added,37240,50874,UNKNOWN
44b6_12dfb391,added,37354,37950,UNKNOWN
44b6_12dfb391,added,37480,38034,UNKNOWN
44b6_12dfb391,added,37680,50914,UNKNOWN
44b6_12dfb391,added,38219,38818,UNKNOWN
44b6_12dfb391,added,38277,38881,UNKNOWN
44b6_12dfb391,added,38328,38937,UNKNOWN
44b6_12dfb391,added,38397,39009,UNKNOWN
44b6_12dfb391,added,38408,38990,UNKNOWN
44b6_12dfb391,added,38447,39050,UNKNOWN
44b6_12dfb391,added,38632,50952,UNKNOWN
44b6_12dfb391,added,38949,50890,UNKNOWN
44b6_12dfb391,added,39771,50876,UNKNOWN
44b6_12dfb391,added,40003,40545,UNKNOWN
44b6_12dfb391,added,40053,50950,UNKNOWN
44b6_12dfb391,added,40473,50826,UNKNOWN
44b6_12dfb391,added,41865,50882,UNKNOWN
44b6_12dfb391,added,42114,50860,UNKNOWN
44b6_12dfb391,added,42953,50918,UNKNOWN
44b6_12dfb391,added,42956,43488,UNKNOWN
44b6_12dfb391,added,43324,43869,UNKNOWN
44b6_12dfb391,added,43346,50912,UNKNOWN
44b6_12dfb391,added,43356,43924,UNKNOWN
44b6_12dfb391,added,43373,43968,UNKNOWN
44b6_12dfb391,added,43524,44115,UNKNOWN
44b6_12dfb391,added,43806,44377,UNKNOWN
44b6_12dfb391,added,43815,50838,UNKNOWN
44b6_12dfb391,added,44124,44755,UNKNOWN
44b6_12dfb391,added,44201,50840,UNKNOWN
44b6_12dfb391,added,44943,45551,UNKNOWN
44b6_12dfb391,added,44959,50924,UNKNOWN
44b6_12dfb391,added,45193,45776,UNKNOWN
44b6_12dfb391,added,45224,50792,UNKNOWN
44b6_12dfb391,added,45309,50793,UNKNOWN
44b6_12dfb391,added,45338,50794,UNKNOWN
44b6_12dfb391,added,45357,50795,UNKNOWN
44b6_12dfb391,added,45371,50796,UNKNOWN
44b6_12dfb391,added,45431,50797,UNKNOWN
44b6_12dfb391,added,45556,50798,UNKNOWN
44b6_12dfb391,added,45588,50799,UNKNOWN
44b6_12dfb391,added,45836,50842,UNKNOWN
44b6_12dfb391,added,45863,46418,UNKNOWN
44b6_12dfb391,added,46154,50800,UNKNOWN
44b6_12dfb391,added,46332,50801,UNKNOWN
44b6_12dfb391,added,46388,50802,UNKNOWN
44b6_12dfb391,added,46392,50803,UNKNOWN
44b6_12dfb391,added,46418,46975,UNKNOWN
44b6_12dfb391,added,46450,50900,UNKNOWN
44b6_12dfb391,added,46499,50805,UNKNOWN
44b6_12dfb391,added,46575,50806,UNKNOWN
44b6_12dfb391,added,46596,50844,UNKNOWN
44b6_12dfb391,added,46753,50807,UNKNOWN
44b6_12dfb391,added,46833,50808,UNKNOWN
44b6_12dfb391,added,46975,47542,UNKNOWN
44b6_12dfb391,added,47300,50809,UNKNOWN
44b6_12dfb391,added,47310,50810,UNKNOWN
44b6_12dfb391,added,47439,50811,UNKNOWN
44b6_12dfb391,added,47507,50812,UNKNOWN
44b6_12dfb391,added,47524,50813,UNKNOWN
44b6_12dfb391,added,47542,48103,UNKNOWN
44b6_12dfb391,added,50301,4306,UNKNOWN
44b6_12dfb391,added,50365,11203,UNKNOWN
44b6_12dfb391,added,50367,11435,UNKNOWN
44b6_12dfb391,added,50629,35678,UNKNOWN
44b6_12dfb391,added,50752,43884,UNKNOWN
44b6_12dfb391,added,50777,45548,UNKNOWN
44b6_12dfb391,added,50792,46394,UNKNOWN
44b6_12dfb391,added,50793,46424,UNKNOWN
44b6_12dfb391,added,50794,46452,UNKNOWN
44b6_12dfb391,added,50795,46463,UNKNOWN
44b6_12dfb391,added,50796,46476,UNKNOWN
44b6_12dfb391,added,50797,46541,UNKNOWN
44b6_12dfb391,added,50798,46686,UNKNOWN
44b6_12dfb391,added,50799,46699,UNKNOWN
44b6_12dfb391,added,50800,47256,UNKNOWN
44b6_12dfb391,added,50801,47452,UNKNOWN
44b6_12dfb391,added,50802,47492,UNKNOWN
44b6_12dfb391,added,50803,47516,UNKNOWN
44b6_12dfb391,added,50805,47635,UNKNOWN
44b6_12dfb391,added,50806,47710,UNKNOWN
44b6_12dfb391,added,50807,47914,UNKNOWN
44b6_12dfb391,added,50808,47978,UNKNOWN
44b6_12dfb391,added,50809,48436,UNKNOWN
44b6_12dfb391,added,50810,48422,UNKNOWN
44b6_12dfb391,added,50811,48475,UNKNOWN
44b6_12dfb391,added,50812,48606,UNKNOWN
44b6_12dfb391,added,50813,48623,UNKNOWN
44b6_12dfb391,added,50814,50815,UNKNOWN
44b6_12dfb391,added,50815,3004,UNKNOWN
44b6_12dfb391,added,50816,50817,UNKNOWN
44b6_12dfb391,added,50817,10765,UNKNOWN
44b6_12dfb391,added,50818,50819,UNKNOWN
44b6_12dfb391,added,50819,13617,UNKNOWN
44b6_12dfb391,added,50820,50821,UNKNOWN
44b6_12dfb391,added,50821,14695,UNKNOWN
44b6_12dfb391,added,50822,50823,UNKNOWN
44b6_12dfb391,added,50823,15882,UNKNOWN
44b6_12dfb391,added,50824,50825,UNKNOWN
44b6_12dfb391,added,50825,30089,UNKNOWN
44b6_12dfb391,added,50826,50827,UNKNOWN
44b6_12dfb391,added,50827,42117,UNKNOWN
44b6_12dfb391,added,50828,50829,UNKNOWN
44b6_12dfb391,added,50829,7236,UNKNOWN
44b6_12dfb391,added,50830,50831,UNKNOWN
44b6_12dfb391,added,50831,10257,UNKNOWN
44b6_12dfb391,added,50832,50833,UNKNOWN
44b6_12dfb391,added,50833,28947,UNKNOWN
44b6_12dfb391,added,50834,50835,UNKNOWN
44b6_12dfb391,added,50835,32509,UNKNOWN
44b6_12dfb391,added,50836,50837,UNKNOWN
44b6_12dfb391,added,50837,36468,UNKNOWN
44b6_12dfb391,added,50838,50839,UNKNOWN
44b6_12dfb391,added,50839,45579,UNKNOWN
44b6_12dfb391,added,50840,50841,UNKNOWN
44b6_12dfb391,added,50841,45972,UNKNOWN
44b6_12dfb391,added,50842,50843,UNKNOWN
44b6_12dfb391,added,50843,47520,UNKNOWN
44b6_12dfb391,added,50844,50845,UNKNOWN
44b6_12dfb391,added,50845,48260,UNKNOWN
44b6_12dfb391,added,50846,50847,UNKNOWN
44b6_12dfb391,added,50847,16332,UNKNOWN
44b6_12dfb391,added,50848,50849,UNKNOWN
44b6_12dfb391,added,50849,4820,UNKNOWN
44b6_12dfb391,added,50850,50851,UNKNOWN
44b6_12dfb391,added,50851,5493,UNKNOWN
44b6_12dfb391,added,50852,50853,UNKNOWN
44b6_12dfb391,added,50853,21154,UNKNOWN
44b6_12dfb391,added,50854,50855,UNKNOWN
44b6_12dfb391,added,50855,22372,UNKNOWN
44b6_12dfb391,added,50856,50857,UNKNOWN
44b6_12dfb391,added,50857,27463,UNKNOWN
44b6_12dfb391,added,50858,50859,UNKNOWN
44b6_12dfb391,added,50859,35021,UNKNOWN
44b6_12dfb391,added,50860,50861,UNKNOWN
44b6_12dfb391,added,50861,43715,UNKNOWN
44b6_12dfb391,added,50862,50863,UNKNOWN
44b6_12dfb391,added,50863,19791,UNKNOWN
44b6_12dfb391,added,50864,50865,UNKNOWN
44b6_12dfb391,added,50865,22175,UNKNOWN
44b6_12dfb391,added,50866,50867,UNKNOWN
44b6_12dfb391,added,50867,8530,UNKNOWN
44b6_12dfb391,added,50868,50869,UNKNOWN
44b6_12dfb391,added,50869,9710,UNKNOWN
44b6_12dfb391,added,50870,50871,UNKNOWN
44b6_12dfb391,added,50871,17878,UNKNOWN
44b6_12dfb391,added,50872,50873,UNKNOWN
44b6_12dfb391,added,50873,31751,UNKNOWN
44b6_12dfb391,added,50874,50875,UNKNOWN
44b6_12dfb391,added,50875,39008,UNKNOWN
44b6_12dfb391,added,50876,50877,UNKNOWN
44b6_12dfb391,added,50877,41362,UNKNOWN
44b6_12dfb391,added,50878,50879,UNKNOWN
44b6_12dfb391,added,50879,28638,UNKNOWN
44b6_12dfb391,added,50880,50881,UNKNOWN
44b6_12dfb391,added,50881,37009,UNKNOWN
44b6_12dfb391,added,50882,50883,UNKNOWN
44b6_12dfb391,added,50883,43500,UNKNOWN
44b6_12dfb391,added,50884,50885,UNKNOWN
44b6_12dfb391,added,50885,13938,UNKNOWN
44b6_12dfb391,added,50886,50887,UNKNOWN
44b6_12dfb391,added,50887,15526,UNKNOWN
44b6_12dfb391,added,50888,50889,UNKNOWN
44b6_12dfb391,added,50889,34624,UNKNOWN
44b6_12dfb391,added,50890,50891,UNKNOWN
44b6_12dfb391,added,50891,40611,UNKNOWN
44b6_12dfb391,added,50892,50893,UNKNOWN
44b6_12dfb391,added,50893,23260,UNKNOWN
44b6_12dfb391,added,50894,50895,UNKNOWN
44b6_12dfb391,added,50895,24001,UNKNOWN
44b6_12dfb391,added,50896,50897,UNKNOWN
44b6_12dfb391,added,50897,24370,UNKNOWN
44b6_12dfb391,added,50898,50899,UNKNOWN
44b6_12dfb391,added,50899,29830,UNKNOWN
44b6_12dfb391,added,50900,50901,UNKNOWN
44b6_12dfb391,added,50901,48134,UNKNOWN
44b6_12dfb391,added,50902,50903,UNKNOWN
44b6_12dfb391,added,50903,11131,UNKNOWN
44b6_12dfb391,added,50904,50905,UNKNOWN
44b6_12dfb391,added,50905,12590,UNKNOWN
44b6_12dfb391,added,50906,50907,UNKNOWN
44b6_12dfb391,added,50907,4148,UNKNOWN
44b6_12dfb391,added,50908,50909,UNKNOWN
44b6_12dfb391,added,50909,12073,UNKNOWN
44b6_12dfb391,added,50910,50911,UNKNOWN
44b6_12dfb391,added,50911,4557,UNKNOWN
44b6_12dfb391,added,50912,50913,UNKNOWN
44b6_12dfb391,added,50913,45054,UNKNOWN
44b6_12dfb391,added,50914,50915,UNKNOWN
44b6_12dfb391,added,50915,39452,UNKNOWN
44b6_12dfb391,added,50916,50917,UNKNOWN
44b6_12dfb391,added,50917,26153,UNKNOWN
44b6_12dfb391,added,50918,50919,UNKNOWN
44b6_12dfb391,added,50919,44689,UNKNOWN
44b6_12dfb391,added,50920,50921,UNKNOWN
44b6_12dfb391,added,50921,14883,UNKNOWN
44b6_12dfb391,added,50922,50923,UNKNOWN
44b6_12dfb391,added,50923,37521,UNKNOWN
44b6_12dfb391,added,50924,50925,UNKNOWN
44b6_12dfb391,added,50925,46639,UNKNOWN
44b6_12dfb391,added,50926,50927,UNKNOWN
44b6_12dfb391,added,50927,9574,UNKNOWN
44b6_12dfb391,added,50928,50929,UNKNOWN
44b6_12dfb391,added,50929,6113,UNKNOWN
44b6_12dfb391,added,50930,50931,UNKNOWN
44b6_12dfb391,added,50931,27155,UNKNOWN
44b6_12dfb391,added,50932,50933,UNKNOWN
44b6_12dfb391,added,50933,7482,UNKNOWN
44b6_12dfb391,added,50934,50935,UNKNOWN
44b6_12dfb391,added,50935,18482,UNKNOWN
44b6_12dfb391,added,50936,50937,UNKNOWN
44b6_12dfb391,added,50937,19336,UNKNOWN
44b6_12dfb391,added,50938,50939,UNKNOWN
44b6_12dfb391,added,50939,32036,UNKNOWN
44b6_12dfb391,added,50940,50941,UNKNOWN
44b6_12dfb391,added,50941,23433,UNKNOWN
44b6_12dfb391,added,50942,50943,UNKNOWN
44b6_12dfb391,added,50943,36328,UNKNOWN
44b6_12dfb391,added,50944,50945,UNKNOWN
44b6_12dfb391,added,50945,17219,UNKNOWN
44b6_12dfb391,added,50946,50947,UNKNOWN
44b6_12dfb391,added,50947,6789,UNKNOWN
44b6_12dfb391,added,50948,50949,UNKNOWN
44b6_12dfb391,added,50949,31311,UNKNOWN
44b6_12dfb391,added,50950,50951,UNKNOWN
44b6_12dfb391,added,50951,41657,UNKNOWN
44b6_12dfb391,added,50952,50953,UNKNOWN
44b6_12dfb391,added,50953,40333,UNKNOWN
44b6_12dfb391,added,50954,50955,UNKNOWN
44b6_12dfb391,added,50955,20719,UNKNOWN
44b6_267148e4,removed,762,26786,UNKNOWN
44b6_267148e4,removed,786,995,UNKNOWN
44b6_267148e4,removed,1277,1485,UNKNOWN
44b6_267148e4,removed,1485,1704,UNKNOWN
44b6_267148e4,removed,1704,1914,UNKNOWN
44b6_267148e4,removed,1860,2083,UNKNOWN
44b6_267148e4,removed,1914,2136,UNKNOWN
44b6_267148e4,removed,1976,2206,UNKNOWN
44b6_267148e4,removed,1997,2248,UNKNOWN
44b6_267148e4,removed,2044,2277,UNKNOWN
44b6_267148e4,removed,2054,2291,UNKNOWN
44b6_267148e4,removed,2075,2311,UNKNOWN
44b6_267148e4,removed,2078,2304,UNKNOWN
44b6_267148e4,removed,2084,2321,UNKNOWN
44b6_267148e4,removed,2089,2322,UNKNOWN
44b6_267148e4,removed,2098,2335,UNKNOWN
44b6_267148e4,removed,2103,2348,UNKNOWN
44b6_267148e4,removed,2105,2329,UNKNOWN
44b6_267148e4,removed,2106,2369,UNKNOWN
44b6_267148e4,removed,2126,2359,UNKNOWN
44b6_267148e4,removed,2129,2355,UNKNOWN
44b6_267148e4,removed,2136,2357,UNKNOWN
44b6_267148e4,removed,2138,2386,UNKNOWN
44b6_267148e4,removed,2140,2381,UNKNOWN
44b6_267148e4,removed,2141,2380,UNKNOWN
44b6_267148e4,removed,2142,2368,UNKNOWN
44b6_267148e4,removed,2148,2387,UNKNOWN
44b6_267148e4,removed,2155,2378,UNKNOWN
44b6_267148e4,removed,2173,2418,UNKNOWN
44b6_267148e4,removed,2176,26579,UNKNOWN
44b6_267148e4,removed,2192,2425,UNKNOWN
44b6_267148e4,removed,2206,2441,UNKNOWN
44b6_267148e4,removed,2237,2458,UNKNOWN
44b6_267148e4,removed,2242,2479,UNKNOWN
44b6_267148e4,removed,2245,2475,UNKNOWN
44b6_267148e4,removed,2248,2476,UNKNOWN
44b6_267148e4,removed,2259,26766,UNKNOWN
44b6_267148e4,removed,2281,2507,UNKNOWN
44b6_267148e4,removed,2291,2526,UNKNOWN
44b6_267148e4,removed,2399,2644,UNKNOWN
44b6_267148e4,removed,2422,26828,UNKNOWN
44b6_267148e4,removed,2441,2671,UNKNOWN
44b6_267148e4,removed,2443,2685,UNKNOWN
44b6_267148e4,removed,2472,26582,UNKNOWN
44b6_267148e4,removed,2476,2700,UNKNOWN
44b6_267148e4,removed,2526,2749,UNKNOWN
44b6_267148e4,removed,2574,2807,UNKNOWN
44b6_267148e4,removed,2582,2802,UNKNOWN
44b6_267148e4,removed,2671,2895,UNKNOWN
44b6_267148e4,removed,2700,2932,UNKNOWN
44b6_267148e4,removed,2761,2994,UNKNOWN
44b6_267148e4,removed,2771,3016,UNKNOWN
44b6_267148e4,removed,2776,3013,UNKNOWN
44b6_267148e4,removed,2779,3010,UNKNOWN
44b6_267148e4,removed,2792,3024,UNKNOWN
44b6_267148e4,removed,2813,3062,UNKNOWN
44b6_267148e4,removed,2820,3052,UNKNOWN
44b6_267148e4,removed,2824,3074,UNKNOWN
44b6_267148e4,removed,2825,3059,UNKNOWN
44b6_267148e4,removed,2827,3078,UNKNOWN
44b6_267148e4,removed,2830,3060,UNKNOWN
44b6_267148e4,removed,2842,3085,UNKNOWN
44b6_267148e4,removed,2860,3091,UNKNOWN
44b6_267148e4,removed,2864,3102,UNKNOWN
44b6_267148e4,removed,2865,3097,UNKNOWN
44b6_267148e4,removed,2877,3129,UNKNOWN
44b6_267148e4,removed,2879,3115,UNKNOWN
44b6_267148e4,removed,2883,3117,UNKNOWN
44b6_267148e4,removed,2887,3145,UNKNOWN
44b6_267148e4,removed,2893,3127,UNKNOWN
44b6_267148e4,removed,2894,3155,UNKNOWN
44b6_267148e4,removed,2895,3139,UNKNOWN
44b6_267148e4,removed,2898,3132,UNKNOWN
44b6_267148e4,removed,2899,3138,UNKNOWN
44b6_267148e4,removed,2904,3137,UNKNOWN
44b6_267148e4,removed,2908,3164,UNKNOWN
44b6_267148e4,removed,2913,3173,UNKNOWN
44b6_267148e4,removed,2928,3168,UNKNOWN
44b6_267148e4,removed,2935,3170,UNKNOWN
44b6_267148e4,removed,2941,3183,UNKNOWN
44b6_267148e4,removed,2942,3172,UNKNOWN
44b6_267148e4,removed,2948,3177,UNKNOWN
44b6_267148e4,removed,2949,3184,UNKNOWN
44b6_267148e4,removed,2950,3189,UNKNOWN
44b6_267148e4,removed,3178,3416,UNKNOWN
44b6_267148e4,removed,3558,26585,UNKNOWN
44b6_267148e4,removed,3653,26746,TP
44b6_267148e4,removed,3862,26586,UNKNOWN
44b6_267148e4,removed,3887,26587,UNKNOWN
44b6_267148e4,removed,3935,26588,UNKNOWN
44b6_267148e4,removed,3954,26832,UNKNOWN
44b6_267148e4,removed,4050,4302,UNKNOWN
44b6_267148e4,removed,4210,26589,UNKNOWN
44b6_267148e4,removed,4220,26590,UNKNOWN
44b6_267148e4,removed,4360,26796,UNKNOWN
44b6_267148e4,removed,4509,4802,UNKNOWN
44b6_267148e4,removed,4543,26752,UNKNOWN
44b6_267148e4,removed,4630,4923,UNKNOWN
44b6_267148e4,removed,4652,4933,UNKNOWN
44b6_267148e4,removed,4767,5048,UNKNOWN
44b6_267148e4,removed,4933,5213,UNKNOWN
44b6_267148e4,removed,4982,26780,UNKNOWN
44b6_267148e4,removed,5076,26758,UNKNOWN
44b6_267148e4,removed,5586,5876,UNKNOWN
44b6_267148e4,removed,5612,26814,UNKNOWN
44b6_267148e4,removed,5658,5946,UNKNOWN
44b6_267148e4,removed,5946,6230,UNKNOWN
44b6_267148e4,removed,6230,6532,UNKNOWN
44b6_267148e4,removed,6409,6722,UNKNOWN
44b6_267148e4,removed,6532,6834,UNKNOWN
44b6_267148e4,removed,6561,26768,UNKNOWN
44b6_267148e4,removed,6990,26601,UNKNOWN
44b6_267148e4,removed,7104,7413,UNKNOWN
44b6_267148e4,removed,7115,26602,UNKNOWN
44b6_267148e4,removed,7118,26603,UNKNOWN
44b6_267148e4,removed,7122,26605,UNKNOWN
44b6_267148e4,removed,7127,7434,UNKNOWN
44b6_267148e4,removed,7133,7441,UNKNOWN
44b6_267148e4,removed,7136,26606,UNKNOWN
44b6_267148e4,removed,7140,7448,UNKNOWN
44b6_267148e4,removed,7142,7452,UNKNOWN
44b6_267148e4,removed,7142,7453,UNKNOWN
44b6_267148e4,removed,7143,26607,UNKNOWN
44b6_267148e4,removed,7144,26608,UNKNOWN
44b6_267148e4,removed,7159,7476,UNKNOWN
44b6_267148e4,removed,7168,26818,UNKNOWN
44b6_267148e4,removed,7169,26611,UNKNOWN
44b6_267148e4,removed,7171,26612,UNKNOWN
44b6_267148e4,removed,7174,26614,UNKNOWN
44b6_267148e4,removed,7181,26615,UNKNOWN
44b6_267148e4,removed,7184,7485,UNKNOWN
44b6_267148e4,removed,7196,7507,UNKNOWN
44b6_267148e4,removed,7198,7513,UNKNOWN
44b6_267148e4,removed,7204,7523,UNKNOWN
44b6_267148e4,removed,7234,7527,UNKNOWN
44b6_267148e4,removed,7246,26619,UNKNOWN
44b6_267148e4,removed,7247,7581,UNKNOWN
44b6_267148e4,removed,7259,26621,UNKNOWN
44b6_267148e4,removed,7266,7564,UNKNOWN
44b6_267148e4,removed,7285,26622,UNKNOWN
44b6_267148e4,removed,7286,7600,UNKNOWN
44b6_267148e4,removed,7298,7599,UNKNOWN
44b6_267148e4,removed,7326,7638,UNKNOWN
44b6_267148e4,removed,7327,26623,UNKNOWN
44b6_267148e4,removed,7343,7647,UNKNOWN
44b6_267148e4,removed,7444,7767,UNKNOWN
44b6_267148e4,removed,7446,7752,UNKNOWN
44b6_267148e4,removed,7448,7755,UNKNOWN
44b6_267148e4,removed,7453,7768,UNKNOWN
44b6_267148e4,removed,7462,7749,UNKNOWN
44b6_267148e4,removed,7465,7753,UNKNOWN
44b6_267148e4,removed,7471,7765,UNKNOWN
44b6_267148e4,removed,7479,7789,UNKNOWN
44b6_267148e4,removed,7481,7780,UNKNOWN
44b6_267148e4,removed,7486,7801,UNKNOWN
44b6_267148e4,removed,7499,7794,UNKNOWN
44b6_267148e4,removed,7509,7811,UNKNOWN
44b6_267148e4,removed,7518,7838,UNKNOWN
44b6_267148e4,removed,7524,7829,TP
44b6_267148e4,removed,7526,7819,UNKNOWN
44b6_267148e4,removed,7530,7835,UNKNOWN
44b6_267148e4,removed,7543,7843,UNKNOWN
44b6_267148e4,removed,7569,7891,UNKNOWN
44b6_267148e4,removed,7581,7876,UNKNOWN
44b6_267148e4,removed,7593,7897,UNKNOWN
44b6_267148e4,removed,7594,7900,UNKNOWN
44b6_267148e4,removed,7627,7922,UNKNOWN
44b6_267148e4,removed,7630,7938,UNKNOWN
44b6_267148e4,removed,7638,7944,UNKNOWN
44b6_267148e4,removed,7647,7954,UNKNOWN
44b6_267148e4,removed,7648,7985,UNKNOWN
44b6_267148e4,removed,7650,7943,UNKNOWN
44b6_267148e4,removed,7652,7970,UNKNOWN
44b6_267148e4,removed,7657,7958,UNKNOWN
44b6_267148e4,removed,7661,7959,UNKNOWN
44b6_267148e4,removed,7673,7993,UNKNOWN
44b6_267148e4,removed,7863,26624,UNKNOWN
44b6_267148e4,removed,7884,8203,UNKNOWN
44b6_267148e4,removed,7922,26798,UNKNOWN
44b6_267148e4,removed,8123,26784,UNKNOWN
44b6_267148e4,removed,8489,26760,UNKNOWN
44b6_267148e4,removed,8601,8909,UNKNOWN
44b6_267148e4,removed,9108,26625,UNKNOWN
44b6_267148e4,removed,9205,9518,UNKNOWN
44b6_267148e4,removed,9293,9624,UNKNOWN
44b6_267148e4,removed,9315,9643,UNKNOWN
44b6_267148e4,removed,9325,26830,UNKNOWN
44b6_267148e4,removed,9334,9637,UNKNOWN
44b6_267148e4,removed,9340,9653,UNKNOWN
44b6_267148e4,removed,9364,9685,UNKNOWN
44b6_267148e4,removed,9430,9751,UNKNOWN
44b6_267148e4,removed,9468,9807,UNKNOWN
44b6_267148e4,removed,9490,9812,UNKNOWN
44b6_267148e4,removed,9518,9850,UNKNOWN
44b6_267148e4,removed,9566,9877,UNKNOWN
44b6_267148e4,removed,9567,9884,UNKNOWN
44b6_267148e4,removed,9597,9907,UNKNOWN
44b6_267148e4,removed,9818,10166,UNKNOWN
44b6_267148e4,removed,9850,10187,UNKNOWN
44b6_267148e4,removed,9858,26776,UNKNOWN
44b6_267148e4,removed,10018,10360,UNKNOWN
44b6_267148e4,removed,10072,26628,UNKNOWN
44b6_267148e4,removed,10166,10484,UNKNOWN
44b6_267148e4,removed,10170,26629,UNKNOWN
44b6_267148e4,removed,10186,10521,UNKNOWN
44b6_267148e4,removed,10221,26630,UNKNOWN
44b6_267148e4,removed,10246,26631,UNKNOWN
44b6_267148e4,removed,10267,10593,UNKNOWN
44b6_267148e4,removed,10285,10616,UNKNOWN
44b6_267148e4,removed,10287,10596,UNKNOWN
44b6_267148e4,removed,10292,10619,UNKNOWN
44b6_267148e4,removed,10293,10592,UNKNOWN
44b6_267148e4,removed,10294,10624,UNKNOWN
44b6_267148e4,removed,10302,10599,UNKNOWN
44b6_267148e4,removed,10304,10648,UNKNOWN
44b6_267148e4,removed,10306,10629,UNKNOWN
44b6_267148e4,removed,10307,10589,UNKNOWN
44b6_267148e4,removed,10313,10627,UNKNOWN
44b6_267148e4,removed,10317,10637,UNKNOWN
44b6_267148e4,removed,10322,10647,UNKNOWN
44b6_267148e4,removed,10326,10641,UNKNOWN
44b6_267148e4,removed,10328,10664,UNKNOWN
44b6_267148e4,removed,10329,10645,UNKNOWN
44b6_267148e4,removed,10359,10672,UNKNOWN
44b6_267148e4,removed,10384,10723,UNKNOWN
44b6_267148e4,removed,10408,10731,UNKNOWN
44b6_267148e4,removed,10414,10725,UNKNOWN
44b6_267148e4,removed,10416,10739,UNKNOWN
44b6_267148e4,removed,10436,10763,UNKNOWN
44b6_267148e4,removed,10444,10779,UNKNOWN
44b6_267148e4,removed,10454,10786,UNKNOWN
44b6_267148e4,removed,10472,10798,UNKNOWN
44b6_267148e4,removed,10478,10788,UNKNOWN
44b6_267148e4,removed,10484,10803,UNKNOWN
44b6_267148e4,removed,10512,10835,UNKNOWN
44b6_267148e4,removed,10513,26756,UNKNOWN
44b6_267148e4,removed,10537,10870,UNKNOWN
44b6_267148e4,removed,10540,10880,UNKNOWN
44b6_267148e4,removed,10549,10890,UNKNOWN
44b6_267148e4,removed,10551,26633,UNKNOWN
44b6_267148e4,removed,10703,11021,UNKNOWN
44b6_267148e4,removed,10786,11104,UNKNOWN
44b6_267148e4,removed,10788,11105,UNKNOWN
44b6_267148e4,removed,11021,11343,UNKNOWN
44b6_267148e4,removed,11037,11352,UNKNOWN
44b6_267148e4,removed,11077,11387,UNKNOWN
44b6_267148e4,removed,11085,11403,UNKNOWN
44b6_267148e4,removed,11104,11424,UNKNOWN
44b6_267148e4,removed,11105,11428,UNKNOWN
44b6_267148e4,removed,11157,11468,UNKNOWN
44b6_267148e4,removed,11337,26808,UNKNOWN
44b6_267148e4,removed,11343,11661,UNKNOWN
44b6_267148e4,removed,11344,26634,UNKNOWN
44b6_267148e4,removed,11352,11670,UNKNOWN
44b6_267148e4,removed,11387,11708,UNKNOWN
44b6_267148e4,removed,11424,11750,UNKNOWN
44b6_267148e4,removed,11428,11752,UNKNOWN
44b6_267148e4,removed,11468,11782,UNKNOWN
44b6_267148e4,removed,11568,11912,UNKNOWN
44b6_267148e4,removed,11578,11890,UNKNOWN
44b6_267148e4,removed,11583,26810,UNKNOWN
44b6_267148e4,removed,11590,11911,UNKNOWN
44b6_267148e4,removed,11618,11950,UNKNOWN
44b6_267148e4,removed,11619,11938,UNKNOWN
44b6_267148e4,removed,11628,11930,UNKNOWN
44b6_267148e4,removed,11638,11963,UNKNOWN
44b6_267148e4,removed,11639,11947,UNKNOWN
44b6_267148e4,removed,11646,11954,UNKNOWN
44b6_267148e4,removed,11661,11986,UNKNOWN
44b6_267148e4,removed,11670,11996,UNKNOWN
44b6_267148e4,removed,11700,12016,UNKNOWN
44b6_267148e4,removed,11737,12056,UNKNOWN
44b6_267148e4,removed,11752,12078,UNKNOWN
44b6_267148e4,removed,11782,12096,UNKNOWN
44b6_267148e4,removed,11888,12199,UNKNOWN
44b6_267148e4,removed,11889,12227,UNKNOWN
44b6_267148e4,removed,11904,12222,UNKNOWN
44b6_267148e4,removed,11907,12242,UNKNOWN
44b6_267148e4,removed,11912,12229,UNKNOWN
44b6_267148e4,removed,11916,12239,UNKNOWN
44b6_267148e4,removed,11919,12201,UNKNOWN
44b6_267148e4,removed,11933,12265,UNKNOWN
44b6_267148e4,removed,11935,12258,UNKNOWN
44b6_267148e4,removed,11942,12268,UNKNOWN
44b6_267148e4,removed,11946,26642,UNKNOWN
44b6_267148e4,removed,11948,26643,UNKNOWN
44b6_267148e4,removed,11950,26644,UNKNOWN
44b6_267148e4,removed,11958,26645,UNKNOWN
44b6_267148e4,removed,11961,12288,UNKNOWN
44b6_267148e4,removed,11964,12284,UNKNOWN
44b6_267148e4,removed,11986,12300,UNKNOWN
44b6_267148e4,removed,11991,12317,UNKNOWN
44b6_267148e4,removed,11995,12327,UNKNOWN
44b6_267148e4,removed,11996,12316,UNKNOWN
44b6_267148e4,removed,12005,12322,UNKNOWN
44b6_267148e4,removed,12012,26646,UNKNOWN
44b6_267148e4,removed,12015,12342,UNKNOWN
44b6_267148e4,removed,12022,12346,UNKNOWN
44b6_267148e4,removed,12025,12343,UNKNOWN
44b6_267148e4,removed,12026,12344,UNKNOWN
44b6_267148e4,removed,12028,12352,UNKNOWN
44b6_267148e4,removed,12038,12367,UNKNOWN
44b6_267148e4,removed,12055,12357,UNKNOWN
44b6_267148e4,removed,12057,12375,UNKNOWN
44b6_267148e4,removed,12064,12374,UNKNOWN
44b6_267148e4,removed,12066,12376,UNKNOWN
44b6_267148e4,removed,12073,12384,UNKNOWN
44b6_267148e4,removed,12076,12385,UNKNOWN
44b6_267148e4,removed,12088,12392,UNKNOWN
44b6_267148e4,removed,12090,12398,UNKNOWN
44b6_267148e4,removed,12091,26648,UNKNOWN
44b6_267148e4,removed,12092,12395,UNKNOWN
44b6_267148e4,removed,12095,12402,UNKNOWN
44b6_267148e4,removed,12096,12400,UNKNOWN
44b6_267148e4,removed,12101,12401,UNKNOWN
44b6_267148e4,removed,12105,12411,UNKNOWN
44b6_267148e4,removed,12165,12451,UNKNOWN
44b6_267148e4,removed,12183,26748,UNKNOWN
44b6_267148e4,removed,12200,12499,UNKNOWN
44b6_267148e4,removed,12227,12468,UNKNOWN
44b6_267148e4,removed,12234,12470,UNKNOWN
44b6_267148e4,removed,12239,12505,UNKNOWN
44b6_267148e4,removed,12241,12518,UNKNOWN
44b6_267148e4,removed,12252,12520,UNKNOWN
44b6_267148e4,removed,12260,12533,UNKNOWN
44b6_267148e4,removed,12265,12524,UNKNOWN
44b6_267148e4,removed,12280,12529,UNKNOWN
44b6_267148e4,removed,12291,12543,UNKNOWN
44b6_267148e4,removed,12310,12585,UNKNOWN
44b6_267148e4,removed,12322,26772,UNKNOWN
44b6_267148e4,removed,12323,12584,UNKNOWN
44b6_267148e4,removed,12326,12593,UNKNOWN
44b6_267148e4,removed,12395,12669,UNKNOWN
44b6_267148e4,removed,12402,12714,UNKNOWN
44b6_267148e4,removed,12524,12845,UNKNOWN
44b6_267148e4,removed,12530,26762,UNKNOWN
44b6_267148e4,removed,12557,12879,UNKNOWN
44b6_267148e4,removed,12573,12890,UNKNOWN
44b6_267148e4,removed,12582,12911,UNKNOWN
44b6_267148e4,removed,12585,26649,UNKNOWN
44b6_267148e4,removed,12590,26650,UNKNOWN
44b6_267148e4,removed,12602,26651,UNKNOWN
44b6_267148e4,removed,12608,26652,UNKNOWN
44b6_267148e4,removed,12611,26654,UNKNOWN
44b6_267148e4,removed,12621,12917,UNKNOWN
44b6_267148e4,removed,12622,12922,UNKNOWN
44b6_267148e4,removed,12626,12941,UNKNOWN
44b6_267148e4,removed,12634,26655,UNKNOWN
44b6_267148e4,removed,12656,26656,UNKNOWN
44b6_267148e4,removed,12667,26657,UNKNOWN
44b6_267148e4,removed,12675,26659,UNKNOWN
44b6_267148e4,removed,12678,26660,UNKNOWN
44b6_267148e4,removed,12690,26661,UNKNOWN
44b6_267148e4,removed,12704,26663,UNKNOWN
44b6_267148e4,removed,12706,26664,UNKNOWN
44b6_267148e4,removed,12722,26665,UNKNOWN
44b6_267148e4,removed,12728,26666,UNKNOWN
44b6_267148e4,removed,12743,13015,UNKNOWN
44b6_267148e4,removed,12744,26667,UNKNOWN
44b6_267148e4,removed,12751,26668,UNKNOWN
44b6_267148e4,removed,12764,26670,UNKNOWN
44b6_267148e4,removed,12765,26671,UNKNOWN
44b6_267148e4,removed,12810,26672,UNKNOWN
44b6_267148e4,removed,12811,26673,UNKNOWN
44b6_267148e4,removed,12823,26674,UNKNOWN
44b6_267148e4,removed,12845,13093,UNKNOWN
44b6_267148e4,removed,12867,26675,UNKNOWN
44b6_267148e4,removed,12968,13238,UNKNOWN
44b6_267148e4,removed,13015,13335,UNKNOWN
44b6_267148e4,removed,13040,26677,UNKNOWN
44b6_267148e4,removed,13053,13389,UNKNOWN
44b6_267148e4,removed,13093,13433,UNKNOWN
44b6_267148e4,removed,13107,13451,UNKNOWN
44b6_267148e4,removed,13112,13459,UNKNOWN
44b6_267148e4,removed,13113,13456,UNKNOWN
44b6_267148e4,removed,13145,13477,UNKNOWN
44b6_267148e4,removed,13157,13489,UNKNOWN
44b6_267148e4,removed,13176,13522,UNKNOWN
44b6_267148e4,removed,13204,13542,UNKNOWN
44b6_267148e4,removed,13227,13562,UNKNOWN
44b6_267148e4,removed,13244,13588,UNKNOWN
44b6_267148e4,removed,13258,13599,UNKNOWN
44b6_267148e4,removed,13267,13608,UNKNOWN
44b6_267148e4,removed,13335,13670,UNKNOWN
44b6_267148e4,removed,13348,13661,UNKNOWN
44b6_267148e4,removed,13352,13692,UNKNOWN
44b6_267148e4,removed,13389,13736,UNKNOWN
44b6_267148e4,removed,13420,13764,UNKNOWN
44b6_267148e4,removed,13432,13759,UNKNOWN
44b6_267148e4,removed,13477,13806,UNKNOWN
44b6_267148e4,removed,13491,26679,UNKNOWN
44b6_267148e4,removed,13525,13855,UNKNOWN
44b6_267148e4,removed,13570,13918,UNKNOWN
44b6_267148e4,removed,13621,13951,UNKNOWN
44b6_267148e4,removed,13661,13988,UNKNOWN
44b6_267148e4,removed,13670,14003,UNKNOWN
44b6_267148e4,removed,13951,14294,UNKNOWN
44b6_267148e4,removed,13971,26816,UNKNOWN
44b6_267148e4,removed,13988,14320,UNKNOWN
44b6_267148e4,removed,14003,14326,UNKNOWN
44b6_267148e4,removed,14084,14410,UNKNOWN
44b6_267148e4,removed,14109,26681,UNKNOWN
44b6_267148e4,removed,14113,14446,UNKNOWN
44b6_267148e4,removed,14115,14441,UNKNOWN
44b6_267148e4,removed,14155,14488,UNKNOWN
44b6_267148e4,removed,14166,26824,UNKNOWN
44b6_267148e4,removed,14178,14498,UNKNOWN
44b6_267148e4,removed,14257,26683,UNKNOWN
44b6_267148e4,removed,14294,14615,UNKNOWN
44b6_267148e4,removed,14295,14619,UNKNOWN
44b6_267148e4,removed,14320,14650,UNKNOWN
44b6_267148e4,removed,14326,14646,UNKNOWN
44b6_267148e4,removed,14352,14685,UNKNOWN
44b6_267148e4,removed,14399,26685,UNKNOWN
44b6_267148e4,removed,14615,14948,UNKNOWN
44b6_267148e4,removed,14650,14982,UNKNOWN
44b6_267148e4,removed,14661,26782,UNKNOWN
44b6_267148e4,removed,14847,26788,UNKNOWN
44b6_267148e4,removed,15299,15622,UNKNOWN
44b6_267148e4,removed,15300,15624,UNKNOWN
44b6_267148e4,removed,15619,26826,UNKNOWN
44b6_267148e4,removed,15671,26802,UNKNOWN
44b6_267148e4,removed,15710,26687,UNKNOWN
44b6_267148e4,removed,15887,26688,UNKNOWN
44b6_267148e4,removed,15895,26689,UNKNOWN
44b6_267148e4,removed,15901,16219,UNKNOWN
44b6_267148e4,removed,15917,26690,UNKNOWN
44b6_267148e4,removed,15933,26691,UNKNOWN
44b6_267148e4,removed,16018,26770,UNKNOWN
44b6_267148e4,removed,16233,16545,UNKNOWN
44b6_267148e4,removed,16305,26692,UNKNOWN
44b6_267148e4,removed,16389,16691,UNKNOWN
44b6_267148e4,removed,16555,16875,UNKNOWN
44b6_267148e4,removed,16793,26693,UNKNOWN
44b6_267148e4,removed,16875,17168,UNKNOWN
44b6_267148e4,removed,16920,26778,UNKNOWN
44b6_267148e4,removed,16944,26694,UNKNOWN
44b6_267148e4,removed,17168,17481,UNKNOWN
44b6_267148e4,removed,17375,17685,UNKNOWN
44b6_267148e4,removed,17446,17748,UNKNOWN
44b6_267148e4,removed,17448,26794,UNKNOWN
44b6_267148e4,removed,17481,17765,UNKNOWN
44b6_267148e4,removed,17576,26695,UNKNOWN
44b6_267148e4,removed,17673,26696,UNKNOWN
44b6_267148e4,removed,17716,26790,UNKNOWN
44b6_267148e4,removed,17830,18131,UNKNOWN
44b6_267148e4,removed,17844,18149,UNKNOWN
44b6_267148e4,removed,18058,26697,UNKNOWN
44b6_267148e4,removed,18228,26698,UNKNOWN
44b6_267148e4,removed,18370,26820,UNKNOWN
44b6_267148e4,removed,18377,18658,UNKNOWN
44b6_267148e4,removed,18383,26700,UNKNOWN
44b6_267148e4,removed,18392,18677,UNKNOWN
44b6_267148e4,removed,18542,26701,UNKNOWN
44b6_267148e4,removed,18659,26792,UNKNOWN
44b6_267148e4,removed,18690,26704,UNKNOWN
44b6_267148e4,removed,18763,26705,UNKNOWN
44b6_267148e4,removed,18950,26706,UNKNOWN
44b6_267148e4,removed,19039,26707,UNKNOWN
44b6_267148e4,removed,19057,26708,UNKNOWN
44b6_267148e4,removed,19087,19367,UNKNOWN
44b6_267148e4,removed,19350,19639,UNKNOWN
44b6_267148e4,removed,19354,19629,UNKNOWN
44b6_267148e4,removed,19359,19637,UNKNOWN
44b6_267148e4,removed,19372,19648,UNKNOWN
44b6_267148e4,removed,19385,19657,UNKNOWN
44b6_267148e4,removed,19653,19913,UNKNOWN
44b6_267148e4,removed,19682,19935,UNKNOWN
44b6_267148e4,removed,19790,26709,UNKNOWN
44b6_267148e4,removed,19814,26710,UNKNOWN
44b6_267148e4,removed,19860,20111,UNKNOWN
44b6_267148e4,removed,19903,26822,UNKNOWN
44b6_267148e4,removed,19996,26711,UNKNOWN
44b6_267148e4,removed,20227,20502,UNKNOWN
44b6_267148e4,removed,20228,20483,UNKNOWN
44b6_267148e4,removed,20311,26774,UNKNOWN
44b6_267148e4,removed,20328,26712,UNKNOWN
44b6_267148e4,removed,20376,20637,UNKNOWN
44b6_267148e4,removed,20381,26713,UNKNOWN
44b6_267148e4,removed,20459,26714,UNKNOWN
44b6_267148e4,removed,20509,20762,UNKNOWN
44b6_267148e4,removed,20539,26716,UNKNOWN
44b6_267148e4,removed,20989,26800,UNKNOWN
44b6_267148e4,removed,21106,21366,UNKNOWN
44b6_267148e4,removed,21160,26717,UNKNOWN
44b6_267148e4,removed,21251,21514,UNKNOWN
44b6_267148e4,removed,21398,26718,UNKNOWN
44b6_267148e4,removed,21407,26812,UNKNOWN
44b6_267148e4,removed,21458,21714,UNKNOWN
44b6_267148e4,removed,21484,21738,UNKNOWN
44b6_267148e4,removed,21495,21751,UNKNOWN
44b6_267148e4,removed,21525,21787,UNKNOWN
44b6_267148e4,removed,21526,21789,UNKNOWN
44b6_267148e4,removed,21533,21794,UNKNOWN
44b6_267148e4,removed,21542,21807,UNKNOWN
44b6_267148e4,removed,21560,21803,UNKNOWN
44b6_267148e4,removed,21561,21844,UNKNOWN
44b6_267148e4,removed,21579,21858,UNKNOWN
44b6_267148e4,removed,21580,21828,UNKNOWN
44b6_267148e4,removed,21587,21837,UNKNOWN
44b6_267148e4,removed,22063,26719,UNKNOWN
44b6_267148e4,removed,22115,22375,UNKNOWN
44b6_267148e4,removed,22117,26754,UNKNOWN
44b6_267148e4,removed,22375,22605,UNKNOWN
44b6_267148e4,removed,22426,26750,UNKNOWN
44b6_267148e4,removed,22605,22849,UNKNOWN
44b6_267148e4,removed,22657,26720,UNKNOWN
44b6_267148e4,removed,22660,26721,UNKNOWN
44b6_267148e4,removed,22716,26722,UNKNOWN
44b6_267148e4,removed,22849,23077,UNKNOWN
44b6_267148e4,removed,22863,26764,UNKNOWN
44b6_267148e4,removed,22942,23169,UNKNOWN
44b6_267148e4,removed,23004,23233,UNKNOWN
44b6_267148e4,removed,23077,23293,UNKNOWN
44b6_267148e4,removed,23114,23344,UNKNOWN
44b6_267148e4,removed,23124,23355,UNKNOWN
44b6_267148e4,removed,23169,23393,UNKNOWN
44b6_267148e4,removed,23393,23597,UNKNOWN
44b6_267148e4,removed,23450,26725,UNKNOWN
44b6_267148e4,removed,23481,26726,UNKNOWN
44b6_267148e4,removed,23553,26727,UNKNOWN
44b6_267148e4,removed,23597,23820,UNKNOWN
44b6_267148e4,removed,23755,26728,UNKNOWN
44b6_267148e4,removed,23936,26729,UNKNOWN
44b6_267148e4,removed,24025,26730,UNKNOWN
44b6_267148e4,removed,24116,26731,UNKNOWN
44b6_267148e4,removed,24245,24479,UNKNOWN
44b6_267148e4,removed,24258,26732,UNKNOWN
44b6_267148e4,removed,24343,26733,UNKNOWN
44b6_267148e4,removed,24345,24579,UNKNOWN
44b6_267148e4,removed,24351,26734,UNKNOWN
44b6_267148e4,removed,24431,26735,UNKNOWN
44b6_267148e4,removed,24450,26736,UNKNOWN
44b6_267148e4,removed,24457,26737,UNKNOWN
44b6_267148e4,removed,24518,26738,UNKNOWN
44b6_267148e4,removed,24531,26806,UNKNOWN
44b6_267148e4,removed,24835,26739,UNKNOWN
44b6_267148e4,removed,24875,26804,UNKNOWN
44b6_267148e4,removed,25032,26740,UNKNOWN
44b6_267148e4,removed,25160,25360,UNKNOWN
44b6_267148e4,removed,25188,25394,UNKNOWN
44b6_267148e4,removed,25288,25495,UNKNOWN
44b6_267148e4,removed,25394,25605,UNKNOWN
44b6_267148e4,removed,25580,26741,UNKNOWN
44b6_267148e4,removed,25581,26742,UNKNOWN
44b6_267148e4,removed,25583,26743,UNKNOWN
44b6_267148e4,removed,25605,25800,UNKNOWN
44b6_267148e4,removed,25616,26744,UNKNOWN
44b6_267148e4,removed,25622,26745,UNKNOWN
44b6_267148e4,removed,25800,25988,UNKNOWN
44b6_267148e4,removed,26579,2636,UNKNOWN
44b6_267148e4,removed,26582,2914,UNKNOWN
44b6_267148e4,removed,26585,4060,UNKNOWN
44b6_267148e4,removed,26586,4399,UNKNOWN
44b6_267148e4,removed,26587,4435,UNKNOWN
44b6_267148e4,removed,26588,4470,UNKNOWN
44b6_267148e4,removed,26589,4754,UNKNOWN
44b6_267148e4,removed,26590,4798,UNKNOWN
44b6_267148e4,removed,26601,7608,UNKNOWN
44b6_267148e4,removed,26602,7731,UNKNOWN
44b6_267148e4,removed,26603,7748,UNKNOWN
44b6_267148e4,removed,26605,7724,UNKNOWN
44b6_267148e4,removed,26606,7766,UNKNOWN
44b6_267148e4,removed,26607,7758,UNKNOWN
44b6_267148e4,removed,26608,7782,UNKNOWN
44b6_267148e4,removed,26611,7781,UNKNOWN
44b6_267148e4,removed,26612,7790,UNKNOWN
44b6_267148e4,removed,26614,7792,UNKNOWN
44b6_267148e4,removed,26615,7797,UNKNOWN
44b6_267148e4,removed,26617,7822,UNKNOWN
44b6_267148e4,removed,26619,7870,UNKNOWN
44b6_267148e4,removed,26621,7893,UNKNOWN
44b6_267148e4,removed,26622,7913,UNKNOWN
44b6_267148e4,removed,26623,7967,UNKNOWN
44b6_267148e4,removed,26624,8473,UNKNOWN
44b6_267148e4,removed,26625,9741,UNKNOWN
44b6_267148e4,removed,26628,10709,UNKNOWN
44b6_267148e4,removed,26629,10807,UNKNOWN
44b6_267148e4,removed,26630,10887,UNKNOWN
44b6_267148e4,removed,26631,10876,UNKNOWN
44b6_267148e4,removed,26633,11205,UNKNOWN
44b6_267148e4,removed,26634,11981,UNKNOWN
44b6_267148e4,removed,26642,12537,UNKNOWN
44b6_267148e4,removed,26643,12539,UNKNOWN
44b6_267148e4,removed,26644,12516,UNKNOWN
44b6_267148e4,removed,26645,12540,UNKNOWN
44b6_267148e4,removed,26646,12613,UNKNOWN
44b6_267148e4,removed,26648,12694,UNKNOWN
44b6_267148e4,removed,26649,13164,UNKNOWN
44b6_267148e4,removed,26650,13175,UNKNOWN
44b6_267148e4,removed,26651,13186,UNKNOWN
44b6_267148e4,removed,26652,13181,UNKNOWN
44b6_267148e4,removed,26654,13194,UNKNOWN
44b6_267148e4,removed,26655,13189,UNKNOWN
44b6_267148e4,removed,26656,13211,UNKNOWN
44b6_267148e4,removed,26657,13247,UNKNOWN
44b6_267148e4,removed,26659,13245,UNKNOWN
44b6_267148e4,removed,26660,13269,UNKNOWN
44b6_267148e4,removed,26661,13257,UNKNOWN
44b6_267148e4,removed,26663,13283,UNKNOWN
44b6_267148e4,removed,26664,13277,UNKNOWN
44b6_267148e4,removed,26665,13304,UNKNOWN
44b6_267148e4,removed,26666,13327,UNKNOWN
44b6_267148e4,removed,26667,13321,UNKNOWN
44b6_267148e4,removed,26668,13338,UNKNOWN
44b6_267148e4,removed,26670,13345,UNKNOWN
44b6_267148e4,removed,26671,13358,UNKNOWN
44b6_267148e4,removed,26672,13384,UNKNOWN
44b6_267148e4,removed,26673,13405,UNKNOWN
44b6_267148e4,removed,26674,13400,UNKNOWN
44b6_267148e4,removed,26675,13441,UNKNOWN
44b6_267148e4,removed,26677,13747,UNKNOWN
44b6_267148e4,removed,26679,14153,UNKNOWN
44b6_267148e4,removed,26681,14771,UNKNOWN
44b6_267148e4,removed,26683,14892,UNKNOWN
44b6_267148e4,removed,26685,15041,UNKNOWN
44b6_267148e4,removed,26687,16325,UNKNOWN
44b6_267148e4,removed,26688,16504,UNKNOWN
44b6_267148e4,removed,26689,16520,UNKNOWN
44b6_267148e4,removed,26690,16531,UNKNOWN
44b6_267148e4,removed,26691,16548,UNKNOWN
44b6_267148e4,removed,26692,16939,UNKNOWN
44b6_267148e4,removed,26693,17391,UNKNOWN
44b6_267148e4,removed,26694,17544,UNKNOWN
44b6_267148e4,removed,26695,18182,UNKNOWN
44b6_267148e4,removed,26696,18271,UNKNOWN
44b6_267148e4,removed,26697,18645,UNKNOWN
44b6_267148e4,removed,26698,18791,UNKNOWN
44b6_267148e4,removed,26700,18938,UNKNOWN
44b6_267148e4,removed,26701,19095,UNKNOWN
44b6_267148e4,removed,26704,19259,UNKNOWN
44b6_267148e4,removed,26705,19323,UNKNOWN
44b6_267148e4,removed,26706,19522,UNKNOWN
44b6_267148e4,removed,26707,19598,UNKNOWN
44b6_267148e4,removed,26708,19619,UNKNOWN
44b6_267148e4,removed,26709,20302,UNKNOWN
44b6_267148e4,removed,26710,20337,UNKNOWN
44b6_267148e4,removed,26711,20495,UNKNOWN
44b6_267148e4,removed,26712,20844,UNKNOWN
44b6_267148e4,removed,26713,20901,UNKNOWN
44b6_267148e4,removed,26714,20962,UNKNOWN
44b6_267148e4,removed,26716,21044,UNKNOWN
44b6_267148e4,removed,26717,21667,UNKNOWN
44b6_267148e4,removed,26718,21913,UNKNOWN
44b6_267148e4,removed,26719,22571,UNKNOWN
44b6_267148e4,removed,26720,23126,UNKNOWN
44b6_267148e4,removed,26721,23124,UNKNOWN
44b6_267148e4,removed,26722,23177,UNKNOWN
44b6_267148e4,removed,26725,23877,UNKNOWN
44b6_267148e4,removed,26726,23908,UNKNOWN
44b6_267148e4,removed,26727,23980,UNKNOWN
44b6_267148e4,removed,26728,24200,UNKNOWN
44b6_267148e4,removed,26729,24392,UNKNOWN
44b6_267148e4,removed,26730,24472,UNKNOWN
44b6_267148e4,removed,26731,24549,UNKNOWN
44b6_267148e4,removed,26732,24694,UNKNOWN
44b6_267148e4,removed,26733,24769,UNKNOWN
44b6_267148e4,removed,26734,24774,UNKNOWN
44b6_267148e4,removed,26735,24857,UNKNOWN
44b6_267148e4,removed,26736,24893,UNKNOWN
44b6_267148e4,removed,26737,24887,UNKNOWN
44b6_267148e4,removed,26738,24952,UNKNOWN
44b6_267148e4,removed,26739,25258,UNKNOWN
44b6_267148e4,removed,26740,25443,UNKNOWN
44b6_267148e4,removed,26741,25963,UNKNOWN
44b6_267148e4,removed,26742,25971,UNKNOWN
44b6_267148e4,removed,26743,25975,UNKNOWN
44b6_267148e4,removed,26744,26002,UNKNOWN
44b6_267148e4,removed,26745,26007,UNKNOWN
44b6_267148e4,removed,26746,26747,TP
44b6_267148e4,removed,26747,4457,TP
44b6_267148e4,removed,26748,26749,UNKNOWN
44b6_267148e4,removed,26749,13033,UNKNOWN
44b6_267148e4,removed,26750,26751,UNKNOWN
44b6_267148e4,removed,26751,23125,UNKNOWN
44b6_267148e4,removed,26752,26753,UNKNOWN
44b6_267148e4,removed,26753,5366,UNKNOWN
44b6_267148e4,removed,26754,26755,UNKNOWN
44b6_267148e4,removed,26755,22846,UNKNOWN
44b6_267148e4,removed,26756,26757,UNKNOWN
44b6_267148e4,removed,26757,11489,UNKNOWN
44b6_267148e4,removed,26758,26759,UNKNOWN
44b6_267148e4,removed,26759,5940,UNKNOWN
44b6_267148e4,removed,26761,9432,UNKNOWN
44b6_267148e4,removed,26763,13449,UNKNOWN
44b6_267148e4,removed,26765,23523,UNKNOWN
44b6_267148e4,removed,26767,2952,UNKNOWN
44b6_267148e4,removed,26769,7475,UNKNOWN
44b6_267148e4,removed,26771,16940,UNKNOWN
44b6_267148e4,removed,26773,13170,UNKNOWN
44b6_267148e4,removed,26775,21064,UNKNOWN
44b6_267148e4,removed,26777,10848,UNKNOWN
44b6_267148e4,removed,26779,17830,UNKNOWN
44b6_267148e4,removed,26781,5839,UNKNOWN
44b6_267148e4,removed,26783,15630,UNKNOWN
44b6_267148e4,removed,26785,9053,UNKNOWN
44b6_267148e4,removed,26787,1383,UNKNOWN
44b6_267148e4,removed,26789,15789,UNKNOWN
44b6_267148e4,removed,26791,18603,UNKNOWN
44b6_267148e4,removed,26793,19520,UNKNOWN
44b6_267148e4,removed,26795,18363,UNKNOWN
44b6_267148e4,removed,26797,5164,UNKNOWN
44b6_267148e4,removed,26799,8825,UNKNOWN
44b6_267148e4,removed,26801,21763,UNKNOWN
44b6_267148e4,removed,26803,16639,UNKNOWN
44b6_267148e4,removed,26805,25505,UNKNOWN
44b6_267148e4,removed,26807,25170,UNKNOWN
44b6_267148e4,removed,26809,12282,UNKNOWN
44b6_267148e4,removed,26811,12480,UNKNOWN
44b6_267148e4,removed,26813,22176,UNKNOWN
44b6_267148e4,removed,26815,6471,UNKNOWN
44b6_267148e4,removed,26817,14935,UNKNOWN
44b6_267148e4,removed,26819,8133,UNKNOWN
44b6_267148e4,removed,26821,19201,UNKNOWN
44b6_267148e4,removed,26823,20672,UNKNOWN
44b6_267148e4,removed,26825,15125,UNKNOWN
44b6_267148e4,removed,26827,16535,UNKNOWN
44b6_267148e4,removed,26829,3150,UNKNOWN
44b6_267148e4,removed,26831,10335,UNKNOWN
44b6_267148e4,removed,26833,4794,UNKNOWN
44b6_267148e4,added,762,26794,UNKNOWN
44b6_267148e4,added,786,985,UNKNOWN
44b6_267148e4,added,1293,1504,UNKNOWN
44b6_267148e4,added,1504,1712,UNKNOWN
44b6_267148e4,added,1712,1927,UNKNOWN
44b6_267148e4,added,1860,2074,UNKNOWN
44b6_267148e4,added,1870,2083,UNKNOWN
44b6_267148e4,added,1927,2154,UNKNOWN
44b6_267148e4,added,1994,2226,UNKNOWN
44b6_267148e4,added,1997,2228,UNKNOWN
44b6_267148e4,added,2027,2277,UNKNOWN
44b6_267148e4,added,2044,26579,UNKNOWN
44b6_267148e4,added,2054,2301,UNKNOWN
44b6_267148e4,added,2063,2321,UNKNOWN
44b6_267148e4,added,2066,2304,UNKNOWN
44b6_267148e4,added,2075,2335,UNKNOWN
44b6_267148e4,added,2089,2348,UNKNOWN
44b6_267148e4,added,2098,2359,UNKNOWN
44b6_267148e4,added,2099,2357,UNKNOWN
44b6_267148e4,added,2103,2363,UNKNOWN
44b6_267148e4,added,2105,2360,UNKNOWN
44b6_267148e4,added,2106,2355,UNKNOWN
44b6_267148e4,added,2126,2379,UNKNOWN
44b6_267148e4,added,2129,2369,UNKNOWN
44b6_267148e4,added,2138,2366,UNKNOWN
44b6_267148e4,added,2140,2368,UNKNOWN
44b6_267148e4,added,2141,2387,UNKNOWN
44b6_267148e4,added,2142,2381,UNKNOWN
44b6_267148e4,added,2143,2386,UNKNOWN
44b6_267148e4,added,2148,2380,UNKNOWN
44b6_267148e4,added,2154,2378,UNKNOWN
44b6_267148e4,added,2185,2418,UNKNOWN
44b6_267148e4,added,2192,2440,UNKNOWN
44b6_267148e4,added,2226,2456,UNKNOWN
44b6_267148e4,added,2242,2481,UNKNOWN
44b6_267148e4,added,2245,2486,UNKNOWN
44b6_267148e4,added,2258,2458,UNKNOWN
44b6_267148e4,added,2259,26778,UNKNOWN
44b6_267148e4,added,2281,2514,UNKNOWN
44b6_267148e4,added,2399,2636,UNKNOWN
44b6_267148e4,added,2422,2644,UNKNOWN
44b6_267148e4,added,2443,2672,UNKNOWN
44b6_267148e4,added,2456,2683,UNKNOWN
44b6_267148e4,added,2472,2685,UNKNOWN
44b6_267148e4,added,2521,2751,UNKNOWN
44b6_267148e4,added,2574,2802,UNKNOWN
44b6_267148e4,added,2582,2807,UNKNOWN
44b6_267148e4,added,2683,2915,UNKNOWN
44b6_267148e4,added,2761,3013,UNKNOWN
44b6_267148e4,added,2771,3010,UNKNOWN
44b6_267148e4,added,2773,3016,UNKNOWN
44b6_267148e4,added,2776,3027,UNKNOWN
44b6_267148e4,added,2779,3024,UNKNOWN
44b6_267148e4,added,2792,3052,UNKNOWN
44b6_267148e4,added,2820,3074,UNKNOWN
44b6_267148e4,added,2821,3060,UNKNOWN
44b6_267148e4,added,2824,3059,UNKNOWN
44b6_267148e4,added,2825,3071,UNKNOWN
44b6_267148e4,added,2827,3091,UNKNOWN
44b6_267148e4,added,2829,3062,UNKNOWN
44b6_267148e4,added,2842,3078,UNKNOWN
44b6_267148e4,added,2860,3097,UNKNOWN
44b6_267148e4,added,2864,3127,UNKNOWN
44b6_267148e4,added,2865,3102,UNKNOWN
44b6_267148e4,added,2877,3117,UNKNOWN
44b6_267148e4,added,2879,3144,UNKNOWN
44b6_267148e4,added,2882,3139,UNKNOWN
44b6_267148e4,added,2883,3129,UNKNOWN
44b6_267148e4,added,2887,3143,UNKNOWN
44b6_267148e4,added,2893,3145,UNKNOWN
44b6_267148e4,added,2894,3137,UNKNOWN
44b6_267148e4,added,2898,3155,UNKNOWN
44b6_267148e4,added,2899,3132,UNKNOWN
44b6_267148e4,added,2904,3164,UNKNOWN
44b6_267148e4,added,2905,3138,UNKNOWN
44b6_267148e4,added,2908,26583,UNKNOWN
44b6_267148e4,added,2913,3168,UNKNOWN
44b6_267148e4,added,2915,3170,UNKNOWN
44b6_267148e4,added,2928,3195,UNKNOWN
44b6_267148e4,added,2935,3184,UNKNOWN
44b6_267148e4,added,2941,3192,UNKNOWN
44b6_267148e4,added,2942,3163,UNKNOWN
44b6_267148e4,added,2948,3183,UNKNOWN
44b6_267148e4,added,2949,3189,UNKNOWN
44b6_267148e4,added,2950,3172,UNKNOWN
44b6_267148e4,added,3002,3249,UNKNOWN
44b6_267148e4,added,3178,3433,UNKNOWN
44b6_267148e4,added,3249,3500,UNKNOWN
44b6_267148e4,added,3500,3759,UNKNOWN
44b6_267148e4,added,3558,26584,UNKNOWN
44b6_267148e4,added,3653,26762,TP
44b6_267148e4,added,3759,4024,UNKNOWN
44b6_267148e4,added,3862,26585,UNKNOWN
44b6_267148e4,added,3887,26586,UNKNOWN
44b6_267148e4,added,3935,26587,UNKNOWN
44b6_267148e4,added,3954,26844,UNKNOWN
44b6_267148e4,added,4024,4302,UNKNOWN
44b6_267148e4,added,4050,4321,UNKNOWN
44b6_267148e4,added,4210,26588,UNKNOWN
44b6_267148e4,added,4220,26589,UNKNOWN
44b6_267148e4,added,4360,26810,UNKNOWN
44b6_267148e4,added,4391,26590,UNKNOWN
44b6_267148e4,added,4509,4772,UNKNOWN
44b6_267148e4,added,4543,26768,UNKNOWN
44b6_267148e4,added,4652,4923,UNKNOWN
44b6_267148e4,added,4767,5030,UNKNOWN
44b6_267148e4,added,4933,5198,UNKNOWN
44b6_267148e4,added,4982,26788,UNKNOWN
44b6_267148e4,added,5076,26772,UNKNOWN
44b6_267148e4,added,5586,5869,UNKNOWN
44b6_267148e4,added,5604,5876,UNKNOWN
44b6_267148e4,added,5612,26828,UNKNOWN
44b6_267148e4,added,6236,6529,UNKNOWN
44b6_267148e4,added,6292,6579,UNKNOWN
44b6_267148e4,added,6432,6722,UNKNOWN
44b6_267148e4,added,6529,6822,UNKNOWN
44b6_267148e4,added,6544,6834,UNKNOWN
44b6_267148e4,added,6561,26780,UNKNOWN
44b6_267148e4,added,6579,6870,UNKNOWN
44b6_267148e4,added,6822,7112,UNKNOWN
44b6_267148e4,added,6870,7163,UNKNOWN
44b6_267148e4,added,7104,7432,UNKNOWN
44b6_267148e4,added,7112,7418,UNKNOWN
44b6_267148e4,added,7115,7434,UNKNOWN
44b6_267148e4,added,7118,26602,UNKNOWN
44b6_267148e4,added,7122,26603,UNKNOWN
44b6_267148e4,added,7127,26604,UNKNOWN
44b6_267148e4,added,7133,7413,UNKNOWN
44b6_267148e4,added,7136,26605,UNKNOWN
44b6_267148e4,added,7140,7452,UNKNOWN
44b6_267148e4,added,7142,7448,UNKNOWN
44b6_267148e4,added,7143,26606,UNKNOWN
44b6_267148e4,added,7144,26607,UNKNOWN
44b6_267148e4,added,7159,7486,UNKNOWN
44b6_267148e4,added,7163,7480,UNKNOWN
44b6_267148e4,added,7168,26832,UNKNOWN
44b6_267148e4,added,7169,26610,UNKNOWN
44b6_267148e4,added,7171,26611,UNKNOWN
44b6_267148e4,added,7174,7485,UNKNOWN
44b6_267148e4,added,7181,26613,UNKNOWN
44b6_267148e4,added,7184,7507,UNKNOWN
44b6_267148e4,added,7187,7513,UNKNOWN
44b6_267148e4,added,7196,26614,UNKNOWN
44b6_267148e4,added,7197,7527,UNKNOWN
44b6_267148e4,added,7204,26616,UNKNOWN
44b6_267148e4,added,7212,7523,UNKNOWN
44b6_267148e4,added,7246,26618,UNKNOWN
44b6_267148e4,added,7247,26619,UNKNOWN
44b6_267148e4,added,7252,7564,UNKNOWN
44b6_267148e4,added,7259,7581,UNKNOWN
44b6_267148e4,added,7277,26621,UNKNOWN
44b6_267148e4,added,7285,7600,UNKNOWN
44b6_267148e4,added,7286,7610,UNKNOWN
44b6_267148e4,added,7298,7608,UNKNOWN
44b6_267148e4,added,7327,7647,UNKNOWN
44b6_267148e4,added,7418,7749,UNKNOWN
44b6_267148e4,added,7423,7768,UNKNOWN
44b6_267148e4,added,7428,7752,UNKNOWN
44b6_267148e4,added,7432,7754,UNKNOWN
44b6_267148e4,added,7444,7739,UNKNOWN
44b6_267148e4,added,7448,7767,UNKNOWN
44b6_267148e4,added,7453,7755,UNKNOWN
44b6_267148e4,added,7462,7789,UNKNOWN
44b6_267148e4,added,7465,7792,UNKNOWN
44b6_267148e4,added,7471,7785,UNKNOWN
44b6_267148e4,added,7479,7794,UNKNOWN
44b6_267148e4,added,7480,7780,UNKNOWN
44b6_267148e4,added,7486,7774,UNKNOWN
44b6_267148e4,added,7493,7819,UNKNOWN
44b6_267148e4,added,7502,7801,UNKNOWN
44b6_267148e4,added,7515,7829,FP
44b6_267148e4,added,7518,7811,UNKNOWN
44b6_267148e4,added,7530,26834,UNKNOWN
44b6_267148e4,added,7532,7843,UNKNOWN
44b6_267148e4,added,7539,7838,UNKNOWN
44b6_267148e4,added,7543,7835,UNKNOWN
44b6_267148e4,added,7569,7897,UNKNOWN
44b6_267148e4,added,7581,7891,UNKNOWN
44b6_267148e4,added,7584,7903,UNKNOWN
44b6_267148e4,added,7593,7918,UNKNOWN
44b6_267148e4,added,7594,7925,UNKNOWN
44b6_267148e4,added,7617,7922,UNKNOWN
44b6_267148e4,added,7627,7944,UNKNOWN
44b6_267148e4,added,7632,7938,UNKNOWN
44b6_267148e4,added,7647,7958,UNKNOWN
44b6_267148e4,added,7648,7943,UNKNOWN
44b6_267148e4,added,7650,7970,UNKNOWN
44b6_267148e4,added,7652,7978,UNKNOWN
44b6_267148e4,added,7657,7985,UNKNOWN
44b6_267148e4,added,7661,7993,UNKNOWN
44b6_267148e4,added,7673,7959,UNKNOWN
44b6_267148e4,added,7739,8045,UNKNOWN
44b6_267148e4,added,7863,26623,UNKNOWN
44b6_267148e4,added,7903,8203,UNKNOWN
44b6_267148e4,added,7922,26814,UNKNOWN
44b6_267148e4,added,8045,8353,UNKNOWN
44b6_267148e4,added,8123,26792,UNKNOWN
44b6_267148e4,added,8489,26774,UNKNOWN
44b6_267148e4,added,8601,8915,UNKNOWN
44b6_267148e4,added,9108,26624,UNKNOWN
44b6_267148e4,added,9125,26625,UNKNOWN
44b6_267148e4,added,9273,9592,UNKNOWN
44b6_267148e4,added,9302,9624,UNKNOWN
44b6_267148e4,added,9314,9637,UNKNOWN
44b6_267148e4,added,9325,9643,UNKNOWN
44b6_267148e4,added,9334,9661,UNKNOWN
44b6_267148e4,added,9340,9660,UNKNOWN
44b6_267148e4,added,9344,9653,UNKNOWN
44b6_267148e4,added,9364,9677,UNKNOWN
44b6_267148e4,added,9365,9686,UNKNOWN
44b6_267148e4,added,9374,9685,UNKNOWN
44b6_267148e4,added,9430,9739,UNKNOWN
44b6_267148e4,added,9490,9807,UNKNOWN
44b6_267148e4,added,9491,9812,UNKNOWN
44b6_267148e4,added,9560,9884,UNKNOWN
44b6_267148e4,added,9566,26627,UNKNOWN
44b6_267148e4,added,9567,9887,UNKNOWN
44b6_267148e4,added,9568,9877,UNKNOWN
44b6_267148e4,added,9592,9920,UNKNOWN
44b6_267148e4,added,9597,9922,UNKNOWN
44b6_267148e4,added,9686,10016,UNKNOWN
44b6_267148e4,added,9753,26796,UNKNOWN
44b6_267148e4,added,9818,26628,FP
44b6_267148e4,added,9858,10187,UNKNOWN
44b6_267148e4,added,9887,10216,UNKNOWN
44b6_267148e4,added,9920,10251,UNKNOWN
44b6_267148e4,added,10002,10335,UNKNOWN
44b6_267148e4,added,10016,10333,UNKNOWN
44b6_267148e4,added,10018,10343,UNKNOWN
44b6_267148e4,added,10040,10360,UNKNOWN
44b6_267148e4,added,10072,26629,UNKNOWN
44b6_267148e4,added,10170,26630,UNKNOWN
44b6_267148e4,added,10216,10531,UNKNOWN
44b6_267148e4,added,10221,26631,UNKNOWN
44b6_267148e4,added,10246,26632,UNKNOWN
44b6_267148e4,added,10251,10574,UNKNOWN
44b6_267148e4,added,10267,10589,UNKNOWN
44b6_267148e4,added,10271,10593,UNKNOWN
44b6_267148e4,added,10277,26790,UNKNOWN
44b6_267148e4,added,10285,10596,UNKNOWN
44b6_267148e4,added,10287,10599,UNKNOWN
44b6_267148e4,added,10292,10609,UNKNOWN
44b6_267148e4,added,10293,10590,UNKNOWN
44b6_267148e4,added,10294,10592,UNKNOWN
44b6_267148e4,added,10303,10616,UNKNOWN
44b6_267148e4,added,10306,10619,UNKNOWN
44b6_267148e4,added,10307,10624,UNKNOWN
44b6_267148e4,added,10313,10625,UNKNOWN
44b6_267148e4,added,10317,10648,UNKNOWN
44b6_267148e4,added,10318,10629,UNKNOWN
44b6_267148e4,added,10320,10627,UNKNOWN
44b6_267148e4,added,10322,10634,UNKNOWN
44b6_267148e4,added,10326,10664,UNKNOWN
44b6_267148e4,added,10328,10637,UNKNOWN
44b6_267148e4,added,10329,10644,UNKNOWN
44b6_267148e4,added,10333,10652,UNKNOWN
44b6_267148e4,added,10334,10647,UNKNOWN
44b6_267148e4,added,10343,10663,UNKNOWN
44b6_267148e4,added,10355,10672,UNKNOWN
44b6_267148e4,added,10384,10699,UNKNOWN
44b6_267148e4,added,10405,10739,UNKNOWN
44b6_267148e4,added,10414,10731,UNKNOWN
44b6_267148e4,added,10416,10725,UNKNOWN
44b6_267148e4,added,10444,10763,UNKNOWN
44b6_267148e4,added,10454,10771,UNKNOWN
44b6_267148e4,added,10460,10779,UNKNOWN
44b6_267148e4,added,10472,10797,UNKNOWN
44b6_267148e4,added,10478,10798,UNKNOWN
44b6_267148e4,added,10479,10803,UNKNOWN
44b6_267148e4,added,10513,10835,UNKNOWN
44b6_267148e4,added,10537,10858,UNKNOWN
44b6_267148e4,added,10540,10851,UNKNOWN
44b6_267148e4,added,10549,10864,UNKNOWN
44b6_267148e4,added,10551,10870,UNKNOWN
44b6_267148e4,added,10568,10890,UNKNOWN
44b6_267148e4,added,10574,26634,UNKNOWN
44b6_267148e4,added,10625,10955,UNKNOWN
44b6_267148e4,added,10651,10974,UNKNOWN
44b6_267148e4,added,10663,10979,UNKNOWN
44b6_267148e4,added,10736,11046,UNKNOWN
44b6_267148e4,added,10771,11097,UNKNOWN
44b6_267148e4,added,10797,11120,UNKNOWN
44b6_267148e4,added,10833,11155,UNKNOWN
44b6_267148e4,added,10851,11178,UNKNOWN
44b6_267148e4,added,10955,11276,UNKNOWN
44b6_267148e4,added,10974,11303,UNKNOWN
44b6_267148e4,added,10979,11307,UNKNOWN
44b6_267148e4,added,11046,11367,UNKNOWN
44b6_267148e4,added,11077,11403,UNKNOWN
44b6_267148e4,added,11097,11421,UNKNOWN
44b6_267148e4,added,11120,11447,UNKNOWN
44b6_267148e4,added,11155,11464,UNKNOWN
44b6_267148e4,added,11178,11494,UNKNOWN
44b6_267148e4,added,11276,11598,UNKNOWN
44b6_267148e4,added,11303,11620,UNKNOWN
44b6_267148e4,added,11307,11624,UNKNOWN
44b6_267148e4,added,11337,26822,UNKNOWN
44b6_267148e4,added,11344,26635,UNKNOWN
44b6_267148e4,added,11367,11673,UNKNOWN
44b6_267148e4,added,11421,11740,UNKNOWN
44b6_267148e4,added,11447,11767,UNKNOWN
44b6_267148e4,added,11464,11788,UNKNOWN
44b6_267148e4,added,11494,11816,UNKNOWN
44b6_267148e4,added,11568,11890,UNKNOWN
44b6_267148e4,added,11578,11911,UNKNOWN
44b6_267148e4,added,11583,26824,UNKNOWN
44b6_267148e4,added,11590,11912,UNKNOWN
44b6_267148e4,added,11598,11923,UNKNOWN
44b6_267148e4,added,11607,11930,UNKNOWN
44b6_267148e4,added,11618,11934,UNKNOWN
44b6_267148e4,added,11619,11943,UNKNOWN
44b6_267148e4,added,11620,11938,UNKNOWN
44b6_267148e4,added,11624,11947,UNKNOWN
44b6_267148e4,added,11628,11954,UNKNOWN
44b6_267148e4,added,11636,11950,UNKNOWN
44b6_267148e4,added,11639,11963,UNKNOWN
44b6_267148e4,added,11646,11967,UNKNOWN
44b6_267148e4,added,11673,12007,UNKNOWN
44b6_267148e4,added,11700,12023,UNKNOWN
44b6_267148e4,added,11702,12016,UNKNOWN
44b6_267148e4,added,11732,12056,UNKNOWN
44b6_267148e4,added,11737,12060,UNKNOWN
44b6_267148e4,added,11767,12082,UNKNOWN
44b6_267148e4,added,11788,12106,UNKNOWN
44b6_267148e4,added,11790,12113,UNKNOWN
44b6_267148e4,added,11816,12132,UNKNOWN
44b6_267148e4,added,11888,12227,UNKNOWN
44b6_267148e4,added,11889,12201,UNKNOWN
44b6_267148e4,added,11907,12199,UNKNOWN
44b6_267148e4,added,11912,12222,UNKNOWN
44b6_267148e4,added,11916,12195,UNKNOWN
44b6_267148e4,added,11923,12229,UNKNOWN
44b6_267148e4,added,11935,12254,UNKNOWN
44b6_267148e4,added,11940,12242,UNKNOWN
44b6_267148e4,added,11942,26642,UNKNOWN
44b6_267148e4,added,11943,12273,UNKNOWN
44b6_267148e4,added,11946,26643,UNKNOWN
44b6_267148e4,added,11948,26644,UNKNOWN
44b6_267148e4,added,11950,26645,UNKNOWN
44b6_267148e4,added,11958,26646,UNKNOWN
44b6_267148e4,added,11961,12258,UNKNOWN
44b6_267148e4,added,11962,12300,UNKNOWN
44b6_267148e4,added,11964,12268,UNKNOWN
44b6_267148e4,added,11973,12284,UNKNOWN
44b6_267148e4,added,11988,12317,UNKNOWN
44b6_267148e4,added,11991,26647,UNKNOWN
44b6_267148e4,added,12004,12327,UNKNOWN
44b6_267148e4,added,12007,26648,UNKNOWN
44b6_267148e4,added,12011,12316,UNKNOWN
44b6_267148e4,added,12012,26649,UNKNOWN
44b6_267148e4,added,12015,12322,UNKNOWN
44b6_267148e4,added,12016,12352,UNKNOWN
44b6_267148e4,added,12022,12343,UNKNOWN
44b6_267148e4,added,12025,12334,UNKNOWN
44b6_267148e4,added,12027,12344,UNKNOWN
44b6_267148e4,added,12037,12342,UNKNOWN
44b6_267148e4,added,12038,12357,UNKNOWN
44b6_267148e4,added,12055,12374,UNKNOWN
44b6_267148e4,added,12057,12376,UNKNOWN
44b6_267148e4,added,12060,12362,UNKNOWN
44b6_267148e4,added,12064,12367,UNKNOWN
44b6_267148e4,added,12067,12385,UNKNOWN
44b6_267148e4,added,12073,26652,UNKNOWN
44b6_267148e4,added,12076,12398,UNKNOWN
44b6_267148e4,added,12077,12375,UNKNOWN
44b6_267148e4,added,12087,12392,UNKNOWN
44b6_267148e4,added,12088,12384,UNKNOWN
44b6_267148e4,added,12091,26653,UNKNOWN
44b6_267148e4,added,12095,12400,UNKNOWN
44b6_267148e4,added,12102,12395,UNKNOWN
44b6_267148e4,added,12104,12411,UNKNOWN
44b6_267148e4,added,12105,12401,UNKNOWN
44b6_267148e4,added,12106,12408,UNKNOWN
44b6_267148e4,added,12107,12402,UNKNOWN
44b6_267148e4,added,12146,12451,UNKNOWN
44b6_267148e4,added,12147,26760,UNKNOWN
44b6_267148e4,added,12199,12468,UNKNOWN
44b6_267148e4,added,12200,12470,UNKNOWN
44b6_267148e4,added,12234,12499,UNKNOWN
44b6_267148e4,added,12252,12529,UNKNOWN
44b6_267148e4,added,12254,12518,UNKNOWN
44b6_267148e4,added,12260,12520,UNKNOWN
44b6_267148e4,added,12273,12523,UNKNOWN
44b6_267148e4,added,12275,12543,UNKNOWN
44b6_267148e4,added,12284,12533,UNKNOWN
44b6_267148e4,added,12322,12593,UNKNOWN
44b6_267148e4,added,12323,12601,FP
44b6_267148e4,added,12326,12585,UNKNOWN
44b6_267148e4,added,12342,26802,UNKNOWN
44b6_267148e4,added,12362,12646,UNKNOWN
44b6_267148e4,added,12395,12686,UNKNOWN
44b6_267148e4,added,12408,12699,UNKNOWN
44b6_267148e4,added,12419,12714,UNKNOWN
44b6_267148e4,added,12503,26786,UNKNOWN
44b6_267148e4,added,12523,12868,UNKNOWN
44b6_267148e4,added,12536,12879,UNKNOWN
44b6_267148e4,added,12537,12890,UNKNOWN
44b6_267148e4,added,12557,26654,UNKNOWN
44b6_267148e4,added,12576,12917,UNKNOWN
44b6_267148e4,added,12582,12922,UNKNOWN
44b6_267148e4,added,12583,12911,UNKNOWN
44b6_267148e4,added,12585,26655,UNKNOWN
44b6_267148e4,added,12590,26656,UNKNOWN
44b6_267148e4,added,12602,26657,UNKNOWN
44b6_267148e4,added,12608,12941,UNKNOWN
44b6_267148e4,added,12611,26659,UNKNOWN
44b6_267148e4,added,12621,26660,UNKNOWN
44b6_267148e4,added,12622,26661,UNKNOWN
44b6_267148e4,added,12626,26662,UNKNOWN
44b6_267148e4,added,12634,26663,UNKNOWN
44b6_267148e4,added,12646,12952,UNKNOWN
44b6_267148e4,added,12656,26664,UNKNOWN
44b6_267148e4,added,12667,26665,UNKNOWN
44b6_267148e4,added,12675,26667,UNKNOWN
44b6_267148e4,added,12678,26668,UNKNOWN
44b6_267148e4,added,12690,26669,UNKNOWN
44b6_267148e4,added,12699,26670,UNKNOWN
44b6_267148e4,added,12704,26671,UNKNOWN
44b6_267148e4,added,12706,26672,UNKNOWN
44b6_267148e4,added,12722,26673,UNKNOWN
44b6_267148e4,added,12728,26674,UNKNOWN
44b6_267148e4,added,12743,13018,UNKNOWN
44b6_267148e4,added,12744,26675,UNKNOWN
44b6_267148e4,added,12751,26676,UNKNOWN
44b6_267148e4,added,12764,26678,UNKNOWN
44b6_267148e4,added,12765,26679,UNKNOWN
44b6_267148e4,added,12810,26680,UNKNOWN
44b6_267148e4,added,12811,26681,UNKNOWN
44b6_267148e4,added,12867,26682,UNKNOWN
44b6_267148e4,added,12952,13212,UNKNOWN
44b6_267148e4,added,12968,13226,UNKNOWN
44b6_267148e4,added,13015,13326,UNKNOWN
44b6_267148e4,added,13040,26684,UNKNOWN
44b6_267148e4,added,13053,13400,UNKNOWN
44b6_267148e4,added,13056,26685,UNKNOWN
44b6_267148e4,added,13097,26687,UNKNOWN
44b6_267148e4,added,13107,13456,UNKNOWN
44b6_267148e4,added,13112,13433,UNKNOWN
44b6_267148e4,added,13113,13451,UNKNOWN
44b6_267148e4,added,13137,13489,UNKNOWN
44b6_267148e4,added,13144,13459,UNKNOWN
44b6_267148e4,added,13145,13470,UNKNOWN
44b6_267148e4,added,13157,13523,UNKNOWN
44b6_267148e4,added,13176,13510,UNKNOWN
44b6_267148e4,added,13204,13522,UNKNOWN
44b6_267148e4,added,13210,13541,UNKNOWN
44b6_267148e4,added,13239,13577,UNKNOWN
44b6_267148e4,added,13244,13581,UNKNOWN
44b6_267148e4,added,13257,13608,UNKNOWN
44b6_267148e4,added,13259,13599,UNKNOWN
44b6_267148e4,added,13352,13669,UNKNOWN
44b6_267148e4,added,13409,13756,UNKNOWN
44b6_267148e4,added,13420,13760,UNKNOWN
44b6_267148e4,added,13432,13779,UNKNOWN
44b6_267148e4,added,13491,26688,UNKNOWN
44b6_267148e4,added,13510,13840,UNKNOWN
44b6_267148e4,added,13522,13855,UNKNOWN
44b6_267148e4,added,13541,13883,UNKNOWN
44b6_267148e4,added,13570,13899,UNKNOWN
44b6_267148e4,added,13577,13918,UNKNOWN
44b6_267148e4,added,13647,13973,UNKNOWN
44b6_267148e4,added,13756,14080,UNKNOWN
44b6_267148e4,added,13840,14167,UNKNOWN
44b6_267148e4,added,13883,14213,UNKNOWN
44b6_267148e4,added,13971,26830,UNKNOWN
44b6_267148e4,added,13973,14309,UNKNOWN
44b6_267148e4,added,14080,14412,UNKNOWN
44b6_267148e4,added,14083,14410,UNKNOWN
44b6_267148e4,added,14084,14417,UNKNOWN
44b6_267148e4,added,14109,26690,UNKNOWN
44b6_267148e4,added,14113,14441,UNKNOWN
44b6_267148e4,added,14155,26691,UNKNOWN
44b6_267148e4,added,14166,26840,UNKNOWN
44b6_267148e4,added,14178,14488,UNKNOWN
44b6_267148e4,added,14257,26693,UNKNOWN
44b6_267148e4,added,14295,14608,UNKNOWN
44b6_267148e4,added,14309,14623,UNKNOWN
44b6_267148e4,added,14352,14667,UNKNOWN
44b6_267148e4,added,14367,14690,UNKNOWN
44b6_267148e4,added,14368,14691,UNKNOWN
44b6_267148e4,added,14399,26695,UNKNOWN
44b6_267148e4,added,14412,14735,UNKNOWN
44b6_267148e4,added,14623,14948,UNKNOWN
44b6_267148e4,added,14661,14982,UNKNOWN
44b6_267148e4,added,14690,26808,UNKNOWN
44b6_267148e4,added,14847,26798,UNKNOWN
44b6_267148e4,added,15300,15612,UNKNOWN
44b6_267148e4,added,15343,15622,UNKNOWN
44b6_267148e4,added,15619,26842,UNKNOWN
44b6_267148e4,added,15671,26818,UNKNOWN
44b6_267148e4,added,15710,26697,UNKNOWN
44b6_267148e4,added,15887,26698,UNKNOWN
44b6_267148e4,added,15895,26699,UNKNOWN
44b6_267148e4,added,15901,16206,UNKNOWN
44b6_267148e4,added,15917,26700,UNKNOWN
44b6_267148e4,added,15933,26701,UNKNOWN
44b6_267148e4,added,16018,26782,UNKNOWN
44b6_267148e4,added,16233,16537,UNKNOWN
44b6_267148e4,added,16305,26702,UNKNOWN
44b6_267148e4,added,16377,16691,UNKNOWN
44b6_267148e4,added,16793,26703,UNKNOWN
44b6_267148e4,added,16920,26764,UNKNOWN
44b6_267148e4,added,16944,26704,UNKNOWN
44b6_267148e4,added,17387,17685,UNKNOWN
44b6_267148e4,added,17446,26812,UNKNOWN
44b6_267148e4,added,17448,17748,UNKNOWN
44b6_267148e4,added,17576,26705,UNKNOWN
44b6_267148e4,added,17673,26706,UNKNOWN
44b6_267148e4,added,17716,26800,UNKNOWN
44b6_267148e4,added,17830,18149,UNKNOWN
44b6_267148e4,added,17844,18131,UNKNOWN
44b6_267148e4,added,18058,26707,UNKNOWN
44b6_267148e4,added,18107,26708,UNKNOWN
44b6_267148e4,added,18228,26709,UNKNOWN
44b6_267148e4,added,18370,26836,UNKNOWN
44b6_267148e4,added,18377,26711,UNKNOWN
44b6_267148e4,added,18383,26712,UNKNOWN
44b6_267148e4,added,18392,18658,UNKNOWN
44b6_267148e4,added,18542,26713,UNKNOWN
44b6_267148e4,added,18659,26804,UNKNOWN
44b6_267148e4,added,18690,26716,UNKNOWN
44b6_267148e4,added,18763,26717,UNKNOWN
44b6_267148e4,added,18950,26718,UNKNOWN
44b6_267148e4,added,19039,26719,UNKNOWN
44b6_267148e4,added,19057,26720,UNKNOWN
44b6_267148e4,added,19083,19367,UNKNOWN
44b6_267148e4,added,19350,19636,UNKNOWN
44b6_267148e4,added,19354,19637,UNKNOWN
44b6_267148e4,added,19359,19629,UNKNOWN
44b6_267148e4,added,19366,19639,UNKNOWN
44b6_267148e4,added,19370,19648,UNKNOWN
44b6_267148e4,added,19372,19657,UNKNOWN
44b6_267148e4,added,19385,19663,UNKNOWN
44b6_267148e4,added,19636,19900,UNKNOWN
44b6_267148e4,added,19648,19913,UNKNOWN
44b6_267148e4,added,19653,19935,UNKNOWN
44b6_267148e4,added,19663,19926,UNKNOWN
44b6_267148e4,added,19682,26721,UNKNOWN
44b6_267148e4,added,19790,26722,UNKNOWN
44b6_267148e4,added,19814,26723,UNKNOWN
44b6_267148e4,added,19860,20116,UNKNOWN
44b6_267148e4,added,19903,26838,UNKNOWN
44b6_267148e4,added,19926,20182,UNKNOWN
44b6_267148e4,added,19996,26724,UNKNOWN
44b6_267148e4,added,20116,20386,UNKNOWN
44b6_267148e4,added,20182,20451,UNKNOWN
44b6_267148e4,added,20227,20483,UNKNOWN
44b6_267148e4,added,20228,20502,UNKNOWN
44b6_267148e4,added,20311,26784,UNKNOWN
44b6_267148e4,added,20328,26725,UNKNOWN
44b6_267148e4,added,20381,20637,UNKNOWN
44b6_267148e4,added,20386,20651,UNKNOWN
44b6_267148e4,added,20459,26726,UNKNOWN
44b6_267148e4,added,20501,20762,UNKNOWN
44b6_267148e4,added,20539,26728,UNKNOWN
44b6_267148e4,added,20651,20904,UNKNOWN
44b6_267148e4,added,20989,26816,UNKNOWN
44b6_267148e4,added,21126,21366,UNKNOWN
44b6_267148e4,added,21160,26729,UNKNOWN
44b6_267148e4,added,21266,21514,UNKNOWN
44b6_267148e4,added,21398,26730,UNKNOWN
44b6_267148e4,added,21407,26826,UNKNOWN
44b6_267148e4,added,21458,21716,UNKNOWN
44b6_267148e4,added,21462,21714,UNKNOWN
44b6_267148e4,added,21483,21738,UNKNOWN
44b6_267148e4,added,21484,21746,UNKNOWN
44b6_267148e4,added,21495,21756,UNKNOWN
44b6_267148e4,added,21525,21788,UNKNOWN
44b6_267148e4,added,21527,21794,UNKNOWN
44b6_267148e4,added,21533,21787,UNKNOWN
44b6_267148e4,added,21534,21789,UNKNOWN
44b6_267148e4,added,21542,21803,UNKNOWN
44b6_267148e4,added,21546,21807,UNKNOWN
44b6_267148e4,added,21560,21830,UNKNOWN
44b6_267148e4,added,21561,21838,UNKNOWN
44b6_267148e4,added,21579,21828,UNKNOWN
44b6_267148e4,added,21580,21837,UNKNOWN
44b6_267148e4,added,21587,21844,UNKNOWN
44b6_267148e4,added,21788,22055,UNKNOWN
44b6_267148e4,added,21838,22098,UNKNOWN
44b6_267148e4,added,22055,22318,UNKNOWN
44b6_267148e4,added,22063,26731,UNKNOWN
44b6_267148e4,added,22098,22353,UNKNOWN
44b6_267148e4,added,22117,26770,UNKNOWN
44b6_267148e4,added,22426,26766,UNKNOWN
44b6_267148e4,added,22657,26732,UNKNOWN
44b6_267148e4,added,22660,26733,UNKNOWN
44b6_267148e4,added,22716,26735,UNKNOWN
44b6_267148e4,added,22863,26776,UNKNOWN
44b6_267148e4,added,22942,23176,UNKNOWN
44b6_267148e4,added,23003,23233,UNKNOWN
44b6_267148e4,added,23061,23293,UNKNOWN
44b6_267148e4,added,23114,26737,UNKNOWN
44b6_267148e4,added,23124,23344,UNKNOWN
44b6_267148e4,added,23450,26739,UNKNOWN
44b6_267148e4,added,23481,26740,UNKNOWN
44b6_267148e4,added,23483,23693,UNKNOWN
44b6_267148e4,added,23553,26741,UNKNOWN
44b6_267148e4,added,23693,23906,UNKNOWN
44b6_267148e4,added,23755,26742,UNKNOWN
44b6_267148e4,added,23906,24136,UNKNOWN
44b6_267148e4,added,23936,26743,UNKNOWN
44b6_267148e4,added,24025,26744,UNKNOWN
44b6_267148e4,added,24116,26745,UNKNOWN
44b6_267148e4,added,24136,24369,UNKNOWN
44b6_267148e4,added,24245,24462,UNKNOWN
44b6_267148e4,added,24258,26746,UNKNOWN
44b6_267148e4,added,24261,24479,UNKNOWN
44b6_267148e4,added,24343,26747,UNKNOWN
44b6_267148e4,added,24345,24556,UNKNOWN
44b6_267148e4,added,24351,26748,UNKNOWN
44b6_267148e4,added,24369,24579,UNKNOWN
44b6_267148e4,added,24431,26749,UNKNOWN
44b6_267148e4,added,24450,26750,UNKNOWN
44b6_267148e4,added,24457,26751,UNKNOWN
44b6_267148e4,added,24518,26752,UNKNOWN
44b6_267148e4,added,24531,26820,UNKNOWN
44b6_267148e4,added,24835,26753,UNKNOWN
44b6_267148e4,added,24875,26806,UNKNOWN
44b6_267148e4,added,25032,26754,UNKNOWN
44b6_267148e4,added,25160,25373,UNKNOWN
44b6_267148e4,added,25288,25505,UNKNOWN
44b6_267148e4,added,25580,26755,UNKNOWN
44b6_267148e4,added,25581,26756,UNKNOWN
44b6_267148e4,added,25583,26757,UNKNOWN
44b6_267148e4,added,25616,26758,UNKNOWN
44b6_267148e4,added,25622,26759,UNKNOWN
44b6_267148e4,added,25790,25988,UNKNOWN
44b6_267148e4,added,26579,2521,UNKNOWN
44b6_267148e4,added,26583,3416,UNKNOWN
44b6_267148e4,added,26584,4060,UNKNOWN
44b6_267148e4,added,26585,4399,UNKNOWN
44b6_267148e4,added,26586,4435,UNKNOWN
44b6_267148e4,added,26587,4470,UNKNOWN
44b6_267148e4,added,26588,4754,UNKNOWN
44b6_267148e4,added,26589,4798,UNKNOWN
44b6_267148e4,added,26590,4933,UNKNOWN
44b6_267148e4,added,26602,7748,UNKNOWN
44b6_267148e4,added,26603,7724,UNKNOWN
44b6_267148e4,added,26604,7731,UNKNOWN
44b6_267148e4,added,26605,7766,UNKNOWN
44b6_267148e4,added,26606,7758,UNKNOWN
44b6_267148e4,added,26607,7782,UNKNOWN
44b6_267148e4,added,26610,7781,UNKNOWN
44b6_267148e4,added,26611,7790,UNKNOWN
44b6_267148e4,added,26613,7797,UNKNOWN
44b6_267148e4,added,26614,7818,UNKNOWN
44b6_267148e4,added,26616,7822,UNKNOWN
44b6_267148e4,added,26617,7814,UNKNOWN
44b6_267148e4,added,26618,7870,UNKNOWN
44b6_267148e4,added,26619,7868,UNKNOWN
44b6_267148e4,added,26621,7900,UNKNOWN
44b6_267148e4,added,26623,8473,UNKNOWN
44b6_267148e4,added,26624,9741,UNKNOWN
44b6_267148e4,added,26625,9751,UNKNOWN
44b6_267148e4,added,26627,10225,UNKNOWN
44b6_267148e4,added,26628,10457,TP
44b6_267148e4,added,26629,10709,UNKNOWN
44b6_267148e4,added,26630,10807,UNKNOWN
44b6_267148e4,added,26631,10887,UNKNOWN
44b6_267148e4,added,26632,10876,UNKNOWN
44b6_267148e4,added,26634,11205,UNKNOWN
44b6_267148e4,added,26635,11981,UNKNOWN
44b6_267148e4,added,26642,12530,UNKNOWN
44b6_267148e4,added,26643,12537,UNKNOWN
44b6_267148e4,added,26644,12539,UNKNOWN
44b6_267148e4,added,26645,12516,UNKNOWN
44b6_267148e4,added,26646,12540,UNKNOWN
44b6_267148e4,added,26647,12580,UNKNOWN
44b6_267148e4,added,26648,12584,UNKNOWN
44b6_267148e4,added,26649,12613,UNKNOWN
44b6_267148e4,added,26652,12669,UNKNOWN
44b6_267148e4,added,26653,12694,UNKNOWN
44b6_267148e4,added,26654,13140,UNKNOWN
44b6_267148e4,added,26655,13164,UNKNOWN
44b6_267148e4,added,26656,13175,UNKNOWN
44b6_267148e4,added,26657,13186,UNKNOWN
44b6_267148e4,added,26659,13194,UNKNOWN
44b6_267148e4,added,26660,13195,UNKNOWN
44b6_267148e4,added,26661,13169,UNKNOWN
44b6_267148e4,added,26662,13181,UNKNOWN
44b6_267148e4,added,26663,13189,UNKNOWN
44b6_267148e4,added,26664,13211,UNKNOWN
44b6_267148e4,added,26665,13247,UNKNOWN
44b6_267148e4,added,26667,13245,UNKNOWN
44b6_267148e4,added,26668,13269,UNKNOWN
44b6_267148e4,added,26669,13257,UNKNOWN
44b6_267148e4,added,26670,13268,UNKNOWN
44b6_267148e4,added,26671,13283,UNKNOWN
44b6_267148e4,added,26672,13277,UNKNOWN
44b6_267148e4,added,26673,13304,UNKNOWN
44b6_267148e4,added,26674,13327,UNKNOWN
44b6_267148e4,added,26675,13321,UNKNOWN
44b6_267148e4,added,26676,13338,UNKNOWN
44b6_267148e4,added,26678,13345,UNKNOWN
44b6_267148e4,added,26679,13358,UNKNOWN
44b6_267148e4,added,26680,13384,UNKNOWN
44b6_267148e4,added,26681,13405,UNKNOWN
44b6_267148e4,added,26682,13441,UNKNOWN
44b6_267148e4,added,26684,13747,UNKNOWN
44b6_267148e4,added,26685,13759,UNKNOWN
44b6_267148e4,added,26687,13764,UNKNOWN
44b6_267148e4,added,26688,14153,UNKNOWN
44b6_267148e4,added,26690,14771,UNKNOWN
44b6_267148e4,added,26691,14796,UNKNOWN
44b6_267148e4,added,26693,14892,UNKNOWN
44b6_267148e4,added,26695,15041,UNKNOWN
44b6_267148e4,added,26697,16325,UNKNOWN
44b6_267148e4,added,26698,16504,UNKNOWN
44b6_267148e4,added,26699,16520,UNKNOWN
44b6_267148e4,added,26700,16531,UNKNOWN
44b6_267148e4,added,26701,16548,UNKNOWN
44b6_267148e4,added,26702,16939,UNKNOWN
44b6_267148e4,added,26703,17391,UNKNOWN
44b6_267148e4,added,26704,17544,UNKNOWN
44b6_267148e4,added,26705,18182,UNKNOWN
44b6_267148e4,added,26706,18271,UNKNOWN
44b6_267148e4,added,26707,18645,UNKNOWN
44b6_267148e4,added,26708,18677,UNKNOWN
44b6_267148e4,added,26709,18791,UNKNOWN
44b6_267148e4,added,26711,18919,UNKNOWN
44b6_267148e4,added,26712,18938,UNKNOWN
44b6_267148e4,added,26713,19095,UNKNOWN
44b6_267148e4,added,26716,19259,UNKNOWN
44b6_267148e4,added,26717,19323,UNKNOWN
44b6_267148e4,added,26718,19522,UNKNOWN
44b6_267148e4,added,26719,19598,UNKNOWN
44b6_267148e4,added,26720,19619,UNKNOWN
44b6_267148e4,added,26721,20210,UNKNOWN
44b6_267148e4,added,26722,20302,UNKNOWN
44b6_267148e4,added,26723,20337,UNKNOWN
44b6_267148e4,added,26724,20495,UNKNOWN
44b6_267148e4,added,26725,20844,UNKNOWN
44b6_267148e4,added,26726,20962,UNKNOWN
44b6_267148e4,added,26728,21044,UNKNOWN
44b6_267148e4,added,26729,21667,UNKNOWN
44b6_267148e4,added,26730,21913,UNKNOWN
44b6_267148e4,added,26731,22571,UNKNOWN
44b6_267148e4,added,26732,23126,UNKNOWN
44b6_267148e4,added,26733,23124,UNKNOWN
44b6_267148e4,added,26735,23177,UNKNOWN
44b6_267148e4,added,26737,23552,UNKNOWN
44b6_267148e4,added,26739,23877,UNKNOWN
44b6_267148e4,added,26740,23908,UNKNOWN
44b6_267148e4,added,26741,23980,UNKNOWN
44b6_267148e4,added,26742,24200,UNKNOWN
44b6_267148e4,added,26743,24392,UNKNOWN
44b6_267148e4,added,26744,24472,UNKNOWN
44b6_267148e4,added,26745,24549,UNKNOWN
44b6_267148e4,added,26746,24694,UNKNOWN
44b6_267148e4,added,26747,24769,UNKNOWN
44b6_267148e4,added,26748,24774,UNKNOWN
44b6_267148e4,added,26749,24857,UNKNOWN
44b6_267148e4,added,26750,24893,UNKNOWN
44b6_267148e4,added,26751,24887,UNKNOWN
44b6_267148e4,added,26752,24952,UNKNOWN
44b6_267148e4,added,26753,25258,UNKNOWN
44b6_267148e4,added,26754,25443,UNKNOWN
44b6_267148e4,added,26755,25963,UNKNOWN
44b6_267148e4,added,26756,25971,UNKNOWN
44b6_267148e4,added,26757,25975,UNKNOWN
44b6_267148e4,added,26758,26002,UNKNOWN
44b6_267148e4,added,26759,26007,UNKNOWN
44b6_267148e4,added,26761,13015,UNKNOWN
44b6_267148e4,added,26763,4457,TP
44b6_267148e4,added,26765,17830,UNKNOWN
44b6_267148e4,added,26767,23125,UNKNOWN
44b6_267148e4,added,26769,5366,UNKNOWN
44b6_267148e4,added,26771,22846,UNKNOWN
44b6_267148e4,added,26773,5940,UNKNOWN
44b6_267148e4,added,26775,9432,UNKNOWN
44b6_267148e4,added,26777,23523,UNKNOWN
44b6_267148e4,added,26779,2952,UNKNOWN
44b6_267148e4,added,26781,7475,UNKNOWN
44b6_267148e4,added,26783,16940,UNKNOWN
44b6_267148e4,added,26785,21064,UNKNOWN
44b6_267148e4,added,26787,13409,UNKNOWN
44b6_267148e4,added,26789,5839,UNKNOWN
44b6_267148e4,added,26791,11256,UNKNOWN
44b6_267148e4,added,26793,9053,UNKNOWN
44b6_267148e4,added,26795,1383,UNKNOWN
44b6_267148e4,added,26797,10722,UNKNOWN
44b6_267148e4,added,26799,15789,UNKNOWN
44b6_267148e4,added,26801,18603,UNKNOWN
44b6_267148e4,added,26803,13170,UNKNOWN
44b6_267148e4,added,26805,19520,UNKNOWN
44b6_267148e4,added,26807,25495,UNKNOWN
44b6_267148e4,added,26809,15630,UNKNOWN
44b6_267148e4,added,26811,5164,UNKNOWN
44b6_267148e4,added,26813,18363,UNKNOWN
44b6_267148e4,added,26815,8825,UNKNOWN
44b6_267148e4,added,26817,21763,UNKNOWN
44b6_267148e4,added,26819,16639,UNKNOWN
44b6_267148e4,added,26821,25170,UNKNOWN
44b6_267148e4,added,26823,12282,UNKNOWN
44b6_267148e4,added,26825,12480,UNKNOWN
44b6_267148e4,added,26827,22176,UNKNOWN
44b6_267148e4,added,26829,6471,UNKNOWN
44b6_267148e4,added,26831,14935,UNKNOWN
44b6_267148e4,added,26833,8133,UNKNOWN
44b6_267148e4,added,26834,26835,UNKNOWN
44b6_267148e4,added,26835,8449,UNKNOWN
44b6_267148e4,added,26836,26837,UNKNOWN
44b6_267148e4,added,26837,19201,UNKNOWN
44b6_267148e4,added,26838,26839,UNKNOWN
44b6_267148e4,added,26839,20672,UNKNOWN
44b6_267148e4,added,26840,26841,UNKNOWN
44b6_267148e4,added,26841,15125,UNKNOWN
44b6_267148e4,added,26842,26843,UNKNOWN
44b6_267148e4,added,26843,16535,UNKNOWN
44b6_267148e4,added,26844,26845,UNKNOWN
44b6_267148e4,added,26845,4794,UNKNOWN
44b6_2a2eff9f,removed,417,956,UNKNOWN
44b6_2a2eff9f,removed,879,1415,UNKNOWN
44b6_2a2eff9f,removed,956,1486,UNKNOWN
44b6_2a2eff9f,removed,1486,1996,UNKNOWN
44b6_2a2eff9f,removed,1545,2067,UNKNOWN
44b6_2a2eff9f,removed,1996,2513,UNKNOWN
44b6_2a2eff9f,removed,2278,47235,UNKNOWN
44b6_2a2eff9f,removed,2513,3047,UNKNOWN
44b6_2a2eff9f,removed,2798,47165,UNKNOWN
44b6_2a2eff9f,removed,3554,4115,UNKNOWN
44b6_2a2eff9f,removed,3572,4113,UNKNOWN
44b6_2a2eff9f,removed,3573,4100,UNKNOWN
44b6_2a2eff9f,removed,3617,47167,UNKNOWN
44b6_2a2eff9f,removed,3818,4337,UNKNOWN
44b6_2a2eff9f,removed,3852,47237,UNKNOWN
44b6_2a2eff9f,removed,4337,4865,UNKNOWN
44b6_2a2eff9f,removed,4519,5048,UNKNOWN
44b6_2a2eff9f,removed,4640,47273,UNKNOWN
44b6_2a2eff9f,removed,4944,5454,UNKNOWN
44b6_2a2eff9f,removed,5498,47199,UNKNOWN
44b6_2a2eff9f,removed,6249,47151,UNKNOWN
44b6_2a2eff9f,removed,6658,47183,UNKNOWN
44b6_2a2eff9f,removed,6853,7362,UNKNOWN
44b6_2a2eff9f,removed,7057,47253,UNKNOWN
44b6_2a2eff9f,removed,7234,7762,UNKNOWN
44b6_2a2eff9f,removed,7250,7732,UNKNOWN
44b6_2a2eff9f,removed,7375,7879,UNKNOWN
44b6_2a2eff9f,removed,7492,47255,UNKNOWN
44b6_2a2eff9f,removed,7612,8105,UNKNOWN
44b6_2a2eff9f,removed,8175,8646,UNKNOWN
44b6_2a2eff9f,removed,8183,8652,UNKNOWN
44b6_2a2eff9f,removed,8315,47263,UNKNOWN
44b6_2a2eff9f,removed,8758,47169,UNKNOWN
44b6_2a2eff9f,removed,9064,9509,UNKNOWN
44b6_2a2eff9f,removed,9081,9548,UNKNOWN
44b6_2a2eff9f,removed,9362,9852,UNKNOWN
44b6_2a2eff9f,removed,9421,9908,UNKNOWN
44b6_2a2eff9f,removed,9586,47211,UNKNOWN
44b6_2a2eff9f,removed,9902,47277,UNKNOWN
44b6_2a2eff9f,removed,10015,10512,UNKNOWN
44b6_2a2eff9f,removed,10227,46793,UNKNOWN
44b6_2a2eff9f,removed,10293,47265,UNKNOWN
44b6_2a2eff9f,removed,10396,46795,UNKNOWN
44b6_2a2eff9f,removed,10656,11150,UNKNOWN
44b6_2a2eff9f,removed,10687,46796,UNKNOWN
44b6_2a2eff9f,removed,10732,46797,UNKNOWN
44b6_2a2eff9f,removed,10756,11253,UNKNOWN
44b6_2a2eff9f,removed,10879,46798,UNKNOWN
44b6_2a2eff9f,removed,10884,46799,UNKNOWN
44b6_2a2eff9f,removed,11031,46800,UNKNOWN
44b6_2a2eff9f,removed,11065,46801,UNKNOWN
44b6_2a2eff9f,removed,11085,46802,UNKNOWN
44b6_2a2eff9f,removed,11163,46803,UNKNOWN
44b6_2a2eff9f,removed,11293,46804,UNKNOWN
44b6_2a2eff9f,removed,11328,46805,UNKNOWN
44b6_2a2eff9f,removed,11730,46806,UNKNOWN
44b6_2a2eff9f,removed,11936,46807,UNKNOWN
44b6_2a2eff9f,removed,11943,46808,UNKNOWN
44b6_2a2eff9f,removed,12007,46809,UNKNOWN
44b6_2a2eff9f,removed,12183,46810,UNKNOWN
44b6_2a2eff9f,removed,12198,46811,UNKNOWN
44b6_2a2eff9f,removed,12215,47179,UNKNOWN
44b6_2a2eff9f,removed,12260,46813,UNKNOWN
44b6_2a2eff9f,removed,12319,46814,UNKNOWN
44b6_2a2eff9f,removed,12356,46815,UNKNOWN
44b6_2a2eff9f,removed,12489,46816,UNKNOWN
44b6_2a2eff9f,removed,12510,46817,UNKNOWN
44b6_2a2eff9f,removed,12573,47195,UNKNOWN
44b6_2a2eff9f,removed,12583,46818,UNKNOWN
44b6_2a2eff9f,removed,12606,46819,UNKNOWN
44b6_2a2eff9f,removed,12673,46820,UNKNOWN
44b6_2a2eff9f,removed,12729,46821,UNKNOWN
44b6_2a2eff9f,removed,12785,46822,UNKNOWN
44b6_2a2eff9f,removed,12827,46823,UNKNOWN
44b6_2a2eff9f,removed,12843,47275,UNKNOWN
44b6_2a2eff9f,removed,12886,46824,UNKNOWN
44b6_2a2eff9f,removed,13044,46825,UNKNOWN
44b6_2a2eff9f,removed,13088,46826,UNKNOWN
44b6_2a2eff9f,removed,13196,47217,UNKNOWN
44b6_2a2eff9f,removed,13480,46827,UNKNOWN
44b6_2a2eff9f,removed,13490,46828,UNKNOWN
44b6_2a2eff9f,removed,13601,14070,UNKNOWN
44b6_2a2eff9f,removed,13810,47153,UNKNOWN
44b6_2a2eff9f,removed,14288,47133,UNKNOWN
44b6_2a2eff9f,removed,14838,47145,UNKNOWN
44b6_2a2eff9f,removed,15186,15659,UNKNOWN
44b6_2a2eff9f,removed,15234,15689,UNKNOWN
44b6_2a2eff9f,removed,15370,47171,UNKNOWN
44b6_2a2eff9f,removed,15443,15915,UNKNOWN
44b6_2a2eff9f,removed,15828,47155,UNKNOWN
44b6_2a2eff9f,removed,16233,47281,UNKNOWN
44b6_2a2eff9f,removed,16400,47241,UNKNOWN
44b6_2a2eff9f,removed,16566,17020,UNKNOWN
44b6_2a2eff9f,removed,17020,17477,UNKNOWN
44b6_2a2eff9f,removed,17104,47243,UNKNOWN
44b6_2a2eff9f,removed,17130,17597,UNKNOWN
44b6_2a2eff9f,removed,17148,46850,UNKNOWN
44b6_2a2eff9f,removed,17180,46851,UNKNOWN
44b6_2a2eff9f,removed,17237,46852,UNKNOWN
44b6_2a2eff9f,removed,17295,46853,UNKNOWN
44b6_2a2eff9f,removed,17434,47173,UNKNOWN
44b6_2a2eff9f,removed,17441,46854,UNKNOWN
44b6_2a2eff9f,removed,17477,17926,UNKNOWN
44b6_2a2eff9f,removed,17754,46855,UNKNOWN
44b6_2a2eff9f,removed,17759,18207,UNKNOWN
44b6_2a2eff9f,removed,17760,46856,UNKNOWN
44b6_2a2eff9f,removed,17793,46857,UNKNOWN
44b6_2a2eff9f,removed,17824,47215,UNKNOWN
44b6_2a2eff9f,removed,17839,46858,UNKNOWN
44b6_2a2eff9f,removed,17841,46859,UNKNOWN
44b6_2a2eff9f,removed,17926,18357,UNKNOWN
44b6_2a2eff9f,removed,17985,46860,UNKNOWN
44b6_2a2eff9f,removed,18091,46861,UNKNOWN
44b6_2a2eff9f,removed,18167,18621,UNKNOWN
44b6_2a2eff9f,removed,18357,18794,UNKNOWN
44b6_2a2eff9f,removed,18488,46865,UNKNOWN
44b6_2a2eff9f,removed,18528,46866,UNKNOWN
44b6_2a2eff9f,removed,18557,46867,UNKNOWN
44b6_2a2eff9f,removed,18572,46868,UNKNOWN
44b6_2a2eff9f,removed,18593,47147,UNKNOWN
44b6_2a2eff9f,removed,18724,46869,UNKNOWN
44b6_2a2eff9f,removed,18731,46870,UNKNOWN
44b6_2a2eff9f,removed,18843,46871,UNKNOWN
44b6_2a2eff9f,removed,18852,19299,UNKNOWN
44b6_2a2eff9f,removed,18921,46872,UNKNOWN
44b6_2a2eff9f,removed,18922,46873,UNKNOWN
44b6_2a2eff9f,removed,19031,47187,UNKNOWN
44b6_2a2eff9f,removed,19181,46874,UNKNOWN
44b6_2a2eff9f,removed,19182,46875,UNKNOWN
44b6_2a2eff9f,removed,19205,47257,UNKNOWN
44b6_2a2eff9f,removed,19226,46876,UNKNOWN
44b6_2a2eff9f,removed,19341,46877,UNKNOWN
44b6_2a2eff9f,removed,19370,46878,UNKNOWN
44b6_2a2eff9f,removed,19402,46879,UNKNOWN
44b6_2a2eff9f,removed,19485,19949,UNKNOWN
44b6_2a2eff9f,removed,19561,46880,UNKNOWN
44b6_2a2eff9f,removed,19803,46881,UNKNOWN
44b6_2a2eff9f,removed,19833,46882,UNKNOWN
44b6_2a2eff9f,removed,19887,46883,UNKNOWN
44b6_2a2eff9f,removed,19891,46884,UNKNOWN
44b6_2a2eff9f,removed,19941,46885,UNKNOWN
44b6_2a2eff9f,removed,19990,46886,UNKNOWN
44b6_2a2eff9f,removed,20144,47209,UNKNOWN
44b6_2a2eff9f,removed,20204,46887,UNKNOWN
44b6_2a2eff9f,removed,20361,46888,UNKNOWN
44b6_2a2eff9f,removed,20368,46889,UNKNOWN
44b6_2a2eff9f,removed,20375,46890,UNKNOWN
44b6_2a2eff9f,removed,20518,46891,UNKNOWN
44b6_2a2eff9f,removed,20572,46893,UNKNOWN
44b6_2a2eff9f,removed,20621,21036,UNKNOWN
44b6_2a2eff9f,removed,20633,47247,UNKNOWN
44b6_2a2eff9f,removed,20826,47135,UNKNOWN
44b6_2a2eff9f,removed,21018,21448,UNKNOWN
44b6_2a2eff9f,removed,21030,46894,UNKNOWN
44b6_2a2eff9f,removed,21036,21467,UNKNOWN
44b6_2a2eff9f,removed,21085,46895,UNKNOWN
44b6_2a2eff9f,removed,21155,21605,UNKNOWN
44b6_2a2eff9f,removed,21247,46896,UNKNOWN
44b6_2a2eff9f,removed,21305,46897,UNKNOWN
44b6_2a2eff9f,removed,21346,46898,UNKNOWN
44b6_2a2eff9f,removed,21448,21875,UNKNOWN
44b6_2a2eff9f,removed,21467,21905,UNKNOWN
44b6_2a2eff9f,removed,21493,47249,UNKNOWN
44b6_2a2eff9f,removed,21632,22070,UNKNOWN
44b6_2a2eff9f,removed,21748,46900,UNKNOWN
44b6_2a2eff9f,removed,21802,46901,UNKNOWN
44b6_2a2eff9f,removed,21875,22302,UNKNOWN
44b6_2a2eff9f,removed,21905,22356,UNKNOWN
44b6_2a2eff9f,removed,21916,46902,UNKNOWN
44b6_2a2eff9f,removed,21961,46904,UNKNOWN
44b6_2a2eff9f,removed,22036,46905,UNKNOWN
44b6_2a2eff9f,removed,22064,46906,UNKNOWN
44b6_2a2eff9f,removed,22070,22538,UNKNOWN
44b6_2a2eff9f,removed,22145,46907,UNKNOWN
44b6_2a2eff9f,removed,22150,22605,UNKNOWN
44b6_2a2eff9f,removed,22160,22614,UNKNOWN
44b6_2a2eff9f,removed,22168,46908,UNKNOWN
44b6_2a2eff9f,removed,22244,22715,UNKNOWN
44b6_2a2eff9f,removed,22302,22769,UNKNOWN
44b6_2a2eff9f,removed,22313,46909,UNKNOWN
44b6_2a2eff9f,removed,22389,22861,UNKNOWN
44b6_2a2eff9f,removed,22482,47259,UNKNOWN
44b6_2a2eff9f,removed,22839,23266,UNKNOWN
44b6_2a2eff9f,removed,22869,23312,UNKNOWN
44b6_2a2eff9f,removed,23190,23590,UNKNOWN
44b6_2a2eff9f,removed,23231,23642,UNKNOWN
44b6_2a2eff9f,removed,23233,23617,UNKNOWN
44b6_2a2eff9f,removed,23752,47279,UNKNOWN
44b6_2a2eff9f,removed,23982,47137,UNKNOWN
44b6_2a2eff9f,removed,24317,46925,UNKNOWN
44b6_2a2eff9f,removed,24499,47219,UNKNOWN
44b6_2a2eff9f,removed,24578,25001,UNKNOWN
44b6_2a2eff9f,removed,24736,25165,UNKNOWN
44b6_2a2eff9f,removed,24837,46930,UNKNOWN
44b6_2a2eff9f,removed,24838,25243,UNKNOWN
44b6_2a2eff9f,removed,25009,47181,UNKNOWN
44b6_2a2eff9f,removed,25189,47157,UNKNOWN
44b6_2a2eff9f,removed,25417,25834,UNKNOWN
44b6_2a2eff9f,removed,25566,47191,UNKNOWN
44b6_2a2eff9f,removed,25682,46938,UNKNOWN
44b6_2a2eff9f,removed,25803,46939,UNKNOWN
44b6_2a2eff9f,removed,25898,46940,UNKNOWN
44b6_2a2eff9f,removed,25929,26316,UNKNOWN
44b6_2a2eff9f,removed,25950,46941,UNKNOWN
44b6_2a2eff9f,removed,26062,47229,UNKNOWN
44b6_2a2eff9f,removed,26066,46942,UNKNOWN
44b6_2a2eff9f,removed,26162,46943,UNKNOWN
44b6_2a2eff9f,removed,26182,46944,UNKNOWN
44b6_2a2eff9f,removed,26283,46945,UNKNOWN
44b6_2a2eff9f,removed,26316,26749,UNKNOWN
44b6_2a2eff9f,removed,26363,47239,UNKNOWN
44b6_2a2eff9f,removed,26416,46946,UNKNOWN
44b6_2a2eff9f,removed,26429,46947,UNKNOWN
44b6_2a2eff9f,removed,26704,46950,UNKNOWN
44b6_2a2eff9f,removed,26749,27193,UNKNOWN
44b6_2a2eff9f,removed,26834,46951,UNKNOWN
44b6_2a2eff9f,removed,26882,46952,UNKNOWN
44b6_2a2eff9f,removed,26912,47269,UNKNOWN
44b6_2a2eff9f,removed,26972,46953,UNKNOWN
44b6_2a2eff9f,removed,26981,46954,UNKNOWN
44b6_2a2eff9f,removed,27048,46955,UNKNOWN
44b6_2a2eff9f,removed,27056,46956,UNKNOWN
44b6_2a2eff9f,removed,27080,46957,UNKNOWN
44b6_2a2eff9f,removed,27193,27638,UNKNOWN
44b6_2a2eff9f,removed,27339,27813,UNKNOWN
44b6_2a2eff9f,removed,27360,27794,UNKNOWN
44b6_2a2eff9f,removed,27365,27818,UNKNOWN
44b6_2a2eff9f,removed,27391,47203,UNKNOWN
44b6_2a2eff9f,removed,27458,46958,UNKNOWN
44b6_2a2eff9f,removed,27499,46959,UNKNOWN
44b6_2a2eff9f,removed,27523,46960,UNKNOWN
44b6_2a2eff9f,removed,27575,46961,UNKNOWN
44b6_2a2eff9f,removed,27631,28078,UNKNOWN
44b6_2a2eff9f,removed,27638,28094,UNKNOWN
44b6_2a2eff9f,removed,27649,28074,UNKNOWN
44b6_2a2eff9f,removed,27710,46962,UNKNOWN
44b6_2a2eff9f,removed,27727,47205,UNKNOWN
44b6_2a2eff9f,removed,27802,46963,UNKNOWN
44b6_2a2eff9f,removed,27906,46964,UNKNOWN
44b6_2a2eff9f,removed,27913,46965,UNKNOWN
44b6_2a2eff9f,removed,27934,46966,UNKNOWN
44b6_2a2eff9f,removed,28074,28506,UNKNOWN
44b6_2a2eff9f,removed,28080,46968,UNKNOWN
44b6_2a2eff9f,removed,28144,47185,UNKNOWN
44b6_2a2eff9f,removed,28242,46970,UNKNOWN
44b6_2a2eff9f,removed,28327,28772,UNKNOWN
44b6_2a2eff9f,removed,28498,47163,UNKNOWN
44b6_2a2eff9f,removed,28506,28949,UNKNOWN
44b6_2a2eff9f,removed,28581,46971,UNKNOWN
44b6_2a2eff9f,removed,28737,29201,UNKNOWN
44b6_2a2eff9f,removed,28748,46972,UNKNOWN
44b6_2a2eff9f,removed,28931,46973,UNKNOWN
44b6_2a2eff9f,removed,28949,29428,UNKNOWN
44b6_2a2eff9f,removed,29074,46974,UNKNOWN
44b6_2a2eff9f,removed,29127,47139,UNKNOWN
44b6_2a2eff9f,removed,29140,29643,UNKNOWN
44b6_2a2eff9f,removed,29201,29673,UNKNOWN
44b6_2a2eff9f,removed,29482,46978,UNKNOWN
44b6_2a2eff9f,removed,29505,46979,UNKNOWN
44b6_2a2eff9f,removed,29530,30025,UNKNOWN
44b6_2a2eff9f,removed,29544,30026,UNKNOWN
44b6_2a2eff9f,removed,29569,46981,UNKNOWN
44b6_2a2eff9f,removed,29607,47245,UNKNOWN
44b6_2a2eff9f,removed,29673,30137,UNKNOWN
44b6_2a2eff9f,removed,29946,46984,UNKNOWN
44b6_2a2eff9f,removed,30077,46985,UNKNOWN
44b6_2a2eff9f,removed,30112,30604,UNKNOWN
44b6_2a2eff9f,removed,30137,30616,UNKNOWN
44b6_2a2eff9f,removed,30235,47207,UNKNOWN
44b6_2a2eff9f,removed,30276,46986,UNKNOWN
44b6_2a2eff9f,removed,30395,47175,UNKNOWN
44b6_2a2eff9f,removed,30482,46987,UNKNOWN
44b6_2a2eff9f,removed,30612,46988,UNKNOWN
44b6_2a2eff9f,removed,30806,46989,UNKNOWN
44b6_2a2eff9f,removed,30814,46990,UNKNOWN
44b6_2a2eff9f,removed,30948,46991,UNKNOWN
44b6_2a2eff9f,removed,31018,46993,UNKNOWN
44b6_2a2eff9f,removed,31076,47223,UNKNOWN
44b6_2a2eff9f,removed,31136,46994,UNKNOWN
44b6_2a2eff9f,removed,31187,46995,UNKNOWN
44b6_2a2eff9f,removed,31194,31651,UNKNOWN
44b6_2a2eff9f,removed,31262,31736,UNKNOWN
44b6_2a2eff9f,removed,31308,46996,UNKNOWN
44b6_2a2eff9f,removed,31360,46997,UNKNOWN
44b6_2a2eff9f,removed,31435,46998,UNKNOWN
44b6_2a2eff9f,removed,31493,47271,UNKNOWN
44b6_2a2eff9f,removed,31518,46999,UNKNOWN
44b6_2a2eff9f,removed,31521,47000,UNKNOWN
44b6_2a2eff9f,removed,31651,32103,UNKNOWN
44b6_2a2eff9f,removed,31662,47001,UNKNOWN
44b6_2a2eff9f,removed,31799,47159,UNKNOWN
44b6_2a2eff9f,removed,31958,47002,UNKNOWN
44b6_2a2eff9f,removed,32041,47003,UNKNOWN
44b6_2a2eff9f,removed,32103,32555,UNKNOWN
44b6_2a2eff9f,removed,32141,32605,UNKNOWN
44b6_2a2eff9f,removed,32555,33051,UNKNOWN
44b6_2a2eff9f,removed,32605,33086,UNKNOWN
44b6_2a2eff9f,removed,32631,33139,UNKNOWN
44b6_2a2eff9f,removed,32672,47004,UNKNOWN
44b6_2a2eff9f,removed,32681,47005,UNKNOWN
44b6_2a2eff9f,removed,32768,47197,UNKNOWN
44b6_2a2eff9f,removed,32911,47006,UNKNOWN
44b6_2a2eff9f,removed,32989,47008,UNKNOWN
44b6_2a2eff9f,removed,33086,33526,UNKNOWN
44b6_2a2eff9f,removed,33170,47009,UNKNOWN
44b6_2a2eff9f,removed,33204,33684,UNKNOWN
44b6_2a2eff9f,removed,33406,33872,UNKNOWN
44b6_2a2eff9f,removed,33407,33866,UNKNOWN
44b6_2a2eff9f,removed,33448,33920,UNKNOWN
44b6_2a2eff9f,removed,33452,47010,UNKNOWN
44b6_2a2eff9f,removed,33467,47251,UNKNOWN
44b6_2a2eff9f,removed,33574,34077,UNKNOWN
44b6_2a2eff9f,removed,33633,47011,UNKNOWN
44b6_2a2eff9f,removed,33742,47233,UNKNOWN
44b6_2a2eff9f,removed,33749,47012,UNKNOWN
44b6_2a2eff9f,removed,33842,34309,UNKNOWN
44b6_2a2eff9f,removed,33844,47013,UNKNOWN
44b6_2a2eff9f,removed,33859,47014,UNKNOWN
44b6_2a2eff9f,removed,33863,47015,UNKNOWN
44b6_2a2eff9f,removed,33909,47017,UNKNOWN
44b6_2a2eff9f,removed,33934,47018,UNKNOWN
44b6_2a2eff9f,removed,33968,47020,UNKNOWN
44b6_2a2eff9f,removed,33988,47021,UNKNOWN
44b6_2a2eff9f,removed,33998,47022,UNKNOWN
44b6_2a2eff9f,removed,34010,47023,UNKNOWN
44b6_2a2eff9f,removed,34058,47025,UNKNOWN
44b6_2a2eff9f,removed,34096,47026,UNKNOWN
44b6_2a2eff9f,removed,34211,47027,UNKNOWN
44b6_2a2eff9f,removed,34212,47028,UNKNOWN
44b6_2a2eff9f,removed,34216,47029,UNKNOWN
44b6_2a2eff9f,removed,34286,47030,UNKNOWN
44b6_2a2eff9f,removed,34510,47225,UNKNOWN
44b6_2a2eff9f,removed,34638,47031,UNKNOWN
44b6_2a2eff9f,removed,34714,47032,UNKNOWN
44b6_2a2eff9f,removed,34736,47033,UNKNOWN
44b6_2a2eff9f,removed,34802,47034,UNKNOWN
44b6_2a2eff9f,removed,34818,47035,UNKNOWN
44b6_2a2eff9f,removed,34830,47036,UNKNOWN
44b6_2a2eff9f,removed,34850,47037,UNKNOWN
44b6_2a2eff9f,removed,34877,47038,UNKNOWN
44b6_2a2eff9f,removed,34908,47039,UNKNOWN
44b6_2a2eff9f,removed,34924,47040,UNKNOWN
44b6_2a2eff9f,removed,35072,47041,UNKNOWN
44b6_2a2eff9f,removed,35080,47042,UNKNOWN
44b6_2a2eff9f,removed,35138,47231,UNKNOWN
44b6_2a2eff9f,removed,35260,35715,UNKNOWN
44b6_2a2eff9f,removed,35270,35689,UNKNOWN
44b6_2a2eff9f,removed,35341,47043,UNKNOWN
44b6_2a2eff9f,removed,35441,35893,UNKNOWN
44b6_2a2eff9f,removed,35443,47044,UNKNOWN
44b6_2a2eff9f,removed,35470,35925,UNKNOWN
44b6_2a2eff9f,removed,35518,47045,UNKNOWN
44b6_2a2eff9f,removed,35611,47046,UNKNOWN
44b6_2a2eff9f,removed,35644,47177,UNKNOWN
44b6_2a2eff9f,removed,35667,47047,UNKNOWN
44b6_2a2eff9f,removed,35737,47049,UNKNOWN
44b6_2a2eff9f,removed,35872,47050,UNKNOWN
44b6_2a2eff9f,removed,35943,47052,UNKNOWN
44b6_2a2eff9f,removed,35996,47053,UNKNOWN
44b6_2a2eff9f,removed,36158,47054,UNKNOWN
44b6_2a2eff9f,removed,36348,47055,UNKNOWN
44b6_2a2eff9f,removed,36505,37011,UNKNOWN
44b6_2a2eff9f,removed,36529,47056,UNKNOWN
44b6_2a2eff9f,removed,36562,47057,UNKNOWN
44b6_2a2eff9f,removed,36576,47058,UNKNOWN
44b6_2a2eff9f,removed,36626,37137,UNKNOWN
44b6_2a2eff9f,removed,36881,37378,UNKNOWN
44b6_2a2eff9f,removed,37138,47059,UNKNOWN
44b6_2a2eff9f,removed,37177,47060,UNKNOWN
44b6_2a2eff9f,removed,37178,37649,UNKNOWN
44b6_2a2eff9f,removed,37193,47061,UNKNOWN
44b6_2a2eff9f,removed,37247,47062,UNKNOWN
44b6_2a2eff9f,removed,37251,47161,UNKNOWN
44b6_2a2eff9f,removed,37255,37704,UNKNOWN
44b6_2a2eff9f,removed,37392,47201,UNKNOWN
44b6_2a2eff9f,removed,37674,47063,UNKNOWN
44b6_2a2eff9f,removed,37713,47064,UNKNOWN
44b6_2a2eff9f,removed,37737,47065,UNKNOWN
44b6_2a2eff9f,removed,37800,47067,UNKNOWN
44b6_2a2eff9f,removed,37898,47068,UNKNOWN
44b6_2a2eff9f,removed,37966,47069,UNKNOWN
44b6_2a2eff9f,removed,38102,47193,UNKNOWN
44b6_2a2eff9f,removed,38187,47070,UNKNOWN
44b6_2a2eff9f,removed,38262,47071,UNKNOWN
44b6_2a2eff9f,removed,38292,47072,UNKNOWN
44b6_2a2eff9f,removed,38316,47073,UNKNOWN
44b6_2a2eff9f,removed,38322,47074,UNKNOWN
44b6_2a2eff9f,removed,38419,47075,UNKNOWN
44b6_2a2eff9f,removed,38502,47213,UNKNOWN
44b6_2a2eff9f,removed,38542,47078,UNKNOWN
44b6_2a2eff9f,removed,38679,47079,UNKNOWN
44b6_2a2eff9f,removed,38722,47080,UNKNOWN
44b6_2a2eff9f,removed,38765,47081,UNKNOWN
44b6_2a2eff9f,removed,38838,47082,UNKNOWN
44b6_2a2eff9f,removed,38865,47083,UNKNOWN
44b6_2a2eff9f,removed,38880,47084,UNKNOWN
44b6_2a2eff9f,removed,39034,47085,UNKNOWN
44b6_2a2eff9f,removed,39119,47086,UNKNOWN
44b6_2a2eff9f,removed,39198,47088,UNKNOWN
44b6_2a2eff9f,removed,39214,47089,UNKNOWN
44b6_2a2eff9f,removed,39273,47221,UNKNOWN
44b6_2a2eff9f,removed,39428,47090,UNKNOWN
44b6_2a2eff9f,removed,39593,40058,UNKNOWN
44b6_2a2eff9f,removed,39636,47091,UNKNOWN
44b6_2a2eff9f,removed,39654,40130,UNKNOWN
44b6_2a2eff9f,removed,39734,47261,UNKNOWN
44b6_2a2eff9f,removed,39950,47092,UNKNOWN
44b6_2a2eff9f,removed,40102,47093,UNKNOWN
44b6_2a2eff9f,removed,40109,47094,UNKNOWN
44b6_2a2eff9f,removed,40186,47227,UNKNOWN
44b6_2a2eff9f,removed,40285,47095,UNKNOWN
44b6_2a2eff9f,removed,40730,47097,UNKNOWN
44b6_2a2eff9f,removed,40848,47098,UNKNOWN
44b6_2a2eff9f,removed,40894,47099,UNKNOWN
44b6_2a2eff9f,removed,40907,41370,UNKNOWN
44b6_2a2eff9f,removed,40938,47141,UNKNOWN
44b6_2a2eff9f,removed,41121,47100,UNKNOWN
44b6_2a2eff9f,removed,41279,47101,UNKNOWN
44b6_2a2eff9f,removed,41302,47102,UNKNOWN
44b6_2a2eff9f,removed,41418,47149,UNKNOWN
44b6_2a2eff9f,removed,41604,47103,UNKNOWN
44b6_2a2eff9f,removed,41787,47104,UNKNOWN
44b6_2a2eff9f,removed,41831,47105,UNKNOWN
44b6_2a2eff9f,removed,41857,47106,UNKNOWN
44b6_2a2eff9f,removed,41859,47107,UNKNOWN
44b6_2a2eff9f,removed,41865,47108,UNKNOWN
44b6_2a2eff9f,removed,42049,47109,UNKNOWN
44b6_2a2eff9f,removed,42162,47189,UNKNOWN
44b6_2a2eff9f,removed,42167,47110,UNKNOWN
44b6_2a2eff9f,removed,42169,47111,UNKNOWN
44b6_2a2eff9f,removed,42219,47112,UNKNOWN
44b6_2a2eff9f,removed,42236,47113,UNKNOWN
44b6_2a2eff9f,removed,42340,47115,UNKNOWN
44b6_2a2eff9f,removed,42458,42940,UNKNOWN
44b6_2a2eff9f,removed,42551,47116,UNKNOWN
44b6_2a2eff9f,removed,42581,47117,UNKNOWN
44b6_2a2eff9f,removed,42617,47118,UNKNOWN
44b6_2a2eff9f,removed,42652,47120,UNKNOWN
44b6_2a2eff9f,removed,42653,47143,UNKNOWN
44b6_2a2eff9f,removed,42697,47121,UNKNOWN
44b6_2a2eff9f,removed,42769,47122,UNKNOWN
44b6_2a2eff9f,removed,42864,47123,UNKNOWN
44b6_2a2eff9f,removed,42928,47124,UNKNOWN
44b6_2a2eff9f,removed,42961,47125,UNKNOWN
44b6_2a2eff9f,removed,42986,47126,UNKNOWN
44b6_2a2eff9f,removed,43359,43863,UNKNOWN
44b6_2a2eff9f,removed,43603,47127,UNKNOWN
44b6_2a2eff9f,removed,43665,47267,UNKNOWN
44b6_2a2eff9f,removed,43684,47128,UNKNOWN
44b6_2a2eff9f,removed,43743,44238,UNKNOWN
44b6_2a2eff9f,removed,43924,47129,UNKNOWN
44b6_2a2eff9f,removed,44176,47130,UNKNOWN
44b6_2a2eff9f,removed,44280,47131,UNKNOWN
44b6_2a2eff9f,removed,44324,47132,UNKNOWN
44b6_2a2eff9f,removed,46733,5030,UNKNOWN
44b6_2a2eff9f,removed,46755,7338,UNKNOWN
44b6_2a2eff9f,removed,46761,7866,UNKNOWN
44b6_2a2eff9f,removed,46793,11249,UNKNOWN
44b6_2a2eff9f,removed,46795,11373,UNKNOWN
44b6_2a2eff9f,removed,46796,11624,UNKNOWN
44b6_2a2eff9f,removed,46797,11679,UNKNOWN
44b6_2a2eff9f,removed,46798,11832,UNKNOWN
44b6_2a2eff9f,removed,46799,11839,UNKNOWN
44b6_2a2eff9f,removed,46800,11964,UNKNOWN
44b6_2a2eff9f,removed,46801,12018,UNKNOWN
44b6_2a2eff9f,removed,46802,12021,UNKNOWN
44b6_2a2eff9f,removed,46803,12086,UNKNOWN
44b6_2a2eff9f,removed,46804,12262,UNKNOWN
44b6_2a2eff9f,removed,46805,12295,UNKNOWN
44b6_2a2eff9f,removed,46806,12682,UNKNOWN
44b6_2a2eff9f,removed,46807,12853,UNKNOWN
44b6_2a2eff9f,removed,46808,12857,UNKNOWN
44b6_2a2eff9f,removed,46809,12924,UNKNOWN
44b6_2a2eff9f,removed,46810,13093,UNKNOWN
44b6_2a2eff9f,removed,46811,13130,UNKNOWN
44b6_2a2eff9f,removed,46813,13177,UNKNOWN
44b6_2a2eff9f,removed,46814,13239,UNKNOWN
44b6_2a2eff9f,removed,46815,13251,UNKNOWN
44b6_2a2eff9f,removed,46816,13421,UNKNOWN
44b6_2a2eff9f,removed,46817,13404,UNKNOWN
44b6_2a2eff9f,removed,46818,13467,UNKNOWN
44b6_2a2eff9f,removed,46819,13474,UNKNOWN
44b6_2a2eff9f,removed,46820,13566,UNKNOWN
44b6_2a2eff9f,removed,46821,13608,UNKNOWN
44b6_2a2eff9f,removed,46822,13674,UNKNOWN
44b6_2a2eff9f,removed,46823,13718,UNKNOWN
44b6_2a2eff9f,removed,46824,13769,UNKNOWN
44b6_2a2eff9f,removed,46825,13950,UNKNOWN
44b6_2a2eff9f,removed,46826,13982,UNKNOWN
44b6_2a2eff9f,removed,46827,14412,UNKNOWN
44b6_2a2eff9f,removed,46828,14422,UNKNOWN
44b6_2a2eff9f,removed,46850,18070,UNKNOWN
44b6_2a2eff9f,removed,46851,18098,UNKNOWN
44b6_2a2eff9f,removed,46852,18140,UNKNOWN
44b6_2a2eff9f,removed,46853,18195,UNKNOWN
44b6_2a2eff9f,removed,46854,18320,UNKNOWN
44b6_2a2eff9f,removed,46855,18666,UNKNOWN
44b6_2a2eff9f,removed,46856,18654,UNKNOWN
44b6_2a2eff9f,removed,46857,18676,UNKNOWN
44b6_2a2eff9f,removed,46858,18708,UNKNOWN
44b6_2a2eff9f,removed,46859,18711,UNKNOWN
44b6_2a2eff9f,removed,46860,18857,UNKNOWN
44b6_2a2eff9f,removed,46861,18950,UNKNOWN
44b6_2a2eff9f,removed,46865,19363,UNKNOWN
44b6_2a2eff9f,removed,46866,19407,UNKNOWN
44b6_2a2eff9f,removed,46867,19423,UNKNOWN
44b6_2a2eff9f,removed,46868,19453,UNKNOWN
44b6_2a2eff9f,removed,46869,19569,UNKNOWN
44b6_2a2eff9f,removed,46870,19589,UNKNOWN
44b6_2a2eff9f,removed,46871,19699,UNKNOWN
44b6_2a2eff9f,removed,46872,19771,UNKNOWN
44b6_2a2eff9f,removed,46873,19754,UNKNOWN
44b6_2a2eff9f,removed,46874,20048,UNKNOWN
44b6_2a2eff9f,removed,46875,20020,UNKNOWN
44b6_2a2eff9f,removed,46876,20091,UNKNOWN
44b6_2a2eff9f,removed,46877,20210,UNKNOWN
44b6_2a2eff9f,removed,46878,20226,UNKNOWN
44b6_2a2eff9f,removed,46879,20276,UNKNOWN
44b6_2a2eff9f,removed,46880,20392,UNKNOWN
44b6_2a2eff9f,removed,46881,20655,UNKNOWN
44b6_2a2eff9f,removed,46882,20689,UNKNOWN
44b6_2a2eff9f,removed,46883,20725,UNKNOWN
44b6_2a2eff9f,removed,46884,20751,UNKNOWN
44b6_2a2eff9f,removed,46885,20798,UNKNOWN
44b6_2a2eff9f,removed,46886,20835,UNKNOWN
44b6_2a2eff9f,removed,46887,21028,UNKNOWN
44b6_2a2eff9f,removed,46888,21205,UNKNOWN
44b6_2a2eff9f,removed,46889,21199,UNKNOWN
44b6_2a2eff9f,removed,46890,21212,UNKNOWN
44b6_2a2eff9f,removed,46891,21357,UNKNOWN
44b6_2a2eff9f,removed,46893,21416,UNKNOWN
44b6_2a2eff9f,removed,46894,21882,UNKNOWN
44b6_2a2eff9f,removed,46895,21959,UNKNOWN
44b6_2a2eff9f,removed,46896,22107,UNKNOWN
44b6_2a2eff9f,removed,46897,22151,UNKNOWN
44b6_2a2eff9f,removed,46898,22201,UNKNOWN
44b6_2a2eff9f,removed,46900,22615,UNKNOWN
44b6_2a2eff9f,removed,46901,22664,UNKNOWN
44b6_2a2eff9f,removed,46902,22797,UNKNOWN
44b6_2a2eff9f,removed,46904,22853,UNKNOWN
44b6_2a2eff9f,removed,46905,22945,UNKNOWN
44b6_2a2eff9f,removed,46906,22989,UNKNOWN
44b6_2a2eff9f,removed,46907,23094,UNKNOWN
44b6_2a2eff9f,removed,46908,23066,UNKNOWN
44b6_2a2eff9f,removed,46909,23225,UNKNOWN
44b6_2a2eff9f,removed,46925,25131,UNKNOWN
44b6_2a2eff9f,removed,46938,26487,UNKNOWN
44b6_2a2eff9f,removed,46939,26638,UNKNOWN
44b6_2a2eff9f,removed,46940,26745,UNKNOWN
44b6_2a2eff9f,removed,46941,26788,UNKNOWN
44b6_2a2eff9f,removed,46942,26898,UNKNOWN
44b6_2a2eff9f,removed,46943,27000,UNKNOWN
44b6_2a2eff9f,removed,46944,27039,UNKNOWN
44b6_2a2eff9f,removed,46945,27166,UNKNOWN
44b6_2a2eff9f,removed,46946,27288,UNKNOWN
44b6_2a2eff9f,removed,46947,27304,UNKNOWN
44b6_2a2eff9f,removed,46950,27591,UNKNOWN
44b6_2a2eff9f,removed,46951,27721,UNKNOWN
44b6_2a2eff9f,removed,46952,27770,UNKNOWN
44b6_2a2eff9f,removed,46953,27856,UNKNOWN
44b6_2a2eff9f,removed,46954,27869,UNKNOWN
44b6_2a2eff9f,removed,46955,27940,UNKNOWN
44b6_2a2eff9f,removed,46956,27978,UNKNOWN
44b6_2a2eff9f,removed,46957,27980,UNKNOWN
44b6_2a2eff9f,removed,46958,28347,UNKNOWN
44b6_2a2eff9f,removed,46959,28398,UNKNOWN
44b6_2a2eff9f,removed,46960,28428,UNKNOWN
44b6_2a2eff9f,removed,46961,28465,UNKNOWN
44b6_2a2eff9f,removed,46962,28582,UNKNOWN
44b6_2a2eff9f,removed,46963,28680,UNKNOWN
44b6_2a2eff9f,removed,46964,28804,UNKNOWN
44b6_2a2eff9f,removed,46965,28790,UNKNOWN
44b6_2a2eff9f,removed,46966,28834,UNKNOWN
44b6_2a2eff9f,removed,46968,28963,UNKNOWN
44b6_2a2eff9f,removed,46970,29172,UNKNOWN
44b6_2a2eff9f,removed,46971,29532,UNKNOWN
44b6_2a2eff9f,removed,46972,29689,UNKNOWN
44b6_2a2eff9f,removed,46973,29900,UNKNOWN
44b6_2a2eff9f,removed,46974,30032,UNKNOWN
44b6_2a2eff9f,removed,46978,30402,UNKNOWN
44b6_2a2eff9f,removed,46979,30447,UNKNOWN
44b6_2a2eff9f,removed,46981,30510,UNKNOWN
44b6_2a2eff9f,removed,46984,30886,UNKNOWN
44b6_2a2eff9f,removed,46985,31020,UNKNOWN
44b6_2a2eff9f,removed,46986,31233,UNKNOWN
44b6_2a2eff9f,removed,46987,31387,UNKNOWN
44b6_2a2eff9f,removed,46988,31566,UNKNOWN
44b6_2a2eff9f,removed,46989,31724,UNKNOWN
44b6_2a2eff9f,removed,46990,31719,UNKNOWN
44b6_2a2eff9f,removed,46991,31842,UNKNOWN
44b6_2a2eff9f,removed,46993,31927,UNKNOWN
44b6_2a2eff9f,removed,46994,32056,UNKNOWN
44b6_2a2eff9f,removed,46995,32077,UNKNOWN
44b6_2a2eff9f,removed,46996,32228,UNKNOWN
44b6_2a2eff9f,removed,46997,32262,UNKNOWN
44b6_2a2eff9f,removed,46998,32334,UNKNOWN
44b6_2a2eff9f,removed,46999,32416,UNKNOWN
44b6_2a2eff9f,removed,47000,32435,UNKNOWN
44b6_2a2eff9f,removed,47001,32580,UNKNOWN
44b6_2a2eff9f,removed,47002,32891,UNKNOWN
44b6_2a2eff9f,removed,47003,32984,UNKNOWN
44b6_2a2eff9f,removed,47004,33632,UNKNOWN
44b6_2a2eff9f,removed,47005,33650,UNKNOWN
44b6_2a2eff9f,removed,47006,33846,UNKNOWN
44b6_2a2eff9f,removed,47008,33907,UNKNOWN
44b6_2a2eff9f,removed,47009,34122,UNKNOWN
44b6_2a2eff9f,removed,47010,34366,UNKNOWN
44b6_2a2eff9f,removed,47011,34548,UNKNOWN
44b6_2a2eff9f,removed,47012,34661,UNKNOWN
44b6_2a2eff9f,removed,47013,34742,UNKNOWN
44b6_2a2eff9f,removed,47014,34765,UNKNOWN
44b6_2a2eff9f,removed,47015,34738,UNKNOWN
44b6_2a2eff9f,removed,47017,34826,UNKNOWN
44b6_2a2eff9f,removed,47018,34820,UNKNOWN
44b6_2a2eff9f,removed,47020,34855,UNKNOWN
44b6_2a2eff9f,removed,47021,34899,UNKNOWN
44b6_2a2eff9f,removed,47022,34921,UNKNOWN
44b6_2a2eff9f,removed,47023,34886,UNKNOWN
44b6_2a2eff9f,removed,47025,34938,UNKNOWN
44b6_2a2eff9f,removed,47026,34984,UNKNOWN
44b6_2a2eff9f,removed,47027,35098,UNKNOWN
44b6_2a2eff9f,removed,47028,35101,UNKNOWN
44b6_2a2eff9f,removed,47029,35140,UNKNOWN
44b6_2a2eff9f,removed,47030,35163,UNKNOWN
44b6_2a2eff9f,removed,47031,35530,UNKNOWN
44b6_2a2eff9f,removed,47032,35596,UNKNOWN
44b6_2a2eff9f,removed,47033,35622,UNKNOWN
44b6_2a2eff9f,removed,47034,35691,UNKNOWN
44b6_2a2eff9f,removed,47035,35720,UNKNOWN
44b6_2a2eff9f,removed,47036,35745,UNKNOWN
44b6_2a2eff9f,removed,47037,35763,UNKNOWN
44b6_2a2eff9f,removed,47038,35769,UNKNOWN
44b6_2a2eff9f,removed,47039,35809,UNKNOWN
44b6_2a2eff9f,removed,47040,35838,UNKNOWN
44b6_2a2eff9f,removed,47041,35958,UNKNOWN
44b6_2a2eff9f,removed,47042,35965,UNKNOWN
44b6_2a2eff9f,removed,47043,36219,UNKNOWN
44b6_2a2eff9f,removed,47044,36333,UNKNOWN
44b6_2a2eff9f,removed,47045,36439,UNKNOWN
44b6_2a2eff9f,removed,47046,36568,UNKNOWN
44b6_2a2eff9f,removed,47047,36586,UNKNOWN
44b6_2a2eff9f,removed,47049,36639,UNKNOWN
44b6_2a2eff9f,removed,47050,36810,UNKNOWN
44b6_2a2eff9f,removed,47052,36898,UNKNOWN
44b6_2a2eff9f,removed,47053,36985,UNKNOWN
44b6_2a2eff9f,removed,47054,37147,UNKNOWN
44b6_2a2eff9f,removed,47055,37371,UNKNOWN
44b6_2a2eff9f,removed,47056,37526,UNKNOWN
44b6_2a2eff9f,removed,47057,37546,UNKNOWN
44b6_2a2eff9f,removed,47058,37561,UNKNOWN
44b6_2a2eff9f,removed,47059,38074,UNKNOWN
44b6_2a2eff9f,removed,47060,38117,UNKNOWN
44b6_2a2eff9f,removed,47061,38139,UNKNOWN
44b6_2a2eff9f,removed,47062,38174,UNKNOWN
44b6_2a2eff9f,removed,47063,38582,UNKNOWN
44b6_2a2eff9f,removed,47064,38626,UNKNOWN
44b6_2a2eff9f,removed,47065,38658,UNKNOWN
44b6_2a2eff9f,removed,47067,38725,UNKNOWN
44b6_2a2eff9f,removed,47068,38793,UNKNOWN
44b6_2a2eff9f,removed,47069,38874,UNKNOWN
44b6_2a2eff9f,removed,47070,39054,UNKNOWN
44b6_2a2eff9f,removed,47071,39159,UNKNOWN
44b6_2a2eff9f,removed,47072,39187,UNKNOWN
44b6_2a2eff9f,removed,47073,39211,UNKNOWN
44b6_2a2eff9f,removed,47074,39220,UNKNOWN
44b6_2a2eff9f,removed,47075,39328,UNKNOWN
44b6_2a2eff9f,removed,47078,39419,UNKNOWN
44b6_2a2eff9f,removed,47079,39567,UNKNOWN
44b6_2a2eff9f,removed,47080,39614,UNKNOWN
44b6_2a2eff9f,removed,47081,39658,UNKNOWN
44b6_2a2eff9f,removed,47082,39752,UNKNOWN
44b6_2a2eff9f,removed,47083,39751,UNKNOWN
44b6_2a2eff9f,removed,47084,39765,UNKNOWN
44b6_2a2eff9f,removed,47085,39933,UNKNOWN
44b6_2a2eff9f,removed,47086,40054,UNKNOWN
44b6_2a2eff9f,removed,47088,40134,UNKNOWN
44b6_2a2eff9f,removed,47089,40145,UNKNOWN
44b6_2a2eff9f,removed,47090,40371,UNKNOWN
44b6_2a2eff9f,removed,47091,40614,UNKNOWN
44b6_2a2eff9f,removed,47092,40898,UNKNOWN
44b6_2a2eff9f,removed,47093,41062,UNKNOWN
44b6_2a2eff9f,removed,47094,41074,UNKNOWN
44b6_2a2eff9f,removed,47095,41239,UNKNOWN
44b6_2a2eff9f,removed,47097,41691,UNKNOWN
44b6_2a2eff9f,removed,47098,41793,UNKNOWN
44b6_2a2eff9f,removed,47099,41841,UNKNOWN
44b6_2a2eff9f,removed,47100,42044,UNKNOWN
44b6_2a2eff9f,removed,47101,42199,UNKNOWN
44b6_2a2eff9f,removed,47102,42208,UNKNOWN
44b6_2a2eff9f,removed,47103,42555,UNKNOWN
44b6_2a2eff9f,removed,47104,42709,UNKNOWN
44b6_2a2eff9f,removed,47105,42775,UNKNOWN
44b6_2a2eff9f,removed,47106,42805,UNKNOWN
44b6_2a2eff9f,removed,47107,42801,UNKNOWN
44b6_2a2eff9f,removed,47108,42789,UNKNOWN
44b6_2a2eff9f,removed,47109,42999,UNKNOWN
44b6_2a2eff9f,removed,47110,43101,UNKNOWN
44b6_2a2eff9f,removed,47111,43092,UNKNOWN
44b6_2a2eff9f,removed,47112,43159,UNKNOWN
44b6_2a2eff9f,removed,47113,43169,UNKNOWN
44b6_2a2eff9f,removed,47115,43283,UNKNOWN
44b6_2a2eff9f,removed,47116,43470,UNKNOWN
44b6_2a2eff9f,removed,47117,43500,UNKNOWN
44b6_2a2eff9f,removed,47118,43549,UNKNOWN
44b6_2a2eff9f,removed,47120,43560,UNKNOWN
44b6_2a2eff9f,removed,47121,43624,UNKNOWN
44b6_2a2eff9f,removed,47122,43700,UNKNOWN
44b6_2a2eff9f,removed,47123,43830,UNKNOWN
44b6_2a2eff9f,removed,47124,43920,UNKNOWN
44b6_2a2eff9f,removed,47125,43904,UNKNOWN
44b6_2a2eff9f,removed,47126,43938,UNKNOWN
44b6_2a2eff9f,removed,47127,44587,UNKNOWN
44b6_2a2eff9f,removed,47128,44689,UNKNOWN
44b6_2a2eff9f,removed,47129,44877,UNKNOWN
44b6_2a2eff9f,removed,47130,45108,UNKNOWN
44b6_2a2eff9f,removed,47131,45225,UNKNOWN
44b6_2a2eff9f,removed,47132,45261,UNKNOWN
44b6_2a2eff9f,removed,47134,15667,UNKNOWN
44b6_2a2eff9f,removed,47136,22109,UNKNOWN
44b6_2a2eff9f,removed,47138,25195,UNKNOWN
44b6_2a2eff9f,removed,47140,30557,UNKNOWN
44b6_2a2eff9f,removed,47142,42334,UNKNOWN
44b6_2a2eff9f,removed,47144,44085,UNKNOWN
44b6_2a2eff9f,removed,47146,16209,UNKNOWN
44b6_2a2eff9f,removed,47148,19871,UNKNOWN
44b6_2a2eff9f,removed,47150,42843,UNKNOWN
44b6_2a2eff9f,removed,47152,7761,UNKNOWN
44b6_2a2eff9f,removed,47154,15191,UNKNOWN
44b6_2a2eff9f,removed,47156,17207,UNKNOWN
44b6_2a2eff9f,removed,47158,26395,UNKNOWN
44b6_2a2eff9f,removed,47160,33205,UNKNOWN
44b6_2a2eff9f,removed,47162,38632,UNKNOWN
44b6_2a2eff9f,removed,47164,29927,UNKNOWN
44b6_2a2eff9f,removed,47166,4392,UNKNOWN
44b6_2a2eff9f,removed,47168,5208,UNKNOWN
44b6_2a2eff9f,removed,47170,10160,UNKNOWN
44b6_2a2eff9f,removed,47172,16731,UNKNOWN
44b6_2a2eff9f,removed,47174,18746,UNKNOWN
44b6_2a2eff9f,removed,47176,31780,UNKNOWN
44b6_2a2eff9f,removed,47178,37074,UNKNOWN
44b6_2a2eff9f,removed,47180,13573,UNKNOWN
44b6_2a2eff9f,removed,47182,26225,UNKNOWN
44b6_2a2eff9f,removed,47184,8135,UNKNOWN
44b6_2a2eff9f,removed,47186,29520,UNKNOWN
44b6_2a2eff9f,removed,47188,20329,UNKNOWN
44b6_2a2eff9f,removed,47190,43573,UNKNOWN
44b6_2a2eff9f,removed,47192,26803,UNKNOWN
44b6_2a2eff9f,removed,47194,39421,UNKNOWN
44b6_2a2eff9f,removed,47196,13929,UNKNOWN
44b6_2a2eff9f,removed,47198,34194,UNKNOWN
44b6_2a2eff9f,removed,47200,7064,UNKNOWN
44b6_2a2eff9f,removed,47202,38752,UNKNOWN
44b6_2a2eff9f,removed,47204,28737,UNKNOWN
44b6_2a2eff9f,removed,47206,29056,UNKNOWN
44b6_2a2eff9f,removed,47208,31631,UNKNOWN
44b6_2a2eff9f,removed,47210,21419,UNKNOWN
44b6_2a2eff9f,removed,47212,11046,UNKNOWN
44b6_2a2eff9f,removed,47214,39823,UNKNOWN
44b6_2a2eff9f,removed,47216,19145,UNKNOWN
44b6_2a2eff9f,removed,47218,14550,UNKNOWN
44b6_2a2eff9f,removed,47220,25716,UNKNOWN
44b6_2a2eff9f,removed,47222,40690,UNKNOWN
44b6_2a2eff9f,removed,47224,32444,UNKNOWN
44b6_2a2eff9f,removed,47226,35855,UNKNOWN
44b6_2a2eff9f,removed,47228,41596,UNKNOWN
44b6_2a2eff9f,removed,47230,27331,UNKNOWN
44b6_2a2eff9f,removed,47232,36466,UNKNOWN
44b6_2a2eff9f,removed,47234,35106,UNKNOWN
44b6_2a2eff9f,removed,47236,3884,UNKNOWN
44b6_2a2eff9f,removed,47238,5411,UNKNOWN
44b6_2a2eff9f,removed,47240,27702,UNKNOWN
44b6_2a2eff9f,removed,47242,17750,UNKNOWN
44b6_2a2eff9f,removed,47244,18439,UNKNOWN
44b6_2a2eff9f,removed,47246,31022,UNKNOWN
44b6_2a2eff9f,removed,47248,21935,UNKNOWN
44b6_2a2eff9f,removed,47250,22804,UNKNOWN
44b6_2a2eff9f,removed,47252,34849,UNKNOWN
44b6_2a2eff9f,removed,47254,8507,UNKNOWN
44b6_2a2eff9f,removed,47256,8932,UNKNOWN
44b6_2a2eff9f,removed,47258,20477,UNKNOWN
44b6_2a2eff9f,removed,47260,23800,UNKNOWN
44b6_2a2eff9f,removed,47262,41210,UNKNOWN
44b6_2a2eff9f,removed,47264,9721,UNKNOWN
44b6_2a2eff9f,removed,47266,11759,UNKNOWN
44b6_2a2eff9f,removed,47268,45105,UNKNOWN
44b6_2a2eff9f,removed,47270,28228,UNKNOWN
44b6_2a2eff9f,removed,47272,32866,UNKNOWN
44b6_2a2eff9f,removed,47274,6239,UNKNOWN
44b6_2a2eff9f,removed,47276,14185,UNKNOWN
44b6_2a2eff9f,removed,47277,47278,UNKNOWN
44b6_2a2eff9f,removed,47278,11398,UNKNOWN
44b6_2a2eff9f,removed,47279,47280,UNKNOWN
44b6_2a2eff9f,removed,47280,25006,UNKNOWN
44b6_2a2eff9f,removed,47281,47282,UNKNOWN
44b6_2a2eff9f,removed,47282,17626,UNKNOWN
44b6_2a2eff9f,added,437,978,UNKNOWN
44b6_2a2eff9f,added,879,1392,UNKNOWN
44b6_2a2eff9f,added,978,1500,UNKNOWN
44b6_2a2eff9f,added,1500,2008,UNKNOWN
44b6_2a2eff9f,added,1545,2034,UNKNOWN
44b6_2a2eff9f,added,2008,2520,UNKNOWN
44b6_2a2eff9f,added,2278,47227,UNKNOWN
44b6_2a2eff9f,added,2520,3047,UNKNOWN
44b6_2a2eff9f,added,2798,47159,UNKNOWN
44b6_2a2eff9f,added,3572,4100,UNKNOWN
44b6_2a2eff9f,added,3573,4113,UNKNOWN
44b6_2a2eff9f,added,3585,4115,UNKNOWN
44b6_2a2eff9f,added,3617,47161,UNKNOWN
44b6_2a2eff9f,added,3852,47229,UNKNOWN
44b6_2a2eff9f,added,4360,4865,UNKNOWN
44b6_2a2eff9f,added,4519,5030,UNKNOWN
44b6_2a2eff9f,added,4640,47267,UNKNOWN
44b6_2a2eff9f,added,4914,5454,UNKNOWN
44b6_2a2eff9f,added,5498,47193,UNKNOWN
44b6_2a2eff9f,added,6249,47145,UNKNOWN
44b6_2a2eff9f,added,6658,47177,UNKNOWN
44b6_2a2eff9f,added,6853,7338,UNKNOWN
44b6_2a2eff9f,added,7057,47245,UNKNOWN
44b6_2a2eff9f,added,7234,7732,UNKNOWN
44b6_2a2eff9f,added,7250,7762,UNKNOWN
44b6_2a2eff9f,added,7375,7866,UNKNOWN
44b6_2a2eff9f,added,7492,47247,UNKNOWN
44b6_2a2eff9f,added,7612,8080,UNKNOWN
44b6_2a2eff9f,added,8175,8652,UNKNOWN
44b6_2a2eff9f,added,8315,47255,UNKNOWN
44b6_2a2eff9f,added,8758,47163,UNKNOWN
44b6_2a2eff9f,added,8869,9327,UNKNOWN
44b6_2a2eff9f,added,9048,9509,UNKNOWN
44b6_2a2eff9f,added,9081,9536,UNKNOWN
44b6_2a2eff9f,added,9327,9807,UNKNOWN
44b6_2a2eff9f,added,9362,9853,UNKNOWN
44b6_2a2eff9f,added,9378,9852,UNKNOWN
44b6_2a2eff9f,added,9409,9908,UNKNOWN
44b6_2a2eff9f,added,9586,47203,UNKNOWN
44b6_2a2eff9f,added,9807,10276,UNKNOWN
44b6_2a2eff9f,added,9902,47271,UNKNOWN
44b6_2a2eff9f,added,10015,10474,UNKNOWN
44b6_2a2eff9f,added,10175,46793,UNKNOWN
44b6_2a2eff9f,added,10227,46794,UNKNOWN
44b6_2a2eff9f,added,10276,46795,UNKNOWN
44b6_2a2eff9f,added,10293,47257,UNKNOWN
44b6_2a2eff9f,added,10396,46796,UNKNOWN
44b6_2a2eff9f,added,10656,11125,UNKNOWN
44b6_2a2eff9f,added,10687,46797,UNKNOWN
44b6_2a2eff9f,added,10732,46798,UNKNOWN
44b6_2a2eff9f,added,10756,11224,UNKNOWN
44b6_2a2eff9f,added,10879,46799,UNKNOWN
44b6_2a2eff9f,added,10884,46800,UNKNOWN
44b6_2a2eff9f,added,11031,46801,UNKNOWN
44b6_2a2eff9f,added,11065,46802,UNKNOWN
44b6_2a2eff9f,added,11085,46803,UNKNOWN
44b6_2a2eff9f,added,11163,46804,UNKNOWN
44b6_2a2eff9f,added,11293,46805,UNKNOWN
44b6_2a2eff9f,added,11328,46806,UNKNOWN
44b6_2a2eff9f,added,11730,46807,UNKNOWN
44b6_2a2eff9f,added,11936,46808,UNKNOWN
44b6_2a2eff9f,added,11943,46809,UNKNOWN
44b6_2a2eff9f,added,12007,46810,UNKNOWN
44b6_2a2eff9f,added,12183,46811,UNKNOWN
44b6_2a2eff9f,added,12198,46812,UNKNOWN
44b6_2a2eff9f,added,12215,47173,UNKNOWN
44b6_2a2eff9f,added,12260,46814,UNKNOWN
44b6_2a2eff9f,added,12319,46815,UNKNOWN
44b6_2a2eff9f,added,12356,46816,UNKNOWN
44b6_2a2eff9f,added,12489,46817,UNKNOWN
44b6_2a2eff9f,added,12510,46818,UNKNOWN
44b6_2a2eff9f,added,12573,47189,UNKNOWN
44b6_2a2eff9f,added,12583,46819,UNKNOWN
44b6_2a2eff9f,added,12606,46820,UNKNOWN
44b6_2a2eff9f,added,12673,46821,UNKNOWN
44b6_2a2eff9f,added,12729,46822,UNKNOWN
44b6_2a2eff9f,added,12785,46823,UNKNOWN
44b6_2a2eff9f,added,12827,46824,UNKNOWN
44b6_2a2eff9f,added,12843,47269,UNKNOWN
44b6_2a2eff9f,added,12886,46825,UNKNOWN
44b6_2a2eff9f,added,13044,46826,UNKNOWN
44b6_2a2eff9f,added,13088,46827,UNKNOWN
44b6_2a2eff9f,added,13196,47209,UNKNOWN
44b6_2a2eff9f,added,13480,46828,UNKNOWN
44b6_2a2eff9f,added,13490,46829,UNKNOWN
44b6_2a2eff9f,added,13618,14070,UNKNOWN
44b6_2a2eff9f,added,13810,47147,UNKNOWN
44b6_2a2eff9f,added,14094,14540,UNKNOWN
44b6_2a2eff9f,added,14288,47127,UNKNOWN
44b6_2a2eff9f,added,14540,15002,UNKNOWN
44b6_2a2eff9f,added,14838,47139,UNKNOWN
44b6_2a2eff9f,added,15002,15464,UNKNOWN
44b6_2a2eff9f,added,15186,15658,UNKNOWN
44b6_2a2eff9f,added,15234,15704,UNKNOWN
44b6_2a2eff9f,added,15370,47165,UNKNOWN
44b6_2a2eff9f,added,15464,15915,UNKNOWN
44b6_2a2eff9f,added,15828,47149,UNKNOWN
44b6_2a2eff9f,added,16233,47275,UNKNOWN
44b6_2a2eff9f,added,16400,47233,UNKNOWN
44b6_2a2eff9f,added,16566,17024,UNKNOWN
44b6_2a2eff9f,added,17104,47235,UNKNOWN
44b6_2a2eff9f,added,17130,46850,UNKNOWN
44b6_2a2eff9f,added,17145,17597,UNKNOWN
44b6_2a2eff9f,added,17148,46851,UNKNOWN
44b6_2a2eff9f,added,17180,46852,UNKNOWN
44b6_2a2eff9f,added,17237,46853,UNKNOWN
44b6_2a2eff9f,added,17295,46854,UNKNOWN
44b6_2a2eff9f,added,17434,47167,UNKNOWN
44b6_2a2eff9f,added,17441,46855,UNKNOWN
44b6_2a2eff9f,added,17754,46856,UNKNOWN
44b6_2a2eff9f,added,17760,46857,UNKNOWN
44b6_2a2eff9f,added,17771,18207,UNKNOWN
44b6_2a2eff9f,added,17793,46858,UNKNOWN
44b6_2a2eff9f,added,17824,47207,UNKNOWN
44b6_2a2eff9f,added,17839,46859,UNKNOWN
44b6_2a2eff9f,added,17841,46860,UNKNOWN
44b6_2a2eff9f,added,17985,46861,UNKNOWN
44b6_2a2eff9f,added,18091,46862,UNKNOWN
44b6_2a2eff9f,added,18167,18583,UNKNOWN
44b6_2a2eff9f,added,18488,46866,UNKNOWN
44b6_2a2eff9f,added,18528,46867,UNKNOWN
44b6_2a2eff9f,added,18557,46868,UNKNOWN
44b6_2a2eff9f,added,18572,46869,UNKNOWN
44b6_2a2eff9f,added,18583,19019,UNKNOWN
44b6_2a2eff9f,added,18593,47141,UNKNOWN
44b6_2a2eff9f,added,18724,46870,UNKNOWN
44b6_2a2eff9f,added,18731,46871,UNKNOWN
44b6_2a2eff9f,added,18843,46872,UNKNOWN
44b6_2a2eff9f,added,18852,19263,UNKNOWN
44b6_2a2eff9f,added,18921,46873,UNKNOWN
44b6_2a2eff9f,added,18922,46874,UNKNOWN
44b6_2a2eff9f,added,19019,19441,UNKNOWN
44b6_2a2eff9f,added,19031,47181,UNKNOWN
44b6_2a2eff9f,added,19181,46875,UNKNOWN
44b6_2a2eff9f,added,19182,46876,UNKNOWN
44b6_2a2eff9f,added,19205,47249,UNKNOWN
44b6_2a2eff9f,added,19226,46877,UNKNOWN
44b6_2a2eff9f,added,19341,46878,UNKNOWN
44b6_2a2eff9f,added,19370,46879,UNKNOWN
44b6_2a2eff9f,added,19402,46880,UNKNOWN
44b6_2a2eff9f,added,19441,19863,UNKNOWN
44b6_2a2eff9f,added,19484,19949,UNKNOWN
44b6_2a2eff9f,added,19561,46881,UNKNOWN
44b6_2a2eff9f,added,19803,46882,UNKNOWN
44b6_2a2eff9f,added,19833,46883,UNKNOWN
44b6_2a2eff9f,added,19887,46884,UNKNOWN
44b6_2a2eff9f,added,19891,46885,UNKNOWN
44b6_2a2eff9f,added,19941,46886,UNKNOWN
44b6_2a2eff9f,added,19990,46887,UNKNOWN
44b6_2a2eff9f,added,20144,47201,UNKNOWN
44b6_2a2eff9f,added,20204,46888,UNKNOWN
44b6_2a2eff9f,added,20233,20639,UNKNOWN
44b6_2a2eff9f,added,20361,46889,UNKNOWN
44b6_2a2eff9f,added,20368,46890,UNKNOWN
44b6_2a2eff9f,added,20375,46891,UNKNOWN
44b6_2a2eff9f,added,20518,46892,UNKNOWN
44b6_2a2eff9f,added,20572,46894,UNKNOWN
44b6_2a2eff9f,added,20633,47239,UNKNOWN
44b6_2a2eff9f,added,20639,21070,UNKNOWN
44b6_2a2eff9f,added,20826,47129,UNKNOWN
44b6_2a2eff9f,added,20984,21415,UNKNOWN
44b6_2a2eff9f,added,21030,46895,UNKNOWN
44b6_2a2eff9f,added,21070,21511,UNKNOWN
44b6_2a2eff9f,added,21085,46896,UNKNOWN
44b6_2a2eff9f,added,21155,21582,UNKNOWN
44b6_2a2eff9f,added,21247,46897,UNKNOWN
44b6_2a2eff9f,added,21305,46898,UNKNOWN
44b6_2a2eff9f,added,21346,46899,UNKNOWN
44b6_2a2eff9f,added,21415,21840,UNKNOWN
44b6_2a2eff9f,added,21493,47241,UNKNOWN
44b6_2a2eff9f,added,21511,21945,UNKNOWN
44b6_2a2eff9f,added,21660,22070,UNKNOWN
44b6_2a2eff9f,added,21748,46901,UNKNOWN
44b6_2a2eff9f,added,21802,46902,UNKNOWN
44b6_2a2eff9f,added,21840,22271,UNKNOWN
44b6_2a2eff9f,added,21916,46903,UNKNOWN
44b6_2a2eff9f,added,21945,22356,UNKNOWN
44b6_2a2eff9f,added,21961,46905,UNKNOWN
44b6_2a2eff9f,added,22036,46906,UNKNOWN
44b6_2a2eff9f,added,22064,46907,UNKNOWN
44b6_2a2eff9f,added,22111,22538,UNKNOWN
44b6_2a2eff9f,added,22145,46908,UNKNOWN
44b6_2a2eff9f,added,22168,46909,UNKNOWN
44b6_2a2eff9f,added,22178,22605,UNKNOWN
44b6_2a2eff9f,added,22188,22614,UNKNOWN
44b6_2a2eff9f,added,22244,22682,UNKNOWN
44b6_2a2eff9f,added,22271,22715,UNKNOWN
44b6_2a2eff9f,added,22313,22769,UNKNOWN
44b6_2a2eff9f,added,22389,22841,UNKNOWN
44b6_2a2eff9f,added,22400,22861,UNKNOWN
44b6_2a2eff9f,added,22482,47251,UNKNOWN
44b6_2a2eff9f,added,22818,23266,UNKNOWN
44b6_2a2eff9f,added,22891,23312,UNKNOWN
44b6_2a2eff9f,added,23191,23590,UNKNOWN
44b6_2a2eff9f,added,23231,23617,UNKNOWN
44b6_2a2eff9f,added,23233,23642,UNKNOWN
44b6_2a2eff9f,added,23752,47273,UNKNOWN
44b6_2a2eff9f,added,23982,47131,UNKNOWN
44b6_2a2eff9f,added,24355,46925,UNKNOWN
44b6_2a2eff9f,added,24499,47211,UNKNOWN
44b6_2a2eff9f,added,24578,24974,UNKNOWN
44b6_2a2eff9f,added,24736,25131,UNKNOWN
44b6_2a2eff9f,added,24837,25243,UNKNOWN
44b6_2a2eff9f,added,24838,46930,UNKNOWN
44b6_2a2eff9f,added,25009,47175,UNKNOWN
44b6_2a2eff9f,added,25189,47151,UNKNOWN
44b6_2a2eff9f,added,25417,25833,UNKNOWN
44b6_2a2eff9f,added,25533,25927,UNKNOWN
44b6_2a2eff9f,added,25566,47185,UNKNOWN
44b6_2a2eff9f,added,25682,46937,UNKNOWN
44b6_2a2eff9f,added,25803,46938,UNKNOWN
44b6_2a2eff9f,added,25833,26242,UNKNOWN
44b6_2a2eff9f,added,25898,46939,UNKNOWN
44b6_2a2eff9f,added,25927,26333,UNKNOWN
44b6_2a2eff9f,added,25929,26346,UNKNOWN
44b6_2a2eff9f,added,25950,46940,UNKNOWN
44b6_2a2eff9f,added,26062,47221,UNKNOWN
44b6_2a2eff9f,added,26066,46941,UNKNOWN
44b6_2a2eff9f,added,26162,46942,UNKNOWN
44b6_2a2eff9f,added,26182,46943,UNKNOWN
44b6_2a2eff9f,added,26283,46944,UNKNOWN
44b6_2a2eff9f,added,26333,26766,UNKNOWN
44b6_2a2eff9f,added,26363,47231,UNKNOWN
44b6_2a2eff9f,added,26416,46945,UNKNOWN
44b6_2a2eff9f,added,26429,46946,UNKNOWN
44b6_2a2eff9f,added,26704,46949,UNKNOWN
44b6_2a2eff9f,added,26766,27221,UNKNOWN
44b6_2a2eff9f,added,26834,46950,UNKNOWN
44b6_2a2eff9f,added,26882,46951,UNKNOWN
44b6_2a2eff9f,added,26912,47263,UNKNOWN
44b6_2a2eff9f,added,26972,46952,UNKNOWN
44b6_2a2eff9f,added,26981,46953,UNKNOWN
44b6_2a2eff9f,added,27048,46954,UNKNOWN
44b6_2a2eff9f,added,27056,46955,UNKNOWN
44b6_2a2eff9f,added,27080,46956,UNKNOWN
44b6_2a2eff9f,added,27221,47259,UNKNOWN
44b6_2a2eff9f,added,27339,27794,UNKNOWN
44b6_2a2eff9f,added,27360,27813,UNKNOWN
44b6_2a2eff9f,added,27391,27818,UNKNOWN
44b6_2a2eff9f,added,27458,46957,UNKNOWN
44b6_2a2eff9f,added,27499,46958,UNKNOWN
44b6_2a2eff9f,added,27523,46959,UNKNOWN
44b6_2a2eff9f,added,27575,46960,UNKNOWN
44b6_2a2eff9f,added,27621,28078,UNKNOWN
44b6_2a2eff9f,added,27649,28093,UNKNOWN
44b6_2a2eff9f,added,27710,46961,UNKNOWN
44b6_2a2eff9f,added,27727,47197,UNKNOWN
44b6_2a2eff9f,added,27802,46962,UNKNOWN
44b6_2a2eff9f,added,27906,46963,UNKNOWN
44b6_2a2eff9f,added,27913,46964,UNKNOWN
44b6_2a2eff9f,added,27934,46965,UNKNOWN
44b6_2a2eff9f,added,28080,46967,UNKNOWN
44b6_2a2eff9f,added,28144,47179,UNKNOWN
44b6_2a2eff9f,added,28242,46969,UNKNOWN
44b6_2a2eff9f,added,28327,28765,UNKNOWN
44b6_2a2eff9f,added,28498,47157,UNKNOWN
44b6_2a2eff9f,added,28543,28994,UNKNOWN
44b6_2a2eff9f,added,28581,46970,UNKNOWN
44b6_2a2eff9f,added,28748,46971,UNKNOWN
44b6_2a2eff9f,added,28765,29227,UNKNOWN
44b6_2a2eff9f,added,28931,46972,UNKNOWN
44b6_2a2eff9f,added,28994,29483,UNKNOWN
44b6_2a2eff9f,added,29074,46973,UNKNOWN
44b6_2a2eff9f,added,29127,47133,UNKNOWN
44b6_2a2eff9f,added,29171,29643,UNKNOWN
44b6_2a2eff9f,added,29227,29697,UNKNOWN
44b6_2a2eff9f,added,29482,46977,UNKNOWN
44b6_2a2eff9f,added,29483,29956,UNKNOWN
44b6_2a2eff9f,added,29505,46978,UNKNOWN
44b6_2a2eff9f,added,29530,46979,UNKNOWN
44b6_2a2eff9f,added,29565,30026,UNKNOWN
44b6_2a2eff9f,added,29569,30025,UNKNOWN
44b6_2a2eff9f,added,29607,47237,UNKNOWN
44b6_2a2eff9f,added,29671,46982,UNKNOWN
44b6_2a2eff9f,added,29697,30161,UNKNOWN
44b6_2a2eff9f,added,29946,46983,UNKNOWN
44b6_2a2eff9f,added,29956,30418,UNKNOWN
44b6_2a2eff9f,added,30077,46984,UNKNOWN
44b6_2a2eff9f,added,30112,30588,UNKNOWN
44b6_2a2eff9f,added,30235,47199,UNKNOWN
44b6_2a2eff9f,added,30276,46985,UNKNOWN
44b6_2a2eff9f,added,30395,47169,UNKNOWN
44b6_2a2eff9f,added,30482,46986,UNKNOWN
44b6_2a2eff9f,added,30612,46987,UNKNOWN
44b6_2a2eff9f,added,30699,31175,UNKNOWN
44b6_2a2eff9f,added,30806,46988,UNKNOWN
44b6_2a2eff9f,added,30814,46989,UNKNOWN
44b6_2a2eff9f,added,30948,46990,UNKNOWN
44b6_2a2eff9f,added,31018,46992,UNKNOWN
44b6_2a2eff9f,added,31076,47215,UNKNOWN
44b6_2a2eff9f,added,31136,46993,UNKNOWN
44b6_2a2eff9f,added,31187,46994,UNKNOWN
44b6_2a2eff9f,added,31194,31646,UNKNOWN
44b6_2a2eff9f,added,31262,31700,UNKNOWN
44b6_2a2eff9f,added,31308,46995,UNKNOWN
44b6_2a2eff9f,added,31360,46996,UNKNOWN
44b6_2a2eff9f,added,31435,46997,UNKNOWN
44b6_2a2eff9f,added,31493,47265,UNKNOWN
44b6_2a2eff9f,added,31518,46998,UNKNOWN
44b6_2a2eff9f,added,31521,46999,UNKNOWN
44b6_2a2eff9f,added,31662,47000,UNKNOWN
44b6_2a2eff9f,added,31799,47153,UNKNOWN
44b6_2a2eff9f,added,31958,47001,UNKNOWN
44b6_2a2eff9f,added,32041,47002,UNKNOWN
44b6_2a2eff9f,added,32631,33114,UNKNOWN
44b6_2a2eff9f,added,32672,47003,UNKNOWN
44b6_2a2eff9f,added,32768,47191,UNKNOWN
44b6_2a2eff9f,added,32911,47004,UNKNOWN
44b6_2a2eff9f,added,32989,47005,UNKNOWN
44b6_2a2eff9f,added,33067,33526,UNKNOWN
44b6_2a2eff9f,added,33170,47006,UNKNOWN
44b6_2a2eff9f,added,33204,33650,UNKNOWN
44b6_2a2eff9f,added,33407,33872,UNKNOWN
44b6_2a2eff9f,added,33448,33903,UNKNOWN
44b6_2a2eff9f,added,33452,47007,UNKNOWN
44b6_2a2eff9f,added,33467,47243,UNKNOWN
44b6_2a2eff9f,added,33574,34025,UNKNOWN
44b6_2a2eff9f,added,33633,47008,UNKNOWN
44b6_2a2eff9f,added,33742,47225,UNKNOWN
44b6_2a2eff9f,added,33749,47009,UNKNOWN
44b6_2a2eff9f,added,33842,34307,UNKNOWN
44b6_2a2eff9f,added,33844,47010,UNKNOWN
44b6_2a2eff9f,added,33859,47011,UNKNOWN
44b6_2a2eff9f,added,33863,47012,UNKNOWN
44b6_2a2eff9f,added,33909,47014,UNKNOWN
44b6_2a2eff9f,added,33934,47015,UNKNOWN
44b6_2a2eff9f,added,33968,47017,UNKNOWN
44b6_2a2eff9f,added,33988,47018,UNKNOWN
44b6_2a2eff9f,added,33998,47019,UNKNOWN
44b6_2a2eff9f,added,34010,47020,UNKNOWN
44b6_2a2eff9f,added,34058,47022,UNKNOWN
44b6_2a2eff9f,added,34096,47023,UNKNOWN
44b6_2a2eff9f,added,34211,47024,UNKNOWN
44b6_2a2eff9f,added,34212,47025,UNKNOWN
44b6_2a2eff9f,added,34216,47026,UNKNOWN
44b6_2a2eff9f,added,34286,47027,UNKNOWN
44b6_2a2eff9f,added,34510,47217,UNKNOWN
44b6_2a2eff9f,added,34638,47028,UNKNOWN
44b6_2a2eff9f,added,34714,47029,UNKNOWN
44b6_2a2eff9f,added,34736,47030,UNKNOWN
44b6_2a2eff9f,added,34802,47031,UNKNOWN
44b6_2a2eff9f,added,34818,47032,UNKNOWN
44b6_2a2eff9f,added,34830,47033,UNKNOWN
44b6_2a2eff9f,added,34850,47034,UNKNOWN
44b6_2a2eff9f,added,34877,47035,UNKNOWN
44b6_2a2eff9f,added,34908,47036,UNKNOWN
44b6_2a2eff9f,added,34924,47037,UNKNOWN
44b6_2a2eff9f,added,35072,47038,UNKNOWN
44b6_2a2eff9f,added,35080,47039,UNKNOWN
44b6_2a2eff9f,added,35138,47223,UNKNOWN
44b6_2a2eff9f,added,35260,35689,UNKNOWN
44b6_2a2eff9f,added,35270,35715,UNKNOWN
44b6_2a2eff9f,added,35341,47040,UNKNOWN
44b6_2a2eff9f,added,35441,35925,UNKNOWN
44b6_2a2eff9f,added,35443,47041,UNKNOWN
44b6_2a2eff9f,added,35470,35893,UNKNOWN
44b6_2a2eff9f,added,35518,47042,UNKNOWN
44b6_2a2eff9f,added,35611,47043,UNKNOWN
44b6_2a2eff9f,added,35644,47171,UNKNOWN
44b6_2a2eff9f,added,35667,47044,UNKNOWN
44b6_2a2eff9f,added,35737,47046,UNKNOWN
44b6_2a2eff9f,added,35872,47047,UNKNOWN
44b6_2a2eff9f,added,35943,47049,UNKNOWN
44b6_2a2eff9f,added,35996,47050,UNKNOWN
44b6_2a2eff9f,added,36158,47051,UNKNOWN
44b6_2a2eff9f,added,36516,37011,UNKNOWN
44b6_2a2eff9f,added,36529,47052,UNKNOWN
44b6_2a2eff9f,added,36562,47053,UNKNOWN
44b6_2a2eff9f,added,36576,47054,UNKNOWN
44b6_2a2eff9f,added,36626,37136,UNKNOWN
44b6_2a2eff9f,added,36881,37371,UNKNOWN
44b6_2a2eff9f,added,37138,47055,UNKNOWN
44b6_2a2eff9f,added,37161,37649,UNKNOWN
44b6_2a2eff9f,added,37177,47056,UNKNOWN
44b6_2a2eff9f,added,37193,47057,UNKNOWN
44b6_2a2eff9f,added,37219,37704,UNKNOWN
44b6_2a2eff9f,added,37247,47058,UNKNOWN
44b6_2a2eff9f,added,37251,47155,UNKNOWN
44b6_2a2eff9f,added,37392,47195,UNKNOWN
44b6_2a2eff9f,added,37674,47059,UNKNOWN
44b6_2a2eff9f,added,37713,47060,UNKNOWN
44b6_2a2eff9f,added,37737,47061,UNKNOWN
44b6_2a2eff9f,added,37800,47063,UNKNOWN
44b6_2a2eff9f,added,37898,47064,UNKNOWN
44b6_2a2eff9f,added,37966,47065,UNKNOWN
44b6_2a2eff9f,added,38102,47187,UNKNOWN
44b6_2a2eff9f,added,38187,47066,UNKNOWN
44b6_2a2eff9f,added,38262,47067,UNKNOWN
44b6_2a2eff9f,added,38292,47068,UNKNOWN
44b6_2a2eff9f,added,38316,47069,UNKNOWN
44b6_2a2eff9f,added,38322,47070,UNKNOWN
44b6_2a2eff9f,added,38419,47071,UNKNOWN
44b6_2a2eff9f,added,38502,47205,UNKNOWN
44b6_2a2eff9f,added,38542,47074,UNKNOWN
44b6_2a2eff9f,added,38679,47075,UNKNOWN
44b6_2a2eff9f,added,38722,47076,UNKNOWN
44b6_2a2eff9f,added,38765,47077,UNKNOWN
44b6_2a2eff9f,added,38838,47078,UNKNOWN
44b6_2a2eff9f,added,38865,47079,UNKNOWN
44b6_2a2eff9f,added,38880,47080,UNKNOWN
44b6_2a2eff9f,added,39034,47081,UNKNOWN
44b6_2a2eff9f,added,39119,47082,UNKNOWN
44b6_2a2eff9f,added,39198,47083,UNKNOWN
44b6_2a2eff9f,added,39214,47084,UNKNOWN
44b6_2a2eff9f,added,39273,47213,UNKNOWN
44b6_2a2eff9f,added,39428,47085,UNKNOWN
44b6_2a2eff9f,added,39593,40067,UNKNOWN
44b6_2a2eff9f,added,39636,47086,UNKNOWN
44b6_2a2eff9f,added,39654,40139,UNKNOWN
44b6_2a2eff9f,added,39734,47253,UNKNOWN
44b6_2a2eff9f,added,39950,47087,UNKNOWN
44b6_2a2eff9f,added,40102,47088,UNKNOWN
44b6_2a2eff9f,added,40109,47089,UNKNOWN
44b6_2a2eff9f,added,40186,47219,UNKNOWN
44b6_2a2eff9f,added,40285,47090,UNKNOWN
44b6_2a2eff9f,added,40730,47092,UNKNOWN
44b6_2a2eff9f,added,40848,47093,UNKNOWN
44b6_2a2eff9f,added,40894,47094,UNKNOWN
44b6_2a2eff9f,added,40902,41370,UNKNOWN
44b6_2a2eff9f,added,40938,47135,UNKNOWN
44b6_2a2eff9f,added,41121,47095,UNKNOWN
44b6_2a2eff9f,added,41279,47096,UNKNOWN
44b6_2a2eff9f,added,41302,47097,UNKNOWN
44b6_2a2eff9f,added,41418,47143,UNKNOWN
44b6_2a2eff9f,added,41604,47098,UNKNOWN
44b6_2a2eff9f,added,41787,47099,UNKNOWN
44b6_2a2eff9f,added,41831,47100,UNKNOWN
44b6_2a2eff9f,added,41857,47101,UNKNOWN
44b6_2a2eff9f,added,41859,47102,UNKNOWN
44b6_2a2eff9f,added,41865,47103,UNKNOWN
44b6_2a2eff9f,added,42049,47104,UNKNOWN
44b6_2a2eff9f,added,42162,47183,UNKNOWN
44b6_2a2eff9f,added,42167,47105,UNKNOWN
44b6_2a2eff9f,added,42169,47106,UNKNOWN
44b6_2a2eff9f,added,42219,47107,UNKNOWN
44b6_2a2eff9f,added,42236,47108,UNKNOWN
44b6_2a2eff9f,added,42340,47110,UNKNOWN
44b6_2a2eff9f,added,42466,42940,UNKNOWN
44b6_2a2eff9f,added,42551,47111,UNKNOWN
44b6_2a2eff9f,added,42581,47112,UNKNOWN
44b6_2a2eff9f,added,42617,47113,UNKNOWN
44b6_2a2eff9f,added,42652,47114,UNKNOWN
44b6_2a2eff9f,added,42653,47137,UNKNOWN
44b6_2a2eff9f,added,42697,47115,UNKNOWN
44b6_2a2eff9f,added,42769,47116,UNKNOWN
44b6_2a2eff9f,added,42864,47117,UNKNOWN
44b6_2a2eff9f,added,42928,47118,UNKNOWN
44b6_2a2eff9f,added,42961,47119,UNKNOWN
44b6_2a2eff9f,added,42986,47120,UNKNOWN
44b6_2a2eff9f,added,43359,43844,UNKNOWN
44b6_2a2eff9f,added,43603,47121,UNKNOWN
44b6_2a2eff9f,added,43665,47261,UNKNOWN
44b6_2a2eff9f,added,43684,47122,UNKNOWN
44b6_2a2eff9f,added,43760,44238,UNKNOWN
44b6_2a2eff9f,added,43844,44330,UNKNOWN
44b6_2a2eff9f,added,43924,47123,UNKNOWN
44b6_2a2eff9f,added,44176,47124,UNKNOWN
44b6_2a2eff9f,added,44280,47125,UNKNOWN
44b6_2a2eff9f,added,44324,47126,UNKNOWN
44b6_2a2eff9f,added,44330,44804,UNKNOWN
44b6_2a2eff9f,added,44804,45269,UNKNOWN
44b6_2a2eff9f,added,46733,5048,UNKNOWN
44b6_2a2eff9f,added,46755,7362,UNKNOWN
44b6_2a2eff9f,added,46761,7879,UNKNOWN
44b6_2a2eff9f,added,46793,11150,UNKNOWN
44b6_2a2eff9f,added,46794,11249,UNKNOWN
44b6_2a2eff9f,added,46795,11253,UNKNOWN
44b6_2a2eff9f,added,46796,11373,UNKNOWN
44b6_2a2eff9f,added,46797,11624,UNKNOWN
44b6_2a2eff9f,added,46798,11679,UNKNOWN
44b6_2a2eff9f,added,46799,11832,UNKNOWN
44b6_2a2eff9f,added,46800,11839,UNKNOWN
44b6_2a2eff9f,added,46801,11964,UNKNOWN
44b6_2a2eff9f,added,46802,12018,UNKNOWN
44b6_2a2eff9f,added,46803,12021,UNKNOWN
44b6_2a2eff9f,added,46804,12086,UNKNOWN
44b6_2a2eff9f,added,46805,12262,UNKNOWN
44b6_2a2eff9f,added,46806,12295,UNKNOWN
44b6_2a2eff9f,added,46807,12682,UNKNOWN
44b6_2a2eff9f,added,46808,12853,UNKNOWN
44b6_2a2eff9f,added,46809,12857,UNKNOWN
44b6_2a2eff9f,added,46810,12924,UNKNOWN
44b6_2a2eff9f,added,46811,13093,UNKNOWN
44b6_2a2eff9f,added,46812,13130,UNKNOWN
44b6_2a2eff9f,added,46814,13177,UNKNOWN
44b6_2a2eff9f,added,46815,13239,UNKNOWN
44b6_2a2eff9f,added,46816,13251,UNKNOWN
44b6_2a2eff9f,added,46817,13421,UNKNOWN
44b6_2a2eff9f,added,46818,13404,UNKNOWN
44b6_2a2eff9f,added,46819,13467,UNKNOWN
44b6_2a2eff9f,added,46820,13474,UNKNOWN
44b6_2a2eff9f,added,46821,13566,UNKNOWN
44b6_2a2eff9f,added,46822,13608,UNKNOWN
44b6_2a2eff9f,added,46823,13674,UNKNOWN
44b6_2a2eff9f,added,46824,13718,UNKNOWN
44b6_2a2eff9f,added,46825,13769,UNKNOWN
44b6_2a2eff9f,added,46826,13950,UNKNOWN
44b6_2a2eff9f,added,46827,13982,UNKNOWN
44b6_2a2eff9f,added,46828,14412,UNKNOWN
44b6_2a2eff9f,added,46829,14422,UNKNOWN
44b6_2a2eff9f,added,46850,18037,UNKNOWN
44b6_2a2eff9f,added,46851,18070,UNKNOWN
44b6_2a2eff9f,added,46852,18098,UNKNOWN
44b6_2a2eff9f,added,46853,18140,UNKNOWN
44b6_2a2eff9f,added,46854,18195,UNKNOWN
44b6_2a2eff9f,added,46855,18320,UNKNOWN
44b6_2a2eff9f,added,46856,18666,UNKNOWN
44b6_2a2eff9f,added,46857,18654,UNKNOWN
44b6_2a2eff9f,added,46858,18676,UNKNOWN
44b6_2a2eff9f,added,46859,18708,UNKNOWN
44b6_2a2eff9f,added,46860,18711,UNKNOWN
44b6_2a2eff9f,added,46861,18857,UNKNOWN
44b6_2a2eff9f,added,46862,18950,UNKNOWN
44b6_2a2eff9f,added,46866,19363,UNKNOWN
44b6_2a2eff9f,added,46867,19407,UNKNOWN
44b6_2a2eff9f,added,46868,19423,UNKNOWN
44b6_2a2eff9f,added,46869,19453,UNKNOWN
44b6_2a2eff9f,added,46870,19569,UNKNOWN
44b6_2a2eff9f,added,46871,19589,UNKNOWN
44b6_2a2eff9f,added,46872,19699,UNKNOWN
44b6_2a2eff9f,added,46873,19771,UNKNOWN
44b6_2a2eff9f,added,46874,19754,UNKNOWN
44b6_2a2eff9f,added,46875,20048,UNKNOWN
44b6_2a2eff9f,added,46876,20020,UNKNOWN
44b6_2a2eff9f,added,46877,20091,UNKNOWN
44b6_2a2eff9f,added,46878,20210,UNKNOWN
44b6_2a2eff9f,added,46879,20226,UNKNOWN
44b6_2a2eff9f,added,46880,20276,UNKNOWN
44b6_2a2eff9f,added,46881,20392,UNKNOWN
44b6_2a2eff9f,added,46882,20655,UNKNOWN
44b6_2a2eff9f,added,46883,20689,UNKNOWN
44b6_2a2eff9f,added,46884,20725,UNKNOWN
44b6_2a2eff9f,added,46885,20751,UNKNOWN
44b6_2a2eff9f,added,46886,20798,UNKNOWN
44b6_2a2eff9f,added,46887,20835,UNKNOWN
44b6_2a2eff9f,added,46888,21028,UNKNOWN
44b6_2a2eff9f,added,46889,21205,UNKNOWN
44b6_2a2eff9f,added,46890,21199,UNKNOWN
44b6_2a2eff9f,added,46891,21212,UNKNOWN
44b6_2a2eff9f,added,46892,21357,UNKNOWN
44b6_2a2eff9f,added,46894,21416,UNKNOWN
44b6_2a2eff9f,added,46895,21882,UNKNOWN
44b6_2a2eff9f,added,46896,21959,UNKNOWN
44b6_2a2eff9f,added,46897,22107,UNKNOWN
44b6_2a2eff9f,added,46898,22151,UNKNOWN
44b6_2a2eff9f,added,46899,22201,UNKNOWN
44b6_2a2eff9f,added,46901,22615,UNKNOWN
44b6_2a2eff9f,added,46902,22664,UNKNOWN
44b6_2a2eff9f,added,46903,22797,UNKNOWN
44b6_2a2eff9f,added,46905,22853,UNKNOWN
44b6_2a2eff9f,added,46906,22945,UNKNOWN
44b6_2a2eff9f,added,46907,22989,UNKNOWN
44b6_2a2eff9f,added,46908,23094,UNKNOWN
44b6_2a2eff9f,added,46909,23066,UNKNOWN
44b6_2a2eff9f,added,46925,25165,UNKNOWN
44b6_2a2eff9f,added,46937,26487,UNKNOWN
44b6_2a2eff9f,added,46938,26638,UNKNOWN
44b6_2a2eff9f,added,46939,26745,UNKNOWN
44b6_2a2eff9f,added,46940,26788,UNKNOWN
44b6_2a2eff9f,added,46941,26898,UNKNOWN
44b6_2a2eff9f,added,46942,27000,UNKNOWN
44b6_2a2eff9f,added,46943,27039,UNKNOWN
44b6_2a2eff9f,added,46944,27166,UNKNOWN
44b6_2a2eff9f,added,46945,27288,UNKNOWN
44b6_2a2eff9f,added,46946,27304,UNKNOWN
44b6_2a2eff9f,added,46949,27591,UNKNOWN
44b6_2a2eff9f,added,46950,27721,UNKNOWN
44b6_2a2eff9f,added,46951,27770,UNKNOWN
44b6_2a2eff9f,added,46952,27856,UNKNOWN
44b6_2a2eff9f,added,46953,27869,UNKNOWN
44b6_2a2eff9f,added,46954,27940,UNKNOWN
44b6_2a2eff9f,added,46955,27978,UNKNOWN
44b6_2a2eff9f,added,46956,27980,UNKNOWN
44b6_2a2eff9f,added,46957,28347,UNKNOWN
44b6_2a2eff9f,added,46958,28398,UNKNOWN
44b6_2a2eff9f,added,46959,28428,UNKNOWN
44b6_2a2eff9f,added,46960,28465,UNKNOWN
44b6_2a2eff9f,added,46961,28582,UNKNOWN
44b6_2a2eff9f,added,46962,28680,UNKNOWN
44b6_2a2eff9f,added,46963,28804,UNKNOWN
44b6_2a2eff9f,added,46964,28790,UNKNOWN
44b6_2a2eff9f,added,46965,28834,UNKNOWN
44b6_2a2eff9f,added,46967,28963,UNKNOWN
44b6_2a2eff9f,added,46969,29172,UNKNOWN
44b6_2a2eff9f,added,46970,29532,UNKNOWN
44b6_2a2eff9f,added,46971,29689,UNKNOWN
44b6_2a2eff9f,added,46972,29900,UNKNOWN
44b6_2a2eff9f,added,46973,30032,UNKNOWN
44b6_2a2eff9f,added,46977,30402,UNKNOWN
44b6_2a2eff9f,added,46978,30447,UNKNOWN
44b6_2a2eff9f,added,46979,30510,UNKNOWN
44b6_2a2eff9f,added,46982,30604,UNKNOWN
44b6_2a2eff9f,added,46983,30886,UNKNOWN
44b6_2a2eff9f,added,46984,31020,UNKNOWN
44b6_2a2eff9f,added,46985,31233,UNKNOWN
44b6_2a2eff9f,added,46986,31387,UNKNOWN
44b6_2a2eff9f,added,46987,31566,UNKNOWN
44b6_2a2eff9f,added,46988,31724,UNKNOWN
44b6_2a2eff9f,added,46989,31719,UNKNOWN
44b6_2a2eff9f,added,46990,31842,UNKNOWN
44b6_2a2eff9f,added,46992,31927,UNKNOWN
44b6_2a2eff9f,added,46993,32056,UNKNOWN
44b6_2a2eff9f,added,46994,32077,UNKNOWN
44b6_2a2eff9f,added,46995,32228,UNKNOWN
44b6_2a2eff9f,added,46996,32262,UNKNOWN
44b6_2a2eff9f,added,46997,32334,UNKNOWN
44b6_2a2eff9f,added,46998,32416,UNKNOWN
44b6_2a2eff9f,added,46999,32435,UNKNOWN
44b6_2a2eff9f,added,47000,32580,UNKNOWN
44b6_2a2eff9f,added,47001,32891,UNKNOWN
44b6_2a2eff9f,added,47002,32984,UNKNOWN
44b6_2a2eff9f,added,47003,33632,UNKNOWN
44b6_2a2eff9f,added,47004,33846,UNKNOWN
44b6_2a2eff9f,added,47005,33907,UNKNOWN
44b6_2a2eff9f,added,47006,34122,UNKNOWN
44b6_2a2eff9f,added,47007,34366,UNKNOWN
44b6_2a2eff9f,added,47008,34548,UNKNOWN
44b6_2a2eff9f,added,47009,34661,UNKNOWN
44b6_2a2eff9f,added,47010,34742,UNKNOWN
44b6_2a2eff9f,added,47011,34765,UNKNOWN
44b6_2a2eff9f,added,47012,34738,UNKNOWN
44b6_2a2eff9f,added,47014,34826,UNKNOWN
44b6_2a2eff9f,added,47015,34820,UNKNOWN
44b6_2a2eff9f,added,47017,34855,UNKNOWN
44b6_2a2eff9f,added,47018,34899,UNKNOWN
44b6_2a2eff9f,added,47019,34921,UNKNOWN
44b6_2a2eff9f,added,47020,34886,UNKNOWN
44b6_2a2eff9f,added,47022,34938,UNKNOWN
44b6_2a2eff9f,added,47023,34984,UNKNOWN
44b6_2a2eff9f,added,47024,35098,UNKNOWN
44b6_2a2eff9f,added,47025,35101,UNKNOWN
44b6_2a2eff9f,added,47026,35140,UNKNOWN
44b6_2a2eff9f,added,47027,35163,UNKNOWN
44b6_2a2eff9f,added,47028,35530,UNKNOWN
44b6_2a2eff9f,added,47029,35596,UNKNOWN
44b6_2a2eff9f,added,47030,35622,UNKNOWN
44b6_2a2eff9f,added,47031,35691,UNKNOWN
44b6_2a2eff9f,added,47032,35720,UNKNOWN
44b6_2a2eff9f,added,47033,35745,UNKNOWN
44b6_2a2eff9f,added,47034,35763,UNKNOWN
44b6_2a2eff9f,added,47035,35769,UNKNOWN
44b6_2a2eff9f,added,47036,35809,UNKNOWN
44b6_2a2eff9f,added,47037,35838,UNKNOWN
44b6_2a2eff9f,added,47038,35958,UNKNOWN
44b6_2a2eff9f,added,47039,35965,UNKNOWN
44b6_2a2eff9f,added,47040,36219,UNKNOWN
44b6_2a2eff9f,added,47041,36333,UNKNOWN
44b6_2a2eff9f,added,47042,36439,UNKNOWN
44b6_2a2eff9f,added,47043,36568,UNKNOWN
44b6_2a2eff9f,added,47044,36586,UNKNOWN
44b6_2a2eff9f,added,47046,36639,UNKNOWN
44b6_2a2eff9f,added,47047,36810,UNKNOWN
44b6_2a2eff9f,added,47049,36898,UNKNOWN
44b6_2a2eff9f,added,47050,36985,UNKNOWN
44b6_2a2eff9f,added,47051,37147,UNKNOWN
44b6_2a2eff9f,added,47052,37526,UNKNOWN
44b6_2a2eff9f,added,47053,37546,UNKNOWN
44b6_2a2eff9f,added,47054,37561,UNKNOWN
44b6_2a2eff9f,added,47055,38074,UNKNOWN
44b6_2a2eff9f,added,47056,38117,UNKNOWN
44b6_2a2eff9f,added,47057,38139,UNKNOWN
44b6_2a2eff9f,added,47058,38174,UNKNOWN
44b6_2a2eff9f,added,47059,38582,UNKNOWN
44b6_2a2eff9f,added,47060,38626,UNKNOWN
44b6_2a2eff9f,added,47061,38658,UNKNOWN
44b6_2a2eff9f,added,47063,38725,UNKNOWN
44b6_2a2eff9f,added,47064,38793,UNKNOWN
44b6_2a2eff9f,added,47065,38874,UNKNOWN
44b6_2a2eff9f,added,47066,39054,UNKNOWN
44b6_2a2eff9f,added,47067,39159,UNKNOWN
44b6_2a2eff9f,added,47068,39187,UNKNOWN
44b6_2a2eff9f,added,47069,39211,UNKNOWN
44b6_2a2eff9f,added,47070,39220,UNKNOWN
44b6_2a2eff9f,added,47071,39328,UNKNOWN
44b6_2a2eff9f,added,47074,39419,UNKNOWN
44b6_2a2eff9f,added,47075,39567,UNKNOWN
44b6_2a2eff9f,added,47076,39614,UNKNOWN
44b6_2a2eff9f,added,47077,39658,UNKNOWN
44b6_2a2eff9f,added,47078,39752,UNKNOWN
44b6_2a2eff9f,added,47079,39751,UNKNOWN
44b6_2a2eff9f,added,47080,39765,UNKNOWN
44b6_2a2eff9f,added,47081,39933,UNKNOWN
44b6_2a2eff9f,added,47082,40054,UNKNOWN
44b6_2a2eff9f,added,47083,40134,UNKNOWN
44b6_2a2eff9f,added,47084,40145,UNKNOWN
44b6_2a2eff9f,added,47085,40371,UNKNOWN
44b6_2a2eff9f,added,47086,40614,UNKNOWN
44b6_2a2eff9f,added,47087,40898,UNKNOWN
44b6_2a2eff9f,added,47088,41062,UNKNOWN
44b6_2a2eff9f,added,47089,41074,UNKNOWN
44b6_2a2eff9f,added,47090,41239,UNKNOWN
44b6_2a2eff9f,added,47092,41691,UNKNOWN
44b6_2a2eff9f,added,47093,41793,UNKNOWN
44b6_2a2eff9f,added,47094,41841,UNKNOWN
44b6_2a2eff9f,added,47095,42044,UNKNOWN
44b6_2a2eff9f,added,47096,42199,UNKNOWN
44b6_2a2eff9f,added,47097,42208,UNKNOWN
44b6_2a2eff9f,added,47098,42555,UNKNOWN
44b6_2a2eff9f,added,47099,42709,UNKNOWN
44b6_2a2eff9f,added,47100,42775,UNKNOWN
44b6_2a2eff9f,added,47101,42805,UNKNOWN
44b6_2a2eff9f,added,47102,42801,UNKNOWN
44b6_2a2eff9f,added,47103,42789,UNKNOWN
44b6_2a2eff9f,added,47104,42999,UNKNOWN
44b6_2a2eff9f,added,47105,43101,UNKNOWN
44b6_2a2eff9f,added,47106,43092,UNKNOWN
44b6_2a2eff9f,added,47107,43159,UNKNOWN
44b6_2a2eff9f,added,47108,43169,UNKNOWN
44b6_2a2eff9f,added,47110,43283,UNKNOWN
44b6_2a2eff9f,added,47111,43470,UNKNOWN
44b6_2a2eff9f,added,47112,43500,UNKNOWN
44b6_2a2eff9f,added,47113,43549,UNKNOWN
44b6_2a2eff9f,added,47114,43560,UNKNOWN
44b6_2a2eff9f,added,47115,43624,UNKNOWN
44b6_2a2eff9f,added,47116,43700,UNKNOWN
44b6_2a2eff9f,added,47117,43830,UNKNOWN
44b6_2a2eff9f,added,47118,43920,UNKNOWN
44b6_2a2eff9f,added,47119,43904,UNKNOWN
44b6_2a2eff9f,added,47120,43938,UNKNOWN
44b6_2a2eff9f,added,47121,44587,UNKNOWN
44b6_2a2eff9f,added,47122,44689,UNKNOWN
44b6_2a2eff9f,added,47123,44877,UNKNOWN
44b6_2a2eff9f,added,47124,45108,UNKNOWN
44b6_2a2eff9f,added,47125,45225,UNKNOWN
44b6_2a2eff9f,added,47126,45261,UNKNOWN
44b6_2a2eff9f,added,47127,47128,UNKNOWN
44b6_2a2eff9f,added,47128,15667,UNKNOWN
44b6_2a2eff9f,added,47129,47130,UNKNOWN
44b6_2a2eff9f,added,47130,22109,UNKNOWN
44b6_2a2eff9f,added,47131,47132,UNKNOWN
44b6_2a2eff9f,added,47132,25195,UNKNOWN
44b6_2a2eff9f,added,47134,30557,UNKNOWN
44b6_2a2eff9f,added,47136,42334,UNKNOWN
44b6_2a2eff9f,added,47138,44085,UNKNOWN
44b6_2a2eff9f,added,47140,16209,UNKNOWN
44b6_2a2eff9f,added,47142,19871,UNKNOWN
44b6_2a2eff9f,added,47144,42843,UNKNOWN
44b6_2a2eff9f,added,47146,7761,UNKNOWN
44b6_2a2eff9f,added,47148,15191,UNKNOWN
44b6_2a2eff9f,added,47150,17207,UNKNOWN
44b6_2a2eff9f,added,47152,26395,UNKNOWN
44b6_2a2eff9f,added,47154,33205,UNKNOWN
44b6_2a2eff9f,added,47156,38632,UNKNOWN
44b6_2a2eff9f,added,47158,29927,UNKNOWN
44b6_2a2eff9f,added,47160,4392,UNKNOWN
44b6_2a2eff9f,added,47162,5208,UNKNOWN
44b6_2a2eff9f,added,47164,10160,UNKNOWN
44b6_2a2eff9f,added,47166,16731,UNKNOWN
44b6_2a2eff9f,added,47168,18746,UNKNOWN
44b6_2a2eff9f,added,47170,31780,UNKNOWN
44b6_2a2eff9f,added,47172,37074,UNKNOWN
44b6_2a2eff9f,added,47174,13573,UNKNOWN
44b6_2a2eff9f,added,47176,26225,UNKNOWN
44b6_2a2eff9f,added,47178,8135,UNKNOWN
44b6_2a2eff9f,added,47180,29520,UNKNOWN
44b6_2a2eff9f,added,47182,20329,UNKNOWN
44b6_2a2eff9f,added,47184,43573,UNKNOWN
44b6_2a2eff9f,added,47186,26803,UNKNOWN
44b6_2a2eff9f,added,47188,39421,UNKNOWN
44b6_2a2eff9f,added,47190,13929,UNKNOWN
44b6_2a2eff9f,added,47192,34194,UNKNOWN
44b6_2a2eff9f,added,47194,7064,UNKNOWN
44b6_2a2eff9f,added,47196,38752,UNKNOWN
44b6_2a2eff9f,added,47198,29056,UNKNOWN
44b6_2a2eff9f,added,47200,31631,UNKNOWN
44b6_2a2eff9f,added,47202,21419,UNKNOWN
44b6_2a2eff9f,added,47204,11046,UNKNOWN
44b6_2a2eff9f,added,47206,39823,UNKNOWN
44b6_2a2eff9f,added,47208,19145,UNKNOWN
44b6_2a2eff9f,added,47210,14550,UNKNOWN
44b6_2a2eff9f,added,47212,25716,UNKNOWN
44b6_2a2eff9f,added,47214,40690,UNKNOWN
44b6_2a2eff9f,added,47216,32444,UNKNOWN
44b6_2a2eff9f,added,47218,35855,UNKNOWN
44b6_2a2eff9f,added,47220,41596,UNKNOWN
44b6_2a2eff9f,added,47222,27331,UNKNOWN
44b6_2a2eff9f,added,47224,36466,UNKNOWN
44b6_2a2eff9f,added,47226,35106,UNKNOWN
44b6_2a2eff9f,added,47228,3884,UNKNOWN
44b6_2a2eff9f,added,47230,5411,UNKNOWN
44b6_2a2eff9f,added,47232,27702,UNKNOWN
44b6_2a2eff9f,added,47234,17750,UNKNOWN
44b6_2a2eff9f,added,47236,18439,UNKNOWN
44b6_2a2eff9f,added,47238,31022,UNKNOWN
44b6_2a2eff9f,added,47240,21935,UNKNOWN
44b6_2a2eff9f,added,47242,22804,UNKNOWN
44b6_2a2eff9f,added,47244,34849,UNKNOWN
44b6_2a2eff9f,added,47246,8507,UNKNOWN
44b6_2a2eff9f,added,47248,8932,UNKNOWN
44b6_2a2eff9f,added,47250,20477,UNKNOWN
44b6_2a2eff9f,added,47252,23800,UNKNOWN
44b6_2a2eff9f,added,47254,41210,UNKNOWN
44b6_2a2eff9f,added,47256,9721,UNKNOWN
44b6_2a2eff9f,added,47258,11759,UNKNOWN
44b6_2a2eff9f,added,47260,28543,UNKNOWN
44b6_2a2eff9f,added,47262,45105,UNKNOWN
44b6_2a2eff9f,added,47264,28228,UNKNOWN
44b6_2a2eff9f,added,47266,32866,UNKNOWN
44b6_2a2eff9f,added,47268,6239,UNKNOWN
44b6_2a2eff9f,added,47270,14185,UNKNOWN
44b6_2a2eff9f,added,47272,11398,UNKNOWN
44b6_2a2eff9f,added,47274,25006,UNKNOWN
44b6_2a2eff9f,added,47276,17626,UNKNOWN
44b6_341df25f,removed,1238,1341,UNKNOWN
44b6_341df25f,removed,1410,9213,UNKNOWN
44b6_341df25f,removed,1517,1624,UNKNOWN
44b6_341df25f,removed,1520,1620,UNKNOWN
44b6_341df25f,removed,1566,1674,UNKNOWN
44b6_341df25f,removed,1567,1669,UNKNOWN
44b6_341df25f,removed,8592,8672,UNKNOWN
44b6_341df25f,removed,9213,1625,UNKNOWN
44b6_341df25f,added,1237,1341,UNKNOWN
44b6_341df25f,added,1414,9213,UNKNOWN
44b6_341df25f,added,1517,1625,UNKNOWN
44b6_341df25f,added,1520,1624,UNKNOWN
44b6_341df25f,added,1566,1669,UNKNOWN
44b6_341df25f,added,1567,1670,UNKNOWN
44b6_341df25f,added,8590,8672,UNKNOWN
44b6_341df25f,added,9213,1620,UNKNOWN
6bba_062c8d37,removed,51,139,TP
6bba_062c8d37,removed,139,225,TP
6bba_062c8d37,removed,219,301,UNKNOWN
6bba_062c8d37,removed,225,308,TP
6bba_062c8d37,removed,506,584,UNKNOWN
6bba_062c8d37,removed,584,662,UNKNOWN
6bba_062c8d37,removed,633,714,UNKNOWN
6bba_062c8d37,removed,649,722,UNKNOWN
6bba_062c8d37,removed,662,744,UNKNOWN
6bba_062c8d37,removed,665,735,UNKNOWN
6bba_062c8d37,removed,679,752,FP
6bba_062c8d37,removed,689,765,UNKNOWN
6bba_062c8d37,removed,1832,1898,UNKNOWN
6bba_062c8d37,removed,1877,1938,UNKNOWN
6bba_062c8d37,removed,1938,2000,UNKNOWN
6bba_062c8d37,removed,2000,2062,UNKNOWN
6bba_062c8d37,removed,2194,2260,UNKNOWN
6bba_062c8d37,removed,2197,2256,UNKNOWN
6bba_062c8d37,removed,2205,2272,TP
6bba_062c8d37,removed,2212,2278,UNKNOWN
6bba_062c8d37,removed,2235,2301,UNKNOWN
6bba_062c8d37,removed,2275,2335,UNKNOWN
6bba_062c8d37,removed,2311,2374,UNKNOWN
6bba_062c8d37,removed,4076,4136,UNKNOWN
6bba_062c8d37,removed,4086,4147,UNKNOWN
6bba_062c8d37,removed,6173,6237,UNKNOWN
6bba_062c8d37,added,56,143,UNKNOWN
6bba_062c8d37,added,143,231,UNKNOWN
6bba_062c8d37,added,219,293,UNKNOWN
6bba_062c8d37,added,231,308,FP
6bba_062c8d37,added,633,6676,UNKNOWN
6bba_062c8d37,added,642,714,UNKNOWN
6bba_062c8d37,added,649,728,UNKNOWN
6bba_062c8d37,added,654,735,UNKNOWN
6bba_062c8d37,added,675,752,UNKNOWN
6bba_062c8d37,added,688,765,UNKNOWN
6bba_062c8d37,added,1832,1892,UNKNOWN
6bba_062c8d37,added,1877,1933,UNKNOWN
6bba_062c8d37,added,2193,2256,UNKNOWN
6bba_062c8d37,added,2194,2257,UNKNOWN
6bba_062c8d37,added,2205,2262,FP
6bba_062c8d37,added,2217,2278,UNKNOWN
6bba_062c8d37,added,2242,2301,UNKNOWN
6bba_062c8d37,added,2275,2341,UNKNOWN
6bba_062c8d37,added,2306,2374,UNKNOWN
6bba_062c8d37,added,4076,4140,UNKNOWN
6bba_062c8d37,added,4086,4148,UNKNOWN
6bba_062c8d37,added,6171,6237,UNKNOWN
6bba_062c8d37,added,6676,6677,UNKNOWN
6bba_062c8d37,added,6677,849,UNKNOWN
6bba_07e24132,removed,433,872,UNKNOWN
6bba_07e24132,removed,494,911,UNKNOWN
6bba_07e24132,removed,677,1118,UNKNOWN
6bba_07e24132,removed,1350,36666,UNKNOWN
6bba_07e24132,removed,1553,1962,UNKNOWN
6bba_07e24132,removed,1949,2368,UNKNOWN
6bba_07e24132,removed,1960,36584,UNKNOWN
6bba_07e24132,removed,1982,2407,UNKNOWN
6bba_07e24132,removed,2407,2821,UNKNOWN
6bba_07e24132,removed,2602,36604,UNKNOWN
6bba_07e24132,removed,2821,3228,UNKNOWN
6bba_07e24132,removed,3160,3557,UNKNOWN
6bba_07e24132,removed,3162,36340,UNKNOWN
6bba_07e24132,removed,3228,3629,UNKNOWN
6bba_07e24132,removed,3294,36582,UNKNOWN
6bba_07e24132,removed,3296,36341,UNKNOWN
6bba_07e24132,removed,3340,36342,UNKNOWN
6bba_07e24132,removed,3402,36343,UNKNOWN
6bba_07e24132,removed,3425,36344,UNKNOWN
6bba_07e24132,removed,3522,36345,UNKNOWN
6bba_07e24132,removed,3617,4006,UNKNOWN
6bba_07e24132,removed,3629,4034,UNKNOWN
6bba_07e24132,removed,3713,36638,UNKNOWN
6bba_07e24132,removed,3736,36346,UNKNOWN
6bba_07e24132,removed,3834,36347,UNKNOWN
6bba_07e24132,removed,4153,36348,UNKNOWN
6bba_07e24132,removed,4241,36349,UNKNOWN
6bba_07e24132,removed,4530,36350,UNKNOWN
6bba_07e24132,removed,4692,36351,UNKNOWN
6bba_07e24132,removed,4919,36352,UNKNOWN
6bba_07e24132,removed,5010,36353,UNKNOWN
6bba_07e24132,removed,5178,5621,UNKNOWN
6bba_07e24132,removed,5225,36606,UNKNOWN
6bba_07e24132,removed,5375,36355,UNKNOWN
6bba_07e24132,removed,5434,36356,UNKNOWN
6bba_07e24132,removed,5513,36357,UNKNOWN
6bba_07e24132,removed,5639,6034,UNKNOWN
6bba_07e24132,removed,5688,36608,UNKNOWN
6bba_07e24132,removed,5894,36358,UNKNOWN
6bba_07e24132,removed,6098,36630,UNKNOWN
6bba_07e24132,removed,6183,6573,UNKNOWN
6bba_07e24132,removed,6313,36610,UNKNOWN
6bba_07e24132,removed,6751,36359,UNKNOWN
6bba_07e24132,removed,6788,36360,UNKNOWN
6bba_07e24132,removed,6852,36361,UNKNOWN
6bba_07e24132,removed,7008,36362,UNKNOWN
6bba_07e24132,removed,7292,36364,UNKNOWN
6bba_07e24132,removed,7450,36365,UNKNOWN
6bba_07e24132,removed,7456,36366,UNKNOWN
6bba_07e24132,removed,7501,36367,UNKNOWN
6bba_07e24132,removed,7663,36368,UNKNOWN
6bba_07e24132,removed,7691,36646,UNKNOWN
6bba_07e24132,removed,7707,36369,UNKNOWN
6bba_07e24132,removed,7729,36370,UNKNOWN
6bba_07e24132,removed,7948,36371,UNKNOWN
6bba_07e24132,removed,7999,36372,UNKNOWN
6bba_07e24132,removed,8208,36632,UNKNOWN
6bba_07e24132,removed,8239,8628,UNKNOWN
6bba_07e24132,removed,8240,8676,UNKNOWN
6bba_07e24132,removed,8289,8681,UNKNOWN
6bba_07e24132,removed,8296,36374,UNKNOWN
6bba_07e24132,removed,8354,8743,UNKNOWN
6bba_07e24132,removed,8357,36376,UNKNOWN
6bba_07e24132,removed,8371,8751,UNKNOWN
6bba_07e24132,removed,8404,8824,UNKNOWN
6bba_07e24132,removed,8430,8811,UNKNOWN
6bba_07e24132,removed,8436,8830,UNKNOWN
6bba_07e24132,removed,8449,8850,UNKNOWN
6bba_07e24132,removed,8456,36377,UNKNOWN
6bba_07e24132,removed,8472,8855,UNKNOWN
6bba_07e24132,removed,8490,36378,UNKNOWN
6bba_07e24132,removed,8497,8888,UNKNOWN
6bba_07e24132,removed,8511,8918,UNKNOWN
6bba_07e24132,removed,8569,8989,UNKNOWN
6bba_07e24132,removed,8587,36380,UNKNOWN
6bba_07e24132,removed,8636,9056,UNKNOWN
6bba_07e24132,removed,8677,9092,UNKNOWN
6bba_07e24132,removed,8710,9113,UNKNOWN
6bba_07e24132,removed,8748,9146,UNKNOWN
6bba_07e24132,removed,8767,9163,UNKNOWN
6bba_07e24132,removed,8796,9195,UNKNOWN
6bba_07e24132,removed,8797,9182,UNKNOWN
6bba_07e24132,removed,8798,9189,UNKNOWN
6bba_07e24132,removed,8809,36658,UNKNOWN
6bba_07e24132,removed,8821,9231,UNKNOWN
6bba_07e24132,removed,8823,36381,UNKNOWN
6bba_07e24132,removed,8826,9233,UNKNOWN
6bba_07e24132,removed,8834,9238,UNKNOWN
6bba_07e24132,removed,8843,36382,UNKNOWN
6bba_07e24132,removed,8850,9248,UNKNOWN
6bba_07e24132,removed,8857,9267,UNKNOWN
6bba_07e24132,removed,8859,9271,UNKNOWN
6bba_07e24132,removed,8886,9295,UNKNOWN
6bba_07e24132,removed,8889,9261,UNKNOWN
6bba_07e24132,removed,8919,9318,UNKNOWN
6bba_07e24132,removed,8947,9328,UNKNOWN
6bba_07e24132,removed,8963,9347,UNKNOWN
6bba_07e24132,removed,8966,9365,UNKNOWN
6bba_07e24132,removed,8970,9375,UNKNOWN
6bba_07e24132,removed,8987,9387,UNKNOWN
6bba_07e24132,removed,8993,9390,UNKNOWN
6bba_07e24132,removed,8995,9393,UNKNOWN
6bba_07e24132,removed,9003,9380,UNKNOWN
6bba_07e24132,removed,9006,9399,UNKNOWN
6bba_07e24132,removed,9078,36383,UNKNOWN
6bba_07e24132,removed,9169,36384,UNKNOWN
6bba_07e24132,removed,9170,9564,UNKNOWN
6bba_07e24132,removed,9204,36385,UNKNOWN
6bba_07e24132,removed,9235,36386,UNKNOWN
6bba_07e24132,removed,9245,9636,UNKNOWN
6bba_07e24132,removed,9320,36387,UNKNOWN
6bba_07e24132,removed,9356,36388,UNKNOWN
6bba_07e24132,removed,9357,36389,UNKNOWN
6bba_07e24132,removed,9760,36616,UNKNOWN
6bba_07e24132,removed,9791,36570,UNKNOWN
6bba_07e24132,removed,9840,36391,UNKNOWN
6bba_07e24132,removed,9907,36392,UNKNOWN
6bba_07e24132,removed,9925,36393,UNKNOWN
6bba_07e24132,removed,9930,36394,UNKNOWN
6bba_07e24132,removed,9961,36395,UNKNOWN
6bba_07e24132,removed,10131,36396,UNKNOWN
6bba_07e24132,removed,10191,36397,UNKNOWN
6bba_07e24132,removed,10239,36398,UNKNOWN
6bba_07e24132,removed,10268,10621,UNKNOWN
6bba_07e24132,removed,10450,36399,UNKNOWN
6bba_07e24132,removed,10570,36614,UNKNOWN
6bba_07e24132,removed,10791,36401,UNKNOWN
6bba_07e24132,removed,10976,36402,UNKNOWN
6bba_07e24132,removed,11098,36403,UNKNOWN
6bba_07e24132,removed,11129,36404,UNKNOWN
6bba_07e24132,removed,11187,36680,UNKNOWN
6bba_07e24132,removed,11188,36405,UNKNOWN
6bba_07e24132,removed,11284,11686,UNKNOWN
6bba_07e24132,removed,11285,36406,UNKNOWN
6bba_07e24132,removed,11300,36407,UNKNOWN
6bba_07e24132,removed,11301,36408,UNKNOWN
6bba_07e24132,removed,11336,11720,UNKNOWN
6bba_07e24132,removed,11381,36409,UNKNOWN
6bba_07e24132,removed,11383,36410,UNKNOWN
6bba_07e24132,removed,11525,36411,UNKNOWN
6bba_07e24132,removed,11532,36618,UNKNOWN
6bba_07e24132,removed,11599,36412,UNKNOWN
6bba_07e24132,removed,11753,36413,UNKNOWN
6bba_07e24132,removed,11870,36586,UNKNOWN
6bba_07e24132,removed,12129,36414,UNKNOWN
6bba_07e24132,removed,12257,36415,UNKNOWN
6bba_07e24132,removed,12258,36416,UNKNOWN
6bba_07e24132,removed,12286,36634,UNKNOWN
6bba_07e24132,removed,12364,36417,UNKNOWN
6bba_07e24132,removed,12395,36576,UNKNOWN
6bba_07e24132,removed,12469,36418,UNKNOWN
6bba_07e24132,removed,12542,36420,UNKNOWN
6bba_07e24132,removed,12627,36421,UNKNOWN
6bba_07e24132,removed,12825,36422,UNKNOWN
6bba_07e24132,removed,12998,36650,UNKNOWN
6bba_07e24132,removed,13080,36423,UNKNOWN
6bba_07e24132,removed,13239,36425,UNKNOWN
6bba_07e24132,removed,13335,36426,UNKNOWN
6bba_07e24132,removed,13441,36427,UNKNOWN
6bba_07e24132,removed,13522,36428,UNKNOWN
6bba_07e24132,removed,13525,36429,UNKNOWN
6bba_07e24132,removed,13573,36430,UNKNOWN
6bba_07e24132,removed,13689,36431,UNKNOWN
6bba_07e24132,removed,13821,36432,UNKNOWN
6bba_07e24132,removed,13879,36433,UNKNOWN
6bba_07e24132,removed,13924,36434,UNKNOWN
6bba_07e24132,removed,14019,36435,UNKNOWN
6bba_07e24132,removed,14046,36436,UNKNOWN
6bba_07e24132,removed,14183,36437,UNKNOWN
6bba_07e24132,removed,14240,36578,UNKNOWN
6bba_07e24132,removed,14271,36438,UNKNOWN
6bba_07e24132,removed,14692,36439,UNKNOWN
6bba_07e24132,removed,15348,36594,UNKNOWN
6bba_07e24132,removed,15373,36652,UNKNOWN
6bba_07e24132,removed,15414,36440,UNKNOWN
6bba_07e24132,removed,15773,16134,UNKNOWN
6bba_07e24132,removed,15808,36602,UNKNOWN
6bba_07e24132,removed,15874,36441,UNKNOWN
6bba_07e24132,removed,16170,36654,UNKNOWN
6bba_07e24132,removed,16276,36442,UNKNOWN
6bba_07e24132,removed,16485,36443,UNKNOWN
6bba_07e24132,removed,16602,16955,UNKNOWN
6bba_07e24132,removed,16891,36444,UNKNOWN
6bba_07e24132,removed,16918,36445,UNKNOWN
6bba_07e24132,removed,17003,36626,UNKNOWN
6bba_07e24132,removed,17018,36446,UNKNOWN
6bba_07e24132,removed,17034,36447,UNKNOWN
6bba_07e24132,removed,17191,36448,UNKNOWN
6bba_07e24132,removed,17240,36450,UNKNOWN
6bba_07e24132,removed,17302,36656,UNKNOWN
6bba_07e24132,removed,17414,36451,UNKNOWN
6bba_07e24132,removed,17662,17983,UNKNOWN
6bba_07e24132,removed,17668,36452,UNKNOWN
6bba_07e24132,removed,17868,36596,UNKNOWN
6bba_07e24132,removed,17908,36453,UNKNOWN
6bba_07e24132,removed,17915,36454,UNKNOWN
6bba_07e24132,removed,17986,36455,UNKNOWN
6bba_07e24132,removed,17994,36456,UNKNOWN
6bba_07e24132,removed,18150,18457,UNKNOWN
6bba_07e24132,removed,18155,36458,UNKNOWN
6bba_07e24132,removed,18164,36459,UNKNOWN
6bba_07e24132,removed,18296,36460,UNKNOWN
6bba_07e24132,removed,18338,36461,UNKNOWN
6bba_07e24132,removed,18449,36462,UNKNOWN
6bba_07e24132,removed,18457,18753,UNKNOWN
6bba_07e24132,removed,18458,36620,UNKNOWN
6bba_07e24132,removed,18528,36463,UNKNOWN
6bba_07e24132,removed,18591,36464,UNKNOWN
6bba_07e24132,removed,18753,19082,UNKNOWN
6bba_07e24132,removed,18847,19195,UNKNOWN
6bba_07e24132,removed,18851,19164,UNKNOWN
6bba_07e24132,removed,18909,36664,UNKNOWN
6bba_07e24132,removed,19016,36678,UNKNOWN
6bba_07e24132,removed,19082,19428,UNKNOWN
6bba_07e24132,removed,19219,19573,UNKNOWN
6bba_07e24132,removed,19254,36465,UNKNOWN
6bba_07e24132,removed,19422,36466,UNKNOWN
6bba_07e24132,removed,19440,36467,UNKNOWN
6bba_07e24132,removed,19523,36468,UNKNOWN
6bba_07e24132,removed,19675,36676,UNKNOWN
6bba_07e24132,removed,19918,20250,UNKNOWN
6bba_07e24132,removed,20130,36668,UNKNOWN
6bba_07e24132,removed,20437,36469,UNKNOWN
6bba_07e24132,removed,20499,36470,UNKNOWN
6bba_07e24132,removed,20501,36471,UNKNOWN
6bba_07e24132,removed,20732,36472,UNKNOWN
6bba_07e24132,removed,20817,36670,UNKNOWN
6bba_07e24132,removed,20996,36473,UNKNOWN
6bba_07e24132,removed,21019,21376,UNKNOWN
6bba_07e24132,removed,21050,36474,UNKNOWN
6bba_07e24132,removed,21214,36475,UNKNOWN
6bba_07e24132,removed,21251,36476,UNKNOWN
6bba_07e24132,removed,21425,36648,UNKNOWN
6bba_07e24132,removed,21431,36477,UNKNOWN
6bba_07e24132,removed,21550,21886,UNKNOWN
6bba_07e24132,removed,21629,36478,UNKNOWN
6bba_07e24132,removed,21732,36479,UNKNOWN
6bba_07e24132,removed,21854,36480,UNKNOWN
6bba_07e24132,removed,22015,36481,UNKNOWN
6bba_07e24132,removed,22030,36482,UNKNOWN
6bba_07e24132,removed,22174,36598,UNKNOWN
6bba_07e24132,removed,22641,36484,UNKNOWN
6bba_07e24132,removed,22760,36485,UNKNOWN
6bba_07e24132,removed,22787,36486,UNKNOWN
6bba_07e24132,removed,22842,36674,UNKNOWN
6bba_07e24132,removed,23298,36487,UNKNOWN
6bba_07e24132,removed,23504,36488,UNKNOWN
6bba_07e24132,removed,23508,36489,UNKNOWN
6bba_07e24132,removed,23571,23888,UNKNOWN
6bba_07e24132,removed,23699,36490,UNKNOWN
6bba_07e24132,removed,23751,36622,UNKNOWN
6bba_07e24132,removed,23888,24202,UNKNOWN
6bba_07e24132,removed,23899,36491,UNKNOWN
6bba_07e24132,removed,23959,36492,UNKNOWN
6bba_07e24132,removed,24182,36572,UNKNOWN
6bba_07e24132,removed,24201,36493,UNKNOWN
6bba_07e24132,removed,24202,24500,UNKNOWN
6bba_07e24132,removed,24243,36494,UNKNOWN
6bba_07e24132,removed,24269,36495,UNKNOWN
6bba_07e24132,removed,24288,36496,UNKNOWN
6bba_07e24132,removed,24363,24715,TP
6bba_07e24132,removed,24397,24744,UNKNOWN
6bba_07e24132,removed,24409,36497,UNKNOWN
6bba_07e24132,removed,24412,24746,UNKNOWN
6bba_07e24132,removed,24454,36498,UNKNOWN
6bba_07e24132,removed,24500,24847,UNKNOWN
6bba_07e24132,removed,24601,36682,UNKNOWN
6bba_07e24132,removed,24697,25029,UNKNOWN
6bba_07e24132,removed,24789,36499,UNKNOWN
6bba_07e24132,removed,24847,25216,UNKNOWN
6bba_07e24132,removed,24939,36500,UNKNOWN
6bba_07e24132,removed,25368,36600,UNKNOWN
6bba_07e24132,removed,25891,36580,UNKNOWN
6bba_07e24132,removed,25965,26297,UNKNOWN
6bba_07e24132,removed,26197,36502,UNKNOWN
6bba_07e24132,removed,26368,36503,UNKNOWN
6bba_07e24132,removed,26395,36504,UNKNOWN
6bba_07e24132,removed,26432,36505,UNKNOWN
6bba_07e24132,removed,26520,36588,UNKNOWN
6bba_07e24132,removed,26530,36506,UNKNOWN
6bba_07e24132,removed,26724,27089,UNKNOWN
6bba_07e24132,removed,26736,27123,UNKNOWN
6bba_07e24132,removed,26978,36660,UNKNOWN
6bba_07e24132,removed,27067,36507,UNKNOWN
6bba_07e24132,removed,27084,27471,UNKNOWN
6bba_07e24132,removed,27225,36642,UNKNOWN
6bba_07e24132,removed,27471,27822,UNKNOWN
6bba_07e24132,removed,27663,36510,UNKNOWN
6bba_07e24132,removed,27687,36590,UNKNOWN
6bba_07e24132,removed,27690,28040,FP
6bba_07e24132,removed,27698,28077,UNKNOWN
6bba_07e24132,removed,27701,36512,UNKNOWN
6bba_07e24132,removed,27704,28087,UNKNOWN
6bba_07e24132,removed,27718,28107,UNKNOWN
6bba_07e24132,removed,27728,36513,UNKNOWN
6bba_07e24132,removed,27731,36514,UNKNOWN
6bba_07e24132,removed,27737,36515,UNKNOWN
6bba_07e24132,removed,27755,36516,UNKNOWN
6bba_07e24132,removed,27762,28184,UNKNOWN
6bba_07e24132,removed,27799,28201,UNKNOWN
6bba_07e24132,removed,27822,36517,UNKNOWN
6bba_07e24132,removed,27846,28240,UNKNOWN
6bba_07e24132,removed,27860,28290,UNKNOWN
6bba_07e24132,removed,27861,28303,UNKNOWN
6bba_07e24132,removed,27864,28291,UNKNOWN
6bba_07e24132,removed,27871,36518,UNKNOWN
6bba_07e24132,removed,27875,36519,UNKNOWN
6bba_07e24132,removed,27877,28328,UNKNOWN
6bba_07e24132,removed,27882,28324,UNKNOWN
6bba_07e24132,removed,27885,28322,UNKNOWN
6bba_07e24132,removed,27890,36520,UNKNOWN
6bba_07e24132,removed,27895,36521,UNKNOWN
6bba_07e24132,removed,27900,36522,UNKNOWN
6bba_07e24132,removed,27902,36523,UNKNOWN
6bba_07e24132,removed,27905,36524,UNKNOWN
6bba_07e24132,removed,27906,36525,UNKNOWN
6bba_07e24132,removed,27913,36526,UNKNOWN
6bba_07e24132,removed,27998,28394,UNKNOWN
6bba_07e24132,removed,28013,28395,UNKNOWN
6bba_07e24132,removed,28019,28390,UNKNOWN
6bba_07e24132,removed,28031,36527,UNKNOWN
6bba_07e24132,removed,28082,28480,UNKNOWN
6bba_07e24132,removed,28098,28507,UNKNOWN
6bba_07e24132,removed,28107,28520,UNKNOWN
6bba_07e24132,removed,28117,28544,UNKNOWN
6bba_07e24132,removed,28126,28582,UNKNOWN
6bba_07e24132,removed,28132,28569,UNKNOWN
6bba_07e24132,removed,28147,28573,UNKNOWN
6bba_07e24132,removed,28151,28553,UNKNOWN
6bba_07e24132,removed,28164,28609,UNKNOWN
6bba_07e24132,removed,28192,28642,UNKNOWN
6bba_07e24132,removed,28200,28615,UNKNOWN
6bba_07e24132,removed,28201,28616,UNKNOWN
6bba_07e24132,removed,28203,28618,UNKNOWN
6bba_07e24132,removed,28227,36528,UNKNOWN
6bba_07e24132,removed,28233,28656,UNKNOWN
6bba_07e24132,removed,28240,28652,UNKNOWN
6bba_07e24132,removed,28267,28693,UNKNOWN
6bba_07e24132,removed,28305,36529,UNKNOWN
6bba_07e24132,removed,28307,28718,UNKNOWN
6bba_07e24132,removed,28314,28737,UNKNOWN
6bba_07e24132,removed,28317,28767,UNKNOWN
6bba_07e24132,removed,28329,28755,UNKNOWN
6bba_07e24132,removed,28330,28748,UNKNOWN
6bba_07e24132,removed,28333,28753,UNKNOWN
6bba_07e24132,removed,28589,36530,UNKNOWN
6bba_07e24132,removed,28676,36592,UNKNOWN
6bba_07e24132,removed,28737,36531,UNKNOWN
6bba_07e24132,removed,28952,36532,UNKNOWN
6bba_07e24132,removed,28986,36533,UNKNOWN
6bba_07e24132,removed,29101,36534,UNKNOWN
6bba_07e24132,removed,29410,29802,UNKNOWN
6bba_07e24132,removed,29778,36672,UNKNOWN
6bba_07e24132,removed,29850,36536,UNKNOWN
6bba_07e24132,removed,30005,36537,UNKNOWN
6bba_07e24132,removed,30317,30721,UNKNOWN
6bba_07e24132,removed,30457,36538,UNKNOWN
6bba_07e24132,removed,30565,36574,UNKNOWN
6bba_07e24132,removed,30633,36539,UNKNOWN
6bba_07e24132,removed,30682,36540,UNKNOWN
6bba_07e24132,removed,30753,36628,UNKNOWN
6bba_07e24132,removed,30840,31210,UNKNOWN
6bba_07e24132,removed,30919,36541,UNKNOWN
6bba_07e24132,removed,31119,36542,UNKNOWN
6bba_07e24132,removed,31207,31545,UNKNOWN
6bba_07e24132,removed,31290,36543,UNKNOWN
6bba_07e24132,removed,31356,36544,UNKNOWN
6bba_07e24132,removed,31467,31806,UNKNOWN
6bba_07e24132,removed,31469,31807,UNKNOWN
6bba_07e24132,removed,31510,36545,UNKNOWN
6bba_07e24132,removed,31583,31929,UNKNOWN
6bba_07e24132,removed,31604,36644,UNKNOWN
6bba_07e24132,removed,31726,36546,UNKNOWN
6bba_07e24132,removed,31762,36547,UNKNOWN
6bba_07e24132,removed,31803,36548,UNKNOWN
6bba_07e24132,removed,31804,36684,UNKNOWN
6bba_07e24132,removed,31902,32237,UNKNOWN
6bba_07e24132,removed,32237,32562,UNKNOWN
6bba_07e24132,removed,32562,32891,UNKNOWN
6bba_07e24132,removed,32623,36549,UNKNOWN
6bba_07e24132,removed,32764,36624,UNKNOWN
6bba_07e24132,removed,32889,36550,UNKNOWN
6bba_07e24132,removed,32891,33233,UNKNOWN
6bba_07e24132,removed,33034,36551,UNKNOWN
6bba_07e24132,removed,33126,36553,UNKNOWN
6bba_07e24132,removed,33150,33496,UNKNOWN
6bba_07e24132,removed,33194,36554,UNKNOWN
6bba_07e24132,removed,33221,36555,UNKNOWN
6bba_07e24132,removed,33233,33582,UNKNOWN
6bba_07e24132,removed,33323,36556,UNKNOWN
6bba_07e24132,removed,33324,36557,UNKNOWN
6bba_07e24132,removed,33361,36612,UNKNOWN
6bba_07e24132,removed,33450,36558,UNKNOWN
6bba_07e24132,removed,33451,36559,UNKNOWN
6bba_07e24132,removed,33498,33823,UNKNOWN
6bba_07e24132,removed,33528,36560,UNKNOWN
6bba_07e24132,removed,33700,36662,UNKNOWN
6bba_07e24132,removed,33716,36561,UNKNOWN
6bba_07e24132,removed,33717,36562,UNKNOWN
6bba_07e24132,removed,33765,36563,UNKNOWN
6bba_07e24132,removed,33818,36636,UNKNOWN
6bba_07e24132,removed,33883,36564,UNKNOWN
6bba_07e24132,removed,33918,36565,UNKNOWN
6bba_07e24132,removed,33967,36566,UNKNOWN
6bba_07e24132,removed,34106,36640,UNKNOWN
6bba_07e24132,removed,34294,36567,UNKNOWN
6bba_07e24132,removed,34313,36568,UNKNOWN
6bba_07e24132,removed,34531,36569,UNKNOWN
6bba_07e24132,removed,34974,35294,UNKNOWN
6bba_07e24132,removed,36340,3981,UNKNOWN
6bba_07e24132,removed,36341,4104,UNKNOWN
6bba_07e24132,removed,36342,4154,UNKNOWN
6bba_07e24132,removed,36343,4232,UNKNOWN
6bba_07e24132,removed,36344,4261,UNKNOWN
6bba_07e24132,removed,36345,4374,UNKNOWN
6bba_07e24132,removed,36346,4594,UNKNOWN
6bba_07e24132,removed,36347,4681,UNKNOWN
6bba_07e24132,removed,36348,5023,UNKNOWN
6bba_07e24132,removed,36349,5083,UNKNOWN
6bba_07e24132,removed,36350,5381,UNKNOWN
6bba_07e24132,removed,36351,5549,UNKNOWN
6bba_07e24132,removed,36352,5754,UNKNOWN
6bba_07e24132,removed,36353,5837,UNKNOWN
6bba_07e24132,removed,36355,6190,UNKNOWN
6bba_07e24132,removed,36356,6264,UNKNOWN
6bba_07e24132,removed,36357,6314,UNKNOWN
6bba_07e24132,removed,36358,6743,UNKNOWN
6bba_07e24132,removed,36359,7507,UNKNOWN
6bba_07e24132,removed,36360,7533,UNKNOWN
6bba_07e24132,removed,36361,7611,UNKNOWN
6bba_07e24132,removed,36362,7785,UNKNOWN
6bba_07e24132,removed,36364,8106,UNKNOWN
6bba_07e24132,removed,36365,8244,UNKNOWN
6bba_07e24132,removed,36366,8247,UNKNOWN
6bba_07e24132,removed,36367,8258,UNKNOWN
6bba_07e24132,removed,36368,8453,UNKNOWN
6bba_07e24132,removed,36369,8489,UNKNOWN
6bba_07e24132,removed,36370,8514,UNKNOWN
6bba_07e24132,removed,36371,8711,UNKNOWN
6bba_07e24132,removed,36372,8768,UNKNOWN
6bba_07e24132,removed,36374,9087,UNKNOWN
6bba_07e24132,removed,36376,9180,UNKNOWN
6bba_07e24132,removed,36377,9262,UNKNOWN
6bba_07e24132,removed,36378,9293,UNKNOWN
6bba_07e24132,removed,36380,9425,UNKNOWN
6bba_07e24132,removed,36381,9613,UNKNOWN
6bba_07e24132,removed,36382,9637,UNKNOWN
6bba_07e24132,removed,36383,9821,UNKNOWN
6bba_07e24132,removed,36384,9920,UNKNOWN
6bba_07e24132,removed,36385,9946,UNKNOWN
6bba_07e24132,removed,36386,9977,UNKNOWN
6bba_07e24132,removed,36387,10057,UNKNOWN
6bba_07e24132,removed,36388,10089,UNKNOWN
6bba_07e24132,removed,36389,10095,UNKNOWN
6bba_07e24132,removed,36391,10548,UNKNOWN
6bba_07e24132,removed,36392,10623,UNKNOWN
6bba_07e24132,removed,36393,10634,UNKNOWN
6bba_07e24132,removed,36394,10651,UNKNOWN
6bba_07e24132,removed,36395,10664,UNKNOWN
6bba_07e24132,removed,36396,10848,UNKNOWN
6bba_07e24132,removed,36397,10920,UNKNOWN
6bba_07e24132,removed,36398,10977,UNKNOWN
6bba_07e24132,removed,36399,11215,UNKNOWN
6bba_07e24132,removed,36401,11541,UNKNOWN
6bba_07e24132,removed,36402,11712,UNKNOWN
6bba_07e24132,removed,36403,11853,UNKNOWN
6bba_07e24132,removed,36404,11891,UNKNOWN
6bba_07e24132,removed,36405,11959,UNKNOWN
6bba_07e24132,removed,36406,12020,UNKNOWN
6bba_07e24132,removed,36407,12053,UNKNOWN
6bba_07e24132,removed,36408,12054,UNKNOWN
6bba_07e24132,removed,36409,12139,UNKNOWN
6bba_07e24132,removed,36410,12141,UNKNOWN
6bba_07e24132,removed,36411,12265,UNKNOWN
6bba_07e24132,removed,36412,12346,UNKNOWN
6bba_07e24132,removed,36413,12505,UNKNOWN
6bba_07e24132,removed,36414,12871,UNKNOWN
6bba_07e24132,removed,36415,13008,UNKNOWN
6bba_07e24132,removed,36416,12985,UNKNOWN
6bba_07e24132,removed,36417,13119,UNKNOWN
6bba_07e24132,removed,36418,13189,UNKNOWN
6bba_07e24132,removed,36420,13279,UNKNOWN
6bba_07e24132,removed,36421,13365,UNKNOWN
6bba_07e24132,removed,36422,13578,UNKNOWN
6bba_07e24132,removed,36423,13802,UNKNOWN
6bba_07e24132,removed,36425,13945,UNKNOWN
6bba_07e24132,removed,36426,14039,UNKNOWN
6bba_07e24132,removed,36427,14154,UNKNOWN
6bba_07e24132,removed,36428,14263,UNKNOWN
6bba_07e24132,removed,36429,14245,UNKNOWN
6bba_07e24132,removed,36430,14301,UNKNOWN
6bba_07e24132,removed,36431,14425,UNKNOWN
6bba_07e24132,removed,36432,14544,UNKNOWN
6bba_07e24132,removed,36433,14618,UNKNOWN
6bba_07e24132,removed,36434,14645,UNKNOWN
6bba_07e24132,removed,36435,14761,UNKNOWN
6bba_07e24132,removed,36436,14787,UNKNOWN
6bba_07e24132,removed,36437,14948,UNKNOWN
6bba_07e24132,removed,36438,14994,UNKNOWN
6bba_07e24132,removed,36439,15455,UNKNOWN
6bba_07e24132,removed,36440,16109,UNKNOWN
6bba_07e24132,removed,36441,16599,UNKNOWN
6bba_07e24132,removed,36442,16995,UNKNOWN
6bba_07e24132,removed,36443,17187,UNKNOWN
6bba_07e24132,removed,36444,17532,UNKNOWN
6bba_07e24132,removed,36445,17580,UNKNOWN
6bba_07e24132,removed,36446,17685,UNKNOWN
6bba_07e24132,removed,36447,17693,UNKNOWN
6bba_07e24132,removed,36448,17822,UNKNOWN
6bba_07e24132,removed,36450,17899,UNKNOWN
6bba_07e24132,removed,36451,18065,UNKNOWN
6bba_07e24132,removed,36452,18293,UNKNOWN
6bba_07e24132,removed,36453,18518,UNKNOWN
6bba_07e24132,removed,36454,18524,UNKNOWN
6bba_07e24132,removed,36455,18601,UNKNOWN
6bba_07e24132,removed,36456,18595,UNKNOWN
6bba_07e24132,removed,36458,18757,UNKNOWN
6bba_07e24132,removed,36459,18759,UNKNOWN
6bba_07e24132,removed,36460,18900,UNKNOWN
6bba_07e24132,removed,36461,18932,UNKNOWN
6bba_07e24132,removed,36462,19070,UNKNOWN
6bba_07e24132,removed,36463,19167,UNKNOWN
6bba_07e24132,removed,36464,19243,UNKNOWN
6bba_07e24132,removed,36465,19957,UNKNOWN
6bba_07e24132,removed,36466,20076,UNKNOWN
6bba_07e24132,removed,36467,20125,UNKNOWN
6bba_07e24132,removed,36468,20196,UNKNOWN
6bba_07e24132,removed,36469,21149,UNKNOWN
6bba_07e24132,removed,36470,21190,UNKNOWN
6bba_07e24132,removed,36471,21223,UNKNOWN
6bba_07e24132,removed,36472,21450,UNKNOWN
6bba_07e24132,removed,36473,21729,UNKNOWN
6bba_07e24132,removed,36474,21783,UNKNOWN
6bba_07e24132,removed,36475,21939,UNKNOWN
6bba_07e24132,removed,36476,21965,UNKNOWN
6bba_07e24132,removed,36477,22139,UNKNOWN
6bba_07e24132,removed,36478,22344,UNKNOWN
6bba_07e24132,removed,36479,22445,UNKNOWN
6bba_07e24132,removed,36480,22574,UNKNOWN
6bba_07e24132,removed,36481,22727,UNKNOWN
6bba_07e24132,removed,36482,22721,UNKNOWN
6bba_07e24132,removed,36484,23315,UNKNOWN
6bba_07e24132,removed,36485,23445,UNKNOWN
6bba_07e24132,removed,36486,23458,UNKNOWN
6bba_07e24132,removed,36487,23943,UNKNOWN
6bba_07e24132,removed,36488,24133,UNKNOWN
6bba_07e24132,removed,36489,24137,UNKNOWN
6bba_07e24132,removed,36490,24314,UNKNOWN
6bba_07e24132,removed,36491,24514,UNKNOWN
6bba_07e24132,removed,36492,24587,UNKNOWN
6bba_07e24132,removed,36493,24845,UNKNOWN
6bba_07e24132,removed,36494,24888,UNKNOWN
6bba_07e24132,removed,36495,24925,UNKNOWN
6bba_07e24132,removed,36496,24945,UNKNOWN
6bba_07e24132,removed,36497,25098,UNKNOWN
6bba_07e24132,removed,36498,25135,UNKNOWN
6bba_07e24132,removed,36499,25460,UNKNOWN
6bba_07e24132,removed,36500,25615,UNKNOWN
6bba_07e24132,removed,36502,26900,UNKNOWN
6bba_07e24132,removed,36503,27044,UNKNOWN
6bba_07e24132,removed,36504,27075,UNKNOWN
6bba_07e24132,removed,36505,27112,UNKNOWN
6bba_07e24132,removed,36506,27224,UNKNOWN
6bba_07e24132,removed,36507,27812,UNKNOWN
6bba_07e24132,removed,36510,28460,UNKNOWN
6bba_07e24132,removed,36512,28500,UNKNOWN
6bba_07e24132,removed,36513,28532,UNKNOWN
6bba_07e24132,removed,36514,28555,UNKNOWN
6bba_07e24132,removed,36515,28560,UNKNOWN
6bba_07e24132,removed,36516,28574,UNKNOWN
6bba_07e24132,removed,36517,28659,UNKNOWN
6bba_07e24132,removed,36518,28730,UNKNOWN
6bba_07e24132,removed,36519,28733,UNKNOWN
6bba_07e24132,removed,36520,28751,UNKNOWN
6bba_07e24132,removed,36521,28762,UNKNOWN
6bba_07e24132,removed,36522,28769,UNKNOWN
6bba_07e24132,removed,36523,28775,UNKNOWN
6bba_07e24132,removed,36524,28766,UNKNOWN
6bba_07e24132,removed,36525,28781,UNKNOWN
6bba_07e24132,removed,36526,28780,UNKNOWN
6bba_07e24132,removed,36527,28903,UNKNOWN
6bba_07e24132,removed,36528,29069,UNKNOWN
6bba_07e24132,removed,36529,29130,UNKNOWN
6bba_07e24132,removed,36530,29388,UNKNOWN
6bba_07e24132,removed,36531,29513,UNKNOWN
6bba_07e24132,removed,36532,29697,UNKNOWN
6bba_07e24132,removed,36533,29725,UNKNOWN
6bba_07e24132,removed,36534,29856,UNKNOWN
6bba_07e24132,removed,36536,30564,UNKNOWN
6bba_07e24132,removed,36537,30715,UNKNOWN
6bba_07e24132,removed,36538,31219,UNKNOWN
6bba_07e24132,removed,36539,31397,UNKNOWN
6bba_07e24132,removed,36540,31423,UNKNOWN
6bba_07e24132,removed,36541,31622,UNKNOWN
6bba_07e24132,removed,36542,31779,UNKNOWN
6bba_07e24132,removed,36543,31972,UNKNOWN
6bba_07e24132,removed,36544,32030,UNKNOWN
6bba_07e24132,removed,36545,32192,UNKNOWN
6bba_07e24132,removed,36546,32411,UNKNOWN
6bba_07e24132,removed,36547,32447,UNKNOWN
6bba_07e24132,removed,36548,32488,UNKNOWN
6bba_07e24132,removed,36549,33301,UNKNOWN
6bba_07e24132,removed,36550,33574,UNKNOWN
6bba_07e24132,removed,36551,33709,UNKNOWN
6bba_07e24132,removed,36553,33839,UNKNOWN
6bba_07e24132,removed,36554,33864,UNKNOWN
6bba_07e24132,removed,36555,33895,UNKNOWN
6bba_07e24132,removed,36556,33978,UNKNOWN
6bba_07e24132,removed,36557,33972,UNKNOWN
6bba_07e24132,removed,36558,34089,UNKNOWN
6bba_07e24132,removed,36559,34090,UNKNOWN
6bba_07e24132,removed,36560,34152,UNKNOWN
6bba_07e24132,removed,36561,34348,UNKNOWN
6bba_07e24132,removed,36562,34350,UNKNOWN
6bba_07e24132,removed,36563,34401,UNKNOWN
6bba_07e24132,removed,36564,34502,UNKNOWN
6bba_07e24132,removed,36565,34556,UNKNOWN
6bba_07e24132,removed,36566,34607,UNKNOWN
6bba_07e24132,removed,36567,34947,UNKNOWN
6bba_07e24132,removed,36568,34970,UNKNOWN
6bba_07e24132,removed,36569,35187,UNKNOWN
6bba_07e24132,removed,36570,36571,UNKNOWN
6bba_07e24132,removed,36571,10885,UNKNOWN
6bba_07e24132,removed,36572,36573,UNKNOWN
6bba_07e24132,removed,36573,25165,UNKNOWN
6bba_07e24132,removed,36574,36575,UNKNOWN
6bba_07e24132,removed,36575,31651,UNKNOWN
6bba_07e24132,removed,36576,36577,UNKNOWN
6bba_07e24132,removed,36577,13504,UNKNOWN
6bba_07e24132,removed,36579,15375,UNKNOWN
6bba_07e24132,removed,36581,26865,UNKNOWN
6bba_07e24132,removed,36583,4547,UNKNOWN
6bba_07e24132,removed,36585,3203,UNKNOWN
6bba_07e24132,removed,36587,13006,UNKNOWN
6bba_07e24132,removed,36589,27594,UNKNOWN
6bba_07e24132,removed,36591,28924,UNKNOWN
6bba_07e24132,removed,36593,29844,UNKNOWN
6bba_07e24132,removed,36595,16440,UNKNOWN
6bba_07e24132,removed,36597,18780,UNKNOWN
6bba_07e24132,removed,36599,23208,UNKNOWN
6bba_07e24132,removed,36601,26363,UNKNOWN
6bba_07e24132,removed,36603,16885,UNKNOWN
6bba_07e24132,removed,36605,3813,UNKNOWN
6bba_07e24132,removed,36607,6457,UNKNOWN
6bba_07e24132,removed,36609,6885,UNKNOWN
6bba_07e24132,removed,36611,7465,UNKNOWN
6bba_07e24132,removed,36613,34330,UNKNOWN
6bba_07e24132,removed,36615,11704,FP
6bba_07e24132,removed,36617,10852,UNKNOWN
6bba_07e24132,removed,36619,12653,UNKNOWN
6bba_07e24132,removed,36621,19431,UNKNOWN
6bba_07e24132,removed,36623,24699,FP
6bba_07e24132,removed,36625,33761,UNKNOWN
6bba_07e24132,removed,36627,17985,UNKNOWN
6bba_07e24132,removed,36629,31834,UNKNOWN
6bba_07e24132,removed,36631,7260,UNKNOWN
6bba_07e24132,removed,36633,9411,UNKNOWN
6bba_07e24132,removed,36635,13421,UNKNOWN
6bba_07e24132,removed,36637,34772,UNKNOWN
6bba_07e24132,removed,36639,4993,UNKNOWN
6bba_07e24132,removed,36641,35116,UNKNOWN
6bba_07e24132,removed,36643,28391,UNKNOWN
6bba_07e24132,removed,36645,32616,UNKNOWN
6bba_07e24132,removed,36647,8894,UNKNOWN
6bba_07e24132,removed,36649,22480,UNKNOWN
6bba_07e24132,removed,36651,14093,UNKNOWN
6bba_07e24132,removed,36653,16466,UNKNOWN
6bba_07e24132,removed,36655,17251,UNKNOWN
6bba_07e24132,removed,36657,18263,UNKNOWN
6bba_07e24132,removed,36659,9967,UNKNOWN
6bba_07e24132,removed,36661,28130,UNKNOWN
6bba_07e24132,removed,36663,34657,UNKNOWN
6bba_07e24132,removed,36665,19951,UNKNOWN
6bba_07e24132,removed,36667,2539,UNKNOWN
6bba_07e24132,removed,36669,21203,UNKNOWN
6bba_07e24132,removed,36671,21905,UNKNOWN
6bba_07e24132,removed,36673,30907,UNKNOWN
6bba_07e24132,removed,36675,23835,UNKNOWN
6bba_07e24132,removed,36677,20728,UNKNOWN
6bba_07e24132,removed,36679,20065,UNKNOWN
6bba_07e24132,removed,36681,12319,UNKNOWN
6bba_07e24132,removed,36683,25641,UNKNOWN
6bba_07e24132,removed,36685,32800,UNKNOWN
6bba_07e24132,added,433,870,UNKNOWN
6bba_07e24132,added,494,900,UNKNOWN
6bba_07e24132,added,677,1087,UNKNOWN
6bba_07e24132,added,1350,36674,UNKNOWN
6bba_07e24132,added,1553,1973,UNKNOWN
6bba_07e24132,added,1949,2351,UNKNOWN
6bba_07e24132,added,1960,36592,UNKNOWN
6bba_07e24132,added,1973,2380,UNKNOWN
6bba_07e24132,added,2380,2794,UNKNOWN
6bba_07e24132,added,2602,36614,UNKNOWN
6bba_07e24132,added,2794,3213,UNKNOWN
6bba_07e24132,added,3148,3557,UNKNOWN
6bba_07e24132,added,3160,36340,UNKNOWN
6bba_07e24132,added,3162,36341,UNKNOWN
6bba_07e24132,added,3294,36590,UNKNOWN
6bba_07e24132,added,3296,36342,UNKNOWN
6bba_07e24132,added,3340,36343,UNKNOWN
6bba_07e24132,added,3402,36344,UNKNOWN
6bba_07e24132,added,3425,36345,UNKNOWN
6bba_07e24132,added,3522,36346,UNKNOWN
6bba_07e24132,added,3617,4034,UNKNOWN
6bba_07e24132,added,3713,36646,UNKNOWN
6bba_07e24132,added,3736,36347,UNKNOWN
6bba_07e24132,added,3834,36348,UNKNOWN
6bba_07e24132,added,4153,36349,UNKNOWN
6bba_07e24132,added,4241,36350,UNKNOWN
6bba_07e24132,added,4349,4774,UNKNOWN
6bba_07e24132,added,4530,36351,UNKNOWN
6bba_07e24132,added,4692,36352,UNKNOWN
6bba_07e24132,added,4774,5232,UNKNOWN
6bba_07e24132,added,4919,36353,UNKNOWN
6bba_07e24132,added,5010,36354,UNKNOWN
6bba_07e24132,added,5178,36355,UNKNOWN
6bba_07e24132,added,5225,36616,UNKNOWN
6bba_07e24132,added,5232,5621,UNKNOWN
6bba_07e24132,added,5375,36357,UNKNOWN
6bba_07e24132,added,5434,36358,UNKNOWN
6bba_07e24132,added,5513,36359,UNKNOWN
6bba_07e24132,added,5639,6056,UNKNOWN
6bba_07e24132,added,5688,36618,UNKNOWN
6bba_07e24132,added,5894,36360,UNKNOWN
6bba_07e24132,added,6056,6463,UNKNOWN
6bba_07e24132,added,6098,36640,UNKNOWN
6bba_07e24132,added,6183,6591,UNKNOWN
6bba_07e24132,added,6313,36620,UNKNOWN
6bba_07e24132,added,6463,6847,UNKNOWN
6bba_07e24132,added,6751,36361,UNKNOWN
6bba_07e24132,added,6788,36362,UNKNOWN
6bba_07e24132,added,6847,7213,UNKNOWN
6bba_07e24132,added,6852,36363,UNKNOWN
6bba_07e24132,added,6886,7253,UNKNOWN
6bba_07e24132,added,7008,36364,UNKNOWN
6bba_07e24132,added,7253,7650,UNKNOWN
6bba_07e24132,added,7292,36366,UNKNOWN
6bba_07e24132,added,7450,36367,UNKNOWN
6bba_07e24132,added,7456,36368,UNKNOWN
6bba_07e24132,added,7501,36369,UNKNOWN
6bba_07e24132,added,7650,8052,UNKNOWN
6bba_07e24132,added,7663,36370,UNKNOWN
6bba_07e24132,added,7691,36654,UNKNOWN
6bba_07e24132,added,7707,36371,UNKNOWN
6bba_07e24132,added,7729,36372,UNKNOWN
6bba_07e24132,added,7912,8308,UNKNOWN
6bba_07e24132,added,7948,36373,UNKNOWN
6bba_07e24132,added,7999,36374,UNKNOWN
6bba_07e24132,added,8052,8452,UNKNOWN
6bba_07e24132,added,8053,8444,UNKNOWN
6bba_07e24132,added,8182,36692,UNKNOWN
6bba_07e24132,added,8287,8628,UNKNOWN
6bba_07e24132,added,8289,8632,UNKNOWN
6bba_07e24132,added,8296,8681,UNKNOWN
6bba_07e24132,added,8297,36376,UNKNOWN
6bba_07e24132,added,8308,8662,UNKNOWN
6bba_07e24132,added,8312,8676,UNKNOWN
6bba_07e24132,added,8354,36377,UNKNOWN
6bba_07e24132,added,8357,36378,UNKNOWN
6bba_07e24132,added,8371,8743,UNKNOWN
6bba_07e24132,added,8436,8850,UNKNOWN
6bba_07e24132,added,8443,8840,UNKNOWN
6bba_07e24132,added,8444,8811,UNKNOWN
6bba_07e24132,added,8449,8830,UNKNOWN
6bba_07e24132,added,8452,8824,UNKNOWN
6bba_07e24132,added,8456,36380,UNKNOWN
6bba_07e24132,added,8457,8855,UNKNOWN
6bba_07e24132,added,8472,8888,UNKNOWN
6bba_07e24132,added,8512,8929,UNKNOWN
6bba_07e24132,added,8524,8918,UNKNOWN
6bba_07e24132,added,8545,36382,UNKNOWN
6bba_07e24132,added,8555,36383,UNKNOWN
6bba_07e24132,added,8569,36610,UNKNOWN
6bba_07e24132,added,8587,8989,UNKNOWN
6bba_07e24132,added,8618,9092,UNKNOWN
6bba_07e24132,added,8636,9087,UNKNOWN
6bba_07e24132,added,8662,9113,UNKNOWN
6bba_07e24132,added,8677,9108,UNKNOWN
6bba_07e24132,added,8710,36384,UNKNOWN
6bba_07e24132,added,8730,9163,UNKNOWN
6bba_07e24132,added,8748,9182,UNKNOWN
6bba_07e24132,added,8760,9195,UNKNOWN
6bba_07e24132,added,8767,9191,UNKNOWN
6bba_07e24132,added,8797,9238,UNKNOWN
6bba_07e24132,added,8798,9231,UNKNOWN
6bba_07e24132,added,8801,9233,UNKNOWN
6bba_07e24132,added,8809,9248,UNKNOWN
6bba_07e24132,added,8821,9189,UNKNOWN
6bba_07e24132,added,8823,36385,UNKNOWN
6bba_07e24132,added,8834,9261,UNKNOWN
6bba_07e24132,added,8843,36386,UNKNOWN
6bba_07e24132,added,8857,9293,UNKNOWN
6bba_07e24132,added,8859,9295,UNKNOWN
6bba_07e24132,added,8886,9271,UNKNOWN
6bba_07e24132,added,8889,9318,UNKNOWN
6bba_07e24132,added,8917,9328,UNKNOWN
6bba_07e24132,added,8919,36662,UNKNOWN
6bba_07e24132,added,8947,9347,UNKNOWN
6bba_07e24132,added,8963,9380,UNKNOWN
6bba_07e24132,added,8966,9387,UNKNOWN
6bba_07e24132,added,8970,9393,UNKNOWN
6bba_07e24132,added,8987,9402,UNKNOWN
6bba_07e24132,added,8993,9408,UNKNOWN
6bba_07e24132,added,8995,9411,UNKNOWN
6bba_07e24132,added,9003,9425,UNKNOWN
6bba_07e24132,added,9006,9424,UNKNOWN
6bba_07e24132,added,9078,36387,UNKNOWN
6bba_07e24132,added,9169,36388,UNKNOWN
6bba_07e24132,added,9179,9564,UNKNOWN
6bba_07e24132,added,9191,9577,UNKNOWN
6bba_07e24132,added,9204,36389,UNKNOWN
6bba_07e24132,added,9235,36390,UNKNOWN
6bba_07e24132,added,9245,9607,UNKNOWN
6bba_07e24132,added,9320,36391,UNKNOWN
6bba_07e24132,added,9356,36392,UNKNOWN
6bba_07e24132,added,9357,36393,UNKNOWN
6bba_07e24132,added,9577,9938,UNKNOWN
6bba_07e24132,added,9760,36626,UNKNOWN
6bba_07e24132,added,9791,36578,UNKNOWN
6bba_07e24132,added,9840,36395,UNKNOWN
6bba_07e24132,added,9907,36396,UNKNOWN
6bba_07e24132,added,9925,36397,UNKNOWN
6bba_07e24132,added,9930,36398,UNKNOWN
6bba_07e24132,added,9938,10289,UNKNOWN
6bba_07e24132,added,9961,36399,UNKNOWN
6bba_07e24132,added,10038,10381,UNKNOWN
6bba_07e24132,added,10131,36400,UNKNOWN
6bba_07e24132,added,10191,36401,UNKNOWN
6bba_07e24132,added,10239,36402,UNKNOWN
6bba_07e24132,added,10268,10641,UNKNOWN
6bba_07e24132,added,10289,10656,UNKNOWN
6bba_07e24132,added,10381,10747,UNKNOWN
6bba_07e24132,added,10450,36403,UNKNOWN
6bba_07e24132,added,10570,36624,UNKNOWN
6bba_07e24132,added,10747,11133,UNKNOWN
6bba_07e24132,added,10791,36405,UNKNOWN
6bba_07e24132,added,10976,36406,UNKNOWN
6bba_07e24132,added,11098,36407,UNKNOWN
6bba_07e24132,added,11129,36408,UNKNOWN
6bba_07e24132,added,11187,36686,UNKNOWN
6bba_07e24132,added,11188,36409,UNKNOWN
6bba_07e24132,added,11284,36410,UNKNOWN
6bba_07e24132,added,11285,36411,UNKNOWN
6bba_07e24132,added,11300,36412,UNKNOWN
6bba_07e24132,added,11301,36413,UNKNOWN
6bba_07e24132,added,11336,11686,UNKNOWN
6bba_07e24132,added,11381,36414,UNKNOWN
6bba_07e24132,added,11383,36415,UNKNOWN
6bba_07e24132,added,11525,36416,UNKNOWN
6bba_07e24132,added,11532,36628,UNKNOWN
6bba_07e24132,added,11599,36417,UNKNOWN
6bba_07e24132,added,11753,36418,UNKNOWN
6bba_07e24132,added,11870,36594,UNKNOWN
6bba_07e24132,added,12129,36419,UNKNOWN
6bba_07e24132,added,12257,36420,UNKNOWN
6bba_07e24132,added,12258,36421,UNKNOWN
6bba_07e24132,added,12286,36642,UNKNOWN
6bba_07e24132,added,12364,36422,UNKNOWN
6bba_07e24132,added,12395,36584,UNKNOWN
6bba_07e24132,added,12469,36423,UNKNOWN
6bba_07e24132,added,12542,36425,UNKNOWN
6bba_07e24132,added,12627,36426,UNKNOWN
6bba_07e24132,added,12825,36427,UNKNOWN
6bba_07e24132,added,12998,36658,UNKNOWN
6bba_07e24132,added,13080,36428,UNKNOWN
6bba_07e24132,added,13239,36430,UNKNOWN
6bba_07e24132,added,13335,36431,UNKNOWN
6bba_07e24132,added,13441,36432,UNKNOWN
6bba_07e24132,added,13522,36433,UNKNOWN
6bba_07e24132,added,13525,36434,UNKNOWN
6bba_07e24132,added,13573,36435,UNKNOWN
6bba_07e24132,added,13689,36436,UNKNOWN
6bba_07e24132,added,13821,36437,UNKNOWN
6bba_07e24132,added,13879,36438,UNKNOWN
6bba_07e24132,added,13924,36439,UNKNOWN
6bba_07e24132,added,14019,36440,UNKNOWN
6bba_07e24132,added,14046,36441,UNKNOWN
6bba_07e24132,added,14183,36442,UNKNOWN
6bba_07e24132,added,14240,36586,UNKNOWN
6bba_07e24132,added,14271,36443,UNKNOWN
6bba_07e24132,added,14692,36444,UNKNOWN
6bba_07e24132,added,15348,36602,UNKNOWN
6bba_07e24132,added,15373,36660,UNKNOWN
6bba_07e24132,added,15414,36445,UNKNOWN
6bba_07e24132,added,15791,16134,UNKNOWN
6bba_07e24132,added,15808,36612,UNKNOWN
6bba_07e24132,added,15874,36446,UNKNOWN
6bba_07e24132,added,16170,36664,UNKNOWN
6bba_07e24132,added,16254,36447,UNKNOWN
6bba_07e24132,added,16276,36448,UNKNOWN
6bba_07e24132,added,16485,36449,UNKNOWN
6bba_07e24132,added,16602,16960,UNKNOWN
6bba_07e24132,added,16891,36450,UNKNOWN
6bba_07e24132,added,16918,36451,UNKNOWN
6bba_07e24132,added,17003,36636,UNKNOWN
6bba_07e24132,added,17018,36452,UNKNOWN
6bba_07e24132,added,17034,36453,UNKNOWN
6bba_07e24132,added,17191,36454,UNKNOWN
6bba_07e24132,added,17240,36456,UNKNOWN
6bba_07e24132,added,17302,36666,UNKNOWN
6bba_07e24132,added,17414,36457,UNKNOWN
6bba_07e24132,added,17660,17983,UNKNOWN
6bba_07e24132,added,17668,36458,UNKNOWN
6bba_07e24132,added,17868,36604,UNKNOWN
6bba_07e24132,added,17908,36459,UNKNOWN
6bba_07e24132,added,17915,36460,UNKNOWN
6bba_07e24132,added,17986,36461,UNKNOWN
6bba_07e24132,added,17994,36462,UNKNOWN
6bba_07e24132,added,18155,36464,UNKNOWN
6bba_07e24132,added,18164,36465,UNKNOWN
6bba_07e24132,added,18296,36466,UNKNOWN
6bba_07e24132,added,18338,36467,UNKNOWN
6bba_07e24132,added,18449,36468,UNKNOWN
6bba_07e24132,added,18458,36630,UNKNOWN
6bba_07e24132,added,18528,36469,UNKNOWN
6bba_07e24132,added,18591,36470,UNKNOWN
6bba_07e24132,added,18847,19164,UNKNOWN
6bba_07e24132,added,18851,19195,UNKNOWN
6bba_07e24132,added,18909,36672,UNKNOWN
6bba_07e24132,added,19016,19428,UNKNOWN
6bba_07e24132,added,19219,19578,UNKNOWN
6bba_07e24132,added,19254,36472,UNKNOWN
6bba_07e24132,added,19422,36473,UNKNOWN
6bba_07e24132,added,19440,36474,UNKNOWN
6bba_07e24132,added,19523,36475,UNKNOWN
6bba_07e24132,added,19675,36682,UNKNOWN
6bba_07e24132,added,19912,20250,UNKNOWN
6bba_07e24132,added,20130,36676,UNKNOWN
6bba_07e24132,added,20437,36476,UNKNOWN
6bba_07e24132,added,20499,36477,UNKNOWN
6bba_07e24132,added,20501,36478,UNKNOWN
6bba_07e24132,added,20732,36479,UNKNOWN
6bba_07e24132,added,20817,36684,UNKNOWN
6bba_07e24132,added,20996,36480,UNKNOWN
6bba_07e24132,added,21006,21376,UNKNOWN
6bba_07e24132,added,21019,21404,UNKNOWN
6bba_07e24132,added,21050,36481,UNKNOWN
6bba_07e24132,added,21214,36482,UNKNOWN
6bba_07e24132,added,21251,36483,UNKNOWN
6bba_07e24132,added,21425,36656,UNKNOWN
6bba_07e24132,added,21431,36484,UNKNOWN
6bba_07e24132,added,21550,21905,UNKNOWN
6bba_07e24132,added,21629,36485,UNKNOWN
6bba_07e24132,added,21732,36486,UNKNOWN
6bba_07e24132,added,21854,36487,UNKNOWN
6bba_07e24132,added,22015,36488,UNKNOWN
6bba_07e24132,added,22030,36489,UNKNOWN
6bba_07e24132,added,22174,36606,UNKNOWN
6bba_07e24132,added,22641,36491,UNKNOWN
6bba_07e24132,added,22760,36492,UNKNOWN
6bba_07e24132,added,22787,36493,UNKNOWN
6bba_07e24132,added,22842,36680,UNKNOWN
6bba_07e24132,added,23298,36494,UNKNOWN
6bba_07e24132,added,23504,36495,UNKNOWN
6bba_07e24132,added,23508,36496,UNKNOWN
6bba_07e24132,added,23602,36634,UNKNOWN
6bba_07e24132,added,23699,36497,UNKNOWN
6bba_07e24132,added,23899,36498,UNKNOWN
6bba_07e24132,added,23959,36499,UNKNOWN
6bba_07e24132,added,24182,36580,UNKNOWN
6bba_07e24132,added,24201,36500,UNKNOWN
6bba_07e24132,added,24243,36501,UNKNOWN
6bba_07e24132,added,24269,36502,UNKNOWN
6bba_07e24132,added,24288,36503,UNKNOWN
6bba_07e24132,added,24363,24699,TP
6bba_07e24132,added,24397,24727,UNKNOWN
6bba_07e24132,added,24409,36504,UNKNOWN
6bba_07e24132,added,24418,24746,UNKNOWN
6bba_07e24132,added,24454,36505,UNKNOWN
6bba_07e24132,added,24601,36688,UNKNOWN
6bba_07e24132,added,24691,25029,UNKNOWN
6bba_07e24132,added,24789,36506,UNKNOWN
6bba_07e24132,added,24899,25216,UNKNOWN
6bba_07e24132,added,24939,36507,UNKNOWN
6bba_07e24132,added,25368,36608,UNKNOWN
6bba_07e24132,added,25891,36588,UNKNOWN
6bba_07e24132,added,25978,26297,UNKNOWN
6bba_07e24132,added,26197,36509,UNKNOWN
6bba_07e24132,added,26368,36510,UNKNOWN
6bba_07e24132,added,26395,36511,UNKNOWN
6bba_07e24132,added,26432,36512,UNKNOWN
6bba_07e24132,added,26520,36596,UNKNOWN
6bba_07e24132,added,26530,36513,UNKNOWN
6bba_07e24132,added,26724,27088,UNKNOWN
6bba_07e24132,added,26736,27092,UNKNOWN
6bba_07e24132,added,26978,36668,UNKNOWN
6bba_07e24132,added,27067,36514,UNKNOWN
6bba_07e24132,added,27088,27470,UNKNOWN
6bba_07e24132,added,27154,27538,UNKNOWN
6bba_07e24132,added,27225,36650,UNKNOWN
6bba_07e24132,added,27470,27821,UNKNOWN
6bba_07e24132,added,27538,27889,UNKNOWN
6bba_07e24132,added,27663,36517,UNKNOWN
6bba_07e24132,added,27687,36598,UNKNOWN
6bba_07e24132,added,27690,28029,UNKNOWN
6bba_07e24132,added,27695,28050,UNKNOWN
6bba_07e24132,added,27698,28036,UNKNOWN
6bba_07e24132,added,27701,36519,UNKNOWN
6bba_07e24132,added,27704,36520,UNKNOWN
6bba_07e24132,added,27718,28087,UNKNOWN
6bba_07e24132,added,27728,36521,UNKNOWN
6bba_07e24132,added,27731,36522,UNKNOWN
6bba_07e24132,added,27737,36523,UNKNOWN
6bba_07e24132,added,27755,28107,UNKNOWN
6bba_07e24132,added,27762,28129,UNKNOWN
6bba_07e24132,added,27799,28196,UNKNOWN
6bba_07e24132,added,27843,28290,UNKNOWN
6bba_07e24132,added,27846,28267,UNKNOWN
6bba_07e24132,added,27860,28291,UNKNOWN
6bba_07e24132,added,27861,28271,UNKNOWN
6bba_07e24132,added,27871,36524,UNKNOWN
6bba_07e24132,added,27875,36525,UNKNOWN
6bba_07e24132,added,27877,28289,UNKNOWN
6bba_07e24132,added,27882,28294,UNKNOWN
6bba_07e24132,added,27889,36526,UNKNOWN
6bba_07e24132,added,27890,36527,UNKNOWN
6bba_07e24132,added,27895,36528,UNKNOWN
6bba_07e24132,added,27900,36529,UNKNOWN
6bba_07e24132,added,27902,28322,UNKNOWN
6bba_07e24132,added,27905,36530,UNKNOWN
6bba_07e24132,added,27906,36531,UNKNOWN
6bba_07e24132,added,27997,28394,UNKNOWN
6bba_07e24132,added,27998,28453,UNKNOWN
6bba_07e24132,added,28013,28464,UNKNOWN
6bba_07e24132,added,28019,28479,UNKNOWN
6bba_07e24132,added,28031,36533,UNKNOWN
6bba_07e24132,added,28050,28507,UNKNOWN
6bba_07e24132,added,28082,28544,UNKNOWN
6bba_07e24132,added,28107,28573,UNKNOWN
6bba_07e24132,added,28117,28582,UNKNOWN
6bba_07e24132,added,28126,28553,UNKNOWN
6bba_07e24132,added,28129,28587,UNKNOWN
6bba_07e24132,added,28132,28594,UNKNOWN
6bba_07e24132,added,28147,28591,UNKNOWN
6bba_07e24132,added,28151,28609,UNKNOWN
6bba_07e24132,added,28161,28615,UNKNOWN
6bba_07e24132,added,28164,28600,UNKNOWN
6bba_07e24132,added,28192,28616,UNKNOWN
6bba_07e24132,added,28196,28652,UNKNOWN
6bba_07e24132,added,28200,28656,UNKNOWN
6bba_07e24132,added,28201,28642,UNKNOWN
6bba_07e24132,added,28203,28659,UNKNOWN
6bba_07e24132,added,28227,36534,UNKNOWN
6bba_07e24132,added,28240,28693,UNKNOWN
6bba_07e24132,added,28267,28718,UNKNOWN
6bba_07e24132,added,28289,28737,UNKNOWN
6bba_07e24132,added,28293,28748,UNKNOWN
6bba_07e24132,added,28305,36535,UNKNOWN
6bba_07e24132,added,28314,28750,UNKNOWN
6bba_07e24132,added,28317,28755,UNKNOWN
6bba_07e24132,added,28329,28780,UNKNOWN
6bba_07e24132,added,28330,28781,UNKNOWN
6bba_07e24132,added,28333,28786,UNKNOWN
6bba_07e24132,added,28587,29009,UNKNOWN
6bba_07e24132,added,28589,36536,UNKNOWN
6bba_07e24132,added,28676,36600,UNKNOWN
6bba_07e24132,added,28737,36537,UNKNOWN
6bba_07e24132,added,28952,36538,UNKNOWN
6bba_07e24132,added,28986,36539,UNKNOWN
6bba_07e24132,added,29009,29387,UNKNOWN
6bba_07e24132,added,29101,36540,UNKNOWN
6bba_07e24132,added,29387,29759,UNKNOWN
6bba_07e24132,added,29410,29782,UNKNOWN
6bba_07e24132,added,29733,30099,UNKNOWN
6bba_07e24132,added,29778,36678,UNKNOWN
6bba_07e24132,added,29782,30136,UNKNOWN
6bba_07e24132,added,29850,36542,UNKNOWN
6bba_07e24132,added,30005,36543,UNKNOWN
6bba_07e24132,added,30099,30449,UNKNOWN
6bba_07e24132,added,30317,36544,UNKNOWN
6bba_07e24132,added,30378,30721,UNKNOWN
6bba_07e24132,added,30449,36545,UNKNOWN
6bba_07e24132,added,30457,36546,UNKNOWN
6bba_07e24132,added,30565,36582,UNKNOWN
6bba_07e24132,added,30633,36547,UNKNOWN
6bba_07e24132,added,30682,36548,UNKNOWN
6bba_07e24132,added,30753,36638,UNKNOWN
6bba_07e24132,added,30919,36549,UNKNOWN
6bba_07e24132,added,31119,36550,UNKNOWN
6bba_07e24132,added,31207,31554,UNKNOWN
6bba_07e24132,added,31290,36551,UNKNOWN
6bba_07e24132,added,31356,36552,UNKNOWN
6bba_07e24132,added,31467,31790,UNKNOWN
6bba_07e24132,added,31469,31791,UNKNOWN
6bba_07e24132,added,31510,36553,UNKNOWN
6bba_07e24132,added,31568,31929,UNKNOWN
6bba_07e24132,added,31604,36652,UNKNOWN
6bba_07e24132,added,31726,36554,UNKNOWN
6bba_07e24132,added,31762,36555,UNKNOWN
6bba_07e24132,added,31803,36556,UNKNOWN
6bba_07e24132,added,31804,36690,UNKNOWN
6bba_07e24132,added,31902,32254,UNKNOWN
6bba_07e24132,added,32623,36557,UNKNOWN
6bba_07e24132,added,32764,36632,UNKNOWN
6bba_07e24132,added,32889,36558,UNKNOWN
6bba_07e24132,added,33034,36559,UNKNOWN
6bba_07e24132,added,33126,36561,UNKNOWN
6bba_07e24132,added,33194,36562,UNKNOWN
6bba_07e24132,added,33221,36563,UNKNOWN
6bba_07e24132,added,33323,36564,UNKNOWN
6bba_07e24132,added,33324,36565,UNKNOWN
6bba_07e24132,added,33361,36622,UNKNOWN
6bba_07e24132,added,33450,36566,UNKNOWN
6bba_07e24132,added,33451,36567,UNKNOWN
6bba_07e24132,added,33498,33827,UNKNOWN
6bba_07e24132,added,33528,36568,UNKNOWN
6bba_07e24132,added,33700,36670,UNKNOWN
6bba_07e24132,added,33716,36569,UNKNOWN
6bba_07e24132,added,33717,36570,UNKNOWN
6bba_07e24132,added,33765,36571,UNKNOWN
6bba_07e24132,added,33818,36644,UNKNOWN
6bba_07e24132,added,33827,34143,UNKNOWN
6bba_07e24132,added,33883,36572,UNKNOWN
6bba_07e24132,added,33918,36573,UNKNOWN
6bba_07e24132,added,33967,36574,UNKNOWN
6bba_07e24132,added,34106,36648,UNKNOWN
6bba_07e24132,added,34143,34467,UNKNOWN
6bba_07e24132,added,34294,36575,UNKNOWN
6bba_07e24132,added,34313,36576,UNKNOWN
6bba_07e24132,added,34467,34802,UNKNOWN
6bba_07e24132,added,34531,36577,UNKNOWN
6bba_07e24132,added,34802,35140,UNKNOWN
6bba_07e24132,added,34969,35294,UNKNOWN
6bba_07e24132,added,36340,3953,UNKNOWN
6bba_07e24132,added,36341,3981,UNKNOWN
6bba_07e24132,added,36342,4104,UNKNOWN
6bba_07e24132,added,36343,4154,UNKNOWN
6bba_07e24132,added,36344,4232,UNKNOWN
6bba_07e24132,added,36345,4261,UNKNOWN
6bba_07e24132,added,36346,4374,UNKNOWN
6bba_07e24132,added,36347,4594,UNKNOWN
6bba_07e24132,added,36348,4681,UNKNOWN
6bba_07e24132,added,36349,5023,UNKNOWN
6bba_07e24132,added,36350,5083,UNKNOWN
6bba_07e24132,added,36351,5381,UNKNOWN
6bba_07e24132,added,36352,5549,UNKNOWN
6bba_07e24132,added,36353,5754,UNKNOWN
6bba_07e24132,added,36354,5837,UNKNOWN
6bba_07e24132,added,36355,6002,UNKNOWN
6bba_07e24132,added,36357,6190,UNKNOWN
6bba_07e24132,added,36358,6264,UNKNOWN
6bba_07e24132,added,36359,6314,UNKNOWN
6bba_07e24132,added,36360,6743,UNKNOWN
6bba_07e24132,added,36361,7507,UNKNOWN
6bba_07e24132,added,36362,7533,UNKNOWN
6bba_07e24132,added,36363,7611,UNKNOWN
6bba_07e24132,added,36364,7785,UNKNOWN
6bba_07e24132,added,36366,8106,UNKNOWN
6bba_07e24132,added,36367,8244,UNKNOWN
6bba_07e24132,added,36368,8247,UNKNOWN
6bba_07e24132,added,36369,8258,UNKNOWN
6bba_07e24132,added,36370,8453,UNKNOWN
6bba_07e24132,added,36371,8489,UNKNOWN
6bba_07e24132,added,36372,8514,UNKNOWN
6bba_07e24132,added,36373,8711,UNKNOWN
6bba_07e24132,added,36374,8768,UNKNOWN
6bba_07e24132,added,36376,9056,UNKNOWN
6bba_07e24132,added,36377,9154,UNKNOWN
6bba_07e24132,added,36378,9180,UNKNOWN
6bba_07e24132,added,36380,9262,UNKNOWN
6bba_07e24132,added,36382,9365,UNKNOWN
6bba_07e24132,added,36383,9375,UNKNOWN
6bba_07e24132,added,36384,9504,UNKNOWN
6bba_07e24132,added,36385,9613,UNKNOWN
6bba_07e24132,added,36386,9637,UNKNOWN
6bba_07e24132,added,36387,9821,UNKNOWN
6bba_07e24132,added,36388,9920,UNKNOWN
6bba_07e24132,added,36389,9946,UNKNOWN
6bba_07e24132,added,36390,9977,UNKNOWN
6bba_07e24132,added,36391,10057,UNKNOWN
6bba_07e24132,added,36392,10089,UNKNOWN
6bba_07e24132,added,36393,10095,UNKNOWN
6bba_07e24132,added,36395,10548,UNKNOWN
6bba_07e24132,added,36396,10623,UNKNOWN
6bba_07e24132,added,36397,10634,UNKNOWN
6bba_07e24132,added,36398,10651,UNKNOWN
6bba_07e24132,added,36399,10664,UNKNOWN
6bba_07e24132,added,36400,10848,UNKNOWN
6bba_07e24132,added,36401,10920,UNKNOWN
6bba_07e24132,added,36402,10977,UNKNOWN
6bba_07e24132,added,36403,11215,UNKNOWN
6bba_07e24132,added,36405,11541,UNKNOWN
6bba_07e24132,added,36406,11712,UNKNOWN
6bba_07e24132,added,36407,11853,UNKNOWN
6bba_07e24132,added,36408,11891,UNKNOWN
6bba_07e24132,added,36409,11959,UNKNOWN
6bba_07e24132,added,36410,12038,UNKNOWN
6bba_07e24132,added,36411,12020,UNKNOWN
6bba_07e24132,added,36412,12053,UNKNOWN
6bba_07e24132,added,36413,12054,UNKNOWN
6bba_07e24132,added,36414,12139,UNKNOWN
6bba_07e24132,added,36415,12141,UNKNOWN
6bba_07e24132,added,36416,12265,UNKNOWN
6bba_07e24132,added,36417,12346,UNKNOWN
6bba_07e24132,added,36418,12505,UNKNOWN
6bba_07e24132,added,36419,12871,UNKNOWN
6bba_07e24132,added,36420,13008,UNKNOWN
6bba_07e24132,added,36421,12985,UNKNOWN
6bba_07e24132,added,36422,13119,UNKNOWN
6bba_07e24132,added,36423,13189,UNKNOWN
6bba_07e24132,added,36425,13279,UNKNOWN
6bba_07e24132,added,36426,13365,UNKNOWN
6bba_07e24132,added,36427,13578,UNKNOWN
6bba_07e24132,added,36428,13802,UNKNOWN
6bba_07e24132,added,36430,13945,UNKNOWN
6bba_07e24132,added,36431,14039,UNKNOWN
6bba_07e24132,added,36432,14154,UNKNOWN
6bba_07e24132,added,36433,14263,UNKNOWN
6bba_07e24132,added,36434,14245,UNKNOWN
6bba_07e24132,added,36435,14301,UNKNOWN
6bba_07e24132,added,36436,14425,UNKNOWN
6bba_07e24132,added,36437,14544,UNKNOWN
6bba_07e24132,added,36438,14618,UNKNOWN
6bba_07e24132,added,36439,14645,UNKNOWN
6bba_07e24132,added,36440,14761,UNKNOWN
6bba_07e24132,added,36441,14787,UNKNOWN
6bba_07e24132,added,36442,14948,UNKNOWN
6bba_07e24132,added,36443,14994,UNKNOWN
6bba_07e24132,added,36444,15455,UNKNOWN
6bba_07e24132,added,36445,16109,UNKNOWN
6bba_07e24132,added,36446,16599,UNKNOWN
6bba_07e24132,added,36447,16955,UNKNOWN
6bba_07e24132,added,36448,16995,UNKNOWN
6bba_07e24132,added,36449,17187,UNKNOWN
6bba_07e24132,added,36450,17532,UNKNOWN
6bba_07e24132,added,36451,17580,UNKNOWN
6bba_07e24132,added,36452,17685,UNKNOWN
6bba_07e24132,added,36453,17693,UNKNOWN
6bba_07e24132,added,36454,17822,UNKNOWN
6bba_07e24132,added,36456,17899,UNKNOWN
6bba_07e24132,added,36457,18065,UNKNOWN
6bba_07e24132,added,36458,18293,UNKNOWN
6bba_07e24132,added,36459,18518,UNKNOWN
6bba_07e24132,added,36460,18524,UNKNOWN
6bba_07e24132,added,36461,18601,UNKNOWN
6bba_07e24132,added,36462,18595,UNKNOWN
6bba_07e24132,added,36464,18757,UNKNOWN
6bba_07e24132,added,36465,18759,UNKNOWN
6bba_07e24132,added,36466,18900,UNKNOWN
6bba_07e24132,added,36467,18932,UNKNOWN
6bba_07e24132,added,36468,19070,UNKNOWN
6bba_07e24132,added,36469,19167,UNKNOWN
6bba_07e24132,added,36470,19243,UNKNOWN
6bba_07e24132,added,36472,19957,UNKNOWN
6bba_07e24132,added,36473,20076,UNKNOWN
6bba_07e24132,added,36474,20125,UNKNOWN
6bba_07e24132,added,36475,20196,UNKNOWN
6bba_07e24132,added,36476,21149,UNKNOWN
6bba_07e24132,added,36477,21190,UNKNOWN
6bba_07e24132,added,36478,21223,UNKNOWN
6bba_07e24132,added,36479,21450,UNKNOWN
6bba_07e24132,added,36480,21729,UNKNOWN
6bba_07e24132,added,36481,21783,UNKNOWN
6bba_07e24132,added,36482,21939,UNKNOWN
6bba_07e24132,added,36483,21965,UNKNOWN
6bba_07e24132,added,36484,22139,UNKNOWN
6bba_07e24132,added,36485,22344,UNKNOWN
6bba_07e24132,added,36486,22445,UNKNOWN
6bba_07e24132,added,36487,22574,UNKNOWN
6bba_07e24132,added,36488,22727,UNKNOWN
6bba_07e24132,added,36489,22721,UNKNOWN
6bba_07e24132,added,36491,23315,UNKNOWN
6bba_07e24132,added,36492,23445,UNKNOWN
6bba_07e24132,added,36493,23458,UNKNOWN
6bba_07e24132,added,36494,23943,UNKNOWN
6bba_07e24132,added,36495,24133,UNKNOWN
6bba_07e24132,added,36496,24137,UNKNOWN
6bba_07e24132,added,36497,24314,UNKNOWN
6bba_07e24132,added,36498,24514,UNKNOWN
6bba_07e24132,added,36499,24587,UNKNOWN
6bba_07e24132,added,36500,24845,UNKNOWN
6bba_07e24132,added,36501,24888,UNKNOWN
6bba_07e24132,added,36502,24925,UNKNOWN
6bba_07e24132,added,36503,24945,UNKNOWN
6bba_07e24132,added,36504,25098,UNKNOWN
6bba_07e24132,added,36505,25135,UNKNOWN
6bba_07e24132,added,36506,25460,UNKNOWN
6bba_07e24132,added,36507,25615,UNKNOWN
6bba_07e24132,added,36509,26900,UNKNOWN
6bba_07e24132,added,36510,27044,UNKNOWN
6bba_07e24132,added,36511,27075,UNKNOWN
6bba_07e24132,added,36512,27112,UNKNOWN
6bba_07e24132,added,36513,27224,UNKNOWN
6bba_07e24132,added,36514,27812,UNKNOWN
6bba_07e24132,added,36517,28460,UNKNOWN
6bba_07e24132,added,36519,28500,UNKNOWN
6bba_07e24132,added,36520,28538,UNKNOWN
6bba_07e24132,added,36521,28532,UNKNOWN
6bba_07e24132,added,36522,28555,UNKNOWN
6bba_07e24132,added,36523,28560,UNKNOWN
6bba_07e24132,added,36524,28730,UNKNOWN
6bba_07e24132,added,36525,28733,UNKNOWN
6bba_07e24132,added,36526,28753,UNKNOWN
6bba_07e24132,added,36527,28751,UNKNOWN
6bba_07e24132,added,36528,28762,UNKNOWN
6bba_07e24132,added,36529,28767,UNKNOWN
6bba_07e24132,added,36530,28766,UNKNOWN
6bba_07e24132,added,36531,28769,UNKNOWN
6bba_07e24132,added,36533,28903,UNKNOWN
6bba_07e24132,added,36534,29069,UNKNOWN
6bba_07e24132,added,36535,29130,UNKNOWN
6bba_07e24132,added,36536,29388,UNKNOWN
6bba_07e24132,added,36537,29513,UNKNOWN
6bba_07e24132,added,36538,29697,UNKNOWN
6bba_07e24132,added,36539,29725,UNKNOWN
6bba_07e24132,added,36540,29856,UNKNOWN
6bba_07e24132,added,36542,30564,UNKNOWN
6bba_07e24132,added,36543,30715,UNKNOWN
6bba_07e24132,added,36544,31075,UNKNOWN
6bba_07e24132,added,36545,31210,UNKNOWN
6bba_07e24132,added,36546,31219,UNKNOWN
6bba_07e24132,added,36547,31397,UNKNOWN
6bba_07e24132,added,36548,31423,UNKNOWN
6bba_07e24132,added,36549,31622,UNKNOWN
6bba_07e24132,added,36550,31779,UNKNOWN
6bba_07e24132,added,36551,31972,UNKNOWN
6bba_07e24132,added,36552,32030,UNKNOWN
6bba_07e24132,added,36553,32192,UNKNOWN
6bba_07e24132,added,36554,32411,UNKNOWN
6bba_07e24132,added,36555,32447,UNKNOWN
6bba_07e24132,added,36556,32488,UNKNOWN
6bba_07e24132,added,36557,33301,UNKNOWN
6bba_07e24132,added,36558,33574,UNKNOWN
6bba_07e24132,added,36559,33709,UNKNOWN
6bba_07e24132,added,36561,33839,UNKNOWN
6bba_07e24132,added,36562,33864,UNKNOWN
6bba_07e24132,added,36563,33895,UNKNOWN
6bba_07e24132,added,36564,33978,UNKNOWN
6bba_07e24132,added,36565,33972,UNKNOWN
6bba_07e24132,added,36566,34089,UNKNOWN
6bba_07e24132,added,36567,34090,UNKNOWN
6bba_07e24132,added,36568,34152,UNKNOWN
6bba_07e24132,added,36569,34348,UNKNOWN
6bba_07e24132,added,36570,34350,UNKNOWN
6bba_07e24132,added,36571,34401,UNKNOWN
6bba_07e24132,added,36572,34502,UNKNOWN
6bba_07e24132,added,36573,34556,UNKNOWN
6bba_07e24132,added,36574,34607,UNKNOWN
6bba_07e24132,added,36575,34947,UNKNOWN
6bba_07e24132,added,36576,34970,UNKNOWN
6bba_07e24132,added,36577,35187,UNKNOWN
6bba_07e24132,added,36579,10885,UNKNOWN
6bba_07e24132,added,36581,25165,UNKNOWN
6bba_07e24132,added,36583,31651,UNKNOWN
6bba_07e24132,added,36585,13504,UNKNOWN
6bba_07e24132,added,36587,15375,UNKNOWN
6bba_07e24132,added,36589,26865,UNKNOWN
6bba_07e24132,added,36591,4547,UNKNOWN
6bba_07e24132,added,36593,3203,UNKNOWN
6bba_07e24132,added,36595,13006,UNKNOWN
6bba_07e24132,added,36597,27594,UNKNOWN
6bba_07e24132,added,36599,28924,UNKNOWN
6bba_07e24132,added,36601,29844,UNKNOWN
6bba_07e24132,added,36603,16440,UNKNOWN
6bba_07e24132,added,36605,18780,UNKNOWN
6bba_07e24132,added,36607,23208,UNKNOWN
6bba_07e24132,added,36609,26363,UNKNOWN
6bba_07e24132,added,36611,9750,UNKNOWN
6bba_07e24132,added,36613,16885,UNKNOWN
6bba_07e24132,added,36615,3813,UNKNOWN
6bba_07e24132,added,36617,6457,UNKNOWN
6bba_07e24132,added,36619,6885,UNKNOWN
6bba_07e24132,added,36621,7465,UNKNOWN
6bba_07e24132,added,36623,34330,UNKNOWN
6bba_07e24132,added,36625,11704,FP
6bba_07e24132,added,36627,10852,UNKNOWN
6bba_07e24132,added,36629,12653,UNKNOWN
6bba_07e24132,added,36631,19431,UNKNOWN
6bba_07e24132,added,36633,33761,UNKNOWN
6bba_07e24132,added,36635,24521,UNKNOWN
6bba_07e24132,added,36637,17985,UNKNOWN
6bba_07e24132,added,36639,31834,UNKNOWN
6bba_07e24132,added,36641,7260,UNKNOWN
6bba_07e24132,added,36643,13421,UNKNOWN
6bba_07e24132,added,36645,34772,UNKNOWN
6bba_07e24132,added,36647,4993,UNKNOWN
6bba_07e24132,added,36649,35116,UNKNOWN
6bba_07e24132,added,36651,28391,UNKNOWN
6bba_07e24132,added,36653,32616,UNKNOWN
6bba_07e24132,added,36655,8894,UNKNOWN
6bba_07e24132,added,36657,22480,UNKNOWN
6bba_07e24132,added,36659,14093,UNKNOWN
6bba_07e24132,added,36661,16466,UNKNOWN
6bba_07e24132,added,36663,10038,UNKNOWN
6bba_07e24132,added,36665,17251,UNKNOWN
6bba_07e24132,added,36667,18263,UNKNOWN
6bba_07e24132,added,36669,28130,UNKNOWN
6bba_07e24132,added,36671,34657,UNKNOWN
6bba_07e24132,added,36673,19951,UNKNOWN
6bba_07e24132,added,36675,2539,UNKNOWN
6bba_07e24132,added,36677,21203,UNKNOWN
6bba_07e24132,added,36679,30907,UNKNOWN
6bba_07e24132,added,36681,23835,UNKNOWN
6bba_07e24132,added,36683,20728,UNKNOWN
6bba_07e24132,added,36685,21886,UNKNOWN
6bba_07e24132,added,36686,36687,UNKNOWN
6bba_07e24132,added,36687,12319,UNKNOWN
6bba_07e24132,added,36688,36689,UNKNOWN
6bba_07e24132,added,36689,25641,UNKNOWN
6bba_07e24132,added,36690,36691,UNKNOWN
6bba_07e24132,added,36691,32800,UNKNOWN
6bba_07e24132,added,36692,36693,UNKNOWN
6bba_07e24132,added,36693,9399,UNKNOWN
6bba_09961292,removed,2176,32570,UNKNOWN
6bba_09961292,removed,2295,2641,UNKNOWN
6bba_09961292,removed,2385,32357,UNKNOWN
6bba_09961292,removed,2395,2687,UNKNOWN
6bba_09961292,removed,2647,32359,UNKNOWN
6bba_09961292,removed,2675,2988,UNKNOWN
6bba_09961292,removed,2756,3064,UNKNOWN
6bba_09961292,removed,2800,32360,UNKNOWN
6bba_09961292,removed,2875,32361,UNKNOWN
6bba_09961292,removed,2878,32362,UNKNOWN
6bba_09961292,removed,2914,32363,UNKNOWN
6bba_09961292,removed,3101,32364,UNKNOWN
6bba_09961292,removed,3189,32552,UNKNOWN
6bba_09961292,removed,3376,32365,UNKNOWN
6bba_09961292,removed,3708,4074,UNKNOWN
6bba_09961292,removed,3847,32367,UNKNOWN
6bba_09961292,removed,3906,32368,UNKNOWN
6bba_09961292,removed,4058,4418,UNKNOWN
6bba_09961292,removed,4151,32538,UNKNOWN
6bba_09961292,removed,4418,4807,UNKNOWN
6bba_09961292,removed,4489,4863,UNKNOWN
6bba_09961292,removed,4702,32370,UNKNOWN
6bba_09961292,removed,4832,32371,UNKNOWN
6bba_09961292,removed,4843,5138,UNKNOWN
6bba_09961292,removed,4940,32372,UNKNOWN
6bba_09961292,removed,5356,32373,UNKNOWN
6bba_09961292,removed,5448,32374,UNKNOWN
6bba_09961292,removed,5477,32582,UNKNOWN
6bba_09961292,removed,5597,32375,UNKNOWN
6bba_09961292,removed,5818,32376,UNKNOWN
6bba_09961292,removed,6581,32377,UNKNOWN
6bba_09961292,removed,6898,32378,UNKNOWN
6bba_09961292,removed,8031,32379,UNKNOWN
6bba_09961292,removed,8357,32380,UNKNOWN
6bba_09961292,removed,8554,32381,UNKNOWN
6bba_09961292,removed,8714,9058,FP
6bba_09961292,removed,8785,32382,UNKNOWN
6bba_09961292,removed,8797,32383,UNKNOWN
6bba_09961292,removed,8885,9248,UNKNOWN
6bba_09961292,removed,8895,9263,UNKNOWN
6bba_09961292,removed,8911,9235,UNKNOWN
6bba_09961292,removed,8931,9267,UNKNOWN
6bba_09961292,removed,8947,9219,UNKNOWN
6bba_09961292,removed,8948,9262,UNKNOWN
6bba_09961292,removed,8951,9225,UNKNOWN
6bba_09961292,removed,8984,9319,UNKNOWN
6bba_09961292,removed,9024,9354,UNKNOWN
6bba_09961292,removed,9034,9364,UNKNOWN
6bba_09961292,removed,9068,9376,TP
6bba_09961292,removed,9155,32566,UNKNOWN
6bba_09961292,removed,9669,32384,UNKNOWN
6bba_09961292,removed,9762,10075,UNKNOWN
6bba_09961292,removed,9843,32385,UNKNOWN
6bba_09961292,removed,9977,32386,UNKNOWN
6bba_09961292,removed,10297,32387,UNKNOWN
6bba_09961292,removed,10339,32388,UNKNOWN
6bba_09961292,removed,10436,32542,UNKNOWN
6bba_09961292,removed,10495,32389,UNKNOWN
6bba_09961292,removed,10604,10933,UNKNOWN
6bba_09961292,removed,10648,32390,UNKNOWN
6bba_09961292,removed,10658,32536,UNKNOWN
6bba_09961292,removed,10769,11079,UNKNOWN
6bba_09961292,removed,10835,32391,UNKNOWN
6bba_09961292,removed,10884,11182,UNKNOWN
6bba_09961292,removed,10987,32560,UNKNOWN
6bba_09961292,removed,11128,11418,UNKNOWN
6bba_09961292,removed,11182,11432,UNKNOWN
6bba_09961292,removed,11349,32393,UNKNOWN
6bba_09961292,removed,11418,11738,UNKNOWN
6bba_09961292,removed,11738,12060,UNKNOWN
6bba_09961292,removed,11789,12111,UNKNOWN
6bba_09961292,removed,11978,32394,UNKNOWN
6bba_09961292,removed,12060,12386,UNKNOWN
6bba_09961292,removed,12111,12435,UNKNOWN
6bba_09961292,removed,12415,32574,UNKNOWN
6bba_09961292,removed,12435,12743,UNKNOWN
6bba_09961292,removed,12444,32395,UNKNOWN
6bba_09961292,removed,12613,32396,UNKNOWN
6bba_09961292,removed,12743,13060,UNKNOWN
6bba_09961292,removed,12958,32568,UNKNOWN
6bba_09961292,removed,13009,32397,UNKNOWN
6bba_09961292,removed,13027,13376,UNKNOWN
6bba_09961292,removed,13036,32400,UNKNOWN
6bba_09961292,removed,13040,32401,UNKNOWN
6bba_09961292,removed,13041,32402,UNKNOWN
6bba_09961292,removed,13045,32403,UNKNOWN
6bba_09961292,removed,13047,32404,UNKNOWN
6bba_09961292,removed,13049,32405,UNKNOWN
6bba_09961292,removed,13055,13352,UNKNOWN
6bba_09961292,removed,13057,13414,UNKNOWN
6bba_09961292,removed,13058,32406,UNKNOWN
6bba_09961292,removed,13060,13362,UNKNOWN
6bba_09961292,removed,13064,13433,UNKNOWN
6bba_09961292,removed,13075,32408,UNKNOWN
6bba_09961292,removed,13095,13347,UNKNOWN
6bba_09961292,removed,13096,13354,UNKNOWN
6bba_09961292,removed,13112,32409,UNKNOWN
6bba_09961292,removed,13113,13428,UNKNOWN
6bba_09961292,removed,13129,13426,UNKNOWN
6bba_09961292,removed,13136,32410,UNKNOWN
6bba_09961292,removed,13160,32411,UNKNOWN
6bba_09961292,removed,13166,32412,FP
6bba_09961292,removed,13187,32413,UNKNOWN
6bba_09961292,removed,13188,13476,UNKNOWN
6bba_09961292,removed,13191,32572,UNKNOWN
6bba_09961292,removed,13194,13429,UNKNOWN
6bba_09961292,removed,13219,13517,UNKNOWN
6bba_09961292,removed,13220,13465,UNKNOWN
6bba_09961292,removed,13224,13512,UNKNOWN
6bba_09961292,removed,13232,32415,UNKNOWN
6bba_09961292,removed,13235,32416,UNKNOWN
6bba_09961292,removed,13244,32417,FP
6bba_09961292,removed,13250,13530,UNKNOWN
6bba_09961292,removed,13255,13504,UNKNOWN
6bba_09961292,removed,13263,32418,UNKNOWN
6bba_09961292,removed,13266,32419,UNKNOWN
6bba_09961292,removed,13282,32420,UNKNOWN
6bba_09961292,removed,13298,13556,UNKNOWN
6bba_09961292,removed,13300,32421,UNKNOWN
6bba_09961292,removed,13301,32422,UNKNOWN
6bba_09961292,removed,13302,13570,UNKNOWN
6bba_09961292,removed,13307,32423,UNKNOWN
6bba_09961292,removed,13339,13577,UNKNOWN
6bba_09961292,removed,13340,13597,FP
6bba_09961292,removed,13349,13617,UNKNOWN
6bba_09961292,removed,13351,13615,UNKNOWN
6bba_09961292,removed,13352,13613,UNKNOWN
6bba_09961292,removed,13358,13623,UNKNOWN
6bba_09961292,removed,13373,32558,UNKNOWN
6bba_09961292,removed,13379,13635,UNKNOWN
6bba_09961292,removed,13380,13646,UNKNOWN
6bba_09961292,removed,13407,13644,UNKNOWN
6bba_09961292,removed,13418,13588,UNKNOWN
6bba_09961292,removed,13419,13633,UNKNOWN
6bba_09961292,removed,13420,13668,UNKNOWN
6bba_09961292,removed,13421,13671,FP
6bba_09961292,removed,13433,13586,UNKNOWN
6bba_09961292,removed,13434,13720,FP
6bba_09961292,removed,13435,13686,FP
6bba_09961292,removed,13437,13740,UNKNOWN
6bba_09961292,removed,13441,13704,UNKNOWN
6bba_09961292,removed,13444,13673,FP
6bba_09961292,removed,13446,13676,UNKNOWN
6bba_09961292,removed,13447,13681,UNKNOWN
6bba_09961292,removed,13448,13773,UNKNOWN
6bba_09961292,removed,13457,13643,UNKNOWN
6bba_09961292,removed,13460,13782,UNKNOWN
6bba_09961292,removed,13477,13761,UNKNOWN
6bba_09961292,removed,13480,13780,UNKNOWN
6bba_09961292,removed,13483,13695,UNKNOWN
6bba_09961292,removed,13487,13743,UNKNOWN
6bba_09961292,removed,13488,13758,UNKNOWN
6bba_09961292,removed,13492,13729,UNKNOWN
6bba_09961292,removed,13498,13762,UNKNOWN
6bba_09961292,removed,13503,13756,FP
6bba_09961292,removed,13507,13763,UNKNOWN
6bba_09961292,removed,13520,13808,UNKNOWN
6bba_09961292,removed,13524,13811,UNKNOWN
6bba_09961292,removed,13536,13805,UNKNOWN
6bba_09961292,removed,13543,13806,UNKNOWN
6bba_09961292,removed,13546,13803,UNKNOWN
6bba_09961292,removed,13547,13818,UNKNOWN
6bba_09961292,removed,13730,32425,UNKNOWN
6bba_09961292,removed,13780,14076,UNKNOWN
6bba_09961292,removed,14076,14381,UNKNOWN
6bba_09961292,removed,14235,14538,UNKNOWN
6bba_09961292,removed,14381,14689,UNKNOWN
6bba_09961292,removed,14517,32426,UNKNOWN
6bba_09961292,removed,14521,32550,UNKNOWN
6bba_09961292,removed,14538,14847,UNKNOWN
6bba_09961292,removed,14825,32580,UNKNOWN
6bba_09961292,removed,14847,15160,UNKNOWN
6bba_09961292,removed,14972,15252,TP
6bba_09961292,removed,15020,32428,TP
6bba_09961292,removed,15116,32564,UNKNOWN
6bba_09961292,removed,15574,15879,UNKNOWN
6bba_09961292,removed,15887,32429,UNKNOWN
6bba_09961292,removed,15972,32430,UNKNOWN
6bba_09961292,removed,16312,32522,UNKNOWN
6bba_09961292,removed,16320,16629,UNKNOWN
6bba_09961292,removed,16399,32431,UNKNOWN
6bba_09961292,removed,16752,32432,UNKNOWN
6bba_09961292,removed,16895,32508,UNKNOWN
6bba_09961292,removed,17052,32433,UNKNOWN
6bba_09961292,removed,17136,32434,UNKNOWN
6bba_09961292,removed,17326,32584,UNKNOWN
6bba_09961292,removed,17373,32435,UNKNOWN
6bba_09961292,removed,17407,32562,UNKNOWN
6bba_09961292,removed,17545,32436,UNKNOWN
6bba_09961292,removed,17742,32512,UNKNOWN
6bba_09961292,removed,17743,32437,UNKNOWN
6bba_09961292,removed,18204,32532,UNKNOWN
6bba_09961292,removed,18892,32556,UNKNOWN
6bba_09961292,removed,18931,32526,UNKNOWN
6bba_09961292,removed,19395,32439,TP
6bba_09961292,removed,19495,32440,UNKNOWN
6bba_09961292,removed,19818,32528,UNKNOWN
6bba_09961292,removed,19862,32441,UNKNOWN
6bba_09961292,removed,19881,32514,UNKNOWN
6bba_09961292,removed,20190,32442,UNKNOWN
6bba_09961292,removed,20960,32524,UNKNOWN
6bba_09961292,removed,21496,21859,UNKNOWN
6bba_09961292,removed,21522,32443,UNKNOWN
6bba_09961292,removed,21529,32444,UNKNOWN
6bba_09961292,removed,21539,21901,UNKNOWN
6bba_09961292,removed,21559,21828,UNKNOWN
6bba_09961292,removed,21630,21924,UNKNOWN
6bba_09961292,removed,21700,22017,UNKNOWN
6bba_09961292,removed,21710,32576,UNKNOWN
6bba_09961292,removed,21763,32445,UNKNOWN
6bba_09961292,removed,21959,32446,UNKNOWN
6bba_09961292,removed,21998,32447,UNKNOWN
6bba_09961292,removed,22080,32554,UNKNOWN
6bba_09961292,removed,22124,32448,UNKNOWN
6bba_09961292,removed,22149,32449,UNKNOWN
6bba_09961292,removed,22166,22510,UNKNOWN
6bba_09961292,removed,22261,22588,UNKNOWN
6bba_09961292,removed,22283,22610,UNKNOWN
6bba_09961292,removed,22306,32510,TP
6bba_09961292,removed,22380,22696,UNKNOWN
6bba_09961292,removed,22696,23007,UNKNOWN
6bba_09961292,removed,22883,32578,UNKNOWN
6bba_09961292,removed,23430,32451,UNKNOWN
6bba_09961292,removed,23540,32452,UNKNOWN
6bba_09961292,removed,23592,32544,UNKNOWN
6bba_09961292,removed,23687,32453,UNKNOWN
6bba_09961292,removed,23951,24278,UNKNOWN
6bba_09961292,removed,24503,32454,UNKNOWN
6bba_09961292,removed,24786,32455,UNKNOWN
6bba_09961292,removed,24946,32456,UNKNOWN
6bba_09961292,removed,25334,25650,UNKNOWN
6bba_09961292,removed,25342,32457,UNKNOWN
6bba_09961292,removed,25397,32458,UNKNOWN
6bba_09961292,removed,25658,32518,UNKNOWN
6bba_09961292,removed,26152,32459,UNKNOWN
6bba_09961292,removed,26245,26533,UNKNOWN
6bba_09961292,removed,26253,26646,UNKNOWN
6bba_09961292,removed,26257,26564,UNKNOWN
6bba_09961292,removed,26259,26631,UNKNOWN
6bba_09961292,removed,26281,26558,UNKNOWN
6bba_09961292,removed,26292,26633,UNKNOWN
6bba_09961292,removed,26297,26607,UNKNOWN
6bba_09961292,removed,26311,26636,UNKNOWN
6bba_09961292,removed,26329,26555,UNKNOWN
6bba_09961292,removed,26344,32516,UNKNOWN
6bba_09961292,removed,26415,26720,UNKNOWN
6bba_09961292,removed,26421,26733,UNKNOWN
6bba_09961292,removed,27031,32460,UNKNOWN
6bba_09961292,removed,27035,32461,UNKNOWN
6bba_09961292,removed,27066,32462,UNKNOWN
6bba_09961292,removed,27198,27475,UNKNOWN
6bba_09961292,removed,27232,32546,UNKNOWN
6bba_09961292,removed,27263,32463,UNKNOWN
6bba_09961292,removed,27684,32534,UNKNOWN
6bba_09961292,removed,27802,32520,UNKNOWN
6bba_09961292,removed,27973,32464,UNKNOWN
6bba_09961292,removed,27990,32465,UNKNOWN
6bba_09961292,removed,28016,32466,UNKNOWN
6bba_09961292,removed,28096,32467,UNKNOWN
6bba_09961292,removed,28217,32468,UNKNOWN
6bba_09961292,removed,28301,32469,UNKNOWN
6bba_09961292,removed,28358,32470,UNKNOWN
6bba_09961292,removed,28364,32471,UNKNOWN
6bba_09961292,removed,28445,32540,UNKNOWN
6bba_09961292,removed,28488,28822,UNKNOWN
6bba_09961292,removed,28489,28788,UNKNOWN
6bba_09961292,removed,28659,28961,UNKNOWN
6bba_09961292,removed,29427,29750,UNKNOWN
6bba_09961292,removed,29617,32548,UNKNOWN
6bba_09961292,removed,29719,32472,UNKNOWN
6bba_09961292,removed,29750,30063,UNKNOWN
6bba_09961292,removed,29901,32473,UNKNOWN
6bba_09961292,removed,29903,32474,UNKNOWN
6bba_09961292,removed,29911,30292,UNKNOWN
6bba_09961292,removed,29919,32475,UNKNOWN
6bba_09961292,removed,29920,32476,UNKNOWN
6bba_09961292,removed,29924,32477,UNKNOWN
6bba_09961292,removed,29931,32478,UNKNOWN
6bba_09961292,removed,29934,32479,UNKNOWN
6bba_09961292,removed,29935,30215,UNKNOWN
6bba_09961292,removed,29936,32480,UNKNOWN
6bba_09961292,removed,29939,30244,UNKNOWN
6bba_09961292,removed,29940,32481,UNKNOWN
6bba_09961292,removed,29941,32482,UNKNOWN
6bba_09961292,removed,29943,30294,UNKNOWN
6bba_09961292,removed,29945,32530,UNKNOWN
6bba_09961292,removed,29949,32483,UNKNOWN
6bba_09961292,removed,29958,32484,UNKNOWN
6bba_09961292,removed,29983,30311,UNKNOWN
6bba_09961292,removed,29992,30289,UNKNOWN
6bba_09961292,removed,30008,32486,UNKNOWN
6bba_09961292,removed,30016,30323,UNKNOWN
6bba_09961292,removed,30025,30331,UNKNOWN
6bba_09961292,removed,30026,30316,UNKNOWN
6bba_09961292,removed,30034,30350,UNKNOWN
6bba_09961292,removed,30039,30321,UNKNOWN
6bba_09961292,removed,30040,32487,UNKNOWN
6bba_09961292,removed,30043,30338,FP
6bba_09961292,removed,30045,32488,UNKNOWN
6bba_09961292,removed,30048,30348,UNKNOWN
6bba_09961292,removed,30050,30349,UNKNOWN
6bba_09961292,removed,30051,30305,UNKNOWN
6bba_09961292,removed,30055,30374,UNKNOWN
6bba_09961292,removed,30056,30302,UNKNOWN
6bba_09961292,removed,30058,30379,UNKNOWN
6bba_09961292,removed,30063,30329,UNKNOWN
6bba_09961292,removed,30064,30355,UNKNOWN
6bba_09961292,removed,30067,32489,UNKNOWN
6bba_09961292,removed,30071,30327,UNKNOWN
6bba_09961292,removed,30075,30382,FP
6bba_09961292,removed,30076,30339,UNKNOWN
6bba_09961292,removed,30080,32490,UNKNOWN
6bba_09961292,removed,30082,30366,UNKNOWN
6bba_09961292,removed,30093,32491,UNKNOWN
6bba_09961292,removed,30105,32492,UNKNOWN
6bba_09961292,removed,30111,30398,UNKNOWN
6bba_09961292,removed,30114,32493,UNKNOWN
6bba_09961292,removed,30123,32494,UNKNOWN
6bba_09961292,removed,30127,30426,FP
6bba_09961292,removed,30133,30433,UNKNOWN
6bba_09961292,removed,30156,30442,UNKNOWN
6bba_09961292,removed,30162,30439,UNKNOWN
6bba_09961292,removed,30164,30431,UNKNOWN
6bba_09961292,removed,30166,32497,UNKNOWN
6bba_09961292,removed,30172,32498,UNKNOWN
6bba_09961292,removed,30174,30445,UNKNOWN
6bba_09961292,removed,30175,32500,UNKNOWN
6bba_09961292,removed,30181,30458,UNKNOWN
6bba_09961292,removed,30182,32502,UNKNOWN
6bba_09961292,removed,30185,30455,UNKNOWN
6bba_09961292,removed,30187,30472,UNKNOWN
6bba_09961292,removed,30189,30461,UNKNOWN
6bba_09961292,removed,30190,32503,UNKNOWN
6bba_09961292,removed,30195,32504,UNKNOWN
6bba_09961292,removed,30227,30495,UNKNOWN
6bba_09961292,removed,30230,30481,UNKNOWN
6bba_09961292,removed,30263,30576,UNKNOWN
6bba_09961292,removed,30270,30524,UNKNOWN
6bba_09961292,removed,30278,30486,UNKNOWN
6bba_09961292,removed,30285,30607,UNKNOWN
6bba_09961292,removed,30289,30578,UNKNOWN
6bba_09961292,removed,30293,30555,UNKNOWN
6bba_09961292,removed,30294,30620,UNKNOWN
6bba_09961292,removed,30304,30518,UNKNOWN
6bba_09961292,removed,30305,30554,UNKNOWN
6bba_09961292,removed,30312,30571,UNKNOWN
6bba_09961292,removed,30315,32506,UNKNOWN
6bba_09961292,removed,30317,30580,UNKNOWN
6bba_09961292,removed,30318,30612,UNKNOWN
6bba_09961292,removed,30320,30538,UNKNOWN
6bba_09961292,removed,30329,30583,UNKNOWN
6bba_09961292,removed,30333,30619,UNKNOWN
6bba_09961292,removed,30341,30661,FP
6bba_09961292,removed,30343,30621,UNKNOWN
6bba_09961292,removed,30344,30664,UNKNOWN
6bba_09961292,removed,30346,30587,UNKNOWN
6bba_09961292,removed,30349,30618,UNKNOWN
6bba_09961292,removed,30350,30641,UNKNOWN
6bba_09961292,removed,30351,30652,UNKNOWN
6bba_09961292,removed,30352,30604,FP
6bba_09961292,removed,30359,30639,UNKNOWN
6bba_09961292,removed,30360,30610,FP
6bba_09961292,removed,30361,30671,UNKNOWN
6bba_09961292,removed,30363,30633,UNKNOWN
6bba_09961292,removed,30377,30647,UNKNOWN
6bba_09961292,removed,30379,30689,UNKNOWN
6bba_09961292,removed,30392,30690,UNKNOWN
6bba_09961292,removed,30406,30722,UNKNOWN
6bba_09961292,removed,30419,30678,FP
6bba_09961292,removed,30432,30707,FP
6bba_09961292,removed,30434,30708,UNKNOWN
6bba_09961292,removed,30438,30729,UNKNOWN
6bba_09961292,removed,30440,30744,UNKNOWN
6bba_09961292,removed,30443,30749,UNKNOWN
6bba_09961292,removed,30447,30731,UNKNOWN
6bba_09961292,removed,30459,30754,UNKNOWN
6bba_09961292,removed,30472,30780,UNKNOWN
6bba_09961292,removed,30578,32507,UNKNOWN
6bba_09961292,removed,30652,30969,UNKNOWN
6bba_09961292,removed,30700,31016,UNKNOWN
6bba_09961292,removed,30969,31276,UNKNOWN
6bba_09961292,removed,31016,31329,UNKNOWN
6bba_09961292,removed,31276,31612,UNKNOWN
6bba_09961292,removed,31329,31657,UNKNOWN
6bba_09961292,removed,32357,3121,UNKNOWN
6bba_09961292,removed,32359,3459,UNKNOWN
6bba_09961292,removed,32360,3460,UNKNOWN
6bba_09961292,removed,32361,3604,UNKNOWN
6bba_09961292,removed,32362,3583,UNKNOWN
6bba_09961292,removed,32363,3609,UNKNOWN
6bba_09961292,removed,32364,3827,UNKNOWN
6bba_09961292,removed,32365,4081,UNKNOWN
6bba_09961292,removed,32367,4510,UNKNOWN
6bba_09961292,removed,32368,4593,UNKNOWN
6bba_09961292,removed,32370,5392,UNKNOWN
6bba_09961292,removed,32371,5531,UNKNOWN
6bba_09961292,removed,32372,5651,UNKNOWN
6bba_09961292,removed,32373,6045,UNKNOWN
6bba_09961292,removed,32374,6146,UNKNOWN
6bba_09961292,removed,32375,6293,UNKNOWN
6bba_09961292,removed,32376,6505,UNKNOWN
6bba_09961292,removed,32377,7227,UNKNOWN
6bba_09961292,removed,32378,7538,UNKNOWN
6bba_09961292,removed,32379,8688,UNKNOWN
6bba_09961292,removed,32380,9020,UNKNOWN
6bba_09961292,removed,32381,9210,UNKNOWN
6bba_09961292,removed,32382,9436,UNKNOWN
6bba_09961292,removed,32383,9469,UNKNOWN
6bba_09961292,removed,32384,10289,UNKNOWN
6bba_09961292,removed,32385,10598,UNKNOWN
6bba_09961292,removed,32386,10616,UNKNOWN
6bba_09961292,removed,32387,10926,UNKNOWN
6bba_09961292,removed,32388,10956,UNKNOWN
6bba_09961292,removed,32389,11185,UNKNOWN
6bba_09961292,removed,32390,11293,UNKNOWN
6bba_09961292,removed,32391,11532,UNKNOWN
6bba_09961292,removed,32393,11995,UNKNOWN
6bba_09961292,removed,32394,12622,UNKNOWN
6bba_09961292,removed,32395,13070,UNKNOWN
6bba_09961292,removed,32396,13233,UNKNOWN
6bba_09961292,removed,32397,13598,UNKNOWN
6bba_09961292,removed,32400,13647,UNKNOWN
6bba_09961292,removed,32401,13605,UNKNOWN
6bba_09961292,removed,32402,13602,UNKNOWN
6bba_09961292,removed,32403,13609,UNKNOWN
6bba_09961292,removed,32404,13611,UNKNOWN
6bba_09961292,removed,32405,13614,UNKNOWN
6bba_09961292,removed,32406,13625,UNKNOWN
6bba_09961292,removed,32408,13607,UNKNOWN
6bba_09961292,removed,32409,13679,UNKNOWN
6bba_09961292,removed,32410,13698,UNKNOWN
6bba_09961292,removed,32411,13714,UNKNOWN
6bba_09961292,removed,32412,13711,FP
6bba_09961292,removed,32413,13734,UNKNOWN
6bba_09961292,removed,32415,13783,UNKNOWN
6bba_09961292,removed,32416,13788,UNKNOWN
6bba_09961292,removed,32417,13796,FP
6bba_09961292,removed,32418,13815,UNKNOWN
6bba_09961292,removed,32419,13790,UNKNOWN
6bba_09961292,removed,32420,13834,UNKNOWN
6bba_09961292,removed,32421,13853,UNKNOWN
6bba_09961292,removed,32422,13840,UNKNOWN
6bba_09961292,removed,32423,13860,UNKNOWN
6bba_09961292,removed,32425,14367,UNKNOWN
6bba_09961292,removed,32426,15170,UNKNOWN
6bba_09961292,removed,32428,15656,TP
6bba_09961292,removed,32429,16516,UNKNOWN
6bba_09961292,removed,32430,16595,UNKNOWN
6bba_09961292,removed,32431,17034,UNKNOWN
6bba_09961292,removed,32432,17341,UNKNOWN
6bba_09961292,removed,32433,17680,UNKNOWN
6bba_09961292,removed,32434,17756,UNKNOWN
6bba_09961292,removed,32435,17995,UNKNOWN
6bba_09961292,removed,32436,18166,UNKNOWN
6bba_09961292,removed,32437,18400,UNKNOWN
6bba_09961292,removed,32439,20032,TP
6bba_09961292,removed,32440,20129,UNKNOWN
6bba_09961292,removed,32441,20533,UNKNOWN
6bba_09961292,removed,32442,20876,UNKNOWN
6bba_09961292,removed,32443,22167,UNKNOWN
6bba_09961292,removed,32444,22176,UNKNOWN
6bba_09961292,removed,32445,22399,UNKNOWN
6bba_09961292,removed,32446,22598,UNKNOWN
6bba_09961292,removed,32447,22627,UNKNOWN
6bba_09961292,removed,32448,22844,UNKNOWN
6bba_09961292,removed,32449,22783,UNKNOWN
6bba_09961292,removed,32451,24060,UNKNOWN
6bba_09961292,removed,32452,24177,UNKNOWN
6bba_09961292,removed,32453,24325,UNKNOWN
6bba_09961292,removed,32454,25138,UNKNOWN
6bba_09961292,removed,32455,25407,UNKNOWN
6bba_09961292,removed,32456,25570,UNKNOWN
6bba_09961292,removed,32457,25963,UNKNOWN
6bba_09961292,removed,32458,25954,UNKNOWN
6bba_09961292,removed,32459,26765,UNKNOWN
6bba_09961292,removed,32460,27657,UNKNOWN
6bba_09961292,removed,32461,27655,UNKNOWN
6bba_09961292,removed,32462,27688,UNKNOWN
6bba_09961292,removed,32463,27891,UNKNOWN
6bba_09961292,removed,32464,28577,UNKNOWN
6bba_09961292,removed,32465,28599,UNKNOWN
6bba_09961292,removed,32466,28625,UNKNOWN
6bba_09961292,removed,32467,28701,UNKNOWN
6bba_09961292,removed,32468,28834,UNKNOWN
6bba_09961292,removed,32469,28924,UNKNOWN
6bba_09961292,removed,32470,28969,UNKNOWN
6bba_09961292,removed,32471,28968,UNKNOWN
6bba_09961292,removed,32472,30288,UNKNOWN
6bba_09961292,removed,32473,30478,UNKNOWN
6bba_09961292,removed,32474,30480,UNKNOWN
6bba_09961292,removed,32475,30493,UNKNOWN
6bba_09961292,removed,32476,30497,UNKNOWN
6bba_09961292,removed,32477,30499,UNKNOWN
6bba_09961292,removed,32478,30507,UNKNOWN
6bba_09961292,removed,32479,30508,UNKNOWN
6bba_09961292,removed,32480,30511,UNKNOWN
6bba_09961292,removed,32481,30513,UNKNOWN
6bba_09961292,removed,32482,30517,UNKNOWN
6bba_09961292,removed,32483,30536,UNKNOWN
6bba_09961292,removed,32484,30491,UNKNOWN
6bba_09961292,removed,32486,30573,UNKNOWN
6bba_09961292,removed,32487,30624,UNKNOWN
6bba_09961292,removed,32488,30646,UNKNOWN
6bba_09961292,removed,32489,30640,UNKNOWN
6bba_09961292,removed,32490,30634,UNKNOWN
6bba_09961292,removed,32491,30692,UNKNOWN
6bba_09961292,removed,32492,30644,UNKNOWN
6bba_09961292,removed,32493,30698,UNKNOWN
6bba_09961292,removed,32494,30700,UNKNOWN
6bba_09961292,removed,32497,30752,UNKNOWN
6bba_09961292,removed,32498,30733,UNKNOWN
6bba_09961292,removed,32500,30755,UNKNOWN
6bba_09961292,removed,32502,30750,UNKNOWN
6bba_09961292,removed,32503,30767,UNKNOWN
6bba_09961292,removed,32504,30775,UNKNOWN
6bba_09961292,removed,32506,30945,UNKNOWN
6bba_09961292,removed,32507,31192,UNKNOWN
6bba_09961292,removed,32508,32509,UNKNOWN
6bba_09961292,removed,32509,17825,UNKNOWN
6bba_09961292,removed,32510,32511,TP
6bba_09961292,removed,32511,23241,TP
6bba_09961292,removed,32512,32513,UNKNOWN
6bba_09961292,removed,32513,18699,UNKNOWN
6bba_09961292,removed,32514,32515,UNKNOWN
6bba_09961292,removed,32515,20851,UNKNOWN
6bba_09961292,removed,32516,32517,UNKNOWN
6bba_09961292,removed,32517,27265,UNKNOWN
6bba_09961292,removed,32518,32519,UNKNOWN
6bba_09961292,removed,32519,26580,UNKNOWN
6bba_09961292,removed,32520,32521,UNKNOWN
6bba_09961292,removed,32521,28722,UNKNOWN
6bba_09961292,removed,32522,32523,UNKNOWN
6bba_09961292,removed,32523,17261,UNKNOWN
6bba_09961292,removed,32524,32525,UNKNOWN
6bba_09961292,removed,32525,21932,UNKNOWN
6bba_09961292,removed,32526,32527,UNKNOWN
6bba_09961292,removed,32527,19883,UNKNOWN
6bba_09961292,removed,32528,32529,UNKNOWN
6bba_09961292,removed,32529,20780,UNKNOWN
6bba_09961292,removed,32530,32531,UNKNOWN
6bba_09961292,removed,32531,30836,UNKNOWN
6bba_09961292,removed,32532,32533,UNKNOWN
6bba_09961292,removed,32533,19181,UNKNOWN
6bba_09961292,removed,32534,32535,UNKNOWN
6bba_09961292,removed,32535,28602,UNKNOWN
6bba_09961292,removed,32536,32537,UNKNOWN
6bba_09961292,removed,32537,11604,UNKNOWN
6bba_09961292,removed,32538,32539,UNKNOWN
6bba_09961292,removed,32539,5235,UNKNOWN
6bba_09961292,removed,32540,32541,UNKNOWN
6bba_09961292,removed,32541,29352,UNKNOWN
6bba_09961292,removed,32542,32543,UNKNOWN
6bba_09961292,removed,32543,11375,UNKNOWN
6bba_09961292,removed,32544,32545,UNKNOWN
6bba_09961292,removed,32545,24563,UNKNOWN
6bba_09961292,removed,32546,32547,UNKNOWN
6bba_09961292,removed,32547,28177,UNKNOWN
6bba_09961292,removed,32548,32549,UNKNOWN
6bba_09961292,removed,32549,30545,UNKNOWN
6bba_09961292,removed,32550,32551,UNKNOWN
6bba_09961292,removed,32551,15460,UNKNOWN
6bba_09961292,removed,32552,32553,UNKNOWN
6bba_09961292,removed,32553,4282,UNKNOWN
6bba_09961292,removed,32554,32555,UNKNOWN
6bba_09961292,removed,32555,23045,UNKNOWN
6bba_09961292,removed,32556,32557,UNKNOWN
6bba_09961292,removed,32557,19850,UNKNOWN
6bba_09961292,removed,32558,32559,UNKNOWN
6bba_09961292,removed,32559,14235,UNKNOWN
6bba_09961292,removed,32560,32561,UNKNOWN
6bba_09961292,removed,32561,11955,UNKNOWN
6bba_09961292,removed,32562,32563,UNKNOWN
6bba_09961292,removed,32563,18287,UNKNOWN
6bba_09961292,removed,32564,32565,UNKNOWN
6bba_09961292,removed,32565,16130,UNKNOWN
6bba_09961292,removed,32566,32567,UNKNOWN
6bba_09961292,removed,32567,10102,UNKNOWN
6bba_09961292,removed,32568,32569,UNKNOWN
6bba_09961292,removed,32569,13825,UNKNOWN
6bba_09961292,removed,32570,32571,UNKNOWN
6bba_09961292,removed,32571,3278,UNKNOWN
6bba_09961292,removed,32572,32573,UNKNOWN
6bba_09961292,removed,32573,14035,UNKNOWN
6bba_09961292,removed,32574,32575,UNKNOWN
6bba_09961292,removed,32575,13443,UNKNOWN
6bba_09961292,removed,32576,32577,UNKNOWN
6bba_09961292,removed,32577,22671,UNKNOWN
6bba_09961292,removed,32578,32579,UNKNOWN
6bba_09961292,removed,32579,23835,UNKNOWN
6bba_09961292,removed,32580,32581,UNKNOWN
6bba_09961292,removed,32581,15847,UNKNOWN
6bba_09961292,removed,32582,32583,UNKNOWN
6bba_09961292,removed,32583,6650,UNKNOWN
6bba_09961292,removed,32584,32585,UNKNOWN
6bba_09961292,removed,32585,18252,UNKNOWN
6bba_09961292,added,1859,2229,UNKNOWN
6bba_09961292,added,2176,32579,UNKNOWN
6bba_09961292,added,2229,2641,UNKNOWN
6bba_09961292,added,2295,2687,UNKNOWN
6bba_09961292,added,2385,32358,UNKNOWN
6bba_09961292,added,2395,32359,UNKNOWN
6bba_09961292,added,2647,32361,UNKNOWN
6bba_09961292,added,2675,3064,UNKNOWN
6bba_09961292,added,2800,32362,UNKNOWN
6bba_09961292,added,2875,32363,UNKNOWN
6bba_09961292,added,2878,32364,UNKNOWN
6bba_09961292,added,2914,32365,UNKNOWN
6bba_09961292,added,3101,32366,UNKNOWN
6bba_09961292,added,3189,32561,UNKNOWN
6bba_09961292,added,3376,32367,UNKNOWN
6bba_09961292,added,3788,4074,UNKNOWN
6bba_09961292,added,3847,32369,UNKNOWN
6bba_09961292,added,3906,32370,UNKNOWN
6bba_09961292,added,4165,32371,UNKNOWN
6bba_09961292,added,4205,32567,UNKNOWN
6bba_09961292,added,4489,4807,UNKNOWN
6bba_09961292,added,4702,32373,UNKNOWN
6bba_09961292,added,4832,32374,UNKNOWN
6bba_09961292,added,4843,5235,UNKNOWN
6bba_09961292,added,4940,32375,UNKNOWN
6bba_09961292,added,5356,32376,UNKNOWN
6bba_09961292,added,5448,32377,UNKNOWN
6bba_09961292,added,5477,32587,UNKNOWN
6bba_09961292,added,5597,32378,UNKNOWN
6bba_09961292,added,5818,32379,UNKNOWN
6bba_09961292,added,6581,32380,UNKNOWN
6bba_09961292,added,6898,32381,UNKNOWN
6bba_09961292,added,8031,32382,UNKNOWN
6bba_09961292,added,8357,32383,UNKNOWN
6bba_09961292,added,8554,32384,UNKNOWN
6bba_09961292,added,8724,9058,TP
6bba_09961292,added,8785,32385,UNKNOWN
6bba_09961292,added,8797,32386,UNKNOWN
6bba_09961292,added,8864,9248,UNKNOWN
6bba_09961292,added,8885,9219,UNKNOWN
6bba_09961292,added,8895,9190,FP
6bba_09961292,added,8908,9235,UNKNOWN
6bba_09961292,added,8911,9198,UNKNOWN
6bba_09961292,added,8947,9262,UNKNOWN
6bba_09961292,added,8948,9263,UNKNOWN
6bba_09961292,added,8951,9252,UNKNOWN
6bba_09961292,added,8952,9267,UNKNOWN
6bba_09961292,added,9024,9319,UNKNOWN
6bba_09961292,added,9034,9404,UNKNOWN
6bba_09961292,added,9068,9383,FP
6bba_09961292,added,9155,32575,UNKNOWN
6bba_09961292,added,9669,32387,UNKNOWN
6bba_09961292,added,9762,10091,UNKNOWN
6bba_09961292,added,9843,32388,UNKNOWN
6bba_09961292,added,9977,32389,UNKNOWN
6bba_09961292,added,10297,32390,UNKNOWN
6bba_09961292,added,10339,32391,UNKNOWN
6bba_09961292,added,10436,32551,UNKNOWN
6bba_09961292,added,10495,32392,UNKNOWN
6bba_09961292,added,10648,10933,UNKNOWN
6bba_09961292,added,10658,32547,UNKNOWN
6bba_09961292,added,10769,11077,UNKNOWN
6bba_09961292,added,10835,11182,UNKNOWN
6bba_09961292,added,10884,32393,UNKNOWN
6bba_09961292,added,10987,32569,UNKNOWN
6bba_09961292,added,11128,11454,UNKNOWN
6bba_09961292,added,11182,11532,UNKNOWN
6bba_09961292,added,11349,32395,UNKNOWN
6bba_09961292,added,11454,11773,UNKNOWN
6bba_09961292,added,11773,12096,UNKNOWN
6bba_09961292,added,11978,32396,UNKNOWN
6bba_09961292,added,12096,12416,UNKNOWN
6bba_09961292,added,12415,32581,UNKNOWN
6bba_09961292,added,12416,12728,UNKNOWN
6bba_09961292,added,12444,32397,UNKNOWN
6bba_09961292,added,12613,32398,UNKNOWN
6bba_09961292,added,12958,32577,UNKNOWN
6bba_09961292,added,13009,32399,UNKNOWN
6bba_09961292,added,13027,13377,UNKNOWN
6bba_09961292,added,13030,32403,UNKNOWN
6bba_09961292,added,13036,32404,UNKNOWN
6bba_09961292,added,13040,32405,UNKNOWN
6bba_09961292,added,13041,32406,UNKNOWN
6bba_09961292,added,13045,32407,UNKNOWN
6bba_09961292,added,13047,32408,UNKNOWN
6bba_09961292,added,13049,32409,UNKNOWN
6bba_09961292,added,13050,32410,UNKNOWN
6bba_09961292,added,13055,32411,UNKNOWN
6bba_09961292,added,13057,13354,UNKNOWN
6bba_09961292,added,13058,32412,UNKNOWN
6bba_09961292,added,13064,32413,UNKNOWN
6bba_09961292,added,13075,32415,UNKNOWN
6bba_09961292,added,13095,13426,UNKNOWN
6bba_09961292,added,13096,13429,UNKNOWN
6bba_09961292,added,13112,32416,UNKNOWN
6bba_09961292,added,13113,13352,UNKNOWN
6bba_09961292,added,13116,13362,UNKNOWN
6bba_09961292,added,13129,13414,UNKNOWN
6bba_09961292,added,13136,13376,UNKNOWN
6bba_09961292,added,13160,32417,UNKNOWN
6bba_09961292,added,13166,32418,FP
6bba_09961292,added,13181,32419,UNKNOWN
6bba_09961292,added,13187,32420,UNKNOWN
6bba_09961292,added,13188,13504,UNKNOWN
6bba_09961292,added,13193,13428,UNKNOWN
6bba_09961292,added,13194,13512,UNKNOWN
6bba_09961292,added,13199,32421,FP
6bba_09961292,added,13207,13433,UNKNOWN
6bba_09961292,added,13211,13460,UNKNOWN
6bba_09961292,added,13219,13465,UNKNOWN
6bba_09961292,added,13220,13517,UNKNOWN
6bba_09961292,added,13224,13476,UNKNOWN
6bba_09961292,added,13225,32422,UNKNOWN
6bba_09961292,added,13232,32423,UNKNOWN
6bba_09961292,added,13235,32424,UNKNOWN
6bba_09961292,added,13244,32425,FP
6bba_09961292,added,13255,13530,UNKNOWN
6bba_09961292,added,13263,32426,UNKNOWN
6bba_09961292,added,13282,13556,UNKNOWN
6bba_09961292,added,13300,32428,UNKNOWN
6bba_09961292,added,13301,32429,UNKNOWN
6bba_09961292,added,13302,32525,UNKNOWN
6bba_09961292,added,13307,32430,UNKNOWN
6bba_09961292,added,13320,13570,UNKNOWN
6bba_09961292,added,13333,13644,UNKNOWN
6bba_09961292,added,13339,13647,UNKNOWN
6bba_09961292,added,13340,13671,TP
6bba_09961292,added,13349,13676,UNKNOWN
6bba_09961292,added,13351,13679,UNKNOWN
6bba_09961292,added,13352,13678,UNKNOWN
6bba_09961292,added,13358,13681,UNKNOWN
6bba_09961292,added,13373,13686,UNKNOWN
6bba_09961292,added,13378,13635,UNKNOWN
6bba_09961292,added,13379,13668,UNKNOWN
6bba_09961292,added,13380,13704,UNKNOWN
6bba_09961292,added,13407,13720,UNKNOWN
6bba_09961292,added,13418,13728,UNKNOWN
6bba_09961292,added,13419,13729,UNKNOWN
6bba_09961292,added,13420,13741,UNKNOWN
6bba_09961292,added,13421,13745,UNKNOWN
6bba_09961292,added,13433,13763,UNKNOWN
6bba_09961292,added,13435,13633,FP
6bba_09961292,added,13437,13646,UNKNOWN
6bba_09961292,added,13440,13743,UNKNOWN
6bba_09961292,added,13444,13758,UNKNOWN
6bba_09961292,added,13446,13705,UNKNOWN
6bba_09961292,added,13447,13760,UNKNOWN
6bba_09961292,added,13457,13761,UNKNOWN
6bba_09961292,added,13460,13673,FP
6bba_09961292,added,13465,13773,UNKNOWN
6bba_09961292,added,13477,13762,UNKNOWN
6bba_09961292,added,13480,13740,UNKNOWN
6bba_09961292,added,13483,13790,UNKNOWN
6bba_09961292,added,13487,13787,UNKNOWN
6bba_09961292,added,13488,13782,UNKNOWN
6bba_09961292,added,13492,13798,UNKNOWN
6bba_09961292,added,13498,13805,UNKNOWN
6bba_09961292,added,13503,13811,UNKNOWN
6bba_09961292,added,13507,13804,UNKNOWN
6bba_09961292,added,13520,13828,UNKNOWN
6bba_09961292,added,13524,13824,UNKNOWN
6bba_09961292,added,13536,13837,UNKNOWN
6bba_09961292,added,13543,13844,UNKNOWN
6bba_09961292,added,13546,13846,UNKNOWN
6bba_09961292,added,13547,13849,UNKNOWN
6bba_09961292,added,13730,32433,UNKNOWN
6bba_09961292,added,14517,32434,UNKNOWN
6bba_09961292,added,14521,32559,UNKNOWN
6bba_09961292,added,14825,32585,UNKNOWN
6bba_09961292,added,14972,15310,FP
6bba_09961292,added,15020,32436,TP
6bba_09961292,added,15116,32573,UNKNOWN
6bba_09961292,added,15574,15905,UNKNOWN
6bba_09961292,added,15887,32437,UNKNOWN
6bba_09961292,added,15972,32438,UNKNOWN
6bba_09961292,added,16312,32531,UNKNOWN
6bba_09961292,added,16314,16629,UNKNOWN
6bba_09961292,added,16399,32439,UNKNOWN
6bba_09961292,added,16752,32440,UNKNOWN
6bba_09961292,added,16895,32515,UNKNOWN
6bba_09961292,added,17052,32441,UNKNOWN
6bba_09961292,added,17136,32442,UNKNOWN
6bba_09961292,added,17326,32589,UNKNOWN
6bba_09961292,added,17373,32443,UNKNOWN
6bba_09961292,added,17407,32571,UNKNOWN
6bba_09961292,added,17545,32444,UNKNOWN
6bba_09961292,added,17742,32519,UNKNOWN
6bba_09961292,added,17743,32445,UNKNOWN
6bba_09961292,added,18204,32541,UNKNOWN
6bba_09961292,added,18892,32565,UNKNOWN
6bba_09961292,added,18931,32535,UNKNOWN
6bba_09961292,added,19395,32447,TP
6bba_09961292,added,19495,32448,UNKNOWN
6bba_09961292,added,19818,32537,UNKNOWN
6bba_09961292,added,19862,32449,UNKNOWN
6bba_09961292,added,19881,32521,UNKNOWN
6bba_09961292,added,20190,32450,UNKNOWN
6bba_09961292,added,20245,20568,UNKNOWN
6bba_09961292,added,20568,20892,UNKNOWN
6bba_09961292,added,20892,21222,UNKNOWN
6bba_09961292,added,20941,21261,UNKNOWN
6bba_09961292,added,20960,32533,UNKNOWN
6bba_09961292,added,21222,21552,UNKNOWN
6bba_09961292,added,21261,21591,UNKNOWN
6bba_09961292,added,21522,32451,UNKNOWN
6bba_09961292,added,21529,32452,UNKNOWN
6bba_09961292,added,21536,21828,UNKNOWN
6bba_09961292,added,21552,21859,UNKNOWN
6bba_09961292,added,21591,21901,UNKNOWN
6bba_09961292,added,21630,21952,UNKNOWN
6bba_09961292,added,21658,32543,UNKNOWN
6bba_09961292,added,21700,22025,UNKNOWN
6bba_09961292,added,21710,22017,UNKNOWN
6bba_09961292,added,21763,32453,UNKNOWN
6bba_09961292,added,21959,32454,UNKNOWN
6bba_09961292,added,21998,32455,UNKNOWN
6bba_09961292,added,22080,32563,UNKNOWN
6bba_09961292,added,22124,32456,UNKNOWN
6bba_09961292,added,22149,32457,UNKNOWN
6bba_09961292,added,22169,22510,UNKNOWN
6bba_09961292,added,22283,22588,UNKNOWN
6bba_09961292,added,22306,32517,TP
6bba_09961292,added,22380,22671,UNKNOWN
6bba_09961292,added,22883,32583,UNKNOWN
6bba_09961292,added,23430,32459,UNKNOWN
6bba_09961292,added,23540,32460,UNKNOWN
6bba_09961292,added,23592,32553,UNKNOWN
6bba_09961292,added,23687,32461,UNKNOWN
6bba_09961292,added,23951,24266,UNKNOWN
6bba_09961292,added,24503,32462,UNKNOWN
6bba_09961292,added,24786,32463,UNKNOWN
6bba_09961292,added,24946,32464,UNKNOWN
6bba_09961292,added,25334,32465,UNKNOWN
6bba_09961292,added,25342,32466,UNKNOWN
6bba_09961292,added,25397,25650,UNKNOWN
6bba_09961292,added,25658,32527,UNKNOWN
6bba_09961292,added,26152,32467,UNKNOWN
6bba_09961292,added,26244,26533,UNKNOWN
6bba_09961292,added,26249,26558,UNKNOWN
6bba_09961292,added,26253,26564,UNKNOWN
6bba_09961292,added,26257,26597,UNKNOWN
6bba_09961292,added,26281,26561,UNKNOWN
6bba_09961292,added,26292,26593,UNKNOWN
6bba_09961292,added,26293,26607,UNKNOWN
6bba_09961292,added,26297,26555,UNKNOWN
6bba_09961292,added,26311,26646,UNKNOWN
6bba_09961292,added,26329,26636,UNKNOWN
6bba_09961292,added,26344,32523,UNKNOWN
6bba_09961292,added,26350,26631,UNKNOWN
6bba_09961292,added,26394,26720,UNKNOWN
6bba_09961292,added,26421,26734,UNKNOWN
6bba_09961292,added,26430,26733,UNKNOWN
6bba_09961292,added,27031,32468,UNKNOWN
6bba_09961292,added,27035,32469,UNKNOWN
6bba_09961292,added,27066,32470,UNKNOWN
6bba_09961292,added,27198,27506,UNKNOWN
6bba_09961292,added,27232,32555,UNKNOWN
6bba_09961292,added,27263,32471,UNKNOWN
6bba_09961292,added,27684,32545,UNKNOWN
6bba_09961292,added,27802,32529,UNKNOWN
6bba_09961292,added,27973,32472,UNKNOWN
6bba_09961292,added,27990,32473,UNKNOWN
6bba_09961292,added,28016,32474,UNKNOWN
6bba_09961292,added,28096,32475,UNKNOWN
6bba_09961292,added,28217,32476,UNKNOWN
6bba_09961292,added,28301,32477,UNKNOWN
6bba_09961292,added,28358,32478,UNKNOWN
6bba_09961292,added,28364,32479,UNKNOWN
6bba_09961292,added,28445,32549,UNKNOWN
6bba_09961292,added,28488,28788,UNKNOWN
6bba_09961292,added,28659,28960,UNKNOWN
6bba_09961292,added,29617,32557,UNKNOWN
6bba_09961292,added,29719,32480,UNKNOWN
6bba_09961292,added,29901,32481,UNKNOWN
6bba_09961292,added,29903,32482,UNKNOWN
6bba_09961292,added,29911,32483,UNKNOWN
6bba_09961292,added,29914,32484,UNKNOWN
6bba_09961292,added,29919,32485,UNKNOWN
6bba_09961292,added,29920,32486,UNKNOWN
6bba_09961292,added,29924,32487,UNKNOWN
6bba_09961292,added,29931,32488,UNKNOWN
6bba_09961292,added,29934,32489,UNKNOWN
6bba_09961292,added,29935,30316,UNKNOWN
6bba_09961292,added,29936,32490,UNKNOWN
6bba_09961292,added,29937,30215,UNKNOWN
6bba_09961292,added,29939,32491,UNKNOWN
6bba_09961292,added,29940,32492,UNKNOWN
6bba_09961292,added,29941,32493,UNKNOWN
6bba_09961292,added,29945,32539,UNKNOWN
6bba_09961292,added,29949,32494,UNKNOWN
6bba_09961292,added,29958,32495,UNKNOWN
6bba_09961292,added,29975,30244,UNKNOWN
6bba_09961292,added,29992,30239,UNKNOWN
6bba_09961292,added,30006,32497,UNKNOWN
6bba_09961292,added,30016,32498,UNKNOWN
6bba_09961292,added,30025,30289,UNKNOWN
6bba_09961292,added,30026,30327,UNKNOWN
6bba_09961292,added,30034,30294,UNKNOWN
6bba_09961292,added,30039,30311,UNKNOWN
6bba_09961292,added,30040,32499,UNKNOWN
6bba_09961292,added,30045,32500,UNKNOWN
6bba_09961292,added,30048,30331,UNKNOWN
6bba_09961292,added,30050,30292,UNKNOWN
6bba_09961292,added,30056,30339,UNKNOWN
6bba_09961292,added,30067,30323,UNKNOWN
6bba_09961292,added,30071,30350,UNKNOWN
6bba_09961292,added,30075,30338,TP
6bba_09961292,added,30076,30348,UNKNOWN
6bba_09961292,added,30082,30398,UNKNOWN
6bba_09961292,added,30086,30349,UNKNOWN
6bba_09961292,added,30093,30374,UNKNOWN
6bba_09961292,added,30105,30355,UNKNOWN
6bba_09961292,added,30111,30366,UNKNOWN
6bba_09961292,added,30114,32503,UNKNOWN
6bba_09961292,added,30121,30382,UNKNOWN
6bba_09961292,added,30123,30379,UNKNOWN
6bba_09961292,added,30140,30431,UNKNOWN
6bba_09961292,added,30156,30426,UNKNOWN
6bba_09961292,added,30158,32505,UNKNOWN
6bba_09961292,added,30162,30428,UNKNOWN
6bba_09961292,added,30164,30445,UNKNOWN
6bba_09961292,added,30166,30442,UNKNOWN
6bba_09961292,added,30167,30433,UNKNOWN
6bba_09961292,added,30172,32506,UNKNOWN
6bba_09961292,added,30173,30455,UNKNOWN
6bba_09961292,added,30174,32507,UNKNOWN
6bba_09961292,added,30175,32508,UNKNOWN
6bba_09961292,added,30176,32509,UNKNOWN
6bba_09961292,added,30182,30461,UNKNOWN
6bba_09961292,added,30185,32510,UNKNOWN
6bba_09961292,added,30187,30458,UNKNOWN
6bba_09961292,added,30189,32511,UNKNOWN
6bba_09961292,added,30197,32512,FP
6bba_09961292,added,30199,30472,UNKNOWN
6bba_09961292,added,30210,30578,UNKNOWN
6bba_09961292,added,30216,30554,UNKNOWN
6bba_09961292,added,30227,30573,UNKNOWN
6bba_09961292,added,30230,30576,UNKNOWN
6bba_09961292,added,30248,30555,UNKNOWN
6bba_09961292,added,30263,30481,UNKNOWN
6bba_09961292,added,30270,30583,UNKNOWN
6bba_09961292,added,30278,30580,UNKNOWN
6bba_09961292,added,30285,30571,UNKNOWN
6bba_09961292,added,30293,30612,UNKNOWN
6bba_09961292,added,30294,30518,UNKNOWN
6bba_09961292,added,30304,30619,UNKNOWN
6bba_09961292,added,30305,30516,UNKNOWN
6bba_09961292,added,30312,30624,UNKNOWN
6bba_09961292,added,30315,32513,UNKNOWN
6bba_09961292,added,30318,30634,UNKNOWN
6bba_09961292,added,30319,30621,UNKNOWN
6bba_09961292,added,30320,30644,UNKNOWN
6bba_09961292,added,30327,30641,UNKNOWN
6bba_09961292,added,30341,30610,UNKNOWN
6bba_09961292,added,30343,30663,UNKNOWN
6bba_09961292,added,30344,30604,UNKNOWN
6bba_09961292,added,30346,30668,UNKNOWN
6bba_09961292,added,30350,30620,UNKNOWN
6bba_09961292,added,30351,30690,UNKNOWN
6bba_09961292,added,30352,30678,TP
6bba_09961292,added,30360,30661,TP
6bba_09961292,added,30361,30618,UNKNOWN
6bba_09961292,added,30363,30689,UNKNOWN
6bba_09961292,added,30374,30639,UNKNOWN
6bba_09961292,added,30377,30693,UNKNOWN
6bba_09961292,added,30379,30633,UNKNOWN
6bba_09961292,added,30392,30707,UNKNOWN
6bba_09961292,added,30396,30671,UNKNOWN
6bba_09961292,added,30406,30664,UNKNOWN
6bba_09961292,added,30419,30729,UNKNOWN
6bba_09961292,added,30432,30742,TP
6bba_09961292,added,30434,30744,UNKNOWN
6bba_09961292,added,30438,30722,UNKNOWN
6bba_09961292,added,30440,30750,UNKNOWN
6bba_09961292,added,30443,30733,UNKNOWN
6bba_09961292,added,30447,30756,UNKNOWN
6bba_09961292,added,30459,30767,UNKNOWN
6bba_09961292,added,30472,30775,UNKNOWN
6bba_09961292,added,30578,32514,UNKNOWN
6bba_09961292,added,32358,3121,UNKNOWN
6bba_09961292,added,32359,3102,UNKNOWN
6bba_09961292,added,32361,3459,UNKNOWN
6bba_09961292,added,32362,3460,UNKNOWN
6bba_09961292,added,32363,3604,UNKNOWN
6bba_09961292,added,32364,3583,UNKNOWN
6bba_09961292,added,32365,3609,UNKNOWN
6bba_09961292,added,32366,3827,UNKNOWN
6bba_09961292,added,32367,4081,UNKNOWN
6bba_09961292,added,32369,4510,UNKNOWN
6bba_09961292,added,32370,4593,UNKNOWN
6bba_09961292,added,32371,4863,UNKNOWN
6bba_09961292,added,32373,5392,UNKNOWN
6bba_09961292,added,32374,5531,UNKNOWN
6bba_09961292,added,32375,5651,UNKNOWN
6bba_09961292,added,32376,6045,UNKNOWN
6bba_09961292,added,32377,6146,UNKNOWN
6bba_09961292,added,32378,6293,UNKNOWN
6bba_09961292,added,32379,6505,UNKNOWN
6bba_09961292,added,32380,7227,UNKNOWN
6bba_09961292,added,32381,7538,UNKNOWN
6bba_09961292,added,32382,8688,UNKNOWN
6bba_09961292,added,32383,9020,UNKNOWN
6bba_09961292,added,32384,9210,UNKNOWN
6bba_09961292,added,32385,9436,UNKNOWN
6bba_09961292,added,32386,9469,UNKNOWN
6bba_09961292,added,32387,10289,UNKNOWN
6bba_09961292,added,32388,10598,UNKNOWN
6bba_09961292,added,32389,10616,UNKNOWN
6bba_09961292,added,32390,10926,UNKNOWN
6bba_09961292,added,32391,10956,UNKNOWN
6bba_09961292,added,32392,11185,UNKNOWN
6bba_09961292,added,32393,11432,UNKNOWN
6bba_09961292,added,32395,11995,UNKNOWN
6bba_09961292,added,32396,12622,UNKNOWN
6bba_09961292,added,32397,13070,UNKNOWN
6bba_09961292,added,32398,13233,UNKNOWN
6bba_09961292,added,32399,13598,UNKNOWN
6bba_09961292,added,32403,13588,UNKNOWN
6bba_09961292,added,32404,13577,UNKNOWN
6bba_09961292,added,32405,13605,UNKNOWN
6bba_09961292,added,32406,13602,UNKNOWN
6bba_09961292,added,32407,13609,UNKNOWN
6bba_09961292,added,32408,13611,UNKNOWN
6bba_09961292,added,32409,13614,UNKNOWN
6bba_09961292,added,32410,13613,UNKNOWN
6bba_09961292,added,32411,13623,UNKNOWN
6bba_09961292,added,32412,13625,UNKNOWN
6bba_09961292,added,32413,13586,UNKNOWN
6bba_09961292,added,32415,13607,UNKNOWN
6bba_09961292,added,32416,13615,UNKNOWN
6bba_09961292,added,32417,13714,UNKNOWN
6bba_09961292,added,32418,13711,FP
6bba_09961292,added,32419,13698,UNKNOWN
6bba_09961292,added,32420,13734,UNKNOWN
6bba_09961292,added,32421,13756,FP
6bba_09961292,added,32422,13806,UNKNOWN
6bba_09961292,added,32423,13783,UNKNOWN
6bba_09961292,added,32424,13788,UNKNOWN
6bba_09961292,added,32425,13796,FP
6bba_09961292,added,32426,13815,UNKNOWN
6bba_09961292,added,32428,13853,UNKNOWN
6bba_09961292,added,32429,13840,UNKNOWN
6bba_09961292,added,32430,13860,UNKNOWN
6bba_09961292,added,32433,14367,UNKNOWN
6bba_09961292,added,32434,15170,UNKNOWN
6bba_09961292,added,32436,15656,TP
6bba_09961292,added,32437,16516,UNKNOWN
6bba_09961292,added,32438,16595,UNKNOWN
6bba_09961292,added,32439,17034,UNKNOWN
6bba_09961292,added,32440,17341,UNKNOWN
6bba_09961292,added,32441,17680,UNKNOWN
6bba_09961292,added,32442,17756,UNKNOWN
6bba_09961292,added,32443,17995,UNKNOWN
6bba_09961292,added,32444,18166,UNKNOWN
6bba_09961292,added,32445,18400,UNKNOWN
6bba_09961292,added,32447,20032,TP
6bba_09961292,added,32448,20129,UNKNOWN
6bba_09961292,added,32449,20533,UNKNOWN
6bba_09961292,added,32450,20876,UNKNOWN
6bba_09961292,added,32451,22167,UNKNOWN
6bba_09961292,added,32452,22176,UNKNOWN
6bba_09961292,added,32453,22399,UNKNOWN
6bba_09961292,added,32454,22598,UNKNOWN
6bba_09961292,added,32455,22627,UNKNOWN
6bba_09961292,added,32456,22844,UNKNOWN
6bba_09961292,added,32457,22783,UNKNOWN
6bba_09961292,added,32459,24060,UNKNOWN
6bba_09961292,added,32460,24177,UNKNOWN
6bba_09961292,added,32461,24325,UNKNOWN
6bba_09961292,added,32462,25138,UNKNOWN
6bba_09961292,added,32463,25407,UNKNOWN
6bba_09961292,added,32464,25570,UNKNOWN
6bba_09961292,added,32465,25954,UNKNOWN
6bba_09961292,added,32466,25963,UNKNOWN
6bba_09961292,added,32467,26765,UNKNOWN
6bba_09961292,added,32468,27657,UNKNOWN
6bba_09961292,added,32469,27655,UNKNOWN
6bba_09961292,added,32470,27688,UNKNOWN
6bba_09961292,added,32471,27891,UNKNOWN
6bba_09961292,added,32472,28577,UNKNOWN
6bba_09961292,added,32473,28599,UNKNOWN
6bba_09961292,added,32474,28625,UNKNOWN
6bba_09961292,added,32475,28701,UNKNOWN
6bba_09961292,added,32476,28834,UNKNOWN
6bba_09961292,added,32477,28924,UNKNOWN
6bba_09961292,added,32478,28969,UNKNOWN
6bba_09961292,added,32479,28968,UNKNOWN
6bba_09961292,added,32480,30288,UNKNOWN
6bba_09961292,added,32481,30478,UNKNOWN
6bba_09961292,added,32482,30480,UNKNOWN
6bba_09961292,added,32483,30486,UNKNOWN
6bba_09961292,added,32484,30538,UNKNOWN
6bba_09961292,added,32485,30493,UNKNOWN
6bba_09961292,added,32486,30497,UNKNOWN
6bba_09961292,added,32487,30499,UNKNOWN
6bba_09961292,added,32488,30507,UNKNOWN
6bba_09961292,added,32489,30508,UNKNOWN
6bba_09961292,added,32490,30511,UNKNOWN
6bba_09961292,added,32491,30515,UNKNOWN
6bba_09961292,added,32492,30513,UNKNOWN
6bba_09961292,added,32493,30517,UNKNOWN
6bba_09961292,added,32494,30536,UNKNOWN
6bba_09961292,added,32495,30491,UNKNOWN
6bba_09961292,added,32497,30587,UNKNOWN
6bba_09961292,added,32498,30640,UNKNOWN
6bba_09961292,added,32499,30607,UNKNOWN
6bba_09961292,added,32500,30646,UNKNOWN
6bba_09961292,added,32503,30698,UNKNOWN
6bba_09961292,added,32505,30731,UNKNOWN
6bba_09961292,added,32506,30749,UNKNOWN
6bba_09961292,added,32507,30754,UNKNOWN
6bba_09961292,added,32508,30755,UNKNOWN
6bba_09961292,added,32509,30759,UNKNOWN
6bba_09961292,added,32510,30763,UNKNOWN
6bba_09961292,added,32511,30771,UNKNOWN
6bba_09961292,added,32512,30780,UNKNOWN
6bba_09961292,added,32513,30945,UNKNOWN
6bba_09961292,added,32514,31192,UNKNOWN
6bba_09961292,added,32515,32516,UNKNOWN
6bba_09961292,added,32516,17825,UNKNOWN
6bba_09961292,added,32517,32518,TP
6bba_09961292,added,32518,23241,TP
6bba_09961292,added,32519,32520,UNKNOWN
6bba_09961292,added,32520,18699,UNKNOWN
6bba_09961292,added,32521,32522,UNKNOWN
6bba_09961292,added,32522,20851,UNKNOWN
6bba_09961292,added,32523,32524,UNKNOWN
6bba_09961292,added,32524,27265,UNKNOWN
6bba_09961292,added,32525,32526,UNKNOWN
6bba_09961292,added,32526,14155,UNKNOWN
6bba_09961292,added,32527,32528,UNKNOWN
6bba_09961292,added,32528,26580,UNKNOWN
6bba_09961292,added,32529,32530,UNKNOWN
6bba_09961292,added,32530,28722,UNKNOWN
6bba_09961292,added,32531,32532,UNKNOWN
6bba_09961292,added,32532,17261,UNKNOWN
6bba_09961292,added,32533,32534,UNKNOWN
6bba_09961292,added,32534,21932,UNKNOWN
6bba_09961292,added,32535,32536,UNKNOWN
6bba_09961292,added,32536,19883,UNKNOWN
6bba_09961292,added,32537,32538,UNKNOWN
6bba_09961292,added,32538,20780,UNKNOWN
6bba_09961292,added,32539,32540,UNKNOWN
6bba_09961292,added,32540,30836,UNKNOWN
6bba_09961292,added,32541,32542,UNKNOWN
6bba_09961292,added,32542,19181,UNKNOWN
6bba_09961292,added,32543,32544,UNKNOWN
6bba_09961292,added,32544,22610,UNKNOWN
6bba_09961292,added,32545,32546,UNKNOWN
6bba_09961292,added,32546,28602,UNKNOWN
6bba_09961292,added,32547,32548,UNKNOWN
6bba_09961292,added,32548,11604,UNKNOWN
6bba_09961292,added,32549,32550,UNKNOWN
6bba_09961292,added,32550,29352,UNKNOWN
6bba_09961292,added,32551,32552,UNKNOWN
6bba_09961292,added,32552,11375,UNKNOWN
6bba_09961292,added,32553,32554,UNKNOWN
6bba_09961292,added,32554,24563,UNKNOWN
6bba_09961292,added,32555,32556,UNKNOWN
6bba_09961292,added,32556,28177,UNKNOWN
6bba_09961292,added,32557,32558,UNKNOWN
6bba_09961292,added,32558,30545,UNKNOWN
6bba_09961292,added,32559,32560,UNKNOWN
6bba_09961292,added,32560,15460,UNKNOWN
6bba_09961292,added,32561,32562,UNKNOWN
6bba_09961292,added,32562,4282,UNKNOWN
6bba_09961292,added,32563,32564,UNKNOWN
6bba_09961292,added,32564,23045,UNKNOWN
6bba_09961292,added,32565,32566,UNKNOWN
6bba_09961292,added,32566,19850,UNKNOWN
6bba_09961292,added,32567,32568,UNKNOWN
6bba_09961292,added,32568,5273,UNKNOWN
6bba_09961292,added,32569,32570,UNKNOWN
6bba_09961292,added,32570,11955,UNKNOWN
6bba_09961292,added,32571,32572,UNKNOWN
6bba_09961292,added,32572,18287,UNKNOWN
6bba_09961292,added,32573,32574,UNKNOWN
6bba_09961292,added,32574,16130,UNKNOWN
6bba_09961292,added,32575,32576,UNKNOWN
6bba_09961292,added,32576,10102,UNKNOWN
6bba_09961292,added,32577,32578,UNKNOWN
6bba_09961292,added,32578,13825,UNKNOWN
6bba_09961292,added,32579,32580,UNKNOWN
6bba_09961292,added,32580,3278,UNKNOWN
6bba_09961292,added,32581,32582,UNKNOWN
6bba_09961292,added,32582,13443,UNKNOWN
6bba_09961292,added,32583,32584,UNKNOWN
6bba_09961292,added,32584,23835,UNKNOWN
6bba_09961292,added,32585,32586,UNKNOWN
6bba_09961292,added,32586,15847,UNKNOWN
6bba_09961292,added,32587,32588,UNKNOWN
6bba_09961292,added,32588,6650,UNKNOWN
6bba_09961292,added,32589,32590,UNKNOWN
6bba_09961292,added,32590,18252,UNKNOWN
