source_id,owner,notebook_title,notebook_slug,url,current_version,script_version_id,created_at,updated_at,updated_at_page_text,votes,comments,page_displayed_score,score_source,accelerator,runtime,internet_setting,input_datasets,output_files,license,read_status,source_saved,source_sha256,source_bytes,markdown_cells,code_cells,output_cells,all_code_cells_checked,relevance,current_score_verified,stale_score_risk,notes
KAGGLE_CODE_AAAA1597_S1-06-STARDIST-BTRACK-PIPELINE,aaaa1597,s1_06_stardist_btrack_pipeline,s1-06-stardist-btrack-pipeline,https://www.kaggle.com/code/aaaa1597/s1-06-stardist-btrack-pipeline,36,UNKNOWN,,,14d ago,,0,0.648,KAGGLE_CODE_LIST_CARD_DYNAMIC,None,NOT_VERIFIED_OUTPUTS_EMPTY,true,... | competitions | datasets,/kaggle/working/output | /kaggle/working/submission.csv | submission.csv,UNKNOWN_NOT_EXPOSED,FULL_NOTEBOOK_SOURCE_READ,false,714dda7c23860743e7906fcce6de45262b9d9493850f734873b267aa5b33ad9c,121706,9,9,0,true,StarDist,false,UNKNOWN_DYNAMIC_SCORE_UNBOUND_TO_SOURCE_VERSION,discovered_in=1 visible query/sort occurrences; Code card score is dynamic and not bound to current GetKernel source or a submission; all 9 code cells hashed and semantically scanned; OUTPUTS_CLEARED_OR_ABSENT_IN_GETKERNEL_SOURCE; UNKNOWN_NOT_EXPOSED_BY_CURRENT_GETKERNEL_RESPONSE; UNKNOWN_API_LAST_RUN_TIME_FIELD_ANOMALOUS_REQUEST_CADENCE_MINUS_3_DAYS
KAGGLE_CODE_AAGNEYE_BIOHUB-V23-DIVISION-REBUILD-RECLAIM,aagneye,BioHub V23 Division Rebuild Reclaim,biohub-v23-division-rebuild-reclaim,https://www.kaggle.com/code/aagneye/biohub-v23-division-rebuild-reclaim,1,UNKNOWN,,,,,0,,KAGGLE_CODE_LIST_CARD_DYNAMIC,NvidiaTeslaT4,NOT_VERIFIED_OUTPUTS_EMPTY,false,biohub-deepcenter-unet3d-center-prior-v1 | competitions | datasets,/kaggle/working/wheels | submission.csv,UNKNOWN_NOT_EXPOSED,FULL_NOTEBOOK_SOURCE_READ,false,67a4aadd83a96c8755e7a983c3acd22cd3e9caa3e3ea0a075d135d4145db5faa,209461,14,11,0,true,Hotness | Recently Created | Recently Run,false,UNKNOWN_NO_PAGE_SCORE_OBSERVED,discovered_in=3 visible query/sort occurrences; Code card score is dynamic and not bound to current GetKernel source or a submission; all 11 code cells hashed and semantically scanned; OUTPUTS_CLEARED_OR_ABSENT_IN_GETKERNEL_SOURCE; UNKNOWN_NOT_EXPOSED_BY_CURRENT_GETKERNEL_RESPONSE; UNKNOWN_API_LAST_RUN_TIME_FIELD_ANOMALOUS_REQUEST_CADENCE_MINUS_3_DAYS
KAGGLE_CODE_AAGNEYE_BIOHUB-V24-DET-09375,aagneye,BioHub V24 Det 09375,biohub-v24-det-09375,https://www.kaggle.com/code/aagneye/biohub-v24-det-09375,UNKNOWN,UNKNOWN,,,,,0,,KAGGLE_CODE_LIST_CARD_DYNAMIC,UNKNOWN,UNKNOWN,UNKNOWN,UNKNOWN,UNKNOWN,UNKNOWN,METADATA_ONLY,false,,,,,,false,Recently Created | Recently Run,false,UNKNOWN_NO_PAGE_SCORE_OBSERVED,discovered_in=2 visible query/sort occurrences; Code card score is dynamic and not bound to current GetKernel source or a submission
KAGGLE_CODE_AAGNEYE_BIOHUB-V25-DET-090,aagneye,BioHub V25 Det 090,biohub-v25-det-090,https://www.kaggle.com/code/aagneye/biohub-v25-det-090,UNKNOWN,UNKNOWN,,,,,0,,KAGGLE_CODE_LIST_CARD_DYNAMIC,UNKNOWN,UNKNOWN,UNKNOWN,UNKNOWN,UNKNOWN,UNKNOWN,METADATA_ONLY,false,,,,,,false,Recently Created | Recently Run,false,UNKNOWN_NO_PAGE_SCORE_OBSERVED,discovered_in=2 visible query/sort occurrences; Code card score is dynamic and not bound to current GetKernel source or a submission
KAGGLE_CODE_ABHIJITHNEILABRAHAM_SOLUTION,abhijithneilabraham,solution,solution,https://www.kaggle.com/code/abhijithneilabraham/solution,UNKNOWN,UNKNOWN,,,2mo ago,83,0,0.9,KAGGLE_CODE_LIST_CARD_DYNAMIC,UNKNOWN,UNKNOWN,UNKNOWN,UNKNOWN,UNKNOWN,UNKNOWN,METADATA_ONLY,false,,,,,,false,tracksdata,false,UNKNOWN_DYNAMIC_SCORE_UNBOUND_TO_SOURCE_VERSION,discovered_in=1 visible query/sort occurrences; Code card score is dynamic and not bound to current GetKernel source or a submission
KAGGLE_CODE_ALIOMAN_BIOHUB-V19A-PUBLIC-0938-DIV45-EXACT,alioman,Biohub V19A Public 0938 Div45 Exact,biohub-v19a-public-0938-div45-exact,https://www.kaggle.com/code/alioman/biohub-v19a-public-0938-div45-exact,UNKNOWN,UNKNOWN,,,9h ago,,0,0.938,KAGGLE_CODE_LIST_CARD_DYNAMIC,UNKNOWN,UNKNOWN,UNKNOWN,UNKNOWN,UNKNOWN,UNKNOWN,METADATA_ONLY,false,,,,,,false,Hotness | Public Score | Recently Created | Recently Run,false,UNKNOWN_DYNAMIC_SCORE_UNBOUND_TO_SOURCE_VERSION,discovered_in=4 visible query/sort occurrences; Code card score is dynamic and not bound to current GetKernel source or a submission
KAGGLE_CODE_ALIOMAN_BIOHUB-V19B-PUBLIC0939-SDM9-ONLY,alioman,biohub-v19b-public0939-sdm9-only,biohub-v19b-public0939-sdm9-only,https://www.kaggle.com/code/alioman/biohub-v19b-public0939-sdm9-only,UNKNOWN,UNKNOWN,,,9h ago,,0,0.939,KAGGLE_CODE_LIST_CARD_DYNAMIC,UNKNOWN,UNKNOWN,UNKNOWN,UNKNOWN,UNKNOWN,UNKNOWN,METADATA_ONLY,false,,,,,,false,Hotness | Public Score | Recently Created | Recently Run,false,UNKNOWN_DYNAMIC_SCORE_UNBOUND_TO_SOURCE_VERSION,discovered_in=4 visible query/sort occurrences; Code card score is dynamic and not bound to current GetKernel source or a submission
KAGGLE_CODE_ALIOMAN_BIOHUB-V19C-PUBLIC0939-SIS14-ONLY,alioman,biohub-v19c-public0939-sis14-only,biohub-v19c-public0939-sis14-only,https://www.kaggle.com/code/alioman/biohub-v19c-public0939-sis14-only,1,UNKNOWN,,,9h ago,,0,0.939,KAGGLE_CODE_LIST_CARD_DYNAMIC,NvidiaTeslaT4,NOT_VERIFIED_OUTPUTS_EMPTY,false,biohub-deepcenter-unet3d-center-prior-v1 | competitions | datasets,/kaggle/working/dual_seed_frame_retention_guard_report.json | /kaggle/working/submission.csv | /kaggle/working/wheels | submission.csv,UNKNOWN_NOT_EXPOSED,FULL_NOTEBOOK_SOURCE_READ,false,363139b1f15ebd4b822b286019c0ce46533d0e045cdb31a99a9ffe0d7c208fd9,213952,2,10,0,true,Hotness | Public Score | Recently Created | Recently Run,false,UNKNOWN_DYNAMIC_SCORE_UNBOUND_TO_SOURCE_VERSION,discovered_in=4 visible query/sort occurrences; Code card score is dynamic and not bound to current GetKernel source or a submission; all 10 code cells hashed and semantically scanned; OUTPUTS_CLEARED_OR_ABSENT_IN_GETKERNEL_SOURCE; UNKNOWN_NOT_EXPOSED_BY_CURRENT_GETKERNEL_RESPONSE; UNKNOWN_API_LAST_RUN_TIME_FIELD_ANOMALOUS_REQUEST_CADENCE_MINUS_3_DAYS
KAGGLE_CODE_ALIOMAN_BIOHUB-V19D-ARM-UNION-LSHAPE,alioman,biohub-v19d-arm-union-lshape,biohub-v19d-arm-union-lshape,https://www.kaggle.com/code/alioman/biohub-v19d-arm-union-lshape,UNKNOWN,UNKNOWN,,,,,0,,KAGGLE_CODE_LIST_CARD_DYNAMIC,UNKNOWN,UNKNOWN,UNKNOWN,UNKNOWN,UNKNOWN,UNKNOWN,METADATA_ONLY,false,,,,,,false,Hotness | Recently Created | Recently Run,false,UNKNOWN_NO_PAGE_SCORE_OBSERVED,discovered_in=3 visible query/sort occurrences; Code card score is dynamic and not bound to current GetKernel source or a submission
KAGGLE_CODE_ALIOMAN_BIOHUB-V19D-DUAL-WIDE-DIV400,alioman,biohub-v19d-dual-wide-div400,biohub-v19d-dual-wide-div400,https://www.kaggle.com/code/alioman/biohub-v19d-dual-wide-div400,UNKNOWN,UNKNOWN,,,,,0,,KAGGLE_CODE_LIST_CARD_DYNAMIC,UNKNOWN,UNKNOWN,UNKNOWN,UNKNOWN,UNKNOWN,UNKNOWN,METADATA_ONLY,false,,,,,,false,Hotness | Recently Created | Recently Run,false,UNKNOWN_NO_PAGE_SCORE_OBSERVED,discovered_in=3 visible query/sort occurrences; Code card score is dynamic and not bound to current GetKernel source or a submission
KAGGLE_CODE_ALIOMAN_BIOHUB-V19E-DIV45-DET9625,alioman,biohub-v19e-div45-det9625,biohub-v19e-div45-det9625,https://www.kaggle.com/code/alioman/biohub-v19e-div45-det9625,UNKNOWN,UNKNOWN,,,8h ago,,0,0.938,KAGGLE_CODE_LIST_CARD_DYNAMIC,UNKNOWN,UNKNOWN,UNKNOWN,UNKNOWN,UNKNOWN,UNKNOWN,METADATA_ONLY,false,,,,,,false,Hotness | Public Score | Recently Created | Recently Run,false,UNKNOWN_DYNAMIC_SCORE_UNBOUND_TO_SOURCE_VERSION,discovered_in=4 visible query/sort occurrences; Code card score is dynamic and not bound to current GetKernel source or a submission
KAGGLE_CODE_AMAN5153684_ACTUALLY-TUNING-THE-ILP,aman5153684,Actually Tuning the ILP,actually-tuning-the-ilp,https://www.kaggle.com/code/aman5153684/actually-tuning-the-ilp,UNKNOWN,UNKNOWN,,,2mo ago,19,0,0.81,KAGGLE_CODE_LIST_CARD_DYNAMIC,UNKNOWN,UNKNOWN,UNKNOWN,UNKNOWN,UNKNOWN,UNKNOWN,METADATA_ONLY,false,,,,,,false,division jaccard | zebrafish cell tracking,false,UNKNOWN_DYNAMIC_SCORE_UNBOUND_TO_SOURCE_VERSION,discovered_in=2 visible query/sort occurrences; Code card score is dynamic and not bound to current GetKernel source or a submission
KAGGLE_CODE_AMANATAR_BIOHUB-CELL-TRACKING-V-1,amanatar,Biohub Cell Tracking v 1,biohub-cell-tracking-v-1,https://www.kaggle.com/code/amanatar/biohub-cell-tracking-v-1,UNKNOWN,UNKNOWN,,,1mo ago,,0,0.95,KAGGLE_CODE_LIST_CARD_DYNAMIC,UNKNOWN,UNKNOWN,UNKNOWN,UNKNOWN,UNKNOWN,UNKNOWN,METADATA_ONLY,false,,,,,,false,Public Score,false,UNKNOWN_DYNAMIC_SCORE_UNBOUND_TO_SOURCE_VERSION,discovered_in=1 visible query/sort occurrences; Code card score is dynamic and not bound to current GetKernel source or a submission
KAGGLE_CODE_AMANATAR_BIOHUB-METRIC-HACK-LAST-CALL,amanatar,biohub-metric-hack-last-call,biohub-metric-hack-last-call,https://www.kaggle.com/code/amanatar/biohub-metric-hack-last-call,UNKNOWN,UNKNOWN,,,1mo ago,,0,0.963,KAGGLE_CODE_LIST_CARD_DYNAMIC,UNKNOWN,UNKNOWN,UNKNOWN,UNKNOWN,UNKNOWN,UNKNOWN,METADATA_ONLY,false,,,,,,false,Public Score,false,HIGH_EXPLICIT_HACK_OR_ABOVE_CURRENT_LB_TOP,discovered_in=1 visible query/sort occurrences; Code card score is dynamic and not bound to current GetKernel source or a submission
KAGGLE_CODE_AMANATAR_BIOHUB-V6-ULTRA-BEST,amanatar,biohub-v6-ultra-best,biohub-v6-ultra-best,https://www.kaggle.com/code/amanatar/biohub-v6-ultra-best,UNKNOWN,UNKNOWN,,,1mo ago,19,0,0.964,KAGGLE_CODE_LIST_CARD_DYNAMIC,UNKNOWN,UNKNOWN,UNKNOWN,UNKNOWN,UNKNOWN,UNKNOWN,METADATA_ONLY,false,,,,,,false,Public Score,false,HIGH_EXPLICIT_HACK_OR_ABOVE_CURRENT_LB_TOP,discovered_in=1 visible query/sort occurrences; Code card score is dynamic and not bound to current GetKernel source or a submission
KAGGLE_CODE_AMANATAR_IMPROVED-METRIC-HACK-LAST-CALL,amanatar,improved-metric-hack-last-call,improved-metric-hack-last-call,https://www.kaggle.com/code/amanatar/improved-metric-hack-last-call,1,UNKNOWN,,,1mo ago,103,0,0.966,KAGGLE_CODE_LIST_CARD_DYNAMIC,NvidiaTeslaT4,NOT_VERIFIED_OUTPUTS_EMPTY,false,competitions | datasets,/kaggle/working/my_predict | submission.csv | submission_clean.csv,UNKNOWN_NOT_EXPOSED,FULL_NOTEBOOK_SOURCE_READ,false,d29282ae764067cc80b8e50b820bca0b678cf1808846e5e8732ac4cfb2b2b446,64106,0,9,0,true,GEFF | Most Votes | Public Score | biohub-cell-tracking-during-development | cell division tracking | tracksdata | transformer cell tracking,false,HIGH_EXPLICIT_HACK_OR_ABOVE_CURRENT_LB_TOP,discovered_in=7 visible query/sort occurrences; Code card score is dynamic and not bound to current GetKernel source or a submission; all 9 code cells hashed and semantically scanned; OUTPUTS_CLEARED_OR_ABSENT_IN_GETKERNEL_SOURCE; UNKNOWN_NOT_EXPOSED_BY_CURRENT_GETKERNEL_RESPONSE; UNKNOWN_API_LAST_RUN_TIME_FIELD_ANOMALOUS_REQUEST_CADENCE_MINUS_3_DAYS
KAGGLE_CODE_AMANATAR_OPTIMIZED-BIOHUB-MAX-SCORE,amanatar,optimized-biohub-max-score,optimized-biohub-max-score,https://www.kaggle.com/code/amanatar/optimized-biohub-max-score,UNKNOWN,UNKNOWN,,,1mo ago,14,0,0.91,KAGGLE_CODE_LIST_CARD_DYNAMIC,UNKNOWN,UNKNOWN,UNKNOWN,UNKNOWN,UNKNOWN,UNKNOWN,METADATA_ONLY,false,,,,,,false,3D+time microscopy,false,UNKNOWN_DYNAMIC_SCORE_UNBOUND_TO_SOURCE_VERSION,discovered_in=1 visible query/sort occurrences; Code card score is dynamic and not bound to current GetKernel source or a submission
KAGGLE_CODE_AMERHU_BIOHUB-CELL-TRACKING-ADAPTIVE-PRUNING,amerhu, 🧬Biohub Cell Tracking | Adaptive Pruning,biohub-cell-tracking-adaptive-pruning,https://www.kaggle.com/code/amerhu/biohub-cell-tracking-adaptive-pruning,UNKNOWN,UNKNOWN,,,2mo ago,26,0,0.889,KAGGLE_CODE_LIST_CARD_DYNAMIC,UNKNOWN,UNKNOWN,UNKNOWN,UNKNOWN,UNKNOWN,UNKNOWN,METADATA_ONLY,false,,,,,,false,adjusted edge jaccard,false,UNKNOWN_DYNAMIC_SCORE_UNBOUND_TO_SOURCE_VERSION,discovered_in=1 visible query/sort occurrences; Code card score is dynamic and not bound to current GetKernel source or a submission
KAGGLE_CODE_ANALYTICAOBSCURA_BIOHUB-CELL-TRACKING-DURING-DEVELOPMENT,analyticaobscura,Biohub: Cell Tracking During Development 🔬,biohub-cell-tracking-during-development,https://www.kaggle.com/code/analyticaobscura/biohub-cell-tracking-during-development,UNKNOWN,UNKNOWN,,,2mo ago,22,0,0.893,KAGGLE_CODE_LIST_CARD_DYNAMIC,UNKNOWN,UNKNOWN,UNKNOWN,UNKNOWN,UNKNOWN,UNKNOWN,METADATA_ONLY,false,,,,,,false,biohub-cell-tracking-during-development,false,UNKNOWN_DYNAMIC_SCORE_UNBOUND_TO_SOURCE_VERSION,discovered_in=1 visible query/sort occurrences; Code card score is dynamic and not bound to current GetKernel source or a submission
KAGGLE_CODE_ANDRESSANTOSSANZ_BIOHUB-HARNESS-0926-PROBE,andressantossanz,Biohub Harness 0926 Probe,biohub-harness-0926-probe,https://www.kaggle.com/code/andressantossanz/biohub-harness-0926-probe,UNKNOWN,UNKNOWN,,,9d ago,,0,0.926,KAGGLE_CODE_LIST_CARD_DYNAMIC,UNKNOWN,UNKNOWN,UNKNOWN,UNKNOWN,UNKNOWN,UNKNOWN,METADATA_ONLY,false,,,,,,false,graph optimization cell tracking,false,UNKNOWN_DYNAMIC_SCORE_UNBOUND_TO_SOURCE_VERSION,discovered_in=1 visible query/sort occurrences; Code card score is dynamic and not bound to current GetKernel source or a submission
KAGGLE_CODE_ANGANTYR_BIOHUB-2026-VISUALIZATION-AND-DATA-ANALYSIS,angantyr,Biohub 2026 - visualization and data analysis,biohub-2026-visualization-and-data-analysis,https://www.kaggle.com/code/angantyr/biohub-2026-visualization-and-data-analysis,UNKNOWN,UNKNOWN,,,,17,0,,KAGGLE_CODE_LIST_CARD_DYNAMIC,UNKNOWN,UNKNOWN,UNKNOWN,UNKNOWN,UNKNOWN,UNKNOWN,METADATA_ONLY,false,,,,,,false,adjusted edge jaccard,false,UNKNOWN_NO_PAGE_SCORE_OBSERVED,discovered_in=1 visible query/sort occurrences; Code card score is dynamic and not bound to current GetKernel source or a submission
KAGGLE_CODE_ANHADMAHAJAN06_BIOHUB-TRACK-YOUR-CELLS-DEVELOPMENT,anhadmahajan06,Biohub - Track Your Cells Development,biohub-track-your-cells-development,https://www.kaggle.com/code/anhadmahajan06/biohub-track-your-cells-development,37,UNKNOWN,,,1d ago,108,2,0.933,KAGGLE_CODE_LIST_CARD_DYNAMIC,NvidiaTeslaT4,NOT_VERIFIED_OUTPUTS_EMPTY,false,biohub-deepcenter-unet3d-center-prior-v1 | competitions | datasets,/kaggle/working/dual_seed_frame_retention_guard_report.json | /kaggle/working/submission.csv | /kaggle/working/wheels | submission.csv,UNKNOWN_NOT_EXPOSED,FULL_NOTEBOOK_SOURCE_READ,false,e3e9c4b2720a3b671ba5014498564638e303d5075926c420dd992ab45befb9b2,219493,10,10,0,true,3D U-Net tracking | 3D cell tracking | 3D+time microscopy | GEFF | Most Votes | adjusted edge jaccard | biohub-cell-tracking-during-development | cell division tracking | division jaccard | graph optimization cell tracking | transformer cell tracking,false,UNKNOWN_DYNAMIC_SCORE_UNBOUND_TO_SOURCE_VERSION,discovered_in=11 visible query/sort occurrences; Code card score is dynamic and not bound to current GetKernel source or a submission; all 10 code cells hashed and semantically scanned; OUTPUTS_CLEARED_OR_ABSENT_IN_GETKERNEL_SOURCE; UNKNOWN_NOT_EXPOSED_BY_CURRENT_GETKERNEL_RESPONSE; UNKNOWN_API_LAST_RUN_TIME_FIELD_ANOMALOUS_REQUEST_CADENCE_MINUS_3_DAYS
KAGGLE_CODE_ANUJSAHA0123456789_ZEBRAFISH-3D-T-CELL-TRACKING-BASELINE-SOLUTION,anujsaha0123456789,Zebrafish 3D+T Cell Tracking - Baseline Solution,zebrafish-3d-t-cell-tracking-baseline-solution,https://www.kaggle.com/code/anujsaha0123456789/zebrafish-3d-t-cell-tracking-baseline-solution,UNKNOWN,UNKNOWN,,,,,0,,KAGGLE_CODE_LIST_CARD_DYNAMIC,UNKNOWN,UNKNOWN,UNKNOWN,UNKNOWN,UNKNOWN,UNKNOWN,METADATA_ONLY,false,,,,,,false,StarDist | graph optimization cell tracking | zebrafish cell tracking,false,UNKNOWN_NO_PAGE_SCORE_OBSERVED,discovered_in=3 visible query/sort occurrences; Code card score is dynamic and not bound to current GetKernel source or a submission
KAGGLE_CODE_ANVITHPOTHULA_BIOHUB-METRIC-HACK,anvithpothula,Biohub Metric Hack,biohub-metric-hack,https://www.kaggle.com/code/anvithpothula/biohub-metric-hack,UNKNOWN,UNKNOWN,,,1mo ago,14,0,0.95,KAGGLE_CODE_LIST_CARD_DYNAMIC,UNKNOWN,UNKNOWN,UNKNOWN,UNKNOWN,UNKNOWN,UNKNOWN,METADATA_ONLY,false,,,,,,false,Public Score,false,HIGH_EXPLICIT_HACK_OR_ABOVE_CURRENT_LB_TOP,discovered_in=1 visible query/sort occurrences; Code card score is dynamic and not bound to current GetKernel source or a submission
KAGGLE_CODE_ARNAV170_BIOHUB-SDW60,arnav170,biohub-sdw60,biohub-sdw60,https://www.kaggle.com/code/arnav170/biohub-sdw60,UNKNOWN,UNKNOWN,,,8d ago,27,0,0.927,KAGGLE_CODE_LIST_CARD_DYNAMIC,UNKNOWN,UNKNOWN,UNKNOWN,UNKNOWN,UNKNOWN,UNKNOWN,METADATA_ONLY,false,,,,,,false,3D U-Net tracking | cell lineage reconstruction | division jaccard | zebrafish cell tracking,false,UNKNOWN_DYNAMIC_SCORE_UNBOUND_TO_SOURCE_VERSION,discovered_in=4 visible query/sort occurrences; Code card score is dynamic and not bound to current GetKernel source or a submission
KAGGLE_CODE_AVIKDAS567_3D-CELL-TRACKING-SCALE-SPACE-HUNGARIAN-ENGINE,avikdas567,3D Cell Tracking: Scale-Space & Hungarian Engine,3d-cell-tracking-scale-space-hungarian-engine,https://www.kaggle.com/code/avikdas567/3d-cell-tracking-scale-space-hungarian-engine,UNKNOWN,UNKNOWN,,,,,0,,KAGGLE_CODE_LIST_CARD_DYNAMIC,UNKNOWN,UNKNOWN,UNKNOWN,UNKNOWN,UNKNOWN,UNKNOWN,METADATA_ONLY,false,,,,,,false,3D+time microscopy | graph optimization cell tracking,false,UNKNOWN_NO_PAGE_SCORE_OBSERVED,discovered_in=2 visible query/sort occurrences; Code card score is dynamic and not bound to current GetKernel source or a submission
KAGGLE_CODE_AYESHASUMMAIYYA_ZEBRAFISH-CELL-TRACKING,ayeshasummaiyya, Zebrafish cell tracking ,zebrafish-cell-tracking,https://www.kaggle.com/code/ayeshasummaiyya/zebrafish-cell-tracking,UNKNOWN,UNKNOWN,,,3d ago,,0,0.462,KAGGLE_CODE_LIST_CARD_DYNAMIC,UNKNOWN,UNKNOWN,UNKNOWN,UNKNOWN,UNKNOWN,UNKNOWN,METADATA_ONLY,false,,,,,,false,zebrafish cell tracking,false,UNKNOWN_DYNAMIC_SCORE_UNBOUND_TO_SOURCE_VERSION,discovered_in=1 visible query/sort occurrences; Code card score is dynamic and not bound to current GetKernel source or a submission
KAGGLE_CODE_BACKTRACKING_BIOHUB-MEDAL-V1,backtracking,Biohub medal v1,biohub-medal-v1,https://www.kaggle.com/code/backtracking/biohub-medal-v1,UNKNOWN,UNKNOWN,,,17d ago,,0,0.916,KAGGLE_CODE_LIST_CARD_DYNAMIC,UNKNOWN,UNKNOWN,UNKNOWN,UNKNOWN,UNKNOWN,UNKNOWN,METADATA_ONLY,false,,,,,,false,cell lineage reconstruction,false,UNKNOWN_DYNAMIC_SCORE_UNBOUND_TO_SOURCE_VERSION,discovered_in=1 visible query/sort occurrences; Code card score is dynamic and not bound to current GetKernel source or a submission
KAGGLE_CODE_BEICICC_BIOHUB-CELL-TRACKING-EXP006-RULE-SAFE-DIV,beicicc,Biohub Cell Tracking Exp006 Rule Safe Div,biohub-cell-tracking-exp006-rule-safe-div,https://www.kaggle.com/code/beicicc/biohub-cell-tracking-exp006-rule-safe-div,UNKNOWN,UNKNOWN,,,2mo ago,,0,0.838,KAGGLE_CODE_LIST_CARD_DYNAMIC,UNKNOWN,UNKNOWN,UNKNOWN,UNKNOWN,UNKNOWN,UNKNOWN,METADATA_ONLY,false,,,,,,false,3D U-Net tracking | adjusted edge jaccard | division jaccard,false,UNKNOWN_DYNAMIC_SCORE_UNBOUND_TO_SOURCE_VERSION,discovered_in=3 visible query/sort occurrences; Code card score is dynamic and not bound to current GetKernel source or a submission
KAGGLE_CODE_BEICICC_BIOHUB-EXP050-BORIS-MIN6,beicicc,Biohub Exp050 Boris Min6,biohub-exp050-boris-min6,https://www.kaggle.com/code/beicicc/biohub-exp050-boris-min6,UNKNOWN,UNKNOWN,,,2mo ago,,0,0.887,KAGGLE_CODE_LIST_CARD_DYNAMIC,UNKNOWN,UNKNOWN,UNKNOWN,UNKNOWN,UNKNOWN,UNKNOWN,METADATA_ONLY,false,,,,,,false,graph optimization cell tracking,false,UNKNOWN_DYNAMIC_SCORE_UNBOUND_TO_SOURCE_VERSION,discovered_in=1 visible query/sort occurrences; Code card score is dynamic and not bound to current GetKernel source or a submission
KAGGLE_CODE_BEICICC_BIOHUB-EXP073-GAP-5-8-PUBLIC,beicicc,Biohub Exp073 Gap 5.8 Public,biohub-exp073-gap-5-8-public,https://www.kaggle.com/code/beicicc/biohub-exp073-gap-5-8-public,UNKNOWN,UNKNOWN,,,2mo ago,51,0,0.902,KAGGLE_CODE_LIST_CARD_DYNAMIC,UNKNOWN,UNKNOWN,UNKNOWN,UNKNOWN,UNKNOWN,UNKNOWN,METADATA_ONLY,false,,,,,,false,transformer cell tracking,false,UNKNOWN_DYNAMIC_SCORE_UNBOUND_TO_SOURCE_VERSION,discovered_in=1 visible query/sort occurrences; Code card score is dynamic and not bound to current GetKernel source or a submission
KAGGLE_CODE_BENSPECTRCYDEGILBERT_NOTEBOOKF5391491C2,benspectrcydegilbert,notebookf5391491c2,notebookf5391491c2,https://www.kaggle.com/code/benspectrcydegilbert/notebookf5391491c2,UNKNOWN,UNKNOWN,,,,,0,,KAGGLE_CODE_LIST_CARD_DYNAMIC,UNKNOWN,UNKNOWN,UNKNOWN,UNKNOWN,UNKNOWN,UNKNOWN,METADATA_ONLY,false,,,,,,false,3D+time microscopy | Trackastra | zebrafish cell tracking,false,UNKNOWN_NO_PAGE_SCORE_OBSERVED,discovered_in=3 visible query/sort occurrences; Code card score is dynamic and not bound to current GetKernel source or a submission
KAGGLE_CODE_BIOHACK44_BIOHUB-STARTER-PACKAGE-PUBLIC-MAX-LB,biohack44,Biohub Starter Package Public Max LB,biohub-starter-package-public-max-lb,https://www.kaggle.com/code/biohack44/biohub-starter-package-public-max-lb,UNKNOWN,UNKNOWN,,,2mo ago,,0,0.663,KAGGLE_CODE_LIST_CARD_DYNAMIC,UNKNOWN,UNKNOWN,UNKNOWN,UNKNOWN,UNKNOWN,UNKNOWN,METADATA_ONLY,false,,,,,,false,Cellpose | StarDist | Trackastra | Ultrack,false,UNKNOWN_DYNAMIC_SCORE_UNBOUND_TO_SOURCE_VERSION,discovered_in=4 visible query/sort occurrences; Code card score is dynamic and not bound to current GetKernel source or a submission
KAGGLE_CODE_BORISTOWN_AGI-BIOHUB-CELL-TRACKING,boristown,【暗黑AGI】Biohub Cell Tracking,agi-biohub-cell-tracking,https://www.kaggle.com/code/boristown/agi-biohub-cell-tracking,UNKNOWN,UNKNOWN,,,2mo ago,72,0,0.885,KAGGLE_CODE_LIST_CARD_DYNAMIC,UNKNOWN,UNKNOWN,UNKNOWN,UNKNOWN,UNKNOWN,UNKNOWN,METADATA_ONLY,false,,,,,,false,3D U-Net tracking | 3D cell tracking | biohub cell tracking | transformer cell tracking,false,UNKNOWN_DYNAMIC_SCORE_UNBOUND_TO_SOURCE_VERSION,discovered_in=4 visible query/sort occurrences; Code card score is dynamic and not bound to current GetKernel source or a submission
KAGGLE_CODE_BORISTOWN_BIOHUB-CELL-TRACKING-BLEND-PREPROCESSINGS,boristown,Biohub Cell Tracking: Blend Preprocessings,biohub-cell-tracking-blend-preprocessings,https://www.kaggle.com/code/boristown/biohub-cell-tracking-blend-preprocessings,UNKNOWN,UNKNOWN,,,2mo ago,30,0,0.901,KAGGLE_CODE_LIST_CARD_DYNAMIC,UNKNOWN,UNKNOWN,UNKNOWN,UNKNOWN,UNKNOWN,UNKNOWN,METADATA_ONLY,false,,,,,,false,biohub cell tracking,false,UNKNOWN_DYNAMIC_SCORE_UNBOUND_TO_SOURCE_VERSION,discovered_in=1 visible query/sort occurrences; Code card score is dynamic and not bound to current GetKernel source or a submission
KAGGLE_CODE_BORISTOWN_DARK-AGI-BIOHUB-CELL-TRACKING-SOLUTION,boristown,Dark-AGI-Biohub Cell Tracking Solution,dark-agi-biohub-cell-tracking-solution,https://www.kaggle.com/code/boristown/dark-agi-biohub-cell-tracking-solution,UNKNOWN,UNKNOWN,,,1mo ago,97,0,0.879,KAGGLE_CODE_LIST_CARD_DYNAMIC,UNKNOWN,UNKNOWN,UNKNOWN,UNKNOWN,UNKNOWN,UNKNOWN,METADATA_ONLY,false,,,,,,false,GEFF | Most Votes | biohub cell tracking | biohub-cell-tracking-during-development | cell division tracking | tracksdata,false,UNKNOWN_DYNAMIC_SCORE_UNBOUND_TO_SOURCE_VERSION,discovered_in=6 visible query/sort occurrences; Code card score is dynamic and not bound to current GetKernel source or a submission
KAGGLE_CODE_BORISTOWN_LB0-897-WITH-FULL-VISUAL-PIPELINE-AND-ANIMATION,boristown,LB0.897 With Full Visual Pipeline and Animation,lb0-897-with-full-visual-pipeline-and-animation,https://www.kaggle.com/code/boristown/lb0-897-with-full-visual-pipeline-and-animation,UNKNOWN,UNKNOWN,,,2mo ago,34,0,0.897,KAGGLE_CODE_LIST_CARD_DYNAMIC,UNKNOWN,UNKNOWN,UNKNOWN,UNKNOWN,UNKNOWN,UNKNOWN,METADATA_ONLY,false,,,,,,false,3D U-Net tracking | 3D+time microscopy,false,UNKNOWN_DYNAMIC_SCORE_UNBOUND_TO_SOURCE_VERSION,discovered_in=2 visible query/sort occurrences; Code card score is dynamic and not bound to current GetKernel source or a submission
KAGGLE_CODE_BUSYAPRIME_A-TRAINED-3D-DETECTOR-AND-EDGE-JACCARD-CV,busyaprime,A Trained 3D Detector and Edge Jaccard CV,a-trained-3d-detector-and-edge-jaccard-cv,https://www.kaggle.com/code/busyaprime/a-trained-3d-detector-and-edge-jaccard-cv,UNKNOWN,UNKNOWN,,,,,0,,KAGGLE_CODE_LIST_CARD_DYNAMIC,UNKNOWN,UNKNOWN,UNKNOWN,UNKNOWN,UNKNOWN,UNKNOWN,METADATA_ONLY,false,,,,,,false,StarDist,false,UNKNOWN_NO_PAGE_SCORE_OBSERVED,discovered_in=1 visible query/sort occurrences; Code card score is dynamic and not bound to current GetKernel source or a submission
KAGGLE_CODE_BUSYAPRIME_TRACKING-ZEBRAFISH-CELL-LINEAGES-ON-A-T4,busyaprime,Tracking Zebrafish Cell Lineages on a T4,tracking-zebrafish-cell-lineages-on-a-t4,https://www.kaggle.com/code/busyaprime/tracking-zebrafish-cell-lineages-on-a-t4,UNKNOWN,UNKNOWN,,,,,0,,KAGGLE_CODE_LIST_CARD_DYNAMIC,UNKNOWN,UNKNOWN,UNKNOWN,UNKNOWN,UNKNOWN,UNKNOWN,METADATA_ONLY,false,,,,,,false,StarDist | zebrafish cell tracking,false,UNKNOWN_NO_PAGE_SCORE_OBSERVED,discovered_in=2 visible query/sort occurrences; Code card score is dynamic and not bound to current GetKernel source or a submission
KAGGLE_CODE_CATINGITHUBLOGO_BIO-HUB-GUIDE-TO-EXPLORING-THE-DATASET,catingithublogo,Bio-hub: Guide to exploring the dataset,bio-hub-guide-to-exploring-the-dataset,https://www.kaggle.com/code/catingithublogo/bio-hub-guide-to-exploring-the-dataset,UNKNOWN,UNKNOWN,,,,,0,,KAGGLE_CODE_LIST_CARD_DYNAMIC,UNKNOWN,UNKNOWN,UNKNOWN,UNKNOWN,UNKNOWN,UNKNOWN,METADATA_ONLY,false,,,,,,false,3D+time microscopy,false,UNKNOWN_NO_PAGE_SCORE_OBSERVED,discovered_in=1 visible query/sort occurrences; Code card score is dynamic and not bound to current GetKernel source or a submission
KAGGLE_CODE_CHUKKKK_BIOHUB-CELL-TRACKING-LEARNED-GRAPH-W-GAP-RECOVERY,chukkkk,Biohub Cell Tracking: Learned Graph w Gap Recovery,biohub-cell-tracking-learned-graph-w-gap-recovery,https://www.kaggle.com/code/chukkkk/biohub-cell-tracking-learned-graph-w-gap-recovery,UNKNOWN,UNKNOWN,,,18d ago,,0,0.89,KAGGLE_CODE_LIST_CARD_DYNAMIC,UNKNOWN,UNKNOWN,UNKNOWN,UNKNOWN,UNKNOWN,UNKNOWN,METADATA_ONLY,false,,,,,,false,graph optimization cell tracking,false,UNKNOWN_DYNAMIC_SCORE_UNBOUND_TO_SOURCE_VERSION,discovered_in=1 visible query/sort occurrences; Code card score is dynamic and not bound to current GetKernel source or a submission
KAGGLE_CODE_CLOUDSSDUT_BIOHUB-0-948-REPRODUCTION-20260901,cloudssdut,Biohub 0.948 Reproduction 20260901,biohub-0-948-reproduction-20260901,https://www.kaggle.com/code/cloudssdut/biohub-0-948-reproduction-20260901,1,UNKNOWN,,,2d ago,14,0,0.935,KAGGLE_CODE_LIST_CARD_DYNAMIC,NvidiaTeslaT4,NOT_VERIFIED_OUTPUTS_EMPTY,false,biohub-deepcenter-unet3d-center-prior-v1 | competitions | datasets,/kaggle/working/dual_seed_frame_retention_guard_report.json | /kaggle/working/submission.csv | /kaggle/working/wheels | submission.csv,UNKNOWN_NOT_EXPOSED,FULL_NOTEBOOK_SOURCE_READ,false,1c169787fea15e97014bf5e7b94c34db47efa4471165446e44ded03ce6bfe177,211483,4,10,0,true,Hotness,false,UNKNOWN_DYNAMIC_SCORE_UNBOUND_TO_SOURCE_VERSION,discovered_in=1 visible query/sort occurrences; Code card score is dynamic and not bound to current GetKernel source or a submission; all 10 code cells hashed and semantically scanned; OUTPUTS_CLEARED_OR_ABSENT_IN_GETKERNEL_SOURCE; UNKNOWN_NOT_EXPOSED_BY_CURRENT_GETKERNEL_RESPONSE; UNKNOWN_API_LAST_RUN_TIME_FIELD_ANOMALOUS_REQUEST_CADENCE_MINUS_3_DAYS
KAGGLE_CODE_CLUCKINVV_BIOHUB-NO-HACK-RANKER-PUBLIC-V2,cluckinvv,Biohub No Hack Ranker Public V2,biohub-no-hack-ranker-public-v2,https://www.kaggle.com/code/cluckinvv/biohub-no-hack-ranker-public-v2,UNKNOWN,UNKNOWN,,,1mo ago,,0,0.915,KAGGLE_CODE_LIST_CARD_DYNAMIC,UNKNOWN,UNKNOWN,UNKNOWN,UNKNOWN,UNKNOWN,UNKNOWN,METADATA_ONLY,false,,,,,,false,OME-Zarr | adjusted edge jaccard,false,UNKNOWN_DYNAMIC_SCORE_UNBOUND_TO_SOURCE_VERSION,discovered_in=2 visible query/sort occurrences; Code card score is dynamic and not bound to current GetKernel source or a submission
KAGGLE_CODE_DALLOLIOGM_BIOHUB-EXP110-ILP-BIRTH-DEATH-COST,dalloliogm,Biohub Exp110 ILP Birth Death Cost,biohub-exp110-ilp-birth-death-cost,https://www.kaggle.com/code/dalloliogm/biohub-exp110-ilp-birth-death-cost,UNKNOWN,UNKNOWN,,,1mo ago,15,0,0.907,KAGGLE_CODE_LIST_CARD_DYNAMIC,UNKNOWN,UNKNOWN,UNKNOWN,UNKNOWN,UNKNOWN,UNKNOWN,METADATA_ONLY,false,,,,,,false,3D+time microscopy,false,UNKNOWN_DYNAMIC_SCORE_UNBOUND_TO_SOURCE_VERSION,discovered_in=1 visible query/sort occurrences; Code card score is dynamic and not bound to current GetKernel source or a submission
KAGGLE_CODE_DALLOLIOGM_BIOHUB-EXP196-DEEPCENTER-GAP-CONFIRMED,dalloliogm,Biohub Exp196 DeepCenter Gap Confirmed,biohub-exp196-deepcenter-gap-confirmed,https://www.kaggle.com/code/dalloliogm/biohub-exp196-deepcenter-gap-confirmed,UNKNOWN,UNKNOWN,,,18d ago,12,0,0.915,KAGGLE_CODE_LIST_CARD_DYNAMIC,UNKNOWN,UNKNOWN,UNKNOWN,UNKNOWN,UNKNOWN,UNKNOWN,METADATA_ONLY,false,,,,,,false,OME-Zarr | adjusted edge jaccard,false,UNKNOWN_DYNAMIC_SCORE_UNBOUND_TO_SOURCE_VERSION,discovered_in=2 visible query/sort occurrences; Code card score is dynamic and not bound to current GetKernel source or a submission
KAGGLE_CODE_DALLOLIOGM_BIOHUB-SUSPICIOUS-TRACKING-EVENT-REVIEW,dalloliogm,Biohub Suspicious Tracking Event Review,biohub-suspicious-tracking-event-review,https://www.kaggle.com/code/dalloliogm/biohub-suspicious-tracking-event-review,UNKNOWN,UNKNOWN,,,,7,0,,KAGGLE_CODE_LIST_CARD_DYNAMIC,UNKNOWN,UNKNOWN,UNKNOWN,UNKNOWN,UNKNOWN,UNKNOWN,METADATA_ONLY,false,,,,,,false,OME-Zarr,false,UNKNOWN_NO_PAGE_SCORE_OBSERVED,discovered_in=1 visible query/sort occurrences; Code card score is dynamic and not bound to current GetKernel source or a submission
KAGGLE_CODE_DAMIANPALUMBO_FSOT-BIOHUB-V45-ILP-GATE,damianpalumbo,fsot-biohub-v45-ilp-gate,fsot-biohub-v45-ilp-gate,https://www.kaggle.com/code/damianpalumbo/fsot-biohub-v45-ilp-gate,UNKNOWN,UNKNOWN,,,,,0,,KAGGLE_CODE_LIST_CARD_DYNAMIC,UNKNOWN,UNKNOWN,UNKNOWN,UNKNOWN,UNKNOWN,UNKNOWN,METADATA_ONLY,false,,,,,,false,Cellpose,false,UNKNOWN_NO_PAGE_SCORE_OBSERVED,discovered_in=1 visible query/sort occurrences; Code card score is dynamic and not bound to current GetKernel source or a submission
KAGGLE_CODE_DAMIANPALUMBO_FSOT-COMPETITION-NOTEBOOK-V16,damianpalumbo,FSOT Competition Notebook v16,fsot-competition-notebook-v16,https://www.kaggle.com/code/damianpalumbo/fsot-competition-notebook-v16,UNKNOWN,UNKNOWN,,,,,0,,KAGGLE_CODE_LIST_CARD_DYNAMIC,UNKNOWN,UNKNOWN,UNKNOWN,UNKNOWN,UNKNOWN,UNKNOWN,METADATA_ONLY,false,,,,,,false,Cellpose,false,UNKNOWN_NO_PAGE_SCORE_OBSERVED,discovered_in=1 visible query/sort occurrences; Code card score is dynamic and not bound to current GetKernel source or a submission
KAGGLE_CODE_DAMIANPALUMBO_FSOT-COMPETITION-NOTEBOOK-V17,damianpalumbo,FSOT Competition Notebook v17,fsot-competition-notebook-v17,https://www.kaggle.com/code/damianpalumbo/fsot-competition-notebook-v17,UNKNOWN,UNKNOWN,,,,,0,,KAGGLE_CODE_LIST_CARD_DYNAMIC,UNKNOWN,UNKNOWN,UNKNOWN,UNKNOWN,UNKNOWN,UNKNOWN,METADATA_ONLY,false,,,,,,false,Cellpose,false,UNKNOWN_NO_PAGE_SCORE_OBSERVED,discovered_in=1 visible query/sort occurrences; Code card score is dynamic and not bound to current GetKernel source or a submission
KAGGLE_CODE_DAMIANPALUMBO_FSOT-COMPETITION-NOTEBOOK-V18,damianpalumbo,FSOT Competition Notebook v18,fsot-competition-notebook-v18,https://www.kaggle.com/code/damianpalumbo/fsot-competition-notebook-v18,UNKNOWN,UNKNOWN,,,,,0,,KAGGLE_CODE_LIST_CARD_DYNAMIC,UNKNOWN,UNKNOWN,UNKNOWN,UNKNOWN,UNKNOWN,UNKNOWN,METADATA_ONLY,false,,,,,,false,Cellpose,false,UNKNOWN_NO_PAGE_SCORE_OBSERVED,discovered_in=1 visible query/sort occurrences; Code card score is dynamic and not bound to current GetKernel source or a submission
KAGGLE_CODE_DAMIANPALUMBO_FSOT-COMPETITION-NOTEBOOK-V19,damianpalumbo,FSOT Competition Notebook v19,fsot-competition-notebook-v19,https://www.kaggle.com/code/damianpalumbo/fsot-competition-notebook-v19,UNKNOWN,UNKNOWN,,,,,0,,KAGGLE_CODE_LIST_CARD_DYNAMIC,UNKNOWN,UNKNOWN,UNKNOWN,UNKNOWN,UNKNOWN,UNKNOWN,METADATA_ONLY,false,,,,,,false,Cellpose,false,UNKNOWN_NO_PAGE_SCORE_OBSERVED,discovered_in=1 visible query/sort occurrences; Code card score is dynamic and not bound to current GetKernel source or a submission
KAGGLE_CODE_DAMIANPALUMBO_FSOT-COMPETITION-NOTEBOOK-V22,damianpalumbo,FSOT Competition Notebook v22,fsot-competition-notebook-v22,https://www.kaggle.com/code/damianpalumbo/fsot-competition-notebook-v22,UNKNOWN,UNKNOWN,,,,,0,,KAGGLE_CODE_LIST_CARD_DYNAMIC,UNKNOWN,UNKNOWN,UNKNOWN,UNKNOWN,UNKNOWN,UNKNOWN,METADATA_ONLY,false,,,,,,false,Cellpose,false,UNKNOWN_NO_PAGE_SCORE_OBSERVED,discovered_in=1 visible query/sort occurrences; Code card score is dynamic and not bound to current GetKernel source or a submission
KAGGLE_CODE_DAMIANPALUMBO_FSOT-COMPETITION-NOTEBOOK-V24,damianpalumbo,FSOT Competition Notebook v24,fsot-competition-notebook-v24,https://www.kaggle.com/code/damianpalumbo/fsot-competition-notebook-v24,UNKNOWN,UNKNOWN,,,,,0,,KAGGLE_CODE_LIST_CARD_DYNAMIC,UNKNOWN,UNKNOWN,UNKNOWN,UNKNOWN,UNKNOWN,UNKNOWN,METADATA_ONLY,false,,,,,,false,Cellpose,false,UNKNOWN_NO_PAGE_SCORE_OBSERVED,discovered_in=1 visible query/sort occurrences; Code card score is dynamic and not bound to current GetKernel source or a submission
KAGGLE_CODE_DAMIANPALUMBO_FSOT-COMPETITION-NOTEBOOK-V25,damianpalumbo,FSOT Competition Notebook v25,fsot-competition-notebook-v25,https://www.kaggle.com/code/damianpalumbo/fsot-competition-notebook-v25,UNKNOWN,UNKNOWN,,,,,0,,KAGGLE_CODE_LIST_CARD_DYNAMIC,UNKNOWN,UNKNOWN,UNKNOWN,UNKNOWN,UNKNOWN,UNKNOWN,METADATA_ONLY,false,,,,,,false,Cellpose,false,UNKNOWN_NO_PAGE_SCORE_OBSERVED,discovered_in=1 visible query/sort occurrences; Code card score is dynamic and not bound to current GetKernel source or a submission
KAGGLE_CODE_DAMIANPALUMBO_FSOT-COMPETITION-NOTEBOOK-V26,damianpalumbo,FSOT Competition Notebook v26,fsot-competition-notebook-v26,https://www.kaggle.com/code/damianpalumbo/fsot-competition-notebook-v26,UNKNOWN,UNKNOWN,,,,,0,,KAGGLE_CODE_LIST_CARD_DYNAMIC,UNKNOWN,UNKNOWN,UNKNOWN,UNKNOWN,UNKNOWN,UNKNOWN,METADATA_ONLY,false,,,,,,false,Cellpose,false,UNKNOWN_NO_PAGE_SCORE_OBSERVED,discovered_in=1 visible query/sort occurrences; Code card score is dynamic and not bound to current GetKernel source or a submission
KAGGLE_CODE_DAMIANPALUMBO_FSOT-COMPETITION-NOTEBOOK-V27,damianpalumbo,FSOT Competition Notebook v27,fsot-competition-notebook-v27,https://www.kaggle.com/code/damianpalumbo/fsot-competition-notebook-v27,UNKNOWN,UNKNOWN,,,2mo ago,,0,0.245,KAGGLE_CODE_LIST_CARD_DYNAMIC,UNKNOWN,UNKNOWN,UNKNOWN,UNKNOWN,UNKNOWN,UNKNOWN,METADATA_ONLY,false,,,,,,false,Cellpose,false,UNKNOWN_DYNAMIC_SCORE_UNBOUND_TO_SOURCE_VERSION,discovered_in=1 visible query/sort occurrences; Code card score is dynamic and not bound to current GetKernel source or a submission
KAGGLE_CODE_DAMIANPALUMBO_FSOT-COMPETITION-NOTEBOOK-V41-CPU,damianpalumbo,FSOT Competition Notebook v41 CPU,fsot-competition-notebook-v41-cpu,https://www.kaggle.com/code/damianpalumbo/fsot-competition-notebook-v41-cpu,UNKNOWN,UNKNOWN,,,,,0,,KAGGLE_CODE_LIST_CARD_DYNAMIC,UNKNOWN,UNKNOWN,UNKNOWN,UNKNOWN,UNKNOWN,UNKNOWN,METADATA_ONLY,false,,,,,,false,Cellpose,false,UNKNOWN_NO_PAGE_SCORE_OBSERVED,discovered_in=1 visible query/sort occurrences; Code card score is dynamic and not bound to current GetKernel source or a submission
KAGGLE_CODE_DANIILKRASNOVVV_BIOHUB-REAL-9-14-LB-SCORE-BRONSE-MEDAL,daniilkrasnovvv,[Biohub] Real 9.14 LB score - bronse medal,biohub-real-9-14-lb-score-bronse-medal,https://www.kaggle.com/code/daniilkrasnovvv/biohub-real-9-14-lb-score-bronse-medal,UNKNOWN,UNKNOWN,,,1mo ago,,0,0.914,KAGGLE_CODE_LIST_CARD_DYNAMIC,UNKNOWN,UNKNOWN,UNKNOWN,UNKNOWN,UNKNOWN,UNKNOWN,METADATA_ONLY,false,,,,,,false,OME-Zarr,false,UNKNOWN_DYNAMIC_SCORE_UNBOUND_TO_SOURCE_VERSION,discovered_in=1 visible query/sort occurrences; Code card score is dynamic and not bound to current GetKernel source or a submission
KAGGLE_CODE_DFHGFDGHFDHG_BIOHUB-FINAL-CYTO2,dfhgfdghfdhg,BioHub Final cyto2,biohub-final-cyto2,https://www.kaggle.com/code/dfhgfdghfdhg/biohub-final-cyto2,1,UNKNOWN,,,,,0,,KAGGLE_CODE_LIST_CARD_DYNAMIC,Gpu,NOT_VERIFIED_OUTPUTS_EMPTY,true,competitions,submission.csv,UNKNOWN_NOT_EXPOSED,FULL_NOTEBOOK_SOURCE_READ,false,9e9c14475905b26b8ceaecd24b42bedce258db1cddfd59d49b285b7665f7b9ef,4881,0,1,0,true,Cellpose,false,UNKNOWN_NO_PAGE_SCORE_OBSERVED,discovered_in=1 visible query/sort occurrences; Code card score is dynamic and not bound to current GetKernel source or a submission; all 1 code cells hashed and semantically scanned; OUTPUTS_CLEARED_OR_ABSENT_IN_GETKERNEL_SOURCE; UNKNOWN_NOT_EXPOSED_BY_CURRENT_GETKERNEL_RESPONSE; UNKNOWN_API_LAST_RUN_TIME_FIELD_ANOMALOUS_REQUEST_CADENCE_MINUS_3_DAYS
KAGGLE_CODE_DFHGFDGHFDHG_BIOHUB-INLINE3-CELLPOSE-CYTO,dfhgfdghfdhg,BioHub Inline3 Cellpose cyto,biohub-inline3-cellpose-cyto,https://www.kaggle.com/code/dfhgfdghfdhg/biohub-inline3-cellpose-cyto,UNKNOWN,UNKNOWN,,,,,0,,KAGGLE_CODE_LIST_CARD_DYNAMIC,UNKNOWN,UNKNOWN,UNKNOWN,UNKNOWN,UNKNOWN,UNKNOWN,METADATA_ONLY,false,,,,,,false,Cellpose,false,UNKNOWN_NO_PAGE_SCORE_OBSERVED,discovered_in=1 visible query/sort occurrences; Code card score is dynamic and not bound to current GetKernel source or a submission
KAGGLE_CODE_DFHGFDGHFDHG_BIOHUB-PILKWANG-INFER,dfhgfdghfdhg,BioHub Pilkwang Infer,biohub-pilkwang-infer,https://www.kaggle.com/code/dfhgfdghfdhg/biohub-pilkwang-infer,UNKNOWN,UNKNOWN,,,,,0,,KAGGLE_CODE_LIST_CARD_DYNAMIC,UNKNOWN,UNKNOWN,UNKNOWN,UNKNOWN,UNKNOWN,UNKNOWN,METADATA_ONLY,false,,,,,,false,graph optimization cell tracking,false,UNKNOWN_NO_PAGE_SCORE_OBSERVED,discovered_in=1 visible query/sort occurrences; Code card score is dynamic and not bound to current GetKernel source or a submission
KAGGLE_CODE_DFHGFDGHFDHG_BIOHUB-RUN-INFER-CELLPOSE-ILP,dfhgfdghfdhg,BioHub Run Infer Cellpose ILP,biohub-run-infer-cellpose-ilp,https://www.kaggle.com/code/dfhgfdghfdhg/biohub-run-infer-cellpose-ilp,UNKNOWN,UNKNOWN,,,,,0,,KAGGLE_CODE_LIST_CARD_DYNAMIC,UNKNOWN,UNKNOWN,UNKNOWN,UNKNOWN,UNKNOWN,UNKNOWN,METADATA_ONLY,false,,,,,,false,Cellpose,false,UNKNOWN_NO_PAGE_SCORE_OBSERVED,discovered_in=1 visible query/sort occurrences; Code card score is dynamic and not bound to current GetKernel source or a submission
KAGGLE_CODE_DFHGFDGHFDHG_BIOHUB-RUN-INFER2-CELLPOSE-ILP,dfhgfdghfdhg,BioHub Run Infer2 Cellpose ILP,biohub-run-infer2-cellpose-ilp,https://www.kaggle.com/code/dfhgfdghfdhg/biohub-run-infer2-cellpose-ilp,UNKNOWN,UNKNOWN,,,,,0,,KAGGLE_CODE_LIST_CARD_DYNAMIC,UNKNOWN,UNKNOWN,UNKNOWN,UNKNOWN,UNKNOWN,UNKNOWN,METADATA_ONLY,false,,,,,,false,Cellpose,false,UNKNOWN_NO_PAGE_SCORE_OBSERVED,discovered_in=1 visible query/sort occurrences; Code card score is dynamic and not bound to current GetKernel source or a submission
KAGGLE_CODE_DFHGFDGHFDHG_BIOHUB-RUN-INLINE-CELLPOSE-ILP,dfhgfdghfdhg,BioHub Run Inline Cellpose ILP,biohub-run-inline-cellpose-ilp,https://www.kaggle.com/code/dfhgfdghfdhg/biohub-run-inline-cellpose-ilp,UNKNOWN,UNKNOWN,,,,,0,,KAGGLE_CODE_LIST_CARD_DYNAMIC,UNKNOWN,UNKNOWN,UNKNOWN,UNKNOWN,UNKNOWN,UNKNOWN,METADATA_ONLY,false,,,,,,false,Cellpose,false,UNKNOWN_NO_PAGE_SCORE_OBSERVED,discovered_in=1 visible query/sort occurrences; Code card score is dynamic and not bound to current GetKernel source or a submission
KAGGLE_CODE_DFHGFDGHFDHG_BIOHUB-RUN-INLINE2-ZARR-FIX,dfhgfdghfdhg,BioHub Run Inline2 zarr fix,biohub-run-inline2-zarr-fix,https://www.kaggle.com/code/dfhgfdghfdhg/biohub-run-inline2-zarr-fix,UNKNOWN,UNKNOWN,,,,,0,,KAGGLE_CODE_LIST_CARD_DYNAMIC,UNKNOWN,UNKNOWN,UNKNOWN,UNKNOWN,UNKNOWN,UNKNOWN,METADATA_ONLY,false,,,,,,false,Cellpose,false,UNKNOWN_NO_PAGE_SCORE_OBSERVED,discovered_in=1 visible query/sort occurrences; Code card score is dynamic and not bound to current GetKernel source or a submission
KAGGLE_CODE_DNICHOLSON_BIOHUB-UDIT-LB893-EXPLAINED-V1,dnicholson,Biohub Udit LB893 Explained V1,biohub-udit-lb893-explained-v1,https://www.kaggle.com/code/dnicholson/biohub-udit-lb893-explained-v1,UNKNOWN,UNKNOWN,,,2mo ago,,0,0.893,KAGGLE_CODE_LIST_CARD_DYNAMIC,UNKNOWN,UNKNOWN,UNKNOWN,UNKNOWN,UNKNOWN,UNKNOWN,METADATA_ONLY,false,,,,,,false,graph optimization cell tracking,false,UNKNOWN_DYNAMIC_SCORE_UNBOUND_TO_SOURCE_VERSION,discovered_in=1 visible query/sort occurrences; Code card score is dynamic and not bound to current GetKernel source or a submission
KAGGLE_CODE_EVGENDVORKIN_BIOHUB-0-934-LB-PROXY-SCORE-0-9384,evgendvorkin,Biohub  0.934 LB PROXY_SCORE=0.9384,biohub-0-934-lb-proxy-score-0-9384,https://www.kaggle.com/code/evgendvorkin/biohub-0-934-lb-proxy-score-0-9384,UNKNOWN,UNKNOWN,,,2d ago,85,0,0.934,KAGGLE_CODE_LIST_CARD_DYNAMIC,UNKNOWN,UNKNOWN,UNKNOWN,UNKNOWN,UNKNOWN,UNKNOWN,METADATA_ONLY,false,,,,,,false,3D U-Net tracking | 3D cell tracking | GEFF | biohub-cell-tracking-during-development | division jaccard | transformer cell tracking | zebrafish cell tracking,false,UNKNOWN_DYNAMIC_SCORE_UNBOUND_TO_SOURCE_VERSION,discovered_in=7 visible query/sort occurrences; Code card score is dynamic and not bound to current GetKernel source or a submission
KAGGLE_CODE_FAGBOLAPETER_02-TRACKING-BASELINE,fagbolapeter,02_tracking_baseline ,02-tracking-baseline,https://www.kaggle.com/code/fagbolapeter/02-tracking-baseline,UNKNOWN,UNKNOWN,,,,,0,,KAGGLE_CODE_LIST_CARD_DYNAMIC,UNKNOWN,UNKNOWN,UNKNOWN,UNKNOWN,UNKNOWN,UNKNOWN,METADATA_ONLY,false,,,,,,false,StarDist | Trackastra | Ultrack,false,UNKNOWN_NO_PAGE_SCORE_OBSERVED,discovered_in=3 visible query/sort occurrences; Code card score is dynamic and not bound to current GetKernel source or a submission
KAGGLE_CODE_FAGBOLAPETER_04-NNEIGBOUR-LINKING,fagbolapeter,04 — NNEIGBOUR LINKING,04-nneigbour-linking,https://www.kaggle.com/code/fagbolapeter/04-nneigbour-linking,UNKNOWN,UNKNOWN,,,,,0,,KAGGLE_CODE_LIST_CARD_DYNAMIC,UNKNOWN,UNKNOWN,UNKNOWN,UNKNOWN,UNKNOWN,UNKNOWN,METADATA_ONLY,false,,,,,,false,StarDist | Trackastra | Ultrack,false,UNKNOWN_NO_PAGE_SCORE_OBSERVED,discovered_in=3 visible query/sort occurrences; Code card score is dynamic and not bound to current GetKernel source or a submission
KAGGLE_CODE_FLEXONAFFT_BIOHUB-AGREEMENT-GATED-DUAL-SEED-FUSION,flexonafft,Biohub Agreement-Gated Dual-Seed Fusion,biohub-agreement-gated-dual-seed-fusion,https://www.kaggle.com/code/flexonafft/biohub-agreement-gated-dual-seed-fusion,UNKNOWN,UNKNOWN,,,20h ago,30,1,0.935,KAGGLE_CODE_LIST_CARD_DYNAMIC,UNKNOWN,UNKNOWN,UNKNOWN,UNKNOWN,UNKNOWN,UNKNOWN,METADATA_ONLY,false,,,,,,false,Hotness,false,UNKNOWN_DYNAMIC_SCORE_UNBOUND_TO_SOURCE_VERSION,discovered_in=1 visible query/sort occurrences; Code card score is dynamic and not bound to current GetKernel source or a submission
KAGGLE_CODE_FLEXONAFFT_BIOHUB-HARMONIC-FUSION,flexonafft,Biohub Harmonic Fusion,biohub-harmonic-fusion,https://www.kaggle.com/code/flexonafft/biohub-harmonic-fusion,25,UNKNOWN,,,1d ago,88,0,0.933,KAGGLE_CODE_LIST_CARD_DYNAMIC,NvidiaTeslaT4,NOT_VERIFIED_OUTPUTS_EMPTY,false,biohub-deepcenter-unet3d-center-prior-v1 | competitions | datasets,/kaggle/working/dual_seed_frame_retention_guard_report.json | /kaggle/working/submission.csv | /kaggle/working/wheels | submission.csv,UNKNOWN_NOT_EXPOSED,FULL_NOTEBOOK_SOURCE_READ,false,3a2e1c7798904a91a0ee3fafa74f09f4f970e780ef970752a52bf11767986099,201600,0,10,0,true,GEFF | Most Votes | biohub-cell-tracking-during-development | division jaccard,false,UNKNOWN_DYNAMIC_SCORE_UNBOUND_TO_SOURCE_VERSION,discovered_in=4 visible query/sort occurrences; Code card score is dynamic and not bound to current GetKernel source or a submission; all 10 code cells hashed and semantically scanned; OUTPUTS_CLEARED_OR_ABSENT_IN_GETKERNEL_SOURCE; UNKNOWN_NOT_EXPOSED_BY_CURRENT_GETKERNEL_RESPONSE; UNKNOWN_API_LAST_RUN_TIME_FIELD_ANOMALOUS_REQUEST_CADENCE_MINUS_3_DAYS
KAGGLE_CODE_HARSHITSAMA_BIOHUB-SCORING-DATA-FULLY-EXPLAINED,harshitsama,"BioHub Scoring & Data, Fully Explained",biohub-scoring-data-fully-explained,https://www.kaggle.com/code/harshitsama/biohub-scoring-data-fully-explained,UNKNOWN,UNKNOWN,,,,,0,,KAGGLE_CODE_LIST_CARD_DYNAMIC,UNKNOWN,UNKNOWN,UNKNOWN,UNKNOWN,UNKNOWN,UNKNOWN,METADATA_ONLY,false,,,,,,false,adjusted edge jaccard,false,UNKNOWN_NO_PAGE_SCORE_OBSERVED,discovered_in=1 visible query/sort occurrences; Code card score is dynamic and not bound to current GetKernel source or a submission
KAGGLE_CODE_I2NFINIT3Y_BIOHUB-DOWNLOAD-FROM-DRIVE,i2nfinit3y,biohub | download from drive,biohub-download-from-drive,https://www.kaggle.com/code/i2nfinit3y/biohub-download-from-drive,UNKNOWN,UNKNOWN,,,,,0,,KAGGLE_CODE_LIST_CARD_DYNAMIC,UNKNOWN,UNKNOWN,UNKNOWN,UNKNOWN,UNKNOWN,UNKNOWN,METADATA_ONLY,false,,,,,,false,Recently Run,false,UNKNOWN_NO_PAGE_SCORE_OBSERVED,discovered_in=1 visible query/sort occurrences; Code card score is dynamic and not bound to current GetKernel source or a submission
KAGGLE_CODE_INDARKARHANA_BIOHUB-DUAL-SEED-FRAME-RETENTION-GUARD-V1,indarkarhana,Biohub Dual Seed Frame Retention Guard V1,biohub-dual-seed-frame-retention-guard-v1,https://www.kaggle.com/code/indarkarhana/biohub-dual-seed-frame-retention-guard-v1,UNKNOWN,UNKNOWN,,,1mo ago,76,0,0.913,KAGGLE_CODE_LIST_CARD_DYNAMIC,UNKNOWN,UNKNOWN,UNKNOWN,UNKNOWN,UNKNOWN,UNKNOWN,METADATA_ONLY,false,,,,,,false,cell lineage reconstruction | graph optimization cell tracking | transformer cell tracking,false,UNKNOWN_DYNAMIC_SCORE_UNBOUND_TO_SOURCE_VERSION,discovered_in=3 visible query/sort occurrences; Code card score is dynamic and not bound to current GetKernel source or a submission
KAGGLE_CODE_INVERSION_CELL-TRACKING-GETTING-STARTED-W-NEAREST-NEIGHBOR,inversion,Cell Tracking Getting Started w/ Nearest Neighbor,cell-tracking-getting-started-w-nearest-neighbor,https://www.kaggle.com/code/inversion/cell-tracking-getting-started-w-nearest-neighbor,3,UNKNOWN,,,2mo ago,532,1,0.143,KAGGLE_CODE_LIST_CARD_DYNAMIC,None,NOT_VERIFIED_OUTPUTS_EMPTY,false,competitions,submission.csv,UNKNOWN_NOT_EXPOSED,FULL_NOTEBOOK_SOURCE_READ,false,d554171d89310daa7ccd841c59ec9b258908379c762d0e7338565d4aba98e3a9,5273,0,4,0,true,Hotness | Most Votes | Public Score | Recently Created | Recently Run | biohub cell tracking | biohub-cell-tracking-during-development,false,UNKNOWN_DYNAMIC_SCORE_UNBOUND_TO_SOURCE_VERSION,discovered_in=7 visible query/sort occurrences; Code card score is dynamic and not bound to current GetKernel source or a submission; all 4 code cells hashed and semantically scanned; OUTPUTS_CLEARED_OR_ABSENT_IN_GETKERNEL_SOURCE; UNKNOWN_NOT_EXPOSED_BY_CURRENT_GETKERNEL_RESPONSE; UNKNOWN_API_LAST_RUN_TIME_FIELD_ANOMALOUS_REQUEST_CADENCE_MINUS_3_DAYS
KAGGLE_CODE_ISAKATSUYOSHI_BIOHUB-RULE-BASED-BASELINE,isakatsuyoshi,[Biohub] Rule-Based Baseline,biohub-rule-based-baseline,https://www.kaggle.com/code/isakatsuyoshi/biohub-rule-based-baseline,7,UNKNOWN,,,2mo ago,87,0,0.826,KAGGLE_CODE_LIST_CARD_DYNAMIC,NvidiaTeslaT4,NOT_VERIFIED_OUTPUTS_EMPTY,false,biohub-cell-tracking-during-development | competitions,submission.csv,UNKNOWN_NOT_EXPOSED,FULL_NOTEBOOK_SOURCE_READ,false,b62cc60e7c6ee9898fc9143ef24606ff7d325da2a9ddf3e47ef90e1050fe1be9,36093,0,1,0,true,3D U-Net tracking | 3D cell tracking | Most Votes | adjusted edge jaccard | cell division tracking | division jaccard,false,UNKNOWN_DYNAMIC_SCORE_UNBOUND_TO_SOURCE_VERSION,discovered_in=6 visible query/sort occurrences; Code card score is dynamic and not bound to current GetKernel source or a submission; all 1 code cells hashed and semantically scanned; OUTPUTS_CLEARED_OR_ABSENT_IN_GETKERNEL_SOURCE; UNKNOWN_NOT_EXPOSED_BY_CURRENT_GETKERNEL_RESPONSE; UNKNOWN_API_LAST_RUN_TIME_FIELD_ANOMALOUS_REQUEST_CADENCE_MINUS_3_DAYS
KAGGLE_CODE_JACOPOREPOSSI_BCT-INTERACTIVE-ZARR-GEFF-EXPLORER,jacoporepossi,BCT: Interactive Zarr + GEFF Explorer,bct-interactive-zarr-geff-explorer,https://www.kaggle.com/code/jacoporepossi/bct-interactive-zarr-geff-explorer,UNKNOWN,UNKNOWN,,,,,0,,KAGGLE_CODE_LIST_CARD_DYNAMIC,UNKNOWN,UNKNOWN,UNKNOWN,UNKNOWN,UNKNOWN,UNKNOWN,METADATA_ONLY,false,,,,,,false,OME-Zarr,false,UNKNOWN_NO_PAGE_SCORE_OBSERVED,discovered_in=1 visible query/sort occurrences; Code card score is dynamic and not bound to current GetKernel source or a submission
KAGGLE_CODE_JIRKABOROVEC_BIOHUB-CELLTRACK-DOG-TRACKASTRA-GRAPH-TRANS,jirkaborovec,Biohub🧫CellTrack: DoG & Trackastra Graph Trans,biohub-celltrack-dog-trackastra-graph-trans,https://www.kaggle.com/code/jirkaborovec/biohub-celltrack-dog-trackastra-graph-trans,8,UNKNOWN,,,2mo ago,42,0,0.616,KAGGLE_CODE_LIST_CARD_DYNAMIC,NvidiaTeslaT4,NOT_VERIFIED_OUTPUTS_EMPTY,false,competitions | models,submission.csv,UNKNOWN_NOT_EXPOSED,FULL_NOTEBOOK_SOURCE_READ,false,0cb707977433e2932861b67dc28be780077f749beadf93fb35792a2b7b614461,50463,16,16,0,true,3D cell tracking | 3D+time microscopy | Trackastra | division jaccard | transformer cell tracking | zebrafish cell tracking,false,UNKNOWN_DYNAMIC_SCORE_UNBOUND_TO_SOURCE_VERSION,discovered_in=6 visible query/sort occurrences; Code card score is dynamic and not bound to current GetKernel source or a submission; all 16 code cells hashed and semantically scanned; OUTPUTS_CLEARED_OR_ABSENT_IN_GETKERNEL_SOURCE; UNKNOWN_NOT_EXPOSED_BY_CURRENT_GETKERNEL_RESPONSE; UNKNOWN_API_LAST_RUN_TIME_FIELD_ANOMALOUS_REQUEST_CADENCE_MINUS_3_DAYS
KAGGLE_CODE_JIRKABOROVEC_BIOHUB-CELLTRACK-EDA-W-4D-VIEW-DOG-DETECT,jirkaborovec,Biohub🧫CellTrack: EDA w/ 4D view + DoG detect,biohub-celltrack-eda-w-4d-view-dog-detect,https://www.kaggle.com/code/jirkaborovec/biohub-celltrack-eda-w-4d-view-dog-detect,UNKNOWN,UNKNOWN,,,2mo ago,22,0,0.728,KAGGLE_CODE_LIST_CARD_DYNAMIC,UNKNOWN,UNKNOWN,UNKNOWN,UNKNOWN,UNKNOWN,UNKNOWN,METADATA_ONLY,false,,,,,,false,3D+time microscopy | division jaccard | zebrafish cell tracking,false,UNKNOWN_DYNAMIC_SCORE_UNBOUND_TO_SOURCE_VERSION,discovered_in=3 visible query/sort occurrences; Code card score is dynamic and not bound to current GetKernel source or a submission
KAGGLE_CODE_JOSEFREITASALVESNETO_SYNTHETIC-3D-MICROSCOPY-DATA-FOR-CELL-TRACKING,josefreitasalvesneto,Synthetic 3D Microscopy Data for Cell Tracking,synthetic-3d-microscopy-data-for-cell-tracking,https://www.kaggle.com/code/josefreitasalvesneto/synthetic-3d-microscopy-data-for-cell-tracking,UNKNOWN,UNKNOWN,,,,,0,,KAGGLE_CODE_LIST_CARD_DYNAMIC,UNKNOWN,UNKNOWN,UNKNOWN,UNKNOWN,UNKNOWN,UNKNOWN,METADATA_ONLY,false,,,,,,false,3D cell tracking | 3D+time microscopy,false,UNKNOWN_NO_PAGE_SCORE_OBSERVED,discovered_in=2 visible query/sort occurrences; Code card score is dynamic and not bound to current GetKernel source or a submission
KAGGLE_CODE_JUNAID512_BIOHUB-CELL-TRACKING-DURING-DEVELOPMENT,junaid512,Biohub — Cell Tracking During Development,biohub-cell-tracking-during-development,https://www.kaggle.com/code/junaid512/biohub-cell-tracking-during-development,UNKNOWN,UNKNOWN,,,2mo ago,,0,0.43,KAGGLE_CODE_LIST_CARD_DYNAMIC,UNKNOWN,UNKNOWN,UNKNOWN,UNKNOWN,UNKNOWN,UNKNOWN,METADATA_ONLY,false,,,,,,false,Trackastra | Ultrack,false,UNKNOWN_DYNAMIC_SCORE_UNBOUND_TO_SOURCE_VERSION,discovered_in=2 visible query/sort occurrences; Code card score is dynamic and not bound to current GetKernel source or a submission
KAGGLE_CODE_JUNAID512_EXPLORATORY-DATA-ANALYSIS-BIOHUB-CELL-TRACKIN,junaid512,Exploratory Data Analysis 🔬 Biohub — Cell Trackin,exploratory-data-analysis-biohub-cell-trackin,https://www.kaggle.com/code/junaid512/exploratory-data-analysis-biohub-cell-trackin,UNKNOWN,UNKNOWN,,,,,1,,KAGGLE_CODE_LIST_CARD_DYNAMIC,UNKNOWN,UNKNOWN,UNKNOWN,UNKNOWN,UNKNOWN,UNKNOWN,METADATA_ONLY,false,,,,,,false,OME-Zarr,false,UNKNOWN_NO_PAGE_SCORE_OBSERVED,discovered_in=1 visible query/sort occurrences; Code card score is dynamic and not bound to current GetKernel source or a submission
KAGGLE_CODE_K328293JD_BIOHUB-PUBLIC-C43-REPLAY-20260902-V1,k328293jd,Biohub Public C43 Replay 20260902 V1,biohub-public-c43-replay-20260902-v1,https://www.kaggle.com/code/k328293jd/biohub-public-c43-replay-20260902-v1,UNKNOWN,UNKNOWN,,,1d ago,,0,0.932,KAGGLE_CODE_LIST_CARD_DYNAMIC,UNKNOWN,UNKNOWN,UNKNOWN,UNKNOWN,UNKNOWN,UNKNOWN,METADATA_ONLY,false,,,,,,false,Hotness,false,UNKNOWN_DYNAMIC_SCORE_UNBOUND_TO_SOURCE_VERSION,discovered_in=1 visible query/sort occurrences; Code card score is dynamic and not bound to current GetKernel source or a submission
KAGGLE_CODE_KAIWALYAATULRAUT_BIOHUB-CELL-TRACKING-SOLUTION,kaiwalyaatulraut,Biohub Cell Tracking Solution,biohub-cell-tracking-solution,https://www.kaggle.com/code/kaiwalyaatulraut/biohub-cell-tracking-solution,UNKNOWN,UNKNOWN,,,1mo ago,214,1,0.901,KAGGLE_CODE_LIST_CARD_DYNAMIC,UNKNOWN,UNKNOWN,UNKNOWN,UNKNOWN,UNKNOWN,UNKNOWN,METADATA_ONLY,false,,,,,,false,GEFF | Most Votes | biohub cell tracking | biohub-cell-tracking-during-development | cell division tracking | tracksdata,false,UNKNOWN_DYNAMIC_SCORE_UNBOUND_TO_SOURCE_VERSION,discovered_in=6 visible query/sort occurrences; Code card score is dynamic and not bound to current GetKernel source or a submission
KAGGLE_CODE_KAIWALYAATULRAUT_BIOHUB-COMPETITION-SOLUTION,kaiwalyaatulraut,Biohub Competition Solution,biohub-competition-solution,https://www.kaggle.com/code/kaiwalyaatulraut/biohub-competition-solution,UNKNOWN,UNKNOWN,,,1mo ago,74,0,0.965,KAGGLE_CODE_LIST_CARD_DYNAMIC,UNKNOWN,UNKNOWN,UNKNOWN,UNKNOWN,UNKNOWN,UNKNOWN,METADATA_ONLY,false,,,,,,false,GEFF | Public Score | cell division tracking | tracksdata,false,HIGH_EXPLICIT_HACK_OR_ABOVE_CURRENT_LB_TOP,discovered_in=4 visible query/sort occurrences; Code card score is dynamic and not bound to current GetKernel source or a submission
KAGGLE_CODE_KAIWALYAATULRAUT_BIOHUB-SOLUTION,kaiwalyaatulraut,Biohub Solution,biohub-solution,https://www.kaggle.com/code/kaiwalyaatulraut/biohub-solution,UNKNOWN,UNKNOWN,,,1mo ago,49,0,0.966,KAGGLE_CODE_LIST_CARD_DYNAMIC,UNKNOWN,UNKNOWN,UNKNOWN,UNKNOWN,UNKNOWN,UNKNOWN,METADATA_ONLY,false,,,,,,false,Public Score,false,HIGH_EXPLICIT_HACK_OR_ABOVE_CURRENT_LB_TOP,discovered_in=1 visible query/sort occurrences; Code card score is dynamic and not bound to current GetKernel source or a submission
KAGGLE_CODE_KARNAKBAEVARTHUR_ZEBRAFISH-CELL-TRACKING,karnakbaevarthur,Zebrafish Cell Tracking,zebrafish-cell-tracking,https://www.kaggle.com/code/karnakbaevarthur/zebrafish-cell-tracking,UNKNOWN,UNKNOWN,,,2mo ago,,0,0.805,KAGGLE_CODE_LIST_CARD_DYNAMIC,UNKNOWN,UNKNOWN,UNKNOWN,UNKNOWN,UNKNOWN,UNKNOWN,METADATA_ONLY,false,,,,,,false,zebrafish cell tracking,false,UNKNOWN_DYNAMIC_SCORE_UNBOUND_TO_SOURCE_VERSION,discovered_in=1 visible query/sort occurrences; Code card score is dynamic and not bound to current GetKernel source or a submission
KAGGLE_CODE_KEREMELIK_BIOHUB-COMMUNITY-ASK-GATE-OPENERS-CLEAN-PLAY,keremelik,biohub-community-ask-gate-openers-clean-play,biohub-community-ask-gate-openers-clean-play,https://www.kaggle.com/code/keremelik/biohub-community-ask-gate-openers-clean-play,UNKNOWN,UNKNOWN,,,,,0,,KAGGLE_CODE_LIST_CARD_DYNAMIC,UNKNOWN,UNKNOWN,UNKNOWN,UNKNOWN,UNKNOWN,UNKNOWN,METADATA_ONLY,false,,,,,,false,Trackastra | Ultrack,false,UNKNOWN_NO_PAGE_SCORE_OBSERVED,discovered_in=2 visible query/sort occurrences; Code card score is dynamic and not bound to current GetKernel source or a submission
KAGGLE_CODE_KEREMELIK_BIOHUB-DISCUSSION-PROMPTS-PLEASE-COMMENT,keremelik,biohub-discussion-prompts-please-comment,biohub-discussion-prompts-please-comment,https://www.kaggle.com/code/keremelik/biohub-discussion-prompts-please-comment,UNKNOWN,UNKNOWN,,,,,0,,KAGGLE_CODE_LIST_CARD_DYNAMIC,UNKNOWN,UNKNOWN,UNKNOWN,UNKNOWN,UNKNOWN,UNKNOWN,METADATA_ONLY,false,,,,,,false,Trackastra | Ultrack,false,UNKNOWN_NO_PAGE_SCORE_OBSERVED,discovered_in=2 visible query/sort occurrences; Code card score is dynamic and not bound to current GetKernel source or a submission
KAGGLE_CODE_KEREMELIK_BIOHUB-METRIC-MAP-OPEN-QUESTIONS-CLEAN-PLAY,keremelik,biohub-metric-map-open-questions-clean-play,biohub-metric-map-open-questions-clean-play,https://www.kaggle.com/code/keremelik/biohub-metric-map-open-questions-clean-play,UNKNOWN,UNKNOWN,,,,,0,,KAGGLE_CODE_LIST_CARD_DYNAMIC,UNKNOWN,UNKNOWN,UNKNOWN,UNKNOWN,UNKNOWN,UNKNOWN,METADATA_ONLY,false,,,,,,false,Trackastra,false,UNKNOWN_NO_PAGE_SCORE_OBSERVED,discovered_in=1 visible query/sort occurrences; Code card score is dynamic and not bound to current GetKernel source or a submission
KAGGLE_CODE_KEVIN250304_BIOHUB-NOHACK-REPRODUCTION-20260810,kevin250304,biohub-nohack-reproduction-20260810,biohub-nohack-reproduction-20260810,https://www.kaggle.com/code/kevin250304/biohub-nohack-reproduction-20260810,UNKNOWN,UNKNOWN,,,24d ago,,0,0.915,KAGGLE_CODE_LIST_CARD_DYNAMIC,UNKNOWN,UNKNOWN,UNKNOWN,UNKNOWN,UNKNOWN,UNKNOWN,METADATA_ONLY,false,,,,,,false,OME-Zarr,false,UNKNOWN_DYNAMIC_SCORE_UNBOUND_TO_SOURCE_VERSION,discovered_in=1 visible query/sort occurrences; Code card score is dynamic and not bound to current GetKernel source or a submission
KAGGLE_CODE_KIRNEO_METRIC-HACK-LAST-CALL-UPDATE,kirneo,Metric_hack_last_call_update,metric-hack-last-call-update,https://www.kaggle.com/code/kirneo/metric-hack-last-call-update,13,UNKNOWN,,,1mo ago,141,2,0.885,KAGGLE_CODE_LIST_CARD_DYNAMIC,NvidiaTeslaT4,NOT_VERIFIED_OUTPUTS_EMPTY,false,competitions | datasets,/kaggle/working/my_predict | submission.csv | submission_clean.csv,UNKNOWN_NOT_EXPOSED,FULL_NOTEBOOK_SOURCE_READ,false,1087c5db1d72fb90afaba43f067a950cb78bff87b0e7ff776234a373653cbc00,70863,0,9,0,true,GEFF | Most Votes | biohub cell tracking | biohub-cell-tracking-during-development | cell division tracking | tracksdata | transformer cell tracking,false,HIGH_EXPLICIT_HACK_OR_ABOVE_CURRENT_LB_TOP,discovered_in=7 visible query/sort occurrences; Code card score is dynamic and not bound to current GetKernel source or a submission; all 9 code cells hashed and semantically scanned; OUTPUTS_CLEARED_OR_ABSENT_IN_GETKERNEL_SOURCE; UNKNOWN_NOT_EXPOSED_BY_CURRENT_GETKERNEL_RESPONSE; UNKNOWN_API_LAST_RUN_TIME_FIELD_ANOMALOUS_REQUEST_CADENCE_MINUS_3_DAYS
KAGGLE_CODE_KOUSHIKRUDRA_BIOHUB-DOG-ROBUST-CENTROID-V1,koushikrudra,Biohub DoG Robust Centroid V1,biohub-dog-robust-centroid-v1,https://www.kaggle.com/code/koushikrudra/biohub-dog-robust-centroid-v1,UNKNOWN,UNKNOWN,,,2mo ago,17,0,0.827,KAGGLE_CODE_LIST_CARD_DYNAMIC,UNKNOWN,UNKNOWN,UNKNOWN,UNKNOWN,UNKNOWN,UNKNOWN,METADATA_ONLY,false,,,,,,false,3D U-Net tracking,false,UNKNOWN_DYNAMIC_SCORE_UNBOUND_TO_SOURCE_VERSION,discovered_in=1 visible query/sort occurrences; Code card score is dynamic and not bound to current GetKernel source or a submission
KAGGLE_CODE_KUNALDESALE2408_BIOHUB-CELL-TRACKING,kunaldesale2408,Biohub Cell Tracking,biohub-cell-tracking,https://www.kaggle.com/code/kunaldesale2408/biohub-cell-tracking,6,UNKNOWN,,,10d ago,99,0,0.926,KAGGLE_CODE_LIST_CARD_DYNAMIC,NvidiaTeslaT4,NOT_VERIFIED_OUTPUTS_EMPTY,false,biohub-deepcenter-unet3d-center-prior-v1 | competitions | datasets,/kaggle/working/dual_seed_frame_retention_guard_report.json | /kaggle/working/submission.csv | /kaggle/working/wheels | submission.csv,UNKNOWN_NOT_EXPOSED,FULL_NOTEBOOK_SOURCE_READ,false,1f1cbdb26779cc3a14cc2fa4e3649e78897d57ec0a69cd8cf77a0c185fda4a3a,150828,0,8,0,true,GEFF | Most Votes | biohub cell tracking | biohub-cell-tracking-during-development | cell lineage reconstruction | tracksdata | transformer cell tracking,false,UNKNOWN_DYNAMIC_SCORE_UNBOUND_TO_SOURCE_VERSION,discovered_in=7 visible query/sort occurrences; Code card score is dynamic and not bound to current GetKernel source or a submission; all 8 code cells hashed and semantically scanned; OUTPUTS_CLEARED_OR_ABSENT_IN_GETKERNEL_SOURCE; UNKNOWN_NOT_EXPOSED_BY_CURRENT_GETKERNEL_RESPONSE; UNKNOWN_API_LAST_RUN_TIME_FIELD_ANOMALOUS_REQUEST_CADENCE_MINUS_3_DAYS
KAGGLE_CODE_LIAMOB96_EDA-COMPLETE,liamob96,EDA Complete,eda-complete,https://www.kaggle.com/code/liamob96/eda-complete,UNKNOWN,UNKNOWN,,,,59,2,,KAGGLE_CODE_LIST_CARD_DYNAMIC,UNKNOWN,UNKNOWN,UNKNOWN,UNKNOWN,UNKNOWN,UNKNOWN,METADATA_ONLY,false,,,,,,false,3D cell tracking | 3D+time microscopy,false,UNKNOWN_NO_PAGE_SCORE_OBSERVED,discovered_in=2 visible query/sort occurrences; Code card score is dynamic and not bound to current GetKernel source or a submission
KAGGLE_CODE_LLCCQQ624_BIOHUB-CELL-TRACKING-MULTISCALE-DOG-HUNGARIAN,llccqq624,biohub-cell-tracking-multiscale-dog-hungarian,biohub-cell-tracking-multiscale-dog-hungarian,https://www.kaggle.com/code/llccqq624/biohub-cell-tracking-multiscale-dog-hungarian,UNKNOWN,UNKNOWN,,,2mo ago,,0,0.83,KAGGLE_CODE_LIST_CARD_DYNAMIC,UNKNOWN,UNKNOWN,UNKNOWN,UNKNOWN,UNKNOWN,UNKNOWN,METADATA_ONLY,false,,,,,,false,adjusted edge jaccard,false,UNKNOWN_DYNAMIC_SCORE_UNBOUND_TO_SOURCE_VERSION,discovered_in=1 visible query/sort occurrences; Code card score is dynamic and not bound to current GetKernel source or a submission
KAGGLE_CODE_LONNIEQIN_BIOHUB-GAP2-JOINT-NODE-BUDGET,lonnieqin, Biohub | Gap2 Joint Node Budget,biohub-gap2-joint-node-budget,https://www.kaggle.com/code/lonnieqin/biohub-gap2-joint-node-budget,UNKNOWN,UNKNOWN,,,1mo ago,35,0,0.915,KAGGLE_CODE_LIST_CARD_DYNAMIC,UNKNOWN,UNKNOWN,UNKNOWN,UNKNOWN,UNKNOWN,UNKNOWN,METADATA_ONLY,false,,,,,,false,OME-Zarr | adjusted edge jaccard | cell lineage reconstruction,false,UNKNOWN_DYNAMIC_SCORE_UNBOUND_TO_SOURCE_VERSION,discovered_in=3 visible query/sort occurrences; Code card score is dynamic and not bound to current GetKernel source or a submission
KAGGLE_CODE_LUCIFER19_BIOHUB-CELL-LINEAGE-TRACKER,lucifer19,🧬🔬 Biohub Cell Lineage Tracker,biohub-cell-lineage-tracker,https://www.kaggle.com/code/lucifer19/biohub-cell-lineage-tracker,UNKNOWN,UNKNOWN,,,2mo ago,77,1,0.886,KAGGLE_CODE_LIST_CARD_DYNAMIC,UNKNOWN,UNKNOWN,UNKNOWN,UNKNOWN,UNKNOWN,UNKNOWN,METADATA_ONLY,false,,,,,,false,tracksdata,false,UNKNOWN_DYNAMIC_SCORE_UNBOUND_TO_SOURCE_VERSION,discovered_in=1 visible query/sort occurrences; Code card score is dynamic and not bound to current GetKernel source or a submission
KAGGLE_CODE_LUCIFER19_CELLTRACK-PANTHER-U-NET-ILP-CORE,lucifer19,🧬🐈‍⬛ CellTrack Panther: U-Net ILP Core,celltrack-panther-u-net-ilp-core,https://www.kaggle.com/code/lucifer19/celltrack-panther-u-net-ilp-core,UNKNOWN,UNKNOWN,,,2mo ago,13,0,0.887,KAGGLE_CODE_LIST_CARD_DYNAMIC,UNKNOWN,UNKNOWN,UNKNOWN,UNKNOWN,UNKNOWN,UNKNOWN,METADATA_ONLY,false,,,,,,false,3D+time microscopy,false,UNKNOWN_DYNAMIC_SCORE_UNBOUND_TO_SOURCE_VERSION,discovered_in=1 visible query/sort occurrences; Code card score is dynamic and not bound to current GetKernel source or a submission
KAGGLE_CODE_LUFFYH04_HARSHINI-1,luffyh04,Harshini_1,harshini-1,https://www.kaggle.com/code/luffyh04/harshini-1,UNKNOWN,UNKNOWN,,,14h ago,,0,0.913,KAGGLE_CODE_LIST_CARD_DYNAMIC,UNKNOWN,UNKNOWN,UNKNOWN,UNKNOWN,UNKNOWN,UNKNOWN,METADATA_ONLY,false,,,,,,false,Recently Run,false,UNKNOWN_DYNAMIC_SCORE_UNBOUND_TO_SOURCE_VERSION,discovered_in=1 visible query/sort occurrences; Code card score is dynamic and not bound to current GetKernel source or a submission
KAGGLE_CODE_MAULIKGAJERA_BIOHUB-CELL-TRACKING-TRUNCATED-TRACK-RESCUE-PATCH,maulikgajera,Biohub Cell Tracking Truncated Track Rescue Patch,biohub-cell-tracking-truncated-track-rescue-patch,https://www.kaggle.com/code/maulikgajera/biohub-cell-tracking-truncated-track-rescue-patch,UNKNOWN,UNKNOWN,,,21d ago,29,0,0.915,KAGGLE_CODE_LIST_CARD_DYNAMIC,UNKNOWN,UNKNOWN,UNKNOWN,UNKNOWN,UNKNOWN,UNKNOWN,METADATA_ONLY,false,,,,,,false,biohub cell tracking | cell lineage reconstruction,false,UNKNOWN_DYNAMIC_SCORE_UNBOUND_TO_SOURCE_VERSION,discovered_in=2 visible query/sort occurrences; Code card score is dynamic and not bound to current GetKernel source or a submission
KAGGLE_CODE_MAULIKGAJERA_BIOHUB-CELL-TRACKING-UNET-NODE-TRANSFORMER-ILP,maulikgajera,Biohub Cell Tracking UNet + Node-Transformer + ILP,biohub-cell-tracking-unet-node-transformer-ilp,https://www.kaggle.com/code/maulikgajera/biohub-cell-tracking-unet-node-transformer-ilp,UNKNOWN,UNKNOWN,,,1mo ago,13,0,0.886,KAGGLE_CODE_LIST_CARD_DYNAMIC,UNKNOWN,UNKNOWN,UNKNOWN,UNKNOWN,UNKNOWN,UNKNOWN,METADATA_ONLY,false,,,,,,false,adjusted edge jaccard | transformer cell tracking | zebrafish cell tracking,false,UNKNOWN_DYNAMIC_SCORE_UNBOUND_TO_SOURCE_VERSION,discovered_in=3 visible query/sort occurrences; Code card score is dynamic and not bound to current GetKernel source or a submission
KAGGLE_CODE_MDMAHFUJULKARIM_BIOHUB-CELL-TRACKING-GRAPH-PIPELINE,mdmahfujulkarim,BioHub Cell Tracking Graph Pipeline,biohub-cell-tracking-graph-pipeline,https://www.kaggle.com/code/mdmahfujulkarim/biohub-cell-tracking-graph-pipeline,28,UNKNOWN,,,5h ago,,0,0.003,KAGGLE_CODE_LIST_CARD_DYNAMIC,Gpu,NOT_VERIFIED_OUTPUTS_EMPTY,false,biohub-cell-tracking-during-development | biohub-unet3d-weights | competitions,submission.csv,UNKNOWN_NOT_EXPOSED,FULL_NOTEBOOK_SOURCE_READ,false,e7e5e435034ce666aaa7c11ec9087fc59a3656e3e780a4b315b0574f10f8c244,20484,0,4,0,true,Hotness | Recently Run,false,UNKNOWN_DYNAMIC_SCORE_UNBOUND_TO_SOURCE_VERSION,discovered_in=2 visible query/sort occurrences; Code card score is dynamic and not bound to current GetKernel source or a submission; all 4 code cells hashed and semantically scanned; OUTPUTS_CLEARED_OR_ABSENT_IN_GETKERNEL_SOURCE; UNKNOWN_NOT_EXPOSED_BY_CURRENT_GETKERNEL_RESPONSE; UNKNOWN_API_LAST_RUN_TIME_FIELD_ANOMALOUS_REQUEST_CADENCE_MINUS_3_DAYS
KAGGLE_CODE_MOHIT98765_BIOHUB-CELL-TRACKING-V1-BASELINE,mohit98765,BioHub Cell Tracking v1 Baseline,biohub-cell-tracking-v1-baseline,https://www.kaggle.com/code/mohit98765/biohub-cell-tracking-v1-baseline,UNKNOWN,UNKNOWN,,,5d ago,,0,0.387,KAGGLE_CODE_LIST_CARD_DYNAMIC,UNKNOWN,UNKNOWN,UNKNOWN,UNKNOWN,UNKNOWN,UNKNOWN,METADATA_ONLY,false,,,,,,false,3D+time microscopy | OME-Zarr,false,UNKNOWN_DYNAMIC_SCORE_UNBOUND_TO_SOURCE_VERSION,discovered_in=2 visible query/sort occurrences; Code card score is dynamic and not bound to current GetKernel source or a submission
KAGGLE_CODE_MPWOLKE_DANIO-RERIO-BIOHUB-CELL-TRACKING,mpwolke,Danio rerio - Biohub Cell Tracking,danio-rerio-biohub-cell-tracking,https://www.kaggle.com/code/mpwolke/danio-rerio-biohub-cell-tracking,UNKNOWN,UNKNOWN,,,,19,2,,KAGGLE_CODE_LIST_CARD_DYNAMIC,UNKNOWN,UNKNOWN,UNKNOWN,UNKNOWN,UNKNOWN,UNKNOWN,METADATA_ONLY,false,,,,,,false,3D+time microscopy | zebrafish cell tracking,false,UNKNOWN_NO_PAGE_SCORE_OBSERVED,discovered_in=2 visible query/sort occurrences; Code card score is dynamic and not bound to current GetKernel source or a submission
KAGGLE_CODE_MUHAMMADDANYALMALIK_CELL-TRACKING,muhammaddanyalmalik,Cell tracking,cell-tracking,https://www.kaggle.com/code/muhammaddanyalmalik/cell-tracking,UNKNOWN,UNKNOWN,,,1mo ago,,0,0.95,KAGGLE_CODE_LIST_CARD_DYNAMIC,UNKNOWN,UNKNOWN,UNKNOWN,UNKNOWN,UNKNOWN,UNKNOWN,METADATA_ONLY,false,,,,,,false,Public Score,false,UNKNOWN_DYNAMIC_SCORE_UNBOUND_TO_SOURCE_VERSION,discovered_in=1 visible query/sort occurrences; Code card score is dynamic and not bound to current GetKernel source or a submission
KAGGLE_CODE_NAJUNGHWAN_BIOHUB-350EP-PRIMARY-PUBLIC-T4-V4,najunghwan,Biohub 350ep Primary Public T4 V4,biohub-350ep-primary-public-t4-v4,https://www.kaggle.com/code/najunghwan/biohub-350ep-primary-public-t4-v4,UNKNOWN,UNKNOWN,,,23d ago,,0,0.911,KAGGLE_CODE_LIST_CARD_DYNAMIC,UNKNOWN,UNKNOWN,UNKNOWN,UNKNOWN,UNKNOWN,UNKNOWN,METADATA_ONLY,false,,,,,,false,OME-Zarr,false,UNKNOWN_DYNAMIC_SCORE_UNBOUND_TO_SOURCE_VERSION,discovered_in=1 visible query/sort occurrences; Code card score is dynamic and not bound to current GetKernel source or a submission
KAGGLE_CODE_NAJUNGHWAN_BIOHUB-GAP2-JOINT-PUBLIC-T4-V2,najunghwan,Biohub Gap2 Joint Public T4 V2,biohub-gap2-joint-public-t4-v2,https://www.kaggle.com/code/najunghwan/biohub-gap2-joint-public-t4-v2,UNKNOWN,UNKNOWN,,,22d ago,,0,0.915,KAGGLE_CODE_LIST_CARD_DYNAMIC,UNKNOWN,UNKNOWN,UNKNOWN,UNKNOWN,UNKNOWN,UNKNOWN,METADATA_ONLY,false,,,,,,false,OME-Zarr,false,UNKNOWN_DYNAMIC_SCORE_UNBOUND_TO_SOURCE_VERSION,discovered_in=1 visible query/sort occurrences; Code card score is dynamic and not bound to current GetKernel source or a submission
KAGGLE_CODE_NAVAZSHFATHI_BEST-SCORE,navazshfathi,best-score,best-score,https://www.kaggle.com/code/navazshfathi/best-score,UNKNOWN,UNKNOWN,,,6d ago,63,0,0.931,KAGGLE_CODE_LIST_CARD_DYNAMIC,UNKNOWN,UNKNOWN,UNKNOWN,UNKNOWN,UNKNOWN,UNKNOWN,METADATA_ONLY,false,,,,,,false,cell lineage reconstruction | division jaccard,false,UNKNOWN_DYNAMIC_SCORE_UNBOUND_TO_SOURCE_VERSION,discovered_in=2 visible query/sort occurrences; Code card score is dynamic and not bound to current GetKernel source or a submission
KAGGLE_CODE_NOMANNIC19_CV-BIOHUB-CELL-TRACKING-TEMPORAL-3D-U-NET,nomannic19,[CV] Biohub Cell Tracking - Temporal 3D U-Net,cv-biohub-cell-tracking-temporal-3d-u-net,https://www.kaggle.com/code/nomannic19/cv-biohub-cell-tracking-temporal-3d-u-net,UNKNOWN,UNKNOWN,,,2mo ago,,0,0.852,KAGGLE_CODE_LIST_CARD_DYNAMIC,UNKNOWN,UNKNOWN,UNKNOWN,UNKNOWN,UNKNOWN,UNKNOWN,METADATA_ONLY,false,,,,,,false,3D U-Net tracking,false,UNKNOWN_DYNAMIC_SCORE_UNBOUND_TO_SOURCE_VERSION,discovered_in=1 visible query/sort occurrences; Code card score is dynamic and not bound to current GetKernel source or a submission
KAGGLE_CODE_NUSRATI_0-936,nusrati,0.936,0-936,https://www.kaggle.com/code/nusrati/0-936,UNKNOWN,UNKNOWN,,,2d ago,77,0,0.936,KAGGLE_CODE_LIST_CARD_DYNAMIC,UNKNOWN,UNKNOWN,UNKNOWN,UNKNOWN,UNKNOWN,UNKNOWN,METADATA_ONLY,false,,,,,,false,Public Score | division jaccard,false,UNKNOWN_DYNAMIC_SCORE_UNBOUND_TO_SOURCE_VERSION,discovered_in=2 visible query/sort occurrences; Code card score is dynamic and not bound to current GetKernel source or a submission
KAGGLE_CODE_NUSRATI_0-938,nusrati,0.938,0-938,https://www.kaggle.com/code/nusrati/0-938,3,UNKNOWN,,,43m ago,21,0,0.938,KAGGLE_CODE_LIST_CARD_DYNAMIC,NvidiaTeslaT4,NOT_VERIFIED_OUTPUTS_EMPTY,false,biohub-deepcenter-unet3d-center-prior-v1 | competitions | datasets,/kaggle/working/dual_seed_frame_retention_guard_report.json | /kaggle/working/submission.csv | /kaggle/working/wheels | submission.csv,UNKNOWN_NOT_EXPOSED,FULL_NOTEBOOK_SOURCE_READ,false,65c2fc9bbe0b3268af46396bfec62906cb85633e46c87ad0fdfe2be0c1412e96,196950,0,10,0,true,Hotness | Public Score | Recently Created | Recently Run,false,UNKNOWN_DYNAMIC_SCORE_UNBOUND_TO_SOURCE_VERSION,discovered_in=4 visible query/sort occurrences; Code card score is dynamic and not bound to current GetKernel source or a submission; all 10 code cells hashed and semantically scanned; OUTPUTS_CLEARED_OR_ABSENT_IN_GETKERNEL_SOURCE; UNKNOWN_NOT_EXPOSED_BY_CURRENT_GETKERNEL_RESPONSE; UNKNOWN_API_LAST_RUN_TIME_FIELD_ANOMALOUS_REQUEST_CADENCE_MINUS_3_DAYS
KAGGLE_CODE_NUSRATI_01-EDA-AND-VISUALIZATION,nusrati,01_EDA_and_Visualization,01-eda-and-visualization,https://www.kaggle.com/code/nusrati/01-eda-and-visualization,UNKNOWN,UNKNOWN,,,,,0,,KAGGLE_CODE_LIST_CARD_DYNAMIC,UNKNOWN,UNKNOWN,UNKNOWN,UNKNOWN,UNKNOWN,UNKNOWN,METADATA_ONLY,false,,,,,,false,3D+time microscopy | zebrafish cell tracking,false,UNKNOWN_NO_PAGE_SCORE_OBSERVED,discovered_in=2 visible query/sort occurrences; Code card score is dynamic and not bound to current GetKernel source or a submission
KAGGLE_CODE_OUTWREST_METRIC-HACK-MINIMAL-BASELINE-TTA-2GPU,outwrest,metric hack - minimal baseline-tta-2gpu,metric-hack-minimal-baseline-tta-2gpu,https://www.kaggle.com/code/outwrest/metric-hack-minimal-baseline-tta-2gpu,1,UNKNOWN,,,2mo ago,84,6,0.95,KAGGLE_CODE_LIST_CARD_DYNAMIC,NvidiaTeslaT4,NOT_VERIFIED_OUTPUTS_EMPTY,false,competitions | datasets,/kaggle/working/my_predict | submission.csv | submission_clean.csv,UNKNOWN_NOT_EXPOSED,FULL_NOTEBOOK_SOURCE_READ,false,6a9c42fcdb3b1ab13f24698db2884d8a49330e6b8803a1d45cb91b233e7c4451,33365,0,8,0,true,GEFF | Public Score | cell division tracking | tracksdata,false,HIGH_EXPLICIT_HACK_OR_ABOVE_CURRENT_LB_TOP,discovered_in=4 visible query/sort occurrences; Code card score is dynamic and not bound to current GetKernel source or a submission; all 8 code cells hashed and semantically scanned; OUTPUTS_CLEARED_OR_ABSENT_IN_GETKERNEL_SOURCE; UNKNOWN_NOT_EXPOSED_BY_CURRENT_GETKERNEL_RESPONSE; UNKNOWN_API_LAST_RUN_TIME_FIELD_ANOMALOUS_REQUEST_CADENCE_MINUS_3_DAYS
KAGGLE_CODE_PATHIK1511_BIOHUB-METRIC-ANATOMY,pathik1511,Biohub Metric Anatomy,biohub-metric-anatomy,https://www.kaggle.com/code/pathik1511/biohub-metric-anatomy,UNKNOWN,UNKNOWN,,,,,0,,KAGGLE_CODE_LIST_CARD_DYNAMIC,UNKNOWN,UNKNOWN,UNKNOWN,UNKNOWN,UNKNOWN,UNKNOWN,METADATA_ONLY,false,,,,,,false,Trackastra,false,UNKNOWN_NO_PAGE_SCORE_OBSERVED,discovered_in=1 visible query/sort occurrences; Code card score is dynamic and not bound to current GetKernel source or a submission
KAGGLE_CODE_PAVLOIVANIN_BIOHUB-4D-CELL-TRACKING-EDA-INTERACTIVE-3D,pavloivanin,🧬 BioHub: 4D Cell Tracking EDA + Interactive 3D ,biohub-4d-cell-tracking-eda-interactive-3d,https://www.kaggle.com/code/pavloivanin/biohub-4d-cell-tracking-eda-interactive-3d,UNKNOWN,UNKNOWN,,,,15,2,,KAGGLE_CODE_LIST_CARD_DYNAMIC,UNKNOWN,UNKNOWN,UNKNOWN,UNKNOWN,UNKNOWN,UNKNOWN,METADATA_ONLY,false,,,,,,false,3D cell tracking | 3D+time microscopy,false,UNKNOWN_NO_PAGE_SCORE_OBSERVED,discovered_in=2 visible query/sort occurrences; Code card score is dynamic and not bound to current GetKernel source or a submission
KAGGLE_CODE_PAVLOIVANIN_BIOHUBTRACKINGV3-VELOCITY-KALMAN-PRIOR-GAP-CLOSING,pavloivanin,BioHubTrackingV3:Velocity Kalman Prior&Gap Closing,biohubtrackingv3-velocity-kalman-prior-gap-closing,https://www.kaggle.com/code/pavloivanin/biohubtrackingv3-velocity-kalman-prior-gap-closing,UNKNOWN,UNKNOWN,,,2mo ago,,0,0.611,KAGGLE_CODE_LIST_CARD_DYNAMIC,UNKNOWN,UNKNOWN,UNKNOWN,UNKNOWN,UNKNOWN,UNKNOWN,METADATA_ONLY,false,,,,,,false,graph optimization cell tracking,false,UNKNOWN_DYNAMIC_SCORE_UNBOUND_TO_SOURCE_VERSION,discovered_in=1 visible query/sort occurrences; Code card score is dynamic and not bound to current GetKernel source or a submission
KAGGLE_CODE_PAVLOIVANIN_CELL-TRACKINGV2-SUB-VOXEL-REFINEMENT-EDGEPRUNING,pavloivanin,Cell TrackingV2:Sub-Voxel Refinement & EdgePruning,cell-trackingv2-sub-voxel-refinement-edgepruning,https://www.kaggle.com/code/pavloivanin/cell-trackingv2-sub-voxel-refinement-edgepruning,UNKNOWN,UNKNOWN,,,2mo ago,,0,0.618,KAGGLE_CODE_LIST_CARD_DYNAMIC,UNKNOWN,UNKNOWN,UNKNOWN,UNKNOWN,UNKNOWN,UNKNOWN,METADATA_ONLY,false,,,,,,false,graph optimization cell tracking,false,UNKNOWN_DYNAMIC_SCORE_UNBOUND_TO_SOURCE_VERSION,discovered_in=1 visible query/sort occurrences; Code card score is dynamic and not bound to current GetKernel source or a submission
KAGGLE_CODE_PAVLOIVANIN_COUNT-CALIBRATED-CONSERVATIVE-BASELINE,pavloivanin,Count Calibrated Conservative Baseline,count-calibrated-conservative-baseline,https://www.kaggle.com/code/pavloivanin/count-calibrated-conservative-baseline,UNKNOWN,UNKNOWN,,,2mo ago,,0,0.628,KAGGLE_CODE_LIST_CARD_DYNAMIC,UNKNOWN,UNKNOWN,UNKNOWN,UNKNOWN,UNKNOWN,UNKNOWN,METADATA_ONLY,false,,,,,,false,graph optimization cell tracking,false,UNKNOWN_DYNAMIC_SCORE_UNBOUND_TO_SOURCE_VERSION,discovered_in=1 visible query/sort occurrences; Code card score is dynamic and not bound to current GetKernel source or a submission
KAGGLE_CODE_PAWANMALI_BIOHUB-CLI-CORE-NODIV-V1,pawanmali,biohub-cli-core-nodiv-v1,biohub-cli-core-nodiv-v1,https://www.kaggle.com/code/pawanmali/biohub-cli-core-nodiv-v1,UNKNOWN,UNKNOWN,,,,,0,,KAGGLE_CODE_LIST_CARD_DYNAMIC,UNKNOWN,UNKNOWN,UNKNOWN,UNKNOWN,UNKNOWN,UNKNOWN,METADATA_ONLY,false,,,,,,false,Recently Created | Recently Run,false,UNKNOWN_NO_PAGE_SCORE_OBSERVED,discovered_in=2 visible query/sort occurrences; Code card score is dynamic and not bound to current GetKernel source or a submission
KAGGLE_CODE_PAWANMALI_BIOHUB-CLI-LEARNED-DIV-V1,pawanmali,biohub-cli-learned-div-v1,biohub-cli-learned-div-v1,https://www.kaggle.com/code/pawanmali/biohub-cli-learned-div-v1,2,UNKNOWN,,,7h ago,,0,0.889,KAGGLE_CODE_LIST_CARD_DYNAMIC,NvidiaTeslaT4,NOT_VERIFIED_OUTPUTS_EMPTY,false,competitions | datasets,/kaggle/working/wheels | core_submission.csv | submission.csv,UNKNOWN_NOT_EXPOSED,FULL_NOTEBOOK_SOURCE_READ,false,004762466e5a9569c0084c7d91cecead3827773177763c7b6c074151876217ef,34600,1,7,0,true,Recently Created | Recently Run,false,UNKNOWN_DYNAMIC_SCORE_UNBOUND_TO_SOURCE_VERSION,discovered_in=2 visible query/sort occurrences; Code card score is dynamic and not bound to current GetKernel source or a submission; all 7 code cells hashed and semantically scanned; OUTPUTS_CLEARED_OR_ABSENT_IN_GETKERNEL_SOURCE; UNKNOWN_NOT_EXPOSED_BY_CURRENT_GETKERNEL_RESPONSE; UNKNOWN_API_LAST_RUN_TIME_FIELD_ANOMALOUS_REQUEST_CADENCE_MINUS_3_DAYS
KAGGLE_CODE_PEDROAPALACIOSZ_BIOHUB-CELL-TRACKING-COMPLETE-JOURNEY,pedroapalaciosz,Biohub Cell Tracking Complete Journey,biohub-cell-tracking-complete-journey,https://www.kaggle.com/code/pedroapalaciosz/biohub-cell-tracking-complete-journey,UNKNOWN,UNKNOWN,,,,,0,,KAGGLE_CODE_LIST_CARD_DYNAMIC,UNKNOWN,UNKNOWN,UNKNOWN,UNKNOWN,UNKNOWN,UNKNOWN,METADATA_ONLY,false,,,,,,false,Trackastra,false,UNKNOWN_NO_PAGE_SCORE_OBSERVED,discovered_in=1 visible query/sort occurrences; Code card score is dynamic and not bound to current GetKernel source or a submission
KAGGLE_CODE_PERSEUS7_BIOHUB-EXPLORATORY-DATA-ANALYSIS,perseus7,BioHub Exploratory Data Analysis,biohub-exploratory-data-analysis,https://www.kaggle.com/code/perseus7/biohub-exploratory-data-analysis,UNKNOWN,UNKNOWN,,,,,0,,KAGGLE_CODE_LIST_CARD_DYNAMIC,UNKNOWN,UNKNOWN,UNKNOWN,UNKNOWN,UNKNOWN,UNKNOWN,METADATA_ONLY,false,,,,,,false,zebrafish cell tracking,false,UNKNOWN_NO_PAGE_SCORE_OBSERVED,discovered_in=1 visible query/sort occurrences; Code card score is dynamic and not bound to current GetKernel source or a submission
KAGGLE_CODE_PILKWANG_BIOHUB-CELL-TRACKING-BLEND-PREPROCESSINGS,pilkwang,Biohub Cell Tracking: Blend Preprocessings,biohub-cell-tracking-blend-preprocessings,https://www.kaggle.com/code/pilkwang/biohub-cell-tracking-blend-preprocessings,UNKNOWN,UNKNOWN,,,2mo ago,156,2,0.9,KAGGLE_CODE_LIST_CARD_DYNAMIC,UNKNOWN,UNKNOWN,UNKNOWN,UNKNOWN,UNKNOWN,UNKNOWN,METADATA_ONLY,false,,,,,,false,GEFF | Most Votes | biohub cell tracking | biohub-cell-tracking-during-development | cell division tracking | tracksdata | transformer cell tracking,false,UNKNOWN_DYNAMIC_SCORE_UNBOUND_TO_SOURCE_VERSION,discovered_in=7 visible query/sort occurrences; Code card score is dynamic and not bound to current GetKernel source or a submission
KAGGLE_CODE_PILKWANG_BIOHUB-CELL-TRACKING-DATA-MODEL-EDA-BASELINE,pilkwang,"Biohub Cell Tracking: Data Model, EDA, Baseline",biohub-cell-tracking-data-model-eda-baseline,https://www.kaggle.com/code/pilkwang/biohub-cell-tracking-data-model-eda-baseline,26,UNKNOWN,,,2mo ago,155,2,0.827,KAGGLE_CODE_LIST_CARD_DYNAMIC,NvidiaTeslaT4,NOT_VERIFIED_OUTPUTS_EMPTY,false,biohub-cell-tracking-during-development | competitions,submission.csv,UNKNOWN_NOT_EXPOSED,FULL_NOTEBOOK_SOURCE_READ,false,84e48e6e67c239572ca5c144d941433d42f6f0f1c06b1e713286f39e5059190e,38297,3,2,0,true,3D U-Net tracking | 3D cell tracking | GEFF | Most Votes | biohub cell tracking | biohub-cell-tracking-during-development,false,UNKNOWN_DYNAMIC_SCORE_UNBOUND_TO_SOURCE_VERSION,discovered_in=6 visible query/sort occurrences; Code card score is dynamic and not bound to current GetKernel source or a submission; all 2 code cells hashed and semantically scanned; OUTPUTS_CLEARED_OR_ABSENT_IN_GETKERNEL_SOURCE; UNKNOWN_NOT_EXPOSED_BY_CURRENT_GETKERNEL_RESPONSE; UNKNOWN_API_LAST_RUN_TIME_FIELD_ANOMALOUS_REQUEST_CADENCE_MINUS_3_DAYS
KAGGLE_CODE_PILKWANG_BIOHUB-CELL-TRACKING-LEARNED-GRAPH-W-GAP-RECOVERY,pilkwang,Biohub Cell Tracking: Learned Graph w Gap Recovery,biohub-cell-tracking-learned-graph-w-gap-recovery,https://www.kaggle.com/code/pilkwang/biohub-cell-tracking-learned-graph-w-gap-recovery,32,UNKNOWN,,,2mo ago,197,4,0.894,KAGGLE_CODE_LIST_CARD_DYNAMIC,NvidiaTeslaT4,NOT_VERIFIED_OUTPUTS_EMPTY,false,competitions | datasets,/kaggle/working/wheels | submission.csv,UNKNOWN_NOT_EXPOSED,FULL_NOTEBOOK_SOURCE_READ,false,5d616f969bed8800076b9213f39c4f89791fc9855a0c65efc626bf0b740b4c42,83640,6,5,0,true,3D cell tracking | GEFF | Most Votes | biohub cell tracking | biohub-cell-tracking-during-development | cell division tracking | graph optimization cell tracking | tracksdata | transformer cell tracking,false,UNKNOWN_DYNAMIC_SCORE_UNBOUND_TO_SOURCE_VERSION,discovered_in=9 visible query/sort occurrences; Code card score is dynamic and not bound to current GetKernel source or a submission; all 5 code cells hashed and semantically scanned; OUTPUTS_CLEARED_OR_ABSENT_IN_GETKERNEL_SOURCE; UNKNOWN_NOT_EXPOSED_BY_CURRENT_GETKERNEL_RESPONSE; UNKNOWN_API_LAST_RUN_TIME_FIELD_ANOMALOUS_REQUEST_CADENCE_MINUS_3_DAYS
KAGGLE_CODE_PILKWANG_BIOHUB-CELL-TRACKING-TWO-SEEDS-LOGIT-BLEND,pilkwang,Biohub Cell Tracking: Two Seeds Logit Blend,biohub-cell-tracking-two-seeds-logit-blend,https://www.kaggle.com/code/pilkwang/biohub-cell-tracking-two-seeds-logit-blend,40,UNKNOWN,,,1mo ago,194,1,0.912,KAGGLE_CODE_LIST_CARD_DYNAMIC,NvidiaTeslaT4,NOT_VERIFIED_OUTPUTS_EMPTY,false,biohub-deepcenter-unet3d-center-prior-v1 | competitions | datasets,/kaggle/working/wheels | submission.csv,UNKNOWN_NOT_EXPOSED,FULL_NOTEBOOK_SOURCE_READ,false,a2e660c6c5d66af5671643fb0e91b4d19faac5907077837116000daa1fee38ac,140768,7,6,0,true,GEFF | Most Votes | biohub cell tracking | biohub-cell-tracking-during-development | cell division tracking | cell lineage reconstruction | tracksdata | transformer cell tracking,false,UNKNOWN_DYNAMIC_SCORE_UNBOUND_TO_SOURCE_VERSION,discovered_in=8 visible query/sort occurrences; Code card score is dynamic and not bound to current GetKernel source or a submission; all 6 code cells hashed and semantically scanned; OUTPUTS_CLEARED_OR_ABSENT_IN_GETKERNEL_SOURCE; UNKNOWN_NOT_EXPOSED_BY_CURRENT_GETKERNEL_RESPONSE; UNKNOWN_API_LAST_RUN_TIME_FIELD_ANOMALOUS_REQUEST_CADENCE_MINUS_3_DAYS
KAGGLE_CODE_PRAXEL_BIOHUB-0-902-MOTION-DIVISION-CALIBRATION,praxel,Biohub 0.902 | Motion + Division Calibration,biohub-0-902-motion-division-calibration,https://www.kaggle.com/code/praxel/biohub-0-902-motion-division-calibration,UNKNOWN,UNKNOWN,,,2mo ago,62,0,0.901,KAGGLE_CODE_LIST_CARD_DYNAMIC,UNKNOWN,UNKNOWN,UNKNOWN,UNKNOWN,UNKNOWN,UNKNOWN,METADATA_ONLY,false,,,,,,false,3D cell tracking | transformer cell tracking,false,UNKNOWN_DYNAMIC_SCORE_UNBOUND_TO_SOURCE_VERSION,discovered_in=2 visible query/sort occurrences; Code card score is dynamic and not bound to current GetKernel source or a submission
KAGGLE_CODE_PRVSIYAN_BIOHUB-CLEAN-PUBLIC-FRONTIER-LINEAGE-TRACKER,prvsiyan,BioHub Clean Public-Frontier Lineage Tracker,biohub-clean-public-frontier-lineage-tracker,https://www.kaggle.com/code/prvsiyan/biohub-clean-public-frontier-lineage-tracker,UNKNOWN,UNKNOWN,,,1mo ago,31,0,0.913,KAGGLE_CODE_LIST_CARD_DYNAMIC,UNKNOWN,UNKNOWN,UNKNOWN,UNKNOWN,UNKNOWN,UNKNOWN,METADATA_ONLY,false,,,,,,false,OME-Zarr | cell lineage reconstruction,false,UNKNOWN_DYNAMIC_SCORE_UNBOUND_TO_SOURCE_VERSION,discovered_in=2 visible query/sort occurrences; Code card score is dynamic and not bound to current GetKernel source or a submission
KAGGLE_CODE_PRVSIYAN_BIOHUB-MOTION-GAP-PERSISTENCE-LINEAGE,prvsiyan,Biohub Motion Gap Persistence Lineage,biohub-motion-gap-persistence-lineage,https://www.kaggle.com/code/prvsiyan/biohub-motion-gap-persistence-lineage,UNKNOWN,UNKNOWN,,,1mo ago,,0,0.864,KAGGLE_CODE_LIST_CARD_DYNAMIC,UNKNOWN,UNKNOWN,UNKNOWN,UNKNOWN,UNKNOWN,UNKNOWN,METADATA_ONLY,false,,,,,,false,Trackastra | Ultrack,false,UNKNOWN_DYNAMIC_SCORE_UNBOUND_TO_SOURCE_VERSION,discovered_in=2 visible query/sort occurrences; Code card score is dynamic and not bound to current GetKernel source or a submission
KAGGLE_CODE_PYOSSDEV_BIOHUB-CELL-TRACKING-BASELINE,pyossdev,Biohub Cell Tracking Baseline,biohub-cell-tracking-baseline,https://www.kaggle.com/code/pyossdev/biohub-cell-tracking-baseline,UNKNOWN,UNKNOWN,,,2mo ago,,0,0.514,KAGGLE_CODE_LIST_CARD_DYNAMIC,UNKNOWN,UNKNOWN,UNKNOWN,UNKNOWN,UNKNOWN,UNKNOWN,METADATA_ONLY,false,,,,,,false,Cellpose,false,UNKNOWN_DYNAMIC_SCORE_UNBOUND_TO_SOURCE_VERSION,discovered_in=1 visible query/sort occurrences; Code card score is dynamic and not bound to current GetKernel source or a submission
KAGGLE_CODE_QRZ1201_BIOHUB-DIVISION-9-14-4-5-REPRO,qrz1201,Biohub Division 9 14 4.5 Repro,biohub-division-9-14-4-5-repro,https://www.kaggle.com/code/qrz1201/biohub-division-9-14-4-5-repro,UNKNOWN,UNKNOWN,,,,,0,,KAGGLE_CODE_LIST_CARD_DYNAMIC,UNKNOWN,UNKNOWN,UNKNOWN,UNKNOWN,UNKNOWN,UNKNOWN,METADATA_ONLY,false,,,,,,false,Recently Created | Recently Run,false,UNKNOWN_NO_PAGE_SCORE_OBSERVED,discovered_in=2 visible query/sort occurrences; Code card score is dynamic and not bound to current GetKernel source or a submission
KAGGLE_CODE_QRZ1201_BIOHUB-EDGE20-PUBLIC-0-935-REPRO,qrz1201,Biohub Edge20 Public 0.935 Repro,biohub-edge20-public-0-935-repro,https://www.kaggle.com/code/qrz1201/biohub-edge20-public-0-935-repro,UNKNOWN,UNKNOWN,,,,,0,,KAGGLE_CODE_LIST_CARD_DYNAMIC,UNKNOWN,UNKNOWN,UNKNOWN,UNKNOWN,UNKNOWN,UNKNOWN,METADATA_ONLY,false,,,,,,false,Hotness | Recently Created | Recently Run,false,UNKNOWN_NO_PAGE_SCORE_OBSERVED,discovered_in=3 visible query/sort occurrences; Code card score is dynamic and not bound to current GetKernel source or a submission
KAGGLE_CODE_QRZ1201_BIOHUB-V19C-SISTER14-REPRO,qrz1201,Biohub V19C Sister14 Repro,biohub-v19c-sister14-repro,https://www.kaggle.com/code/qrz1201/biohub-v19c-sister14-repro,UNKNOWN,UNKNOWN,,,,,0,,KAGGLE_CODE_LIST_CARD_DYNAMIC,UNKNOWN,UNKNOWN,UNKNOWN,UNKNOWN,UNKNOWN,UNKNOWN,METADATA_ONLY,false,,,,,,false,Hotness | Recently Created | Recently Run,false,UNKNOWN_NO_PAGE_SCORE_OBSERVED,discovered_in=3 visible query/sort occurrences; Code card score is dynamic and not bound to current GetKernel source or a submission
KAGGLE_CODE_RAHULJIWANE_BIOHUB-CELL-TRACKING-RJ2,rahuljiwane,Biohub Cell Tracking RJ2 ,biohub-cell-tracking-rj2,https://www.kaggle.com/code/rahuljiwane/biohub-cell-tracking-rj2,UNKNOWN,UNKNOWN,,,2mo ago,10,0,0.842,KAGGLE_CODE_LIST_CARD_DYNAMIC,UNKNOWN,UNKNOWN,UNKNOWN,UNKNOWN,UNKNOWN,UNKNOWN,METADATA_ONLY,false,,,,,,false,adjusted edge jaccard,false,UNKNOWN_DYNAMIC_SCORE_UNBOUND_TO_SOURCE_VERSION,discovered_in=1 visible query/sort occurrences; Code card score is dynamic and not bound to current GetKernel source or a submission
KAGGLE_CODE_RAVI123A321AT_DARK-AGI-BIOHUB-CELL-TRACKING-SOLUTION,ravi123a321at,Dark-AGI-Biohub Cell Tracking Solution,dark-agi-biohub-cell-tracking-solution,https://www.kaggle.com/code/ravi123a321at/dark-agi-biohub-cell-tracking-solution,UNKNOWN,UNKNOWN,,,1mo ago,,0,0.95,KAGGLE_CODE_LIST_CARD_DYNAMIC,UNKNOWN,UNKNOWN,UNKNOWN,UNKNOWN,UNKNOWN,UNKNOWN,METADATA_ONLY,false,,,,,,false,Public Score,false,UNKNOWN_DYNAMIC_SCORE_UNBOUND_TO_SOURCE_VERSION,discovered_in=1 visible query/sort occurrences; Code card score is dynamic and not bound to current GetKernel source or a submission
KAGGLE_CODE_RAVI123A321AT_METRIC-HACK-LAST-CALL,ravi123a321at,Metric_hack_last_call,metric-hack-last-call,https://www.kaggle.com/code/ravi123a321at/metric-hack-last-call,UNKNOWN,UNKNOWN,,,1mo ago,,0,0.963,KAGGLE_CODE_LIST_CARD_DYNAMIC,UNKNOWN,UNKNOWN,UNKNOWN,UNKNOWN,UNKNOWN,UNKNOWN,METADATA_ONLY,false,,,,,,false,Public Score,false,HIGH_EXPLICIT_HACK_OR_ABOVE_CURRENT_LB_TOP,discovered_in=1 visible query/sort occurrences; Code card score is dynamic and not bound to current GetKernel source or a submission
KAGGLE_CODE_RAYKKRETZSCHMAR_BIOHUB-HARMONIC-BIDIRECTIONAL-ASSOCIATION-V1,raykkretzschmar,Biohub Harmonic Bidirectional Association V1,biohub-harmonic-bidirectional-association-v1,https://www.kaggle.com/code/raykkretzschmar/biohub-harmonic-bidirectional-association-v1,UNKNOWN,UNKNOWN,,,1mo ago,86,0,0.915,KAGGLE_CODE_LIST_CARD_DYNAMIC,UNKNOWN,UNKNOWN,UNKNOWN,UNKNOWN,UNKNOWN,UNKNOWN,METADATA_ONLY,false,,,,,,false,cell lineage reconstruction,false,UNKNOWN_DYNAMIC_SCORE_UNBOUND_TO_SOURCE_VERSION,discovered_in=1 visible query/sort occurrences; Code card score is dynamic and not bound to current GetKernel source or a submission
KAGGLE_CODE_RISHABHR0Y_933-BIOHUB-BIDIR30,rishabhr0y,.933_biohub_bidir30,933-biohub-bidir30,https://www.kaggle.com/code/rishabhr0y/933-biohub-bidir30,UNKNOWN,UNKNOWN,,,5d ago,62,2,0.933,KAGGLE_CODE_LIST_CARD_DYNAMIC,UNKNOWN,UNKNOWN,UNKNOWN,UNKNOWN,UNKNOWN,UNKNOWN,METADATA_ONLY,false,,,,,,false,division jaccard,false,UNKNOWN_DYNAMIC_SCORE_UNBOUND_TO_SOURCE_VERSION,discovered_in=1 visible query/sort occurrences; Code card score is dynamic and not bound to current GetKernel source or a submission
KAGGLE_CODE_RISHABHR0Y_BIOHUB-937-SDW80,rishabhr0y,biohub-937-sdw80,biohub-937-sdw80,https://www.kaggle.com/code/rishabhr0y/biohub-937-sdw80,UNKNOWN,UNKNOWN,,,6d ago,17,0,0.93,KAGGLE_CODE_LIST_CARD_DYNAMIC,UNKNOWN,UNKNOWN,UNKNOWN,UNKNOWN,UNKNOWN,UNKNOWN,METADATA_ONLY,false,,,,,,false,cell lineage reconstruction | graph optimization cell tracking | zebrafish cell tracking,false,UNKNOWN_DYNAMIC_SCORE_UNBOUND_TO_SOURCE_VERSION,discovered_in=3 visible query/sort occurrences; Code card score is dynamic and not bound to current GetKernel source or a submission
KAGGLE_CODE_RISHABHR0Y_BIOHUB-948-SEW20,rishabhr0y,biohub-948_sew20,biohub-948-sew20,https://www.kaggle.com/code/rishabhr0y/biohub-948-sew20,UNKNOWN,UNKNOWN,,,4d ago,21,0,0.935,KAGGLE_CODE_LIST_CARD_DYNAMIC,UNKNOWN,UNKNOWN,UNKNOWN,UNKNOWN,UNKNOWN,UNKNOWN,METADATA_ONLY,false,,,,,,false,3D U-Net tracking,false,UNKNOWN_DYNAMIC_SCORE_UNBOUND_TO_SOURCE_VERSION,discovered_in=1 visible query/sort occurrences; Code card score is dynamic and not bound to current GetKernel source or a submission
KAGGLE_CODE_RISHABHR0Y_BIOHUB-DIV45-STACK,rishabhr0y,biohub-div45-stack,biohub-div45-stack,https://www.kaggle.com/code/rishabhr0y/biohub-div45-stack,1,UNKNOWN,,,2d ago,23,0,0.938,KAGGLE_CODE_LIST_CARD_DYNAMIC,NvidiaTeslaT4,NOT_VERIFIED_OUTPUTS_EMPTY,false,biohub-deepcenter-unet3d-center-prior-v1 | competitions | datasets,/kaggle/working/dual_seed_frame_retention_guard_report.json | /kaggle/working/submission.csv | /kaggle/working/wheels | submission.csv,UNKNOWN_NOT_EXPOSED,FULL_NOTEBOOK_SOURCE_READ,false,34d5a5dff9c1c7e3e00ebed54f8b9d8fc58db94a1313d7f19ac56066281b4610,213602,1,10,0,true,Hotness | Public Score,false,UNKNOWN_DYNAMIC_SCORE_UNBOUND_TO_SOURCE_VERSION,discovered_in=2 visible query/sort occurrences; Code card score is dynamic and not bound to current GetKernel source or a submission; all 10 code cells hashed and semantically scanned; OUTPUTS_CLEARED_OR_ABSENT_IN_GETKERNEL_SOURCE; UNKNOWN_NOT_EXPOSED_BY_CURRENT_GETKERNEL_RESPONSE; UNKNOWN_API_LAST_RUN_TIME_FIELD_ANOMALOUS_REQUEST_CADENCE_MINUS_3_DAYS
KAGGLE_CODE_ROCKERRITESH_0-926-BIOHUB-DIVSUB,rockerritesh,0.926-biohub-divsub,0-926-biohub-divsub,https://www.kaggle.com/code/rockerritesh/0-926-biohub-divsub,UNKNOWN,UNKNOWN,,,11d ago,74,0,0.926,KAGGLE_CODE_LIST_CARD_DYNAMIC,UNKNOWN,UNKNOWN,UNKNOWN,UNKNOWN,UNKNOWN,UNKNOWN,METADATA_ONLY,false,,,,,,false,cell lineage reconstruction | graph optimization cell tracking | transformer cell tracking,false,UNKNOWN_DYNAMIC_SCORE_UNBOUND_TO_SOURCE_VERSION,discovered_in=3 visible query/sort occurrences; Code card score is dynamic and not bound to current GetKernel source or a submission
KAGGLE_CODE_ROGERROGERROGER3R_BIOHUB-RUN58,rogerrogerroger3r,biohub-run58,biohub-run58,https://www.kaggle.com/code/rogerrogerroger3r/biohub-run58,UNKNOWN,UNKNOWN,,,1d ago,,0,0.935,KAGGLE_CODE_LIST_CARD_DYNAMIC,UNKNOWN,UNKNOWN,UNKNOWN,UNKNOWN,UNKNOWN,UNKNOWN,METADATA_ONLY,false,,,,,,false,Recently Created,false,UNKNOWN_DYNAMIC_SCORE_UNBOUND_TO_SOURCE_VERSION,discovered_in=1 visible query/sort occurrences; Code card score is dynamic and not bound to current GetKernel source or a submission
KAGGLE_CODE_ROGERROGERROGER3R_BIOHUB-RUN59,rogerrogerroger3r,biohub-run59,biohub-run59,https://www.kaggle.com/code/rogerrogerroger3r/biohub-run59,UNKNOWN,UNKNOWN,,,1d ago,,0,0.898,KAGGLE_CODE_LIST_CARD_DYNAMIC,UNKNOWN,UNKNOWN,UNKNOWN,UNKNOWN,UNKNOWN,UNKNOWN,METADATA_ONLY,false,,,,,,false,Hotness | Recently Created,false,UNKNOWN_DYNAMIC_SCORE_UNBOUND_TO_SOURCE_VERSION,discovered_in=2 visible query/sort occurrences; Code card score is dynamic and not bound to current GetKernel source or a submission
KAGGLE_CODE_ROMANROZEN_STRONG-START-DOG-BAND-PASS-LB-0-73,romanrozen,[STRONG START🔥]: DoG BAND-PASS | LB 0.73+,strong-start-dog-band-pass-lb-0-73,https://www.kaggle.com/code/romanrozen/strong-start-dog-band-pass-lb-0-73,UNKNOWN,UNKNOWN,,,2mo ago,79,0,0.728,KAGGLE_CODE_LIST_CARD_DYNAMIC,UNKNOWN,UNKNOWN,UNKNOWN,UNKNOWN,UNKNOWN,UNKNOWN,METADATA_ONLY,false,,,,,,false,3D U-Net tracking | 3D cell tracking | division jaccard | transformer cell tracking,false,UNKNOWN_DYNAMIC_SCORE_UNBOUND_TO_SOURCE_VERSION,discovered_in=4 visible query/sort occurrences; Code card score is dynamic and not bound to current GetKernel source or a submission
KAGGLE_CODE_RYOSUKESHIROSHITA_BIOHUB-3D-CELL-TRACK-EXPLORER,ryosukeshiroshita,Biohub 3D Cell Track Explorer,biohub-3d-cell-track-explorer,https://www.kaggle.com/code/ryosukeshiroshita/biohub-3d-cell-track-explorer,UNKNOWN,UNKNOWN,,,,,0,,KAGGLE_CODE_LIST_CARD_DYNAMIC,UNKNOWN,UNKNOWN,UNKNOWN,UNKNOWN,UNKNOWN,UNKNOWN,METADATA_ONLY,false,,,,,,false,OME-Zarr,false,UNKNOWN_NO_PAGE_SCORE_OBSERVED,discovered_in=1 visible query/sort occurrences; Code card score is dynamic and not bound to current GetKernel source or a submission
KAGGLE_CODE_SAITEJABANDARUIN_BIOHUB-MASTERPIECE-TRACKER-VERSION-16,saitejabandaruin,Biohub Masterpiece Tracker - Version 16,biohub-masterpiece-tracker-version-16,https://www.kaggle.com/code/saitejabandaruin/biohub-masterpiece-tracker-version-16,UNKNOWN,UNKNOWN,,,15d ago,25,0,0.913,KAGGLE_CODE_LIST_CARD_DYNAMIC,UNKNOWN,UNKNOWN,UNKNOWN,UNKNOWN,UNKNOWN,UNKNOWN,METADATA_ONLY,false,,,,,,false,OME-Zarr | cell lineage reconstruction,false,UNKNOWN_DYNAMIC_SCORE_UNBOUND_TO_SOURCE_VERSION,discovered_in=2 visible query/sort occurrences; Code card score is dynamic and not bound to current GetKernel source or a submission
KAGGLE_CODE_SAITEJABANDARUIN_BIOHUB-TOP-NOTEBOOK-0-913,saitejabandaruin,Biohub Top Notebook 0.913,biohub-top-notebook-0-913,https://www.kaggle.com/code/saitejabandaruin/biohub-top-notebook-0-913,UNKNOWN,UNKNOWN,,,1mo ago,47,0,0.913,KAGGLE_CODE_LIST_CARD_DYNAMIC,UNKNOWN,UNKNOWN,UNKNOWN,UNKNOWN,UNKNOWN,UNKNOWN,METADATA_ONLY,false,,,,,,false,cell lineage reconstruction,false,UNKNOWN_DYNAMIC_SCORE_UNBOUND_TO_SOURCE_VERSION,discovered_in=1 visible query/sort occurrences; Code card score is dynamic and not bound to current GetKernel source or a submission
KAGGLE_CODE_SALEMALI7_BIOHUB-CELL-TRACKING-92-6,salemali7,Biohub Cell Tracking 92.6% ,biohub-cell-tracking-92-6,https://www.kaggle.com/code/salemali7/biohub-cell-tracking-92-6,UNKNOWN,UNKNOWN,,,2d ago,44,0,0.926,KAGGLE_CODE_LIST_CARD_DYNAMIC,UNKNOWN,UNKNOWN,UNKNOWN,UNKNOWN,UNKNOWN,UNKNOWN,METADATA_ONLY,false,,,,,,false,biohub cell tracking | cell lineage reconstruction | graph optimization cell tracking,false,UNKNOWN_DYNAMIC_SCORE_UNBOUND_TO_SOURCE_VERSION,discovered_in=3 visible query/sort occurrences; Code card score is dynamic and not bound to current GetKernel source or a submission
KAGGLE_CODE_SARDORRAZIKOV_BIOHUB-FORK-ANHAD-TRACKCELLS,sardorrazikov,biohub-fork-anhad-trackcells,biohub-fork-anhad-trackcells,https://www.kaggle.com/code/sardorrazikov/biohub-fork-anhad-trackcells,UNKNOWN,UNKNOWN,,,13h ago,,0,0.915,KAGGLE_CODE_LIST_CARD_DYNAMIC,UNKNOWN,UNKNOWN,UNKNOWN,UNKNOWN,UNKNOWN,UNKNOWN,METADATA_ONLY,false,,,,,,false,Recently Created | Recently Run,false,UNKNOWN_DYNAMIC_SCORE_UNBOUND_TO_SOURCE_VERSION,discovered_in=2 visible query/sort occurrences; Code card score is dynamic and not bound to current GetKernel source or a submission
KAGGLE_CODE_SARDORRAZIKOV_BIOHUB-FORK-FLEXONAFFT-HARMONIC,sardorrazikov,biohub-fork-flexonafft-harmonic,biohub-fork-flexonafft-harmonic,https://www.kaggle.com/code/sardorrazikov/biohub-fork-flexonafft-harmonic,UNKNOWN,UNKNOWN,,,13h ago,,0,0.936,KAGGLE_CODE_LIST_CARD_DYNAMIC,UNKNOWN,UNKNOWN,UNKNOWN,UNKNOWN,UNKNOWN,UNKNOWN,METADATA_ONLY,false,,,,,,false,Recently Created | Recently Run,false,UNKNOWN_DYNAMIC_SCORE_UNBOUND_TO_SOURCE_VERSION,discovered_in=2 visible query/sort occurrences; Code card score is dynamic and not bound to current GetKernel source or a submission
KAGGLE_CODE_SARDORRAZIKOV_BIOHUB-FORK-PILKWANG-GAPRECOVERY,sardorrazikov,biohub-fork-pilkwang-gaprecovery,biohub-fork-pilkwang-gaprecovery,https://www.kaggle.com/code/sardorrazikov/biohub-fork-pilkwang-gaprecovery,UNKNOWN,UNKNOWN,,,11d ago,,0,0.887,KAGGLE_CODE_LIST_CARD_DYNAMIC,UNKNOWN,UNKNOWN,UNKNOWN,UNKNOWN,UNKNOWN,UNKNOWN,METADATA_ONLY,false,,,,,,false,graph optimization cell tracking,false,UNKNOWN_DYNAMIC_SCORE_UNBOUND_TO_SOURCE_VERSION,discovered_in=1 visible query/sort occurrences; Code card score is dynamic and not bound to current GetKernel source or a submission
KAGGLE_CODE_SESHURAJUP_LB-0-857-BEST-RULE-BASE-V14,seshurajup,[LB 0.857]Best Rule Base V14,lb-0-857-best-rule-base-v14,https://www.kaggle.com/code/seshurajup/lb-0-857-best-rule-base-v14,14,UNKNOWN,,,2mo ago,97,0,0.857,KAGGLE_CODE_LIST_CARD_DYNAMIC,None,NOT_VERIFIED_OUTPUTS_EMPTY,false,biohub-cell-tracking-during-development | competitions,submission.csv,UNKNOWN_NOT_EXPOSED,FULL_NOTEBOOK_SOURCE_READ,false,c174e372d91fc3a6baf0dbae78ca228af64ba9b1774b21c71849f5ba2f5b9298,41867,1,1,0,true,3D cell tracking | Most Votes | adjusted edge jaccard | cell division tracking | division jaccard,false,UNKNOWN_DYNAMIC_SCORE_UNBOUND_TO_SOURCE_VERSION,discovered_in=5 visible query/sort occurrences; Code card score is dynamic and not bound to current GetKernel source or a submission; all 1 code cells hashed and semantically scanned; OUTPUTS_CLEARED_OR_ABSENT_IN_GETKERNEL_SOURCE; UNKNOWN_NOT_EXPOSED_BY_CURRENT_GETKERNEL_RESPONSE; UNKNOWN_API_LAST_RUN_TIME_FIELD_ANOMALOUS_REQUEST_CADENCE_MINUS_3_DAYS
KAGGLE_CODE_SHUBHAMVEER_MATHEMATICAL-BIOPHYSICAL-FOUNDATIONS-OF-3D-CELL,shubhamveer,Mathematical Biophysical Foundations of 3D Cell,mathematical-biophysical-foundations-of-3d-cell,https://www.kaggle.com/code/shubhamveer/mathematical-biophysical-foundations-of-3d-cell,UNKNOWN,UNKNOWN,,,,11,0,,KAGGLE_CODE_LIST_CARD_DYNAMIC,UNKNOWN,UNKNOWN,UNKNOWN,UNKNOWN,UNKNOWN,UNKNOWN,METADATA_ONLY,false,,,,,,false,3D+time microscopy | Trackastra | Ultrack | graph optimization cell tracking,false,UNKNOWN_NO_PAGE_SCORE_OBSERVED,discovered_in=4 visible query/sort occurrences; Code card score is dynamic and not bound to current GetKernel source or a submission
KAGGLE_CODE_SIDDHANTRAJHANS_CELL-TRACKING-FROM-SCRATCH,siddhantrajhans,Cell Tracking From Scratch,cell-tracking-from-scratch,https://www.kaggle.com/code/siddhantrajhans/cell-tracking-from-scratch,UNKNOWN,UNKNOWN,,,,,0,,KAGGLE_CODE_LIST_CARD_DYNAMIC,UNKNOWN,UNKNOWN,UNKNOWN,UNKNOWN,UNKNOWN,UNKNOWN,METADATA_ONLY,false,,,,,,false,OME-Zarr,false,UNKNOWN_NO_PAGE_SCORE_OBSERVED,discovered_in=1 visible query/sort occurrences; Code card score is dynamic and not bound to current GetKernel source or a submission
KAGGLE_CODE_SLEEPYMEGACAT_THE-METRIC-DECIDES-YOUR-ARCHITECTURE-8-MEASURED,sleepymegacat,The metric decides your architecture — 8 measured ,the-metric-decides-your-architecture-8-measured,https://www.kaggle.com/code/sleepymegacat/the-metric-decides-your-architecture-8-measured,UNKNOWN,UNKNOWN,,,,8,0,,KAGGLE_CODE_LIST_CARD_DYNAMIC,UNKNOWN,UNKNOWN,UNKNOWN,UNKNOWN,UNKNOWN,UNKNOWN,METADATA_ONLY,false,,,,,,false,adjusted edge jaccard,false,UNKNOWN_NO_PAGE_SCORE_OBSERVED,discovered_in=1 visible query/sort occurrences; Code card score is dynamic and not bound to current GetKernel source or a submission
KAGGLE_CODE_SONGOKU2005_BIOHUB,songoku2005,BIOHUB,biohub,https://www.kaggle.com/code/songoku2005/biohub,UNKNOWN,UNKNOWN,,,2d ago,,0,0.142,KAGGLE_CODE_LIST_CARD_DYNAMIC,UNKNOWN,UNKNOWN,UNKNOWN,UNKNOWN,UNKNOWN,UNKNOWN,METADATA_ONLY,false,,,,,,false,Ultrack,false,UNKNOWN_DYNAMIC_SCORE_UNBOUND_TO_SOURCE_VERSION,discovered_in=1 visible query/sort occurrences; Code card score is dynamic and not bound to current GetKernel source or a submission
KAGGLE_CODE_STEMOSAMAGHANDOUR_CELL-TRACKING-DURING-DEVELOP-BY-STEMER-ENGYCATION,stemosamaghandour,Cell Tracking During Develop  By STEMer engycation,cell-tracking-during-develop-by-stemer-engycation,https://www.kaggle.com/code/stemosamaghandour/cell-tracking-during-develop-by-stemer-engycation,UNKNOWN,UNKNOWN,,,,,0,,KAGGLE_CODE_LIST_CARD_DYNAMIC,UNKNOWN,UNKNOWN,UNKNOWN,UNKNOWN,UNKNOWN,UNKNOWN,METADATA_ONLY,false,,,,,,false,StarDist,false,UNKNOWN_NO_PAGE_SCORE_OBSERVED,discovered_in=1 visible query/sort occurrences; Code card score is dynamic and not bound to current GetKernel source or a submission
KAGGLE_CODE_STEPHENNEDUMPALLY_PLS-UPVOTE-SHARE-HIGHER-SCORING-IDEAS,stephennedumpally,pls upvote & share higher scoring ideas,pls-upvote-share-higher-scoring-ideas,https://www.kaggle.com/code/stephennedumpally/pls-upvote-share-higher-scoring-ideas,UNKNOWN,UNKNOWN,,,10d ago,57,1,0.931,KAGGLE_CODE_LIST_CARD_DYNAMIC,UNKNOWN,UNKNOWN,UNKNOWN,UNKNOWN,UNKNOWN,UNKNOWN,METADATA_ONLY,false,,,,,,false,division jaccard,false,UNKNOWN_DYNAMIC_SCORE_UNBOUND_TO_SOURCE_VERSION,discovered_in=1 visible query/sort occurrences; Code card score is dynamic and not bound to current GetKernel source or a submission
KAGGLE_CODE_TANGAI1_BIOHUB-C33-PUBLIC0933-V19-FALLBACK,tangai1,Biohub C33 Public0933 V19 Fallback,biohub-c33-public0933-v19-fallback,https://www.kaggle.com/code/tangai1/biohub-c33-public0933-v19-fallback,UNKNOWN,UNKNOWN,,,4d ago,,0,0.933,KAGGLE_CODE_LIST_CARD_DYNAMIC,UNKNOWN,UNKNOWN,UNKNOWN,UNKNOWN,UNKNOWN,UNKNOWN,METADATA_ONLY,false,,,,,,false,adjusted edge jaccard | zebrafish cell tracking,false,UNKNOWN_DYNAMIC_SCORE_UNBOUND_TO_SOURCE_VERSION,discovered_in=2 visible query/sort occurrences; Code card score is dynamic and not bound to current GetKernel source or a submission
KAGGLE_CODE_TANGAI1_BIOHUB-C35-FALLBACK-DETECTION-CLEANROOM-20260831,tangai1,biohub-c35-fallback-detection-cleanroom-20260831,biohub-c35-fallback-detection-cleanroom-20260831,https://www.kaggle.com/code/tangai1/biohub-c35-fallback-detection-cleanroom-20260831,UNKNOWN,UNKNOWN,,,3d ago,63,0,0.934,KAGGLE_CODE_LIST_CARD_DYNAMIC,UNKNOWN,UNKNOWN,UNKNOWN,UNKNOWN,UNKNOWN,UNKNOWN,METADATA_ONLY,false,,,,,,false,3D U-Net tracking | division jaccard | zebrafish cell tracking,false,UNKNOWN_DYNAMIC_SCORE_UNBOUND_TO_SOURCE_VERSION,discovered_in=3 visible query/sort occurrences; Code card score is dynamic and not bound to current GetKernel source or a submission
KAGGLE_CODE_TANGAI1_BIOHUB-CLEAN-FORWARD-LOOKAHEAD-V1,tangai1,Biohub Clean Forward Lookahead V1,biohub-clean-forward-lookahead-v1,https://www.kaggle.com/code/tangai1/biohub-clean-forward-lookahead-v1,UNKNOWN,UNKNOWN,,,25d ago,,0,0.915,KAGGLE_CODE_LIST_CARD_DYNAMIC,UNKNOWN,UNKNOWN,UNKNOWN,UNKNOWN,UNKNOWN,UNKNOWN,METADATA_ONLY,false,,,,,,false,OME-Zarr,false,UNKNOWN_DYNAMIC_SCORE_UNBOUND_TO_SOURCE_VERSION,discovered_in=1 visible query/sort occurrences; Code card score is dynamic and not bound to current GetKernel source or a submission
KAGGLE_CODE_TANGAI1_BIOHUB-CLEAN-JOINT-RECALL-RESCUE-V1,tangai1,Biohub Clean Joint Recall Rescue V1,biohub-clean-joint-recall-rescue-v1,https://www.kaggle.com/code/tangai1/biohub-clean-joint-recall-rescue-v1,UNKNOWN,UNKNOWN,,,25d ago,,0,0.915,KAGGLE_CODE_LIST_CARD_DYNAMIC,UNKNOWN,UNKNOWN,UNKNOWN,UNKNOWN,UNKNOWN,UNKNOWN,METADATA_ONLY,false,,,,,,false,OME-Zarr | adjusted edge jaccard,false,UNKNOWN_DYNAMIC_SCORE_UNBOUND_TO_SOURCE_VERSION,discovered_in=2 visible query/sort occurrences; Code card score is dynamic and not bound to current GetKernel source or a submission
KAGGLE_CODE_TANGAI1_BIOHUB-STABLE-CONTROL-V3,tangai1,Biohub Stable Control V3,biohub-stable-control-v3,https://www.kaggle.com/code/tangai1/biohub-stable-control-v3,UNKNOWN,UNKNOWN,,,23d ago,,0,0.915,KAGGLE_CODE_LIST_CARD_DYNAMIC,UNKNOWN,UNKNOWN,UNKNOWN,UNKNOWN,UNKNOWN,UNKNOWN,METADATA_ONLY,false,,,,,,false,OME-Zarr,false,UNKNOWN_DYNAMIC_SCORE_UNBOUND_TO_SOURCE_VERSION,discovered_in=1 visible query/sort occurrences; Code card score is dynamic and not bound to current GetKernel source or a submission
KAGGLE_CODE_THARUNKUMAR369_BIOHUB-CELL-TRACKING-LINEAGE-SUBMISSION,tharunkumar369,Biohub Cell Tracking Lineage Submission,biohub-cell-tracking-lineage-submission,https://www.kaggle.com/code/tharunkumar369/biohub-cell-tracking-lineage-submission,UNKNOWN,UNKNOWN,,,17h ago,,0,0.391,KAGGLE_CODE_LIST_CARD_DYNAMIC,UNKNOWN,UNKNOWN,UNKNOWN,UNKNOWN,UNKNOWN,UNKNOWN,METADATA_ONLY,false,,,,,,false,Hotness,false,UNKNOWN_DYNAMIC_SCORE_UNBOUND_TO_SOURCE_VERSION,discovered_in=1 visible query/sort occurrences; Code card score is dynamic and not bound to current GetKernel source or a submission
KAGGLE_CODE_THEONE0121_BEYOND-CELL-TRACKING-UNDERSTANDING-EMBRYO-DYNAMIC,theone0121,Beyond Cell Tracking: Understanding Embryo Dynamic,beyond-cell-tracking-understanding-embryo-dynamic,https://www.kaggle.com/code/theone0121/beyond-cell-tracking-understanding-embryo-dynamic,UNKNOWN,UNKNOWN,,,,,0,,KAGGLE_CODE_LIST_CARD_DYNAMIC,UNKNOWN,UNKNOWN,UNKNOWN,UNKNOWN,UNKNOWN,UNKNOWN,METADATA_ONLY,false,,,,,,false,3D+time microscopy,false,UNKNOWN_NO_PAGE_SCORE_OBSERVED,discovered_in=1 visible query/sort occurrences; Code card score is dynamic and not bound to current GetKernel source or a submission
KAGGLE_CODE_THIBAUTGOLDSBOROUGH_UNET-BASELINE-INFERENCE-SUBMISSION,thibautgoldsborough,UNet baseline - inference & submission,unet-baseline-inference-submission,https://www.kaggle.com/code/thibautgoldsborough/unet-baseline-inference-submission,1,UNKNOWN,,,,85,0,,KAGGLE_CODE_LIST_CARD_DYNAMIC,NvidiaTeslaT4,NOT_VERIFIED_OUTPUTS_EMPTY,false,competitions | datasets,/kaggle/working/repo | submission.csv,UNKNOWN_NOT_EXPOSED,FULL_NOTEBOOK_SOURCE_READ,false,a712fae47070c43e00341202c7a0ffa7b584af25d435dd4afe46d952f4a54978,8574,6,5,0,true,GEFF | cell division tracking | tracksdata | transformer cell tracking,false,UNKNOWN_NO_PAGE_SCORE_OBSERVED,discovered_in=4 visible query/sort occurrences; Code card score is dynamic and not bound to current GetKernel source or a submission; all 5 code cells hashed and semantically scanned; OUTPUTS_CLEARED_OR_ABSENT_IN_GETKERNEL_SOURCE; UNKNOWN_NOT_EXPOSED_BY_CURRENT_GETKERNEL_RESPONSE; UNKNOWN_API_LAST_RUN_TIME_FIELD_ANOMALOUS_REQUEST_CADENCE_MINUS_3_DAYS
KAGGLE_CODE_TOM99763_TRACKSDATA-TUTORIAL-EVALUATION-MOCK-TESTS,tom99763,tracksdata Tutorial & Evaluation Mock Tests,tracksdata-tutorial-evaluation-mock-tests,https://www.kaggle.com/code/tom99763/tracksdata-tutorial-evaluation-mock-tests,UNKNOWN,UNKNOWN,,,,16,0,,KAGGLE_CODE_LIST_CARD_DYNAMIC,UNKNOWN,UNKNOWN,UNKNOWN,UNKNOWN,UNKNOWN,UNKNOWN,METADATA_ONLY,false,,,,,,false,OME-Zarr | adjusted edge jaccard | tracksdata | zebrafish cell tracking,false,UNKNOWN_NO_PAGE_SCORE_OBSERVED,discovered_in=4 visible query/sort occurrences; Code card score is dynamic and not bound to current GetKernel source or a submission
KAGGLE_CODE_TOMAKO4390_BIOHUB-948-BASELINE-REPRO,tomako4390,biohub-948-baseline-repro,biohub-948-baseline-repro,https://www.kaggle.com/code/tomako4390/biohub-948-baseline-repro,UNKNOWN,UNKNOWN,,,1d ago,,0,0.935,KAGGLE_CODE_LIST_CARD_DYNAMIC,UNKNOWN,UNKNOWN,UNKNOWN,UNKNOWN,UNKNOWN,UNKNOWN,METADATA_ONLY,false,,,,,,false,Hotness | Recently Created,false,UNKNOWN_DYNAMIC_SCORE_UNBOUND_TO_SOURCE_VERSION,discovered_in=2 visible query/sort occurrences; Code card score is dynamic and not bound to current GetKernel source or a submission
KAGGLE_CODE_TOMASA2_BIOHUB-WHAT-WORKED-AND-WHAT-DIDNT-FOR-ME,tomasa2,Biohub what worked and what didnt for me  ,biohub-what-worked-and-what-didnt-for-me,https://www.kaggle.com/code/tomasa2/biohub-what-worked-and-what-didnt-for-me,UNKNOWN,UNKNOWN,,,1mo ago,14,0,0.841,KAGGLE_CODE_LIST_CARD_DYNAMIC,UNKNOWN,UNKNOWN,UNKNOWN,UNKNOWN,UNKNOWN,UNKNOWN,METADATA_ONLY,false,,,,,,false,adjusted edge jaccard,false,UNKNOWN_DYNAMIC_SCORE_UNBOUND_TO_SOURCE_VERSION,discovered_in=1 visible query/sort occurrences; Code card score is dynamic and not bound to current GetKernel source or a submission
KAGGLE_CODE_TOMASA2_WHAT-I-MEASURED-AND-WHAT-I-GOT-WRONG,tomasa2,"What I measured, and what I got wrong",what-i-measured-and-what-i-got-wrong,https://www.kaggle.com/code/tomasa2/what-i-measured-and-what-i-got-wrong,UNKNOWN,UNKNOWN,,,,,0,,KAGGLE_CODE_LIST_CARD_DYNAMIC,UNKNOWN,UNKNOWN,UNKNOWN,UNKNOWN,UNKNOWN,UNKNOWN,METADATA_ONLY,false,,,,,,false,Ultrack,false,UNKNOWN_NO_PAGE_SCORE_OBSERVED,discovered_in=1 visible query/sort occurrences; Code card score is dynamic and not bound to current GetKernel source or a submission
KAGGLE_CODE_UDITJAIN13_0-893-LB-BEST-SCORE-FULL-CODE-EXPLAINED,uditjain13,[0.893 LB] Best Score - Full Code + Explained,0-893-lb-best-score-full-code-explained,https://www.kaggle.com/code/uditjain13/0-893-lb-best-score-full-code-explained,UNKNOWN,UNKNOWN,,,2mo ago,,0,0.893,KAGGLE_CODE_LIST_CARD_DYNAMIC,UNKNOWN,UNKNOWN,UNKNOWN,UNKNOWN,UNKNOWN,UNKNOWN,METADATA_ONLY,false,,,,,,false,3D+time microscopy | graph optimization cell tracking | zebrafish cell tracking,false,UNKNOWN_DYNAMIC_SCORE_UNBOUND_TO_SOURCE_VERSION,discovered_in=3 visible query/sort occurrences; Code card score is dynamic and not bound to current GetKernel source or a submission
KAGGLE_CODE_WANDERWAAL_BIOHUB-SUBMISSION-CLASSICAL-IMPROVED,wanderwaal,biohub_submission_classical_improved,biohub-submission-classical-improved,https://www.kaggle.com/code/wanderwaal/biohub-submission-classical-improved,UNKNOWN,UNKNOWN,,,2mo ago,,0,0.842,KAGGLE_CODE_LIST_CARD_DYNAMIC,UNKNOWN,UNKNOWN,UNKNOWN,UNKNOWN,UNKNOWN,UNKNOWN,METADATA_ONLY,false,,,,,,false,Cellpose | StarDist,false,UNKNOWN_DYNAMIC_SCORE_UNBOUND_TO_SOURCE_VERSION,discovered_in=2 visible query/sort occurrences; Code card score is dynamic and not bound to current GetKernel source or a submission
KAGGLE_CODE_WUWENMIN_BIOHUB-C33-0933-EXACT-REPRO,wuwenmin,Biohub C33 0933 Exact Repro,biohub-c33-0933-exact-repro,https://www.kaggle.com/code/wuwenmin/biohub-c33-0933-exact-repro,UNKNOWN,UNKNOWN,,,3d ago,,0,0.933,KAGGLE_CODE_LIST_CARD_DYNAMIC,UNKNOWN,UNKNOWN,UNKNOWN,UNKNOWN,UNKNOWN,UNKNOWN,METADATA_ONLY,false,,,,,,false,adjusted edge jaccard | zebrafish cell tracking,false,UNKNOWN_DYNAMIC_SCORE_UNBOUND_TO_SOURCE_VERSION,discovered_in=2 visible query/sort occurrences; Code card score is dynamic and not bound to current GetKernel source or a submission
KAGGLE_CODE_XAXIPIRULAZO_MITOSIS-VISUALIZATION,xaxipirulazo,Mitosis Visualization,mitosis-visualization,https://www.kaggle.com/code/xaxipirulazo/mitosis-visualization,UNKNOWN,UNKNOWN,,,,13,0,,KAGGLE_CODE_LIST_CARD_DYNAMIC,UNKNOWN,UNKNOWN,UNKNOWN,UNKNOWN,UNKNOWN,UNKNOWN,METADATA_ONLY,false,,,,,,false,Ultrack,false,UNKNOWN_NO_PAGE_SCORE_OBSERVED,discovered_in=1 visible query/sort occurrences; Code card score is dynamic and not bound to current GetKernel source or a submission
KAGGLE_CODE_XIAOLEILIAN_BIOHUB-CELL-TRACKING-3D-U-NET,xiaoleilian,Biohub Cell Tracking - 3D U-Net,biohub-cell-tracking-3d-u-net,https://www.kaggle.com/code/xiaoleilian/biohub-cell-tracking-3d-u-net,15,UNKNOWN,,,2mo ago,53,0,0.843,KAGGLE_CODE_LIST_CARD_DYNAMIC,NvidiaTeslaT4,NOT_VERIFIED_OUTPUTS_EMPTY,false,biohub-cell-tracking-during-development | biohub-unet3d-weights | competitions,submission.csv,UNKNOWN_NOT_EXPOSED,FULL_NOTEBOOK_SOURCE_READ,false,fb615ee1b5e60867781ed0d3c57d5c0d8ca9993096bae8265ab509ffb1ad854f,17133,5,4,0,true,3D U-Net tracking | 3D cell tracking | biohub cell tracking,false,UNKNOWN_DYNAMIC_SCORE_UNBOUND_TO_SOURCE_VERSION,discovered_in=3 visible query/sort occurrences; Code card score is dynamic and not bound to current GetKernel source or a submission; all 4 code cells hashed and semantically scanned; OUTPUTS_CLEARED_OR_ABSENT_IN_GETKERNEL_SOURCE; UNKNOWN_NOT_EXPOSED_BY_CURRENT_GETKERNEL_RESPONSE; UNKNOWN_API_LAST_RUN_TIME_FIELD_ANOMALOUS_REQUEST_CADENCE_MINUS_3_DAYS
KAGGLE_CODE_XIAOLEILIAN_BIOHUB-CELL-TRACKING-3D-U-NET-BRIGHTNESS-AUG,xiaoleilian,Biohub Cell Tracking - 3D U-Net (brightness-aug),biohub-cell-tracking-3d-u-net-brightness-aug,https://www.kaggle.com/code/xiaoleilian/biohub-cell-tracking-3d-u-net-brightness-aug,UNKNOWN,UNKNOWN,,,2mo ago,6,0,0.856,KAGGLE_CODE_LIST_CARD_DYNAMIC,UNKNOWN,UNKNOWN,UNKNOWN,UNKNOWN,UNKNOWN,UNKNOWN,METADATA_ONLY,false,,,,,,false,3D U-Net tracking,false,UNKNOWN_DYNAMIC_SCORE_UNBOUND_TO_SOURCE_VERSION,discovered_in=1 visible query/sort occurrences; Code card score is dynamic and not bound to current GetKernel source or a submission
KAGGLE_CODE_XIAOLEILIAN_BIOHUB-CELL-TRACKING-3D-U-NET-ENSEMBLE,xiaoleilian,Biohub Cell Tracking - 3D U-Net Ensemble,biohub-cell-tracking-3d-u-net-ensemble,https://www.kaggle.com/code/xiaoleilian/biohub-cell-tracking-3d-u-net-ensemble,UNKNOWN,UNKNOWN,,,2mo ago,,0,0.852,KAGGLE_CODE_LIST_CARD_DYNAMIC,UNKNOWN,UNKNOWN,UNKNOWN,UNKNOWN,UNKNOWN,UNKNOWN,METADATA_ONLY,false,,,,,,false,3D U-Net tracking,false,UNKNOWN_DYNAMIC_SCORE_UNBOUND_TO_SOURCE_VERSION,discovered_in=1 visible query/sort occurrences; Code card score is dynamic and not bound to current GetKernel source or a submission
KAGGLE_CODE_XIAOLEILIAN_BIOHUB-CELL-TRACKING-3D-U-NET-TRAINING,xiaoleilian,Biohub Cell Tracking - 3D U-Net (Training),biohub-cell-tracking-3d-u-net-training,https://www.kaggle.com/code/xiaoleilian/biohub-cell-tracking-3d-u-net-training,UNKNOWN,UNKNOWN,,,,21,0,,KAGGLE_CODE_LIST_CARD_DYNAMIC,UNKNOWN,UNKNOWN,UNKNOWN,UNKNOWN,UNKNOWN,UNKNOWN,METADATA_ONLY,false,,,,,,false,3D U-Net tracking | 3D cell tracking,false,UNKNOWN_NO_PAGE_SCORE_OBSERVED,discovered_in=2 visible query/sort occurrences; Code card score is dynamic and not bound to current GetKernel source or a submission
KAGGLE_CODE_XIAOLEILIAN_BIOHUB-CELL-TRACKING-CLASSICAL-BASELINE,xiaoleilian,Biohub Cell Tracking - Classical Baseline,biohub-cell-tracking-classical-baseline,https://www.kaggle.com/code/xiaoleilian/biohub-cell-tracking-classical-baseline,10,UNKNOWN,,,2mo ago,74,1,0.763,KAGGLE_CODE_LIST_CARD_DYNAMIC,None,NOT_VERIFIED_OUTPUTS_EMPTY,false,biohub-cell-tracking-during-development | competitions,submission.csv,UNKNOWN_NOT_EXPOSED,FULL_NOTEBOOK_SOURCE_READ,false,ef193c8cd86c7faa7f5e9240b4ef72b8e5f3e8fbec3e8ba871ba0d8bd087e088,28077,10,10,0,true,3D U-Net tracking | 3D cell tracking | biohub cell tracking | cell division tracking | division jaccard,false,UNKNOWN_DYNAMIC_SCORE_UNBOUND_TO_SOURCE_VERSION,discovered_in=5 visible query/sort occurrences; Code card score is dynamic and not bound to current GetKernel source or a submission; all 10 code cells hashed and semantically scanned; OUTPUTS_CLEARED_OR_ABSENT_IN_GETKERNEL_SOURCE; UNKNOWN_NOT_EXPOSED_BY_CURRENT_GETKERNEL_RESPONSE; UNKNOWN_API_LAST_RUN_TIME_FIELD_ANOMALOUS_REQUEST_CADENCE_MINUS_3_DAYS
KAGGLE_CODE_XIAOLEILIAN_BIOHUB-CT-MIX-DIVAUG,xiaoleilian,biohub ct mix divaug,biohub-ct-mix-divaug,https://www.kaggle.com/code/xiaoleilian/biohub-ct-mix-divaug,1,UNKNOWN,,,1mo ago,245,1,0.884,KAGGLE_CODE_LIST_CARD_DYNAMIC,NvidiaTeslaT4,NOT_VERIFIED_OUTPUTS_EMPTY,false,biohub-cell-tracking-during-development | biohub-unet3d-weights | competitions,submission.csv,UNKNOWN_NOT_EXPOSED,FULL_NOTEBOOK_SOURCE_READ,false,79ad705f1fff83612bd9b6770be87657a90697d40bd086531059cb4dbb3b9cad,20142,1,4,0,true,3D U-Net tracking | 3D cell tracking | Most Votes | biohub cell tracking | biohub-cell-tracking-during-development | cell division tracking,false,UNKNOWN_DYNAMIC_SCORE_UNBOUND_TO_SOURCE_VERSION,discovered_in=6 visible query/sort occurrences; Code card score is dynamic and not bound to current GetKernel source or a submission; all 4 code cells hashed and semantically scanned; OUTPUTS_CLEARED_OR_ABSENT_IN_GETKERNEL_SOURCE; UNKNOWN_NOT_EXPOSED_BY_CURRENT_GETKERNEL_RESPONSE; UNKNOWN_API_LAST_RUN_TIME_FIELD_ANOMALOUS_REQUEST_CADENCE_MINUS_3_DAYS
KAGGLE_CODE_XIAOLEILIAN_BIOHUB-M001-ENS3-SM6-SIM2,xiaoleilian,Biohub M001 ens3 sm6 sim2,biohub-m001-ens3-sm6-sim2,https://www.kaggle.com/code/xiaoleilian/biohub-m001-ens3-sm6-sim2,UNKNOWN,UNKNOWN,,,20d ago,70,3,0.917,KAGGLE_CODE_LIST_CARD_DYNAMIC,UNKNOWN,UNKNOWN,UNKNOWN,UNKNOWN,UNKNOWN,UNKNOWN,METADATA_ONLY,false,,,,,,false,3D U-Net tracking | 3D cell tracking,false,UNKNOWN_DYNAMIC_SCORE_UNBOUND_TO_SOURCE_VERSION,discovered_in=2 visible query/sort occurrences; Code card score is dynamic and not bound to current GetKernel source or a submission
KAGGLE_CODE_YAROSLAVKHOLMIRZAYEV_BIOHUB-CELL-TRACKING-V4-UNET-ILP-REPRODUCTION,yaroslavkholmirzayev,Biohub Cell Tracking V4 UNet ILP Reproduction,biohub-cell-tracking-v4-unet-ilp-reproduction,https://www.kaggle.com/code/yaroslavkholmirzayev/biohub-cell-tracking-v4-unet-ilp-reproduction,13,UNKNOWN,,,2mo ago,131,0,0.896,KAGGLE_CODE_LIST_CARD_DYNAMIC,NvidiaTeslaT4,NOT_VERIFIED_OUTPUTS_EMPTY,false,competitions | datasets,/kaggle/working/wheels | submission.csv,UNKNOWN_NOT_EXPOSED,FULL_NOTEBOOK_SOURCE_READ,false,47dc8cb23a21e712ef7d6237282466a8fc88e78f272a21e1649bd854534ea33d,97908,6,5,0,true,3D cell tracking | GEFF | Most Votes | biohub cell tracking | biohub-cell-tracking-during-development | cell division tracking | tracksdata,false,UNKNOWN_DYNAMIC_SCORE_UNBOUND_TO_SOURCE_VERSION,discovered_in=7 visible query/sort occurrences; Code card score is dynamic and not bound to current GetKernel source or a submission; all 5 code cells hashed and semantically scanned; OUTPUTS_CLEARED_OR_ABSENT_IN_GETKERNEL_SOURCE; UNKNOWN_NOT_EXPOSED_BY_CURRENT_GETKERNEL_RESPONSE; UNKNOWN_API_LAST_RUN_TIME_FIELD_ANOMALOUS_REQUEST_CADENCE_MINUS_3_DAYS
KAGGLE_CODE_YILIU6111_BIOHUB-PILKWANG-T4-FORK,yiliu6111,Biohub Pilkwang T4 Fork,biohub-pilkwang-t4-fork,https://www.kaggle.com/code/yiliu6111/biohub-pilkwang-t4-fork,UNKNOWN,UNKNOWN,,,1mo ago,,0,0.887,KAGGLE_CODE_LIST_CARD_DYNAMIC,UNKNOWN,UNKNOWN,UNKNOWN,UNKNOWN,UNKNOWN,UNKNOWN,METADATA_ONLY,false,,,,,,false,graph optimization cell tracking,false,UNKNOWN_DYNAMIC_SCORE_UNBOUND_TO_SOURCE_VERSION,discovered_in=1 visible query/sort occurrences; Code card score is dynamic and not bound to current GetKernel source or a submission
KAGGLE_CODE_YOIKOARMOR_BIOHUB-MODULAR-LAST-CALL-TURNED,yoikoarmor,Biohub Modular Last Call-Turned,biohub-modular-last-call-turned,https://www.kaggle.com/code/yoikoarmor/biohub-modular-last-call-turned,UNKNOWN,UNKNOWN,,,1mo ago,65,0,0.883,KAGGLE_CODE_LIST_CARD_DYNAMIC,UNKNOWN,UNKNOWN,UNKNOWN,UNKNOWN,UNKNOWN,UNKNOWN,METADATA_ONLY,false,,,,,,false,cell division tracking | tracksdata,false,UNKNOWN_DYNAMIC_SCORE_UNBOUND_TO_SOURCE_VERSION,discovered_in=2 visible query/sort occurrences; Code card score is dynamic and not bound to current GetKernel source or a submission
KAGGLE_CODE_YUKI16_BIOHUB-CTDD-LOG-DETECTION-HUNGARIAN-TRACKER,yuki16,Biohub_CTDD_LoG_Detection_Hungarian_Tracker,biohub-ctdd-log-detection-hungarian-tracker,https://www.kaggle.com/code/yuki16/biohub-ctdd-log-detection-hungarian-tracker,UNKNOWN,UNKNOWN,,,2mo ago,,0,0.655,KAGGLE_CODE_LIST_CARD_DYNAMIC,UNKNOWN,UNKNOWN,UNKNOWN,UNKNOWN,UNKNOWN,UNKNOWN,METADATA_ONLY,false,,,,,,false,StarDist | Trackastra | Ultrack,false,UNKNOWN_DYNAMIC_SCORE_UNBOUND_TO_SOURCE_VERSION,discovered_in=3 visible query/sort occurrences; Code card score is dynamic and not bound to current GetKernel source or a submission
KAGGLE_CODE_YUNUSGMSOY_KIMI-NOTEBOOK-V17,yunusgmsoy,Kimi Notebook v17,kimi-notebook-v17,https://www.kaggle.com/code/yunusgmsoy/kimi-notebook-v17,UNKNOWN,UNKNOWN,,,12d ago,112,0,0.923,KAGGLE_CODE_LIST_CARD_DYNAMIC,UNKNOWN,UNKNOWN,UNKNOWN,UNKNOWN,UNKNOWN,UNKNOWN,METADATA_ONLY,false,,,,,,false,GEFF | Most Votes | biohub-cell-tracking-during-development | cell division tracking | cell lineage reconstruction | division jaccard | tracksdata | transformer cell tracking,false,UNKNOWN_DYNAMIC_SCORE_UNBOUND_TO_SOURCE_VERSION,discovered_in=8 visible query/sort occurrences; Code card score is dynamic and not bound to current GetKernel source or a submission
KAGGLE_CODE_YUNUSGMSOY_KIMI-NOTEBOOK-V18,yunusgmsoy,Kimi Notebook v18,kimi-notebook-v18,https://www.kaggle.com/code/yunusgmsoy/kimi-notebook-v18,UNKNOWN,UNKNOWN,,,8d ago,41,0,0.936,KAGGLE_CODE_LIST_CARD_DYNAMIC,UNKNOWN,UNKNOWN,UNKNOWN,UNKNOWN,UNKNOWN,UNKNOWN,METADATA_ONLY,false,,,,,,false,Hotness | Public Score | cell lineage reconstruction | division jaccard,false,UNKNOWN_DYNAMIC_SCORE_UNBOUND_TO_SOURCE_VERSION,discovered_in=4 visible query/sort occurrences; Code card score is dynamic and not bound to current GetKernel source or a submission
KAGGLE_CODE_YUNUSGMSOY_KIMI-NOTEBOOK-V19,yunusgmsoy,Kimi Notebook v19,kimi-notebook-v19,https://www.kaggle.com/code/yunusgmsoy/kimi-notebook-v19,19,UNKNOWN,,,4d ago,13,0,0.938,KAGGLE_CODE_LIST_CARD_DYNAMIC,NvidiaTeslaT4,NOT_VERIFIED_OUTPUTS_EMPTY,false,biohub-deepcenter-unet3d-center-prior-v1 | competitions | datasets,/kaggle/working/dual_seed_frame_retention_guard_report.json | /kaggle/working/submission.csv | /kaggle/working/wheels | submission.csv,UNKNOWN_NOT_EXPOSED,FULL_NOTEBOOK_SOURCE_READ,false,93937e6991b4a11579b0a30f448075bd914b3f3698452a5f4a16affc3eec119b,214729,1,10,0,true,Hotness | Public Score | cell lineage reconstruction,false,UNKNOWN_DYNAMIC_SCORE_UNBOUND_TO_SOURCE_VERSION,discovered_in=3 visible query/sort occurrences; Code card score is dynamic and not bound to current GetKernel source or a submission; all 10 code cells hashed and semantically scanned; OUTPUTS_CLEARED_OR_ABSENT_IN_GETKERNEL_SOURCE; UNKNOWN_NOT_EXPOSED_BY_CURRENT_GETKERNEL_RESPONSE; UNKNOWN_API_LAST_RUN_TIME_FIELD_ANOMALOUS_REQUEST_CADENCE_MINUS_3_DAYS
KAGGLE_CODE_YUNUSGMSOY_LB-0-920-BIOHUB-CELL-TRACKING-V17,yunusgmsoy,[LB-0.920]biohub_cell_tracking_v17,lb-0-920-biohub-cell-tracking-v17,https://www.kaggle.com/code/yunusgmsoy/lb-0-920-biohub-cell-tracking-v17,UNKNOWN,UNKNOWN,,,13d ago,30,0,0.92,KAGGLE_CODE_LIST_CARD_DYNAMIC,UNKNOWN,UNKNOWN,UNKNOWN,UNKNOWN,UNKNOWN,UNKNOWN,METADATA_ONLY,false,,,,,,false,cell lineage reconstruction,false,UNKNOWN_DYNAMIC_SCORE_UNBOUND_TO_SOURCE_VERSION,discovered_in=1 visible query/sort occurrences; Code card score is dynamic and not bound to current GetKernel source or a submission
KAGGLE_CODE_YUSUKETOGASHI_CLEAN-APPROACH-LIGHTWEIGHT-LOCAL-CV-NO-HACK,yusuketogashi,🧬Clean Approach + Lightweight Local CV | No Hack,clean-approach-lightweight-local-cv-no-hack,https://www.kaggle.com/code/yusuketogashi/clean-approach-lightweight-local-cv-no-hack,106,UNKNOWN,,,1mo ago,200,0,0.908,KAGGLE_CODE_LIST_CARD_DYNAMIC,NvidiaTeslaT4,NOT_VERIFIED_OUTPUTS_EMPTY,false,biohub-deepcenter-unet3d-center-prior-v1 | competitions | datasets,/kaggle/working/submission.csv | submission.csv,UNKNOWN_NOT_EXPOSED,FULL_NOTEBOOK_SOURCE_READ,false,b754eaffca194e1b1ebbf5aa6471016996313eea1f18af4ff94316df749a2684,165239,11,9,0,true,3D cell tracking | 3D+time microscopy | GEFF | Most Votes | biohub cell tracking | biohub-cell-tracking-during-development | cell division tracking | tracksdata | transformer cell tracking,false,UNKNOWN_DYNAMIC_SCORE_UNBOUND_TO_SOURCE_VERSION,discovered_in=9 visible query/sort occurrences; Code card score is dynamic and not bound to current GetKernel source or a submission; all 9 code cells hashed and semantically scanned; OUTPUTS_CLEARED_OR_ABSENT_IN_GETKERNEL_SOURCE; UNKNOWN_NOT_EXPOSED_BY_CURRENT_GETKERNEL_RESPONSE; UNKNOWN_API_LAST_RUN_TIME_FIELD_ANOMALOUS_REQUEST_CADENCE_MINUS_3_DAYS
KAGGLE_CODE_YUSUKETOGASHI_LB897-BASELINE,yusuketogashi,🧬LB897  BaseLine,lb897-baseline,https://www.kaggle.com/code/yusuketogashi/lb897-baseline,49,UNKNOWN,,,2mo ago,161,0,0.896,KAGGLE_CODE_LIST_CARD_DYNAMIC,NvidiaTeslaT4,NOT_VERIFIED_OUTPUTS_EMPTY,false,competitions | datasets,/kaggle/working/wheels | submission.csv,UNKNOWN_NOT_EXPOSED,FULL_NOTEBOOK_SOURCE_READ,false,c4d75190ba336623a01f42a239bfb8a915f547d3606aa29a7d666893bf83f087,106920,8,10,0,true,GEFF | Most Votes | biohub cell tracking | biohub-cell-tracking-during-development | cell division tracking | tracksdata | transformer cell tracking,false,UNKNOWN_DYNAMIC_SCORE_UNBOUND_TO_SOURCE_VERSION,discovered_in=7 visible query/sort occurrences; Code card score is dynamic and not bound to current GetKernel source or a submission; all 10 code cells hashed and semantically scanned; OUTPUTS_CLEARED_OR_ABSENT_IN_GETKERNEL_SOURCE; UNKNOWN_NOT_EXPOSED_BY_CURRENT_GETKERNEL_RESPONSE; UNKNOWN_API_LAST_RUN_TIME_FIELD_ANOMALOUS_REQUEST_CADENCE_MINUS_3_DAYS
KAGGLE_CODE_YUSUKETOGASHI_NO-HACK-BIOHUB-CELL-ANOTHER-APPROCH-3RD,yusuketogashi,No-Hack | Biohub Cell Another Approch 3rd,no-hack-biohub-cell-another-approch-3rd,https://www.kaggle.com/code/yusuketogashi/no-hack-biohub-cell-another-approch-3rd,UNKNOWN,UNKNOWN,,,1mo ago,150,0,0.915,KAGGLE_CODE_LIST_CARD_DYNAMIC,UNKNOWN,UNKNOWN,UNKNOWN,UNKNOWN,UNKNOWN,UNKNOWN,METADATA_ONLY,false,,,,,,false,GEFF | Most Votes | OME-Zarr | adjusted edge jaccard | biohub cell tracking | biohub-cell-tracking-during-development | cell lineage reconstruction | division jaccard | tracksdata,false,UNKNOWN_DYNAMIC_SCORE_UNBOUND_TO_SOURCE_VERSION,discovered_in=9 visible query/sort occurrences; Code card score is dynamic and not bound to current GetKernel source or a submission
