source_id,owner_repo,url,description,relation_to_competition,stars,forks,default_branch,latest_commit_sha,latest_commit_date,license,archived,file_count,read_status,files_actually_read,evidence_path,notes
GH-DISCOVERY-AbigailMcGovern__CTC-data-wrangling,AbigailMcGovern/CTC-data-wrangling,https://github.com/AbigailMcGovern/CTC-data-wrangling,Search-result repository title/link only,SEARCH_DISCOVERY_NOT_DEEP_READ,,,,,,NOT_CHECKED,NOT_CHECKED,,TITLE_SNIPPET_ONLY,,research/20260903_BIOHUB_CELL_PUBLIC_RECON_V01/staging/github_ecosystem/evidence/search_query_pages.json,queries=GH-RS-009; no README/source claim; GitHub owner/repo identifier is stored in owner_repo.
GH-DISCOVERY-Adisaok__biohub-cell-tracking,Adisaok/biohub-cell-tracking,https://github.com/Adisaok/biohub-cell-tracking,Search-result repository title/link only,SEARCH_DISCOVERY_NOT_DEEP_READ,,,,,,NOT_CHECKED,NOT_CHECKED,,TITLE_SNIPPET_ONLY,,research/20260903_BIOHUB_CELL_PUBLIC_RECON_V01/staging/github_ecosystem/evidence/search_query_pages.json,queries=GH-RS-002; no README/source claim; GitHub owner/repo identifier is stored in owner_repo.
GH-DISCOVERY-adrianomartinelli__kaggle-cell-tracking-competition,adrianomartinelli/kaggle-cell-tracking-competition,https://github.com/adrianomartinelli/kaggle-cell-tracking-competition,Search-result repository title/link only,SEARCH_DISCOVERY_NOT_DEEP_READ,,,,,,NOT_CHECKED,NOT_CHECKED,,TITLE_SNIPPET_ONLY,,research/20260903_BIOHUB_CELL_PUBLIC_RECON_V01/staging/github_ecosystem/evidence/search_query_pages.json,queries=GH-CODE-FIRST-PAGE-RELEVANT; no README/source claim; GitHub owner/repo identifier is stored in owner_repo.
GH-DISCOVERY-AgostinhoS__KAGGLE---Biohub-Cell-Tracking,AgostinhoS/KAGGLE---Biohub-Cell-Tracking,https://github.com/AgostinhoS/KAGGLE---Biohub-Cell-Tracking,Search-result repository title/link only,SEARCH_DISCOVERY_NOT_DEEP_READ,,,,,,NOT_CHECKED,NOT_CHECKED,,TITLE_SNIPPET_ONLY,,research/20260903_BIOHUB_CELL_PUBLIC_RECON_V01/staging/github_ecosystem/evidence/search_query_pages.json,queries=GH-RS-002;GH-RS-003; no README/source claim; GitHub owner/repo identifier is stored in owner_repo.
GH-DISCOVERY-AkilsuryaS__Kaggle-Biohub,AkilsuryaS/Kaggle-Biohub,https://github.com/AkilsuryaS/Kaggle-Biohub,Search-result repository title/link only,SEARCH_DISCOVERY_NOT_DEEP_READ,,,,,,NOT_CHECKED,NOT_CHECKED,,TITLE_SNIPPET_ONLY,,research/20260903_BIOHUB_CELL_PUBLIC_RECON_V01/staging/github_ecosystem/evidence/search_query_pages.json,queries=GH-RS-010; no README/source claim; GitHub owner/repo identifier is stored in owner_repo.
GH-DISCOVERY-amirfaraji__CellTracking,amirfaraji/CellTracking,https://github.com/amirfaraji/CellTracking,Search-result repository title/link only,SEARCH_DISCOVERY_NOT_DEEP_READ,,,,,,NOT_CHECKED,NOT_CHECKED,,TITLE_SNIPPET_ONLY,,research/20260903_BIOHUB_CELL_PUBLIC_RECON_V01/staging/github_ecosystem/evidence/search_query_pages.json,queries=GH-RS-009; no README/source claim; GitHub owner/repo identifier is stored in owner_repo.
GH-DISCOVERY-Amit-Brilant__cell-segmentation-byol-unet,Amit-Brilant/cell-segmentation-byol-unet,https://github.com/Amit-Brilant/cell-segmentation-byol-unet,Search-result repository title/link only,SEARCH_DISCOVERY_NOT_DEEP_READ,,,,,,NOT_CHECKED,NOT_CHECKED,,TITLE_SNIPPET_ONLY,,research/20260903_BIOHUB_CELL_PUBLIC_RECON_V01/staging/github_ecosystem/evidence/search_query_pages.json,queries=GH-RS-009; no README/source claim; GitHub owner/repo identifier is stored in owner_repo.
GH-DISCOVERY-AndreDon0__Biohub---Cell-Tracking-During-Development-Solution,AndreDon0/Biohub---Cell-Tracking-During-Development-Solution,https://github.com/AndreDon0/Biohub---Cell-Tracking-During-Development-Solution,Search-result repository title/link only,SEARCH_DISCOVERY_NOT_DEEP_READ,,,,,,NOT_CHECKED,NOT_CHECKED,,TITLE_SNIPPET_ONLY,,research/20260903_BIOHUB_CELL_PUBLIC_RECON_V01/staging/github_ecosystem/evidence/search_query_pages.json,queries=GH-CODE-FIRST-PAGE-RELEVANT;GH-RS-001;GH-RS-002; no README/source claim; GitHub owner/repo identifier is stored in owner_repo.
GH-DISCOVERY-AnhDucVu-Hust__Biohub_Cell_Tracking,AnhDucVu-Hust/Biohub_Cell_Tracking,https://github.com/AnhDucVu-Hust/Biohub_Cell_Tracking,Search-result repository title/link only,SEARCH_DISCOVERY_NOT_DEEP_READ,,,,,,NOT_CHECKED,NOT_CHECKED,,TITLE_SNIPPET_ONLY,,research/20260903_BIOHUB_CELL_PUBLIC_RECON_V01/staging/github_ecosystem/evidence/search_query_pages.json,queries=GH-RS-002; no README/source claim; GitHub owner/repo identifier is stored in owner_repo.
GH-DISCOVERY-AntonioTagliatti__BioHub,AntonioTagliatti/BioHub,https://github.com/AntonioTagliatti/BioHub,Search-result repository title/link only,SEARCH_DISCOVERY_NOT_DEEP_READ,,,,,,NOT_CHECKED,NOT_CHECKED,,TITLE_SNIPPET_ONLY,,research/20260903_BIOHUB_CELL_PUBLIC_RECON_V01/staging/github_ecosystem/evidence/search_query_pages.json,queries=GH-CODE-FIRST-PAGE-RELEVANT;GH-RS-010; no README/source claim; GitHub owner/repo identifier is stored in owner_repo.
GH-DISCOVERY-asapacsin__biohub-cell-tracking,asapacsin/biohub-cell-tracking,https://github.com/asapacsin/biohub-cell-tracking,Search-result repository title/link only,SEARCH_DISCOVERY_NOT_DEEP_READ,,,,,,NOT_CHECKED,NOT_CHECKED,,TITLE_SNIPPET_ONLY,,research/20260903_BIOHUB_CELL_PUBLIC_RECON_V01/staging/github_ecosystem/evidence/search_query_pages.json,queries=GH-RS-002; no README/source claim; GitHub owner/repo identifier is stored in owner_repo.
GH-DISCOVERY-ashkr318__ML-U-Net-project,ashkr318/ML-U-Net-project,https://github.com/ashkr318/ML-U-Net-project,Search-result repository title/link only,SEARCH_DISCOVERY_NOT_DEEP_READ,,,,,,NOT_CHECKED,NOT_CHECKED,,TITLE_SNIPPET_ONLY,,research/20260903_BIOHUB_CELL_PUBLIC_RECON_V01/staging/github_ecosystem/evidence/search_query_pages.json,queries=GH-RS-009; no README/source claim; GitHub owner/repo identifier is stored in owner_repo.
GH-DISCOVERY-AshutoshBiswal26__Biohub-Cell-Tracking,AshutoshBiswal26/Biohub-Cell-Tracking,https://github.com/AshutoshBiswal26/Biohub-Cell-Tracking,Search-result repository title/link only,SEARCH_DISCOVERY_NOT_DEEP_READ,,,,,,NOT_CHECKED,NOT_CHECKED,,TITLE_SNIPPET_ONLY,,research/20260903_BIOHUB_CELL_PUBLIC_RECON_V01/staging/github_ecosystem/evidence/search_query_pages.json,queries=GH-RS-002; no README/source claim; GitHub owner/repo identifier is stored in owner_repo.
GH-DISCOVERY-AskChristopher__biohub-cell-tracking,AskChristopher/biohub-cell-tracking,https://github.com/AskChristopher/biohub-cell-tracking,Search-result repository title/link only,SEARCH_DISCOVERY_NOT_DEEP_READ,,,,,,NOT_CHECKED,NOT_CHECKED,,TITLE_SNIPPET_ONLY,,research/20260903_BIOHUB_CELL_PUBLIC_RECON_V01/staging/github_ecosystem/evidence/search_query_pages.json,queries=GH-RS-002; no README/source claim; GitHub owner/repo identifier is stored in owner_repo.
GH-DISCOVERY-Aswin20122005__cell-tracking-3d,Aswin20122005/cell-tracking-3d,https://github.com/Aswin20122005/cell-tracking-3d,Search-result repository title/link only,SEARCH_DISCOVERY_NOT_DEEP_READ,,,,,,NOT_CHECKED,NOT_CHECKED,,TITLE_SNIPPET_ONLY,,research/20260903_BIOHUB_CELL_PUBLIC_RECON_V01/staging/github_ecosystem/evidence/search_query_pages.json,queries=GH-RS-003; no README/source claim; GitHub owner/repo identifier is stored in owner_repo.
GH-DISCOVERY-AyonDandapath__-biohub-cell-tracking.,AyonDandapath/-biohub-cell-tracking.,https://github.com/AyonDandapath/-biohub-cell-tracking.,Search-result repository title/link only,SEARCH_DISCOVERY_NOT_DEEP_READ,,,,,,NOT_CHECKED,NOT_CHECKED,,TITLE_SNIPPET_ONLY,,research/20260903_BIOHUB_CELL_PUBLIC_RECON_V01/staging/github_ecosystem/evidence/search_query_pages.json,queries=GH-RS-002; no README/source claim; GitHub owner/repo identifier is stored in owner_repo.
GH-DISCOVERY-ayse-nur-safak__Detecting-Linking-and-Reconstructing-Cell-Lineages-in-3D-Time-Zebrafish-Microscopy,ayse-nur-safak/Detecting-Linking-and-Reconstructing-Cell-Lineages-in-3D-Time-Zebrafish-Microscopy,https://github.com/ayse-nur-safak/Detecting-Linking-and-Reconstructing-Cell-Lineages-in-3D-Time-Zebrafish-Microscopy,Search-result repository title/link only,SEARCH_DISCOVERY_NOT_DEEP_READ,,,,,,NOT_CHECKED,NOT_CHECKED,,TITLE_SNIPPET_ONLY,,research/20260903_BIOHUB_CELL_PUBLIC_RECON_V01/staging/github_ecosystem/evidence/search_query_pages.json,queries=GH-RS-011; no README/source claim; GitHub owner/repo identifier is stored in owner_repo.
GH-DISCOVERY-barbo0909__Biohub---Cell-Tracking-During-Development,barbo0909/Biohub---Cell-Tracking-During-Development,https://github.com/barbo0909/Biohub---Cell-Tracking-During-Development,Search-result repository title/link only,SEARCH_DISCOVERY_NOT_DEEP_READ,,,,,,NOT_CHECKED,NOT_CHECKED,,TITLE_SNIPPET_ONLY,,research/20260903_BIOHUB_CELL_PUBLIC_RECON_V01/staging/github_ecosystem/evidence/search_query_pages.json,queries=GH-RS-001;GH-RS-002; no README/source claim; GitHub owner/repo identifier is stored in owner_repo.
GH-DISCOVERY-Beiciccc__biohub-cell-tracking-development,Beiciccc/biohub-cell-tracking-development,https://github.com/Beiciccc/biohub-cell-tracking-development,Search-result repository title/link only,SEARCH_DISCOVERY_NOT_DEEP_READ,,,,,,NOT_CHECKED,NOT_CHECKED,,TITLE_SNIPPET_ONLY,,research/20260903_BIOHUB_CELL_PUBLIC_RECON_V01/staging/github_ecosystem/evidence/search_query_pages.json,queries=GH-RS-002;GH-RS-003; no README/source claim; GitHub owner/repo identifier is stored in owner_repo.
GH-DISCOVERY-BIBIyi__Cell-Tracking-Challenge--CTC-,BIBIyi/Cell-Tracking-Challenge--CTC-,https://github.com/BIBIyi/Cell-Tracking-Challenge--CTC-,Search-result repository title/link only,SEARCH_DISCOVERY_NOT_DEEP_READ,,,,,,NOT_CHECKED,NOT_CHECKED,,TITLE_SNIPPET_ONLY,,research/20260903_BIOHUB_CELL_PUBLIC_RECON_V01/staging/github_ecosystem/evidence/search_query_pages.json,queries=GH-RS-009; no README/source claim; GitHub owner/repo identifier is stored in owner_repo.
GH-DISCOVERY-Binyx5__biohub-cell-tracking,Binyx5/biohub-cell-tracking,https://github.com/Binyx5/biohub-cell-tracking,Search-result repository title/link only,SEARCH_DISCOVERY_NOT_DEEP_READ,,,,,,NOT_CHECKED,NOT_CHECKED,,TITLE_SNIPPET_ONLY,,research/20260903_BIOHUB_CELL_PUBLIC_RECON_V01/staging/github_ecosystem/evidence/search_query_pages.json,queries=GH-RS-001;GH-RS-002;GH-RS-003; no README/source claim; GitHub owner/repo identifier is stored in owner_repo.
GH-DISCOVERY-bioinfbrad__trackastra-galaxy,bioinfbrad/trackastra-galaxy,https://github.com/bioinfbrad/trackastra-galaxy,Search-result repository title/link only,SEARCH_DISCOVERY_NOT_DEEP_READ,,,,,,NOT_CHECKED,NOT_CHECKED,,TITLE_SNIPPET_ONLY,,research/20260903_BIOHUB_CELL_PUBLIC_RECON_V01/staging/github_ecosystem/evidence/search_query_pages.json,queries=GH-RS-005; no README/source claim; GitHub owner/repo identifier is stored in owner_repo.
GH-DISCOVERY-Bioinfo-Rafael__biohub,Bioinfo-Rafael/biohub,https://github.com/Bioinfo-Rafael/biohub,Search-result repository title/link only,SEARCH_DISCOVERY_NOT_DEEP_READ,,,,,,NOT_CHECKED,NOT_CHECKED,,TITLE_SNIPPET_ONLY,,research/20260903_BIOHUB_CELL_PUBLIC_RECON_V01/staging/github_ecosystem/evidence/search_query_pages.json,queries=GH-CODE-FIRST-PAGE-RELEVANT; no README/source claim; GitHub owner/repo identifier is stored in owner_repo.
GH-DISCOVERY-Borda__kaggle_tracking,Borda/kaggle_tracking,https://github.com/Borda/kaggle_tracking,Search-result repository title/link only,SEARCH_DISCOVERY_NOT_DEEP_READ,,,,,,NOT_CHECKED,NOT_CHECKED,,TITLE_SNIPPET_ONLY,,research/20260903_BIOHUB_CELL_PUBLIC_RECON_V01/staging/github_ecosystem/evidence/search_query_pages.json,queries=GH-CODE-FIRST-PAGE-RELEVANT; no README/source claim; GitHub owner/repo identifier is stored in owner_repo.
GH-DISCOVERY-C-Achard__Trackastra-et-Ultra,C-Achard/Trackastra-et-Ultra,https://github.com/C-Achard/Trackastra-et-Ultra,Search-result repository title/link only,SEARCH_DISCOVERY_NOT_DEEP_READ,,,,,,NOT_CHECKED,NOT_CHECKED,,TITLE_SNIPPET_ONLY,,research/20260903_BIOHUB_CELL_PUBLIC_RECON_V01/staging/github_ecosystem/evidence/search_query_pages.json,queries=GH-RS-005; no README/source claim; GitHub owner/repo identifier is stored in owner_repo.
GH-DISCOVERY-cdalinghaus-mthesis__trackastra_x,cdalinghaus-mthesis/trackastra_x,https://github.com/cdalinghaus-mthesis/trackastra_x,Search-result repository title/link only,SEARCH_DISCOVERY_NOT_DEEP_READ,,,,,,NOT_CHECKED,NOT_CHECKED,,TITLE_SNIPPET_ONLY,,research/20260903_BIOHUB_CELL_PUBLIC_RECON_V01/staging/github_ecosystem/evidence/search_query_pages.json,queries=GH-RS-005; no README/source claim; GitHub owner/repo identifier is stored in owner_repo.
GH-DISCOVERY-cellseek__gui,cellseek/gui,https://github.com/cellseek/gui,Search-result repository title/link only,SEARCH_DISCOVERY_NOT_DEEP_READ,,,,,,NOT_CHECKED,NOT_CHECKED,,TITLE_SNIPPET_ONLY,,research/20260903_BIOHUB_CELL_PUBLIC_RECON_V01/staging/github_ecosystem/evidence/search_query_pages.json,queries=GH-CODE-FIRST-PAGE-RELEVANT; no README/source claim; GitHub owner/repo identifier is stored in owner_repo.
GH-DEEP-CellTrackingChallenge__2021-edition-available-colabs,CellTrackingChallenge/2021-edition-available-colabs,https://github.com/CellTrackingChallenge/2021-edition-available-colabs,reusability collection,cell_tracking_challenge_reusable_training_inference,11,1,main,046e3343e750d7b0bcd741a8ef21978fb6b13ca5,2022-09-28T18:25:54+01:00,MIT,False,7,FULL_RELEVANT_REPO_SOURCE_READ,LICENSE;Notebooks/CALT-US(*).ipynb;Notebooks/DKFZ-GE.ipynb;Notebooks/MU-CZ(2*).ipynb;Notebooks/MU-US(4*).ipynb;Notebooks/PURD-US(*).ipynb;README.md,research/20260903_BIOHUB_CELL_PUBLIC_RECON_V01/staging/github_ecosystem/evidence/CellTrackingChallenge__2021-edition-available-colabs/repo_evidence.json,queries=GH-DEEP-SELECTION; complete small repository read; it is a reproducibility index rather than one unified algorithm; GitHub owner/repo identifier is stored in owner_repo.
GH-DISCOVERY-CellTrackingChallenge__CTC-FijiPlugins,CellTrackingChallenge/CTC-FijiPlugins,https://github.com/CellTrackingChallenge/CTC-FijiPlugins,Search-result repository title/link only,SEARCH_DISCOVERY_NOT_DEEP_READ,,,,,,NOT_CHECKED,NOT_CHECKED,,TITLE_SNIPPET_ONLY,,research/20260903_BIOHUB_CELL_PUBLIC_RECON_V01/staging/github_ecosystem/evidence/search_query_pages.json,queries=GH-RS-009;GH-WEB-003; no README/source claim; GitHub owner/repo identifier is stored in owner_repo.
GH-DEEP-CellTrackingChallenge__py-ctcmetrics,CellTrackingChallenge/py-ctcmetrics,https://github.com/CellTrackingChallenge/py-ctcmetrics,evaluation toolkit,cell_tracking_challenge_metrics,33,6,main,59481c48a62d4376fe34bed3e3606b4ec4d60972,2026-03-12T09:51:40+01:00,BSD-family,False,70,FULL_RELEVANT_REPO_SOURCE_READ,README.md;LICENSE.txt;requirements.txt;setup.py;ctc_metrics/scripts/evaluate.py;ctc_metrics/metrics/technical/det.py;ctc_metrics/metrics/technical/seg.py;ctc_metrics/metrics/technical/tra.py;ctc_metrics/metrics/technical/lnk.py;ctc_metrics/metrics/hota/hota.py;ctc_metrics/metrics/hota/chota.py;ctc_metrics/metrics/validation/valid.py;.pre-commit-config.yaml;ctc_metrics/__init__.py;ctc_metrics/metrics/__init__.py;ctc_metrics/metrics/biological/__init__.py;ctc_metrics/metrics/biological/bc.py;ctc_metrics/metrics/biological/bio.py;ctc_metrics/metrics/biological/cca.py;ctc_metrics/metrics/biological/ct.py;ctc_metrics/metrics/biological/op_clb.py;ctc_metrics/metrics/biological/tf.py;ctc_metrics/metrics/clearmot/__init__.py;ctc_metrics/metrics/clearmot/mota.py;ctc_metrics/metrics/hota/__init__.py;ctc_metrics/metrics/identity_metrics/__init__.py;ctc_metrics/metrics/identity_metrics/idf1.py;ctc_metrics/metrics/others/__init__.py;ctc_metrics/metrics/others/faf.py;ctc_metrics/metrics/others/mt_ml.py;ctc_metrics/metrics/technical/__init__.py;ctc_metrics/metrics/technical/op_csb.py;ctc_metrics/metrics/technical/op_ctb.py;ctc_metrics/metrics/validation/__init__.py;ctc_metrics/scripts/__init__.py;ctc_metrics/scripts/noise.py;ctc_metrics/scripts/validate.py;ctc_metrics/scripts/visualize.py;ctc_metrics/utils/__init__.py;ctc_metrics/utils/filesystem.py;ctc_metrics/utils/handle_results.py;ctc_metrics/utils/representations.py;pixi_env/README.md;pixi_env/pixi.toml;py-ctcmetrics.toml;test/__init__.py;test/prepare_test_data.sh;test/test_metrics.py;test/test_validate.py;test/utils.py;third_party/LICENSE,research/20260903_BIOHUB_CELL_PUBLIC_RECON_V01/staging/github_ecosystem/evidence/CellTrackingChallenge__py-ctcmetrics/repo_evidence.json,queries=GH-DEEP-SELECTION;GH-WEB-003; useful as an external benchmark vocabulary; its metrics are not the Kaggle adjusted-edge/division score; GitHub owner/repo identifier is stored in owner_repo.
GH-DISCOVERY-chaitanyajamble__Biohub---Cell-tracking-during-development,chaitanyajamble/Biohub---Cell-tracking-during-development,https://github.com/chaitanyajamble/Biohub---Cell-tracking-during-development,Search-result repository title/link only,SEARCH_DISCOVERY_NOT_DEEP_READ,,,,,,NOT_CHECKED,NOT_CHECKED,,TITLE_SNIPPET_ONLY,,research/20260903_BIOHUB_CELL_PUBLIC_RECON_V01/staging/github_ecosystem/evidence/search_query_pages.json,queries=GH-RS-001;GH-RS-002; no README/source claim; GitHub owner/repo identifier is stored in owner_repo.
GH-DISCOVERY-christopherstj__ultrack,christopherstj/ultrack,https://github.com/christopherstj/ultrack,Search-result repository title/link only,SEARCH_DISCOVERY_NOT_DEEP_READ,,,,,,NOT_CHECKED,NOT_CHECKED,,TITLE_SNIPPET_ONLY,,research/20260903_BIOHUB_CELL_PUBLIC_RECON_V01/staging/github_ecosystem/evidence/search_query_pages.json,queries=GH-RS-004; no README/source claim; GitHub owner/repo identifier is stored in owner_repo.
GH-DISCOVERY-christopherstj__ultrack-cloud-resources,christopherstj/ultrack-cloud-resources,https://github.com/christopherstj/ultrack-cloud-resources,Search-result repository title/link only,SEARCH_DISCOVERY_NOT_DEEP_READ,,,,,,NOT_CHECKED,NOT_CHECKED,,TITLE_SNIPPET_ONLY,,research/20260903_BIOHUB_CELL_PUBLIC_RECON_V01/staging/github_ecosystem/evidence/search_query_pages.json,queries=GH-RS-004; no README/source claim; GitHub owner/repo identifier is stored in owner_repo.
GH-DISCOVERY-CIVA-Lab__U-SE-ResNet-for-Cell-Tracking-Challenge,CIVA-Lab/U-SE-ResNet-for-Cell-Tracking-Challenge,https://github.com/CIVA-Lab/U-SE-ResNet-for-Cell-Tracking-Challenge,Search-result repository title/link only,SEARCH_DISCOVERY_NOT_DEEP_READ,,,,,,NOT_CHECKED,NOT_CHECKED,,TITLE_SNIPPET_ONLY,,research/20260903_BIOHUB_CELL_PUBLIC_RECON_V01/staging/github_ecosystem/evidence/search_query_pages.json,queries=GH-RS-009; no README/source claim; GitHub owner/repo identifier is stored in owner_repo.
GH-DISCOVERY-codaxo-ai__Biohub-Cell-Tracking-During-Developmen,codaxo-ai/Biohub-Cell-Tracking-During-Developmen,https://github.com/codaxo-ai/Biohub-Cell-Tracking-During-Developmen,Search-result repository title/link only,SEARCH_DISCOVERY_NOT_DEEP_READ,,,,,,NOT_CHECKED,NOT_CHECKED,,TITLE_SNIPPET_ONLY,,research/20260903_BIOHUB_CELL_PUBLIC_RECON_V01/staging/github_ecosystem/evidence/search_query_pages.json,queries=GH-RS-002; no README/source claim; GitHub owner/repo identifier is stored in owner_repo.
GH-DISCOVERY-computational-cell-analytics__cochlea-net,computational-cell-analytics/cochlea-net,https://github.com/computational-cell-analytics/cochlea-net,Search-result repository title/link only,SEARCH_DISCOVERY_NOT_DEEP_READ,,,,,,NOT_CHECKED,NOT_CHECKED,,TITLE_SNIPPET_ONLY,,research/20260903_BIOHUB_CELL_PUBLIC_RECON_V01/staging/github_ecosystem/evidence/search_query_pages.json,queries=GH-CODE-FIRST-PAGE-RELEVANT; no README/source claim; GitHub owner/repo identifier is stored in owner_repo.
GH-DISCOVERY-conda-forge__trackastra-feedstock,conda-forge/trackastra-feedstock,https://github.com/conda-forge/trackastra-feedstock,Search-result repository title/link only,SEARCH_DISCOVERY_NOT_DEEP_READ,,,,,,NOT_CHECKED,NOT_CHECKED,,TITLE_SNIPPET_ONLY,,research/20260903_BIOHUB_CELL_PUBLIC_RECON_V01/staging/github_ecosystem/evidence/search_query_pages.json,queries=GH-RS-005; no README/source claim; GitHub owner/repo identifier is stored in owner_repo.
GH-DISCOVERY-czbiohub-sf__shrimPy,czbiohub-sf/shrimPy,https://github.com/czbiohub-sf/shrimPy,Search-result repository title/link only,SEARCH_DISCOVERY_NOT_DEEP_READ,,,,,,NOT_CHECKED,NOT_CHECKED,,TITLE_SNIPPET_ONLY,,research/20260903_BIOHUB_CELL_PUBLIC_RECON_V01/staging/github_ecosystem/evidence/search_query_pages.json,queries=GH-CODE-FIRST-PAGE-RELEVANT; no README/source claim; GitHub owner/repo identifier is stored in owner_repo.
GH-DISCOVERY-czbiohub-sf__zebrahub-multiome-analysis,czbiohub-sf/zebrahub-multiome-analysis,https://github.com/czbiohub-sf/zebrahub-multiome-analysis,Search-result repository title/link only,SEARCH_DISCOVERY_NOT_DEEP_READ,,,,,,NOT_CHECKED,NOT_CHECKED,,TITLE_SNIPPET_ONLY,,research/20260903_BIOHUB_CELL_PUBLIC_RECON_V01/staging/github_ecosystem/evidence/search_query_pages.json,queries=GH-RS-007; no README/source claim; GitHub owner/repo identifier is stored in owner_repo.
GH-DISCOVERY-czbiohub-sf__zebrahub_analysis,czbiohub-sf/zebrahub_analysis,https://github.com/czbiohub-sf/zebrahub_analysis,Search-result repository title/link only,SEARCH_DISCOVERY_NOT_DEEP_READ,,,,,,NOT_CHECKED,NOT_CHECKED,,TITLE_SNIPPET_ONLY,,research/20260903_BIOHUB_CELL_PUBLIC_RECON_V01/staging/github_ecosystem/evidence/search_query_pages.json,queries=GH-RS-007;GH-WEB-007; no README/source claim; GitHub owner/repo identifier is stored in owner_repo.
GH-DISCOVERY-dalloliogm__kaggle_competitions,dalloliogm/kaggle_competitions,https://github.com/dalloliogm/kaggle_competitions,Search-result repository title/link only,SEARCH_DISCOVERY_NOT_DEEP_READ,,,,,,NOT_CHECKED,NOT_CHECKED,,TITLE_SNIPPET_ONLY,,research/20260903_BIOHUB_CELL_PUBLIC_RECON_V01/staging/github_ecosystem/evidence/search_query_pages.json,queries=GH-CODE-FIRST-PAGE-RELEVANT; no README/source claim; GitHub owner/repo identifier is stored in owner_repo.
GH-DISCOVERY-Danielbb14__TrackastraTestTB,Danielbb14/TrackastraTestTB,https://github.com/Danielbb14/TrackastraTestTB,Search-result repository title/link only,SEARCH_DISCOVERY_NOT_DEEP_READ,,,,,,NOT_CHECKED,NOT_CHECKED,,TITLE_SNIPPET_ONLY,,research/20260903_BIOHUB_CELL_PUBLIC_RECON_V01/staging/github_ecosystem/evidence/search_query_pages.json,queries=GH-RS-005; no README/source claim; GitHub owner/repo identifier is stored in owner_repo.
GH-DISCOVERY-DarkHeian__biohub-cell-tracking-visualizer,DarkHeian/biohub-cell-tracking-visualizer,https://github.com/DarkHeian/biohub-cell-tracking-visualizer,Search-result repository title/link only,SEARCH_DISCOVERY_NOT_DEEP_READ,,,,,,NOT_CHECKED,NOT_CHECKED,,TITLE_SNIPPET_ONLY,,research/20260903_BIOHUB_CELL_PUBLIC_RECON_V01/staging/github_ecosystem/evidence/search_query_pages.json,queries=GH-RS-002; no README/source claim; GitHub owner/repo identifier is stored in owner_repo.
GH-DISCOVERY-David-Ciz__label-fusion-ng-fork,David-Ciz/label-fusion-ng-fork,https://github.com/David-Ciz/label-fusion-ng-fork,Search-result repository title/link only,SEARCH_DISCOVERY_NOT_DEEP_READ,,,,,,NOT_CHECKED,NOT_CHECKED,,TITLE_SNIPPET_ONLY,,research/20260903_BIOHUB_CELL_PUBLIC_RECON_V01/staging/github_ecosystem/evidence/search_query_pages.json,queries=GH-RS-009; no README/source claim; GitHub owner/repo identifier is stored in owner_repo.
GH-DISCOVERY-Dhanushach126__Biohub-Cell-Tracking,Dhanushach126/Biohub-Cell-Tracking,https://github.com/Dhanushach126/Biohub-Cell-Tracking,Search-result repository title/link only,SEARCH_DISCOVERY_NOT_DEEP_READ,,,,,,NOT_CHECKED,NOT_CHECKED,,TITLE_SNIPPET_ONLY,,research/20260903_BIOHUB_CELL_PUBLIC_RECON_V01/staging/github_ecosystem/evidence/search_query_pages.json,queries=GH-RS-002; no README/source claim; GitHub owner/repo identifier is stored in owner_repo.
GH-DISCOVERY-dieultrack__ultrack,dieultrack/ultrack,https://github.com/dieultrack/ultrack,Search-result repository title/link only,SEARCH_DISCOVERY_NOT_DEEP_READ,,,,,,NOT_CHECKED,NOT_CHECKED,,TITLE_SNIPPET_ONLY,,research/20260903_BIOHUB_CELL_PUBLIC_RECON_V01/staging/github_ecosystem/evidence/search_query_pages.json,queries=GH-RS-004; no README/source claim; GitHub owner/repo identifier is stored in owner_repo.
GH-DISCOVERY-Dnyanesh-29__Cell-Tracking-During-Development,Dnyanesh-29/Cell-Tracking-During-Development,https://github.com/Dnyanesh-29/Cell-Tracking-During-Development,Search-result repository title/link only,SEARCH_DISCOVERY_NOT_DEEP_READ,,,,,,NOT_CHECKED,NOT_CHECKED,,TITLE_SNIPPET_ONLY,,research/20260903_BIOHUB_CELL_PUBLIC_RECON_V01/staging/github_ecosystem/evidence/search_query_pages.json,queries=GH-CODE-FIRST-PAGE-RELEVANT; no README/source claim; GitHub owner/repo identifier is stored in owner_repo.
GH-DISCOVERY-drissou-milad__biohub-cell-tracking,drissou-milad/biohub-cell-tracking,https://github.com/drissou-milad/biohub-cell-tracking,Search-result repository title/link only,SEARCH_DISCOVERY_NOT_DEEP_READ,,,,,,NOT_CHECKED,NOT_CHECKED,,TITLE_SNIPPET_ONLY,,research/20260903_BIOHUB_CELL_PUBLIC_RECON_V01/staging/github_ecosystem/evidence/search_query_pages.json,queries=GH-RS-002;GH-RS-003;GH-RS-010; no README/source claim; GitHub owner/repo identifier is stored in owner_repo.
GH-DISCOVERY-drosadocastro-bit__Atabey,drosadocastro-bit/Atabey,https://github.com/drosadocastro-bit/Atabey,Search-result repository title/link only,SEARCH_DISCOVERY_NOT_DEEP_READ,,,,,,NOT_CHECKED,NOT_CHECKED,,TITLE_SNIPPET_ONLY,,research/20260903_BIOHUB_CELL_PUBLIC_RECON_V01/staging/github_ecosystem/evidence/search_query_pages.json,queries=GH-CODE-FIRST-PAGE-RELEVANT;GH-RS-001;GH-RS-002;GH-RS-003; no README/source claim; GitHub owner/repo identifier is stored in owner_repo.
GH-DEEP-elephant-track__elephant-server,elephant-track/elephant-server,https://github.com/elephant-track/elephant-server,interactive deep-learning tracker,incremental_deep_learning_3d_tracking,9,6,main,2c132b3277a5b24468587e4542384788afe71d99,2026-05-29T09:07:49+09:00,BSD-family,False,214,TARGET_FILES_READ,README.md;LICENSE;requirements.txt;elephant-core/setup.py;elephant-core/elephant/datasets.py;elephant-core/elephant/models.py;elephant-core/elephant/losses.py;script/train.py;script/eval.py;script/run_elephant.py;script/dataset_generator.py,research/20260903_BIOHUB_CELL_PUBLIC_RECON_V01/staging/github_ecosystem/evidence/elephant-track__elephant-server/repo_evidence.json,"queries=GH-DEEP-SELECTION;GH-WEB-008;GH-WEB-009;GH-WEB-010; scientifically relevant to learned temporal fields; target-file read only, not a ready competition adapter; GitHub owner/repo identifier is stored in owner_repo."
GH-DISCOVERY-FaisalTabrez__Kaggle_Bio,FaisalTabrez/Kaggle_Bio,https://github.com/FaisalTabrez/Kaggle_Bio,Search-result repository title/link only,SEARCH_DISCOVERY_NOT_DEEP_READ,,,,,,NOT_CHECKED,NOT_CHECKED,,TITLE_SNIPPET_ONLY,,research/20260903_BIOHUB_CELL_PUBLIC_RECON_V01/staging/github_ecosystem/evidence/search_query_pages.json,queries=GH-CODE-FIRST-PAGE-RELEVANT; no README/source claim; GitHub owner/repo identifier is stored in owner_repo.
GH-DISCOVERY-gabrielribcesario__DIC-C2DH-Hela,gabrielribcesario/DIC-C2DH-Hela,https://github.com/gabrielribcesario/DIC-C2DH-Hela,Search-result repository title/link only,SEARCH_DISCOVERY_NOT_DEEP_READ,,,,,,NOT_CHECKED,NOT_CHECKED,,TITLE_SNIPPET_ONLY,,research/20260903_BIOHUB_CELL_PUBLIC_RECON_V01/staging/github_ecosystem/evidence/search_query_pages.json,queries=GH-RS-009; no README/source claim; GitHub owner/repo identifier is stored in owner_repo.
GH-DISCOVERY-gano0802__Biohub---Cell-Tracking-During-Development,gano0802/Biohub---Cell-Tracking-During-Development,https://github.com/gano0802/Biohub---Cell-Tracking-During-Development,Search-result repository title/link only,SEARCH_DISCOVERY_NOT_DEEP_READ,,,,,,NOT_CHECKED,NOT_CHECKED,,TITLE_SNIPPET_ONLY,,research/20260903_BIOHUB_CELL_PUBLIC_RECON_V01/staging/github_ecosystem/evidence/search_query_pages.json,queries=GH-RS-001;GH-RS-002; no README/source claim; GitHub owner/repo identifier is stored in owner_repo.
GH-DISCOVERY-georgesmiley-ut__biohub-cell-tracking,georgesmiley-ut/biohub-cell-tracking,https://github.com/georgesmiley-ut/biohub-cell-tracking,Search-result repository title/link only,SEARCH_DISCOVERY_NOT_DEEP_READ,,,,,,NOT_CHECKED,NOT_CHECKED,,TITLE_SNIPPET_ONLY,,research/20260903_BIOHUB_CELL_PUBLIC_RECON_V01/staging/github_ecosystem/evidence/search_query_pages.json,queries=GH-RS-002; no README/source claim; GitHub owner/repo identifier is stored in owner_repo.
GH-DISCOVERY-gluzdovds-wq__Biohub---Cell-Tracking-During-Development,gluzdovds-wq/Biohub---Cell-Tracking-During-Development,https://github.com/gluzdovds-wq/Biohub---Cell-Tracking-During-Development,Search-result repository title/link only,SEARCH_DISCOVERY_NOT_DEEP_READ,,,,,,NOT_CHECKED,NOT_CHECKED,,TITLE_SNIPPET_ONLY,,research/20260903_BIOHUB_CELL_PUBLIC_RECON_V01/staging/github_ecosystem/evidence/search_query_pages.json,queries=GH-RS-001;GH-RS-002; no README/source claim; GitHub owner/repo identifier is stored in owner_repo.
GH-DISCOVERY-helalabcd__trackastrassl,helalabcd/trackastrassl,https://github.com/helalabcd/trackastrassl,Search-result repository title/link only,SEARCH_DISCOVERY_NOT_DEEP_READ,,,,,,NOT_CHECKED,NOT_CHECKED,,TITLE_SNIPPET_ONLY,,research/20260903_BIOHUB_CELL_PUBLIC_RECON_V01/staging/github_ecosystem/evidence/search_query_pages.json,queries=GH-RS-005; no README/source claim; GitHub owner/repo identifier is stored in owner_repo.
GH-DISCOVERY-henryyantq__Ultrack_experimental,henryyantq/Ultrack_experimental,https://github.com/henryyantq/Ultrack_experimental,Search-result repository title/link only,SEARCH_DISCOVERY_NOT_DEEP_READ,,,,,,NOT_CHECKED,NOT_CHECKED,,TITLE_SNIPPET_ONLY,,research/20260903_BIOHUB_CELL_PUBLIC_RECON_V01/staging/github_ecosystem/evidence/search_query_pages.json,queries=GH-RS-004; no README/source claim; GitHub owner/repo identifier is stored in owner_repo.
GH-DISCOVERY-homeshwarnelakurthi__Biohub---Cell-Tracking-During-Development,homeshwarnelakurthi/Biohub---Cell-Tracking-During-Development,https://github.com/homeshwarnelakurthi/Biohub---Cell-Tracking-During-Development,Search-result repository title/link only,SEARCH_DISCOVERY_NOT_DEEP_READ,,,,,,NOT_CHECKED,NOT_CHECKED,,TITLE_SNIPPET_ONLY,,research/20260903_BIOHUB_CELL_PUBLIC_RECON_V01/staging/github_ecosystem/evidence/search_query_pages.json,queries=GH-RS-001;GH-RS-002; no README/source claim; GitHub owner/repo identifier is stored in owner_repo.
GH-DISCOVERY-HOnO726__kaggle_biohub,HOnO726/kaggle_biohub,https://github.com/HOnO726/kaggle_biohub,Search-result repository title/link only,SEARCH_DISCOVERY_NOT_DEEP_READ,,,,,,NOT_CHECKED,NOT_CHECKED,,TITLE_SNIPPET_ONLY,,research/20260903_BIOHUB_CELL_PUBLIC_RECON_V01/staging/github_ecosystem/evidence/search_query_pages.json,queries=GH-RS-001;GH-RS-002;GH-RS-003; no README/source claim; GitHub owner/repo identifier is stored in owner_repo.
GH-DISCOVERY-Hugodevpro__BioHub-Cell-Tracking-computer-vision,Hugodevpro/BioHub-Cell-Tracking-computer-vision,https://github.com/Hugodevpro/BioHub-Cell-Tracking-computer-vision,Search-result repository title/link only,SEARCH_DISCOVERY_NOT_DEEP_READ,,,,,,NOT_CHECKED,NOT_CHECKED,,TITLE_SNIPPET_ONLY,,research/20260903_BIOHUB_CELL_PUBLIC_RECON_V01/staging/github_ecosystem/evidence/search_query_pages.json,queries=GH-RS-001;GH-RS-002; no README/source claim; GitHub owner/repo identifier is stored in owner_repo.
GH-DISCOVERY-jackyko1991__Ultrack-Cluster,jackyko1991/Ultrack-Cluster,https://github.com/jackyko1991/Ultrack-Cluster,Search-result repository title/link only,SEARCH_DISCOVERY_NOT_DEEP_READ,,,,,,NOT_CHECKED,NOT_CHECKED,,TITLE_SNIPPET_ONLY,,research/20260903_BIOHUB_CELL_PUBLIC_RECON_V01/staging/github_ecosystem/evidence/search_query_pages.json,queries=GH-RS-004; no README/source claim; GitHub owner/repo identifier is stored in owner_repo.
GH-DISCOVERY-jamila-griffith__Tracking_OECs-Using-Trackastra-,jamila-griffith/Tracking_OECs-Using-Trackastra-,https://github.com/jamila-griffith/Tracking_OECs-Using-Trackastra-,Search-result repository title/link only,SEARCH_DISCOVERY_NOT_DEEP_READ,,,,,,NOT_CHECKED,NOT_CHECKED,,TITLE_SNIPPET_ONLY,,research/20260903_BIOHUB_CELL_PUBLIC_RECON_V01/staging/github_ecosystem/evidence/search_query_pages.json,queries=GH-RS-005; no README/source claim; GitHub owner/repo identifier is stored in owner_repo.
GH-DISCOVERY-jazmin-sha__ULTracker,jazmin-sha/ULTracker,https://github.com/jazmin-sha/ULTracker,Search-result repository title/link only,SEARCH_DISCOVERY_NOT_DEEP_READ,,,,,,NOT_CHECKED,NOT_CHECKED,,TITLE_SNIPPET_ONLY,,research/20260903_BIOHUB_CELL_PUBLIC_RECON_V01/staging/github_ecosystem/evidence/search_query_pages.json,queries=GH-RS-004; no README/source claim; GitHub owner/repo identifier is stored in owner_repo.
GH-DISCOVERY-jazmin-sha__ulTrackHero,jazmin-sha/ulTrackHero,https://github.com/jazmin-sha/ulTrackHero,Search-result repository title/link only,SEARCH_DISCOVERY_NOT_DEEP_READ,,,,,,NOT_CHECKED,NOT_CHECKED,,TITLE_SNIPPET_ONLY,,research/20260903_BIOHUB_CELL_PUBLIC_RECON_V01/staging/github_ecosystem/evidence/search_query_pages.json,queries=GH-RS-004; no README/source claim; GitHub owner/repo identifier is stored in owner_repo.
GH-DISCOVERY-Jin-Ruoting__Cell-Tracking-During-Development,Jin-Ruoting/Cell-Tracking-During-Development,https://github.com/Jin-Ruoting/Cell-Tracking-During-Development,Search-result repository title/link only,SEARCH_DISCOVERY_NOT_DEEP_READ,,,,,,NOT_CHECKED,NOT_CHECKED,,TITLE_SNIPPET_ONLY,,research/20260903_BIOHUB_CELL_PUBLIC_RECON_V01/staging/github_ecosystem/evidence/search_query_pages.json,queries=GH-CODE-FIRST-PAGE-RELEVANT; no README/source claim; GitHub owner/repo identifier is stored in owner_repo.
GH-DISCOVERY-johnlampa__ultrack,johnlampa/ultrack,https://github.com/johnlampa/ultrack,Search-result repository title/link only,SEARCH_DISCOVERY_NOT_DEEP_READ,,,,,,NOT_CHECKED,NOT_CHECKED,,TITLE_SNIPPET_ONLY,,research/20260903_BIOHUB_CELL_PUBLIC_RECON_V01/staging/github_ecosystem/evidence/search_query_pages.json,queries=GH-RS-004; no README/source claim; GitHub owner/repo identifier is stored in owner_repo.
GH-DISCOVERY-JorgeArguello1999__U-Net,JorgeArguello1999/U-Net,https://github.com/JorgeArguello1999/U-Net,Search-result repository title/link only,SEARCH_DISCOVERY_NOT_DEEP_READ,,,,,,NOT_CHECKED,NOT_CHECKED,,TITLE_SNIPPET_ONLY,,research/20260903_BIOHUB_CELL_PUBLIC_RECON_V01/staging/github_ecosystem/evidence/search_query_pages.json,queries=GH-RS-009; no README/source claim; GitHub owner/repo identifier is stored in owner_repo.
GH-DISCOVERY-jsphyg__biohub-cell-tracking-kaggle,jsphyg/biohub-cell-tracking-kaggle,https://github.com/jsphyg/biohub-cell-tracking-kaggle,Search-result repository title/link only,SEARCH_DISCOVERY_NOT_DEEP_READ,,,,,,NOT_CHECKED,NOT_CHECKED,,TITLE_SNIPPET_ONLY,,research/20260903_BIOHUB_CELL_PUBLIC_RECON_V01/staging/github_ecosystem/evidence/search_query_pages.json,queries=GH-RS-001;GH-RS-002;GH-RS-003; no README/source claim; GitHub owner/repo identifier is stored in owner_repo.
GH-DISCOVERY-JunhaoLiXD__Biohub_Cell_Tracking,JunhaoLiXD/Biohub_Cell_Tracking,https://github.com/JunhaoLiXD/Biohub_Cell_Tracking,Search-result repository title/link only,SEARCH_DISCOVERY_NOT_DEEP_READ,,,,,,NOT_CHECKED,NOT_CHECKED,,TITLE_SNIPPET_ONLY,,research/20260903_BIOHUB_CELL_PUBLIC_RECON_V01/staging/github_ecosystem/evidence/search_query_pages.json,queries=GH-RS-001;GH-RS-002;GH-RS-003; no README/source claim; GitHub owner/repo identifier is stored in owner_repo.
GH-DISCOVERY-KabiththananParan__biohub-cell-tracking,KabiththananParan/biohub-cell-tracking,https://github.com/KabiththananParan/biohub-cell-tracking,Search-result repository title/link only,SEARCH_DISCOVERY_NOT_DEEP_READ,,,,,,NOT_CHECKED,NOT_CHECKED,,TITLE_SNIPPET_ONLY,,research/20260903_BIOHUB_CELL_PUBLIC_RECON_V01/staging/github_ecosystem/evidence/search_query_pages.json,queries=GH-RS-002; no README/source claim; GitHub owner/repo identifier is stored in owner_repo.
GH-DISCOVERY-Kai-Gowers__biohub-cell-tracking-v2,Kai-Gowers/biohub-cell-tracking-v2,https://github.com/Kai-Gowers/biohub-cell-tracking-v2,Search-result repository title/link only,SEARCH_DISCOVERY_NOT_DEEP_READ,,,,,,NOT_CHECKED,NOT_CHECKED,,TITLE_SNIPPET_ONLY,,research/20260903_BIOHUB_CELL_PUBLIC_RECON_V01/staging/github_ecosystem/evidence/search_query_pages.json,queries=GH-RS-002; no README/source claim; GitHub owner/repo identifier is stored in owner_repo.
GH-DISCOVERY-Kapoorlabs-CAPED__KapoorLabs-Lightning,Kapoorlabs-CAPED/KapoorLabs-Lightning,https://github.com/Kapoorlabs-CAPED/KapoorLabs-Lightning,Search-result repository title/link only,SEARCH_DISCOVERY_NOT_DEEP_READ,,,,,,NOT_CHECKED,NOT_CHECKED,,TITLE_SNIPPET_ONLY,,research/20260903_BIOHUB_CELL_PUBLIC_RECON_V01/staging/github_ecosystem/evidence/search_query_pages.json,queries=GH-CODE-FIRST-PAGE-RELEVANT; no README/source claim; GitHub owner/repo identifier is stored in owner_repo.
GH-DISCOVERY-kevzho__kaggle-comps,kevzho/kaggle-comps,https://github.com/kevzho/kaggle-comps,Search-result repository title/link only,SEARCH_DISCOVERY_NOT_DEEP_READ,,,,,,NOT_CHECKED,NOT_CHECKED,,TITLE_SNIPPET_ONLY,,research/20260903_BIOHUB_CELL_PUBLIC_RECON_V01/staging/github_ecosystem/evidence/search_query_pages.json,queries=GH-CODE-FIRST-PAGE-RELEVANT; no README/source claim; GitHub owner/repo identifier is stored in owner_repo.
GH-DISCOVERY-kito2718__kaggle_Biohub-Cell_Tracking_During_Development,kito2718/kaggle_Biohub-Cell_Tracking_During_Development,https://github.com/kito2718/kaggle_Biohub-Cell_Tracking_During_Development,Search-result repository title/link only,SEARCH_DISCOVERY_NOT_DEEP_READ,,,,,,NOT_CHECKED,NOT_CHECKED,,TITLE_SNIPPET_ONLY,,research/20260903_BIOHUB_CELL_PUBLIC_RECON_V01/staging/github_ecosystem/evidence/search_query_pages.json,queries=GH-RS-001;GH-RS-002;GH-RS-003; no README/source claim; GitHub owner/repo identifier is stored in owner_repo.
GH-DISCOVERY-kito2718__kaggle_Biohub-Cell_Tracking_During_Development2,kito2718/kaggle_Biohub-Cell_Tracking_During_Development2,https://github.com/kito2718/kaggle_Biohub-Cell_Tracking_During_Development2,Search-result repository title/link only,SEARCH_DISCOVERY_NOT_DEEP_READ,,,,,,NOT_CHECKED,NOT_CHECKED,,TITLE_SNIPPET_ONLY,,research/20260903_BIOHUB_CELL_PUBLIC_RECON_V01/staging/github_ecosystem/evidence/search_query_pages.json,queries=GH-RS-001;GH-RS-002;GH-RS-003; no README/source claim; GitHub owner/repo identifier is stored in owner_repo.
GH-DISCOVERY-ksugar__CTC-IGFL-FR,ksugar/CTC-IGFL-FR,https://github.com/ksugar/CTC-IGFL-FR,Search-result repository title/link only,SEARCH_DISCOVERY_NOT_DEEP_READ,,,,,,NOT_CHECKED,NOT_CHECKED,,TITLE_SNIPPET_ONLY,,research/20260903_BIOHUB_CELL_PUBLIC_RECON_V01/staging/github_ecosystem/evidence/search_query_pages.json,queries=GH-RS-009; no README/source claim; GitHub owner/repo identifier is stored in owner_repo.
GH-DISCOVERY-ksugar__elephant-ctc,ksugar/elephant-ctc,https://github.com/ksugar/elephant-ctc,Search-result repository title/link only,SEARCH_DISCOVERY_NOT_DEEP_READ,,,,,,NOT_CHECKED,NOT_CHECKED,,TITLE_SNIPPET_ONLY,,research/20260903_BIOHUB_CELL_PUBLIC_RECON_V01/staging/github_ecosystem/evidence/search_query_pages.json,queries=GH-RS-009;GH-WEB-010; no README/source claim; GitHub owner/repo identifier is stored in owner_repo.
GH-DISCOVERY-Kukomoo__cell-tracking-biohub,Kukomoo/cell-tracking-biohub,https://github.com/Kukomoo/cell-tracking-biohub,Search-result repository title/link only,SEARCH_DISCOVERY_NOT_DEEP_READ,,,,,,NOT_CHECKED,NOT_CHECKED,,TITLE_SNIPPET_ONLY,,research/20260903_BIOHUB_CELL_PUBLIC_RECON_V01/staging/github_ecosystem/evidence/search_query_pages.json,queries=GH-RS-003; no README/source claim; GitHub owner/repo identifier is stored in owner_repo.
GH-DISCOVERY-leooooeo__Biohub---Cell-Tracking-During-Development-unet,leooooeo/Biohub---Cell-Tracking-During-Development-unet,https://github.com/leooooeo/Biohub---Cell-Tracking-During-Development-unet,Search-result repository title/link only,SEARCH_DISCOVERY_NOT_DEEP_READ,,,,,,NOT_CHECKED,NOT_CHECKED,,TITLE_SNIPPET_ONLY,,research/20260903_BIOHUB_CELL_PUBLIC_RECON_V01/staging/github_ecosystem/evidence/search_query_pages.json,queries=GH-RS-001;GH-RS-002; no README/source claim; GitHub owner/repo identifier is stored in owner_repo.
GH-DEEP-live-image-tracking-tools__geff,live-image-tracking-tools/geff,https://github.com/live-image-tracking-tools/geff,interchange format reference,geff_reference_implementation,42,13,main,5727ad6e7b2a1fd04ee4a24c9e897939131a15fd,2026-08-27T16:28:27-04:00,MIT,False,102,FULL_RELEVANT_REPO_SOURCE_READ,README.md;LICENSE;pyproject.toml;geff-schema.json;packages/geff/README.md;packages/geff/pyproject.toml;packages/geff/src/geff/core_io/_base_read.py;packages/geff/src/geff/core_io/_base_write.py;packages/geff/src/geff/convert/_ctc.py;packages/geff/src/geff/validate/graph.py;packages/geff/src/geff/validate/tracks.py;packages/geff/src/geff/_graph_libs/_graph_adapter.py;packages/geff-spec/src/geff_spec/_schema.py;.pre-commit-config.yaml;CONTRIBUTING.md;docs/_hooks.py;docs/command-line-tools.md;docs/compatibility.md;docs/convert.md;docs/geffception.md;docs/index.md;docs/js/mathjax.js;docs/specification.md;docs/tips-and-tricks.md;docs/tracking.md;docs/what-is-geff.md;mkdocs.yml;packages/geff-spec/LICENSE;packages/geff-spec/README.md;packages/geff-spec/pyproject.toml;packages/geff-spec/src/geff_spec/__init__.py;packages/geff-spec/src/geff_spec/_axis.py;packages/geff-spec/src/geff_spec/_prop_metadata.py;packages/geff-spec/src/geff_spec/_valid_values.py;packages/geff-spec/src/geff_spec/utils.py;packages/geff-spec/tests/conftest.py;packages/geff-spec/tests/test_axis.py;packages/geff-spec/tests/test_prop_metadata.py;packages/geff-spec/tests/test_schema.py;packages/geff-spec/tests/test_utils.py;packages/geff-spec/tests/test_valid_values.py;packages/geff/LICENSE;packages/geff/src/geff/__init__.py;packages/geff/src/geff/_cli.py;packages/geff/src/geff/_graph_libs/README.md;packages/geff/src/geff/_graph_libs/__init__.py;packages/geff/src/geff/_graph_libs/_api_wrapper.py;packages/geff/src/geff/_graph_libs/_backend_protocol.py;packages/geff/src/geff/_graph_libs/_errors.py;packages/geff/src/geff/_graph_libs/_networkx.py;packages/geff/src/geff/_graph_libs/_rustworkx.py;packages/geff/src/geff/_graph_libs/_spatial_graph.py;packages/geff/src/geff/_path.py;packages/geff/src/geff/_typing.py;packages/geff/src/geff/convert/__init__.py;packages/geff/src/geff/convert/_dataframe.py;packages/geff/src/geff/convert/_trackmate_xml.py;packages/geff/src/geff/core_io/__init__.py;packages/geff/src/geff/core_io/_serialization.py;packages/geff/src/geff/core_io/_utils.py;packages/geff/src/geff/testing/__init__.py;packages/geff/src/geff/testing/_utils.py;packages/geff/src/geff/testing/data.py;packages/geff/src/geff/validate/__init__.py;packages/geff/src/geff/validate/data.py;packages/geff/src/geff/validate/segmentation.py;packages/geff/src/geff/validate/shapes.py;packages/geff/src/geff/validate/structure.py;packages/geff/tests/__init__.py;packages/geff/tests/data/FakeTracks.xml;packages/geff/tests/test_bench.py;packages/geff/tests/test_cli.py;packages/geff/tests/test_convert/test_ctc.py;packages/geff/tests/test_convert/test_dataframe.py;packages/geff/tests/test_convert/test_trackmate_xml.py;packages/geff/tests/test_core_io/test_base_read.py;packages/geff/tests/test_core_io/test_base_write.py;packages/geff/tests/test_core_io/test_core_utils.py;packages/geff/tests/test_core_io/test_serialization.py;packages/geff/tests/test_docs/test_specification_json.py;packages/geff/tests/test_graph_libs/test_api_wrapper.py;packages/geff/tests/test_testing/test_testing_data.py;packages/geff/tests/test_validate/test_graph.py;packages/geff/tests/test_validate/test_segmentation.py;packages/geff/tests/test_validate/test_shapes.py;packages/geff/tests/test_validate/test_structure.py;packages/geff/tests/test_validate/test_tracks.py;packages/geff/tests/test_validate/test_validate_data.py,research/20260903_BIOHUB_CELL_PUBLIC_RECON_V01/staging/github_ecosystem/evidence/live-image-tracking-tools__geff/repo_evidence.json,"queries=GH-DEEP-SELECTION;GH-RS-006;GH-WEB-005;GH-WEB-006; GEFF is an interoperability substrate, not a tracking algorithm; GitHub owner/repo identifier is stored in owner_repo."
GH-DEEP-live-image-tracking-tools__geff-java,live-image-tracking-tools/geff-java,https://github.com/live-image-tracking-tools/geff-java,cross-language GEFF implementation,geff_cross_language_implementation,2,0,main,2e071f6295c8fe488182d15b7b80c0e366d9c9f4,2026-07-19T16:45:20+02:00,BSD-family,False,106,FULL_RELEVANT_REPO_SOURCE_READ,.pre-commit-ci.yaml;.pre-commit-config.yaml;LICENSE.txt;README.md;cross-language-tests/README.md;cross-language-tests/pyproject.toml;cross-language-tests/run_tests.py;doc/IMPLEMENTATION_PROGRESS.md;doc/V1_COMPATIBILITY_SUMMARY.md;doc/V1_SPEC_COMPATIBILITY_PLAN.md;doc/VARLENGTH_IMPLEMENTATION.md;doc/release.md;imglib2-eclipse-mars-clean-up-formatter-style.xml;pom.xml;src/main/java/org/mastodon/geff/Geff.java;src/main/java/org/mastodon/geff/GeffAxis.java;src/main/java/org/mastodon/geff/GeffEdge.java;src/main/java/org/mastodon/geff/GeffMetadata.java;src/main/java/org/mastodon/geff/GeffNode.java;src/main/java/org/mastodon/geff/GeffUtils.java;src/main/java/org/mastodon/geff/PropMetadata.java;src/main/java/org/mastodon/geff/RoundTripGeff.java;src/main/java/org/mastodon/geff/VarlengthProperty.java;src/main/java/org/mastodon/geff/geom/GeffSerializableVertex.java;src/test/java/org/mastodon/geff/ChunkedWriteTest.java;src/test/java/org/mastodon/geff/GeffAxisTest.java;src/test/java/org/mastodon/geff/GeffCreateTest.java;src/test/java/org/mastodon/geff/GeffTest.java;src/test/java/org/mastodon/geff/VarlengthPropertyTest.java;src/test/java/org/mastodon/geff/VarlengthPropertyWriteTest.java;src/test/java/org/mastodon/geff/VersionPatternTest.java,research/20260903_BIOHUB_CELL_PUBLIC_RECON_V01/staging/github_ecosystem/evidence/live-image-tracking-tools__geff-java/repo_evidence.json,"queries=GH-DEEP-SELECTION;GH-RS-006;GH-WEB-006; complete relevant-source read confirms interoperability role, not a tracking method; GitHub owner/repo identifier is stored in owner_repo."
GH-DISCOVERY-live-image-tracking-tools__geff-js-validator,live-image-tracking-tools/geff-js-validator,https://github.com/live-image-tracking-tools/geff-js-validator,Search-result repository title/link only,SEARCH_DISCOVERY_NOT_DEEP_READ,,,,,,NOT_CHECKED,NOT_CHECKED,,TITLE_SNIPPET_ONLY,,research/20260903_BIOHUB_CELL_PUBLIC_RECON_V01/staging/github_ecosystem/evidence/search_query_pages.json,queries=GH-RS-006; no README/source claim; GitHub owner/repo identifier is stored in owner_repo.
GH-DISCOVERY-live-image-tracking-tools__napari-geff,live-image-tracking-tools/napari-geff,https://github.com/live-image-tracking-tools/napari-geff,Search-result repository title/link only,SEARCH_DISCOVERY_NOT_DEEP_READ,,,,,,NOT_CHECKED,NOT_CHECKED,,TITLE_SNIPPET_ONLY,,research/20260903_BIOHUB_CELL_PUBLIC_RECON_V01/staging/github_ecosystem/evidence/search_query_pages.json,queries=GH-RS-006;GH-WEB-006; no README/source claim; GitHub owner/repo identifier is stored in owner_repo.
GH-DEEP-m9h__biohub-starter,m9h/biohub-starter,https://github.com/m9h/biohub-starter,competition validation/research starter,competition_participant_validation_starter,1,1,master,c3cdf6bcace5708806efbdac61dcdf6691a234bf,2026-07-25T17:06:06-07:00,NO_LICENSE_FILE_OBSERVED,False,20,FULL_RELEVANT_REPO_SOURCE_READ,README.md;FINDINGS.md;CV_LB_LOG.md;notebook/embryo_holdout_validation.py;scripts/analyze_dataset.py;scripts/eval_per_sample.py;scripts/make_embryo_splits.py;scripts/analyze_candidate_divisions.py;scripts/build_division_classifier.py;scripts/postprocess.py;notebook/embryo_holdout_validation.ipynb;notes/HISTORY_AND_IDEAS.md;notes/PAPER.md;notes/READING_LIST.md;notes/SLIDES.md;scripts/compare_configs.py;scripts/diagnose_divisions.py;scripts/ot_division_probe.py;scripts/ot_probe_detector.py,research/20260903_BIOHUB_CELL_PUBLIC_RECON_V01/staging/github_ecosystem/evidence/m9h__biohub-starter/repo_evidence.json,"queries=GH-CODE-FIRST-PAGE-RELEVANT;GH-DEEP-SELECTION;GH-RS-001;GH-RS-002;GH-RS-003; main contribution is split/evaluation design; README scores and leaderboard statements are AUTHOR_CLAIM, not independently rerun; GitHub owner/repo identifier is stored in owner_repo."
GH-DISCOVERY-manikmayur__biohub-cell-tracking,manikmayur/biohub-cell-tracking,https://github.com/manikmayur/biohub-cell-tracking,Search-result repository title/link only,SEARCH_DISCOVERY_NOT_DEEP_READ,,,,,,NOT_CHECKED,NOT_CHECKED,,TITLE_SNIPPET_ONLY,,research/20260903_BIOHUB_CELL_PUBLIC_RECON_V01/staging/github_ecosystem/evidence/search_query_pages.json,queries=GH-RS-002; no README/source claim; GitHub owner/repo identifier is stored in owner_repo.
GH-DEEP-matt-ceran__biohub-cell-tracking,matt-ceran/biohub-cell-tracking,https://github.com/matt-ceran/biohub-cell-tracking,competition participant pipeline,competition_participant_pipeline,0,0,main,446589b772f4d98adecc3f6ba15434f0e0d57069,2026-08-13T17:43:45-07:00,NO_LICENSE_FILE_OBSERVED,False,84,FULL_RELEVANT_REPO_SOURCE_READ,README.md;pyproject.toml;src/biohub/io.py;src/biohub/detect.py;src/biohub/appearance_model.py;src/biohub/link.py;src/biohub/division.py;src/biohub/division_model.py;src/biohub/metric.py;src/biohub/submission.py;scripts/train_appearance.py;scripts/train_division.py;scripts/run_baseline.py;experiments/2026-08-13-phase11-v2-atlasforge.md;configs/README.md;configs/phase11_division_acceptance.json;configs/phase11_division_assignment.json;configs/phase11_division_proposal.json;configs/phase11_division_sampling.json;configs/phase11_division_split.json;configs/phase11_v2_division.json;data/README.md;experiments/2026-08-02-phase11-fixed-head-training.md;experiments/2026-08-11-phase11-development-grid.md;experiments/2026-08-11-phase11-truth-rank-atlas.md;experiments/README.md;notebooks/README.md;scripts/audit_division_pair_proposals.py;scripts/audit_division_proposals.py;scripts/audit_division_truth_ranks.py;scripts/audit_division_v2_development.py;scripts/build_appearance_dataset.py;scripts/build_division_cache.py;scripts/build_division_dataset.py;scripts/calibrate_detection.py;scripts/download_data.py;scripts/evaluate_metric_demo.py;scripts/freeze_appearance_policy.py;scripts/freeze_division_contracts.py;scripts/freeze_division_policy.py;scripts/inspect_dataset.py;scripts/make_smoke_submission.py;scripts/run_division_v2_fit.py;scripts/score_appearance.py;scripts/summarize_appearance_holdout.py;scripts/validate_appearance.py;scripts/validate_detectors.py;scripts/validate_division_model.py;scripts/validate_divisions.py;scripts/validate_linkers.py;scripts/validate_pruning.py;src/biohub/__init__.py;src/biohub/appearance.py;src/biohub/appearance_evaluation.py;src/biohub/constants.py;src/biohub/division_data.py;src/biohub/division_dataset.py;src/biohub/division_inference.py;src/biohub/division_truth_rank.py;src/biohub/division_v2.py;src/biohub/split.py;submissions/README.md;tests/test_appearance.py;tests/test_appearance_evaluation.py;tests/test_detect_link.py;tests/test_division.py;tests/test_division_data.py;tests/test_division_dataset.py;tests/test_division_inference.py;tests/test_division_model.py;tests/test_division_truth_rank.py;tests/test_division_v2.py;tests/test_division_validation.py;tests/test_freeze_appearance_policy.py;tests/test_io.py;tests/test_metric.py;tests/test_split.py;tests/test_submission.py;tests/test_summarize_appearance_holdout.py;tests/test_train_appearance.py;tests/test_train_division.py;tests/test_validate_appearance.py;tests/test_validate_pruning.py,research/20260903_BIOHUB_CELL_PUBLIC_RECON_V01/staging/github_ecosystem/evidence/matt-ceran__biohub-cell-tracking/repo_evidence.json,"queries=GH-DEEP-SELECTION;GH-RS-001;GH-RS-002;GH-RS-003;GH-RS-010;GH-WEB-002; highly relevant complete participant system; no license file observed, so code reuse is legally constrained; GitHub owner/repo identifier is stored in owner_repo."
GH-DISCOVERY-mcha0019__Cell-Detection-and-Segmentation,mcha0019/Cell-Detection-and-Segmentation,https://github.com/mcha0019/Cell-Detection-and-Segmentation,Search-result repository title/link only,SEARCH_DISCOVERY_NOT_DEEP_READ,,,,,,NOT_CHECKED,NOT_CHECKED,,TITLE_SNIPPET_ONLY,,research/20260903_BIOHUB_CELL_PUBLIC_RECON_V01/staging/github_ecosystem/evidence/search_query_pages.json,queries=GH-RS-009; no README/source claim; GitHub owner/repo identifier is stored in owner_repo.
GH-DISCOVERY-Md-Ali-Azad__Biohub---Cell-Tracking-During-Development,Md-Ali-Azad/Biohub---Cell-Tracking-During-Development,https://github.com/Md-Ali-Azad/Biohub---Cell-Tracking-During-Development,Search-result repository title/link only,SEARCH_DISCOVERY_NOT_DEEP_READ,,,,,,NOT_CHECKED,NOT_CHECKED,,TITLE_SNIPPET_ONLY,,research/20260903_BIOHUB_CELL_PUBLIC_RECON_V01/staging/github_ecosystem/evidence/search_query_pages.json,queries=GH-RS-001;GH-RS-002; no README/source claim; GitHub owner/repo identifier is stored in owner_repo.
GH-DISCOVERY-melani-maheswaran__biohub-cell-tracking,melani-maheswaran/biohub-cell-tracking,https://github.com/melani-maheswaran/biohub-cell-tracking,Search-result repository title/link only,SEARCH_DISCOVERY_NOT_DEEP_READ,,,,,,NOT_CHECKED,NOT_CHECKED,,TITLE_SNIPPET_ONLY,,research/20260903_BIOHUB_CELL_PUBLIC_RECON_V01/staging/github_ecosystem/evidence/search_query_pages.json,queries=GH-RS-002; no README/source claim; GitHub owner/repo identifier is stored in owner_repo.
GH-DISCOVERY-MercaderLabAnatomy__T-MIDAS,MercaderLabAnatomy/T-MIDAS,https://github.com/MercaderLabAnatomy/T-MIDAS,Search-result repository title/link only,SEARCH_DISCOVERY_NOT_DEEP_READ,,,,,,NOT_CHECKED,NOT_CHECKED,,TITLE_SNIPPET_ONLY,,research/20260903_BIOHUB_CELL_PUBLIC_RECON_V01/staging/github_ecosystem/evidence/search_query_pages.json,queries=GH-CODE-FIRST-PAGE-RELEVANT; no README/source claim; GitHub owner/repo identifier is stored in owner_repo.
GH-DISCOVERY-MIDL26-Short-Tracking__trackastra_y,MIDL26-Short-Tracking/trackastra_y,https://github.com/MIDL26-Short-Tracking/trackastra_y,Search-result repository title/link only,SEARCH_DISCOVERY_NOT_DEEP_READ,,,,,,NOT_CHECKED,NOT_CHECKED,,TITLE_SNIPPET_ONLY,,research/20260903_BIOHUB_CELL_PUBLIC_RECON_V01/staging/github_ecosystem/evidence/search_query_pages.json,queries=GH-RS-005; no README/source claim; GitHub owner/repo identifier is stored in owner_repo.
GH-DISCOVERY-most-ieeta__Cell-tracking-challenge,most-ieeta/Cell-tracking-challenge,https://github.com/most-ieeta/Cell-tracking-challenge,Search-result repository title/link only,SEARCH_DISCOVERY_NOT_DEEP_READ,,,,,,NOT_CHECKED,NOT_CHECKED,,TITLE_SNIPPET_ONLY,,research/20260903_BIOHUB_CELL_PUBLIC_RECON_V01/staging/github_ecosystem/evidence/search_query_pages.json,queries=GH-RS-009; no README/source claim; GitHub owner/repo identifier is stored in owner_repo.
GH-DEEP-MouseLand__cellpose,MouseLand/cellpose,https://github.com/MouseLand/cellpose,segmentation component,candidate_3d_segmentation_component,2300,644,main,a54cb48849b7e225a81e8e43dcb042d42427f543,2026-06-14T09:19:49-04:00,BSD-3-Clause,False,110,TARGET_FILES_READ,README.md;LICENSE;setup.py;environment.yml;cellpose/io.py;cellpose/models.py;cellpose/vit.py;cellpose/train.py;cellpose/dynamics.py;cellpose/metrics.py;docs/do3d.rst;docs/train.rst,research/20260903_BIOHUB_CELL_PUBLIC_RECON_V01/staging/github_ecosystem/evidence/MouseLand__cellpose/repo_evidence.json,"queries=GH-DEEP-SELECTION;GH-WEB-012; powerful front-end candidate only; tracking, divisions, GEFF and Biohub submission remain external; GitHub owner/repo identifier is stored in owner_repo."
GH-DISCOVERY-mybenkhadda__Biohub---Cell-Tracking-During-Development,mybenkhadda/Biohub---Cell-Tracking-During-Development,https://github.com/mybenkhadda/Biohub---Cell-Tracking-During-Development,Search-result repository title/link only,SEARCH_DISCOVERY_NOT_DEEP_READ,,,,,,NOT_CHECKED,NOT_CHECKED,,TITLE_SNIPPET_ONLY,,research/20260903_BIOHUB_CELL_PUBLIC_RECON_V01/staging/github_ecosystem/evidence/search_query_pages.json,queries=GH-RS-001;GH-RS-002; no README/source claim; GitHub owner/repo identifier is stored in owner_repo.
GH-DISCOVERY-Myrto-Bioinfo-Lab__Tribolium-Ultrack,Myrto-Bioinfo-Lab/Tribolium-Ultrack,https://github.com/Myrto-Bioinfo-Lab/Tribolium-Ultrack,Search-result repository title/link only,SEARCH_DISCOVERY_NOT_DEEP_READ,,,,,,NOT_CHECKED,NOT_CHECKED,,TITLE_SNIPPET_ONLY,,research/20260903_BIOHUB_CELL_PUBLIC_RECON_V01/staging/github_ecosystem/evidence/search_query_pages.json,queries=GH-RS-004; no README/source claim; GitHub owner/repo identifier is stored in owner_repo.
GH-DISCOVERY-Nakshu__Cell-Tracking-Challenge,Nakshu/Cell-Tracking-Challenge,https://github.com/Nakshu/Cell-Tracking-Challenge,Search-result repository title/link only,SEARCH_DISCOVERY_NOT_DEEP_READ,,,,,,NOT_CHECKED,NOT_CHECKED,,TITLE_SNIPPET_ONLY,,research/20260903_BIOHUB_CELL_PUBLIC_RECON_V01/staging/github_ecosystem/evidence/search_query_pages.json,queries=GH-RS-009; no README/source claim; GitHub owner/repo identifier is stored in owner_repo.
GH-DISCOVERY-naveenlx111-svg__Biohub,naveenlx111-svg/Biohub,https://github.com/naveenlx111-svg/Biohub,Search-result repository title/link only,SEARCH_DISCOVERY_NOT_DEEP_READ,,,,,,NOT_CHECKED,NOT_CHECKED,,TITLE_SNIPPET_ONLY,,research/20260903_BIOHUB_CELL_PUBLIC_RECON_V01/staging/github_ecosystem/evidence/search_query_pages.json,queries=GH-CODE-FIRST-PAGE-RELEVANT; no README/source claim; GitHub owner/repo identifier is stored in owner_repo.
GH-DISCOVERY-NotShubham1112__Detect-and-track-zebrafish-cells-through-3D-space-and-time,NotShubham1112/Detect-and-track-zebrafish-cells-through-3D-space-and-time,https://github.com/NotShubham1112/Detect-and-track-zebrafish-cells-through-3D-space-and-time,Search-result repository title/link only,SEARCH_DISCOVERY_NOT_DEEP_READ,,,,,,NOT_CHECKED,NOT_CHECKED,,TITLE_SNIPPET_ONLY,,research/20260903_BIOHUB_CELL_PUBLIC_RECON_V01/staging/github_ecosystem/evidence/search_query_pages.json,queries=GH-CODE-FIRST-PAGE-RELEVANT; no README/source claim; GitHub owner/repo identifier is stored in owner_repo.
GH-DISCOVERY-Nutlope__cell-tracking-viz,Nutlope/cell-tracking-viz,https://github.com/Nutlope/cell-tracking-viz,Search-result repository title/link only,SEARCH_DISCOVERY_NOT_DEEP_READ,,,,,,NOT_CHECKED,NOT_CHECKED,,TITLE_SNIPPET_ONLY,,research/20260903_BIOHUB_CELL_PUBLIC_RECON_V01/staging/github_ecosystem/evidence/search_query_pages.json,queries=GH-RS-009; no README/source claim; GitHub owner/repo identifier is stored in owner_repo.
GH-DISCOVERY-oivler__biohub-cell-tracking,oivler/biohub-cell-tracking,https://github.com/oivler/biohub-cell-tracking,Search-result repository title/link only,SEARCH_DISCOVERY_NOT_DEEP_READ,,,,,,NOT_CHECKED,NOT_CHECKED,,TITLE_SNIPPET_ONLY,,research/20260903_BIOHUB_CELL_PUBLIC_RECON_V01/staging/github_ecosystem/evidence/search_query_pages.json,queries=GH-RS-001;GH-RS-002;GH-RS-003; no README/source claim; GitHub owner/repo identifier is stored in owner_repo.
GH-DISCOVERY-OlaDare247__maskrcnn_ctc,OlaDare247/maskrcnn_ctc,https://github.com/OlaDare247/maskrcnn_ctc,Search-result repository title/link only,SEARCH_DISCOVERY_NOT_DEEP_READ,,,,,,NOT_CHECKED,NOT_CHECKED,,TITLE_SNIPPET_ONLY,,research/20260903_BIOHUB_CELL_PUBLIC_RECON_V01/staging/github_ecosystem/evidence/search_query_pages.json,queries=GH-RS-009; no README/source claim; GitHub owner/repo identifier is stored in owner_repo.
GH-DISCOVERY-OlaDare247__Medical-Imaging-----VISTA2D-MONAI,OlaDare247/Medical-Imaging-----VISTA2D-MONAI,https://github.com/OlaDare247/Medical-Imaging-----VISTA2D-MONAI,Search-result repository title/link only,SEARCH_DISCOVERY_NOT_DEEP_READ,,,,,,NOT_CHECKED,NOT_CHECKED,,TITLE_SNIPPET_ONLY,,research/20260903_BIOHUB_CELL_PUBLIC_RECON_V01/staging/github_ecosystem/evidence/search_query_pages.json,queries=GH-RS-009; no README/source claim; GitHub owner/repo identifier is stored in owner_repo.
GH-DISCOVERY-ome__ngff,ome/ngff,https://github.com/ome/ngff,Search-result repository title/link only,SEARCH_DISCOVERY_NOT_DEEP_READ,,,,,,NOT_CHECKED,NOT_CHECKED,,TITLE_SNIPPET_ONLY,,research/20260903_BIOHUB_CELL_PUBLIC_RECON_V01/staging/github_ecosystem/evidence/search_query_pages.json,queries=GH-CODE-FIRST-PAGE-RELEVANT; no README/source claim; GitHub owner/repo identifier is stored in owner_repo.
GH-DISCOVERY-oshbocker__biohub_cell_tracking,oshbocker/biohub_cell_tracking,https://github.com/oshbocker/biohub_cell_tracking,Search-result repository title/link only,SEARCH_DISCOVERY_NOT_DEEP_READ,,,,,,NOT_CHECKED,NOT_CHECKED,,TITLE_SNIPPET_ONLY,,research/20260903_BIOHUB_CELL_PUBLIC_RECON_V01/staging/github_ecosystem/evidence/search_query_pages.json,queries=GH-RS-002; no README/source claim; GitHub owner/repo identifier is stored in owner_repo.
GH-DISCOVERY-OtoYuki__cell_tracking,OtoYuki/cell_tracking,https://github.com/OtoYuki/cell_tracking,Search-result repository title/link only,SEARCH_DISCOVERY_NOT_DEEP_READ,,,,,,NOT_CHECKED,NOT_CHECKED,,TITLE_SNIPPET_ONLY,,research/20260903_BIOHUB_CELL_PUBLIC_RECON_V01/staging/github_ecosystem/evidence/search_query_pages.json,queries=GH-RS-009; no README/source claim; GitHub owner/repo identifier is stored in owner_repo.
GH-DISCOVERY-ovationtox-ym__Cell-Tracking,ovationtox-ym/Cell-Tracking,https://github.com/ovationtox-ym/Cell-Tracking,Search-result repository title/link only,SEARCH_DISCOVERY_NOT_DEEP_READ,,,,,,NOT_CHECKED,NOT_CHECKED,,TITLE_SNIPPET_ONLY,,research/20260903_BIOHUB_CELL_PUBLIC_RECON_V01/staging/github_ecosystem/evidence/search_query_pages.json,queries=GH-RS-001;GH-RS-002;GH-RS-003; no README/source claim; GitHub owner/repo identifier is stored in owner_repo.
GH-DISCOVERY-oyishyi__Cell-Tracking-Challenge-CTC-,oyishyi/Cell-Tracking-Challenge-CTC-,https://github.com/oyishyi/Cell-Tracking-Challenge-CTC-,Search-result repository title/link only,SEARCH_DISCOVERY_NOT_DEEP_READ,,,,,,NOT_CHECKED,NOT_CHECKED,,TITLE_SNIPPET_ONLY,,research/20260903_BIOHUB_CELL_PUBLIC_RECON_V01/staging/github_ecosystem/evidence/search_query_pages.json,queries=GH-RS-009; no README/source claim; GitHub owner/repo identifier is stored in owner_repo.
GH-DISCOVERY-Padmavathi-S-code__Kaggle_Biohub_Learning_Journal,Padmavathi-S-code/Kaggle_Biohub_Learning_Journal,https://github.com/Padmavathi-S-code/Kaggle_Biohub_Learning_Journal,Search-result repository title/link only,SEARCH_DISCOVERY_NOT_DEEP_READ,,,,,,NOT_CHECKED,NOT_CHECKED,,TITLE_SNIPPET_ONLY,,research/20260903_BIOHUB_CELL_PUBLIC_RECON_V01/staging/github_ecosystem/evidence/search_query_pages.json,queries=GH-RS-001;GH-RS-002;GH-RS-003; no README/source claim; GitHub owner/repo identifier is stored in owner_repo.
GH-DISCOVERY-pathik1511__biohub-cell-tracking,pathik1511/biohub-cell-tracking,https://github.com/pathik1511/biohub-cell-tracking,Search-result repository title/link only,SEARCH_DISCOVERY_NOT_DEEP_READ,,,,,,NOT_CHECKED,NOT_CHECKED,,TITLE_SNIPPET_ONLY,,research/20260903_BIOHUB_CELL_PUBLIC_RECON_V01/staging/github_ecosystem/evidence/search_query_pages.json,queries=GH-RS-002; no README/source claim; GitHub owner/repo identifier is stored in owner_repo.
GH-DEEP-phucthaiv02__biohub-cell-tracking,phucthaiv02/biohub-cell-tracking,https://github.com/phucthaiv02/biohub-cell-tracking,competition baseline derivative,competition_participant_baseline_derivative,0,0,main,bb5bd58c15e939ddbb030c4e0d1d4280e9d737ee,2026-07-03T16:10:40+07:00,Apache-2.0,False,23,FULL_RELEVANT_REPO_SOURCE_READ,src/biohub_cell_tracking/metrics;LICENSE;README.md;docs/CHALLENGE.md;docs/METRICS.md;main.py;pyproject.toml;scripts/augmentations.py;scripts/dataspec.py;scripts/evaluate.py;scripts/predict_unet_transformer.py;scripts/train_unet_transformer.py;src/biohub_cell_tracking/__init__.py;src/biohub_cell_tracking/division_metrics.py;src/biohub_cell_tracking/img_proc.py;src/biohub_cell_tracking/io.py;src/biohub_cell_tracking/models/__init__.py;src/biohub_cell_tracking/models/simple_node_transformer.py;src/biohub_cell_tracking/models/temporal_unet.py;visualize/visualize_ground_truth.py;visualize/visualize_predictions.py;visualize/visualize_utils.py,research/20260903_BIOHUB_CELL_PUBLIC_RECON_V01/staging/github_ecosystem/evidence/phucthaiv02__biohub-cell-tracking/repo_evidence.json,"queries=GH-CODE-FIRST-PAGE-RELEVANT;GH-DEEP-SELECTION;GH-RS-001;GH-RS-002; source comparison shows a renamed/modified derivative: node transformer identical, temporal U-Net changed for anisotropic pooling; GitHub owner/repo identifier is stored in owner_repo."
GH-DISCOVERY-pjazzy314159__biohub,pjazzy314159/biohub,https://github.com/pjazzy314159/biohub,Search-result repository title/link only,SEARCH_DISCOVERY_NOT_DEEP_READ,,,,,,NOT_CHECKED,NOT_CHECKED,,TITLE_SNIPPET_ONLY,,research/20260903_BIOHUB_CELL_PUBLIC_RECON_V01/staging/github_ecosystem/evidence/search_query_pages.json,queries=GH-RS-001;GH-RS-002; no README/source claim; GitHub owner/repo identifier is stored in owner_repo.
GH-DISCOVERY-PlaceboPaul__cell_seg_n_track,PlaceboPaul/cell_seg_n_track,https://github.com/PlaceboPaul/cell_seg_n_track,Search-result repository title/link only,SEARCH_DISCOVERY_NOT_DEEP_READ,,,,,,NOT_CHECKED,NOT_CHECKED,,TITLE_SNIPPET_ONLY,,research/20260903_BIOHUB_CELL_PUBLIC_RECON_V01/staging/github_ecosystem/evidence/search_query_pages.json,queries=GH-RS-009; no README/source claim; GitHub owner/repo identifier is stored in owner_repo.
GH-DISCOVERY-pomagrenate__biohub-cell-tracking,pomagrenate/biohub-cell-tracking,https://github.com/pomagrenate/biohub-cell-tracking,Search-result repository title/link only,SEARCH_DISCOVERY_NOT_DEEP_READ,,,,,,NOT_CHECKED,NOT_CHECKED,,TITLE_SNIPPET_ONLY,,research/20260903_BIOHUB_CELL_PUBLIC_RECON_V01/staging/github_ecosystem/evidence/search_query_pages.json,queries=GH-RS-002;GH-RS-012; no README/source claim; GitHub owner/repo identifier is stored in owner_repo.
GH-DISCOVERY-pr4deepr__biohub-trackviz,pr4deepr/biohub-trackviz,https://github.com/pr4deepr/biohub-trackviz,Search-result repository title/link only,SEARCH_DISCOVERY_NOT_DEEP_READ,,,,,,NOT_CHECKED,NOT_CHECKED,,TITLE_SNIPPET_ONLY,,research/20260903_BIOHUB_CELL_PUBLIC_RECON_V01/staging/github_ecosystem/evidence/search_query_pages.json,queries=GH-CODE-FIRST-PAGE-RELEVANT; no README/source claim; GitHub owner/repo identifier is stored in owner_repo.
GH-DEEP-quantumjot__btrack,quantumjot/btrack,https://github.com/quantumjot/btrack,Bayesian multi-object tracker,bayesian_cell_tracking,335,55,main,2de42c911253e021b3814191fd1a049a6c0e2628,2026-01-09T13:03:17-08:00,MIT,False,115,FULL_RELEVANT_REPO_SOURCE_READ,README.md;LICENSE.md;pyproject.toml;btrack/core.py;btrack/models.py;btrack/dataio.py;btrack/io/importers.py;btrack/io/exporters.py;btrack/optimise/hypothesis.py;btrack/optimise/optimiser.py;btrack/src/tracker.cc;btrack/src/hypothesis.cc;.napari-hub/DESCRIPTION.md;.napari-hub/config.yml;.pre-commit-config.yaml;.readthedocs.yaml;CHANGELOG.rst;btrack/__init__.py;btrack/btypes.py;btrack/config.py;btrack/constants.py;btrack/datasets.py;btrack/include/bayes.h;btrack/include/belief.h;btrack/include/defs.h;btrack/include/hyperbin.h;btrack/include/hypothesis.h;btrack/include/inference.h;btrack/include/manager.h;btrack/include/motion.h;btrack/include/pdf.h;btrack/include/tracker.h;btrack/include/tracklet.h;btrack/include/types.h;btrack/include/updates.h;btrack/include/wrapper.h;btrack/io/__init__.py;btrack/io/_localization.py;btrack/io/hdf.py;btrack/io/utils.py;btrack/libwrapper.py;btrack/napari.yaml;btrack/napari/__init__.py;btrack/napari/config.py;btrack/napari/constants.py;btrack/napari/examples/show_btrack_widget.py;btrack/napari/main.py;btrack/napari/reader.py;btrack/napari/sync.py;btrack/napari/widgets/__init__.py;btrack/napari/widgets/_general.py;btrack/napari/widgets/_motion.py;btrack/napari/widgets/_optimiser.py;btrack/napari/widgets/create_ui.py;btrack/napari/widgets/io.py;btrack/napari/writer.py;btrack/optimise/__init__.py;btrack/src/bayes.cc;btrack/src/hyperbin.cc;btrack/src/inference.cc;btrack/src/interface.cc;btrack/src/manager.cc;btrack/src/motion.cc;btrack/src/pdf.cc;btrack/src/tracklet.cc;btrack/src/wrapper.cc;btrack/utils.py;build.sh;codecov.yml;docs/about.rst;docs/api.rst;docs/conf.py;docs/dev_guide/index.rst;docs/index.rst;docs/user_guide/configuration.rst;docs/user_guide/index.rst;docs/user_guide/installation.rst;docs/user_guide/large_datasets.rst;docs/user_guide/napari.rst;docs/user_guide/saving_tracks.rst;docs/user_guide/simple_example.rst;docs/user_guide/using_features.rst;examples/README.md;examples/example_tracking_pipeline-features.ipynb;tests/__init__.py;tests/_test_data/test_data.csv;tests/_test_data/test_graph.json;tests/_test_data/test_ground_truth.json;tests/_utils.py;tests/conftest.py;tests/napari/test_dock_widget.py;tests/napari/test_reader.py;tests/test_config.py;tests/test_examples.py;tests/test_io.py;tests/test_models.py;tests/test_shared_lib.py;tests/test_tracker.py;tests/test_tracklets.py;tests/test_utils.py,research/20260903_BIOHUB_CELL_PUBLIC_RECON_V01/staging/github_ecosystem/evidence/quantumjot__btrack/repo_evidence.json,"queries=GH-DEEP-SELECTION; mature lineage optimizer candidate, but detector, coordinate bridge, and competition scoring must be supplied; GitHub owner/repo identifier is stored in owner_repo."
GH-DISCOVERY-ranjithsnair74__biohub-cell-tracking,ranjithsnair74/biohub-cell-tracking,https://github.com/ranjithsnair74/biohub-cell-tracking,Search-result repository title/link only,SEARCH_DISCOVERY_NOT_DEEP_READ,,,,,,NOT_CHECKED,NOT_CHECKED,,TITLE_SNIPPET_ONLY,,research/20260903_BIOHUB_CELL_PUBLIC_RECON_V01/staging/github_ecosystem/evidence/search_query_pages.json,queries=GH-RS-002;GH-RS-003; no README/source claim; GitHub owner/repo identifier is stored in owner_repo.
GH-DEEP-raphaelreme__byotrack,raphaelreme/byotrack,https://github.com/raphaelreme/byotrack,modular tracking framework,modular_biological_tracking_framework,24,6,main,57c59a88aedfc968b1cb05b2c84be75d90c34957,2026-08-25T14:06:33+02:00,MIT,False,197,FULL_RELEVANT_REPO_SOURCE_READ,README.md;LICENSE;pyproject.toml;examples/ctc/link.py;src/byotrack/api/tracker.py;src/byotrack/api/tracking_graph.py;src/byotrack/dataset/ctc.py;src/byotrack/geff/io.py;src/byotrack/implementation/linker/frame_by_frame/greedy_lap.py;src/byotrack/implementation/linker/frame_by_frame/kalman_linker.py;src/byotrack/implementation/linker/trackastra/trackastra.py;src/byotrack/implementation/refiner/stitching/dist_stitcher.py;src/byotrack/metrics/ctc.py;.pre-commit-config.yaml;.readthedocs.yaml;CHANGELOG.md;docs/README.md;docs/source/api/detections.rst;docs/source/api/detector.rst;docs/source/api/linker.rst;docs/source/api/optical_flow.rst;docs/source/api/parameters.rst;docs/source/api/refiner.rst;docs/source/api/tracker.rst;docs/source/api/tracks.rst;docs/source/api/video.rst;docs/source/conf.py;docs/source/datasets/ctc.rst;docs/source/datasets/sinetra.rst;docs/source/fiji.rst;docs/source/icy.rst;docs/source/implementation/detectors/detection_refiners.rst;docs/source/implementation/detectors/detectors.rst;docs/source/implementation/detectors/stardist.rst;docs/source/implementation/detectors/wavelet.rst;docs/source/implementation/linkers/frame_by_frame.rst;docs/source/implementation/linkers/icy_emht.rst;docs/source/implementation/linkers/kalman.rst;docs/source/implementation/linkers/koft.rst;docs/source/implementation/linkers/linkers.rst;docs/source/implementation/linkers/nearest_neighbor.rst;docs/source/implementation/linkers/trackmate.rst;docs/source/implementation/linkers/trackonstra.rst;docs/source/implementation/optical_flows/opencv.rst;docs/source/implementation/optical_flows/optical_flows.rst;docs/source/implementation/optical_flows/skimage.rst;docs/source/implementation/refiners/cleaner.rst;docs/source/implementation/refiners/dist_stitcher.rst;docs/source/implementation/refiners/emc2.rst;docs/source/implementation/refiners/interpolater.rst;docs/source/implementation/refiners/propagation.rst;docs/source/implementation/refiners/refiners.rst;docs/source/implementation/refiners/smoother.rst;docs/source/index.rst;docs/source/install.rst;docs/source/metrics/ctc.rst;docs/source/napari.rst;docs/source/run_examples/ByoTrack fundamental.ipynb;docs/source/run_examples/Detectors.ipynb;docs/source/run_examples/Linkers.ipynb;docs/source/run_examples/Video.ipynb;docs/source/visualize.rst;examples/ByoTrack fundamental.ipynb;examples/Detectors.ipynb;examples/Linkers.ipynb;examples/Video.ipynb;examples/ctc/README.md;examples/ctc/hyper_parameters.json;examples/ctc/requirements.txt;examples/ctc/run_clb.py;src/byotrack/__init__.py;src/byotrack/_env.py;src/byotrack/api/__init__.py;src/byotrack/api/detections/__init__.py;src/byotrack/api/detections/bbox_detections.py;src/byotrack/api/detections/detections.py;src/byotrack/api/detections/point_detections.py;src/byotrack/api/detections/segmentation_detections.py;src/byotrack/api/detections/statistics.py;src/byotrack/api/detector.py;src/byotrack/api/features_extractor.py;src/byotrack/api/linker.py;src/byotrack/api/optical_flow/__init__.py;src/byotrack/api/optical_flow/optical_flow.py;src/byotrack/api/parameters.py;src/byotrack/api/refiner.py;src/byotrack/api/tracks.py;src/byotrack/dataset/__init__.py;src/byotrack/dataset/sinetra.py;src/byotrack/example_data.py;src/byotrack/fiji/__init__.py;src/byotrack/fiji/io.py;src/byotrack/fiji/run.py;src/byotrack/geff/__init__.py;src/byotrack/icy/__init__.py;src/byotrack/icy/io.py;src/byotrack/icy/run.py;src/byotrack/implementation/__init__.py;src/byotrack/implementation/detector/__init__.py;src/byotrack/implementation/detector/refiners.py;src/byotrack/implementation/detector/stardist.py;src/byotrack/implementation/detector/wavelet.py;src/byotrack/implementation/linker/__init__.py;src/byotrack/implementation/linker/frame_by_frame/__init__.py;src/byotrack/implementation/linker/frame_by_frame/base.py;src/byotrack/implementation/linker/frame_by_frame/koft.py;src/byotrack/implementation/linker/frame_by_frame/nearest_neighbor.py;src/byotrack/implementation/linker/frame_by_frame/trackonstra.py;src/byotrack/implementation/linker/icy_emht/__init__.py;src/byotrack/implementation/linker/icy_emht/emht_protocol.xml;src/byotrack/implementation/linker/icy_emht/emht_protocol_with_full_specs.xml;src/byotrack/implementation/linker/icy_emht/icy_emht.py;src/byotrack/implementation/linker/trackastra/__init__.py;src/byotrack/implementation/linker/trackmate/__init__.py;src/byotrack/implementation/linker/trackmate/_trackmate.py;src/byotrack/implementation/linker/trackmate/trackmate.py;src/byotrack/implementation/optical_flow/__init__.py;src/byotrack/implementation/optical_flow/opencv.py;src/byotrack/implementation/optical_flow/skimage.py;src/byotrack/implementation/refiner/__init__.py;src/byotrack/implementation/refiner/cleaner.py;src/byotrack/implementation/refiner/interpolater.py;src/byotrack/implementation/refiner/propagation.py;src/byotrack/implementation/refiner/smoother.py;src/byotrack/implementation/refiner/stitching/__init__.py;src/byotrack/implementation/refiner/stitching/emc2.py;src/byotrack/metrics/__init__.py;src/byotrack/napari/__init__.py;src/byotrack/napari/utils.py;src/byotrack/napari/viewer.py;src/byotrack/utils.py;src/byotrack/video/__init__.py;src/byotrack/video/preprocessor/__init__.py;src/byotrack/video/preprocessor/channel_projection.py;src/byotrack/video/preprocessor/normalizer.py;src/byotrack/video/preprocessor/preprocessor.py;src/byotrack/video/preprocessor/registrator.py;src/byotrack/video/preprocessor/slicer.py;src/byotrack/video/preprocessor/spatial_projection.py;src/byotrack/video/preprocessor/temporal_equalization.py;src/byotrack/video/preprocessor/zoom.py;src/byotrack/video/reader.py;src/byotrack/video/video.py;src/byotrack/visualize.py;tests/__init__.py;tests/api/__init__.py;tests/api/detections/__init__.py;tests/api/detections/conftest.py;tests/api/detections/test_bbox_detections.py;tests/api/detections/test_detections.py;tests/api/detections/test_point_detections.py;tests/api/detections/test_segmentation_detections.py;tests/api/detections/test_statistics.py;tests/api/test_detector.py;tests/api/test_linker.py;tests/api/test_optical_flow.py;tests/api/test_tracker.py;tests/api/test_tracking_graph.py;tests/api/test_tracks.py;tests/dataset/__init__.py;tests/dataset/test_ctc.py;tests/dataset/test_sinetra.py;tests/fiji/__init__.py;tests/fiji/conftest.py;tests/fiji/test_io.py;tests/fiji/test_run.py;tests/geff/__init__.py;tests/geff/conftest.py;tests/geff/test_io.py;tests/icy/__init__.py;tests/icy/conftest.py;tests/icy/test_io.py;tests/icy/test_run.py;tests/test_env.py;tests/test_example_data.py;tests/test_utils.py;tests/video/__init__.py;tests/video/conftest.py;tests/video/test_preprocessors.py;tests/video/test_readers.py;tests/video/test_video.py,research/20260903_BIOHUB_CELL_PUBLIC_RECON_V01/staging/github_ecosystem/evidence/raphaelreme__byotrack/repo_evidence.json,queries=GH-DEEP-SELECTION; useful integration layer to compare linkers under one API; not a ready Biohub submission; GitHub owner/repo identifier is stored in owner_repo.
GH-DISCOVERY-ratishgurav__biohub-cell-tracking,ratishgurav/biohub-cell-tracking,https://github.com/ratishgurav/biohub-cell-tracking,Search-result repository title/link only,SEARCH_DISCOVERY_NOT_DEEP_READ,,,,,,NOT_CHECKED,NOT_CHECKED,,TITLE_SNIPPET_ONLY,,research/20260903_BIOHUB_CELL_PUBLIC_RECON_V01/staging/github_ecosystem/evidence/search_query_pages.json,queries=GH-RS-001;GH-RS-002;GH-RS-003;GH-RS-010; no README/source claim; GitHub owner/repo identifier is stored in owner_repo.
GH-DISCOVERY-ReyDocs__ultrack_alltrack,ReyDocs/ultrack_alltrack,https://github.com/ReyDocs/ultrack_alltrack,Search-result repository title/link only,SEARCH_DISCOVERY_NOT_DEEP_READ,,,,,,NOT_CHECKED,NOT_CHECKED,,TITLE_SNIPPET_ONLY,,research/20260903_BIOHUB_CELL_PUBLIC_RECON_V01/staging/github_ecosystem/evidence/search_query_pages.json,queries=GH-RS-004; no README/source claim; GitHub owner/repo identifier is stored in owner_repo.
GH-DISCOVERY-rima-dev__U-Net-Convolutional-Networks-for-Biomedical-Image-Segmentation,rima-dev/U-Net-Convolutional-Networks-for-Biomedical-Image-Segmentation,https://github.com/rima-dev/U-Net-Convolutional-Networks-for-Biomedical-Image-Segmentation,Search-result repository title/link only,SEARCH_DISCOVERY_NOT_DEEP_READ,,,,,,NOT_CHECKED,NOT_CHECKED,,TITLE_SNIPPET_ONLY,,research/20260903_BIOHUB_CELL_PUBLIC_RECON_V01/staging/github_ecosystem/evidence/search_query_pages.json,queries=GH-RS-009; no README/source claim; GitHub owner/repo identifier is stored in owner_repo.
GH-DISCOVERY-robertorojasp06__ctc-drosophila-other-models,robertorojasp06/ctc-drosophila-other-models,https://github.com/robertorojasp06/ctc-drosophila-other-models,Search-result repository title/link only,SEARCH_DISCOVERY_NOT_DEEP_READ,,,,,,NOT_CHECKED,NOT_CHECKED,,TITLE_SNIPPET_ONLY,,research/20260903_BIOHUB_CELL_PUBLIC_RECON_V01/staging/github_ecosystem/evidence/search_query_pages.json,queries=GH-RS-009; no README/source claim; GitHub owner/repo identifier is stored in owner_repo.
GH-DISCOVERY-robertorojasp06__ctc-submissions,robertorojasp06/ctc-submissions,https://github.com/robertorojasp06/ctc-submissions,Search-result repository title/link only,SEARCH_DISCOVERY_NOT_DEEP_READ,,,,,,NOT_CHECKED,NOT_CHECKED,,TITLE_SNIPPET_ONLY,,research/20260903_BIOHUB_CELL_PUBLIC_RECON_V01/staging/github_ecosystem/evidence/search_query_pages.json,queries=GH-RS-009; no README/source claim; GitHub owner/repo identifier is stored in owner_repo.
GH-DISCOVERY-royerlab__inTRACKtive,royerlab/inTRACKtive,https://github.com/royerlab/inTRACKtive,Search-result repository title/link only,SEARCH_DISCOVERY_NOT_DEEP_READ,,,,,,NOT_CHECKED,NOT_CHECKED,,TITLE_SNIPPET_ONLY,,research/20260903_BIOHUB_CELL_PUBLIC_RECON_V01/staging/github_ecosystem/evidence/search_query_pages.json,queries=GH-RS-008;GH-WEB-001; no README/source claim; GitHub owner/repo identifier is stored in owner_repo.
GH-DEEP-royerlab__kaggle-cell-tracking-competition,royerlab/kaggle-cell-tracking-competition,https://github.com/royerlab/kaggle-cell-tracking-competition,competition host baseline,competition_host_baseline,62,15,main,075fc5f5a52d11077f9dc2b074644618f26939e2,2026-07-17T17:03:46-07:00,BSD-3-Clause,False,49,FULL_RELEVANT_REPO_SOURCE_READ,LICENSE;README.md;metrics.md;pyproject.toml;scripts/augmentations.py;scripts/csv_to_geffs.py;scripts/dataspec.py;scripts/evaluate.py;scripts/geffs_to_csv.py;scripts/predict_unet_transformer.py;scripts/train_unet_transformer.py;src/tracking_cellmot/__init__.py;src/tracking_cellmot/division_metrics.py;src/tracking_cellmot/img_proc.py;src/tracking_cellmot/io.py;src/tracking_cellmot/metrics.py;src/tracking_cellmot/models/__init__.py;src/tracking_cellmot/models/simple_node_transformer.py;src/tracking_cellmot/models/temporal_unet.py;tests/__init__.py;tests/assets/sandbox_examples/3_division.json;tests/assets/sandbox_examples/complex.json;tests/assets/sandbox_examples/complex2.json;tests/assets/sandbox_examples/division.json;tests/assets/sandbox_examples/division_at_end.json;tests/assets/sandbox_examples/division_node_stage.json;tests/assets/sandbox_examples/division_test.json;tests/assets/sandbox_examples/duplicated_division.json;tests/assets/sandbox_examples/edges_wrong_division_ok.json;tests/assets/sandbox_examples/late_division.json;tests/assets/sandbox_examples/merge_delay.json;tests/assets/sandbox_examples/node_conflict.json;tests/assets/sandbox_examples/simple.json;tests/assets/sandbox_examples/successive_div.json;tests/conftest.py;tests/test_division_metrics.py;tests/test_division_sandbox_examples.py;tests/test_img_proc.py;tests/test_io.py;tests/test_metrics.py;tests/test_training_scripts.py;visualize/visualize_ground_truth.py;visualize/visualize_predictions.py;visualize/visualize_utils.py,research/20260903_BIOHUB_CELL_PUBLIC_RECON_V01/staging/github_ecosystem/evidence/royerlab__kaggle-cell-tracking-competition/repo_evidence.json,queries=GH-CODE-FIRST-PAGE-RELEVANT;GH-DEEP-SELECTION;GH-RS-008;GH-WEB-002; mandatory starting point and the closest reproducible reference implementation for the competition metric and submission path; GitHub owner/repo identifier is stored in owner_repo.
GH-DISCOVERY-royerlab__trackedit,royerlab/trackedit,https://github.com/royerlab/trackedit,Search-result repository title/link only,SEARCH_DISCOVERY_NOT_DEEP_READ,,,,,,NOT_CHECKED,NOT_CHECKED,,TITLE_SNIPPET_ONLY,,research/20260903_BIOHUB_CELL_PUBLIC_RECON_V01/staging/github_ecosystem/evidence/search_query_pages.json,queries=GH-RS-008; no README/source claim; GitHub owner/repo identifier is stored in owner_repo.
GH-DEEP-royerlab__tracksdata,royerlab/tracksdata,https://github.com/royerlab/tracksdata,graph data/model toolkit,competition_graph_library,14,7,main,63a1912f3b6ebd1536a2e8a8adfdf7f5eb84efa4,2026-09-02T15:33:20-07:00,BSD-3-Clause,False,124,FULL_RELEVANT_REPO_SOURCE_READ,README.md;LICENSE;pyproject.toml;src/tracksdata/io/_geff.py;src/tracksdata/metrics/_matching.py;src/tracksdata/metrics/_ctc_metrics.py;src/tracksdata/metrics/_traccuracy.py;src/tracksdata/functional/_division.py;src/tracksdata/edges/_distance_edges.py;src/tracksdata/solvers/_ilp_solver.py;src/tracksdata/solvers/_nearest_neighbors_solver.py;src/tracksdata/graph/_sql_graph.py;.pre-commit-config.yaml;asv.conf.json;benchmarks/__init__.py;benchmarks/chunk_coalescing.py;benchmarks/common.py;benchmarks/graph_mutations.py;benchmarks/graph_workflow.py;benchmarks/tracklet_nodes.py;docs/concepts.md;docs/contributing.md;docs/examples.md;docs/examples/basic.py;docs/faq.md;docs/getting_started.md;docs/index.md;docs/installation.md;mkdocs.yml;src/tracksdata/__init__.py;src/tracksdata/_test/test_attrs.py;src/tracksdata/_test/test_options.py;src/tracksdata/array/__init__.py;src/tracksdata/array/_base_array.py;src/tracksdata/array/_graph_array.py;src/tracksdata/array/_nd_chunk_cache.py;src/tracksdata/array/_test/test_graph_array.py;src/tracksdata/array/_test/test_nd_chunk_cache.py;src/tracksdata/attrs.py;src/tracksdata/conftest.py;src/tracksdata/constants.py;src/tracksdata/edges/__init__.py;src/tracksdata/edges/_base_edge_attrs.py;src/tracksdata/edges/_base_edges.py;src/tracksdata/edges/_generic_edges.py;src/tracksdata/edges/_iou_edges.py;src/tracksdata/edges/_test/test_distance_edges.py;src/tracksdata/edges/_test/test_generic_edges.py;src/tracksdata/edges/_test/test_iou_edges.py;src/tracksdata/functional/__init__.py;src/tracksdata/functional/_apply.py;src/tracksdata/functional/_edges.py;src/tracksdata/functional/_iou.py;src/tracksdata/functional/_labeling.py;src/tracksdata/functional/_motile.py;src/tracksdata/functional/_napari.py;src/tracksdata/functional/_rx.py;src/tracksdata/functional/_test/test_apply.py;src/tracksdata/functional/_test/test_division.py;src/tracksdata/functional/_test/test_functional_edges.py;src/tracksdata/functional/_test/test_iou.py;src/tracksdata/functional/_test/test_labeling.py;src/tracksdata/functional/_test/test_motile.py;src/tracksdata/functional/_test/test_napari.py;src/tracksdata/functional/_test/test_rx.py;src/tracksdata/graph/__init__.py;src/tracksdata/graph/_base_graph.py;src/tracksdata/graph/_graph_view.py;src/tracksdata/graph/_mapped_graph_mixin.py;src/tracksdata/graph/_rustworkx_graph.py;src/tracksdata/graph/_test/test_graph_backends.py;src/tracksdata/graph/_test/test_graph_view_signals.py;src/tracksdata/graph/_test/test_index_graph.py;src/tracksdata/graph/_test/test_subgraph.py;src/tracksdata/graph/filters/__init__.py;src/tracksdata/graph/filters/_base_filter.py;src/tracksdata/graph/filters/_indexed_filter.py;src/tracksdata/graph/filters/_spatial_filter.py;src/tracksdata/graph/filters/_test/test_spatial_filter.py;src/tracksdata/io/__init__.py;src/tracksdata/io/_ctc.py;src/tracksdata/io/_numpy_array.py;src/tracksdata/io/_test/test_ctc_io.py;src/tracksdata/io/_test/test_geff_dtypes.py;src/tracksdata/io/_test/test_geff_metadata.py;src/tracksdata/metrics/__init__.py;src/tracksdata/metrics/_test/test_ctc_metrics.py;src/tracksdata/metrics/_test/test_matching.py;src/tracksdata/metrics/_test/test_metrics_visualize.py;src/tracksdata/metrics/_visualize.py;src/tracksdata/nodes/__init__.py;src/tracksdata/nodes/_base_node_attrs.py;src/tracksdata/nodes/_base_nodes.py;src/tracksdata/nodes/_generic_nodes.py;src/tracksdata/nodes/_mask.py;src/tracksdata/nodes/_random.py;src/tracksdata/nodes/_regionprops.py;src/tracksdata/nodes/_test/test_generic_nodes.py;src/tracksdata/nodes/_test/test_mask.py;src/tracksdata/nodes/_test/test_random.py;src/tracksdata/nodes/_test/test_regionprops.py;src/tracksdata/options.py;src/tracksdata/solvers/__init__.py;src/tracksdata/solvers/_base_solver.py;src/tracksdata/solvers/_test/test_ilp_solver.py;src/tracksdata/solvers/_test/test_nearest_neighbors_solver.py;src/tracksdata/utils/__init__.py;src/tracksdata/utils/_cache.py;src/tracksdata/utils/_dataframe.py;src/tracksdata/utils/_dtypes.py;src/tracksdata/utils/_logging.py;src/tracksdata/utils/_multiprocessing.py;src/tracksdata/utils/_signal.py;src/tracksdata/utils/_test/test_attr_key_dtype.py;src/tracksdata/utils/_test/test_dataframe.py;src/tracksdata/utils/_test/test_dtype_serialization.py;src/tracksdata/utils/_test/test_multiprocessing.py,research/20260903_BIOHUB_CELL_PUBLIC_RECON_V01/staging/github_ecosystem/evidence/royerlab__tracksdata/repo_evidence.json,"queries=GH-DEEP-SELECTION;GH-RS-008;GH-RS-013;GH-WEB-001;GH-WEB-005; important reusable graph layer, but not a detector or end-to-end competition solution; GitHub owner/repo identifier is stored in owner_repo."
GH-DEEP-royerlab__ultrack,royerlab/ultrack,https://github.com/royerlab/ultrack,general 2D/3D tracker,general_2d_3d_tracking_and_zebrafish,207,30,main,5c94d845eb0a7b78c8dc24492ef00f218a467995,2026-08-13T10:55:23-07:00,BSD-3-Clause,False,269,TARGET_FILES_READ,README.md;LICENSE;pyproject.toml;docs/source/theory.rst;ultrack/core/tracker.py;ultrack/core/segmentation/processing.py;ultrack/core/segmentation/hierarchy.py;ultrack/core/linking/processing.py;ultrack/core/linking/features.py;ultrack/core/solve/processing.py;ultrack/core/solve/solver/mip_solver.py;ultrack/core/export/geff.py;ultrack/core/export/ctc.py;examples/zebrahub/config.toml;examples/zebrahub/zebrahub.ipynb;.napari-hub/DESCRIPTION.md;.napari-hub/config.yml;.pre-commit-config.yaml;benchmarks/README.md;benchmarks/asv.conf.json;benchmarks/benchmarks/__init__.py;benchmarks/benchmarks/benchmark_solver.py;benchmarks/get_profile_results.py;docker/README.rst;docker/build_containers.py;docs/README.md;docs/source/api.rst;docs/source/appearances.rst;docs/source/cli.rst;docs/source/conf.py;docs/source/configuration.rst;docs/source/examples.rst;docs/source/faq.rst;docs/source/fiji.rst;docs/source/getting_started.rst;docs/source/index.rst;docs/source/install.rst;docs/source/napari.rst;docs/source/optimizing.rst;docs/source/quickstart.rst;docs/source/rest_api.rst;examples/README.rst;examples/api/api_example.ipynb;examples/api/environment_cpu.yml;examples/api/environment_gpu.yml;examples/flow_field_3d/environment_cpu.yml;examples/flow_field_3d/environment_gpu.yml;examples/flow_field_3d/tribolium_cartograph.ipynb;examples/micro_sam/environment_cpu.yml;examples/micro_sam/environment_gpu.yml;examples/micro_sam/micro_sam_tracking.ipynb;examples/multi_color_ensemble/environment_cpu.yml;examples/multi_color_ensemble/environment_gpu.yml;examples/multi_color_ensemble/multi_color_ensemble.ipynb;examples/neuromast_plantseg/environment_cpu.yml;examples/neuromast_plantseg/environment_gpu.yml;examples/neuromast_plantseg/neuromast_plantseg.ipynb;examples/node_features.py;examples/refresh_examples.sh;examples/stardist_2d/2d_tracking.ipynb;examples/stardist_2d/environment_cpu.yml;examples/stardist_2d/environment_gpu.yml;examples/zebrahub/environment_cpu.yml;examples/zebrahub/environment_gpu.yml;tests/test_project_metadata.py;tox.ini;ultrack/__init__.py;ultrack/api/__init__.py;ultrack/api/_test/test_api.py;ultrack/api/app.py;ultrack/api/database.py;ultrack/api/main.py;ultrack/api/settings.py;ultrack/api/utils/__init__.py;ultrack/api/utils/api.py;ultrack/api/utils/fs.py;ultrack/api/utils/zarr.py;ultrack/cli/__init__.py;ultrack/cli/_test/test_cli.py;ultrack/cli/check_gurobi.py;ultrack/cli/clear_database.py;ultrack/cli/config.py;ultrack/cli/data_summary.py;ultrack/cli/estimate_params.py;ultrack/cli/export.py;ultrack/cli/flow.py;ultrack/cli/labels_to_edges.py;ultrack/cli/link.py;ultrack/cli/main.py;ultrack/cli/match_gt.py;ultrack/cli/predict.py;ultrack/cli/segment.py;ultrack/cli/server.py;ultrack/cli/solve.py;ultrack/cli/utils.py;ultrack/cli/view.py;ultrack/config/README.md;ultrack/config/__init__.py;ultrack/config/_test/test_config.py;ultrack/config/config.py;ultrack/config/dataconfig.py;ultrack/config/segmentationconfig.py;ultrack/config/trackingconfig.py;ultrack/conftest.py;ultrack/core/README.md;ultrack/core/__init__.py;ultrack/core/_test/test_database.py;ultrack/core/_test/test_gt_matching.py;ultrack/core/_test/test_interactive.py;ultrack/core/_test/test_main.py;ultrack/core/_test/test_tracker.py;ultrack/core/database.py;ultrack/core/export/__init__.py;ultrack/core/export/_test/test_ctc.py;ultrack/core/export/_test/test_exporter.py;ultrack/core/export/_test/test_geff.py;ultrack/core/export/_test/test_networkx.py;ultrack/core/export/_test/test_trackmate.py;ultrack/core/export/exporter.py;ultrack/core/export/networkx.py;ultrack/core/export/trackmate.py;ultrack/core/export/tracks_layer.py;ultrack/core/export/utils.py;ultrack/core/export/zarr.py;ultrack/core/interactive.py;ultrack/core/linking/__init__.py;ultrack/core/linking/_test/test_link_processing.py;ultrack/core/linking/_test/test_link_utils.py;ultrack/core/linking/utils.py;ultrack/core/main.py;ultrack/core/match_gt.py;ultrack/core/segmentation/__init__.py;ultrack/core/segmentation/_test/test_hierarchy.py;ultrack/core/segmentation/_test/test_node.py;ultrack/core/segmentation/_test/test_segment_processing.py;ultrack/core/segmentation/node.py;ultrack/core/segmentation/utils.py;ultrack/core/segmentation/vendored/graph.py;ultrack/core/segmentation/vendored/hierarchy.py;ultrack/core/segmentation/vendored/node.py;ultrack/core/solve/__init__.py;ultrack/core/solve/_test/test_sql_tracking.py;ultrack/core/solve/solver/__init__.py;ultrack/core/solve/solver/_test/test_solvers.py;ultrack/core/solve/solver/base_solver.py;ultrack/core/solve/solver/heuristic/__init__.py;ultrack/core/solve/solver/heuristic/_heap.py;ultrack/core/solve/solver/heuristic/_numba_heuristic_solver.py;ultrack/core/solve/solver/heuristic/_test/test_heap.py;ultrack/core/solve/solver/heuristic/_test/test_heuristic_solver.py;ultrack/core/solve/solver/heuristic/heuristic_solver.py;ultrack/core/solve/sqlgtmatcher.py;ultrack/core/solve/sqltracking.py;ultrack/imgproc/__init__.py;ultrack/imgproc/_test/test_flow.py;ultrack/imgproc/_test/test_intensity.py;ultrack/imgproc/_test/test_measure.py;ultrack/imgproc/_test/test_plantseg.py;ultrack/imgproc/_test/test_register.py;ultrack/imgproc/_test/test_sam.py;ultrack/imgproc/_test/test_segmentation.py;ultrack/imgproc/flow.py;ultrack/imgproc/intensity.py;ultrack/imgproc/measure.py;ultrack/imgproc/plantseg.py;ultrack/imgproc/register.py;ultrack/imgproc/sam.py;ultrack/imgproc/segmentation.py;ultrack/imgproc/utils.py;ultrack/ml/__init__.py;ultrack/ml/classification.py;ultrack/napari.yaml;ultrack/reader/__init__.py;ultrack/reader/_test/test_napari_reader.py;ultrack/reader/napari_reader.py;ultrack/tracks/__init__.py;ultrack/tracks/_test/test_tracks_gap_closing.py;ultrack/tracks/_test/test_tracks_graph.py;ultrack/tracks/_test/test_tracks_sorting.py;ultrack/tracks/_test/test_tracks_stats.py;ultrack/tracks/_test/test_tracks_video.py;ultrack/tracks/gap_closing.py;ultrack/tracks/graph.py,research/20260903_BIOHUB_CELL_PUBLIC_RECON_V01/staging/github_ecosystem/evidence/royerlab__ultrack/repo_evidence.json,queries=GH-CODE-FIRST-PAGE-RELEVANT;GH-DEEP-SELECTION;GH-RS-004;GH-RS-008;GH-WEB-001; particularly relevant because its tree includes a Zebrahub example and joint segmentation/tracking optimization; GitHub owner/repo identifier is stored in owner_repo.
GH-DISCOVERY-royerlab__ultrack-atini-2025,royerlab/ultrack-atini-2025,https://github.com/royerlab/ultrack-atini-2025,Search-result repository title/link only,SEARCH_DISCOVERY_NOT_DEEP_READ,,,,,,NOT_CHECKED,NOT_CHECKED,,TITLE_SNIPPET_ONLY,,research/20260903_BIOHUB_CELL_PUBLIC_RECON_V01/staging/github_ecosystem/evidence/search_query_pages.json,queries=GH-RS-004; no README/source claim; GitHub owner/repo identifier is stored in owner_repo.
GH-DISCOVERY-royerlab__ultrack-i2k2023,royerlab/ultrack-i2k2023,https://github.com/royerlab/ultrack-i2k2023,Search-result repository title/link only,SEARCH_DISCOVERY_NOT_DEEP_READ,,,,,,NOT_CHECKED,NOT_CHECKED,,TITLE_SNIPPET_ONLY,,research/20260903_BIOHUB_CELL_PUBLIC_RECON_V01/staging/github_ecosystem/evidence/search_query_pages.json,queries=GH-RS-004; no README/source claim; GitHub owner/repo identifier is stored in owner_repo.
GH-DISCOVERY-royerlab__ultrack-i2k2024,royerlab/ultrack-i2k2024,https://github.com/royerlab/ultrack-i2k2024,Search-result repository title/link only,SEARCH_DISCOVERY_NOT_DEEP_READ,,,,,,NOT_CHECKED,NOT_CHECKED,,TITLE_SNIPPET_ONLY,,research/20260903_BIOHUB_CELL_PUBLIC_RECON_V01/staging/github_ecosystem/evidence/search_query_pages.json,queries=GH-RS-004; no README/source claim; GitHub owner/repo identifier is stored in owner_repo.
GH-DISCOVERY-royerlab__ultrack-imagej,royerlab/ultrack-imagej,https://github.com/royerlab/ultrack-imagej,Search-result repository title/link only,SEARCH_DISCOVERY_NOT_DEEP_READ,,,,,,NOT_CHECKED,NOT_CHECKED,,TITLE_SNIPPET_ONLY,,research/20260903_BIOHUB_CELL_PUBLIC_RECON_V01/staging/github_ecosystem/evidence/search_query_pages.json,queries=GH-RS-004; no README/source claim; GitHub owner/repo identifier is stored in owner_repo.
GH-DISCOVERY-royerlab__ultrack-td,royerlab/ultrack-td,https://github.com/royerlab/ultrack-td,Search-result repository title/link only,SEARCH_DISCOVERY_NOT_DEEP_READ,,,,,,NOT_CHECKED,NOT_CHECKED,,TITLE_SNIPPET_ONLY,,research/20260903_BIOHUB_CELL_PUBLIC_RECON_V01/staging/github_ecosystem/evidence/search_query_pages.json,queries=GH-RS-004; no README/source claim; GitHub owner/repo identifier is stored in owner_repo.
GH-DISCOVERY-royerlab__ultrack_CTC_submission,royerlab/ultrack_CTC_submission,https://github.com/royerlab/ultrack_CTC_submission,Search-result repository title/link only,SEARCH_DISCOVERY_NOT_DEEP_READ,,,,,,NOT_CHECKED,NOT_CHECKED,,TITLE_SNIPPET_ONLY,,research/20260903_BIOHUB_CELL_PUBLIC_RECON_V01/staging/github_ecosystem/evidence/search_query_pages.json,queries=GH-RS-004; no README/source claim; GitHub owner/repo identifier is stored in owner_repo.
GH-DISCOVERY-royerlab__ultrack_supplementary,royerlab/ultrack_supplementary,https://github.com/royerlab/ultrack_supplementary,Search-result repository title/link only,SEARCH_DISCOVERY_NOT_DEEP_READ,,,,,,NOT_CHECKED,NOT_CHECKED,,TITLE_SNIPPET_ONLY,,research/20260903_BIOHUB_CELL_PUBLIC_RECON_V01/staging/github_ecosystem/evidence/search_query_pages.json,queries=GH-CODE-FIRST-PAGE-RELEVANT;GH-RS-004; no README/source claim; GitHub owner/repo identifier is stored in owner_repo.
GH-DISCOVERY-royerlab__zebrahub-napari-animation,royerlab/zebrahub-napari-animation,https://github.com/royerlab/zebrahub-napari-animation,Search-result repository title/link only,SEARCH_DISCOVERY_NOT_DEEP_READ,,,,,,NOT_CHECKED,NOT_CHECKED,,TITLE_SNIPPET_ONLY,,research/20260903_BIOHUB_CELL_PUBLIC_RECON_V01/staging/github_ecosystem/evidence/search_query_pages.json,queries=GH-RS-007; no README/source claim; GitHub owner/repo identifier is stored in owner_repo.
GH-DISCOVERY-royerlab__zebrahub-paper-hcr-analysis,royerlab/zebrahub-paper-hcr-analysis,https://github.com/royerlab/zebrahub-paper-hcr-analysis,Search-result repository title/link only,SEARCH_DISCOVERY_NOT_DEEP_READ,,,,,,NOT_CHECKED,NOT_CHECKED,,TITLE_SNIPPET_ONLY,,research/20260903_BIOHUB_CELL_PUBLIC_RECON_V01/staging/github_ecosystem/evidence/search_query_pages.json,queries=GH-RS-007; no README/source claim; GitHub owner/repo identifier is stored in owner_repo.
GH-DISCOVERY-royerlab__zebrahub-paper-umap-3d,royerlab/zebrahub-paper-umap-3d,https://github.com/royerlab/zebrahub-paper-umap-3d,Search-result repository title/link only,SEARCH_DISCOVERY_NOT_DEEP_READ,,,,,,NOT_CHECKED,NOT_CHECKED,,TITLE_SNIPPET_ONLY,,research/20260903_BIOHUB_CELL_PUBLIC_RECON_V01/staging/github_ecosystem/evidence/search_query_pages.json,queries=GH-RS-007;GH-WEB-007; no README/source claim; GitHub owner/repo identifier is stored in owner_repo.
GH-DISCOVERY-royerlab__zebrahub-protocols,royerlab/zebrahub-protocols,https://github.com/royerlab/zebrahub-protocols,Search-result repository title/link only,SEARCH_DISCOVERY_NOT_DEEP_READ,,,,,,NOT_CHECKED,NOT_CHECKED,,TITLE_SNIPPET_ONLY,,research/20260903_BIOHUB_CELL_PUBLIC_RECON_V01/staging/github_ecosystem/evidence/search_query_pages.json,queries=GH-RS-007; no README/source claim; GitHub owner/repo identifier is stored in owner_repo.
GH-DISCOVERY-RSuchkov32__Cell-Tracking-Challenge,RSuchkov32/Cell-Tracking-Challenge,https://github.com/RSuchkov32/Cell-Tracking-Challenge,Search-result repository title/link only,SEARCH_DISCOVERY_NOT_DEEP_READ,,,,,,NOT_CHECKED,NOT_CHECKED,,TITLE_SNIPPET_ONLY,,research/20260903_BIOHUB_CELL_PUBLIC_RECON_V01/staging/github_ecosystem/evidence/search_query_pages.json,queries=GH-RS-009; no README/source claim; GitHub owner/repo identifier is stored in owner_repo.
GH-DISCOVERY-Rudolf-Staline__biohub-cell-tracker,Rudolf-Staline/biohub-cell-tracker,https://github.com/Rudolf-Staline/biohub-cell-tracker,Search-result repository title/link only,SEARCH_DISCOVERY_NOT_DEEP_READ,,,,,,NOT_CHECKED,NOT_CHECKED,,TITLE_SNIPPET_ONLY,,research/20260903_BIOHUB_CELL_PUBLIC_RECON_V01/staging/github_ecosystem/evidence/search_query_pages.json,queries=GH-CODE-FIRST-PAGE-RELEVANT; no README/source claim; GitHub owner/repo identifier is stored in owner_repo.
GH-DISCOVERY-s-shailja__ucsb_ctc,s-shailja/ucsb_ctc,https://github.com/s-shailja/ucsb_ctc,Search-result repository title/link only,SEARCH_DISCOVERY_NOT_DEEP_READ,,,,,,NOT_CHECKED,NOT_CHECKED,,TITLE_SNIPPET_ONLY,,research/20260903_BIOHUB_CELL_PUBLIC_RECON_V01/staging/github_ecosystem/evidence/search_query_pages.json,queries=GH-RS-009; no README/source claim; GitHub owner/repo identifier is stored in owner_repo.
GH-DISCOVERY-SailorRen__Biohub-CELL,SailorRen/Biohub-CELL,https://github.com/SailorRen/Biohub-CELL,Search-result repository title/link only,SEARCH_DISCOVERY_NOT_DEEP_READ,,,,,,NOT_CHECKED,NOT_CHECKED,,TITLE_SNIPPET_ONLY,,research/20260903_BIOHUB_CELL_PUBLIC_RECON_V01/staging/github_ecosystem/evidence/search_query_pages.json,queries=GH-RS-001;GH-RS-002;GH-RS-003; no README/source claim; GitHub owner/repo identifier is stored in owner_repo.
GH-DISCOVERY-Santosdevbjj__biohub-cell-tracking,Santosdevbjj/biohub-cell-tracking,https://github.com/Santosdevbjj/biohub-cell-tracking,Search-result repository title/link only,SEARCH_DISCOVERY_NOT_DEEP_READ,,,,,,NOT_CHECKED,NOT_CHECKED,,TITLE_SNIPPET_ONLY,,research/20260903_BIOHUB_CELL_PUBLIC_RECON_V01/staging/github_ecosystem/evidence/search_query_pages.json,queries=GH-RS-002; no README/source claim; GitHub owner/repo identifier is stored in owner_repo.
GH-DISCOVERY-Sarahnjunge__biohub-cell-tracking,Sarahnjunge/biohub-cell-tracking,https://github.com/Sarahnjunge/biohub-cell-tracking,Search-result repository title/link only,SEARCH_DISCOVERY_NOT_DEEP_READ,,,,,,NOT_CHECKED,NOT_CHECKED,,TITLE_SNIPPET_ONLY,,research/20260903_BIOHUB_CELL_PUBLIC_RECON_V01/staging/github_ecosystem/evidence/search_query_pages.json,queries=GH-RS-002; no README/source claim; GitHub owner/repo identifier is stored in owner_repo.
GH-DISCOVERY-SchmollerLab__Cell_ACDC,SchmollerLab/Cell_ACDC,https://github.com/SchmollerLab/Cell_ACDC,Search-result repository title/link only,SEARCH_DISCOVERY_NOT_DEEP_READ,,,,,,NOT_CHECKED,NOT_CHECKED,,TITLE_SNIPPET_ONLY,,research/20260903_BIOHUB_CELL_PUBLIC_RECON_V01/staging/github_ecosystem/evidence/search_query_pages.json,queries=GH-CODE-FIRST-PAGE-RELEVANT; no README/source claim; GitHub owner/repo identifier is stored in owner_repo.
GH-DISCOVERY-seshurajup__myclew,seshurajup/myclew,https://github.com/seshurajup/myclew,Search-result repository title/link only,SEARCH_DISCOVERY_NOT_DEEP_READ,,,,,,NOT_CHECKED,NOT_CHECKED,,TITLE_SNIPPET_ONLY,,research/20260903_BIOHUB_CELL_PUBLIC_RECON_V01/staging/github_ecosystem/evidence/search_query_pages.json,queries=GH-CODE-FIRST-PAGE-RELEVANT; no README/source claim; GitHub owner/repo identifier is stored in owner_repo.
GH-DISCOVERY-Shubhranshu331__Biohub-Cell-Tracking,Shubhranshu331/Biohub-Cell-Tracking,https://github.com/Shubhranshu331/Biohub-Cell-Tracking,Search-result repository title/link only,SEARCH_DISCOVERY_NOT_DEEP_READ,,,,,,NOT_CHECKED,NOT_CHECKED,,TITLE_SNIPPET_ONLY,,research/20260903_BIOHUB_CELL_PUBLIC_RECON_V01/staging/github_ecosystem/evidence/search_query_pages.json,queries=GH-RS-002; no README/source claim; GitHub owner/repo identifier is stored in owner_repo.
GH-DISCOVERY-sidetech311-hash__-Biohub-Cell-Tracking,sidetech311-hash/-Biohub-Cell-Tracking,https://github.com/sidetech311-hash/-Biohub-Cell-Tracking,Search-result repository title/link only,SEARCH_DISCOVERY_NOT_DEEP_READ,,,,,,NOT_CHECKED,NOT_CHECKED,,TITLE_SNIPPET_ONLY,,research/20260903_BIOHUB_CELL_PUBLIC_RECON_V01/staging/github_ecosystem/evidence/search_query_pages.json,queries=GH-RS-002; no README/source claim; GitHub owner/repo identifier is stored in owner_repo.
GH-DEEP-sota1111__biohub-claude,sota1111/biohub-claude,https://github.com/sota1111/biohub-claude,competition experiment system,competition_participant_experiment_system,0,0,main,503d15ab439a6fb2e27894bc77e9ae4733a4f732,2026-08-23T14:34:51+09:00,LICENSE_FILE_READ_UNCLASSIFIED,False,465,TARGET_FILES_READ,README.md;NOTICE.md;pyproject.toml;requirements.txt;src/biohub_tracking/io.py;src/biohub_tracking/detect.py;src/biohub_tracking/learned_detect.py;src/biohub_tracking/link.py;src/biohub_tracking/xattn_edge.py;src/biohub_tracking/division_overlay.py;src/biohub_tracking/eval/official.py;src/biohub_tracking/eval/score.py;src/biohub_tracking/build_submission.py;submit/make_submission.py;docs/ai/sot-2830-global-mincostflow-linking.md,research/20260903_BIOHUB_CELL_PUBLIC_RECON_V01/staging/github_ecosystem/evidence/sota1111__biohub-claude/repo_evidence.json,queries=GH-DEEP-SELECTION;GH-RS-001;GH-RS-002;GH-RS-003; broad experiment repository sampled at target-file level only; NOTICE is not a classified open-source license; GitHub owner/repo identifier is stored in owner_repo.
GH-DISCOVERY-sota1111__biohub-gpt,sota1111/biohub-gpt,https://github.com/sota1111/biohub-gpt,Search-result repository title/link only,SEARCH_DISCOVERY_NOT_DEEP_READ,,,,,,NOT_CHECKED,NOT_CHECKED,,TITLE_SNIPPET_ONLY,,research/20260903_BIOHUB_CELL_PUBLIC_RECON_V01/staging/github_ecosystem/evidence/search_query_pages.json,queries=GH-CODE-FIRST-PAGE-RELEVANT;GH-RS-001;GH-RS-002;GH-RS-003; no README/source claim; GitHub owner/repo identifier is stored in owner_repo.
GH-DISCOVERY-Sumant40__Biohub---Cell-Tracking-During-Development,Sumant40/Biohub---Cell-Tracking-During-Development,https://github.com/Sumant40/Biohub---Cell-Tracking-During-Development,Search-result repository title/link only,SEARCH_DISCOVERY_NOT_DEEP_READ,,,,,,NOT_CHECKED,NOT_CHECKED,,TITLE_SNIPPET_ONLY,,research/20260903_BIOHUB_CELL_PUBLIC_RECON_V01/staging/github_ecosystem/evidence/search_query_pages.json,queries=GH-RS-001;GH-RS-002; no README/source claim; GitHub owner/repo identifier is stored in owner_repo.
GH-DISCOVERY-SurehSan__Biohub---Cell-Tracking,SurehSan/Biohub---Cell-Tracking,https://github.com/SurehSan/Biohub---Cell-Tracking,Search-result repository title/link only,SEARCH_DISCOVERY_NOT_DEEP_READ,,,,,,NOT_CHECKED,NOT_CHECKED,,TITLE_SNIPPET_ONLY,,research/20260903_BIOHUB_CELL_PUBLIC_RECON_V01/staging/github_ecosystem/evidence/search_query_pages.json,queries=GH-RS-002;GH-RS-003; no README/source claim; GitHub owner/repo identifier is stored in owner_repo.
GH-DISCOVERY-sydneycally-inclane-2812__cell-tracking-challenge-cv-project,sydneycally-inclane-2812/cell-tracking-challenge-cv-project,https://github.com/sydneycally-inclane-2812/cell-tracking-challenge-cv-project,Search-result repository title/link only,SEARCH_DISCOVERY_NOT_DEEP_READ,,,,,,NOT_CHECKED,NOT_CHECKED,,TITLE_SNIPPET_ONLY,,research/20260903_BIOHUB_CELL_PUBLIC_RECON_V01/staging/github_ecosystem/evidence/search_query_pages.json,queries=GH-RS-009; no README/source claim; GitHub owner/repo identifier is stored in owner_repo.
GH-DISCOVERY-syucat__Tymdigk_CTModel,syucat/Tymdigk_CTModel,https://github.com/syucat/Tymdigk_CTModel,Search-result repository title/link only,SEARCH_DISCOVERY_NOT_DEEP_READ,,,,,,NOT_CHECKED,NOT_CHECKED,,TITLE_SNIPPET_ONLY,,research/20260903_BIOHUB_CELL_PUBLIC_RECON_V01/staging/github_ecosystem/evidence/search_query_pages.json,queries=GH-RS-009; no README/source claim; GitHub owner/repo identifier is stored in owner_repo.
GH-DISCOVERY-szymonczaja__Biohub-cell-tracking,szymonczaja/Biohub-cell-tracking,https://github.com/szymonczaja/Biohub-cell-tracking,Search-result repository title/link only,SEARCH_DISCOVERY_NOT_DEEP_READ,,,,,,NOT_CHECKED,NOT_CHECKED,,TITLE_SNIPPET_ONLY,,research/20260903_BIOHUB_CELL_PUBLIC_RECON_V01/staging/github_ecosystem/evidence/search_query_pages.json,queries=GH-RS-002;GH-RS-003; no README/source claim; GitHub owner/repo identifier is stored in owner_repo.
GH-DISCOVERY-tabonsiktir-stack__Ultracker,tabonsiktir-stack/Ultracker,https://github.com/tabonsiktir-stack/Ultracker,Search-result repository title/link only,SEARCH_DISCOVERY_NOT_DEEP_READ,,,,,,NOT_CHECKED,NOT_CHECKED,,TITLE_SNIPPET_ONLY,,research/20260903_BIOHUB_CELL_PUBLIC_RECON_V01/staging/github_ecosystem/evidence/search_query_pages.json,queries=GH-RS-004; no README/source claim; GitHub owner/repo identifier is stored in owner_repo.
GH-DISCOVERY-tanushm31__biohub-cell-tracking,tanushm31/biohub-cell-tracking,https://github.com/tanushm31/biohub-cell-tracking,Search-result repository title/link only,SEARCH_DISCOVERY_NOT_DEEP_READ,,,,,,NOT_CHECKED,NOT_CHECKED,,TITLE_SNIPPET_ONLY,,research/20260903_BIOHUB_CELL_PUBLIC_RECON_V01/staging/github_ecosystem/evidence/search_query_pages.json,queries=GH-RS-002; no README/source claim; GitHub owner/repo identifier is stored in owner_repo.
GH-DISCOVERY-tanvik7072__Biohub-Cell-Tracking-During-Development,tanvik7072/Biohub-Cell-Tracking-During-Development,https://github.com/tanvik7072/Biohub-Cell-Tracking-During-Development,Search-result repository title/link only,SEARCH_DISCOVERY_NOT_DEEP_READ,,,,,,NOT_CHECKED,NOT_CHECKED,,TITLE_SNIPPET_ONLY,,research/20260903_BIOHUB_CELL_PUBLIC_RECON_V01/staging/github_ecosystem/evidence/search_query_pages.json,queries=GH-RS-001;GH-RS-002; no README/source claim; GitHub owner/repo identifier is stored in owner_repo.
GH-DISCOVERY-taresh18__Cell-Tracking-Challenge,taresh18/Cell-Tracking-Challenge,https://github.com/taresh18/Cell-Tracking-Challenge,Search-result repository title/link only,SEARCH_DISCOVERY_NOT_DEEP_READ,,,,,,NOT_CHECKED,NOT_CHECKED,,TITLE_SNIPPET_ONLY,,research/20260903_BIOHUB_CELL_PUBLIC_RECON_V01/staging/github_ecosystem/evidence/search_query_pages.json,queries=GH-RS-009; no README/source claim; GitHub owner/repo identifier is stored in owner_repo.
GH-DEEP-tarunn613__biohub-cell-tracking,tarunn613/biohub-cell-tracking,https://github.com/tarunn613/biohub-cell-tracking,competition participant pipeline,competition_participant_pipeline,0,0,master,6bbcb87747aa65c531da99f21cb773f0a0fef1cc,2026-07-29T02:02:00+05:30,NO_LICENSE_FILE_OBSERVED,False,58,FULL_RELEVANT_REPO_SOURCE_READ,README.md;requirements.txt;docs/metric.md;docs/results.md;src/baseline.py;src/detect_cellpose.py;src/track_lap.py;src/track_motile.py;src/score.py;src/assemble_submission.py;data/README.md;docs/competition.md;docs/experiments.md;reference/file_manifest.csv;reference/sample_submission.csv;reference/zarr_meta/array0_meta/zarr.json;reference/zarr_meta/geff_meta/train/44b6_0113de3b.geff/edges/ids/zarr.json;reference/zarr_meta/geff_meta/train/44b6_0113de3b.geff/edges/props/zarr.json;reference/zarr_meta/geff_meta/train/44b6_0113de3b.geff/edges/zarr.json;reference/zarr_meta/geff_meta/train/44b6_0113de3b.geff/nodes/ids/zarr.json;reference/zarr_meta/geff_meta/train/44b6_0113de3b.geff/nodes/props/zarr.json;reference/zarr_meta/geff_meta/train/44b6_0113de3b.geff/nodes/zarr.json;reference/zarr_meta/geff_meta/train/44b6_0113de3b.geff/zarr.json;reference/zarr_meta/rel/test/44b6_0113de3b/0/zarr.json;reference/zarr_meta/rel/test/6bba_05b6850b/0/zarr.json;reference/zarr_meta/rel/train/44b6_0113de3b/0/zarr.json;reference/zarr_meta/rel/train/6bba_05b6850b/0/zarr.json;reference/zarr_meta/rel/traingeff/44b6_0113de3b/zarr.json;reference/zarr_meta/rel/traingeff/6bba_05b6850b/zarr.json;reference/zarr_meta/root_meta/zarr.json;reference/zarr_meta/verify/train/44b6_0113de3b.geff/edges/ids/zarr.json;reference/zarr_meta/verify/train/44b6_0113de3b.geff/nodes/ids/zarr.json;reference/zarr_meta/verify/train/44b6_0113de3b.geff/nodes/props/t/values/zarr.json;tools/animate_compare.py;tools/animate_detections.py;tools/animate_tracks.py;tools/animate_zarr.py;tools/download_datasets.py;tools/view_compare_napari.py;tools/view_napari.py;tools/view_tracks_napari.py;tools/visualize_zarr.py,research/20260903_BIOHUB_CELL_PUBLIC_RECON_V01/staging/github_ecosystem/evidence/tarunn613__biohub-cell-tracking/repo_evidence.json,queries=GH-DEEP-SELECTION;GH-RS-001;GH-RS-002;GH-RS-003;GH-RS-010; direct competition alternative combining foundation segmentation and global tracking; no license file observed; GitHub owner/repo identifier is stored in owner_repo.
GH-DISCOVERY-TejasThate__kaggle-biohub-cell-tracking,TejasThate/kaggle-biohub-cell-tracking,https://github.com/TejasThate/kaggle-biohub-cell-tracking,Search-result repository title/link only,SEARCH_DISCOVERY_NOT_DEEP_READ,,,,,,NOT_CHECKED,NOT_CHECKED,,TITLE_SNIPPET_ONLY,,research/20260903_BIOHUB_CELL_PUBLIC_RECON_V01/staging/github_ecosystem/evidence/search_query_pages.json,queries=GH-RS-002;GH-RS-003; no README/source claim; GitHub owner/repo identifier is stored in owner_repo.
GH-DISCOVERY-Tha1s24__Projeto_ZebraHub,Tha1s24/Projeto_ZebraHub,https://github.com/Tha1s24/Projeto_ZebraHub,Search-result repository title/link only,SEARCH_DISCOVERY_NOT_DEEP_READ,,,,,,NOT_CHECKED,NOT_CHECKED,,TITLE_SNIPPET_ONLY,,research/20260903_BIOHUB_CELL_PUBLIC_RECON_V01/staging/github_ecosystem/evidence/search_query_pages.json,queries=GH-RS-007; no README/source claim; GitHub owner/repo identifier is stored in owner_repo.
GH-DISCOVERY-Thenowolf__Cell-tracking-challenge,Thenowolf/Cell-tracking-challenge,https://github.com/Thenowolf/Cell-tracking-challenge,Search-result repository title/link only,SEARCH_DISCOVERY_NOT_DEEP_READ,,,,,,NOT_CHECKED,NOT_CHECKED,,TITLE_SNIPPET_ONLY,,research/20260903_BIOHUB_CELL_PUBLIC_RECON_V01/staging/github_ecosystem/evidence/search_query_pages.json,queries=GH-RS-009; no README/source claim; GitHub owner/repo identifier is stored in owner_repo.
GH-DISCOVERY-TimScherr__KIT-GE-3-Cell-Segmentation-for-CTC,TimScherr/KIT-GE-3-Cell-Segmentation-for-CTC,https://github.com/TimScherr/KIT-GE-3-Cell-Segmentation-for-CTC,Search-result repository title/link only,SEARCH_DISCOVERY_NOT_DEEP_READ,,,,,,NOT_CHECKED,NOT_CHECKED,,TITLE_SNIPPET_ONLY,,research/20260903_BIOHUB_CELL_PUBLIC_RECON_V01/staging/github_ecosystem/evidence/search_query_pages.json,queries=GH-RS-009; no README/source claim; GitHub owner/repo identifier is stored in owner_repo.
GH-DISCOVERY-tink0mar__yolo_sam2_cell_tracker,tink0mar/yolo_sam2_cell_tracker,https://github.com/tink0mar/yolo_sam2_cell_tracker,Search-result repository title/link only,SEARCH_DISCOVERY_NOT_DEEP_READ,,,,,,NOT_CHECKED,NOT_CHECKED,,TITLE_SNIPPET_ONLY,,research/20260903_BIOHUB_CELL_PUBLIC_RECON_V01/staging/github_ecosystem/evidence/search_query_pages.json,queries=GH-RS-009; no README/source claim; GitHub owner/repo identifier is stored in owner_repo.
GH-DISCOVERY-Tobi-joshua__Biohub---Cell-Tracking-During-Development,Tobi-joshua/Biohub---Cell-Tracking-During-Development,https://github.com/Tobi-joshua/Biohub---Cell-Tracking-During-Development,Search-result repository title/link only,SEARCH_DISCOVERY_NOT_DEEP_READ,,,,,,NOT_CHECKED,NOT_CHECKED,,TITLE_SNIPPET_ONLY,,research/20260903_BIOHUB_CELL_PUBLIC_RECON_V01/staging/github_ecosystem/evidence/search_query_pages.json,queries=GH-RS-001;GH-RS-002; no README/source claim; GitHub owner/repo identifier is stored in owner_repo.
GH-DEEP-tossowski__BioHub,tossowski/BioHub,https://github.com/tossowski/BioHub,competition participant pipeline,competition_participant_pipeline,0,0,main,a0422bcf810cbb6ca10c71dbf828ea6c76fc8c11,2026-07-10T15:06:05-07:00,MIT,False,91,FULL_RELEVANT_REPO_SOURCE_READ,README.md;LICENSE;pyproject.toml;scripts/train_detection.py;scripts/predict.py;scripts/evaluate.py;src/biohub_tracking/dataspec.py;src/biohub_tracking/io.py;src/biohub_tracking/detection/heatmap.py;src/biohub_tracking/linking/lap.py;src/biohub_tracking/linking/ultrack_linker.py;src/biohub_tracking/linking/postprocess.py;src/biohub_tracking/metrics.py;src/biohub_tracking/submission.py;src/biohub_tracking/pipeline.py;CLAUDE.md;biohub.ipynb;configs/baseline.yaml;kaggle_submit/README.md;kaggle_submit/build_wheelhouse.sh;kaggle_submit/config.sh;kaggle_submit/kernel/kernel-metadata.json;kaggle_submit/kernel_lb897/biohub-lb897-repro.ipynb;kaggle_submit/kernel_lb897/kernel-metadata.json;kaggle_submit/kernel_test/biohub.ipynb;kaggle_submit/kernel_test/kernel-metadata.json;kaggle_submit/push_and_submit.sh;kaggle_submit/stage_model.sh;kaggle_submit/upload_datasets.sh;notebooks/biohub_baseline_submission.ipynb;plans/plan-A.md;research/lb897/lb897-baseline.ipynb;research/lb897_out/tracking_repo/kaggle_test_splits_50ep.json;research/lb897_out/tracking_repo/scripts/augmentations.py;research/lb897_out/tracking_repo/scripts/dataspec.py;research/lb897_out/tracking_repo/scripts/evaluate.py;research/lb897_out/tracking_repo/scripts/predict_unet_transformer.py;research/lb897_out/tracking_repo/scripts/train_unet_transformer.py;research/lb897_out/tracking_repo/src/biohub_tracking/__init__.py;research/lb897_out/tracking_repo/src/biohub_tracking/division_metrics.py;research/lb897_out/tracking_repo/src/biohub_tracking/img_proc.py;research/lb897_out/tracking_repo/src/biohub_tracking/io.py;research/lb897_out/tracking_repo/src/biohub_tracking/metrics.py;research/lb897_out/tracking_repo/src/biohub_tracking/models/__init__.py;research/lb897_out/tracking_repo/src/biohub_tracking/models/simple_node_transformer.py;research/lb897_out/tracking_repo/src/biohub_tracking/models/temporal_unet.py;research/lb897_out2/run_stats.csv;research/lb897_out2/tracking_repo/kaggle_test_splits_50ep.json;research/lb897_out2/tracking_repo/scripts/augmentations.py;research/lb897_out2/tracking_repo/scripts/dataspec.py;research/lb897_out2/tracking_repo/scripts/evaluate.py;research/lb897_out2/tracking_repo/scripts/predict_unet_transformer.py;research/lb897_out2/tracking_repo/scripts/train_unet_transformer.py;research/lb897_out2/tracking_repo/src/biohub_tracking/__init__.py;research/lb897_out2/tracking_repo/src/biohub_tracking/division_metrics.py;research/lb897_out2/tracking_repo/src/biohub_tracking/img_proc.py;research/lb897_out2/tracking_repo/src/biohub_tracking/io.py;research/lb897_out2/tracking_repo/src/biohub_tracking/metrics.py;research/lb897_out2/tracking_repo/src/biohub_tracking/models/__init__.py;research/lb897_out2/tracking_repo/src/biohub_tracking/models/simple_node_transformer.py;research/lb897_out2/tracking_repo/src/biohub_tracking/models/temporal_unet.py;research/pilkwang_graph/biohub-cell-tracking-learned-graph-w-gap-recovery.ipynb;research/rule857/lb-0-857-rule-based-v14.ipynb;research/support_pack_meta/ARTIFACT_MANIFEST.json;research/support_pack_meta/kaggle_dependency_install_command.txt;research/support_pack_meta/requirements-unet-ilp-kaggle-predownload.txt;scripts/download_data.py;scripts/eval_detection.py;scripts/make_submission.py;scripts/run_eda.py;scripts/train_all.py;src/biohub_tracking/__init__.py;src/biohub_tracking/_graph_eval.py;src/biohub_tracking/detection/__init__.py;src/biohub_tracking/detection/blob.py;src/biohub_tracking/detection/eval.py;src/biohub_tracking/eda.py;src/biohub_tracking/linking/__init__.py;src/biohub_tracking/linking/nn.py;src/biohub_tracking/track_graph.py;tests/__init__.py;tests/test_augmentation.py;tests/test_detection_eval.py;tests/test_heatmap.py;tests/test_metrics.py;tests/test_pipeline.py,research/20260903_BIOHUB_CELL_PUBLIC_RECON_V01/staging/github_ecosystem/evidence/tossowski__BioHub/repo_evidence.json,queries=GH-CODE-FIRST-PAGE-RELEVANT;GH-DEEP-SELECTION; complete competition-oriented alternative with both lightweight assignment and Ultrack backend; GitHub owner/repo identifier is stored in owner_repo.
GH-DISCOVERY-trackmate-sc__TrackMate-CTCRunner,trackmate-sc/TrackMate-CTCRunner,https://github.com/trackmate-sc/TrackMate-CTCRunner,Search-result repository title/link only,SEARCH_DISCOVERY_NOT_DEEP_READ,,,,,,NOT_CHECKED,NOT_CHECKED,,TITLE_SNIPPET_ONLY,,research/20260903_BIOHUB_CELL_PUBLIC_RECON_V01/staging/github_ecosystem/evidence/search_query_pages.json,queries=GH-RS-009; no README/source claim; GitHub owner/repo identifier is stored in owner_repo.
GH-DISCOVERY-trackmate-sc__TrackMate-Trackastra,trackmate-sc/TrackMate-Trackastra,https://github.com/trackmate-sc/TrackMate-Trackastra,Search-result repository title/link only,SEARCH_DISCOVERY_NOT_DEEP_READ,,,,,,NOT_CHECKED,NOT_CHECKED,,TITLE_SNIPPET_ONLY,,research/20260903_BIOHUB_CELL_PUBLIC_RECON_V01/staging/github_ecosystem/evidence/search_query_pages.json,queries=GH-CODE-FIRST-PAGE-RELEVANT;GH-RS-005; no README/source claim; GitHub owner/repo identifier is stored in owner_repo.
GH-DISCOVERY-tracksdata__cde-cognizant,tracksdata/cde-cognizant,https://github.com/tracksdata/cde-cognizant,Search-result repository title/link only,NAME_COLLISION_FALSE_POSITIVE,,,,,,NOT_CHECKED,NOT_CHECKED,,TITLE_SNIPPET_ONLY,,research/20260903_BIOHUB_CELL_PUBLIC_RECON_V01/staging/github_ecosystem/evidence/search_query_pages.json,queries=GH-RS-013; no README/source claim; GitHub owner/repo identifier is stored in owner_repo.
GH-DISCOVERY-tracksdata__Cognizant-IIT-CHN,tracksdata/Cognizant-IIT-CHN,https://github.com/tracksdata/Cognizant-IIT-CHN,Search-result repository title/link only,NAME_COLLISION_FALSE_POSITIVE,,,,,,NOT_CHECKED,NOT_CHECKED,,TITLE_SNIPPET_ONLY,,research/20260903_BIOHUB_CELL_PUBLIC_RECON_V01/staging/github_ecosystem/evidence/search_query_pages.json,queries=GH-RS-013; no README/source claim; GitHub owner/repo identifier is stored in owner_repo.
GH-DISCOVERY-tracksdata__Cognizant-JAVA-FSD-HYD,tracksdata/Cognizant-JAVA-FSD-HYD,https://github.com/tracksdata/Cognizant-JAVA-FSD-HYD,Search-result repository title/link only,NAME_COLLISION_FALSE_POSITIVE,,,,,,NOT_CHECKED,NOT_CHECKED,,TITLE_SNIPPET_ONLY,,research/20260903_BIOHUB_CELL_PUBLIC_RECON_V01/staging/github_ecosystem/evidence/search_query_pages.json,queries=GH-RS-013; no README/source claim; GitHub owner/repo identifier is stored in owner_repo.
GH-DISCOVERY-tracksdata__cts-adm-microservices,tracksdata/cts-adm-microservices,https://github.com/tracksdata/cts-adm-microservices,Search-result repository title/link only,NAME_COLLISION_FALSE_POSITIVE,,,,,,NOT_CHECKED,NOT_CHECKED,,TITLE_SNIPPET_ONLY,,research/20260903_BIOHUB_CELL_PUBLIC_RECON_V01/staging/github_ecosystem/evidence/search_query_pages.json,queries=GH-RS-013; no README/source claim; GitHub owner/repo identifier is stored in owner_repo.
GH-DISCOVERY-tracksdata__CTS-Fullstack-Pune,tracksdata/CTS-Fullstack-Pune,https://github.com/tracksdata/CTS-Fullstack-Pune,Search-result repository title/link only,NAME_COLLISION_FALSE_POSITIVE,,,,,,NOT_CHECKED,NOT_CHECKED,,TITLE_SNIPPET_ONLY,,research/20260903_BIOHUB_CELL_PUBLIC_RECON_V01/staging/github_ecosystem/evidence/search_query_pages.json,queries=GH-RS-013; no README/source claim; GitHub owner/repo identifier is stored in owner_repo.
GH-DISCOVERY-tracksdata__mef-cambodia,tracksdata/mef-cambodia,https://github.com/tracksdata/mef-cambodia,Search-result repository title/link only,NAME_COLLISION_FALSE_POSITIVE,,,,,,NOT_CHECKED,NOT_CHECKED,,TITLE_SNIPPET_ONLY,,research/20260903_BIOHUB_CELL_PUBLIC_RECON_V01/staging/github_ecosystem/evidence/search_query_pages.json,queries=GH-RS-013; no README/source claim; GitHub owner/repo identifier is stored in owner_repo.
GH-DISCOVERY-tracksdata__OSP-React,tracksdata/OSP-React,https://github.com/tracksdata/OSP-React,Search-result repository title/link only,NAME_COLLISION_FALSE_POSITIVE,,,,,,NOT_CHECKED,NOT_CHECKED,,TITLE_SNIPPET_ONLY,,research/20260903_BIOHUB_CELL_PUBLIC_RECON_V01/staging/github_ecosystem/evidence/search_query_pages.json,queries=GH-RS-013; no README/source claim; GitHub owner/repo identifier is stored in owner_repo.
GH-DISCOVERY-tracksdata__scb-microservices,tracksdata/scb-microservices,https://github.com/tracksdata/scb-microservices,Search-result repository title/link only,NAME_COLLISION_FALSE_POSITIVE,,,,,,NOT_CHECKED,NOT_CHECKED,,TITLE_SNIPPET_ONLY,,research/20260903_BIOHUB_CELL_PUBLIC_RECON_V01/staging/github_ecosystem/evidence/search_query_pages.json,queries=GH-RS-013; no README/source claim; GitHub owner/repo identifier is stored in owner_repo.
GH-DISCOVERY-tracksdata__steerbatch7-cloud,tracksdata/steerbatch7-cloud,https://github.com/tracksdata/steerbatch7-cloud,Search-result repository title/link only,NAME_COLLISION_FALSE_POSITIVE,,,,,,NOT_CHECKED,NOT_CHECKED,,TITLE_SNIPPET_ONLY,,research/20260903_BIOHUB_CELL_PUBLIC_RECON_V01/staging/github_ecosystem/evidence/search_query_pages.json,queries=GH-RS-013; no README/source claim; GitHub owner/repo identifier is stored in owner_repo.
GH-DISCOVERY-tuannm3812__kaggle-biohub-cell-tracking-during-development,tuannm3812/kaggle-biohub-cell-tracking-during-development,https://github.com/tuannm3812/kaggle-biohub-cell-tracking-during-development,Search-result repository title/link only,SEARCH_DISCOVERY_NOT_DEEP_READ,,,,,,NOT_CHECKED,NOT_CHECKED,,TITLE_SNIPPET_ONLY,,research/20260903_BIOHUB_CELL_PUBLIC_RECON_V01/staging/github_ecosystem/evidence/search_query_pages.json,queries=GH-RS-001;GH-RS-002;GH-RS-003;GH-RS-010; no README/source claim; GitHub owner/repo identifier is stored in owner_repo.
GH-DISCOVERY-ultracker-lester__ultracker-lester,ultracker-lester/ultracker-lester,https://github.com/ultracker-lester/ultracker-lester,Search-result repository title/link only,SEARCH_DISCOVERY_NOT_DEEP_READ,,,,,,NOT_CHECKED,NOT_CHECKED,,TITLE_SNIPPET_ONLY,,research/20260903_BIOHUB_CELL_PUBLIC_RECON_V01/staging/github_ecosystem/evidence/search_query_pages.json,queries=GH-RS-004; no README/source claim; GitHub owner/repo identifier is stored in owner_repo.
GH-DISCOVERY-vaishnavi-ctrl-jpg__Biohub-Cell-Tracking-During-Development,vaishnavi-ctrl-jpg/Biohub-Cell-Tracking-During-Development,https://github.com/vaishnavi-ctrl-jpg/Biohub-Cell-Tracking-During-Development,Search-result repository title/link only,SEARCH_DISCOVERY_NOT_DEEP_READ,,,,,,NOT_CHECKED,NOT_CHECKED,,TITLE_SNIPPET_ONLY,,research/20260903_BIOHUB_CELL_PUBLIC_RECON_V01/staging/github_ecosystem/evidence/search_query_pages.json,queries=GH-RS-001;GH-RS-002; no README/source claim; GitHub owner/repo identifier is stored in owner_repo.
GH-DISCOVERY-vdeeplearning__biohub_kaggle_cell_tracking,vdeeplearning/biohub_kaggle_cell_tracking,https://github.com/vdeeplearning/biohub_kaggle_cell_tracking,Search-result repository title/link only,SEARCH_DISCOVERY_NOT_DEEP_READ,,,,,,NOT_CHECKED,NOT_CHECKED,,TITLE_SNIPPET_ONLY,,research/20260903_BIOHUB_CELL_PUBLIC_RECON_V01/staging/github_ecosystem/evidence/search_query_pages.json,queries=GH-RS-003; no README/source claim; GitHub owner/repo identifier is stored in owner_repo.
GH-DISCOVERY-vicky0718__Biohub-Cell_Tracking_During_Development,vicky0718/Biohub-Cell_Tracking_During_Development,https://github.com/vicky0718/Biohub-Cell_Tracking_During_Development,Search-result repository title/link only,SEARCH_DISCOVERY_NOT_DEEP_READ,,,,,,NOT_CHECKED,NOT_CHECKED,,TITLE_SNIPPET_ONLY,,research/20260903_BIOHUB_CELL_PUBLIC_RECON_V01/staging/github_ecosystem/evidence/search_query_pages.json,queries=GH-RS-001;GH-RS-002; no README/source claim; GitHub owner/repo identifier is stored in owner_repo.
GH-DISCOVERY-victornguyen7__celltrack3d,victornguyen7/celltrack3d,https://github.com/victornguyen7/celltrack3d,Search-result repository title/link only,SEARCH_DISCOVERY_NOT_DEEP_READ,,,,,,NOT_CHECKED,NOT_CHECKED,,TITLE_SNIPPET_ONLY,,research/20260903_BIOHUB_CELL_PUBLIC_RECON_V01/staging/github_ecosystem/evidence/search_query_pages.json,queries=GH-CODE-FIRST-PAGE-RELEVANT; no README/source claim; GitHub owner/repo identifier is stored in owner_repo.
GH-DISCOVERY-vincent-tvincent__ultrack_experiment_yp,vincent-tvincent/ultrack_experiment_yp,https://github.com/vincent-tvincent/ultrack_experiment_yp,Search-result repository title/link only,SEARCH_DISCOVERY_NOT_DEEP_READ,,,,,,NOT_CHECKED,NOT_CHECKED,,TITLE_SNIPPET_ONLY,,research/20260903_BIOHUB_CELL_PUBLIC_RECON_V01/staging/github_ecosystem/evidence/search_query_pages.json,queries=GH-RS-004; no README/source claim; GitHub owner/repo identifier is stored in owner_repo.
GH-DISCOVERY-vitalclick__Biohub,vitalclick/Biohub,https://github.com/vitalclick/Biohub,Search-result repository title/link only,SEARCH_DISCOVERY_NOT_DEEP_READ,,,,,,NOT_CHECKED,NOT_CHECKED,,TITLE_SNIPPET_ONLY,,research/20260903_BIOHUB_CELL_PUBLIC_RECON_V01/staging/github_ecosystem/evidence/search_query_pages.json,queries=GH-RS-001;GH-RS-002; no README/source claim; GitHub owner/repo identifier is stored in owner_repo.
GH-DISCOVERY-vitor458105__ZebraHub,vitor458105/ZebraHub,https://github.com/vitor458105/ZebraHub,Search-result repository title/link only,SEARCH_DISCOVERY_NOT_DEEP_READ,,,,,,NOT_CHECKED,NOT_CHECKED,,TITLE_SNIPPET_ONLY,,research/20260903_BIOHUB_CELL_PUBLIC_RECON_V01/staging/github_ecosystem/evidence/search_query_pages.json,queries=GH-RS-007; no README/source claim; GitHub owner/repo identifier is stored in owner_repo.
GH-DISCOVERY-weigertlab__napari-trackastra,weigertlab/napari-trackastra,https://github.com/weigertlab/napari-trackastra,Search-result repository title/link only,SEARCH_DISCOVERY_NOT_DEEP_READ,,,,,,NOT_CHECKED,NOT_CHECKED,,TITLE_SNIPPET_ONLY,,research/20260903_BIOHUB_CELL_PUBLIC_RECON_V01/staging/github_ecosystem/evidence/search_query_pages.json,queries=GH-RS-005;GH-WEB-004; no README/source claim; GitHub owner/repo identifier is stored in owner_repo.
GH-DEEP-weigertlab__trackastra,weigertlab/trackastra,https://github.com/weigertlab/trackastra,learned association tracker,transformer_cell_tracking,149,32,main,6a8ce94ee7c5a1f22c8eb77229ea5a0bc95a7b5b,2026-08-07T11:57:45-07:00,BSD-3-Clause,False,66,FULL_RELEVANT_REPO_SOURCE_READ,README.md;LICENSE;pyproject.toml;scripts/train.py;trackastra/data/data.py;trackastra/data/features.py;trackastra/data/matching.py;trackastra/model/model.py;trackastra/model/model_api.py;trackastra/model/predict.py;trackastra/tracking/tracking.py;trackastra/tracking/ilp.py;trackastra/tracking/track_graph.py;trackastra/model/pretrained.json;.pre-commit-config.yaml;scripts/example_config.yaml;setup.cfg;tests/test_augmentations.py;tests/test_cli.py;tests/test_data.py;tests/test_features.py;tests/test_inference_api.py;tests/test_matching.py;tests/test_model.py;tests/test_pretrained.py;tests/test_train.py;trackastra/__init__.py;trackastra/cli.py;trackastra/data/__init__.py;trackastra/data/_check_ctc.py;trackastra/data/_compute_overlap.py;trackastra/data/augmentations.py;trackastra/data/distributed.py;trackastra/data/example_data.py;trackastra/data/utils.py;trackastra/data/wrfeat.py;trackastra/model/__init__.py;trackastra/model/model_parts.py;trackastra/model/pretrained.py;trackastra/model/rope.py;trackastra/tracking/__init__.py;trackastra/tracking/utils.py;trackastra/utils/__init__.py;trackastra/utils/utils.py,research/20260903_BIOHUB_CELL_PUBLIC_RECON_V01/staging/github_ecosystem/evidence/weigertlab__trackastra/repo_evidence.json,queries=GH-DEEP-SELECTION;GH-RS-005;GH-WEB-004; strong association component but requires a segmentation/front-end and Biohub-format bridge; GitHub owner/repo identifier is stored in owner_repo.
GH-DISCOVERY-weigertlab__trackastra-models,weigertlab/trackastra-models,https://github.com/weigertlab/trackastra-models,Search-result repository title/link only,SEARCH_DISCOVERY_NOT_DEEP_READ,,,,,,NOT_CHECKED,NOT_CHECKED,,TITLE_SNIPPET_ONLY,,research/20260903_BIOHUB_CELL_PUBLIC_RECON_V01/staging/github_ecosystem/evidence/search_query_pages.json,queries=GH-RS-005; no README/source claim; GitHub owner/repo identifier is stored in owner_repo.
GH-DEEP-WenChentao__3DeeCellTracker,WenChentao/3DeeCellTracker,https://github.com/WenChentao/3DeeCellTracker,3D time-lapse tracker,3d_time_lapse_tracking,70,11,master,0c0518c7790f6c459f205f4acadc46837231f21d,2025-11-13T15:35:43+09:00,MIT,False,74,FULL_RELEVANT_REPO_SOURCE_READ,README.md;LICENSE;pyproject.toml;requirements.txt;CellTracker/preprocess.py;CellTracker/stardistwrapper.py;CellTracker/unet3d.py;CellTracker/ffn.py;CellTracker/track.py;CellTracker/tracker.py;CellTracker/trackerlite.py;CellTracker/watershed.py;CellTracker/__init__.py;CellTracker/analyses.py;CellTracker/coord_image_transformer.py;CellTracker/stardist3dcustom.py;CellTracker/synthesize.py;Examples/use_stardist/track_stardist_ensemble_mode-h5.ipynb;Examples/use_stardist/track_stardist_ensemble_mode.ipynb;Examples/use_stardist/track_stardist_single_mode-h5.ipynb;Examples/use_stardist/track_stardist_single_mode.ipynb;Examples/use_stardist/train_ffn_with_coordinates_csv.ipynb;Examples/use_stardist/train_ffn_with_label_image.ipynb;Examples/use_stardist/train_stardist.ipynb;Examples/use_stardist/worm3_points_t1.csv;Examples/use_unet/3D_U_Net_training-clear.ipynb;Examples/use_unet/ensemble_mode_worm4-clear.ipynb;Examples/use_unet/single_mode_worm1-clear.ipynb;LOG.MD,research/20260903_BIOHUB_CELL_PUBLIC_RECON_V01/staging/github_ecosystem/evidence/WenChentao__3DeeCellTracker/repo_evidence.json,queries=GH-DEEP-SELECTION;GH-WEB-011; relevant 3D motion/registration prior; adaptation to sparse Biohub point labels and divisions would be needed; GitHub owner/repo identifier is stored in owner_repo.
GH-DISCOVERY-willlaon__biohub-cell-tracking-graph-learning,willlaon/biohub-cell-tracking-graph-learning,https://github.com/willlaon/biohub-cell-tracking-graph-learning,Search-result repository title/link only,SEARCH_DISCOVERY_NOT_DEEP_READ,,,,,,NOT_CHECKED,NOT_CHECKED,,TITLE_SNIPPET_ONLY,,research/20260903_BIOHUB_CELL_PUBLIC_RECON_V01/staging/github_ecosystem/evidence/search_query_pages.json,queries=GH-RS-002; no README/source claim; GitHub owner/repo identifier is stored in owner_repo.
GH-DISCOVERY-ytashan__Bio-Cell-Exploratory-Data-Analysis-EDA-,ytashan/Bio-Cell-Exploratory-Data-Analysis-EDA-,https://github.com/ytashan/Bio-Cell-Exploratory-Data-Analysis-EDA-,Search-result repository title/link only,SEARCH_DISCOVERY_NOT_DEEP_READ,,,,,,NOT_CHECKED,NOT_CHECKED,,TITLE_SNIPPET_ONLY,,research/20260903_BIOHUB_CELL_PUBLIC_RECON_V01/staging/github_ecosystem/evidence/search_query_pages.json,queries=GH-RS-001;GH-RS-002; no README/source claim; GitHub owner/repo identifier is stored in owner_repo.
GH-DISCOVERY-ZitouniNidhal__biohub-cell-tracking,ZitouniNidhal/biohub-cell-tracking,https://github.com/ZitouniNidhal/biohub-cell-tracking,Search-result repository title/link only,SEARCH_DISCOVERY_NOT_DEEP_READ,,,,,,NOT_CHECKED,NOT_CHECKED,,TITLE_SNIPPET_ONLY,,research/20260903_BIOHUB_CELL_PUBLIC_RECON_V01/staging/github_ecosystem/evidence/search_query_pages.json,queries=GH-RS-002; no README/source claim; GitHub owner/repo identifier is stored in owner_repo.
GH-DISCOVERY-ZitouniNidhal__ZebraTrack3D,ZitouniNidhal/ZebraTrack3D,https://github.com/ZitouniNidhal/ZebraTrack3D,Search-result repository title/link only,SEARCH_DISCOVERY_NOT_DEEP_READ,,,,,,NOT_CHECKED,NOT_CHECKED,,TITLE_SNIPPET_ONLY,,research/20260903_BIOHUB_CELL_PUBLIC_RECON_V01/staging/github_ecosystem/evidence/search_query_pages.json,queries=GH-CODE-FIRST-PAGE-RELEVANT; no README/source claim; GitHub owner/repo identifier is stored in owner_repo.
