query_id,category,platform,query,sort_order,result_page,reported_total,actually_obtained,unique_after_dedupe,deep_read_count,access_time_utc,access_time_singapore,status,evidence_path,notes
GH-CS-001,github_code,GitHub Code Search,biohub-cell-tracking-during-development,Best match,1,100,20,20,0,2026-09-03T08:25:00Z,2026-09-03T16:25:00+08:00,PARTIAL,research/20260903_BIOHUB_CELL_PUBLIC_RECON_V01/staging/github_ecosystem/evidence/search_query_pages.json,source_id=GH-CS-001; url=https://github.com/search?q=biohub-cell-tracking-during-development&type=code&p=1; response_bytes=7702; response_sha256=62b9fca436ec98bdea873d06471914b0f71b4bbc1f9a9f12cb08dc50c6570b82; first result page only; per-query blob paths were deduplicated; deep_read_count=0 because fixed-repository reads were not attributed to an individual code query
GH-CS-002,github_code,GitHub Code Search,adjusted_edge_jaccard,Best match,1,101,21,21,0,2026-09-03T08:25:00Z,2026-09-03T16:25:00+08:00,PARTIAL,research/20260903_BIOHUB_CELL_PUBLIC_RECON_V01/staging/github_ecosystem/evidence/search_query_pages.json,source_id=GH-CS-002; url=https://github.com/search?q=adjusted_edge_jaccard&type=code&p=1; response_bytes=7318; response_sha256=3741879a69ad23ff66cb5bcd289ba5247319bf36c9d86a321e7dac2be1287cfd; first result page only; per-query blob paths were deduplicated; deep_read_count=0 because fixed-repository reads were not attributed to an individual code query
GH-CS-003,github_code,GitHub Code Search,division_jaccard Biohub,Best match,1,100,20,20,0,2026-09-03T08:25:00Z,2026-09-03T16:25:00+08:00,PARTIAL,research/20260903_BIOHUB_CELL_PUBLIC_RECON_V01/staging/github_ecosystem/evidence/search_query_pages.json,source_id=GH-CS-003; url=https://github.com/search?q=division_jaccard+Biohub&type=code&p=1; response_bytes=11018; response_sha256=67dfaba067710732ed1ff914d3c1404457af2077c9f90c7f9034bbcc461fa7e4; first result page only; per-query blob paths were deduplicated; deep_read_count=0 because fixed-repository reads were not attributed to an individual code query
GH-CS-004,github_code,GitHub Code Search,GEFF tracksdata Biohub,Best match,1,100,20,20,0,2026-09-03T08:25:00Z,2026-09-03T16:25:00+08:00,PARTIAL,research/20260903_BIOHUB_CELL_PUBLIC_RECON_V01/staging/github_ecosystem/evidence/search_query_pages.json,source_id=GH-CS-004; url=https://github.com/search?q=GEFF+tracksdata+Biohub&type=code&p=1; response_bytes=12896; response_sha256=e3fd86f095d5267a09e30c270d55d1ce721d856735d5507aed5a3dc0251a8d64; first result page only; per-query blob paths were deduplicated; deep_read_count=0 because fixed-repository reads were not attributed to an individual code query
GH-CS-005,github_code,GitHub Code Search,"""temporal affinity fields"" cell lineage",Best match,1,165,2,2,0,2026-09-03T08:25:00Z,2026-09-03T16:25:00+08:00,PARTIAL,research/20260903_BIOHUB_CELL_PUBLIC_RECON_V01/staging/github_ecosystem/evidence/search_query_pages.json,source_id=GH-CS-005; url=https://github.com/search?q=%22temporal+affinity+fields%22+cell+lineage&type=code&p=1; response_bytes=1525; response_sha256=ad6d0b9c362042639cc1e394aff38190a538e4541753ac8f31b8ef337141066e; first result page only; per-query blob paths were deduplicated; deep_read_count=0 because fixed-repository reads were not attributed to an individual code query
GH-CS-006,github_code,GitHub Code Search,OME-Zarr zebrafish tracking,Best match,1,128,36,36,0,2026-09-03T08:25:00Z,2026-09-03T16:25:00+08:00,PARTIAL,research/20260903_BIOHUB_CELL_PUBLIC_RECON_V01/staging/github_ecosystem/evidence/search_query_pages.json,source_id=GH-CS-006; url=https://github.com/search?q=OME-Zarr+zebrafish+tracking&type=code&p=1; response_bytes=13408; response_sha256=7515de7f643121b70e18f356a6fa5a66b7db99ab384591fc8cfea3e9d4a62953; first result page only; per-query blob paths were deduplicated; deep_read_count=0 because fixed-repository reads were not attributed to an individual code query
GH-CS-007,github_code,GitHub Code Search,Ultrack zebrafish embryo,Best match,1,74,24,24,0,2026-09-03T08:25:00Z,2026-09-03T16:25:00+08:00,PARTIAL,research/20260903_BIOHUB_CELL_PUBLIC_RECON_V01/staging/github_ecosystem/evidence/search_query_pages.json,source_id=GH-CS-007; url=https://github.com/search?q=Ultrack+zebrafish+embryo&type=code&p=1; response_bytes=13405; response_sha256=c8d4f9852855e105cf60d699d16603f58fc56eafda2b72cb6dda3081cd8deedf; first result page only; per-query blob paths were deduplicated; deep_read_count=0 because fixed-repository reads were not attributed to an individual code query
GH-CS-008,github_code,GitHub Code Search,Trackastra cell tracking,Best match,1,139,27,27,0,2026-09-03T08:25:00Z,2026-09-03T16:25:00+08:00,PARTIAL,research/20260903_BIOHUB_CELL_PUBLIC_RECON_V01/staging/github_ecosystem/evidence/search_query_pages.json,source_id=GH-CS-008; url=https://github.com/search?q=Trackastra+cell+tracking&type=code&p=1; response_bytes=12426; response_sha256=6ba9e3ab4fddd50fc1ccbae4414d5ba4093ba3961110c9f2cfea05f963782e06; first result page only; per-query blob paths were deduplicated; deep_read_count=0 because fixed-repository reads were not attributed to an individual code query
GH-CS-009,github_code,GitHub Code Search,graph optimization cell lineage,Best match,1,151,45,45,0,2026-09-03T08:25:00Z,2026-09-03T16:25:00+08:00,PARTIAL,research/20260903_BIOHUB_CELL_PUBLIC_RECON_V01/staging/github_ecosystem/evidence/search_query_pages.json,source_id=GH-CS-009; url=https://github.com/search?q=graph+optimization+cell+lineage&type=code&p=1; response_bytes=13118; response_sha256=f696a3ae9bc117e7f54e777ba2ad63f01ebaea998ba3a5586471320c66602256; first result page only; per-query blob paths were deduplicated; deep_read_count=0 because fixed-repository reads were not attributed to an individual code query
GH-SEARCH-BROAD-P1,github_repository,GitHub Repository Search,"""Biohub Cell Tracking""",Best match,1,68,10,10,2,2026-09-03T08:25:00Z,2026-09-03T16:25:00+08:00,OK,research/20260903_BIOHUB_CELL_PUBLIC_RECON_V01/staging/github_ecosystem/evidence/search_query_pages.json,source_id=GH-SEARCH-BROAD-P1; url=https://github.com/search?q=%22Biohub+Cell+Tracking%22&type=repositories&p=1; response_bytes=1996; response_sha256=d9efb2ebba1144b2595575cf7c3e32d1c4d67dae5ddd797648bbb9a40a2b9bf5; access_window_utc=2026-09-03T08:19:00Z..2026-09-03T08:25:00Z; scope=visible main text and repository result links
GH-SEARCH-BROAD-P2,github_repository,GitHub Repository Search,"""Biohub Cell Tracking""",Best match,2,68,10,10,1,2026-09-03T08:25:00Z,2026-09-03T16:25:00+08:00,OK,research/20260903_BIOHUB_CELL_PUBLIC_RECON_V01/staging/github_ecosystem/evidence/search_query_pages.json,source_id=GH-SEARCH-BROAD-P2; url=https://github.com/search?q=%22Biohub+Cell+Tracking%22&type=repositories&p=2; response_bytes=2363; response_sha256=89487c4d1a8bb6d876d1928eb35e1e24c34b7a0b331e10aa3a68590b6d2766af; access_window_utc=2026-09-03T08:19:00Z..2026-09-03T08:25:00Z; scope=visible main text and repository result links
GH-SEARCH-BROAD-P3,github_repository,GitHub Repository Search,"""Biohub Cell Tracking""",Best match,3,68,10,10,1,2026-09-03T08:25:00Z,2026-09-03T16:25:00+08:00,OK,research/20260903_BIOHUB_CELL_PUBLIC_RECON_V01/staging/github_ecosystem/evidence/search_query_pages.json,source_id=GH-SEARCH-BROAD-P3; url=https://github.com/search?q=%22Biohub+Cell+Tracking%22&type=repositories&p=3; response_bytes=2404; response_sha256=a0df27066b398f9065ce94c665fe34e304c3a354bc59199bbf4a57780ce94c4e; access_window_utc=2026-09-03T08:19:00Z..2026-09-03T08:25:00Z; scope=visible main text and repository result links
GH-SEARCH-BROAD-P4,github_repository,GitHub Repository Search,"""Biohub Cell Tracking""",Best match,4,68,10,10,0,2026-09-03T08:25:00Z,2026-09-03T16:25:00+08:00,OK,research/20260903_BIOHUB_CELL_PUBLIC_RECON_V01/staging/github_ecosystem/evidence/search_query_pages.json,source_id=GH-SEARCH-BROAD-P4; url=https://github.com/search?q=%22Biohub+Cell+Tracking%22&type=repositories&p=4; response_bytes=1762; response_sha256=f6ee2a23719d433df02fe981dadc5bc3ab4d422a43d58c185d1626c7b8c960f0; access_window_utc=2026-09-03T08:19:00Z..2026-09-03T08:25:00Z; scope=visible main text and repository result links
GH-SEARCH-BROAD-P5,github_repository,GitHub Repository Search,"""Biohub Cell Tracking""",Best match,5,68,10,10,0,2026-09-03T08:25:00Z,2026-09-03T16:25:00+08:00,OK,research/20260903_BIOHUB_CELL_PUBLIC_RECON_V01/staging/github_ecosystem/evidence/search_query_pages.json,source_id=GH-SEARCH-BROAD-P5; url=https://github.com/search?q=%22Biohub+Cell+Tracking%22&type=repositories&p=5; response_bytes=2007; response_sha256=6ac710b0b943b3e744a426a2f70dc195800bd2000dbc5f45bf6da9d2ef570bc0; access_window_utc=2026-09-03T08:19:00Z..2026-09-03T08:25:00Z; scope=visible main text and repository result links
GH-SEARCH-BROAD-P6,github_repository,GitHub Repository Search,"""Biohub Cell Tracking""",Best match,6,68,10,10,0,2026-09-03T08:25:00Z,2026-09-03T16:25:00+08:00,OK,research/20260903_BIOHUB_CELL_PUBLIC_RECON_V01/staging/github_ecosystem/evidence/search_query_pages.json,source_id=GH-SEARCH-BROAD-P6; url=https://github.com/search?q=%22Biohub+Cell+Tracking%22&type=repositories&p=6; response_bytes=2037; response_sha256=b45c67a8de95edc4707d1adc00370402de11ca34efb197c8b319aa8478e1ef6f; access_window_utc=2026-09-03T08:19:00Z..2026-09-03T08:25:00Z; scope=visible main text and repository result links
GH-SEARCH-BROAD-P7,github_repository,GitHub Repository Search,"""Biohub Cell Tracking""",Best match,7,68,8,8,1,2026-09-03T08:25:00Z,2026-09-03T16:25:00+08:00,OK,research/20260903_BIOHUB_CELL_PUBLIC_RECON_V01/staging/github_ecosystem/evidence/search_query_pages.json,source_id=GH-SEARCH-BROAD-P7; url=https://github.com/search?q=%22Biohub+Cell+Tracking%22&type=repositories&p=7; response_bytes=2482; response_sha256=a39a49f1a262095df302dff1ba1105474d93ca7e61cecc9620120e1d3f25c02c; access_window_utc=2026-09-03T08:19:00Z..2026-09-03T08:25:00Z; scope=visible main text and repository result links
GH-SEARCH-CTC-P1,github_repository,GitHub Repository Search,"""Cell Tracking Challenge""",Best match,1,33,10,10,0,2026-09-03T08:25:00Z,2026-09-03T16:25:00+08:00,OK,research/20260903_BIOHUB_CELL_PUBLIC_RECON_V01/staging/github_ecosystem/evidence/search_query_pages.json,source_id=GH-SEARCH-CTC-P1; url=https://github.com/search?q=%22Cell+Tracking+Challenge%22&type=repositories&p=1; response_bytes=2403; response_sha256=96bd5359418bdf5b1c60e7af9ad3de9390db9e6ecdb7e2b53941f119167f5381; access_window_utc=2026-09-03T08:19:00Z..2026-09-03T08:25:00Z; scope=visible main text and repository result links
GH-SEARCH-CTC-P2,github_repository,GitHub Repository Search,"""Cell Tracking Challenge""",Best match,2,33,10,10,0,2026-09-03T08:25:00Z,2026-09-03T16:25:00+08:00,OK,research/20260903_BIOHUB_CELL_PUBLIC_RECON_V01/staging/github_ecosystem/evidence/search_query_pages.json,source_id=GH-SEARCH-CTC-P2; url=https://github.com/search?q=%22Cell+Tracking+Challenge%22&type=repositories&p=2; response_bytes=2404; response_sha256=67776657dd21a1dfcf7f9d8abc873382546902b38a51ecd360365cef7fc8efc4; access_window_utc=2026-09-03T08:19:00Z..2026-09-03T08:25:00Z; scope=visible main text and repository result links
GH-SEARCH-CTC-P3,github_repository,GitHub Repository Search,"""Cell Tracking Challenge""",Best match,3,33,10,10,0,2026-09-03T08:25:00Z,2026-09-03T16:25:00+08:00,OK,research/20260903_BIOHUB_CELL_PUBLIC_RECON_V01/staging/github_ecosystem/evidence/search_query_pages.json,source_id=GH-SEARCH-CTC-P3; url=https://github.com/search?q=%22Cell+Tracking+Challenge%22&type=repositories&p=3; response_bytes=2765; response_sha256=2aa138b46acb695c81b71de53e4a851a27afd915255b9ae15db4c61632e12eee; access_window_utc=2026-09-03T08:19:00Z..2026-09-03T08:25:00Z; scope=visible main text and repository result links
GH-SEARCH-CTC-P4,github_repository,GitHub Repository Search,"""Cell Tracking Challenge""",Best match,4,33,3,3,0,2026-09-03T08:25:00Z,2026-09-03T16:25:00+08:00,OK,research/20260903_BIOHUB_CELL_PUBLIC_RECON_V01/staging/github_ecosystem/evidence/search_query_pages.json,source_id=GH-SEARCH-CTC-P4; url=https://github.com/search?q=%22Cell+Tracking+Challenge%22&type=repositories&p=4; response_bytes=1577; response_sha256=8822c4c3abb6f93f3c3b8a99d586d8738f93a177c9cb273955c6059ea8767380; access_window_utc=2026-09-03T08:19:00Z..2026-09-03T08:25:00Z; scope=visible main text and repository result links
GH-SEARCH-EXACT-P1,github_repository,GitHub Repository Search,"""biohub-cell-tracking-during-development""",Best match,1,37,10,10,1,2026-09-03T08:25:00Z,2026-09-03T16:25:00+08:00,OK,research/20260903_BIOHUB_CELL_PUBLIC_RECON_V01/staging/github_ecosystem/evidence/search_query_pages.json,source_id=GH-SEARCH-EXACT-P1; url=https://github.com/search?q=%22biohub-cell-tracking-during-development%22&type=repositories&p=1; response_bytes=1995; response_sha256=59b28a9a8c2f50a01ee55c8dc45571f5118db2330aae8f63c4d0e70bb5d48cdb; access_window_utc=2026-09-03T08:19:00Z..2026-09-03T08:25:00Z; scope=visible main text and repository result links
GH-SEARCH-EXACT-P2,github_repository,GitHub Repository Search,"""biohub-cell-tracking-during-development""",Best match,2,37,10,10,0,2026-09-03T08:25:00Z,2026-09-03T16:25:00+08:00,OK,research/20260903_BIOHUB_CELL_PUBLIC_RECON_V01/staging/github_ecosystem/evidence/search_query_pages.json,source_id=GH-SEARCH-EXACT-P2; url=https://github.com/search?q=%22biohub-cell-tracking-during-development%22&type=repositories&p=2; response_bytes=2210; response_sha256=18ec15029d3e70aa6480316619576f79233a35d269178b37fa9760fff76b807f; access_window_utc=2026-09-03T08:19:00Z..2026-09-03T08:25:00Z; scope=visible main text and repository result links
GH-SEARCH-EXACT-P3,github_repository,GitHub Repository Search,"""biohub-cell-tracking-during-development""",Best match,3,37,10,10,3,2026-09-03T08:25:00Z,2026-09-03T16:25:00+08:00,OK,research/20260903_BIOHUB_CELL_PUBLIC_RECON_V01/staging/github_ecosystem/evidence/search_query_pages.json,source_id=GH-SEARCH-EXACT-P3; url=https://github.com/search?q=%22biohub-cell-tracking-during-development%22&type=repositories&p=3; response_bytes=2384; response_sha256=ac09a763d0760cb6cca9f52d1daf79e588d5d8617099af23a61197a9d7160659; access_window_utc=2026-09-03T08:19:00Z..2026-09-03T08:25:00Z; scope=visible main text and repository result links
GH-SEARCH-EXACT-P4,github_repository,GitHub Repository Search,"""biohub-cell-tracking-during-development""",Best match,4,37,7,7,1,2026-09-03T08:25:00Z,2026-09-03T16:25:00+08:00,OK,research/20260903_BIOHUB_CELL_PUBLIC_RECON_V01/staging/github_ecosystem/evidence/search_query_pages.json,source_id=GH-SEARCH-EXACT-P4; url=https://github.com/search?q=%22biohub-cell-tracking-during-development%22&type=repositories&p=4; response_bytes=2431; response_sha256=cbc0792070370eaf494ddec821027ad7edb3f0317d4cbbf3d246784bf8103df0; access_window_utc=2026-09-03T08:19:00Z..2026-09-03T08:25:00Z; scope=visible main text and repository result links
GH-SEARCH-GEFF,github_repository,GitHub Repository Search,geff in:name tracking,Best match,1,4,4,4,2,2026-09-03T08:25:00Z,2026-09-03T16:25:00+08:00,OK,research/20260903_BIOHUB_CELL_PUBLIC_RECON_V01/staging/github_ecosystem/evidence/search_query_pages.json,source_id=GH-SEARCH-GEFF; url=https://github.com/search?q=geff+in%3Aname+tracking&type=repositories&p=1; response_bytes=1215; response_sha256=4e359895bcda72b9c8bde7b48f01dec00d5ea6c930a889e273a2d0a7d2d25a24; access_window_utc=2026-09-03T08:19:00Z..2026-09-03T08:25:00Z; scope=visible main text and repository result links
GH-SEARCH-GH-RS-014,github_repository,GitHub Repository Search,org:czbiohub-sf tracking,Best match,1,0,0,0,0,2026-09-03T08:25:00Z,2026-09-03T16:25:00+08:00,OK,research/20260903_BIOHUB_CELL_PUBLIC_RECON_V01/staging/github_ecosystem/evidence/search_query_pages.json,source_id=GH-SEARCH-GH-RS-014; url=https://github.com/search?q=org%3Aczbiohub-sf+tracking&type=repositories&p=1; response_bytes=485; response_sha256=cbd84c2d10e645129b6c56f13ad002dcc77d79fbfa42e2724b99746f39525309; access_window_utc=2026-09-03T08:19:00Z..2026-09-03T08:25:00Z; scope=visible main text; zero repository results
GH-SEARCH-GH-RS-015,github_repository,GitHub Repository Search,GEFF tracksdata Biohub,Best match,1,0,0,0,0,2026-09-03T08:25:00Z,2026-09-03T16:25:00+08:00,OK,research/20260903_BIOHUB_CELL_PUBLIC_RECON_V01/staging/github_ecosystem/evidence/search_query_pages.json,source_id=GH-SEARCH-GH-RS-015; url=https://github.com/search?q=GEFF+tracksdata+Biohub&type=repositories&p=1; response_bytes=429; response_sha256=e141fd64b1fe0d5053b638b2c8087da5e334329e7881fb540812d5bad25abefc; access_window_utc=2026-09-03T08:19:00Z..2026-09-03T08:25:00Z; scope=visible main text; zero repository results
GH-SEARCH-GH-RS-016,github_repository,GitHub Repository Search,adjusted_edge_jaccard,Best match,1,0,0,0,0,2026-09-03T08:25:00Z,2026-09-03T16:25:00+08:00,OK,research/20260903_BIOHUB_CELL_PUBLIC_RECON_V01/staging/github_ecosystem/evidence/search_query_pages.json,source_id=GH-SEARCH-GH-RS-016; url=https://github.com/search?q=adjusted_edge_jaccard&type=repositories&p=1; response_bytes=428; response_sha256=f86c3c059ed1f070af25438075e019bd43136ac030444ac098e69b1a15c8319e; access_window_utc=2026-09-03T08:19:00Z..2026-09-03T08:25:00Z; scope=visible main text; zero repository results
GH-SEARCH-GH-RS-017,github_repository,GitHub Repository Search,division_jaccard Biohub,Best match,1,0,0,0,0,2026-09-03T08:25:00Z,2026-09-03T16:25:00+08:00,OK,research/20260903_BIOHUB_CELL_PUBLIC_RECON_V01/staging/github_ecosystem/evidence/search_query_pages.json,source_id=GH-SEARCH-GH-RS-017; url=https://github.com/search?q=division_jaccard+Biohub&type=repositories&p=1; response_bytes=430; response_sha256=36c51c395ad863954a499ecbbd9020ece4c654bc026c3562c9b1ab73c6531d29; access_window_utc=2026-09-03T08:19:00Z..2026-09-03T08:25:00Z; scope=visible main text; zero repository results
GH-SEARCH-GH-RS-018,github_repository,GitHub Repository Search,"""temporal affinity fields"" cell lineage",Best match,1,0,0,0,0,2026-09-03T08:25:00Z,2026-09-03T16:25:00+08:00,OK,research/20260903_BIOHUB_CELL_PUBLIC_RECON_V01/staging/github_ecosystem/evidence/search_query_pages.json,source_id=GH-SEARCH-GH-RS-018; url=https://github.com/search?q=%22temporal+affinity+fields%22+cell+lineage&type=repositories&p=1; response_bytes=446; response_sha256=efa36c3028ddfb4ca6e6b41453de3531f2b164c35440fe79271ce568067a0636; access_window_utc=2026-09-03T08:19:00Z..2026-09-03T08:25:00Z; scope=visible main text; zero repository results
GH-SEARCH-GH-RS-019,github_repository,GitHub Repository Search,OME-Zarr zebrafish tracking,Best match,1,0,0,0,0,2026-09-03T08:25:00Z,2026-09-03T16:25:00+08:00,OK,research/20260903_BIOHUB_CELL_PUBLIC_RECON_V01/staging/github_ecosystem/evidence/search_query_pages.json,source_id=GH-SEARCH-GH-RS-019; url=https://github.com/search?q=OME-Zarr+zebrafish+tracking&type=repositories&p=1; response_bytes=434; response_sha256=67ea1b7e2d02637035bac739d6554babad2898374a9984352bc380a6a9bb2df5; access_window_utc=2026-09-03T08:19:00Z..2026-09-03T08:25:00Z; scope=visible main text; zero repository results
GH-SEARCH-GRAPH-OPT,github_repository,GitHub Repository Search,graph optimization cell lineage,Best match,1,1,1,1,0,2026-09-03T08:25:00Z,2026-09-03T16:25:00+08:00,OK,research/20260903_BIOHUB_CELL_PUBLIC_RECON_V01/staging/github_ecosystem/evidence/search_query_pages.json,source_id=GH-SEARCH-GRAPH-OPT; url=https://github.com/search?q=graph+optimization+cell+lineage&type=repositories&p=1; response_bytes=1005; response_sha256=b02c5e0d73c423f5d9e8e4f98fc190256cba3853d45dc2bd4249892b1628b091; access_window_utc=2026-09-03T08:19:00Z..2026-09-03T08:25:00Z; scope=visible main text and repository result links
GH-SEARCH-KAGGLE-P1,github_repository,GitHub Repository Search,"""Biohub"" ""cell tracking"" Kaggle",Best match,1,28,10,10,1,2026-09-03T08:25:00Z,2026-09-03T16:25:00+08:00,OK,research/20260903_BIOHUB_CELL_PUBLIC_RECON_V01/staging/github_ecosystem/evidence/search_query_pages.json,source_id=GH-SEARCH-KAGGLE-P1; url=https://github.com/search?q=%22Biohub%22+%22cell+tracking%22+Kaggle&type=repositories&p=1; response_bytes=2033; response_sha256=e4b1d9ef1a7aea6c1efc73682665ea3b04296d4c64b017dca81f2eb33c262198; access_window_utc=2026-09-03T08:19:00Z..2026-09-03T08:25:00Z; scope=visible main text and repository result links
GH-SEARCH-KAGGLE-P2,github_repository,GitHub Repository Search,"""Biohub"" ""cell tracking"" Kaggle",Best match,2,28,10,10,1,2026-09-03T08:25:00Z,2026-09-03T16:25:00+08:00,OK,research/20260903_BIOHUB_CELL_PUBLIC_RECON_V01/staging/github_ecosystem/evidence/search_query_pages.json,source_id=GH-SEARCH-KAGGLE-P2; url=https://github.com/search?q=%22Biohub%22+%22cell+tracking%22+Kaggle&type=repositories&p=2; response_bytes=2607; response_sha256=954bdd25e52599be28b151d61559d9e9f3b3988f5ee36490008ffdf3b6ce593a; access_window_utc=2026-09-03T08:19:00Z..2026-09-03T08:25:00Z; scope=visible main text and repository result links
GH-SEARCH-KAGGLE-P3,github_repository,GitHub Repository Search,"""Biohub"" ""cell tracking"" Kaggle",Best match,3,28,8,8,2,2026-09-03T08:25:00Z,2026-09-03T16:25:00+08:00,OK,research/20260903_BIOHUB_CELL_PUBLIC_RECON_V01/staging/github_ecosystem/evidence/search_query_pages.json,source_id=GH-SEARCH-KAGGLE-P3; url=https://github.com/search?q=%22Biohub%22+%22cell+tracking%22+Kaggle&type=repositories&p=3; response_bytes=2416; response_sha256=e899e5a679209bc5f4417ba18fa66d7730073f50946e594a09fddd93c853f163; access_window_utc=2026-09-03T08:19:00Z..2026-09-03T08:25:00Z; scope=visible main text and repository result links
GH-SEARCH-ROYER,github_repository,GitHub Repository Search,org:royerlab tracking,Best match,1,5,5,5,3,2026-09-03T08:25:00Z,2026-09-03T16:25:00+08:00,OK,research/20260903_BIOHUB_CELL_PUBLIC_RECON_V01/staging/github_ecosystem/evidence/search_query_pages.json,source_id=GH-SEARCH-ROYER; url=https://github.com/search?q=org%3Aroyerlab+tracking&type=repositories&p=1; response_bytes=1500; response_sha256=43c82f7baf03871d9c5522aae1124870cc39ffadaa9222f5c117f1fb9d3917aa; access_window_utc=2026-09-03T08:19:00Z..2026-09-03T08:25:00Z; scope=visible main text and repository result links
GH-SEARCH-TRACKASTRA-P1,github_repository,GitHub Repository Search,trackastra in:name,Best match,1,12,10,10,1,2026-09-03T08:25:00Z,2026-09-03T16:25:00+08:00,OK,research/20260903_BIOHUB_CELL_PUBLIC_RECON_V01/staging/github_ecosystem/evidence/search_query_pages.json,source_id=GH-SEARCH-TRACKASTRA-P1; url=https://github.com/search?q=trackastra+in%3Aname&type=repositories&p=1; response_bytes=1695; response_sha256=2172c1451b2e9208b1d5b7fc978351eed1896acd26b65db414bec523fa40f6dc; access_window_utc=2026-09-03T08:19:00Z..2026-09-03T08:25:00Z; scope=visible main text and repository result links
GH-SEARCH-TRACKASTRA-P2,github_repository,GitHub Repository Search,trackastra in:name,Best match,2,12,2,2,0,2026-09-03T08:25:00Z,2026-09-03T16:25:00+08:00,OK,research/20260903_BIOHUB_CELL_PUBLIC_RECON_V01/staging/github_ecosystem/evidence/search_query_pages.json,source_id=GH-SEARCH-TRACKASTRA-P2; url=https://github.com/search?q=trackastra+in%3Aname&type=repositories&p=2; response_bytes=1033; response_sha256=7d99ee821ac8ded257d5aa002c293b9e76361ccab46ab5a7f67689c2738c8b40; access_window_utc=2026-09-03T08:19:00Z..2026-09-03T08:25:00Z; scope=visible main text and repository result links
GH-SEARCH-TRACKSDATA-P1,github_repository,GitHub Repository Search,tracksdata in:name,Best match,1,144,10,10,1,2026-09-03T08:25:00Z,2026-09-03T16:25:00+08:00,PARTIAL,research/20260903_BIOHUB_CELL_PUBLIC_RECON_V01/staging/github_ecosystem/evidence/search_query_pages.json,source_id=GH-SEARCH-TRACKSDATA-P1; url=https://github.com/search?q=tracksdata+in%3Aname&type=repositories&p=1; response_bytes=1716; response_sha256=ebbb8b5bf1ac888bf0d055b4894e55e9aff3d717f64b09657fe8d9c51d36d13a; access_window_utc=2026-09-03T08:19:00Z..2026-09-03T08:25:00Z; scope=visible main text and repository result links; page 1 only and name-collision dominated
GH-SEARCH-ULTRACK-P1,github_repository,GitHub Repository Search,ultrack in:name,Best match,1,21,10,10,1,2026-09-03T08:25:00Z,2026-09-03T16:25:00+08:00,OK,research/20260903_BIOHUB_CELL_PUBLIC_RECON_V01/staging/github_ecosystem/evidence/search_query_pages.json,source_id=GH-SEARCH-ULTRACK-P1; url=https://github.com/search?q=ultrack+in%3Aname&type=repositories&p=1; response_bytes=1985; response_sha256=73070ca2cc1eda9dae17d66d51fcd00f6db5580f3a0b2f623e7af0501a0b56e3; access_window_utc=2026-09-03T08:19:00Z..2026-09-03T08:25:00Z; scope=visible main text and repository result links
GH-SEARCH-ULTRACK-P2,github_repository,GitHub Repository Search,ultrack in:name,Best match,2,21,10,10,0,2026-09-03T08:25:00Z,2026-09-03T16:25:00+08:00,OK,research/20260903_BIOHUB_CELL_PUBLIC_RECON_V01/staging/github_ecosystem/evidence/search_query_pages.json,source_id=GH-SEARCH-ULTRACK-P2; url=https://github.com/search?q=ultrack+in%3Aname&type=repositories&p=2; response_bytes=2110; response_sha256=1567cc73883fd3ad7f2d0f3c84c68b6cf229fea0eae6a63655966437a8e2aa5e; access_window_utc=2026-09-03T08:19:00Z..2026-09-03T08:25:00Z; scope=visible main text and repository result links
GH-SEARCH-ULTRACK-P3,github_repository,GitHub Repository Search,ultrack in:name,Best match,3,21,1,1,0,2026-09-03T08:25:00Z,2026-09-03T16:25:00+08:00,OK,research/20260903_BIOHUB_CELL_PUBLIC_RECON_V01/staging/github_ecosystem/evidence/search_query_pages.json,source_id=GH-SEARCH-ULTRACK-P3; url=https://github.com/search?q=ultrack+in%3Aname&type=repositories&p=3; response_bytes=888; response_sha256=b68668af74a4839ef1e905cf7816867d4f75fa19a8987b8cb13328677022b775; access_window_utc=2026-09-03T08:19:00Z..2026-09-03T08:25:00Z; scope=visible main text and repository result links
GH-SEARCH-ULTRACK-ZEBRA,github_repository,GitHub Repository Search,Ultrack zebrafish embryo,Best match,1,1,1,1,0,2026-09-03T08:25:00Z,2026-09-03T16:25:00+08:00,OK,research/20260903_BIOHUB_CELL_PUBLIC_RECON_V01/staging/github_ecosystem/evidence/search_query_pages.json,source_id=GH-SEARCH-ULTRACK-ZEBRA; url=https://github.com/search?q=Ultrack+zebrafish+embryo&type=repositories&p=1; response_bytes=1007; response_sha256=ae09c603676bd8d181e7325d27416d733163f77932430cd20f3fe6af3031724c; access_window_utc=2026-09-03T08:19:00Z..2026-09-03T08:25:00Z; scope=visible main text and repository result links
GH-SEARCH-ZEBRA-KAGGLE,github_repository,GitHub Repository Search,zebrafish 3D cell tracking kaggle,Best match,1,7,7,7,2,2026-09-03T08:25:00Z,2026-09-03T16:25:00+08:00,OK,research/20260903_BIOHUB_CELL_PUBLIC_RECON_V01/staging/github_ecosystem/evidence/search_query_pages.json,source_id=GH-SEARCH-ZEBRA-KAGGLE; url=https://github.com/search?q=zebrafish+3D+cell+tracking+kaggle&type=repositories&p=1; response_bytes=2347; response_sha256=7cf3fcfd28a9b4be905f45bce5f4a26011632e2e55549e224985af47093a016e; access_window_utc=2026-09-03T08:19:00Z..2026-09-03T08:25:00Z; scope=visible main text and repository result links
GH-SEARCH-ZEBRAHUB,github_repository,GitHub Repository Search,zebrahub,Best match,1,8,8,8,0,2026-09-03T08:25:00Z,2026-09-03T16:25:00+08:00,OK,research/20260903_BIOHUB_CELL_PUBLIC_RECON_V01/staging/github_ecosystem/evidence/search_query_pages.json,source_id=GH-SEARCH-ZEBRAHUB; url=https://github.com/search?q=zebrahub&type=repositories&p=1; response_bytes=1722; response_sha256=0ac6807f42f3827fbf8e8e2dc5c37296b483a2c7a22e16df7bab2927ea8170cb; access_window_utc=2026-09-03T08:19:00Z..2026-09-03T08:25:00Z; scope=visible main text and repository result links
GH-WEB-001,github_repository,Ordinary web search,site:github.com/royerlab cell tracking Ultrack tracksdata GEFF,provider relevance,1,NOT_EXPOSED,3,3,2,2026-09-03T08:05:00Z,2026-09-03T16:05:00+08:00,PARTIAL,research/20260903_BIOHUB_CELL_PUBLIC_RECON_V01/staging/github_ecosystem/evidence/search_query_pages.json,access_window_utc=2026-09-03T07:30:00Z..2026-09-03T08:05:00Z; primary GitHub repository results recorded; ordinary web query was not exhaustive.
GH-WEB-002,github_repository,Ordinary web search,"site:github.com ""Biohub - Cell Tracking During Development"" Kaggle",provider relevance,1,NOT_EXPOSED,2,2,2,2026-09-03T08:05:00Z,2026-09-03T16:05:00+08:00,PARTIAL,research/20260903_BIOHUB_CELL_PUBLIC_RECON_V01/staging/github_ecosystem/evidence/search_query_pages.json,access_window_utc=2026-09-03T07:30:00Z..2026-09-03T08:05:00Z; primary GitHub repository results recorded; ordinary web query was not exhaustive.
GH-WEB-003,github_repository,Ordinary web search,site:github.com Cell Tracking Challenge software repository,provider relevance,1,NOT_EXPOSED,2,2,1,2026-09-03T08:05:00Z,2026-09-03T16:05:00+08:00,PARTIAL,research/20260903_BIOHUB_CELL_PUBLIC_RECON_V01/staging/github_ecosystem/evidence/search_query_pages.json,access_window_utc=2026-09-03T07:30:00Z..2026-09-03T08:05:00Z; primary GitHub repository results recorded; ordinary web query was not exhaustive.
GH-WEB-004,github_repository,Ordinary web search,site:github.com Trackastra cell tracking,provider relevance,1,NOT_EXPOSED,2,2,1,2026-09-03T08:05:00Z,2026-09-03T16:05:00+08:00,PARTIAL,research/20260903_BIOHUB_CELL_PUBLIC_RECON_V01/staging/github_ecosystem/evidence/search_query_pages.json,access_window_utc=2026-09-03T07:30:00Z..2026-09-03T08:05:00Z; primary GitHub repository results recorded; ordinary web query was not exhaustive.
GH-WEB-005,github_repository,Ordinary web search,site:github.com/royerlab tracksdata geff,provider relevance,1,NOT_EXPOSED,2,2,2,2026-09-03T08:05:00Z,2026-09-03T16:05:00+08:00,PARTIAL,research/20260903_BIOHUB_CELL_PUBLIC_RECON_V01/staging/github_ecosystem/evidence/search_query_pages.json,access_window_utc=2026-09-03T07:30:00Z..2026-09-03T08:05:00Z; primary GitHub repository results recorded; ordinary web query was not exhaustive.
GH-WEB-006,github_repository,Ordinary web search,site:github.com/live-image-tracking-tools geff,provider relevance,1,NOT_EXPOSED,3,3,2,2026-09-03T08:05:00Z,2026-09-03T16:05:00+08:00,PARTIAL,research/20260903_BIOHUB_CELL_PUBLIC_RECON_V01/staging/github_ecosystem/evidence/search_query_pages.json,access_window_utc=2026-09-03T07:30:00Z..2026-09-03T08:05:00Z; primary GitHub repository results recorded; ordinary web query was not exhaustive.
GH-WEB-007,github_repository,Ordinary web search,site:github.com zebrahub tracking royerlab,provider relevance,1,NOT_EXPOSED,2,2,0,2026-09-03T08:05:00Z,2026-09-03T16:05:00+08:00,PARTIAL,research/20260903_BIOHUB_CELL_PUBLIC_RECON_V01/staging/github_ecosystem/evidence/search_query_pages.json,access_window_utc=2026-09-03T07:30:00Z..2026-09-03T08:05:00Z; primary GitHub repository results recorded; ordinary web query was not exhaustive.
GH-WEB-008,github_repository,Ordinary web search,site:github.com temporal affinity fields cell tracking,provider relevance,1,NOT_EXPOSED,1,1,1,2026-09-03T08:05:00Z,2026-09-03T16:05:00+08:00,PARTIAL,research/20260903_BIOHUB_CELL_PUBLIC_RECON_V01/staging/github_ecosystem/evidence/search_query_pages.json,access_window_utc=2026-09-03T07:30:00Z..2026-09-03T08:05:00Z; primary GitHub repository results recorded; ordinary web query was not exhaustive.
GH-WEB-009,github_repository,Ordinary web search,"""Temporal Affinity Fields"" GitHub cell tracking",provider relevance,1,NOT_EXPOSED,1,1,1,2026-09-03T08:05:00Z,2026-09-03T16:05:00+08:00,PARTIAL,research/20260903_BIOHUB_CELL_PUBLIC_RECON_V01/staging/github_ecosystem/evidence/search_query_pages.json,access_window_utc=2026-09-03T07:30:00Z..2026-09-03T08:05:00Z; primary GitHub repository results recorded; ordinary web query was not exhaustive.
GH-WEB-010,github_repository,Ordinary web search,site:github.com ELEPHANT cell tracking temporal affinity fields,provider relevance,1,NOT_EXPOSED,2,2,1,2026-09-03T08:05:00Z,2026-09-03T16:05:00+08:00,PARTIAL,research/20260903_BIOHUB_CELL_PUBLIC_RECON_V01/staging/github_ecosystem/evidence/search_query_pages.json,access_window_utc=2026-09-03T07:30:00Z..2026-09-03T08:05:00Z; primary GitHub repository results recorded; ordinary web query was not exhaustive.
GH-WEB-011,github_repository,Ordinary web search,site:github.com 3DeeCellTracker cell tracking,provider relevance,1,NOT_EXPOSED,1,1,1,2026-09-03T08:05:00Z,2026-09-03T16:05:00+08:00,PARTIAL,research/20260903_BIOHUB_CELL_PUBLIC_RECON_V01/staging/github_ecosystem/evidence/search_query_pages.json,access_window_utc=2026-09-03T07:30:00Z..2026-09-03T08:05:00Z; primary GitHub repository results recorded; ordinary web query was not exhaustive.
GH-WEB-012,github_repository,Ordinary web search,site:github.com Cellpose cell tracking lineage,provider relevance,1,NOT_EXPOSED,1,1,1,2026-09-03T08:05:00Z,2026-09-03T16:05:00+08:00,PARTIAL,research/20260903_BIOHUB_CELL_PUBLIC_RECON_V01/staging/github_ecosystem/evidence/search_query_pages.json,access_window_utc=2026-09-03T07:30:00Z..2026-09-03T08:05:00Z; primary GitHub repository results recorded; ordinary web query was not exhaustive.
OFFICIAL_KAGGLE_Q0001,official,Kaggle official API,biohub-cell-tracking-during-development,,all,8,8,8,0,2026-09-03T08:05:57.473812+00:00,2026-09-03T16:05:57.473812+08:00,OK,research/20260903_BIOHUB_CELL_PUBLIC_RECON_V01/staging/official_kaggle/evidence/official_pages_metadata.csv,endpoint=competitions/pages; response_bytes=887; response_sha256=f912c88600f8139db67fe0094e8721c0792f0e3848177898ea85aa181ed1f88f; error=
OFFICIAL_KAGGLE_Q0002,official,Kaggle official API,biohub-cell-tracking-during-development,name,1,,200,200,0,2026-09-03T08:05:58.440376+00:00,2026-09-03T16:05:58.440376+08:00,OK,research/20260903_BIOHUB_CELL_PUBLIC_RECON_V01/staging/official_kaggle/evidence/competition_files_metadata.csv,endpoint=competitions/files; response_bytes=26144; response_sha256=ab40900f6e8ee1804f9d2289ccae89718034f74a34fec7d594d93859639fcfc9; error=
OFFICIAL_KAGGLE_Q0003,official,Kaggle official API,biohub-cell-tracking-during-development,name,2,,200,200,0,2026-09-03T08:06:00.100388+00:00,2026-09-03T16:06:00.100388+08:00,OK,research/20260903_BIOHUB_CELL_PUBLIC_RECON_V01/staging/official_kaggle/evidence/competition_files_metadata.csv,endpoint=competitions/files; response_bytes=26159; response_sha256=cdca3ab0c9f40b4d6e7dcea229fba27b9af51be7f24fcc6acb53de2a62d1ed1d; error=
OFFICIAL_KAGGLE_Q0004,official,Kaggle official API,biohub-cell-tracking-during-development,name,3,,200,200,0,2026-09-03T08:06:01.035592+00:00,2026-09-03T16:06:01.035592+08:00,OK,research/20260903_BIOHUB_CELL_PUBLIC_RECON_V01/staging/official_kaggle/evidence/competition_files_metadata.csv,endpoint=competitions/files; response_bytes=26570; response_sha256=d96dac67e45e053f4efe6b8cd6f707a8c419eb0b22f88cae8bff89b613462c8a; error=
OFFICIAL_KAGGLE_Q0005,official,Kaggle official API,biohub-cell-tracking-during-development,name,4,,200,200,0,2026-09-03T08:06:01.909423+00:00,2026-09-03T16:06:01.909423+08:00,OK,research/20260903_BIOHUB_CELL_PUBLIC_RECON_V01/staging/official_kaggle/evidence/competition_files_metadata.csv,endpoint=competitions/files; response_bytes=26588; response_sha256=7b832584f222048b55c01ff39ab0ad762c8cf75973f5dcd7612037f63a34c023; error=
OFFICIAL_KAGGLE_Q0006,official,Kaggle official API,biohub-cell-tracking-during-development,name,5,,200,200,0,2026-09-03T08:06:02.852887+00:00,2026-09-03T16:06:02.852887+08:00,OK,research/20260903_BIOHUB_CELL_PUBLIC_RECON_V01/staging/official_kaggle/evidence/competition_files_metadata.csv,endpoint=competitions/files; response_bytes=26480; response_sha256=b0b674b3cc8ad0005f5680e4d51e1a91f5d4c7e8ada7d067cfb54181263fdd32; error=
OFFICIAL_KAGGLE_Q0007,official,Kaggle official API,biohub-cell-tracking-during-development,name,6,,200,200,0,2026-09-03T08:06:03.764251+00:00,2026-09-03T16:06:03.764251+08:00,OK,research/20260903_BIOHUB_CELL_PUBLIC_RECON_V01/staging/official_kaggle/evidence/competition_files_metadata.csv,endpoint=competitions/files; response_bytes=26587; response_sha256=45b777af8b3d52ce7a488e520634ab4780518777fec01a5f8a089687821cc626; error=
OFFICIAL_KAGGLE_Q0008,official,Kaggle official API,biohub-cell-tracking-during-development,name,7,,200,200,0,2026-09-03T08:06:05.399389+00:00,2026-09-03T16:06:05.399389+08:00,OK,research/20260903_BIOHUB_CELL_PUBLIC_RECON_V01/staging/official_kaggle/evidence/competition_files_metadata.csv,endpoint=competitions/files; response_bytes=26488; response_sha256=b4ef8e2d97a2bd73275bd8895583bf53820456032c80c154d7db579354d6d2f9; error=
OFFICIAL_KAGGLE_Q0009,official,Kaggle official API,biohub-cell-tracking-during-development,name,8,,200,200,0,2026-09-03T08:06:06.344585+00:00,2026-09-03T16:06:06.344585+08:00,OK,research/20260903_BIOHUB_CELL_PUBLIC_RECON_V01/staging/official_kaggle/evidence/competition_files_metadata.csv,endpoint=competitions/files; response_bytes=26585; response_sha256=12efdc8660bfeb8b117fbca0c2717259498298d37506845fdb688857bf9f9676; error=
OFFICIAL_KAGGLE_Q0010,official,Kaggle official API,biohub-cell-tracking-during-development,name,9,,200,200,0,2026-09-03T08:06:07.206686+00:00,2026-09-03T16:06:07.206686+08:00,OK,research/20260903_BIOHUB_CELL_PUBLIC_RECON_V01/staging/official_kaggle/evidence/competition_files_metadata.csv,endpoint=competitions/files; response_bytes=26587; response_sha256=1292982ba5aff199292e7c19dac6835105e3a24b8c3b78e1f6c5304a814731cc; error=
OFFICIAL_KAGGLE_Q0011,official,Kaggle official API,biohub-cell-tracking-during-development,name,10,,200,200,0,2026-09-03T08:06:08.724590+00:00,2026-09-03T16:06:08.724590+08:00,OK,research/20260903_BIOHUB_CELL_PUBLIC_RECON_V01/staging/official_kaggle/evidence/competition_files_metadata.csv,endpoint=competitions/files; response_bytes=26678; response_sha256=11cf18da8893e8382316e8ff07b5b710e6d1665c584cafbab0ee17c2f01cf6ea; error=
OFFICIAL_KAGGLE_Q0012,official,Kaggle official API,biohub-cell-tracking-during-development,name,11,,200,200,0,2026-09-03T08:06:09.631227+00:00,2026-09-03T16:06:09.631227+08:00,OK,research/20260903_BIOHUB_CELL_PUBLIC_RECON_V01/staging/official_kaggle/evidence/competition_files_metadata.csv,endpoint=competitions/files; response_bytes=26785; response_sha256=11c9f3c77dfa3c6174a8c70c08300ea4c6c2d6c0ea5172964750e92dda760c65; error=
OFFICIAL_KAGGLE_Q0013,official,Kaggle official API,biohub-cell-tracking-during-development,name,12,,200,200,0,2026-09-03T08:06:11.191460+00:00,2026-09-03T16:06:11.191460+08:00,OK,research/20260903_BIOHUB_CELL_PUBLIC_RECON_V01/staging/official_kaggle/evidence/competition_files_metadata.csv,endpoint=competitions/files; response_bytes=26785; response_sha256=86ccbb370a05761e6fa9f84f4516619d6641a828667c85687f73f3054898b61a; error=
OFFICIAL_KAGGLE_Q0014,official,Kaggle official API,biohub-cell-tracking-during-development,name,13,,200,200,0,2026-09-03T08:06:13.872166+00:00,2026-09-03T16:06:13.872166+08:00,OK,research/20260903_BIOHUB_CELL_PUBLIC_RECON_V01/staging/official_kaggle/evidence/competition_files_metadata.csv,endpoint=competitions/files; response_bytes=26685; response_sha256=ca6316561bce27607689cf1c5d1f8cd74718a856c4c59ffdc426ecc59bd8207c; error=
OFFICIAL_KAGGLE_Q0015,official,Kaggle official API,biohub-cell-tracking-during-development,name,14,,200,200,0,2026-09-03T08:06:15.666934+00:00,2026-09-03T16:06:15.666934+08:00,OK,research/20260903_BIOHUB_CELL_PUBLIC_RECON_V01/staging/official_kaggle/evidence/competition_files_metadata.csv,endpoint=competitions/files; response_bytes=26789; response_sha256=9f9d84e6cecaee8b614f58a418edaefe56d6fdd8d18bfbabd187e9a71e1ae94e; error=
OFFICIAL_KAGGLE_Q0016,official,Kaggle official API,biohub-cell-tracking-during-development,name,15,,200,200,0,2026-09-03T08:06:16.511957+00:00,2026-09-03T16:06:16.511957+08:00,OK,research/20260903_BIOHUB_CELL_PUBLIC_RECON_V01/staging/official_kaggle/evidence/competition_files_metadata.csv,endpoint=competitions/files; response_bytes=26701; response_sha256=f33f66f25540e64028cb41966086d5055b1ba6b9051af8790f9558e7b3dd9c6d; error=
OFFICIAL_KAGGLE_Q0017,official,Kaggle official API,biohub-cell-tracking-during-development,name,16,,200,200,0,2026-09-03T08:06:17.553292+00:00,2026-09-03T16:06:17.553292+08:00,OK,research/20260903_BIOHUB_CELL_PUBLIC_RECON_V01/staging/official_kaggle/evidence/competition_files_metadata.csv,endpoint=competitions/files; response_bytes=26772; response_sha256=a604ea70be3f8bb79f61b2f54a374b0f6015e475a027764a52f06dc61943dfba; error=
OFFICIAL_KAGGLE_Q0018,official,Kaggle official API,biohub-cell-tracking-during-development,name,17,,200,200,0,2026-09-03T08:06:18.422886+00:00,2026-09-03T16:06:18.422886+08:00,OK,research/20260903_BIOHUB_CELL_PUBLIC_RECON_V01/staging/official_kaggle/evidence/competition_files_metadata.csv,endpoint=competitions/files; response_bytes=26789; response_sha256=34d72a5fb1fc4c8e9940ef946f20df7b82e12c351694e30f83348491e9e57bbc; error=
OFFICIAL_KAGGLE_Q0019,official,Kaggle official API,biohub-cell-tracking-during-development,name,18,,200,200,0,2026-09-03T08:06:19.810705+00:00,2026-09-03T16:06:19.810705+08:00,OK,research/20260903_BIOHUB_CELL_PUBLIC_RECON_V01/staging/official_kaggle/evidence/competition_files_metadata.csv,endpoint=competitions/files; response_bytes=26685; response_sha256=ec53d0149b9df61a16beddfa292dbe35ae2909ef2417c1a2fda26c33462a5613; error=
OFFICIAL_KAGGLE_Q0020,official,Kaggle official API,biohub-cell-tracking-during-development,name,19,,200,200,0,2026-09-03T08:06:20.704558+00:00,2026-09-03T16:06:20.704558+08:00,OK,research/20260903_BIOHUB_CELL_PUBLIC_RECON_V01/staging/official_kaggle/evidence/competition_files_metadata.csv,endpoint=competitions/files; response_bytes=26779; response_sha256=fa3a3794415665f5060b5a78dfa6cb5c8bbda6cc9eda2acb4c0061825073689c; error=
OFFICIAL_KAGGLE_Q0021,official,Kaggle official API,biohub-cell-tracking-during-development,name,20,,200,200,0,2026-09-03T08:06:21.575651+00:00,2026-09-03T16:06:21.575651+08:00,OK,research/20260903_BIOHUB_CELL_PUBLIC_RECON_V01/staging/official_kaggle/evidence/competition_files_metadata.csv,endpoint=competitions/files; response_bytes=26788; response_sha256=29b6ebfe3d1187f619c46bb4e33aff39ad2680c6ee97ef54f0961a50197d7804; error=
OFFICIAL_KAGGLE_Q0022,official,Kaggle official API,biohub-cell-tracking-during-development,name,21,,200,200,0,2026-09-03T08:06:23.195659+00:00,2026-09-03T16:06:23.195659+08:00,OK,research/20260903_BIOHUB_CELL_PUBLIC_RECON_V01/staging/official_kaggle/evidence/competition_files_metadata.csv,endpoint=competitions/files; response_bytes=26686; response_sha256=21974de590d34fbaaeb3eeeea4cf66d06bd28765c53cbb5272ad10131f707e2a; error=
OFFICIAL_KAGGLE_Q0023,official,Kaggle official API,biohub-cell-tracking-during-development,name,22,,200,200,0,2026-09-03T08:06:24.843872+00:00,2026-09-03T16:06:24.843872+08:00,OK,research/20260903_BIOHUB_CELL_PUBLIC_RECON_V01/staging/official_kaggle/evidence/competition_files_metadata.csv,endpoint=competitions/files; response_bytes=26788; response_sha256=6bd60888c92d393bbdd4e988aecc22849b4279f2b4cda271305715c2ef177c6a; error=
OFFICIAL_KAGGLE_Q0024,official,Kaggle official API,biohub-cell-tracking-during-development,name,23,,200,200,0,2026-09-03T08:06:25.773759+00:00,2026-09-03T16:06:25.773759+08:00,OK,research/20260903_BIOHUB_CELL_PUBLIC_RECON_V01/staging/official_kaggle/evidence/competition_files_metadata.csv,endpoint=competitions/files; response_bytes=26708; response_sha256=f0972f24d5e92c437dc3c09b3c3187ba1edac2f93cefd9a685c37afe2435a081; error=
OFFICIAL_KAGGLE_Q0025,official,Kaggle official API,biohub-cell-tracking-during-development,name,24,,200,200,0,2026-09-03T08:06:26.636334+00:00,2026-09-03T16:06:26.636334+08:00,OK,research/20260903_BIOHUB_CELL_PUBLIC_RECON_V01/staging/official_kaggle/evidence/competition_files_metadata.csv,endpoint=competitions/files; response_bytes=26760; response_sha256=550d0a9b7c95f791aae279cdbe2027600fcb3f24fb178ae2ddf4886feaf6ecbf; error=
OFFICIAL_KAGGLE_Q0026,official,Kaggle official API,biohub-cell-tracking-during-development,name,25,,200,200,0,2026-09-03T08:06:27.493758+00:00,2026-09-03T16:06:27.493758+08:00,OK,research/20260903_BIOHUB_CELL_PUBLIC_RECON_V01/staging/official_kaggle/evidence/competition_files_metadata.csv,endpoint=competitions/files; response_bytes=26787; response_sha256=8815a37b6de3384d7cf1681ca7b0e1b5bac45844734bddb0e1fa5103bcfe7ecf; error=
OFFICIAL_KAGGLE_Q0027,official,Kaggle official API,biohub-cell-tracking-during-development,name,26,,200,200,0,2026-09-03T08:06:28.986678+00:00,2026-09-03T16:06:28.986678+08:00,OK,research/20260903_BIOHUB_CELL_PUBLIC_RECON_V01/staging/official_kaggle/evidence/competition_files_metadata.csv,endpoint=competitions/files; response_bytes=26686; response_sha256=a29a0fb1a9b0836b0a49da22206f3bcf045b354273b3caf4f799d8ababceac91; error=
OFFICIAL_KAGGLE_Q0028,official,Kaggle official API,biohub-cell-tracking-during-development,name,27,,200,200,0,2026-09-03T08:06:30.549868+00:00,2026-09-03T16:06:30.549868+08:00,OK,research/20260903_BIOHUB_CELL_PUBLIC_RECON_V01/staging/official_kaggle/evidence/competition_files_metadata.csv,endpoint=competitions/files; response_bytes=26780; response_sha256=b66492c8d9a7e6585b46582700fdb1f086eb9b2173595b00d06bd00111c289f8; error=
OFFICIAL_KAGGLE_Q0029,official,Kaggle official API,biohub-cell-tracking-during-development,name,28,,,,0,2026-09-03T08:06:31.436576+00:00,2026-09-03T16:06:31.436576+08:00,RATE_LIMITED,research/20260903_BIOHUB_CELL_PUBLIC_RECON_V01/staging/official_kaggle/evidence/failure_ledger.json,endpoint=competitions/files; response_bytes=0; response_sha256=; error=HTTPError: 429 Client Error: Too Many Requests for url: https://api.kaggle.com/v1/competitions.CompetitionApiService/ListDataFiles
OFFICIAL_KAGGLE_Q0030,official,Kaggle official API,biohub-cell-tracking-during-development,public_score_desc,1,,,,0,2026-09-03T08:06:32.339166+00:00,2026-09-03T16:06:32.339166+08:00,RATE_LIMITED,research/20260903_BIOHUB_CELL_PUBLIC_RECON_V01/staging/official_kaggle/evidence/failure_ledger.json,endpoint=competitions/leaderboard; response_bytes=0; response_sha256=; error=HTTPError: 429 Client Error: Too Many Requests for url: https://api.kaggle.com/v1/competitions.CompetitionApiService/GetLeaderboard
OFFICIAL_KAGGLE_Q0031,kaggle_code,Kaggle official API,biohub-cell-tracking-during-development,scoreDescending,1,,,,0,2026-09-03T08:06:33.135685+00:00,2026-09-03T16:06:33.135685+08:00,RATE_LIMITED,research/20260903_BIOHUB_CELL_PUBLIC_RECON_V01/staging/official_kaggle/evidence/failure_ledger.json,endpoint=kernels/list; response_bytes=0; response_sha256=; error=HTTPError: 429 Client Error: Too Many Requests for url: https://api.kaggle.com/v1/kernels.KernelsApiService/ListKernels
OFFICIAL_KAGGLE_Q0032,kaggle_code,Kaggle official API,biohub-cell-tracking-during-development,voteCount,1,,,,0,2026-09-03T08:06:34.788756+00:00,2026-09-03T16:06:34.788756+08:00,RATE_LIMITED,research/20260903_BIOHUB_CELL_PUBLIC_RECON_V01/staging/official_kaggle/evidence/failure_ledger.json,endpoint=kernels/list; response_bytes=0; response_sha256=; error=HTTPError: 429 Client Error: Too Many Requests for url: https://api.kaggle.com/v1/kernels.KernelsApiService/ListKernels
OFFICIAL_KAGGLE_Q0033,kaggle_code,Kaggle official API,biohub-cell-tracking-during-development,hotness,1,,,,0,2026-09-03T08:06:36.255803+00:00,2026-09-03T16:06:36.255803+08:00,RATE_LIMITED,research/20260903_BIOHUB_CELL_PUBLIC_RECON_V01/staging/official_kaggle/evidence/failure_ledger.json,endpoint=kernels/list; response_bytes=0; response_sha256=; error=HTTPError: 429 Client Error: Too Many Requests for url: https://api.kaggle.com/v1/kernels.KernelsApiService/ListKernels
OFFICIAL_KAGGLE_Q0034,kaggle_code,Kaggle official API,biohub-cell-tracking-during-development,dateRun,1,,,,0,2026-09-03T08:06:37.089939+00:00,2026-09-03T16:06:37.089939+08:00,RATE_LIMITED,research/20260903_BIOHUB_CELL_PUBLIC_RECON_V01/staging/official_kaggle/evidence/failure_ledger.json,endpoint=kernels/list; response_bytes=0; response_sha256=; error=HTTPError: 429 Client Error: Too Many Requests for url: https://api.kaggle.com/v1/kernels.KernelsApiService/ListKernels
OFFICIAL_KAGGLE_Q0035,kaggle_code,Kaggle official API,biohub-cell-tracking-during-development,dateCreated,1,,,,0,2026-09-03T08:06:39.111224+00:00,2026-09-03T16:06:39.111224+08:00,RATE_LIMITED,research/20260903_BIOHUB_CELL_PUBLIC_RECON_V01/staging/official_kaggle/evidence/failure_ledger.json,endpoint=kernels/list; response_bytes=0; response_sha256=; error=HTTPError: 429 Client Error: Too Many Requests for url: https://api.kaggle.com/v1/kernels.KernelsApiService/ListKernels
OFFICIAL_KAGGLE_Q0036,kaggle_code,Kaggle official API,biohub cell tracking,relevance,1,,,,0,2026-09-03T08:06:41.376897+00:00,2026-09-03T16:06:41.376897+08:00,RATE_LIMITED,research/20260903_BIOHUB_CELL_PUBLIC_RECON_V01/staging/official_kaggle/evidence/failure_ledger.json,endpoint=kernels/list; response_bytes=0; response_sha256=; error=HTTPError: 429 Client Error: Too Many Requests for url: https://api.kaggle.com/v1/kernels.KernelsApiService/ListKernels
OFFICIAL_KAGGLE_Q0037,kaggle_code,Kaggle official API,biohub-cell-tracking-during-development,relevance,1,,,,0,2026-09-03T08:06:42.700298+00:00,2026-09-03T16:06:42.700298+08:00,RATE_LIMITED,research/20260903_BIOHUB_CELL_PUBLIC_RECON_V01/staging/official_kaggle/evidence/failure_ledger.json,endpoint=kernels/list; response_bytes=0; response_sha256=; error=HTTPError: 429 Client Error: Too Many Requests for url: https://api.kaggle.com/v1/kernels.KernelsApiService/ListKernels
OFFICIAL_KAGGLE_Q0038,kaggle_code,Kaggle official API,zebrafish cell tracking,relevance,1,,,,0,2026-09-03T08:06:43.570048+00:00,2026-09-03T16:06:43.570048+08:00,RATE_LIMITED,research/20260903_BIOHUB_CELL_PUBLIC_RECON_V01/staging/official_kaggle/evidence/failure_ledger.json,endpoint=kernels/list; response_bytes=0; response_sha256=; error=HTTPError: 429 Client Error: Too Many Requests for url: https://api.kaggle.com/v1/kernels.KernelsApiService/ListKernels
OFFICIAL_KAGGLE_Q0039,kaggle_code,Kaggle official API,3D cell tracking,relevance,1,,,,0,2026-09-03T08:06:44.385771+00:00,2026-09-03T16:06:44.385771+08:00,RATE_LIMITED,research/20260903_BIOHUB_CELL_PUBLIC_RECON_V01/staging/official_kaggle/evidence/failure_ledger.json,endpoint=kernels/list; response_bytes=0; response_sha256=; error=HTTPError: 429 Client Error: Too Many Requests for url: https://api.kaggle.com/v1/kernels.KernelsApiService/ListKernels
OFFICIAL_KAGGLE_Q0040,kaggle_code,Kaggle official API,3D+time microscopy,relevance,1,,,,0,2026-09-03T08:06:45.859126+00:00,2026-09-03T16:06:45.859126+08:00,RATE_LIMITED,research/20260903_BIOHUB_CELL_PUBLIC_RECON_V01/staging/official_kaggle/evidence/failure_ledger.json,endpoint=kernels/list; response_bytes=0; response_sha256=; error=HTTPError: 429 Client Error: Too Many Requests for url: https://api.kaggle.com/v1/kernels.KernelsApiService/ListKernels
OFFICIAL_KAGGLE_Q0041,kaggle_code,Kaggle official API,cell lineage reconstruction,relevance,1,,,,0,2026-09-03T08:06:46.709769+00:00,2026-09-03T16:06:46.709769+08:00,RATE_LIMITED,research/20260903_BIOHUB_CELL_PUBLIC_RECON_V01/staging/official_kaggle/evidence/failure_ledger.json,endpoint=kernels/list; response_bytes=0; response_sha256=; error=HTTPError: 429 Client Error: Too Many Requests for url: https://api.kaggle.com/v1/kernels.KernelsApiService/ListKernels
OFFICIAL_KAGGLE_Q0042,kaggle_code,Kaggle official API,cell division tracking,relevance,1,,,,0,2026-09-03T08:06:48.249986+00:00,2026-09-03T16:06:48.249986+08:00,RATE_LIMITED,research/20260903_BIOHUB_CELL_PUBLIC_RECON_V01/staging/official_kaggle/evidence/failure_ledger.json,endpoint=kernels/list; response_bytes=0; response_sha256=; error=HTTPError: 429 Client Error: Too Many Requests for url: https://api.kaggle.com/v1/kernels.KernelsApiService/ListKernels
OFFICIAL_KAGGLE_Q0043,kaggle_code,Kaggle official API,GEFF,relevance,1,,,,0,2026-09-03T08:06:49.835983+00:00,2026-09-03T16:06:49.835983+08:00,RATE_LIMITED,research/20260903_BIOHUB_CELL_PUBLIC_RECON_V01/staging/official_kaggle/evidence/failure_ledger.json,endpoint=kernels/list; response_bytes=0; response_sha256=; error=HTTPError: 429 Client Error: Too Many Requests for url: https://api.kaggle.com/v1/kernels.KernelsApiService/ListKernels
OFFICIAL_KAGGLE_Q0044,kaggle_code,Kaggle official API,tracksdata,relevance,1,,,,0,2026-09-03T08:06:51.468146+00:00,2026-09-03T16:06:51.468146+08:00,RATE_LIMITED,research/20260903_BIOHUB_CELL_PUBLIC_RECON_V01/staging/official_kaggle/evidence/failure_ledger.json,endpoint=kernels/list; response_bytes=0; response_sha256=; error=HTTPError: 429 Client Error: Too Many Requests for url: https://api.kaggle.com/v1/kernels.KernelsApiService/ListKernels
OFFICIAL_KAGGLE_Q0045,kaggle_code,Kaggle official API,OME-Zarr,relevance,1,,,,0,2026-09-03T08:06:56.249918+00:00,2026-09-03T16:06:56.249918+08:00,RATE_LIMITED,research/20260903_BIOHUB_CELL_PUBLIC_RECON_V01/staging/official_kaggle/evidence/failure_ledger.json,endpoint=kernels/list; response_bytes=0; response_sha256=; error=HTTPError: 429 Client Error: Too Many Requests for url: https://api.kaggle.com/v1/kernels.KernelsApiService/ListKernels
OFFICIAL_KAGGLE_Q0046,kaggle_code,Kaggle official API,adjusted edge jaccard,relevance,1,,,,0,2026-09-03T08:06:57.069131+00:00,2026-09-03T16:06:57.069131+08:00,RATE_LIMITED,research/20260903_BIOHUB_CELL_PUBLIC_RECON_V01/staging/official_kaggle/evidence/failure_ledger.json,endpoint=kernels/list; response_bytes=0; response_sha256=; error=HTTPError: 429 Client Error: Too Many Requests for url: https://api.kaggle.com/v1/kernels.KernelsApiService/ListKernels
OFFICIAL_KAGGLE_Q0047,kaggle_code,Kaggle official API,division jaccard,relevance,1,,,,0,2026-09-03T08:06:57.899857+00:00,2026-09-03T16:06:57.899857+08:00,RATE_LIMITED,research/20260903_BIOHUB_CELL_PUBLIC_RECON_V01/staging/official_kaggle/evidence/failure_ledger.json,endpoint=kernels/list; response_bytes=0; response_sha256=; error=HTTPError: 429 Client Error: Too Many Requests for url: https://api.kaggle.com/v1/kernels.KernelsApiService/ListKernels
OFFICIAL_KAGGLE_Q0048,kaggle_code,Kaggle official API,temporal affinity fields,relevance,1,,,,0,2026-09-03T08:06:58.671785+00:00,2026-09-03T16:06:58.671785+08:00,RATE_LIMITED,research/20260903_BIOHUB_CELL_PUBLIC_RECON_V01/staging/official_kaggle/evidence/failure_ledger.json,endpoint=kernels/list; response_bytes=0; response_sha256=; error=HTTPError: 429 Client Error: Too Many Requests for url: https://api.kaggle.com/v1/kernels.KernelsApiService/ListKernels
OFFICIAL_KAGGLE_Q0049,kaggle_code,Kaggle official API,Ultrack,relevance,1,,,,0,2026-09-03T08:07:00.007827+00:00,2026-09-03T16:07:00.007827+08:00,RATE_LIMITED,research/20260903_BIOHUB_CELL_PUBLIC_RECON_V01/staging/official_kaggle/evidence/failure_ledger.json,endpoint=kernels/list; response_bytes=0; response_sha256=; error=HTTPError: 429 Client Error: Too Many Requests for url: https://api.kaggle.com/v1/kernels.KernelsApiService/ListKernels
OFFICIAL_KAGGLE_Q0050,kaggle_code,Kaggle official API,Trackastra,relevance,1,,,,0,2026-09-03T08:07:00.822628+00:00,2026-09-03T16:07:00.822628+08:00,RATE_LIMITED,research/20260903_BIOHUB_CELL_PUBLIC_RECON_V01/staging/official_kaggle/evidence/failure_ledger.json,endpoint=kernels/list; response_bytes=0; response_sha256=; error=HTTPError: 429 Client Error: Too Many Requests for url: https://api.kaggle.com/v1/kernels.KernelsApiService/ListKernels
OFFICIAL_KAGGLE_Q0051,kaggle_code,Kaggle official API,Cellpose,relevance,1,,,,0,2026-09-03T08:07:02.291417+00:00,2026-09-03T16:07:02.291417+08:00,RATE_LIMITED,research/20260903_BIOHUB_CELL_PUBLIC_RECON_V01/staging/official_kaggle/evidence/failure_ledger.json,endpoint=kernels/list; response_bytes=0; response_sha256=; error=HTTPError: 429 Client Error: Too Many Requests for url: https://api.kaggle.com/v1/kernels.KernelsApiService/ListKernels
OFFICIAL_KAGGLE_Q0052,kaggle_code,Kaggle official API,StarDist,relevance,1,,,,0,2026-09-03T08:07:03.170064+00:00,2026-09-03T16:07:03.170064+08:00,RATE_LIMITED,research/20260903_BIOHUB_CELL_PUBLIC_RECON_V01/staging/official_kaggle/evidence/failure_ledger.json,endpoint=kernels/list; response_bytes=0; response_sha256=; error=HTTPError: 429 Client Error: Too Many Requests for url: https://api.kaggle.com/v1/kernels.KernelsApiService/ListKernels
OFFICIAL_KAGGLE_Q0053,kaggle_code,Kaggle official API,3D U-Net tracking,relevance,1,,,,0,2026-09-03T08:07:03.976858+00:00,2026-09-03T16:07:03.976858+08:00,RATE_LIMITED,research/20260903_BIOHUB_CELL_PUBLIC_RECON_V01/staging/official_kaggle/evidence/failure_ledger.json,endpoint=kernels/list; response_bytes=0; response_sha256=; error=HTTPError: 429 Client Error: Too Many Requests for url: https://api.kaggle.com/v1/kernels.KernelsApiService/ListKernels
OFFICIAL_KAGGLE_Q0054,kaggle_code,Kaggle official API,graph optimization cell tracking,relevance,1,,,,0,2026-09-03T08:07:05.458539+00:00,2026-09-03T16:07:05.458539+08:00,RATE_LIMITED,research/20260903_BIOHUB_CELL_PUBLIC_RECON_V01/staging/official_kaggle/evidence/failure_ledger.json,endpoint=kernels/list; response_bytes=0; response_sha256=; error=HTTPError: 429 Client Error: Too Many Requests for url: https://api.kaggle.com/v1/kernels.KernelsApiService/ListKernels
OFFICIAL_KAGGLE_Q0055,kaggle_code,Kaggle official API,transformer cell tracking,relevance,1,,,,0,2026-09-03T08:07:06.290955+00:00,2026-09-03T16:07:06.290955+08:00,RATE_LIMITED,research/20260903_BIOHUB_CELL_PUBLIC_RECON_V01/staging/official_kaggle/evidence/failure_ledger.json,endpoint=kernels/list; response_bytes=0; response_sha256=; error=HTTPError: 429 Client Error: Too Many Requests for url: https://api.kaggle.com/v1/kernels.KernelsApiService/ListKernels
OFFICIAL_KAGGLE_Q0056,kaggle_discussion,Kaggle official API,biohub-cell-tracking-during-development,hot,1,,,,0,2026-09-03T08:07:07.132462+00:00,2026-09-03T16:07:07.132462+08:00,RATE_LIMITED,research/20260903_BIOHUB_CELL_PUBLIC_RECON_V01/staging/official_kaggle/evidence/failure_ledger.json,endpoint=competitions/topics; response_bytes=0; response_sha256=; error=HTTPError: 429 Client Error: Too Many Requests for url: https://api.kaggle.com/v1/competitions.CompetitionApiService/ListCompetitionTopics
OFFICIAL_KAGGLE_Q0057,kaggle_discussion,Kaggle official API,biohub-cell-tracking-during-development,top,1,,,,0,2026-09-03T08:07:07.976497+00:00,2026-09-03T16:07:07.976497+08:00,RATE_LIMITED,research/20260903_BIOHUB_CELL_PUBLIC_RECON_V01/staging/official_kaggle/evidence/failure_ledger.json,endpoint=competitions/topics; response_bytes=0; response_sha256=; error=HTTPError: 429 Client Error: Too Many Requests for url: https://api.kaggle.com/v1/competitions.CompetitionApiService/ListCompetitionTopics
OFFICIAL_KAGGLE_Q0058,kaggle_discussion,Kaggle official API,biohub-cell-tracking-during-development,new,1,,,,0,2026-09-03T08:07:08.808102+00:00,2026-09-03T16:07:08.808102+08:00,RATE_LIMITED,research/20260903_BIOHUB_CELL_PUBLIC_RECON_V01/staging/official_kaggle/evidence/failure_ledger.json,endpoint=competitions/topics; response_bytes=0; response_sha256=; error=HTTPError: 429 Client Error: Too Many Requests for url: https://api.kaggle.com/v1/competitions.CompetitionApiService/ListCompetitionTopics
OFFICIAL_KAGGLE_Q0059,kaggle_discussion,Kaggle official API,biohub-cell-tracking-during-development,recent,1,,,,0,2026-09-03T08:07:09.638452+00:00,2026-09-03T16:07:09.638452+08:00,RATE_LIMITED,research/20260903_BIOHUB_CELL_PUBLIC_RECON_V01/staging/official_kaggle/evidence/failure_ledger.json,endpoint=competitions/topics; response_bytes=0; response_sha256=; error=HTTPError: 429 Client Error: Too Many Requests for url: https://api.kaggle.com/v1/competitions.CompetitionApiService/ListCompetitionTopics
OFFICIAL_KAGGLE_Q0060,kaggle_discussion,Kaggle official API,biohub-cell-tracking-during-development,active,1,,,,0,2026-09-03T08:07:11.230461+00:00,2026-09-03T16:07:11.230461+08:00,RATE_LIMITED,research/20260903_BIOHUB_CELL_PUBLIC_RECON_V01/staging/official_kaggle/evidence/failure_ledger.json,endpoint=competitions/topics; response_bytes=0; response_sha256=; error=HTTPError: 429 Client Error: Too Many Requests for url: https://api.kaggle.com/v1/competitions.CompetitionApiService/ListCompetitionTopics
OFFICIAL_KAGGLE_Q0061,kaggle_discussion,Kaggle official API,biohub-cell-tracking-during-development,relevance,1,,,,0,2026-09-03T08:07:13.071201+00:00,2026-09-03T16:07:13.071201+08:00,RATE_LIMITED,research/20260903_BIOHUB_CELL_PUBLIC_RECON_V01/staging/official_kaggle/evidence/failure_ledger.json,endpoint=competitions/topics; response_bytes=0; response_sha256=; error=HTTPError: 429 Client Error: Too Many Requests for url: https://api.kaggle.com/v1/competitions.CompetitionApiService/ListCompetitionTopics
OFFICIAL_KAGGLE_Q0062,kaggle_code,Kaggle logged-in browser,biohub-cell-tracking-during-development,Most Votes,visible_loaded_panel,,20,20,0,2026-09-03T08:12:15.622Z,2026-09-03T16:12:15.622000+08:00,OK_BROWSER_VISIBLE,research/20260903_BIOHUB_CELL_PUBLIC_RECON_V01/staging/official_kaggle/evidence/browser_code_sort_captures.json,"response_bytes=22559; response_sha256=5eb749f37a978ffce56fcf05dd9c744b67c912c94596c7c4b6444da3030e5675; only visible loaded panel, total not reported"
OFFICIAL_KAGGLE_Q0063,kaggle_code,Kaggle logged-in browser,biohub-cell-tracking-during-development,Hotness,visible_loaded_panel,,21,21,0,2026-09-03T08:12:15.622Z,2026-09-03T16:12:15.622000+08:00,OK_BROWSER_VISIBLE,research/20260903_BIOHUB_CELL_PUBLIC_RECON_V01/staging/official_kaggle/evidence/browser_code_sort_captures.json,"response_bytes=21034; response_sha256=6a76afd3e9745006d7ce97a2ba51cb28a265b31bcda755ab77f36535dabd83e1; only visible loaded panel, total not reported"
OFFICIAL_KAGGLE_Q0064,kaggle_code,Kaggle logged-in browser,biohub-cell-tracking-during-development,Recently Created,visible_loaded_panel,,21,21,0,2026-09-03T08:12:15.622Z,2026-09-03T16:12:15.622000+08:00,OK_BROWSER_VISIBLE,research/20260903_BIOHUB_CELL_PUBLIC_RECON_V01/staging/official_kaggle/evidence/browser_code_sort_captures.json,"response_bytes=20432; response_sha256=2bda749e38788a87be81ff7ab5bf3ac285ca31b0cca27ca4daa228e5336a9ae3; only visible loaded panel, total not reported"
OFFICIAL_KAGGLE_Q0065,kaggle_code,Kaggle logged-in browser,biohub-cell-tracking-during-development,Recently Run,visible_loaded_panel,,21,21,0,2026-09-03T08:12:15.622Z,2026-09-03T16:12:15.622000+08:00,OK_BROWSER_VISIBLE,research/20260903_BIOHUB_CELL_PUBLIC_RECON_V01/staging/official_kaggle/evidence/browser_code_sort_captures.json,"response_bytes=20475; response_sha256=2135f91629de14ba380bfc6a51175e5a7b410a054c9c48e3120b010f6b1f73da; only visible loaded panel, total not reported"
OFFICIAL_KAGGLE_Q0066,kaggle_code,Kaggle logged-in browser,biohub-cell-tracking-during-development,Public Score,visible_loaded_panel,,21,21,0,2026-09-03T08:12:15.622Z,2026-09-03T16:12:15.622000+08:00,OK_BROWSER_VISIBLE,research/20260903_BIOHUB_CELL_PUBLIC_RECON_V01/staging/official_kaggle/evidence/browser_code_sort_captures.json,"response_bytes=21930; response_sha256=a1c90dadd1e677c4cc1ca432dbf8675713033af561d4194be79a785df6f72116; only visible loaded panel, total not reported"
OFFICIAL_KAGGLE_Q0067,kaggle_code,Kaggle logged-in browser,biohub cell tracking,Public Score / scoreDescending,visible_loaded_panel,,20,20,0,2026-09-03T08:14:43.659Z,2026-09-03T16:14:43.659000+08:00,OK_BROWSER_VISIBLE,research/20260903_BIOHUB_CELL_PUBLIC_RECON_V01/staging/official_kaggle/evidence/browser_code_keyword_captures.json,"response_bytes=23048; response_sha256=0ee61af968583c708f1d91f9d1febf9646b1fc6b2cfe73d0f90bb9ee2fab6009; only visible loaded panel, total not reported"
OFFICIAL_KAGGLE_Q0068,kaggle_code,Kaggle logged-in browser,biohub-cell-tracking-during-development,Public Score / scoreDescending,visible_loaded_panel,,20,20,0,2026-09-03T08:15:16.542Z,2026-09-03T16:15:16.542000+08:00,OK_BROWSER_VISIBLE,research/20260903_BIOHUB_CELL_PUBLIC_RECON_V01/staging/official_kaggle/evidence/browser_code_keyword_captures.json,"response_bytes=22706; response_sha256=ce53cf261b85992179512cfa4d6ec03a4bc0bd583d4be8f50628663de3e96207; only visible loaded panel, total not reported"
OFFICIAL_KAGGLE_Q0069,kaggle_code,Kaggle logged-in browser,zebrafish cell tracking,Public Score / scoreDescending,visible_loaded_panel,,20,20,0,2026-09-03T08:15:19.953Z,2026-09-03T16:15:19.953000+08:00,OK_BROWSER_VISIBLE,research/20260903_BIOHUB_CELL_PUBLIC_RECON_V01/staging/official_kaggle/evidence/browser_code_keyword_captures.json,"response_bytes=21048; response_sha256=9695177c637bbdcb1306f2078d6a8e0656e56ffaf77cb25b7833accf0b377b7a; only visible loaded panel, total not reported"
OFFICIAL_KAGGLE_Q0070,kaggle_code,Kaggle logged-in browser,3D cell tracking,Public Score / scoreDescending,visible_loaded_panel,,20,20,0,2026-09-03T08:15:23.292Z,2026-09-03T16:15:23.292000+08:00,OK_BROWSER_VISIBLE,research/20260903_BIOHUB_CELL_PUBLIC_RECON_V01/staging/official_kaggle/evidence/browser_code_keyword_captures.json,"response_bytes=22058; response_sha256=f62d0120201a8a7345408250f82a52090e14a948c4a26fa5288919ce4586095d; only visible loaded panel, total not reported"
OFFICIAL_KAGGLE_Q0071,kaggle_code,Kaggle logged-in browser,3D+time microscopy,Public Score / scoreDescending,visible_loaded_panel,,20,20,0,2026-09-03T08:15:26.674Z,2026-09-03T16:15:26.674000+08:00,OK_BROWSER_VISIBLE,research/20260903_BIOHUB_CELL_PUBLIC_RECON_V01/staging/official_kaggle/evidence/browser_code_keyword_captures.json,"response_bytes=21411; response_sha256=aed94e88a69c633a57e33793655a14c4940e7d8d656420182454d9e89b85114d; only visible loaded panel, total not reported"
OFFICIAL_KAGGLE_Q0072,kaggle_code,Kaggle logged-in browser,cell lineage reconstruction,Public Score / scoreDescending,visible_loaded_panel,,20,20,0,2026-09-03T08:15:36.207Z,2026-09-03T16:15:36.207000+08:00,OK_BROWSER_VISIBLE,research/20260903_BIOHUB_CELL_PUBLIC_RECON_V01/staging/official_kaggle/evidence/browser_code_keyword_captures.json,"response_bytes=21488; response_sha256=d6024fb7fb9889b637a93d58ddff502d192139ba480878e25f753475e4fdb872; only visible loaded panel, total not reported"
OFFICIAL_KAGGLE_Q0073,kaggle_code,Kaggle logged-in browser,cell division tracking,Public Score / scoreDescending,visible_loaded_panel,,20,20,0,2026-09-03T08:15:39.347Z,2026-09-03T16:15:39.347000+08:00,OK_BROWSER_VISIBLE,research/20260903_BIOHUB_CELL_PUBLIC_RECON_V01/staging/official_kaggle/evidence/browser_code_keyword_captures.json,"response_bytes=22596; response_sha256=fcd907fd48875fe62612cd5097a5e35219913b0a52226c6a538e0f8996e2a733; only visible loaded panel, total not reported"
OFFICIAL_KAGGLE_Q0074,kaggle_code,Kaggle logged-in browser,GEFF,Public Score / scoreDescending,visible_loaded_panel,,20,20,0,2026-09-03T08:15:42.444Z,2026-09-03T16:15:42.444000+08:00,OK_BROWSER_VISIBLE,research/20260903_BIOHUB_CELL_PUBLIC_RECON_V01/staging/official_kaggle/evidence/browser_code_keyword_captures.json,"response_bytes=22945; response_sha256=7a49bffde3deb3580357cfd411610a1617d57d3a19bc7e982eac2b7fa8cfdc38; only visible loaded panel, total not reported"
OFFICIAL_KAGGLE_Q0075,kaggle_code,Kaggle logged-in browser,tracksdata,Public Score / scoreDescending,visible_loaded_panel,,20,20,0,2026-09-03T08:15:45.611Z,2026-09-03T16:15:45.611000+08:00,OK_BROWSER_VISIBLE,research/20260903_BIOHUB_CELL_PUBLIC_RECON_V01/staging/official_kaggle/evidence/browser_code_keyword_captures.json,"response_bytes=22692; response_sha256=83827968177854c7315c8f19bc489a580a8f00dfd04742bd0ba6ff682b0e72ea; only visible loaded panel, total not reported"
OFFICIAL_KAGGLE_Q0076,kaggle_code,Kaggle logged-in browser,OME-Zarr,Public Score / scoreDescending,visible_loaded_panel,,20,20,0,2026-09-03T08:15:48.757Z,2026-09-03T16:15:48.757000+08:00,OK_BROWSER_VISIBLE,research/20260903_BIOHUB_CELL_PUBLIC_RECON_V01/staging/official_kaggle/evidence/browser_code_keyword_captures.json,"response_bytes=21088; response_sha256=bd725d0214193e24e231b27e7fb844da99c083abb9b1fdbd533901dfbcb16a65; only visible loaded panel, total not reported"
OFFICIAL_KAGGLE_Q0077,kaggle_code,Kaggle logged-in browser,adjusted edge jaccard,Public Score / scoreDescending,visible_loaded_panel,,20,20,0,2026-09-03T08:15:58.753Z,2026-09-03T16:15:58.753000+08:00,OK_BROWSER_VISIBLE,research/20260903_BIOHUB_CELL_PUBLIC_RECON_V01/staging/official_kaggle/evidence/browser_code_keyword_captures.json,"response_bytes=21469; response_sha256=b7ce1d3b9ad4fb1033a3df666b962ee00b1c57a5ce8e46937390d30e6cffbae8; only visible loaded panel, total not reported"
OFFICIAL_KAGGLE_Q0078,kaggle_code,Kaggle logged-in browser,division jaccard,Public Score / scoreDescending,visible_loaded_panel,,20,20,0,2026-09-03T08:16:01.896Z,2026-09-03T16:16:01.896000+08:00,OK_BROWSER_VISIBLE,research/20260903_BIOHUB_CELL_PUBLIC_RECON_V01/staging/official_kaggle/evidence/browser_code_keyword_captures.json,"response_bytes=21645; response_sha256=203ea31f3c291732b0c8889185f12e18cc78cab1d3b7938b831bc114c37f0ada; only visible loaded panel, total not reported"
OFFICIAL_KAGGLE_Q0079,kaggle_code,Kaggle logged-in browser,temporal affinity fields,Public Score / scoreDescending,visible_loaded_panel,,0,0,0,2026-09-03T08:16:04.563Z,2026-09-03T16:16:04.563000+08:00,OK_ZERO_VISIBLE_RESULTS,research/20260903_BIOHUB_CELL_PUBLIC_RECON_V01/staging/official_kaggle/evidence/browser_code_keyword_captures.json,"response_bytes=6193; response_sha256=bb4e60071dc9bb922ebca1daaef18eb851449bea35834e9ca45ca957d63c7375; only visible loaded panel, total not reported"
OFFICIAL_KAGGLE_Q0080,kaggle_code,Kaggle logged-in browser,Ultrack,Public Score / scoreDescending,visible_loaded_panel,,12,12,0,2026-09-03T08:16:07.608Z,2026-09-03T16:16:07.608000+08:00,OK_BROWSER_VISIBLE,research/20260903_BIOHUB_CELL_PUBLIC_RECON_V01/staging/official_kaggle/evidence/browser_code_keyword_captures.json,"response_bytes=14359; response_sha256=d1a62c508c4c57471fe2099601f31419e203d68e97ff9e41b41b38dce65d1663; only visible loaded panel, total not reported"
OFFICIAL_KAGGLE_Q0081,kaggle_code,Kaggle logged-in browser,Trackastra,Public Score / scoreDescending,visible_loaded_panel,,14,14,0,2026-09-03T08:16:10.613Z,2026-09-03T16:16:10.613000+08:00,OK_BROWSER_VISIBLE,research/20260903_BIOHUB_CELL_PUBLIC_RECON_V01/staging/official_kaggle/evidence/browser_code_keyword_captures.json,"response_bytes=16132; response_sha256=7d7fe0310054a5d0712e0aa9a0f18d1b8b607006d4e96369381b7c65ed100977; only visible loaded panel, total not reported"
OFFICIAL_KAGGLE_Q0082,kaggle_code,Kaggle logged-in browser,Cellpose,Public Score / scoreDescending,visible_loaded_panel,,20,20,0,2026-09-03T08:16:22.586Z,2026-09-03T16:16:22.586000+08:00,OK_BROWSER_VISIBLE,research/20260903_BIOHUB_CELL_PUBLIC_RECON_V01/staging/official_kaggle/evidence/browser_code_keyword_captures.json,"response_bytes=19701; response_sha256=9e38c9d63325868c6513b3e379d74453f7fe47942b20e855a143e99c550b77b0; only visible loaded panel, total not reported"
OFFICIAL_KAGGLE_Q0083,kaggle_code,Kaggle logged-in browser,StarDist,Public Score / scoreDescending,visible_loaded_panel,,10,10,0,2026-09-03T08:16:25.518Z,2026-09-03T16:16:25.518000+08:00,OK_BROWSER_VISIBLE,research/20260903_BIOHUB_CELL_PUBLIC_RECON_V01/staging/official_kaggle/evidence/browser_code_keyword_captures.json,"response_bytes=13190; response_sha256=37a9ff72884d9fbfabf8bec163a350223167bde9d6cf3de2f6c2f114ae8b39ab; only visible loaded panel, total not reported"
OFFICIAL_KAGGLE_Q0084,kaggle_code,Kaggle logged-in browser,3D U-Net tracking,Public Score / scoreDescending,visible_loaded_panel,,20,20,0,2026-09-03T08:16:28.657Z,2026-09-03T16:16:28.657000+08:00,OK_BROWSER_VISIBLE,research/20260903_BIOHUB_CELL_PUBLIC_RECON_V01/staging/official_kaggle/evidence/browser_code_keyword_captures.json,"response_bytes=21701; response_sha256=0eacbab8c93cc9b0ca64634f1bf52c521aff2d05b60d81ab91c73957d930aa4b; only visible loaded panel, total not reported"
OFFICIAL_KAGGLE_Q0085,kaggle_code,Kaggle logged-in browser,graph optimization cell tracking,Public Score / scoreDescending,visible_loaded_panel,,20,20,0,2026-09-03T08:16:31.766Z,2026-09-03T16:16:31.766000+08:00,OK_BROWSER_VISIBLE,research/20260903_BIOHUB_CELL_PUBLIC_RECON_V01/staging/official_kaggle/evidence/browser_code_keyword_captures.json,"response_bytes=21239; response_sha256=8713cb6ee0adcb0996155f46c1265cbe65fbdc9a50eb0513496eb00f841805b4; only visible loaded panel, total not reported"
OFFICIAL_KAGGLE_Q0086,kaggle_code,Kaggle logged-in browser,transformer cell tracking,Public Score / scoreDescending,visible_loaded_panel,,20,20,0,2026-09-03T08:16:34.963Z,2026-09-03T16:16:34.963000+08:00,OK_BROWSER_VISIBLE,research/20260903_BIOHUB_CELL_PUBLIC_RECON_V01/staging/official_kaggle/evidence/browser_code_keyword_captures.json,"response_bytes=22632; response_sha256=9ff060fb998c411d6c722f2b40d6632539f3813811871051d11ee0eb445191bb; only visible loaded panel, total not reported"
OFFICIAL_KAGGLE_Q0087,official,Kaggle logged-in browser,https://www.kaggle.com/competitions/biohub-cell-tracking-during-development/overview,,visible_main,1,1,1,1,2026-09-03T08:30:17.003Z,"2026-09-03, 16:30:17 GMT+8",FULL_PAGE_BODY_READ,research/20260903_BIOHUB_CELL_PUBLIC_RECON_V01/staging/official_kaggle/evidence/browser_official_routes.json,route=overview; main_bytes=6080; main_sha256=7d8713bf67adf1500571e28544ca3f8abf858d5d1e15dfa5d76b22efbf404654; browser_status=FULL_VISIBLE_MAIN_READ
OFFICIAL_KAGGLE_Q0088,official,Kaggle logged-in browser,https://www.kaggle.com/competitions/biohub-cell-tracking-during-development/data,,visible_main,1,1,1,1,2026-09-03T08:29:56.128Z,"2026-09-03, 16:29:56 GMT+8",FULL_PAGE_BODY_READ,research/20260903_BIOHUB_CELL_PUBLIC_RECON_V01/staging/official_kaggle/evidence/browser_official_routes.json,route=data; main_bytes=4589; main_sha256=201c69d8344caaa0a2d9be1f7df225d3c3982466c7e2918b2f6b3808773de081; browser_status=FULL_VISIBLE_MAIN_READ
OFFICIAL_KAGGLE_Q0089,official,Kaggle logged-in browser,https://www.kaggle.com/competitions/biohub-cell-tracking-during-development/code,,visible_main,1,1,1,1,2026-09-03T08:18:29.409Z,"2026-09-03, 16:18:29 GMT+8",FULL_PAGE_BODY_READ,research/20260903_BIOHUB_CELL_PUBLIC_RECON_V01/staging/official_kaggle/evidence/browser_official_routes.json,route=code; main_bytes=3485; main_sha256=1f358d73375aefbe705e9b6c1cfdaf42dc35f53fe6b4692274bf24c8285dfb2d; browser_status=FULL_VISIBLE_MAIN_READ
OFFICIAL_KAGGLE_Q0090,official,Kaggle logged-in browser,https://www.kaggle.com/competitions/biohub-cell-tracking-during-development/discussion?sort=hotness,,visible_main,1,1,1,1,2026-09-03T08:18:34.197Z,"2026-09-03, 16:18:34 GMT+8",FULL_PAGE_BODY_READ,research/20260903_BIOHUB_CELL_PUBLIC_RECON_V01/staging/official_kaggle/evidence/browser_official_routes.json,route=discussion; main_bytes=3571; main_sha256=ec1558909dfa3dc564be8207716bcc38c51d53f39ed6f4831296b9dba5857998; browser_status=FULL_VISIBLE_MAIN_READ
OFFICIAL_KAGGLE_Q0091,official,Kaggle logged-in browser,https://www.kaggle.com/competitions/biohub-cell-tracking-during-development/leaderboard,,visible_main,1,1,1,1,2026-09-03T08:32:44.130Z,"2026-09-03, 16:32:44 GMT+8",FULL_PAGE_BODY_READ,research/20260903_BIOHUB_CELL_PUBLIC_RECON_V01/staging/official_kaggle/evidence/browser_official_routes.json,route=leaderboard; main_bytes=3405; main_sha256=659c23ea56abcc0998c60a150784e87bc8ecefcea9765bcdc446bdbcf6f3468b; browser_status=FULL_VISIBLE_MAIN_READ_WITH_VIRTUAL_SCROLL_THROUGH_RANK_149
OFFICIAL_KAGGLE_Q0092,official,Kaggle logged-in browser,https://www.kaggle.com/competitions/biohub-cell-tracking-during-development/rules,,visible_main,1,1,1,1,2026-09-03T08:30:21.783Z,"2026-09-03, 16:30:21 GMT+8",FULL_PAGE_BODY_READ,research/20260903_BIOHUB_CELL_PUBLIC_RECON_V01/staging/official_kaggle/evidence/browser_official_routes.json,route=rules; main_bytes=36914; main_sha256=6ba45819135a1bd942cc6b0842cb4e0468bdaf12a998bae1f561a699b410bcef; browser_status=FULL_VISIBLE_MAIN_READ
OFFICIAL_KAGGLE_Q0093,official,Kaggle logged-in browser,https://www.kaggle.com/competitions/biohub-cell-tracking-during-development/models,,visible_main,1,1,1,1,2026-09-03T08:18:53.965Z,"2026-09-03, 16:18:53 GMT+8",FULL_PAGE_BODY_READ,research/20260903_BIOHUB_CELL_PUBLIC_RECON_V01/staging/official_kaggle/evidence/browser_official_routes.json,route=models; main_bytes=635; main_sha256=94567a218ad25674e1d876d4d5854ddcf9fa4806559c73b41ea38d068bb39088; browser_status=FULL_VISIBLE_MAIN_READ
OFFICIAL_KAGGLE_Q0094,kaggle_code,Kaggle official GetKernel API,nusrati/0-938,recent_high_score_recovery_probe,1,1,1,1,1,2026-09-03T08:25:13.334963+00:00,2026-09-03T16:25:13.334963+08:00,FULL_NOTEBOOK_SOURCE_READ,research/20260903_BIOHUB_CELL_PUBLIC_RECON_V01/staging/official_kaggle/evidence/notebook_deep_read.jsonl,endpoint=KernelsApiService/GetKernel; response_source_bytes=196950; response_sha256=65c2fc9bbe0b3268af46396bfec62906cb85633e46c87ad0fdfe2be0c1412e96; error=
OFFICIAL_KAGGLE_Q0095,kaggle_code,Kaggle official GetKernel API,inversion/cell-tracking-getting-started-w-nearest-neighbor,pinned_official_getting_started,2,1,1,1,1,2026-09-03T08:25:19.819593+00:00,2026-09-03T16:25:19.819593+08:00,FULL_NOTEBOOK_SOURCE_READ,research/20260903_BIOHUB_CELL_PUBLIC_RECON_V01/staging/official_kaggle/evidence/notebook_deep_read.jsonl,endpoint=KernelsApiService/GetKernel; response_source_bytes=5273; response_sha256=d554171d89310daa7ccd841c59ec9b258908379c762d0e7338565d4aba98e3a9; error=
OFFICIAL_KAGGLE_Q0096,kaggle_code,Kaggle official GetKernel API,thibautgoldsborough/unet-baseline-inference-submission,host_or_organizer_baseline_candidate,3,1,1,1,1,2026-09-03T08:25:24.642287+00:00,2026-09-03T16:25:24.642287+08:00,FULL_NOTEBOOK_SOURCE_READ,research/20260903_BIOHUB_CELL_PUBLIC_RECON_V01/staging/official_kaggle/evidence/notebook_deep_read.jsonl,endpoint=KernelsApiService/GetKernel; response_source_bytes=8574; response_sha256=a712fae47070c43e00341202c7a0ffa7b584af25d435dd4afe46d952f4a54978; error=
OFFICIAL_KAGGLE_Q0097,kaggle_code,Kaggle official GetKernel API,jirkaborovec/biohub-celltrack-dog-trackastra-graph-trans,trackastra_model_linked,4,1,1,1,1,2026-09-03T08:25:29.429103+00:00,2026-09-03T16:25:29.429103+08:00,FULL_NOTEBOOK_SOURCE_READ,research/20260903_BIOHUB_CELL_PUBLIC_RECON_V01/staging/official_kaggle/evidence/notebook_deep_read.jsonl,endpoint=KernelsApiService/GetKernel; response_source_bytes=50463; response_sha256=0cb707977433e2932861b67dc28be780077f749beadf93fb35792a2b7b614461; error=
OFFICIAL_KAGGLE_Q0098,kaggle_code,Kaggle official GetKernel API,xiaoleilian/biohub-cell-tracking-classical-baseline,classical_detection_baseline,5,1,1,1,1,2026-09-03T08:25:34.479619+00:00,2026-09-03T16:25:34.479619+08:00,FULL_NOTEBOOK_SOURCE_READ,research/20260903_BIOHUB_CELL_PUBLIC_RECON_V01/staging/official_kaggle/evidence/notebook_deep_read.jsonl,endpoint=KernelsApiService/GetKernel; response_source_bytes=28077; response_sha256=ef193c8cd86c7faa7f5e9240b4ef72b8e5f3e8fbec3e8ba871ba0d8bd087e088; error=
OFFICIAL_KAGGLE_Q0099,kaggle_code,Kaggle official GetKernel API,xiaoleilian/biohub-cell-tracking-3d-u-net,3d_unet_inference,6,1,1,1,1,2026-09-03T08:25:39.399313+00:00,2026-09-03T16:25:39.399313+08:00,FULL_NOTEBOOK_SOURCE_READ,research/20260903_BIOHUB_CELL_PUBLIC_RECON_V01/staging/official_kaggle/evidence/notebook_deep_read.jsonl,endpoint=KernelsApiService/GetKernel; response_source_bytes=17133; response_sha256=fb615ee1b5e60867781ed0d3c57d5c0d8ca9993096bae8265ab509ffb1ad854f; error=
OFFICIAL_KAGGLE_Q0100,kaggle_code,Kaggle official GetKernel API,xiaoleilian/biohub-ct-mix-divaug,high_vote_division_augmentation,7,1,1,1,1,2026-09-03T08:25:44.454301+00:00,2026-09-03T16:25:44.454301+08:00,FULL_NOTEBOOK_SOURCE_READ,research/20260903_BIOHUB_CELL_PUBLIC_RECON_V01/staging/official_kaggle/evidence/notebook_deep_read.jsonl,endpoint=KernelsApiService/GetKernel; response_source_bytes=20142; response_sha256=79ad705f1fff83612bd9b6770be87657a90697d40bd086531059cb4dbb3b9cad; error=
OFFICIAL_KAGGLE_Q0101,kaggle_code,Kaggle official GetKernel API,pilkwang/biohub-cell-tracking-learned-graph-w-gap-recovery,learned_graph_gap_recovery,8,1,1,1,1,2026-09-03T08:25:49.276534+00:00,2026-09-03T16:25:49.276534+08:00,FULL_NOTEBOOK_SOURCE_READ,research/20260903_BIOHUB_CELL_PUBLIC_RECON_V01/staging/official_kaggle/evidence/notebook_deep_read.jsonl,endpoint=KernelsApiService/GetKernel; response_source_bytes=83640; response_sha256=5d616f969bed8800076b9213f39c4f89791fc9855a0c65efc626bf0b740b4c42; error=
OFFICIAL_KAGGLE_Q0102,kaggle_code,Kaggle official GetKernel API,pilkwang/biohub-cell-tracking-two-seeds-logit-blend,two_seed_logit_blend,9,1,1,1,1,2026-09-03T08:25:54.171680+00:00,2026-09-03T16:25:54.171680+08:00,FULL_NOTEBOOK_SOURCE_READ,research/20260903_BIOHUB_CELL_PUBLIC_RECON_V01/staging/official_kaggle/evidence/notebook_deep_read.jsonl,endpoint=KernelsApiService/GetKernel; response_source_bytes=140768; response_sha256=a2e660c6c5d66af5671643fb0e91b4d19faac5907077837116000daa1fee38ac; error=
OFFICIAL_KAGGLE_Q0103,kaggle_code,Kaggle official GetKernel API,pilkwang/biohub-cell-tracking-data-model-eda-baseline,data_model_eda_baseline,10,1,1,1,1,2026-09-03T08:26:02.189715+00:00,2026-09-03T16:26:02.189715+08:00,FULL_NOTEBOOK_SOURCE_READ,research/20260903_BIOHUB_CELL_PUBLIC_RECON_V01/staging/official_kaggle/evidence/notebook_deep_read.jsonl,endpoint=KernelsApiService/GetKernel; response_source_bytes=38297; response_sha256=84e48e6e67c239572ca5c144d941433d42f6f0f1c06b1e713286f39e5059190e; error=
OFFICIAL_KAGGLE_Q0104,kaggle_code,Kaggle official GetKernel API,yusuketogashi/clean-approach-lightweight-local-cv-no-hack,local_cv_no_hack,11,1,1,1,1,2026-09-03T08:26:08.840035+00:00,2026-09-03T16:26:08.840035+08:00,FULL_NOTEBOOK_SOURCE_READ,research/20260903_BIOHUB_CELL_PUBLIC_RECON_V01/staging/official_kaggle/evidence/notebook_deep_read.jsonl,endpoint=KernelsApiService/GetKernel; response_source_bytes=165239; response_sha256=b754eaffca194e1b1ebbf5aa6471016996313eea1f18af4ff94316df749a2684; error=
OFFICIAL_KAGGLE_Q0105,kaggle_code,Kaggle official GetKernel API,yusuketogashi/lb897-baseline,high_vote_baseline,12,1,1,1,1,2026-09-03T08:26:14.709405+00:00,2026-09-03T16:26:14.709405+08:00,FULL_NOTEBOOK_SOURCE_READ,research/20260903_BIOHUB_CELL_PUBLIC_RECON_V01/staging/official_kaggle/evidence/notebook_deep_read.jsonl,endpoint=KernelsApiService/GetKernel; response_source_bytes=106920; response_sha256=c4d75190ba336623a01f42a239bfb8a915f547d3606aa29a7d666893bf83f087; error=
OFFICIAL_KAGGLE_Q0106,kaggle_code,Kaggle official GetKernel API,yaroslavkholmirzayev/biohub-cell-tracking-v4-unet-ilp-reproduction,unet_ilp_reproduction,13,1,1,1,1,2026-09-03T08:26:19.794611+00:00,2026-09-03T16:26:19.794611+08:00,FULL_NOTEBOOK_SOURCE_READ,research/20260903_BIOHUB_CELL_PUBLIC_RECON_V01/staging/official_kaggle/evidence/notebook_deep_read.jsonl,endpoint=KernelsApiService/GetKernel; response_source_bytes=97908; response_sha256=47dc8cb23a21e712ef7d6237282466a8fc88e78f272a21e1649bd854534ea33d; error=
OFFICIAL_KAGGLE_Q0107,kaggle_code,Kaggle official GetKernel API,seshurajup/lb-0-857-best-rule-base-v14,rule_based,14,1,1,1,1,2026-09-03T08:26:24.701353+00:00,2026-09-03T16:26:24.701353+08:00,FULL_NOTEBOOK_SOURCE_READ,research/20260903_BIOHUB_CELL_PUBLIC_RECON_V01/staging/official_kaggle/evidence/notebook_deep_read.jsonl,endpoint=KernelsApiService/GetKernel; response_source_bytes=41867; response_sha256=c174e372d91fc3a6baf0dbae78ca228af64ba9b1774b21c71849f5ba2f5b9298; error=
OFFICIAL_KAGGLE_Q0108,kaggle_code,Kaggle official GetKernel API,isakatsuyoshi/biohub-rule-based-baseline,rule_based_baseline,15,1,1,1,1,2026-09-03T08:26:29.526067+00:00,2026-09-03T16:26:29.526067+08:00,FULL_NOTEBOOK_SOURCE_READ,research/20260903_BIOHUB_CELL_PUBLIC_RECON_V01/staging/official_kaggle/evidence/notebook_deep_read.jsonl,endpoint=KernelsApiService/GetKernel; response_source_bytes=36093; response_sha256=b62cc60e7c6ee9898fc9143ef24606ff7d325da2a9ddf3e47ef90e1050fe1be9; error=
OFFICIAL_KAGGLE_Q0109,kaggle_code,Kaggle official GetKernel API,kirneo/metric-hack-last-call-update,metric_exploit_patch_risk,16,1,1,1,1,2026-09-03T08:26:34.924124+00:00,2026-09-03T16:26:34.924124+08:00,FULL_NOTEBOOK_SOURCE_READ,research/20260903_BIOHUB_CELL_PUBLIC_RECON_V01/staging/official_kaggle/evidence/notebook_deep_read.jsonl,endpoint=KernelsApiService/GetKernel; response_source_bytes=70863; response_sha256=1087c5db1d72fb90afaba43f067a950cb78bff87b0e7ff776234a373653cbc00; error=
OFFICIAL_KAGGLE_Q0110,kaggle_code,Kaggle official GetKernel API,amanatar/improved-metric-hack-last-call,metric_exploit_stale_score_risk,17,1,1,1,1,2026-09-03T08:26:39.815295+00:00,2026-09-03T16:26:39.815295+08:00,FULL_NOTEBOOK_SOURCE_READ,research/20260903_BIOHUB_CELL_PUBLIC_RECON_V01/staging/official_kaggle/evidence/notebook_deep_read.jsonl,endpoint=KernelsApiService/GetKernel; response_source_bytes=64106; response_sha256=d29282ae764067cc80b8e50b820bca0b678cf1808846e5e8732ac4cfb2b2b446; error=
OFFICIAL_KAGGLE_Q0111,kaggle_code,Kaggle official GetKernel API,outwrest/metric-hack-minimal-baseline-tta-2gpu,metric_exploit_minimal,18,1,1,1,1,2026-09-03T08:26:44.619581+00:00,2026-09-03T16:26:44.619581+08:00,FULL_NOTEBOOK_SOURCE_READ,research/20260903_BIOHUB_CELL_PUBLIC_RECON_V01/staging/official_kaggle/evidence/notebook_deep_read.jsonl,endpoint=KernelsApiService/GetKernel; response_source_bytes=33365; response_sha256=6a9c42fcdb3b1ab13f24698db2884d8a49330e6b8803a1d45cb91b233e7c4451; error=
OFFICIAL_KAGGLE_Q0112,kaggle_code,Kaggle official GetKernel API,yunusgmsoy/kimi-notebook-v19,recent_high_score,19,1,1,1,1,2026-09-03T08:26:49.447766+00:00,2026-09-03T16:26:49.447766+08:00,FULL_NOTEBOOK_SOURCE_READ,research/20260903_BIOHUB_CELL_PUBLIC_RECON_V01/staging/official_kaggle/evidence/notebook_deep_read.jsonl,endpoint=KernelsApiService/GetKernel; response_source_bytes=214729; response_sha256=93937e6991b4a11579b0a30f448075bd914b3f3698452a5f4a16affc3eec119b; error=
OFFICIAL_KAGGLE_Q0113,kaggle_code,Kaggle official GetKernel API,anhadmahajan06/biohub-track-your-cells-development,recent_high_vote,20,1,1,1,1,2026-09-03T08:26:54.569781+00:00,2026-09-03T16:26:54.569781+08:00,FULL_NOTEBOOK_SOURCE_READ,research/20260903_BIOHUB_CELL_PUBLIC_RECON_V01/staging/official_kaggle/evidence/notebook_deep_read.jsonl,endpoint=KernelsApiService/GetKernel; response_source_bytes=219493; response_sha256=e3e9c4b2720a3b671ba5014498564638e303d5075926c420dd992ab45befb9b2; error=
OFFICIAL_KAGGLE_Q0114,kaggle_code,Kaggle official GetKernel API,flexonafft/biohub-harmonic-fusion,harmonic_fusion,21,1,1,1,1,2026-09-03T08:27:00.985698+00:00,2026-09-03T16:27:00.985698+08:00,FULL_NOTEBOOK_SOURCE_READ,research/20260903_BIOHUB_CELL_PUBLIC_RECON_V01/staging/official_kaggle/evidence/notebook_deep_read.jsonl,endpoint=KernelsApiService/GetKernel; response_source_bytes=201600; response_sha256=3a2e1c7798904a91a0ee3fafa74f09f4f970e780ef970752a52bf11767986099; error=
OFFICIAL_KAGGLE_Q0115,kaggle_code,Kaggle official GetKernel API,kunaldesale2408/biohub-cell-tracking,recent_high_vote_general,22,1,1,1,1,2026-09-03T08:27:06.002563+00:00,2026-09-03T16:27:06.002563+08:00,FULL_NOTEBOOK_SOURCE_READ,research/20260903_BIOHUB_CELL_PUBLIC_RECON_V01/staging/official_kaggle/evidence/notebook_deep_read.jsonl,endpoint=KernelsApiService/GetKernel; response_source_bytes=150828; response_sha256=1f1cbdb26779cc3a14cc2fa4e3649e78897d57ec0a69cd8cf77a0c185fda4a3a; error=
OFFICIAL_KAGGLE_Q0116,kaggle_code,Kaggle official GetKernel API,alioman/biohub-v19c-public0939-sis14-only,recent_high_score_sister_parameter,23,1,1,1,1,2026-09-03T08:27:11.366344+00:00,2026-09-03T16:27:11.366344+08:00,FULL_NOTEBOOK_SOURCE_READ,research/20260903_BIOHUB_CELL_PUBLIC_RECON_V01/staging/official_kaggle/evidence/notebook_deep_read.jsonl,endpoint=KernelsApiService/GetKernel; response_source_bytes=213952; response_sha256=363139b1f15ebd4b822b286019c0ce46533d0e045cdb31a99a9ffe0d7c208fd9; error=
OFFICIAL_KAGGLE_Q0117,kaggle_code,Kaggle official GetKernel API,rishabhr0y/biohub-div45-stack,division_stack,24,1,1,1,1,2026-09-03T08:27:16.337152+00:00,2026-09-03T16:27:16.337152+08:00,FULL_NOTEBOOK_SOURCE_READ,research/20260903_BIOHUB_CELL_PUBLIC_RECON_V01/staging/official_kaggle/evidence/notebook_deep_read.jsonl,endpoint=KernelsApiService/GetKernel; response_source_bytes=213602; response_sha256=34d5a5dff9c1c7e3e00ebed54f8b9d8fc58db94a1313d7f19ac56066281b4610; error=
OFFICIAL_KAGGLE_Q0118,kaggle_code,Kaggle official GetKernel API,cloudssdut/biohub-0-948-reproduction-20260901,score_reproduction_candidate,25,1,1,1,1,2026-09-03T08:27:21.563174+00:00,2026-09-03T16:27:21.563174+08:00,FULL_NOTEBOOK_SOURCE_READ,research/20260903_BIOHUB_CELL_PUBLIC_RECON_V01/staging/official_kaggle/evidence/notebook_deep_read.jsonl,endpoint=KernelsApiService/GetKernel; response_source_bytes=211483; response_sha256=1c169787fea15e97014bf5e7b94c34db47efa4471165446e44ded03ce6bfe177; error=
OFFICIAL_KAGGLE_Q0119,kaggle_code,Kaggle official GetKernel API,aagneye/biohub-v23-division-rebuild-reclaim,recent_division_rebuild,26,1,1,1,1,2026-09-03T08:27:26.690143+00:00,2026-09-03T16:27:26.690143+08:00,FULL_NOTEBOOK_SOURCE_READ,research/20260903_BIOHUB_CELL_PUBLIC_RECON_V01/staging/official_kaggle/evidence/notebook_deep_read.jsonl,endpoint=KernelsApiService/GetKernel; response_source_bytes=209461; response_sha256=67a4aadd83a96c8755e7a983c3acd22cd3e9caa3e3ea0a075d135d4145db5faa; error=
OFFICIAL_KAGGLE_Q0120,kaggle_code,Kaggle official GetKernel API,pawanmali/biohub-cli-learned-div-v1,learned_division,27,1,1,1,1,2026-09-03T08:27:31.765325+00:00,2026-09-03T16:27:31.765325+08:00,FULL_NOTEBOOK_SOURCE_READ,research/20260903_BIOHUB_CELL_PUBLIC_RECON_V01/staging/official_kaggle/evidence/notebook_deep_read.jsonl,endpoint=KernelsApiService/GetKernel; response_source_bytes=34600; response_sha256=004762466e5a9569c0084c7d91cecead3827773177763c7b6c074151876217ef; error=
OFFICIAL_KAGGLE_Q0121,kaggle_code,Kaggle official GetKernel API,mdmahfujulkarim/biohub-cell-tracking-graph-pipeline,graph_pipeline,28,1,1,1,1,2026-09-03T08:27:36.522754+00:00,2026-09-03T16:27:36.522754+08:00,FULL_NOTEBOOK_SOURCE_READ,research/20260903_BIOHUB_CELL_PUBLIC_RECON_V01/staging/official_kaggle/evidence/notebook_deep_read.jsonl,endpoint=KernelsApiService/GetKernel; response_source_bytes=20484; response_sha256=e7e5e435034ce666aaa7c11ec9087fc59a3656e3e780a4b315b0574f10f8c244; error=
OFFICIAL_KAGGLE_Q0122,kaggle_code,Kaggle official GetKernel API,dfhgfdghfdhg/biohub-final-cyto2,cellpose_candidate,29,1,1,1,1,2026-09-03T08:27:41.319305+00:00,2026-09-03T16:27:41.319305+08:00,FULL_NOTEBOOK_SOURCE_READ,research/20260903_BIOHUB_CELL_PUBLIC_RECON_V01/staging/official_kaggle/evidence/notebook_deep_read.jsonl,endpoint=KernelsApiService/GetKernel; response_source_bytes=4881; response_sha256=9e9c14475905b26b8ceaecd24b42bedce258db1cddfd59d49b285b7665f7b9ef; error=
OFFICIAL_KAGGLE_Q0123,kaggle_code,Kaggle official GetKernel API,aaaa1597/s1-06-stardist-btrack-pipeline,stardist_btrack_candidate,30,1,1,1,1,2026-09-03T08:27:46.150496+00:00,2026-09-03T16:27:46.150496+08:00,FULL_NOTEBOOK_SOURCE_READ,research/20260903_BIOHUB_CELL_PUBLIC_RECON_V01/staging/official_kaggle/evidence/notebook_deep_read.jsonl,endpoint=KernelsApiService/GetKernel; response_source_bytes=121706; response_sha256=714dda7c23860743e7906fcce6de45262b9d9493850f734873b267aa5b33ad9c; error=
Q_KDISC_KEY_01,kaggle_discussion,Kaggle,Competition Host,Kaggle discussion relevance,1,UNKNOWN,3,3,3,2026-09-03T08:32:07.856Z,2026-09-03T16:32:07.856000+08:00,FULL_PAGE_BODY_READ,research/20260903_BIOHUB_CELL_PUBLIC_RECON_V01/evidence/discussion_keyword_searches.json,Rendered search bytes=1059 sha256=b4dba192980cc91cc027bb2512dd18e6de3fb98cdc1b0ec1ee2dde72c661700a
Q_KDISC_KEY_02,kaggle_discussion,Kaggle,pinned discussion,Kaggle discussion relevance,1,UNKNOWN,3,3,3,2026-09-03T08:32:08.805Z,2026-09-03T16:32:08.805000+08:00,FULL_PAGE_BODY_READ,research/20260903_BIOHUB_CELL_PUBLIC_RECON_V01/evidence/discussion_keyword_searches.json,Rendered search bytes=1059 sha256=b4dba192980cc91cc027bb2512dd18e6de3fb98cdc1b0ec1ee2dde72c661700a
Q_KDISC_KEY_03,kaggle_discussion,Kaggle,metric,Kaggle discussion relevance,1,UNKNOWN,17,17,12,2026-09-03T08:32:10.237Z,2026-09-03T16:32:10.237000+08:00,FULL_PAGE_BODY_READ,research/20260903_BIOHUB_CELL_PUBLIC_RECON_V01/evidence/discussion_keyword_searches.json,Rendered search bytes=3383 sha256=deb0f3a7a25fba54bc34e3bbb88dac2e1d3ca5141845a25dbedb7a162879bc49
Q_KDISC_KEY_04,kaggle_discussion,Kaggle,evaluation,Kaggle discussion relevance,1,UNKNOWN,8,8,5,2026-09-03T08:32:11.366Z,2026-09-03T16:32:11.366000+08:00,FULL_PAGE_BODY_READ,research/20260903_BIOHUB_CELL_PUBLIC_RECON_V01/evidence/discussion_keyword_searches.json,Rendered search bytes=1773 sha256=e6def65616434f68d75c00607e075992c933e6e7d642e0d2d26792c73102264c
Q_KDISC_KEY_05,kaggle_discussion,Kaggle,division metric,Kaggle discussion relevance,1,UNKNOWN,11,11,8,2026-09-03T08:32:12.311Z,2026-09-03T16:32:12.311000+08:00,FULL_PAGE_BODY_READ,research/20260903_BIOHUB_CELL_PUBLIC_RECON_V01/evidence/discussion_keyword_searches.json,Rendered search bytes=2402 sha256=c6c5fa7a6e205c36fe005637496edeb3791404ee481b46688971d4a78253e8cf
Q_KDISC_KEY_06,kaggle_discussion,Kaggle,edge jaccard,Kaggle discussion relevance,1,UNKNOWN,11,11,5,2026-09-03T08:32:13.259Z,2026-09-03T16:32:13.259000+08:00,FULL_PAGE_BODY_READ,research/20260903_BIOHUB_CELL_PUBLIC_RECON_V01/evidence/discussion_keyword_searches.json,Rendered search bytes=2372 sha256=589aaab8c08554daf0ebe5610e2c340607c92caa463f351cfa0907fe0a0f6b4c
Q_KDISC_KEY_07,kaggle_discussion,Kaggle,metric exploit,Kaggle discussion relevance,1,UNKNOWN,6,6,6,2026-09-03T08:32:14.223Z,2026-09-03T16:32:14.223000+08:00,FULL_PAGE_BODY_READ,research/20260903_BIOHUB_CELL_PUBLIC_RECON_V01/evidence/discussion_keyword_searches.json,Rendered search bytes=1470 sha256=47a895309e8eefb6edd3f81958e8965f044d3818c9ec9a5a4a03f236ff9763be
Q_KDISC_KEY_08,kaggle_discussion,Kaggle,leaderboard recalculation,Kaggle discussion relevance,1,UNKNOWN,3,3,3,2026-09-03T08:32:15.178Z,2026-09-03T16:32:15.178000+08:00,FULL_PAGE_BODY_READ,research/20260903_BIOHUB_CELL_PUBLIC_RECON_V01/evidence/discussion_keyword_searches.json,Rendered search bytes=1059 sha256=b4dba192980cc91cc027bb2512dd18e6de3fb98cdc1b0ec1ee2dde72c661700a
Q_KDISC_KEY_09,kaggle_discussion,Kaggle,data format,Kaggle discussion relevance,1,UNKNOWN,4,4,3,2026-09-03T08:32:16.124Z,2026-09-03T16:32:16.124000+08:00,FULL_PAGE_BODY_READ,research/20260903_BIOHUB_CELL_PUBLIC_RECON_V01/evidence/discussion_keyword_searches.json,Rendered search bytes=1315 sha256=9cd66ceba170e49e4c20d51237a2772be55eea1fb0bd788a9f7f501894b4d1dc
Q_KDISC_KEY_10,kaggle_discussion,Kaggle,sparse ground truth,Kaggle discussion relevance,1,UNKNOWN,4,4,3,2026-09-03T08:32:17.073Z,2026-09-03T16:32:17.073000+08:00,FULL_PAGE_BODY_READ,research/20260903_BIOHUB_CELL_PUBLIC_RECON_V01/evidence/discussion_keyword_searches.json,Rendered search bytes=1458 sha256=e283dc4ed28ebb158fcea126aab89151958fd80a014f805314758af4fd0be4c1
Q_KDISC_KEY_11,kaggle_discussion,Kaggle,estimated_number_of_nodes,Kaggle discussion relevance,1,UNKNOWN,6,6,5,2026-09-03T08:32:18.029Z,2026-09-03T16:32:18.029000+08:00,FULL_PAGE_BODY_READ,research/20260903_BIOHUB_CELL_PUBLIC_RECON_V01/evidence/discussion_keyword_searches.json,Rendered search bytes=1555 sha256=fc361779bb0357f78959c40f1b968bb5833515c97307e34c6837d5822fec21dc
Q_KDISC_KEY_12,kaggle_discussion,Kaggle,external data,Kaggle discussion relevance,1,UNKNOWN,6,6,5,2026-09-03T08:32:18.983Z,2026-09-03T16:32:18.983000+08:00,FULL_PAGE_BODY_READ,research/20260903_BIOHUB_CELL_PUBLIC_RECON_V01/evidence/discussion_keyword_searches.json,Rendered search bytes=1531 sha256=9701ebc2ee243067669b73c2f907c64111b91800c81951a9b4925f92c23c9cf2
Q_KDISC_KEY_13,kaggle_discussion,Kaggle,Zebrahub,Kaggle discussion relevance,1,UNKNOWN,3,3,3,2026-09-03T08:32:19.927Z,2026-09-03T16:32:19.927000+08:00,FULL_PAGE_BODY_READ,research/20260903_BIOHUB_CELL_PUBLIC_RECON_V01/evidence/discussion_keyword_searches.json,Rendered search bytes=1219 sha256=b35a6940dbf902eb086ee957acd6d75b754629842e4185a78ae9555fc79e7acb
Q_KDISC_KEY_14,kaggle_discussion,Kaggle,runtime,Kaggle discussion relevance,1,UNKNOWN,5,5,3,2026-09-03T08:32:20.875Z,2026-09-03T16:32:20.875000+08:00,FULL_PAGE_BODY_READ,research/20260903_BIOHUB_CELL_PUBLIC_RECON_V01/evidence/discussion_keyword_searches.json,Rendered search bytes=1727 sha256=b0eb7a77a22a28f1315fa3e8b18862c16ce511e995f59e485c3ab6e4a93c162e
Q_KDISC_KEY_15,kaggle_discussion,Kaggle,memory,Kaggle discussion relevance,1,UNKNOWN,4,4,3,2026-09-03T08:32:32.693Z,2026-09-03T16:32:32.693000+08:00,FULL_PAGE_BODY_READ,research/20260903_BIOHUB_CELL_PUBLIC_RECON_V01/evidence/discussion_keyword_searches.json,Rendered search bytes=1435 sha256=bbdeb7fc41d8a2498bcd760cf3e9c09a64c907afaa09b4e2624e486594477dac
Q_KDISC_KEY_16,kaggle_discussion,Kaggle,Zarr,Kaggle discussion relevance,1,UNKNOWN,11,11,6,2026-09-03T08:32:33.751Z,2026-09-03T16:32:33.751000+08:00,FULL_PAGE_BODY_READ,research/20260903_BIOHUB_CELL_PUBLIC_RECON_V01/evidence/discussion_keyword_searches.json,Rendered search bytes=3130 sha256=7583c1bfcb72df8488db9c2586f314ea1b930fb3477c6b2b9dcc3de6a4894ea1
Q_KDISC_KEY_17,kaggle_discussion,Kaggle,GEFF,Kaggle discussion relevance,1,UNKNOWN,8,8,5,2026-09-03T08:32:34.699Z,2026-09-03T16:32:34.699000+08:00,FULL_PAGE_BODY_READ,research/20260903_BIOHUB_CELL_PUBLIC_RECON_V01/evidence/discussion_keyword_searches.json,Rendered search bytes=2511 sha256=9f3e63b16b57b68ffbde62a149359e7c7b7384c743122843c410b1a92f4e7f08
Q_KDISC_KEY_18,kaggle_discussion,Kaggle,validation,Kaggle discussion relevance,1,UNKNOWN,10,10,3,2026-09-03T08:32:35.650Z,2026-09-03T16:32:35.650000+08:00,FULL_PAGE_BODY_READ,research/20260903_BIOHUB_CELL_PUBLIC_RECON_V01/evidence/discussion_keyword_searches.json,Rendered search bytes=2747 sha256=8fd56581261f8b3f8c3eb516c400142dd57c1bbe8657d14229ddc1f88ef010a6
Q_KDISC_KEY_19,kaggle_discussion,Kaggle,CV/LB correlation,Kaggle discussion relevance,1,UNKNOWN,3,3,3,2026-09-03T08:32:36.614Z,2026-09-03T16:32:36.614000+08:00,FULL_PAGE_BODY_READ,research/20260903_BIOHUB_CELL_PUBLIC_RECON_V01/evidence/discussion_keyword_searches.json,Rendered search bytes=1428 sha256=248fb19d165961bc96101b55c2b9c88cfaca842d3afef4cad6a2959c6283b5c3
Q_KDISC_KEY_20,kaggle_discussion,Kaggle,train/test distribution,Kaggle discussion relevance,1,UNKNOWN,3,3,3,2026-09-03T08:32:37.610Z,2026-09-03T16:32:37.610000+08:00,FULL_PAGE_BODY_READ,research/20260903_BIOHUB_CELL_PUBLIC_RECON_V01/evidence/discussion_keyword_searches.json,Rendered search bytes=1428 sha256=248fb19d165961bc96101b55c2b9c88cfaca842d3afef4cad6a2959c6283b5c3
Q_KDISC_KEY_21,kaggle_discussion,Kaggle,submission error,Kaggle discussion relevance,1,UNKNOWN,6,6,4,2026-09-03T08:32:38.612Z,2026-09-03T16:32:38.612000+08:00,FULL_PAGE_BODY_READ,research/20260903_BIOHUB_CELL_PUBLIC_RECON_V01/evidence/discussion_keyword_searches.json,Rendered search bytes=1975 sha256=8ac2034345b14b52641457da0920b5e4359629a5102b29de3331f7f323446a10
Q_KDISC_KEY_22,kaggle_discussion,Kaggle,package installation,Kaggle discussion relevance,1,UNKNOWN,4,4,3,2026-09-03T08:32:39.619Z,2026-09-03T16:32:39.619000+08:00,FULL_PAGE_BODY_READ,research/20260903_BIOHUB_CELL_PUBLIC_RECON_V01/evidence/discussion_keyword_searches.json,Rendered search bytes=1550 sha256=244b2dc511b6ea721f43bf2ee8f38148f6b92cf08d4ce232499c832801ff61a8
Q_KDISC_KEY_23,kaggle_discussion,Kaggle,internet-offline,Kaggle discussion relevance,1,UNKNOWN,4,4,3,2026-09-03T08:32:40.623Z,2026-09-03T16:32:40.623000+08:00,FULL_PAGE_BODY_READ,research/20260903_BIOHUB_CELL_PUBLIC_RECON_V01/evidence/discussion_keyword_searches.json,Rendered search bytes=1564 sha256=4b80bc48c19fbabbe6a9975d9266591cd3eda7ff0685de24c66a40d9de201dde
Q_KDISC_KEY_24,kaggle_discussion,Kaggle,baseline,Kaggle discussion relevance,1,UNKNOWN,10,10,3,2026-09-03T08:32:41.660Z,2026-09-03T16:32:41.660000+08:00,FULL_PAGE_BODY_READ,research/20260903_BIOHUB_CELL_PUBLIC_RECON_V01/evidence/discussion_keyword_searches.json,Rendered search bytes=2927 sha256=d75eb83a472ebc190cedc3c23bb9ef2853b2aa7da6b733568929995188a00cc9
Q_KDISC_KEY_25,kaggle_discussion,Kaggle,public notebook,Kaggle discussion relevance,1,UNKNOWN,8,8,4,2026-09-03T08:32:42.655Z,2026-09-03T16:32:42.655000+08:00,FULL_PAGE_BODY_READ,research/20260903_BIOHUB_CELL_PUBLIC_RECON_V01/evidence/discussion_keyword_searches.json,Rendered search bytes=2282 sha256=c3a08f28b4820f9b5d490a0c7062e9596a5deb9f85444e87a5f6c3272f8e16fe
Q_KDISC_KEY_26,kaggle_discussion,Kaggle,leakage,Kaggle discussion relevance,1,UNKNOWN,3,3,3,2026-09-03T08:32:43.645Z,2026-09-03T16:32:43.645000+08:00,FULL_PAGE_BODY_READ,research/20260903_BIOHUB_CELL_PUBLIC_RECON_V01/evidence/discussion_keyword_searches.json,Rendered search bytes=1428 sha256=248fb19d165961bc96101b55c2b9c88cfaca842d3afef4cad6a2959c6283b5c3
Q_KDISC_KEY_27,kaggle_discussion,Kaggle,team merger,Kaggle discussion relevance,1,UNKNOWN,3,3,3,2026-09-03T08:32:44.649Z,2026-09-03T16:32:44.649000+08:00,FULL_PAGE_BODY_READ,research/20260903_BIOHUB_CELL_PUBLIC_RECON_V01/evidence/discussion_keyword_searches.json,Rendered search bytes=1428 sha256=248fb19d165961bc96101b55c2b9c88cfaca842d3afef4cad6a2959c6283b5c3
Q_KDISC_KEY_28,kaggle_discussion,Kaggle,final submission,Kaggle discussion relevance,1,UNKNOWN,3,3,3,2026-09-03T08:32:46.030Z,2026-09-03T16:32:46.030000+08:00,FULL_PAGE_BODY_READ,research/20260903_BIOHUB_CELL_PUBLIC_RECON_V01/evidence/discussion_keyword_searches.json,Rendered search bytes=1334 sha256=43d1a44bcfc7ef5c865093ca5a81ad64078acc1e21e88fd62b53d954b2ebf04e
Q_KDISC_LIST_P1,kaggle_discussion,Kaggle,competition discussion listing,Hotness,1,UNKNOWN,21,21,14,2026-09-03T08:30:43.107Z,2026-09-03T16:30:43.107000+08:00,FULL_PAGE_BODY_READ,research/20260903_BIOHUB_CELL_PUBLIC_RECON_V01/evidence/discussion_listing_pages_1_3.json,Rendered listing bytes=4295 sha256=7888db8e195f6218ef66cd79591a041f7c9db17c74eb6f7fe474ffd721e0e570
Q_KDISC_LIST_P2,kaggle_discussion,Kaggle,competition discussion listing,Hotness,2,UNKNOWN,24,24,13,2026-09-03T08:30:48.773Z,2026-09-03T16:30:48.773000+08:00,FULL_PAGE_BODY_READ,research/20260903_BIOHUB_CELL_PUBLIC_RECON_V01/evidence/discussion_listing_pages_1_3.json,Rendered listing bytes=4352 sha256=e78000ba098ee54fdd7fdb4cc5dbdcdf6168a32aa332d0beeb312c1bc4d4ae0b
Q_KDISC_LIST_P3,kaggle_discussion,Kaggle,competition discussion listing,Hotness,3,UNKNOWN,23,23,11,2026-09-03T08:30:54.387Z,2026-09-03T16:30:54.387000+08:00,FULL_PAGE_BODY_READ,research/20260903_BIOHUB_CELL_PUBLIC_RECON_V01/evidence/discussion_listing_pages_1_3.json,Rendered listing bytes=4167 sha256=7fee49999324e761250fce1ef2f4889515927e5d50cef63c1a20c279e61e1675
kaggle_dataset_001,kaggle_datasets,Kaggle Datasets CLI,biohub,hottest_default,1,UNKNOWN,20,computed globally: 185,28,2026-09-03T08:03:41.868286+00:00,2026-09-03T16:03:41.868286+08:00,SUCCESS,research/20260903_BIOHUB_CELL_PUBLIC_RECON_V01/staging/community_history_data/evidence/kaggle_cli/dataset_search/biohub_p1.json,Search-result metadata only.
kaggle_dataset_002,kaggle_datasets,Kaggle Datasets CLI,biohub,hottest_default,2,UNKNOWN,20,computed globally: 185,28,2026-09-03T08:03:41.589051+00:00,2026-09-03T16:03:41.589051+08:00,SUCCESS,research/20260903_BIOHUB_CELL_PUBLIC_RECON_V01/staging/community_history_data/evidence/kaggle_cli/dataset_search/biohub_p2.json,Search-result metadata only.
kaggle_dataset_003,kaggle_datasets,Kaggle Datasets CLI,cell tracking,hottest_default,1,UNKNOWN,20,computed globally: 185,28,2026-09-03T08:03:40.624593+00:00,2026-09-03T16:03:40.624593+08:00,SUCCESS,research/20260903_BIOHUB_CELL_PUBLIC_RECON_V01/staging/community_history_data/evidence/kaggle_cli/dataset_search/cell_tracking_p1.json,Search-result metadata only.
kaggle_dataset_004,kaggle_datasets,Kaggle Datasets CLI,cell tracking,hottest_default,2,UNKNOWN,20,computed globally: 185,28,2026-09-03T08:03:40.899711+00:00,2026-09-03T16:03:40.899711+08:00,SUCCESS,research/20260903_BIOHUB_CELL_PUBLIC_RECON_V01/staging/community_history_data/evidence/kaggle_cli/dataset_search/cell_tracking_p2.json,Search-result metadata only.
kaggle_dataset_005,kaggle_datasets,Kaggle Datasets CLI,zebrafish cell tracking,hottest_default,1,UNKNOWN,1,computed globally: 185,28,2026-09-03T08:03:46.843431+00:00,2026-09-03T16:03:46.843431+08:00,SUCCESS,research/20260903_BIOHUB_CELL_PUBLIC_RECON_V01/staging/community_history_data/evidence/kaggle_cli/dataset_search/zebrafish_cell_tracking_p1.json,Search-result metadata only.
kaggle_dataset_006,kaggle_datasets,Kaggle Datasets CLI,zebrafish cell tracking,hottest_default,2,UNKNOWN,0,computed globally: 185,28,2026-09-03T08:03:46.144515+00:00,2026-09-03T16:03:46.144515+08:00,SUCCESS,research/20260903_BIOHUB_CELL_PUBLIC_RECON_V01/staging/community_history_data/evidence/kaggle_cli/dataset_search/zebrafish_cell_tracking_p2.json,"No content downloaded; 15 page-2 responses said No datasets found and are empty, not errors."
kaggle_dataset_007,kaggle_datasets,Kaggle Datasets CLI,zebrafish embryo,hottest_default,1,UNKNOWN,1,computed globally: 185,28,2026-09-03T08:03:46.467604+00:00,2026-09-03T16:03:46.467604+08:00,SUCCESS,research/20260903_BIOHUB_CELL_PUBLIC_RECON_V01/staging/community_history_data/evidence/kaggle_cli/dataset_search/zebrafish_embryo_p1.json,Search-result metadata only.
kaggle_dataset_008,kaggle_datasets,Kaggle Datasets CLI,zebrafish embryo,hottest_default,2,UNKNOWN,0,computed globally: 185,28,2026-09-03T08:03:47.664527+00:00,2026-09-03T16:03:47.664527+08:00,SUCCESS,research/20260903_BIOHUB_CELL_PUBLIC_RECON_V01/staging/community_history_data/evidence/kaggle_cli/dataset_search/zebrafish_embryo_p2.json,"No content downloaded; 15 page-2 responses said No datasets found and are empty, not errors."
kaggle_dataset_009,kaggle_datasets,Kaggle Datasets CLI,Zebrahub,hottest_default,1,UNKNOWN,1,computed globally: 185,28,2026-09-03T08:03:49.799337+00:00,2026-09-03T16:03:49.799337+08:00,SUCCESS,research/20260903_BIOHUB_CELL_PUBLIC_RECON_V01/staging/community_history_data/evidence/kaggle_cli/dataset_search/zebrahub_p1.json,Search-result metadata only.
kaggle_dataset_010,kaggle_datasets,Kaggle Datasets CLI,Zebrahub,hottest_default,2,UNKNOWN,0,computed globally: 185,28,2026-09-03T08:03:48.927582+00:00,2026-09-03T16:03:48.927582+08:00,SUCCESS,research/20260903_BIOHUB_CELL_PUBLIC_RECON_V01/staging/community_history_data/evidence/kaggle_cli/dataset_search/zebrahub_p2.json,"No content downloaded; 15 page-2 responses said No datasets found and are empty, not errors."
kaggle_dataset_011,kaggle_datasets,Kaggle Datasets CLI,3D microscopy,hottest_default,1,UNKNOWN,19,computed globally: 185,28,2026-09-03T08:03:50.005637+00:00,2026-09-03T16:03:50.005637+08:00,SUCCESS,research/20260903_BIOHUB_CELL_PUBLIC_RECON_V01/staging/community_history_data/evidence/kaggle_cli/dataset_search/3d_microscopy_p1.json,Search-result metadata only.
kaggle_dataset_012,kaggle_datasets,Kaggle Datasets CLI,3D microscopy,hottest_default,2,UNKNOWN,0,computed globally: 185,28,2026-09-03T08:03:50.432066+00:00,2026-09-03T16:03:50.432066+08:00,SUCCESS,research/20260903_BIOHUB_CELL_PUBLIC_RECON_V01/staging/community_history_data/evidence/kaggle_cli/dataset_search/3d_microscopy_p2.json,"No content downloaded; 15 page-2 responses said No datasets found and are empty, not errors."
kaggle_dataset_013,kaggle_datasets,Kaggle Datasets CLI,4D microscopy,hottest_default,1,UNKNOWN,1,computed globally: 185,28,2026-09-03T08:03:51.789605+00:00,2026-09-03T16:03:51.789605+08:00,SUCCESS,research/20260903_BIOHUB_CELL_PUBLIC_RECON_V01/staging/community_history_data/evidence/kaggle_cli/dataset_search/4d_microscopy_p1.json,Search-result metadata only.
kaggle_dataset_014,kaggle_datasets,Kaggle Datasets CLI,4D microscopy,hottest_default,2,UNKNOWN,0,computed globally: 185,28,2026-09-03T08:03:55.621438+00:00,2026-09-03T16:03:55.621438+08:00,SUCCESS,research/20260903_BIOHUB_CELL_PUBLIC_RECON_V01/staging/community_history_data/evidence/kaggle_cli/dataset_search/4d_microscopy_p2.json,"No content downloaded; 15 page-2 responses said No datasets found and are empty, not errors."
kaggle_dataset_015,kaggle_datasets,Kaggle Datasets CLI,time lapse microscopy,hottest_default,1,UNKNOWN,1,computed globally: 185,28,2026-09-03T08:03:54.980441+00:00,2026-09-03T16:03:54.980441+08:00,SUCCESS,research/20260903_BIOHUB_CELL_PUBLIC_RECON_V01/staging/community_history_data/evidence/kaggle_cli/dataset_search/time_lapse_microscopy_p1.json,Search-result metadata only.
kaggle_dataset_016,kaggle_datasets,Kaggle Datasets CLI,time lapse microscopy,hottest_default,2,UNKNOWN,0,computed globally: 185,28,2026-09-03T08:03:55.561671+00:00,2026-09-03T16:03:55.561671+08:00,SUCCESS,research/20260903_BIOHUB_CELL_PUBLIC_RECON_V01/staging/community_history_data/evidence/kaggle_cli/dataset_search/time_lapse_microscopy_p2.json,"No content downloaded; 15 page-2 responses said No datasets found and are empty, not errors."
kaggle_dataset_017,kaggle_datasets,Kaggle Datasets CLI,fluorescent nuclei,hottest_default,1,UNKNOWN,2,computed globally: 185,28,2026-09-03T08:03:57.427147+00:00,2026-09-03T16:03:57.427147+08:00,SUCCESS,research/20260903_BIOHUB_CELL_PUBLIC_RECON_V01/staging/community_history_data/evidence/kaggle_cli/dataset_search/fluorescent_nuclei_p1.json,Search-result metadata only.
kaggle_dataset_018,kaggle_datasets,Kaggle Datasets CLI,fluorescent nuclei,hottest_default,2,UNKNOWN,0,computed globally: 185,28,2026-09-03T08:03:58.736510+00:00,2026-09-03T16:03:58.736510+08:00,SUCCESS,research/20260903_BIOHUB_CELL_PUBLIC_RECON_V01/staging/community_history_data/evidence/kaggle_cli/dataset_search/fluorescent_nuclei_p2.json,"No content downloaded; 15 page-2 responses said No datasets found and are empty, not errors."
kaggle_dataset_019,kaggle_datasets,Kaggle Datasets CLI,cell lineage,hottest_default,1,UNKNOWN,20,computed globally: 185,28,2026-09-03T08:03:59.003857+00:00,2026-09-03T16:03:59.003857+08:00,SUCCESS,research/20260903_BIOHUB_CELL_PUBLIC_RECON_V01/staging/community_history_data/evidence/kaggle_cli/dataset_search/cell_lineage_p1.json,Search-result metadata only.
kaggle_dataset_020,kaggle_datasets,Kaggle Datasets CLI,cell lineage,hottest_default,2,UNKNOWN,7,computed globally: 185,28,2026-09-03T08:03:58.296370+00:00,2026-09-03T16:03:58.296370+08:00,SUCCESS,research/20260903_BIOHUB_CELL_PUBLIC_RECON_V01/staging/community_history_data/evidence/kaggle_cli/dataset_search/cell_lineage_p2.json,Search-result metadata only.
kaggle_dataset_021,kaggle_datasets,Kaggle Datasets CLI,Cell Tracking Challenge,hottest_default,1,UNKNOWN,5,computed globally: 185,28,2026-09-03T08:04:00.142253+00:00,2026-09-03T16:04:00.142253+08:00,SUCCESS,research/20260903_BIOHUB_CELL_PUBLIC_RECON_V01/staging/community_history_data/evidence/kaggle_cli/dataset_search/cell_tracking_challenge_p1.json,Search-result metadata only.
kaggle_dataset_022,kaggle_datasets,Kaggle Datasets CLI,Cell Tracking Challenge,hottest_default,2,UNKNOWN,0,computed globally: 185,28,2026-09-03T08:04:00.142504+00:00,2026-09-03T16:04:00.142504+08:00,SUCCESS,research/20260903_BIOHUB_CELL_PUBLIC_RECON_V01/staging/community_history_data/evidence/kaggle_cli/dataset_search/cell_tracking_challenge_p2.json,"No content downloaded; 15 page-2 responses said No datasets found and are empty, not errors."
kaggle_dataset_023,kaggle_datasets,Kaggle Datasets CLI,OME-Zarr,hottest_default,1,UNKNOWN,2,computed globally: 185,28,2026-09-03T08:04:00.636224+00:00,2026-09-03T16:04:00.636224+08:00,SUCCESS,research/20260903_BIOHUB_CELL_PUBLIC_RECON_V01/staging/community_history_data/evidence/kaggle_cli/dataset_search/ome_zarr_p1.json,Search-result metadata only.
kaggle_dataset_024,kaggle_datasets,Kaggle Datasets CLI,OME-Zarr,hottest_default,2,UNKNOWN,0,computed globally: 185,28,2026-09-03T08:04:01.694261+00:00,2026-09-03T16:04:01.694261+08:00,SUCCESS,research/20260903_BIOHUB_CELL_PUBLIC_RECON_V01/staging/community_history_data/evidence/kaggle_cli/dataset_search/ome_zarr_p2.json,"No content downloaded; 15 page-2 responses said No datasets found and are empty, not errors."
kaggle_dataset_025,kaggle_datasets,Kaggle Datasets CLI,GEFF,hottest_default,1,UNKNOWN,20,computed globally: 185,28,2026-09-03T08:04:02.168872+00:00,2026-09-03T16:04:02.168872+08:00,SUCCESS,research/20260903_BIOHUB_CELL_PUBLIC_RECON_V01/staging/community_history_data/evidence/kaggle_cli/dataset_search/geff_p1.json,Search-result metadata only.
kaggle_dataset_026,kaggle_datasets,Kaggle Datasets CLI,GEFF,hottest_default,2,UNKNOWN,14,computed globally: 185,28,2026-09-03T08:04:02.864574+00:00,2026-09-03T16:04:02.864574+08:00,SUCCESS,research/20260903_BIOHUB_CELL_PUBLIC_RECON_V01/staging/community_history_data/evidence/kaggle_cli/dataset_search/geff_p2.json,Search-result metadata only.
kaggle_dataset_027,kaggle_datasets,Kaggle Datasets CLI,tracksdata,hottest_default,1,UNKNOWN,6,computed globally: 185,28,2026-09-03T08:04:02.619723+00:00,2026-09-03T16:04:02.619723+08:00,SUCCESS,research/20260903_BIOHUB_CELL_PUBLIC_RECON_V01/staging/community_history_data/evidence/kaggle_cli/dataset_search/tracksdata_p1.json,Search-result metadata only.
kaggle_dataset_028,kaggle_datasets,Kaggle Datasets CLI,tracksdata,hottest_default,2,UNKNOWN,0,computed globally: 185,28,2026-09-03T08:04:04.734699+00:00,2026-09-03T16:04:04.734699+08:00,SUCCESS,research/20260903_BIOHUB_CELL_PUBLIC_RECON_V01/staging/community_history_data/evidence/kaggle_cli/dataset_search/tracksdata_p2.json,"No content downloaded; 15 page-2 responses said No datasets found and are empty, not errors."
kaggle_dataset_029,kaggle_datasets,Kaggle Datasets CLI,Ultrack,hottest_default,1,UNKNOWN,2,computed globally: 185,28,2026-09-03T08:04:05.317968+00:00,2026-09-03T16:04:05.317968+08:00,SUCCESS,research/20260903_BIOHUB_CELL_PUBLIC_RECON_V01/staging/community_history_data/evidence/kaggle_cli/dataset_search/ultrack_p1.json,Search-result metadata only.
kaggle_dataset_030,kaggle_datasets,Kaggle Datasets CLI,Ultrack,hottest_default,2,UNKNOWN,0,computed globally: 185,28,2026-09-03T08:04:05.727008+00:00,2026-09-03T16:04:05.727008+08:00,SUCCESS,research/20260903_BIOHUB_CELL_PUBLIC_RECON_V01/staging/community_history_data/evidence/kaggle_cli/dataset_search/ultrack_p2.json,"No content downloaded; 15 page-2 responses said No datasets found and are empty, not errors."
kaggle_dataset_031,kaggle_datasets,Kaggle Datasets CLI,Trackastra,hottest_default,1,UNKNOWN,3,computed globally: 185,28,2026-09-03T08:04:05.470861+00:00,2026-09-03T16:04:05.470861+08:00,SUCCESS,research/20260903_BIOHUB_CELL_PUBLIC_RECON_V01/staging/community_history_data/evidence/kaggle_cli/dataset_search/trackastra_p1.json,Search-result metadata only.
kaggle_dataset_032,kaggle_datasets,Kaggle Datasets CLI,Trackastra,hottest_default,2,UNKNOWN,0,computed globally: 185,28,2026-09-03T08:04:07.231086+00:00,2026-09-03T16:04:07.231086+08:00,SUCCESS,research/20260903_BIOHUB_CELL_PUBLIC_RECON_V01/staging/community_history_data/evidence/kaggle_cli/dataset_search/trackastra_p2.json,"No content downloaded; 15 page-2 responses said No datasets found and are empty, not errors."
kaggle_dataset_033,kaggle_datasets,Kaggle Datasets CLI,Cellpose,hottest_default,1,UNKNOWN,20,computed globally: 185,28,2026-09-03T08:04:08.330962+00:00,2026-09-03T16:04:08.330962+08:00,SUCCESS,research/20260903_BIOHUB_CELL_PUBLIC_RECON_V01/staging/community_history_data/evidence/kaggle_cli/dataset_search/cellpose_p1.json,Search-result metadata only.
kaggle_dataset_034,kaggle_datasets,Kaggle Datasets CLI,Cellpose,hottest_default,2,UNKNOWN,20,computed globally: 185,28,2026-09-03T08:04:08.340701+00:00,2026-09-03T16:04:08.340701+08:00,SUCCESS,research/20260903_BIOHUB_CELL_PUBLIC_RECON_V01/staging/community_history_data/evidence/kaggle_cli/dataset_search/cellpose_p2.json,Search-result metadata only.
kaggle_dataset_035,kaggle_datasets,Kaggle Datasets CLI,StarDist,hottest_default,1,UNKNOWN,6,computed globally: 185,28,2026-09-03T08:04:08.200814+00:00,2026-09-03T16:04:08.200814+08:00,SUCCESS,research/20260903_BIOHUB_CELL_PUBLIC_RECON_V01/staging/community_history_data/evidence/kaggle_cli/dataset_search/stardist_p1.json,Search-result metadata only.
kaggle_dataset_036,kaggle_datasets,Kaggle Datasets CLI,StarDist,hottest_default,2,UNKNOWN,0,computed globally: 185,28,2026-09-03T08:04:09.858820+00:00,2026-09-03T16:04:09.858820+08:00,SUCCESS,research/20260903_BIOHUB_CELL_PUBLIC_RECON_V01/staging/community_history_data/evidence/kaggle_cli/dataset_search/stardist_p2.json,"No content downloaded; 15 page-2 responses said No datasets found and are empty, not errors."
kaggle_dataset_037,kaggle_datasets,Kaggle Datasets CLI,nuclei tracking,hottest_default,1,UNKNOWN,2,computed globally: 185,28,2026-09-03T08:04:10.901089+00:00,2026-09-03T16:04:10.901089+08:00,SUCCESS,research/20260903_BIOHUB_CELL_PUBLIC_RECON_V01/staging/community_history_data/evidence/kaggle_cli/dataset_search/nuclei_tracking_p1.json,Search-result metadata only.
kaggle_dataset_038,kaggle_datasets,Kaggle Datasets CLI,nuclei tracking,hottest_default,2,UNKNOWN,0,computed globally: 185,28,2026-09-03T08:04:11.102706+00:00,2026-09-03T16:04:11.102706+08:00,SUCCESS,research/20260903_BIOHUB_CELL_PUBLIC_RECON_V01/staging/community_history_data/evidence/kaggle_cli/dataset_search/nuclei_tracking_p2.json,"No content downloaded; 15 page-2 responses said No datasets found and are empty, not errors."
kaggle_dataset_039,kaggle_datasets,Kaggle Datasets CLI,light sheet microscopy,hottest_default,1,UNKNOWN,3,computed globally: 185,28,2026-09-03T08:04:11.049709+00:00,2026-09-03T16:04:11.049709+08:00,SUCCESS,research/20260903_BIOHUB_CELL_PUBLIC_RECON_V01/staging/community_history_data/evidence/kaggle_cli/dataset_search/light_sheet_microscopy_p1.json,Search-result metadata only.
kaggle_dataset_040,kaggle_datasets,Kaggle Datasets CLI,light sheet microscopy,hottest_default,2,UNKNOWN,0,computed globally: 185,28,2026-09-03T08:04:12.271016+00:00,2026-09-03T16:04:12.271016+08:00,SUCCESS,research/20260903_BIOHUB_CELL_PUBLIC_RECON_V01/staging/community_history_data/evidence/kaggle_cli/dataset_search/light_sheet_microscopy_p2.json,"No content downloaded; 15 page-2 responses said No datasets found and are empty, not errors."
reddit_native_01,reddit_native,Reddit native search,Biohub - Cell Tracking During Development,relevance/default,1,not exposed,7,not aggregated,6,2026-09-03T08:11:15.336Z,2026-09-03T16:11:15.336000+08:00,SUCCESS,research/20260903_BIOHUB_CELL_PUBLIC_RECON_V01/staging/community_history_data/evidence/browser_reddit_science_history_reads.jsonl,未见直接相关主题。
reddit_native_02,reddit_native,Reddit native search,biohub-cell-tracking-during-development,relevance/default,1,not exposed,7,not aggregated,6,2026-09-03T08:11:19.122Z,2026-09-03T16:11:19.122000+08:00,SUCCESS,research/20260903_BIOHUB_CELL_PUBLIC_RECON_V01/staging/community_history_data/evidence/browser_reddit_science_history_reads.jsonl,未见直接相关主题。
reddit_native_03,reddit_native,Reddit native search,Biohub cell tracking Kaggle,relevance/default,1,not exposed,7,not aggregated,6,2026-09-03T08:11:22.903Z,2026-09-03T16:11:22.903000+08:00,SUCCESS,research/20260903_BIOHUB_CELL_PUBLIC_RECON_V01/staging/community_history_data/evidence/browser_reddit_science_history_reads.jsonl,命中一条当前比赛提交延迟主题。
reddit_native_04,reddit_native,Reddit native search,zebrafish tracking Kaggle,relevance/default,1,not exposed,7,not aggregated,6,2026-09-03T08:11:26.727Z,2026-09-03T16:11:26.727000+08:00,SUCCESS,research/20260903_BIOHUB_CELL_PUBLIC_RECON_V01/staging/community_history_data/evidence/browser_reddit_science_history_reads.jsonl,未见当前比赛直接命中。
reddit_native_05,reddit_native,Reddit native search,3D microscopy Kaggle,relevance/default,1,not exposed,7,not aggregated,6,2026-09-03T08:11:30.548Z,2026-09-03T16:11:30.548000+08:00,SUCCESS,research/20260903_BIOHUB_CELL_PUBLIC_RECON_V01/staging/community_history_data/evidence/browser_reddit_science_history_reads.jsonl,出现通用 3D 显微相关讨论。
reddit_native_06,reddit_native,Reddit native search,GEFF cell tracking,relevance/default,1,not exposed,7,not aggregated,6,2026-09-03T08:11:34.453Z,2026-09-03T16:11:34.453000+08:00,SUCCESS,research/20260903_BIOHUB_CELL_PUBLIC_RECON_V01/staging/community_history_data/evidence/browser_reddit_science_history_reads.jsonl,结果为噪声或缩写误命中。
reddit_native_07,reddit_native,Reddit native search,Ultrack Kaggle,relevance/default,1,not exposed,7,not aggregated,6,2026-09-03T08:11:38.873Z,2026-09-03T16:11:38.873000+08:00,SUCCESS,research/20260903_BIOHUB_CELL_PUBLIC_RECON_V01/staging/community_history_data/evidence/browser_reddit_science_history_reads.jsonl,未见直接相关主题。
reddit_native_08,reddit_native,Reddit native search,cell lineage competition,relevance/default,1,not exposed,7,not aggregated,6,2026-09-03T08:11:42.680Z,2026-09-03T16:11:42.680000+08:00,SUCCESS,research/20260903_BIOHUB_CELL_PUBLIC_RECON_V01/staging/community_history_data/evidence/browser_reddit_science_history_reads.jsonl,未见当前图像谱系比赛直接命中。
reddit_site_01,reddit_site_search,Web search site:reddit.com,"site:reddit.com ""Biohub - Cell Tracking During Development""",search-engine relevance,1,not exposed,0,not aggregated,6,2026-09-03T08:14:00Z,2026-09-03T16:14:00+08:00,SUCCESS,research/20260903_BIOHUB_CELL_PUBLIC_RECON_V01/staging/community_history_data/evidence/search_query_evidence.community_history_data.json,"no direct hit; observed relevant count/lower bound, not search-engine total"
reddit_site_02,reddit_site_search,Web search site:reddit.com,"site:reddit.com ""biohub-cell-tracking-during-development""",search-engine relevance,1,not exposed,0,not aggregated,6,2026-09-03T08:14:00Z,2026-09-03T16:14:00+08:00,SUCCESS,research/20260903_BIOHUB_CELL_PUBLIC_RECON_V01/staging/community_history_data/evidence/search_query_evidence.community_history_data.json,"no direct hit; observed relevant count/lower bound, not search-engine total"
reddit_site_03,reddit_site_search,Web search site:reddit.com,"site:reddit.com ""Biohub cell tracking Kaggle""",search-engine relevance,1,not exposed,0,not aggregated,6,2026-09-03T08:14:00Z,2026-09-03T16:14:00+08:00,SUCCESS,research/20260903_BIOHUB_CELL_PUBLIC_RECON_V01/staging/community_history_data/evidence/search_query_evidence.community_history_data.json,"quoted search no direct hit; observed relevant count/lower bound, not search-engine total"
reddit_site_04,reddit_site_search,Web search site:reddit.com,"site:reddit.com ""zebrafish tracking Kaggle""",search-engine relevance,1,not exposed,1,not aggregated,6,2026-09-03T08:14:00Z,2026-09-03T16:14:00+08:00,SUCCESS,research/20260903_BIOHUB_CELL_PUBLIC_RECON_V01/staging/community_history_data/evidence/search_query_evidence.community_history_data.json,"one general fish 3D result; observed relevant count/lower bound, not search-engine total"
reddit_site_05,reddit_site_search,Web search site:reddit.com,"site:reddit.com ""3D microscopy Kaggle""",search-engine relevance,1,not exposed,5,not aggregated,6,2026-09-03T08:14:00Z,2026-09-03T16:14:00+08:00,SUCCESS,research/20260903_BIOHUB_CELL_PUBLIC_RECON_V01/staging/community_history_data/evidence/search_query_evidence.community_history_data.json,"at least five general results; observed relevant count/lower bound, not search-engine total"
reddit_site_06,reddit_site_search,Web search site:reddit.com,"site:reddit.com ""GEFF cell tracking""",search-engine relevance,1,not exposed,0,not aggregated,6,2026-09-03T08:14:00Z,2026-09-03T16:14:00+08:00,SUCCESS,research/20260903_BIOHUB_CELL_PUBLIC_RECON_V01/staging/community_history_data/evidence/search_query_evidence.community_history_data.json,"no direct hit; observed relevant count/lower bound, not search-engine total"
reddit_site_07,reddit_site_search,Web search site:reddit.com,"site:reddit.com ""Ultrack Kaggle""",search-engine relevance,1,not exposed,0,not aggregated,6,2026-09-03T08:14:00Z,2026-09-03T16:14:00+08:00,SUCCESS,research/20260903_BIOHUB_CELL_PUBLIC_RECON_V01/staging/community_history_data/evidence/search_query_evidence.community_history_data.json,"no direct hit; mixed noisy returns not counted; observed relevant count/lower bound, not search-engine total"
reddit_site_08,reddit_site_search,Web search site:reddit.com,"site:reddit.com ""cell lineage competition""",search-engine relevance,1,not exposed,1,not aggregated,6,2026-09-03T08:14:00Z,2026-09-03T16:14:00+08:00,SUCCESS,research/20260903_BIOHUB_CELL_PUBLIC_RECON_V01/staging/community_history_data/evidence/search_query_evidence.community_history_data.json,"single-cell dataset request, not image tracking; observed relevant count/lower bound, not search-engine total"
reddit_site_09,reddit_site_search,Web search site:reddit.com,site:reddit.com Biohub cell tracking Kaggle,search-engine relevance,1,not exposed,1,not aggregated,6,2026-09-03T08:14:00Z,2026-09-03T16:14:00+08:00,SUCCESS,research/20260903_BIOHUB_CELL_PUBLIC_RECON_V01/staging/community_history_data/evidence/search_query_evidence.community_history_data.json,"supplemental unquoted search; at least one direct current-competition hit; observed relevant count/lower bound, not search-engine total"
scientific_web_01,scientific_web,Web search and direct authoritative pages,Cell Tracking Challenge evaluation annotations history,relevance/authoritative-first,1,not exposed,route-dependent,14,14,2026-09-03T08:26:17.665Z,2026-09-03T16:26:17.665+08:00,SUCCESS,research/20260903_BIOHUB_CELL_PUBLIC_RECON_V01/staging/community_history_data/evidence/search_query_evidence.community_history_data.json,"Authoritative pages were opened and read; bioRxiv remained blocked. Temporal Affinity Fields is only an analogy/community idea, not proven for this task."
scientific_web_02,scientific_web,Web search and direct authoritative pages,Zebrahub lineage light-sheet atlas,relevance/authoritative-first,1,not exposed,route-dependent,14,14,2026-09-03T08:26:17.665Z,2026-09-03T16:26:17.665+08:00,SUCCESS,research/20260903_BIOHUB_CELL_PUBLIC_RECON_V01/staging/community_history_data/evidence/search_query_evidence.community_history_data.json,"Authoritative pages were opened and read; bioRxiv remained blocked. Temporal Affinity Fields is only an analogy/community idea, not proven for this task."
scientific_web_03,scientific_web,Web search and direct authoritative pages,Ultrack documentation,relevance/authoritative-first,1,not exposed,route-dependent,14,14,2026-09-03T08:26:17.665Z,2026-09-03T16:26:17.665+08:00,SUCCESS,research/20260903_BIOHUB_CELL_PUBLIC_RECON_V01/staging/community_history_data/evidence/search_query_evidence.community_history_data.json,"Authoritative pages were opened and read; bioRxiv remained blocked. Temporal Affinity Fields is only an analogy/community idea, not proven for this task."
scientific_web_04,scientific_web,Web search and direct authoritative pages,Trackastra transformer cell tracking,relevance/authoritative-first,1,not exposed,route-dependent,14,14,2026-09-03T08:26:17.665Z,2026-09-03T16:26:17.665+08:00,SUCCESS,research/20260903_BIOHUB_CELL_PUBLIC_RECON_V01/staging/community_history_data/evidence/search_query_evidence.community_history_data.json,"Authoritative pages were opened and read; bioRxiv remained blocked. Temporal Affinity Fields is only an analogy/community idea, not proven for this task."
scientific_web_05,scientific_web,Web search and direct authoritative pages,GEFF specification,relevance/authoritative-first,1,not exposed,route-dependent,14,14,2026-09-03T08:26:17.665Z,2026-09-03T16:26:17.665+08:00,SUCCESS,research/20260903_BIOHUB_CELL_PUBLIC_RECON_V01/staging/community_history_data/evidence/search_query_evidence.community_history_data.json,"Authoritative pages were opened and read; bioRxiv remained blocked. Temporal Affinity Fields is only an analogy/community idea, not proven for this task."
scientific_web_06,scientific_web,Web search and direct authoritative pages,tracksdata tracking graph,relevance/authoritative-first,1,not exposed,route-dependent,14,14,2026-09-03T08:26:17.665Z,2026-09-03T16:26:17.665+08:00,SUCCESS,research/20260903_BIOHUB_CELL_PUBLIC_RECON_V01/staging/community_history_data/evidence/search_query_evidence.community_history_data.json,"Authoritative pages were opened and read; bioRxiv remained blocked. Temporal Affinity Fields is only an analogy/community idea, not proven for this task."
scientific_web_07,scientific_web,Web search and direct authoritative pages,ELEPHANT 3D lineage image.sc,relevance/authoritative-first,1,not exposed,route-dependent,14,14,2026-09-03T08:26:17.665Z,2026-09-03T16:26:17.665+08:00,SUCCESS,research/20260903_BIOHUB_CELL_PUBLIC_RECON_V01/staging/community_history_data/evidence/search_query_evidence.community_history_data.json,"Authoritative pages were opened and read; bioRxiv remained blocked. Temporal Affinity Fields is only an analogy/community idea, not proven for this task."
scientific_web_08,scientific_web,Web search and direct authoritative pages,Temporal Affinity Fields cell tracking,relevance/authoritative-first,1,not exposed,route-dependent,14,14,2026-09-03T08:26:17.665Z,2026-09-03T16:26:17.665+08:00,PARTIAL,research/20260903_BIOHUB_CELL_PUBLIC_RECON_V01/staging/community_history_data/evidence/search_query_evidence.community_history_data.json,"Authoritative pages were opened and read; bioRxiv remained blocked. Temporal Affinity Fields is only an analogy/community idea, not proven for this task."
scientific_web_09,scientific_web,Web search and direct authoritative pages,Biohub Royer organismal architecture,relevance/authoritative-first,1,not exposed,route-dependent,14,14,2026-09-03T08:26:17.665Z,2026-09-03T16:26:17.665+08:00,SUCCESS,research/20260903_BIOHUB_CELL_PUBLIC_RECON_V01/staging/community_history_data/evidence/search_query_evidence.community_history_data.json,"Authoritative pages were opened and read; bioRxiv remained blocked. Temporal Affinity Fields is only an analogy/community idea, not proven for this task."
similar_kaggle_01,similar_kaggle,Kaggle Competitions / Writeups / Discussion and web search,cell tracking,relevance,1,not exposed,candidate discovery across query set,10,6,2026-09-03T08:25:02.583Z,2026-09-03T16:25:02.583+08:00,SUCCESS,research/20260903_BIOHUB_CELL_PUBLIC_RECON_V01/staging/community_history_data/evidence/search_query_evidence.community_history_data.json,Six competitions were paired with official pages and authoritative writeups; four remain candidate-only.
similar_kaggle_02,similar_kaggle,Kaggle Competitions / Writeups / Discussion and web search,cell detection,relevance,1,not exposed,candidate discovery across query set,10,6,2026-09-03T08:25:02.583Z,2026-09-03T16:25:02.583+08:00,SUCCESS,research/20260903_BIOHUB_CELL_PUBLIC_RECON_V01/staging/community_history_data/evidence/search_query_evidence.community_history_data.json,Six competitions were paired with official pages and authoritative writeups; four remain candidate-only.
similar_kaggle_03,similar_kaggle,Kaggle Competitions / Writeups / Discussion and web search,cell segmentation,relevance,1,not exposed,candidate discovery across query set,10,6,2026-09-03T08:25:02.583Z,2026-09-03T16:25:02.583+08:00,SUCCESS,research/20260903_BIOHUB_CELL_PUBLIC_RECON_V01/staging/community_history_data/evidence/search_query_evidence.community_history_data.json,Six competitions were paired with official pages and authoritative writeups; four remain candidate-only.
similar_kaggle_04,similar_kaggle,Kaggle Competitions / Writeups / Discussion and web search,nuclei segmentation,relevance,1,not exposed,candidate discovery across query set,10,6,2026-09-03T08:25:02.583Z,2026-09-03T16:25:02.583+08:00,SUCCESS,research/20260903_BIOHUB_CELL_PUBLIC_RECON_V01/staging/community_history_data/evidence/search_query_evidence.community_history_data.json,Six competitions were paired with official pages and authoritative writeups; four remain candidate-only.
similar_kaggle_05,similar_kaggle,Kaggle Competitions / Writeups / Discussion and web search,microscopy,relevance,1,not exposed,candidate discovery across query set,10,6,2026-09-03T08:25:02.583Z,2026-09-03T16:25:02.583+08:00,SUCCESS,research/20260903_BIOHUB_CELL_PUBLIC_RECON_V01/staging/community_history_data/evidence/search_query_evidence.community_history_data.json,Six competitions were paired with official pages and authoritative writeups; four remain candidate-only.
similar_kaggle_06,similar_kaggle,Kaggle Competitions / Writeups / Discussion and web search,biomedical image segmentation,relevance,1,not exposed,candidate discovery across query set,10,6,2026-09-03T08:25:02.583Z,2026-09-03T16:25:02.583+08:00,SUCCESS,research/20260903_BIOHUB_CELL_PUBLIC_RECON_V01/staging/community_history_data/evidence/search_query_evidence.community_history_data.json,Six competitions were paired with official pages and authoritative writeups; four remain candidate-only.
similar_kaggle_07,similar_kaggle,Kaggle Competitions / Writeups / Discussion and web search,3D microscopy,relevance,1,not exposed,candidate discovery across query set,10,6,2026-09-03T08:25:02.583Z,2026-09-03T16:25:02.583+08:00,SUCCESS,research/20260903_BIOHUB_CELL_PUBLIC_RECON_V01/staging/community_history_data/evidence/search_query_evidence.community_history_data.json,Six competitions were paired with official pages and authoritative writeups; four remain candidate-only.
similar_kaggle_08,similar_kaggle,Kaggle Competitions / Writeups / Discussion and web search,time-lapse microscopy,relevance,1,not exposed,candidate discovery across query set,10,6,2026-09-03T08:25:02.583Z,2026-09-03T16:25:02.583+08:00,SUCCESS,research/20260903_BIOHUB_CELL_PUBLIC_RECON_V01/staging/community_history_data/evidence/search_query_evidence.community_history_data.json,Six competitions were paired with official pages and authoritative writeups; four remain candidate-only.
similar_kaggle_09,similar_kaggle,Kaggle Competitions / Writeups / Discussion and web search,object tracking,relevance,1,not exposed,candidate discovery across query set,10,6,2026-09-03T08:25:02.583Z,2026-09-03T16:25:02.583+08:00,SUCCESS,research/20260903_BIOHUB_CELL_PUBLIC_RECON_V01/staging/community_history_data/evidence/search_query_evidence.community_history_data.json,Six competitions were paired with official pages and authoritative writeups; four remain candidate-only.
similar_kaggle_10,similar_kaggle,Kaggle Competitions / Writeups / Discussion and web search,multi-object tracking,relevance,1,not exposed,candidate discovery across query set,10,6,2026-09-03T08:25:02.583Z,2026-09-03T16:25:02.583+08:00,SUCCESS,research/20260903_BIOHUB_CELL_PUBLIC_RECON_V01/staging/community_history_data/evidence/search_query_evidence.community_history_data.json,Six competitions were paired with official pages and authoritative writeups; four remain candidate-only.
similar_kaggle_11,similar_kaggle,Kaggle Competitions / Writeups / Discussion and web search,lineage,relevance,1,not exposed,candidate discovery across query set,10,6,2026-09-03T08:25:02.583Z,2026-09-03T16:25:02.583+08:00,SUCCESS,research/20260903_BIOHUB_CELL_PUBLIC_RECON_V01/staging/community_history_data/evidence/search_query_evidence.community_history_data.json,Six competitions were paired with official pages and authoritative writeups; four remain candidate-only.
similar_kaggle_12,similar_kaggle,Kaggle Competitions / Writeups / Discussion and web search,instance segmentation,relevance,1,not exposed,candidate discovery across query set,10,6,2026-09-03T08:25:02.583Z,2026-09-03T16:25:02.583+08:00,SUCCESS,research/20260903_BIOHUB_CELL_PUBLIC_RECON_V01/staging/community_history_data/evidence/search_query_evidence.community_history_data.json,Six competitions were paired with official pages and authoritative writeups; four remain candidate-only.
similar_kaggle_13,similar_kaggle,Kaggle Competitions / Writeups / Discussion and web search,zebrafish,relevance,1,not exposed,candidate discovery across query set,10,6,2026-09-03T08:25:02.583Z,2026-09-03T16:25:02.583+08:00,SUCCESS,research/20260903_BIOHUB_CELL_PUBLIC_RECON_V01/staging/community_history_data/evidence/search_query_evidence.community_history_data.json,Six competitions were paired with official pages and authoritative writeups; four remain candidate-only.
similar_kaggle_14,similar_kaggle,Kaggle Competitions / Writeups / Discussion and web search,organoid,relevance,1,not exposed,candidate discovery across query set,10,6,2026-09-03T08:25:02.583Z,2026-09-03T16:25:02.583+08:00,SUCCESS,research/20260903_BIOHUB_CELL_PUBLIC_RECON_V01/staging/community_history_data/evidence/search_query_evidence.community_history_data.json,Six competitions were paired with official pages and authoritative writeups; four remain candidate-only.
similar_kaggle_15,similar_kaggle,Kaggle Competitions / Writeups / Discussion and web search,embryo,relevance,1,not exposed,candidate discovery across query set,10,6,2026-09-03T08:25:02.583Z,2026-09-03T16:25:02.583+08:00,SUCCESS,research/20260903_BIOHUB_CELL_PUBLIC_RECON_V01/staging/community_history_data/evidence/search_query_evidence.community_history_data.json,Six competitions were paired with official pages and authoritative writeups; four remain candidate-only.
similar_kaggle_16,similar_kaggle,Kaggle Competitions / Writeups / Discussion and web search,fluorescent nuclei,relevance,1,not exposed,candidate discovery across query set,10,6,2026-09-03T08:25:02.583Z,2026-09-03T16:25:02.583+08:00,SUCCESS,research/20260903_BIOHUB_CELL_PUBLIC_RECON_V01/staging/community_history_data/evidence/search_query_evidence.community_history_data.json,Six competitions were paired with official pages and authoritative writeups; four remain candidate-only.
