[{"stream_name":"stderr","time":6.147313551,"data":"0.00s - Debugger warning: It seems that frozen modules are being used, which may\n"}
,{"stream_name":"stderr","time":6.147368825,"data":"0.00s - make the debugger miss breakpoints. Please pass -Xfrozen_modules=off\n"}
,{"stream_name":"stderr","time":6.147375423,"data":"0.00s - to python to disable frozen modules.\n"}
,{"stream_name":"stderr","time":6.147379992,"data":"0.00s - Note: Debugging will proceed. Set PYDEVD_DISABLE_FILE_VALIDATION=1 to disable this validation.\n"}
,{"stream_name":"stderr","time":6.704006509,"data":"0.00s - Debugger warning: It seems that frozen modules are being used, which may\n"}
,{"stream_name":"stderr","time":6.704039025,"data":"0.00s - make the debugger miss breakpoints. Please pass -Xfrozen_modules=off\n"}
,{"stream_name":"stderr","time":6.70405696,"data":"0.00s - to python to disable frozen modules.\n"}
,{"stream_name":"stderr","time":6.704061675,"data":"0.00s - Note: Debugging will proceed. Set PYDEVD_DISABLE_FILE_VALIDATION=1 to disable this validation.\n"}
,{"stream_name":"stdout","time":7.731880419,"data":"BIOHUB_PRESET: harmonic_v3_division_wide\n"}
,{"stream_name":"stdout","time":7.731921799,"data":"BIOHUB_SCORE_AXIS: public 0.939 base + holdout-selected post-process configuration\n"}
,{"stream_name":"stdout","time":7.753458835,"data":"Configuration guard: PASS\n"}
,{"stream_name":"stdout","time":7.753478789,"data":"Baseline: fixed-90 dual-seed clean pipeline (public LB 0.913)\n"}
,{"stream_name":"stdout","time":7.7534824350000005,"data":"Single model-level change: harmonic mutual-support association fusion\n"}
,{"stream_name":"stdout","time":7.753485173,"data":"Reverse-time association weight: 0.200\n"}
,{"stream_name":"stdout","time":8.457539497,"data":"Biohub learned UNet + node-transformer + ILP submission\n"}
,{"stream_name":"stdout","time":8.457569409,"data":"COMP_DIR: /kaggle/input/competitions/biohub-cell-tracking-during-development exists: True\n"}
,{"stream_name":"stdout","time":8.45757824,"data":"TEST_DIR: /kaggle/input/competitions/biohub-cell-tracking-during-development/test exists: True\n"}
,{"stream_name":"stdout","time":8.457581408,"data":"{\n"}
,{"stream_name":"stdout","time":8.457583773,"data":"  \"adaptive_short_track_rescue\": true,\n"}
,{"stream_name":"stdout","time":8.457586123,"data":"  \"allow_artifact_fallback\": false,\n"}
,{"stream_name":"stdout","time":8.457588606,"data":"  \"allow_pip_install\": false,\n"}
,{"stream_name":"stdout","time":8.457590998,"data":"  \"deepcenter_checkpoint_default\": \"/kaggle/input/biohub-deepcenter-unet3d-center-prior-v1/weights/full_frame_center/best.pt\",\n"}
,{"stream_name":"stdout","time":8.457593611,"data":"  \"deepcenter_expected_epoch\": 2,\n"}
,{"stream_name":"stdout","time":8.457595997,"data":"  \"deepcenter_gap_add_gate\": true,\n"}
,{"stream_name":"stdout","time":8.45759821,"data":"  \"deepcenter_gap_confirm_min_span_um\": 8.5,\n"}
,{"stream_name":"stdout","time":8.457600465,"data":"  \"deepcenter_gap_threshold\": 0.25,\n"}
,{"stream_name":"stdout","time":8.457602723,"data":"  \"deepcenter_safe_div_add_gate\": true,\n"}
,{"stream_name":"stdout","time":8.457604926,"data":"  \"deepcenter_safe_div_threshold\": 0.25,\n"}
,{"stream_name":"stdout","time":8.457607223,"data":"  \"det_threshold\": 0.965,\n"}
,{"stream_name":"stdout","time":8.457609409,"data":"  \"div_drop_to_single_if_bad\": true,\n"}
,{"stream_name":"stdout","time":8.457612014,"data":"  \"div_parent_max_um\": 10.5,\n"}
,{"stream_name":"stdout","time":8.457614253,"data":"  \"div_sister_max_um\": 8.0,\n"}
,{"stream_name":"stdout","time":8.457616456,"data":"  \"experiment_tag\": \"selected_101_dual_seed_near_balanced_center_confirmed_synthetic_gap\",\n"}
,{"stream_name":"stdout","time":8.4576297,"data":"  \"gap2_frame_frac_cap\": 0.006,\n"}
,{"stream_name":"stdout","time":8.457632248,"data":"  \"gap2_max_links_abs\": 180,\n"}
,{"stream_name":"stdout","time":8.457634498000001,"data":"  \"gap2_max_links_frac\": 0.0045,\n"}
,{"stream_name":"stdout","time":8.457636781,"data":"  \"gap2_max_step_um\": 4.4,\n"}
,{"stream_name":"stdout","time":8.457638984999999,"data":"  \"gap2_max_total_um\": 10.2,\n"}
,{"stream_name":"stdout","time":8.457641164,"data":"  \"gap2_require_context\": true,\n"}
,{"stream_name":"stdout","time":8.457643461,"data":"  \"gap_close_effective_max_gap\": 1,\n"}
,{"stream_name":"stdout","time":8.457645756,"data":"  \"gap_close_max_added_abs\": 2000,\n"}
,{"stream_name":"stdout","time":8.457647946,"data":"  \"gap_close_max_added_frac\": 0.05,\n"}
,{"stream_name":"stdout","time":8.457650234,"data":"  \"gap_close_max_gap\": 2,\n"}
,{"stream_name":"stdout","time":8.457652403,"data":"  \"gap_close_reuse_existing\": true,\n"}
,{"stream_name":"stdout","time":8.457654686,"data":"  \"gap_close_reuse_um\": 3.2,\n"}
,{"stream_name":"stdout","time":8.457656877,"data":"  \"gap_close_um\": 5.0,\n"}
,{"stream_name":"stdout","time":8.457672711,"data":"  \"gap_density_adaptive\": true,\n"}
,{"stream_name":"stdout","time":8.457694231,"data":"  \"gap_density_gain\": 0.04,\n"}
,{"stream_name":"stdout","time":8.457698408,"data":"  \"gap_density_max_step_delta_um\": 0.125,\n"}
,{"stream_name":"stdout","time":8.457701934,"data":"  \"gap_density_neighbors\": 3,\n"}
,{"stream_name":"stdout","time":8.457705309,"data":"  \"gap_density_reference_um\": 6.5,\n"}
,{"stream_name":"stdout","time":8.457708738000001,"data":"  \"gap_refine_max_shift_um\": 3.2,\n"}
,{"stream_name":"stdout","time":8.457712131,"data":"  \"gap_refine_synthetic\": true,\n"}
,{"stream_name":"stdout","time":8.457715422,"data":"  \"gap_refine_win_yx\": 3,\n"}
,{"stream_name":"stdout","time":8.45771877,"data":"  \"gap_refine_win_z\": 1,\n"}
,{"stream_name":"stdout","time":8.457722141,"data":"  \"ilp_appearance_weight\": 0.0,\n"}
,{"stream_name":"stdout","time":8.457725602,"data":"  \"ilp_disappearance_weight\": 2.0,\n"}
,{"stream_name":"stdout","time":8.45772895,"data":"  \"ilp_division_weight\": 1.2,\n"}
,{"stream_name":"stdout","time":8.457732342,"data":"  \"ilp_edge_weight\": -1.0,\n"}
,{"stream_name":"stdout","time":8.457735708,"data":"  \"method\": \"unet_transformer\",\n"}
,{"stream_name":"stdout","time":8.457739655,"data":"  \"motion_relink_learned_bonus\": 1.0,\n"}
,{"stream_name":"stdout","time":8.457743528,"data":"  \"motion_relink_max_frame_nodes\": 2600,\n"}
,{"stream_name":"stdout","time":8.457747634,"data":"  \"motion_relink_relaxed_um\": 10.0,\n"}
,{"stream_name":"stdout","time":8.457751821,"data":"  \"motion_relink_tight_um\": 6.0,\n"}
,{"stream_name":"stdout","time":8.45775528,"data":"  \"motion_relink_velocity_weight\": 0.5,\n"}
,{"stream_name":"stdout","time":8.45775865,"data":"  \"output_division_geometry_filter\": false,\n"}
,{"stream_name":"stdout","time":8.457764831,"data":"  \"output_edge_max_um\": 14.0,\n"}
,{"stream_name":"stdout","time":8.457770554,"data":"  \"output_enforce_next_frame\": true,\n"}
,{"stream_name":"stdout","time":8.457774495,"data":"  \"output_filter_short_tracks\": true,\n"}
,{"stream_name":"stdout","time":8.457778348,"data":"  \"output_gap2_recovery\": true,\n"}
,{"stream_name":"stdout","time":8.457781763,"data":"  \"output_gap_close\": true,\n"}
,{"stream_name":"stdout","time":8.457785231,"data":"  \"output_keep_division_components\": true,\n"}
,{"stream_name":"stdout","time":8.457792878,"data":"  \"output_linefit_smooth\": true,\n"}
,{"stream_name":"stdout","time":8.457796425,"data":"  \"output_linefit_weight\": 0.8,\n"}
,{"stream_name":"stdout","time":8.45779978,"data":"  \"output_linefit_window\": 2,\n"}
,{"stream_name":"stdout","time":8.457803161,"data":"  \"output_min_track_len\": 6,\n"}
,{"stream_name":"stdout","time":8.45780646,"data":"  \"output_motion_relink\": true,\n"}
,{"stream_name":"stdout","time":8.457809861,"data":"  \"output_prune_isolated\": true,\n"}
,{"stream_name":"stdout","time":8.457813261,"data":"  \"output_safe_divisions\": true,\n"}
,{"stream_name":"stdout","time":8.457816797,"data":"  \"output_single_child_repair\": false,\n"}
,{"stream_name":"stdout","time":8.457820276,"data":"  \"output_single_parent_repair\": true,\n"}
,{"stream_name":"stdout","time":8.457823691,"data":"  \"primary_artifact_manifest\": \"/kaggle/input/datasets/pilkwang/biohub-tracking-support-pack-50ep-v1/ARTIFACT_MANIFEST.json\",\n"}
,{"stream_name":"stdout","time":8.45782754,"data":"  \"safe_div_existing_child_max_um\": 10.0,\n"}
,{"stream_name":"stdout","time":8.457831046999999,"data":"  \"safe_div_frame_frac_cap\": 0.0076,\n"}
,{"stream_name":"stdout","time":8.457834789,"data":"  \"safe_div_global_frac_cap\": 0.00375,\n"}
,{"stream_name":"stdout","time":8.457838241,"data":"  \"safe_div_max_um\": 9.0,\n"}
,{"stream_name":"stdout","time":8.457842004,"data":"  \"safe_div_sister_max_um\": 14.0,\n"}
,{"stream_name":"stdout","time":8.457845952,"data":"  \"short_track_rescue_max_mean_edge_dist_um\": 3.0,\n"}
,{"stream_name":"stdout","time":8.457849628,"data":"  \"short_track_rescue_max_nodes_abs\": 120,\n"}
,{"stream_name":"stdout","time":8.457852851,"data":"  \"short_track_rescue_max_nodes_frac\": 0.012,\n"}
,{"stream_name":"stdout","time":8.457856222,"data":"  \"short_track_rescue_min_len\": 4,\n"}
,{"stream_name":"stdout","time":8.457859239,"data":"  \"short_track_rescue_min_mean_edge_prob\": 0.88,\n"}
,{"stream_name":"stdout","time":8.457862496,"data":"  \"short_track_rescue_trigger_removed_frac\": 0.1,\n"}
,{"stream_name":"stdout","time":8.457865617,"data":"  \"slice\": \"\",\n"}
,{"stream_name":"stdout","time":8.457868816,"data":"  \"target_artifact_slug\": \"biohub-tracking-support-pack-50ep-v1\",\n"}
,{"stream_name":"stdout","time":8.457872333,"data":"  \"unet_batch_size\": 4,\n"}
,{"stream_name":"stdout","time":8.457875489,"data":"  \"use_deepcenter_add_only_gate\": true,\n"}
,{"stream_name":"stdout","time":8.457878645,"data":"  \"use_ilp\": true,\n"}
,{"stream_name":"stdout","time":8.457882123,"data":"  \"weights\": \"weights/unet_transformer/split_0/edge_predictor_best.pth\"\n"}
,{"stream_name":"stdout","time":8.45788608,"data":"}\n"}
,{"stream_name":"stdout","time":8.69079116,"data":"ARTIFACTS: /kaggle/input/datasets/pilkwang/biohub-tracking-support-pack-50ep-v1\n"}
,{"stream_name":"stdout","time":8.690816156,"data":"Has offline wheels: True\n"}
,{"stream_name":"stdout","time":8.690820875,"data":"Artifact name: biohub-tracking-support-pack-400ep-snapshot-v1\n"}
,{"stream_name":"stdout","time":8.690824425,"data":"Weight sha256: 12f6881ee3620a831697ca098ff8f48e687a24225f4e048b538deec3562fe771\n"}
,{"stream_name":"stdout","time":8.69082799,"data":"Weight path: weights/unet_transformer/split_0/edge_predictor_best.pth\n"}
,{"stream_name":"stdout","time":9.333589006,"data":"Installing missing packages from offline package dirs: ['polars']\n"}
,{"stream_name":"stdout","time":9.333614905,"data":"Dependency resolver is disabled with --no-deps to avoid replacing Kaggle numpy/scipy in a live kernel.\n"}
,{"stream_name":"stdout","time":9.333635942,"data":"Offline package dirs: ['/kaggle/input/datasets/pilkwang/biohub-tracking-support-pack-50ep-v1/wheels']\n"}
,{"stream_name":"stdout","time":14.687025894,"data":"Offline dependency install succeeded.\n"}
,{"stream_name":"stdout","time":14.687058573,"data":"Installing missing packages from offline package dirs: ['tracksdata', 'zarr', 'pyscipopt', 'geff', 'geff_spec', 'ilpy', 'imagecodecs', 'rustworkx', 'numcodecs', 'donfig', 'bidict']\n"}
,{"stream_name":"stdout","time":14.687065839,"data":"Dependency resolver is disabled with --no-deps to avoid replacing Kaggle numpy/scipy in a live kernel.\n"}
,{"stream_name":"stdout","time":14.687072595,"data":"Offline package dirs: ['/kaggle/input/datasets/pilkwang/biohub-tracking-support-pack-50ep-v1/wheels']\n"}
,{"stream_name":"stdout","time":34.99136881,"data":"Offline dependency install succeeded.\n"}
,{"stream_name":"stderr","time":41.750867593,"data":"/usr/local/lib/python3.12/dist-packages/dask/array/image.py:7: FutureWarning: `find_available_plugins` is deprecated since version 0.25 and will be removed in version 0.27. The plugin infrastructure of `skimage.io` is deprecated. Instead, use `imageio` or other I/O packages directly.\n"}
,{"stream_name":"stderr","time":41.750908682,"data":"  from skimage.io import imread as sk_imread\n"}
,{"stream_name":"stderr","time":41.750913423,"data":"/usr/lib/python3.12/importlib/__init__.py:90: FutureWarning: `reset_plugins` is deprecated since version 0.25 and will be removed in version 0.27. The plugin infrastructure of `skimage.io` is deprecated. Instead, use `imageio` or other I/O packages directly.\n"}
,{"stream_name":"stderr","time":41.75091714,"data":"  return _bootstrap._gcd_import(name[level:], package, level)\n"}
,{"stream_name":"stderr","time":41.750920332,"data":"\n"}
,{"stream_name":"stderr","time":41.75092339,"data":"/usr/local/lib/python3.12/dist-packages/dask/array/image.py:7: FutureWarning: `find_available_plugins` is deprecated since version 0.25 and will be removed in version 0.27. The plugin infrastructure of `skimage.io` is deprecated. Instead, use `imageio` or other I/O packages directly.\n"}
,{"stream_name":"stderr","time":41.750941214,"data":"  from skimage.io import imread as sk_imread\n"}
,{"stream_name":"stderr","time":41.750946529,"data":"/usr/lib/python3.12/importlib/__init__.py:90: FutureWarning: `reset_plugins` is deprecated since version 0.25 and will be removed in version 0.27. The plugin infrastructure of `skimage.io` is deprecated. Instead, use `imageio` or other I/O packages directly.\n"}
,{"stream_name":"stderr","time":41.750951957,"data":"  return _bootstrap._gcd_import(name[level:], package, level)\n"}
,{"stream_name":"stdout","time":41.957569911,"data":"Required graph/Zarr/ILP packages import successfully.\n"}
,{"stream_name":"stdout","time":41.957607434,"data":"Inference repo: /kaggle/working/tracking_repo\n"}
,{"stream_name":"stdout","time":41.957619546,"data":"Weights: /kaggle/working/tracking_repo/weights/unet_transformer/split_0/edge_predictor_best.pth\n"}
,{"stream_name":"stdout","time":42.862567323,"data":"Support repo Python manifest SHA256: 978b626d1fd1e7397435a437dfe68691defe1572fc3c20e61012d7c9b52ed029\n"}
,{"stream_name":"stdout","time":42.862621265,"data":"Primary materialized SHA256: 12f6881ee3620a831697ca098ff8f48e687a24225f4e048b538deec3562fe771\n"}
,{"stream_name":"stdout","time":42.862629055,"data":"DeepCenter materialized SHA256: 8040999a92f6b7bbd98fa8cf458141e045c0f9ad7c936bdb3b18e1f7edafe2a0\n"}
,{"stream_name":"stdout","time":209.18848419,"data":"Secondary artifact: /kaggle/input/datasets/pilkwang/biohub-temporal-unet3d-seed314159-v1\n"}
,{"stream_name":"stdout","time":209.188545108,"data":"Secondary weight: /kaggle/working/secondary_seed_weights/unet_transformer/split_0/edge_predictor_best.pth\n"}
,{"stream_name":"stdout","time":209.188563512,"data":"Secondary SHA256: 9bac2fa0dadc4a6fc1899e0caf187f4b553e0a7cd90ba1261a68b35ffe9e305f\n"}
,{"stream_name":"stdout","time":209.188569402,"data":"Secondary edge-logit weight: 0.15\n"}
,{"stream_name":"stdout","time":209.188572858,"data":"Runtime integrity receipt: /kaggle/working/bidirectional_production_runtime_integrity.json\n"}
,{"stream_name":"stdout","time":213.072351613,"data":"CUDA device: Tesla T4\n"}
,{"stream_name":"stdout","time":213.072390234,"data":"TTA patch applied (400ep spatial D4-style)\n"}
,{"stream_name":"stdout","time":213.072396135,"data":"Calibrated dual-seed runtime patch applied\n"}
,{"stream_name":"stdout","time":213.072400427,"data":"Frozen frame retention guard applied at 0.90\n"}
,{"stream_name":"stdout","time":213.072404484,"data":"Bidirectional harmonic-probability association fusion applied | weight= 0.15\n"}
,{"stream_name":"stdout","time":213.072408599,"data":"Pre-ILP detector-coordinate manifest hook applied\n"}
,{"stream_name":"stdout","time":213.072412824,"data":"EDGE_TTA patch installed and enabled in /kaggle/working/tracking_repo/scripts/predict_unet_transformer.py\n"}
,{"stream_name":"stdout","time":213.07242215,"data":"PUBLIC946_PATCH_RECEIPT {\"algorithm_sha256\": \"ab2dbfc1b6a078d088b29b912f0cd28dbb84fdb8c024cb09d54030eb15325b72\", \"arm\": \"C1\", \"audit_enabled\": true, \"expanded_sha256\": \"a4a107c2e48818fa736baca84cf940bc595a0f92da93e9039bdbac62ff47a9da\", \"parent_sha256\": \"49613ad0b50ac90c3e07e3f8a803f2adf0926203be3f4a97d577c60b8f756178\", \"replacements\": [{\"label\": \"primary_input_antidiagonal\", \"matches\": 1, \"new_sha256\": \"916a89b102479fddaa703c8cc675c8799e0e5107bb191fb638775272b93565d8\", \"old_sha256\": \"e04071cd68f44e87c23704c6e57b54d1ed3ba6c7e043412640c49d1a2d0b0d36\"}, {\"label\": \"primary_detection_inverse_antidiagonal\", \"matches\": 1, \"new_sha256\": \"99153fb1834c90c6c1670673897a54ba3ce7ad3910d8860ed74c9ef649723b83\", \"old_sha256\": \"c8fc4785872ba2090ae0fff1b12ae483b676a9526ba53e7c54b368a56e5c848c\"}, {\"label\": \"primary_feature_inverse_antidiagonal\", \"matches\": 1, \"new_sha256\": \"e11d357ed56753e3794607fd56227661770d1cc0431148546f0e41dc3f8afeef\", \"old_sha256\": \"fce1baca5bd003ed814760aabec4e66b2252abc1641672d8df240efa5834dbd6\"}, {\"label\": \"secondary_input_antidiagonal\", \"matches\": 1, \"new_sha256\": \"dfe8f862366c1c9ced3bb082aacd8158d2cef6e39538f03f0fc7b9702b1f572c\", \"old_sha256\": \"06585efe8c11d19c7e834e7855ef7c6755e990399b79e3f6b4480b293522febe\"}, {\"label\": \"secondary_detection_inverse_antidiagonal\", \"matches\": 1, \"new_sha256\": \"67f3d41aa8215b423b5c50d4cef170f1aff11ea0fbeacc4a1a3b55d79c70327e\", \"old_sha256\": \"5b91cdae736c14f58629c66b34676f304556ffe7d4ce9589fdf6951000204bad\"}, {\"label\": \"audit_window_begin\", \"matches\": 1, \"new_sha256\": \"15a05fd983ee03bf3d1f321751671bfaabb777ce047768be312a863b9fff7594\", \"old_sha256\": \"e30e3c579178ffd9f888ad0c30d899f00429f09d20c6ee06a66ae1fa1cbae105\"}, {\"label\": \"audit_secondary_encode_sites\", \"matches\": 5}, {\"label\": \"audit_primary_encode_sites\", \"matches\": 5}, {\"label\": \"audit_encoding_output\", \"matches\": 1, \"new_sha256\": \"0060e0cadfcb04b86892e2d7548095fb168e0e64e823fa09f4567087933200ad\", \"old_sha256\": \"866643849d4d31edcdd7068dddd89da03943304de8bcc7832bd3fec6b829b4ec\"}, {\"label\": \"audit_actual_secondary_association\", \"matches\": 1, \"new_sha256\": \"0198e40d8c3ec9d49f371a65ebe2146833ea28cb9887c223ce595d9d4f3c726d\", \"old_sha256\": \"a2d59a65deaeef505b8579e262d959d8275740abe398741cada615a24423263c\"}, {\"label\": \"audit_window_end\", \"matches\": 1, \"new_sha256\": \"7944c4f5b5519d56b68a68ba63d8b0c3a090fce779862fd4c9111a1988b157de\", \"old_sha256\": \"0e5f87efdcfd12c404b23711e9b09e1fa5d02b421dc3bc098826407b0839595a\"}]}\n"}
,{"stream_name":"stdout","time":213.072457472,"data":"Found 4 test videos\n"}
,{"stream_name":"stdout","time":213.07246116,"data":"['44b6_0113de3b', '44b6_0b24845f', '6bba_05b6850b', '6bba_05db0fb1']\n"}
,{"stream_name":"stdout","time":213.072464496,"data":"Launching 2 independent video shards on CUDA devices ['0', '1']\n"}
,{"stream_name":"stdout","time":213.07246805,"data":"GPU shard 0: CUDA_VISIBLE_DEVICES=0 | /usr/bin/python3 scripts/predict_unet_transformer.py --data-dir /kaggle/input/competitions/biohub-cell-tracking-during-development/test --splits kaggle_test_splits_50ep.json --split 0 --weights weights/unet_transformer/split_0/edge_predictor_best.pth --unet-batch-size 4 --det-threshold 0.965 --ilp-edge-weight -1.0 --ilp-appearance-weight 0.0 --ilp-disappearance-weight 2.0 --ilp-division-weight 1.2 --use-ilp --method unet_transformer_gpu0 --slice 0::2\n"}
,{"stream_name":"stdout","time":213.073482735,"data":"GPU shard 1: CUDA_VISIBLE_DEVICES=1 | /usr/bin/python3 scripts/predict_unet_transformer.py --data-dir /kaggle/input/competitions/biohub-cell-tracking-during-development/test --splits kaggle_test_splits_50ep.json --split 0 --weights weights/unet_transformer/split_0/edge_predictor_best.pth --unet-batch-size 4 --det-threshold 0.965 --ilp-edge-weight -1.0 --ilp-appearance-weight 0.0 --ilp-disappearance-weight 2.0 --ilp-division-weight 1.2 --use-ilp --method unet_transformer_gpu1 --slice 1::2\n"}
,{"stream_name":"stderr","time":218.098873833,"data":"/usr/local/lib/python3.12/dist-packages/dask/array/image.py:7: FutureWarning: `find_available_plugins` is deprecated since version 0.25 and will be removed in version 0.27. The plugin infrastructure of `skimage.io` is deprecated. Instead, use `imageio` or other I/O packages directly.\n"}
,{"stream_name":"stderr","time":218.098925477,"data":"  from skimage.io import imread as sk_imread\n"}
,{"stream_name":"stderr","time":218.103604068,"data":"/usr/lib/python3.12/importlib/__init__.py:90: FutureWarning: `reset_plugins` is deprecated since version 0.25 and will be removed in version 0.27. The plugin infrastructure of `skimage.io` is deprecated. Instead, use `imageio` or other I/O packages directly.\n"}
,{"stream_name":"stderr","time":218.103624696,"data":"  return _bootstrap._gcd_import(name[level:], package, level)\n"}
,{"stream_name":"stderr","time":218.181070304,"data":"/usr/local/lib/python3.12/dist-packages/dask/array/image.py:7: FutureWarning: `find_available_plugins` is deprecated since version 0.25 and will be removed in version 0.27. The plugin infrastructure of `skimage.io` is deprecated. Instead, use `imageio` or other I/O packages directly.\n"}
,{"stream_name":"stderr","time":218.181107953,"data":"  from skimage.io import imread as sk_imread\n"}
,{"stream_name":"stderr","time":218.186429744,"data":"/usr/lib/python3.12/importlib/__init__.py:90: FutureWarning: `reset_plugins` is deprecated since version 0.25 and will be removed in version 0.27. The plugin infrastructure of `skimage.io` is deprecated. Instead, use `imageio` or other I/O packages directly.\n"}
,{"stream_name":"stderr","time":218.18644995,"data":"  return _bootstrap._gcd_import(name[level:], package, level)\n"}
,{"stream_name":"stderr","time":218.302024264,"data":"/usr/local/lib/python3.12/dist-packages/dask/array/image.py:7: FutureWarning: `find_available_plugins` is deprecated since version 0.25 and will be removed in version 0.27. The plugin infrastructure of `skimage.io` is deprecated. Instead, use `imageio` or other I/O packages directly.\n"}
,{"stream_name":"stderr","time":218.302052672,"data":"  from skimage.io import imread as sk_imread\n"}
,{"stream_name":"stderr","time":218.302057768,"data":"/usr/lib/python3.12/importlib/__init__.py:90: FutureWarning: `reset_plugins` is deprecated since version 0.25 and will be removed in version 0.27. The plugin infrastructure of `skimage.io` is deprecated. Instead, use `imageio` or other I/O packages directly.\n"}
,{"stream_name":"stderr","time":218.302106952,"data":"  return _bootstrap._gcd_import(name[level:], package, level)\n"}
,{"stream_name":"stderr","time":218.302111433,"data":"/usr/local/lib/python3.12/dist-packages/dask/array/image.py:7: FutureWarning: `find_available_plugins` is deprecated since version 0.25 and will be removed in version 0.27. The plugin infrastructure of `skimage.io` is deprecated. Instead, use `imageio` or other I/O packages directly.\n"}
,{"stream_name":"stderr","time":218.302116502,"data":"  from skimage.io import imread as sk_imread\n"}
,{"stream_name":"stderr","time":218.302120741,"data":"/usr/lib/python3.12/importlib/__init__.py:90: FutureWarning: `reset_plugins` is deprecated since version 0.25 and will be removed in version 0.27. The plugin infrastructure of `skimage.io` is deprecated. Instead, use `imageio` or other I/O packages directly.\n"}
,{"stream_name":"stderr","time":218.30212553,"data":"  return _bootstrap._gcd_import(name[level:], package, level)\n"}
,{"stream_name":"stderr","time":218.302129382,"data":"\n"}
,{"stream_name":"stderr","time":218.302133183,"data":"/usr/local/lib/python3.12/dist-packages/dask/array/image.py:7: FutureWarning: `find_available_plugins` is deprecated since version 0.25 and will be removed in version 0.27. The plugin infrastructure of `skimage.io` is deprecated. Instead, use `imageio` or other I/O packages directly.\n"}
,{"stream_name":"stderr","time":218.302162693,"data":"  from skimage.io import imread as sk_imread\n"}
,{"stream_name":"stderr","time":218.302167121,"data":"/usr/lib/python3.12/importlib/__init__.py:90: FutureWarning: `reset_plugins` is deprecated since version 0.25 and will be removed in version 0.27. The plugin infrastructure of `skimage.io` is deprecated. Instead, use `imageio` or other I/O packages directly.\n"}
,{"stream_name":"stderr","time":218.302172017,"data":"  return _bootstrap._gcd_import(name[level:], package, level)\n"}
,{"stream_name":"stderr","time":218.302177537,"data":"/usr/local/lib/python3.12/dist-packages/dask/array/image.py:7: FutureWarning: `find_available_plugins` is deprecated since version 0.25 and will be removed in version 0.27. The plugin infrastructure of `skimage.io` is deprecated. Instead, use `imageio` or other I/O packages directly.\n"}
,{"stream_name":"stderr","time":218.302182505,"data":"  from skimage.io import imread as sk_imread\n"}
,{"stream_name":"stderr","time":218.302186243,"data":"/usr/lib/python3.12/importlib/__init__.py:90: FutureWarning: `reset_plugins` is deprecated since version 0.25 and will be removed in version 0.27. The plugin infrastructure of `skimage.io` is deprecated. Instead, use `imageio` or other I/O packages directly.\n"}
,{"stream_name":"stderr","time":218.302190995,"data":"  return _bootstrap._gcd_import(name[level:], package, level)\n"}
,{"stream_name":"stdout","time":218.779074018,"data":"Secondary model: /kaggle/working/secondary_seed_weights/unet_transformer/split_0/edge_predictor_best.pth | edge weight=0.150 | detection weight=0.800 | link mode=low_margin_consensus | temperature=1.000 | low-margin max=0.350 | edge threshold=0.480\n"}
,{"stream_name":"stdout","time":218.779108829,"data":"Fold 0: 2 datasets | weights=weights/unet_transformer/split_0/edge_predictor_best.pth | device=cuda | window_size=2 | pool_kernel_um=3.0\n"}
,{"stream_name":"stdout","time":218.779718685,"data":"Secondary model: /kaggle/working/secondary_seed_weights/unet_transformer/split_0/edge_predictor_best.pth | edge weight=0.150 | detection weight=0.800 | link mode=low_margin_consensus | temperature=1.000 | low-margin max=0.350 | edge threshold=0.480\n"}
,{"stream_name":"stdout","time":218.779747773,"data":"Fold 0: 2 datasets | weights=weights/unet_transformer/split_0/edge_predictor_best.pth | device=cuda | window_size=2 | pool_kernel_um=3.0\n"}
,{"stream_name":"stdout","time":218.981794536,"data":"Secondary model: /kaggle/working/secondary_seed_weights/unet_transformer/split_0/edge_predictor_best.pth | edge weight=0.150 | detection weight=0.800 | link mode=low_margin_consensus | temperature=1.000 | low-margin max=0.350 | edge threshold=0.480\n"}
,{"stream_name":"stdout","time":218.981862914,"data":"Fold 0: 2 datasets | weights=weights/unet_transformer/split_0/edge_predictor_best.pth | device=cuda | window_size=2 | pool_kernel_um=3.0\n"}
,{"stream_name":"stdout","time":218.98186855,"data":"Secondary model: /kaggle/working/secondary_seed_weights/unet_transformer/split_0/edge_predictor_best.pth | edge weight=0.150 | detection weight=0.800 | link mode=low_margin_consensus | temperature=1.000 | low-margin max=0.350 | edge threshold=0.480\n"}
,{"stream_name":"stdout","time":218.981872662,"data":"Fold 0: 2 datasets | weights=weights/unet_transformer/split_0/edge_predictor_best.pth | device=cuda | window_size=2 | pool_kernel_um=3.0\n"}
,{"stream_name":"stdout","time":220.689764285,"data":"EDGE_TTA_ACTIVE views= 8 mean_abs_feat_delta= 0.334764\n"}
,{"stream_name":"stdout","time":220.689837611,"data":"EDGE_TTA_ACTIVE views= 8 mean_abs_feat_delta= 0.378905\n"}
,{"stream_name":"stdout","time":220.892551455,"data":"EDGE_TTA_ACTIVE views= 8 mean_abs_feat_delta= 0.334764\n"}
,{"stream_name":"stdout","time":220.892628462,"data":"EDGE_TTA_ACTIVE views= 8 mean_abs_feat_delta= 0.378905\n"}
,{"stream_name":"stdout","time":221.591563375,"data":"BIOHUB_RETENTION_GUARD {\"blended_candidates\": 363, \"dataset\": \"44b6_0b24845f\", \"frame\": 0, \"minimum_retention\": 0.9, \"primary_candidates\": 424, \"retention\": 0.8561320754716981, \"use_primary\": true}\n"}
,{"stream_name":"stdout","time":221.593230501,"data":"BIOHUB_RETENTION_GUARD {\"blended_candidates\": 366, \"dataset\": \"44b6_0b24845f\", \"frame\": 1, \"minimum_retention\": 0.9, \"primary_candidates\": 425, \"retention\": 0.8611764705882353, \"use_primary\": true}\n"}
,{"stream_name":"stdout","time":221.79434342,"data":"BIOHUB_RETENTION_GUARD {\"blended_candidates\": 363, \"dataset\": \"44b6_0b24845f\", \"frame\": 0, \"minimum_retention\": 0.9, \"primary_candidates\": 424, \"retention\": 0.8561320754716981, \"use_primary\": true}\n"}
,{"stream_name":"stdout","time":221.794425785,"data":"BIOHUB_RETENTION_GUARD {\"blended_candidates\": 366, \"dataset\": \"44b6_0b24845f\", \"frame\": 1, \"minimum_retention\": 0.9, \"primary_candidates\": 425, \"retention\": 0.8611764705882353, \"use_primary\": true}\n"}
,{"stream_name":"stdout","time":224.423975999,"data":"PUBLIC946_GPU_SMOKE {\"arm\": \"C1\", \"association\": {\"actual_primary_logits_after_original_harmonic_fusion\": {\"all_finite\": true, \"device\": \"cuda:0\", \"dtype\": \"torch.float32\", \"numel\": 49062, \"shape\": [1, 221, 222], \"stride\": [49062, 222, 1]}, \"actual_secondary_feature_consumed\": true, \"actual_secondary_logits\": {\"all_finite\": true, \"device\": \"cuda:0\", \"dtype\": \"torch.float32\", \"numel\": 49062, \"shape\": [1, 221, 222], \"stride\": [49062, 222, 1]}, \"coordinate_grid\": {\"downsample\": [1.0, 4.0, 4.0], \"source\": {\"device\": \"cuda:0\", \"dtype\": \"torch.float32\", \"numel\": 663, \"shape\": [1, 221, 3], \"stride\": [221, 1, 221]}, \"target\": {\"device\": \"cuda:0\", \"dtype\": \"torch.float32\", \"numel\": 666, \"shape\": [1, 222, 3], \"stride\": [222, 1, 222]}}, \"diagnostic_edge_head_calls\": 1, \"diagnostic_encoder_calls\": 0, \"diagnostic_probabilities_used_in_production\": false, \"diagnostic_seconds\": 0.012327498999866293, \"frame_pair_index\": 0, \"primary_source_sampled_features\": {\"all_finite\": true, \"device\": \"cuda:0\", \"dtype\": \"torch.float32\", \"numel\": 7072, \"shape\": [1, 221, 32], \"stride\": [7072, 32, 1]}, \"primary_target_sampled_features\": {\"all_finite\": true, \"device\": \"cuda:0\", \"dtype\": \"torch.float32\", \"numel\": 7104, \"shape\": [1, 222, 32], \"stride\": [7104, 32, 1]}, \"probability_comparison_stage\": \"secondary edge-head softmax over parents, before original calibration and low-margin mixing\", \"probability_delta_vs_single_pass_same_coordinates\": {\"sample_elements\": 49062, \"sample_equal\": true, \"sample_max_abs_delta\": 0.0, \"sample_mean_abs_delta\": 0.0, \"sample_stride\": 1}, \"production_calls\": 1, \"same_low_margin_config\": {\"secondary_detection_weight\": 0.8, \"secondary_edge_weight\": 0.15, \"secondary_link_mode\": \"low_margin_consensus\"}, \"source_delta_vs_single_pass\": {\"sample_elements\": 7072, \"sample_equal\": true, \"sample_max_abs_delta\": 0.0, \"sample_mean_abs_delta\": 0.0, \"sample_stride\": 1}, \"source_sampled_features\": {\"all_finite\": true, \"device\": \"cuda:0\", \"dtype\": \"torch.float32\", \"numel\": 7072, \"shape\": [1, 221, 32], \"stride\": [7072, 32, 1]}, \"target_delta_vs_single_pass\": {\"sample_elements\": 7104, \"sample_equal\": true, \"sample_max_abs_delta\": 0.0, \"sample_mean_abs_delta\": 0.0, \"sample_stride\": 1}, \"target_sampled_features\": {\"all_finite\": true, \"device\": \"cuda:0\", \"dtype\": \"torch.float32\", \"numel\": 7104, \"shape\": [1, 222, 32], \"stride\": [7104, 32, 1]}}, \"association_calls\": 1, \"config\": {\"secondary_detection_weight\": 0.8, \"secondary_edge_weight\": 0.15, \"secondary_link_mode\": \"low_margin_consensus\"}, \"consumed_features\": {\"primary\": {\"all_finite\": true, \"delta_vs_single_pass\": {\"sample_elements\": 65536, \"sample_equal\": false, \"sample_max_abs_delta\": 1.8052397966384888, \"sample_mean_abs_delta\": 0.2686614394187927, \"sample_stride\": 256}, \"device\": \"cuda:0\", \"dtype\": \"torch.float32\", \"numel\": 16777216, \"original_encoded_feature_sample_unchanged\": true, \"same_storage_as_original\": false, \"shape\": [1, 2, 32, 64, 64, 64], \"single_pass\": {\"device\": \"cuda:0\", \"dtype\": \"torch.float32\", \"numel\": 16777216, \"shape\": [1, 2, 32, 64, 64, 64], \"stride\": [16777216, 8388608, 262144, 4096, 64, 1]}, \"stride\": [16777216, 8388608, 262144, 4096, 64, 1]}, \"secondary\": {\"all_finite\": true, \"delta_vs_single_pass\": {\"sample_elements\": 65536, \"sample_equal\": true, \"sample_max_abs_delta\": 0.0, \"sample_mean_abs_delta\": 0.0, \"sample_stride\": 256}, \"device\": \"cuda:0\", \"dtype\": \"torch.float32\", \"numel\": 16777216, \"original_encoded_feature_sample_unchanged\": true, \"same_storage_as_original\": true, \"shape\": [1, 2, 32, 64, 64, 64], \"single_pass\": {\"device\": \"cuda:0\", \"dtype\": \"torch.float32\", \"numel\": 16777216, \"shape\": [1, 2, 32, 64, 64, 64], \"stride\": [16777216, 8388608, 262144, 4096, 64, 1]}, \"stride\": [16777216, 8388608, 262144, 4096, 64, 1]}}, \"consumed_heatmaps\": [{\"all_finite\": true, \"device\": \"cuda:0\", \"dtype\": \"torch.float32\", \"numel\": 262144, \"shape\": [1, 1, 64, 64, 64], \"stride\": [262144, 262144, 4096, 64, 1]}, {\"all_finite\": true, \"device\": \"cuda:0\", \"dtype\": \"torch.float32\", \"numel\": 262144, \"shape\": [1, 1, 64, 64, 64], \"stride\": [262144, 262144, 4096, 64, 1]}], \"cuda_peak_allocated_bytes_process\": 728221696, \"cuda_peak_reserved_bytes_process\": 966787072, \"dataset\": \"44b6_0113de3b\", \"encode_calls\": {\"primary\": 8, \"secondary\": 8}, \"encode_seconds\": {\"primary\": 1.51218098700042, \"secondary\": 0.8360821790001864}, \"encode_views\": [{\"feature\": {\"device\": \"cuda:0\", \"dtype\": \"torch.float32\", \"numel\": 16777216, \"shape\": [1, 2, 32, 64, 64, 64], \"stride\": [16777216, 8388608, 262144, 4096, 64, 1]}, \"heatmap0\": {\"device\": \"cuda:0\", \"dtype\": \"torch.float32\", \"numel\": 262144, \"shape\": [1, 1, 64, 64, 64], \"stride\": [262144, 262144, 4096, 64, 1]}, \"input\": {\"device\": \"cuda:0\", \"dtype\": \"torch.float32\", \"numel\": 524288, \"shape\": [1, 2, 64, 64, 64], \"stride\": [524288, 262144, 4096, 64, 1]}, \"pass\": 1, \"role\": \"primary\"}, {\"feature\": {\"device\": \"cuda:0\", \"dtype\": \"torch.float32\", \"numel\": 16777216, \"shape\": [1, 2, 32, 64, 64, 64], \"stride\": [16777216, 8388608, 262144, 4096, 64, 1]}, \"heatmap0\": {\"device\": \"cuda:0\", \"dtype\": \"torch.float32\", \"numel\": 262144, \"shape\": [1, 1, 64, 64, 64], \"stride\": [262144, 262144, 4096, 64, 1]}, \"input\": {\"device\": \"cuda:0\", \"dtype\": \"torch.float32\", \"numel\": 524288, \"shape\": [1, 2, 64, 64, 64], \"stride\": [524288, 262144, 4096, 64, 1]}, \"pass\": 2, \"role\": \"primary\"}, {\"feature\": {\"device\": \"cuda:0\", \"dtype\": \"torch.float32\", \"numel\": 16777216, \"shape\": [1, 2, 32, 64, 64, 64], \"stride\": [16777216, 8388608, 262144, 4096, 64, 1]}, \"heatmap0\": {\"device\": \"cuda:0\", \"dtype\": \"torch.float32\", \"numel\": 262144, \"shape\": [1, 1, 64, 64, 64], \"stride\": [262144, 262144, 4096, 64, 1]}, \"input\": {\"device\": \"cuda:0\", \"dtype\": \"torch.float32\", \"numel\": 524288, \"shape\": [1, 2, 64, 64, 64], \"stride\": [524288, 262144, 4096, 64, 1]}, \"pass\": 3, \"role\": \"primary\"}, {\"feature\": {\"device\": \"cuda:0\", \"dtype\": \"torch.float32\", \"numel\": 16777216, \"shape\": [1, 2, 32, 64, 64, 64], \"stride\": [16777216, 8388608, 262144, 4096, 64, 1]}, \"heatmap0\": {\"device\": \"cuda:0\", \"dtype\": \"torch.float32\", \"numel\": 262144, \"shape\": [1, 1, 64, 64, 64], \"stride\": [262144, 262144, 4096, 64, 1]}, \"input\": {\"device\": \"cuda:0\", \"dtype\": \"torch.float32\", \"numel\": 524288, \"shape\": [1, 2, 64, 64, 64], \"stride\": [524288, 262144, 4096, 64, 1]}, \"pass\": 4, \"role\": \"primary\"}, {\"feature\": {\"device\": \"cuda:0\", \"dtype\": \"torch.float32\", \"numel\": 16777216, \"shape\": [1, 2, 32, 64, 64, 64], \"stride\": [16777216, 8388608, 262144, 4096, 64, 1]}, \"heatmap0\": {\"device\": \"cuda:0\", \"dtype\": \"torch.float32\", \"numel\": 262144, \"shape\": [1, 1, 64, 64, 64], \"stride\": [262144, 262144, 4096, 64, 1]}, \"input\": {\"device\": \"cuda:0\", \"dtype\": \"torch.float32\", \"numel\": 524288, \"shape\": [1, 2, 64, 64, 64], \"stride\": [524288, 262144, 4096, 1, 64]}, \"pass\": 5, \"role\": \"primary\"}, {\"feature\": {\"device\": \"cuda:0\", \"dtype\": \"torch.float32\", \"numel\": 16777216, \"shape\": [1, 2, 32, 64, 64, 64], \"stride\": [16777216, 8388608, 262144, 4096, 64, 1]}, \"heatmap0\": {\"device\": \"cuda:0\", \"dtype\": \"torch.float32\", \"numel\": 262144, \"shape\": [1, 1, 64, 64, 64], \"stride\": [262144, 262144, 4096, 64, 1]}, \"input\": {\"device\": \"cuda:0\", \"dtype\": \"torch.float32\", \"numel\": 524288, \"shape\": [1, 2, 64, 64, 64], \"stride\": [524288, 262144, 4096, 1, 64]}, \"pass\": 6, \"role\": \"primary\"}, {\"feature\": {\"device\": \"cuda:0\", \"dtype\": \"torch.float32\", \"numel\": 16777216, \"shape\": [1, 2, 32, 64, 64, 64], \"stride\": [16777216, 8388608, 262144, 4096, 64, 1]}, \"heatmap0\": {\"device\": \"cuda:0\", \"dtype\": \"torch.float32\", \"numel\": 262144, \"shape\": [1, 1, 64, 64, 64], \"stride\": [262144, 262144, 4096, 64, 1]}, \"input\": {\"device\": \"cuda:0\", \"dtype\": \"torch.float32\", \"numel\": 524288, \"shape\": [1, 2, 64, 64, 64], \"stride\": [524288, 262144, 4096, 1, 64]}, \"pass\": 7, \"role\": \"primary\"}, {\"feature\": {\"device\": \"cuda:0\", \"dtype\": \"torch.float32\", \"numel\": 16777216, \"shape\": [1, 2, 32, 64, 64, 64], \"stride\": [16777216, 8388608, 262144, 4096, 64, 1]}, \"heatmap0\": {\"device\": \"cuda:0\", \"dtype\": \"torch.float32\", \"numel\": 262144, \"shape\": [1, 1, 64, 64, 64], \"stride\": [262144, 262144, 4096, 64, 1]}, \"input\": {\"device\": \"cuda:0\", \"dtype\": \"torch.float32\", \"numel\": 524288, \"shape\": [1, 2, 64, 64, 64], \"stride\": [524288, 262144, 4096, 1, 64]}, \"pass\": 8, \"role\": \"primary\"}, {\"feature\": {\"device\": \"cuda:0\", \"dtype\": \"torch.float32\", \"numel\": 16777216, \"shape\": [1, 2, 32, 64, 64, 64], \"stride\": [16777216, 8388608, 262144, 4096, 64, 1]}, \"heatmap0\": {\"device\": \"cuda:0\", \"dtype\": \"torch.float32\", \"numel\": 262144, \"shape\": [1, 1, 64, 64, 64], \"stride\": [262144, 262144, 4096, 64, 1]}, \"input\": {\"device\": \"cuda:0\", \"dtype\": \"torch.float32\", \"numel\": 524288, \"shape\": [1, 2, 64, 64, 64], \"stride\": [524288, 262144, 4096, 64, 1]}, \"pass\": 1, \"role\": \"secondary\"}, {\"feature\": {\"device\": \"cuda:0\", \"dtype\": \"torch.float32\", \"numel\": 16777216, \"shape\": [1, 2, 32, 64, 64, 64], \"stride\": [16777216, 8388608, 262144, 4096, 64, 1]}, \"heatmap0\": {\"device\": \"cuda:0\", \"dtype\": \"torch.float32\", \"numel\": 262144, \"shape\": [1, 1, 64, 64, 64], \"stride\": [262144, 262144, 4096, 64, 1]}, \"input\": {\"device\": \"cuda:0\", \"dtype\": \"torch.float32\", \"numel\": 524288, \"shape\": [1, 2, 64, 64, 64], \"stride\": [524288, 262144, 4096, 64, 1]}, \"pass\": 2, \"role\": \"secondary\"}, {\"feature\": {\"device\": \"cuda:0\", \"dtype\": \"torch.float32\", \"numel\": 16777216, \"shape\": [1, 2, 32, 64, 64, 64], \"stride\": [16777216, 8388608, 262144, 4096, 64, 1]}, \"heatmap0\": {\"device\": \"cuda:0\", \"dtype\": \"torch.float32\", \"numel\": 262144, \"shape\": [1, 1, 64, 64, 64], \"stride\": [262144, 262144, 4096, 64, 1]}, \"input\": {\"device\": \"cuda:0\", \"dtype\": \"torch.float32\", \"numel\": 524288, \"shape\": [1, 2, 64, 64, 64], \"stride\": [524288, 262144, 4096, 64, 1]}, \"pass\": 3, \"role\": \"secondary\"}, {\"feature\": {\"device\": \"cuda:0\", \"dtype\": \"torch.float32\", \"numel\": 16777216, \"shape\": [1, 2, 32, 64, 64, 64], \"stride\": [16777216, 8388608, 262144, 4096, 64, 1]}, \"heatmap0\": {\"device\": \"cuda:0\", \"dtype\": \"torch.float32\", \"numel\": 262144, \"shape\": [1, 1, 64, 64, 64], \"stride\": [262144, 262144, 4096, 64, 1]}, \"input\": {\"device\": \"cuda:0\", \"dtype\": \"torch.float32\", \"numel\": 524288, \"shape\": [1, 2, 64, 64, 64], \"stride\": [524288, 262144, 4096, 64, 1]}, \"pass\": 4, \"role\": \"secondary\"}, {\"feature\": {\"device\": \"cuda:0\", \"dtype\": \"torch.float32\", \"numel\": 16777216, \"shape\": [1, 2, 32, 64, 64, 64], \"stride\": [16777216, 8388608, 262144, 4096, 64, 1]}, \"heatmap0\": {\"device\": \"cuda:0\", \"dtype\": \"torch.float32\", \"numel\": 262144, \"shape\": [1, 1, 64, 64, 64], \"stride\": [262144, 262144, 4096, 64, 1]}, \"input\": {\"device\": \"cuda:0\", \"dtype\": \"torch.float32\", \"numel\": 524288, \"shape\": [1, 2, 64, 64, 64], \"stride\": [524288, 262144, 4096, 1, 64]}, \"pass\": 5, \"role\": \"secondary\"}, {\"feature\": {\"device\": \"cuda:0\", \"dtype\": \"torch.float32\", \"numel\": 16777216, \"shape\": [1, 2, 32, 64, 64, 64], \"stride\": [16777216, 8388608, 262144, 4096, 64, 1]}, \"heatmap0\": {\"device\": \"cuda:0\", \"dtype\": \"torch.float32\", \"numel\": 262144, \"shape\": [1, 1, 64, 64, 64], \"stride\": [262144, 262144, 4096, 64, 1]}, \"input\": {\"device\": \"cuda:0\", \"dtype\": \"torch.float32\", \"numel\": 524288, \"shape\": [1, 2, 64, 64, 64], \"stride\": [524288, 262144, 4096, 1, 64]}, \"pass\": 6, \"role\": \"secondary\"}, {\"feature\": {\"device\": \"cuda:0\", \"dtype\": \"torch.float32\", \"numel\": 16777216, \"shape\": [1, 2, 32, 64, 64, 64], \"stride\": [16777216, 8388608, 262144, 4096, 64, 1]}, \"heatmap0\": {\"device\": \"cuda:0\", \"dtype\": \"torch.float32\", \"numel\": 262144, \"shape\": [1, 1, 64, 64, 64], \"stride\": [262144, 262144, 4096, 64, 1]}, \"input\": {\"device\": \"cuda:0\", \"dtype\": \"torch.float32\", \"numel\": 524288, \"shape\": [1, 2, 64, 64, 64], \"stride\": [524288, 262144, 4096, 1, 64]}, \"pass\": 7, \"role\": \"secondary\"}, {\"feature\": {\"device\": \"cuda:0\", \"dtype\": \"torch.float32\", \"numel\": 16777216, \"shape\": [1, 2, 32, 64, 64, 64], \"stride\": [16777216, 8388608, 262144, 4096, 64, 1]}, \"heatmap0\": {\"device\": \"cuda:0\", \"dtype\": \"torch.float32\", \"numel\": 262144, \"shape\": [1, 1, 64, 64, 64], \"stride\": [262144, 262144, 4096, 64, 1]}, \"input\": {\"device\": \"cuda:0\", \"dtype\": \"torch.float32\", \"numel\": 524288, \"shape\": [1, 2, 64, 64, 64], \"stride\": [524288, 262144, 4096, 1, 64]}, \"pass\": 8, \"role\": \"secondary\"}], \"event\": \"actual_predictor_window\", \"frames\": [0, 1], \"input\": {\"all_finite\": true, \"device\": \"cuda:0\", \"dtype\": \"torch.float32\", \"numel\": 524288, \"shape\": [1, 2, 64, 64, 64], \"stride\": [524288, 262144, 4096, 64, 1]}, \"input_parent\": \"/kaggle/input/competitions/biohub-cell-tracking-during-development/test\", \"seconds_including_common_audit\": 5.399197198000138, \"window_index\": 1, \"worker_execution_settings\": {\"autocast_enabled\": false, \"cuda_runtime\": \"12.8\", \"cudnn_allow_tf32\": true, \"cudnn_benchmark\": false, \"cudnn_deterministic\": false, \"default_dtype\": \"torch.float32\", \"deterministic_algorithms\": false, \"float32_matmul_precision\": \"highest\", \"gpu_name\": \"Tesla T4\", \"grad_enabled\": false, \"matmul_allow_tf32\": false, \"torch_initial_seed\": 15581666753487229447, \"torch_version\": \"2.10.0+cu128\"}}\n"}
,{"stream_name":"stdout","time":224.456136662,"data":"PUBLIC946_GPU_SMOKE {\"arm\": \"C1\", \"association\": {\"actual_primary_logits_after_original_harmonic_fusion\": {\"all_finite\": true, \"device\": \"cuda:0\", \"dtype\": \"torch.float32\", \"numel\": 180200, \"shape\": [1, 424, 425], \"stride\": [180200, 425, 1]}, \"actual_secondary_feature_consumed\": true, \"actual_secondary_logits\": {\"all_finite\": true, \"device\": \"cuda:0\", \"dtype\": \"torch.float32\", \"numel\": 180200, \"shape\": [1, 424, 425], \"stride\": [180200, 425, 1]}, \"coordinate_grid\": {\"downsample\": [1.0, 4.0, 4.0], \"source\": {\"device\": \"cuda:0\", \"dtype\": \"torch.float32\", \"numel\": 1272, \"shape\": [1, 424, 3], \"stride\": [424, 1, 424]}, \"target\": {\"device\": \"cuda:0\", \"dtype\": \"torch.float32\", \"numel\": 1275, \"shape\": [1, 425, 3], \"stride\": [425, 1, 425]}}, \"diagnostic_edge_head_calls\": 1, \"diagnostic_encoder_calls\": 0, \"diagnostic_probabilities_used_in_production\": false, \"diagnostic_seconds\": 0.022055121999983385, \"frame_pair_index\": 0, \"primary_source_sampled_features\": {\"all_finite\": true, \"device\": \"cuda:0\", \"dtype\": \"torch.float32\", \"numel\": 13568, \"shape\": [1, 424, 32], \"stride\": [13568, 32, 1]}, \"primary_target_sampled_features\": {\"all_finite\": true, \"device\": \"cuda:0\", \"dtype\": \"torch.float32\", \"numel\": 13600, \"shape\": [1, 425, 32], \"stride\": [13600, 32, 1]}, \"probability_comparison_stage\": \"secondary edge-head softmax over parents, before original calibration and low-margin mixing\", \"probability_delta_vs_single_pass_same_coordinates\": {\"sample_elements\": 65536, \"sample_equal\": true, \"sample_max_abs_delta\": 0.0, \"sample_mean_abs_delta\": 0.0, \"sample_stride\": 2}, \"production_calls\": 1, \"same_low_margin_config\": {\"secondary_detection_weight\": 0.8, \"secondary_edge_weight\": 0.15, \"secondary_link_mode\": \"low_margin_consensus\"}, \"source_delta_vs_single_pass\": {\"sample_elements\": 13568, \"sample_equal\": true, \"sample_max_abs_delta\": 0.0, \"sample_mean_abs_delta\": 0.0, \"sample_stride\": 1}, \"source_sampled_features\": {\"all_finite\": true, \"device\": \"cuda:0\", \"dtype\": \"torch.float32\", \"numel\": 13568, \"shape\": [1, 424, 32], \"stride\": [13568, 32, 1]}, \"target_delta_vs_single_pass\": {\"sample_elements\": 13600, \"sample_equal\": true, \"sample_max_abs_delta\": 0.0, \"sample_mean_abs_delta\": 0.0, \"sample_stride\": 1}, \"target_sampled_features\": {\"all_finite\": true, \"device\": \"cuda:0\", \"dtype\": \"torch.float32\", \"numel\": 13600, \"shape\": [1, 425, 32], \"stride\": [13600, 32, 1]}}, \"association_calls\": 1, \"config\": {\"secondary_detection_weight\": 0.8, \"secondary_edge_weight\": 0.15, \"secondary_link_mode\": \"low_margin_consensus\"}, \"consumed_features\": {\"primary\": {\"all_finite\": true, \"delta_vs_single_pass\": {\"sample_elements\": 65536, \"sample_equal\": false, \"sample_max_abs_delta\": 1.641344666481018, \"sample_mean_abs_delta\": 0.34555262327194214, \"sample_stride\": 256}, \"device\": \"cuda:0\", \"dtype\": \"torch.float32\", \"numel\": 16777216, \"original_encoded_feature_sample_unchanged\": true, \"same_storage_as_original\": false, \"shape\": [1, 2, 32, 64, 64, 64], \"single_pass\": {\"device\": \"cuda:0\", \"dtype\": \"torch.float32\", \"numel\": 16777216, \"shape\": [1, 2, 32, 64, 64, 64], \"stride\": [16777216, 8388608, 262144, 4096, 64, 1]}, \"stride\": [16777216, 8388608, 262144, 4096, 64, 1]}, \"secondary\": {\"all_finite\": true, \"delta_vs_single_pass\": {\"sample_elements\": 65536, \"sample_equal\": true, \"sample_max_abs_delta\": 0.0, \"sample_mean_abs_delta\": 0.0, \"sample_stride\": 256}, \"device\": \"cuda:0\", \"dtype\": \"torch.float32\", \"numel\": 16777216, \"original_encoded_feature_sample_unchanged\": true, \"same_storage_as_original\": true, \"shape\": [1, 2, 32, 64, 64, 64], \"single_pass\": {\"device\": \"cuda:0\", \"dtype\": \"torch.float32\", \"numel\": 16777216, \"shape\": [1, 2, 32, 64, 64, 64], \"stride\": [16777216, 8388608, 262144, 4096, 64, 1]}, \"stride\": [16777216, 8388608, 262144, 4096, 64, 1]}}, \"consumed_heatmaps\": [{\"all_finite\": true, \"device\": \"cuda:0\", \"dtype\": \"torch.float32\", \"numel\": 262144, \"shape\": [1, 1, 64, 64, 64], \"stride\": [262144, 262144, 4096, 64, 1]}, {\"all_finite\": true, \"device\": \"cuda:0\", \"dtype\": \"torch.float32\", \"numel\": 262144, \"shape\": [1, 1, 64, 64, 64], \"stride\": [262144, 262144, 4096, 64, 1]}], \"cuda_peak_allocated_bytes_process\": 728221696, \"cuda_peak_reserved_bytes_process\": 970981376, \"dataset\": \"44b6_0b24845f\", \"encode_calls\": {\"primary\": 8, \"secondary\": 8}, \"encode_seconds\": {\"primary\": 1.5044915870005298, \"secondary\": 0.8215925640004116}, \"encode_views\": [{\"feature\": {\"device\": \"cuda:0\", \"dtype\": \"torch.float32\", \"numel\": 16777216, \"shape\": [1, 2, 32, 64, 64, 64], \"stride\": [16777216, 8388608, 262144, 4096, 64, 1]}, \"heatmap0\": {\"device\": \"cuda:0\", \"dtype\": \"torch.float32\", \"numel\": 262144, \"shape\": [1, 1, 64, 64, 64], \"stride\": [262144, 262144, 4096, 64, 1]}, \"input\": {\"device\": \"cuda:0\", \"dtype\": \"torch.float32\", \"numel\": 524288, \"shape\": [1, 2, 64, 64, 64], \"stride\": [524288, 262144, 4096, 64, 1]}, \"pass\": 1, \"role\": \"primary\"}, {\"feature\": {\"device\": \"cuda:0\", \"dtype\": \"torch.float32\", \"numel\": 16777216, \"shape\": [1, 2, 32, 64, 64, 64], \"stride\": [16777216, 8388608, 262144, 4096, 64, 1]}, \"heatmap0\": {\"device\": \"cuda:0\", \"dtype\": \"torch.float32\", \"numel\": 262144, \"shape\": [1, 1, 64, 64, 64], \"stride\": [262144, 262144, 4096, 64, 1]}, \"input\": {\"device\": \"cuda:0\", \"dtype\": \"torch.float32\", \"numel\": 524288, \"shape\": [1, 2, 64, 64, 64], \"stride\": [524288, 262144, 4096, 64, 1]}, \"pass\": 2, \"role\": \"primary\"}, {\"feature\": {\"device\": \"cuda:0\", \"dtype\": \"torch.float32\", \"numel\": 16777216, \"shape\": [1, 2, 32, 64, 64, 64], \"stride\": [16777216, 8388608, 262144, 4096, 64, 1]}, \"heatmap0\": {\"device\": \"cuda:0\", \"dtype\": \"torch.float32\", \"numel\": 262144, \"shape\": [1, 1, 64, 64, 64], \"stride\": [262144, 262144, 4096, 64, 1]}, \"input\": {\"device\": \"cuda:0\", \"dtype\": \"torch.float32\", \"numel\": 524288, \"shape\": [1, 2, 64, 64, 64], \"stride\": [524288, 262144, 4096, 64, 1]}, \"pass\": 3, \"role\": \"primary\"}, {\"feature\": {\"device\": \"cuda:0\", \"dtype\": \"torch.float32\", \"numel\": 16777216, \"shape\": [1, 2, 32, 64, 64, 64], \"stride\": [16777216, 8388608, 262144, 4096, 64, 1]}, \"heatmap0\": {\"device\": \"cuda:0\", \"dtype\": \"torch.float32\", \"numel\": 262144, \"shape\": [1, 1, 64, 64, 64], \"stride\": [262144, 262144, 4096, 64, 1]}, \"input\": {\"device\": \"cuda:0\", \"dtype\": \"torch.float32\", \"numel\": 524288, \"shape\": [1, 2, 64, 64, 64], \"stride\": [524288, 262144, 4096, 64, 1]}, \"pass\": 4, \"role\": \"primary\"}, {\"feature\": {\"device\": \"cuda:0\", \"dtype\": \"torch.float32\", \"numel\": 16777216, \"shape\": [1, 2, 32, 64, 64, 64], \"stride\": [16777216, 8388608, 262144, 4096, 64, 1]}, \"heatmap0\": {\"device\": \"cuda:0\", \"dtype\": \"torch.float32\", \"numel\": 262144, \"shape\": [1, 1, 64, 64, 64], \"stride\": [262144, 262144, 4096, 64, 1]}, \"input\": {\"device\": \"cuda:0\", \"dtype\": \"torch.float32\", \"numel\": 524288, \"shape\": [1, 2, 64, 64, 64], \"stride\": [524288, 262144, 4096, 1, 64]}, \"pass\": 5, \"role\": \"primary\"}, {\"feature\": {\"device\": \"cuda:0\", \"dtype\": \"torch.float32\", \"numel\": 16777216, \"shape\": [1, 2, 32, 64, 64, 64], \"stride\": [16777216, 8388608, 262144, 4096, 64, 1]}, \"heatmap0\": {\"device\": \"cuda:0\", \"dtype\": \"torch.float32\", \"numel\": 262144, \"shape\": [1, 1, 64, 64, 64], \"stride\": [262144, 262144, 4096, 64, 1]}, \"input\": {\"device\": \"cuda:0\", \"dtype\": \"torch.float32\", \"numel\": 524288, \"shape\": [1, 2, 64, 64, 64], \"stride\": [524288, 262144, 4096, 1, 64]}, \"pass\": 6, \"role\": \"primary\"}, {\"feature\": {\"device\": \"cuda:0\", \"dtype\": \"torch.float32\", \"numel\": 16777216, \"shape\": [1, 2, 32, 64, 64, 64], \"stride\": [16777216, 8388608, 262144, 4096, 64, 1]}, \"heatmap0\": {\"device\": \"cuda:0\", \"dtype\": \"torch.float32\", \"numel\": 262144, \"shape\": [1, 1, 64, 64, 64], \"stride\": [262144, 262144, 4096, 64, 1]}, \"input\": {\"device\": \"cuda:0\", \"dtype\": \"torch.float32\", \"numel\": 524288, \"shape\": [1, 2, 64, 64, 64], \"stride\": [524288, 262144, 4096, 1, 64]}, \"pass\": 7, \"role\": \"primary\"}, {\"feature\": {\"device\": \"cuda:0\", \"dtype\": \"torch.float32\", \"numel\": 16777216, \"shape\": [1, 2, 32, 64, 64, 64], \"stride\": [16777216, 8388608, 262144, 4096, 64, 1]}, \"heatmap0\": {\"device\": \"cuda:0\", \"dtype\": \"torch.float32\", \"numel\": 262144, \"shape\": [1, 1, 64, 64, 64], \"stride\": [262144, 262144, 4096, 64, 1]}, \"input\": {\"device\": \"cuda:0\", \"dtype\": \"torch.float32\", \"numel\": 524288, \"shape\": [1, 2, 64, 64, 64], \"stride\": [524288, 262144, 4096, 1, 64]}, \"pass\": 8, \"role\": \"primary\"}, {\"feature\": {\"device\": \"cuda:0\", \"dtype\": \"torch.float32\", \"numel\": 16777216, \"shape\": [1, 2, 32, 64, 64, 64], \"stride\": [16777216, 8388608, 262144, 4096, 64, 1]}, \"heatmap0\": {\"device\": \"cuda:0\", \"dtype\": \"torch.float32\", \"numel\": 262144, \"shape\": [1, 1, 64, 64, 64], \"stride\": [262144, 262144, 4096, 64, 1]}, \"input\": {\"device\": \"cuda:0\", \"dtype\": \"torch.float32\", \"numel\": 524288, \"shape\": [1, 2, 64, 64, 64], \"stride\": [524288, 262144, 4096, 64, 1]}, \"pass\": 1, \"role\": \"secondary\"}, {\"feature\": {\"device\": \"cuda:0\", \"dtype\": \"torch.float32\", \"numel\": 16777216, \"shape\": [1, 2, 32, 64, 64, 64], \"stride\": [16777216, 8388608, 262144, 4096, 64, 1]}, \"heatmap0\": {\"device\": \"cuda:0\", \"dtype\": \"torch.float32\", \"numel\": 262144, \"shape\": [1, 1, 64, 64, 64], \"stride\": [262144, 262144, 4096, 64, 1]}, \"input\": {\"device\": \"cuda:0\", \"dtype\": \"torch.float32\", \"numel\": 524288, \"shape\": [1, 2, 64, 64, 64], \"stride\": [524288, 262144, 4096, 64, 1]}, \"pass\": 2, \"role\": \"secondary\"}, {\"feature\": {\"device\": \"cuda:0\", \"dtype\": \"torch.float32\", \"numel\": 16777216, \"shape\": [1, 2, 32, 64, 64, 64], \"stride\": [16777216, 8388608, 262144, 4096, 64, 1]}, \"heatmap0\": {\"device\": \"cuda:0\", \"dtype\": \"torch.float32\", \"numel\": 262144, \"shape\": [1, 1, 64, 64, 64], \"stride\": [262144, 262144, 4096, 64, 1]}, \"input\": {\"device\": \"cuda:0\", \"dtype\": \"torch.float32\", \"numel\": 524288, \"shape\": [1, 2, 64, 64, 64], \"stride\": [524288, 262144, 4096, 64, 1]}, \"pass\": 3, \"role\": \"secondary\"}, {\"feature\": {\"device\": \"cuda:0\", \"dtype\": \"torch.float32\", \"numel\": 16777216, \"shape\": [1, 2, 32, 64, 64, 64], \"stride\": [16777216, 8388608, 262144, 4096, 64, 1]}, \"heatmap0\": {\"device\": \"cuda:0\", \"dtype\": \"torch.float32\", \"numel\": 262144, \"shape\": [1, 1, 64, 64, 64], \"stride\": [262144, 262144, 4096, 64, 1]}, \"input\": {\"device\": \"cuda:0\", \"dtype\": \"torch.float32\", \"numel\": 524288, \"shape\": [1, 2, 64, 64, 64], \"stride\": [524288, 262144, 4096, 64, 1]}, \"pass\": 4, \"role\": \"secondary\"}, {\"feature\": {\"device\": \"cuda:0\", \"dtype\": \"torch.float32\", \"numel\": 16777216, \"shape\": [1, 2, 32, 64, 64, 64], \"stride\": [16777216, 8388608, 262144, 4096, 64, 1]}, \"heatmap0\": {\"device\": \"cuda:0\", \"dtype\": \"torch.float32\", \"numel\": 262144, \"shape\": [1, 1, 64, 64, 64], \"stride\": [262144, 262144, 4096, 64, 1]}, \"input\": {\"device\": \"cuda:0\", \"dtype\": \"torch.float32\", \"numel\": 524288, \"shape\": [1, 2, 64, 64, 64], \"stride\": [524288, 262144, 4096, 1, 64]}, \"pass\": 5, \"role\": \"secondary\"}, {\"feature\": {\"device\": \"cuda:0\", \"dtype\": \"torch.float32\", \"numel\": 16777216, \"shape\": [1, 2, 32, 64, 64, 64], \"stride\": [16777216, 8388608, 262144, 4096, 64, 1]}, \"heatmap0\": {\"device\": \"cuda:0\", \"dtype\": \"torch.float32\", \"numel\": 262144, \"shape\": [1, 1, 64, 64, 64], \"stride\": [262144, 262144, 4096, 64, 1]}, \"input\": {\"device\": \"cuda:0\", \"dtype\": \"torch.float32\", \"numel\": 524288, \"shape\": [1, 2, 64, 64, 64], \"stride\": [524288, 262144, 4096, 1, 64]}, \"pass\": 6, \"role\": \"secondary\"}, {\"feature\": {\"device\": \"cuda:0\", \"dtype\": \"torch.float32\", \"numel\": 16777216, \"shape\": [1, 2, 32, 64, 64, 64], \"stride\": [16777216, 8388608, 262144, 4096, 64, 1]}, \"heatmap0\": {\"device\": \"cuda:0\", \"dtype\": \"torch.float32\", \"numel\": 262144, \"shape\": [1, 1, 64, 64, 64], \"stride\": [262144, 262144, 4096, 64, 1]}, \"input\": {\"device\": \"cuda:0\", \"dtype\": \"torch.float32\", \"numel\": 524288, \"shape\": [1, 2, 64, 64, 64], \"stride\": [524288, 262144, 4096, 1, 64]}, \"pass\": 7, \"role\": \"secondary\"}, {\"feature\": {\"device\": \"cuda:0\", \"dtype\": \"torch.float32\", \"numel\": 16777216, \"shape\": [1, 2, 32, 64, 64, 64], \"stride\": [16777216, 8388608, 262144, 4096, 64, 1]}, \"heatmap0\": {\"device\": \"cuda:0\", \"dtype\": \"torch.float32\", \"numel\": 262144, \"shape\": [1, 1, 64, 64, 64], \"stride\": [262144, 262144, 4096, 64, 1]}, \"input\": {\"device\": \"cuda:0\", \"dtype\": \"torch.float32\", \"numel\": 524288, \"shape\": [1, 2, 64, 64, 64], \"stride\": [524288, 262144, 4096, 1, 64]}, \"pass\": 8, \"role\": \"secondary\"}], \"event\": \"actual_predictor_window\", \"frames\": [0, 1], \"input\": {\"all_finite\": true, \"device\": \"cuda:0\", \"dtype\": \"torch.float32\", \"numel\": 524288, \"shape\": [1, 2, 64, 64, 64], \"stride\": [524288, 262144, 4096, 64, 1]}, \"input_parent\": \"/kaggle/input/competitions/biohub-cell-tracking-during-development/test\", \"seconds_including_common_audit\": 5.431801727999982, \"window_index\": 1, \"worker_execution_settings\": {\"autocast_enabled\": false, \"cuda_runtime\": \"12.8\", \"cudnn_allow_tf32\": true, \"cudnn_benchmark\": false, \"cudnn_deterministic\": false, \"default_dtype\": \"torch.float32\", \"deterministic_algorithms\": false, \"float32_matmul_precision\": \"highest\", \"gpu_name\": \"Tesla T4\", \"grad_enabled\": false, \"matmul_allow_tf32\": false, \"torch_initial_seed\": 13630806136589802839, \"torch_version\": \"2.10.0+cu128\"}}\n"}
,{"stream_name":"stdout","time":224.627999761,"data":"PUBLIC946_GPU_SMOKE {\"arm\": \"C1\", \"association\": {\"actual_primary_logits_after_original_harmonic_fusion\": {\"all_finite\": true, \"device\": \"cuda:0\", \"dtype\": \"torch.float32\", \"numel\": 49062, \"shape\": [1, 221, 222], \"stride\": [49062, 222, 1]}, \"actual_secondary_feature_consumed\": true, \"actual_secondary_logits\": {\"all_finite\": true, \"device\": \"cuda:0\", \"dtype\": \"torch.float32\", \"numel\": 49062, \"shape\": [1, 221, 222], \"stride\": [49062, 222, 1]}, \"coordinate_grid\": {\"downsample\": [1.0, 4.0, 4.0], \"source\": {\"device\": \"cuda:0\", \"dtype\": \"torch.float32\", \"numel\": 663, \"shape\": [1, 221, 3], \"stride\": [221, 1, 221]}, \"target\": {\"device\": \"cuda:0\", \"dtype\": \"torch.float32\", \"numel\": 666, \"shape\": [1, 222, 3], \"stride\": [222, 1, 222]}}, \"diagnostic_edge_head_calls\": 1, \"diagnostic_encoder_calls\": 0, \"diagnostic_probabilities_used_in_production\": false, \"diagnostic_seconds\": 0.012327498999866293, \"frame_pair_index\": 0, \"primary_source_sampled_features\": {\"all_finite\": true, \"device\": \"cuda:0\", \"dtype\": \"torch.float32\", \"numel\": 7072, \"shape\": [1, 221, 32], \"stride\": [7072, 32, 1]}, \"primary_target_sampled_features\": {\"all_finite\": true, \"device\": \"cuda:0\", \"dtype\": \"torch.float32\", \"numel\": 7104, \"shape\": [1, 222, 32], \"stride\": [7104, 32, 1]}, \"probability_comparison_stage\": \"secondary edge-head softmax over parents, before original calibration and low-margin mixing\", \"probability_delta_vs_single_pass_same_coordinates\": {\"sample_elements\": 49062, \"sample_equal\": true, \"sample_max_abs_delta\": 0.0, \"sample_mean_abs_delta\": 0.0, \"sample_stride\": 1}, \"production_calls\": 1, \"same_low_margin_config\": {\"secondary_detection_weight\": 0.8, \"secondary_edge_weight\": 0.15, \"secondary_link_mode\": \"low_margin_consensus\"}, \"source_delta_vs_single_pass\": {\"sample_elements\": 7072, \"sample_equal\": true, \"sample_max_abs_delta\": 0.0, \"sample_mean_abs_delta\": 0.0, \"sample_stride\": 1}, \"source_sampled_features\": {\"all_finite\": true, \"device\": \"cuda:0\", \"dtype\": \"torch.float32\", \"numel\": 7072, \"shape\": [1, 221, 32], \"stride\": [7072, 32, 1]}, \"target_delta_vs_single_pass\": {\"sample_elements\": 7104, \"sample_equal\": true, \"sample_max_abs_delta\": 0.0, \"sample_mean_abs_delta\": 0.0, \"sample_stride\": 1}, \"target_sampled_features\": {\"all_finite\": true, \"device\": \"cuda:0\", \"dtype\": \"torch.float32\", \"numel\": 7104, \"shape\": [1, 222, 32], \"stride\": [7104, 32, 1]}}, \"association_calls\": 1, \"config\": {\"secondary_detection_weight\": 0.8, \"secondary_edge_weight\": 0.15, \"secondary_link_mode\": \"low_margin_consensus\"}, \"consumed_features\": {\"primary\": {\"all_finite\": true, \"delta_vs_single_pass\": {\"sample_elements\": 65536, \"sample_equal\": false, \"sample_max_abs_delta\": 1.8052397966384888, \"sample_mean_abs_delta\": 0.2686614394187927, \"sample_stride\": 256}, \"device\": \"cuda:0\", \"dtype\": \"torch.float32\", \"numel\": 16777216, \"original_encoded_feature_sample_unchanged\": true, \"same_storage_as_original\": false, \"shape\": [1, 2, 32, 64, 64, 64], \"single_pass\": {\"device\": \"cuda:0\", \"dtype\": \"torch.float32\", \"numel\": 16777216, \"shape\": [1, 2, 32, 64, 64, 64], \"stride\": [16777216, 8388608, 262144, 4096, 64, 1]}, \"stride\": [16777216, 8388608, 262144, 4096, 64, 1]}, \"secondary\": {\"all_finite\": true, \"delta_vs_single_pass\": {\"sample_elements\": 65536, \"sample_equal\": true, \"sample_max_abs_delta\": 0.0, \"sample_mean_abs_delta\": 0.0, \"sample_stride\": 256}, \"device\": \"cuda:0\", \"dtype\": \"torch.float32\", \"numel\": 16777216, \"original_encoded_feature_sample_unchanged\": true, \"same_storage_as_original\": true, \"shape\": [1, 2, 32, 64, 64, 64], \"single_pass\": {\"device\": \"cuda:0\", \"dtype\": \"torch.float32\", \"numel\": 16777216, \"shape\": [1, 2, 32, 64, 64, 64], \"stride\": [16777216, 8388608, 262144, 4096, 64, 1]}, \"stride\": [16777216, 8388608, 262144, 4096, 64, 1]}}, \"consumed_heatmaps\": [{\"all_finite\": true, \"device\": \"cuda:0\", \"dtype\": \"torch.float32\", \"numel\": 262144, \"shape\": [1, 1, 64, 64, 64], \"stride\": [262144, 262144, 4096, 64, 1]}, {\"all_finite\": true, \"device\": \"cuda:0\", \"dtype\": \"torch.float32\", \"numel\": 262144, \"shape\": [1, 1, 64, 64, 64], \"stride\": [262144, 262144, 4096, 64, 1]}], \"cuda_peak_allocated_bytes_process\": 728221696, \"cuda_peak_reserved_bytes_process\": 966787072, \"dataset\": \"44b6_0113de3b\", \"encode_calls\": {\"primary\": 8, \"secondary\": 8}, \"encode_seconds\": {\"primary\": 1.51218098700042, \"secondary\": 0.8360821790001864}, \"encode_views\": [{\"feature\": {\"device\": \"cuda:0\", \"dtype\": \"torch.float32\", \"numel\": 16777216, \"shape\": [1, 2, 32, 64, 64, 64], \"stride\": [16777216, 8388608, 262144, 4096, 64, 1]}, \"heatmap0\": {\"device\": \"cuda:0\", \"dtype\": \"torch.float32\", \"numel\": 262144, \"shape\": [1, 1, 64, 64, 64], \"stride\": [262144, 262144, 4096, 64, 1]}, \"input\": {\"device\": \"cuda:0\", \"dtype\": \"torch.float32\", \"numel\": 524288, \"shape\": [1, 2, 64, 64, 64], \"stride\": [524288, 262144, 4096, 64, 1]}, \"pass\": 1, \"role\": \"primary\"}, {\"feature\": {\"device\": \"cuda:0\", \"dtype\": \"torch.float32\", \"numel\": 16777216, \"shape\": [1, 2, 32, 64, 64, 64], \"stride\": [16777216, 8388608, 262144, 4096, 64, 1]}, \"heatmap0\": {\"device\": \"cuda:0\", \"dtype\": \"torch.float32\", \"numel\": 262144, \"shape\": [1, 1, 64, 64, 64], \"stride\": [262144, 262144, 4096, 64, 1]}, \"input\": {\"device\": \"cuda:0\", \"dtype\": \"torch.float32\", \"numel\": 524288, \"shape\": [1, 2, 64, 64, 64], \"stride\": [524288, 262144, 4096, 64, 1]}, \"pass\": 2, \"role\": \"primary\"}, {\"feature\": {\"device\": \"cuda:0\", \"dtype\": \"torch.float32\", \"numel\": 16777216, \"shape\": [1, 2, 32, 64, 64, 64], \"stride\": [16777216, 8388608, 262144, 4096, 64, 1]}, \"heatmap0\": {\"device\": \"cuda:0\", \"dtype\": \"torch.float32\", \"numel\": 262144, \"shape\": [1, 1, 64, 64, 64], \"stride\": [262144, 262144, 4096, 64, 1]}, \"input\": {\"device\": \"cuda:0\", \"dtype\": \"torch.float32\", \"numel\": 524288, \"shape\": [1, 2, 64, 64, 64], \"stride\": [524288, 262144, 4096, 64, 1]}, \"pass\": 3, \"role\": \"primary\"}, {\"feature\": {\"device\": \"cuda:0\", \"dtype\": \"torch.float32\", \"numel\": 16777216, \"shape\": [1, 2, 32, 64, 64, 64], \"stride\": [16777216, 8388608, 262144, 4096, 64, 1]}, \"heatmap0\": {\"device\": \"cuda:0\", \"dtype\": \"torch.float32\", \"numel\": 262144, \"shape\": [1, 1, 64, 64, 64], \"stride\": [262144, 262144, 4096, 64, 1]}, \"input\": {\"device\": \"cuda:0\", \"dtype\": \"torch.float32\", \"numel\": 524288, \"shape\": [1, 2, 64, 64, 64], \"stride\": [524288, 262144, 4096, 64, 1]}, \"pass\": 4, \"role\": \"primary\"}, {\"feature\": {\"device\": \"cuda:0\", \"dtype\": \"torch.float32\", \"numel\": 16777216, \"shape\": [1, 2, 32, 64, 64, 64], \"stride\": [16777216, 8388608, 262144, 4096, 64, 1]}, \"heatmap0\": {\"device\": \"cuda:0\", \"dtype\": \"torch.float32\", \"numel\": 262144, \"shape\": [1, 1, 64, 64, 64], \"stride\": [262144, 262144, 4096, 64, 1]}, \"input\": {\"device\": \"cuda:0\", \"dtype\": \"torch.float32\", \"numel\": 524288, \"shape\": [1, 2, 64, 64, 64], \"stride\": [524288, 262144, 4096, 1, 64]}, \"pass\": 5, \"role\": \"primary\"}, {\"feature\": {\"device\": \"cuda:0\", \"dtype\": \"torch.float32\", \"numel\": 16777216, \"shape\": [1, 2, 32, 64, 64, 64], \"stride\": [16777216, 8388608, 262144, 4096, 64, 1]}, \"heatmap0\": {\"device\": \"cuda:0\", \"dtype\": \"torch.float32\", \"numel\": 262144, \"shape\": [1, 1, 64, 64, 64], \"stride\": [262144, 262144, 4096, 64, 1]}, \"input\": {\"device\": \"cuda:0\", \"dtype\": \"torch.float32\", \"numel\": 524288, \"shape\": [1, 2, 64, 64, 64], \"stride\": [524288, 262144, 4096, 1, 64]}, \"pass\": 6, \"role\": \"primary\"}, {\"feature\": {\"device\": \"cuda:0\", \"dtype\": \"torch.float32\", \"numel\": 16777216, \"shape\": [1, 2, 32, 64, 64, 64], \"stride\": [16777216, 8388608, 262144, 4096, 64, 1]}, \"heatmap0\": {\"device\": \"cuda:0\", \"dtype\": \"torch.float32\", \"numel\": 262144, \"shape\": [1, 1, 64, 64, 64], \"stride\": [262144, 262144, 4096, 64, 1]}, \"input\": {\"device\": \"cuda:0\", \"dtype\": \"torch.float32\", \"numel\": 524288, \"shape\": [1, 2, 64, 64, 64], \"stride\": [524288, 262144, 4096, 1, 64]}, \"pass\": 7, \"role\": \"primary\"}, {\"feature\": {\"device\": \"cuda:0\", \"dtype\": \"torch.float32\", \"numel\": 16777216, \"shape\": [1, 2, 32, 64, 64, 64], \"stride\": [16777216, 8388608, 262144, 4096, 64, 1]}, \"heatmap0\": {\"device\": \"cuda:0\", \"dtype\": \"torch.float32\", \"numel\": 262144, \"shape\": [1, 1, 64, 64, 64], \"stride\": [262144, 262144, 4096, 64, 1]}, \"input\": {\"device\": \"cuda:0\", \"dtype\": \"torch.float32\", \"numel\": 524288, \"shape\": [1, 2, 64, 64, 64], \"stride\": [524288, 262144, 4096, 1, 64]}, \"pass\": 8, \"role\": \"primary\"}, {\"feature\": {\"device\": \"cuda:0\", \"dtype\": \"torch.float32\", \"numel\": 16777216, \"shape\": [1, 2, 32, 64, 64, 64], \"stride\": [16777216, 8388608, 262144, 4096, 64, 1]}, \"heatmap0\": {\"device\": \"cuda:0\", \"dtype\": \"torch.float32\", \"numel\": 262144, \"shape\": [1, 1, 64, 64, 64], \"stride\": [262144, 262144, 4096, 64, 1]}, \"input\": {\"device\": \"cuda:0\", \"dtype\": \"torch.float32\", \"numel\": 524288, \"shape\": [1, 2, 64, 64, 64], \"stride\": [524288, 262144, 4096, 64, 1]}, \"pass\": 1, \"role\": \"secondary\"}, {\"feature\": {\"device\": \"cuda:0\", \"dtype\": \"torch.float32\", \"numel\": 16777216, \"shape\": [1, 2, 32, 64, 64, 64], \"stride\": [16777216, 8388608, 262144, 4096, 64, 1]}, \"heatmap0\": {\"device\": \"cuda:0\", \"dtype\": \"torch.float32\", \"numel\": 262144, \"shape\": [1, 1, 64, 64, 64], \"stride\": [262144, 262144, 4096, 64, 1]}, \"input\": {\"device\": \"cuda:0\", \"dtype\": \"torch.float32\", \"numel\": 524288, \"shape\": [1, 2, 64, 64, 64], \"stride\": [524288, 262144, 4096, 64, 1]}, \"pass\": 2, \"role\": \"secondary\"}, {\"feature\": {\"device\": \"cuda:0\", \"dtype\": \"torch.float32\", \"numel\": 16777216, \"shape\": [1, 2, 32, 64, 64, 64], \"stride\": [16777216, 8388608, 262144, 4096, 64, 1]}, \"heatmap0\": {\"device\": \"cuda:0\", \"dtype\": \"torch.float32\", \"numel\": 262144, \"shape\": [1, 1, 64, 64, 64], \"stride\": [262144, 262144, 4096, 64, 1]}, \"input\": {\"device\": \"cuda:0\", \"dtype\": \"torch.float32\", \"numel\": 524288, \"shape\": [1, 2, 64, 64, 64], \"stride\": [524288, 262144, 4096, 64, 1]}, \"pass\": 3, \"role\": \"secondary\"}, {\"feature\": {\"device\": \"cuda:0\", \"dtype\": \"torch.float32\", \"numel\": 16777216, \"shape\": [1, 2, 32, 64, 64, 64], \"stride\": [16777216, 8388608, 262144, 4096, 64, 1]}, \"heatmap0\": {\"device\": \"cuda:0\", \"dtype\": \"torch.float32\", \"numel\": 262144, \"shape\": [1, 1, 64, 64, 64], \"stride\": [262144, 262144, 4096, 64, 1]}, \"input\": {\"device\": \"cuda:0\", \"dtype\": \"torch.float32\", \"numel\": 524288, \"shape\": [1, 2, 64, 64, 64], \"stride\": [524288, 262144, 4096, 64, 1]}, \"pass\": 4, \"role\": \"secondary\"}, {\"feature\": {\"device\": \"cuda:0\", \"dtype\": \"torch.float32\", \"numel\": 16777216, \"shape\": [1, 2, 32, 64, 64, 64], \"stride\": [16777216, 8388608, 262144, 4096, 64, 1]}, \"heatmap0\": {\"device\": \"cuda:0\", \"dtype\": \"torch.float32\", \"numel\": 262144, \"shape\": [1, 1, 64, 64, 64], \"stride\": [262144, 262144, 4096, 64, 1]}, \"input\": {\"device\": \"cuda:0\", \"dtype\": \"torch.float32\", \"numel\": 524288, \"shape\": [1, 2, 64, 64, 64], \"stride\": [524288, 262144, 4096, 1, 64]}, \"pass\": 5, \"role\": \"secondary\"}, {\"feature\": {\"device\": \"cuda:0\", \"dtype\": \"torch.float32\", \"numel\": 16777216, \"shape\": [1, 2, 32, 64, 64, 64], \"stride\": [16777216, 8388608, 262144, 4096, 64, 1]}, \"heatmap0\": {\"device\": \"cuda:0\", \"dtype\": \"torch.float32\", \"numel\": 262144, \"shape\": [1, 1, 64, 64, 64], \"stride\": [262144, 262144, 4096, 64, 1]}, \"input\": {\"device\": \"cuda:0\", \"dtype\": \"torch.float32\", \"numel\": 524288, \"shape\": [1, 2, 64, 64, 64], \"stride\": [524288, 262144, 4096, 1, 64]}, \"pass\": 6, \"role\": \"secondary\"}, {\"feature\": {\"device\": \"cuda:0\", \"dtype\": \"torch.float32\", \"numel\": 16777216, \"shape\": [1, 2, 32, 64, 64, 64], \"stride\": [16777216, 8388608, 262144, 4096, 64, 1]}, \"heatmap0\": {\"device\": \"cuda:0\", \"dtype\": \"torch.float32\", \"numel\": 262144, \"shape\": [1, 1, 64, 64, 64], \"stride\": [262144, 262144, 4096, 64, 1]}, \"input\": {\"device\": \"cuda:0\", \"dtype\": \"torch.float32\", \"numel\": 524288, \"shape\": [1, 2, 64, 64, 64], \"stride\": [524288, 262144, 4096, 1, 64]}, \"pass\": 7, \"role\": \"secondary\"}, {\"feature\": {\"device\": \"cuda:0\", \"dtype\": \"torch.float32\", \"numel\": 16777216, \"shape\": [1, 2, 32, 64, 64, 64], \"stride\": [16777216, 8388608, 262144, 4096, 64, 1]}, \"heatmap0\": {\"device\": \"cuda:0\", \"dtype\": \"torch.float32\", \"numel\": 262144, \"shape\": [1, 1, 64, 64, 64], \"stride\": [262144, 262144, 4096, 64, 1]}, \"input\": {\"device\": \"cuda:0\", \"dtype\": \"torch.float32\", \"numel\": 524288, \"shape\": [1, 2, 64, 64, 64], \"stride\": [524288, 262144, 4096, 1, 64]}, \"pass\": 8, \"role\": \"secondary\"}], \"event\": \"actual_predictor_window\", \"frames\": [0, 1], \"input\": {\"all_finite\": true, \"device\": \"cuda:0\", \"dtype\": \"torch.float32\", \"numel\": 524288, \"shape\": [1, 2, 64, 64, 64], \"stride\": [524288, 262144, 4096, 64, 1]}, \"input_parent\": \"/kaggle/input/competitions/biohub-cell-tracking-during-development/test\", \"seconds_including_common_audit\": 5.399197198000138, \"window_index\": 1, \"worker_execution_settings\": {\"autocast_enabled\": false, \"cuda_runtime\": \"12.8\", \"cudnn_allow_tf32\": true, \"cudnn_benchmark\": false, \"cudnn_deterministic\": false, \"default_dtype\": \"torch.float32\", \"deterministic_algorithms\": false, \"float32_matmul_precision\": \"highest\", \"gpu_name\": \"Tesla T4\", \"grad_enabled\": false, \"matmul_allow_tf32\": false, \"torch_initial_seed\": 15581666753487229447, \"torch_version\": \"2.10.0+cu128\"}}\n"}
,{"stream_name":"stdout","time":224.628132879,"data":"PUBLIC946_GPU_SMOKE {\"arm\": \"C1\", \"association\": {\"actual_primary_logits_after_original_harmonic_fusion\": {\"all_finite\": true, \"device\": \"cuda:0\", \"dtype\": \"torch.float32\", \"numel\": 180200, \"shape\": [1, 424, 425], \"stride\": [180200, 425, 1]}, \"actual_secondary_feature_consumed\": true, \"actual_secondary_logits\": {\"all_finite\": true, \"device\": \"cuda:0\", \"dtype\": \"torch.float32\", \"numel\": 180200, \"shape\": [1, 424, 425], \"stride\": [180200, 425, 1]}, \"coordinate_grid\": {\"downsample\": [1.0, 4.0, 4.0], \"source\": {\"device\": \"cuda:0\", \"dtype\": \"torch.float32\", \"numel\": 1272, \"shape\": [1, 424, 3], \"stride\": [424, 1, 424]}, \"target\": {\"device\": \"cuda:0\", \"dtype\": \"torch.float32\", \"numel\": 1275, \"shape\": [1, 425, 3], \"stride\": [425, 1, 425]}}, \"diagnostic_edge_head_calls\": 1, \"diagnostic_encoder_calls\": 0, \"diagnostic_probabilities_used_in_production\": false, \"diagnostic_seconds\": 0.022055121999983385, \"frame_pair_index\": 0, \"primary_source_sampled_features\": {\"all_finite\": true, \"device\": \"cuda:0\", \"dtype\": \"torch.float32\", \"numel\": 13568, \"shape\": [1, 424, 32], \"stride\": [13568, 32, 1]}, \"primary_target_sampled_features\": {\"all_finite\": true, \"device\": \"cuda:0\", \"dtype\": \"torch.float32\", \"numel\": 13600, \"shape\": [1, 425, 32], \"stride\": [13600, 32, 1]}, \"probability_comparison_stage\": \"secondary edge-head softmax over parents, before original calibration and low-margin mixing\", \"probability_delta_vs_single_pass_same_coordinates\": {\"sample_elements\": 65536, \"sample_equal\": true, \"sample_max_abs_delta\": 0.0, \"sample_mean_abs_delta\": 0.0, \"sample_stride\": 2}, \"production_calls\": 1, \"same_low_margin_config\": {\"secondary_detection_weight\": 0.8, \"secondary_edge_weight\": 0.15, \"secondary_link_mode\": \"low_margin_consensus\"}, \"source_delta_vs_single_pass\": {\"sample_elements\": 13568, \"sample_equal\": true, \"sample_max_abs_delta\": 0.0, \"sample_mean_abs_delta\": 0.0, \"sample_stride\": 1}, \"source_sampled_features\": {\"all_finite\": true, \"device\": \"cuda:0\", \"dtype\": \"torch.float32\", \"numel\": 13568, \"shape\": [1, 424, 32], \"stride\": [13568, 32, 1]}, \"target_delta_vs_single_pass\": {\"sample_elements\": 13600, \"sample_equal\": true, \"sample_max_abs_delta\": 0.0, \"sample_mean_abs_delta\": 0.0, \"sample_stride\": 1}, \"target_sampled_features\": {\"all_finite\": true, \"device\": \"cuda:0\", \"dtype\": \"torch.float32\", \"numel\": 13600, \"shape\": [1, 425, 32], \"stride\": [13600, 32, 1]}}, \"association_calls\": 1, \"config\": {\"secondary_detection_weight\": 0.8, \"secondary_edge_weight\": 0.15, \"secondary_link_mode\": \"low_margin_consensus\"}, \"consumed_features\": {\"primary\": {\"all_finite\": true, \"delta_vs_single_pass\": {\"sample_elements\": 65536, \"sample_equal\": false, \"sample_max_abs_delta\": 1.641344666481018, \"sample_mean_abs_delta\": 0.34555262327194214, \"sample_stride\": 256}, \"device\": \"cuda:0\", \"dtype\": \"torch.float32\", \"numel\": 16777216, \"original_encoded_feature_sample_unchanged\": true, \"same_storage_as_original\": false, \"shape\": [1, 2, 32, 64, 64, 64], \"single_pass\": {\"device\": \"cuda:0\", \"dtype\": \"torch.float32\", \"numel\": 16777216, \"shape\": [1, 2, 32, 64, 64, 64], \"stride\": [16777216, 8388608, 262144, 4096, 64, 1]}, \"stride\": [16777216, 8388608, 262144, 4096, 64, 1]}, \"secondary\": {\"all_finite\": true, \"delta_vs_single_pass\": {\"sample_elements\": 65536, \"sample_equal\": true, \"sample_max_abs_delta\": 0.0, \"sample_mean_abs_delta\": 0.0, \"sample_stride\": 256}, \"device\": \"cuda:0\", \"dtype\": \"torch.float32\", \"numel\": 16777216, \"original_encoded_feature_sample_unchanged\": true, \"same_storage_as_original\": true, \"shape\": [1, 2, 32, 64, 64, 64], \"single_pass\": {\"device\": \"cuda:0\", \"dtype\": \"torch.float32\", \"numel\": 16777216, \"shape\": [1, 2, 32, 64, 64, 64], \"stride\": [16777216, 8388608, 262144, 4096, 64, 1]}, \"stride\": [16777216, 8388608, 262144, 4096, 64, 1]}}, \"consumed_heatmaps\": [{\"all_finite\": true, \"device\": \"cuda:0\", \"dtype\": \"torch.float32\", \"numel\": 262144, \"shape\": [1, 1, 64, 64, 64], \"stride\": [262144, 262144, 4096, 64, 1]}, {\"all_finite\": true, \"device\": \"cuda:0\", \"dtype\": \"torch.float32\", \"numel\": 262144, \"shape\": [1, 1, 64, 64, 64], \"stride\": [262144, 262144, 4096, 64, 1]}], \"cuda_peak_allocated_bytes_process\": 728221696, \"cuda_peak_reserved_bytes_process\": 970981376, \"dataset\": \"44b6_0b24845f\", \"encode_calls\": {\"primary\": 8, \"secondary\": 8}, \"encode_seconds\": {\"primary\": 1.5044915870005298, \"secondary\": 0.8215925640004116}, \"encode_views\": [{\"feature\": {\"device\": \"cuda:0\", \"dtype\": \"torch.float32\", \"numel\": 16777216, \"shape\": [1, 2, 32, 64, 64, 64], \"stride\": [16777216, 8388608, 262144, 4096, 64, 1]}, \"heatmap0\": {\"device\": \"cuda:0\", \"dtype\": \"torch.float32\", \"numel\": 262144, \"shape\": [1, 1, 64, 64, 64], \"stride\": [262144, 262144, 4096, 64, 1]}, \"input\": {\"device\": \"cuda:0\", \"dtype\": \"torch.float32\", \"numel\": 524288, \"shape\": [1, 2, 64, 64, 64], \"stride\": [524288, 262144, 4096, 64, 1]}, \"pass\": 1, \"role\": \"primary\"}, {\"feature\": {\"device\": \"cuda:0\", \"dtype\": \"torch.float32\", \"numel\": 16777216, \"shape\": [1, 2, 32, 64, 64, 64], \"stride\": [16777216, 8388608, 262144, 4096, 64, 1]}, \"heatmap0\": {\"device\": \"cuda:0\", \"dtype\": \"torch.float32\", \"numel\": 262144, \"shape\": [1, 1, 64, 64, 64], \"stride\": [262144, 262144, 4096, 64, 1]}, \"input\": {\"device\": \"cuda:0\", \"dtype\": \"torch.float32\", \"numel\": 524288, \"shape\": [1, 2, 64, 64, 64], \"stride\": [524288, 262144, 4096, 64, 1]}, \"pass\": 2, \"role\": \"primary\"}, {\"feature\": {\"device\": \"cuda:0\", \"dtype\": \"torch.float32\", \"numel\": 16777216, \"shape\": [1, 2, 32, 64, 64, 64], \"stride\": [16777216, 8388608, 262144, 4096, 64, 1]}, \"heatmap0\": {\"device\": \"cuda:0\", \"dtype\": \"torch.float32\", \"numel\": 262144, \"shape\": [1, 1, 64, 64, 64], \"stride\": [262144, 262144, 4096, 64, 1]}, \"input\": {\"device\": \"cuda:0\", \"dtype\": \"torch.float32\", \"numel\": 524288, \"shape\": [1, 2, 64, 64, 64], \"stride\": [524288, 262144, 4096, 64, 1]}, \"pass\": 3, \"role\": \"primary\"}, {\"feature\": {\"device\": \"cuda:0\", \"dtype\": \"torch.float32\", \"numel\": 16777216, \"shape\": [1, 2, 32, 64, 64, 64], \"stride\": [16777216, 8388608, 262144, 4096, 64, 1]}, \"heatmap0\": {\"device\": \"cuda:0\", \"dtype\": \"torch.float32\", \"numel\": 262144, \"shape\": [1, 1, 64, 64, 64], \"stride\": [262144, 262144, 4096, 64, 1]}, \"input\": {\"device\": \"cuda:0\", \"dtype\": \"torch.float32\", \"numel\": 524288, \"shape\": [1, 2, 64, 64, 64], \"stride\": [524288, 262144, 4096, 64, 1]}, \"pass\": 4, \"role\": \"primary\"}, {\"feature\": {\"device\": \"cuda:0\", \"dtype\": \"torch.float32\", \"numel\": 16777216, \"shape\": [1, 2, 32, 64, 64, 64], \"stride\": [16777216, 8388608, 262144, 4096, 64, 1]}, \"heatmap0\": {\"device\": \"cuda:0\", \"dtype\": \"torch.float32\", \"numel\": 262144, \"shape\": [1, 1, 64, 64, 64], \"stride\": [262144, 262144, 4096, 64, 1]}, \"input\": {\"device\": \"cuda:0\", \"dtype\": \"torch.float32\", \"numel\": 524288, \"shape\": [1, 2, 64, 64, 64], \"stride\": [524288, 262144, 4096, 1, 64]}, \"pass\": 5, \"role\": \"primary\"}, {\"feature\": {\"device\": \"cuda:0\", \"dtype\": \"torch.float32\", \"numel\": 16777216, \"shape\": [1, 2, 32, 64, 64, 64], \"stride\": [16777216, 8388608, 262144, 4096, 64, 1]}, \"heatmap0\": {\"device\": \"cuda:0\", \"dtype\": \"torch.float32\", \"numel\": 262144, \"shape\": [1, 1, 64, 64, 64], \"stride\": [262144, 262144, 4096, 64, 1]}, \"input\": {\"device\": \"cuda:0\", \"dtype\": \"torch.float32\", \"numel\": 524288, \"shape\": [1, 2, 64, 64, 64], \"stride\": [524288, 262144, 4096, 1, 64]}, \"pass\": 6, \"role\": \"primary\"}, {\"feature\": {\"device\": \"cuda:0\", \"dtype\": \"torch.float32\", \"numel\": 16777216, \"shape\": [1, 2, 32, 64, 64, 64], \"stride\": [16777216, 8388608, 262144, 4096, 64, 1]}, \"heatmap0\": {\"device\": \"cuda:0\", \"dtype\": \"torch.float32\", \"numel\": 262144, \"shape\": [1, 1, 64, 64, 64], \"stride\": [262144, 262144, 4096, 64, 1]}, \"input\": {\"device\": \"cuda:0\", \"dtype\": \"torch.float32\", \"numel\": 524288, \"shape\": [1, 2, 64, 64, 64], \"stride\": [524288, 262144, 4096, 1, 64]}, \"pass\": 7, \"role\": \"primary\"}, {\"feature\": {\"device\": \"cuda:0\", \"dtype\": \"torch.float32\", \"numel\": 16777216, \"shape\": [1, 2, 32, 64, 64, 64], \"stride\": [16777216, 8388608, 262144, 4096, 64, 1]}, \"heatmap0\": {\"device\": \"cuda:0\", \"dtype\": \"torch.float32\", \"numel\": 262144, \"shape\": [1, 1, 64, 64, 64], \"stride\": [262144, 262144, 4096, 64, 1]}, \"input\": {\"device\": \"cuda:0\", \"dtype\": \"torch.float32\", \"numel\": 524288, \"shape\": [1, 2, 64, 64, 64], \"stride\": [524288, 262144, 4096, 1, 64]}, \"pass\": 8, \"role\": \"primary\"}, {\"feature\": {\"device\": \"cuda:0\", \"dtype\": \"torch.float32\", \"numel\": 16777216, \"shape\": [1, 2, 32, 64, 64, 64], \"stride\": [16777216, 8388608, 262144, 4096, 64, 1]}, \"heatmap0\": {\"device\": \"cuda:0\", \"dtype\": \"torch.float32\", \"numel\": 262144, \"shape\": [1, 1, 64, 64, 64], \"stride\": [262144, 262144, 4096, 64, 1]}, \"input\": {\"device\": \"cuda:0\", \"dtype\": \"torch.float32\", \"numel\": 524288, \"shape\": [1, 2, 64, 64, 64], \"stride\": [524288, 262144, 4096, 64, 1]}, \"pass\": 1, \"role\": \"secondary\"}, {\"feature\": {\"device\": \"cuda:0\", \"dtype\": \"torch.float32\", \"numel\": 16777216, \"shape\": [1, 2, 32, 64, 64, 64], \"stride\": [16777216, 8388608, 262144, 4096, 64, 1]}, \"heatmap0\": {\"device\": \"cuda:0\", \"dtype\": \"torch.float32\", \"numel\": 262144, \"shape\": [1, 1, 64, 64, 64], \"stride\": [262144, 262144, 4096, 64, 1]}, \"input\": {\"device\": \"cuda:0\", \"dtype\": \"torch.float32\", \"numel\": 524288, \"shape\": [1, 2, 64, 64, 64], \"stride\": [524288, 262144, 4096, 64, 1]}, \"pass\": 2, \"role\": \"secondary\"}, {\"feature\": {\"device\": \"cuda:0\", \"dtype\": \"torch.float32\", \"numel\": 16777216, \"shape\": [1, 2, 32, 64, 64, 64], \"stride\": [16777216, 8388608, 262144, 4096, 64, 1]}, \"heatmap0\": {\"device\": \"cuda:0\", \"dtype\": \"torch.float32\", \"numel\": 262144, \"shape\": [1, 1, 64, 64, 64], \"stride\": [262144, 262144, 4096, 64, 1]}, \"input\": {\"device\": \"cuda:0\", \"dtype\": \"torch.float32\", \"numel\": 524288, \"shape\": [1, 2, 64, 64, 64], \"stride\": [524288, 262144, 4096, 64, 1]}, \"pass\": 3, \"role\": \"secondary\"}, {\"feature\": {\"device\": \"cuda:0\", \"dtype\": \"torch.float32\", \"numel\": 16777216, \"shape\": [1, 2, 32, 64, 64, 64], \"stride\": [16777216, 8388608, 262144, 4096, 64, 1]}, \"heatmap0\": {\"device\": \"cuda:0\", \"dtype\": \"torch.float32\", \"numel\": 262144, \"shape\": [1, 1, 64, 64, 64], \"stride\": [262144, 262144, 4096, 64, 1]}, \"input\": {\"device\": \"cuda:0\", \"dtype\": \"torch.float32\", \"numel\": 524288, \"shape\": [1, 2, 64, 64, 64], \"stride\": [524288, 262144, 4096, 64, 1]}, \"pass\": 4, \"role\": \"secondary\"}, {\"feature\": {\"device\": \"cuda:0\", \"dtype\": \"torch.float32\", \"numel\": 16777216, \"shape\": [1, 2, 32, 64, 64, 64], \"stride\": [16777216, 8388608, 262144, 4096, 64, 1]}, \"heatmap0\": {\"device\": \"cuda:0\", \"dtype\": \"torch.float32\", \"numel\": 262144, \"shape\": [1, 1, 64, 64, 64], \"stride\": [262144, 262144, 4096, 64, 1]}, \"input\": {\"device\": \"cuda:0\", \"dtype\": \"torch.float32\", \"numel\": 524288, \"shape\": [1, 2, 64, 64, 64], \"stride\": [524288, 262144, 4096, 1, 64]}, \"pass\": 5, \"role\": \"secondary\"}, {\"feature\": {\"device\": \"cuda:0\", \"dtype\": \"torch.float32\", \"numel\": 16777216, \"shape\": [1, 2, 32, 64, 64, 64], \"stride\": [16777216, 8388608, 262144, 4096, 64, 1]}, \"heatmap0\": {\"device\": \"cuda:0\", \"dtype\": \"torch.float32\", \"numel\": 262144, \"shape\": [1, 1, 64, 64, 64], \"stride\": [262144, 262144, 4096, 64, 1]}, \"input\": {\"device\": \"cuda:0\", \"dtype\": \"torch.float32\", \"numel\": 524288, \"shape\": [1, 2, 64, 64, 64], \"stride\": [524288, 262144, 4096, 1, 64]}, \"pass\": 6, \"role\": \"secondary\"}, {\"feature\": {\"device\": \"cuda:0\", \"dtype\": \"torch.float32\", \"numel\": 16777216, \"shape\": [1, 2, 32, 64, 64, 64], \"stride\": [16777216, 8388608, 262144, 4096, 64, 1]}, \"heatmap0\": {\"device\": \"cuda:0\", \"dtype\": \"torch.float32\", \"numel\": 262144, \"shape\": [1, 1, 64, 64, 64], \"stride\": [262144, 262144, 4096, 64, 1]}, \"input\": {\"device\": \"cuda:0\", \"dtype\": \"torch.float32\", \"numel\": 524288, \"shape\": [1, 2, 64, 64, 64], \"stride\": [524288, 262144, 4096, 1, 64]}, \"pass\": 7, \"role\": \"secondary\"}, {\"feature\": {\"device\": \"cuda:0\", \"dtype\": \"torch.float32\", \"numel\": 16777216, \"shape\": [1, 2, 32, 64, 64, 64], \"stride\": [16777216, 8388608, 262144, 4096, 64, 1]}, \"heatmap0\": {\"device\": \"cuda:0\", \"dtype\": \"torch.float32\", \"numel\": 262144, \"shape\": [1, 1, 64, 64, 64], \"stride\": [262144, 262144, 4096, 64, 1]}, \"input\": {\"device\": \"cuda:0\", \"dtype\": \"torch.float32\", \"numel\": 524288, \"shape\": [1, 2, 64, 64, 64], \"stride\": [524288, 262144, 4096, 1, 64]}, \"pass\": 8, \"role\": \"secondary\"}], \"event\": \"actual_predictor_window\", \"frames\": [0, 1], \"input\": {\"all_finite\": true, \"device\": \"cuda:0\", \"dtype\": \"torch.float32\", \"numel\": 524288, \"shape\": [1, 2, 64, 64, 64], \"stride\": [524288, 262144, 4096, 64, 1]}, \"input_parent\": \"/kaggle/input/competitions/biohub-cell-tracking-during-development/test\", \"seconds_including_common_audit\": 5.431801727999982, \"window_index\": 1, \"worker_execution_settings\": {\"autocast_enabled\": false, \"cuda_runtime\": \"12.8\", \"cudnn_allow_tf32\": true, \"cudnn_benchmark\": false, \"cudnn_deterministic\": false, \"default_dtype\": \"torch.float32\", \"deterministic_algorithms\": false, \"float32_matmul_precision\": \"highest\", \"gpu_name\": \"Tesla T4\", \"grad_enabled\": false, \"matmul_allow_tf32\": false, \"torch_initial_seed\": 13630806136589802839, \"torch_version\": \"2.10.0+cu128\"}}\n"}
,{"stream_name":"stdout","time":225.517609835,"data":"EDGE_TTA_ACTIVE views= 8 mean_abs_feat_delta= 0.33888\n"}
,{"stream_name":"stdout","time":225.526215385,"data":"EDGE_TTA_ACTIVE views= 8 mean_abs_feat_delta= 0.379981\n"}
,{"stream_name":"stdout","time":225.720181131,"data":"EDGE_TTA_ACTIVE views= 8 mean_abs_feat_delta= 0.33888\n"}
,{"stream_name":"stdout","time":225.720266525,"data":"EDGE_TTA_ACTIVE views= 8 mean_abs_feat_delta= 0.379981\n"}
,{"stream_name":"stdout","time":226.356928001,"data":"BIOHUB_RETENTION_GUARD {\"blended_candidates\": 310, \"dataset\": \"44b6_0b24845f\", \"frame\": 2, \"minimum_retention\": 0.9, \"primary_candidates\": 375, \"retention\": 0.8266666666666667, \"use_primary\": true}\n"}
,{"stream_name":"stdout","time":226.558971699,"data":"BIOHUB_RETENTION_GUARD {\"blended_candidates\": 310, \"dataset\": \"44b6_0b24845f\", \"frame\": 2, \"minimum_retention\": 0.9, \"primary_candidates\": 375, \"retention\": 0.8266666666666667, \"use_primary\": true}\n"}
,{"stream_name":"stdout","time":227.329028686,"data":"EDGE_TTA_ACTIVE views= 8 mean_abs_feat_delta= 0.337225\n"}
,{"stream_name":"stdout","time":227.403388781,"data":"EDGE_TTA_ACTIVE views= 8 mean_abs_feat_delta= 0.372237\n"}
,{"stream_name":"stdout","time":227.531430733,"data":"EDGE_TTA_ACTIVE views= 8 mean_abs_feat_delta= 0.337225\n"}
,{"stream_name":"stdout","time":227.531485117,"data":"EDGE_TTA_ACTIVE views= 8 mean_abs_feat_delta= 0.372237\n"}
,{"stream_name":"stdout","time":229.160860529,"data":"EDGE_TTA_ACTIVE views= 8 mean_abs_feat_delta= 0.33825\n"}
,{"stream_name":"stdout","time":229.21598401400001,"data":"EDGE_TTA_ACTIVE views= 8 mean_abs_feat_delta= 0.378541\n"}
,{"stream_name":"stdout","time":229.363399232,"data":"EDGE_TTA_ACTIVE views= 8 mean_abs_feat_delta= 0.33825\n"}
,{"stream_name":"stdout","time":229.36343069,"data":"EDGE_TTA_ACTIVE views= 8 mean_abs_feat_delta= 0.378541\n"}
,{"stream_name":"stdout","time":230.054360666,"data":"BIOHUB_RETENTION_GUARD {\"blended_candidates\": 321, \"dataset\": \"44b6_0b24845f\", \"frame\": 4, \"minimum_retention\": 0.9, \"primary_candidates\": 378, \"retention\": 0.8492063492063492, \"use_primary\": true}\n"}
,{"stream_name":"stdout","time":230.25676793,"data":"BIOHUB_RETENTION_GUARD {\"blended_candidates\": 321, \"dataset\": \"44b6_0b24845f\", \"frame\": 4, \"minimum_retention\": 0.9, \"primary_candidates\": 378, \"retention\": 0.8492063492063492, \"use_primary\": true}\n"}
,{"stream_name":"stdout","time":231.019153128,"data":"EDGE_TTA_ACTIVE views= 8 mean_abs_feat_delta= 0.339442\n"}
,{"stream_name":"stdout","time":231.033842465,"data":"EDGE_TTA_ACTIVE views= 8 mean_abs_feat_delta= 0.38179\n"}
,{"stream_name":"stdout","time":231.221603017,"data":"EDGE_TTA_ACTIVE views= 8 mean_abs_feat_delta= 0.339442\n"}
,{"stream_name":"stdout","time":231.221676253,"data":"EDGE_TTA_ACTIVE views= 8 mean_abs_feat_delta= 0.38179\n"}
,{"stream_name":"stdout","time":231.876110814,"data":"BIOHUB_RETENTION_GUARD {\"blended_candidates\": 311, \"dataset\": \"44b6_0b24845f\", \"frame\": 5, \"minimum_retention\": 0.9, \"primary_candidates\": 349, \"retention\": 0.8911174785100286, \"use_primary\": true}\n"}
,{"stream_name":"stdout","time":232.078885385,"data":"BIOHUB_RETENTION_GUARD {\"blended_candidates\": 311, \"dataset\": \"44b6_0b24845f\", \"frame\": 5, \"minimum_retention\": 0.9, \"primary_candidates\": 349, \"retention\": 0.8911174785100286, \"use_primary\": true}\n"}
,{"stream_name":"stdout","time":232.841932138,"data":"EDGE_TTA_ACTIVE views= 8 mean_abs_feat_delta= 0.344274\n"}
,{"stream_name":"stdout","time":232.952233728,"data":"EDGE_TTA_ACTIVE views= 8 mean_abs_feat_delta= 0.38122\n"}
,{"stream_name":"stdout","time":233.044152209,"data":"EDGE_TTA_ACTIVE views= 8 mean_abs_feat_delta= 0.344274\n"}
,{"stream_name":"stdout","time":233.04417872,"data":"EDGE_TTA_ACTIVE views= 8 mean_abs_feat_delta= 0.38122\n"}
,{"stream_name":"stdout","time":233.793372682,"data":"BIOHUB_RETENTION_GUARD {\"blended_candidates\": 317, \"dataset\": \"44b6_0b24845f\", \"frame\": 6, \"minimum_retention\": 0.9, \"primary_candidates\": 383, \"retention\": 0.8276762402088773, \"use_primary\": true}\n"}
,{"stream_name":"stdout","time":233.99593935,"data":"BIOHUB_RETENTION_GUARD {\"blended_candidates\": 317, \"dataset\": \"44b6_0b24845f\", \"frame\": 6, \"minimum_retention\": 0.9, \"primary_candidates\": 383, \"retention\": 0.8276762402088773, \"use_primary\": true}\n"}
,{"stream_name":"stdout","time":234.674903025,"data":"EDGE_TTA_ACTIVE views= 8 mean_abs_feat_delta= 0.349275\n"}
,{"stream_name":"stdout","time":234.775505427,"data":"EDGE_TTA_ACTIVE views= 8 mean_abs_feat_delta= 0.38268\n"}
,{"stream_name":"stdout","time":234.877340619,"data":"EDGE_TTA_ACTIVE views= 8 mean_abs_feat_delta= 0.349275\n"}
,{"stream_name":"stdout","time":234.877373547,"data":"EDGE_TTA_ACTIVE views= 8 mean_abs_feat_delta= 0.38268\n"}
,{"stream_name":"stdout","time":235.621146364,"data":"BIOHUB_RETENTION_GUARD {\"blended_candidates\": 302, \"dataset\": \"44b6_0b24845f\", \"frame\": 7, \"minimum_retention\": 0.9, \"primary_candidates\": 361, \"retention\": 0.8365650969529086, \"use_primary\": true}\n"}
,{"stream_name":"stdout","time":235.823684517,"data":"BIOHUB_RETENTION_GUARD {\"blended_candidates\": 302, \"dataset\": \"44b6_0b24845f\", \"frame\": 7, \"minimum_retention\": 0.9, \"primary_candidates\": 361, \"retention\": 0.8365650969529086, \"use_primary\": true}\n"}
,{"stream_name":"stdout","time":236.505480607,"data":"EDGE_TTA_ACTIVE views= 8 mean_abs_feat_delta= 0.349587\n"}
,{"stream_name":"stdout","time":236.614499645,"data":"EDGE_TTA_ACTIVE views= 8 mean_abs_feat_delta= 0.389949\n"}
,{"stream_name":"stdout","time":236.707998465,"data":"EDGE_TTA_ACTIVE views= 8 mean_abs_feat_delta= 0.349587\n"}
,{"stream_name":"stdout","time":236.708030749,"data":"EDGE_TTA_ACTIVE views= 8 mean_abs_feat_delta= 0.389949\n"}
,{"stream_name":"stdout","time":237.46263334,"data":"BIOHUB_RETENTION_GUARD {\"blended_candidates\": 364, \"dataset\": \"44b6_0b24845f\", \"frame\": 8, \"minimum_retention\": 0.9, \"primary_candidates\": 416, \"retention\": 0.875, \"use_primary\": true}\n"}
,{"stream_name":"stdout","time":237.665033017,"data":"BIOHUB_RETENTION_GUARD {\"blended_candidates\": 364, \"dataset\": \"44b6_0b24845f\", \"frame\": 8, \"minimum_retention\": 0.9, \"primary_candidates\": 416, \"retention\": 0.875, \"use_primary\": true}\n"}
,{"stream_name":"stdout","time":238.359366385,"data":"EDGE_TTA_ACTIVE views= 8 mean_abs_feat_delta= 0.344645\n"}
,{"stream_name":"stdout","time":238.477131656,"data":"EDGE_TTA_ACTIVE views= 8 mean_abs_feat_delta= 0.3924\n"}
,{"stream_name":"stdout","time":238.562035204,"data":"EDGE_TTA_ACTIVE views= 8 mean_abs_feat_delta= 0.344645\n"}
,{"stream_name":"stdout","time":238.562101166,"data":"EDGE_TTA_ACTIVE views= 8 mean_abs_feat_delta= 0.3924\n"}
,{"stream_name":"stdout","time":239.324342626,"data":"BIOHUB_RETENTION_GUARD {\"blended_candidates\": 352, \"dataset\": \"44b6_0b24845f\", \"frame\": 9, \"minimum_retention\": 0.9, \"primary_candidates\": 415, \"retention\": 0.8481927710843373, \"use_primary\": true}\n"}
,{"stream_name":"stdout","time":239.539454249,"data":"BIOHUB_RETENTION_GUARD {\"blended_candidates\": 352, \"dataset\": \"44b6_0b24845f\", \"frame\": 9, \"minimum_retention\": 0.9, \"primary_candidates\": 415, \"retention\": 0.8481927710843373, \"use_primary\": true}\n"}
,{"stream_name":"stdout","time":240.194374952,"data":"EDGE_TTA_ACTIVE views= 8 mean_abs_feat_delta= 0.345022\n"}
,{"stream_name":"stdout","time":240.314469332,"data":"EDGE_TTA_ACTIVE views= 8 mean_abs_feat_delta= 0.3864\n"}
,{"stream_name":"stdout","time":240.396809418,"data":"EDGE_TTA_ACTIVE views= 8 mean_abs_feat_delta= 0.345022\n"}
,{"stream_name":"stdout","time":240.396838032,"data":"EDGE_TTA_ACTIVE views= 8 mean_abs_feat_delta= 0.3864\n"}
,{"stream_name":"stdout","time":241.166233791,"data":"BIOHUB_RETENTION_GUARD {\"blended_candidates\": 326, \"dataset\": \"44b6_0b24845f\", \"frame\": 10, \"minimum_retention\": 0.9, \"primary_candidates\": 394, \"retention\": 0.8274111675126904, \"use_primary\": true}\n"}
,{"stream_name":"stdout","time":241.369073739,"data":"BIOHUB_RETENTION_GUARD {\"blended_candidates\": 326, \"dataset\": \"44b6_0b24845f\", \"frame\": 10, \"minimum_retention\": 0.9, \"primary_candidates\": 394, \"retention\": 0.8274111675126904, \"use_primary\": true}\n"}
,{"stream_name":"stdout","time":242.120654087,"data":"EDGE_TTA_ACTIVE views= 8 mean_abs_feat_delta= 0.353174\n"}
,{"stream_name":"stdout","time":242.210216535,"data":"EDGE_TTA_ACTIVE views= 8 mean_abs_feat_delta= 0.377909\n"}
,{"stream_name":"stdout","time":242.323391057,"data":"EDGE_TTA_ACTIVE views= 8 mean_abs_feat_delta= 0.353174\n"}
,{"stream_name":"stdout","time":242.323428884,"data":"EDGE_TTA_ACTIVE views= 8 mean_abs_feat_delta= 0.377909\n"}
,{"stream_name":"stdout","time":243.083207779,"data":"BIOHUB_RETENTION_GUARD {\"blended_candidates\": 363, \"dataset\": \"44b6_0b24845f\", \"frame\": 11, \"minimum_retention\": 0.9, \"primary_candidates\": 432, \"retention\": 0.8402777777777778, \"use_primary\": true}\n"}
,{"stream_name":"stdout","time":243.285346308,"data":"BIOHUB_RETENTION_GUARD {\"blended_candidates\": 363, \"dataset\": \"44b6_0b24845f\", \"frame\": 11, \"minimum_retention\": 0.9, \"primary_candidates\": 432, \"retention\": 0.8402777777777778, \"use_primary\": true}\n"}
,{"stream_name":"stdout","time":244.009807927,"data":"EDGE_TTA_ACTIVE views= 8 mean_abs_feat_delta= 0.344145\n"}
,{"stream_name":"stdout","time":244.163905434,"data":"EDGE_TTA_ACTIVE views= 8 mean_abs_feat_delta= 0.38012\n"}
,{"stream_name":"stdout","time":244.211997661,"data":"EDGE_TTA_ACTIVE views= 8 mean_abs_feat_delta= 0.344145\n"}
,{"stream_name":"stdout","time":244.212020536,"data":"EDGE_TTA_ACTIVE views= 8 mean_abs_feat_delta= 0.38012\n"}
,{"stream_name":"stdout","time":245.021489985,"data":"BIOHUB_RETENTION_GUARD {\"blended_candidates\": 300, \"dataset\": \"44b6_0b24845f\", \"frame\": 12, \"minimum_retention\": 0.9, \"primary_candidates\": 337, \"retention\": 0.8902077151335311, \"use_primary\": true}\n"}
,{"stream_name":"stdout","time":245.224524791,"data":"BIOHUB_RETENTION_GUARD {\"blended_candidates\": 300, \"dataset\": \"44b6_0b24845f\", \"frame\": 12, \"minimum_retention\": 0.9, \"primary_candidates\": 337, \"retention\": 0.8902077151335311, \"use_primary\": true}\n"}
,{"stream_name":"stdout","time":245.861790847,"data":"EDGE_TTA_ACTIVE views= 8 mean_abs_feat_delta= 0.343955\n"}
,{"stream_name":"stdout","time":246.043807253,"data":"EDGE_TTA_ACTIVE views= 8 mean_abs_feat_delta= 0.387206\n"}
,{"stream_name":"stdout","time":246.064285664,"data":"EDGE_TTA_ACTIVE views= 8 mean_abs_feat_delta= 0.343955\n"}
,{"stream_name":"stdout","time":246.064310459,"data":"EDGE_TTA_ACTIVE views= 8 mean_abs_feat_delta= 0.387206\n"}
,{"stream_name":"stdout","time":246.917325561,"data":"BIOHUB_RETENTION_GUARD {\"blended_candidates\": 305, \"dataset\": \"44b6_0b24845f\", \"frame\": 13, \"minimum_retention\": 0.9, \"primary_candidates\": 353, \"retention\": 0.8640226628895185, \"use_primary\": true}\n"}
,{"stream_name":"stdout","time":247.119929411,"data":"BIOHUB_RETENTION_GUARD {\"blended_candidates\": 305, \"dataset\": \"44b6_0b24845f\", \"frame\": 13, \"minimum_retention\": 0.9, \"primary_candidates\": 353, \"retention\": 0.8640226628895185, \"use_primary\": true}\n"}
,{"stream_name":"stdout","time":247.71970454,"data":"EDGE_TTA_ACTIVE views= 8 mean_abs_feat_delta= 0.339826\n"}
,{"stream_name":"stdout","time":247.9221665,"data":"EDGE_TTA_ACTIVE views= 8 mean_abs_feat_delta= 0.339826\n"}
,{"stream_name":"stdout","time":247.933834839,"data":"EDGE_TTA_ACTIVE views= 8 mean_abs_feat_delta= 0.385922\n"}
,{"stream_name":"stdout","time":248.136280725,"data":"EDGE_TTA_ACTIVE views= 8 mean_abs_feat_delta= 0.385922\n"}
,{"stream_name":"stdout","time":248.794815728,"data":"BIOHUB_RETENTION_GUARD {\"blended_candidates\": 309, \"dataset\": \"44b6_0b24845f\", \"frame\": 14, \"minimum_retention\": 0.9, \"primary_candidates\": 351, \"retention\": 0.8803418803418803, \"use_primary\": true}\n"}
,{"stream_name":"stdout","time":248.997796294,"data":"BIOHUB_RETENTION_GUARD {\"blended_candidates\": 309, \"dataset\": \"44b6_0b24845f\", \"frame\": 14, \"minimum_retention\": 0.9, \"primary_candidates\": 351, \"retention\": 0.8803418803418803, \"use_primary\": true}\n"}
,{"stream_name":"stdout","time":249.609027761,"data":"EDGE_TTA_ACTIVE views= 8 mean_abs_feat_delta= 0.340195\n"}
,{"stream_name":"stdout","time":249.811549608,"data":"EDGE_TTA_ACTIVE views= 8 mean_abs_feat_delta= 0.340195\n"}
,{"stream_name":"stdout","time":249.843467539,"data":"EDGE_TTA_ACTIVE views= 8 mean_abs_feat_delta= 0.383421\n"}
,{"stream_name":"stdout","time":250.04587583,"data":"EDGE_TTA_ACTIVE views= 8 mean_abs_feat_delta= 0.383421\n"}
,{"stream_name":"stdout","time":251.448207375,"data":"EDGE_TTA_ACTIVE views= 8 mean_abs_feat_delta= 0.334676\n"}
,{"stream_name":"stdout","time":251.650563914,"data":"EDGE_TTA_ACTIVE views= 8 mean_abs_feat_delta= 0.334676\n"}
,{"stream_name":"stdout","time":251.736758809,"data":"EDGE_TTA_ACTIVE views= 8 mean_abs_feat_delta= 0.389792\n"}
,{"stream_name":"stdout","time":251.939250135,"data":"EDGE_TTA_ACTIVE views= 8 mean_abs_feat_delta= 0.389792\n"}
,{"stream_name":"stdout","time":253.288478806,"data":"EDGE_TTA_ACTIVE views= 8 mean_abs_feat_delta= 0.337047\n"}
,{"stream_name":"stdout","time":253.490887031,"data":"EDGE_TTA_ACTIVE views= 8 mean_abs_feat_delta= 0.337047\n"}
,{"stream_name":"stdout","time":253.617469292,"data":"EDGE_TTA_ACTIVE views= 8 mean_abs_feat_delta= 0.392596\n"}
,{"stream_name":"stdout","time":253.81999229,"data":"EDGE_TTA_ACTIVE views= 8 mean_abs_feat_delta= 0.392596\n"}
,{"stream_name":"stdout","time":254.493489357,"data":"BIOHUB_RETENTION_GUARD {\"blended_candidates\": 318, \"dataset\": \"44b6_0b24845f\", \"frame\": 17, \"minimum_retention\": 0.9, \"primary_candidates\": 355, \"retention\": 0.895774647887324, \"use_primary\": true}\n"}
,{"stream_name":"stdout","time":254.695833938,"data":"BIOHUB_RETENTION_GUARD {\"blended_candidates\": 318, \"dataset\": \"44b6_0b24845f\", \"frame\": 17, \"minimum_retention\": 0.9, \"primary_candidates\": 355, \"retention\": 0.895774647887324, \"use_primary\": true}\n"}
,{"stream_name":"stdout","time":255.156833427,"data":"EDGE_TTA_ACTIVE views= 8 mean_abs_feat_delta= 0.331493\n"}
,{"stream_name":"stdout","time":255.359330614,"data":"EDGE_TTA_ACTIVE views= 8 mean_abs_feat_delta= 0.331493\n"}
,{"stream_name":"stdout","time":255.54817074,"data":"EDGE_TTA_ACTIVE views= 8 mean_abs_feat_delta= 0.387526\n"}
,{"stream_name":"stdout","time":255.750609557,"data":"EDGE_TTA_ACTIVE views= 8 mean_abs_feat_delta= 0.387526\n"}
,{"stream_name":"stdout","time":257.036605507,"data":"EDGE_TTA_ACTIVE views= 8 mean_abs_feat_delta= 0.334496\n"}
,{"stream_name":"stdout","time":257.239340857,"data":"EDGE_TTA_ACTIVE views= 8 mean_abs_feat_delta= 0.334496\n"}
,{"stream_name":"stdout","time":257.451103407,"data":"EDGE_TTA_ACTIVE views= 8 mean_abs_feat_delta= 0.377737\n"}
,{"stream_name":"stdout","time":257.653657785,"data":"EDGE_TTA_ACTIVE views= 8 mean_abs_feat_delta= 0.377737\n"}
,{"stream_name":"stdout","time":258.94261697,"data":"EDGE_TTA_ACTIVE views= 8 mean_abs_feat_delta= 0.337082\n"}
,{"stream_name":"stdout","time":259.145160043,"data":"EDGE_TTA_ACTIVE views= 8 mean_abs_feat_delta= 0.337082\n"}
,{"stream_name":"stdout","time":259.344694014,"data":"EDGE_TTA_ACTIVE views= 8 mean_abs_feat_delta= 0.376176\n"}
,{"stream_name":"stdout","time":259.547108336,"data":"EDGE_TTA_ACTIVE views= 8 mean_abs_feat_delta= 0.376176\n"}
,{"stream_name":"stdout","time":260.222818783,"data":"BIOHUB_RETENTION_GUARD {\"blended_candidates\": 279, \"dataset\": \"44b6_0b24845f\", \"frame\": 20, \"minimum_retention\": 0.9, \"primary_candidates\": 320, \"retention\": 0.871875, \"use_primary\": true}\n"}
,{"stream_name":"stdout","time":260.424783533,"data":"BIOHUB_RETENTION_GUARD {\"blended_candidates\": 279, \"dataset\": \"44b6_0b24845f\", \"frame\": 20, \"minimum_retention\": 0.9, \"primary_candidates\": 320, \"retention\": 0.871875, \"use_primary\": true}\n"}
,{"stream_name":"stdout","time":260.861889125,"data":"EDGE_TTA_ACTIVE views= 8 mean_abs_feat_delta= 0.332993\n"}
,{"stream_name":"stdout","time":261.064815655,"data":"EDGE_TTA_ACTIVE views= 8 mean_abs_feat_delta= 0.332993\n"}
,{"stream_name":"stdout","time":261.311951998,"data":"EDGE_TTA_ACTIVE views= 8 mean_abs_feat_delta= 0.374378\n"}
,{"stream_name":"stdout","time":261.514809959,"data":"EDGE_TTA_ACTIVE views= 8 mean_abs_feat_delta= 0.374378\n"}
,{"stream_name":"stdout","time":262.207231193,"data":"BIOHUB_RETENTION_GUARD {\"blended_candidates\": 253, \"dataset\": \"44b6_0b24845f\", \"frame\": 21, \"minimum_retention\": 0.9, \"primary_candidates\": 303, \"retention\": 0.834983498349835, \"use_primary\": true}\n"}
,{"stream_name":"stdout","time":262.410139293,"data":"BIOHUB_RETENTION_GUARD {\"blended_candidates\": 253, \"dataset\": \"44b6_0b24845f\", \"frame\": 21, \"minimum_retention\": 0.9, \"primary_candidates\": 303, \"retention\": 0.834983498349835, \"use_primary\": true}\n"}
,{"stream_name":"stdout","time":262.790125941,"data":"EDGE_TTA_ACTIVE views= 8 mean_abs_feat_delta= 0.333975\n"}
,{"stream_name":"stdout","time":262.992303646,"data":"EDGE_TTA_ACTIVE views= 8 mean_abs_feat_delta= 0.333975\n"}
,{"stream_name":"stdout","time":263.223078173,"data":"EDGE_TTA_ACTIVE views= 8 mean_abs_feat_delta= 0.375547\n"}
,{"stream_name":"stdout","time":263.425289901,"data":"EDGE_TTA_ACTIVE views= 8 mean_abs_feat_delta= 0.375547\n"}
,{"stream_name":"stdout","time":264.718167233,"data":"EDGE_TTA_ACTIVE views= 8 mean_abs_feat_delta= 0.333691\n"}
,{"stream_name":"stdout","time":264.920756428,"data":"EDGE_TTA_ACTIVE views= 8 mean_abs_feat_delta= 0.333691\n"}
,{"stream_name":"stdout","time":265.195336647,"data":"EDGE_TTA_ACTIVE views= 8 mean_abs_feat_delta= 0.37902\n"}
,{"stream_name":"stdout","time":265.397803815,"data":"EDGE_TTA_ACTIVE views= 8 mean_abs_feat_delta= 0.37902\n"}
,{"stream_name":"stdout","time":266.680629818,"data":"EDGE_TTA_ACTIVE views= 8 mean_abs_feat_delta= 0.340087\n"}
,{"stream_name":"stdout","time":266.883060933,"data":"EDGE_TTA_ACTIVE views= 8 mean_abs_feat_delta= 0.340087\n"}
,{"stream_name":"stdout","time":267.106318456,"data":"EDGE_TTA_ACTIVE views= 8 mean_abs_feat_delta= 0.379344\n"}
,{"stream_name":"stdout","time":267.308639266,"data":"EDGE_TTA_ACTIVE views= 8 mean_abs_feat_delta= 0.379344\n"}
,{"stream_name":"stdout","time":267.994688222,"data":"BIOHUB_RETENTION_GUARD {\"blended_candidates\": 253, \"dataset\": \"44b6_0b24845f\", \"frame\": 24, \"minimum_retention\": 0.9, \"primary_candidates\": 294, \"retention\": 0.8605442176870748, \"use_primary\": true}\n"}
,{"stream_name":"stdout","time":268.197116351,"data":"BIOHUB_RETENTION_GUARD {\"blended_candidates\": 253, \"dataset\": \"44b6_0b24845f\", \"frame\": 24, \"minimum_retention\": 0.9, \"primary_candidates\": 294, \"retention\": 0.8605442176870748, \"use_primary\": true}\n"}
,{"stream_name":"stdout","time":268.615084335,"data":"EDGE_TTA_ACTIVE views= 8 mean_abs_feat_delta= 0.339658\n"}
,{"stream_name":"stdout","time":268.817790377,"data":"EDGE_TTA_ACTIVE views= 8 mean_abs_feat_delta= 0.339658\n"}
,{"stream_name":"stdout","time":269.114940568,"data":"EDGE_TTA_ACTIVE views= 8 mean_abs_feat_delta= 0.381374\n"}
,{"stream_name":"stdout","time":269.317258331,"data":"EDGE_TTA_ACTIVE views= 8 mean_abs_feat_delta= 0.381374\n"}
,{"stream_name":"stdout","time":270.51421149,"data":"EDGE_TTA_ACTIVE views= 8 mean_abs_feat_delta= 0.334859\n"}
,{"stream_name":"stdout","time":270.731846397,"data":"EDGE_TTA_ACTIVE views= 8 mean_abs_feat_delta= 0.334859\n"}
,{"stream_name":"stdout","time":271.071456237,"data":"EDGE_TTA_ACTIVE views= 8 mean_abs_feat_delta= 0.387782\n"}
,{"stream_name":"stdout","time":271.273606176,"data":"EDGE_TTA_ACTIVE views= 8 mean_abs_feat_delta= 0.387782\n"}
,{"stream_name":"stdout","time":272.491175001,"data":"EDGE_TTA_ACTIVE views= 8 mean_abs_feat_delta= 0.338035\n"}
,{"stream_name":"stdout","time":272.694042111,"data":"EDGE_TTA_ACTIVE views= 8 mean_abs_feat_delta= 0.338035\n"}
,{"stream_name":"stdout","time":273.052891482,"data":"EDGE_TTA_ACTIVE views= 8 mean_abs_feat_delta= 0.392278\n"}
,{"stream_name":"stdout","time":273.255075751,"data":"EDGE_TTA_ACTIVE views= 8 mean_abs_feat_delta= 0.392278\n"}
,{"stream_name":"stdout","time":274.414125013,"data":"EDGE_TTA_ACTIVE views= 8 mean_abs_feat_delta= 0.341059\n"}
,{"stream_name":"stdout","time":274.616677076,"data":"EDGE_TTA_ACTIVE views= 8 mean_abs_feat_delta= 0.341059\n"}
,{"stream_name":"stdout","time":275.000379844,"data":"EDGE_TTA_ACTIVE views= 8 mean_abs_feat_delta= 0.386375\n"}
,{"stream_name":"stdout","time":275.202788679,"data":"EDGE_TTA_ACTIVE views= 8 mean_abs_feat_delta= 0.386375\n"}
,{"stream_name":"stdout","time":276.393312644,"data":"EDGE_TTA_ACTIVE views= 8 mean_abs_feat_delta= 0.335914\n"}
,{"stream_name":"stdout","time":276.595625304,"data":"EDGE_TTA_ACTIVE views= 8 mean_abs_feat_delta= 0.335914\n"}
,{"stream_name":"stdout","time":276.996714548,"data":"EDGE_TTA_ACTIVE views= 8 mean_abs_feat_delta= 0.388311\n"}
,{"stream_name":"stdout","time":277.198862005,"data":"EDGE_TTA_ACTIVE views= 8 mean_abs_feat_delta= 0.388311\n"}
,{"stream_name":"stdout","time":278.37484468,"data":"EDGE_TTA_ACTIVE views= 8 mean_abs_feat_delta= 0.340438\n"}
,{"stream_name":"stdout","time":278.577349799,"data":"EDGE_TTA_ACTIVE views= 8 mean_abs_feat_delta= 0.340438\n"}
,{"stream_name":"stdout","time":278.928357749,"data":"EDGE_TTA_ACTIVE views= 8 mean_abs_feat_delta= 0.38624\n"}
,{"stream_name":"stdout","time":279.13084595,"data":"EDGE_TTA_ACTIVE views= 8 mean_abs_feat_delta= 0.38624\n"}
,{"stream_name":"stdout","time":280.276011213,"data":"EDGE_TTA_ACTIVE views= 8 mean_abs_feat_delta= 0.340111\n"}
,{"stream_name":"stdout","time":280.478610016,"data":"EDGE_TTA_ACTIVE views= 8 mean_abs_feat_delta= 0.340111\n"}
,{"stream_name":"stdout","time":280.95444627,"data":"EDGE_TTA_ACTIVE views= 8 mean_abs_feat_delta= 0.380777\n"}
,{"stream_name":"stdout","time":281.156796054,"data":"EDGE_TTA_ACTIVE views= 8 mean_abs_feat_delta= 0.380777\n"}
,{"stream_name":"stdout","time":282.246073977,"data":"EDGE_TTA_ACTIVE views= 8 mean_abs_feat_delta= 0.339818\n"}
,{"stream_name":"stdout","time":282.448545613,"data":"EDGE_TTA_ACTIVE views= 8 mean_abs_feat_delta= 0.339818\n"}
,{"stream_name":"stdout","time":283.028315109,"data":"EDGE_TTA_ACTIVE views= 8 mean_abs_feat_delta= 0.382883\n"}
,{"stream_name":"stdout","time":283.230595491,"data":"EDGE_TTA_ACTIVE views= 8 mean_abs_feat_delta= 0.382883\n"}
,{"stream_name":"stdout","time":283.945702163,"data":"BIOHUB_RETENTION_GUARD {\"blended_candidates\": 242, \"dataset\": \"44b6_0b24845f\", \"frame\": 32, \"minimum_retention\": 0.9, \"primary_candidates\": 283, \"retention\": 0.8551236749116607, \"use_primary\": true}\n"}
,{"stream_name":"stdout","time":284.147894787,"data":"BIOHUB_RETENTION_GUARD {\"blended_candidates\": 242, \"dataset\": \"44b6_0b24845f\", \"frame\": 32, \"minimum_retention\": 0.9, \"primary_candidates\": 283, \"retention\": 0.8551236749116607, \"use_primary\": true}\n"}
,{"stream_name":"stdout","time":284.157922312,"data":"EDGE_TTA_ACTIVE views= 8 mean_abs_feat_delta= 0.347364\n"}
,{"stream_name":"stdout","time":284.36059532,"data":"EDGE_TTA_ACTIVE views= 8 mean_abs_feat_delta= 0.347364\n"}
,{"stream_name":"stdout","time":284.999412319,"data":"EDGE_TTA_ACTIVE views= 8 mean_abs_feat_delta= 0.386914\n"}
,{"stream_name":"stdout","time":285.201922549,"data":"EDGE_TTA_ACTIVE views= 8 mean_abs_feat_delta= 0.386914\n"}
,{"stream_name":"stdout","time":285.920457609,"data":"BIOHUB_RETENTION_GUARD {\"blended_candidates\": 237, \"dataset\": \"44b6_0b24845f\", \"frame\": 33, \"minimum_retention\": 0.9, \"primary_candidates\": 269, \"retention\": 0.8810408921933085, \"use_primary\": true}\n"}
,{"stream_name":"stdout","time":286.06769341,"data":"EDGE_TTA_ACTIVE views= 8 mean_abs_feat_delta= 0.343511\n"}
,{"stream_name":"stdout","time":286.122744106,"data":"BIOHUB_RETENTION_GUARD {\"blended_candidates\": 237, \"dataset\": \"44b6_0b24845f\", \"frame\": 33, \"minimum_retention\": 0.9, \"primary_candidates\": 269, \"retention\": 0.8810408921933085, \"use_primary\": true}\n"}
,{"stream_name":"stdout","time":286.122771544,"data":"EDGE_TTA_ACTIVE views= 8 mean_abs_feat_delta= 0.343511\n"}
,{"stream_name":"stdout","time":286.971075175,"data":"EDGE_TTA_ACTIVE views= 8 mean_abs_feat_delta= 0.386181\n"}
,{"stream_name":"stdout","time":287.173329914,"data":"EDGE_TTA_ACTIVE views= 8 mean_abs_feat_delta= 0.386181\n"}
,{"stream_name":"stdout","time":288.05058516,"data":"EDGE_TTA_ACTIVE views= 8 mean_abs_feat_delta= 0.337737\n"}
,{"stream_name":"stdout","time":288.253190201,"data":"EDGE_TTA_ACTIVE views= 8 mean_abs_feat_delta= 0.337737\n"}
,{"stream_name":"stdout","time":288.98108036,"data":"EDGE_TTA_ACTIVE views= 8 mean_abs_feat_delta= 0.38443\n"}
,{"stream_name":"stdout","time":289.183842671,"data":"EDGE_TTA_ACTIVE views= 8 mean_abs_feat_delta= 0.38443\n"}
,{"stream_name":"stdout","time":290.062356605,"data":"EDGE_TTA_ACTIVE views= 8 mean_abs_feat_delta= 0.335524\n"}
,{"stream_name":"stdout","time":290.264745308,"data":"EDGE_TTA_ACTIVE views= 8 mean_abs_feat_delta= 0.335524\n"}
,{"stream_name":"stdout","time":291.060657636,"data":"EDGE_TTA_ACTIVE views= 8 mean_abs_feat_delta= 0.394205\n"}
,{"stream_name":"stdout","time":291.263124693,"data":"EDGE_TTA_ACTIVE views= 8 mean_abs_feat_delta= 0.394205\n"}
,{"stream_name":"stdout","time":291.997601708,"data":"EDGE_TTA_ACTIVE views= 8 mean_abs_feat_delta= 0.332806\n"}
,{"stream_name":"stdout","time":292.200110829,"data":"EDGE_TTA_ACTIVE views= 8 mean_abs_feat_delta= 0.332806\n"}
,{"stream_name":"stdout","time":293.076521308,"data":"EDGE_TTA_ACTIVE views= 8 mean_abs_feat_delta= 0.388321\n"}
,{"stream_name":"stdout","time":293.278713961,"data":"EDGE_TTA_ACTIVE views= 8 mean_abs_feat_delta= 0.388321\n"}
,{"stream_name":"stdout","time":294.003638919,"data":"EDGE_TTA_ACTIVE views= 8 mean_abs_feat_delta= 0.335885\n"}
,{"stream_name":"stdout","time":294.206123096,"data":"EDGE_TTA_ACTIVE views= 8 mean_abs_feat_delta= 0.335885\n"}
,{"stream_name":"stdout","time":295.083941276,"data":"EDGE_TTA_ACTIVE views= 8 mean_abs_feat_delta= 0.38644\n"}
,{"stream_name":"stdout","time":295.286271301,"data":"EDGE_TTA_ACTIVE views= 8 mean_abs_feat_delta= 0.38644\n"}
,{"stream_name":"stdout","time":296.032420012,"data":"EDGE_TTA_ACTIVE views= 8 mean_abs_feat_delta= 0.339913\n"}
,{"stream_name":"stdout","time":296.234803497,"data":"EDGE_TTA_ACTIVE views= 8 mean_abs_feat_delta= 0.339913\n"}
,{"stream_name":"stdout","time":297.074459053,"data":"EDGE_TTA_ACTIVE views= 8 mean_abs_feat_delta= 0.390082\n"}
,{"stream_name":"stdout","time":297.276969237,"data":"EDGE_TTA_ACTIVE views= 8 mean_abs_feat_delta= 0.390082\n"}
,{"stream_name":"stdout","time":298.065265405,"data":"EDGE_TTA_ACTIVE views= 8 mean_abs_feat_delta= 0.341382\n"}
,{"stream_name":"stdout","time":298.267500053,"data":"EDGE_TTA_ACTIVE views= 8 mean_abs_feat_delta= 0.341382\n"}
,{"stream_name":"stdout","time":299.109087552,"data":"EDGE_TTA_ACTIVE views= 8 mean_abs_feat_delta= 0.392075\n"}
,{"stream_name":"stdout","time":299.311716,"data":"EDGE_TTA_ACTIVE views= 8 mean_abs_feat_delta= 0.392075\n"}
,{"stream_name":"stdout","time":300.043305006,"data":"EDGE_TTA_ACTIVE views= 8 mean_abs_feat_delta= 0.334139\n"}
,{"stream_name":"stdout","time":300.245881687,"data":"EDGE_TTA_ACTIVE views= 8 mean_abs_feat_delta= 0.334139\n"}
,{"stream_name":"stdout","time":301.167274264,"data":"EDGE_TTA_ACTIVE views= 8 mean_abs_feat_delta= 0.384762\n"}
,{"stream_name":"stdout","time":301.386366606,"data":"EDGE_TTA_ACTIVE views= 8 mean_abs_feat_delta= 0.384762\n"}
,{"stream_name":"stdout","time":302.117800758,"data":"EDGE_TTA_ACTIVE views= 8 mean_abs_feat_delta= 0.335063\n"}
,{"stream_name":"stdout","time":302.32013938,"data":"EDGE_TTA_ACTIVE views= 8 mean_abs_feat_delta= 0.335063\n"}
,{"stream_name":"stdout","time":303.231797787,"data":"EDGE_TTA_ACTIVE views= 8 mean_abs_feat_delta= 0.38171\n"}
,{"stream_name":"stdout","time":303.434231362,"data":"EDGE_TTA_ACTIVE views= 8 mean_abs_feat_delta= 0.38171\n"}
,{"stream_name":"stdout","time":304.107818175,"data":"EDGE_TTA_ACTIVE views= 8 mean_abs_feat_delta= 0.338064\n"}
,{"stream_name":"stdout","time":304.310354257,"data":"EDGE_TTA_ACTIVE views= 8 mean_abs_feat_delta= 0.338064\n"}
,{"stream_name":"stdout","time":305.308151253,"data":"EDGE_TTA_ACTIVE views= 8 mean_abs_feat_delta= 0.384752\n"}
,{"stream_name":"stdout","time":305.510608976,"data":"EDGE_TTA_ACTIVE views= 8 mean_abs_feat_delta= 0.384752\n"}
,{"stream_name":"stdout","time":306.162490297,"data":"EDGE_TTA_ACTIVE views= 8 mean_abs_feat_delta= 0.339095\n"}
,{"stream_name":"stdout","time":306.365125955,"data":"EDGE_TTA_ACTIVE views= 8 mean_abs_feat_delta= 0.339095\n"}
,{"stream_name":"stdout","time":307.426704061,"data":"EDGE_TTA_ACTIVE views= 8 mean_abs_feat_delta= 0.386541\n"}
,{"stream_name":"stdout","time":307.629463918,"data":"EDGE_TTA_ACTIVE views= 8 mean_abs_feat_delta= 0.386541\n"}
,{"stream_name":"stdout","time":308.171607148,"data":"EDGE_TTA_ACTIVE views= 8 mean_abs_feat_delta= 0.339328\n"}
,{"stream_name":"stdout","time":308.373968273,"data":"EDGE_TTA_ACTIVE views= 8 mean_abs_feat_delta= 0.339328\n"}
,{"stream_name":"stdout","time":309.514534479,"data":"EDGE_TTA_ACTIVE views= 8 mean_abs_feat_delta= 0.388134\n"}
,{"stream_name":"stdout","time":309.717163637,"data":"EDGE_TTA_ACTIVE views= 8 mean_abs_feat_delta= 0.388134\n"}
,{"stream_name":"stdout","time":310.241887208,"data":"EDGE_TTA_ACTIVE views= 8 mean_abs_feat_delta= 0.335805\n"}
,{"stream_name":"stdout","time":310.444194537,"data":"EDGE_TTA_ACTIVE views= 8 mean_abs_feat_delta= 0.335805\n"}
,{"stream_name":"stdout","time":311.625524788,"data":"EDGE_TTA_ACTIVE views= 8 mean_abs_feat_delta= 0.385185\n"}
,{"stream_name":"stdout","time":311.828034716,"data":"EDGE_TTA_ACTIVE views= 8 mean_abs_feat_delta= 0.385185\n"}
,{"stream_name":"stdout","time":312.294973383,"data":"EDGE_TTA_ACTIVE views= 8 mean_abs_feat_delta= 0.335162\n"}
,{"stream_name":"stdout","time":312.49771202,"data":"EDGE_TTA_ACTIVE views= 8 mean_abs_feat_delta= 0.335162\n"}
,{"stream_name":"stdout","time":313.710575653,"data":"EDGE_TTA_ACTIVE views= 8 mean_abs_feat_delta= 0.387663\n"}
,{"stream_name":"stdout","time":313.913464038,"data":"EDGE_TTA_ACTIVE views= 8 mean_abs_feat_delta= 0.387663\n"}
,{"stream_name":"stdout","time":314.381797751,"data":"EDGE_TTA_ACTIVE views= 8 mean_abs_feat_delta= 0.330028\n"}
,{"stream_name":"stdout","time":314.584260152,"data":"EDGE_TTA_ACTIVE views= 8 mean_abs_feat_delta= 0.330028\n"}
,{"stream_name":"stdout","time":314.681215651,"data":"BIOHUB_RETENTION_GUARD {\"blended_candidates\": 269, \"dataset\": \"44b6_0b24845f\", \"frame\": 47, \"minimum_retention\": 0.9, \"primary_candidates\": 306, \"retention\": 0.8790849673202614, \"use_primary\": true}\n"}
,{"stream_name":"stdout","time":314.883619798,"data":"BIOHUB_RETENTION_GUARD {\"blended_candidates\": 269, \"dataset\": \"44b6_0b24845f\", \"frame\": 47, \"minimum_retention\": 0.9, \"primary_candidates\": 306, \"retention\": 0.8790849673202614, \"use_primary\": true}\n"}
,{"stream_name":"stdout","time":315.899399117,"data":"EDGE_TTA_ACTIVE views= 8 mean_abs_feat_delta= 0.396598\n"}
,{"stream_name":"stdout","time":316.101938156,"data":"EDGE_TTA_ACTIVE views= 8 mean_abs_feat_delta= 0.396598\n"}
,{"stream_name":"stdout","time":316.414280616,"data":"EDGE_TTA_ACTIVE views= 8 mean_abs_feat_delta= 0.339387\n"}
,{"stream_name":"stdout","time":316.616562072,"data":"EDGE_TTA_ACTIVE views= 8 mean_abs_feat_delta= 0.339387\n"}
,{"stream_name":"stdout","time":317.998256732,"data":"EDGE_TTA_ACTIVE views= 8 mean_abs_feat_delta= 0.391304\n"}
,{"stream_name":"stdout","time":318.200747993,"data":"EDGE_TTA_ACTIVE views= 8 mean_abs_feat_delta= 0.391304\n"}
,{"stream_name":"stdout","time":318.482024588,"data":"EDGE_TTA_ACTIVE views= 8 mean_abs_feat_delta= 0.335525\n"}
,{"stream_name":"stdout","time":318.684722802,"data":"EDGE_TTA_ACTIVE views= 8 mean_abs_feat_delta= 0.335525\n"}
,{"stream_name":"stdout","time":320.113953503,"data":"EDGE_TTA_ACTIVE views= 8 mean_abs_feat_delta= 0.392642\n"}
,{"stream_name":"stdout","time":320.316628084,"data":"EDGE_TTA_ACTIVE views= 8 mean_abs_feat_delta= 0.392642\n"}
,{"stream_name":"stdout","time":320.568615268,"data":"EDGE_TTA_ACTIVE views= 8 mean_abs_feat_delta= 0.335786\n"}
,{"stream_name":"stdout","time":320.771107598,"data":"EDGE_TTA_ACTIVE views= 8 mean_abs_feat_delta= 0.335786\n"}
,{"stream_name":"stdout","time":322.208757585,"data":"EDGE_TTA_ACTIVE views= 8 mean_abs_feat_delta= 0.393955\n"}
,{"stream_name":"stdout","time":322.410753825,"data":"EDGE_TTA_ACTIVE views= 8 mean_abs_feat_delta= 0.393955\n"}
,{"stream_name":"stdout","time":322.707612664,"data":"EDGE_TTA_ACTIVE views= 8 mean_abs_feat_delta= 0.345867\n"}
,{"stream_name":"stdout","time":322.910242357,"data":"EDGE_TTA_ACTIVE views= 8 mean_abs_feat_delta= 0.345867\n"}
,{"stream_name":"stdout","time":324.36054964,"data":"EDGE_TTA_ACTIVE views= 8 mean_abs_feat_delta= 0.388568\n"}
,{"stream_name":"stdout","time":324.562963399,"data":"EDGE_TTA_ACTIVE views= 8 mean_abs_feat_delta= 0.388568\n"}
,{"stream_name":"stdout","time":324.802870942,"data":"EDGE_TTA_ACTIVE views= 8 mean_abs_feat_delta= 0.346254\n"}
,{"stream_name":"stdout","time":325.005344198,"data":"EDGE_TTA_ACTIVE views= 8 mean_abs_feat_delta= 0.346254\n"}
,{"stream_name":"stdout","time":326.55379228,"data":"EDGE_TTA_ACTIVE views= 8 mean_abs_feat_delta= 0.389207\n"}
,{"stream_name":"stdout","time":326.756276192,"data":"EDGE_TTA_ACTIVE views= 8 mean_abs_feat_delta= 0.389207\n"}
,{"stream_name":"stdout","time":326.848740985,"data":"EDGE_TTA_ACTIVE views= 8 mean_abs_feat_delta= 0.3463\n"}
,{"stream_name":"stdout","time":327.051174475,"data":"EDGE_TTA_ACTIVE views= 8 mean_abs_feat_delta= 0.3463\n"}
,{"stream_name":"stdout","time":328.844599273,"data":"EDGE_TTA_ACTIVE views= 8 mean_abs_feat_delta= 0.389581\n"}
,{"stream_name":"stdout","time":328.975616264,"data":"EDGE_TTA_ACTIVE views= 8 mean_abs_feat_delta= 0.347477\n"}
,{"stream_name":"stdout","time":329.046718625,"data":"EDGE_TTA_ACTIVE views= 8 mean_abs_feat_delta= 0.389581\n"}
,{"stream_name":"stdout","time":329.046740746,"data":"EDGE_TTA_ACTIVE views= 8 mean_abs_feat_delta= 0.347477\n"}
,{"stream_name":"stdout","time":331.036566757,"data":"EDGE_TTA_ACTIVE views= 8 mean_abs_feat_delta= 0.389273\n"}
,{"stream_name":"stdout","time":331.056309674,"data":"EDGE_TTA_ACTIVE views= 8 mean_abs_feat_delta= 0.346484\n"}
,{"stream_name":"stdout","time":331.238979402,"data":"EDGE_TTA_ACTIVE views= 8 mean_abs_feat_delta= 0.389273\n"}
,{"stream_name":"stdout","time":331.239012136,"data":"EDGE_TTA_ACTIVE views= 8 mean_abs_feat_delta= 0.346484\n"}
,{"stream_name":"stdout","time":333.133737626,"data":"EDGE_TTA_ACTIVE views= 8 mean_abs_feat_delta= 0.347995\n"}
,{"stream_name":"stdout","time":333.325810808,"data":"EDGE_TTA_ACTIVE views= 8 mean_abs_feat_delta= 0.393226\n"}
,{"stream_name":"stdout","time":333.355734226,"data":"EDGE_TTA_ACTIVE views= 8 mean_abs_feat_delta= 0.347995\n"}
,{"stream_name":"stdout","time":333.355754446,"data":"EDGE_TTA_ACTIVE views= 8 mean_abs_feat_delta= 0.393226\n"}
,{"stream_name":"stdout","time":335.245404324,"data":"EDGE_TTA_ACTIVE views= 8 mean_abs_feat_delta= 0.353657\n"}
,{"stream_name":"stdout","time":335.447624657,"data":"EDGE_TTA_ACTIVE views= 8 mean_abs_feat_delta= 0.353657\n"}
,{"stream_name":"stdout","time":335.523390386,"data":"EDGE_TTA_ACTIVE views= 8 mean_abs_feat_delta= 0.38475\n"}
,{"stream_name":"stdout","time":335.725709516,"data":"EDGE_TTA_ACTIVE views= 8 mean_abs_feat_delta= 0.38475\n"}
,{"stream_name":"stdout","time":337.313944627,"data":"EDGE_TTA_ACTIVE views= 8 mean_abs_feat_delta= 0.347717\n"}
,{"stream_name":"stdout","time":337.516741206,"data":"EDGE_TTA_ACTIVE views= 8 mean_abs_feat_delta= 0.347717\n"}
,{"stream_name":"stdout","time":337.723308341,"data":"EDGE_TTA_ACTIVE views= 8 mean_abs_feat_delta= 0.380928\n"}
,{"stream_name":"stdout","time":337.9258486,"data":"EDGE_TTA_ACTIVE views= 8 mean_abs_feat_delta= 0.380928\n"}
,{"stream_name":"stdout","time":339.385783723,"data":"EDGE_TTA_ACTIVE views= 8 mean_abs_feat_delta= 0.348171\n"}
,{"stream_name":"stdout","time":339.585767497,"data":"EDGE_TTA_ACTIVE views= 8 mean_abs_feat_delta= 0.348171\n"}
,{"stream_name":"stdout","time":339.891988353,"data":"EDGE_TTA_ACTIVE views= 8 mean_abs_feat_delta= 0.382884\n"}
,{"stream_name":"stdout","time":340.094429387,"data":"EDGE_TTA_ACTIVE views= 8 mean_abs_feat_delta= 0.382884\n"}
,{"stream_name":"stdout","time":341.448206876,"data":"EDGE_TTA_ACTIVE views= 8 mean_abs_feat_delta= 0.34817\n"}
,{"stream_name":"stdout","time":341.650602086,"data":"EDGE_TTA_ACTIVE views= 8 mean_abs_feat_delta= 0.34817\n"}
,{"stream_name":"stdout","time":342.078975124,"data":"EDGE_TTA_ACTIVE views= 8 mean_abs_feat_delta= 0.385537\n"}
,{"stream_name":"stdout","time":342.281493666,"data":"EDGE_TTA_ACTIVE views= 8 mean_abs_feat_delta= 0.385537\n"}
,{"stream_name":"stdout","time":343.518956134,"data":"EDGE_TTA_ACTIVE views= 8 mean_abs_feat_delta= 0.353097\n"}
,{"stream_name":"stdout","time":343.721435078,"data":"EDGE_TTA_ACTIVE views= 8 mean_abs_feat_delta= 0.353097\n"}
,{"stream_name":"stdout","time":344.198966517,"data":"EDGE_TTA_ACTIVE views= 8 mean_abs_feat_delta= 0.380645\n"}
,{"stream_name":"stdout","time":344.401277533,"data":"EDGE_TTA_ACTIVE views= 8 mean_abs_feat_delta= 0.380645\n"}
,{"stream_name":"stdout","time":345.186650686,"data":"BIOHUB_RETENTION_GUARD {\"blended_candidates\": 287, \"dataset\": \"44b6_0b24845f\", \"frame\": 61, \"minimum_retention\": 0.9, \"primary_candidates\": 340, \"retention\": 0.8441176470588235, \"use_primary\": true}\n"}
,{"stream_name":"stdout","time":345.388687914,"data":"BIOHUB_RETENTION_GUARD {\"blended_candidates\": 287, \"dataset\": \"44b6_0b24845f\", \"frame\": 61, \"minimum_retention\": 0.9, \"primary_candidates\": 340, \"retention\": 0.8441176470588235, \"use_primary\": true}\n"}
,{"stream_name":"stdout","time":345.58196003,"data":"EDGE_TTA_ACTIVE views= 8 mean_abs_feat_delta= 0.355775\n"}
,{"stream_name":"stdout","time":345.784456196,"data":"EDGE_TTA_ACTIVE views= 8 mean_abs_feat_delta= 0.355775\n"}
,{"stream_name":"stdout","time":346.327062829,"data":"EDGE_TTA_ACTIVE views= 8 mean_abs_feat_delta= 0.381765\n"}
,{"stream_name":"stdout","time":346.529651591,"data":"EDGE_TTA_ACTIVE views= 8 mean_abs_feat_delta= 0.381765\n"}
,{"stream_name":"stdout","time":347.304402745,"data":"BIOHUB_RETENTION_GUARD {\"blended_candidates\": 307, \"dataset\": \"44b6_0b24845f\", \"frame\": 62, \"minimum_retention\": 0.9, \"primary_candidates\": 350, \"retention\": 0.8771428571428571, \"use_primary\": true}\n"}
,{"stream_name":"stdout","time":347.506714768,"data":"BIOHUB_RETENTION_GUARD {\"blended_candidates\": 307, \"dataset\": \"44b6_0b24845f\", \"frame\": 62, \"minimum_retention\": 0.9, \"primary_candidates\": 350, \"retention\": 0.8771428571428571, \"use_primary\": true}\n"}
,{"stream_name":"stdout","time":347.656446036,"data":"EDGE_TTA_ACTIVE views= 8 mean_abs_feat_delta= 0.355828\n"}
,{"stream_name":"stdout","time":347.858982559,"data":"EDGE_TTA_ACTIVE views= 8 mean_abs_feat_delta= 0.355828\n"}
,{"stream_name":"stdout","time":348.43234445,"data":"EDGE_TTA_ACTIVE views= 8 mean_abs_feat_delta= 0.388889\n"}
,{"stream_name":"stdout","time":348.635082481,"data":"EDGE_TTA_ACTIVE views= 8 mean_abs_feat_delta= 0.388889\n"}
,{"stream_name":"stdout","time":349.715033386,"data":"EDGE_TTA_ACTIVE views= 8 mean_abs_feat_delta= 0.355445\n"}
,{"stream_name":"stdout","time":349.917426261,"data":"EDGE_TTA_ACTIVE views= 8 mean_abs_feat_delta= 0.355445\n"}
,{"stream_name":"stdout","time":350.532742134,"data":"EDGE_TTA_ACTIVE views= 8 mean_abs_feat_delta= 0.382067\n"}
,{"stream_name":"stdout","time":350.735191241,"data":"EDGE_TTA_ACTIVE views= 8 mean_abs_feat_delta= 0.382067\n"}
,{"stream_name":"stdout","time":351.519770097,"data":"BIOHUB_RETENTION_GUARD {\"blended_candidates\": 298, \"dataset\": \"44b6_0b24845f\", \"frame\": 64, \"minimum_retention\": 0.9, \"primary_candidates\": 338, \"retention\": 0.8816568047337278, \"use_primary\": true}\n"}
,{"stream_name":"stdout","time":351.72188967,"data":"BIOHUB_RETENTION_GUARD {\"blended_candidates\": 298, \"dataset\": \"44b6_0b24845f\", \"frame\": 64, \"minimum_retention\": 0.9, \"primary_candidates\": 338, \"retention\": 0.8816568047337278, \"use_primary\": true}\n"}
,{"stream_name":"stdout","time":351.754810637,"data":"EDGE_TTA_ACTIVE views= 8 mean_abs_feat_delta= 0.353519\n"}
,{"stream_name":"stdout","time":351.957437526,"data":"EDGE_TTA_ACTIVE views= 8 mean_abs_feat_delta= 0.353519\n"}
,{"stream_name":"stdout","time":352.701704629,"data":"EDGE_TTA_ACTIVE views= 8 mean_abs_feat_delta= 0.384193\n"}
,{"stream_name":"stdout","time":352.90427821,"data":"EDGE_TTA_ACTIVE views= 8 mean_abs_feat_delta= 0.384193\n"}
,{"stream_name":"stdout","time":353.813012263,"data":"EDGE_TTA_ACTIVE views= 8 mean_abs_feat_delta= 0.351912\n"}
,{"stream_name":"stdout","time":354.015474303,"data":"EDGE_TTA_ACTIVE views= 8 mean_abs_feat_delta= 0.351912\n"}
,{"stream_name":"stdout","time":354.78876501,"data":"EDGE_TTA_ACTIVE views= 8 mean_abs_feat_delta= 0.38328\n"}
,{"stream_name":"stdout","time":354.99089546,"data":"EDGE_TTA_ACTIVE views= 8 mean_abs_feat_delta= 0.38328\n"}
,{"stream_name":"stdout","time":355.755857455,"data":"BIOHUB_RETENTION_GUARD {\"blended_candidates\": 321, \"dataset\": \"44b6_0b24845f\", \"frame\": 66, \"minimum_retention\": 0.9, \"primary_candidates\": 382, \"retention\": 0.8403141361256544, \"use_primary\": true}\n"}
,{"stream_name":"stdout","time":355.940062312,"data":"EDGE_TTA_ACTIVE views= 8 mean_abs_feat_delta= 0.3499\n"}
,{"stream_name":"stdout","time":355.957767155,"data":"BIOHUB_RETENTION_GUARD {\"blended_candidates\": 321, \"dataset\": \"44b6_0b24845f\", \"frame\": 66, \"minimum_retention\": 0.9, \"primary_candidates\": 382, \"retention\": 0.8403141361256544, \"use_primary\": true}\n"}
,{"stream_name":"stdout","time":355.957838577,"data":"EDGE_TTA_ACTIVE views= 8 mean_abs_feat_delta= 0.3499\n"}
,{"stream_name":"stdout","time":356.972018406,"data":"EDGE_TTA_ACTIVE views= 8 mean_abs_feat_delta= 0.378289\n"}
,{"stream_name":"stdout","time":357.174684675,"data":"EDGE_TTA_ACTIVE views= 8 mean_abs_feat_delta= 0.378289\n"}
,{"stream_name":"stdout","time":357.987501439,"data":"EDGE_TTA_ACTIVE views= 8 mean_abs_feat_delta= 0.352336\n"}
,{"stream_name":"stdout","time":358.189806547,"data":"EDGE_TTA_ACTIVE views= 8 mean_abs_feat_delta= 0.352336\n"}
,{"stream_name":"stdout","time":359.036014666,"data":"EDGE_TTA_ACTIVE views= 8 mean_abs_feat_delta= 0.37729\n"}
,{"stream_name":"stdout","time":359.238503898,"data":"EDGE_TTA_ACTIVE views= 8 mean_abs_feat_delta= 0.37729\n"}
,{"stream_name":"stdout","time":360.016840983,"data":"EDGE_TTA_ACTIVE views= 8 mean_abs_feat_delta= 0.353385\n"}
,{"stream_name":"stdout","time":360.219379208,"data":"EDGE_TTA_ACTIVE views= 8 mean_abs_feat_delta= 0.353385\n"}
,{"stream_name":"stdout","time":361.240250246,"data":"EDGE_TTA_ACTIVE views= 8 mean_abs_feat_delta= 0.377898\n"}
,{"stream_name":"stdout","time":361.442579992,"data":"EDGE_TTA_ACTIVE views= 8 mean_abs_feat_delta= 0.377898\n"}
,{"stream_name":"stdout","time":362.039373532,"data":"EDGE_TTA_ACTIVE views= 8 mean_abs_feat_delta= 0.34744\n"}
,{"stream_name":"stdout","time":362.242288838,"data":"EDGE_TTA_ACTIVE views= 8 mean_abs_feat_delta= 0.34744\n"}
,{"stream_name":"stdout","time":363.326788193,"data":"EDGE_TTA_ACTIVE views= 8 mean_abs_feat_delta= 0.376297\n"}
,{"stream_name":"stdout","time":363.549753102,"data":"EDGE_TTA_ACTIVE views= 8 mean_abs_feat_delta= 0.376297\n"}
,{"stream_name":"stdout","time":364.088447907,"data":"EDGE_TTA_ACTIVE views= 8 mean_abs_feat_delta= 0.347775\n"}
,{"stream_name":"stdout","time":364.290738596,"data":"EDGE_TTA_ACTIVE views= 8 mean_abs_feat_delta= 0.347775\n"}
,{"stream_name":"stdout","time":364.293148015,"data":"BIOHUB_RETENTION_GUARD {\"blended_candidates\": 273, \"dataset\": \"44b6_0b24845f\", \"frame\": 70, \"minimum_retention\": 0.9, \"primary_candidates\": 306, \"retention\": 0.8921568627450981, \"use_primary\": true}\n"}
,{"stream_name":"stdout","time":364.495475528,"data":"BIOHUB_RETENTION_GUARD {\"blended_candidates\": 273, \"dataset\": \"44b6_0b24845f\", \"frame\": 70, \"minimum_retention\": 0.9, \"primary_candidates\": 306, \"retention\": 0.8921568627450981, \"use_primary\": true}\n"}
,{"stream_name":"stdout","time":365.457690652,"data":"EDGE_TTA_ACTIVE views= 8 mean_abs_feat_delta= 0.371869\n"}
,{"stream_name":"stdout","time":365.659775582,"data":"EDGE_TTA_ACTIVE views= 8 mean_abs_feat_delta= 0.371869\n"}
,{"stream_name":"stdout","time":366.074494487,"data":"EDGE_TTA_ACTIVE views= 8 mean_abs_feat_delta= 0.348534\n"}
,{"stream_name":"stdout","time":366.276776854,"data":"EDGE_TTA_ACTIVE views= 8 mean_abs_feat_delta= 0.348534\n"}
,{"stream_name":"stdout","time":367.577945017,"data":"EDGE_TTA_ACTIVE views= 8 mean_abs_feat_delta= 0.37185\n"}
,{"stream_name":"stdout","time":367.780694587,"data":"EDGE_TTA_ACTIVE views= 8 mean_abs_feat_delta= 0.37185\n"}
,{"stream_name":"stdout","time":368.115869167,"data":"EDGE_TTA_ACTIVE views= 8 mean_abs_feat_delta= 0.348462\n"}
,{"stream_name":"stdout","time":368.318285499,"data":"EDGE_TTA_ACTIVE views= 8 mean_abs_feat_delta= 0.348462\n"}
,{"stream_name":"stdout","time":369.700054578,"data":"EDGE_TTA_ACTIVE views= 8 mean_abs_feat_delta= 0.369668\n"}
,{"stream_name":"stdout","time":369.902527065,"data":"EDGE_TTA_ACTIVE views= 8 mean_abs_feat_delta= 0.369668\n"}
,{"stream_name":"stdout","time":370.10092878,"data":"EDGE_TTA_ACTIVE views= 8 mean_abs_feat_delta= 0.35016\n"}
,{"stream_name":"stdout","time":370.303457901,"data":"EDGE_TTA_ACTIVE views= 8 mean_abs_feat_delta= 0.35016\n"}
,{"stream_name":"stdout","time":370.668133548,"data":"BIOHUB_RETENTION_GUARD {\"blended_candidates\": 202, \"dataset\": \"44b6_0b24845f\", \"frame\": 73, \"minimum_retention\": 0.9, \"primary_candidates\": 261, \"retention\": 0.7739463601532567, \"use_primary\": true}\n"}
,{"stream_name":"stdout","time":370.8703897,"data":"BIOHUB_RETENTION_GUARD {\"blended_candidates\": 202, \"dataset\": \"44b6_0b24845f\", \"frame\": 73, \"minimum_retention\": 0.9, \"primary_candidates\": 261, \"retention\": 0.7739463601532567, \"use_primary\": true}\n"}
,{"stream_name":"stdout","time":371.883908319,"data":"EDGE_TTA_ACTIVE views= 8 mean_abs_feat_delta= 0.377998\n"}
,{"stream_name":"stdout","time":372.086439546,"data":"EDGE_TTA_ACTIVE views= 8 mean_abs_feat_delta= 0.377998\n"}
,{"stream_name":"stdout","time":372.146078929,"data":"EDGE_TTA_ACTIVE views= 8 mean_abs_feat_delta= 0.357555\n"}
,{"stream_name":"stdout","time":372.34855189,"data":"EDGE_TTA_ACTIVE views= 8 mean_abs_feat_delta= 0.357555\n"}
,{"stream_name":"stdout","time":372.851745702,"data":"BIOHUB_RETENTION_GUARD {\"blended_candidates\": 231, \"dataset\": \"44b6_0b24845f\", \"frame\": 74, \"minimum_retention\": 0.9, \"primary_candidates\": 297, \"retention\": 0.7777777777777778, \"use_primary\": true}\n"}
,{"stream_name":"stdout","time":373.05397609,"data":"BIOHUB_RETENTION_GUARD {\"blended_candidates\": 231, \"dataset\": \"44b6_0b24845f\", \"frame\": 74, \"minimum_retention\": 0.9, \"primary_candidates\": 297, \"retention\": 0.7777777777777778, \"use_primary\": true}\n"}
,{"stream_name":"stdout","time":373.97501827,"data":"EDGE_TTA_ACTIVE views= 8 mean_abs_feat_delta= 0.370228\n"}
,{"stream_name":"stdout","time":374.1674266,"data":"EDGE_TTA_ACTIVE views= 8 mean_abs_feat_delta= 0.358559\n"}
,{"stream_name":"stdout","time":374.177662343,"data":"EDGE_TTA_ACTIVE views= 8 mean_abs_feat_delta= 0.370228\n"}
,{"stream_name":"stdout","time":374.17771313,"data":"EDGE_TTA_ACTIVE views= 8 mean_abs_feat_delta= 0.358559\n"}
,{"stream_name":"stdout","time":374.941423443,"data":"BIOHUB_RETENTION_GUARD {\"blended_candidates\": 327, \"dataset\": \"44b6_0b24845f\", \"frame\": 75, \"minimum_retention\": 0.9, \"primary_candidates\": 369, \"retention\": 0.8861788617886179, \"use_primary\": true}\n"}
,{"stream_name":"stdout","time":375.14448654,"data":"BIOHUB_RETENTION_GUARD {\"blended_candidates\": 327, \"dataset\": \"44b6_0b24845f\", \"frame\": 75, \"minimum_retention\": 0.9, \"primary_candidates\": 369, \"retention\": 0.8861788617886179, \"use_primary\": true}\n"}
,{"stream_name":"stdout","time":376.09596076,"data":"EDGE_TTA_ACTIVE views= 8 mean_abs_feat_delta= 0.370104\n"}
,{"stream_name":"stdout","time":376.17321786,"data":"EDGE_TTA_ACTIVE views= 8 mean_abs_feat_delta= 0.355183\n"}
,{"stream_name":"stdout","time":376.298362585,"data":"EDGE_TTA_ACTIVE views= 8 mean_abs_feat_delta= 0.370104\n"}
,{"stream_name":"stdout","time":376.298384315,"data":"EDGE_TTA_ACTIVE views= 8 mean_abs_feat_delta= 0.355183\n"}
,{"stream_name":"stdout","time":377.065469769,"data":"BIOHUB_RETENTION_GUARD {\"blended_candidates\": 340, \"dataset\": \"44b6_0b24845f\", \"frame\": 76, \"minimum_retention\": 0.9, \"primary_candidates\": 378, \"retention\": 0.8994708994708994, \"use_primary\": true}\n"}
,{"stream_name":"stdout","time":377.267489453,"data":"BIOHUB_RETENTION_GUARD {\"blended_candidates\": 340, \"dataset\": \"44b6_0b24845f\", \"frame\": 76, \"minimum_retention\": 0.9, \"primary_candidates\": 378, \"retention\": 0.8994708994708994, \"use_primary\": true}\n"}
,{"stream_name":"stdout","time":378.185227647,"data":"EDGE_TTA_ACTIVE views= 8 mean_abs_feat_delta= 0.372623\n"}
,{"stream_name":"stdout","time":378.237187753,"data":"EDGE_TTA_ACTIVE views= 8 mean_abs_feat_delta= 0.354437\n"}
,{"stream_name":"stdout","time":378.387435753,"data":"EDGE_TTA_ACTIVE views= 8 mean_abs_feat_delta= 0.372623\n"}
,{"stream_name":"stdout","time":378.38746252,"data":"EDGE_TTA_ACTIVE views= 8 mean_abs_feat_delta= 0.354437\n"}
,{"stream_name":"stdout","time":379.15291938,"data":"BIOHUB_RETENTION_GUARD {\"blended_candidates\": 239, \"dataset\": \"44b6_0b24845f\", \"frame\": 77, \"minimum_retention\": 0.9, \"primary_candidates\": 329, \"retention\": 0.7264437689969605, \"use_primary\": true}\n"}
,{"stream_name":"stdout","time":379.355539804,"data":"BIOHUB_RETENTION_GUARD {\"blended_candidates\": 239, \"dataset\": \"44b6_0b24845f\", \"frame\": 77, \"minimum_retention\": 0.9, \"primary_candidates\": 329, \"retention\": 0.7264437689969605, \"use_primary\": true}\n"}
,{"stream_name":"stdout","time":380.216395662,"data":"EDGE_TTA_ACTIVE views= 8 mean_abs_feat_delta= 0.354101\n"}
,{"stream_name":"stdout","time":380.327627107,"data":"EDGE_TTA_ACTIVE views= 8 mean_abs_feat_delta= 0.379136\n"}
,{"stream_name":"stdout","time":380.418598592,"data":"EDGE_TTA_ACTIVE views= 8 mean_abs_feat_delta= 0.354101\n"}
,{"stream_name":"stdout","time":380.418622569,"data":"EDGE_TTA_ACTIVE views= 8 mean_abs_feat_delta= 0.379136\n"}
,{"stream_name":"stdout","time":381.299354079,"data":"BIOHUB_RETENTION_GUARD {\"blended_candidates\": 283, \"dataset\": \"44b6_0b24845f\", \"frame\": 78, \"minimum_retention\": 0.9, \"primary_candidates\": 392, \"retention\": 0.7219387755102041, \"use_primary\": true}\n"}
,{"stream_name":"stdout","time":381.501810513,"data":"BIOHUB_RETENTION_GUARD {\"blended_candidates\": 283, \"dataset\": \"44b6_0b24845f\", \"frame\": 78, \"minimum_retention\": 0.9, \"primary_candidates\": 392, \"retention\": 0.7219387755102041, \"use_primary\": true}\n"}
,{"stream_name":"stdout","time":382.20296206,"data":"EDGE_TTA_ACTIVE views= 8 mean_abs_feat_delta= 0.350867\n"}
,{"stream_name":"stdout","time":382.405164131,"data":"EDGE_TTA_ACTIVE views= 8 mean_abs_feat_delta= 0.350867\n"}
,{"stream_name":"stdout","time":382.437740443,"data":"EDGE_TTA_ACTIVE views= 8 mean_abs_feat_delta= 0.37956\n"}
,{"stream_name":"stdout","time":382.64009251,"data":"EDGE_TTA_ACTIVE views= 8 mean_abs_feat_delta= 0.37956\n"}
,{"stream_name":"stdout","time":383.40675574,"data":"BIOHUB_RETENTION_GUARD {\"blended_candidates\": 291, \"dataset\": \"44b6_0b24845f\", \"frame\": 79, \"minimum_retention\": 0.9, \"primary_candidates\": 420, \"retention\": 0.6928571428571428, \"use_primary\": true}\n"}
,{"stream_name":"stdout","time":383.609252213,"data":"BIOHUB_RETENTION_GUARD {\"blended_candidates\": 291, \"dataset\": \"44b6_0b24845f\", \"frame\": 79, \"minimum_retention\": 0.9, \"primary_candidates\": 420, \"retention\": 0.6928571428571428, \"use_primary\": true}\n"}
,{"stream_name":"stdout","time":384.224509027,"data":"EDGE_TTA_ACTIVE views= 8 mean_abs_feat_delta= 0.353328\n"}
,{"stream_name":"stdout","time":384.426538986,"data":"EDGE_TTA_ACTIVE views= 8 mean_abs_feat_delta= 0.353328\n"}
,{"stream_name":"stdout","time":384.563608993,"data":"EDGE_TTA_ACTIVE views= 8 mean_abs_feat_delta= 0.378515\n"}
,{"stream_name":"stdout","time":384.766001223,"data":"EDGE_TTA_ACTIVE views= 8 mean_abs_feat_delta= 0.378515\n"}
,{"stream_name":"stdout","time":385.53290014,"data":"BIOHUB_RETENTION_GUARD {\"blended_candidates\": 296, \"dataset\": \"44b6_0b24845f\", \"frame\": 80, \"minimum_retention\": 0.9, \"primary_candidates\": 386, \"retention\": 0.7668393782383419, \"use_primary\": true}\n"}
,{"stream_name":"stdout","time":385.73514781,"data":"BIOHUB_RETENTION_GUARD {\"blended_candidates\": 296, \"dataset\": \"44b6_0b24845f\", \"frame\": 80, \"minimum_retention\": 0.9, \"primary_candidates\": 386, \"retention\": 0.7668393782383419, \"use_primary\": true}\n"}
,{"stream_name":"stdout","time":386.216501634,"data":"EDGE_TTA_ACTIVE views= 8 mean_abs_feat_delta= 0.353853\n"}
,{"stream_name":"stdout","time":386.418634238,"data":"EDGE_TTA_ACTIVE views= 8 mean_abs_feat_delta= 0.353853\n"}
,{"stream_name":"stdout","time":386.668118763,"data":"EDGE_TTA_ACTIVE views= 8 mean_abs_feat_delta= 0.380396\n"}
,{"stream_name":"stdout","time":386.87062984,"data":"EDGE_TTA_ACTIVE views= 8 mean_abs_feat_delta= 0.380396\n"}
,{"stream_name":"stdout","time":387.636482136,"data":"BIOHUB_RETENTION_GUARD {\"blended_candidates\": 296, \"dataset\": \"44b6_0b24845f\", \"frame\": 81, \"minimum_retention\": 0.9, \"primary_candidates\": 378, \"retention\": 0.783068783068783, \"use_primary\": true}\n"}
,{"stream_name":"stdout","time":387.838992909,"data":"BIOHUB_RETENTION_GUARD {\"blended_candidates\": 296, \"dataset\": \"44b6_0b24845f\", \"frame\": 81, \"minimum_retention\": 0.9, \"primary_candidates\": 378, \"retention\": 0.783068783068783, \"use_primary\": true}\n"}
,{"stream_name":"stdout","time":388.208724003,"data":"EDGE_TTA_ACTIVE views= 8 mean_abs_feat_delta= 0.359245\n"}
,{"stream_name":"stdout","time":388.411202043,"data":"EDGE_TTA_ACTIVE views= 8 mean_abs_feat_delta= 0.359245\n"}
,{"stream_name":"stdout","time":388.814087936,"data":"EDGE_TTA_ACTIVE views= 8 mean_abs_feat_delta= 0.383619\n"}
,{"stream_name":"stdout","time":389.016403431,"data":"EDGE_TTA_ACTIVE views= 8 mean_abs_feat_delta= 0.383619\n"}
,{"stream_name":"stdout","time":389.784291525,"data":"BIOHUB_RETENTION_GUARD {\"blended_candidates\": 276, \"dataset\": \"44b6_0b24845f\", \"frame\": 82, \"minimum_retention\": 0.9, \"primary_candidates\": 382, \"retention\": 0.7225130890052356, \"use_primary\": true}\n"}
,{"stream_name":"stdout","time":389.986833266,"data":"BIOHUB_RETENTION_GUARD {\"blended_candidates\": 276, \"dataset\": \"44b6_0b24845f\", \"frame\": 82, \"minimum_retention\": 0.9, \"primary_candidates\": 382, \"retention\": 0.7225130890052356, \"use_primary\": true}\n"}
,{"stream_name":"stdout","time":390.236615543,"data":"EDGE_TTA_ACTIVE views= 8 mean_abs_feat_delta= 0.357707\n"}
,{"stream_name":"stdout","time":390.438842644,"data":"EDGE_TTA_ACTIVE views= 8 mean_abs_feat_delta= 0.357707\n"}
,{"stream_name":"stdout","time":390.961324833,"data":"EDGE_TTA_ACTIVE views= 8 mean_abs_feat_delta= 0.377095\n"}
,{"stream_name":"stdout","time":391.163724103,"data":"EDGE_TTA_ACTIVE views= 8 mean_abs_feat_delta= 0.377095\n"}
,{"stream_name":"stdout","time":391.931808812,"data":"BIOHUB_RETENTION_GUARD {\"blended_candidates\": 269, \"dataset\": \"44b6_0b24845f\", \"frame\": 83, \"minimum_retention\": 0.9, \"primary_candidates\": 374, \"retention\": 0.7192513368983957, \"use_primary\": true}\n"}
,{"stream_name":"stdout","time":392.134466818,"data":"BIOHUB_RETENTION_GUARD {\"blended_candidates\": 269, \"dataset\": \"44b6_0b24845f\", \"frame\": 83, \"minimum_retention\": 0.9, \"primary_candidates\": 374, \"retention\": 0.7192513368983957, \"use_primary\": true}\n"}
,{"stream_name":"stdout","time":392.320722078,"data":"EDGE_TTA_ACTIVE views= 8 mean_abs_feat_delta= 0.357289\n"}
,{"stream_name":"stdout","time":392.523295646,"data":"EDGE_TTA_ACTIVE views= 8 mean_abs_feat_delta= 0.357289\n"}
,{"stream_name":"stdout","time":393.03012541,"data":"EDGE_TTA_ACTIVE views= 8 mean_abs_feat_delta= 0.378477\n"}
,{"stream_name":"stdout","time":393.232269125,"data":"EDGE_TTA_ACTIVE views= 8 mean_abs_feat_delta= 0.378477\n"}
,{"stream_name":"stdout","time":393.998762771,"data":"BIOHUB_RETENTION_GUARD {\"blended_candidates\": 289, \"dataset\": \"44b6_0b24845f\", \"frame\": 84, \"minimum_retention\": 0.9, \"primary_candidates\": 360, \"retention\": 0.8027777777777778, \"use_primary\": true}\n"}
,{"stream_name":"stdout","time":394.223954882,"data":"BIOHUB_RETENTION_GUARD {\"blended_candidates\": 289, \"dataset\": \"44b6_0b24845f\", \"frame\": 84, \"minimum_retention\": 0.9, \"primary_candidates\": 360, \"retention\": 0.8027777777777778, \"use_primary\": true}\n"}
,{"stream_name":"stdout","time":394.345476193,"data":"EDGE_TTA_ACTIVE views= 8 mean_abs_feat_delta= 0.351611\n"}
,{"stream_name":"stdout","time":394.547831252,"data":"EDGE_TTA_ACTIVE views= 8 mean_abs_feat_delta= 0.351611\n"}
,{"stream_name":"stdout","time":395.094004028,"data":"EDGE_TTA_ACTIVE views= 8 mean_abs_feat_delta= 0.37718\n"}
,{"stream_name":"stdout","time":395.296532862,"data":"EDGE_TTA_ACTIVE views= 8 mean_abs_feat_delta= 0.37718\n"}
,{"stream_name":"stdout","time":396.079751799,"data":"BIOHUB_RETENTION_GUARD {\"blended_candidates\": 210, \"dataset\": \"44b6_0b24845f\", \"frame\": 85, \"minimum_retention\": 0.9, \"primary_candidates\": 301, \"retention\": 0.6976744186046512, \"use_primary\": true}\n"}
,{"stream_name":"stdout","time":396.282032546,"data":"BIOHUB_RETENTION_GUARD {\"blended_candidates\": 210, \"dataset\": \"44b6_0b24845f\", \"frame\": 85, \"minimum_retention\": 0.9, \"primary_candidates\": 301, \"retention\": 0.6976744186046512, \"use_primary\": true}\n"}
,{"stream_name":"stdout","time":396.380908807,"data":"EDGE_TTA_ACTIVE views= 8 mean_abs_feat_delta= 0.344862\n"}
,{"stream_name":"stdout","time":396.583457229,"data":"EDGE_TTA_ACTIVE views= 8 mean_abs_feat_delta= 0.344862\n"}
,{"stream_name":"stdout","time":397.203192976,"data":"EDGE_TTA_ACTIVE views= 8 mean_abs_feat_delta= 0.375515\n"}
,{"stream_name":"stdout","time":397.406252678,"data":"EDGE_TTA_ACTIVE views= 8 mean_abs_feat_delta= 0.375515\n"}
,{"stream_name":"stdout","time":398.188619782,"data":"BIOHUB_RETENTION_GUARD {\"blended_candidates\": 170, \"dataset\": \"44b6_0b24845f\", \"frame\": 86, \"minimum_retention\": 0.9, \"primary_candidates\": 283, \"retention\": 0.6007067137809188, \"use_primary\": true}\n"}
,{"stream_name":"stdout","time":398.391174011,"data":"BIOHUB_RETENTION_GUARD {\"blended_candidates\": 170, \"dataset\": \"44b6_0b24845f\", \"frame\": 86, \"minimum_retention\": 0.9, \"primary_candidates\": 283, \"retention\": 0.6007067137809188, \"use_primary\": true}\n"}
,{"stream_name":"stdout","time":398.438799498,"data":"EDGE_TTA_ACTIVE views= 8 mean_abs_feat_delta= 0.344141\n"}
,{"stream_name":"stdout","time":398.641236771,"data":"EDGE_TTA_ACTIVE views= 8 mean_abs_feat_delta= 0.344141\n"}
,{"stream_name":"stdout","time":399.308165547,"data":"EDGE_TTA_ACTIVE views= 8 mean_abs_feat_delta= 0.371973\n"}
,{"stream_name":"stdout","time":399.510625439,"data":"EDGE_TTA_ACTIVE views= 8 mean_abs_feat_delta= 0.371973\n"}
,{"stream_name":"stdout","time":400.28140819,"data":"BIOHUB_RETENTION_GUARD {\"blended_candidates\": 229, \"dataset\": \"44b6_0b24845f\", \"frame\": 87, \"minimum_retention\": 0.9, \"primary_candidates\": 331, \"retention\": 0.6918429003021148, \"use_primary\": true}\n"}
,{"stream_name":"stdout","time":400.46980101,"data":"EDGE_TTA_ACTIVE views= 8 mean_abs_feat_delta= 0.347384\n"}
,{"stream_name":"stdout","time":400.483980745,"data":"BIOHUB_RETENTION_GUARD {\"blended_candidates\": 229, \"dataset\": \"44b6_0b24845f\", \"frame\": 87, \"minimum_retention\": 0.9, \"primary_candidates\": 331, \"retention\": 0.6918429003021148, \"use_primary\": true}\n"}
,{"stream_name":"stdout","time":400.484013973,"data":"EDGE_TTA_ACTIVE views= 8 mean_abs_feat_delta= 0.347384\n"}
,{"stream_name":"stdout","time":401.398720306,"data":"EDGE_TTA_ACTIVE views= 8 mean_abs_feat_delta= 0.380307\n"}
,{"stream_name":"stdout","time":401.601378976,"data":"EDGE_TTA_ACTIVE views= 8 mean_abs_feat_delta= 0.380307\n"}
,{"stream_name":"stdout","time":402.388265996,"data":"BIOHUB_RETENTION_GUARD {\"blended_candidates\": 284, \"dataset\": \"44b6_0b24845f\", \"frame\": 88, \"minimum_retention\": 0.9, \"primary_candidates\": 356, \"retention\": 0.797752808988764, \"use_primary\": true}\n"}
,{"stream_name":"stdout","time":402.527563924,"data":"EDGE_TTA_ACTIVE views= 8 mean_abs_feat_delta= 0.348073\n"}
,{"stream_name":"stdout","time":402.59086279,"data":"BIOHUB_RETENTION_GUARD {\"blended_candidates\": 284, \"dataset\": \"44b6_0b24845f\", \"frame\": 88, \"minimum_retention\": 0.9, \"primary_candidates\": 356, \"retention\": 0.797752808988764, \"use_primary\": true}\n"}
,{"stream_name":"stdout","time":402.590904088,"data":"EDGE_TTA_ACTIVE views= 8 mean_abs_feat_delta= 0.348073\n"}
,{"stream_name":"stdout","time":403.569549047,"data":"EDGE_TTA_ACTIVE views= 8 mean_abs_feat_delta= 0.384679\n"}
,{"stream_name":"stdout","time":403.771713396,"data":"EDGE_TTA_ACTIVE views= 8 mean_abs_feat_delta= 0.384679\n"}
,{"stream_name":"stdout","time":404.53373951,"data":"EDGE_TTA_ACTIVE views= 8 mean_abs_feat_delta= 0.345653\n"}
,{"stream_name":"stdout","time":404.557527752,"data":"BIOHUB_RETENTION_GUARD {\"blended_candidates\": 202, \"dataset\": \"44b6_0b24845f\", \"frame\": 89, \"minimum_retention\": 0.9, \"primary_candidates\": 329, \"retention\": 0.6139817629179332, \"use_primary\": true}\n"}
,{"stream_name":"stdout","time":404.736038268,"data":"EDGE_TTA_ACTIVE views= 8 mean_abs_feat_delta= 0.345653\n"}
,{"stream_name":"stdout","time":404.736072092,"data":"BIOHUB_RETENTION_GUARD {\"blended_candidates\": 202, \"dataset\": \"44b6_0b24845f\", \"frame\": 89, \"minimum_retention\": 0.9, \"primary_candidates\": 329, \"retention\": 0.6139817629179332, \"use_primary\": true}\n"}
,{"stream_name":"stdout","time":405.66027938,"data":"EDGE_TTA_ACTIVE views= 8 mean_abs_feat_delta= 0.372124\n"}
,{"stream_name":"stdout","time":405.862754381,"data":"EDGE_TTA_ACTIVE views= 8 mean_abs_feat_delta= 0.372124\n"}
,{"stream_name":"stdout","time":406.566937904,"data":"EDGE_TTA_ACTIVE views= 8 mean_abs_feat_delta= 0.347434\n"}
,{"stream_name":"stdout","time":406.647271943,"data":"BIOHUB_RETENTION_GUARD {\"blended_candidates\": 171, \"dataset\": \"44b6_0b24845f\", \"frame\": 90, \"minimum_retention\": 0.9, \"primary_candidates\": 271, \"retention\": 0.6309963099630996, \"use_primary\": true}\n"}
,{"stream_name":"stdout","time":406.769383617,"data":"EDGE_TTA_ACTIVE views= 8 mean_abs_feat_delta= 0.347434\n"}
,{"stream_name":"stdout","time":406.769430443,"data":"BIOHUB_RETENTION_GUARD {\"blended_candidates\": 171, \"dataset\": \"44b6_0b24845f\", \"frame\": 90, \"minimum_retention\": 0.9, \"primary_candidates\": 271, \"retention\": 0.6309963099630996, \"use_primary\": true}\n"}
,{"stream_name":"stdout","time":407.768242884,"data":"EDGE_TTA_ACTIVE views= 8 mean_abs_feat_delta= 0.373062\n"}
,{"stream_name":"stdout","time":407.970864575,"data":"EDGE_TTA_ACTIVE views= 8 mean_abs_feat_delta= 0.373062\n"}
,{"stream_name":"stdout","time":408.603379416,"data":"EDGE_TTA_ACTIVE views= 8 mean_abs_feat_delta= 0.353326\n"}
,{"stream_name":"stdout","time":408.756584964,"data":"BIOHUB_RETENTION_GUARD {\"blended_candidates\": 131, \"dataset\": \"44b6_0b24845f\", \"frame\": 91, \"minimum_retention\": 0.9, \"primary_candidates\": 247, \"retention\": 0.5303643724696356, \"use_primary\": true}\n"}
,{"stream_name":"stdout","time":408.806082487,"data":"EDGE_TTA_ACTIVE views= 8 mean_abs_feat_delta= 0.353326\n"}
,{"stream_name":"stdout","time":408.806121977,"data":"BIOHUB_RETENTION_GUARD {\"blended_candidates\": 131, \"dataset\": \"44b6_0b24845f\", \"frame\": 91, \"minimum_retention\": 0.9, \"primary_candidates\": 247, \"retention\": 0.5303643724696356, \"use_primary\": true}\n"}
,{"stream_name":"stdout","time":409.848155876,"data":"EDGE_TTA_ACTIVE views= 8 mean_abs_feat_delta= 0.37538\n"}
,{"stream_name":"stdout","time":410.050538616,"data":"EDGE_TTA_ACTIVE views= 8 mean_abs_feat_delta= 0.37538\n"}
,{"stream_name":"stdout","time":410.60736465,"data":"EDGE_TTA_ACTIVE views= 8 mean_abs_feat_delta= 0.356844\n"}
,{"stream_name":"stdout","time":410.809793208,"data":"EDGE_TTA_ACTIVE views= 8 mean_abs_feat_delta= 0.356844\n"}
,{"stream_name":"stdout","time":410.829418807,"data":"BIOHUB_RETENTION_GUARD {\"blended_candidates\": 155, \"dataset\": \"44b6_0b24845f\", \"frame\": 92, \"minimum_retention\": 0.9, \"primary_candidates\": 282, \"retention\": 0.549645390070922, \"use_primary\": true}\n"}
,{"stream_name":"stdout","time":411.031820741,"data":"BIOHUB_RETENTION_GUARD {\"blended_candidates\": 155, \"dataset\": \"44b6_0b24845f\", \"frame\": 92, \"minimum_retention\": 0.9, \"primary_candidates\": 282, \"retention\": 0.549645390070922, \"use_primary\": true}\n"}
,{"stream_name":"stdout","time":411.983700014,"data":"EDGE_TTA_ACTIVE views= 8 mean_abs_feat_delta= 0.369863\n"}
,{"stream_name":"stdout","time":412.186209457,"data":"EDGE_TTA_ACTIVE views= 8 mean_abs_feat_delta= 0.369863\n"}
,{"stream_name":"stdout","time":412.68209581,"data":"EDGE_TTA_ACTIVE views= 8 mean_abs_feat_delta= 0.352887\n"}
,{"stream_name":"stdout","time":412.88466198,"data":"EDGE_TTA_ACTIVE views= 8 mean_abs_feat_delta= 0.352887\n"}
,{"stream_name":"stdout","time":412.974085305,"data":"BIOHUB_RETENTION_GUARD {\"blended_candidates\": 132, \"dataset\": \"44b6_0b24845f\", \"frame\": 93, \"minimum_retention\": 0.9, \"primary_candidates\": 246, \"retention\": 0.5365853658536586, \"use_primary\": true}\n"}
,{"stream_name":"stdout","time":413.176588459,"data":"BIOHUB_RETENTION_GUARD {\"blended_candidates\": 132, \"dataset\": \"44b6_0b24845f\", \"frame\": 93, \"minimum_retention\": 0.9, \"primary_candidates\": 246, \"retention\": 0.5365853658536586, \"use_primary\": true}\n"}
,{"stream_name":"stdout","time":414.072133583,"data":"EDGE_TTA_ACTIVE views= 8 mean_abs_feat_delta= 0.369553\n"}
,{"stream_name":"stdout","time":414.274527916,"data":"EDGE_TTA_ACTIVE views= 8 mean_abs_feat_delta= 0.369553\n"}
,{"stream_name":"stdout","time":414.704470576,"data":"EDGE_TTA_ACTIVE views= 8 mean_abs_feat_delta= 0.352766\n"}
,{"stream_name":"stdout","time":414.907136032,"data":"EDGE_TTA_ACTIVE views= 8 mean_abs_feat_delta= 0.352766\n"}
,{"stream_name":"stdout","time":415.064472928,"data":"BIOHUB_RETENTION_GUARD {\"blended_candidates\": 168, \"dataset\": \"44b6_0b24845f\", \"frame\": 94, \"minimum_retention\": 0.9, \"primary_candidates\": 284, \"retention\": 0.5915492957746479, \"use_primary\": true}\n"}
,{"stream_name":"stdout","time":415.266935312,"data":"BIOHUB_RETENTION_GUARD {\"blended_candidates\": 168, \"dataset\": \"44b6_0b24845f\", \"frame\": 94, \"minimum_retention\": 0.9, \"primary_candidates\": 284, \"retention\": 0.5915492957746479, \"use_primary\": true}\n"}
,{"stream_name":"stdout","time":416.18068434,"data":"EDGE_TTA_ACTIVE views= 8 mean_abs_feat_delta= 0.376512\n"}
,{"stream_name":"stdout","time":416.383079675,"data":"EDGE_TTA_ACTIVE views= 8 mean_abs_feat_delta= 0.376512\n"}
,{"stream_name":"stdout","time":416.726941949,"data":"EDGE_TTA_ACTIVE views= 8 mean_abs_feat_delta= 0.357319\n"}
,{"stream_name":"stdout","time":416.92953993,"data":"EDGE_TTA_ACTIVE views= 8 mean_abs_feat_delta= 0.357319\n"}
,{"stream_name":"stdout","time":417.172789968,"data":"BIOHUB_RETENTION_GUARD {\"blended_candidates\": 133, \"dataset\": \"44b6_0b24845f\", \"frame\": 95, \"minimum_retention\": 0.9, \"primary_candidates\": 294, \"retention\": 0.4523809523809524, \"use_primary\": true}\n"}
,{"stream_name":"stdout","time":417.375236716,"data":"BIOHUB_RETENTION_GUARD {\"blended_candidates\": 133, \"dataset\": \"44b6_0b24845f\", \"frame\": 95, \"minimum_retention\": 0.9, \"primary_candidates\": 294, \"retention\": 0.4523809523809524, \"use_primary\": true}\n"}
,{"stream_name":"stdout","time":418.319036858,"data":"EDGE_TTA_ACTIVE views= 8 mean_abs_feat_delta= 0.370927\n"}
,{"stream_name":"stdout","time":418.521086764,"data":"EDGE_TTA_ACTIVE views= 8 mean_abs_feat_delta= 0.370927\n"}
,{"stream_name":"stdout","time":418.738218555,"data":"EDGE_TTA_ACTIVE views= 8 mean_abs_feat_delta= 0.356682\n"}
,{"stream_name":"stdout","time":418.940364642,"data":"EDGE_TTA_ACTIVE views= 8 mean_abs_feat_delta= 0.356682\n"}
,{"stream_name":"stdout","time":419.301815204,"data":"BIOHUB_RETENTION_GUARD {\"blended_candidates\": 121, \"dataset\": \"44b6_0b24845f\", \"frame\": 96, \"minimum_retention\": 0.9, \"primary_candidates\": 265, \"retention\": 0.45660377358490567, \"use_primary\": true}\n"}
,{"stream_name":"stdout","time":419.504148644,"data":"BIOHUB_RETENTION_GUARD {\"blended_candidates\": 121, \"dataset\": \"44b6_0b24845f\", \"frame\": 96, \"minimum_retention\": 0.9, \"primary_candidates\": 265, \"retention\": 0.45660377358490567, \"use_primary\": true}\n"}
,{"stream_name":"stdout","time":420.398946632,"data":"EDGE_TTA_ACTIVE views= 8 mean_abs_feat_delta= 0.368202\n"}
,{"stream_name":"stdout","time":420.601492412,"data":"EDGE_TTA_ACTIVE views= 8 mean_abs_feat_delta= 0.368202\n"}
,{"stream_name":"stdout","time":421.391935387,"data":"BIOHUB_RETENTION_GUARD {\"blended_candidates\": 165, \"dataset\": \"44b6_0b24845f\", \"frame\": 97, \"minimum_retention\": 0.9, \"primary_candidates\": 312, \"retention\": 0.5288461538461539, \"use_primary\": true}\n"}
,{"stream_name":"stdout","time":421.595122216,"data":"BIOHUB_RETENTION_GUARD {\"blended_candidates\": 165, \"dataset\": \"44b6_0b24845f\", \"frame\": 97, \"minimum_retention\": 0.9, \"primary_candidates\": 312, \"retention\": 0.5288461538461539, \"use_primary\": true}\n"}
,{"stream_name":"stdout","time":422.568549802,"data":"EDGE_TTA_ACTIVE views= 8 mean_abs_feat_delta= 0.376846\n"}
,{"stream_name":"stdout","time":422.771163698,"data":"EDGE_TTA_ACTIVE views= 8 mean_abs_feat_delta= 0.376846\n"}
,{"stream_name":"stdout","time":423.559009435,"data":"BIOHUB_RETENTION_GUARD {\"blended_candidates\": 149, \"dataset\": \"44b6_0b24845f\", \"frame\": 98, \"minimum_retention\": 0.9, \"primary_candidates\": 310, \"retention\": 0.4806451612903226, \"use_primary\": true}\n"}
,{"stream_name":"stdout","time":423.761464307,"data":"BIOHUB_RETENTION_GUARD {\"blended_candidates\": 149, \"dataset\": \"44b6_0b24845f\", \"frame\": 98, \"minimum_retention\": 0.9, \"primary_candidates\": 310, \"retention\": 0.4806451612903226, \"use_primary\": true}\n"}
,{"stream_name":"stdout","time":424.736965698,"data":"EDGE_TTA_ACTIVE views= 8 mean_abs_feat_delta= 0.374587\n"}
,{"stream_name":"stdout","time":424.975490213,"data":"EDGE_TTA_ACTIVE views= 8 mean_abs_feat_delta= 0.374587\n"}
,{"stream_name":"stdout","time":425.728636775,"data":"BIOHUB_RETENTION_GUARD {\"blended_candidates\": 89, \"dataset\": \"44b6_0b24845f\", \"frame\": 99, \"minimum_retention\": 0.9, \"primary_candidates\": 235, \"retention\": 0.37872340425531914, \"use_primary\": true}\n"}
,{"stream_name":"stdout","time":425.930702161,"data":"BIOHUB_RETENTION_GUARD {\"blended_candidates\": 89, \"dataset\": \"44b6_0b24845f\", \"frame\": 99, \"minimum_retention\": 0.9, \"primary_candidates\": 235, \"retention\": 0.37872340425531914, \"use_primary\": true}\n"}
,{"stream_name":"stdout","time":446.273170924,"data":"EDGE_TTA_ACTIVE views= 8 mean_abs_feat_delta= 0.350937\n"}
,{"stream_name":"stdout","time":446.475735197,"data":"EDGE_TTA_ACTIVE views= 8 mean_abs_feat_delta= 0.350937\n"}
,{"stream_name":"stdout","time":447.558962274,"data":"PUBLIC946_GPU_SMOKE {\"arm\": \"C1\", \"association\": {\"actual_primary_logits_after_original_harmonic_fusion\": {\"all_finite\": true, \"device\": \"cuda:0\", \"dtype\": \"torch.float32\", \"numel\": 643179, \"shape\": [1, 807, 797], \"stride\": [643179, 797, 1]}, \"actual_secondary_feature_consumed\": true, \"actual_secondary_logits\": {\"all_finite\": true, \"device\": \"cuda:0\", \"dtype\": \"torch.float32\", \"numel\": 643179, \"shape\": [1, 807, 797], \"stride\": [643179, 797, 1]}, \"coordinate_grid\": {\"downsample\": [1.0, 4.0, 4.0], \"source\": {\"device\": \"cuda:0\", \"dtype\": \"torch.float32\", \"numel\": 2421, \"shape\": [1, 807, 3], \"stride\": [807, 1, 807]}, \"target\": {\"device\": \"cuda:0\", \"dtype\": \"torch.float32\", \"numel\": 2391, \"shape\": [1, 797, 3], \"stride\": [797, 1, 797]}}, \"diagnostic_edge_head_calls\": 1, \"diagnostic_encoder_calls\": 0, \"diagnostic_probabilities_used_in_production\": false, \"diagnostic_seconds\": 0.04607516300006864, \"frame_pair_index\": 0, \"primary_source_sampled_features\": {\"all_finite\": true, \"device\": \"cuda:0\", \"dtype\": \"torch.float32\", \"numel\": 25824, \"shape\": [1, 807, 32], \"stride\": [25824, 32, 1]}, \"primary_target_sampled_features\": {\"all_finite\": true, \"device\": \"cuda:0\", \"dtype\": \"torch.float32\", \"numel\": 25504, \"shape\": [1, 797, 32], \"stride\": [25504, 32, 1]}, \"probability_comparison_stage\": \"secondary edge-head softmax over parents, before original calibration and low-margin mixing\", \"probability_delta_vs_single_pass_same_coordinates\": {\"sample_elements\": 65536, \"sample_equal\": true, \"sample_max_abs_delta\": 0.0, \"sample_mean_abs_delta\": 0.0, \"sample_stride\": 9}, \"production_calls\": 1, \"same_low_margin_config\": {\"secondary_detection_weight\": 0.8, \"secondary_edge_weight\": 0.15, \"secondary_link_mode\": \"low_margin_consensus\"}, \"source_delta_vs_single_pass\": {\"sample_elements\": 25824, \"sample_equal\": true, \"sample_max_abs_delta\": 0.0, \"sample_mean_abs_delta\": 0.0, \"sample_stride\": 1}, \"source_sampled_features\": {\"all_finite\": true, \"device\": \"cuda:0\", \"dtype\": \"torch.float32\", \"numel\": 25824, \"shape\": [1, 807, 32], \"stride\": [25824, 32, 1]}, \"target_delta_vs_single_pass\": {\"sample_elements\": 25504, \"sample_equal\": true, \"sample_max_abs_delta\": 0.0, \"sample_mean_abs_delta\": 0.0, \"sample_stride\": 1}, \"target_sampled_features\": {\"all_finite\": true, \"device\": \"cuda:0\", \"dtype\": \"torch.float32\", \"numel\": 25504, \"shape\": [1, 797, 32], \"stride\": [25504, 32, 1]}}, \"association_calls\": 1, \"config\": {\"secondary_detection_weight\": 0.8, \"secondary_edge_weight\": 0.15, \"secondary_link_mode\": \"low_margin_consensus\"}, \"consumed_features\": {\"primary\": {\"all_finite\": true, \"delta_vs_single_pass\": {\"sample_elements\": 65536, \"sample_equal\": false, \"sample_max_abs_delta\": 1.6034892797470093, \"sample_mean_abs_delta\": 0.33038365840911865, \"sample_stride\": 256}, \"device\": \"cuda:0\", \"dtype\": \"torch.float32\", \"numel\": 16777216, \"original_encoded_feature_sample_unchanged\": true, \"same_storage_as_original\": false, \"shape\": [1, 2, 32, 64, 64, 64], \"single_pass\": {\"device\": \"cuda:0\", \"dtype\": \"torch.float32\", \"numel\": 16777216, \"shape\": [1, 2, 32, 64, 64, 64], \"stride\": [16777216, 8388608, 262144, 4096, 64, 1]}, \"stride\": [16777216, 8388608, 262144, 4096, 64, 1]}, \"secondary\": {\"all_finite\": true, \"delta_vs_single_pass\": {\"sample_elements\": 65536, \"sample_equal\": true, \"sample_max_abs_delta\": 0.0, \"sample_mean_abs_delta\": 0.0, \"sample_stride\": 256}, \"device\": \"cuda:0\", \"dtype\": \"torch.float32\", \"numel\": 16777216, \"original_encoded_feature_sample_unchanged\": true, \"same_storage_as_original\": true, \"shape\": [1, 2, 32, 64, 64, 64], \"single_pass\": {\"device\": \"cuda:0\", \"dtype\": \"torch.float32\", \"numel\": 16777216, \"shape\": [1, 2, 32, 64, 64, 64], \"stride\": [16777216, 8388608, 262144, 4096, 64, 1]}, \"stride\": [16777216, 8388608, 262144, 4096, 64, 1]}}, \"consumed_heatmaps\": [{\"all_finite\": true, \"device\": \"cuda:0\", \"dtype\": \"torch.float32\", \"numel\": 262144, \"shape\": [1, 1, 64, 64, 64], \"stride\": [262144, 262144, 4096, 64, 1]}, {\"all_finite\": true, \"device\": \"cuda:0\", \"dtype\": \"torch.float32\", \"numel\": 262144, \"shape\": [1, 1, 64, 64, 64], \"stride\": [262144, 262144, 4096, 64, 1]}], \"cuda_peak_allocated_bytes_process\": 728221696, \"cuda_peak_reserved_bytes_process\": 977272832, \"dataset\": \"6bba_05db0fb1\", \"encode_calls\": {\"primary\": 8, \"secondary\": 8}, \"encode_seconds\": {\"primary\": 0.9912655109997104, \"secondary\": 0.9467090269999971}, \"encode_views\": [{\"feature\": {\"device\": \"cuda:0\", \"dtype\": \"torch.float32\", \"numel\": 16777216, \"shape\": [1, 2, 32, 64, 64, 64], \"stride\": [16777216, 8388608, 262144, 4096, 64, 1]}, \"heatmap0\": {\"device\": \"cuda:0\", \"dtype\": \"torch.float32\", \"numel\": 262144, \"shape\": [1, 1, 64, 64, 64], \"stride\": [262144, 262144, 4096, 64, 1]}, \"input\": {\"device\": \"cuda:0\", \"dtype\": \"torch.float32\", \"numel\": 524288, \"shape\": [1, 2, 64, 64, 64], \"stride\": [524288, 262144, 4096, 64, 1]}, \"pass\": 1, \"role\": \"primary\"}, {\"feature\": {\"device\": \"cuda:0\", \"dtype\": \"torch.float32\", \"numel\": 16777216, \"shape\": [1, 2, 32, 64, 64, 64], \"stride\": [16777216, 8388608, 262144, 4096, 64, 1]}, \"heatmap0\": {\"device\": \"cuda:0\", \"dtype\": \"torch.float32\", \"numel\": 262144, \"shape\": [1, 1, 64, 64, 64], \"stride\": [262144, 262144, 4096, 64, 1]}, \"input\": {\"device\": \"cuda:0\", \"dtype\": \"torch.float32\", \"numel\": 524288, \"shape\": [1, 2, 64, 64, 64], \"stride\": [524288, 262144, 4096, 64, 1]}, \"pass\": 2, \"role\": \"primary\"}, {\"feature\": {\"device\": \"cuda:0\", \"dtype\": \"torch.float32\", \"numel\": 16777216, \"shape\": [1, 2, 32, 64, 64, 64], \"stride\": [16777216, 8388608, 262144, 4096, 64, 1]}, \"heatmap0\": {\"device\": \"cuda:0\", \"dtype\": \"torch.float32\", \"numel\": 262144, \"shape\": [1, 1, 64, 64, 64], \"stride\": [262144, 262144, 4096, 64, 1]}, \"input\": {\"device\": \"cuda:0\", \"dtype\": \"torch.float32\", \"numel\": 524288, \"shape\": [1, 2, 64, 64, 64], \"stride\": [524288, 262144, 4096, 64, 1]}, \"pass\": 3, \"role\": \"primary\"}, {\"feature\": {\"device\": \"cuda:0\", \"dtype\": \"torch.float32\", \"numel\": 16777216, \"shape\": [1, 2, 32, 64, 64, 64], \"stride\": [16777216, 8388608, 262144, 4096, 64, 1]}, \"heatmap0\": {\"device\": \"cuda:0\", \"dtype\": \"torch.float32\", \"numel\": 262144, \"shape\": [1, 1, 64, 64, 64], \"stride\": [262144, 262144, 4096, 64, 1]}, \"input\": {\"device\": \"cuda:0\", \"dtype\": \"torch.float32\", \"numel\": 524288, \"shape\": [1, 2, 64, 64, 64], \"stride\": [524288, 262144, 4096, 64, 1]}, \"pass\": 4, \"role\": \"primary\"}, {\"feature\": {\"device\": \"cuda:0\", \"dtype\": \"torch.float32\", \"numel\": 16777216, \"shape\": [1, 2, 32, 64, 64, 64], \"stride\": [16777216, 8388608, 262144, 4096, 64, 1]}, \"heatmap0\": {\"device\": \"cuda:0\", \"dtype\": \"torch.float32\", \"numel\": 262144, \"shape\": [1, 1, 64, 64, 64], \"stride\": [262144, 262144, 4096, 64, 1]}, \"input\": {\"device\": \"cuda:0\", \"dtype\": \"torch.float32\", \"numel\": 524288, \"shape\": [1, 2, 64, 64, 64], \"stride\": [524288, 262144, 4096, 1, 64]}, \"pass\": 5, \"role\": \"primary\"}, {\"feature\": {\"device\": \"cuda:0\", \"dtype\": \"torch.float32\", \"numel\": 16777216, \"shape\": [1, 2, 32, 64, 64, 64], \"stride\": [16777216, 8388608, 262144, 4096, 64, 1]}, \"heatmap0\": {\"device\": \"cuda:0\", \"dtype\": \"torch.float32\", \"numel\": 262144, \"shape\": [1, 1, 64, 64, 64], \"stride\": [262144, 262144, 4096, 64, 1]}, \"input\": {\"device\": \"cuda:0\", \"dtype\": \"torch.float32\", \"numel\": 524288, \"shape\": [1, 2, 64, 64, 64], \"stride\": [524288, 262144, 4096, 1, 64]}, \"pass\": 6, \"role\": \"primary\"}, {\"feature\": {\"device\": \"cuda:0\", \"dtype\": \"torch.float32\", \"numel\": 16777216, \"shape\": [1, 2, 32, 64, 64, 64], \"stride\": [16777216, 8388608, 262144, 4096, 64, 1]}, \"heatmap0\": {\"device\": \"cuda:0\", \"dtype\": \"torch.float32\", \"numel\": 262144, \"shape\": [1, 1, 64, 64, 64], \"stride\": [262144, 262144, 4096, 64, 1]}, \"input\": {\"device\": \"cuda:0\", \"dtype\": \"torch.float32\", \"numel\": 524288, \"shape\": [1, 2, 64, 64, 64], \"stride\": [524288, 262144, 4096, 1, 64]}, \"pass\": 7, \"role\": \"primary\"}, {\"feature\": {\"device\": \"cuda:0\", \"dtype\": \"torch.float32\", \"numel\": 16777216, \"shape\": [1, 2, 32, 64, 64, 64], \"stride\": [16777216, 8388608, 262144, 4096, 64, 1]}, \"heatmap0\": {\"device\": \"cuda:0\", \"dtype\": \"torch.float32\", \"numel\": 262144, \"shape\": [1, 1, 64, 64, 64], \"stride\": [262144, 262144, 4096, 64, 1]}, \"input\": {\"device\": \"cuda:0\", \"dtype\": \"torch.float32\", \"numel\": 524288, \"shape\": [1, 2, 64, 64, 64], \"stride\": [524288, 262144, 4096, 1, 64]}, \"pass\": 8, \"role\": \"primary\"}, {\"feature\": {\"device\": \"cuda:0\", \"dtype\": \"torch.float32\", \"numel\": 16777216, \"shape\": [1, 2, 32, 64, 64, 64], \"stride\": [16777216, 8388608, 262144, 4096, 64, 1]}, \"heatmap0\": {\"device\": \"cuda:0\", \"dtype\": \"torch.float32\", \"numel\": 262144, \"shape\": [1, 1, 64, 64, 64], \"stride\": [262144, 262144, 4096, 64, 1]}, \"input\": {\"device\": \"cuda:0\", \"dtype\": \"torch.float32\", \"numel\": 524288, \"shape\": [1, 2, 64, 64, 64], \"stride\": [524288, 262144, 4096, 64, 1]}, \"pass\": 1, \"role\": \"secondary\"}, {\"feature\": {\"device\": \"cuda:0\", \"dtype\": \"torch.float32\", \"numel\": 16777216, \"shape\": [1, 2, 32, 64, 64, 64], \"stride\": [16777216, 8388608, 262144, 4096, 64, 1]}, \"heatmap0\": {\"device\": \"cuda:0\", \"dtype\": \"torch.float32\", \"numel\": 262144, \"shape\": [1, 1, 64, 64, 64], \"stride\": [262144, 262144, 4096, 64, 1]}, \"input\": {\"device\": \"cuda:0\", \"dtype\": \"torch.float32\", \"numel\": 524288, \"shape\": [1, 2, 64, 64, 64], \"stride\": [524288, 262144, 4096, 64, 1]}, \"pass\": 2, \"role\": \"secondary\"}, {\"feature\": {\"device\": \"cuda:0\", \"dtype\": \"torch.float32\", \"numel\": 16777216, \"shape\": [1, 2, 32, 64, 64, 64], \"stride\": [16777216, 8388608, 262144, 4096, 64, 1]}, \"heatmap0\": {\"device\": \"cuda:0\", \"dtype\": \"torch.float32\", \"numel\": 262144, \"shape\": [1, 1, 64, 64, 64], \"stride\": [262144, 262144, 4096, 64, 1]}, \"input\": {\"device\": \"cuda:0\", \"dtype\": \"torch.float32\", \"numel\": 524288, \"shape\": [1, 2, 64, 64, 64], \"stride\": [524288, 262144, 4096, 64, 1]}, \"pass\": 3, \"role\": \"secondary\"}, {\"feature\": {\"device\": \"cuda:0\", \"dtype\": \"torch.float32\", \"numel\": 16777216, \"shape\": [1, 2, 32, 64, 64, 64], \"stride\": [16777216, 8388608, 262144, 4096, 64, 1]}, \"heatmap0\": {\"device\": \"cuda:0\", \"dtype\": \"torch.float32\", \"numel\": 262144, \"shape\": [1, 1, 64, 64, 64], \"stride\": [262144, 262144, 4096, 64, 1]}, \"input\": {\"device\": \"cuda:0\", \"dtype\": \"torch.float32\", \"numel\": 524288, \"shape\": [1, 2, 64, 64, 64], \"stride\": [524288, 262144, 4096, 64, 1]}, \"pass\": 4, \"role\": \"secondary\"}, {\"feature\": {\"device\": \"cuda:0\", \"dtype\": \"torch.float32\", \"numel\": 16777216, \"shape\": [1, 2, 32, 64, 64, 64], \"stride\": [16777216, 8388608, 262144, 4096, 64, 1]}, \"heatmap0\": {\"device\": \"cuda:0\", \"dtype\": \"torch.float32\", \"numel\": 262144, \"shape\": [1, 1, 64, 64, 64], \"stride\": [262144, 262144, 4096, 64, 1]}, \"input\": {\"device\": \"cuda:0\", \"dtype\": \"torch.float32\", \"numel\": 524288, \"shape\": [1, 2, 64, 64, 64], \"stride\": [524288, 262144, 4096, 1, 64]}, \"pass\": 5, \"role\": \"secondary\"}, {\"feature\": {\"device\": \"cuda:0\", \"dtype\": \"torch.float32\", \"numel\": 16777216, \"shape\": [1, 2, 32, 64, 64, 64], \"stride\": [16777216, 8388608, 262144, 4096, 64, 1]}, \"heatmap0\": {\"device\": \"cuda:0\", \"dtype\": \"torch.float32\", \"numel\": 262144, \"shape\": [1, 1, 64, 64, 64], \"stride\": [262144, 262144, 4096, 64, 1]}, \"input\": {\"device\": \"cuda:0\", \"dtype\": \"torch.float32\", \"numel\": 524288, \"shape\": [1, 2, 64, 64, 64], \"stride\": [524288, 262144, 4096, 1, 64]}, \"pass\": 6, \"role\": \"secondary\"}, {\"feature\": {\"device\": \"cuda:0\", \"dtype\": \"torch.float32\", \"numel\": 16777216, \"shape\": [1, 2, 32, 64, 64, 64], \"stride\": [16777216, 8388608, 262144, 4096, 64, 1]}, \"heatmap0\": {\"device\": \"cuda:0\", \"dtype\": \"torch.float32\", \"numel\": 262144, \"shape\": [1, 1, 64, 64, 64], \"stride\": [262144, 262144, 4096, 64, 1]}, \"input\": {\"device\": \"cuda:0\", \"dtype\": \"torch.float32\", \"numel\": 524288, \"shape\": [1, 2, 64, 64, 64], \"stride\": [524288, 262144, 4096, 1, 64]}, \"pass\": 7, \"role\": \"secondary\"}, {\"feature\": {\"device\": \"cuda:0\", \"dtype\": \"torch.float32\", \"numel\": 16777216, \"shape\": [1, 2, 32, 64, 64, 64], \"stride\": [16777216, 8388608, 262144, 4096, 64, 1]}, \"heatmap0\": {\"device\": \"cuda:0\", \"dtype\": \"torch.float32\", \"numel\": 262144, \"shape\": [1, 1, 64, 64, 64], \"stride\": [262144, 262144, 4096, 64, 1]}, \"input\": {\"device\": \"cuda:0\", \"dtype\": \"torch.float32\", \"numel\": 524288, \"shape\": [1, 2, 64, 64, 64], \"stride\": [524288, 262144, 4096, 1, 64]}, \"pass\": 8, \"role\": \"secondary\"}], \"event\": \"actual_predictor_window\", \"frames\": [0, 1], \"input\": {\"all_finite\": true, \"device\": \"cuda:0\", \"dtype\": \"torch.float32\", \"numel\": 524288, \"shape\": [1, 2, 64, 64, 64], \"stride\": [524288, 262144, 4096, 64, 1]}, \"input_parent\": \"/kaggle/input/competitions/biohub-cell-tracking-during-development/test\", \"seconds_including_common_audit\": 2.2927158689999487, \"window_index\": 1, \"worker_execution_settings\": {\"autocast_enabled\": false, \"cuda_runtime\": \"12.8\", \"cudnn_allow_tf32\": true, \"cudnn_benchmark\": false, \"cudnn_deterministic\": false, \"default_dtype\": \"torch.float32\", \"deterministic_algorithms\": false, \"float32_matmul_precision\": \"highest\", \"gpu_name\": \"Tesla T4\", \"grad_enabled\": false, \"matmul_allow_tf32\": false, \"torch_initial_seed\": 13630806136589802839, \"torch_version\": \"2.10.0+cu128\"}}\n"}
,{"stream_name":"stdout","time":447.762040555,"data":"PUBLIC946_GPU_SMOKE {\"arm\": \"C1\", \"association\": {\"actual_primary_logits_after_original_harmonic_fusion\": {\"all_finite\": true, \"device\": \"cuda:0\", \"dtype\": \"torch.float32\", \"numel\": 643179, \"shape\": [1, 807, 797], \"stride\": [643179, 797, 1]}, \"actual_secondary_feature_consumed\": true, \"actual_secondary_logits\": {\"all_finite\": true, \"device\": \"cuda:0\", \"dtype\": \"torch.float32\", \"numel\": 643179, \"shape\": [1, 807, 797], \"stride\": [643179, 797, 1]}, \"coordinate_grid\": {\"downsample\": [1.0, 4.0, 4.0], \"source\": {\"device\": \"cuda:0\", \"dtype\": \"torch.float32\", \"numel\": 2421, \"shape\": [1, 807, 3], \"stride\": [807, 1, 807]}, \"target\": {\"device\": \"cuda:0\", \"dtype\": \"torch.float32\", \"numel\": 2391, \"shape\": [1, 797, 3], \"stride\": [797, 1, 797]}}, \"diagnostic_edge_head_calls\": 1, \"diagnostic_encoder_calls\": 0, \"diagnostic_probabilities_used_in_production\": false, \"diagnostic_seconds\": 0.04607516300006864, \"frame_pair_index\": 0, \"primary_source_sampled_features\": {\"all_finite\": true, \"device\": \"cuda:0\", \"dtype\": \"torch.float32\", \"numel\": 25824, \"shape\": [1, 807, 32], \"stride\": [25824, 32, 1]}, \"primary_target_sampled_features\": {\"all_finite\": true, \"device\": \"cuda:0\", \"dtype\": \"torch.float32\", \"numel\": 25504, \"shape\": [1, 797, 32], \"stride\": [25504, 32, 1]}, \"probability_comparison_stage\": \"secondary edge-head softmax over parents, before original calibration and low-margin mixing\", \"probability_delta_vs_single_pass_same_coordinates\": {\"sample_elements\": 65536, \"sample_equal\": true, \"sample_max_abs_delta\": 0.0, \"sample_mean_abs_delta\": 0.0, \"sample_stride\": 9}, \"production_calls\": 1, \"same_low_margin_config\": {\"secondary_detection_weight\": 0.8, \"secondary_edge_weight\": 0.15, \"secondary_link_mode\": \"low_margin_consensus\"}, \"source_delta_vs_single_pass\": {\"sample_elements\": 25824, \"sample_equal\": true, \"sample_max_abs_delta\": 0.0, \"sample_mean_abs_delta\": 0.0, \"sample_stride\": 1}, \"source_sampled_features\": {\"all_finite\": true, \"device\": \"cuda:0\", \"dtype\": \"torch.float32\", \"numel\": 25824, \"shape\": [1, 807, 32], \"stride\": [25824, 32, 1]}, \"target_delta_vs_single_pass\": {\"sample_elements\": 25504, \"sample_equal\": true, \"sample_max_abs_delta\": 0.0, \"sample_mean_abs_delta\": 0.0, \"sample_stride\": 1}, \"target_sampled_features\": {\"all_finite\": true, \"device\": \"cuda:0\", \"dtype\": \"torch.float32\", \"numel\": 25504, \"shape\": [1, 797, 32], \"stride\": [25504, 32, 1]}}, \"association_calls\": 1, \"config\": {\"secondary_detection_weight\": 0.8, \"secondary_edge_weight\": 0.15, \"secondary_link_mode\": \"low_margin_consensus\"}, \"consumed_features\": {\"primary\": {\"all_finite\": true, \"delta_vs_single_pass\": {\"sample_elements\": 65536, \"sample_equal\": false, \"sample_max_abs_delta\": 1.6034892797470093, \"sample_mean_abs_delta\": 0.33038365840911865, \"sample_stride\": 256}, \"device\": \"cuda:0\", \"dtype\": \"torch.float32\", \"numel\": 16777216, \"original_encoded_feature_sample_unchanged\": true, \"same_storage_as_original\": false, \"shape\": [1, 2, 32, 64, 64, 64], \"single_pass\": {\"device\": \"cuda:0\", \"dtype\": \"torch.float32\", \"numel\": 16777216, \"shape\": [1, 2, 32, 64, 64, 64], \"stride\": [16777216, 8388608, 262144, 4096, 64, 1]}, \"stride\": [16777216, 8388608, 262144, 4096, 64, 1]}, \"secondary\": {\"all_finite\": true, \"delta_vs_single_pass\": {\"sample_elements\": 65536, \"sample_equal\": true, \"sample_max_abs_delta\": 0.0, \"sample_mean_abs_delta\": 0.0, \"sample_stride\": 256}, \"device\": \"cuda:0\", \"dtype\": \"torch.float32\", \"numel\": 16777216, \"original_encoded_feature_sample_unchanged\": true, \"same_storage_as_original\": true, \"shape\": [1, 2, 32, 64, 64, 64], \"single_pass\": {\"device\": \"cuda:0\", \"dtype\": \"torch.float32\", \"numel\": 16777216, \"shape\": [1, 2, 32, 64, 64, 64], \"stride\": [16777216, 8388608, 262144, 4096, 64, 1]}, \"stride\": [16777216, 8388608, 262144, 4096, 64, 1]}}, \"consumed_heatmaps\": [{\"all_finite\": true, \"device\": \"cuda:0\", \"dtype\": \"torch.float32\", \"numel\": 262144, \"shape\": [1, 1, 64, 64, 64], \"stride\": [262144, 262144, 4096, 64, 1]}, {\"all_finite\": true, \"device\": \"cuda:0\", \"dtype\": \"torch.float32\", \"numel\": 262144, \"shape\": [1, 1, 64, 64, 64], \"stride\": [262144, 262144, 4096, 64, 1]}], \"cuda_peak_allocated_bytes_process\": 728221696, \"cuda_peak_reserved_bytes_process\": 977272832, \"dataset\": \"6bba_05db0fb1\", \"encode_calls\": {\"primary\": 8, \"secondary\": 8}, \"encode_seconds\": {\"primary\": 0.9912655109997104, \"secondary\": 0.9467090269999971}, \"encode_views\": [{\"feature\": {\"device\": \"cuda:0\", \"dtype\": \"torch.float32\", \"numel\": 16777216, \"shape\": [1, 2, 32, 64, 64, 64], \"stride\": [16777216, 8388608, 262144, 4096, 64, 1]}, \"heatmap0\": {\"device\": \"cuda:0\", \"dtype\": \"torch.float32\", \"numel\": 262144, \"shape\": [1, 1, 64, 64, 64], \"stride\": [262144, 262144, 4096, 64, 1]}, \"input\": {\"device\": \"cuda:0\", \"dtype\": \"torch.float32\", \"numel\": 524288, \"shape\": [1, 2, 64, 64, 64], \"stride\": [524288, 262144, 4096, 64, 1]}, \"pass\": 1, \"role\": \"primary\"}, {\"feature\": {\"device\": \"cuda:0\", \"dtype\": \"torch.float32\", \"numel\": 16777216, \"shape\": [1, 2, 32, 64, 64, 64], \"stride\": [16777216, 8388608, 262144, 4096, 64, 1]}, \"heatmap0\": {\"device\": \"cuda:0\", \"dtype\": \"torch.float32\", \"numel\": 262144, \"shape\": [1, 1, 64, 64, 64], \"stride\": [262144, 262144, 4096, 64, 1]}, \"input\": {\"device\": \"cuda:0\", \"dtype\": \"torch.float32\", \"numel\": 524288, \"shape\": [1, 2, 64, 64, 64], \"stride\": [524288, 262144, 4096, 64, 1]}, \"pass\": 2, \"role\": \"primary\"}, {\"feature\": {\"device\": \"cuda:0\", \"dtype\": \"torch.float32\", \"numel\": 16777216, \"shape\": [1, 2, 32, 64, 64, 64], \"stride\": [16777216, 8388608, 262144, 4096, 64, 1]}, \"heatmap0\": {\"device\": \"cuda:0\", \"dtype\": \"torch.float32\", \"numel\": 262144, \"shape\": [1, 1, 64, 64, 64], \"stride\": [262144, 262144, 4096, 64, 1]}, \"input\": {\"device\": \"cuda:0\", \"dtype\": \"torch.float32\", \"numel\": 524288, \"shape\": [1, 2, 64, 64, 64], \"stride\": [524288, 262144, 4096, 64, 1]}, \"pass\": 3, \"role\": \"primary\"}, {\"feature\": {\"device\": \"cuda:0\", \"dtype\": \"torch.float32\", \"numel\": 16777216, \"shape\": [1, 2, 32, 64, 64, 64], \"stride\": [16777216, 8388608, 262144, 4096, 64, 1]}, \"heatmap0\": {\"device\": \"cuda:0\", \"dtype\": \"torch.float32\", \"numel\": 262144, \"shape\": [1, 1, 64, 64, 64], \"stride\": [262144, 262144, 4096, 64, 1]}, \"input\": {\"device\": \"cuda:0\", \"dtype\": \"torch.float32\", \"numel\": 524288, \"shape\": [1, 2, 64, 64, 64], \"stride\": [524288, 262144, 4096, 64, 1]}, \"pass\": 4, \"role\": \"primary\"}, {\"feature\": {\"device\": \"cuda:0\", \"dtype\": \"torch.float32\", \"numel\": 16777216, \"shape\": [1, 2, 32, 64, 64, 64], \"stride\": [16777216, 8388608, 262144, 4096, 64, 1]}, \"heatmap0\": {\"device\": \"cuda:0\", \"dtype\": \"torch.float32\", \"numel\": 262144, \"shape\": [1, 1, 64, 64, 64], \"stride\": [262144, 262144, 4096, 64, 1]}, \"input\": {\"device\": \"cuda:0\", \"dtype\": \"torch.float32\", \"numel\": 524288, \"shape\": [1, 2, 64, 64, 64], \"stride\": [524288, 262144, 4096, 1, 64]}, \"pass\": 5, \"role\": \"primary\"}, {\"feature\": {\"device\": \"cuda:0\", \"dtype\": \"torch.float32\", \"numel\": 16777216, \"shape\": [1, 2, 32, 64, 64, 64], \"stride\": [16777216, 8388608, 262144, 4096, 64, 1]}, \"heatmap0\": {\"device\": \"cuda:0\", \"dtype\": \"torch.float32\", \"numel\": 262144, \"shape\": [1, 1, 64, 64, 64], \"stride\": [262144, 262144, 4096, 64, 1]}, \"input\": {\"device\": \"cuda:0\", \"dtype\": \"torch.float32\", \"numel\": 524288, \"shape\": [1, 2, 64, 64, 64], \"stride\": [524288, 262144, 4096, 1, 64]}, \"pass\": 6, \"role\": \"primary\"}, {\"feature\": {\"device\": \"cuda:0\", \"dtype\": \"torch.float32\", \"numel\": 16777216, \"shape\": [1, 2, 32, 64, 64, 64], \"stride\": [16777216, 8388608, 262144, 4096, 64, 1]}, \"heatmap0\": {\"device\": \"cuda:0\", \"dtype\": \"torch.float32\", \"numel\": 262144, \"shape\": [1, 1, 64, 64, 64], \"stride\": [262144, 262144, 4096, 64, 1]}, \"input\": {\"device\": \"cuda:0\", \"dtype\": \"torch.float32\", \"numel\": 524288, \"shape\": [1, 2, 64, 64, 64], \"stride\": [524288, 262144, 4096, 1, 64]}, \"pass\": 7, \"role\": \"primary\"}, {\"feature\": {\"device\": \"cuda:0\", \"dtype\": \"torch.float32\", \"numel\": 16777216, \"shape\": [1, 2, 32, 64, 64, 64], \"stride\": [16777216, 8388608, 262144, 4096, 64, 1]}, \"heatmap0\": {\"device\": \"cuda:0\", \"dtype\": \"torch.float32\", \"numel\": 262144, \"shape\": [1, 1, 64, 64, 64], \"stride\": [262144, 262144, 4096, 64, 1]}, \"input\": {\"device\": \"cuda:0\", \"dtype\": \"torch.float32\", \"numel\": 524288, \"shape\": [1, 2, 64, 64, 64], \"stride\": [524288, 262144, 4096, 1, 64]}, \"pass\": 8, \"role\": \"primary\"}, {\"feature\": {\"device\": \"cuda:0\", \"dtype\": \"torch.float32\", \"numel\": 16777216, \"shape\": [1, 2, 32, 64, 64, 64], \"stride\": [16777216, 8388608, 262144, 4096, 64, 1]}, \"heatmap0\": {\"device\": \"cuda:0\", \"dtype\": \"torch.float32\", \"numel\": 262144, \"shape\": [1, 1, 64, 64, 64], \"stride\": [262144, 262144, 4096, 64, 1]}, \"input\": {\"device\": \"cuda:0\", \"dtype\": \"torch.float32\", \"numel\": 524288, \"shape\": [1, 2, 64, 64, 64], \"stride\": [524288, 262144, 4096, 64, 1]}, \"pass\": 1, \"role\": \"secondary\"}, {\"feature\": {\"device\": \"cuda:0\", \"dtype\": \"torch.float32\", \"numel\": 16777216, \"shape\": [1, 2, 32, 64, 64, 64], \"stride\": [16777216, 8388608, 262144, 4096, 64, 1]}, \"heatmap0\": {\"device\": \"cuda:0\", \"dtype\": \"torch.float32\", \"numel\": 262144, \"shape\": [1, 1, 64, 64, 64], \"stride\": [262144, 262144, 4096, 64, 1]}, \"input\": {\"device\": \"cuda:0\", \"dtype\": \"torch.float32\", \"numel\": 524288, \"shape\": [1, 2, 64, 64, 64], \"stride\": [524288, 262144, 4096, 64, 1]}, \"pass\": 2, \"role\": \"secondary\"}, {\"feature\": {\"device\": \"cuda:0\", \"dtype\": \"torch.float32\", \"numel\": 16777216, \"shape\": [1, 2, 32, 64, 64, 64], \"stride\": [16777216, 8388608, 262144, 4096, 64, 1]}, \"heatmap0\": {\"device\": \"cuda:0\", \"dtype\": \"torch.float32\", \"numel\": 262144, \"shape\": [1, 1, 64, 64, 64], \"stride\": [262144, 262144, 4096, 64, 1]}, \"input\": {\"device\": \"cuda:0\", \"dtype\": \"torch.float32\", \"numel\": 524288, \"shape\": [1, 2, 64, 64, 64], \"stride\": [524288, 262144, 4096, 64, 1]}, \"pass\": 3, \"role\": \"secondary\"}, {\"feature\": {\"device\": \"cuda:0\", \"dtype\": \"torch.float32\", \"numel\": 16777216, \"shape\": [1, 2, 32, 64, 64, 64], \"stride\": [16777216, 8388608, 262144, 4096, 64, 1]}, \"heatmap0\": {\"device\": \"cuda:0\", \"dtype\": \"torch.float32\", \"numel\": 262144, \"shape\": [1, 1, 64, 64, 64], \"stride\": [262144, 262144, 4096, 64, 1]}, \"input\": {\"device\": \"cuda:0\", \"dtype\": \"torch.float32\", \"numel\": 524288, \"shape\": [1, 2, 64, 64, 64], \"stride\": [524288, 262144, 4096, 64, 1]}, \"pass\": 4, \"role\": \"secondary\"}, {\"feature\": {\"device\": \"cuda:0\", \"dtype\": \"torch.float32\", \"numel\": 16777216, \"shape\": [1, 2, 32, 64, 64, 64], \"stride\": [16777216, 8388608, 262144, 4096, 64, 1]}, \"heatmap0\": {\"device\": \"cuda:0\", \"dtype\": \"torch.float32\", \"numel\": 262144, \"shape\": [1, 1, 64, 64, 64], \"stride\": [262144, 262144, 4096, 64, 1]}, \"input\": {\"device\": \"cuda:0\", \"dtype\": \"torch.float32\", \"numel\": 524288, \"shape\": [1, 2, 64, 64, 64], \"stride\": [524288, 262144, 4096, 1, 64]}, \"pass\": 5, \"role\": \"secondary\"}, {\"feature\": {\"device\": \"cuda:0\", \"dtype\": \"torch.float32\", \"numel\": 16777216, \"shape\": [1, 2, 32, 64, 64, 64], \"stride\": [16777216, 8388608, 262144, 4096, 64, 1]}, \"heatmap0\": {\"device\": \"cuda:0\", \"dtype\": \"torch.float32\", \"numel\": 262144, \"shape\": [1, 1, 64, 64, 64], \"stride\": [262144, 262144, 4096, 64, 1]}, \"input\": {\"device\": \"cuda:0\", \"dtype\": \"torch.float32\", \"numel\": 524288, \"shape\": [1, 2, 64, 64, 64], \"stride\": [524288, 262144, 4096, 1, 64]}, \"pass\": 6, \"role\": \"secondary\"}, {\"feature\": {\"device\": \"cuda:0\", \"dtype\": \"torch.float32\", \"numel\": 16777216, \"shape\": [1, 2, 32, 64, 64, 64], \"stride\": [16777216, 8388608, 262144, 4096, 64, 1]}, \"heatmap0\": {\"device\": \"cuda:0\", \"dtype\": \"torch.float32\", \"numel\": 262144, \"shape\": [1, 1, 64, 64, 64], \"stride\": [262144, 262144, 4096, 64, 1]}, \"input\": {\"device\": \"cuda:0\", \"dtype\": \"torch.float32\", \"numel\": 524288, \"shape\": [1, 2, 64, 64, 64], \"stride\": [524288, 262144, 4096, 1, 64]}, \"pass\": 7, \"role\": \"secondary\"}, {\"feature\": {\"device\": \"cuda:0\", \"dtype\": \"torch.float32\", \"numel\": 16777216, \"shape\": [1, 2, 32, 64, 64, 64], \"stride\": [16777216, 8388608, 262144, 4096, 64, 1]}, \"heatmap0\": {\"device\": \"cuda:0\", \"dtype\": \"torch.float32\", \"numel\": 262144, \"shape\": [1, 1, 64, 64, 64], \"stride\": [262144, 262144, 4096, 64, 1]}, \"input\": {\"device\": \"cuda:0\", \"dtype\": \"torch.float32\", \"numel\": 524288, \"shape\": [1, 2, 64, 64, 64], \"stride\": [524288, 262144, 4096, 1, 64]}, \"pass\": 8, \"role\": \"secondary\"}], \"event\": \"actual_predictor_window\", \"frames\": [0, 1], \"input\": {\"all_finite\": true, \"device\": \"cuda:0\", \"dtype\": \"torch.float32\", \"numel\": 524288, \"shape\": [1, 2, 64, 64, 64], \"stride\": [524288, 262144, 4096, 64, 1]}, \"input_parent\": \"/kaggle/input/competitions/biohub-cell-tracking-during-development/test\", \"seconds_including_common_audit\": 2.2927158689999487, \"window_index\": 1, \"worker_execution_settings\": {\"autocast_enabled\": false, \"cuda_runtime\": \"12.8\", \"cudnn_allow_tf32\": true, \"cudnn_benchmark\": false, \"cudnn_deterministic\": false, \"default_dtype\": \"torch.float32\", \"deterministic_algorithms\": false, \"float32_matmul_precision\": \"highest\", \"gpu_name\": \"Tesla T4\", \"grad_enabled\": false, \"matmul_allow_tf32\": false, \"torch_initial_seed\": 13630806136589802839, \"torch_version\": \"2.10.0+cu128\"}}\n"}
,{"stream_name":"stdout","time":448.419662947,"data":"EDGE_TTA_ACTIVE views= 8 mean_abs_feat_delta= 0.371861\n"}
,{"stream_name":"stdout","time":448.622036347,"data":"EDGE_TTA_ACTIVE views= 8 mean_abs_feat_delta= 0.371861\n"}
,{"stream_name":"stdout","time":448.638053399,"data":"EDGE_TTA_ACTIVE views= 8 mean_abs_feat_delta= 0.349425\n"}
,{"stream_name":"stdout","time":448.841138978,"data":"EDGE_TTA_ACTIVE views= 8 mean_abs_feat_delta= 0.349425\n"}
,{"stream_name":"stdout","time":449.384863318,"data":"PUBLIC946_GPU_SMOKE {\"arm\": \"C1\", \"association\": {\"actual_primary_logits_after_original_harmonic_fusion\": {\"all_finite\": true, \"device\": \"cuda:0\", \"dtype\": \"torch.float32\", \"numel\": 7310, \"shape\": [1, 86, 85], \"stride\": [7310, 85, 1]}, \"actual_secondary_feature_consumed\": true, \"actual_secondary_logits\": {\"all_finite\": true, \"device\": \"cuda:0\", \"dtype\": \"torch.float32\", \"numel\": 7310, \"shape\": [1, 86, 85], \"stride\": [7310, 85, 1]}, \"coordinate_grid\": {\"downsample\": [1.0, 4.0, 4.0], \"source\": {\"device\": \"cuda:0\", \"dtype\": \"torch.float32\", \"numel\": 258, \"shape\": [1, 86, 3], \"stride\": [86, 1, 86]}, \"target\": {\"device\": \"cuda:0\", \"dtype\": \"torch.float32\", \"numel\": 255, \"shape\": [1, 85, 3], \"stride\": [85, 1, 85]}}, \"diagnostic_edge_head_calls\": 1, \"diagnostic_encoder_calls\": 0, \"diagnostic_probabilities_used_in_production\": false, \"diagnostic_seconds\": 0.008714613999927678, \"frame_pair_index\": 0, \"primary_source_sampled_features\": {\"all_finite\": true, \"device\": \"cuda:0\", \"dtype\": \"torch.float32\", \"numel\": 2752, \"shape\": [1, 86, 32], \"stride\": [2752, 32, 1]}, \"primary_target_sampled_features\": {\"all_finite\": true, \"device\": \"cuda:0\", \"dtype\": \"torch.float32\", \"numel\": 2720, \"shape\": [1, 85, 32], \"stride\": [2720, 32, 1]}, \"probability_comparison_stage\": \"secondary edge-head softmax over parents, before original calibration and low-margin mixing\", \"probability_delta_vs_single_pass_same_coordinates\": {\"sample_elements\": 7310, \"sample_equal\": true, \"sample_max_abs_delta\": 0.0, \"sample_mean_abs_delta\": 0.0, \"sample_stride\": 1}, \"production_calls\": 1, \"same_low_margin_config\": {\"secondary_detection_weight\": 0.8, \"secondary_edge_weight\": 0.15, \"secondary_link_mode\": \"low_margin_consensus\"}, \"source_delta_vs_single_pass\": {\"sample_elements\": 2752, \"sample_equal\": true, \"sample_max_abs_delta\": 0.0, \"sample_mean_abs_delta\": 0.0, \"sample_stride\": 1}, \"source_sampled_features\": {\"all_finite\": true, \"device\": \"cuda:0\", \"dtype\": \"torch.float32\", \"numel\": 2752, \"shape\": [1, 86, 32], \"stride\": [2752, 32, 1]}, \"target_delta_vs_single_pass\": {\"sample_elements\": 2720, \"sample_equal\": true, \"sample_max_abs_delta\": 0.0, \"sample_mean_abs_delta\": 0.0, \"sample_stride\": 1}, \"target_sampled_features\": {\"all_finite\": true, \"device\": \"cuda:0\", \"dtype\": \"torch.float32\", \"numel\": 2720, \"shape\": [1, 85, 32], \"stride\": [2720, 32, 1]}}, \"association_calls\": 1, \"config\": {\"secondary_detection_weight\": 0.8, \"secondary_edge_weight\": 0.15, \"secondary_link_mode\": \"low_margin_consensus\"}, \"consumed_features\": {\"primary\": {\"all_finite\": true, \"delta_vs_single_pass\": {\"sample_elements\": 65536, \"sample_equal\": false, \"sample_max_abs_delta\": 1.7328300476074219, \"sample_mean_abs_delta\": 0.4278322458267212, \"sample_stride\": 256}, \"device\": \"cuda:0\", \"dtype\": \"torch.float32\", \"numel\": 16777216, \"original_encoded_feature_sample_unchanged\": true, \"same_storage_as_original\": false, \"shape\": [1, 2, 32, 64, 64, 64], \"single_pass\": {\"device\": \"cuda:0\", \"dtype\": \"torch.float32\", \"numel\": 16777216, \"shape\": [1, 2, 32, 64, 64, 64], \"stride\": [16777216, 8388608, 262144, 4096, 64, 1]}, \"stride\": [16777216, 8388608, 262144, 4096, 64, 1]}, \"secondary\": {\"all_finite\": true, \"delta_vs_single_pass\": {\"sample_elements\": 65536, \"sample_equal\": true, \"sample_max_abs_delta\": 0.0, \"sample_mean_abs_delta\": 0.0, \"sample_stride\": 256}, \"device\": \"cuda:0\", \"dtype\": \"torch.float32\", \"numel\": 16777216, \"original_encoded_feature_sample_unchanged\": true, \"same_storage_as_original\": true, \"shape\": [1, 2, 32, 64, 64, 64], \"single_pass\": {\"device\": \"cuda:0\", \"dtype\": \"torch.float32\", \"numel\": 16777216, \"shape\": [1, 2, 32, 64, 64, 64], \"stride\": [16777216, 8388608, 262144, 4096, 64, 1]}, \"stride\": [16777216, 8388608, 262144, 4096, 64, 1]}}, \"consumed_heatmaps\": [{\"all_finite\": true, \"device\": \"cuda:0\", \"dtype\": \"torch.float32\", \"numel\": 262144, \"shape\": [1, 1, 64, 64, 64], \"stride\": [262144, 262144, 4096, 64, 1]}, {\"all_finite\": true, \"device\": \"cuda:0\", \"dtype\": \"torch.float32\", \"numel\": 262144, \"shape\": [1, 1, 64, 64, 64], \"stride\": [262144, 262144, 4096, 64, 1]}], \"cuda_peak_allocated_bytes_process\": 728221696, \"cuda_peak_reserved_bytes_process\": 975175680, \"dataset\": \"6bba_05b6850b\", \"encode_calls\": {\"primary\": 8, \"secondary\": 8}, \"encode_seconds\": {\"primary\": 0.9882286580000255, \"secondary\": 0.9148357040003248}, \"encode_views\": [{\"feature\": {\"device\": \"cuda:0\", \"dtype\": \"torch.float32\", \"numel\": 16777216, \"shape\": [1, 2, 32, 64, 64, 64], \"stride\": [16777216, 8388608, 262144, 4096, 64, 1]}, \"heatmap0\": {\"device\": \"cuda:0\", \"dtype\": \"torch.float32\", \"numel\": 262144, \"shape\": [1, 1, 64, 64, 64], \"stride\": [262144, 262144, 4096, 64, 1]}, \"input\": {\"device\": \"cuda:0\", \"dtype\": \"torch.float32\", \"numel\": 524288, \"shape\": [1, 2, 64, 64, 64], \"stride\": [524288, 262144, 4096, 64, 1]}, \"pass\": 1, \"role\": \"primary\"}, {\"feature\": {\"device\": \"cuda:0\", \"dtype\": \"torch.float32\", \"numel\": 16777216, \"shape\": [1, 2, 32, 64, 64, 64], \"stride\": [16777216, 8388608, 262144, 4096, 64, 1]}, \"heatmap0\": {\"device\": \"cuda:0\", \"dtype\": \"torch.float32\", \"numel\": 262144, \"shape\": [1, 1, 64, 64, 64], \"stride\": [262144, 262144, 4096, 64, 1]}, \"input\": {\"device\": \"cuda:0\", \"dtype\": \"torch.float32\", \"numel\": 524288, \"shape\": [1, 2, 64, 64, 64], \"stride\": [524288, 262144, 4096, 64, 1]}, \"pass\": 2, \"role\": \"primary\"}, {\"feature\": {\"device\": \"cuda:0\", \"dtype\": \"torch.float32\", \"numel\": 16777216, \"shape\": [1, 2, 32, 64, 64, 64], \"stride\": [16777216, 8388608, 262144, 4096, 64, 1]}, \"heatmap0\": {\"device\": \"cuda:0\", \"dtype\": \"torch.float32\", \"numel\": 262144, \"shape\": [1, 1, 64, 64, 64], \"stride\": [262144, 262144, 4096, 64, 1]}, \"input\": {\"device\": \"cuda:0\", \"dtype\": \"torch.float32\", \"numel\": 524288, \"shape\": [1, 2, 64, 64, 64], \"stride\": [524288, 262144, 4096, 64, 1]}, \"pass\": 3, \"role\": \"primary\"}, {\"feature\": {\"device\": \"cuda:0\", \"dtype\": \"torch.float32\", \"numel\": 16777216, \"shape\": [1, 2, 32, 64, 64, 64], \"stride\": [16777216, 8388608, 262144, 4096, 64, 1]}, \"heatmap0\": {\"device\": \"cuda:0\", \"dtype\": \"torch.float32\", \"numel\": 262144, \"shape\": [1, 1, 64, 64, 64], \"stride\": [262144, 262144, 4096, 64, 1]}, \"input\": {\"device\": \"cuda:0\", \"dtype\": \"torch.float32\", \"numel\": 524288, \"shape\": [1, 2, 64, 64, 64], \"stride\": [524288, 262144, 4096, 64, 1]}, \"pass\": 4, \"role\": \"primary\"}, {\"feature\": {\"device\": \"cuda:0\", \"dtype\": \"torch.float32\", \"numel\": 16777216, \"shape\": [1, 2, 32, 64, 64, 64], \"stride\": [16777216, 8388608, 262144, 4096, 64, 1]}, \"heatmap0\": {\"device\": \"cuda:0\", \"dtype\": \"torch.float32\", \"numel\": 262144, \"shape\": [1, 1, 64, 64, 64], \"stride\": [262144, 262144, 4096, 64, 1]}, \"input\": {\"device\": \"cuda:0\", \"dtype\": \"torch.float32\", \"numel\": 524288, \"shape\": [1, 2, 64, 64, 64], \"stride\": [524288, 262144, 4096, 1, 64]}, \"pass\": 5, \"role\": \"primary\"}, {\"feature\": {\"device\": \"cuda:0\", \"dtype\": \"torch.float32\", \"numel\": 16777216, \"shape\": [1, 2, 32, 64, 64, 64], \"stride\": [16777216, 8388608, 262144, 4096, 64, 1]}, \"heatmap0\": {\"device\": \"cuda:0\", \"dtype\": \"torch.float32\", \"numel\": 262144, \"shape\": [1, 1, 64, 64, 64], \"stride\": [262144, 262144, 4096, 64, 1]}, \"input\": {\"device\": \"cuda:0\", \"dtype\": \"torch.float32\", \"numel\": 524288, \"shape\": [1, 2, 64, 64, 64], \"stride\": [524288, 262144, 4096, 1, 64]}, \"pass\": 6, \"role\": \"primary\"}, {\"feature\": {\"device\": \"cuda:0\", \"dtype\": \"torch.float32\", \"numel\": 16777216, \"shape\": [1, 2, 32, 64, 64, 64], \"stride\": [16777216, 8388608, 262144, 4096, 64, 1]}, \"heatmap0\": {\"device\": \"cuda:0\", \"dtype\": \"torch.float32\", \"numel\": 262144, \"shape\": [1, 1, 64, 64, 64], \"stride\": [262144, 262144, 4096, 64, 1]}, \"input\": {\"device\": \"cuda:0\", \"dtype\": \"torch.float32\", \"numel\": 524288, \"shape\": [1, 2, 64, 64, 64], \"stride\": [524288, 262144, 4096, 1, 64]}, \"pass\": 7, \"role\": \"primary\"}, {\"feature\": {\"device\": \"cuda:0\", \"dtype\": \"torch.float32\", \"numel\": 16777216, \"shape\": [1, 2, 32, 64, 64, 64], \"stride\": [16777216, 8388608, 262144, 4096, 64, 1]}, \"heatmap0\": {\"device\": \"cuda:0\", \"dtype\": \"torch.float32\", \"numel\": 262144, \"shape\": [1, 1, 64, 64, 64], \"stride\": [262144, 262144, 4096, 64, 1]}, \"input\": {\"device\": \"cuda:0\", \"dtype\": \"torch.float32\", \"numel\": 524288, \"shape\": [1, 2, 64, 64, 64], \"stride\": [524288, 262144, 4096, 1, 64]}, \"pass\": 8, \"role\": \"primary\"}, {\"feature\": {\"device\": \"cuda:0\", \"dtype\": \"torch.float32\", \"numel\": 16777216, \"shape\": [1, 2, 32, 64, 64, 64], \"stride\": [16777216, 8388608, 262144, 4096, 64, 1]}, \"heatmap0\": {\"device\": \"cuda:0\", \"dtype\": \"torch.float32\", \"numel\": 262144, \"shape\": [1, 1, 64, 64, 64], \"stride\": [262144, 262144, 4096, 64, 1]}, \"input\": {\"device\": \"cuda:0\", \"dtype\": \"torch.float32\", \"numel\": 524288, \"shape\": [1, 2, 64, 64, 64], \"stride\": [524288, 262144, 4096, 64, 1]}, \"pass\": 1, \"role\": \"secondary\"}, {\"feature\": {\"device\": \"cuda:0\", \"dtype\": \"torch.float32\", \"numel\": 16777216, \"shape\": [1, 2, 32, 64, 64, 64], \"stride\": [16777216, 8388608, 262144, 4096, 64, 1]}, \"heatmap0\": {\"device\": \"cuda:0\", \"dtype\": \"torch.float32\", \"numel\": 262144, \"shape\": [1, 1, 64, 64, 64], \"stride\": [262144, 262144, 4096, 64, 1]}, \"input\": {\"device\": \"cuda:0\", \"dtype\": \"torch.float32\", \"numel\": 524288, \"shape\": [1, 2, 64, 64, 64], \"stride\": [524288, 262144, 4096, 64, 1]}, \"pass\": 2, \"role\": \"secondary\"}, {\"feature\": {\"device\": \"cuda:0\", \"dtype\": \"torch.float32\", \"numel\": 16777216, \"shape\": [1, 2, 32, 64, 64, 64], \"stride\": [16777216, 8388608, 262144, 4096, 64, 1]}, \"heatmap0\": {\"device\": \"cuda:0\", \"dtype\": \"torch.float32\", \"numel\": 262144, \"shape\": [1, 1, 64, 64, 64], \"stride\": [262144, 262144, 4096, 64, 1]}, \"input\": {\"device\": \"cuda:0\", \"dtype\": \"torch.float32\", \"numel\": 524288, \"shape\": [1, 2, 64, 64, 64], \"stride\": [524288, 262144, 4096, 64, 1]}, \"pass\": 3, \"role\": \"secondary\"}, {\"feature\": {\"device\": \"cuda:0\", \"dtype\": \"torch.float32\", \"numel\": 16777216, \"shape\": [1, 2, 32, 64, 64, 64], \"stride\": [16777216, 8388608, 262144, 4096, 64, 1]}, \"heatmap0\": {\"device\": \"cuda:0\", \"dtype\": \"torch.float32\", \"numel\": 262144, \"shape\": [1, 1, 64, 64, 64], \"stride\": [262144, 262144, 4096, 64, 1]}, \"input\": {\"device\": \"cuda:0\", \"dtype\": \"torch.float32\", \"numel\": 524288, \"shape\": [1, 2, 64, 64, 64], \"stride\": [524288, 262144, 4096, 64, 1]}, \"pass\": 4, \"role\": \"secondary\"}, {\"feature\": {\"device\": \"cuda:0\", \"dtype\": \"torch.float32\", \"numel\": 16777216, \"shape\": [1, 2, 32, 64, 64, 64], \"stride\": [16777216, 8388608, 262144, 4096, 64, 1]}, \"heatmap0\": {\"device\": \"cuda:0\", \"dtype\": \"torch.float32\", \"numel\": 262144, \"shape\": [1, 1, 64, 64, 64], \"stride\": [262144, 262144, 4096, 64, 1]}, \"input\": {\"device\": \"cuda:0\", \"dtype\": \"torch.float32\", \"numel\": 524288, \"shape\": [1, 2, 64, 64, 64], \"stride\": [524288, 262144, 4096, 1, 64]}, \"pass\": 5, \"role\": \"secondary\"}, {\"feature\": {\"device\": \"cuda:0\", \"dtype\": \"torch.float32\", \"numel\": 16777216, \"shape\": [1, 2, 32, 64, 64, 64], \"stride\": [16777216, 8388608, 262144, 4096, 64, 1]}, \"heatmap0\": {\"device\": \"cuda:0\", \"dtype\": \"torch.float32\", \"numel\": 262144, \"shape\": [1, 1, 64, 64, 64], \"stride\": [262144, 262144, 4096, 64, 1]}, \"input\": {\"device\": \"cuda:0\", \"dtype\": \"torch.float32\", \"numel\": 524288, \"shape\": [1, 2, 64, 64, 64], \"stride\": [524288, 262144, 4096, 1, 64]}, \"pass\": 6, \"role\": \"secondary\"}, {\"feature\": {\"device\": \"cuda:0\", \"dtype\": \"torch.float32\", \"numel\": 16777216, \"shape\": [1, 2, 32, 64, 64, 64], \"stride\": [16777216, 8388608, 262144, 4096, 64, 1]}, \"heatmap0\": {\"device\": \"cuda:0\", \"dtype\": \"torch.float32\", \"numel\": 262144, \"shape\": [1, 1, 64, 64, 64], \"stride\": [262144, 262144, 4096, 64, 1]}, \"input\": {\"device\": \"cuda:0\", \"dtype\": \"torch.float32\", \"numel\": 524288, \"shape\": [1, 2, 64, 64, 64], \"stride\": [524288, 262144, 4096, 1, 64]}, \"pass\": 7, \"role\": \"secondary\"}, {\"feature\": {\"device\": \"cuda:0\", \"dtype\": \"torch.float32\", \"numel\": 16777216, \"shape\": [1, 2, 32, 64, 64, 64], \"stride\": [16777216, 8388608, 262144, 4096, 64, 1]}, \"heatmap0\": {\"device\": \"cuda:0\", \"dtype\": \"torch.float32\", \"numel\": 262144, \"shape\": [1, 1, 64, 64, 64], \"stride\": [262144, 262144, 4096, 64, 1]}, \"input\": {\"device\": \"cuda:0\", \"dtype\": \"torch.float32\", \"numel\": 524288, \"shape\": [1, 2, 64, 64, 64], \"stride\": [524288, 262144, 4096, 1, 64]}, \"pass\": 8, \"role\": \"secondary\"}], \"event\": \"actual_predictor_window\", \"frames\": [0, 1], \"input\": {\"all_finite\": true, \"device\": \"cuda:0\", \"dtype\": \"torch.float32\", \"numel\": 524288, \"shape\": [1, 2, 64, 64, 64], \"stride\": [524288, 262144, 4096, 64, 1]}, \"input_parent\": \"/kaggle/input/competitions/biohub-cell-tracking-during-development/test\", \"seconds_including_common_audit\": 1.9675841069999933, \"window_index\": 1, \"worker_execution_settings\": {\"autocast_enabled\": false, \"cuda_runtime\": \"12.8\", \"cudnn_allow_tf32\": true, \"cudnn_benchmark\": false, \"cudnn_deterministic\": false, \"default_dtype\": \"torch.float32\", \"deterministic_algorithms\": false, \"float32_matmul_precision\": \"highest\", \"gpu_name\": \"Tesla T4\", \"grad_enabled\": false, \"matmul_allow_tf32\": false, \"torch_initial_seed\": 15581666753487229447, \"torch_version\": \"2.10.0+cu128\"}}\n"}
,{"stream_name":"stdout","time":449.587857829,"data":"PUBLIC946_GPU_SMOKE {\"arm\": \"C1\", \"association\": {\"actual_primary_logits_after_original_harmonic_fusion\": {\"all_finite\": true, \"device\": \"cuda:0\", \"dtype\": \"torch.float32\", \"numel\": 7310, \"shape\": [1, 86, 85], \"stride\": [7310, 85, 1]}, \"actual_secondary_feature_consumed\": true, \"actual_secondary_logits\": {\"all_finite\": true, \"device\": \"cuda:0\", \"dtype\": \"torch.float32\", \"numel\": 7310, \"shape\": [1, 86, 85], \"stride\": [7310, 85, 1]}, \"coordinate_grid\": {\"downsample\": [1.0, 4.0, 4.0], \"source\": {\"device\": \"cuda:0\", \"dtype\": \"torch.float32\", \"numel\": 258, \"shape\": [1, 86, 3], \"stride\": [86, 1, 86]}, \"target\": {\"device\": \"cuda:0\", \"dtype\": \"torch.float32\", \"numel\": 255, \"shape\": [1, 85, 3], \"stride\": [85, 1, 85]}}, \"diagnostic_edge_head_calls\": 1, \"diagnostic_encoder_calls\": 0, \"diagnostic_probabilities_used_in_production\": false, \"diagnostic_seconds\": 0.008714613999927678, \"frame_pair_index\": 0, \"primary_source_sampled_features\": {\"all_finite\": true, \"device\": \"cuda:0\", \"dtype\": \"torch.float32\", \"numel\": 2752, \"shape\": [1, 86, 32], \"stride\": [2752, 32, 1]}, \"primary_target_sampled_features\": {\"all_finite\": true, \"device\": \"cuda:0\", \"dtype\": \"torch.float32\", \"numel\": 2720, \"shape\": [1, 85, 32], \"stride\": [2720, 32, 1]}, \"probability_comparison_stage\": \"secondary edge-head softmax over parents, before original calibration and low-margin mixing\", \"probability_delta_vs_single_pass_same_coordinates\": {\"sample_elements\": 7310, \"sample_equal\": true, \"sample_max_abs_delta\": 0.0, \"sample_mean_abs_delta\": 0.0, \"sample_stride\": 1}, \"production_calls\": 1, \"same_low_margin_config\": {\"secondary_detection_weight\": 0.8, \"secondary_edge_weight\": 0.15, \"secondary_link_mode\": \"low_margin_consensus\"}, \"source_delta_vs_single_pass\": {\"sample_elements\": 2752, \"sample_equal\": true, \"sample_max_abs_delta\": 0.0, \"sample_mean_abs_delta\": 0.0, \"sample_stride\": 1}, \"source_sampled_features\": {\"all_finite\": true, \"device\": \"cuda:0\", \"dtype\": \"torch.float32\", \"numel\": 2752, \"shape\": [1, 86, 32], \"stride\": [2752, 32, 1]}, \"target_delta_vs_single_pass\": {\"sample_elements\": 2720, \"sample_equal\": true, \"sample_max_abs_delta\": 0.0, \"sample_mean_abs_delta\": 0.0, \"sample_stride\": 1}, \"target_sampled_features\": {\"all_finite\": true, \"device\": \"cuda:0\", \"dtype\": \"torch.float32\", \"numel\": 2720, \"shape\": [1, 85, 32], \"stride\": [2720, 32, 1]}}, \"association_calls\": 1, \"config\": {\"secondary_detection_weight\": 0.8, \"secondary_edge_weight\": 0.15, \"secondary_link_mode\": \"low_margin_consensus\"}, \"consumed_features\": {\"primary\": {\"all_finite\": true, \"delta_vs_single_pass\": {\"sample_elements\": 65536, \"sample_equal\": false, \"sample_max_abs_delta\": 1.7328300476074219, \"sample_mean_abs_delta\": 0.4278322458267212, \"sample_stride\": 256}, \"device\": \"cuda:0\", \"dtype\": \"torch.float32\", \"numel\": 16777216, \"original_encoded_feature_sample_unchanged\": true, \"same_storage_as_original\": false, \"shape\": [1, 2, 32, 64, 64, 64], \"single_pass\": {\"device\": \"cuda:0\", \"dtype\": \"torch.float32\", \"numel\": 16777216, \"shape\": [1, 2, 32, 64, 64, 64], \"stride\": [16777216, 8388608, 262144, 4096, 64, 1]}, \"stride\": [16777216, 8388608, 262144, 4096, 64, 1]}, \"secondary\": {\"all_finite\": true, \"delta_vs_single_pass\": {\"sample_elements\": 65536, \"sample_equal\": true, \"sample_max_abs_delta\": 0.0, \"sample_mean_abs_delta\": 0.0, \"sample_stride\": 256}, \"device\": \"cuda:0\", \"dtype\": \"torch.float32\", \"numel\": 16777216, \"original_encoded_feature_sample_unchanged\": true, \"same_storage_as_original\": true, \"shape\": [1, 2, 32, 64, 64, 64], \"single_pass\": {\"device\": \"cuda:0\", \"dtype\": \"torch.float32\", \"numel\": 16777216, \"shape\": [1, 2, 32, 64, 64, 64], \"stride\": [16777216, 8388608, 262144, 4096, 64, 1]}, \"stride\": [16777216, 8388608, 262144, 4096, 64, 1]}}, \"consumed_heatmaps\": [{\"all_finite\": true, \"device\": \"cuda:0\", \"dtype\": \"torch.float32\", \"numel\": 262144, \"shape\": [1, 1, 64, 64, 64], \"stride\": [262144, 262144, 4096, 64, 1]}, {\"all_finite\": true, \"device\": \"cuda:0\", \"dtype\": \"torch.float32\", \"numel\": 262144, \"shape\": [1, 1, 64, 64, 64], \"stride\": [262144, 262144, 4096, 64, 1]}], \"cuda_peak_allocated_bytes_process\": 728221696, \"cuda_peak_reserved_bytes_process\": 975175680, \"dataset\": \"6bba_05b6850b\", \"encode_calls\": {\"primary\": 8, \"secondary\": 8}, \"encode_seconds\": {\"primary\": 0.9882286580000255, \"secondary\": 0.9148357040003248}, \"encode_views\": [{\"feature\": {\"device\": \"cuda:0\", \"dtype\": \"torch.float32\", \"numel\": 16777216, \"shape\": [1, 2, 32, 64, 64, 64], \"stride\": [16777216, 8388608, 262144, 4096, 64, 1]}, \"heatmap0\": {\"device\": \"cuda:0\", \"dtype\": \"torch.float32\", \"numel\": 262144, \"shape\": [1, 1, 64, 64, 64], \"stride\": [262144, 262144, 4096, 64, 1]}, \"input\": {\"device\": \"cuda:0\", \"dtype\": \"torch.float32\", \"numel\": 524288, \"shape\": [1, 2, 64, 64, 64], \"stride\": [524288, 262144, 4096, 64, 1]}, \"pass\": 1, \"role\": \"primary\"}, {\"feature\": {\"device\": \"cuda:0\", \"dtype\": \"torch.float32\", \"numel\": 16777216, \"shape\": [1, 2, 32, 64, 64, 64], \"stride\": [16777216, 8388608, 262144, 4096, 64, 1]}, \"heatmap0\": {\"device\": \"cuda:0\", \"dtype\": \"torch.float32\", \"numel\": 262144, \"shape\": [1, 1, 64, 64, 64], \"stride\": [262144, 262144, 4096, 64, 1]}, \"input\": {\"device\": \"cuda:0\", \"dtype\": \"torch.float32\", \"numel\": 524288, \"shape\": [1, 2, 64, 64, 64], \"stride\": [524288, 262144, 4096, 64, 1]}, \"pass\": 2, \"role\": \"primary\"}, {\"feature\": {\"device\": \"cuda:0\", \"dtype\": \"torch.float32\", \"numel\": 16777216, \"shape\": [1, 2, 32, 64, 64, 64], \"stride\": [16777216, 8388608, 262144, 4096, 64, 1]}, \"heatmap0\": {\"device\": \"cuda:0\", \"dtype\": \"torch.float32\", \"numel\": 262144, \"shape\": [1, 1, 64, 64, 64], \"stride\": [262144, 262144, 4096, 64, 1]}, \"input\": {\"device\": \"cuda:0\", \"dtype\": \"torch.float32\", \"numel\": 524288, \"shape\": [1, 2, 64, 64, 64], \"stride\": [524288, 262144, 4096, 64, 1]}, \"pass\": 3, \"role\": \"primary\"}, {\"feature\": {\"device\": \"cuda:0\", \"dtype\": \"torch.float32\", \"numel\": 16777216, \"shape\": [1, 2, 32, 64, 64, 64], \"stride\": [16777216, 8388608, 262144, 4096, 64, 1]}, \"heatmap0\": {\"device\": \"cuda:0\", \"dtype\": \"torch.float32\", \"numel\": 262144, \"shape\": [1, 1, 64, 64, 64], \"stride\": [262144, 262144, 4096, 64, 1]}, \"input\": {\"device\": \"cuda:0\", \"dtype\": \"torch.float32\", \"numel\": 524288, \"shape\": [1, 2, 64, 64, 64], \"stride\": [524288, 262144, 4096, 64, 1]}, \"pass\": 4, \"role\": \"primary\"}, {\"feature\": {\"device\": \"cuda:0\", \"dtype\": \"torch.float32\", \"numel\": 16777216, \"shape\": [1, 2, 32, 64, 64, 64], \"stride\": [16777216, 8388608, 262144, 4096, 64, 1]}, \"heatmap0\": {\"device\": \"cuda:0\", \"dtype\": \"torch.float32\", \"numel\": 262144, \"shape\": [1, 1, 64, 64, 64], \"stride\": [262144, 262144, 4096, 64, 1]}, \"input\": {\"device\": \"cuda:0\", \"dtype\": \"torch.float32\", \"numel\": 524288, \"shape\": [1, 2, 64, 64, 64], \"stride\": [524288, 262144, 4096, 1, 64]}, \"pass\": 5, \"role\": \"primary\"}, {\"feature\": {\"device\": \"cuda:0\", \"dtype\": \"torch.float32\", \"numel\": 16777216, \"shape\": [1, 2, 32, 64, 64, 64], \"stride\": [16777216, 8388608, 262144, 4096, 64, 1]}, \"heatmap0\": {\"device\": \"cuda:0\", \"dtype\": \"torch.float32\", \"numel\": 262144, \"shape\": [1, 1, 64, 64, 64], \"stride\": [262144, 262144, 4096, 64, 1]}, \"input\": {\"device\": \"cuda:0\", \"dtype\": \"torch.float32\", \"numel\": 524288, \"shape\": [1, 2, 64, 64, 64], \"stride\": [524288, 262144, 4096, 1, 64]}, \"pass\": 6, \"role\": \"primary\"}, {\"feature\": {\"device\": \"cuda:0\", \"dtype\": \"torch.float32\", \"numel\": 16777216, \"shape\": [1, 2, 32, 64, 64, 64], \"stride\": [16777216, 8388608, 262144, 4096, 64, 1]}, \"heatmap0\": {\"device\": \"cuda:0\", \"dtype\": \"torch.float32\", \"numel\": 262144, \"shape\": [1, 1, 64, 64, 64], \"stride\": [262144, 262144, 4096, 64, 1]}, \"input\": {\"device\": \"cuda:0\", \"dtype\": \"torch.float32\", \"numel\": 524288, \"shape\": [1, 2, 64, 64, 64], \"stride\": [524288, 262144, 4096, 1, 64]}, \"pass\": 7, \"role\": \"primary\"}, {\"feature\": {\"device\": \"cuda:0\", \"dtype\": \"torch.float32\", \"numel\": 16777216, \"shape\": [1, 2, 32, 64, 64, 64], \"stride\": [16777216, 8388608, 262144, 4096, 64, 1]}, \"heatmap0\": {\"device\": \"cuda:0\", \"dtype\": \"torch.float32\", \"numel\": 262144, \"shape\": [1, 1, 64, 64, 64], \"stride\": [262144, 262144, 4096, 64, 1]}, \"input\": {\"device\": \"cuda:0\", \"dtype\": \"torch.float32\", \"numel\": 524288, \"shape\": [1, 2, 64, 64, 64], \"stride\": [524288, 262144, 4096, 1, 64]}, \"pass\": 8, \"role\": \"primary\"}, {\"feature\": {\"device\": \"cuda:0\", \"dtype\": \"torch.float32\", \"numel\": 16777216, \"shape\": [1, 2, 32, 64, 64, 64], \"stride\": [16777216, 8388608, 262144, 4096, 64, 1]}, \"heatmap0\": {\"device\": \"cuda:0\", \"dtype\": \"torch.float32\", \"numel\": 262144, \"shape\": [1, 1, 64, 64, 64], \"stride\": [262144, 262144, 4096, 64, 1]}, \"input\": {\"device\": \"cuda:0\", \"dtype\": \"torch.float32\", \"numel\": 524288, \"shape\": [1, 2, 64, 64, 64], \"stride\": [524288, 262144, 4096, 64, 1]}, \"pass\": 1, \"role\": \"secondary\"}, {\"feature\": {\"device\": \"cuda:0\", \"dtype\": \"torch.float32\", \"numel\": 16777216, \"shape\": [1, 2, 32, 64, 64, 64], \"stride\": [16777216, 8388608, 262144, 4096, 64, 1]}, \"heatmap0\": {\"device\": \"cuda:0\", \"dtype\": \"torch.float32\", \"numel\": 262144, \"shape\": [1, 1, 64, 64, 64], \"stride\": [262144, 262144, 4096, 64, 1]}, \"input\": {\"device\": \"cuda:0\", \"dtype\": \"torch.float32\", \"numel\": 524288, \"shape\": [1, 2, 64, 64, 64], \"stride\": [524288, 262144, 4096, 64, 1]}, \"pass\": 2, \"role\": \"secondary\"}, {\"feature\": {\"device\": \"cuda:0\", \"dtype\": \"torch.float32\", \"numel\": 16777216, \"shape\": [1, 2, 32, 64, 64, 64], \"stride\": [16777216, 8388608, 262144, 4096, 64, 1]}, \"heatmap0\": {\"device\": \"cuda:0\", \"dtype\": \"torch.float32\", \"numel\": 262144, \"shape\": [1, 1, 64, 64, 64], \"stride\": [262144, 262144, 4096, 64, 1]}, \"input\": {\"device\": \"cuda:0\", \"dtype\": \"torch.float32\", \"numel\": 524288, \"shape\": [1, 2, 64, 64, 64], \"stride\": [524288, 262144, 4096, 64, 1]}, \"pass\": 3, \"role\": \"secondary\"}, {\"feature\": {\"device\": \"cuda:0\", \"dtype\": \"torch.float32\", \"numel\": 16777216, \"shape\": [1, 2, 32, 64, 64, 64], \"stride\": [16777216, 8388608, 262144, 4096, 64, 1]}, \"heatmap0\": {\"device\": \"cuda:0\", \"dtype\": \"torch.float32\", \"numel\": 262144, \"shape\": [1, 1, 64, 64, 64], \"stride\": [262144, 262144, 4096, 64, 1]}, \"input\": {\"device\": \"cuda:0\", \"dtype\": \"torch.float32\", \"numel\": 524288, \"shape\": [1, 2, 64, 64, 64], \"stride\": [524288, 262144, 4096, 64, 1]}, \"pass\": 4, \"role\": \"secondary\"}, {\"feature\": {\"device\": \"cuda:0\", \"dtype\": \"torch.float32\", \"numel\": 16777216, \"shape\": [1, 2, 32, 64, 64, 64], \"stride\": [16777216, 8388608, 262144, 4096, 64, 1]}, \"heatmap0\": {\"device\": \"cuda:0\", \"dtype\": \"torch.float32\", \"numel\": 262144, \"shape\": [1, 1, 64, 64, 64], \"stride\": [262144, 262144, 4096, 64, 1]}, \"input\": {\"device\": \"cuda:0\", \"dtype\": \"torch.float32\", \"numel\": 524288, \"shape\": [1, 2, 64, 64, 64], \"stride\": [524288, 262144, 4096, 1, 64]}, \"pass\": 5, \"role\": \"secondary\"}, {\"feature\": {\"device\": \"cuda:0\", \"dtype\": \"torch.float32\", \"numel\": 16777216, \"shape\": [1, 2, 32, 64, 64, 64], \"stride\": [16777216, 8388608, 262144, 4096, 64, 1]}, \"heatmap0\": {\"device\": \"cuda:0\", \"dtype\": \"torch.float32\", \"numel\": 262144, \"shape\": [1, 1, 64, 64, 64], \"stride\": [262144, 262144, 4096, 64, 1]}, \"input\": {\"device\": \"cuda:0\", \"dtype\": \"torch.float32\", \"numel\": 524288, \"shape\": [1, 2, 64, 64, 64], \"stride\": [524288, 262144, 4096, 1, 64]}, \"pass\": 6, \"role\": \"secondary\"}, {\"feature\": {\"device\": \"cuda:0\", \"dtype\": \"torch.float32\", \"numel\": 16777216, \"shape\": [1, 2, 32, 64, 64, 64], \"stride\": [16777216, 8388608, 262144, 4096, 64, 1]}, \"heatmap0\": {\"device\": \"cuda:0\", \"dtype\": \"torch.float32\", \"numel\": 262144, \"shape\": [1, 1, 64, 64, 64], \"stride\": [262144, 262144, 4096, 64, 1]}, \"input\": {\"device\": \"cuda:0\", \"dtype\": \"torch.float32\", \"numel\": 524288, \"shape\": [1, 2, 64, 64, 64], \"stride\": [524288, 262144, 4096, 1, 64]}, \"pass\": 7, \"role\": \"secondary\"}, {\"feature\": {\"device\": \"cuda:0\", \"dtype\": \"torch.float32\", \"numel\": 16777216, \"shape\": [1, 2, 32, 64, 64, 64], \"stride\": [16777216, 8388608, 262144, 4096, 64, 1]}, \"heatmap0\": {\"device\": \"cuda:0\", \"dtype\": \"torch.float32\", \"numel\": 262144, \"shape\": [1, 1, 64, 64, 64], \"stride\": [262144, 262144, 4096, 64, 1]}, \"input\": {\"device\": \"cuda:0\", \"dtype\": \"torch.float32\", \"numel\": 524288, \"shape\": [1, 2, 64, 64, 64], \"stride\": [524288, 262144, 4096, 1, 64]}, \"pass\": 8, \"role\": \"secondary\"}], \"event\": \"actual_predictor_window\", \"frames\": [0, 1], \"input\": {\"all_finite\": true, \"device\": \"cuda:0\", \"dtype\": \"torch.float32\", \"numel\": 524288, \"shape\": [1, 2, 64, 64, 64], \"stride\": [524288, 262144, 4096, 64, 1]}, \"input_parent\": \"/kaggle/input/competitions/biohub-cell-tracking-during-development/test\", \"seconds_including_common_audit\": 1.9675841069999933, \"window_index\": 1, \"worker_execution_settings\": {\"autocast_enabled\": false, \"cuda_runtime\": \"12.8\", \"cudnn_allow_tf32\": true, \"cudnn_benchmark\": false, \"cudnn_deterministic\": false, \"default_dtype\": \"torch.float32\", \"deterministic_algorithms\": false, \"float32_matmul_precision\": \"highest\", \"gpu_name\": \"Tesla T4\", \"grad_enabled\": false, \"matmul_allow_tf32\": false, \"torch_initial_seed\": 15581666753487229447, \"torch_version\": \"2.10.0+cu128\"}}\n"}
,{"stream_name":"stdout","time":450.381634137,"data":"EDGE_TTA_ACTIVE views= 8 mean_abs_feat_delta= 0.373996\n"}
,{"stream_name":"stdout","time":450.584367224,"data":"EDGE_TTA_ACTIVE views= 8 mean_abs_feat_delta= 0.373996\n"}
,{"stream_name":"stdout","time":450.947395224,"data":"EDGE_TTA_ACTIVE views= 8 mean_abs_feat_delta= 0.345926\n"}
,{"stream_name":"stdout","time":451.150076293,"data":"EDGE_TTA_ACTIVE views= 8 mean_abs_feat_delta= 0.345926\n"}
,{"stream_name":"stdout","time":452.359583235,"data":"EDGE_TTA_ACTIVE views= 8 mean_abs_feat_delta= 0.377724\n"}
,{"stream_name":"stdout","time":452.561951112,"data":"EDGE_TTA_ACTIVE views= 8 mean_abs_feat_delta= 0.377724\n"}
,{"stream_name":"stdout","time":453.211861009,"data":"EDGE_TTA_ACTIVE views= 8 mean_abs_feat_delta= 0.343575\n"}
,{"stream_name":"stdout","time":453.414630398,"data":"EDGE_TTA_ACTIVE views= 8 mean_abs_feat_delta= 0.343575\n"}
,{"stream_name":"stdout","time":454.316563328,"data":"EDGE_TTA_ACTIVE views= 8 mean_abs_feat_delta= 0.380575\n"}
,{"stream_name":"stdout","time":454.51875561,"data":"EDGE_TTA_ACTIVE views= 8 mean_abs_feat_delta= 0.380575\n"}
,{"stream_name":"stdout","time":455.556404029,"data":"EDGE_TTA_ACTIVE views= 8 mean_abs_feat_delta= 0.346887\n"}
,{"stream_name":"stdout","time":455.786004401,"data":"EDGE_TTA_ACTIVE views= 8 mean_abs_feat_delta= 0.346887\n"}
,{"stream_name":"stdout","time":456.315381091,"data":"EDGE_TTA_ACTIVE views= 8 mean_abs_feat_delta= 0.363601\n"}
,{"stream_name":"stdout","time":456.517771121,"data":"EDGE_TTA_ACTIVE views= 8 mean_abs_feat_delta= 0.363601\n"}
,{"stream_name":"stdout","time":457.907885735,"data":"EDGE_TTA_ACTIVE views= 8 mean_abs_feat_delta= 0.346346\n"}
,{"stream_name":"stdout","time":458.110305337,"data":"EDGE_TTA_ACTIVE views= 8 mean_abs_feat_delta= 0.346346\n"}
,{"stream_name":"stdout","time":458.302484715,"data":"EDGE_TTA_ACTIVE views= 8 mean_abs_feat_delta= 0.383693\n"}
,{"stream_name":"stdout","time":458.504859911,"data":"EDGE_TTA_ACTIVE views= 8 mean_abs_feat_delta= 0.383693\n"}
,{"stream_name":"stdout","time":460.288126149,"data":"EDGE_TTA_ACTIVE views= 8 mean_abs_feat_delta= 0.346973\n"}
,{"stream_name":"stdout","time":460.340090746,"data":"EDGE_TTA_ACTIVE views= 8 mean_abs_feat_delta= 0.385986\n"}
,{"stream_name":"stdout","time":460.490588231,"data":"EDGE_TTA_ACTIVE views= 8 mean_abs_feat_delta= 0.346973\n"}
,{"stream_name":"stdout","time":460.490623857,"data":"EDGE_TTA_ACTIVE views= 8 mean_abs_feat_delta= 0.385986\n"}
,{"stream_name":"stdout","time":462.300871428,"data":"EDGE_TTA_ACTIVE views= 8 mean_abs_feat_delta= 0.377214\n"}
,{"stream_name":"stdout","time":462.5031356,"data":"EDGE_TTA_ACTIVE views= 8 mean_abs_feat_delta= 0.377214\n"}
,{"stream_name":"stdout","time":462.669704107,"data":"EDGE_TTA_ACTIVE views= 8 mean_abs_feat_delta= 0.344778\n"}
,{"stream_name":"stdout","time":462.871970435,"data":"EDGE_TTA_ACTIVE views= 8 mean_abs_feat_delta= 0.344778\n"}
,{"stream_name":"stdout","time":464.303966859,"data":"EDGE_TTA_ACTIVE views= 8 mean_abs_feat_delta= 0.374944\n"}
,{"stream_name":"stdout","time":464.506283692,"data":"EDGE_TTA_ACTIVE views= 8 mean_abs_feat_delta= 0.374944\n"}
,{"stream_name":"stdout","time":465.034862929,"data":"EDGE_TTA_ACTIVE views= 8 mean_abs_feat_delta= 0.347914\n"}
,{"stream_name":"stdout","time":465.23743639,"data":"EDGE_TTA_ACTIVE views= 8 mean_abs_feat_delta= 0.347914\n"}
,{"stream_name":"stdout","time":466.349578916,"data":"EDGE_TTA_ACTIVE views= 8 mean_abs_feat_delta= 0.379503\n"}
,{"stream_name":"stdout","time":466.551823355,"data":"EDGE_TTA_ACTIVE views= 8 mean_abs_feat_delta= 0.379503\n"}
,{"stream_name":"stdout","time":467.490282216,"data":"EDGE_TTA_ACTIVE views= 8 mean_abs_feat_delta= 0.35019\n"}
,{"stream_name":"stdout","time":467.692737613,"data":"EDGE_TTA_ACTIVE views= 8 mean_abs_feat_delta= 0.35019\n"}
,{"stream_name":"stdout","time":468.363295985,"data":"EDGE_TTA_ACTIVE views= 8 mean_abs_feat_delta= 0.376279\n"}
,{"stream_name":"stdout","time":468.565499477,"data":"EDGE_TTA_ACTIVE views= 8 mean_abs_feat_delta= 0.376279\n"}
,{"stream_name":"stdout","time":470.010102601,"data":"EDGE_TTA_ACTIVE views= 8 mean_abs_feat_delta= 0.345694\n"}
,{"stream_name":"stdout","time":470.212557114,"data":"EDGE_TTA_ACTIVE views= 8 mean_abs_feat_delta= 0.345694\n"}
,{"stream_name":"stdout","time":470.365709925,"data":"EDGE_TTA_ACTIVE views= 8 mean_abs_feat_delta= 0.381564\n"}
,{"stream_name":"stdout","time":470.56775098,"data":"EDGE_TTA_ACTIVE views= 8 mean_abs_feat_delta= 0.381564\n"}
,{"stream_name":"stdout","time":472.435444453,"data":"EDGE_TTA_ACTIVE views= 8 mean_abs_feat_delta= 0.369132\n"}
,{"stream_name":"stdout","time":472.535544557,"data":"EDGE_TTA_ACTIVE views= 8 mean_abs_feat_delta= 0.341576\n"}
,{"stream_name":"stdout","time":472.638009074,"data":"EDGE_TTA_ACTIVE views= 8 mean_abs_feat_delta= 0.369132\n"}
,{"stream_name":"stdout","time":472.638037574,"data":"EDGE_TTA_ACTIVE views= 8 mean_abs_feat_delta= 0.341576\n"}
,{"stream_name":"stdout","time":474.506657449,"data":"EDGE_TTA_ACTIVE views= 8 mean_abs_feat_delta= 0.383661\n"}
,{"stream_name":"stdout","time":474.709111762,"data":"EDGE_TTA_ACTIVE views= 8 mean_abs_feat_delta= 0.383661\n"}
,{"stream_name":"stdout","time":475.033293469,"data":"EDGE_TTA_ACTIVE views= 8 mean_abs_feat_delta= 0.341639\n"}
,{"stream_name":"stdout","time":475.236361879,"data":"EDGE_TTA_ACTIVE views= 8 mean_abs_feat_delta= 0.341639\n"}
,{"stream_name":"stdout","time":476.524095951,"data":"EDGE_TTA_ACTIVE views= 8 mean_abs_feat_delta= 0.377244\n"}
,{"stream_name":"stdout","time":476.726582289,"data":"EDGE_TTA_ACTIVE views= 8 mean_abs_feat_delta= 0.377244\n"}
,{"stream_name":"stdout","time":477.511280113,"data":"EDGE_TTA_ACTIVE views= 8 mean_abs_feat_delta= 0.344461\n"}
,{"stream_name":"stdout","time":477.713700139,"data":"EDGE_TTA_ACTIVE views= 8 mean_abs_feat_delta= 0.344461\n"}
,{"stream_name":"stdout","time":478.563766735,"data":"EDGE_TTA_ACTIVE views= 8 mean_abs_feat_delta= 0.375803\n"}
,{"stream_name":"stdout","time":478.766323304,"data":"EDGE_TTA_ACTIVE views= 8 mean_abs_feat_delta= 0.375803\n"}
,{"stream_name":"stdout","time":480.004419757,"data":"EDGE_TTA_ACTIVE views= 8 mean_abs_feat_delta= 0.344769\n"}
,{"stream_name":"stdout","time":480.207292975,"data":"EDGE_TTA_ACTIVE views= 8 mean_abs_feat_delta= 0.344769\n"}
,{"stream_name":"stdout","time":480.655759552,"data":"EDGE_TTA_ACTIVE views= 8 mean_abs_feat_delta= 0.375399\n"}
,{"stream_name":"stdout","time":480.858224093,"data":"EDGE_TTA_ACTIVE views= 8 mean_abs_feat_delta= 0.375399\n"}
,{"stream_name":"stdout","time":482.453503457,"data":"EDGE_TTA_ACTIVE views= 8 mean_abs_feat_delta= 0.343861\n"}
,{"stream_name":"stdout","time":482.656033667,"data":"EDGE_TTA_ACTIVE views= 8 mean_abs_feat_delta= 0.343861\n"}
,{"stream_name":"stdout","time":482.707149916,"data":"EDGE_TTA_ACTIVE views= 8 mean_abs_feat_delta= 0.378254\n"}
,{"stream_name":"stdout","time":482.909554732,"data":"EDGE_TTA_ACTIVE views= 8 mean_abs_feat_delta= 0.378254\n"}
,{"stream_name":"stdout","time":484.733786852,"data":"EDGE_TTA_ACTIVE views= 8 mean_abs_feat_delta= 0.379837\n"}
,{"stream_name":"stdout","time":484.919374892,"data":"EDGE_TTA_ACTIVE views= 8 mean_abs_feat_delta= 0.344252\n"}
,{"stream_name":"stdout","time":484.936248716,"data":"EDGE_TTA_ACTIVE views= 8 mean_abs_feat_delta= 0.379837\n"}
,{"stream_name":"stdout","time":484.936282323,"data":"EDGE_TTA_ACTIVE views= 8 mean_abs_feat_delta= 0.344252\n"}
,{"stream_name":"stdout","time":486.758082292,"data":"EDGE_TTA_ACTIVE views= 8 mean_abs_feat_delta= 0.382889\n"}
,{"stream_name":"stdout","time":486.988458095,"data":"EDGE_TTA_ACTIVE views= 8 mean_abs_feat_delta= 0.382889\n"}
,{"stream_name":"stdout","time":487.32535795,"data":"EDGE_TTA_ACTIVE views= 8 mean_abs_feat_delta= 0.344683\n"}
,{"stream_name":"stdout","time":487.527874489,"data":"EDGE_TTA_ACTIVE views= 8 mean_abs_feat_delta= 0.344683\n"}
,{"stream_name":"stdout","time":488.802789414,"data":"EDGE_TTA_ACTIVE views= 8 mean_abs_feat_delta= 0.38286\n"}
,{"stream_name":"stdout","time":489.004057151,"data":"EDGE_TTA_ACTIVE views= 8 mean_abs_feat_delta= 0.38286\n"}
,{"stream_name":"stdout","time":489.728245993,"data":"EDGE_TTA_ACTIVE views= 8 mean_abs_feat_delta= 0.34633\n"}
,{"stream_name":"stdout","time":489.930734557,"data":"EDGE_TTA_ACTIVE views= 8 mean_abs_feat_delta= 0.34633\n"}
,{"stream_name":"stdout","time":490.803381135,"data":"EDGE_TTA_ACTIVE views= 8 mean_abs_feat_delta= 0.382216\n"}
,{"stream_name":"stdout","time":491.005767068,"data":"EDGE_TTA_ACTIVE views= 8 mean_abs_feat_delta= 0.382216\n"}
,{"stream_name":"stdout","time":492.120550307,"data":"EDGE_TTA_ACTIVE views= 8 mean_abs_feat_delta= 0.340161\n"}
,{"stream_name":"stdout","time":492.323005381,"data":"EDGE_TTA_ACTIVE views= 8 mean_abs_feat_delta= 0.340161\n"}
,{"stream_name":"stdout","time":492.765277859,"data":"EDGE_TTA_ACTIVE views= 8 mean_abs_feat_delta= 0.387124\n"}
,{"stream_name":"stdout","time":492.967685434,"data":"EDGE_TTA_ACTIVE views= 8 mean_abs_feat_delta= 0.387124\n"}
,{"stream_name":"stdout","time":494.463693181,"data":"EDGE_TTA_ACTIVE views= 8 mean_abs_feat_delta= 0.345593\n"}
,{"stream_name":"stdout","time":494.666097439,"data":"EDGE_TTA_ACTIVE views= 8 mean_abs_feat_delta= 0.345593\n"}
,{"stream_name":"stdout","time":494.72450387599997,"data":"EDGE_TTA_ACTIVE views= 8 mean_abs_feat_delta= 0.383692\n"}
,{"stream_name":"stdout","time":494.926794091,"data":"EDGE_TTA_ACTIVE views= 8 mean_abs_feat_delta= 0.383692\n"}
,{"stream_name":"stdout","time":496.74441012,"data":"EDGE_TTA_ACTIVE views= 8 mean_abs_feat_delta= 0.38098\n"}
,{"stream_name":"stdout","time":496.830560832,"data":"EDGE_TTA_ACTIVE views= 8 mean_abs_feat_delta= 0.345261\n"}
,{"stream_name":"stdout","time":496.94671077,"data":"EDGE_TTA_ACTIVE views= 8 mean_abs_feat_delta= 0.38098\n"}
,{"stream_name":"stdout","time":496.94674035,"data":"EDGE_TTA_ACTIVE views= 8 mean_abs_feat_delta= 0.345261\n"}
,{"stream_name":"stdout","time":498.720729934,"data":"EDGE_TTA_ACTIVE views= 8 mean_abs_feat_delta= 0.383083\n"}
,{"stream_name":"stdout","time":498.923351794,"data":"EDGE_TTA_ACTIVE views= 8 mean_abs_feat_delta= 0.383083\n"}
,{"stream_name":"stdout","time":499.157191298,"data":"EDGE_TTA_ACTIVE views= 8 mean_abs_feat_delta= 0.341917\n"}
,{"stream_name":"stdout","time":499.359592297,"data":"EDGE_TTA_ACTIVE views= 8 mean_abs_feat_delta= 0.341917\n"}
,{"stream_name":"stdout","time":500.751148386,"data":"EDGE_TTA_ACTIVE views= 8 mean_abs_feat_delta= 0.385177\n"}
,{"stream_name":"stdout","time":500.953537045,"data":"EDGE_TTA_ACTIVE views= 8 mean_abs_feat_delta= 0.385177\n"}
,{"stream_name":"stdout","time":501.462861696,"data":"EDGE_TTA_ACTIVE views= 8 mean_abs_feat_delta= 0.342121\n"}
,{"stream_name":"stdout","time":501.665227325,"data":"EDGE_TTA_ACTIVE views= 8 mean_abs_feat_delta= 0.342121\n"}
,{"stream_name":"stdout","time":502.756380048,"data":"EDGE_TTA_ACTIVE views= 8 mean_abs_feat_delta= 0.373011\n"}
,{"stream_name":"stdout","time":502.95875235,"data":"EDGE_TTA_ACTIVE views= 8 mean_abs_feat_delta= 0.373011\n"}
,{"stream_name":"stdout","time":503.786787429,"data":"EDGE_TTA_ACTIVE views= 8 mean_abs_feat_delta= 0.340903\n"}
,{"stream_name":"stdout","time":503.989166219,"data":"EDGE_TTA_ACTIVE views= 8 mean_abs_feat_delta= 0.340903\n"}
,{"stream_name":"stdout","time":504.732054704,"data":"EDGE_TTA_ACTIVE views= 8 mean_abs_feat_delta= 0.387462\n"}
,{"stream_name":"stdout","time":504.934505345,"data":"EDGE_TTA_ACTIVE views= 8 mean_abs_feat_delta= 0.387462\n"}
,{"stream_name":"stdout","time":506.093392383,"data":"EDGE_TTA_ACTIVE views= 8 mean_abs_feat_delta= 0.337487\n"}
,{"stream_name":"stdout","time":506.296274193,"data":"EDGE_TTA_ACTIVE views= 8 mean_abs_feat_delta= 0.337487\n"}
,{"stream_name":"stdout","time":506.69486384,"data":"EDGE_TTA_ACTIVE views= 8 mean_abs_feat_delta= 0.39019\n"}
,{"stream_name":"stdout","time":506.89763572,"data":"EDGE_TTA_ACTIVE views= 8 mean_abs_feat_delta= 0.39019\n"}
,{"stream_name":"stdout","time":508.435379225,"data":"EDGE_TTA_ACTIVE views= 8 mean_abs_feat_delta= 0.344383\n"}
,{"stream_name":"stdout","time":508.634044612,"data":"EDGE_TTA_ACTIVE views= 8 mean_abs_feat_delta= 0.394669\n"}
,{"stream_name":"stdout","time":508.637663165,"data":"EDGE_TTA_ACTIVE views= 8 mean_abs_feat_delta= 0.344383\n"}
,{"stream_name":"stdout","time":508.637720251,"data":"EDGE_TTA_ACTIVE views= 8 mean_abs_feat_delta= 0.394669\n"}
,{"stream_name":"stdout","time":510.634429946,"data":"EDGE_TTA_ACTIVE views= 8 mean_abs_feat_delta= 0.392073\n"}
,{"stream_name":"stdout","time":510.827415471,"data":"EDGE_TTA_ACTIVE views= 8 mean_abs_feat_delta= 0.337324\n"}
,{"stream_name":"stdout","time":510.836773175,"data":"EDGE_TTA_ACTIVE views= 8 mean_abs_feat_delta= 0.392073\n"}
,{"stream_name":"stdout","time":510.836797071,"data":"EDGE_TTA_ACTIVE views= 8 mean_abs_feat_delta= 0.337324\n"}
,{"stream_name":"stdout","time":512.603114138,"data":"EDGE_TTA_ACTIVE views= 8 mean_abs_feat_delta= 0.384078\n"}
,{"stream_name":"stdout","time":512.805527349,"data":"EDGE_TTA_ACTIVE views= 8 mean_abs_feat_delta= 0.384078\n"}
,{"stream_name":"stdout","time":513.190754129,"data":"EDGE_TTA_ACTIVE views= 8 mean_abs_feat_delta= 0.344697\n"}
,{"stream_name":"stdout","time":513.39316438,"data":"EDGE_TTA_ACTIVE views= 8 mean_abs_feat_delta= 0.344697\n"}
,{"stream_name":"stdout","time":514.605383993,"data":"EDGE_TTA_ACTIVE views= 8 mean_abs_feat_delta= 0.380739\n"}
,{"stream_name":"stdout","time":514.807632116,"data":"EDGE_TTA_ACTIVE views= 8 mean_abs_feat_delta= 0.380739\n"}
,{"stream_name":"stdout","time":515.498520421,"data":"EDGE_TTA_ACTIVE views= 8 mean_abs_feat_delta= 0.346724\n"}
,{"stream_name":"stdout","time":515.702284086,"data":"EDGE_TTA_ACTIVE views= 8 mean_abs_feat_delta= 0.346724\n"}
,{"stream_name":"stdout","time":516.612855841,"data":"EDGE_TTA_ACTIVE views= 8 mean_abs_feat_delta= 0.384946\n"}
,{"stream_name":"stdout","time":516.814979041,"data":"EDGE_TTA_ACTIVE views= 8 mean_abs_feat_delta= 0.384946\n"}
,{"stream_name":"stdout","time":517.786764172,"data":"EDGE_TTA_ACTIVE views= 8 mean_abs_feat_delta= 0.342953\n"}
,{"stream_name":"stdout","time":518.019568981,"data":"EDGE_TTA_ACTIVE views= 8 mean_abs_feat_delta= 0.342953\n"}
,{"stream_name":"stdout","time":518.565317659,"data":"EDGE_TTA_ACTIVE views= 8 mean_abs_feat_delta= 0.390292\n"}
,{"stream_name":"stdout","time":518.767870553,"data":"EDGE_TTA_ACTIVE views= 8 mean_abs_feat_delta= 0.390292\n"}
,{"stream_name":"stdout","time":520.074544342,"data":"EDGE_TTA_ACTIVE views= 8 mean_abs_feat_delta= 0.346376\n"}
,{"stream_name":"stdout","time":520.276782292,"data":"EDGE_TTA_ACTIVE views= 8 mean_abs_feat_delta= 0.346376\n"}
,{"stream_name":"stdout","time":520.512359852,"data":"EDGE_TTA_ACTIVE views= 8 mean_abs_feat_delta= 0.389613\n"}
,{"stream_name":"stdout","time":520.714636923,"data":"EDGE_TTA_ACTIVE views= 8 mean_abs_feat_delta= 0.389613\n"}
,{"stream_name":"stdout","time":522.4294749,"data":"EDGE_TTA_ACTIVE views= 8 mean_abs_feat_delta= 0.346181\n"}
,{"stream_name":"stdout","time":522.555144203,"data":"EDGE_TTA_ACTIVE views= 8 mean_abs_feat_delta= 0.380972\n"}
,{"stream_name":"stdout","time":522.631714518,"data":"EDGE_TTA_ACTIVE views= 8 mean_abs_feat_delta= 0.346181\n"}
,{"stream_name":"stdout","time":522.631776,"data":"EDGE_TTA_ACTIVE views= 8 mean_abs_feat_delta= 0.380972\n"}
,{"stream_name":"stdout","time":524.522806536,"data":"EDGE_TTA_ACTIVE views= 8 mean_abs_feat_delta= 0.380042\n"}
,{"stream_name":"stdout","time":524.725058246,"data":"EDGE_TTA_ACTIVE views= 8 mean_abs_feat_delta= 0.380042\n"}
,{"stream_name":"stdout","time":524.732167798,"data":"EDGE_TTA_ACTIVE views= 8 mean_abs_feat_delta= 0.347471\n"}
,{"stream_name":"stdout","time":524.934277982,"data":"EDGE_TTA_ACTIVE views= 8 mean_abs_feat_delta= 0.347471\n"}
,{"stream_name":"stdout","time":526.487534314,"data":"EDGE_TTA_ACTIVE views= 8 mean_abs_feat_delta= 0.381742\n"}
,{"stream_name":"stdout","time":526.689745911,"data":"EDGE_TTA_ACTIVE views= 8 mean_abs_feat_delta= 0.381742\n"}
,{"stream_name":"stdout","time":527.100067933,"data":"EDGE_TTA_ACTIVE views= 8 mean_abs_feat_delta= 0.350011\n"}
,{"stream_name":"stdout","time":527.302342222,"data":"EDGE_TTA_ACTIVE views= 8 mean_abs_feat_delta= 0.350011\n"}
,{"stream_name":"stdout","time":528.500531803,"data":"EDGE_TTA_ACTIVE views= 8 mean_abs_feat_delta= 0.385581\n"}
,{"stream_name":"stdout","time":528.702982076,"data":"EDGE_TTA_ACTIVE views= 8 mean_abs_feat_delta= 0.385581\n"}
,{"stream_name":"stdout","time":529.410296722,"data":"EDGE_TTA_ACTIVE views= 8 mean_abs_feat_delta= 0.346365\n"}
,{"stream_name":"stdout","time":529.612866212,"data":"EDGE_TTA_ACTIVE views= 8 mean_abs_feat_delta= 0.346365\n"}
,{"stream_name":"stdout","time":530.469900718,"data":"EDGE_TTA_ACTIVE views= 8 mean_abs_feat_delta= 0.38448\n"}
,{"stream_name":"stdout","time":530.672362516,"data":"EDGE_TTA_ACTIVE views= 8 mean_abs_feat_delta= 0.38448\n"}
,{"stream_name":"stdout","time":531.740445048,"data":"EDGE_TTA_ACTIVE views= 8 mean_abs_feat_delta= 0.349124\n"}
,{"stream_name":"stdout","time":531.942828485,"data":"EDGE_TTA_ACTIVE views= 8 mean_abs_feat_delta= 0.349124\n"}
,{"stream_name":"stdout","time":532.433897788,"data":"EDGE_TTA_ACTIVE views= 8 mean_abs_feat_delta= 0.368202\n"}
,{"stream_name":"stdout","time":532.636032471,"data":"EDGE_TTA_ACTIVE views= 8 mean_abs_feat_delta= 0.368202\n"}
,{"stream_name":"stdout","time":533.379366731,"data":"BIOHUB_RETENTION_GUARD {\"blended_candidates\": 64, \"dataset\": \"6bba_05b6850b\", \"frame\": 43, \"minimum_retention\": 0.9, \"primary_candidates\": 74, \"retention\": 0.8648648648648649, \"use_primary\": true}\n"}
,{"stream_name":"stdout","time":533.581874559,"data":"BIOHUB_RETENTION_GUARD {\"blended_candidates\": 64, \"dataset\": \"6bba_05b6850b\", \"frame\": 43, \"minimum_retention\": 0.9, \"primary_candidates\": 74, \"retention\": 0.8648648648648649, \"use_primary\": true}\n"}
,{"stream_name":"stdout","time":534.109606511,"data":"EDGE_TTA_ACTIVE views= 8 mean_abs_feat_delta= 0.350188\n"}
,{"stream_name":"stdout","time":534.312046049,"data":"EDGE_TTA_ACTIVE views= 8 mean_abs_feat_delta= 0.350188\n"}
,{"stream_name":"stdout","time":534.39762903,"data":"EDGE_TTA_ACTIVE views= 8 mean_abs_feat_delta= 0.383867\n"}
,{"stream_name":"stdout","time":534.599908647,"data":"EDGE_TTA_ACTIVE views= 8 mean_abs_feat_delta= 0.383867\n"}
,{"stream_name":"stdout","time":536.427311993,"data":"EDGE_TTA_ACTIVE views= 8 mean_abs_feat_delta= 0.387055\n"}
,{"stream_name":"stdout","time":536.441101869,"data":"EDGE_TTA_ACTIVE views= 8 mean_abs_feat_delta= 0.342833\n"}
,{"stream_name":"stdout","time":536.629858391,"data":"EDGE_TTA_ACTIVE views= 8 mean_abs_feat_delta= 0.387055\n"}
,{"stream_name":"stdout","time":536.629900111,"data":"EDGE_TTA_ACTIVE views= 8 mean_abs_feat_delta= 0.342833\n"}
,{"stream_name":"stdout","time":538.433974105,"data":"EDGE_TTA_ACTIVE views= 8 mean_abs_feat_delta= 0.385921\n"}
,{"stream_name":"stdout","time":538.636076734,"data":"EDGE_TTA_ACTIVE views= 8 mean_abs_feat_delta= 0.385921\n"}
,{"stream_name":"stdout","time":538.764453499,"data":"EDGE_TTA_ACTIVE views= 8 mean_abs_feat_delta= 0.344875\n"}
,{"stream_name":"stdout","time":538.966704074,"data":"EDGE_TTA_ACTIVE views= 8 mean_abs_feat_delta= 0.344875\n"}
,{"stream_name":"stdout","time":540.423915481,"data":"EDGE_TTA_ACTIVE views= 8 mean_abs_feat_delta= 0.384451\n"}
,{"stream_name":"stdout","time":540.626522036,"data":"EDGE_TTA_ACTIVE views= 8 mean_abs_feat_delta= 0.384451\n"}
,{"stream_name":"stdout","time":541.181208606,"data":"EDGE_TTA_ACTIVE views= 8 mean_abs_feat_delta= 0.347935\n"}
,{"stream_name":"stdout","time":541.383828256,"data":"EDGE_TTA_ACTIVE views= 8 mean_abs_feat_delta= 0.347935\n"}
,{"stream_name":"stdout","time":542.469186518,"data":"EDGE_TTA_ACTIVE views= 8 mean_abs_feat_delta= 0.381553\n"}
,{"stream_name":"stdout","time":542.671662018,"data":"EDGE_TTA_ACTIVE views= 8 mean_abs_feat_delta= 0.381553\n"}
,{"stream_name":"stdout","time":543.498102962,"data":"EDGE_TTA_ACTIVE views= 8 mean_abs_feat_delta= 0.351241\n"}
,{"stream_name":"stdout","time":543.700514241,"data":"EDGE_TTA_ACTIVE views= 8 mean_abs_feat_delta= 0.351241\n"}
,{"stream_name":"stdout","time":544.524453386,"data":"EDGE_TTA_ACTIVE views= 8 mean_abs_feat_delta= 0.383018\n"}
,{"stream_name":"stdout","time":544.726812687,"data":"EDGE_TTA_ACTIVE views= 8 mean_abs_feat_delta= 0.383018\n"}
,{"stream_name":"stdout","time":545.853035115,"data":"EDGE_TTA_ACTIVE views= 8 mean_abs_feat_delta= 0.357029\n"}
,{"stream_name":"stdout","time":546.055477414,"data":"EDGE_TTA_ACTIVE views= 8 mean_abs_feat_delta= 0.357029\n"}
,{"stream_name":"stdout","time":546.514047893,"data":"EDGE_TTA_ACTIVE views= 8 mean_abs_feat_delta= 0.38187\n"}
,{"stream_name":"stdout","time":546.716457629,"data":"EDGE_TTA_ACTIVE views= 8 mean_abs_feat_delta= 0.38187\n"}
,{"stream_name":"stdout","time":548.20573416,"data":"EDGE_TTA_ACTIVE views= 8 mean_abs_feat_delta= 0.354488\n"}
,{"stream_name":"stdout","time":548.43939476,"data":"EDGE_TTA_ACTIVE views= 8 mean_abs_feat_delta= 0.354488\n"}
,{"stream_name":"stdout","time":548.521453292,"data":"EDGE_TTA_ACTIVE views= 8 mean_abs_feat_delta= 0.378467\n"}
,{"stream_name":"stdout","time":548.723748622,"data":"EDGE_TTA_ACTIVE views= 8 mean_abs_feat_delta= 0.378467\n"}
,{"stream_name":"stdout","time":550.528082861,"data":"EDGE_TTA_ACTIVE views= 8 mean_abs_feat_delta= 0.367751\n"}
,{"stream_name":"stdout","time":550.57441312,"data":"EDGE_TTA_ACTIVE views= 8 mean_abs_feat_delta= 0.356013\n"}
,{"stream_name":"stdout","time":550.730421065,"data":"EDGE_TTA_ACTIVE views= 8 mean_abs_feat_delta= 0.367751\n"}
,{"stream_name":"stdout","time":550.730448858,"data":"EDGE_TTA_ACTIVE views= 8 mean_abs_feat_delta= 0.356013\n"}
,{"stream_name":"stdout","time":552.55653792,"data":"EDGE_TTA_ACTIVE views= 8 mean_abs_feat_delta= 0.350971\n"}
,{"stream_name":"stdout","time":552.759145742,"data":"EDGE_TTA_ACTIVE views= 8 mean_abs_feat_delta= 0.350971\n"}
,{"stream_name":"stdout","time":552.984689224,"data":"EDGE_TTA_ACTIVE views= 8 mean_abs_feat_delta= 0.354856\n"}
,{"stream_name":"stdout","time":553.187397437,"data":"EDGE_TTA_ACTIVE views= 8 mean_abs_feat_delta= 0.354856\n"}
,{"stream_name":"stdout","time":554.560463256,"data":"EDGE_TTA_ACTIVE views= 8 mean_abs_feat_delta= 0.35742\n"}
,{"stream_name":"stdout","time":554.763260224,"data":"EDGE_TTA_ACTIVE views= 8 mean_abs_feat_delta= 0.35742\n"}
,{"stream_name":"stdout","time":555.378923221,"data":"EDGE_TTA_ACTIVE views= 8 mean_abs_feat_delta= 0.353277\n"}
,{"stream_name":"stdout","time":555.581514703,"data":"EDGE_TTA_ACTIVE views= 8 mean_abs_feat_delta= 0.353277\n"}
,{"stream_name":"stdout","time":556.593433888,"data":"EDGE_TTA_ACTIVE views= 8 mean_abs_feat_delta= 0.36285\n"}
,{"stream_name":"stdout","time":556.795842318,"data":"EDGE_TTA_ACTIVE views= 8 mean_abs_feat_delta= 0.36285\n"}
,{"stream_name":"stdout","time":557.726913165,"data":"EDGE_TTA_ACTIVE views= 8 mean_abs_feat_delta= 0.353368\n"}
,{"stream_name":"stdout","time":557.929419282,"data":"EDGE_TTA_ACTIVE views= 8 mean_abs_feat_delta= 0.353368\n"}
,{"stream_name":"stdout","time":558.595117166,"data":"EDGE_TTA_ACTIVE views= 8 mean_abs_feat_delta= 0.361826\n"}
,{"stream_name":"stdout","time":558.79760664,"data":"EDGE_TTA_ACTIVE views= 8 mean_abs_feat_delta= 0.361826\n"}
,{"stream_name":"stdout","time":560.10884276,"data":"EDGE_TTA_ACTIVE views= 8 mean_abs_feat_delta= 0.353373\n"}
,{"stream_name":"stdout","time":560.311224369,"data":"EDGE_TTA_ACTIVE views= 8 mean_abs_feat_delta= 0.353373\n"}
,{"stream_name":"stdout","time":560.620891248,"data":"EDGE_TTA_ACTIVE views= 8 mean_abs_feat_delta= 0.363143\n"}
,{"stream_name":"stdout","time":560.823642223,"data":"EDGE_TTA_ACTIVE views= 8 mean_abs_feat_delta= 0.363143\n"}
,{"stream_name":"stdout","time":562.463316984,"data":"EDGE_TTA_ACTIVE views= 8 mean_abs_feat_delta= 0.35314\n"}
,{"stream_name":"stdout","time":562.615258375,"data":"EDGE_TTA_ACTIVE views= 8 mean_abs_feat_delta= 0.354677\n"}
,{"stream_name":"stdout","time":562.66571755,"data":"EDGE_TTA_ACTIVE views= 8 mean_abs_feat_delta= 0.35314\n"}
,{"stream_name":"stdout","time":562.665753798,"data":"EDGE_TTA_ACTIVE views= 8 mean_abs_feat_delta= 0.354677\n"}
,{"stream_name":"stdout","time":564.645577914,"data":"EDGE_TTA_ACTIVE views= 8 mean_abs_feat_delta= 0.371364\n"}
,{"stream_name":"stdout","time":564.848157563,"data":"EDGE_TTA_ACTIVE views= 8 mean_abs_feat_delta= 0.371364\n"}
,{"stream_name":"stdout","time":564.894182602,"data":"EDGE_TTA_ACTIVE views= 8 mean_abs_feat_delta= 0.349138\n"}
,{"stream_name":"stdout","time":565.096705117,"data":"EDGE_TTA_ACTIVE views= 8 mean_abs_feat_delta= 0.349138\n"}
,{"stream_name":"stdout","time":566.626617669,"data":"EDGE_TTA_ACTIVE views= 8 mean_abs_feat_delta= 0.368007\n"}
,{"stream_name":"stdout","time":566.828957152,"data":"EDGE_TTA_ACTIVE views= 8 mean_abs_feat_delta= 0.368007\n"}
,{"stream_name":"stdout","time":567.256340875,"data":"EDGE_TTA_ACTIVE views= 8 mean_abs_feat_delta= 0.350069\n"}
,{"stream_name":"stdout","time":567.458733279,"data":"EDGE_TTA_ACTIVE views= 8 mean_abs_feat_delta= 0.350069\n"}
,{"stream_name":"stdout","time":568.654257078,"data":"EDGE_TTA_ACTIVE views= 8 mean_abs_feat_delta= 0.371729\n"}
,{"stream_name":"stdout","time":568.85679074,"data":"EDGE_TTA_ACTIVE views= 8 mean_abs_feat_delta= 0.371729\n"}
,{"stream_name":"stdout","time":569.602584275,"data":"EDGE_TTA_ACTIVE views= 8 mean_abs_feat_delta= 0.351214\n"}
,{"stream_name":"stdout","time":569.804986404,"data":"EDGE_TTA_ACTIVE views= 8 mean_abs_feat_delta= 0.351214\n"}
,{"stream_name":"stdout","time":570.689509164,"data":"EDGE_TTA_ACTIVE views= 8 mean_abs_feat_delta= 0.365265\n"}
,{"stream_name":"stdout","time":570.891739837,"data":"EDGE_TTA_ACTIVE views= 8 mean_abs_feat_delta= 0.365265\n"}
,{"stream_name":"stdout","time":571.957087543,"data":"EDGE_TTA_ACTIVE views= 8 mean_abs_feat_delta= 0.35271\n"}
,{"stream_name":"stdout","time":572.159784644,"data":"EDGE_TTA_ACTIVE views= 8 mean_abs_feat_delta= 0.35271\n"}
,{"stream_name":"stdout","time":572.732105832,"data":"EDGE_TTA_ACTIVE views= 8 mean_abs_feat_delta= 0.351341\n"}
,{"stream_name":"stdout","time":572.934735653,"data":"EDGE_TTA_ACTIVE views= 8 mean_abs_feat_delta= 0.351341\n"}
,{"stream_name":"stdout","time":574.209758059,"data":"EDGE_TTA_ACTIVE views= 8 mean_abs_feat_delta= 0.353951\n"}
,{"stream_name":"stdout","time":574.412186954,"data":"EDGE_TTA_ACTIVE views= 8 mean_abs_feat_delta= 0.353951\n"}
,{"stream_name":"stdout","time":574.733905908,"data":"EDGE_TTA_ACTIVE views= 8 mean_abs_feat_delta= 0.363028\n"}
,{"stream_name":"stdout","time":574.936306682,"data":"EDGE_TTA_ACTIVE views= 8 mean_abs_feat_delta= 0.363028\n"}
,{"stream_name":"stdout","time":576.498806978,"data":"EDGE_TTA_ACTIVE views= 8 mean_abs_feat_delta= 0.3542\n"}
,{"stream_name":"stdout","time":576.701608589,"data":"EDGE_TTA_ACTIVE views= 8 mean_abs_feat_delta= 0.3542\n"}
,{"stream_name":"stdout","time":576.762869784,"data":"EDGE_TTA_ACTIVE views= 8 mean_abs_feat_delta= 0.360198\n"}
,{"stream_name":"stdout","time":576.965640257,"data":"EDGE_TTA_ACTIVE views= 8 mean_abs_feat_delta= 0.360198\n"}
,{"stream_name":"stdout","time":578.767253655,"data":"EDGE_TTA_ACTIVE views= 8 mean_abs_feat_delta= 0.362864\n"}
,{"stream_name":"stdout","time":578.786704086,"data":"EDGE_TTA_ACTIVE views= 8 mean_abs_feat_delta= 0.362945\n"}
,{"stream_name":"stdout","time":579.00260489,"data":"EDGE_TTA_ACTIVE views= 8 mean_abs_feat_delta= 0.362864\n"}
,{"stream_name":"stdout","time":579.002626988,"data":"EDGE_TTA_ACTIVE views= 8 mean_abs_feat_delta= 0.362945\n"}
,{"stream_name":"stdout","time":580.787793059,"data":"EDGE_TTA_ACTIVE views= 8 mean_abs_feat_delta= 0.348791\n"}
,{"stream_name":"stdout","time":580.990455537,"data":"EDGE_TTA_ACTIVE views= 8 mean_abs_feat_delta= 0.348791\n"}
,{"stream_name":"stdout","time":581.073729976,"data":"EDGE_TTA_ACTIVE views= 8 mean_abs_feat_delta= 0.362719\n"}
,{"stream_name":"stdout","time":581.276218839,"data":"EDGE_TTA_ACTIVE views= 8 mean_abs_feat_delta= 0.362719\n"}
,{"stream_name":"stdout","time":582.782950967,"data":"EDGE_TTA_ACTIVE views= 8 mean_abs_feat_delta= 0.363156\n"}
,{"stream_name":"stdout","time":582.985391305,"data":"EDGE_TTA_ACTIVE views= 8 mean_abs_feat_delta= 0.363156\n"}
,{"stream_name":"stdout","time":583.383598099,"data":"EDGE_TTA_ACTIVE views= 8 mean_abs_feat_delta= 0.36164\n"}
,{"stream_name":"stdout","time":583.586060084,"data":"EDGE_TTA_ACTIVE views= 8 mean_abs_feat_delta= 0.36164\n"}
,{"stream_name":"stdout","time":584.833896881,"data":"EDGE_TTA_ACTIVE views= 8 mean_abs_feat_delta= 0.367284\n"}
,{"stream_name":"stdout","time":585.036370546,"data":"EDGE_TTA_ACTIVE views= 8 mean_abs_feat_delta= 0.367284\n"}
,{"stream_name":"stdout","time":585.710834962,"data":"EDGE_TTA_ACTIVE views= 8 mean_abs_feat_delta= 0.370642\n"}
,{"stream_name":"stdout","time":585.913171851,"data":"EDGE_TTA_ACTIVE views= 8 mean_abs_feat_delta= 0.370642\n"}
,{"stream_name":"stdout","time":586.822994418,"data":"EDGE_TTA_ACTIVE views= 8 mean_abs_feat_delta= 0.367607\n"}
,{"stream_name":"stdout","time":587.025616675,"data":"EDGE_TTA_ACTIVE views= 8 mean_abs_feat_delta= 0.367607\n"}
,{"stream_name":"stdout","time":587.975959382,"data":"EDGE_TTA_ACTIVE views= 8 mean_abs_feat_delta= 0.371155\n"}
,{"stream_name":"stdout","time":588.178093505,"data":"EDGE_TTA_ACTIVE views= 8 mean_abs_feat_delta= 0.371155\n"}
,{"stream_name":"stdout","time":588.901738905,"data":"EDGE_TTA_ACTIVE views= 8 mean_abs_feat_delta= 0.366283\n"}
,{"stream_name":"stdout","time":589.104202608,"data":"EDGE_TTA_ACTIVE views= 8 mean_abs_feat_delta= 0.366283\n"}
,{"stream_name":"stdout","time":590.203062112,"data":"EDGE_TTA_ACTIVE views= 8 mean_abs_feat_delta= 0.369109\n"}
,{"stream_name":"stdout","time":590.405257199,"data":"EDGE_TTA_ACTIVE views= 8 mean_abs_feat_delta= 0.369109\n"}
,{"stream_name":"stdout","time":590.861165433,"data":"EDGE_TTA_ACTIVE views= 8 mean_abs_feat_delta= 0.365327\n"}
,{"stream_name":"stdout","time":591.06361707,"data":"EDGE_TTA_ACTIVE views= 8 mean_abs_feat_delta= 0.365327\n"}
,{"stream_name":"stdout","time":592.505862109,"data":"EDGE_TTA_ACTIVE views= 8 mean_abs_feat_delta= 0.36958\n"}
,{"stream_name":"stdout","time":592.708076,"data":"EDGE_TTA_ACTIVE views= 8 mean_abs_feat_delta= 0.36958\n"}
,{"stream_name":"stdout","time":592.878229731,"data":"EDGE_TTA_ACTIVE views= 8 mean_abs_feat_delta= 0.367734\n"}
,{"stream_name":"stdout","time":593.080731392,"data":"EDGE_TTA_ACTIVE views= 8 mean_abs_feat_delta= 0.367734\n"}
,{"stream_name":"stdout","time":594.757411481,"data":"EDGE_TTA_ACTIVE views= 8 mean_abs_feat_delta= 0.369458\n"}
,{"stream_name":"stdout","time":594.862484397,"data":"EDGE_TTA_ACTIVE views= 8 mean_abs_feat_delta= 0.366814\n"}
,{"stream_name":"stdout","time":594.960090469,"data":"EDGE_TTA_ACTIVE views= 8 mean_abs_feat_delta= 0.369458\n"}
,{"stream_name":"stdout","time":594.960118361,"data":"EDGE_TTA_ACTIVE views= 8 mean_abs_feat_delta= 0.366814\n"}
,{"stream_name":"stdout","time":596.915378521,"data":"EDGE_TTA_ACTIVE views= 8 mean_abs_feat_delta= 0.372294\n"}
,{"stream_name":"stdout","time":597.0838406,"data":"EDGE_TTA_ACTIVE views= 8 mean_abs_feat_delta= 0.371475\n"}
,{"stream_name":"stdout","time":597.117827384,"data":"EDGE_TTA_ACTIVE views= 8 mean_abs_feat_delta= 0.372294\n"}
,{"stream_name":"stdout","time":597.117882603,"data":"EDGE_TTA_ACTIVE views= 8 mean_abs_feat_delta= 0.371475\n"}
,{"stream_name":"stdout","time":598.917922573,"data":"EDGE_TTA_ACTIVE views= 8 mean_abs_feat_delta= 0.37531\n"}
,{"stream_name":"stdout","time":599.120303713,"data":"EDGE_TTA_ACTIVE views= 8 mean_abs_feat_delta= 0.37531\n"}
,{"stream_name":"stdout","time":599.310749057,"data":"EDGE_TTA_ACTIVE views= 8 mean_abs_feat_delta= 0.360709\n"}
,{"stream_name":"stdout","time":599.513276658,"data":"EDGE_TTA_ACTIVE views= 8 mean_abs_feat_delta= 0.360709\n"}
,{"stream_name":"stdout","time":600.95391389,"data":"EDGE_TTA_ACTIVE views= 8 mean_abs_feat_delta= 0.358513\n"}
,{"stream_name":"stdout","time":601.156296845,"data":"EDGE_TTA_ACTIVE views= 8 mean_abs_feat_delta= 0.358513\n"}
,{"stream_name":"stdout","time":601.620327017,"data":"EDGE_TTA_ACTIVE views= 8 mean_abs_feat_delta= 0.362627\n"}
,{"stream_name":"stdout","time":601.822792235,"data":"EDGE_TTA_ACTIVE views= 8 mean_abs_feat_delta= 0.362627\n"}
,{"stream_name":"stdout","time":602.92778144,"data":"EDGE_TTA_ACTIVE views= 8 mean_abs_feat_delta= 0.370463\n"}
,{"stream_name":"stdout","time":603.129855187,"data":"EDGE_TTA_ACTIVE views= 8 mean_abs_feat_delta= 0.370463\n"}
,{"stream_name":"stdout","time":603.870888596,"data":"EDGE_TTA_ACTIVE views= 8 mean_abs_feat_delta= 0.365289\n"}
,{"stream_name":"stdout","time":604.073326091,"data":"EDGE_TTA_ACTIVE views= 8 mean_abs_feat_delta= 0.365289\n"}
,{"stream_name":"stdout","time":604.943186736,"data":"EDGE_TTA_ACTIVE views= 8 mean_abs_feat_delta= 0.368154\n"}
,{"stream_name":"stdout","time":605.145552547,"data":"EDGE_TTA_ACTIVE views= 8 mean_abs_feat_delta= 0.368154\n"}
,{"stream_name":"stdout","time":606.082315733,"data":"EDGE_TTA_ACTIVE views= 8 mean_abs_feat_delta= 0.362116\n"}
,{"stream_name":"stdout","time":606.284829533,"data":"EDGE_TTA_ACTIVE views= 8 mean_abs_feat_delta= 0.362116\n"}
,{"stream_name":"stdout","time":606.91065635,"data":"EDGE_TTA_ACTIVE views= 8 mean_abs_feat_delta= 0.364891\n"}
,{"stream_name":"stdout","time":607.11316572,"data":"EDGE_TTA_ACTIVE views= 8 mean_abs_feat_delta= 0.364891\n"}
,{"stream_name":"stdout","time":608.352773476,"data":"EDGE_TTA_ACTIVE views= 8 mean_abs_feat_delta= 0.360689\n"}
,{"stream_name":"stdout","time":608.555225368,"data":"EDGE_TTA_ACTIVE views= 8 mean_abs_feat_delta= 0.360689\n"}
,{"stream_name":"stdout","time":608.880479786,"data":"EDGE_TTA_ACTIVE views= 8 mean_abs_feat_delta= 0.366895\n"}
,{"stream_name":"stdout","time":609.116914431,"data":"EDGE_TTA_ACTIVE views= 8 mean_abs_feat_delta= 0.366895\n"}
,{"stream_name":"stdout","time":610.604887923,"data":"EDGE_TTA_ACTIVE views= 8 mean_abs_feat_delta= 0.357351\n"}
,{"stream_name":"stdout","time":610.807488779,"data":"EDGE_TTA_ACTIVE views= 8 mean_abs_feat_delta= 0.357351\n"}
,{"stream_name":"stdout","time":610.856146045,"data":"EDGE_TTA_ACTIVE views= 8 mean_abs_feat_delta= 0.363215\n"}
,{"stream_name":"stdout","time":611.058660483,"data":"EDGE_TTA_ACTIVE views= 8 mean_abs_feat_delta= 0.363215\n"}
,{"stream_name":"stdout","time":612.857932598,"data":"EDGE_TTA_ACTIVE views= 8 mean_abs_feat_delta= 0.355506\n"}
,{"stream_name":"stdout","time":612.882463302,"data":"EDGE_TTA_ACTIVE views= 8 mean_abs_feat_delta= 0.361736\n"}
,{"stream_name":"stdout","time":613.060514438,"data":"EDGE_TTA_ACTIVE views= 8 mean_abs_feat_delta= 0.355506\n"}
,{"stream_name":"stdout","time":613.060556621,"data":"EDGE_TTA_ACTIVE views= 8 mean_abs_feat_delta= 0.361736\n"}
,{"stream_name":"stdout","time":614.845196357,"data":"EDGE_TTA_ACTIVE views= 8 mean_abs_feat_delta= 0.363909\n"}
,{"stream_name":"stdout","time":615.047396784,"data":"EDGE_TTA_ACTIVE views= 8 mean_abs_feat_delta= 0.363909\n"}
,{"stream_name":"stdout","time":615.127170713,"data":"EDGE_TTA_ACTIVE views= 8 mean_abs_feat_delta= 0.35617\n"}
,{"stream_name":"stdout","time":615.329551803,"data":"EDGE_TTA_ACTIVE views= 8 mean_abs_feat_delta= 0.35617\n"}
,{"stream_name":"stdout","time":616.840749965,"data":"EDGE_TTA_ACTIVE views= 8 mean_abs_feat_delta= 0.357881\n"}
,{"stream_name":"stdout","time":617.042935835,"data":"EDGE_TTA_ACTIVE views= 8 mean_abs_feat_delta= 0.357881\n"}
,{"stream_name":"stdout","time":617.375875608,"data":"EDGE_TTA_ACTIVE views= 8 mean_abs_feat_delta= 0.360311\n"}
,{"stream_name":"stdout","time":617.577952323,"data":"EDGE_TTA_ACTIVE views= 8 mean_abs_feat_delta= 0.360311\n"}
,{"stream_name":"stdout","time":618.880246027,"data":"EDGE_TTA_ACTIVE views= 8 mean_abs_feat_delta= 0.357802\n"}
,{"stream_name":"stdout","time":619.082689423,"data":"EDGE_TTA_ACTIVE views= 8 mean_abs_feat_delta= 0.357802\n"}
,{"stream_name":"stdout","time":619.646067802,"data":"EDGE_TTA_ACTIVE views= 8 mean_abs_feat_delta= 0.361865\n"}
,{"stream_name":"stdout","time":619.84856626,"data":"EDGE_TTA_ACTIVE views= 8 mean_abs_feat_delta= 0.361865\n"}
,{"stream_name":"stdout","time":620.911531018,"data":"EDGE_TTA_ACTIVE views= 8 mean_abs_feat_delta= 0.36292\n"}
,{"stream_name":"stdout","time":621.113884176,"data":"EDGE_TTA_ACTIVE views= 8 mean_abs_feat_delta= 0.36292\n"}
,{"stream_name":"stdout","time":621.898500876,"data":"EDGE_TTA_ACTIVE views= 8 mean_abs_feat_delta= 0.35811\n"}
,{"stream_name":"stdout","time":622.100284913,"data":"EDGE_TTA_ACTIVE views= 8 mean_abs_feat_delta= 0.35811\n"}
,{"stream_name":"stdout","time":622.924267779,"data":"EDGE_TTA_ACTIVE views= 8 mean_abs_feat_delta= 0.360328\n"}
,{"stream_name":"stdout","time":623.12672549,"data":"EDGE_TTA_ACTIVE views= 8 mean_abs_feat_delta= 0.360328\n"}
,{"stream_name":"stdout","time":624.188535924,"data":"EDGE_TTA_ACTIVE views= 8 mean_abs_feat_delta= 0.354857\n"}
,{"stream_name":"stdout","time":624.391368807,"data":"EDGE_TTA_ACTIVE views= 8 mean_abs_feat_delta= 0.354857\n"}
,{"stream_name":"stdout","time":624.925582153,"data":"EDGE_TTA_ACTIVE views= 8 mean_abs_feat_delta= 0.357244\n"}
,{"stream_name":"stdout","time":625.128211853,"data":"EDGE_TTA_ACTIVE views= 8 mean_abs_feat_delta= 0.357244\n"}
,{"stream_name":"stdout","time":626.457874527,"data":"EDGE_TTA_ACTIVE views= 8 mean_abs_feat_delta= 0.354966\n"}
,{"stream_name":"stdout","time":626.660293468,"data":"EDGE_TTA_ACTIVE views= 8 mean_abs_feat_delta= 0.354966\n"}
,{"stream_name":"stdout","time":626.995428604,"data":"EDGE_TTA_ACTIVE views= 8 mean_abs_feat_delta= 0.357533\n"}
,{"stream_name":"stdout","time":627.198162949,"data":"EDGE_TTA_ACTIVE views= 8 mean_abs_feat_delta= 0.357533\n"}
,{"stream_name":"stdout","time":628.784045345,"data":"EDGE_TTA_ACTIVE views= 8 mean_abs_feat_delta= 0.356326\n"}
,{"stream_name":"stdout","time":628.98669015,"data":"EDGE_TTA_ACTIVE views= 8 mean_abs_feat_delta= 0.356326\n"}
,{"stream_name":"stdout","time":629.011791374,"data":"EDGE_TTA_ACTIVE views= 8 mean_abs_feat_delta= 0.360339\n"}
,{"stream_name":"stdout","time":629.214194978,"data":"EDGE_TTA_ACTIVE views= 8 mean_abs_feat_delta= 0.360339\n"}
,{"stream_name":"stdout","time":631.053801225,"data":"EDGE_TTA_ACTIVE views= 8 mean_abs_feat_delta= 0.366487\n"}
,{"stream_name":"stdout","time":631.092092263,"data":"EDGE_TTA_ACTIVE views= 8 mean_abs_feat_delta= 0.355971\n"}
,{"stream_name":"stdout","time":631.256511028,"data":"EDGE_TTA_ACTIVE views= 8 mean_abs_feat_delta= 0.366487\n"}
,{"stream_name":"stdout","time":631.256542969,"data":"EDGE_TTA_ACTIVE views= 8 mean_abs_feat_delta= 0.355971\n"}
,{"stream_name":"stdout","time":633.063465432,"data":"EDGE_TTA_ACTIVE views= 8 mean_abs_feat_delta= 0.367172\n"}
,{"stream_name":"stdout","time":633.266033252,"data":"EDGE_TTA_ACTIVE views= 8 mean_abs_feat_delta= 0.367172\n"}
,{"stream_name":"stdout","time":633.458175779,"data":"EDGE_TTA_ACTIVE views= 8 mean_abs_feat_delta= 0.350618\n"}
,{"stream_name":"stdout","time":633.660476479,"data":"EDGE_TTA_ACTIVE views= 8 mean_abs_feat_delta= 0.350618\n"}
,{"stream_name":"stdout","time":635.073867132,"data":"EDGE_TTA_ACTIVE views= 8 mean_abs_feat_delta= 0.365716\n"}
,{"stream_name":"stdout","time":635.276382239,"data":"EDGE_TTA_ACTIVE views= 8 mean_abs_feat_delta= 0.365716\n"}
,{"stream_name":"stdout","time":635.765728708,"data":"EDGE_TTA_ACTIVE views= 8 mean_abs_feat_delta= 0.350748\n"}
,{"stream_name":"stdout","time":635.968492993,"data":"EDGE_TTA_ACTIVE views= 8 mean_abs_feat_delta= 0.350748\n"}
,{"stream_name":"stdout","time":637.137995276,"data":"EDGE_TTA_ACTIVE views= 8 mean_abs_feat_delta= 0.365864\n"}
,{"stream_name":"stdout","time":637.340550452,"data":"EDGE_TTA_ACTIVE views= 8 mean_abs_feat_delta= 0.365864\n"}
,{"stream_name":"stdout","time":638.012179741,"data":"EDGE_TTA_ACTIVE views= 8 mean_abs_feat_delta= 0.353127\n"}
,{"stream_name":"stdout","time":638.216831907,"data":"EDGE_TTA_ACTIVE views= 8 mean_abs_feat_delta= 0.353127\n"}
,{"stream_name":"stdout","time":639.158811261,"data":"EDGE_TTA_ACTIVE views= 8 mean_abs_feat_delta= 0.364558\n"}
,{"stream_name":"stdout","time":639.397126691,"data":"EDGE_TTA_ACTIVE views= 8 mean_abs_feat_delta= 0.364558\n"}
,{"stream_name":"stdout","time":640.249345573,"data":"EDGE_TTA_ACTIVE views= 8 mean_abs_feat_delta= 0.353121\n"}
,{"stream_name":"stdout","time":640.452163532,"data":"EDGE_TTA_ACTIVE views= 8 mean_abs_feat_delta= 0.353121\n"}
,{"stream_name":"stdout","time":641.187266123,"data":"EDGE_TTA_ACTIVE views= 8 mean_abs_feat_delta= 0.368692\n"}
,{"stream_name":"stdout","time":641.389739855,"data":"EDGE_TTA_ACTIVE views= 8 mean_abs_feat_delta= 0.368692\n"}
,{"stream_name":"stdout","time":642.542355042,"data":"EDGE_TTA_ACTIVE views= 8 mean_abs_feat_delta= 0.35452\n"}
,{"stream_name":"stdout","time":642.743706032,"data":"EDGE_TTA_ACTIVE views= 8 mean_abs_feat_delta= 0.35452\n"}
,{"stream_name":"stdout","time":643.188925124,"data":"EDGE_TTA_ACTIVE views= 8 mean_abs_feat_delta= 0.368315\n"}
,{"stream_name":"stdout","time":643.391328746,"data":"EDGE_TTA_ACTIVE views= 8 mean_abs_feat_delta= 0.368315\n"}
,{"stream_name":"stdout","time":644.808588769,"data":"EDGE_TTA_ACTIVE views= 8 mean_abs_feat_delta= 0.35732\n"}
,{"stream_name":"stdout","time":645.01131524,"data":"EDGE_TTA_ACTIVE views= 8 mean_abs_feat_delta= 0.35732\n"}
,{"stream_name":"stdout","time":645.196832705,"data":"EDGE_TTA_ACTIVE views= 8 mean_abs_feat_delta= 0.371386\n"}
,{"stream_name":"stdout","time":645.399246889,"data":"EDGE_TTA_ACTIVE views= 8 mean_abs_feat_delta= 0.371386\n"}
,{"stream_name":"stdout","time":647.055985685,"data":"EDGE_TTA_ACTIVE views= 8 mean_abs_feat_delta= 0.358346\n"}
,{"stream_name":"stdout","time":647.258640595,"data":"EDGE_TTA_ACTIVE views= 8 mean_abs_feat_delta= 0.358346\n"}
,{"stream_name":"stdout","time":649.468379537,"data":"EDGE_TTA_ACTIVE views= 8 mean_abs_feat_delta= 0.345063\n"}
,{"stream_name":"stdout","time":649.670598428,"data":"EDGE_TTA_ACTIVE views= 8 mean_abs_feat_delta= 0.345063\n"}
,{"stream_name":"stdout","time":650.842866827,"data":"Saved 2 predictions to /kaggle/working/tracking_repo/predictions/unknown/unet_transformer_gpu0/split_0\n"}
,{"stream_name":"stdout","time":651.045406879,"data":"Saved 2 predictions to /kaggle/working/tracking_repo/predictions/unknown/unet_transformer_gpu0/split_0\n"}
,{"stream_name":"stdout","time":651.821811891,"data":"EDGE_TTA_ACTIVE views= 8 mean_abs_feat_delta= 0.347554\n"}
,{"stream_name":"stdout","time":652.024549243,"data":"EDGE_TTA_ACTIVE views= 8 mean_abs_feat_delta= 0.347554\n"}
,{"stream_name":"stdout","time":654.105782708,"data":"EDGE_TTA_ACTIVE views= 8 mean_abs_feat_delta= 0.343748\n"}
,{"stream_name":"stdout","time":654.308126179,"data":"EDGE_TTA_ACTIVE views= 8 mean_abs_feat_delta= 0.343748\n"}
,{"stream_name":"stdout","time":656.360014761,"data":"EDGE_TTA_ACTIVE views= 8 mean_abs_feat_delta= 0.341273\n"}
,{"stream_name":"stdout","time":656.56317903,"data":"EDGE_TTA_ACTIVE views= 8 mean_abs_feat_delta= 0.341273\n"}
,{"stream_name":"stdout","time":658.607930833,"data":"EDGE_TTA_ACTIVE views= 8 mean_abs_feat_delta= 0.342479\n"}
,{"stream_name":"stdout","time":658.810351737,"data":"EDGE_TTA_ACTIVE views= 8 mean_abs_feat_delta= 0.342479\n"}
,{"stream_name":"stdout","time":660.859790716,"data":"EDGE_TTA_ACTIVE views= 8 mean_abs_feat_delta= 0.345052\n"}
,{"stream_name":"stdout","time":661.0620996,"data":"EDGE_TTA_ACTIVE views= 8 mean_abs_feat_delta= 0.345052\n"}
,{"stream_name":"stdout","time":663.142596803,"data":"EDGE_TTA_ACTIVE views= 8 mean_abs_feat_delta= 0.344953\n"}
,{"stream_name":"stdout","time":663.344724051,"data":"EDGE_TTA_ACTIVE views= 8 mean_abs_feat_delta= 0.344953\n"}
,{"stream_name":"stdout","time":665.429056051,"data":"EDGE_TTA_ACTIVE views= 8 mean_abs_feat_delta= 0.3439\n"}
,{"stream_name":"stdout","time":665.631271522,"data":"EDGE_TTA_ACTIVE views= 8 mean_abs_feat_delta= 0.3439\n"}
,{"stream_name":"stdout","time":667.715929273,"data":"EDGE_TTA_ACTIVE views= 8 mean_abs_feat_delta= 0.345377\n"}
,{"stream_name":"stdout","time":667.918198691,"data":"EDGE_TTA_ACTIVE views= 8 mean_abs_feat_delta= 0.345377\n"}
,{"stream_name":"stdout","time":669.962478922,"data":"EDGE_TTA_ACTIVE views= 8 mean_abs_feat_delta= 0.347308\n"}
,{"stream_name":"stdout","time":670.186897615,"data":"EDGE_TTA_ACTIVE views= 8 mean_abs_feat_delta= 0.347308\n"}
,{"stream_name":"stdout","time":672.216976136,"data":"EDGE_TTA_ACTIVE views= 8 mean_abs_feat_delta= 0.347503\n"}
,{"stream_name":"stdout","time":672.419153657,"data":"EDGE_TTA_ACTIVE views= 8 mean_abs_feat_delta= 0.347503\n"}
,{"stream_name":"stdout","time":674.486244248,"data":"EDGE_TTA_ACTIVE views= 8 mean_abs_feat_delta= 0.34777\n"}
,{"stream_name":"stdout","time":674.688545268,"data":"EDGE_TTA_ACTIVE views= 8 mean_abs_feat_delta= 0.34777\n"}
,{"stream_name":"stdout","time":758.14823321,"data":"Saved 2 predictions to /kaggle/working/tracking_repo/predictions/unknown/unet_transformer_gpu1/split_0\n"}
,{"stream_name":"stdout","time":758.372610701,"data":"Saved 2 predictions to /kaggle/working/tracking_repo/predictions/unknown/unet_transformer_gpu1/split_0\n"}
,{"stream_name":"stdout","time":760.152183186,"data":"Merged 4 prediction graphs into /kaggle/working/tracking_repo/predictions/unknown/unet_transformer/split_0\n"}
,{"stream_name":"stdout","time":760.152221237,"data":"Prediction completed in 9.12 minutes\n"}
,{"stream_name":"stdout","time":958.450134581,"data":"Trying DeepCenter add-only gate checkpoint: /kaggle/input/datasets/pilkwang/biohub-deepcenter-unet3d-center-prior-v1/weights/full_frame_center/best.pt\n"}
,{"stream_name":"stdout","time":958.748658935,"data":"Loaded DeepCenter add-only gate checkpoint: /kaggle/input/datasets/pilkwang/biohub-deepcenter-unet3d-center-prior-v1/weights/full_frame_center/best.pt\n"}
,{"stream_name":"stdout","time":958.748724294,"data":"DeepCenter checkpoint epoch: 2 best_score: -0.04500306242456039\n"}
,{"stream_name":"stdout","time":958.748730576,"data":"Found 4 prediction graphs\n"}
,{"stream_name":"stdout","time":979.211862136,"data":"  [44b6_0113de3b] after edge-filter+motion-relink: 25747 nodes, 24856 edges\n"}
,{"stream_name":"stdout","time":981.803221352,"data":"  [44b6_0113de3b] after gap-closing (single-frame + gap2): 25810 nodes, 24973 edges\n"}
,{"stream_name":"stdout","time":988.784500919,"data":"  [44b6_0113de3b] after safe-division repair: 25810 nodes, 25013 edges (geometric_candidates=171, deepcenter_rejected=120, post_veto_candidates=51, added=40, cap_skipped=0, mutual_nn_rejected=67, divergence_rejected=543)\n"}
,{"stream_name":"stdout","time":988.784540426,"data":"  [44b6_0113de3b] after division-geometry-filter+prune-isolated: 25804 nodes, 25013 edges\n"}
,{"stream_name":"stdout","time":988.784548166,"data":"  [44b6_0113de3b] after short-track filtering: 25551 nodes, 24818 edges (components_removed=58)\n"}
,{"stream_name":"stdout","time":993.871396027,"data":"  [44b6_0113de3b] FINAL: 25551 nodes, 24818 edges\n"}
,{"stream_name":"stdout","time":1008.976635052,"data":"  [44b6_0b24845f] after edge-filter+motion-relink: 21817 nodes, 19759 edges\n"}
,{"stream_name":"stdout","time":1016.720237081,"data":"  [44b6_0b24845f] after gap-closing (single-frame + gap2): 22204 nodes, 20463 edges\n"}
,{"stream_name":"stdout","time":1022.981461332,"data":"  [44b6_0b24845f] after safe-division repair: 22204 nodes, 20476 edges (geometric_candidates=214, deepcenter_rejected=199, post_veto_candidates=15, added=13, cap_skipped=0, mutual_nn_rejected=54, divergence_rejected=850)\n"}
,{"stream_name":"stdout","time":1022.981500185,"data":"  [44b6_0b24845f] after division-geometry-filter+prune-isolated: 22185 nodes, 20476 edges\n"}
,{"stream_name":"stdout","time":1022.981506771,"data":"  [44b6_0b24845f] after short-track filtering: 20172 nodes, 18924 edges (components_removed=461)\n"}
,{"stream_name":"stdout","time":1026.830520227,"data":"  [44b6_0b24845f] FINAL: 20172 nodes, 18924 edges\n"}
,{"stream_name":"stdout","time":1028.463826101,"data":"  [6bba_05b6850b] after edge-filter+motion-relink: 6287 nodes, 6019 edges\n"}
,{"stream_name":"stdout","time":1029.151537336,"data":"  [6bba_05b6850b] after gap-closing (single-frame + gap2): 6316 nodes, 6072 edges\n"}
,{"stream_name":"stdout","time":1030.653825276,"data":"  [6bba_05b6850b] after safe-division repair: 6316 nodes, 6078 edges (geometric_candidates=21, deepcenter_rejected=15, post_veto_candidates=6, added=6, cap_skipped=0, mutual_nn_rejected=6, divergence_rejected=85)\n"}
,{"stream_name":"stdout","time":1030.653885476,"data":"  [6bba_05b6850b] after division-geometry-filter+prune-isolated: 6315 nodes, 6078 edges\n"}
,{"stream_name":"stdout","time":1030.653892235,"data":"  [6bba_05b6850b] after short-track filtering: 6148 nodes, 5950 edges (components_removed=39)\n"}
,{"stream_name":"stdout","time":1031.855466899,"data":"  [6bba_05b6850b] FINAL: 6148 nodes, 5950 edges\n"}
,{"stream_name":"stdout","time":1182.259067371,"data":"  [6bba_05db0fb1] after edge-filter+motion-relink: 70763 nodes, 68029 edges\n"}
,{"stream_name":"stdout","time":1190.340441547,"data":"  [6bba_05db0fb1] after gap-closing (single-frame + gap2): 71181 nodes, 68807 edges\n"}
,{"stream_name":"stdout","time":1198.754163323,"data":"  [6bba_05db0fb1] after safe-division repair: 71181 nodes, 68837 edges (geometric_candidates=315, deepcenter_rejected=279, post_veto_candidates=36, added=30, cap_skipped=0, mutual_nn_rejected=269, divergence_rejected=2732)\n"}
,{"stream_name":"stdout","time":1198.754235998,"data":"  [6bba_05db0fb1] after division-geometry-filter+prune-isolated: 71150 nodes, 68837 edges\n"}
,{"stream_name":"stdout","time":1199.069953247,"data":"  [6bba_05db0fb1] after short-track filtering: 70284 nodes, 68173 edges (components_removed=202)\n"}
,{"stream_name":"stdout","time":1212.799747444,"data":"  [6bba_05db0fb1] FINAL: 70284 nodes, 68173 edges\n"}
,{"stream_name":"stdout","time":1213.240147876,"data":"Wrote /kaggle/working/submission.csv with 240,020 rows\n"}
,{"stream_name":"stdout","time":1213.240178364,"data":"Node rows: 122,155 | edge rows: 117,865\n"}
,{"stream_name":"stdout","time":1213.240182246,"data":"Wrote /kaggle/working/run_stats.csv\n"}
,{"stream_name":"stdout","time":1214.007760435,"data":"{\n"}
,{"stream_name":"stdout","time":1214.007802121,"data":"  \"configuration\": {\n"}
,{"stream_name":"stdout","time":1214.007809997,"data":"    \"bidirectional_primary_weight\": 0.3,\n"}
,{"stream_name":"stdout","time":1214.007815517,"data":"    \"deepcenter_gap_confirm_min_span_um\": 8.5,\n"}
,{"stream_name":"stdout","time":1214.007821401,"data":"    \"deepcenter_gap_threshold\": 0.25,\n"}
,{"stream_name":"stdout","time":1214.007827464,"data":"    \"detector_threshold\": 0.96875,\n"}
,{"stream_name":"stdout","time":1214.007833533,"data":"    \"edge_candidate_threshold\": 0.48,\n"}
,{"stream_name":"stdout","time":1214.007838524,"data":"    \"fallback_scope\": \"individual_frame\",\n"}
,{"stream_name":"stdout","time":1214.007843318,"data":"    \"gap_close_um\": 5.8,\n"}
,{"stream_name":"stdout","time":1214.007848024,"data":"    \"ilp_appearance_weight\": 0.0,\n"}
,{"stream_name":"stdout","time":1214.007852887,"data":"    \"ilp_disappearance_weight\": 1.5,\n"}
,{"stream_name":"stdout","time":1214.007857886,"data":"    \"minimum_candidate_retention\": 0.9,\n"}
,{"stream_name":"stdout","time":1214.007863197,"data":"    \"secondary_detection_weight\": 0.475,\n"}
,{"stream_name":"stdout","time":1214.007867659,"data":"    \"secondary_edge_weight\": 0.15,\n"}
,{"stream_name":"stdout","time":1214.007872564,"data":"    \"secondary_link_mode\": \"low_margin_consensus\",\n"}
,{"stream_name":"stdout","time":1214.007877046,"data":"    \"secondary_low_margin_max\": 0.35\n"}
,{"stream_name":"stdout","time":1214.007881879,"data":"  },\n"}
,{"stream_name":"stdout","time":1214.007886322,"data":"  \"diagnostics\": {\n"}
,{"stream_name":"stdout","time":1214.007890777,"data":"    \"by_movie\": {\n"}
,{"stream_name":"stdout","time":1214.007895373,"data":"      \"44b6_0113de3b\": {\n"}
,{"stream_name":"stdout","time":1214.007900289,"data":"        \"fallback_frames\": 0,\n"}
,{"stream_name":"stdout","time":1214.00790593,"data":"        \"frames\": 100,\n"}
,{"stream_name":"stdout","time":1214.007910656,"data":"        \"median_retention\": 1.0141843971631206,\n"}
,{"stream_name":"stdout","time":1214.007916199,"data":"        \"minimum_retention\": 0.9781021897810219\n"}
,{"stream_name":"stdout","time":1214.007921374,"data":"      },\n"}
,{"stream_name":"stdout","time":1214.007938173,"data":"      \"44b6_0b24845f\": {\n"}
,{"stream_name":"stdout","time":1214.007942366,"data":"        \"fallback_frames\": 53,\n"}
,{"stream_name":"stdout","time":1214.007946684,"data":"        \"frames\": 100,\n"}
,{"stream_name":"stdout","time":1214.007950659,"data":"        \"median_retention\": 0.8916371706275634,\n"}
,{"stream_name":"stdout","time":1214.007954666,"data":"        \"minimum_retention\": 0.37872340425531914\n"}
,{"stream_name":"stdout","time":1214.007958671,"data":"      },\n"}
,{"stream_name":"stdout","time":1214.007962348,"data":"      \"6bba_05b6850b\": {\n"}
,{"stream_name":"stdout","time":1214.007966239,"data":"        \"fallback_frames\": 1,\n"}
,{"stream_name":"stdout","time":1214.007970264,"data":"        \"frames\": 100,\n"}
,{"stream_name":"stdout","time":1214.007974086,"data":"        \"median_retention\": 1.0137012012012012,\n"}
,{"stream_name":"stdout","time":1214.007978037,"data":"        \"minimum_retention\": 0.8648648648648649\n"}
,{"stream_name":"stdout","time":1214.008004039,"data":"      },\n"}
,{"stream_name":"stdout","time":1214.008008394,"data":"      \"6bba_05db0fb1\": {\n"}
,{"stream_name":"stdout","time":1214.008011684,"data":"        \"fallback_frames\": 0,\n"}
,{"stream_name":"stdout","time":1214.008015577,"data":"        \"frames\": 100,\n"}
,{"stream_name":"stdout","time":1214.008019584,"data":"        \"median_retention\": 1.0148331499816647,\n"}
,{"stream_name":"stdout","time":1214.008023413,"data":"        \"minimum_retention\": 0.9713467048710601\n"}
,{"stream_name":"stdout","time":1214.008027346,"data":"      }\n"}
,{"stream_name":"stdout","time":1214.008031042,"data":"    },\n"}
,{"stream_name":"stdout","time":1214.008034625,"data":"    \"fallback_frames\": 54,\n"}
,{"stream_name":"stdout","time":1214.008038852,"data":"    \"rows\": 400\n"}
,{"stream_name":"stdout","time":1214.008042622,"data":"  },\n"}
,{"stream_name":"stdout","time":1214.008046339,"data":"  \"experiment\": \"harmonic_bidirectional_association_v1\",\n"}
,{"stream_name":"stdout","time":1214.008050486,"data":"  \"hardware\": {\n"}
,{"stream_name":"stdout","time":1214.008054511,"data":"    \"visible_gpu_count\": 2\n"}
,{"stream_name":"stdout","time":1214.008058455,"data":"  },\n"}
,{"stream_name":"stdout","time":1214.008062169,"data":"  \"leaderboard_feedback_used_for_configuration\": true,\n"}
,{"stream_name":"stdout","time":1214.008066322,"data":"  \"method_attribution\": \"fixed-90 dual-seed baseline with harmonic mutual-support association fusion (rule from public CC0 notebook yusuketogashi/no-hack-biohub-cell-another-approch-3rd v18)\",\n"}
,{"stream_name":"stdout","time":1214.008071105,"data":"  \"metric_hack_used\": false,\n"}
,{"stream_name":"stdout","time":1214.008075034,"data":"  \"organizer_labels_used_for_configuration\": false,\n"}
,{"stream_name":"stdout","time":1214.008079359,"data":"  \"parent_experiment\": \"paired_bidirectional_primary_weight020_vs_forward_v1\",\n"}
,{"stream_name":"stdout","time":1214.008083475,"data":"  \"public_output_used\": false,\n"}
,{"stream_name":"stdout","time":1214.008087477,"data":"  \"quality_promotion\": {\n"}
,{"stream_name":"stdout","time":1214.008091339,"data":"    \"execute_push_submit\": \"FORBIDDEN_UNTIL_REQUIRED_CONDITION\",\n"}
,{"stream_name":"stdout","time":1214.008097427,"data":"    \"required_condition\": \"promote=true\",\n"}
,{"stream_name":"stdout","time":1214.0081016,"data":"    \"required_receipt\": \"bidirectional_blend_union13_receipt.json\",\n"}
,{"stream_name":"stdout","time":1214.008106208,"data":"    \"status\": \"candidate_unverified\",\n"}
,{"stream_name":"stdout","time":1214.00811535,"data":"    \"validated_receipt_sha256\": null\n"}
,{"stream_name":"stdout","time":1214.008119488,"data":"  },\n"}
,{"stream_name":"stdout","time":1214.00812323,"data":"  \"source_kernel\": \"raykkretzschmar/biohub-bidirectional-primary-union13-diagnostic-v1\",\n"}
,{"stream_name":"stdout","time":1214.008127565,"data":"  \"source_notebook_sha256\": \"3e65ca691941949196bf417030ea84fccafe16baaec174b2a63540451bb937e8\",\n"}
,{"stream_name":"stdout","time":1214.008131717,"data":"  \"status\": \"clean_graph_audit_pass_candidate_unverified_quality\",\n"}
,{"stream_name":"stdout","time":1214.00813576,"data":"  \"submission\": {\n"}
,{"stream_name":"stdout","time":1214.00813963,"data":"    \"datasets\": [\n"}
,{"stream_name":"stdout","time":1214.008143739,"data":"      \"44b6_0113de3b\",\n"}
,{"stream_name":"stdout","time":1214.008147522,"data":"      \"44b6_0b24845f\",\n"}
,{"stream_name":"stdout","time":1214.00815135,"data":"      \"6bba_05b6850b\",\n"}
,{"stream_name":"stdout","time":1214.008155154,"data":"      \"6bba_05db0fb1\"\n"}
,{"stream_name":"stdout","time":1214.008159431,"data":"    ],\n"}
,{"stream_name":"stdout","time":1214.008163153,"data":"    \"rows\": 240020,\n"}
,{"stream_name":"stdout","time":1214.008167079,"data":"    \"sha256\": \"d93f74e8ea1fd805b3b89df5c585c28224262bfdfb001d8457458e6f457e68eb\"\n"}
,{"stream_name":"stdout","time":1214.00817106,"data":"  },\n"}
,{"stream_name":"stdout","time":1214.008174722,"data":"  \"topology\": {\n"}
,{"stream_name":"stdout","time":1214.00817852,"data":"    \"44b6_0113de3b\": {\n"}
,{"stream_name":"stdout","time":1214.008182365,"data":"      \"division_parents\": 40,\n"}
,{"stream_name":"stdout","time":1214.008186548,"data":"      \"edges\": 24818,\n"}
,{"stream_name":"stdout","time":1214.008190348,"data":"      \"max_indegree\": 1,\n"}
,{"stream_name":"stdout","time":1214.008194159,"data":"      \"max_outdegree\": 2,\n"}
,{"stream_name":"stdout","time":1214.008198033,"data":"      \"nodes\": 25551\n"}
,{"stream_name":"stdout","time":1214.008201851,"data":"    },\n"}
,{"stream_name":"stdout","time":1214.008205563,"data":"    \"44b6_0b24845f\": {\n"}
,{"stream_name":"stdout","time":1214.00820934,"data":"      \"division_parents\": 13,\n"}
,{"stream_name":"stdout","time":1214.008213253,"data":"      \"edges\": 18924,\n"}
,{"stream_name":"stdout","time":1214.008217221,"data":"      \"max_indegree\": 1,\n"}
,{"stream_name":"stdout","time":1214.008221215,"data":"      \"max_outdegree\": 2,\n"}
,{"stream_name":"stdout","time":1214.008225102,"data":"      \"nodes\": 20172\n"}
,{"stream_name":"stdout","time":1214.008228955,"data":"    },\n"}
,{"stream_name":"stdout","time":1214.008232646,"data":"    \"6bba_05b6850b\": {\n"}
,{"stream_name":"stdout","time":1214.008236471,"data":"      \"division_parents\": 6,\n"}
,{"stream_name":"stdout","time":1214.008240546,"data":"      \"edges\": 5950,\n"}
,{"stream_name":"stdout","time":1214.008244279,"data":"      \"max_indegree\": 1,\n"}
,{"stream_name":"stdout","time":1214.008247952,"data":"      \"max_outdegree\": 2,\n"}
,{"stream_name":"stdout","time":1214.008251896,"data":"      \"nodes\": 6148\n"}
,{"stream_name":"stdout","time":1214.008255788,"data":"    },\n"}
,{"stream_name":"stdout","time":1214.008259428,"data":"    \"6bba_05db0fb1\": {\n"}
,{"stream_name":"stdout","time":1214.008263206,"data":"      \"division_parents\": 30,\n"}
,{"stream_name":"stdout","time":1214.00826726,"data":"      \"edges\": 68173,\n"}
,{"stream_name":"stdout","time":1214.008271242,"data":"      \"max_indegree\": 1,\n"}
,{"stream_name":"stdout","time":1214.008275136,"data":"      \"max_outdegree\": 2,\n"}
,{"stream_name":"stdout","time":1214.008282908,"data":"      \"nodes\": 70284\n"}
,{"stream_name":"stdout","time":1214.008287022,"data":"    }\n"}
,{"stream_name":"stdout","time":1214.008290795,"data":"  }\n"}
,{"stream_name":"stdout","time":1214.008294459,"data":"}\n"}
,{"stream_name":"stdout","time":1214.207614649,"data":"VALIDATOR: excluding 4 TRAIN stem(s) that also appear in TEST_DIR: ['44b6_0113de3b', '44b6_0b24845f', '6bba_05b6850b', '6bba_05db0fb1']\n"}
,{"stream_name":"stdout","time":1253.205813798,"data":"VALIDATOR: selected 8 held-out TRAIN samples (4 per embryo-type prefix, 2 prefixes found, 8 contain a GT division)\n"}
,{"stream_name":"stdout","time":1253.205877253,"data":"['44b6_12dfb391', '44b6_267148e4', '44b6_2a2eff9f', '44b6_341df25f', '6bba_062c8d37', '6bba_07e24132', '6bba_085bf656', '6bba_09961292']\n"}
,{"stream_name":"stdout","time":1253.2058871,"data":"VALIDATOR: launching 2 shards on CUDA devices ['0', '1']\n"}
,{"stream_name":"stderr","time":1257.655914005,"data":"/usr/local/lib/python3.12/dist-packages/dask/array/image.py:7: FutureWarning: `find_available_plugins` is deprecated since version 0.25 and will be removed in version 0.27. The plugin infrastructure of `skimage.io` is deprecated. Instead, use `imageio` or other I/O packages directly.\n"}
,{"stream_name":"stderr","time":1257.65595204,"data":"  from skimage.io import imread as sk_imread\n"}
,{"stream_name":"stderr","time":1257.661379467,"data":"/usr/lib/python3.12/importlib/__init__.py:90: FutureWarning: `reset_plugins` is deprecated since version 0.25 and will be removed in version 0.27. The plugin infrastructure of `skimage.io` is deprecated. Instead, use `imageio` or other I/O packages directly.\n"}
,{"stream_name":"stderr","time":1257.661416949,"data":"  return _bootstrap._gcd_import(name[level:], package, level)\n"}
,{"stream_name":"stderr","time":1257.695161257,"data":"/usr/local/lib/python3.12/dist-packages/dask/array/image.py:7: FutureWarning: `find_available_plugins` is deprecated since version 0.25 and will be removed in version 0.27. The plugin infrastructure of `skimage.io` is deprecated. Instead, use `imageio` or other I/O packages directly.\n"}
,{"stream_name":"stderr","time":1257.695192142,"data":"  from skimage.io import imread as sk_imread\n"}
,{"stream_name":"stderr","time":1257.701059674,"data":"/usr/lib/python3.12/importlib/__init__.py:90: FutureWarning: `reset_plugins` is deprecated since version 0.25 and will be removed in version 0.27. The plugin infrastructure of `skimage.io` is deprecated. Instead, use `imageio` or other I/O packages directly.\n"}
,{"stream_name":"stderr","time":1257.701145797,"data":"  return _bootstrap._gcd_import(name[level:], package, level)\n"}
,{"stream_name":"stderr","time":1257.859037867,"data":"/usr/local/lib/python3.12/dist-packages/dask/array/image.py:7: FutureWarning: `find_available_plugins` is deprecated since version 0.25 and will be removed in version 0.27. The plugin infrastructure of `skimage.io` is deprecated. Instead, use `imageio` or other I/O packages directly.\n"}
,{"stream_name":"stderr","time":1257.859094708,"data":"  from skimage.io import imread as sk_imread\n"}
,{"stream_name":"stderr","time":1257.859102588,"data":"/usr/lib/python3.12/importlib/__init__.py:90: FutureWarning: `reset_plugins` is deprecated since version 0.25 and will be removed in version 0.27. The plugin infrastructure of `skimage.io` is deprecated. Instead, use `imageio` or other I/O packages directly.\n"}
,{"stream_name":"stderr","time":1257.859107776,"data":"  return _bootstrap._gcd_import(name[level:], package, level)\n"}
,{"stream_name":"stderr","time":1257.859112895,"data":"/usr/local/lib/python3.12/dist-packages/dask/array/image.py:7: FutureWarning: `find_available_plugins` is deprecated since version 0.25 and will be removed in version 0.27. The plugin infrastructure of `skimage.io` is deprecated. Instead, use `imageio` or other I/O packages directly.\n"}
,{"stream_name":"stderr","time":1257.859131906,"data":"  from skimage.io import imread as sk_imread\n"}
,{"stream_name":"stderr","time":1257.859136065,"data":"/usr/lib/python3.12/importlib/__init__.py:90: FutureWarning: `reset_plugins` is deprecated since version 0.25 and will be removed in version 0.27. The plugin infrastructure of `skimage.io` is deprecated. Instead, use `imageio` or other I/O packages directly.\n"}
,{"stream_name":"stderr","time":1257.859405612,"data":"  return _bootstrap._gcd_import(name[level:], package, level)\n"}
,{"stream_name":"stderr","time":1257.859413499,"data":"\n"}
,{"stream_name":"stderr","time":1257.859417626,"data":"/usr/local/lib/python3.12/dist-packages/dask/array/image.py:7: FutureWarning: `find_available_plugins` is deprecated since version 0.25 and will be removed in version 0.27. The plugin infrastructure of `skimage.io` is deprecated. Instead, use `imageio` or other I/O packages directly.\n"}
,{"stream_name":"stderr","time":1257.859421295,"data":"  from skimage.io import imread as sk_imread\n"}
,{"stream_name":"stderr","time":1257.859424883,"data":"/usr/lib/python3.12/importlib/__init__.py:90: FutureWarning: `reset_plugins` is deprecated since version 0.25 and will be removed in version 0.27. The plugin infrastructure of `skimage.io` is deprecated. Instead, use `imageio` or other I/O packages directly.\n"}
,{"stream_name":"stderr","time":1257.859428943,"data":"  return _bootstrap._gcd_import(name[level:], package, level)\n"}
,{"stream_name":"stderr","time":1257.859436271,"data":"/usr/local/lib/python3.12/dist-packages/dask/array/image.py:7: FutureWarning: `find_available_plugins` is deprecated since version 0.25 and will be removed in version 0.27. The plugin infrastructure of `skimage.io` is deprecated. Instead, use `imageio` or other I/O packages directly.\n"}
,{"stream_name":"stderr","time":1257.859440985,"data":"  from skimage.io import imread as sk_imread\n"}
,{"stream_name":"stderr","time":1257.859444335,"data":"/usr/lib/python3.12/importlib/__init__.py:90: FutureWarning: `reset_plugins` is deprecated since version 0.25 and will be removed in version 0.27. The plugin infrastructure of `skimage.io` is deprecated. Instead, use `imageio` or other I/O packages directly.\n"}
,{"stream_name":"stderr","time":1257.859448291,"data":"  return _bootstrap._gcd_import(name[level:], package, level)\n"}
,{"stream_name":"stdout","time":1258.240320083,"data":"Secondary model: /kaggle/working/secondary_seed_weights/unet_transformer/split_0/edge_predictor_best.pth | edge weight=0.150 | detection weight=0.800 | link mode=low_margin_consensus | temperature=1.000 | low-margin max=0.350 | edge threshold=0.480\n"}
,{"stream_name":"stdout","time":1258.240510078,"data":"Fold 0: 4 datasets | weights=weights/unet_transformer/split_0/edge_predictor_best.pth | device=cuda | window_size=2 | pool_kernel_um=3.0\n"}
,{"stream_name":"stdout","time":1258.285317692,"data":"Secondary model: /kaggle/working/secondary_seed_weights/unet_transformer/split_0/edge_predictor_best.pth | edge weight=0.150 | detection weight=0.800 | link mode=low_margin_consensus | temperature=1.000 | low-margin max=0.350 | edge threshold=0.480\n"}
,{"stream_name":"stdout","time":1258.285336369,"data":"Fold 0: 4 datasets | weights=weights/unet_transformer/split_0/edge_predictor_best.pth | device=cuda | window_size=2 | pool_kernel_um=3.0\n"}
,{"stream_name":"stdout","time":1258.443194171,"data":"Secondary model: /kaggle/working/secondary_seed_weights/unet_transformer/split_0/edge_predictor_best.pth | edge weight=0.150 | detection weight=0.800 | link mode=low_margin_consensus | temperature=1.000 | low-margin max=0.350 | edge threshold=0.480\n"}
,{"stream_name":"stdout","time":1258.443248469,"data":"Fold 0: 4 datasets | weights=weights/unet_transformer/split_0/edge_predictor_best.pth | device=cuda | window_size=2 | pool_kernel_um=3.0\n"}
,{"stream_name":"stdout","time":1258.443282611,"data":"Secondary model: /kaggle/working/secondary_seed_weights/unet_transformer/split_0/edge_predictor_best.pth | edge weight=0.150 | detection weight=0.800 | link mode=low_margin_consensus | temperature=1.000 | low-margin max=0.350 | edge threshold=0.480\n"}
,{"stream_name":"stdout","time":1258.443288193,"data":"Fold 0: 4 datasets | weights=weights/unet_transformer/split_0/edge_predictor_best.pth | device=cuda | window_size=2 | pool_kernel_um=3.0\n"}
,{"stream_name":"stdout","time":1259.685086184,"data":"EDGE_TTA_ACTIVE views= 8 mean_abs_feat_delta= 0.352495\n"}
,{"stream_name":"stdout","time":1259.764724463,"data":"EDGE_TTA_ACTIVE views= 8 mean_abs_feat_delta= 0.437892\n"}
,{"stream_name":"stdout","time":1259.887267217,"data":"EDGE_TTA_ACTIVE views= 8 mean_abs_feat_delta= 0.352495\n"}
,{"stream_name":"stdout","time":1259.88729717,"data":"EDGE_TTA_ACTIVE views= 8 mean_abs_feat_delta= 0.437892\n"}
,{"stream_name":"stdout","time":1261.212178071,"data":"PUBLIC946_GPU_SMOKE {\"arm\": \"C1\", \"association\": {\"actual_primary_logits_after_original_harmonic_fusion\": {\"all_finite\": true, \"device\": \"cuda:0\", \"dtype\": \"torch.float32\", \"numel\": 35720, \"shape\": [1, 190, 188], \"stride\": [35720, 188, 1]}, \"actual_secondary_feature_consumed\": true, \"actual_secondary_logits\": {\"all_finite\": true, \"device\": \"cuda:0\", \"dtype\": \"torch.float32\", \"numel\": 35720, \"shape\": [1, 190, 188], \"stride\": [35720, 188, 1]}, \"coordinate_grid\": {\"downsample\": [1.0, 4.0, 4.0], \"source\": {\"device\": \"cuda:0\", \"dtype\": \"torch.float32\", \"numel\": 570, \"shape\": [1, 190, 3], \"stride\": [190, 1, 190]}, \"target\": {\"device\": \"cuda:0\", \"dtype\": \"torch.float32\", \"numel\": 564, \"shape\": [1, 188, 3], \"stride\": [188, 1, 188]}}, \"diagnostic_edge_head_calls\": 1, \"diagnostic_encoder_calls\": 0, \"diagnostic_probabilities_used_in_production\": false, \"diagnostic_seconds\": 0.010189101999912964, \"frame_pair_index\": 0, \"primary_source_sampled_features\": {\"all_finite\": true, \"device\": \"cuda:0\", \"dtype\": \"torch.float32\", \"numel\": 6080, \"shape\": [1, 190, 32], \"stride\": [6080, 32, 1]}, \"primary_target_sampled_features\": {\"all_finite\": true, \"device\": \"cuda:0\", \"dtype\": \"torch.float32\", \"numel\": 6016, \"shape\": [1, 188, 32], \"stride\": [6016, 32, 1]}, \"probability_comparison_stage\": \"secondary edge-head softmax over parents, before original calibration and low-margin mixing\", \"probability_delta_vs_single_pass_same_coordinates\": {\"sample_elements\": 35720, \"sample_equal\": true, \"sample_max_abs_delta\": 0.0, \"sample_mean_abs_delta\": 0.0, \"sample_stride\": 1}, \"production_calls\": 1, \"same_low_margin_config\": {\"secondary_detection_weight\": 0.8, \"secondary_edge_weight\": 0.15, \"secondary_link_mode\": \"low_margin_consensus\"}, \"source_delta_vs_single_pass\": {\"sample_elements\": 6080, \"sample_equal\": true, \"sample_max_abs_delta\": 0.0, \"sample_mean_abs_delta\": 0.0, \"sample_stride\": 1}, \"source_sampled_features\": {\"all_finite\": true, \"device\": \"cuda:0\", \"dtype\": \"torch.float32\", \"numel\": 6080, \"shape\": [1, 190, 32], \"stride\": [6080, 32, 1]}, \"target_delta_vs_single_pass\": {\"sample_elements\": 6016, \"sample_equal\": true, \"sample_max_abs_delta\": 0.0, \"sample_mean_abs_delta\": 0.0, \"sample_stride\": 1}, \"target_sampled_features\": {\"all_finite\": true, \"device\": \"cuda:0\", \"dtype\": \"torch.float32\", \"numel\": 6016, \"shape\": [1, 188, 32], \"stride\": [6016, 32, 1]}}, \"association_calls\": 1, \"config\": {\"secondary_detection_weight\": 0.8, \"secondary_edge_weight\": 0.15, \"secondary_link_mode\": \"low_margin_consensus\"}, \"consumed_features\": {\"primary\": {\"all_finite\": true, \"delta_vs_single_pass\": {\"sample_elements\": 65536, \"sample_equal\": false, \"sample_max_abs_delta\": 1.3641767501831055, \"sample_mean_abs_delta\": 0.3085781931877136, \"sample_stride\": 256}, \"device\": \"cuda:0\", \"dtype\": \"torch.float32\", \"numel\": 16777216, \"original_encoded_feature_sample_unchanged\": true, \"same_storage_as_original\": false, \"shape\": [1, 2, 32, 64, 64, 64], \"single_pass\": {\"device\": \"cuda:0\", \"dtype\": \"torch.float32\", \"numel\": 16777216, \"shape\": [1, 2, 32, 64, 64, 64], \"stride\": [16777216, 8388608, 262144, 4096, 64, 1]}, \"stride\": [16777216, 8388608, 262144, 4096, 64, 1]}, \"secondary\": {\"all_finite\": true, \"delta_vs_single_pass\": {\"sample_elements\": 65536, \"sample_equal\": true, \"sample_max_abs_delta\": 0.0, \"sample_mean_abs_delta\": 0.0, \"sample_stride\": 256}, \"device\": \"cuda:0\", \"dtype\": \"torch.float32\", \"numel\": 16777216, \"original_encoded_feature_sample_unchanged\": true, \"same_storage_as_original\": true, \"shape\": [1, 2, 32, 64, 64, 64], \"single_pass\": {\"device\": \"cuda:0\", \"dtype\": \"torch.float32\", \"numel\": 16777216, \"shape\": [1, 2, 32, 64, 64, 64], \"stride\": [16777216, 8388608, 262144, 4096, 64, 1]}, \"stride\": [16777216, 8388608, 262144, 4096, 64, 1]}}, \"consumed_heatmaps\": [{\"all_finite\": true, \"device\": \"cuda:0\", \"dtype\": \"torch.float32\", \"numel\": 262144, \"shape\": [1, 1, 64, 64, 64], \"stride\": [262144, 262144, 4096, 64, 1]}, {\"all_finite\": true, \"device\": \"cuda:0\", \"dtype\": \"torch.float32\", \"numel\": 262144, \"shape\": [1, 1, 64, 64, 64], \"stride\": [262144, 262144, 4096, 64, 1]}], \"cuda_peak_allocated_bytes_process\": 728221696, \"cuda_peak_reserved_bytes_process\": 966787072, \"dataset\": \"44b6_267148e4\", \"encode_calls\": {\"primary\": 8, \"secondary\": 8}, \"encode_seconds\": {\"primary\": 1.1549157090012159, \"secondary\": 0.8213900559999274}, \"encode_views\": [{\"feature\": {\"device\": \"cuda:0\", \"dtype\": \"torch.float32\", \"numel\": 16777216, \"shape\": [1, 2, 32, 64, 64, 64], \"stride\": [16777216, 8388608, 262144, 4096, 64, 1]}, \"heatmap0\": {\"device\": \"cuda:0\", \"dtype\": \"torch.float32\", \"numel\": 262144, \"shape\": [1, 1, 64, 64, 64], \"stride\": [262144, 262144, 4096, 64, 1]}, \"input\": {\"device\": \"cuda:0\", \"dtype\": \"torch.float32\", \"numel\": 524288, \"shape\": [1, 2, 64, 64, 64], \"stride\": [524288, 262144, 4096, 64, 1]}, \"pass\": 1, \"role\": \"primary\"}, {\"feature\": {\"device\": \"cuda:0\", \"dtype\": \"torch.float32\", \"numel\": 16777216, \"shape\": [1, 2, 32, 64, 64, 64], \"stride\": [16777216, 8388608, 262144, 4096, 64, 1]}, \"heatmap0\": {\"device\": \"cuda:0\", \"dtype\": \"torch.float32\", \"numel\": 262144, \"shape\": [1, 1, 64, 64, 64], \"stride\": [262144, 262144, 4096, 64, 1]}, \"input\": {\"device\": \"cuda:0\", \"dtype\": \"torch.float32\", \"numel\": 524288, \"shape\": [1, 2, 64, 64, 64], \"stride\": [524288, 262144, 4096, 64, 1]}, \"pass\": 2, \"role\": \"primary\"}, {\"feature\": {\"device\": \"cuda:0\", \"dtype\": \"torch.float32\", \"numel\": 16777216, \"shape\": [1, 2, 32, 64, 64, 64], \"stride\": [16777216, 8388608, 262144, 4096, 64, 1]}, \"heatmap0\": {\"device\": \"cuda:0\", \"dtype\": \"torch.float32\", \"numel\": 262144, \"shape\": [1, 1, 64, 64, 64], \"stride\": [262144, 262144, 4096, 64, 1]}, \"input\": {\"device\": \"cuda:0\", \"dtype\": \"torch.float32\", \"numel\": 524288, \"shape\": [1, 2, 64, 64, 64], \"stride\": [524288, 262144, 4096, 64, 1]}, \"pass\": 3, \"role\": \"primary\"}, {\"feature\": {\"device\": \"cuda:0\", \"dtype\": \"torch.float32\", \"numel\": 16777216, \"shape\": [1, 2, 32, 64, 64, 64], \"stride\": [16777216, 8388608, 262144, 4096, 64, 1]}, \"heatmap0\": {\"device\": \"cuda:0\", \"dtype\": \"torch.float32\", \"numel\": 262144, \"shape\": [1, 1, 64, 64, 64], \"stride\": [262144, 262144, 4096, 64, 1]}, \"input\": {\"device\": \"cuda:0\", \"dtype\": \"torch.float32\", \"numel\": 524288, \"shape\": [1, 2, 64, 64, 64], \"stride\": [524288, 262144, 4096, 64, 1]}, \"pass\": 4, \"role\": \"primary\"}, {\"feature\": {\"device\": \"cuda:0\", \"dtype\": \"torch.float32\", \"numel\": 16777216, \"shape\": [1, 2, 32, 64, 64, 64], \"stride\": [16777216, 8388608, 262144, 4096, 64, 1]}, \"heatmap0\": {\"device\": \"cuda:0\", \"dtype\": \"torch.float32\", \"numel\": 262144, \"shape\": [1, 1, 64, 64, 64], \"stride\": [262144, 262144, 4096, 64, 1]}, \"input\": {\"device\": \"cuda:0\", \"dtype\": \"torch.float32\", \"numel\": 524288, \"shape\": [1, 2, 64, 64, 64], \"stride\": [524288, 262144, 4096, 1, 64]}, \"pass\": 5, \"role\": \"primary\"}, {\"feature\": {\"device\": \"cuda:0\", \"dtype\": \"torch.float32\", \"numel\": 16777216, \"shape\": [1, 2, 32, 64, 64, 64], \"stride\": [16777216, 8388608, 262144, 4096, 64, 1]}, \"heatmap0\": {\"device\": \"cuda:0\", \"dtype\": \"torch.float32\", \"numel\": 262144, \"shape\": [1, 1, 64, 64, 64], \"stride\": [262144, 262144, 4096, 64, 1]}, \"input\": {\"device\": \"cuda:0\", \"dtype\": \"torch.float32\", \"numel\": 524288, \"shape\": [1, 2, 64, 64, 64], \"stride\": [524288, 262144, 4096, 1, 64]}, \"pass\": 6, \"role\": \"primary\"}, {\"feature\": {\"device\": \"cuda:0\", \"dtype\": \"torch.float32\", \"numel\": 16777216, \"shape\": [1, 2, 32, 64, 64, 64], \"stride\": [16777216, 8388608, 262144, 4096, 64, 1]}, \"heatmap0\": {\"device\": \"cuda:0\", \"dtype\": \"torch.float32\", \"numel\": 262144, \"shape\": [1, 1, 64, 64, 64], \"stride\": [262144, 262144, 4096, 64, 1]}, \"input\": {\"device\": \"cuda:0\", \"dtype\": \"torch.float32\", \"numel\": 524288, \"shape\": [1, 2, 64, 64, 64], \"stride\": [524288, 262144, 4096, 1, 64]}, \"pass\": 7, \"role\": \"primary\"}, {\"feature\": {\"device\": \"cuda:0\", \"dtype\": \"torch.float32\", \"numel\": 16777216, \"shape\": [1, 2, 32, 64, 64, 64], \"stride\": [16777216, 8388608, 262144, 4096, 64, 1]}, \"heatmap0\": {\"device\": \"cuda:0\", \"dtype\": \"torch.float32\", \"numel\": 262144, \"shape\": [1, 1, 64, 64, 64], \"stride\": [262144, 262144, 4096, 64, 1]}, \"input\": {\"device\": \"cuda:0\", \"dtype\": \"torch.float32\", \"numel\": 524288, \"shape\": [1, 2, 64, 64, 64], \"stride\": [524288, 262144, 4096, 1, 64]}, \"pass\": 8, \"role\": \"primary\"}, {\"feature\": {\"device\": \"cuda:0\", \"dtype\": \"torch.float32\", \"numel\": 16777216, \"shape\": [1, 2, 32, 64, 64, 64], \"stride\": [16777216, 8388608, 262144, 4096, 64, 1]}, \"heatmap0\": {\"device\": \"cuda:0\", \"dtype\": \"torch.float32\", \"numel\": 262144, \"shape\": [1, 1, 64, 64, 64], \"stride\": [262144, 262144, 4096, 64, 1]}, \"input\": {\"device\": \"cuda:0\", \"dtype\": \"torch.float32\", \"numel\": 524288, \"shape\": [1, 2, 64, 64, 64], \"stride\": [524288, 262144, 4096, 64, 1]}, \"pass\": 1, \"role\": \"secondary\"}, {\"feature\": {\"device\": \"cuda:0\", \"dtype\": \"torch.float32\", \"numel\": 16777216, \"shape\": [1, 2, 32, 64, 64, 64], \"stride\": [16777216, 8388608, 262144, 4096, 64, 1]}, \"heatmap0\": {\"device\": \"cuda:0\", \"dtype\": \"torch.float32\", \"numel\": 262144, \"shape\": [1, 1, 64, 64, 64], \"stride\": [262144, 262144, 4096, 64, 1]}, \"input\": {\"device\": \"cuda:0\", \"dtype\": \"torch.float32\", \"numel\": 524288, \"shape\": [1, 2, 64, 64, 64], \"stride\": [524288, 262144, 4096, 64, 1]}, \"pass\": 2, \"role\": \"secondary\"}, {\"feature\": {\"device\": \"cuda:0\", \"dtype\": \"torch.float32\", \"numel\": 16777216, \"shape\": [1, 2, 32, 64, 64, 64], \"stride\": [16777216, 8388608, 262144, 4096, 64, 1]}, \"heatmap0\": {\"device\": \"cuda:0\", \"dtype\": \"torch.float32\", \"numel\": 262144, \"shape\": [1, 1, 64, 64, 64], \"stride\": [262144, 262144, 4096, 64, 1]}, \"input\": {\"device\": \"cuda:0\", \"dtype\": \"torch.float32\", \"numel\": 524288, \"shape\": [1, 2, 64, 64, 64], \"stride\": [524288, 262144, 4096, 64, 1]}, \"pass\": 3, \"role\": \"secondary\"}, {\"feature\": {\"device\": \"cuda:0\", \"dtype\": \"torch.float32\", \"numel\": 16777216, \"shape\": [1, 2, 32, 64, 64, 64], \"stride\": [16777216, 8388608, 262144, 4096, 64, 1]}, \"heatmap0\": {\"device\": \"cuda:0\", \"dtype\": \"torch.float32\", \"numel\": 262144, \"shape\": [1, 1, 64, 64, 64], \"stride\": [262144, 262144, 4096, 64, 1]}, \"input\": {\"device\": \"cuda:0\", \"dtype\": \"torch.float32\", \"numel\": 524288, \"shape\": [1, 2, 64, 64, 64], \"stride\": [524288, 262144, 4096, 64, 1]}, \"pass\": 4, \"role\": \"secondary\"}, {\"feature\": {\"device\": \"cuda:0\", \"dtype\": \"torch.float32\", \"numel\": 16777216, \"shape\": [1, 2, 32, 64, 64, 64], \"stride\": [16777216, 8388608, 262144, 4096, 64, 1]}, \"heatmap0\": {\"device\": \"cuda:0\", \"dtype\": \"torch.float32\", \"numel\": 262144, \"shape\": [1, 1, 64, 64, 64], \"stride\": [262144, 262144, 4096, 64, 1]}, \"input\": {\"device\": \"cuda:0\", \"dtype\": \"torch.float32\", \"numel\": 524288, \"shape\": [1, 2, 64, 64, 64], \"stride\": [524288, 262144, 4096, 1, 64]}, \"pass\": 5, \"role\": \"secondary\"}, {\"feature\": {\"device\": \"cuda:0\", \"dtype\": \"torch.float32\", \"numel\": 16777216, \"shape\": [1, 2, 32, 64, 64, 64], \"stride\": [16777216, 8388608, 262144, 4096, 64, 1]}, \"heatmap0\": {\"device\": \"cuda:0\", \"dtype\": \"torch.float32\", \"numel\": 262144, \"shape\": [1, 1, 64, 64, 64], \"stride\": [262144, 262144, 4096, 64, 1]}, \"input\": {\"device\": \"cuda:0\", \"dtype\": \"torch.float32\", \"numel\": 524288, \"shape\": [1, 2, 64, 64, 64], \"stride\": [524288, 262144, 4096, 1, 64]}, \"pass\": 6, \"role\": \"secondary\"}, {\"feature\": {\"device\": \"cuda:0\", \"dtype\": \"torch.float32\", \"numel\": 16777216, \"shape\": [1, 2, 32, 64, 64, 64], \"stride\": [16777216, 8388608, 262144, 4096, 64, 1]}, \"heatmap0\": {\"device\": \"cuda:0\", \"dtype\": \"torch.float32\", \"numel\": 262144, \"shape\": [1, 1, 64, 64, 64], \"stride\": [262144, 262144, 4096, 64, 1]}, \"input\": {\"device\": \"cuda:0\", \"dtype\": \"torch.float32\", \"numel\": 524288, \"shape\": [1, 2, 64, 64, 64], \"stride\": [524288, 262144, 4096, 1, 64]}, \"pass\": 7, \"role\": \"secondary\"}, {\"feature\": {\"device\": \"cuda:0\", \"dtype\": \"torch.float32\", \"numel\": 16777216, \"shape\": [1, 2, 32, 64, 64, 64], \"stride\": [16777216, 8388608, 262144, 4096, 64, 1]}, \"heatmap0\": {\"device\": \"cuda:0\", \"dtype\": \"torch.float32\", \"numel\": 262144, \"shape\": [1, 1, 64, 64, 64], \"stride\": [262144, 262144, 4096, 64, 1]}, \"input\": {\"device\": \"cuda:0\", \"dtype\": \"torch.float32\", \"numel\": 524288, \"shape\": [1, 2, 64, 64, 64], \"stride\": [524288, 262144, 4096, 1, 64]}, \"pass\": 8, \"role\": \"secondary\"}], \"event\": \"actual_predictor_window\", \"frames\": [0, 1], \"input\": {\"all_finite\": true, \"device\": \"cuda:0\", \"dtype\": \"torch.float32\", \"numel\": 524288, \"shape\": [1, 2, 64, 64, 64], \"stride\": [524288, 262144, 4096, 64, 1]}, \"input_parent\": \"/kaggle/input/competitions/biohub-cell-tracking-during-development/train\", \"seconds_including_common_audit\": 2.692156586999772, \"window_index\": 1, \"worker_execution_settings\": {\"autocast_enabled\": false, \"cuda_runtime\": \"12.8\", \"cudnn_allow_tf32\": true, \"cudnn_benchmark\": false, \"cudnn_deterministic\": false, \"default_dtype\": \"torch.float32\", \"deterministic_algorithms\": false, \"float32_matmul_precision\": \"highest\", \"gpu_name\": \"Tesla T4\", \"grad_enabled\": false, \"matmul_allow_tf32\": false, \"torch_initial_seed\": 14439693894798763525, \"torch_version\": \"2.10.0+cu128\"}}\n"}
,{"stream_name":"stdout","time":1261.264371737,"data":"PUBLIC946_GPU_SMOKE {\"arm\": \"C1\", \"association\": {\"actual_primary_logits_after_original_harmonic_fusion\": {\"all_finite\": true, \"device\": \"cuda:0\", \"dtype\": \"torch.float32\", \"numel\": 171347, \"shape\": [1, 407, 421], \"stride\": [171347, 421, 1]}, \"actual_secondary_feature_consumed\": true, \"actual_secondary_logits\": {\"all_finite\": true, \"device\": \"cuda:0\", \"dtype\": \"torch.float32\", \"numel\": 171347, \"shape\": [1, 407, 421], \"stride\": [171347, 421, 1]}, \"coordinate_grid\": {\"downsample\": [1.0, 4.0, 4.0], \"source\": {\"device\": \"cuda:0\", \"dtype\": \"torch.float32\", \"numel\": 1221, \"shape\": [1, 407, 3], \"stride\": [407, 1, 407]}, \"target\": {\"device\": \"cuda:0\", \"dtype\": \"torch.float32\", \"numel\": 1263, \"shape\": [1, 421, 3], \"stride\": [421, 1, 421]}}, \"diagnostic_edge_head_calls\": 1, \"diagnostic_encoder_calls\": 0, \"diagnostic_probabilities_used_in_production\": false, \"diagnostic_seconds\": 0.016859480000221083, \"frame_pair_index\": 0, \"primary_source_sampled_features\": {\"all_finite\": true, \"device\": \"cuda:0\", \"dtype\": \"torch.float32\", \"numel\": 13024, \"shape\": [1, 407, 32], \"stride\": [13024, 32, 1]}, \"primary_target_sampled_features\": {\"all_finite\": true, \"device\": \"cuda:0\", \"dtype\": \"torch.float32\", \"numel\": 13472, \"shape\": [1, 421, 32], \"stride\": [13472, 32, 1]}, \"probability_comparison_stage\": \"secondary edge-head softmax over parents, before original calibration and low-margin mixing\", \"probability_delta_vs_single_pass_same_coordinates\": {\"sample_elements\": 65536, \"sample_equal\": true, \"sample_max_abs_delta\": 0.0, \"sample_mean_abs_delta\": 0.0, \"sample_stride\": 2}, \"production_calls\": 1, \"same_low_margin_config\": {\"secondary_detection_weight\": 0.8, \"secondary_edge_weight\": 0.15, \"secondary_link_mode\": \"low_margin_consensus\"}, \"source_delta_vs_single_pass\": {\"sample_elements\": 13024, \"sample_equal\": true, \"sample_max_abs_delta\": 0.0, \"sample_mean_abs_delta\": 0.0, \"sample_stride\": 1}, \"source_sampled_features\": {\"all_finite\": true, \"device\": \"cuda:0\", \"dtype\": \"torch.float32\", \"numel\": 13024, \"shape\": [1, 407, 32], \"stride\": [13024, 32, 1]}, \"target_delta_vs_single_pass\": {\"sample_elements\": 13472, \"sample_equal\": true, \"sample_max_abs_delta\": 0.0, \"sample_mean_abs_delta\": 0.0, \"sample_stride\": 1}, \"target_sampled_features\": {\"all_finite\": true, \"device\": \"cuda:0\", \"dtype\": \"torch.float32\", \"numel\": 13472, \"shape\": [1, 421, 32], \"stride\": [13472, 32, 1]}}, \"association_calls\": 1, \"config\": {\"secondary_detection_weight\": 0.8, \"secondary_edge_weight\": 0.15, \"secondary_link_mode\": \"low_margin_consensus\"}, \"consumed_features\": {\"primary\": {\"all_finite\": true, \"delta_vs_single_pass\": {\"sample_elements\": 65536, \"sample_equal\": false, \"sample_max_abs_delta\": 1.9155900478363037, \"sample_mean_abs_delta\": 0.38086217641830444, \"sample_stride\": 256}, \"device\": \"cuda:0\", \"dtype\": \"torch.float32\", \"numel\": 16777216, \"original_encoded_feature_sample_unchanged\": true, \"same_storage_as_original\": false, \"shape\": [1, 2, 32, 64, 64, 64], \"single_pass\": {\"device\": \"cuda:0\", \"dtype\": \"torch.float32\", \"numel\": 16777216, \"shape\": [1, 2, 32, 64, 64, 64], \"stride\": [16777216, 8388608, 262144, 4096, 64, 1]}, \"stride\": [16777216, 8388608, 262144, 4096, 64, 1]}, \"secondary\": {\"all_finite\": true, \"delta_vs_single_pass\": {\"sample_elements\": 65536, \"sample_equal\": true, \"sample_max_abs_delta\": 0.0, \"sample_mean_abs_delta\": 0.0, \"sample_stride\": 256}, \"device\": \"cuda:0\", \"dtype\": \"torch.float32\", \"numel\": 16777216, \"original_encoded_feature_sample_unchanged\": true, \"same_storage_as_original\": true, \"shape\": [1, 2, 32, 64, 64, 64], \"single_pass\": {\"device\": \"cuda:0\", \"dtype\": \"torch.float32\", \"numel\": 16777216, \"shape\": [1, 2, 32, 64, 64, 64], \"stride\": [16777216, 8388608, 262144, 4096, 64, 1]}, \"stride\": [16777216, 8388608, 262144, 4096, 64, 1]}}, \"consumed_heatmaps\": [{\"all_finite\": true, \"device\": \"cuda:0\", \"dtype\": \"torch.float32\", \"numel\": 262144, \"shape\": [1, 1, 64, 64, 64], \"stride\": [262144, 262144, 4096, 64, 1]}, {\"all_finite\": true, \"device\": \"cuda:0\", \"dtype\": \"torch.float32\", \"numel\": 262144, \"shape\": [1, 1, 64, 64, 64], \"stride\": [262144, 262144, 4096, 64, 1]}], \"cuda_peak_allocated_bytes_process\": 728221696, \"cuda_peak_reserved_bytes_process\": 968884224, \"dataset\": \"44b6_12dfb391\", \"encode_calls\": {\"primary\": 8, \"secondary\": 8}, \"encode_seconds\": {\"primary\": 1.1955634780001674, \"secondary\": 0.9146695569993426}, \"encode_views\": [{\"feature\": {\"device\": \"cuda:0\", \"dtype\": \"torch.float32\", \"numel\": 16777216, \"shape\": [1, 2, 32, 64, 64, 64], \"stride\": [16777216, 8388608, 262144, 4096, 64, 1]}, \"heatmap0\": {\"device\": \"cuda:0\", \"dtype\": \"torch.float32\", \"numel\": 262144, \"shape\": [1, 1, 64, 64, 64], \"stride\": [262144, 262144, 4096, 64, 1]}, \"input\": {\"device\": \"cuda:0\", \"dtype\": \"torch.float32\", \"numel\": 524288, \"shape\": [1, 2, 64, 64, 64], \"stride\": [524288, 262144, 4096, 64, 1]}, \"pass\": 1, \"role\": \"primary\"}, {\"feature\": {\"device\": \"cuda:0\", \"dtype\": \"torch.float32\", \"numel\": 16777216, \"shape\": [1, 2, 32, 64, 64, 64], \"stride\": [16777216, 8388608, 262144, 4096, 64, 1]}, \"heatmap0\": {\"device\": \"cuda:0\", \"dtype\": \"torch.float32\", \"numel\": 262144, \"shape\": [1, 1, 64, 64, 64], \"stride\": [262144, 262144, 4096, 64, 1]}, \"input\": {\"device\": \"cuda:0\", \"dtype\": \"torch.float32\", \"numel\": 524288, \"shape\": [1, 2, 64, 64, 64], \"stride\": [524288, 262144, 4096, 64, 1]}, \"pass\": 2, \"role\": \"primary\"}, {\"feature\": {\"device\": \"cuda:0\", \"dtype\": \"torch.float32\", \"numel\": 16777216, \"shape\": [1, 2, 32, 64, 64, 64], \"stride\": [16777216, 8388608, 262144, 4096, 64, 1]}, \"heatmap0\": {\"device\": \"cuda:0\", \"dtype\": \"torch.float32\", \"numel\": 262144, \"shape\": [1, 1, 64, 64, 64], \"stride\": [262144, 262144, 4096, 64, 1]}, \"input\": {\"device\": \"cuda:0\", \"dtype\": \"torch.float32\", \"numel\": 524288, \"shape\": [1, 2, 64, 64, 64], \"stride\": [524288, 262144, 4096, 64, 1]}, \"pass\": 3, \"role\": \"primary\"}, {\"feature\": {\"device\": \"cuda:0\", \"dtype\": \"torch.float32\", \"numel\": 16777216, \"shape\": [1, 2, 32, 64, 64, 64], \"stride\": [16777216, 8388608, 262144, 4096, 64, 1]}, \"heatmap0\": {\"device\": \"cuda:0\", \"dtype\": \"torch.float32\", \"numel\": 262144, \"shape\": [1, 1, 64, 64, 64], \"stride\": [262144, 262144, 4096, 64, 1]}, \"input\": {\"device\": \"cuda:0\", \"dtype\": \"torch.float32\", \"numel\": 524288, \"shape\": [1, 2, 64, 64, 64], \"stride\": [524288, 262144, 4096, 64, 1]}, \"pass\": 4, \"role\": \"primary\"}, {\"feature\": {\"device\": \"cuda:0\", \"dtype\": \"torch.float32\", \"numel\": 16777216, \"shape\": [1, 2, 32, 64, 64, 64], \"stride\": [16777216, 8388608, 262144, 4096, 64, 1]}, \"heatmap0\": {\"device\": \"cuda:0\", \"dtype\": \"torch.float32\", \"numel\": 262144, \"shape\": [1, 1, 64, 64, 64], \"stride\": [262144, 262144, 4096, 64, 1]}, \"input\": {\"device\": \"cuda:0\", \"dtype\": \"torch.float32\", \"numel\": 524288, \"shape\": [1, 2, 64, 64, 64], \"stride\": [524288, 262144, 4096, 1, 64]}, \"pass\": 5, \"role\": \"primary\"}, {\"feature\": {\"device\": \"cuda:0\", \"dtype\": \"torch.float32\", \"numel\": 16777216, \"shape\": [1, 2, 32, 64, 64, 64], \"stride\": [16777216, 8388608, 262144, 4096, 64, 1]}, \"heatmap0\": {\"device\": \"cuda:0\", \"dtype\": \"torch.float32\", \"numel\": 262144, \"shape\": [1, 1, 64, 64, 64], \"stride\": [262144, 262144, 4096, 64, 1]}, \"input\": {\"device\": \"cuda:0\", \"dtype\": \"torch.float32\", \"numel\": 524288, \"shape\": [1, 2, 64, 64, 64], \"stride\": [524288, 262144, 4096, 1, 64]}, \"pass\": 6, \"role\": \"primary\"}, {\"feature\": {\"device\": \"cuda:0\", \"dtype\": \"torch.float32\", \"numel\": 16777216, \"shape\": [1, 2, 32, 64, 64, 64], \"stride\": [16777216, 8388608, 262144, 4096, 64, 1]}, \"heatmap0\": {\"device\": \"cuda:0\", \"dtype\": \"torch.float32\", \"numel\": 262144, \"shape\": [1, 1, 64, 64, 64], \"stride\": [262144, 262144, 4096, 64, 1]}, \"input\": {\"device\": \"cuda:0\", \"dtype\": \"torch.float32\", \"numel\": 524288, \"shape\": [1, 2, 64, 64, 64], \"stride\": [524288, 262144, 4096, 1, 64]}, \"pass\": 7, \"role\": \"primary\"}, {\"feature\": {\"device\": \"cuda:0\", \"dtype\": \"torch.float32\", \"numel\": 16777216, \"shape\": [1, 2, 32, 64, 64, 64], \"stride\": [16777216, 8388608, 262144, 4096, 64, 1]}, \"heatmap0\": {\"device\": \"cuda:0\", \"dtype\": \"torch.float32\", \"numel\": 262144, \"shape\": [1, 1, 64, 64, 64], \"stride\": [262144, 262144, 4096, 64, 1]}, \"input\": {\"device\": \"cuda:0\", \"dtype\": \"torch.float32\", \"numel\": 524288, \"shape\": [1, 2, 64, 64, 64], \"stride\": [524288, 262144, 4096, 1, 64]}, \"pass\": 8, \"role\": \"primary\"}, {\"feature\": {\"device\": \"cuda:0\", \"dtype\": \"torch.float32\", \"numel\": 16777216, \"shape\": [1, 2, 32, 64, 64, 64], \"stride\": [16777216, 8388608, 262144, 4096, 64, 1]}, \"heatmap0\": {\"device\": \"cuda:0\", \"dtype\": \"torch.float32\", \"numel\": 262144, \"shape\": [1, 1, 64, 64, 64], \"stride\": [262144, 262144, 4096, 64, 1]}, \"input\": {\"device\": \"cuda:0\", \"dtype\": \"torch.float32\", \"numel\": 524288, \"shape\": [1, 2, 64, 64, 64], \"stride\": [524288, 262144, 4096, 64, 1]}, \"pass\": 1, \"role\": \"secondary\"}, {\"feature\": {\"device\": \"cuda:0\", \"dtype\": \"torch.float32\", \"numel\": 16777216, \"shape\": [1, 2, 32, 64, 64, 64], \"stride\": [16777216, 8388608, 262144, 4096, 64, 1]}, \"heatmap0\": {\"device\": \"cuda:0\", \"dtype\": \"torch.float32\", \"numel\": 262144, \"shape\": [1, 1, 64, 64, 64], \"stride\": [262144, 262144, 4096, 64, 1]}, \"input\": {\"device\": \"cuda:0\", \"dtype\": \"torch.float32\", \"numel\": 524288, \"shape\": [1, 2, 64, 64, 64], \"stride\": [524288, 262144, 4096, 64, 1]}, \"pass\": 2, \"role\": \"secondary\"}, {\"feature\": {\"device\": \"cuda:0\", \"dtype\": \"torch.float32\", \"numel\": 16777216, \"shape\": [1, 2, 32, 64, 64, 64], \"stride\": [16777216, 8388608, 262144, 4096, 64, 1]}, \"heatmap0\": {\"device\": \"cuda:0\", \"dtype\": \"torch.float32\", \"numel\": 262144, \"shape\": [1, 1, 64, 64, 64], \"stride\": [262144, 262144, 4096, 64, 1]}, \"input\": {\"device\": \"cuda:0\", \"dtype\": \"torch.float32\", \"numel\": 524288, \"shape\": [1, 2, 64, 64, 64], \"stride\": [524288, 262144, 4096, 64, 1]}, \"pass\": 3, \"role\": \"secondary\"}, {\"feature\": {\"device\": \"cuda:0\", \"dtype\": \"torch.float32\", \"numel\": 16777216, \"shape\": [1, 2, 32, 64, 64, 64], \"stride\": [16777216, 8388608, 262144, 4096, 64, 1]}, \"heatmap0\": {\"device\": \"cuda:0\", \"dtype\": \"torch.float32\", \"numel\": 262144, \"shape\": [1, 1, 64, 64, 64], \"stride\": [262144, 262144, 4096, 64, 1]}, \"input\": {\"device\": \"cuda:0\", \"dtype\": \"torch.float32\", \"numel\": 524288, \"shape\": [1, 2, 64, 64, 64], \"stride\": [524288, 262144, 4096, 64, 1]}, \"pass\": 4, \"role\": \"secondary\"}, {\"feature\": {\"device\": \"cuda:0\", \"dtype\": \"torch.float32\", \"numel\": 16777216, \"shape\": [1, 2, 32, 64, 64, 64], \"stride\": [16777216, 8388608, 262144, 4096, 64, 1]}, \"heatmap0\": {\"device\": \"cuda:0\", \"dtype\": \"torch.float32\", \"numel\": 262144, \"shape\": [1, 1, 64, 64, 64], \"stride\": [262144, 262144, 4096, 64, 1]}, \"input\": {\"device\": \"cuda:0\", \"dtype\": \"torch.float32\", \"numel\": 524288, \"shape\": [1, 2, 64, 64, 64], \"stride\": [524288, 262144, 4096, 1, 64]}, \"pass\": 5, \"role\": \"secondary\"}, {\"feature\": {\"device\": \"cuda:0\", \"dtype\": \"torch.float32\", \"numel\": 16777216, \"shape\": [1, 2, 32, 64, 64, 64], \"stride\": [16777216, 8388608, 262144, 4096, 64, 1]}, \"heatmap0\": {\"device\": \"cuda:0\", \"dtype\": \"torch.float32\", \"numel\": 262144, \"shape\": [1, 1, 64, 64, 64], \"stride\": [262144, 262144, 4096, 64, 1]}, \"input\": {\"device\": \"cuda:0\", \"dtype\": \"torch.float32\", \"numel\": 524288, \"shape\": [1, 2, 64, 64, 64], \"stride\": [524288, 262144, 4096, 1, 64]}, \"pass\": 6, \"role\": \"secondary\"}, {\"feature\": {\"device\": \"cuda:0\", \"dtype\": \"torch.float32\", \"numel\": 16777216, \"shape\": [1, 2, 32, 64, 64, 64], \"stride\": [16777216, 8388608, 262144, 4096, 64, 1]}, \"heatmap0\": {\"device\": \"cuda:0\", \"dtype\": \"torch.float32\", \"numel\": 262144, \"shape\": [1, 1, 64, 64, 64], \"stride\": [262144, 262144, 4096, 64, 1]}, \"input\": {\"device\": \"cuda:0\", \"dtype\": \"torch.float32\", \"numel\": 524288, \"shape\": [1, 2, 64, 64, 64], \"stride\": [524288, 262144, 4096, 1, 64]}, \"pass\": 7, \"role\": \"secondary\"}, {\"feature\": {\"device\": \"cuda:0\", \"dtype\": \"torch.float32\", \"numel\": 16777216, \"shape\": [1, 2, 32, 64, 64, 64], \"stride\": [16777216, 8388608, 262144, 4096, 64, 1]}, \"heatmap0\": {\"device\": \"cuda:0\", \"dtype\": \"torch.float32\", \"numel\": 262144, \"shape\": [1, 1, 64, 64, 64], \"stride\": [262144, 262144, 4096, 64, 1]}, \"input\": {\"device\": \"cuda:0\", \"dtype\": \"torch.float32\", \"numel\": 524288, \"shape\": [1, 2, 64, 64, 64], \"stride\": [524288, 262144, 4096, 1, 64]}, \"pass\": 8, \"role\": \"secondary\"}], \"event\": \"actual_predictor_window\", \"frames\": [0, 1], \"input\": {\"all_finite\": true, \"device\": \"cuda:0\", \"dtype\": \"torch.float32\", \"numel\": 524288, \"shape\": [1, 2, 64, 64, 64], \"stride\": [524288, 262144, 4096, 64, 1]}, \"input_parent\": \"/kaggle/input/competitions/biohub-cell-tracking-during-development/train\", \"seconds_including_common_audit\": 2.865014622000217, \"window_index\": 1, \"worker_execution_settings\": {\"autocast_enabled\": false, \"cuda_runtime\": \"12.8\", \"cudnn_allow_tf32\": true, \"cudnn_benchmark\": false, \"cudnn_deterministic\": false, \"default_dtype\": \"torch.float32\", \"deterministic_algorithms\": false, \"float32_matmul_precision\": \"highest\", \"gpu_name\": \"Tesla T4\", \"grad_enabled\": false, \"matmul_allow_tf32\": false, \"torch_initial_seed\": 1326939678888861713, \"torch_version\": \"2.10.0+cu128\"}}\n"}
,{"stream_name":"stdout","time":1261.41617129,"data":"PUBLIC946_GPU_SMOKE {\"arm\": \"C1\", \"association\": {\"actual_primary_logits_after_original_harmonic_fusion\": {\"all_finite\": true, \"device\": \"cuda:0\", \"dtype\": \"torch.float32\", \"numel\": 35720, \"shape\": [1, 190, 188], \"stride\": [35720, 188, 1]}, \"actual_secondary_feature_consumed\": true, \"actual_secondary_logits\": {\"all_finite\": true, \"device\": \"cuda:0\", \"dtype\": \"torch.float32\", \"numel\": 35720, \"shape\": [1, 190, 188], \"stride\": [35720, 188, 1]}, \"coordinate_grid\": {\"downsample\": [1.0, 4.0, 4.0], \"source\": {\"device\": \"cuda:0\", \"dtype\": \"torch.float32\", \"numel\": 570, \"shape\": [1, 190, 3], \"stride\": [190, 1, 190]}, \"target\": {\"device\": \"cuda:0\", \"dtype\": \"torch.float32\", \"numel\": 564, \"shape\": [1, 188, 3], \"stride\": [188, 1, 188]}}, \"diagnostic_edge_head_calls\": 1, \"diagnostic_encoder_calls\": 0, \"diagnostic_probabilities_used_in_production\": false, \"diagnostic_seconds\": 0.010189101999912964, \"frame_pair_index\": 0, \"primary_source_sampled_features\": {\"all_finite\": true, \"device\": \"cuda:0\", \"dtype\": \"torch.float32\", \"numel\": 6080, \"shape\": [1, 190, 32], \"stride\": [6080, 32, 1]}, \"primary_target_sampled_features\": {\"all_finite\": true, \"device\": \"cuda:0\", \"dtype\": \"torch.float32\", \"numel\": 6016, \"shape\": [1, 188, 32], \"stride\": [6016, 32, 1]}, \"probability_comparison_stage\": \"secondary edge-head softmax over parents, before original calibration and low-margin mixing\", \"probability_delta_vs_single_pass_same_coordinates\": {\"sample_elements\": 35720, \"sample_equal\": true, \"sample_max_abs_delta\": 0.0, \"sample_mean_abs_delta\": 0.0, \"sample_stride\": 1}, \"production_calls\": 1, \"same_low_margin_config\": {\"secondary_detection_weight\": 0.8, \"secondary_edge_weight\": 0.15, \"secondary_link_mode\": \"low_margin_consensus\"}, \"source_delta_vs_single_pass\": {\"sample_elements\": 6080, \"sample_equal\": true, \"sample_max_abs_delta\": 0.0, \"sample_mean_abs_delta\": 0.0, \"sample_stride\": 1}, \"source_sampled_features\": {\"all_finite\": true, \"device\": \"cuda:0\", \"dtype\": \"torch.float32\", \"numel\": 6080, \"shape\": [1, 190, 32], \"stride\": [6080, 32, 1]}, \"target_delta_vs_single_pass\": {\"sample_elements\": 6016, \"sample_equal\": true, \"sample_max_abs_delta\": 0.0, \"sample_mean_abs_delta\": 0.0, \"sample_stride\": 1}, \"target_sampled_features\": {\"all_finite\": true, \"device\": \"cuda:0\", \"dtype\": \"torch.float32\", \"numel\": 6016, \"shape\": [1, 188, 32], \"stride\": [6016, 32, 1]}}, \"association_calls\": 1, \"config\": {\"secondary_detection_weight\": 0.8, \"secondary_edge_weight\": 0.15, \"secondary_link_mode\": \"low_margin_consensus\"}, \"consumed_features\": {\"primary\": {\"all_finite\": true, \"delta_vs_single_pass\": {\"sample_elements\": 65536, \"sample_equal\": false, \"sample_max_abs_delta\": 1.3641767501831055, \"sample_mean_abs_delta\": 0.3085781931877136, \"sample_stride\": 256}, \"device\": \"cuda:0\", \"dtype\": \"torch.float32\", \"numel\": 16777216, \"original_encoded_feature_sample_unchanged\": true, \"same_storage_as_original\": false, \"shape\": [1, 2, 32, 64, 64, 64], \"single_pass\": {\"device\": \"cuda:0\", \"dtype\": \"torch.float32\", \"numel\": 16777216, \"shape\": [1, 2, 32, 64, 64, 64], \"stride\": [16777216, 8388608, 262144, 4096, 64, 1]}, \"stride\": [16777216, 8388608, 262144, 4096, 64, 1]}, \"secondary\": {\"all_finite\": true, \"delta_vs_single_pass\": {\"sample_elements\": 65536, \"sample_equal\": true, \"sample_max_abs_delta\": 0.0, \"sample_mean_abs_delta\": 0.0, \"sample_stride\": 256}, \"device\": \"cuda:0\", \"dtype\": \"torch.float32\", \"numel\": 16777216, \"original_encoded_feature_sample_unchanged\": true, \"same_storage_as_original\": true, \"shape\": [1, 2, 32, 64, 64, 64], \"single_pass\": {\"device\": \"cuda:0\", \"dtype\": \"torch.float32\", \"numel\": 16777216, \"shape\": [1, 2, 32, 64, 64, 64], \"stride\": [16777216, 8388608, 262144, 4096, 64, 1]}, \"stride\": [16777216, 8388608, 262144, 4096, 64, 1]}}, \"consumed_heatmaps\": [{\"all_finite\": true, \"device\": \"cuda:0\", \"dtype\": \"torch.float32\", \"numel\": 262144, \"shape\": [1, 1, 64, 64, 64], \"stride\": [262144, 262144, 4096, 64, 1]}, {\"all_finite\": true, \"device\": \"cuda:0\", \"dtype\": \"torch.float32\", \"numel\": 262144, \"shape\": [1, 1, 64, 64, 64], \"stride\": [262144, 262144, 4096, 64, 1]}], \"cuda_peak_allocated_bytes_process\": 728221696, \"cuda_peak_reserved_bytes_process\": 966787072, \"dataset\": \"44b6_267148e4\", \"encode_calls\": {\"primary\": 8, \"secondary\": 8}, \"encode_seconds\": {\"primary\": 1.1549157090012159, \"secondary\": 0.8213900559999274}, \"encode_views\": [{\"feature\": {\"device\": \"cuda:0\", \"dtype\": \"torch.float32\", \"numel\": 16777216, \"shape\": [1, 2, 32, 64, 64, 64], \"stride\": [16777216, 8388608, 262144, 4096, 64, 1]}, \"heatmap0\": {\"device\": \"cuda:0\", \"dtype\": \"torch.float32\", \"numel\": 262144, \"shape\": [1, 1, 64, 64, 64], \"stride\": [262144, 262144, 4096, 64, 1]}, \"input\": {\"device\": \"cuda:0\", \"dtype\": \"torch.float32\", \"numel\": 524288, \"shape\": [1, 2, 64, 64, 64], \"stride\": [524288, 262144, 4096, 64, 1]}, \"pass\": 1, \"role\": \"primary\"}, {\"feature\": {\"device\": \"cuda:0\", \"dtype\": \"torch.float32\", \"numel\": 16777216, \"shape\": [1, 2, 32, 64, 64, 64], \"stride\": [16777216, 8388608, 262144, 4096, 64, 1]}, \"heatmap0\": {\"device\": \"cuda:0\", \"dtype\": \"torch.float32\", \"numel\": 262144, \"shape\": [1, 1, 64, 64, 64], \"stride\": [262144, 262144, 4096, 64, 1]}, \"input\": {\"device\": \"cuda:0\", \"dtype\": \"torch.float32\", \"numel\": 524288, \"shape\": [1, 2, 64, 64, 64], \"stride\": [524288, 262144, 4096, 64, 1]}, \"pass\": 2, \"role\": \"primary\"}, {\"feature\": {\"device\": \"cuda:0\", \"dtype\": \"torch.float32\", \"numel\": 16777216, \"shape\": [1, 2, 32, 64, 64, 64], \"stride\": [16777216, 8388608, 262144, 4096, 64, 1]}, \"heatmap0\": {\"device\": \"cuda:0\", \"dtype\": \"torch.float32\", \"numel\": 262144, \"shape\": [1, 1, 64, 64, 64], \"stride\": [262144, 262144, 4096, 64, 1]}, \"input\": {\"device\": \"cuda:0\", \"dtype\": \"torch.float32\", \"numel\": 524288, \"shape\": [1, 2, 64, 64, 64], \"stride\": [524288, 262144, 4096, 64, 1]}, \"pass\": 3, \"role\": \"primary\"}, {\"feature\": {\"device\": \"cuda:0\", \"dtype\": \"torch.float32\", \"numel\": 16777216, \"shape\": [1, 2, 32, 64, 64, 64], \"stride\": [16777216, 8388608, 262144, 4096, 64, 1]}, \"heatmap0\": {\"device\": \"cuda:0\", \"dtype\": \"torch.float32\", \"numel\": 262144, \"shape\": [1, 1, 64, 64, 64], \"stride\": [262144, 262144, 4096, 64, 1]}, \"input\": {\"device\": \"cuda:0\", \"dtype\": \"torch.float32\", \"numel\": 524288, \"shape\": [1, 2, 64, 64, 64], \"stride\": [524288, 262144, 4096, 64, 1]}, \"pass\": 4, \"role\": \"primary\"}, {\"feature\": {\"device\": \"cuda:0\", \"dtype\": \"torch.float32\", \"numel\": 16777216, \"shape\": [1, 2, 32, 64, 64, 64], \"stride\": [16777216, 8388608, 262144, 4096, 64, 1]}, \"heatmap0\": {\"device\": \"cuda:0\", \"dtype\": \"torch.float32\", \"numel\": 262144, \"shape\": [1, 1, 64, 64, 64], \"stride\": [262144, 262144, 4096, 64, 1]}, \"input\": {\"device\": \"cuda:0\", \"dtype\": \"torch.float32\", \"numel\": 524288, \"shape\": [1, 2, 64, 64, 64], \"stride\": [524288, 262144, 4096, 1, 64]}, \"pass\": 5, \"role\": \"primary\"}, {\"feature\": {\"device\": \"cuda:0\", \"dtype\": \"torch.float32\", \"numel\": 16777216, \"shape\": [1, 2, 32, 64, 64, 64], \"stride\": [16777216, 8388608, 262144, 4096, 64, 1]}, \"heatmap0\": {\"device\": \"cuda:0\", \"dtype\": \"torch.float32\", \"numel\": 262144, \"shape\": [1, 1, 64, 64, 64], \"stride\": [262144, 262144, 4096, 64, 1]}, \"input\": {\"device\": \"cuda:0\", \"dtype\": \"torch.float32\", \"numel\": 524288, \"shape\": [1, 2, 64, 64, 64], \"stride\": [524288, 262144, 4096, 1, 64]}, \"pass\": 6, \"role\": \"primary\"}, {\"feature\": {\"device\": \"cuda:0\", \"dtype\": \"torch.float32\", \"numel\": 16777216, \"shape\": [1, 2, 32, 64, 64, 64], \"stride\": [16777216, 8388608, 262144, 4096, 64, 1]}, \"heatmap0\": {\"device\": \"cuda:0\", \"dtype\": \"torch.float32\", \"numel\": 262144, \"shape\": [1, 1, 64, 64, 64], \"stride\": [262144, 262144, 4096, 64, 1]}, \"input\": {\"device\": \"cuda:0\", \"dtype\": \"torch.float32\", \"numel\": 524288, \"shape\": [1, 2, 64, 64, 64], \"stride\": [524288, 262144, 4096, 1, 64]}, \"pass\": 7, \"role\": \"primary\"}, {\"feature\": {\"device\": \"cuda:0\", \"dtype\": \"torch.float32\", \"numel\": 16777216, \"shape\": [1, 2, 32, 64, 64, 64], \"stride\": [16777216, 8388608, 262144, 4096, 64, 1]}, \"heatmap0\": {\"device\": \"cuda:0\", \"dtype\": \"torch.float32\", \"numel\": 262144, \"shape\": [1, 1, 64, 64, 64], \"stride\": [262144, 262144, 4096, 64, 1]}, \"input\": {\"device\": \"cuda:0\", \"dtype\": \"torch.float32\", \"numel\": 524288, \"shape\": [1, 2, 64, 64, 64], \"stride\": [524288, 262144, 4096, 1, 64]}, \"pass\": 8, \"role\": \"primary\"}, {\"feature\": {\"device\": \"cuda:0\", \"dtype\": \"torch.float32\", \"numel\": 16777216, \"shape\": [1, 2, 32, 64, 64, 64], \"stride\": [16777216, 8388608, 262144, 4096, 64, 1]}, \"heatmap0\": {\"device\": \"cuda:0\", \"dtype\": \"torch.float32\", \"numel\": 262144, \"shape\": [1, 1, 64, 64, 64], \"stride\": [262144, 262144, 4096, 64, 1]}, \"input\": {\"device\": \"cuda:0\", \"dtype\": \"torch.float32\", \"numel\": 524288, \"shape\": [1, 2, 64, 64, 64], \"stride\": [524288, 262144, 4096, 64, 1]}, \"pass\": 1, \"role\": \"secondary\"}, {\"feature\": {\"device\": \"cuda:0\", \"dtype\": \"torch.float32\", \"numel\": 16777216, \"shape\": [1, 2, 32, 64, 64, 64], \"stride\": [16777216, 8388608, 262144, 4096, 64, 1]}, \"heatmap0\": {\"device\": \"cuda:0\", \"dtype\": \"torch.float32\", \"numel\": 262144, \"shape\": [1, 1, 64, 64, 64], \"stride\": [262144, 262144, 4096, 64, 1]}, \"input\": {\"device\": \"cuda:0\", \"dtype\": \"torch.float32\", \"numel\": 524288, \"shape\": [1, 2, 64, 64, 64], \"stride\": [524288, 262144, 4096, 64, 1]}, \"pass\": 2, \"role\": \"secondary\"}, {\"feature\": {\"device\": \"cuda:0\", \"dtype\": \"torch.float32\", \"numel\": 16777216, \"shape\": [1, 2, 32, 64, 64, 64], \"stride\": [16777216, 8388608, 262144, 4096, 64, 1]}, \"heatmap0\": {\"device\": \"cuda:0\", \"dtype\": \"torch.float32\", \"numel\": 262144, \"shape\": [1, 1, 64, 64, 64], \"stride\": [262144, 262144, 4096, 64, 1]}, \"input\": {\"device\": \"cuda:0\", \"dtype\": \"torch.float32\", \"numel\": 524288, \"shape\": [1, 2, 64, 64, 64], \"stride\": [524288, 262144, 4096, 64, 1]}, \"pass\": 3, \"role\": \"secondary\"}, {\"feature\": {\"device\": \"cuda:0\", \"dtype\": \"torch.float32\", \"numel\": 16777216, \"shape\": [1, 2, 32, 64, 64, 64], \"stride\": [16777216, 8388608, 262144, 4096, 64, 1]}, \"heatmap0\": {\"device\": \"cuda:0\", \"dtype\": \"torch.float32\", \"numel\": 262144, \"shape\": [1, 1, 64, 64, 64], \"stride\": [262144, 262144, 4096, 64, 1]}, \"input\": {\"device\": \"cuda:0\", \"dtype\": \"torch.float32\", \"numel\": 524288, \"shape\": [1, 2, 64, 64, 64], \"stride\": [524288, 262144, 4096, 64, 1]}, \"pass\": 4, \"role\": \"secondary\"}, {\"feature\": {\"device\": \"cuda:0\", \"dtype\": \"torch.float32\", \"numel\": 16777216, \"shape\": [1, 2, 32, 64, 64, 64], \"stride\": [16777216, 8388608, 262144, 4096, 64, 1]}, \"heatmap0\": {\"device\": \"cuda:0\", \"dtype\": \"torch.float32\", \"numel\": 262144, \"shape\": [1, 1, 64, 64, 64], \"stride\": [262144, 262144, 4096, 64, 1]}, \"input\": {\"device\": \"cuda:0\", \"dtype\": \"torch.float32\", \"numel\": 524288, \"shape\": [1, 2, 64, 64, 64], \"stride\": [524288, 262144, 4096, 1, 64]}, \"pass\": 5, \"role\": \"secondary\"}, {\"feature\": {\"device\": \"cuda:0\", \"dtype\": \"torch.float32\", \"numel\": 16777216, \"shape\": [1, 2, 32, 64, 64, 64], \"stride\": [16777216, 8388608, 262144, 4096, 64, 1]}, \"heatmap0\": {\"device\": \"cuda:0\", \"dtype\": \"torch.float32\", \"numel\": 262144, \"shape\": [1, 1, 64, 64, 64], \"stride\": [262144, 262144, 4096, 64, 1]}, \"input\": {\"device\": \"cuda:0\", \"dtype\": \"torch.float32\", \"numel\": 524288, \"shape\": [1, 2, 64, 64, 64], \"stride\": [524288, 262144, 4096, 1, 64]}, \"pass\": 6, \"role\": \"secondary\"}, {\"feature\": {\"device\": \"cuda:0\", \"dtype\": \"torch.float32\", \"numel\": 16777216, \"shape\": [1, 2, 32, 64, 64, 64], \"stride\": [16777216, 8388608, 262144, 4096, 64, 1]}, \"heatmap0\": {\"device\": \"cuda:0\", \"dtype\": \"torch.float32\", \"numel\": 262144, \"shape\": [1, 1, 64, 64, 64], \"stride\": [262144, 262144, 4096, 64, 1]}, \"input\": {\"device\": \"cuda:0\", \"dtype\": \"torch.float32\", \"numel\": 524288, \"shape\": [1, 2, 64, 64, 64], \"stride\": [524288, 262144, 4096, 1, 64]}, \"pass\": 7, \"role\": \"secondary\"}, {\"feature\": {\"device\": \"cuda:0\", \"dtype\": \"torch.float32\", \"numel\": 16777216, \"shape\": [1, 2, 32, 64, 64, 64], \"stride\": [16777216, 8388608, 262144, 4096, 64, 1]}, \"heatmap0\": {\"device\": \"cuda:0\", \"dtype\": \"torch.float32\", \"numel\": 262144, \"shape\": [1, 1, 64, 64, 64], \"stride\": [262144, 262144, 4096, 64, 1]}, \"input\": {\"device\": \"cuda:0\", \"dtype\": \"torch.float32\", \"numel\": 524288, \"shape\": [1, 2, 64, 64, 64], \"stride\": [524288, 262144, 4096, 1, 64]}, \"pass\": 8, \"role\": \"secondary\"}], \"event\": \"actual_predictor_window\", \"frames\": [0, 1], \"input\": {\"all_finite\": true, \"device\": \"cuda:0\", \"dtype\": \"torch.float32\", \"numel\": 524288, \"shape\": [1, 2, 64, 64, 64], \"stride\": [524288, 262144, 4096, 64, 1]}, \"input_parent\": \"/kaggle/input/competitions/biohub-cell-tracking-during-development/train\", \"seconds_including_common_audit\": 2.692156586999772, \"window_index\": 1, \"worker_execution_settings\": {\"autocast_enabled\": false, \"cuda_runtime\": \"12.8\", \"cudnn_allow_tf32\": true, \"cudnn_benchmark\": false, \"cudnn_deterministic\": false, \"default_dtype\": \"torch.float32\", \"deterministic_algorithms\": false, \"float32_matmul_precision\": \"highest\", \"gpu_name\": \"Tesla T4\", \"grad_enabled\": false, \"matmul_allow_tf32\": false, \"torch_initial_seed\": 14439693894798763525, \"torch_version\": \"2.10.0+cu128\"}}\n"}
,{"stream_name":"stdout","time":1261.416304963,"data":"PUBLIC946_GPU_SMOKE {\"arm\": \"C1\", \"association\": {\"actual_primary_logits_after_original_harmonic_fusion\": {\"all_finite\": true, \"device\": \"cuda:0\", \"dtype\": \"torch.float32\", \"numel\": 171347, \"shape\": [1, 407, 421], \"stride\": [171347, 421, 1]}, \"actual_secondary_feature_consumed\": true, \"actual_secondary_logits\": {\"all_finite\": true, \"device\": \"cuda:0\", \"dtype\": \"torch.float32\", \"numel\": 171347, \"shape\": [1, 407, 421], \"stride\": [171347, 421, 1]}, \"coordinate_grid\": {\"downsample\": [1.0, 4.0, 4.0], \"source\": {\"device\": \"cuda:0\", \"dtype\": \"torch.float32\", \"numel\": 1221, \"shape\": [1, 407, 3], \"stride\": [407, 1, 407]}, \"target\": {\"device\": \"cuda:0\", \"dtype\": \"torch.float32\", \"numel\": 1263, \"shape\": [1, 421, 3], \"stride\": [421, 1, 421]}}, \"diagnostic_edge_head_calls\": 1, \"diagnostic_encoder_calls\": 0, \"diagnostic_probabilities_used_in_production\": false, \"diagnostic_seconds\": 0.016859480000221083, \"frame_pair_index\": 0, \"primary_source_sampled_features\": {\"all_finite\": true, \"device\": \"cuda:0\", \"dtype\": \"torch.float32\", \"numel\": 13024, \"shape\": [1, 407, 32], \"stride\": [13024, 32, 1]}, \"primary_target_sampled_features\": {\"all_finite\": true, \"device\": \"cuda:0\", \"dtype\": \"torch.float32\", \"numel\": 13472, \"shape\": [1, 421, 32], \"stride\": [13472, 32, 1]}, \"probability_comparison_stage\": \"secondary edge-head softmax over parents, before original calibration and low-margin mixing\", \"probability_delta_vs_single_pass_same_coordinates\": {\"sample_elements\": 65536, \"sample_equal\": true, \"sample_max_abs_delta\": 0.0, \"sample_mean_abs_delta\": 0.0, \"sample_stride\": 2}, \"production_calls\": 1, \"same_low_margin_config\": {\"secondary_detection_weight\": 0.8, \"secondary_edge_weight\": 0.15, \"secondary_link_mode\": \"low_margin_consensus\"}, \"source_delta_vs_single_pass\": {\"sample_elements\": 13024, \"sample_equal\": true, \"sample_max_abs_delta\": 0.0, \"sample_mean_abs_delta\": 0.0, \"sample_stride\": 1}, \"source_sampled_features\": {\"all_finite\": true, \"device\": \"cuda:0\", \"dtype\": \"torch.float32\", \"numel\": 13024, \"shape\": [1, 407, 32], \"stride\": [13024, 32, 1]}, \"target_delta_vs_single_pass\": {\"sample_elements\": 13472, \"sample_equal\": true, \"sample_max_abs_delta\": 0.0, \"sample_mean_abs_delta\": 0.0, \"sample_stride\": 1}, \"target_sampled_features\": {\"all_finite\": true, \"device\": \"cuda:0\", \"dtype\": \"torch.float32\", \"numel\": 13472, \"shape\": [1, 421, 32], \"stride\": [13472, 32, 1]}}, \"association_calls\": 1, \"config\": {\"secondary_detection_weight\": 0.8, \"secondary_edge_weight\": 0.15, \"secondary_link_mode\": \"low_margin_consensus\"}, \"consumed_features\": {\"primary\": {\"all_finite\": true, \"delta_vs_single_pass\": {\"sample_elements\": 65536, \"sample_equal\": false, \"sample_max_abs_delta\": 1.9155900478363037, \"sample_mean_abs_delta\": 0.38086217641830444, \"sample_stride\": 256}, \"device\": \"cuda:0\", \"dtype\": \"torch.float32\", \"numel\": 16777216, \"original_encoded_feature_sample_unchanged\": true, \"same_storage_as_original\": false, \"shape\": [1, 2, 32, 64, 64, 64], \"single_pass\": {\"device\": \"cuda:0\", \"dtype\": \"torch.float32\", \"numel\": 16777216, \"shape\": [1, 2, 32, 64, 64, 64], \"stride\": [16777216, 8388608, 262144, 4096, 64, 1]}, \"stride\": [16777216, 8388608, 262144, 4096, 64, 1]}, \"secondary\": {\"all_finite\": true, \"delta_vs_single_pass\": {\"sample_elements\": 65536, \"sample_equal\": true, \"sample_max_abs_delta\": 0.0, \"sample_mean_abs_delta\": 0.0, \"sample_stride\": 256}, \"device\": \"cuda:0\", \"dtype\": \"torch.float32\", \"numel\": 16777216, \"original_encoded_feature_sample_unchanged\": true, \"same_storage_as_original\": true, \"shape\": [1, 2, 32, 64, 64, 64], \"single_pass\": {\"device\": \"cuda:0\", \"dtype\": \"torch.float32\", \"numel\": 16777216, \"shape\": [1, 2, 32, 64, 64, 64], \"stride\": [16777216, 8388608, 262144, 4096, 64, 1]}, \"stride\": [16777216, 8388608, 262144, 4096, 64, 1]}}, \"consumed_heatmaps\": [{\"all_finite\": true, \"device\": \"cuda:0\", \"dtype\": \"torch.float32\", \"numel\": 262144, \"shape\": [1, 1, 64, 64, 64], \"stride\": [262144, 262144, 4096, 64, 1]}, {\"all_finite\": true, \"device\": \"cuda:0\", \"dtype\": \"torch.float32\", \"numel\": 262144, \"shape\": [1, 1, 64, 64, 64], \"stride\": [262144, 262144, 4096, 64, 1]}], \"cuda_peak_allocated_bytes_process\": 728221696, \"cuda_peak_reserved_bytes_process\": 968884224, \"dataset\": \"44b6_12dfb391\", \"encode_calls\": {\"primary\": 8, \"secondary\": 8}, \"encode_seconds\": {\"primary\": 1.1955634780001674, \"secondary\": 0.9146695569993426}, \"encode_views\": [{\"feature\": {\"device\": \"cuda:0\", \"dtype\": \"torch.float32\", \"numel\": 16777216, \"shape\": [1, 2, 32, 64, 64, 64], \"stride\": [16777216, 8388608, 262144, 4096, 64, 1]}, \"heatmap0\": {\"device\": \"cuda:0\", \"dtype\": \"torch.float32\", \"numel\": 262144, \"shape\": [1, 1, 64, 64, 64], \"stride\": [262144, 262144, 4096, 64, 1]}, \"input\": {\"device\": \"cuda:0\", \"dtype\": \"torch.float32\", \"numel\": 524288, \"shape\": [1, 2, 64, 64, 64], \"stride\": [524288, 262144, 4096, 64, 1]}, \"pass\": 1, \"role\": \"primary\"}, {\"feature\": {\"device\": \"cuda:0\", \"dtype\": \"torch.float32\", \"numel\": 16777216, \"shape\": [1, 2, 32, 64, 64, 64], \"stride\": [16777216, 8388608, 262144, 4096, 64, 1]}, \"heatmap0\": {\"device\": \"cuda:0\", \"dtype\": \"torch.float32\", \"numel\": 262144, \"shape\": [1, 1, 64, 64, 64], \"stride\": [262144, 262144, 4096, 64, 1]}, \"input\": {\"device\": \"cuda:0\", \"dtype\": \"torch.float32\", \"numel\": 524288, \"shape\": [1, 2, 64, 64, 64], \"stride\": [524288, 262144, 4096, 64, 1]}, \"pass\": 2, \"role\": \"primary\"}, {\"feature\": {\"device\": \"cuda:0\", \"dtype\": \"torch.float32\", \"numel\": 16777216, \"shape\": [1, 2, 32, 64, 64, 64], \"stride\": [16777216, 8388608, 262144, 4096, 64, 1]}, \"heatmap0\": {\"device\": \"cuda:0\", \"dtype\": \"torch.float32\", \"numel\": 262144, \"shape\": [1, 1, 64, 64, 64], \"stride\": [262144, 262144, 4096, 64, 1]}, \"input\": {\"device\": \"cuda:0\", \"dtype\": \"torch.float32\", \"numel\": 524288, \"shape\": [1, 2, 64, 64, 64], \"stride\": [524288, 262144, 4096, 64, 1]}, \"pass\": 3, \"role\": \"primary\"}, {\"feature\": {\"device\": \"cuda:0\", \"dtype\": \"torch.float32\", \"numel\": 16777216, \"shape\": [1, 2, 32, 64, 64, 64], \"stride\": [16777216, 8388608, 262144, 4096, 64, 1]}, \"heatmap0\": {\"device\": \"cuda:0\", \"dtype\": \"torch.float32\", \"numel\": 262144, \"shape\": [1, 1, 64, 64, 64], \"stride\": [262144, 262144, 4096, 64, 1]}, \"input\": {\"device\": \"cuda:0\", \"dtype\": \"torch.float32\", \"numel\": 524288, \"shape\": [1, 2, 64, 64, 64], \"stride\": [524288, 262144, 4096, 64, 1]}, \"pass\": 4, \"role\": \"primary\"}, {\"feature\": {\"device\": \"cuda:0\", \"dtype\": \"torch.float32\", \"numel\": 16777216, \"shape\": [1, 2, 32, 64, 64, 64], \"stride\": [16777216, 8388608, 262144, 4096, 64, 1]}, \"heatmap0\": {\"device\": \"cuda:0\", \"dtype\": \"torch.float32\", \"numel\": 262144, \"shape\": [1, 1, 64, 64, 64], \"stride\": [262144, 262144, 4096, 64, 1]}, \"input\": {\"device\": \"cuda:0\", \"dtype\": \"torch.float32\", \"numel\": 524288, \"shape\": [1, 2, 64, 64, 64], \"stride\": [524288, 262144, 4096, 1, 64]}, \"pass\": 5, \"role\": \"primary\"}, {\"feature\": {\"device\": \"cuda:0\", \"dtype\": \"torch.float32\", \"numel\": 16777216, \"shape\": [1, 2, 32, 64, 64, 64], \"stride\": [16777216, 8388608, 262144, 4096, 64, 1]}, \"heatmap0\": {\"device\": \"cuda:0\", \"dtype\": \"torch.float32\", \"numel\": 262144, \"shape\": [1, 1, 64, 64, 64], \"stride\": [262144, 262144, 4096, 64, 1]}, \"input\": {\"device\": \"cuda:0\", \"dtype\": \"torch.float32\", \"numel\": 524288, \"shape\": [1, 2, 64, 64, 64], \"stride\": [524288, 262144, 4096, 1, 64]}, \"pass\": 6, \"role\": \"primary\"}, {\"feature\": {\"device\": \"cuda:0\", \"dtype\": \"torch.float32\", \"numel\": 16777216, \"shape\": [1, 2, 32, 64, 64, 64], \"stride\": [16777216, 8388608, 262144, 4096, 64, 1]}, \"heatmap0\": {\"device\": \"cuda:0\", \"dtype\": \"torch.float32\", \"numel\": 262144, \"shape\": [1, 1, 64, 64, 64], \"stride\": [262144, 262144, 4096, 64, 1]}, \"input\": {\"device\": \"cuda:0\", \"dtype\": \"torch.float32\", \"numel\": 524288, \"shape\": [1, 2, 64, 64, 64], \"stride\": [524288, 262144, 4096, 1, 64]}, \"pass\": 7, \"role\": \"primary\"}, {\"feature\": {\"device\": \"cuda:0\", \"dtype\": \"torch.float32\", \"numel\": 16777216, \"shape\": [1, 2, 32, 64, 64, 64], \"stride\": [16777216, 8388608, 262144, 4096, 64, 1]}, \"heatmap0\": {\"device\": \"cuda:0\", \"dtype\": \"torch.float32\", \"numel\": 262144, \"shape\": [1, 1, 64, 64, 64], \"stride\": [262144, 262144, 4096, 64, 1]}, \"input\": {\"device\": \"cuda:0\", \"dtype\": \"torch.float32\", \"numel\": 524288, \"shape\": [1, 2, 64, 64, 64], \"stride\": [524288, 262144, 4096, 1, 64]}, \"pass\": 8, \"role\": \"primary\"}, {\"feature\": {\"device\": \"cuda:0\", \"dtype\": \"torch.float32\", \"numel\": 16777216, \"shape\": [1, 2, 32, 64, 64, 64], \"stride\": [16777216, 8388608, 262144, 4096, 64, 1]}, \"heatmap0\": {\"device\": \"cuda:0\", \"dtype\": \"torch.float32\", \"numel\": 262144, \"shape\": [1, 1, 64, 64, 64], \"stride\": [262144, 262144, 4096, 64, 1]}, \"input\": {\"device\": \"cuda:0\", \"dtype\": \"torch.float32\", \"numel\": 524288, \"shape\": [1, 2, 64, 64, 64], \"stride\": [524288, 262144, 4096, 64, 1]}, \"pass\": 1, \"role\": \"secondary\"}, {\"feature\": {\"device\": \"cuda:0\", \"dtype\": \"torch.float32\", \"numel\": 16777216, \"shape\": [1, 2, 32, 64, 64, 64], \"stride\": [16777216, 8388608, 262144, 4096, 64, 1]}, \"heatmap0\": {\"device\": \"cuda:0\", \"dtype\": \"torch.float32\", \"numel\": 262144, \"shape\": [1, 1, 64, 64, 64], \"stride\": [262144, 262144, 4096, 64, 1]}, \"input\": {\"device\": \"cuda:0\", \"dtype\": \"torch.float32\", \"numel\": 524288, \"shape\": [1, 2, 64, 64, 64], \"stride\": [524288, 262144, 4096, 64, 1]}, \"pass\": 2, \"role\": \"secondary\"}, {\"feature\": {\"device\": \"cuda:0\", \"dtype\": \"torch.float32\", \"numel\": 16777216, \"shape\": [1, 2, 32, 64, 64, 64], \"stride\": [16777216, 8388608, 262144, 4096, 64, 1]}, \"heatmap0\": {\"device\": \"cuda:0\", \"dtype\": \"torch.float32\", \"numel\": 262144, \"shape\": [1, 1, 64, 64, 64], \"stride\": [262144, 262144, 4096, 64, 1]}, \"input\": {\"device\": \"cuda:0\", \"dtype\": \"torch.float32\", \"numel\": 524288, \"shape\": [1, 2, 64, 64, 64], \"stride\": [524288, 262144, 4096, 64, 1]}, \"pass\": 3, \"role\": \"secondary\"}, {\"feature\": {\"device\": \"cuda:0\", \"dtype\": \"torch.float32\", \"numel\": 16777216, \"shape\": [1, 2, 32, 64, 64, 64], \"stride\": [16777216, 8388608, 262144, 4096, 64, 1]}, \"heatmap0\": {\"device\": \"cuda:0\", \"dtype\": \"torch.float32\", \"numel\": 262144, \"shape\": [1, 1, 64, 64, 64], \"stride\": [262144, 262144, 4096, 64, 1]}, \"input\": {\"device\": \"cuda:0\", \"dtype\": \"torch.float32\", \"numel\": 524288, \"shape\": [1, 2, 64, 64, 64], \"stride\": [524288, 262144, 4096, 64, 1]}, \"pass\": 4, \"role\": \"secondary\"}, {\"feature\": {\"device\": \"cuda:0\", \"dtype\": \"torch.float32\", \"numel\": 16777216, \"shape\": [1, 2, 32, 64, 64, 64], \"stride\": [16777216, 8388608, 262144, 4096, 64, 1]}, \"heatmap0\": {\"device\": \"cuda:0\", \"dtype\": \"torch.float32\", \"numel\": 262144, \"shape\": [1, 1, 64, 64, 64], \"stride\": [262144, 262144, 4096, 64, 1]}, \"input\": {\"device\": \"cuda:0\", \"dtype\": \"torch.float32\", \"numel\": 524288, \"shape\": [1, 2, 64, 64, 64], \"stride\": [524288, 262144, 4096, 1, 64]}, \"pass\": 5, \"role\": \"secondary\"}, {\"feature\": {\"device\": \"cuda:0\", \"dtype\": \"torch.float32\", \"numel\": 16777216, \"shape\": [1, 2, 32, 64, 64, 64], \"stride\": [16777216, 8388608, 262144, 4096, 64, 1]}, \"heatmap0\": {\"device\": \"cuda:0\", \"dtype\": \"torch.float32\", \"numel\": 262144, \"shape\": [1, 1, 64, 64, 64], \"stride\": [262144, 262144, 4096, 64, 1]}, \"input\": {\"device\": \"cuda:0\", \"dtype\": \"torch.float32\", \"numel\": 524288, \"shape\": [1, 2, 64, 64, 64], \"stride\": [524288, 262144, 4096, 1, 64]}, \"pass\": 6, \"role\": \"secondary\"}, {\"feature\": {\"device\": \"cuda:0\", \"dtype\": \"torch.float32\", \"numel\": 16777216, \"shape\": [1, 2, 32, 64, 64, 64], \"stride\": [16777216, 8388608, 262144, 4096, 64, 1]}, \"heatmap0\": {\"device\": \"cuda:0\", \"dtype\": \"torch.float32\", \"numel\": 262144, \"shape\": [1, 1, 64, 64, 64], \"stride\": [262144, 262144, 4096, 64, 1]}, \"input\": {\"device\": \"cuda:0\", \"dtype\": \"torch.float32\", \"numel\": 524288, \"shape\": [1, 2, 64, 64, 64], \"stride\": [524288, 262144, 4096, 1, 64]}, \"pass\": 7, \"role\": \"secondary\"}, {\"feature\": {\"device\": \"cuda:0\", \"dtype\": \"torch.float32\", \"numel\": 16777216, \"shape\": [1, 2, 32, 64, 64, 64], \"stride\": [16777216, 8388608, 262144, 4096, 64, 1]}, \"heatmap0\": {\"device\": \"cuda:0\", \"dtype\": \"torch.float32\", \"numel\": 262144, \"shape\": [1, 1, 64, 64, 64], \"stride\": [262144, 262144, 4096, 64, 1]}, \"input\": {\"device\": \"cuda:0\", \"dtype\": \"torch.float32\", \"numel\": 524288, \"shape\": [1, 2, 64, 64, 64], \"stride\": [524288, 262144, 4096, 1, 64]}, \"pass\": 8, \"role\": \"secondary\"}], \"event\": \"actual_predictor_window\", \"frames\": [0, 1], \"input\": {\"all_finite\": true, \"device\": \"cuda:0\", \"dtype\": \"torch.float32\", \"numel\": 524288, \"shape\": [1, 2, 64, 64, 64], \"stride\": [524288, 262144, 4096, 64, 1]}, \"input_parent\": \"/kaggle/input/competitions/biohub-cell-tracking-during-development/train\", \"seconds_including_common_audit\": 2.865014622000217, \"window_index\": 1, \"worker_execution_settings\": {\"autocast_enabled\": false, \"cuda_runtime\": \"12.8\", \"cudnn_allow_tf32\": true, \"cudnn_benchmark\": false, \"cudnn_deterministic\": false, \"default_dtype\": \"torch.float32\", \"deterministic_algorithms\": false, \"float32_matmul_precision\": \"highest\", \"gpu_name\": \"Tesla T4\", \"grad_enabled\": false, \"matmul_allow_tf32\": false, \"torch_initial_seed\": 1326939678888861713, \"torch_version\": \"2.10.0+cu128\"}}\n"}
,{"stream_name":"stdout","time":1262.140821181,"data":"EDGE_TTA_ACTIVE views= 8 mean_abs_feat_delta= 0.446061\n"}
,{"stream_name":"stdout","time":1262.278582505,"data":"EDGE_TTA_ACTIVE views= 8 mean_abs_feat_delta= 0.351692\n"}
,{"stream_name":"stdout","time":1262.343438646,"data":"EDGE_TTA_ACTIVE views= 8 mean_abs_feat_delta= 0.446061\n"}
,{"stream_name":"stdout","time":1262.343468156,"data":"EDGE_TTA_ACTIVE views= 8 mean_abs_feat_delta= 0.351692\n"}
,{"stream_name":"stdout","time":1263.915131826,"data":"EDGE_TTA_ACTIVE views= 8 mean_abs_feat_delta= 0.452988\n"}
,{"stream_name":"stdout","time":1264.117868475,"data":"EDGE_TTA_ACTIVE views= 8 mean_abs_feat_delta= 0.452988\n"}
,{"stream_name":"stdout","time":1264.322063496,"data":"EDGE_TTA_ACTIVE views= 8 mean_abs_feat_delta= 0.350597\n"}
,{"stream_name":"stdout","time":1264.524353161,"data":"EDGE_TTA_ACTIVE views= 8 mean_abs_feat_delta= 0.350597\n"}
,{"stream_name":"stdout","time":1265.698327374,"data":"EDGE_TTA_ACTIVE views= 8 mean_abs_feat_delta= 0.445899\n"}
,{"stream_name":"stdout","time":1265.901035822,"data":"EDGE_TTA_ACTIVE views= 8 mean_abs_feat_delta= 0.445899\n"}
,{"stream_name":"stdout","time":1266.345305133,"data":"EDGE_TTA_ACTIVE views= 8 mean_abs_feat_delta= 0.35461\n"}
,{"stream_name":"stdout","time":1266.547567723,"data":"EDGE_TTA_ACTIVE views= 8 mean_abs_feat_delta= 0.35461\n"}
,{"stream_name":"stdout","time":1267.581092799,"data":"EDGE_TTA_ACTIVE views= 8 mean_abs_feat_delta= 0.455888\n"}
,{"stream_name":"stdout","time":1267.78357234,"data":"EDGE_TTA_ACTIVE views= 8 mean_abs_feat_delta= 0.455888\n"}
,{"stream_name":"stdout","time":1268.434685339,"data":"EDGE_TTA_ACTIVE views= 8 mean_abs_feat_delta= 0.353684\n"}
,{"stream_name":"stdout","time":1268.637128602,"data":"EDGE_TTA_ACTIVE views= 8 mean_abs_feat_delta= 0.353684\n"}
,{"stream_name":"stdout","time":1269.424995926,"data":"EDGE_TTA_ACTIVE views= 8 mean_abs_feat_delta= 0.460592\n"}
,{"stream_name":"stdout","time":1269.627481665,"data":"EDGE_TTA_ACTIVE views= 8 mean_abs_feat_delta= 0.460592\n"}
,{"stream_name":"stdout","time":1270.474838956,"data":"EDGE_TTA_ACTIVE views= 8 mean_abs_feat_delta= 0.352521\n"}
,{"stream_name":"stdout","time":1270.677003998,"data":"EDGE_TTA_ACTIVE views= 8 mean_abs_feat_delta= 0.352521\n"}
,{"stream_name":"stdout","time":1271.226907903,"data":"EDGE_TTA_ACTIVE views= 8 mean_abs_feat_delta= 0.460032\n"}
,{"stream_name":"stdout","time":1271.429310544,"data":"EDGE_TTA_ACTIVE views= 8 mean_abs_feat_delta= 0.460032\n"}
,{"stream_name":"stdout","time":1272.584910214,"data":"EDGE_TTA_ACTIVE views= 8 mean_abs_feat_delta= 0.35658\n"}
,{"stream_name":"stdout","time":1272.786958532,"data":"EDGE_TTA_ACTIVE views= 8 mean_abs_feat_delta= 0.35658\n"}
,{"stream_name":"stdout","time":1273.062796782,"data":"EDGE_TTA_ACTIVE views= 8 mean_abs_feat_delta= 0.452061\n"}
,{"stream_name":"stdout","time":1273.265392922,"data":"EDGE_TTA_ACTIVE views= 8 mean_abs_feat_delta= 0.452061\n"}
,{"stream_name":"stdout","time":1274.633844724,"data":"EDGE_TTA_ACTIVE views= 8 mean_abs_feat_delta= 0.357097\n"}
,{"stream_name":"stdout","time":1274.836353432,"data":"EDGE_TTA_ACTIVE views= 8 mean_abs_feat_delta= 0.357097\n"}
,{"stream_name":"stdout","time":1274.919540758,"data":"EDGE_TTA_ACTIVE views= 8 mean_abs_feat_delta= 0.45984\n"}
,{"stream_name":"stdout","time":1275.122150381,"data":"EDGE_TTA_ACTIVE views= 8 mean_abs_feat_delta= 0.45984\n"}
,{"stream_name":"stdout","time":1276.662779203,"data":"EDGE_TTA_ACTIVE views= 8 mean_abs_feat_delta= 0.356904\n"}
,{"stream_name":"stdout","time":1276.763964137,"data":"EDGE_TTA_ACTIVE views= 8 mean_abs_feat_delta= 0.459957\n"}
,{"stream_name":"stdout","time":1276.865182538,"data":"EDGE_TTA_ACTIVE views= 8 mean_abs_feat_delta= 0.356904\n"}
,{"stream_name":"stdout","time":1276.865206007,"data":"EDGE_TTA_ACTIVE views= 8 mean_abs_feat_delta= 0.459957\n"}
,{"stream_name":"stdout","time":1278.590766574,"data":"EDGE_TTA_ACTIVE views= 8 mean_abs_feat_delta= 0.451165\n"}
,{"stream_name":"stdout","time":1278.771228346,"data":"EDGE_TTA_ACTIVE views= 8 mean_abs_feat_delta= 0.358469\n"}
,{"stream_name":"stdout","time":1278.792965547,"data":"EDGE_TTA_ACTIVE views= 8 mean_abs_feat_delta= 0.451165\n"}
,{"stream_name":"stdout","time":1278.792987531,"data":"EDGE_TTA_ACTIVE views= 8 mean_abs_feat_delta= 0.358469\n"}
,{"stream_name":"stdout","time":1280.495777113,"data":"EDGE_TTA_ACTIVE views= 8 mean_abs_feat_delta= 0.451253\n"}
,{"stream_name":"stdout","time":1280.698409103,"data":"EDGE_TTA_ACTIVE views= 8 mean_abs_feat_delta= 0.451253\n"}
,{"stream_name":"stdout","time":1280.884631793,"data":"EDGE_TTA_ACTIVE views= 8 mean_abs_feat_delta= 0.357536\n"}
,{"stream_name":"stdout","time":1281.087054204,"data":"EDGE_TTA_ACTIVE views= 8 mean_abs_feat_delta= 0.357536\n"}
,{"stream_name":"stdout","time":1282.396865669,"data":"EDGE_TTA_ACTIVE views= 8 mean_abs_feat_delta= 0.443204\n"}
,{"stream_name":"stdout","time":1282.599365251,"data":"EDGE_TTA_ACTIVE views= 8 mean_abs_feat_delta= 0.443204\n"}
,{"stream_name":"stdout","time":1283.013636108,"data":"EDGE_TTA_ACTIVE views= 8 mean_abs_feat_delta= 0.354646\n"}
,{"stream_name":"stdout","time":1283.2574238,"data":"EDGE_TTA_ACTIVE views= 8 mean_abs_feat_delta= 0.354646\n"}
,{"stream_name":"stdout","time":1284.238687446,"data":"EDGE_TTA_ACTIVE views= 8 mean_abs_feat_delta= 0.437604\n"}
,{"stream_name":"stdout","time":1284.441134099,"data":"EDGE_TTA_ACTIVE views= 8 mean_abs_feat_delta= 0.437604\n"}
,{"stream_name":"stdout","time":1285.125182191,"data":"EDGE_TTA_ACTIVE views= 8 mean_abs_feat_delta= 0.352024\n"}
,{"stream_name":"stdout","time":1285.327753655,"data":"EDGE_TTA_ACTIVE views= 8 mean_abs_feat_delta= 0.352024\n"}
,{"stream_name":"stdout","time":1286.191570273,"data":"EDGE_TTA_ACTIVE views= 8 mean_abs_feat_delta= 0.434699\n"}
,{"stream_name":"stdout","time":1286.393890566,"data":"EDGE_TTA_ACTIVE views= 8 mean_abs_feat_delta= 0.434699\n"}
,{"stream_name":"stdout","time":1287.257410902,"data":"EDGE_TTA_ACTIVE views= 8 mean_abs_feat_delta= 0.35514\n"}
,{"stream_name":"stdout","time":1287.459898971,"data":"EDGE_TTA_ACTIVE views= 8 mean_abs_feat_delta= 0.35514\n"}
,{"stream_name":"stdout","time":1288.07461137,"data":"EDGE_TTA_ACTIVE views= 8 mean_abs_feat_delta= 0.429003\n"}
,{"stream_name":"stdout","time":1288.22574708,"data":"BIOHUB_RETENTION_GUARD {\"blended_candidates\": 419, \"dataset\": \"44b6_12dfb391\", \"frame\": 14, \"minimum_retention\": 0.9, \"primary_candidates\": 469, \"retention\": 0.8933901918976546, \"use_primary\": true}\n"}
,{"stream_name":"stdout","time":1288.277174634,"data":"EDGE_TTA_ACTIVE views= 8 mean_abs_feat_delta= 0.429003\n"}
,{"stream_name":"stdout","time":1288.277202558,"data":"BIOHUB_RETENTION_GUARD {\"blended_candidates\": 419, \"dataset\": \"44b6_12dfb391\", \"frame\": 14, \"minimum_retention\": 0.9, \"primary_candidates\": 469, \"retention\": 0.8933901918976546, \"use_primary\": true}\n"}
,{"stream_name":"stdout","time":1289.408476113,"data":"EDGE_TTA_ACTIVE views= 8 mean_abs_feat_delta= 0.355578\n"}
,{"stream_name":"stdout","time":1289.611266272,"data":"EDGE_TTA_ACTIVE views= 8 mean_abs_feat_delta= 0.355578\n"}
,{"stream_name":"stdout","time":1290.017575519,"data":"EDGE_TTA_ACTIVE views= 8 mean_abs_feat_delta= 0.425063\n"}
,{"stream_name":"stdout","time":1290.220299937,"data":"EDGE_TTA_ACTIVE views= 8 mean_abs_feat_delta= 0.425063\n"}
,{"stream_name":"stdout","time":1291.532874099,"data":"EDGE_TTA_ACTIVE views= 8 mean_abs_feat_delta= 0.353672\n"}
,{"stream_name":"stdout","time":1291.735377649,"data":"EDGE_TTA_ACTIVE views= 8 mean_abs_feat_delta= 0.353672\n"}
,{"stream_name":"stdout","time":1291.973078556,"data":"EDGE_TTA_ACTIVE views= 8 mean_abs_feat_delta= 0.435838\n"}
,{"stream_name":"stdout","time":1292.17580847,"data":"EDGE_TTA_ACTIVE views= 8 mean_abs_feat_delta= 0.435838\n"}
,{"stream_name":"stdout","time":1293.684910918,"data":"EDGE_TTA_ACTIVE views= 8 mean_abs_feat_delta= 0.351998\n"}
,{"stream_name":"stdout","time":1293.887220898,"data":"EDGE_TTA_ACTIVE views= 8 mean_abs_feat_delta= 0.351998\n"}
,{"stream_name":"stdout","time":1293.899065413,"data":"EDGE_TTA_ACTIVE views= 8 mean_abs_feat_delta= 0.429749\n"}
,{"stream_name":"stdout","time":1294.101498637,"data":"EDGE_TTA_ACTIVE views= 8 mean_abs_feat_delta= 0.429749\n"}
,{"stream_name":"stdout","time":1295.813304579,"data":"EDGE_TTA_ACTIVE views= 8 mean_abs_feat_delta= 0.429549\n"}
,{"stream_name":"stdout","time":1295.835613862,"data":"EDGE_TTA_ACTIVE views= 8 mean_abs_feat_delta= 0.351912\n"}
,{"stream_name":"stdout","time":1296.01569847,"data":"EDGE_TTA_ACTIVE views= 8 mean_abs_feat_delta= 0.429549\n"}
,{"stream_name":"stdout","time":1296.015721544,"data":"EDGE_TTA_ACTIVE views= 8 mean_abs_feat_delta= 0.351912\n"}
,{"stream_name":"stdout","time":1296.821908964,"data":"BIOHUB_RETENTION_GUARD {\"blended_candidates\": 430, \"dataset\": \"44b6_12dfb391\", \"frame\": 18, \"minimum_retention\": 0.9, \"primary_candidates\": 482, \"retention\": 0.8921161825726142, \"use_primary\": true}\n"}
,{"stream_name":"stdout","time":1297.024205001,"data":"BIOHUB_RETENTION_GUARD {\"blended_candidates\": 430, \"dataset\": \"44b6_12dfb391\", \"frame\": 18, \"minimum_retention\": 0.9, \"primary_candidates\": 482, \"retention\": 0.8921161825726142, \"use_primary\": true}\n"}
,{"stream_name":"stdout","time":1297.806577565,"data":"EDGE_TTA_ACTIVE views= 8 mean_abs_feat_delta= 0.427003\n"}
,{"stream_name":"stdout","time":1298.009124737,"data":"EDGE_TTA_ACTIVE views= 8 mean_abs_feat_delta= 0.427003\n"}
,{"stream_name":"stdout","time":1298.064253258,"data":"EDGE_TTA_ACTIVE views= 8 mean_abs_feat_delta= 0.351384\n"}
,{"stream_name":"stdout","time":1298.266902444,"data":"EDGE_TTA_ACTIVE views= 8 mean_abs_feat_delta= 0.351384\n"}
,{"stream_name":"stdout","time":1299.783791921,"data":"EDGE_TTA_ACTIVE views= 8 mean_abs_feat_delta= 0.417978\n"}
,{"stream_name":"stdout","time":1299.98613608,"data":"EDGE_TTA_ACTIVE views= 8 mean_abs_feat_delta= 0.417978\n"}
,{"stream_name":"stdout","time":1300.196652211,"data":"EDGE_TTA_ACTIVE views= 8 mean_abs_feat_delta= 0.347447\n"}
,{"stream_name":"stdout","time":1300.399147001,"data":"EDGE_TTA_ACTIVE views= 8 mean_abs_feat_delta= 0.347447\n"}
,{"stream_name":"stdout","time":1301.742455464,"data":"EDGE_TTA_ACTIVE views= 8 mean_abs_feat_delta= 0.413072\n"}
,{"stream_name":"stdout","time":1301.945164137,"data":"EDGE_TTA_ACTIVE views= 8 mean_abs_feat_delta= 0.413072\n"}
,{"stream_name":"stdout","time":1302.330608389,"data":"EDGE_TTA_ACTIVE views= 8 mean_abs_feat_delta= 0.348309\n"}
,{"stream_name":"stdout","time":1302.533137501,"data":"EDGE_TTA_ACTIVE views= 8 mean_abs_feat_delta= 0.348309\n"}
,{"stream_name":"stdout","time":1303.671043893,"data":"EDGE_TTA_ACTIVE views= 8 mean_abs_feat_delta= 0.421707\n"}
,{"stream_name":"stdout","time":1303.873495336,"data":"EDGE_TTA_ACTIVE views= 8 mean_abs_feat_delta= 0.421707\n"}
,{"stream_name":"stdout","time":1304.427370952,"data":"EDGE_TTA_ACTIVE views= 8 mean_abs_feat_delta= 0.350773\n"}
,{"stream_name":"stdout","time":1304.629736574,"data":"EDGE_TTA_ACTIVE views= 8 mean_abs_feat_delta= 0.350773\n"}
,{"stream_name":"stdout","time":1305.40690308,"data":"BIOHUB_RETENTION_GUARD {\"blended_candidates\": 421, \"dataset\": \"44b6_12dfb391\", \"frame\": 22, \"minimum_retention\": 0.9, \"primary_candidates\": 488, \"retention\": 0.8627049180327869, \"use_primary\": true}\n"}
,{"stream_name":"stdout","time":1305.600153281,"data":"EDGE_TTA_ACTIVE views= 8 mean_abs_feat_delta= 0.415908\n"}
,{"stream_name":"stdout","time":1305.609875798,"data":"BIOHUB_RETENTION_GUARD {\"blended_candidates\": 421, \"dataset\": \"44b6_12dfb391\", \"frame\": 22, \"minimum_retention\": 0.9, \"primary_candidates\": 488, \"retention\": 0.8627049180327869, \"use_primary\": true}\n"}
,{"stream_name":"stdout","time":1305.60990712,"data":"EDGE_TTA_ACTIVE views= 8 mean_abs_feat_delta= 0.415908\n"}
,{"stream_name":"stdout","time":1306.592524512,"data":"EDGE_TTA_ACTIVE views= 8 mean_abs_feat_delta= 0.349034\n"}
,{"stream_name":"stdout","time":1306.794851334,"data":"EDGE_TTA_ACTIVE views= 8 mean_abs_feat_delta= 0.349034\n"}
,{"stream_name":"stdout","time":1307.522065613,"data":"EDGE_TTA_ACTIVE views= 8 mean_abs_feat_delta= 0.414628\n"}
,{"stream_name":"stdout","time":1307.559818117,"data":"BIOHUB_RETENTION_GUARD {\"blended_candidates\": 433, \"dataset\": \"44b6_12dfb391\", \"frame\": 23, \"minimum_retention\": 0.9, \"primary_candidates\": 483, \"retention\": 0.8964803312629399, \"use_primary\": true}\n"}
,{"stream_name":"stdout","time":1307.724350834,"data":"EDGE_TTA_ACTIVE views= 8 mean_abs_feat_delta= 0.414628\n"}
,{"stream_name":"stdout","time":1307.724429777,"data":"BIOHUB_RETENTION_GUARD {\"blended_candidates\": 433, \"dataset\": \"44b6_12dfb391\", \"frame\": 23, \"minimum_retention\": 0.9, \"primary_candidates\": 483, \"retention\": 0.8964803312629399, \"use_primary\": true}\n"}
,{"stream_name":"stdout","time":1308.71763588,"data":"EDGE_TTA_ACTIVE views= 8 mean_abs_feat_delta= 0.351723\n"}
,{"stream_name":"stdout","time":1308.920037157,"data":"EDGE_TTA_ACTIVE views= 8 mean_abs_feat_delta= 0.351723\n"}
,{"stream_name":"stdout","time":1309.441527179,"data":"EDGE_TTA_ACTIVE views= 8 mean_abs_feat_delta= 0.417435\n"}
,{"stream_name":"stdout","time":1309.644170213,"data":"EDGE_TTA_ACTIVE views= 8 mean_abs_feat_delta= 0.417435\n"}
,{"stream_name":"stdout","time":1309.685009768,"data":"BIOHUB_RETENTION_GUARD {\"blended_candidates\": 426, \"dataset\": \"44b6_12dfb391\", \"frame\": 24, \"minimum_retention\": 0.9, \"primary_candidates\": 478, \"retention\": 0.891213389121339, \"use_primary\": true}\n"}
,{"stream_name":"stdout","time":1309.887125152,"data":"BIOHUB_RETENTION_GUARD {\"blended_candidates\": 426, \"dataset\": \"44b6_12dfb391\", \"frame\": 24, \"minimum_retention\": 0.9, \"primary_candidates\": 478, \"retention\": 0.891213389121339, \"use_primary\": true}\n"}
,{"stream_name":"stdout","time":1310.901013107,"data":"EDGE_TTA_ACTIVE views= 8 mean_abs_feat_delta= 0.356235\n"}
,{"stream_name":"stdout","time":1311.103599217,"data":"EDGE_TTA_ACTIVE views= 8 mean_abs_feat_delta= 0.356235\n"}
,{"stream_name":"stdout","time":1311.365056374,"data":"EDGE_TTA_ACTIVE views= 8 mean_abs_feat_delta= 0.411312\n"}
,{"stream_name":"stdout","time":1311.56771106,"data":"EDGE_TTA_ACTIVE views= 8 mean_abs_feat_delta= 0.411312\n"}
,{"stream_name":"stdout","time":1311.867656701,"data":"BIOHUB_RETENTION_GUARD {\"blended_candidates\": 444, \"dataset\": \"44b6_12dfb391\", \"frame\": 25, \"minimum_retention\": 0.9, \"primary_candidates\": 494, \"retention\": 0.8987854251012146, \"use_primary\": true}\n"}
,{"stream_name":"stdout","time":1312.069773878,"data":"BIOHUB_RETENTION_GUARD {\"blended_candidates\": 444, \"dataset\": \"44b6_12dfb391\", \"frame\": 25, \"minimum_retention\": 0.9, \"primary_candidates\": 494, \"retention\": 0.8987854251012146, \"use_primary\": true}\n"}
,{"stream_name":"stdout","time":1313.065466243,"data":"EDGE_TTA_ACTIVE views= 8 mean_abs_feat_delta= 0.356559\n"}
,{"stream_name":"stdout","time":1313.310346235,"data":"EDGE_TTA_ACTIVE views= 8 mean_abs_feat_delta= 0.356559\n"}
,{"stream_name":"stdout","time":1313.343304766,"data":"EDGE_TTA_ACTIVE views= 8 mean_abs_feat_delta= 0.398254\n"}
,{"stream_name":"stdout","time":1313.545358308,"data":"EDGE_TTA_ACTIVE views= 8 mean_abs_feat_delta= 0.398254\n"}
,{"stream_name":"stdout","time":1314.028123877,"data":"BIOHUB_RETENTION_GUARD {\"blended_candidates\": 439, \"dataset\": \"44b6_12dfb391\", \"frame\": 26, \"minimum_retention\": 0.9, \"primary_candidates\": 490, \"retention\": 0.8959183673469387, \"use_primary\": true}\n"}
,{"stream_name":"stdout","time":1314.230536828,"data":"BIOHUB_RETENTION_GUARD {\"blended_candidates\": 439, \"dataset\": \"44b6_12dfb391\", \"frame\": 26, \"minimum_retention\": 0.9, \"primary_candidates\": 490, \"retention\": 0.8959183673469387, \"use_primary\": true}\n"}
,{"stream_name":"stdout","time":1315.248032448,"data":"EDGE_TTA_ACTIVE views= 8 mean_abs_feat_delta= 0.354913\n"}
,{"stream_name":"stdout","time":1315.292944639,"data":"EDGE_TTA_ACTIVE views= 8 mean_abs_feat_delta= 0.387007\n"}
,{"stream_name":"stdout","time":1315.450380961,"data":"EDGE_TTA_ACTIVE views= 8 mean_abs_feat_delta= 0.354913\n"}
,{"stream_name":"stdout","time":1315.45040907,"data":"EDGE_TTA_ACTIVE views= 8 mean_abs_feat_delta= 0.387007\n"}
,{"stream_name":"stdout","time":1316.203748391,"data":"BIOHUB_RETENTION_GUARD {\"blended_candidates\": 442, \"dataset\": \"44b6_12dfb391\", \"frame\": 27, \"minimum_retention\": 0.9, \"primary_candidates\": 506, \"retention\": 0.8735177865612648, \"use_primary\": true}\n"}
,{"stream_name":"stdout","time":1316.406031236,"data":"BIOHUB_RETENTION_GUARD {\"blended_candidates\": 442, \"dataset\": \"44b6_12dfb391\", \"frame\": 27, \"minimum_retention\": 0.9, \"primary_candidates\": 506, \"retention\": 0.8735177865612648, \"use_primary\": true}\n"}
,{"stream_name":"stdout","time":1317.249263577,"data":"EDGE_TTA_ACTIVE views= 8 mean_abs_feat_delta= 0.384464\n"}
,{"stream_name":"stdout","time":1317.384167668,"data":"EDGE_TTA_ACTIVE views= 8 mean_abs_feat_delta= 0.357095\n"}
,{"stream_name":"stdout","time":1317.451577011,"data":"EDGE_TTA_ACTIVE views= 8 mean_abs_feat_delta= 0.384464\n"}
,{"stream_name":"stdout","time":1317.45159891,"data":"EDGE_TTA_ACTIVE views= 8 mean_abs_feat_delta= 0.357095\n"}
,{"stream_name":"stdout","time":1318.336009287,"data":"BIOHUB_RETENTION_GUARD {\"blended_candidates\": 449, \"dataset\": \"44b6_12dfb391\", \"frame\": 28, \"minimum_retention\": 0.9, \"primary_candidates\": 501, \"retention\": 0.8962075848303394, \"use_primary\": true}\n"}
,{"stream_name":"stdout","time":1318.539040027,"data":"BIOHUB_RETENTION_GUARD {\"blended_candidates\": 449, \"dataset\": \"44b6_12dfb391\", \"frame\": 28, \"minimum_retention\": 0.9, \"primary_candidates\": 501, \"retention\": 0.8962075848303394, \"use_primary\": true}\n"}
,{"stream_name":"stdout","time":1319.138275231,"data":"EDGE_TTA_ACTIVE views= 8 mean_abs_feat_delta= 0.404333\n"}
,{"stream_name":"stdout","time":1319.34061571,"data":"EDGE_TTA_ACTIVE views= 8 mean_abs_feat_delta= 0.404333\n"}
,{"stream_name":"stdout","time":1319.470399406,"data":"EDGE_TTA_ACTIVE views= 8 mean_abs_feat_delta= 0.358954\n"}
,{"stream_name":"stdout","time":1319.672658011,"data":"EDGE_TTA_ACTIVE views= 8 mean_abs_feat_delta= 0.358954\n"}
,{"stream_name":"stdout","time":1321.095486117,"data":"EDGE_TTA_ACTIVE views= 8 mean_abs_feat_delta= 0.401821\n"}
,{"stream_name":"stdout","time":1321.297874712,"data":"EDGE_TTA_ACTIVE views= 8 mean_abs_feat_delta= 0.401821\n"}
,{"stream_name":"stdout","time":1321.621781614,"data":"EDGE_TTA_ACTIVE views= 8 mean_abs_feat_delta= 0.355529\n"}
,{"stream_name":"stdout","time":1321.824236176,"data":"EDGE_TTA_ACTIVE views= 8 mean_abs_feat_delta= 0.355529\n"}
,{"stream_name":"stdout","time":1322.568198148,"data":"BIOHUB_RETENTION_GUARD {\"blended_candidates\": 449, \"dataset\": \"44b6_12dfb391\", \"frame\": 30, \"minimum_retention\": 0.9, \"primary_candidates\": 507, \"retention\": 0.8856015779092702, \"use_primary\": true}\n"}
,{"stream_name":"stdout","time":1322.770280346,"data":"BIOHUB_RETENTION_GUARD {\"blended_candidates\": 449, \"dataset\": \"44b6_12dfb391\", \"frame\": 30, \"minimum_retention\": 0.9, \"primary_candidates\": 507, \"retention\": 0.8856015779092702, \"use_primary\": true}\n"}
,{"stream_name":"stdout","time":1323.044941786,"data":"EDGE_TTA_ACTIVE views= 8 mean_abs_feat_delta= 0.402818\n"}
,{"stream_name":"stdout","time":1323.247415612,"data":"EDGE_TTA_ACTIVE views= 8 mean_abs_feat_delta= 0.402818\n"}
,{"stream_name":"stdout","time":1323.735784967,"data":"EDGE_TTA_ACTIVE views= 8 mean_abs_feat_delta= 0.352098\n"}
,{"stream_name":"stdout","time":1323.938353754,"data":"EDGE_TTA_ACTIVE views= 8 mean_abs_feat_delta= 0.352098\n"}
,{"stream_name":"stdout","time":1324.965745418,"data":"EDGE_TTA_ACTIVE views= 8 mean_abs_feat_delta= 0.407863\n"}
,{"stream_name":"stdout","time":1325.168129487,"data":"EDGE_TTA_ACTIVE views= 8 mean_abs_feat_delta= 0.407863\n"}
,{"stream_name":"stdout","time":1325.812057059,"data":"EDGE_TTA_ACTIVE views= 8 mean_abs_feat_delta= 0.350288\n"}
,{"stream_name":"stdout","time":1326.014513024,"data":"EDGE_TTA_ACTIVE views= 8 mean_abs_feat_delta= 0.350288\n"}
,{"stream_name":"stdout","time":1326.754911317,"data":"BIOHUB_RETENTION_GUARD {\"blended_candidates\": 454, \"dataset\": \"44b6_12dfb391\", \"frame\": 32, \"minimum_retention\": 0.9, \"primary_candidates\": 505, \"retention\": 0.899009900990099, \"use_primary\": true}\n"}
,{"stream_name":"stdout","time":1326.856842357,"data":"EDGE_TTA_ACTIVE views= 8 mean_abs_feat_delta= 0.406737\n"}
,{"stream_name":"stdout","time":1326.957396605,"data":"BIOHUB_RETENTION_GUARD {\"blended_candidates\": 454, \"dataset\": \"44b6_12dfb391\", \"frame\": 32, \"minimum_retention\": 0.9, \"primary_candidates\": 505, \"retention\": 0.899009900990099, \"use_primary\": true}\n"}
,{"stream_name":"stdout","time":1326.957434106,"data":"EDGE_TTA_ACTIVE views= 8 mean_abs_feat_delta= 0.406737\n"}
,{"stream_name":"stdout","time":1327.975627238,"data":"EDGE_TTA_ACTIVE views= 8 mean_abs_feat_delta= 0.348393\n"}
,{"stream_name":"stdout","time":1328.178275912,"data":"EDGE_TTA_ACTIVE views= 8 mean_abs_feat_delta= 0.348393\n"}
,{"stream_name":"stdout","time":1328.849942192,"data":"EDGE_TTA_ACTIVE views= 8 mean_abs_feat_delta= 0.409493\n"}
,{"stream_name":"stdout","time":1328.915788844,"data":"BIOHUB_RETENTION_GUARD {\"blended_candidates\": 466, \"dataset\": \"44b6_12dfb391\", \"frame\": 33, \"minimum_retention\": 0.9, \"primary_candidates\": 521, \"retention\": 0.8944337811900192, \"use_primary\": true}\n"}
,{"stream_name":"stdout","time":1329.052480914,"data":"EDGE_TTA_ACTIVE views= 8 mean_abs_feat_delta= 0.409493\n"}
,{"stream_name":"stdout","time":1329.052501688,"data":"BIOHUB_RETENTION_GUARD {\"blended_candidates\": 466, \"dataset\": \"44b6_12dfb391\", \"frame\": 33, \"minimum_retention\": 0.9, \"primary_candidates\": 521, \"retention\": 0.8944337811900192, \"use_primary\": true}\n"}
,{"stream_name":"stdout","time":1330.059652229,"data":"EDGE_TTA_ACTIVE views= 8 mean_abs_feat_delta= 0.351972\n"}
,{"stream_name":"stdout","time":1330.262245383,"data":"EDGE_TTA_ACTIVE views= 8 mean_abs_feat_delta= 0.351972\n"}
,{"stream_name":"stdout","time":1330.802592046,"data":"EDGE_TTA_ACTIVE views= 8 mean_abs_feat_delta= 0.42422\n"}
,{"stream_name":"stdout","time":1331.005181741,"data":"EDGE_TTA_ACTIVE views= 8 mean_abs_feat_delta= 0.42422\n"}
,{"stream_name":"stdout","time":1332.148773275,"data":"EDGE_TTA_ACTIVE views= 8 mean_abs_feat_delta= 0.353954\n"}
,{"stream_name":"stdout","time":1332.351179703,"data":"EDGE_TTA_ACTIVE views= 8 mean_abs_feat_delta= 0.353954\n"}
,{"stream_name":"stdout","time":1332.731639122,"data":"EDGE_TTA_ACTIVE views= 8 mean_abs_feat_delta= 0.434581\n"}
,{"stream_name":"stdout","time":1332.93410414,"data":"EDGE_TTA_ACTIVE views= 8 mean_abs_feat_delta= 0.434581\n"}
,{"stream_name":"stdout","time":1333.084916644,"data":"BIOHUB_RETENTION_GUARD {\"blended_candidates\": 437, \"dataset\": \"44b6_12dfb391\", \"frame\": 35, \"minimum_retention\": 0.9, \"primary_candidates\": 500, \"retention\": 0.874, \"use_primary\": true}\n"}
,{"stream_name":"stdout","time":1333.287452099,"data":"BIOHUB_RETENTION_GUARD {\"blended_candidates\": 437, \"dataset\": \"44b6_12dfb391\", \"frame\": 35, \"minimum_retention\": 0.9, \"primary_candidates\": 500, \"retention\": 0.874, \"use_primary\": true}\n"}
,{"stream_name":"stdout","time":1334.217504639,"data":"EDGE_TTA_ACTIVE views= 8 mean_abs_feat_delta= 0.353683\n"}
,{"stream_name":"stdout","time":1334.420142149,"data":"EDGE_TTA_ACTIVE views= 8 mean_abs_feat_delta= 0.353683\n"}
,{"stream_name":"stdout","time":1334.716721192,"data":"EDGE_TTA_ACTIVE views= 8 mean_abs_feat_delta= 0.443118\n"}
,{"stream_name":"stdout","time":1334.919164267,"data":"EDGE_TTA_ACTIVE views= 8 mean_abs_feat_delta= 0.443118\n"}
,{"stream_name":"stdout","time":1335.154827983,"data":"BIOHUB_RETENTION_GUARD {\"blended_candidates\": 449, \"dataset\": \"44b6_12dfb391\", \"frame\": 36, \"minimum_retention\": 0.9, \"primary_candidates\": 506, \"retention\": 0.8873517786561265, \"use_primary\": true}\n"}
,{"stream_name":"stdout","time":1335.357419919,"data":"BIOHUB_RETENTION_GUARD {\"blended_candidates\": 449, \"dataset\": \"44b6_12dfb391\", \"frame\": 36, \"minimum_retention\": 0.9, \"primary_candidates\": 506, \"retention\": 0.8873517786561265, \"use_primary\": true}\n"}
,{"stream_name":"stdout","time":1336.32427925,"data":"EDGE_TTA_ACTIVE views= 8 mean_abs_feat_delta= 0.353175\n"}
,{"stream_name":"stdout","time":1336.5269968,"data":"EDGE_TTA_ACTIVE views= 8 mean_abs_feat_delta= 0.353175\n"}
,{"stream_name":"stdout","time":1336.622817946,"data":"EDGE_TTA_ACTIVE views= 8 mean_abs_feat_delta= 0.476122\n"}
,{"stream_name":"stdout","time":1336.825263211,"data":"EDGE_TTA_ACTIVE views= 8 mean_abs_feat_delta= 0.476122\n"}
,{"stream_name":"stdout","time":1337.262177706,"data":"BIOHUB_RETENTION_GUARD {\"blended_candidates\": 453, \"dataset\": \"44b6_12dfb391\", \"frame\": 37, \"minimum_retention\": 0.9, \"primary_candidates\": 518, \"retention\": 0.8745173745173745, \"use_primary\": true}\n"}
,{"stream_name":"stdout","time":1337.464235479,"data":"BIOHUB_RETENTION_GUARD {\"blended_candidates\": 453, \"dataset\": \"44b6_12dfb391\", \"frame\": 37, \"minimum_retention\": 0.9, \"primary_candidates\": 518, \"retention\": 0.8745173745173745, \"use_primary\": true}\n"}
,{"stream_name":"stdout","time":1338.433598654,"data":"EDGE_TTA_ACTIVE views= 8 mean_abs_feat_delta= 0.353742\n"}
,{"stream_name":"stdout","time":1338.560275175,"data":"EDGE_TTA_ACTIVE views= 8 mean_abs_feat_delta= 0.462057\n"}
,{"stream_name":"stdout","time":1338.636071556,"data":"EDGE_TTA_ACTIVE views= 8 mean_abs_feat_delta= 0.353742\n"}
,{"stream_name":"stdout","time":1338.636098665,"data":"EDGE_TTA_ACTIVE views= 8 mean_abs_feat_delta= 0.462057\n"}
,{"stream_name":"stdout","time":1339.370434361,"data":"BIOHUB_RETENTION_GUARD {\"blended_candidates\": 469, \"dataset\": \"44b6_12dfb391\", \"frame\": 38, \"minimum_retention\": 0.9, \"primary_candidates\": 529, \"retention\": 0.8865784499054821, \"use_primary\": true}\n"}
,{"stream_name":"stdout","time":1339.572992891,"data":"BIOHUB_RETENTION_GUARD {\"blended_candidates\": 469, \"dataset\": \"44b6_12dfb391\", \"frame\": 38, \"minimum_retention\": 0.9, \"primary_candidates\": 529, \"retention\": 0.8865784499054821, \"use_primary\": true}\n"}
,{"stream_name":"stdout","time":1340.461384316,"data":"EDGE_TTA_ACTIVE views= 8 mean_abs_feat_delta= 0.470151\n"}
,{"stream_name":"stdout","time":1340.524392009,"data":"EDGE_TTA_ACTIVE views= 8 mean_abs_feat_delta= 0.354758\n"}
,{"stream_name":"stdout","time":1340.663751183,"data":"EDGE_TTA_ACTIVE views= 8 mean_abs_feat_delta= 0.470151\n"}
,{"stream_name":"stdout","time":1340.663776805,"data":"EDGE_TTA_ACTIVE views= 8 mean_abs_feat_delta= 0.354758\n"}
,{"stream_name":"stdout","time":1342.367276003,"data":"EDGE_TTA_ACTIVE views= 8 mean_abs_feat_delta= 0.463688\n"}
,{"stream_name":"stdout","time":1342.569768826,"data":"EDGE_TTA_ACTIVE views= 8 mean_abs_feat_delta= 0.463688\n"}
,{"stream_name":"stdout","time":1342.634859255,"data":"EDGE_TTA_ACTIVE views= 8 mean_abs_feat_delta= 0.355697\n"}
,{"stream_name":"stdout","time":1342.837176366,"data":"EDGE_TTA_ACTIVE views= 8 mean_abs_feat_delta= 0.355697\n"}
,{"stream_name":"stdout","time":1344.295327335,"data":"EDGE_TTA_ACTIVE views= 8 mean_abs_feat_delta= 0.472231\n"}
,{"stream_name":"stdout","time":1344.543209983,"data":"EDGE_TTA_ACTIVE views= 8 mean_abs_feat_delta= 0.472231\n"}
,{"stream_name":"stdout","time":1344.707789642,"data":"EDGE_TTA_ACTIVE views= 8 mean_abs_feat_delta= 0.358266\n"}
,{"stream_name":"stdout","time":1344.911195229,"data":"EDGE_TTA_ACTIVE views= 8 mean_abs_feat_delta= 0.358266\n"}
,{"stream_name":"stdout","time":1346.253431242,"data":"EDGE_TTA_ACTIVE views= 8 mean_abs_feat_delta= 0.464719\n"}
,{"stream_name":"stdout","time":1346.456027572,"data":"EDGE_TTA_ACTIVE views= 8 mean_abs_feat_delta= 0.464719\n"}
,{"stream_name":"stdout","time":1346.817108788,"data":"EDGE_TTA_ACTIVE views= 8 mean_abs_feat_delta= 0.359212\n"}
,{"stream_name":"stdout","time":1347.019869768,"data":"EDGE_TTA_ACTIVE views= 8 mean_abs_feat_delta= 0.359212\n"}
,{"stream_name":"stdout","time":1348.186354079,"data":"EDGE_TTA_ACTIVE views= 8 mean_abs_feat_delta= 0.443235\n"}
,{"stream_name":"stdout","time":1348.388840639,"data":"EDGE_TTA_ACTIVE views= 8 mean_abs_feat_delta= 0.443235\n"}
,{"stream_name":"stdout","time":1348.869117895,"data":"EDGE_TTA_ACTIVE views= 8 mean_abs_feat_delta= 0.362482\n"}
,{"stream_name":"stdout","time":1349.071550566,"data":"EDGE_TTA_ACTIVE views= 8 mean_abs_feat_delta= 0.362482\n"}
,{"stream_name":"stdout","time":1350.131938648,"data":"EDGE_TTA_ACTIVE views= 8 mean_abs_feat_delta= 0.424863\n"}
,{"stream_name":"stdout","time":1350.33431864,"data":"EDGE_TTA_ACTIVE views= 8 mean_abs_feat_delta= 0.424863\n"}
,{"stream_name":"stdout","time":1350.982397288,"data":"EDGE_TTA_ACTIVE views= 8 mean_abs_feat_delta= 0.367657\n"}
,{"stream_name":"stdout","time":1351.184582969,"data":"EDGE_TTA_ACTIVE views= 8 mean_abs_feat_delta= 0.367657\n"}
,{"stream_name":"stdout","time":1352.076075122,"data":"EDGE_TTA_ACTIVE views= 8 mean_abs_feat_delta= 0.408937\n"}
,{"stream_name":"stdout","time":1352.278635607,"data":"EDGE_TTA_ACTIVE views= 8 mean_abs_feat_delta= 0.408937\n"}
,{"stream_name":"stdout","time":1353.162048698,"data":"EDGE_TTA_ACTIVE views= 8 mean_abs_feat_delta= 0.369237\n"}
,{"stream_name":"stdout","time":1353.364266571,"data":"EDGE_TTA_ACTIVE views= 8 mean_abs_feat_delta= 0.369237\n"}
,{"stream_name":"stdout","time":1354.061262901,"data":"EDGE_TTA_ACTIVE views= 8 mean_abs_feat_delta= 0.434277\n"}
,{"stream_name":"stdout","time":1354.263651387,"data":"EDGE_TTA_ACTIVE views= 8 mean_abs_feat_delta= 0.434277\n"}
,{"stream_name":"stdout","time":1355.296212265,"data":"EDGE_TTA_ACTIVE views= 8 mean_abs_feat_delta= 0.365318\n"}
,{"stream_name":"stdout","time":1355.498900574,"data":"EDGE_TTA_ACTIVE views= 8 mean_abs_feat_delta= 0.365318\n"}
,{"stream_name":"stdout","time":1356.068583212,"data":"EDGE_TTA_ACTIVE views= 8 mean_abs_feat_delta= 0.42715\n"}
,{"stream_name":"stdout","time":1356.240464505,"data":"BIOHUB_RETENTION_GUARD {\"blended_candidates\": 476, \"dataset\": \"44b6_12dfb391\", \"frame\": 46, \"minimum_retention\": 0.9, \"primary_candidates\": 533, \"retention\": 0.8930581613508443, \"use_primary\": true}\n"}
,{"stream_name":"stdout","time":1356.27108424,"data":"EDGE_TTA_ACTIVE views= 8 mean_abs_feat_delta= 0.42715\n"}
,{"stream_name":"stdout","time":1356.271107061,"data":"BIOHUB_RETENTION_GUARD {\"blended_candidates\": 476, \"dataset\": \"44b6_12dfb391\", \"frame\": 46, \"minimum_retention\": 0.9, \"primary_candidates\": 533, \"retention\": 0.8930581613508443, \"use_primary\": true}\n"}
,{"stream_name":"stdout","time":1357.421137069,"data":"EDGE_TTA_ACTIVE views= 8 mean_abs_feat_delta= 0.36291\n"}
,{"stream_name":"stdout","time":1357.623708448,"data":"EDGE_TTA_ACTIVE views= 8 mean_abs_feat_delta= 0.36291\n"}
,{"stream_name":"stdout","time":1358.031465056,"data":"EDGE_TTA_ACTIVE views= 8 mean_abs_feat_delta= 0.412092\n"}
,{"stream_name":"stdout","time":1358.233993694,"data":"EDGE_TTA_ACTIVE views= 8 mean_abs_feat_delta= 0.412092\n"}
,{"stream_name":"stdout","time":1358.369332637,"data":"BIOHUB_RETENTION_GUARD {\"blended_candidates\": 465, \"dataset\": \"44b6_12dfb391\", \"frame\": 47, \"minimum_retention\": 0.9, \"primary_candidates\": 522, \"retention\": 0.8908045977011494, \"use_primary\": true}\n"}
,{"stream_name":"stdout","time":1358.57187603,"data":"BIOHUB_RETENTION_GUARD {\"blended_candidates\": 465, \"dataset\": \"44b6_12dfb391\", \"frame\": 47, \"minimum_retention\": 0.9, \"primary_candidates\": 522, \"retention\": 0.8908045977011494, \"use_primary\": true}\n"}
,{"stream_name":"stdout","time":1359.496463754,"data":"EDGE_TTA_ACTIVE views= 8 mean_abs_feat_delta= 0.361322\n"}
,{"stream_name":"stdout","time":1359.698777809,"data":"EDGE_TTA_ACTIVE views= 8 mean_abs_feat_delta= 0.361322\n"}
,{"stream_name":"stdout","time":1360.001305941,"data":"EDGE_TTA_ACTIVE views= 8 mean_abs_feat_delta= 0.442913\n"}
,{"stream_name":"stdout","time":1360.203758381,"data":"EDGE_TTA_ACTIVE views= 8 mean_abs_feat_delta= 0.442913\n"}
,{"stream_name":"stdout","time":1361.621442372,"data":"EDGE_TTA_ACTIVE views= 8 mean_abs_feat_delta= 0.360613\n"}
,{"stream_name":"stdout","time":1361.824078063,"data":"EDGE_TTA_ACTIVE views= 8 mean_abs_feat_delta= 0.360613\n"}
,{"stream_name":"stdout","time":1361.969796942,"data":"EDGE_TTA_ACTIVE views= 8 mean_abs_feat_delta= 0.483895\n"}
,{"stream_name":"stdout","time":1362.172306034,"data":"EDGE_TTA_ACTIVE views= 8 mean_abs_feat_delta= 0.483895\n"}
,{"stream_name":"stdout","time":1363.714615117,"data":"EDGE_TTA_ACTIVE views= 8 mean_abs_feat_delta= 0.358512\n"}
,{"stream_name":"stdout","time":1363.917166862,"data":"EDGE_TTA_ACTIVE views= 8 mean_abs_feat_delta= 0.437845\n"}
,{"stream_name":"stdout","time":1363.917252409,"data":"EDGE_TTA_ACTIVE views= 8 mean_abs_feat_delta= 0.358512\n"}
,{"stream_name":"stdout","time":1364.119217658,"data":"EDGE_TTA_ACTIVE views= 8 mean_abs_feat_delta= 0.437845\n"}
,{"stream_name":"stdout","time":1365.841733803,"data":"EDGE_TTA_ACTIVE views= 8 mean_abs_feat_delta= 0.360539\n"}
,{"stream_name":"stdout","time":1365.93091589,"data":"EDGE_TTA_ACTIVE views= 8 mean_abs_feat_delta= 0.429644\n"}
,{"stream_name":"stdout","time":1366.04411566,"data":"EDGE_TTA_ACTIVE views= 8 mean_abs_feat_delta= 0.360539\n"}
,{"stream_name":"stdout","time":1366.044140361,"data":"EDGE_TTA_ACTIVE views= 8 mean_abs_feat_delta= 0.429644\n"}
,{"stream_name":"stdout","time":1367.914989354,"data":"EDGE_TTA_ACTIVE views= 8 mean_abs_feat_delta= 0.437956\n"}
,{"stream_name":"stdout","time":1367.962314927,"data":"EDGE_TTA_ACTIVE views= 8 mean_abs_feat_delta= 0.356216\n"}
,{"stream_name":"stdout","time":1368.117566446,"data":"EDGE_TTA_ACTIVE views= 8 mean_abs_feat_delta= 0.437956\n"}
,{"stream_name":"stdout","time":1368.117635504,"data":"EDGE_TTA_ACTIVE views= 8 mean_abs_feat_delta= 0.356216\n"}
,{"stream_name":"stdout","time":1369.941308086,"data":"EDGE_TTA_ACTIVE views= 8 mean_abs_feat_delta= 0.435171\n"}
,{"stream_name":"stdout","time":1370.101332266,"data":"EDGE_TTA_ACTIVE views= 8 mean_abs_feat_delta= 0.355334\n"}
,{"stream_name":"stdout","time":1370.143685794,"data":"EDGE_TTA_ACTIVE views= 8 mean_abs_feat_delta= 0.435171\n"}
,{"stream_name":"stdout","time":1370.143707822,"data":"EDGE_TTA_ACTIVE views= 8 mean_abs_feat_delta= 0.355334\n"}
,{"stream_name":"stdout","time":1371.928840154,"data":"EDGE_TTA_ACTIVE views= 8 mean_abs_feat_delta= 0.419983\n"}
,{"stream_name":"stdout","time":1372.13152234,"data":"EDGE_TTA_ACTIVE views= 8 mean_abs_feat_delta= 0.419983\n"}
,{"stream_name":"stdout","time":1372.210572255,"data":"EDGE_TTA_ACTIVE views= 8 mean_abs_feat_delta= 0.357476\n"}
,{"stream_name":"stdout","time":1372.413011681,"data":"EDGE_TTA_ACTIVE views= 8 mean_abs_feat_delta= 0.357476\n"}
,{"stream_name":"stdout","time":1373.94472959,"data":"EDGE_TTA_ACTIVE views= 8 mean_abs_feat_delta= 0.422604\n"}
,{"stream_name":"stdout","time":1374.147399501,"data":"EDGE_TTA_ACTIVE views= 8 mean_abs_feat_delta= 0.422604\n"}
,{"stream_name":"stdout","time":1374.347261258,"data":"EDGE_TTA_ACTIVE views= 8 mean_abs_feat_delta= 0.358644\n"}
,{"stream_name":"stdout","time":1374.599356074,"data":"EDGE_TTA_ACTIVE views= 8 mean_abs_feat_delta= 0.358644\n"}
,{"stream_name":"stdout","time":1375.303338959,"data":"BIOHUB_RETENTION_GUARD {\"blended_candidates\": 455, \"dataset\": \"44b6_12dfb391\", \"frame\": 55, \"minimum_retention\": 0.9, \"primary_candidates\": 530, \"retention\": 0.8584905660377359, \"use_primary\": true}\n"}
,{"stream_name":"stdout","time":1375.50584954,"data":"BIOHUB_RETENTION_GUARD {\"blended_candidates\": 455, \"dataset\": \"44b6_12dfb391\", \"frame\": 55, \"minimum_retention\": 0.9, \"primary_candidates\": 530, \"retention\": 0.8584905660377359, \"use_primary\": true}\n"}
,{"stream_name":"stdout","time":1375.972353906,"data":"EDGE_TTA_ACTIVE views= 8 mean_abs_feat_delta= 0.431961\n"}
,{"stream_name":"stdout","time":1376.174711447,"data":"EDGE_TTA_ACTIVE views= 8 mean_abs_feat_delta= 0.431961\n"}
,{"stream_name":"stdout","time":1376.437879105,"data":"EDGE_TTA_ACTIVE views= 8 mean_abs_feat_delta= 0.359045\n"}
,{"stream_name":"stdout","time":1376.640192373,"data":"EDGE_TTA_ACTIVE views= 8 mean_abs_feat_delta= 0.359045\n"}
,{"stream_name":"stdout","time":1377.397185127,"data":"BIOHUB_RETENTION_GUARD {\"blended_candidates\": 465, \"dataset\": \"44b6_12dfb391\", \"frame\": 56, \"minimum_retention\": 0.9, \"primary_candidates\": 535, \"retention\": 0.8691588785046729, \"use_primary\": true}\n"}
,{"stream_name":"stdout","time":1377.599604163,"data":"BIOHUB_RETENTION_GUARD {\"blended_candidates\": 465, \"dataset\": \"44b6_12dfb391\", \"frame\": 56, \"minimum_retention\": 0.9, \"primary_candidates\": 535, \"retention\": 0.8691588785046729, \"use_primary\": true}\n"}
,{"stream_name":"stdout","time":1378.032738565,"data":"EDGE_TTA_ACTIVE views= 8 mean_abs_feat_delta= 0.423082\n"}
,{"stream_name":"stdout","time":1378.235148802,"data":"EDGE_TTA_ACTIVE views= 8 mean_abs_feat_delta= 0.423082\n"}
,{"stream_name":"stdout","time":1378.597279927,"data":"EDGE_TTA_ACTIVE views= 8 mean_abs_feat_delta= 0.359291\n"}
,{"stream_name":"stdout","time":1378.799507612,"data":"EDGE_TTA_ACTIVE views= 8 mean_abs_feat_delta= 0.359291\n"}
,{"stream_name":"stdout","time":1379.55606762,"data":"BIOHUB_RETENTION_GUARD {\"blended_candidates\": 459, \"dataset\": \"44b6_12dfb391\", \"frame\": 57, \"minimum_retention\": 0.9, \"primary_candidates\": 521, \"retention\": 0.8809980806142035, \"use_primary\": true}\n"}
,{"stream_name":"stdout","time":1379.758116779,"data":"BIOHUB_RETENTION_GUARD {\"blended_candidates\": 459, \"dataset\": \"44b6_12dfb391\", \"frame\": 57, \"minimum_retention\": 0.9, \"primary_candidates\": 521, \"retention\": 0.8809980806142035, \"use_primary\": true}\n"}
,{"stream_name":"stdout","time":1380.060240124,"data":"EDGE_TTA_ACTIVE views= 8 mean_abs_feat_delta= 0.405131\n"}
,{"stream_name":"stdout","time":1380.26264241,"data":"EDGE_TTA_ACTIVE views= 8 mean_abs_feat_delta= 0.405131\n"}
,{"stream_name":"stdout","time":1380.74149253,"data":"EDGE_TTA_ACTIVE views= 8 mean_abs_feat_delta= 0.359725\n"}
,{"stream_name":"stdout","time":1380.943751387,"data":"EDGE_TTA_ACTIVE views= 8 mean_abs_feat_delta= 0.359725\n"}
,{"stream_name":"stdout","time":1381.698336604,"data":"BIOHUB_RETENTION_GUARD {\"blended_candidates\": 448, \"dataset\": \"44b6_12dfb391\", \"frame\": 58, \"minimum_retention\": 0.9, \"primary_candidates\": 521, \"retention\": 0.8598848368522073, \"use_primary\": true}\n"}
,{"stream_name":"stdout","time":1381.900981655,"data":"BIOHUB_RETENTION_GUARD {\"blended_candidates\": 448, \"dataset\": \"44b6_12dfb391\", \"frame\": 58, \"minimum_retention\": 0.9, \"primary_candidates\": 521, \"retention\": 0.8598848368522073, \"use_primary\": true}\n"}
,{"stream_name":"stdout","time":1382.016331846,"data":"EDGE_TTA_ACTIVE views= 8 mean_abs_feat_delta= 0.413704\n"}
,{"stream_name":"stdout","time":1382.219100758,"data":"EDGE_TTA_ACTIVE views= 8 mean_abs_feat_delta= 0.413704\n"}
,{"stream_name":"stdout","time":1382.892296167,"data":"EDGE_TTA_ACTIVE views= 8 mean_abs_feat_delta= 0.358646\n"}
,{"stream_name":"stdout","time":1383.094687583,"data":"EDGE_TTA_ACTIVE views= 8 mean_abs_feat_delta= 0.358646\n"}
,{"stream_name":"stdout","time":1383.853504722,"data":"BIOHUB_RETENTION_GUARD {\"blended_candidates\": 457, \"dataset\": \"44b6_12dfb391\", \"frame\": 59, \"minimum_retention\": 0.9, \"primary_candidates\": 527, \"retention\": 0.8671726755218216, \"use_primary\": true}\n"}
,{"stream_name":"stdout","time":1384.036835402,"data":"EDGE_TTA_ACTIVE views= 8 mean_abs_feat_delta= 0.412727\n"}
,{"stream_name":"stdout","time":1384.056187543,"data":"BIOHUB_RETENTION_GUARD {\"blended_candidates\": 457, \"dataset\": \"44b6_12dfb391\", \"frame\": 59, \"minimum_retention\": 0.9, \"primary_candidates\": 527, \"retention\": 0.8671726755218216, \"use_primary\": true}\n"}
,{"stream_name":"stdout","time":1384.056222223,"data":"EDGE_TTA_ACTIVE views= 8 mean_abs_feat_delta= 0.412727\n"}
,{"stream_name":"stdout","time":1385.047918104,"data":"EDGE_TTA_ACTIVE views= 8 mean_abs_feat_delta= 0.356109\n"}
,{"stream_name":"stdout","time":1385.250315616,"data":"EDGE_TTA_ACTIVE views= 8 mean_abs_feat_delta= 0.356109\n"}
,{"stream_name":"stdout","time":1385.999057038,"data":"EDGE_TTA_ACTIVE views= 8 mean_abs_feat_delta= 0.405134\n"}
,{"stream_name":"stdout","time":1386.006604643,"data":"BIOHUB_RETENTION_GUARD {\"blended_candidates\": 465, \"dataset\": \"44b6_12dfb391\", \"frame\": 60, \"minimum_retention\": 0.9, \"primary_candidates\": 532, \"retention\": 0.8740601503759399, \"use_primary\": true}\n"}
,{"stream_name":"stdout","time":1386.201211252,"data":"EDGE_TTA_ACTIVE views= 8 mean_abs_feat_delta= 0.405134\n"}
,{"stream_name":"stdout","time":1386.201248722,"data":"BIOHUB_RETENTION_GUARD {\"blended_candidates\": 465, \"dataset\": \"44b6_12dfb391\", \"frame\": 60, \"minimum_retention\": 0.9, \"primary_candidates\": 532, \"retention\": 0.8740601503759399, \"use_primary\": true}\n"}
,{"stream_name":"stdout","time":1387.176009925,"data":"EDGE_TTA_ACTIVE views= 8 mean_abs_feat_delta= 0.35642\n"}
,{"stream_name":"stdout","time":1387.378593798,"data":"EDGE_TTA_ACTIVE views= 8 mean_abs_feat_delta= 0.35642\n"}
,{"stream_name":"stdout","time":1388.02063091,"data":"EDGE_TTA_ACTIVE views= 8 mean_abs_feat_delta= 0.398262\n"}
,{"stream_name":"stdout","time":1388.129780689,"data":"BIOHUB_RETENTION_GUARD {\"blended_candidates\": 445, \"dataset\": \"44b6_12dfb391\", \"frame\": 61, \"minimum_retention\": 0.9, \"primary_candidates\": 533, \"retention\": 0.8348968105065666, \"use_primary\": true}\n"}
,{"stream_name":"stdout","time":1388.222711376,"data":"EDGE_TTA_ACTIVE views= 8 mean_abs_feat_delta= 0.398262\n"}
,{"stream_name":"stdout","time":1388.222734357,"data":"BIOHUB_RETENTION_GUARD {\"blended_candidates\": 445, \"dataset\": \"44b6_12dfb391\", \"frame\": 61, \"minimum_retention\": 0.9, \"primary_candidates\": 533, \"retention\": 0.8348968105065666, \"use_primary\": true}\n"}
,{"stream_name":"stdout","time":1389.29606298,"data":"EDGE_TTA_ACTIVE views= 8 mean_abs_feat_delta= 0.355479\n"}
,{"stream_name":"stdout","time":1389.498395734,"data":"EDGE_TTA_ACTIVE views= 8 mean_abs_feat_delta= 0.355479\n"}
,{"stream_name":"stdout","time":1390.011675116,"data":"EDGE_TTA_ACTIVE views= 8 mean_abs_feat_delta= 0.405184\n"}
,{"stream_name":"stdout","time":1390.214470303,"data":"EDGE_TTA_ACTIVE views= 8 mean_abs_feat_delta= 0.405184\n"}
,{"stream_name":"stdout","time":1390.257401864,"data":"BIOHUB_RETENTION_GUARD {\"blended_candidates\": 479, \"dataset\": \"44b6_12dfb391\", \"frame\": 62, \"minimum_retention\": 0.9, \"primary_candidates\": 545, \"retention\": 0.8788990825688073, \"use_primary\": true}\n"}
,{"stream_name":"stdout","time":1390.459460474,"data":"BIOHUB_RETENTION_GUARD {\"blended_candidates\": 479, \"dataset\": \"44b6_12dfb391\", \"frame\": 62, \"minimum_retention\": 0.9, \"primary_candidates\": 545, \"retention\": 0.8788990825688073, \"use_primary\": true}\n"}
,{"stream_name":"stdout","time":1391.541558473,"data":"EDGE_TTA_ACTIVE views= 8 mean_abs_feat_delta= 0.356088\n"}
,{"stream_name":"stdout","time":1391.7437594,"data":"EDGE_TTA_ACTIVE views= 8 mean_abs_feat_delta= 0.356088\n"}
,{"stream_name":"stdout","time":1392.032266327,"data":"EDGE_TTA_ACTIVE views= 8 mean_abs_feat_delta= 0.397428\n"}
,{"stream_name":"stdout","time":1392.235144704,"data":"EDGE_TTA_ACTIVE views= 8 mean_abs_feat_delta= 0.397428\n"}
,{"stream_name":"stdout","time":1392.500117097,"data":"BIOHUB_RETENTION_GUARD {\"blended_candidates\": 482, \"dataset\": \"44b6_12dfb391\", \"frame\": 63, \"minimum_retention\": 0.9, \"primary_candidates\": 547, \"retention\": 0.8811700182815356, \"use_primary\": true}\n"}
,{"stream_name":"stdout","time":1392.702725867,"data":"BIOHUB_RETENTION_GUARD {\"blended_candidates\": 482, \"dataset\": \"44b6_12dfb391\", \"frame\": 63, \"minimum_retention\": 0.9, \"primary_candidates\": 547, \"retention\": 0.8811700182815356, \"use_primary\": true}\n"}
,{"stream_name":"stdout","time":1393.704970848,"data":"EDGE_TTA_ACTIVE views= 8 mean_abs_feat_delta= 0.362967\n"}
,{"stream_name":"stdout","time":1393.907555106,"data":"EDGE_TTA_ACTIVE views= 8 mean_abs_feat_delta= 0.362967\n"}
,{"stream_name":"stdout","time":1394.024235756,"data":"EDGE_TTA_ACTIVE views= 8 mean_abs_feat_delta= 0.403578\n"}
,{"stream_name":"stdout","time":1394.226711258,"data":"EDGE_TTA_ACTIVE views= 8 mean_abs_feat_delta= 0.403578\n"}
,{"stream_name":"stdout","time":1394.660773157,"data":"BIOHUB_RETENTION_GUARD {\"blended_candidates\": 488, \"dataset\": \"44b6_12dfb391\", \"frame\": 64, \"minimum_retention\": 0.9, \"primary_candidates\": 543, \"retention\": 0.8987108655616943, \"use_primary\": true}\n"}
,{"stream_name":"stdout","time":1394.86322289,"data":"BIOHUB_RETENTION_GUARD {\"blended_candidates\": 488, \"dataset\": \"44b6_12dfb391\", \"frame\": 64, \"minimum_retention\": 0.9, \"primary_candidates\": 543, \"retention\": 0.8987108655616943, \"use_primary\": true}\n"}
,{"stream_name":"stdout","time":1395.868425301,"data":"EDGE_TTA_ACTIVE views= 8 mean_abs_feat_delta= 0.362953\n"}
,{"stream_name":"stdout","time":1395.985718026,"data":"EDGE_TTA_ACTIVE views= 8 mean_abs_feat_delta= 0.39715\n"}
,{"stream_name":"stdout","time":1396.070964816,"data":"EDGE_TTA_ACTIVE views= 8 mean_abs_feat_delta= 0.362953\n"}
,{"stream_name":"stdout","time":1396.070987141,"data":"EDGE_TTA_ACTIVE views= 8 mean_abs_feat_delta= 0.39715\n"}
,{"stream_name":"stdout","time":1396.821931945,"data":"BIOHUB_RETENTION_GUARD {\"blended_candidates\": 486, \"dataset\": \"44b6_12dfb391\", \"frame\": 65, \"minimum_retention\": 0.9, \"primary_candidates\": 548, \"retention\": 0.8868613138686131, \"use_primary\": true}\n"}
,{"stream_name":"stdout","time":1397.024074542,"data":"BIOHUB_RETENTION_GUARD {\"blended_candidates\": 486, \"dataset\": \"44b6_12dfb391\", \"frame\": 65, \"minimum_retention\": 0.9, \"primary_candidates\": 548, \"retention\": 0.8868613138686131, \"use_primary\": true}\n"}
,{"stream_name":"stdout","time":1397.949030238,"data":"EDGE_TTA_ACTIVE views= 8 mean_abs_feat_delta= 0.39881\n"}
,{"stream_name":"stdout","time":1398.042712241,"data":"EDGE_TTA_ACTIVE views= 8 mean_abs_feat_delta= 0.360078\n"}
,{"stream_name":"stdout","time":1398.151205027,"data":"EDGE_TTA_ACTIVE views= 8 mean_abs_feat_delta= 0.39881\n"}
,{"stream_name":"stdout","time":1398.151228494,"data":"EDGE_TTA_ACTIVE views= 8 mean_abs_feat_delta= 0.360078\n"}
,{"stream_name":"stdout","time":1399.910615669,"data":"EDGE_TTA_ACTIVE views= 8 mean_abs_feat_delta= 0.395142\n"}
,{"stream_name":"stdout","time":1400.113050005,"data":"EDGE_TTA_ACTIVE views= 8 mean_abs_feat_delta= 0.395142\n"}
,{"stream_name":"stdout","time":1400.213871745,"data":"EDGE_TTA_ACTIVE views= 8 mean_abs_feat_delta= 0.362617\n"}
,{"stream_name":"stdout","time":1400.416256018,"data":"EDGE_TTA_ACTIVE views= 8 mean_abs_feat_delta= 0.362617\n"}
,{"stream_name":"stdout","time":1401.898545411,"data":"EDGE_TTA_ACTIVE views= 8 mean_abs_feat_delta= 0.389444\n"}
,{"stream_name":"stdout","time":1402.101147512,"data":"EDGE_TTA_ACTIVE views= 8 mean_abs_feat_delta= 0.389444\n"}
,{"stream_name":"stdout","time":1402.346264516,"data":"EDGE_TTA_ACTIVE views= 8 mean_abs_feat_delta= 0.366399\n"}
,{"stream_name":"stdout","time":1402.548747505,"data":"EDGE_TTA_ACTIVE views= 8 mean_abs_feat_delta= 0.366399\n"}
,{"stream_name":"stdout","time":1403.297969227,"data":"BIOHUB_RETENTION_GUARD {\"blended_candidates\": 497, \"dataset\": \"44b6_12dfb391\", \"frame\": 68, \"minimum_retention\": 0.9, \"primary_candidates\": 557, \"retention\": 0.8922800718132855, \"use_primary\": true}\n"}
,{"stream_name":"stdout","time":1403.500571604,"data":"BIOHUB_RETENTION_GUARD {\"blended_candidates\": 497, \"dataset\": \"44b6_12dfb391\", \"frame\": 68, \"minimum_retention\": 0.9, \"primary_candidates\": 557, \"retention\": 0.8922800718132855, \"use_primary\": true}\n"}
,{"stream_name":"stdout","time":1403.911595453,"data":"EDGE_TTA_ACTIVE views= 8 mean_abs_feat_delta= 0.407984\n"}
,{"stream_name":"stdout","time":1404.113975267,"data":"EDGE_TTA_ACTIVE views= 8 mean_abs_feat_delta= 0.407984\n"}
,{"stream_name":"stdout","time":1404.486101445,"data":"EDGE_TTA_ACTIVE views= 8 mean_abs_feat_delta= 0.368337\n"}
,{"stream_name":"stdout","time":1404.738078206,"data":"EDGE_TTA_ACTIVE views= 8 mean_abs_feat_delta= 0.368337\n"}
,{"stream_name":"stdout","time":1405.439507339,"data":"BIOHUB_RETENTION_GUARD {\"blended_candidates\": 478, \"dataset\": \"44b6_12dfb391\", \"frame\": 69, \"minimum_retention\": 0.9, \"primary_candidates\": 573, \"retention\": 0.8342059336823735, \"use_primary\": true}\n"}
,{"stream_name":"stdout","time":1405.642304446,"data":"BIOHUB_RETENTION_GUARD {\"blended_candidates\": 478, \"dataset\": \"44b6_12dfb391\", \"frame\": 69, \"minimum_retention\": 0.9, \"primary_candidates\": 573, \"retention\": 0.8342059336823735, \"use_primary\": true}\n"}
,{"stream_name":"stdout","time":1405.923238735,"data":"EDGE_TTA_ACTIVE views= 8 mean_abs_feat_delta= 0.401835\n"}
,{"stream_name":"stdout","time":1406.125638592,"data":"EDGE_TTA_ACTIVE views= 8 mean_abs_feat_delta= 0.401835\n"}
,{"stream_name":"stdout","time":1406.613348746,"data":"EDGE_TTA_ACTIVE views= 8 mean_abs_feat_delta= 0.370456\n"}
,{"stream_name":"stdout","time":1406.815934015,"data":"EDGE_TTA_ACTIVE views= 8 mean_abs_feat_delta= 0.370456\n"}
,{"stream_name":"stdout","time":1407.564553581,"data":"BIOHUB_RETENTION_GUARD {\"blended_candidates\": 468, \"dataset\": \"44b6_12dfb391\", \"frame\": 70, \"minimum_retention\": 0.9, \"primary_candidates\": 542, \"retention\": 0.8634686346863468, \"use_primary\": true}\n"}
,{"stream_name":"stdout","time":1407.766693487,"data":"BIOHUB_RETENTION_GUARD {\"blended_candidates\": 468, \"dataset\": \"44b6_12dfb391\", \"frame\": 70, \"minimum_retention\": 0.9, \"primary_candidates\": 542, \"retention\": 0.8634686346863468, \"use_primary\": true}\n"}
,{"stream_name":"stdout","time":1407.886524377,"data":"EDGE_TTA_ACTIVE views= 8 mean_abs_feat_delta= 0.393714\n"}
,{"stream_name":"stdout","time":1408.08895116,"data":"EDGE_TTA_ACTIVE views= 8 mean_abs_feat_delta= 0.393714\n"}
,{"stream_name":"stdout","time":1408.785077385,"data":"EDGE_TTA_ACTIVE views= 8 mean_abs_feat_delta= 0.36679\n"}
,{"stream_name":"stdout","time":1408.988373383,"data":"EDGE_TTA_ACTIVE views= 8 mean_abs_feat_delta= 0.36679\n"}
,{"stream_name":"stdout","time":1409.734954179,"data":"BIOHUB_RETENTION_GUARD {\"blended_candidates\": 477, \"dataset\": \"44b6_12dfb391\", \"frame\": 71, \"minimum_retention\": 0.9, \"primary_candidates\": 560, \"retention\": 0.8517857142857143, \"use_primary\": true}\n"}
,{"stream_name":"stdout","time":1409.908217753,"data":"EDGE_TTA_ACTIVE views= 8 mean_abs_feat_delta= 0.376572\n"}
,{"stream_name":"stdout","time":1409.937265084,"data":"BIOHUB_RETENTION_GUARD {\"blended_candidates\": 477, \"dataset\": \"44b6_12dfb391\", \"frame\": 71, \"minimum_retention\": 0.9, \"primary_candidates\": 560, \"retention\": 0.8517857142857143, \"use_primary\": true}\n"}
,{"stream_name":"stdout","time":1409.937298927,"data":"EDGE_TTA_ACTIVE views= 8 mean_abs_feat_delta= 0.376572\n"}
,{"stream_name":"stdout","time":1410.993346909,"data":"EDGE_TTA_ACTIVE views= 8 mean_abs_feat_delta= 0.369392\n"}
,{"stream_name":"stdout","time":1411.196066968,"data":"EDGE_TTA_ACTIVE views= 8 mean_abs_feat_delta= 0.369392\n"}
,{"stream_name":"stdout","time":1411.921837859,"data":"EDGE_TTA_ACTIVE views= 8 mean_abs_feat_delta= 0.376137\n"}
,{"stream_name":"stdout","time":1411.941857141,"data":"BIOHUB_RETENTION_GUARD {\"blended_candidates\": 482, \"dataset\": \"44b6_12dfb391\", \"frame\": 72, \"minimum_retention\": 0.9, \"primary_candidates\": 562, \"retention\": 0.8576512455516014, \"use_primary\": true}\n"}
,{"stream_name":"stdout","time":1412.123275984,"data":"EDGE_TTA_ACTIVE views= 8 mean_abs_feat_delta= 0.376137\n"}
,{"stream_name":"stdout","time":1412.12331041,"data":"BIOHUB_RETENTION_GUARD {\"blended_candidates\": 482, \"dataset\": \"44b6_12dfb391\", \"frame\": 72, \"minimum_retention\": 0.9, \"primary_candidates\": 562, \"retention\": 0.8576512455516014, \"use_primary\": true}\n"}
,{"stream_name":"stdout","time":1413.140528112,"data":"EDGE_TTA_ACTIVE views= 8 mean_abs_feat_delta= 0.370711\n"}
,{"stream_name":"stdout","time":1413.342704485,"data":"EDGE_TTA_ACTIVE views= 8 mean_abs_feat_delta= 0.370711\n"}
,{"stream_name":"stdout","time":1413.911964636,"data":"EDGE_TTA_ACTIVE views= 8 mean_abs_feat_delta= 0.371576\n"}
,{"stream_name":"stdout","time":1414.114709537,"data":"EDGE_TTA_ACTIVE views= 8 mean_abs_feat_delta= 0.371576\n"}
,{"stream_name":"stdout","time":1415.301904756,"data":"EDGE_TTA_ACTIVE views= 8 mean_abs_feat_delta= 0.371117\n"}
,{"stream_name":"stdout","time":1415.50463585,"data":"EDGE_TTA_ACTIVE views= 8 mean_abs_feat_delta= 0.371117\n"}
,{"stream_name":"stdout","time":1415.865383196,"data":"EDGE_TTA_ACTIVE views= 8 mean_abs_feat_delta= 0.375563\n"}
,{"stream_name":"stdout","time":1416.067811399,"data":"EDGE_TTA_ACTIVE views= 8 mean_abs_feat_delta= 0.375563\n"}
,{"stream_name":"stdout","time":1416.252055887,"data":"BIOHUB_RETENTION_GUARD {\"blended_candidates\": 495, \"dataset\": \"44b6_12dfb391\", \"frame\": 74, \"minimum_retention\": 0.9, \"primary_candidates\": 569, \"retention\": 0.8699472759226714, \"use_primary\": true}\n"}
,{"stream_name":"stdout","time":1416.454618098,"data":"BIOHUB_RETENTION_GUARD {\"blended_candidates\": 495, \"dataset\": \"44b6_12dfb391\", \"frame\": 74, \"minimum_retention\": 0.9, \"primary_candidates\": 569, \"retention\": 0.8699472759226714, \"use_primary\": true}\n"}
,{"stream_name":"stdout","time":1417.416892546,"data":"EDGE_TTA_ACTIVE views= 8 mean_abs_feat_delta= 0.374827\n"}
,{"stream_name":"stdout","time":1417.619390246,"data":"EDGE_TTA_ACTIVE views= 8 mean_abs_feat_delta= 0.374827\n"}
,{"stream_name":"stdout","time":1417.889176632,"data":"EDGE_TTA_ACTIVE views= 8 mean_abs_feat_delta= 0.375045\n"}
,{"stream_name":"stdout","time":1418.091316768,"data":"EDGE_TTA_ACTIVE views= 8 mean_abs_feat_delta= 0.375045\n"}
,{"stream_name":"stdout","time":1418.363964735,"data":"BIOHUB_RETENTION_GUARD {\"blended_candidates\": 459, \"dataset\": \"44b6_12dfb391\", \"frame\": 75, \"minimum_retention\": 0.9, \"primary_candidates\": 564, \"retention\": 0.8138297872340425, \"use_primary\": true}\n"}
,{"stream_name":"stdout","time":1418.566363396,"data":"BIOHUB_RETENTION_GUARD {\"blended_candidates\": 459, \"dataset\": \"44b6_12dfb391\", \"frame\": 75, \"minimum_retention\": 0.9, \"primary_candidates\": 564, \"retention\": 0.8138297872340425, \"use_primary\": true}\n"}
,{"stream_name":"stdout","time":1419.54819019,"data":"EDGE_TTA_ACTIVE views= 8 mean_abs_feat_delta= 0.369824\n"}
,{"stream_name":"stdout","time":1419.750838007,"data":"EDGE_TTA_ACTIVE views= 8 mean_abs_feat_delta= 0.369824\n"}
,{"stream_name":"stdout","time":1419.901308316,"data":"EDGE_TTA_ACTIVE views= 8 mean_abs_feat_delta= 0.369404\n"}
,{"stream_name":"stdout","time":1420.103898834,"data":"EDGE_TTA_ACTIVE views= 8 mean_abs_feat_delta= 0.369404\n"}
,{"stream_name":"stdout","time":1420.493919278,"data":"BIOHUB_RETENTION_GUARD {\"blended_candidates\": 491, \"dataset\": \"44b6_12dfb391\", \"frame\": 76, \"minimum_retention\": 0.9, \"primary_candidates\": 590, \"retention\": 0.8322033898305085, \"use_primary\": true}\n"}
,{"stream_name":"stdout","time":1420.696754798,"data":"BIOHUB_RETENTION_GUARD {\"blended_candidates\": 491, \"dataset\": \"44b6_12dfb391\", \"frame\": 76, \"minimum_retention\": 0.9, \"primary_candidates\": 590, \"retention\": 0.8322033898305085, \"use_primary\": true}\n"}
,{"stream_name":"stdout","time":1421.762859215,"data":"EDGE_TTA_ACTIVE views= 8 mean_abs_feat_delta= 0.366406\n"}
,{"stream_name":"stdout","time":1421.913755788,"data":"EDGE_TTA_ACTIVE views= 8 mean_abs_feat_delta= 0.382726\n"}
,{"stream_name":"stdout","time":1421.965386837,"data":"EDGE_TTA_ACTIVE views= 8 mean_abs_feat_delta= 0.366406\n"}
,{"stream_name":"stdout","time":1421.965414053,"data":"EDGE_TTA_ACTIVE views= 8 mean_abs_feat_delta= 0.382726\n"}
,{"stream_name":"stdout","time":1422.706719531,"data":"BIOHUB_RETENTION_GUARD {\"blended_candidates\": 496, \"dataset\": \"44b6_12dfb391\", \"frame\": 77, \"minimum_retention\": 0.9, \"primary_candidates\": 577, \"retention\": 0.8596187175043327, \"use_primary\": true}\n"}
,{"stream_name":"stdout","time":1422.908503665,"data":"BIOHUB_RETENTION_GUARD {\"blended_candidates\": 496, \"dataset\": \"44b6_12dfb391\", \"frame\": 77, \"minimum_retention\": 0.9, \"primary_candidates\": 577, \"retention\": 0.8596187175043327, \"use_primary\": true}\n"}
,{"stream_name":"stdout","time":1423.903039649,"data":"EDGE_TTA_ACTIVE views= 8 mean_abs_feat_delta= 0.386932\n"}
,{"stream_name":"stdout","time":1423.940924364,"data":"EDGE_TTA_ACTIVE views= 8 mean_abs_feat_delta= 0.366048\n"}
,{"stream_name":"stdout","time":1424.105291525,"data":"EDGE_TTA_ACTIVE views= 8 mean_abs_feat_delta= 0.386932\n"}
,{"stream_name":"stdout","time":1424.10531087,"data":"EDGE_TTA_ACTIVE views= 8 mean_abs_feat_delta= 0.366048\n"}
,{"stream_name":"stdout","time":1424.888570793,"data":"BIOHUB_RETENTION_GUARD {\"blended_candidates\": 515, \"dataset\": \"44b6_12dfb391\", \"frame\": 78, \"minimum_retention\": 0.9, \"primary_candidates\": 592, \"retention\": 0.8699324324324325, \"use_primary\": true}\n"}
,{"stream_name":"stdout","time":1425.090622996,"data":"BIOHUB_RETENTION_GUARD {\"blended_candidates\": 515, \"dataset\": \"44b6_12dfb391\", \"frame\": 78, \"minimum_retention\": 0.9, \"primary_candidates\": 592, \"retention\": 0.8699324324324325, \"use_primary\": true}\n"}
,{"stream_name":"stdout","time":1425.894390767,"data":"EDGE_TTA_ACTIVE views= 8 mean_abs_feat_delta= 0.390535\n"}
,{"stream_name":"stdout","time":1426.068949275,"data":"EDGE_TTA_ACTIVE views= 8 mean_abs_feat_delta= 0.361804\n"}
,{"stream_name":"stdout","time":1426.0967874,"data":"EDGE_TTA_ACTIVE views= 8 mean_abs_feat_delta= 0.390535\n"}
,{"stream_name":"stdout","time":1426.096813352,"data":"EDGE_TTA_ACTIVE views= 8 mean_abs_feat_delta= 0.361804\n"}
,{"stream_name":"stdout","time":1427.873994126,"data":"EDGE_TTA_ACTIVE views= 8 mean_abs_feat_delta= 0.382476\n"}
,{"stream_name":"stdout","time":1428.076530511,"data":"EDGE_TTA_ACTIVE views= 8 mean_abs_feat_delta= 0.382476\n"}
,{"stream_name":"stdout","time":1428.193249268,"data":"EDGE_TTA_ACTIVE views= 8 mean_abs_feat_delta= 0.364081\n"}
,{"stream_name":"stdout","time":1428.395345987,"data":"EDGE_TTA_ACTIVE views= 8 mean_abs_feat_delta= 0.364081\n"}
,{"stream_name":"stdout","time":1429.897185632,"data":"EDGE_TTA_ACTIVE views= 8 mean_abs_feat_delta= 0.369703\n"}
,{"stream_name":"stdout","time":1430.099599787,"data":"EDGE_TTA_ACTIVE views= 8 mean_abs_feat_delta= 0.369703\n"}
,{"stream_name":"stdout","time":1430.301260521,"data":"EDGE_TTA_ACTIVE views= 8 mean_abs_feat_delta= 0.36817\n"}
,{"stream_name":"stdout","time":1430.503587767,"data":"EDGE_TTA_ACTIVE views= 8 mean_abs_feat_delta= 0.36817\n"}
,{"stream_name":"stdout","time":1431.241595524,"data":"BIOHUB_RETENTION_GUARD {\"blended_candidates\": 531, \"dataset\": \"44b6_12dfb391\", \"frame\": 81, \"minimum_retention\": 0.9, \"primary_candidates\": 598, \"retention\": 0.8879598662207357, \"use_primary\": true}\n"}
,{"stream_name":"stdout","time":1431.443921061,"data":"BIOHUB_RETENTION_GUARD {\"blended_candidates\": 531, \"dataset\": \"44b6_12dfb391\", \"frame\": 81, \"minimum_retention\": 0.9, \"primary_candidates\": 598, \"retention\": 0.8879598662207357, \"use_primary\": true}\n"}
,{"stream_name":"stdout","time":1431.89072043,"data":"EDGE_TTA_ACTIVE views= 8 mean_abs_feat_delta= 0.371279\n"}
,{"stream_name":"stdout","time":1432.093811957,"data":"EDGE_TTA_ACTIVE views= 8 mean_abs_feat_delta= 0.371279\n"}
,{"stream_name":"stdout","time":1432.472310568,"data":"EDGE_TTA_ACTIVE views= 8 mean_abs_feat_delta= 0.36931\n"}
,{"stream_name":"stdout","time":1432.674959928,"data":"EDGE_TTA_ACTIVE views= 8 mean_abs_feat_delta= 0.36931\n"}
,{"stream_name":"stdout","time":1433.888948022,"data":"EDGE_TTA_ACTIVE views= 8 mean_abs_feat_delta= 0.368131\n"}
,{"stream_name":"stdout","time":1434.091124542,"data":"EDGE_TTA_ACTIVE views= 8 mean_abs_feat_delta= 0.368131\n"}
,{"stream_name":"stdout","time":1434.592422302,"data":"EDGE_TTA_ACTIVE views= 8 mean_abs_feat_delta= 0.372689\n"}
,{"stream_name":"stdout","time":1434.847314792,"data":"EDGE_TTA_ACTIVE views= 8 mean_abs_feat_delta= 0.372689\n"}
,{"stream_name":"stdout","time":1435.534614273,"data":"BIOHUB_RETENTION_GUARD {\"blended_candidates\": 477, \"dataset\": \"44b6_12dfb391\", \"frame\": 83, \"minimum_retention\": 0.9, \"primary_candidates\": 565, \"retention\": 0.8442477876106195, \"use_primary\": true}\n"}
,{"stream_name":"stdout","time":1435.73704163,"data":"BIOHUB_RETENTION_GUARD {\"blended_candidates\": 477, \"dataset\": \"44b6_12dfb391\", \"frame\": 83, \"minimum_retention\": 0.9, \"primary_candidates\": 565, \"retention\": 0.8442477876106195, \"use_primary\": true}\n"}
,{"stream_name":"stdout","time":1435.919588334,"data":"EDGE_TTA_ACTIVE views= 8 mean_abs_feat_delta= 0.387366\n"}
,{"stream_name":"stdout","time":1436.122128059,"data":"EDGE_TTA_ACTIVE views= 8 mean_abs_feat_delta= 0.387366\n"}
,{"stream_name":"stdout","time":1436.755284371,"data":"EDGE_TTA_ACTIVE views= 8 mean_abs_feat_delta= 0.372171\n"}
,{"stream_name":"stdout","time":1436.957638888,"data":"EDGE_TTA_ACTIVE views= 8 mean_abs_feat_delta= 0.372171\n"}
,{"stream_name":"stdout","time":1437.700758166,"data":"BIOHUB_RETENTION_GUARD {\"blended_candidates\": 505, \"dataset\": \"44b6_12dfb391\", \"frame\": 84, \"minimum_retention\": 0.9, \"primary_candidates\": 575, \"retention\": 0.8782608695652174, \"use_primary\": true}\n"}
,{"stream_name":"stdout","time":1437.903170048,"data":"BIOHUB_RETENTION_GUARD {\"blended_candidates\": 505, \"dataset\": \"44b6_12dfb391\", \"frame\": 84, \"minimum_retention\": 0.9, \"primary_candidates\": 575, \"retention\": 0.8782608695652174, \"use_primary\": true}\n"}
,{"stream_name":"stdout","time":1437.955068694,"data":"EDGE_TTA_ACTIVE views= 8 mean_abs_feat_delta= 0.386235\n"}
,{"stream_name":"stdout","time":1438.157598377,"data":"EDGE_TTA_ACTIVE views= 8 mean_abs_feat_delta= 0.386235\n"}
,{"stream_name":"stdout","time":1438.916244303,"data":"EDGE_TTA_ACTIVE views= 8 mean_abs_feat_delta= 0.37446\n"}
,{"stream_name":"stdout","time":1439.11871231,"data":"EDGE_TTA_ACTIVE views= 8 mean_abs_feat_delta= 0.37446\n"}
,{"stream_name":"stdout","time":1439.923248516,"data":"EDGE_TTA_ACTIVE views= 8 mean_abs_feat_delta= 0.390805\n"}
,{"stream_name":"stdout","time":1440.125816385,"data":"EDGE_TTA_ACTIVE views= 8 mean_abs_feat_delta= 0.390805\n"}
,{"stream_name":"stdout","time":1441.012826528,"data":"EDGE_TTA_ACTIVE views= 8 mean_abs_feat_delta= 0.374205\n"}
,{"stream_name":"stdout","time":1441.214068307,"data":"EDGE_TTA_ACTIVE views= 8 mean_abs_feat_delta= 0.374205\n"}
,{"stream_name":"stdout","time":1441.93797743,"data":"EDGE_TTA_ACTIVE views= 8 mean_abs_feat_delta= 0.39922\n"}
,{"stream_name":"stdout","time":1441.958110848,"data":"BIOHUB_RETENTION_GUARD {\"blended_candidates\": 525, \"dataset\": \"44b6_12dfb391\", \"frame\": 86, \"minimum_retention\": 0.9, \"primary_candidates\": 585, \"retention\": 0.8974358974358975, \"use_primary\": true}\n"}
,{"stream_name":"stdout","time":1442.140538762,"data":"EDGE_TTA_ACTIVE views= 8 mean_abs_feat_delta= 0.39922\n"}
,{"stream_name":"stdout","time":1442.140593953,"data":"BIOHUB_RETENTION_GUARD {\"blended_candidates\": 525, \"dataset\": \"44b6_12dfb391\", \"frame\": 86, \"minimum_retention\": 0.9, \"primary_candidates\": 585, \"retention\": 0.8974358974358975, \"use_primary\": true}\n"}
,{"stream_name":"stdout","time":1443.164959397,"data":"EDGE_TTA_ACTIVE views= 8 mean_abs_feat_delta= 0.372115\n"}
,{"stream_name":"stdout","time":1443.367387745,"data":"EDGE_TTA_ACTIVE views= 8 mean_abs_feat_delta= 0.372115\n"}
,{"stream_name":"stdout","time":1443.971934083,"data":"EDGE_TTA_ACTIVE views= 8 mean_abs_feat_delta= 0.396234\n"}
,{"stream_name":"stdout","time":1444.17460891,"data":"EDGE_TTA_ACTIVE views= 8 mean_abs_feat_delta= 0.396234\n"}
,{"stream_name":"stdout","time":1445.2975489,"data":"EDGE_TTA_ACTIVE views= 8 mean_abs_feat_delta= 0.373353\n"}
,{"stream_name":"stdout","time":1445.499881103,"data":"EDGE_TTA_ACTIVE views= 8 mean_abs_feat_delta= 0.373353\n"}
,{"stream_name":"stdout","time":1445.975029929,"data":"EDGE_TTA_ACTIVE views= 8 mean_abs_feat_delta= 0.396259\n"}
,{"stream_name":"stdout","time":1446.177380627,"data":"EDGE_TTA_ACTIVE views= 8 mean_abs_feat_delta= 0.396259\n"}
,{"stream_name":"stdout","time":1447.423444416,"data":"EDGE_TTA_ACTIVE views= 8 mean_abs_feat_delta= 0.376052\n"}
,{"stream_name":"stdout","time":1447.625882181,"data":"EDGE_TTA_ACTIVE views= 8 mean_abs_feat_delta= 0.376052\n"}
,{"stream_name":"stdout","time":1447.954057982,"data":"EDGE_TTA_ACTIVE views= 8 mean_abs_feat_delta= 0.375424\n"}
,{"stream_name":"stdout","time":1448.156550994,"data":"EDGE_TTA_ACTIVE views= 8 mean_abs_feat_delta= 0.375424\n"}
,{"stream_name":"stdout","time":1448.372641115,"data":"BIOHUB_RETENTION_GUARD {\"blended_candidates\": 527, \"dataset\": \"44b6_12dfb391\", \"frame\": 89, \"minimum_retention\": 0.9, \"primary_candidates\": 614, \"retention\": 0.8583061889250815, \"use_primary\": true}\n"}
,{"stream_name":"stdout","time":1448.574724433,"data":"BIOHUB_RETENTION_GUARD {\"blended_candidates\": 527, \"dataset\": \"44b6_12dfb391\", \"frame\": 89, \"minimum_retention\": 0.9, \"primary_candidates\": 614, \"retention\": 0.8583061889250815, \"use_primary\": true}\n"}
,{"stream_name":"stdout","time":1449.56497273,"data":"EDGE_TTA_ACTIVE views= 8 mean_abs_feat_delta= 0.379938\n"}
,{"stream_name":"stdout","time":1449.767767991,"data":"EDGE_TTA_ACTIVE views= 8 mean_abs_feat_delta= 0.379938\n"}
,{"stream_name":"stdout","time":1449.962480037,"data":"EDGE_TTA_ACTIVE views= 8 mean_abs_feat_delta= 0.369611\n"}
,{"stream_name":"stdout","time":1450.164965897,"data":"EDGE_TTA_ACTIVE views= 8 mean_abs_feat_delta= 0.369611\n"}
,{"stream_name":"stdout","time":1450.513603283,"data":"BIOHUB_RETENTION_GUARD {\"blended_candidates\": 514, \"dataset\": \"44b6_12dfb391\", \"frame\": 90, \"minimum_retention\": 0.9, \"primary_candidates\": 598, \"retention\": 0.8595317725752508, \"use_primary\": true}\n"}
,{"stream_name":"stdout","time":1450.715862966,"data":"BIOHUB_RETENTION_GUARD {\"blended_candidates\": 514, \"dataset\": \"44b6_12dfb391\", \"frame\": 90, \"minimum_retention\": 0.9, \"primary_candidates\": 598, \"retention\": 0.8595317725752508, \"use_primary\": true}\n"}
,{"stream_name":"stdout","time":1451.802753049,"data":"EDGE_TTA_ACTIVE views= 8 mean_abs_feat_delta= 0.380801\n"}
,{"stream_name":"stdout","time":1452.005208684,"data":"EDGE_TTA_ACTIVE views= 8 mean_abs_feat_delta= 0.380801\n"}
,{"stream_name":"stdout","time":1452.007184963,"data":"EDGE_TTA_ACTIVE views= 8 mean_abs_feat_delta= 0.359893\n"}
,{"stream_name":"stdout","time":1452.209733915,"data":"EDGE_TTA_ACTIVE views= 8 mean_abs_feat_delta= 0.359893\n"}
,{"stream_name":"stdout","time":1452.751937378,"data":"BIOHUB_RETENTION_GUARD {\"blended_candidates\": 539, \"dataset\": \"44b6_12dfb391\", \"frame\": 91, \"minimum_retention\": 0.9, \"primary_candidates\": 606, \"retention\": 0.8894389438943895, \"use_primary\": true}\n"}
,{"stream_name":"stdout","time":1452.954443637,"data":"BIOHUB_RETENTION_GUARD {\"blended_candidates\": 539, \"dataset\": \"44b6_12dfb391\", \"frame\": 91, \"minimum_retention\": 0.9, \"primary_candidates\": 606, \"retention\": 0.8894389438943895, \"use_primary\": true}\n"}
,{"stream_name":"stdout","time":1453.992173691,"data":"EDGE_TTA_ACTIVE views= 8 mean_abs_feat_delta= 0.38522\n"}
,{"stream_name":"stdout","time":1454.195072045,"data":"EDGE_TTA_ACTIVE views= 8 mean_abs_feat_delta= 0.38522\n"}
,{"stream_name":"stdout","time":1456.311524098,"data":"EDGE_TTA_ACTIVE views= 8 mean_abs_feat_delta= 0.388166\n"}
,{"stream_name":"stdout","time":1456.514219853,"data":"EDGE_TTA_ACTIVE views= 8 mean_abs_feat_delta= 0.388166\n"}
,{"stream_name":"stdout","time":1458.650578852,"data":"EDGE_TTA_ACTIVE views= 8 mean_abs_feat_delta= 0.384739\n"}
,{"stream_name":"stdout","time":1458.852606177,"data":"EDGE_TTA_ACTIVE views= 8 mean_abs_feat_delta= 0.384739\n"}
,{"stream_name":"stdout","time":1459.598417099,"data":"BIOHUB_RETENTION_GUARD {\"blended_candidates\": 505, \"dataset\": \"44b6_12dfb391\", \"frame\": 94, \"minimum_retention\": 0.9, \"primary_candidates\": 580, \"retention\": 0.8706896551724138, \"use_primary\": true}\n"}
,{"stream_name":"stdout","time":1459.800979152,"data":"BIOHUB_RETENTION_GUARD {\"blended_candidates\": 505, \"dataset\": \"44b6_12dfb391\", \"frame\": 94, \"minimum_retention\": 0.9, \"primary_candidates\": 580, \"retention\": 0.8706896551724138, \"use_primary\": true}\n"}
,{"stream_name":"stdout","time":1461.031926563,"data":"EDGE_TTA_ACTIVE views= 8 mean_abs_feat_delta= 0.378807\n"}
,{"stream_name":"stdout","time":1461.234823096,"data":"EDGE_TTA_ACTIVE views= 8 mean_abs_feat_delta= 0.378807\n"}
,{"stream_name":"stdout","time":1461.983040701,"data":"BIOHUB_RETENTION_GUARD {\"blended_candidates\": 522, \"dataset\": \"44b6_12dfb391\", \"frame\": 95, \"minimum_retention\": 0.9, \"primary_candidates\": 582, \"retention\": 0.8969072164948454, \"use_primary\": true}\n"}
,{"stream_name":"stdout","time":1462.185449613,"data":"BIOHUB_RETENTION_GUARD {\"blended_candidates\": 522, \"dataset\": \"44b6_12dfb391\", \"frame\": 95, \"minimum_retention\": 0.9, \"primary_candidates\": 582, \"retention\": 0.8969072164948454, \"use_primary\": true}\n"}
,{"stream_name":"stdout","time":1463.2299524,"data":"EDGE_TTA_ACTIVE views= 8 mean_abs_feat_delta= 0.381585\n"}
,{"stream_name":"stdout","time":1463.432580765,"data":"EDGE_TTA_ACTIVE views= 8 mean_abs_feat_delta= 0.381585\n"}
,{"stream_name":"stdout","time":1464.176029008,"data":"BIOHUB_RETENTION_GUARD {\"blended_candidates\": 522, \"dataset\": \"44b6_12dfb391\", \"frame\": 96, \"minimum_retention\": 0.9, \"primary_candidates\": 593, \"retention\": 0.8802698145025295, \"use_primary\": true}\n"}
,{"stream_name":"stdout","time":1464.378514921,"data":"BIOHUB_RETENTION_GUARD {\"blended_candidates\": 522, \"dataset\": \"44b6_12dfb391\", \"frame\": 96, \"minimum_retention\": 0.9, \"primary_candidates\": 593, \"retention\": 0.8802698145025295, \"use_primary\": true}\n"}
,{"stream_name":"stdout","time":1465.423941358,"data":"EDGE_TTA_ACTIVE views= 8 mean_abs_feat_delta= 0.380187\n"}
,{"stream_name":"stdout","time":1465.675111849,"data":"EDGE_TTA_ACTIVE views= 8 mean_abs_feat_delta= 0.380187\n"}
,{"stream_name":"stdout","time":1466.376477187,"data":"BIOHUB_RETENTION_GUARD {\"blended_candidates\": 517, \"dataset\": \"44b6_12dfb391\", \"frame\": 97, \"minimum_retention\": 0.9, \"primary_candidates\": 587, \"retention\": 0.8807495741056218, \"use_primary\": true}\n"}
,{"stream_name":"stdout","time":1466.578709819,"data":"BIOHUB_RETENTION_GUARD {\"blended_candidates\": 517, \"dataset\": \"44b6_12dfb391\", \"frame\": 97, \"minimum_retention\": 0.9, \"primary_candidates\": 587, \"retention\": 0.8807495741056218, \"use_primary\": true}\n"}
,{"stream_name":"stdout","time":1467.574588343,"data":"EDGE_TTA_ACTIVE views= 8 mean_abs_feat_delta= 0.378846\n"}
,{"stream_name":"stdout","time":1467.777241865,"data":"EDGE_TTA_ACTIVE views= 8 mean_abs_feat_delta= 0.378846\n"}
,{"stream_name":"stdout","time":1469.699688489,"data":"EDGE_TTA_ACTIVE views= 8 mean_abs_feat_delta= 0.382171\n"}
,{"stream_name":"stdout","time":1469.902571412,"data":"EDGE_TTA_ACTIVE views= 8 mean_abs_feat_delta= 0.382171\n"}
,{"stream_name":"stdout","time":1471.443907577,"data":"EDGE_TTA_ACTIVE views= 8 mean_abs_feat_delta= 0.320294\n"}
,{"stream_name":"stdout","time":1471.647232616,"data":"EDGE_TTA_ACTIVE views= 8 mean_abs_feat_delta= 0.320294\n"}
,{"stream_name":"stdout","time":1472.464697279,"data":"PUBLIC946_GPU_SMOKE {\"arm\": \"C1\", \"association\": {\"actual_primary_logits_after_original_harmonic_fusion\": {\"all_finite\": true, \"device\": \"cuda:0\", \"dtype\": \"torch.float32\", \"numel\": 11772, \"shape\": [1, 108, 109], \"stride\": [11772, 109, 1]}, \"actual_secondary_feature_consumed\": true, \"actual_secondary_logits\": {\"all_finite\": true, \"device\": \"cuda:0\", \"dtype\": \"torch.float32\", \"numel\": 11772, \"shape\": [1, 108, 109], \"stride\": [11772, 109, 1]}, \"coordinate_grid\": {\"downsample\": [1.0, 4.0, 4.0], \"source\": {\"device\": \"cuda:0\", \"dtype\": \"torch.float32\", \"numel\": 324, \"shape\": [1, 108, 3], \"stride\": [108, 1, 108]}, \"target\": {\"device\": \"cuda:0\", \"dtype\": \"torch.float32\", \"numel\": 327, \"shape\": [1, 109, 3], \"stride\": [109, 1, 109]}}, \"diagnostic_edge_head_calls\": 1, \"diagnostic_encoder_calls\": 0, \"diagnostic_probabilities_used_in_production\": false, \"diagnostic_seconds\": 0.019108226999833278, \"frame_pair_index\": 0, \"primary_source_sampled_features\": {\"all_finite\": true, \"device\": \"cuda:0\", \"dtype\": \"torch.float32\", \"numel\": 3456, \"shape\": [1, 108, 32], \"stride\": [3456, 32, 1]}, \"primary_target_sampled_features\": {\"all_finite\": true, \"device\": \"cuda:0\", \"dtype\": \"torch.float32\", \"numel\": 3488, \"shape\": [1, 109, 32], \"stride\": [3488, 32, 1]}, \"probability_comparison_stage\": \"secondary edge-head softmax over parents, before original calibration and low-margin mixing\", \"probability_delta_vs_single_pass_same_coordinates\": {\"sample_elements\": 11772, \"sample_equal\": true, \"sample_max_abs_delta\": 0.0, \"sample_mean_abs_delta\": 0.0, \"sample_stride\": 1}, \"production_calls\": 1, \"same_low_margin_config\": {\"secondary_detection_weight\": 0.8, \"secondary_edge_weight\": 0.15, \"secondary_link_mode\": \"low_margin_consensus\"}, \"source_delta_vs_single_pass\": {\"sample_elements\": 3456, \"sample_equal\": true, \"sample_max_abs_delta\": 0.0, \"sample_mean_abs_delta\": 0.0, \"sample_stride\": 1}, \"source_sampled_features\": {\"all_finite\": true, \"device\": \"cuda:0\", \"dtype\": \"torch.float32\", \"numel\": 3456, \"shape\": [1, 108, 32], \"stride\": [3456, 32, 1]}, \"target_delta_vs_single_pass\": {\"sample_elements\": 3488, \"sample_equal\": true, \"sample_max_abs_delta\": 0.0, \"sample_mean_abs_delta\": 0.0, \"sample_stride\": 1}, \"target_sampled_features\": {\"all_finite\": true, \"device\": \"cuda:0\", \"dtype\": \"torch.float32\", \"numel\": 3488, \"shape\": [1, 109, 32], \"stride\": [3488, 32, 1]}}, \"association_calls\": 1, \"config\": {\"secondary_detection_weight\": 0.8, \"secondary_edge_weight\": 0.15, \"secondary_link_mode\": \"low_margin_consensus\"}, \"consumed_features\": {\"primary\": {\"all_finite\": true, \"delta_vs_single_pass\": {\"sample_elements\": 65536, \"sample_equal\": false, \"sample_max_abs_delta\": 0.8664222955703735, \"sample_mean_abs_delta\": 0.22566069662570953, \"sample_stride\": 256}, \"device\": \"cuda:0\", \"dtype\": \"torch.float32\", \"numel\": 16777216, \"original_encoded_feature_sample_unchanged\": true, \"same_storage_as_original\": false, \"shape\": [1, 2, 32, 64, 64, 64], \"single_pass\": {\"device\": \"cuda:0\", \"dtype\": \"torch.float32\", \"numel\": 16777216, \"shape\": [1, 2, 32, 64, 64, 64], \"stride\": [16777216, 8388608, 262144, 4096, 64, 1]}, \"stride\": [16777216, 8388608, 262144, 4096, 64, 1]}, \"secondary\": {\"all_finite\": true, \"delta_vs_single_pass\": {\"sample_elements\": 65536, \"sample_equal\": true, \"sample_max_abs_delta\": 0.0, \"sample_mean_abs_delta\": 0.0, \"sample_stride\": 256}, \"device\": \"cuda:0\", \"dtype\": \"torch.float32\", \"numel\": 16777216, \"original_encoded_feature_sample_unchanged\": true, \"same_storage_as_original\": true, \"shape\": [1, 2, 32, 64, 64, 64], \"single_pass\": {\"device\": \"cuda:0\", \"dtype\": \"torch.float32\", \"numel\": 16777216, \"shape\": [1, 2, 32, 64, 64, 64], \"stride\": [16777216, 8388608, 262144, 4096, 64, 1]}, \"stride\": [16777216, 8388608, 262144, 4096, 64, 1]}}, \"consumed_heatmaps\": [{\"all_finite\": true, \"device\": \"cuda:0\", \"dtype\": \"torch.float32\", \"numel\": 262144, \"shape\": [1, 1, 64, 64, 64], \"stride\": [262144, 262144, 4096, 64, 1]}, {\"all_finite\": true, \"device\": \"cuda:0\", \"dtype\": \"torch.float32\", \"numel\": 262144, \"shape\": [1, 1, 64, 64, 64], \"stride\": [262144, 262144, 4096, 64, 1]}], \"cuda_peak_allocated_bytes_process\": 728221696, \"cuda_peak_reserved_bytes_process\": 977272832, \"dataset\": \"44b6_341df25f\", \"encode_calls\": {\"primary\": 8, \"secondary\": 8}, \"encode_seconds\": {\"primary\": 0.9832372449996001, \"secondary\": 0.919513475999338}, \"encode_views\": [{\"feature\": {\"device\": \"cuda:0\", \"dtype\": \"torch.float32\", \"numel\": 16777216, \"shape\": [1, 2, 32, 64, 64, 64], \"stride\": [16777216, 8388608, 262144, 4096, 64, 1]}, \"heatmap0\": {\"device\": \"cuda:0\", \"dtype\": \"torch.float32\", \"numel\": 262144, \"shape\": [1, 1, 64, 64, 64], \"stride\": [262144, 262144, 4096, 64, 1]}, \"input\": {\"device\": \"cuda:0\", \"dtype\": \"torch.float32\", \"numel\": 524288, \"shape\": [1, 2, 64, 64, 64], \"stride\": [524288, 262144, 4096, 64, 1]}, \"pass\": 1, \"role\": \"primary\"}, {\"feature\": {\"device\": \"cuda:0\", \"dtype\": \"torch.float32\", \"numel\": 16777216, \"shape\": [1, 2, 32, 64, 64, 64], \"stride\": [16777216, 8388608, 262144, 4096, 64, 1]}, \"heatmap0\": {\"device\": \"cuda:0\", \"dtype\": \"torch.float32\", \"numel\": 262144, \"shape\": [1, 1, 64, 64, 64], \"stride\": [262144, 262144, 4096, 64, 1]}, \"input\": {\"device\": \"cuda:0\", \"dtype\": \"torch.float32\", \"numel\": 524288, \"shape\": [1, 2, 64, 64, 64], \"stride\": [524288, 262144, 4096, 64, 1]}, \"pass\": 2, \"role\": \"primary\"}, {\"feature\": {\"device\": \"cuda:0\", \"dtype\": \"torch.float32\", \"numel\": 16777216, \"shape\": [1, 2, 32, 64, 64, 64], \"stride\": [16777216, 8388608, 262144, 4096, 64, 1]}, \"heatmap0\": {\"device\": \"cuda:0\", \"dtype\": \"torch.float32\", \"numel\": 262144, \"shape\": [1, 1, 64, 64, 64], \"stride\": [262144, 262144, 4096, 64, 1]}, \"input\": {\"device\": \"cuda:0\", \"dtype\": \"torch.float32\", \"numel\": 524288, \"shape\": [1, 2, 64, 64, 64], \"stride\": [524288, 262144, 4096, 64, 1]}, \"pass\": 3, \"role\": \"primary\"}, {\"feature\": {\"device\": \"cuda:0\", \"dtype\": \"torch.float32\", \"numel\": 16777216, \"shape\": [1, 2, 32, 64, 64, 64], \"stride\": [16777216, 8388608, 262144, 4096, 64, 1]}, \"heatmap0\": {\"device\": \"cuda:0\", \"dtype\": \"torch.float32\", \"numel\": 262144, \"shape\": [1, 1, 64, 64, 64], \"stride\": [262144, 262144, 4096, 64, 1]}, \"input\": {\"device\": \"cuda:0\", \"dtype\": \"torch.float32\", \"numel\": 524288, \"shape\": [1, 2, 64, 64, 64], \"stride\": [524288, 262144, 4096, 64, 1]}, \"pass\": 4, \"role\": \"primary\"}, {\"feature\": {\"device\": \"cuda:0\", \"dtype\": \"torch.float32\", \"numel\": 16777216, \"shape\": [1, 2, 32, 64, 64, 64], \"stride\": [16777216, 8388608, 262144, 4096, 64, 1]}, \"heatmap0\": {\"device\": \"cuda:0\", \"dtype\": \"torch.float32\", \"numel\": 262144, \"shape\": [1, 1, 64, 64, 64], \"stride\": [262144, 262144, 4096, 64, 1]}, \"input\": {\"device\": \"cuda:0\", \"dtype\": \"torch.float32\", \"numel\": 524288, \"shape\": [1, 2, 64, 64, 64], \"stride\": [524288, 262144, 4096, 1, 64]}, \"pass\": 5, \"role\": \"primary\"}, {\"feature\": {\"device\": \"cuda:0\", \"dtype\": \"torch.float32\", \"numel\": 16777216, \"shape\": [1, 2, 32, 64, 64, 64], \"stride\": [16777216, 8388608, 262144, 4096, 64, 1]}, \"heatmap0\": {\"device\": \"cuda:0\", \"dtype\": \"torch.float32\", \"numel\": 262144, \"shape\": [1, 1, 64, 64, 64], \"stride\": [262144, 262144, 4096, 64, 1]}, \"input\": {\"device\": \"cuda:0\", \"dtype\": \"torch.float32\", \"numel\": 524288, \"shape\": [1, 2, 64, 64, 64], \"stride\": [524288, 262144, 4096, 1, 64]}, \"pass\": 6, \"role\": \"primary\"}, {\"feature\": {\"device\": \"cuda:0\", \"dtype\": \"torch.float32\", \"numel\": 16777216, \"shape\": [1, 2, 32, 64, 64, 64], \"stride\": [16777216, 8388608, 262144, 4096, 64, 1]}, \"heatmap0\": {\"device\": \"cuda:0\", \"dtype\": \"torch.float32\", \"numel\": 262144, \"shape\": [1, 1, 64, 64, 64], \"stride\": [262144, 262144, 4096, 64, 1]}, \"input\": {\"device\": \"cuda:0\", \"dtype\": \"torch.float32\", \"numel\": 524288, \"shape\": [1, 2, 64, 64, 64], \"stride\": [524288, 262144, 4096, 1, 64]}, \"pass\": 7, \"role\": \"primary\"}, {\"feature\": {\"device\": \"cuda:0\", \"dtype\": \"torch.float32\", \"numel\": 16777216, \"shape\": [1, 2, 32, 64, 64, 64], \"stride\": [16777216, 8388608, 262144, 4096, 64, 1]}, \"heatmap0\": {\"device\": \"cuda:0\", \"dtype\": \"torch.float32\", \"numel\": 262144, \"shape\": [1, 1, 64, 64, 64], \"stride\": [262144, 262144, 4096, 64, 1]}, \"input\": {\"device\": \"cuda:0\", \"dtype\": \"torch.float32\", \"numel\": 524288, \"shape\": [1, 2, 64, 64, 64], \"stride\": [524288, 262144, 4096, 1, 64]}, \"pass\": 8, \"role\": \"primary\"}, {\"feature\": {\"device\": \"cuda:0\", \"dtype\": \"torch.float32\", \"numel\": 16777216, \"shape\": [1, 2, 32, 64, 64, 64], \"stride\": [16777216, 8388608, 262144, 4096, 64, 1]}, \"heatmap0\": {\"device\": \"cuda:0\", \"dtype\": \"torch.float32\", \"numel\": 262144, \"shape\": [1, 1, 64, 64, 64], \"stride\": [262144, 262144, 4096, 64, 1]}, \"input\": {\"device\": \"cuda:0\", \"dtype\": \"torch.float32\", \"numel\": 524288, \"shape\": [1, 2, 64, 64, 64], \"stride\": [524288, 262144, 4096, 64, 1]}, \"pass\": 1, \"role\": \"secondary\"}, {\"feature\": {\"device\": \"cuda:0\", \"dtype\": \"torch.float32\", \"numel\": 16777216, \"shape\": [1, 2, 32, 64, 64, 64], \"stride\": [16777216, 8388608, 262144, 4096, 64, 1]}, \"heatmap0\": {\"device\": \"cuda:0\", \"dtype\": \"torch.float32\", \"numel\": 262144, \"shape\": [1, 1, 64, 64, 64], \"stride\": [262144, 262144, 4096, 64, 1]}, \"input\": {\"device\": \"cuda:0\", \"dtype\": \"torch.float32\", \"numel\": 524288, \"shape\": [1, 2, 64, 64, 64], \"stride\": [524288, 262144, 4096, 64, 1]}, \"pass\": 2, \"role\": \"secondary\"}, {\"feature\": {\"device\": \"cuda:0\", \"dtype\": \"torch.float32\", \"numel\": 16777216, \"shape\": [1, 2, 32, 64, 64, 64], \"stride\": [16777216, 8388608, 262144, 4096, 64, 1]}, \"heatmap0\": {\"device\": \"cuda:0\", \"dtype\": \"torch.float32\", \"numel\": 262144, \"shape\": [1, 1, 64, 64, 64], \"stride\": [262144, 262144, 4096, 64, 1]}, \"input\": {\"device\": \"cuda:0\", \"dtype\": \"torch.float32\", \"numel\": 524288, \"shape\": [1, 2, 64, 64, 64], \"stride\": [524288, 262144, 4096, 64, 1]}, \"pass\": 3, \"role\": \"secondary\"}, {\"feature\": {\"device\": \"cuda:0\", \"dtype\": \"torch.float32\", \"numel\": 16777216, \"shape\": [1, 2, 32, 64, 64, 64], \"stride\": [16777216, 8388608, 262144, 4096, 64, 1]}, \"heatmap0\": {\"device\": \"cuda:0\", \"dtype\": \"torch.float32\", \"numel\": 262144, \"shape\": [1, 1, 64, 64, 64], \"stride\": [262144, 262144, 4096, 64, 1]}, \"input\": {\"device\": \"cuda:0\", \"dtype\": \"torch.float32\", \"numel\": 524288, \"shape\": [1, 2, 64, 64, 64], \"stride\": [524288, 262144, 4096, 64, 1]}, \"pass\": 4, \"role\": \"secondary\"}, {\"feature\": {\"device\": \"cuda:0\", \"dtype\": \"torch.float32\", \"numel\": 16777216, \"shape\": [1, 2, 32, 64, 64, 64], \"stride\": [16777216, 8388608, 262144, 4096, 64, 1]}, \"heatmap0\": {\"device\": \"cuda:0\", \"dtype\": \"torch.float32\", \"numel\": 262144, \"shape\": [1, 1, 64, 64, 64], \"stride\": [262144, 262144, 4096, 64, 1]}, \"input\": {\"device\": \"cuda:0\", \"dtype\": \"torch.float32\", \"numel\": 524288, \"shape\": [1, 2, 64, 64, 64], \"stride\": [524288, 262144, 4096, 1, 64]}, \"pass\": 5, \"role\": \"secondary\"}, {\"feature\": {\"device\": \"cuda:0\", \"dtype\": \"torch.float32\", \"numel\": 16777216, \"shape\": [1, 2, 32, 64, 64, 64], \"stride\": [16777216, 8388608, 262144, 4096, 64, 1]}, \"heatmap0\": {\"device\": \"cuda:0\", \"dtype\": \"torch.float32\", \"numel\": 262144, \"shape\": [1, 1, 64, 64, 64], \"stride\": [262144, 262144, 4096, 64, 1]}, \"input\": {\"device\": \"cuda:0\", \"dtype\": \"torch.float32\", \"numel\": 524288, \"shape\": [1, 2, 64, 64, 64], \"stride\": [524288, 262144, 4096, 1, 64]}, \"pass\": 6, \"role\": \"secondary\"}, {\"feature\": {\"device\": \"cuda:0\", \"dtype\": \"torch.float32\", \"numel\": 16777216, \"shape\": [1, 2, 32, 64, 64, 64], \"stride\": [16777216, 8388608, 262144, 4096, 64, 1]}, \"heatmap0\": {\"device\": \"cuda:0\", \"dtype\": \"torch.float32\", \"numel\": 262144, \"shape\": [1, 1, 64, 64, 64], \"stride\": [262144, 262144, 4096, 64, 1]}, \"input\": {\"device\": \"cuda:0\", \"dtype\": \"torch.float32\", \"numel\": 524288, \"shape\": [1, 2, 64, 64, 64], \"stride\": [524288, 262144, 4096, 1, 64]}, \"pass\": 7, \"role\": \"secondary\"}, {\"feature\": {\"device\": \"cuda:0\", \"dtype\": \"torch.float32\", \"numel\": 16777216, \"shape\": [1, 2, 32, 64, 64, 64], \"stride\": [16777216, 8388608, 262144, 4096, 64, 1]}, \"heatmap0\": {\"device\": \"cuda:0\", \"dtype\": \"torch.float32\", \"numel\": 262144, \"shape\": [1, 1, 64, 64, 64], \"stride\": [262144, 262144, 4096, 64, 1]}, \"input\": {\"device\": \"cuda:0\", \"dtype\": \"torch.float32\", \"numel\": 524288, \"shape\": [1, 2, 64, 64, 64], \"stride\": [524288, 262144, 4096, 1, 64]}, \"pass\": 8, \"role\": \"secondary\"}], \"event\": \"actual_predictor_window\", \"frames\": [0, 1], \"input\": {\"all_finite\": true, \"device\": \"cuda:0\", \"dtype\": \"torch.float32\", \"numel\": 524288, \"shape\": [1, 2, 64, 64, 64], \"stride\": [524288, 262144, 4096, 64, 1]}, \"input_parent\": \"/kaggle/input/competitions/biohub-cell-tracking-during-development/train\", \"seconds_including_common_audit\": 2.017204917000072, \"window_index\": 1, \"worker_execution_settings\": {\"autocast_enabled\": false, \"cuda_runtime\": \"12.8\", \"cudnn_allow_tf32\": true, \"cudnn_benchmark\": false, \"cudnn_deterministic\": false, \"default_dtype\": \"torch.float32\", \"deterministic_algorithms\": false, \"float32_matmul_precision\": \"highest\", \"gpu_name\": \"Tesla T4\", \"grad_enabled\": false, \"matmul_allow_tf32\": false, \"torch_initial_seed\": 14439693894798763525, \"torch_version\": \"2.10.0+cu128\"}}\n"}
,{"stream_name":"stdout","time":1472.667346099,"data":"PUBLIC946_GPU_SMOKE {\"arm\": \"C1\", \"association\": {\"actual_primary_logits_after_original_harmonic_fusion\": {\"all_finite\": true, \"device\": \"cuda:0\", \"dtype\": \"torch.float32\", \"numel\": 11772, \"shape\": [1, 108, 109], \"stride\": [11772, 109, 1]}, \"actual_secondary_feature_consumed\": true, \"actual_secondary_logits\": {\"all_finite\": true, \"device\": \"cuda:0\", \"dtype\": \"torch.float32\", \"numel\": 11772, \"shape\": [1, 108, 109], \"stride\": [11772, 109, 1]}, \"coordinate_grid\": {\"downsample\": [1.0, 4.0, 4.0], \"source\": {\"device\": \"cuda:0\", \"dtype\": \"torch.float32\", \"numel\": 324, \"shape\": [1, 108, 3], \"stride\": [108, 1, 108]}, \"target\": {\"device\": \"cuda:0\", \"dtype\": \"torch.float32\", \"numel\": 327, \"shape\": [1, 109, 3], \"stride\": [109, 1, 109]}}, \"diagnostic_edge_head_calls\": 1, \"diagnostic_encoder_calls\": 0, \"diagnostic_probabilities_used_in_production\": false, \"diagnostic_seconds\": 0.019108226999833278, \"frame_pair_index\": 0, \"primary_source_sampled_features\": {\"all_finite\": true, \"device\": \"cuda:0\", \"dtype\": \"torch.float32\", \"numel\": 3456, \"shape\": [1, 108, 32], \"stride\": [3456, 32, 1]}, \"primary_target_sampled_features\": {\"all_finite\": true, \"device\": \"cuda:0\", \"dtype\": \"torch.float32\", \"numel\": 3488, \"shape\": [1, 109, 32], \"stride\": [3488, 32, 1]}, \"probability_comparison_stage\": \"secondary edge-head softmax over parents, before original calibration and low-margin mixing\", \"probability_delta_vs_single_pass_same_coordinates\": {\"sample_elements\": 11772, \"sample_equal\": true, \"sample_max_abs_delta\": 0.0, \"sample_mean_abs_delta\": 0.0, \"sample_stride\": 1}, \"production_calls\": 1, \"same_low_margin_config\": {\"secondary_detection_weight\": 0.8, \"secondary_edge_weight\": 0.15, \"secondary_link_mode\": \"low_margin_consensus\"}, \"source_delta_vs_single_pass\": {\"sample_elements\": 3456, \"sample_equal\": true, \"sample_max_abs_delta\": 0.0, \"sample_mean_abs_delta\": 0.0, \"sample_stride\": 1}, \"source_sampled_features\": {\"all_finite\": true, \"device\": \"cuda:0\", \"dtype\": \"torch.float32\", \"numel\": 3456, \"shape\": [1, 108, 32], \"stride\": [3456, 32, 1]}, \"target_delta_vs_single_pass\": {\"sample_elements\": 3488, \"sample_equal\": true, \"sample_max_abs_delta\": 0.0, \"sample_mean_abs_delta\": 0.0, \"sample_stride\": 1}, \"target_sampled_features\": {\"all_finite\": true, \"device\": \"cuda:0\", \"dtype\": \"torch.float32\", \"numel\": 3488, \"shape\": [1, 109, 32], \"stride\": [3488, 32, 1]}}, \"association_calls\": 1, \"config\": {\"secondary_detection_weight\": 0.8, \"secondary_edge_weight\": 0.15, \"secondary_link_mode\": \"low_margin_consensus\"}, \"consumed_features\": {\"primary\": {\"all_finite\": true, \"delta_vs_single_pass\": {\"sample_elements\": 65536, \"sample_equal\": false, \"sample_max_abs_delta\": 0.8664222955703735, \"sample_mean_abs_delta\": 0.22566069662570953, \"sample_stride\": 256}, \"device\": \"cuda:0\", \"dtype\": \"torch.float32\", \"numel\": 16777216, \"original_encoded_feature_sample_unchanged\": true, \"same_storage_as_original\": false, \"shape\": [1, 2, 32, 64, 64, 64], \"single_pass\": {\"device\": \"cuda:0\", \"dtype\": \"torch.float32\", \"numel\": 16777216, \"shape\": [1, 2, 32, 64, 64, 64], \"stride\": [16777216, 8388608, 262144, 4096, 64, 1]}, \"stride\": [16777216, 8388608, 262144, 4096, 64, 1]}, \"secondary\": {\"all_finite\": true, \"delta_vs_single_pass\": {\"sample_elements\": 65536, \"sample_equal\": true, \"sample_max_abs_delta\": 0.0, \"sample_mean_abs_delta\": 0.0, \"sample_stride\": 256}, \"device\": \"cuda:0\", \"dtype\": \"torch.float32\", \"numel\": 16777216, \"original_encoded_feature_sample_unchanged\": true, \"same_storage_as_original\": true, \"shape\": [1, 2, 32, 64, 64, 64], \"single_pass\": {\"device\": \"cuda:0\", \"dtype\": \"torch.float32\", \"numel\": 16777216, \"shape\": [1, 2, 32, 64, 64, 64], \"stride\": [16777216, 8388608, 262144, 4096, 64, 1]}, \"stride\": [16777216, 8388608, 262144, 4096, 64, 1]}}, \"consumed_heatmaps\": [{\"all_finite\": true, \"device\": \"cuda:0\", \"dtype\": \"torch.float32\", \"numel\": 262144, \"shape\": [1, 1, 64, 64, 64], \"stride\": [262144, 262144, 4096, 64, 1]}, {\"all_finite\": true, \"device\": \"cuda:0\", \"dtype\": \"torch.float32\", \"numel\": 262144, \"shape\": [1, 1, 64, 64, 64], \"stride\": [262144, 262144, 4096, 64, 1]}], \"cuda_peak_allocated_bytes_process\": 728221696, \"cuda_peak_reserved_bytes_process\": 977272832, \"dataset\": \"44b6_341df25f\", \"encode_calls\": {\"primary\": 8, \"secondary\": 8}, \"encode_seconds\": {\"primary\": 0.9832372449996001, \"secondary\": 0.919513475999338}, \"encode_views\": [{\"feature\": {\"device\": \"cuda:0\", \"dtype\": \"torch.float32\", \"numel\": 16777216, \"shape\": [1, 2, 32, 64, 64, 64], \"stride\": [16777216, 8388608, 262144, 4096, 64, 1]}, \"heatmap0\": {\"device\": \"cuda:0\", \"dtype\": \"torch.float32\", \"numel\": 262144, \"shape\": [1, 1, 64, 64, 64], \"stride\": [262144, 262144, 4096, 64, 1]}, \"input\": {\"device\": \"cuda:0\", \"dtype\": \"torch.float32\", \"numel\": 524288, \"shape\": [1, 2, 64, 64, 64], \"stride\": [524288, 262144, 4096, 64, 1]}, \"pass\": 1, \"role\": \"primary\"}, {\"feature\": {\"device\": \"cuda:0\", \"dtype\": \"torch.float32\", \"numel\": 16777216, \"shape\": [1, 2, 32, 64, 64, 64], \"stride\": [16777216, 8388608, 262144, 4096, 64, 1]}, \"heatmap0\": {\"device\": \"cuda:0\", \"dtype\": \"torch.float32\", \"numel\": 262144, \"shape\": [1, 1, 64, 64, 64], \"stride\": [262144, 262144, 4096, 64, 1]}, \"input\": {\"device\": \"cuda:0\", \"dtype\": \"torch.float32\", \"numel\": 524288, \"shape\": [1, 2, 64, 64, 64], \"stride\": [524288, 262144, 4096, 64, 1]}, \"pass\": 2, \"role\": \"primary\"}, {\"feature\": {\"device\": \"cuda:0\", \"dtype\": \"torch.float32\", \"numel\": 16777216, \"shape\": [1, 2, 32, 64, 64, 64], \"stride\": [16777216, 8388608, 262144, 4096, 64, 1]}, \"heatmap0\": {\"device\": \"cuda:0\", \"dtype\": \"torch.float32\", \"numel\": 262144, \"shape\": [1, 1, 64, 64, 64], \"stride\": [262144, 262144, 4096, 64, 1]}, \"input\": {\"device\": \"cuda:0\", \"dtype\": \"torch.float32\", \"numel\": 524288, \"shape\": [1, 2, 64, 64, 64], \"stride\": [524288, 262144, 4096, 64, 1]}, \"pass\": 3, \"role\": \"primary\"}, {\"feature\": {\"device\": \"cuda:0\", \"dtype\": \"torch.float32\", \"numel\": 16777216, \"shape\": [1, 2, 32, 64, 64, 64], \"stride\": [16777216, 8388608, 262144, 4096, 64, 1]}, \"heatmap0\": {\"device\": \"cuda:0\", \"dtype\": \"torch.float32\", \"numel\": 262144, \"shape\": [1, 1, 64, 64, 64], \"stride\": [262144, 262144, 4096, 64, 1]}, \"input\": {\"device\": \"cuda:0\", \"dtype\": \"torch.float32\", \"numel\": 524288, \"shape\": [1, 2, 64, 64, 64], \"stride\": [524288, 262144, 4096, 64, 1]}, \"pass\": 4, \"role\": \"primary\"}, {\"feature\": {\"device\": \"cuda:0\", \"dtype\": \"torch.float32\", \"numel\": 16777216, \"shape\": [1, 2, 32, 64, 64, 64], \"stride\": [16777216, 8388608, 262144, 4096, 64, 1]}, \"heatmap0\": {\"device\": \"cuda:0\", \"dtype\": \"torch.float32\", \"numel\": 262144, \"shape\": [1, 1, 64, 64, 64], \"stride\": [262144, 262144, 4096, 64, 1]}, \"input\": {\"device\": \"cuda:0\", \"dtype\": \"torch.float32\", \"numel\": 524288, \"shape\": [1, 2, 64, 64, 64], \"stride\": [524288, 262144, 4096, 1, 64]}, \"pass\": 5, \"role\": \"primary\"}, {\"feature\": {\"device\": \"cuda:0\", \"dtype\": \"torch.float32\", \"numel\": 16777216, \"shape\": [1, 2, 32, 64, 64, 64], \"stride\": [16777216, 8388608, 262144, 4096, 64, 1]}, \"heatmap0\": {\"device\": \"cuda:0\", \"dtype\": \"torch.float32\", \"numel\": 262144, \"shape\": [1, 1, 64, 64, 64], \"stride\": [262144, 262144, 4096, 64, 1]}, \"input\": {\"device\": \"cuda:0\", \"dtype\": \"torch.float32\", \"numel\": 524288, \"shape\": [1, 2, 64, 64, 64], \"stride\": [524288, 262144, 4096, 1, 64]}, \"pass\": 6, \"role\": \"primary\"}, {\"feature\": {\"device\": \"cuda:0\", \"dtype\": \"torch.float32\", \"numel\": 16777216, \"shape\": [1, 2, 32, 64, 64, 64], \"stride\": [16777216, 8388608, 262144, 4096, 64, 1]}, \"heatmap0\": {\"device\": \"cuda:0\", \"dtype\": \"torch.float32\", \"numel\": 262144, \"shape\": [1, 1, 64, 64, 64], \"stride\": [262144, 262144, 4096, 64, 1]}, \"input\": {\"device\": \"cuda:0\", \"dtype\": \"torch.float32\", \"numel\": 524288, \"shape\": [1, 2, 64, 64, 64], \"stride\": [524288, 262144, 4096, 1, 64]}, \"pass\": 7, \"role\": \"primary\"}, {\"feature\": {\"device\": \"cuda:0\", \"dtype\": \"torch.float32\", \"numel\": 16777216, \"shape\": [1, 2, 32, 64, 64, 64], \"stride\": [16777216, 8388608, 262144, 4096, 64, 1]}, \"heatmap0\": {\"device\": \"cuda:0\", \"dtype\": \"torch.float32\", \"numel\": 262144, \"shape\": [1, 1, 64, 64, 64], \"stride\": [262144, 262144, 4096, 64, 1]}, \"input\": {\"device\": \"cuda:0\", \"dtype\": \"torch.float32\", \"numel\": 524288, \"shape\": [1, 2, 64, 64, 64], \"stride\": [524288, 262144, 4096, 1, 64]}, \"pass\": 8, \"role\": \"primary\"}, {\"feature\": {\"device\": \"cuda:0\", \"dtype\": \"torch.float32\", \"numel\": 16777216, \"shape\": [1, 2, 32, 64, 64, 64], \"stride\": [16777216, 8388608, 262144, 4096, 64, 1]}, \"heatmap0\": {\"device\": \"cuda:0\", \"dtype\": \"torch.float32\", \"numel\": 262144, \"shape\": [1, 1, 64, 64, 64], \"stride\": [262144, 262144, 4096, 64, 1]}, \"input\": {\"device\": \"cuda:0\", \"dtype\": \"torch.float32\", \"numel\": 524288, \"shape\": [1, 2, 64, 64, 64], \"stride\": [524288, 262144, 4096, 64, 1]}, \"pass\": 1, \"role\": \"secondary\"}, {\"feature\": {\"device\": \"cuda:0\", \"dtype\": \"torch.float32\", \"numel\": 16777216, \"shape\": [1, 2, 32, 64, 64, 64], \"stride\": [16777216, 8388608, 262144, 4096, 64, 1]}, \"heatmap0\": {\"device\": \"cuda:0\", \"dtype\": \"torch.float32\", \"numel\": 262144, \"shape\": [1, 1, 64, 64, 64], \"stride\": [262144, 262144, 4096, 64, 1]}, \"input\": {\"device\": \"cuda:0\", \"dtype\": \"torch.float32\", \"numel\": 524288, \"shape\": [1, 2, 64, 64, 64], \"stride\": [524288, 262144, 4096, 64, 1]}, \"pass\": 2, \"role\": \"secondary\"}, {\"feature\": {\"device\": \"cuda:0\", \"dtype\": \"torch.float32\", \"numel\": 16777216, \"shape\": [1, 2, 32, 64, 64, 64], \"stride\": [16777216, 8388608, 262144, 4096, 64, 1]}, \"heatmap0\": {\"device\": \"cuda:0\", \"dtype\": \"torch.float32\", \"numel\": 262144, \"shape\": [1, 1, 64, 64, 64], \"stride\": [262144, 262144, 4096, 64, 1]}, \"input\": {\"device\": \"cuda:0\", \"dtype\": \"torch.float32\", \"numel\": 524288, \"shape\": [1, 2, 64, 64, 64], \"stride\": [524288, 262144, 4096, 64, 1]}, \"pass\": 3, \"role\": \"secondary\"}, {\"feature\": {\"device\": \"cuda:0\", \"dtype\": \"torch.float32\", \"numel\": 16777216, \"shape\": [1, 2, 32, 64, 64, 64], \"stride\": [16777216, 8388608, 262144, 4096, 64, 1]}, \"heatmap0\": {\"device\": \"cuda:0\", \"dtype\": \"torch.float32\", \"numel\": 262144, \"shape\": [1, 1, 64, 64, 64], \"stride\": [262144, 262144, 4096, 64, 1]}, \"input\": {\"device\": \"cuda:0\", \"dtype\": \"torch.float32\", \"numel\": 524288, \"shape\": [1, 2, 64, 64, 64], \"stride\": [524288, 262144, 4096, 64, 1]}, \"pass\": 4, \"role\": \"secondary\"}, {\"feature\": {\"device\": \"cuda:0\", \"dtype\": \"torch.float32\", \"numel\": 16777216, \"shape\": [1, 2, 32, 64, 64, 64], \"stride\": [16777216, 8388608, 262144, 4096, 64, 1]}, \"heatmap0\": {\"device\": \"cuda:0\", \"dtype\": \"torch.float32\", \"numel\": 262144, \"shape\": [1, 1, 64, 64, 64], \"stride\": [262144, 262144, 4096, 64, 1]}, \"input\": {\"device\": \"cuda:0\", \"dtype\": \"torch.float32\", \"numel\": 524288, \"shape\": [1, 2, 64, 64, 64], \"stride\": [524288, 262144, 4096, 1, 64]}, \"pass\": 5, \"role\": \"secondary\"}, {\"feature\": {\"device\": \"cuda:0\", \"dtype\": \"torch.float32\", \"numel\": 16777216, \"shape\": [1, 2, 32, 64, 64, 64], \"stride\": [16777216, 8388608, 262144, 4096, 64, 1]}, \"heatmap0\": {\"device\": \"cuda:0\", \"dtype\": \"torch.float32\", \"numel\": 262144, \"shape\": [1, 1, 64, 64, 64], \"stride\": [262144, 262144, 4096, 64, 1]}, \"input\": {\"device\": \"cuda:0\", \"dtype\": \"torch.float32\", \"numel\": 524288, \"shape\": [1, 2, 64, 64, 64], \"stride\": [524288, 262144, 4096, 1, 64]}, \"pass\": 6, \"role\": \"secondary\"}, {\"feature\": {\"device\": \"cuda:0\", \"dtype\": \"torch.float32\", \"numel\": 16777216, \"shape\": [1, 2, 32, 64, 64, 64], \"stride\": [16777216, 8388608, 262144, 4096, 64, 1]}, \"heatmap0\": {\"device\": \"cuda:0\", \"dtype\": \"torch.float32\", \"numel\": 262144, \"shape\": [1, 1, 64, 64, 64], \"stride\": [262144, 262144, 4096, 64, 1]}, \"input\": {\"device\": \"cuda:0\", \"dtype\": \"torch.float32\", \"numel\": 524288, \"shape\": [1, 2, 64, 64, 64], \"stride\": [524288, 262144, 4096, 1, 64]}, \"pass\": 7, \"role\": \"secondary\"}, {\"feature\": {\"device\": \"cuda:0\", \"dtype\": \"torch.float32\", \"numel\": 16777216, \"shape\": [1, 2, 32, 64, 64, 64], \"stride\": [16777216, 8388608, 262144, 4096, 64, 1]}, \"heatmap0\": {\"device\": \"cuda:0\", \"dtype\": \"torch.float32\", \"numel\": 262144, \"shape\": [1, 1, 64, 64, 64], \"stride\": [262144, 262144, 4096, 64, 1]}, \"input\": {\"device\": \"cuda:0\", \"dtype\": \"torch.float32\", \"numel\": 524288, \"shape\": [1, 2, 64, 64, 64], \"stride\": [524288, 262144, 4096, 1, 64]}, \"pass\": 8, \"role\": \"secondary\"}], \"event\": \"actual_predictor_window\", \"frames\": [0, 1], \"input\": {\"all_finite\": true, \"device\": \"cuda:0\", \"dtype\": \"torch.float32\", \"numel\": 524288, \"shape\": [1, 2, 64, 64, 64], \"stride\": [524288, 262144, 4096, 64, 1]}, \"input_parent\": \"/kaggle/input/competitions/biohub-cell-tracking-during-development/train\", \"seconds_including_common_audit\": 2.017204917000072, \"window_index\": 1, \"worker_execution_settings\": {\"autocast_enabled\": false, \"cuda_runtime\": \"12.8\", \"cudnn_allow_tf32\": true, \"cudnn_benchmark\": false, \"cudnn_deterministic\": false, \"default_dtype\": \"torch.float32\", \"deterministic_algorithms\": false, \"float32_matmul_precision\": \"highest\", \"gpu_name\": \"Tesla T4\", \"grad_enabled\": false, \"matmul_allow_tf32\": false, \"torch_initial_seed\": 14439693894798763525, \"torch_version\": \"2.10.0+cu128\"}}\n"}
,{"stream_name":"stdout","time":1473.473476005,"data":"EDGE_TTA_ACTIVE views= 8 mean_abs_feat_delta= 0.322134\n"}
,{"stream_name":"stdout","time":1473.675779694,"data":"EDGE_TTA_ACTIVE views= 8 mean_abs_feat_delta= 0.322134\n"}
,{"stream_name":"stdout","time":1475.463485826,"data":"EDGE_TTA_ACTIVE views= 8 mean_abs_feat_delta= 0.326251\n"}
,{"stream_name":"stdout","time":1475.666267263,"data":"EDGE_TTA_ACTIVE views= 8 mean_abs_feat_delta= 0.326251\n"}
,{"stream_name":"stdout","time":1477.522079809,"data":"EDGE_TTA_ACTIVE views= 8 mean_abs_feat_delta= 0.322679\n"}
,{"stream_name":"stdout","time":1477.72471755,"data":"EDGE_TTA_ACTIVE views= 8 mean_abs_feat_delta= 0.322679\n"}
,{"stream_name":"stdout","time":1479.515789037,"data":"EDGE_TTA_ACTIVE views= 8 mean_abs_feat_delta= 0.320224\n"}
,{"stream_name":"stdout","time":1479.718343506,"data":"EDGE_TTA_ACTIVE views= 8 mean_abs_feat_delta= 0.320224\n"}
,{"stream_name":"stdout","time":1481.53911535,"data":"EDGE_TTA_ACTIVE views= 8 mean_abs_feat_delta= 0.31943\n"}
,{"stream_name":"stdout","time":1481.741445433,"data":"EDGE_TTA_ACTIVE views= 8 mean_abs_feat_delta= 0.31943\n"}
,{"stream_name":"stdout","time":1483.550430559,"data":"EDGE_TTA_ACTIVE views= 8 mean_abs_feat_delta= 0.321787\n"}
,{"stream_name":"stdout","time":1483.753208819,"data":"EDGE_TTA_ACTIVE views= 8 mean_abs_feat_delta= 0.321787\n"}
,{"stream_name":"stdout","time":1485.634479401,"data":"EDGE_TTA_ACTIVE views= 8 mean_abs_feat_delta= 0.329635\n"}
,{"stream_name":"stdout","time":1485.836966505,"data":"EDGE_TTA_ACTIVE views= 8 mean_abs_feat_delta= 0.329635\n"}
,{"stream_name":"stdout","time":1487.69356541,"data":"EDGE_TTA_ACTIVE views= 8 mean_abs_feat_delta= 0.323907\n"}
,{"stream_name":"stdout","time":1487.896369303,"data":"EDGE_TTA_ACTIVE views= 8 mean_abs_feat_delta= 0.323907\n"}
,{"stream_name":"stdout","time":1489.734308449,"data":"EDGE_TTA_ACTIVE views= 8 mean_abs_feat_delta= 0.321417\n"}
,{"stream_name":"stdout","time":1489.936891664,"data":"EDGE_TTA_ACTIVE views= 8 mean_abs_feat_delta= 0.321417\n"}
,{"stream_name":"stdout","time":1491.749819608,"data":"EDGE_TTA_ACTIVE views= 8 mean_abs_feat_delta= 0.321586\n"}
,{"stream_name":"stdout","time":1491.95250145,"data":"EDGE_TTA_ACTIVE views= 8 mean_abs_feat_delta= 0.321586\n"}
,{"stream_name":"stdout","time":1493.804357324,"data":"EDGE_TTA_ACTIVE views= 8 mean_abs_feat_delta= 0.320398\n"}
,{"stream_name":"stdout","time":1494.007263953,"data":"EDGE_TTA_ACTIVE views= 8 mean_abs_feat_delta= 0.320398\n"}
,{"stream_name":"stdout","time":1495.849706826,"data":"EDGE_TTA_ACTIVE views= 8 mean_abs_feat_delta= 0.321138\n"}
,{"stream_name":"stdout","time":1496.104942874,"data":"EDGE_TTA_ACTIVE views= 8 mean_abs_feat_delta= 0.321138\n"}
,{"stream_name":"stdout","time":1497.901072236,"data":"EDGE_TTA_ACTIVE views= 8 mean_abs_feat_delta= 0.318212\n"}
,{"stream_name":"stdout","time":1498.103941643,"data":"EDGE_TTA_ACTIVE views= 8 mean_abs_feat_delta= 0.318212\n"}
,{"stream_name":"stdout","time":1500.00608515,"data":"EDGE_TTA_ACTIVE views= 8 mean_abs_feat_delta= 0.331097\n"}
,{"stream_name":"stdout","time":1500.208829925,"data":"EDGE_TTA_ACTIVE views= 8 mean_abs_feat_delta= 0.331097\n"}
,{"stream_name":"stdout","time":1502.118381955,"data":"EDGE_TTA_ACTIVE views= 8 mean_abs_feat_delta= 0.334289\n"}
,{"stream_name":"stdout","time":1502.32140688,"data":"EDGE_TTA_ACTIVE views= 8 mean_abs_feat_delta= 0.334289\n"}
,{"stream_name":"stdout","time":1504.202420226,"data":"EDGE_TTA_ACTIVE views= 8 mean_abs_feat_delta= 0.332325\n"}
,{"stream_name":"stdout","time":1504.404818085,"data":"EDGE_TTA_ACTIVE views= 8 mean_abs_feat_delta= 0.332325\n"}
,{"stream_name":"stdout","time":1506.286806764,"data":"EDGE_TTA_ACTIVE views= 8 mean_abs_feat_delta= 0.335563\n"}
,{"stream_name":"stdout","time":1506.489423737,"data":"EDGE_TTA_ACTIVE views= 8 mean_abs_feat_delta= 0.335563\n"}
,{"stream_name":"stdout","time":1508.415862405,"data":"EDGE_TTA_ACTIVE views= 8 mean_abs_feat_delta= 0.341829\n"}
,{"stream_name":"stdout","time":1508.618089547,"data":"EDGE_TTA_ACTIVE views= 8 mean_abs_feat_delta= 0.341829\n"}
,{"stream_name":"stdout","time":1510.522851479,"data":"EDGE_TTA_ACTIVE views= 8 mean_abs_feat_delta= 0.332693\n"}
,{"stream_name":"stdout","time":1510.725304292,"data":"EDGE_TTA_ACTIVE views= 8 mean_abs_feat_delta= 0.332693\n"}
,{"stream_name":"stdout","time":1512.670251728,"data":"EDGE_TTA_ACTIVE views= 8 mean_abs_feat_delta= 0.332604\n"}
,{"stream_name":"stdout","time":1512.872887806,"data":"EDGE_TTA_ACTIVE views= 8 mean_abs_feat_delta= 0.332604\n"}
,{"stream_name":"stdout","time":1514.80719735,"data":"EDGE_TTA_ACTIVE views= 8 mean_abs_feat_delta= 0.338983\n"}
,{"stream_name":"stdout","time":1515.009895363,"data":"EDGE_TTA_ACTIVE views= 8 mean_abs_feat_delta= 0.338983\n"}
,{"stream_name":"stdout","time":1517.045128671,"data":"EDGE_TTA_ACTIVE views= 8 mean_abs_feat_delta= 0.337056\n"}
,{"stream_name":"stdout","time":1517.247520237,"data":"EDGE_TTA_ACTIVE views= 8 mean_abs_feat_delta= 0.337056\n"}
,{"stream_name":"stdout","time":1518.17912072,"data":"EDGE_TTA_ACTIVE views= 8 mean_abs_feat_delta= 0.368675\n"}
,{"stream_name":"stdout","time":1518.381734522,"data":"EDGE_TTA_ACTIVE views= 8 mean_abs_feat_delta= 0.368675\n"}
,{"stream_name":"stdout","time":1519.104990779,"data":"BIOHUB_RETENTION_GUARD {\"blended_candidates\": 436, \"dataset\": \"44b6_2a2eff9f\", \"frame\": 0, \"minimum_retention\": 0.9, \"primary_candidates\": 549, \"retention\": 0.7941712204007286, \"use_primary\": true}\n"}
,{"stream_name":"stdout","time":1519.106139022,"data":"BIOHUB_RETENTION_GUARD {\"blended_candidates\": 442, \"dataset\": \"44b6_2a2eff9f\", \"frame\": 1, \"minimum_retention\": 0.9, \"primary_candidates\": 537, \"retention\": 0.8230912476722533, \"use_primary\": true}\n"}
,{"stream_name":"stdout","time":1519.266514055,"data":"PUBLIC946_GPU_SMOKE {\"arm\": \"C1\", \"association\": {\"actual_primary_logits_after_original_harmonic_fusion\": {\"all_finite\": true, \"device\": \"cuda:0\", \"dtype\": \"torch.float32\", \"numel\": 294813, \"shape\": [1, 549, 537], \"stride\": [294813, 537, 1]}, \"actual_secondary_feature_consumed\": true, \"actual_secondary_logits\": {\"all_finite\": true, \"device\": \"cuda:0\", \"dtype\": \"torch.float32\", \"numel\": 294813, \"shape\": [1, 549, 537], \"stride\": [294813, 537, 1]}, \"coordinate_grid\": {\"downsample\": [1.0, 4.0, 4.0], \"source\": {\"device\": \"cuda:0\", \"dtype\": \"torch.float32\", \"numel\": 1647, \"shape\": [1, 549, 3], \"stride\": [549, 1, 549]}, \"target\": {\"device\": \"cuda:0\", \"dtype\": \"torch.float32\", \"numel\": 1611, \"shape\": [1, 537, 3], \"stride\": [537, 1, 537]}}, \"diagnostic_edge_head_calls\": 1, \"diagnostic_encoder_calls\": 0, \"diagnostic_probabilities_used_in_production\": false, \"diagnostic_seconds\": 0.02310839300025691, \"frame_pair_index\": 0, \"primary_source_sampled_features\": {\"all_finite\": true, \"device\": \"cuda:0\", \"dtype\": \"torch.float32\", \"numel\": 17568, \"shape\": [1, 549, 32], \"stride\": [17568, 32, 1]}, \"primary_target_sampled_features\": {\"all_finite\": true, \"device\": \"cuda:0\", \"dtype\": \"torch.float32\", \"numel\": 17184, \"shape\": [1, 537, 32], \"stride\": [17184, 32, 1]}, \"probability_comparison_stage\": \"secondary edge-head softmax over parents, before original calibration and low-margin mixing\", \"probability_delta_vs_single_pass_same_coordinates\": {\"sample_elements\": 65536, \"sample_equal\": true, \"sample_max_abs_delta\": 0.0, \"sample_mean_abs_delta\": 0.0, \"sample_stride\": 4}, \"production_calls\": 1, \"same_low_margin_config\": {\"secondary_detection_weight\": 0.8, \"secondary_edge_weight\": 0.15, \"secondary_link_mode\": \"low_margin_consensus\"}, \"source_delta_vs_single_pass\": {\"sample_elements\": 17568, \"sample_equal\": true, \"sample_max_abs_delta\": 0.0, \"sample_mean_abs_delta\": 0.0, \"sample_stride\": 1}, \"source_sampled_features\": {\"all_finite\": true, \"device\": \"cuda:0\", \"dtype\": \"torch.float32\", \"numel\": 17568, \"shape\": [1, 549, 32], \"stride\": [17568, 32, 1]}, \"target_delta_vs_single_pass\": {\"sample_elements\": 17184, \"sample_equal\": true, \"sample_max_abs_delta\": 0.0, \"sample_mean_abs_delta\": 0.0, \"sample_stride\": 1}, \"target_sampled_features\": {\"all_finite\": true, \"device\": \"cuda:0\", \"dtype\": \"torch.float32\", \"numel\": 17184, \"shape\": [1, 537, 32], \"stride\": [17184, 32, 1]}}, \"association_calls\": 1, \"config\": {\"secondary_detection_weight\": 0.8, \"secondary_edge_weight\": 0.15, \"secondary_link_mode\": \"low_margin_consensus\"}, \"consumed_features\": {\"primary\": {\"all_finite\": true, \"delta_vs_single_pass\": {\"sample_elements\": 65536, \"sample_equal\": false, \"sample_max_abs_delta\": 1.4686399698257446, \"sample_mean_abs_delta\": 0.36443355679512024, \"sample_stride\": 256}, \"device\": \"cuda:0\", \"dtype\": \"torch.float32\", \"numel\": 16777216, \"original_encoded_feature_sample_unchanged\": true, \"same_storage_as_original\": false, \"shape\": [1, 2, 32, 64, 64, 64], \"single_pass\": {\"device\": \"cuda:0\", \"dtype\": \"torch.float32\", \"numel\": 16777216, \"shape\": [1, 2, 32, 64, 64, 64], \"stride\": [16777216, 8388608, 262144, 4096, 64, 1]}, \"stride\": [16777216, 8388608, 262144, 4096, 64, 1]}, \"secondary\": {\"all_finite\": true, \"delta_vs_single_pass\": {\"sample_elements\": 65536, \"sample_equal\": true, \"sample_max_abs_delta\": 0.0, \"sample_mean_abs_delta\": 0.0, \"sample_stride\": 256}, \"device\": \"cuda:0\", \"dtype\": \"torch.float32\", \"numel\": 16777216, \"original_encoded_feature_sample_unchanged\": true, \"same_storage_as_original\": true, \"shape\": [1, 2, 32, 64, 64, 64], \"single_pass\": {\"device\": \"cuda:0\", \"dtype\": \"torch.float32\", \"numel\": 16777216, \"shape\": [1, 2, 32, 64, 64, 64], \"stride\": [16777216, 8388608, 262144, 4096, 64, 1]}, \"stride\": [16777216, 8388608, 262144, 4096, 64, 1]}}, \"consumed_heatmaps\": [{\"all_finite\": true, \"device\": \"cuda:0\", \"dtype\": \"torch.float32\", \"numel\": 262144, \"shape\": [1, 1, 64, 64, 64], \"stride\": [262144, 262144, 4096, 64, 1]}, {\"all_finite\": true, \"device\": \"cuda:0\", \"dtype\": \"torch.float32\", \"numel\": 262144, \"shape\": [1, 1, 64, 64, 64], \"stride\": [262144, 262144, 4096, 64, 1]}], \"cuda_peak_allocated_bytes_process\": 728221696, \"cuda_peak_reserved_bytes_process\": 981467136, \"dataset\": \"44b6_2a2eff9f\", \"encode_calls\": {\"primary\": 8, \"secondary\": 8}, \"encode_seconds\": {\"primary\": 0.9755209900004047, \"secondary\": 0.9212285869998595}, \"encode_views\": [{\"feature\": {\"device\": \"cuda:0\", \"dtype\": \"torch.float32\", \"numel\": 16777216, \"shape\": [1, 2, 32, 64, 64, 64], \"stride\": [16777216, 8388608, 262144, 4096, 64, 1]}, \"heatmap0\": {\"device\": \"cuda:0\", \"dtype\": \"torch.float32\", \"numel\": 262144, \"shape\": [1, 1, 64, 64, 64], \"stride\": [262144, 262144, 4096, 64, 1]}, \"input\": {\"device\": \"cuda:0\", \"dtype\": \"torch.float32\", \"numel\": 524288, \"shape\": [1, 2, 64, 64, 64], \"stride\": [524288, 262144, 4096, 64, 1]}, \"pass\": 1, \"role\": \"primary\"}, {\"feature\": {\"device\": \"cuda:0\", \"dtype\": \"torch.float32\", \"numel\": 16777216, \"shape\": [1, 2, 32, 64, 64, 64], \"stride\": [16777216, 8388608, 262144, 4096, 64, 1]}, \"heatmap0\": {\"device\": \"cuda:0\", \"dtype\": \"torch.float32\", \"numel\": 262144, \"shape\": [1, 1, 64, 64, 64], \"stride\": [262144, 262144, 4096, 64, 1]}, \"input\": {\"device\": \"cuda:0\", \"dtype\": \"torch.float32\", \"numel\": 524288, \"shape\": [1, 2, 64, 64, 64], \"stride\": [524288, 262144, 4096, 64, 1]}, \"pass\": 2, \"role\": \"primary\"}, {\"feature\": {\"device\": \"cuda:0\", \"dtype\": \"torch.float32\", \"numel\": 16777216, \"shape\": [1, 2, 32, 64, 64, 64], \"stride\": [16777216, 8388608, 262144, 4096, 64, 1]}, \"heatmap0\": {\"device\": \"cuda:0\", \"dtype\": \"torch.float32\", \"numel\": 262144, \"shape\": [1, 1, 64, 64, 64], \"stride\": [262144, 262144, 4096, 64, 1]}, \"input\": {\"device\": \"cuda:0\", \"dtype\": \"torch.float32\", \"numel\": 524288, \"shape\": [1, 2, 64, 64, 64], \"stride\": [524288, 262144, 4096, 64, 1]}, \"pass\": 3, \"role\": \"primary\"}, {\"feature\": {\"device\": \"cuda:0\", \"dtype\": \"torch.float32\", \"numel\": 16777216, \"shape\": [1, 2, 32, 64, 64, 64], \"stride\": [16777216, 8388608, 262144, 4096, 64, 1]}, \"heatmap0\": {\"device\": \"cuda:0\", \"dtype\": \"torch.float32\", \"numel\": 262144, \"shape\": [1, 1, 64, 64, 64], \"stride\": [262144, 262144, 4096, 64, 1]}, \"input\": {\"device\": \"cuda:0\", \"dtype\": \"torch.float32\", \"numel\": 524288, \"shape\": [1, 2, 64, 64, 64], \"stride\": [524288, 262144, 4096, 64, 1]}, \"pass\": 4, \"role\": \"primary\"}, {\"feature\": {\"device\": \"cuda:0\", \"dtype\": \"torch.float32\", \"numel\": 16777216, \"shape\": [1, 2, 32, 64, 64, 64], \"stride\": [16777216, 8388608, 262144, 4096, 64, 1]}, \"heatmap0\": {\"device\": \"cuda:0\", \"dtype\": \"torch.float32\", \"numel\": 262144, \"shape\": [1, 1, 64, 64, 64], \"stride\": [262144, 262144, 4096, 64, 1]}, \"input\": {\"device\": \"cuda:0\", \"dtype\": \"torch.float32\", \"numel\": 524288, \"shape\": [1, 2, 64, 64, 64], \"stride\": [524288, 262144, 4096, 1, 64]}, \"pass\": 5, \"role\": \"primary\"}, {\"feature\": {\"device\": \"cuda:0\", \"dtype\": \"torch.float32\", \"numel\": 16777216, \"shape\": [1, 2, 32, 64, 64, 64], \"stride\": [16777216, 8388608, 262144, 4096, 64, 1]}, \"heatmap0\": {\"device\": \"cuda:0\", \"dtype\": \"torch.float32\", \"numel\": 262144, \"shape\": [1, 1, 64, 64, 64], \"stride\": [262144, 262144, 4096, 64, 1]}, \"input\": {\"device\": \"cuda:0\", \"dtype\": \"torch.float32\", \"numel\": 524288, \"shape\": [1, 2, 64, 64, 64], \"stride\": [524288, 262144, 4096, 1, 64]}, \"pass\": 6, \"role\": \"primary\"}, {\"feature\": {\"device\": \"cuda:0\", \"dtype\": \"torch.float32\", \"numel\": 16777216, \"shape\": [1, 2, 32, 64, 64, 64], \"stride\": [16777216, 8388608, 262144, 4096, 64, 1]}, \"heatmap0\": {\"device\": \"cuda:0\", \"dtype\": \"torch.float32\", \"numel\": 262144, \"shape\": [1, 1, 64, 64, 64], \"stride\": [262144, 262144, 4096, 64, 1]}, \"input\": {\"device\": \"cuda:0\", \"dtype\": \"torch.float32\", \"numel\": 524288, \"shape\": [1, 2, 64, 64, 64], \"stride\": [524288, 262144, 4096, 1, 64]}, \"pass\": 7, \"role\": \"primary\"}, {\"feature\": {\"device\": \"cuda:0\", \"dtype\": \"torch.float32\", \"numel\": 16777216, \"shape\": [1, 2, 32, 64, 64, 64], \"stride\": [16777216, 8388608, 262144, 4096, 64, 1]}, \"heatmap0\": {\"device\": \"cuda:0\", \"dtype\": \"torch.float32\", \"numel\": 262144, \"shape\": [1, 1, 64, 64, 64], \"stride\": [262144, 262144, 4096, 64, 1]}, \"input\": {\"device\": \"cuda:0\", \"dtype\": \"torch.float32\", \"numel\": 524288, \"shape\": [1, 2, 64, 64, 64], \"stride\": [524288, 262144, 4096, 1, 64]}, \"pass\": 8, \"role\": \"primary\"}, {\"feature\": {\"device\": \"cuda:0\", \"dtype\": \"torch.float32\", \"numel\": 16777216, \"shape\": [1, 2, 32, 64, 64, 64], \"stride\": [16777216, 8388608, 262144, 4096, 64, 1]}, \"heatmap0\": {\"device\": \"cuda:0\", \"dtype\": \"torch.float32\", \"numel\": 262144, \"shape\": [1, 1, 64, 64, 64], \"stride\": [262144, 262144, 4096, 64, 1]}, \"input\": {\"device\": \"cuda:0\", \"dtype\": \"torch.float32\", \"numel\": 524288, \"shape\": [1, 2, 64, 64, 64], \"stride\": [524288, 262144, 4096, 64, 1]}, \"pass\": 1, \"role\": \"secondary\"}, {\"feature\": {\"device\": \"cuda:0\", \"dtype\": \"torch.float32\", \"numel\": 16777216, \"shape\": [1, 2, 32, 64, 64, 64], \"stride\": [16777216, 8388608, 262144, 4096, 64, 1]}, \"heatmap0\": {\"device\": \"cuda:0\", \"dtype\": \"torch.float32\", \"numel\": 262144, \"shape\": [1, 1, 64, 64, 64], \"stride\": [262144, 262144, 4096, 64, 1]}, \"input\": {\"device\": \"cuda:0\", \"dtype\": \"torch.float32\", \"numel\": 524288, \"shape\": [1, 2, 64, 64, 64], \"stride\": [524288, 262144, 4096, 64, 1]}, \"pass\": 2, \"role\": \"secondary\"}, {\"feature\": {\"device\": \"cuda:0\", \"dtype\": \"torch.float32\", \"numel\": 16777216, \"shape\": [1, 2, 32, 64, 64, 64], \"stride\": [16777216, 8388608, 262144, 4096, 64, 1]}, \"heatmap0\": {\"device\": \"cuda:0\", \"dtype\": \"torch.float32\", \"numel\": 262144, \"shape\": [1, 1, 64, 64, 64], \"stride\": [262144, 262144, 4096, 64, 1]}, \"input\": {\"device\": \"cuda:0\", \"dtype\": \"torch.float32\", \"numel\": 524288, \"shape\": [1, 2, 64, 64, 64], \"stride\": [524288, 262144, 4096, 64, 1]}, \"pass\": 3, \"role\": \"secondary\"}, {\"feature\": {\"device\": \"cuda:0\", \"dtype\": \"torch.float32\", \"numel\": 16777216, \"shape\": [1, 2, 32, 64, 64, 64], \"stride\": [16777216, 8388608, 262144, 4096, 64, 1]}, \"heatmap0\": {\"device\": \"cuda:0\", \"dtype\": \"torch.float32\", \"numel\": 262144, \"shape\": [1, 1, 64, 64, 64], \"stride\": [262144, 262144, 4096, 64, 1]}, \"input\": {\"device\": \"cuda:0\", \"dtype\": \"torch.float32\", \"numel\": 524288, \"shape\": [1, 2, 64, 64, 64], \"stride\": [524288, 262144, 4096, 64, 1]}, \"pass\": 4, \"role\": \"secondary\"}, {\"feature\": {\"device\": \"cuda:0\", \"dtype\": \"torch.float32\", \"numel\": 16777216, \"shape\": [1, 2, 32, 64, 64, 64], \"stride\": [16777216, 8388608, 262144, 4096, 64, 1]}, \"heatmap0\": {\"device\": \"cuda:0\", \"dtype\": \"torch.float32\", \"numel\": 262144, \"shape\": [1, 1, 64, 64, 64], \"stride\": [262144, 262144, 4096, 64, 1]}, \"input\": {\"device\": \"cuda:0\", \"dtype\": \"torch.float32\", \"numel\": 524288, \"shape\": [1, 2, 64, 64, 64], \"stride\": [524288, 262144, 4096, 1, 64]}, \"pass\": 5, \"role\": \"secondary\"}, {\"feature\": {\"device\": \"cuda:0\", \"dtype\": \"torch.float32\", \"numel\": 16777216, \"shape\": [1, 2, 32, 64, 64, 64], \"stride\": [16777216, 8388608, 262144, 4096, 64, 1]}, \"heatmap0\": {\"device\": \"cuda:0\", \"dtype\": \"torch.float32\", \"numel\": 262144, \"shape\": [1, 1, 64, 64, 64], \"stride\": [262144, 262144, 4096, 64, 1]}, \"input\": {\"device\": \"cuda:0\", \"dtype\": \"torch.float32\", \"numel\": 524288, \"shape\": [1, 2, 64, 64, 64], \"stride\": [524288, 262144, 4096, 1, 64]}, \"pass\": 6, \"role\": \"secondary\"}, {\"feature\": {\"device\": \"cuda:0\", \"dtype\": \"torch.float32\", \"numel\": 16777216, \"shape\": [1, 2, 32, 64, 64, 64], \"stride\": [16777216, 8388608, 262144, 4096, 64, 1]}, \"heatmap0\": {\"device\": \"cuda:0\", \"dtype\": \"torch.float32\", \"numel\": 262144, \"shape\": [1, 1, 64, 64, 64], \"stride\": [262144, 262144, 4096, 64, 1]}, \"input\": {\"device\": \"cuda:0\", \"dtype\": \"torch.float32\", \"numel\": 524288, \"shape\": [1, 2, 64, 64, 64], \"stride\": [524288, 262144, 4096, 1, 64]}, \"pass\": 7, \"role\": \"secondary\"}, {\"feature\": {\"device\": \"cuda:0\", \"dtype\": \"torch.float32\", \"numel\": 16777216, \"shape\": [1, 2, 32, 64, 64, 64], \"stride\": [16777216, 8388608, 262144, 4096, 64, 1]}, \"heatmap0\": {\"device\": \"cuda:0\", \"dtype\": \"torch.float32\", \"numel\": 262144, \"shape\": [1, 1, 64, 64, 64], \"stride\": [262144, 262144, 4096, 64, 1]}, \"input\": {\"device\": \"cuda:0\", \"dtype\": \"torch.float32\", \"numel\": 524288, \"shape\": [1, 2, 64, 64, 64], \"stride\": [524288, 262144, 4096, 1, 64]}, \"pass\": 8, \"role\": \"secondary\"}], \"event\": \"actual_predictor_window\", \"frames\": [0, 1], \"input\": {\"all_finite\": true, \"device\": \"cuda:0\", \"dtype\": \"torch.float32\", \"numel\": 524288, \"shape\": [1, 2, 64, 64, 64], \"stride\": [524288, 262144, 4096, 64, 1]}, \"input_parent\": \"/kaggle/input/competitions/biohub-cell-tracking-during-development/train\", \"seconds_including_common_audit\": 2.0783410050003113, \"window_index\": 1, \"worker_execution_settings\": {\"autocast_enabled\": false, \"cuda_runtime\": \"12.8\", \"cudnn_allow_tf32\": true, \"cudnn_benchmark\": false, \"cudnn_deterministic\": false, \"default_dtype\": \"torch.float32\", \"deterministic_algorithms\": false, \"float32_matmul_precision\": \"highest\", \"gpu_name\": \"Tesla T4\", \"grad_enabled\": false, \"matmul_allow_tf32\": false, \"torch_initial_seed\": 1326939678888861713, \"torch_version\": \"2.10.0+cu128\"}}\n"}
,{"stream_name":"stdout","time":1519.304279063,"data":"EDGE_TTA_ACTIVE views= 8 mean_abs_feat_delta= 0.325229\n"}
,{"stream_name":"stdout","time":1519.308370768,"data":"BIOHUB_RETENTION_GUARD {\"blended_candidates\": 436, \"dataset\": \"44b6_2a2eff9f\", \"frame\": 0, \"minimum_retention\": 0.9, \"primary_candidates\": 549, \"retention\": 0.7941712204007286, \"use_primary\": true}\n"}
,{"stream_name":"stdout","time":1519.308393445,"data":"BIOHUB_RETENTION_GUARD {\"blended_candidates\": 442, \"dataset\": \"44b6_2a2eff9f\", \"frame\": 1, \"minimum_retention\": 0.9, \"primary_candidates\": 537, \"retention\": 0.8230912476722533, \"use_primary\": true}\n"}
,{"stream_name":"stdout","time":1519.308407603,"data":"PUBLIC946_GPU_SMOKE {\"arm\": \"C1\", \"association\": {\"actual_primary_logits_after_original_harmonic_fusion\": {\"all_finite\": true, \"device\": \"cuda:0\", \"dtype\": \"torch.float32\", \"numel\": 294813, \"shape\": [1, 549, 537], \"stride\": [294813, 537, 1]}, \"actual_secondary_feature_consumed\": true, \"actual_secondary_logits\": {\"all_finite\": true, \"device\": \"cuda:0\", \"dtype\": \"torch.float32\", \"numel\": 294813, \"shape\": [1, 549, 537], \"stride\": [294813, 537, 1]}, \"coordinate_grid\": {\"downsample\": [1.0, 4.0, 4.0], \"source\": {\"device\": \"cuda:0\", \"dtype\": \"torch.float32\", \"numel\": 1647, \"shape\": [1, 549, 3], \"stride\": [549, 1, 549]}, \"target\": {\"device\": \"cuda:0\", \"dtype\": \"torch.float32\", \"numel\": 1611, \"shape\": [1, 537, 3], \"stride\": [537, 1, 537]}}, \"diagnostic_edge_head_calls\": 1, \"diagnostic_encoder_calls\": 0, \"diagnostic_probabilities_used_in_production\": false, \"diagnostic_seconds\": 0.02310839300025691, \"frame_pair_index\": 0, \"primary_source_sampled_features\": {\"all_finite\": true, \"device\": \"cuda:0\", \"dtype\": \"torch.float32\", \"numel\": 17568, \"shape\": [1, 549, 32], \"stride\": [17568, 32, 1]}, \"primary_target_sampled_features\": {\"all_finite\": true, \"device\": \"cuda:0\", \"dtype\": \"torch.float32\", \"numel\": 17184, \"shape\": [1, 537, 32], \"stride\": [17184, 32, 1]}, \"probability_comparison_stage\": \"secondary edge-head softmax over parents, before original calibration and low-margin mixing\", \"probability_delta_vs_single_pass_same_coordinates\": {\"sample_elements\": 65536, \"sample_equal\": true, \"sample_max_abs_delta\": 0.0, \"sample_mean_abs_delta\": 0.0, \"sample_stride\": 4}, \"production_calls\": 1, \"same_low_margin_config\": {\"secondary_detection_weight\": 0.8, \"secondary_edge_weight\": 0.15, \"secondary_link_mode\": \"low_margin_consensus\"}, \"source_delta_vs_single_pass\": {\"sample_elements\": 17568, \"sample_equal\": true, \"sample_max_abs_delta\": 0.0, \"sample_mean_abs_delta\": 0.0, \"sample_stride\": 1}, \"source_sampled_features\": {\"all_finite\": true, \"device\": \"cuda:0\", \"dtype\": \"torch.float32\", \"numel\": 17568, \"shape\": [1, 549, 32], \"stride\": [17568, 32, 1]}, \"target_delta_vs_single_pass\": {\"sample_elements\": 17184, \"sample_equal\": true, \"sample_max_abs_delta\": 0.0, \"sample_mean_abs_delta\": 0.0, \"sample_stride\": 1}, \"target_sampled_features\": {\"all_finite\": true, \"device\": \"cuda:0\", \"dtype\": \"torch.float32\", \"numel\": 17184, \"shape\": [1, 537, 32], \"stride\": [17184, 32, 1]}}, \"association_calls\": 1, \"config\": {\"secondary_detection_weight\": 0.8, \"secondary_edge_weight\": 0.15, \"secondary_link_mode\": \"low_margin_consensus\"}, \"consumed_features\": {\"primary\": {\"all_finite\": true, \"delta_vs_single_pass\": {\"sample_elements\": 65536, \"sample_equal\": false, \"sample_max_abs_delta\": 1.4686399698257446, \"sample_mean_abs_delta\": 0.36443355679512024, \"sample_stride\": 256}, \"device\": \"cuda:0\", \"dtype\": \"torch.float32\", \"numel\": 16777216, \"original_encoded_feature_sample_unchanged\": true, \"same_storage_as_original\": false, \"shape\": [1, 2, 32, 64, 64, 64], \"single_pass\": {\"device\": \"cuda:0\", \"dtype\": \"torch.float32\", \"numel\": 16777216, \"shape\": [1, 2, 32, 64, 64, 64], \"stride\": [16777216, 8388608, 262144, 4096, 64, 1]}, \"stride\": [16777216, 8388608, 262144, 4096, 64, 1]}, \"secondary\": {\"all_finite\": true, \"delta_vs_single_pass\": {\"sample_elements\": 65536, \"sample_equal\": true, \"sample_max_abs_delta\": 0.0, \"sample_mean_abs_delta\": 0.0, \"sample_stride\": 256}, \"device\": \"cuda:0\", \"dtype\": \"torch.float32\", \"numel\": 16777216, \"original_encoded_feature_sample_unchanged\": true, \"same_storage_as_original\": true, \"shape\": [1, 2, 32, 64, 64, 64], \"single_pass\": {\"device\": \"cuda:0\", \"dtype\": \"torch.float32\", \"numel\": 16777216, \"shape\": [1, 2, 32, 64, 64, 64], \"stride\": [16777216, 8388608, 262144, 4096, 64, 1]}, \"stride\": [16777216, 8388608, 262144, 4096, 64, 1]}}, \"consumed_heatmaps\": [{\"all_finite\": true, \"device\": \"cuda:0\", \"dtype\": \"torch.float32\", \"numel\": 262144, \"shape\": [1, 1, 64, 64, 64], \"stride\": [262144, 262144, 4096, 64, 1]}, {\"all_finite\": true, \"device\": \"cuda:0\", \"dtype\": \"torch.float32\", \"numel\": 262144, \"shape\": [1, 1, 64, 64, 64], \"stride\": [262144, 262144, 4096, 64, 1]}], \"cuda_peak_allocated_bytes_process\": 728221696, \"cuda_peak_reserved_bytes_process\": 981467136, \"dataset\": \"44b6_2a2eff9f\", \"encode_calls\": {\"primary\": 8, \"secondary\": 8}, \"encode_seconds\": {\"primary\": 0.9755209900004047, \"secondary\": 0.9212285869998595}, \"encode_views\": [{\"feature\": {\"device\": \"cuda:0\", \"dtype\": \"torch.float32\", \"numel\": 16777216, \"shape\": [1, 2, 32, 64, 64, 64], \"stride\": [16777216, 8388608, 262144, 4096, 64, 1]}, \"heatmap0\": {\"device\": \"cuda:0\", \"dtype\": \"torch.float32\", \"numel\": 262144, \"shape\": [1, 1, 64, 64, 64], \"stride\": [262144, 262144, 4096, 64, 1]}, \"input\": {\"device\": \"cuda:0\", \"dtype\": \"torch.float32\", \"numel\": 524288, \"shape\": [1, 2, 64, 64, 64], \"stride\": [524288, 262144, 4096, 64, 1]}, \"pass\": 1, \"role\": \"primary\"}, {\"feature\": {\"device\": \"cuda:0\", \"dtype\": \"torch.float32\", \"numel\": 16777216, \"shape\": [1, 2, 32, 64, 64, 64], \"stride\": [16777216, 8388608, 262144, 4096, 64, 1]}, \"heatmap0\": {\"device\": \"cuda:0\", \"dtype\": \"torch.float32\", \"numel\": 262144, \"shape\": [1, 1, 64, 64, 64], \"stride\": [262144, 262144, 4096, 64, 1]}, \"input\": {\"device\": \"cuda:0\", \"dtype\": \"torch.float32\", \"numel\": 524288, \"shape\": [1, 2, 64, 64, 64], \"stride\": [524288, 262144, 4096, 64, 1]}, \"pass\": 2, \"role\": \"primary\"}, {\"feature\": {\"device\": \"cuda:0\", \"dtype\": \"torch.float32\", \"numel\": 16777216, \"shape\": [1, 2, 32, 64, 64, 64], \"stride\": [16777216, 8388608, 262144, 4096, 64, 1]}, \"heatmap0\": {\"device\": \"cuda:0\", \"dtype\": \"torch.float32\", \"numel\": 262144, \"shape\": [1, 1, 64, 64, 64], \"stride\": [262144, 262144, 4096, 64, 1]}, \"input\": {\"device\": \"cuda:0\", \"dtype\": \"torch.float32\", \"numel\": 524288, \"shape\": [1, 2, 64, 64, 64], \"stride\": [524288, 262144, 4096, 64, 1]}, \"pass\": 3, \"role\": \"primary\"}, {\"feature\": {\"device\": \"cuda:0\", \"dtype\": \"torch.float32\", \"numel\": 16777216, \"shape\": [1, 2, 32, 64, 64, 64], \"stride\": [16777216, 8388608, 262144, 4096, 64, 1]}, \"heatmap0\": {\"device\": \"cuda:0\", \"dtype\": \"torch.float32\", \"numel\": 262144, \"shape\": [1, 1, 64, 64, 64], \"stride\": [262144, 262144, 4096, 64, 1]}, \"input\": {\"device\": \"cuda:0\", \"dtype\": \"torch.float32\", \"numel\": 524288, \"shape\": [1, 2, 64, 64, 64], \"stride\": [524288, 262144, 4096, 64, 1]}, \"pass\": 4, \"role\": \"primary\"}, {\"feature\": {\"device\": \"cuda:0\", \"dtype\": \"torch.float32\", \"numel\": 16777216, \"shape\": [1, 2, 32, 64, 64, 64], \"stride\": [16777216, 8388608, 262144, 4096, 64, 1]}, \"heatmap0\": {\"device\": \"cuda:0\", \"dtype\": \"torch.float32\", \"numel\": 262144, \"shape\": [1, 1, 64, 64, 64], \"stride\": [262144, 262144, 4096, 64, 1]}, \"input\": {\"device\": \"cuda:0\", \"dtype\": \"torch.float32\", \"numel\": 524288, \"shape\": [1, 2, 64, 64, 64], \"stride\": [524288, 262144, 4096, 1, 64]}, \"pass\": 5, \"role\": \"primary\"}, {\"feature\": {\"device\": \"cuda:0\", \"dtype\": \"torch.float32\", \"numel\": 16777216, \"shape\": [1, 2, 32, 64, 64, 64], \"stride\": [16777216, 8388608, 262144, 4096, 64, 1]}, \"heatmap0\": {\"device\": \"cuda:0\", \"dtype\": \"torch.float32\", \"numel\": 262144, \"shape\": [1, 1, 64, 64, 64], \"stride\": [262144, 262144, 4096, 64, 1]}, \"input\": {\"device\": \"cuda:0\", \"dtype\": \"torch.float32\", \"numel\": 524288, \"shape\": [1, 2, 64, 64, 64], \"stride\": [524288, 262144, 4096, 1, 64]}, \"pass\": 6, \"role\": \"primary\"}, {\"feature\": {\"device\": \"cuda:0\", \"dtype\": \"torch.float32\", \"numel\": 16777216, \"shape\": [1, 2, 32, 64, 64, 64], \"stride\": [16777216, 8388608, 262144, 4096, 64, 1]}, \"heatmap0\": {\"device\": \"cuda:0\", \"dtype\": \"torch.float32\", \"numel\": 262144, \"shape\": [1, 1, 64, 64, 64], \"stride\": [262144, 262144, 4096, 64, 1]}, \"input\": {\"device\": \"cuda:0\", \"dtype\": \"torch.float32\", \"numel\": 524288, \"shape\": [1, 2, 64, 64, 64], \"stride\": [524288, 262144, 4096, 1, 64]}, \"pass\": 7, \"role\": \"primary\"}, {\"feature\": {\"device\": \"cuda:0\", \"dtype\": \"torch.float32\", \"numel\": 16777216, \"shape\": [1, 2, 32, 64, 64, 64], \"stride\": [16777216, 8388608, 262144, 4096, 64, 1]}, \"heatmap0\": {\"device\": \"cuda:0\", \"dtype\": \"torch.float32\", \"numel\": 262144, \"shape\": [1, 1, 64, 64, 64], \"stride\": [262144, 262144, 4096, 64, 1]}, \"input\": {\"device\": \"cuda:0\", \"dtype\": \"torch.float32\", \"numel\": 524288, \"shape\": [1, 2, 64, 64, 64], \"stride\": [524288, 262144, 4096, 1, 64]}, \"pass\": 8, \"role\": \"primary\"}, {\"feature\": {\"device\": \"cuda:0\", \"dtype\": \"torch.float32\", \"numel\": 16777216, \"shape\": [1, 2, 32, 64, 64, 64], \"stride\": [16777216, 8388608, 262144, 4096, 64, 1]}, \"heatmap0\": {\"device\": \"cuda:0\", \"dtype\": \"torch.float32\", \"numel\": 262144, \"shape\": [1, 1, 64, 64, 64], \"stride\": [262144, 262144, 4096, 64, 1]}, \"input\": {\"device\": \"cuda:0\", \"dtype\": \"torch.float32\", \"numel\": 524288, \"shape\": [1, 2, 64, 64, 64], \"stride\": [524288, 262144, 4096, 64, 1]}, \"pass\": 1, \"role\": \"secondary\"}, {\"feature\": {\"device\": \"cuda:0\", \"dtype\": \"torch.float32\", \"numel\": 16777216, \"shape\": [1, 2, 32, 64, 64, 64], \"stride\": [16777216, 8388608, 262144, 4096, 64, 1]}, \"heatmap0\": {\"device\": \"cuda:0\", \"dtype\": \"torch.float32\", \"numel\": 262144, \"shape\": [1, 1, 64, 64, 64], \"stride\": [262144, 262144, 4096, 64, 1]}, \"input\": {\"device\": \"cuda:0\", \"dtype\": \"torch.float32\", \"numel\": 524288, \"shape\": [1, 2, 64, 64, 64], \"stride\": [524288, 262144, 4096, 64, 1]}, \"pass\": 2, \"role\": \"secondary\"}, {\"feature\": {\"device\": \"cuda:0\", \"dtype\": \"torch.float32\", \"numel\": 16777216, \"shape\": [1, 2, 32, 64, 64, 64], \"stride\": [16777216, 8388608, 262144, 4096, 64, 1]}, \"heatmap0\": {\"device\": \"cuda:0\", \"dtype\": \"torch.float32\", \"numel\": 262144, \"shape\": [1, 1, 64, 64, 64], \"stride\": [262144, 262144, 4096, 64, 1]}, \"input\": {\"device\": \"cuda:0\", \"dtype\": \"torch.float32\", \"numel\": 524288, \"shape\": [1, 2, 64, 64, 64], \"stride\": [524288, 262144, 4096, 64, 1]}, \"pass\": 3, \"role\": \"secondary\"}, {\"feature\": {\"device\": \"cuda:0\", \"dtype\": \"torch.float32\", \"numel\": 16777216, \"shape\": [1, 2, 32, 64, 64, 64], \"stride\": [16777216, 8388608, 262144, 4096, 64, 1]}, \"heatmap0\": {\"device\": \"cuda:0\", \"dtype\": \"torch.float32\", \"numel\": 262144, \"shape\": [1, 1, 64, 64, 64], \"stride\": [262144, 262144, 4096, 64, 1]}, \"input\": {\"device\": \"cuda:0\", \"dtype\": \"torch.float32\", \"numel\": 524288, \"shape\": [1, 2, 64, 64, 64], \"stride\": [524288, 262144, 4096, 64, 1]}, \"pass\": 4, \"role\": \"secondary\"}, {\"feature\": {\"device\": \"cuda:0\", \"dtype\": \"torch.float32\", \"numel\": 16777216, \"shape\": [1, 2, 32, 64, 64, 64], \"stride\": [16777216, 8388608, 262144, 4096, 64, 1]}, \"heatmap0\": {\"device\": \"cuda:0\", \"dtype\": \"torch.float32\", \"numel\": 262144, \"shape\": [1, 1, 64, 64, 64], \"stride\": [262144, 262144, 4096, 64, 1]}, \"input\": {\"device\": \"cuda:0\", \"dtype\": \"torch.float32\", \"numel\": 524288, \"shape\": [1, 2, 64, 64, 64], \"stride\": [524288, 262144, 4096, 1, 64]}, \"pass\": 5, \"role\": \"secondary\"}, {\"feature\": {\"device\": \"cuda:0\", \"dtype\": \"torch.float32\", \"numel\": 16777216, \"shape\": [1, 2, 32, 64, 64, 64], \"stride\": [16777216, 8388608, 262144, 4096, 64, 1]}, \"heatmap0\": {\"device\": \"cuda:0\", \"dtype\": \"torch.float32\", \"numel\": 262144, \"shape\": [1, 1, 64, 64, 64], \"stride\": [262144, 262144, 4096, 64, 1]}, \"input\": {\"device\": \"cuda:0\", \"dtype\": \"torch.float32\", \"numel\": 524288, \"shape\": [1, 2, 64, 64, 64], \"stride\": [524288, 262144, 4096, 1, 64]}, \"pass\": 6, \"role\": \"secondary\"}, {\"feature\": {\"device\": \"cuda:0\", \"dtype\": \"torch.float32\", \"numel\": 16777216, \"shape\": [1, 2, 32, 64, 64, 64], \"stride\": [16777216, 8388608, 262144, 4096, 64, 1]}, \"heatmap0\": {\"device\": \"cuda:0\", \"dtype\": \"torch.float32\", \"numel\": 262144, \"shape\": [1, 1, 64, 64, 64], \"stride\": [262144, 262144, 4096, 64, 1]}, \"input\": {\"device\": \"cuda:0\", \"dtype\": \"torch.float32\", \"numel\": 524288, \"shape\": [1, 2, 64, 64, 64], \"stride\": [524288, 262144, 4096, 1, 64]}, \"pass\": 7, \"role\": \"secondary\"}, {\"feature\": {\"device\": \"cuda:0\", \"dtype\": \"torch.float32\", \"numel\": 16777216, \"shape\": [1, 2, 32, 64, 64, 64], \"stride\": [16777216, 8388608, 262144, 4096, 64, 1]}, \"heatmap0\": {\"device\": \"cuda:0\", \"dtype\": \"torch.float32\", \"numel\": 262144, \"shape\": [1, 1, 64, 64, 64], \"stride\": [262144, 262144, 4096, 64, 1]}, \"input\": {\"device\": \"cuda:0\", \"dtype\": \"torch.float32\", \"numel\": 524288, \"shape\": [1, 2, 64, 64, 64], \"stride\": [524288, 262144, 4096, 1, 64]}, \"pass\": 8, \"role\": \"secondary\"}], \"event\": \"actual_predictor_window\", \"frames\": [0, 1], \"input\": {\"all_finite\": true, \"device\": \"cuda:0\", \"dtype\": \"torch.float32\", \"numel\": 524288, \"shape\": [1, 2, 64, 64, 64], \"stride\": [524288, 262144, 4096, 64, 1]}, \"input_parent\": \"/kaggle/input/competitions/biohub-cell-tracking-during-development/train\", \"seconds_including_common_audit\": 2.0783410050003113, \"window_index\": 1, \"worker_execution_settings\": {\"autocast_enabled\": false, \"cuda_runtime\": \"12.8\", \"cudnn_allow_tf32\": true, \"cudnn_benchmark\": false, \"cudnn_deterministic\": false, \"default_dtype\": \"torch.float32\", \"deterministic_algorithms\": false, \"float32_matmul_precision\": \"highest\", \"gpu_name\": \"Tesla T4\", \"grad_enabled\": false, \"matmul_allow_tf32\": false, \"torch_initial_seed\": 1326939678888861713, \"torch_version\": \"2.10.0+cu128\"}}\n"}
,{"stream_name":"stdout","time":1519.308509339,"data":"EDGE_TTA_ACTIVE views= 8 mean_abs_feat_delta= 0.325229\n"}
,{"stream_name":"stdout","time":1520.344867805,"data":"EDGE_TTA_ACTIVE views= 8 mean_abs_feat_delta= 0.367044\n"}
,{"stream_name":"stdout","time":1520.547696122,"data":"EDGE_TTA_ACTIVE views= 8 mean_abs_feat_delta= 0.367044\n"}
,{"stream_name":"stdout","time":1521.273762726,"data":"BIOHUB_RETENTION_GUARD {\"blended_candidates\": 429, \"dataset\": \"44b6_2a2eff9f\", \"frame\": 2, \"minimum_retention\": 0.9, \"primary_candidates\": 528, \"retention\": 0.8125, \"use_primary\": true}\n"}
,{"stream_name":"stdout","time":1521.47590992,"data":"BIOHUB_RETENTION_GUARD {\"blended_candidates\": 429, \"dataset\": \"44b6_2a2eff9f\", \"frame\": 2, \"minimum_retention\": 0.9, \"primary_candidates\": 528, \"retention\": 0.8125, \"use_primary\": true}\n"}
,{"stream_name":"stdout","time":1521.510512354,"data":"EDGE_TTA_ACTIVE views= 8 mean_abs_feat_delta= 0.329605\n"}
,{"stream_name":"stdout","time":1521.713054047,"data":"EDGE_TTA_ACTIVE views= 8 mean_abs_feat_delta= 0.329605\n"}
,{"stream_name":"stdout","time":1522.423687042,"data":"EDGE_TTA_ACTIVE views= 8 mean_abs_feat_delta= 0.367038\n"}
,{"stream_name":"stdout","time":1522.626181151,"data":"EDGE_TTA_ACTIVE views= 8 mean_abs_feat_delta= 0.367038\n"}
,{"stream_name":"stdout","time":1523.351897744,"data":"BIOHUB_RETENTION_GUARD {\"blended_candidates\": 403, \"dataset\": \"44b6_2a2eff9f\", \"frame\": 3, \"minimum_retention\": 0.9, \"primary_candidates\": 515, \"retention\": 0.7825242718446602, \"use_primary\": true}\n"}
,{"stream_name":"stdout","time":1523.554736938,"data":"BIOHUB_RETENTION_GUARD {\"blended_candidates\": 403, \"dataset\": \"44b6_2a2eff9f\", \"frame\": 3, \"minimum_retention\": 0.9, \"primary_candidates\": 515, \"retention\": 0.7825242718446602, \"use_primary\": true}\n"}
,{"stream_name":"stdout","time":1523.706403098,"data":"EDGE_TTA_ACTIVE views= 8 mean_abs_feat_delta= 0.337701\n"}
,{"stream_name":"stdout","time":1523.908553991,"data":"EDGE_TTA_ACTIVE views= 8 mean_abs_feat_delta= 0.337701\n"}
,{"stream_name":"stdout","time":1524.489465545,"data":"EDGE_TTA_ACTIVE views= 8 mean_abs_feat_delta= 0.366333\n"}
,{"stream_name":"stdout","time":1524.691769726,"data":"EDGE_TTA_ACTIVE views= 8 mean_abs_feat_delta= 0.366333\n"}
,{"stream_name":"stdout","time":1525.41792812,"data":"BIOHUB_RETENTION_GUARD {\"blended_candidates\": 448, \"dataset\": \"44b6_2a2eff9f\", \"frame\": 4, \"minimum_retention\": 0.9, \"primary_candidates\": 536, \"retention\": 0.835820895522388, \"use_primary\": true}\n"}
,{"stream_name":"stdout","time":1525.620643881,"data":"BIOHUB_RETENTION_GUARD {\"blended_candidates\": 448, \"dataset\": \"44b6_2a2eff9f\", \"frame\": 4, \"minimum_retention\": 0.9, \"primary_candidates\": 536, \"retention\": 0.835820895522388, \"use_primary\": true}\n"}
,{"stream_name":"stdout","time":1525.898597501,"data":"EDGE_TTA_ACTIVE views= 8 mean_abs_feat_delta= 0.335302\n"}
,{"stream_name":"stdout","time":1526.101045423,"data":"EDGE_TTA_ACTIVE views= 8 mean_abs_feat_delta= 0.335302\n"}
,{"stream_name":"stdout","time":1526.531876168,"data":"EDGE_TTA_ACTIVE views= 8 mean_abs_feat_delta= 0.368384\n"}
,{"stream_name":"stdout","time":1526.790291341,"data":"EDGE_TTA_ACTIVE views= 8 mean_abs_feat_delta= 0.368384\n"}
,{"stream_name":"stdout","time":1526.936109019,"data":"BIOHUB_RETENTION_GUARD {\"blended_candidates\": 90, \"dataset\": \"44b6_341df25f\", \"frame\": 27, \"minimum_retention\": 0.9, \"primary_candidates\": 101, \"retention\": 0.8910891089108911, \"use_primary\": true}\n"}
,{"stream_name":"stdout","time":1527.138549304,"data":"BIOHUB_RETENTION_GUARD {\"blended_candidates\": 90, \"dataset\": \"44b6_341df25f\", \"frame\": 27, \"minimum_retention\": 0.9, \"primary_candidates\": 101, \"retention\": 0.8910891089108911, \"use_primary\": true}\n"}
,{"stream_name":"stdout","time":1527.459372082,"data":"BIOHUB_RETENTION_GUARD {\"blended_candidates\": 433, \"dataset\": \"44b6_2a2eff9f\", \"frame\": 5, \"minimum_retention\": 0.9, \"primary_candidates\": 534, \"retention\": 0.8108614232209738, \"use_primary\": true}\n"}
,{"stream_name":"stdout","time":1527.66190251,"data":"BIOHUB_RETENTION_GUARD {\"blended_candidates\": 433, \"dataset\": \"44b6_2a2eff9f\", \"frame\": 5, \"minimum_retention\": 0.9, \"primary_candidates\": 534, \"retention\": 0.8108614232209738, \"use_primary\": true}\n"}
,{"stream_name":"stdout","time":1528.096680375,"data":"EDGE_TTA_ACTIVE views= 8 mean_abs_feat_delta= 0.340387\n"}
,{"stream_name":"stdout","time":1528.299008762,"data":"EDGE_TTA_ACTIVE views= 8 mean_abs_feat_delta= 0.340387\n"}
,{"stream_name":"stdout","time":1528.59583932,"data":"EDGE_TTA_ACTIVE views= 8 mean_abs_feat_delta= 0.369645\n"}
,{"stream_name":"stdout","time":1528.798251367,"data":"EDGE_TTA_ACTIVE views= 8 mean_abs_feat_delta= 0.369645\n"}
,{"stream_name":"stdout","time":1529.525908513,"data":"BIOHUB_RETENTION_GUARD {\"blended_candidates\": 432, \"dataset\": \"44b6_2a2eff9f\", \"frame\": 6, \"minimum_retention\": 0.9, \"primary_candidates\": 542, \"retention\": 0.7970479704797048, \"use_primary\": true}\n"}
,{"stream_name":"stdout","time":1529.72832721,"data":"BIOHUB_RETENTION_GUARD {\"blended_candidates\": 432, \"dataset\": \"44b6_2a2eff9f\", \"frame\": 6, \"minimum_retention\": 0.9, \"primary_candidates\": 542, \"retention\": 0.7970479704797048, \"use_primary\": true}\n"}
,{"stream_name":"stdout","time":1530.246298248,"data":"EDGE_TTA_ACTIVE views= 8 mean_abs_feat_delta= 0.34191\n"}
,{"stream_name":"stdout","time":1530.448717452,"data":"EDGE_TTA_ACTIVE views= 8 mean_abs_feat_delta= 0.34191\n"}
,{"stream_name":"stdout","time":1530.663063301,"data":"EDGE_TTA_ACTIVE views= 8 mean_abs_feat_delta= 0.375347\n"}
,{"stream_name":"stdout","time":1530.865302597,"data":"EDGE_TTA_ACTIVE views= 8 mean_abs_feat_delta= 0.375347\n"}
,{"stream_name":"stdout","time":1531.589088249,"data":"BIOHUB_RETENTION_GUARD {\"blended_candidates\": 403, \"dataset\": \"44b6_2a2eff9f\", \"frame\": 7, \"minimum_retention\": 0.9, \"primary_candidates\": 527, \"retention\": 0.7647058823529411, \"use_primary\": true}\n"}
,{"stream_name":"stdout","time":1531.791180164,"data":"BIOHUB_RETENTION_GUARD {\"blended_candidates\": 403, \"dataset\": \"44b6_2a2eff9f\", \"frame\": 7, \"minimum_retention\": 0.9, \"primary_candidates\": 527, \"retention\": 0.7647058823529411, \"use_primary\": true}\n"}
,{"stream_name":"stdout","time":1532.405511422,"data":"EDGE_TTA_ACTIVE views= 8 mean_abs_feat_delta= 0.340312\n"}
,{"stream_name":"stdout","time":1532.607814193,"data":"EDGE_TTA_ACTIVE views= 8 mean_abs_feat_delta= 0.340312\n"}
,{"stream_name":"stdout","time":1532.792909119,"data":"EDGE_TTA_ACTIVE views= 8 mean_abs_feat_delta= 0.384044\n"}
,{"stream_name":"stdout","time":1532.995444871,"data":"EDGE_TTA_ACTIVE views= 8 mean_abs_feat_delta= 0.384044\n"}
,{"stream_name":"stdout","time":1533.716201064,"data":"BIOHUB_RETENTION_GUARD {\"blended_candidates\": 402, \"dataset\": \"44b6_2a2eff9f\", \"frame\": 8, \"minimum_retention\": 0.9, \"primary_candidates\": 522, \"retention\": 0.7701149425287356, \"use_primary\": true}\n"}
,{"stream_name":"stdout","time":1533.918659414,"data":"BIOHUB_RETENTION_GUARD {\"blended_candidates\": 402, \"dataset\": \"44b6_2a2eff9f\", \"frame\": 8, \"minimum_retention\": 0.9, \"primary_candidates\": 522, \"retention\": 0.7701149425287356, \"use_primary\": true}\n"}
,{"stream_name":"stdout","time":1534.479284306,"data":"EDGE_TTA_ACTIVE views= 8 mean_abs_feat_delta= 0.338733\n"}
,{"stream_name":"stdout","time":1534.681627769,"data":"EDGE_TTA_ACTIVE views= 8 mean_abs_feat_delta= 0.338733\n"}
,{"stream_name":"stdout","time":1534.83436341,"data":"EDGE_TTA_ACTIVE views= 8 mean_abs_feat_delta= 0.383452\n"}
,{"stream_name":"stdout","time":1535.036787698,"data":"EDGE_TTA_ACTIVE views= 8 mean_abs_feat_delta= 0.383452\n"}
,{"stream_name":"stdout","time":1535.757113982,"data":"BIOHUB_RETENTION_GUARD {\"blended_candidates\": 429, \"dataset\": \"44b6_2a2eff9f\", \"frame\": 9, \"minimum_retention\": 0.9, \"primary_candidates\": 539, \"retention\": 0.7959183673469388, \"use_primary\": true}\n"}
,{"stream_name":"stdout","time":1535.959469854,"data":"BIOHUB_RETENTION_GUARD {\"blended_candidates\": 429, \"dataset\": \"44b6_2a2eff9f\", \"frame\": 9, \"minimum_retention\": 0.9, \"primary_candidates\": 539, \"retention\": 0.7959183673469388, \"use_primary\": true}\n"}
,{"stream_name":"stdout","time":1536.521781037,"data":"EDGE_TTA_ACTIVE views= 8 mean_abs_feat_delta= 0.338922\n"}
,{"stream_name":"stdout","time":1536.724115654,"data":"EDGE_TTA_ACTIVE views= 8 mean_abs_feat_delta= 0.338922\n"}
,{"stream_name":"stdout","time":1536.921839592,"data":"EDGE_TTA_ACTIVE views= 8 mean_abs_feat_delta= 0.383048\n"}
,{"stream_name":"stdout","time":1537.124452431,"data":"EDGE_TTA_ACTIVE views= 8 mean_abs_feat_delta= 0.383048\n"}
,{"stream_name":"stdout","time":1537.845793059,"data":"BIOHUB_RETENTION_GUARD {\"blended_candidates\": 399, \"dataset\": \"44b6_2a2eff9f\", \"frame\": 10, \"minimum_retention\": 0.9, \"primary_candidates\": 511, \"retention\": 0.7808219178082192, \"use_primary\": true}\n"}
,{"stream_name":"stdout","time":1538.048624273,"data":"BIOHUB_RETENTION_GUARD {\"blended_candidates\": 399, \"dataset\": \"44b6_2a2eff9f\", \"frame\": 10, \"minimum_retention\": 0.9, \"primary_candidates\": 511, \"retention\": 0.7808219178082192, \"use_primary\": true}\n"}
,{"stream_name":"stdout","time":1538.576159073,"data":"EDGE_TTA_ACTIVE views= 8 mean_abs_feat_delta= 0.336195\n"}
,{"stream_name":"stdout","time":1538.77841174,"data":"EDGE_TTA_ACTIVE views= 8 mean_abs_feat_delta= 0.336195\n"}
,{"stream_name":"stdout","time":1538.947716743,"data":"EDGE_TTA_ACTIVE views= 8 mean_abs_feat_delta= 0.378293\n"}
,{"stream_name":"stdout","time":1539.149674389,"data":"EDGE_TTA_ACTIVE views= 8 mean_abs_feat_delta= 0.378293\n"}
,{"stream_name":"stdout","time":1539.865257879,"data":"BIOHUB_RETENTION_GUARD {\"blended_candidates\": 443, \"dataset\": \"44b6_2a2eff9f\", \"frame\": 11, \"minimum_retention\": 0.9, \"primary_candidates\": 529, \"retention\": 0.8374291115311909, \"use_primary\": true}\n"}
,{"stream_name":"stdout","time":1540.067837682,"data":"BIOHUB_RETENTION_GUARD {\"blended_candidates\": 443, \"dataset\": \"44b6_2a2eff9f\", \"frame\": 11, \"minimum_retention\": 0.9, \"primary_candidates\": 529, \"retention\": 0.8374291115311909, \"use_primary\": true}\n"}
,{"stream_name":"stdout","time":1540.652274617,"data":"EDGE_TTA_ACTIVE views= 8 mean_abs_feat_delta= 0.339932\n"}
,{"stream_name":"stdout","time":1540.854423215,"data":"EDGE_TTA_ACTIVE views= 8 mean_abs_feat_delta= 0.339932\n"}
,{"stream_name":"stdout","time":1540.957045102,"data":"EDGE_TTA_ACTIVE views= 8 mean_abs_feat_delta= 0.378679\n"}
,{"stream_name":"stdout","time":1541.15980856,"data":"EDGE_TTA_ACTIVE views= 8 mean_abs_feat_delta= 0.378679\n"}
,{"stream_name":"stdout","time":1541.879096553,"data":"BIOHUB_RETENTION_GUARD {\"blended_candidates\": 404, \"dataset\": \"44b6_2a2eff9f\", \"frame\": 12, \"minimum_retention\": 0.9, \"primary_candidates\": 496, \"retention\": 0.8145161290322581, \"use_primary\": true}\n"}
,{"stream_name":"stdout","time":1542.081024204,"data":"BIOHUB_RETENTION_GUARD {\"blended_candidates\": 404, \"dataset\": \"44b6_2a2eff9f\", \"frame\": 12, \"minimum_retention\": 0.9, \"primary_candidates\": 496, \"retention\": 0.8145161290322581, \"use_primary\": true}\n"}
,{"stream_name":"stdout","time":1542.745706015,"data":"EDGE_TTA_ACTIVE views= 8 mean_abs_feat_delta= 0.338352\n"}
,{"stream_name":"stdout","time":1542.948188235,"data":"EDGE_TTA_ACTIVE views= 8 mean_abs_feat_delta= 0.338352\n"}
,{"stream_name":"stdout","time":1542.996731739,"data":"EDGE_TTA_ACTIVE views= 8 mean_abs_feat_delta= 0.377433\n"}
,{"stream_name":"stdout","time":1543.198870475,"data":"EDGE_TTA_ACTIVE views= 8 mean_abs_feat_delta= 0.377433\n"}
,{"stream_name":"stdout","time":1543.913083136,"data":"BIOHUB_RETENTION_GUARD {\"blended_candidates\": 382, \"dataset\": \"44b6_2a2eff9f\", \"frame\": 13, \"minimum_retention\": 0.9, \"primary_candidates\": 500, \"retention\": 0.764, \"use_primary\": true}\n"}
,{"stream_name":"stdout","time":1544.115298359,"data":"BIOHUB_RETENTION_GUARD {\"blended_candidates\": 382, \"dataset\": \"44b6_2a2eff9f\", \"frame\": 13, \"minimum_retention\": 0.9, \"primary_candidates\": 500, \"retention\": 0.764, \"use_primary\": true}\n"}
,{"stream_name":"stdout","time":1544.813743559,"data":"EDGE_TTA_ACTIVE views= 8 mean_abs_feat_delta= 0.341813\n"}
,{"stream_name":"stdout","time":1544.991478532,"data":"EDGE_TTA_ACTIVE views= 8 mean_abs_feat_delta= 0.372459\n"}
,{"stream_name":"stdout","time":1545.016155963,"data":"EDGE_TTA_ACTIVE views= 8 mean_abs_feat_delta= 0.341813\n"}
,{"stream_name":"stdout","time":1545.01617847,"data":"EDGE_TTA_ACTIVE views= 8 mean_abs_feat_delta= 0.372459\n"}
,{"stream_name":"stdout","time":1545.908494617,"data":"BIOHUB_RETENTION_GUARD {\"blended_candidates\": 380, \"dataset\": \"44b6_2a2eff9f\", \"frame\": 14, \"minimum_retention\": 0.9, \"primary_candidates\": 487, \"retention\": 0.7802874743326489, \"use_primary\": true}\n"}
,{"stream_name":"stdout","time":1546.110494618,"data":"BIOHUB_RETENTION_GUARD {\"blended_candidates\": 380, \"dataset\": \"44b6_2a2eff9f\", \"frame\": 14, \"minimum_retention\": 0.9, \"primary_candidates\": 487, \"retention\": 0.7802874743326489, \"use_primary\": true}\n"}
,{"stream_name":"stdout","time":1546.818234067,"data":"EDGE_TTA_ACTIVE views= 8 mean_abs_feat_delta= 0.344274\n"}
,{"stream_name":"stdout","time":1547.020571411,"data":"EDGE_TTA_ACTIVE views= 8 mean_abs_feat_delta= 0.344274\n"}
,{"stream_name":"stdout","time":1547.060923342,"data":"EDGE_TTA_ACTIVE views= 8 mean_abs_feat_delta= 0.374765\n"}
,{"stream_name":"stdout","time":1547.263370828,"data":"EDGE_TTA_ACTIVE views= 8 mean_abs_feat_delta= 0.374765\n"}
,{"stream_name":"stdout","time":1547.977589432,"data":"BIOHUB_RETENTION_GUARD {\"blended_candidates\": 369, \"dataset\": \"44b6_2a2eff9f\", \"frame\": 15, \"minimum_retention\": 0.9, \"primary_candidates\": 473, \"retention\": 0.7801268498942917, \"use_primary\": true}\n"}
,{"stream_name":"stdout","time":1548.17963234,"data":"BIOHUB_RETENTION_GUARD {\"blended_candidates\": 369, \"dataset\": \"44b6_2a2eff9f\", \"frame\": 15, \"minimum_retention\": 0.9, \"primary_candidates\": 473, \"retention\": 0.7801268498942917, \"use_primary\": true}\n"}
,{"stream_name":"stdout","time":1548.825284064,"data":"EDGE_TTA_ACTIVE views= 8 mean_abs_feat_delta= 0.342944\n"}
,{"stream_name":"stdout","time":1549.027754687,"data":"EDGE_TTA_ACTIVE views= 8 mean_abs_feat_delta= 0.342944\n"}
,{"stream_name":"stdout","time":1549.088165749,"data":"EDGE_TTA_ACTIVE views= 8 mean_abs_feat_delta= 0.3767\n"}
,{"stream_name":"stdout","time":1549.290555896,"data":"EDGE_TTA_ACTIVE views= 8 mean_abs_feat_delta= 0.3767\n"}
,{"stream_name":"stdout","time":1550.004902902,"data":"BIOHUB_RETENTION_GUARD {\"blended_candidates\": 327, \"dataset\": \"44b6_2a2eff9f\", \"frame\": 16, \"minimum_retention\": 0.9, \"primary_candidates\": 471, \"retention\": 0.6942675159235668, \"use_primary\": true}\n"}
,{"stream_name":"stdout","time":1550.207340006,"data":"BIOHUB_RETENTION_GUARD {\"blended_candidates\": 327, \"dataset\": \"44b6_2a2eff9f\", \"frame\": 16, \"minimum_retention\": 0.9, \"primary_candidates\": 471, \"retention\": 0.6942675159235668, \"use_primary\": true}\n"}
,{"stream_name":"stdout","time":1550.83164345,"data":"EDGE_TTA_ACTIVE views= 8 mean_abs_feat_delta= 0.328478\n"}
,{"stream_name":"stdout","time":1551.034413347,"data":"EDGE_TTA_ACTIVE views= 8 mean_abs_feat_delta= 0.328478\n"}
,{"stream_name":"stdout","time":1551.104212992,"data":"EDGE_TTA_ACTIVE views= 8 mean_abs_feat_delta= 0.375285\n"}
,{"stream_name":"stdout","time":1551.306609978,"data":"EDGE_TTA_ACTIVE views= 8 mean_abs_feat_delta= 0.375285\n"}
,{"stream_name":"stdout","time":1552.020124367,"data":"BIOHUB_RETENTION_GUARD {\"blended_candidates\": 301, \"dataset\": \"44b6_2a2eff9f\", \"frame\": 17, \"minimum_retention\": 0.9, \"primary_candidates\": 445, \"retention\": 0.6764044943820224, \"use_primary\": true}\n"}
,{"stream_name":"stdout","time":1552.222642758,"data":"BIOHUB_RETENTION_GUARD {\"blended_candidates\": 301, \"dataset\": \"44b6_2a2eff9f\", \"frame\": 17, \"minimum_retention\": 0.9, \"primary_candidates\": 445, \"retention\": 0.6764044943820224, \"use_primary\": true}\n"}
,{"stream_name":"stdout","time":1552.876542449,"data":"EDGE_TTA_ACTIVE views= 8 mean_abs_feat_delta= 0.333556\n"}
,{"stream_name":"stdout","time":1553.079252923,"data":"EDGE_TTA_ACTIVE views= 8 mean_abs_feat_delta= 0.333556\n"}
,{"stream_name":"stdout","time":1553.114350484,"data":"EDGE_TTA_ACTIVE views= 8 mean_abs_feat_delta= 0.374333\n"}
,{"stream_name":"stdout","time":1553.316597292,"data":"EDGE_TTA_ACTIVE views= 8 mean_abs_feat_delta= 0.374333\n"}
,{"stream_name":"stdout","time":1554.029582892,"data":"BIOHUB_RETENTION_GUARD {\"blended_candidates\": 388, \"dataset\": \"44b6_2a2eff9f\", \"frame\": 18, \"minimum_retention\": 0.9, \"primary_candidates\": 478, \"retention\": 0.8117154811715481, \"use_primary\": true}\n"}
,{"stream_name":"stdout","time":1554.231992256,"data":"BIOHUB_RETENTION_GUARD {\"blended_candidates\": 388, \"dataset\": \"44b6_2a2eff9f\", \"frame\": 18, \"minimum_retention\": 0.9, \"primary_candidates\": 478, \"retention\": 0.8117154811715481, \"use_primary\": true}\n"}
,{"stream_name":"stdout","time":1554.905497945,"data":"EDGE_TTA_ACTIVE views= 8 mean_abs_feat_delta= 0.337329\n"}
,{"stream_name":"stdout","time":1555.096790881,"data":"EDGE_TTA_ACTIVE views= 8 mean_abs_feat_delta= 0.371061\n"}
,{"stream_name":"stdout","time":1555.108136299,"data":"EDGE_TTA_ACTIVE views= 8 mean_abs_feat_delta= 0.337329\n"}
,{"stream_name":"stdout","time":1555.108194534,"data":"EDGE_TTA_ACTIVE views= 8 mean_abs_feat_delta= 0.371061\n"}
,{"stream_name":"stdout","time":1556.014416353,"data":"BIOHUB_RETENTION_GUARD {\"blended_candidates\": 360, \"dataset\": \"44b6_2a2eff9f\", \"frame\": 19, \"minimum_retention\": 0.9, \"primary_candidates\": 466, \"retention\": 0.7725321888412017, \"use_primary\": true}\n"}
,{"stream_name":"stdout","time":1556.216745078,"data":"BIOHUB_RETENTION_GUARD {\"blended_candidates\": 360, \"dataset\": \"44b6_2a2eff9f\", \"frame\": 19, \"minimum_retention\": 0.9, \"primary_candidates\": 466, \"retention\": 0.7725321888412017, \"use_primary\": true}\n"}
,{"stream_name":"stdout","time":1556.931129452,"data":"EDGE_TTA_ACTIVE views= 8 mean_abs_feat_delta= 0.336948\n"}
,{"stream_name":"stdout","time":1557.091981469,"data":"EDGE_TTA_ACTIVE views= 8 mean_abs_feat_delta= 0.368032\n"}
,{"stream_name":"stdout","time":1557.19294157,"data":"EDGE_TTA_ACTIVE views= 8 mean_abs_feat_delta= 0.336948\n"}
,{"stream_name":"stdout","time":1557.192966483,"data":"EDGE_TTA_ACTIVE views= 8 mean_abs_feat_delta= 0.368032\n"}
,{"stream_name":"stdout","time":1558.011263737,"data":"BIOHUB_RETENTION_GUARD {\"blended_candidates\": 394, \"dataset\": \"44b6_2a2eff9f\", \"frame\": 20, \"minimum_retention\": 0.9, \"primary_candidates\": 496, \"retention\": 0.7943548387096774, \"use_primary\": true}\n"}
,{"stream_name":"stdout","time":1558.213717563,"data":"BIOHUB_RETENTION_GUARD {\"blended_candidates\": 394, \"dataset\": \"44b6_2a2eff9f\", \"frame\": 20, \"minimum_retention\": 0.9, \"primary_candidates\": 496, \"retention\": 0.7943548387096774, \"use_primary\": true}\n"}
,{"stream_name":"stdout","time":1558.979880381,"data":"EDGE_TTA_ACTIVE views= 8 mean_abs_feat_delta= 0.340784\n"}
,{"stream_name":"stdout","time":1559.119107296,"data":"EDGE_TTA_ACTIVE views= 8 mean_abs_feat_delta= 0.369114\n"}
,{"stream_name":"stdout","time":1559.182437771,"data":"EDGE_TTA_ACTIVE views= 8 mean_abs_feat_delta= 0.340784\n"}
,{"stream_name":"stdout","time":1559.18246384,"data":"EDGE_TTA_ACTIVE views= 8 mean_abs_feat_delta= 0.369114\n"}
,{"stream_name":"stdout","time":1560.034901329,"data":"BIOHUB_RETENTION_GUARD {\"blended_candidates\": 396, \"dataset\": \"44b6_2a2eff9f\", \"frame\": 21, \"minimum_retention\": 0.9, \"primary_candidates\": 487, \"retention\": 0.813141683778234, \"use_primary\": true}\n"}
,{"stream_name":"stdout","time":1560.237411083,"data":"BIOHUB_RETENTION_GUARD {\"blended_candidates\": 396, \"dataset\": \"44b6_2a2eff9f\", \"frame\": 21, \"minimum_retention\": 0.9, \"primary_candidates\": 487, \"retention\": 0.813141683778234, \"use_primary\": true}\n"}
,{"stream_name":"stdout","time":1561.00663934,"data":"EDGE_TTA_ACTIVE views= 8 mean_abs_feat_delta= 0.343654\n"}
,{"stream_name":"stdout","time":1561.120281387,"data":"EDGE_TTA_ACTIVE views= 8 mean_abs_feat_delta= 0.370244\n"}
,{"stream_name":"stdout","time":1561.209595439,"data":"EDGE_TTA_ACTIVE views= 8 mean_abs_feat_delta= 0.343654\n"}
,{"stream_name":"stdout","time":1561.209618605,"data":"EDGE_TTA_ACTIVE views= 8 mean_abs_feat_delta= 0.370244\n"}
,{"stream_name":"stdout","time":1562.03859864,"data":"BIOHUB_RETENTION_GUARD {\"blended_candidates\": 341, \"dataset\": \"44b6_2a2eff9f\", \"frame\": 22, \"minimum_retention\": 0.9, \"primary_candidates\": 457, \"retention\": 0.7461706783369803, \"use_primary\": true}\n"}
,{"stream_name":"stdout","time":1562.240817227,"data":"BIOHUB_RETENTION_GUARD {\"blended_candidates\": 341, \"dataset\": \"44b6_2a2eff9f\", \"frame\": 22, \"minimum_retention\": 0.9, \"primary_candidates\": 457, \"retention\": 0.7461706783369803, \"use_primary\": true}\n"}
,{"stream_name":"stdout","time":1563.029707736,"data":"EDGE_TTA_ACTIVE views= 8 mean_abs_feat_delta= 0.342462\n"}
,{"stream_name":"stdout","time":1563.130253612,"data":"EDGE_TTA_ACTIVE views= 8 mean_abs_feat_delta= 0.371332\n"}
,{"stream_name":"stdout","time":1563.232299772,"data":"EDGE_TTA_ACTIVE views= 8 mean_abs_feat_delta= 0.342462\n"}
,{"stream_name":"stdout","time":1563.232361951,"data":"EDGE_TTA_ACTIVE views= 8 mean_abs_feat_delta= 0.371332\n"}
,{"stream_name":"stdout","time":1564.05101995,"data":"BIOHUB_RETENTION_GUARD {\"blended_candidates\": 360, \"dataset\": \"44b6_2a2eff9f\", \"frame\": 23, \"minimum_retention\": 0.9, \"primary_candidates\": 468, \"retention\": 0.7692307692307693, \"use_primary\": true}\n"}
,{"stream_name":"stdout","time":1564.254434401,"data":"BIOHUB_RETENTION_GUARD {\"blended_candidates\": 360, \"dataset\": \"44b6_2a2eff9f\", \"frame\": 23, \"minimum_retention\": 0.9, \"primary_candidates\": 468, \"retention\": 0.7692307692307693, \"use_primary\": true}\n"}
,{"stream_name":"stdout","time":1565.03350754,"data":"EDGE_TTA_ACTIVE views= 8 mean_abs_feat_delta= 0.338408\n"}
,{"stream_name":"stdout","time":1565.156409613,"data":"EDGE_TTA_ACTIVE views= 8 mean_abs_feat_delta= 0.37097\n"}
,{"stream_name":"stdout","time":1565.236018346,"data":"EDGE_TTA_ACTIVE views= 8 mean_abs_feat_delta= 0.338408\n"}
,{"stream_name":"stdout","time":1565.236047606,"data":"EDGE_TTA_ACTIVE views= 8 mean_abs_feat_delta= 0.37097\n"}
,{"stream_name":"stdout","time":1566.07652,"data":"BIOHUB_RETENTION_GUARD {\"blended_candidates\": 369, \"dataset\": \"44b6_2a2eff9f\", \"frame\": 24, \"minimum_retention\": 0.9, \"primary_candidates\": 471, \"retention\": 0.7834394904458599, \"use_primary\": true}\n"}
,{"stream_name":"stdout","time":1566.278757145,"data":"BIOHUB_RETENTION_GUARD {\"blended_candidates\": 369, \"dataset\": \"44b6_2a2eff9f\", \"frame\": 24, \"minimum_retention\": 0.9, \"primary_candidates\": 471, \"retention\": 0.7834394904458599, \"use_primary\": true}\n"}
,{"stream_name":"stdout","time":1567.075335656,"data":"EDGE_TTA_ACTIVE views= 8 mean_abs_feat_delta= 0.339472\n"}
,{"stream_name":"stdout","time":1567.212106413,"data":"EDGE_TTA_ACTIVE views= 8 mean_abs_feat_delta= 0.377559\n"}
,{"stream_name":"stdout","time":1567.277815987,"data":"EDGE_TTA_ACTIVE views= 8 mean_abs_feat_delta= 0.339472\n"}
,{"stream_name":"stdout","time":1567.277846467,"data":"EDGE_TTA_ACTIVE views= 8 mean_abs_feat_delta= 0.377559\n"}
,{"stream_name":"stdout","time":1568.133630449,"data":"BIOHUB_RETENTION_GUARD {\"blended_candidates\": 347, \"dataset\": \"44b6_2a2eff9f\", \"frame\": 25, \"minimum_retention\": 0.9, \"primary_candidates\": 445, \"retention\": 0.7797752808988764, \"use_primary\": true}\n"}
,{"stream_name":"stdout","time":1568.336618722,"data":"BIOHUB_RETENTION_GUARD {\"blended_candidates\": 347, \"dataset\": \"44b6_2a2eff9f\", \"frame\": 25, \"minimum_retention\": 0.9, \"primary_candidates\": 445, \"retention\": 0.7797752808988764, \"use_primary\": true}\n"}
,{"stream_name":"stdout","time":1569.120917898,"data":"EDGE_TTA_ACTIVE views= 8 mean_abs_feat_delta= 0.344435\n"}
,{"stream_name":"stdout","time":1569.238132668,"data":"EDGE_TTA_ACTIVE views= 8 mean_abs_feat_delta= 0.382061\n"}
,{"stream_name":"stdout","time":1569.323251772,"data":"EDGE_TTA_ACTIVE views= 8 mean_abs_feat_delta= 0.344435\n"}
,{"stream_name":"stdout","time":1569.323281717,"data":"EDGE_TTA_ACTIVE views= 8 mean_abs_feat_delta= 0.382061\n"}
,{"stream_name":"stdout","time":1570.16204552,"data":"BIOHUB_RETENTION_GUARD {\"blended_candidates\": 333, \"dataset\": \"44b6_2a2eff9f\", \"frame\": 26, \"minimum_retention\": 0.9, \"primary_candidates\": 440, \"retention\": 0.7568181818181818, \"use_primary\": true}\n"}
,{"stream_name":"stdout","time":1570.364945041,"data":"BIOHUB_RETENTION_GUARD {\"blended_candidates\": 333, \"dataset\": \"44b6_2a2eff9f\", \"frame\": 26, \"minimum_retention\": 0.9, \"primary_candidates\": 440, \"retention\": 0.7568181818181818, \"use_primary\": true}\n"}
,{"stream_name":"stdout","time":1571.205421949,"data":"EDGE_TTA_ACTIVE views= 8 mean_abs_feat_delta= 0.338009\n"}
,{"stream_name":"stdout","time":1571.264023875,"data":"EDGE_TTA_ACTIVE views= 8 mean_abs_feat_delta= 0.378629\n"}
,{"stream_name":"stdout","time":1571.407942324,"data":"EDGE_TTA_ACTIVE views= 8 mean_abs_feat_delta= 0.338009\n"}
,{"stream_name":"stdout","time":1571.407976495,"data":"EDGE_TTA_ACTIVE views= 8 mean_abs_feat_delta= 0.378629\n"}
,{"stream_name":"stdout","time":1572.185789737,"data":"BIOHUB_RETENTION_GUARD {\"blended_candidates\": 352, \"dataset\": \"44b6_2a2eff9f\", \"frame\": 27, \"minimum_retention\": 0.9, \"primary_candidates\": 462, \"retention\": 0.7619047619047619, \"use_primary\": true}\n"}
,{"stream_name":"stdout","time":1572.388160802,"data":"BIOHUB_RETENTION_GUARD {\"blended_candidates\": 352, \"dataset\": \"44b6_2a2eff9f\", \"frame\": 27, \"minimum_retention\": 0.9, \"primary_candidates\": 462, \"retention\": 0.7619047619047619, \"use_primary\": true}\n"}
,{"stream_name":"stdout","time":1573.289596518,"data":"EDGE_TTA_ACTIVE views= 8 mean_abs_feat_delta= 0.378592\n"}
,{"stream_name":"stdout","time":1573.289632192,"data":"EDGE_TTA_ACTIVE views= 8 mean_abs_feat_delta= 0.339771\n"}
,{"stream_name":"stdout","time":1573.491814579,"data":"EDGE_TTA_ACTIVE views= 8 mean_abs_feat_delta= 0.378592\n"}
,{"stream_name":"stdout","time":1573.491847016,"data":"EDGE_TTA_ACTIVE views= 8 mean_abs_feat_delta= 0.339771\n"}
,{"stream_name":"stdout","time":1574.213395629,"data":"BIOHUB_RETENTION_GUARD {\"blended_candidates\": 336, \"dataset\": \"44b6_2a2eff9f\", \"frame\": 28, \"minimum_retention\": 0.9, \"primary_candidates\": 458, \"retention\": 0.7336244541484717, \"use_primary\": true}\n"}
,{"stream_name":"stdout","time":1574.415728706,"data":"BIOHUB_RETENTION_GUARD {\"blended_candidates\": 336, \"dataset\": \"44b6_2a2eff9f\", \"frame\": 28, \"minimum_retention\": 0.9, \"primary_candidates\": 458, \"retention\": 0.7336244541484717, \"use_primary\": true}\n"}
,{"stream_name":"stdout","time":1575.295570777,"data":"EDGE_TTA_ACTIVE views= 8 mean_abs_feat_delta= 0.378468\n"}
,{"stream_name":"stdout","time":1575.333928746,"data":"EDGE_TTA_ACTIVE views= 8 mean_abs_feat_delta= 0.340586\n"}
,{"stream_name":"stdout","time":1575.498120206,"data":"EDGE_TTA_ACTIVE views= 8 mean_abs_feat_delta= 0.378468\n"}
,{"stream_name":"stdout","time":1575.498153168,"data":"EDGE_TTA_ACTIVE views= 8 mean_abs_feat_delta= 0.340586\n"}
,{"stream_name":"stdout","time":1576.222096839,"data":"BIOHUB_RETENTION_GUARD {\"blended_candidates\": 328, \"dataset\": \"44b6_2a2eff9f\", \"frame\": 29, \"minimum_retention\": 0.9, \"primary_candidates\": 458, \"retention\": 0.7161572052401747, \"use_primary\": true}\n"}
,{"stream_name":"stdout","time":1576.424788689,"data":"BIOHUB_RETENTION_GUARD {\"blended_candidates\": 328, \"dataset\": \"44b6_2a2eff9f\", \"frame\": 29, \"minimum_retention\": 0.9, \"primary_candidates\": 458, \"retention\": 0.7161572052401747, \"use_primary\": true}\n"}
,{"stream_name":"stdout","time":1577.37972509,"data":"EDGE_TTA_ACTIVE views= 8 mean_abs_feat_delta= 0.340374\n"}
,{"stream_name":"stdout","time":1577.385502991,"data":"EDGE_TTA_ACTIVE views= 8 mean_abs_feat_delta= 0.383462\n"}
,{"stream_name":"stdout","time":1577.58244515,"data":"EDGE_TTA_ACTIVE views= 8 mean_abs_feat_delta= 0.340374\n"}
,{"stream_name":"stdout","time":1577.582470817,"data":"EDGE_TTA_ACTIVE views= 8 mean_abs_feat_delta= 0.383462\n"}
,{"stream_name":"stdout","time":1578.314960038,"data":"BIOHUB_RETENTION_GUARD {\"blended_candidates\": 325, \"dataset\": \"44b6_2a2eff9f\", \"frame\": 30, \"minimum_retention\": 0.9, \"primary_candidates\": 446, \"retention\": 0.7286995515695067, \"use_primary\": true}\n"}
,{"stream_name":"stdout","time":1578.517634895,"data":"BIOHUB_RETENTION_GUARD {\"blended_candidates\": 325, \"dataset\": \"44b6_2a2eff9f\", \"frame\": 30, \"minimum_retention\": 0.9, \"primary_candidates\": 446, \"retention\": 0.7286995515695067, \"use_primary\": true}\n"}
,{"stream_name":"stdout","time":1579.454350974,"data":"EDGE_TTA_ACTIVE views= 8 mean_abs_feat_delta= 0.385872\n"}
,{"stream_name":"stdout","time":1579.46755204,"data":"EDGE_TTA_ACTIVE views= 8 mean_abs_feat_delta= 0.34437\n"}
,{"stream_name":"stdout","time":1579.656842363,"data":"EDGE_TTA_ACTIVE views= 8 mean_abs_feat_delta= 0.385872\n"}
,{"stream_name":"stdout","time":1579.656905621,"data":"EDGE_TTA_ACTIVE views= 8 mean_abs_feat_delta= 0.34437\n"}
,{"stream_name":"stdout","time":1580.386935002,"data":"BIOHUB_RETENTION_GUARD {\"blended_candidates\": 344, \"dataset\": \"44b6_2a2eff9f\", \"frame\": 31, \"minimum_retention\": 0.9, \"primary_candidates\": 450, \"retention\": 0.7644444444444445, \"use_primary\": true}\n"}
,{"stream_name":"stdout","time":1580.588812414,"data":"BIOHUB_RETENTION_GUARD {\"blended_candidates\": 344, \"dataset\": \"44b6_2a2eff9f\", \"frame\": 31, \"minimum_retention\": 0.9, \"primary_candidates\": 450, \"retention\": 0.7644444444444445, \"use_primary\": true}\n"}
,{"stream_name":"stdout","time":1581.524912147,"data":"EDGE_TTA_ACTIVE views= 8 mean_abs_feat_delta= 0.387909\n"}
,{"stream_name":"stdout","time":1581.528209884,"data":"EDGE_TTA_ACTIVE views= 8 mean_abs_feat_delta= 0.340669\n"}
,{"stream_name":"stdout","time":1581.727879274,"data":"EDGE_TTA_ACTIVE views= 8 mean_abs_feat_delta= 0.387909\n"}
,{"stream_name":"stdout","time":1581.727952174,"data":"EDGE_TTA_ACTIVE views= 8 mean_abs_feat_delta= 0.340669\n"}
,{"stream_name":"stdout","time":1582.456795517,"data":"BIOHUB_RETENTION_GUARD {\"blended_candidates\": 344, \"dataset\": \"44b6_2a2eff9f\", \"frame\": 32, \"minimum_retention\": 0.9, \"primary_candidates\": 460, \"retention\": 0.7478260869565218, \"use_primary\": true}\n"}
,{"stream_name":"stdout","time":1582.658933719,"data":"BIOHUB_RETENTION_GUARD {\"blended_candidates\": 344, \"dataset\": \"44b6_2a2eff9f\", \"frame\": 32, \"minimum_retention\": 0.9, \"primary_candidates\": 460, \"retention\": 0.7478260869565218, \"use_primary\": true}\n"}
,{"stream_name":"stdout","time":1583.573511239,"data":"EDGE_TTA_ACTIVE views= 8 mean_abs_feat_delta= 0.340289\n"}
,{"stream_name":"stdout","time":1583.603984967,"data":"EDGE_TTA_ACTIVE views= 8 mean_abs_feat_delta= 0.389825\n"}
,{"stream_name":"stdout","time":1583.775789362,"data":"EDGE_TTA_ACTIVE views= 8 mean_abs_feat_delta= 0.340289\n"}
,{"stream_name":"stdout","time":1583.775817706,"data":"EDGE_TTA_ACTIVE views= 8 mean_abs_feat_delta= 0.389825\n"}
,{"stream_name":"stdout","time":1584.537360753,"data":"BIOHUB_RETENTION_GUARD {\"blended_candidates\": 314, \"dataset\": \"44b6_2a2eff9f\", \"frame\": 33, \"minimum_retention\": 0.9, \"primary_candidates\": 440, \"retention\": 0.7136363636363636, \"use_primary\": true}\n"}
,{"stream_name":"stdout","time":1584.739769632,"data":"BIOHUB_RETENTION_GUARD {\"blended_candidates\": 314, \"dataset\": \"44b6_2a2eff9f\", \"frame\": 33, \"minimum_retention\": 0.9, \"primary_candidates\": 440, \"retention\": 0.7136363636363636, \"use_primary\": true}\n"}
,{"stream_name":"stdout","time":1585.662358948,"data":"EDGE_TTA_ACTIVE views= 8 mean_abs_feat_delta= 0.346245\n"}
,{"stream_name":"stdout","time":1585.686702475,"data":"EDGE_TTA_ACTIVE views= 8 mean_abs_feat_delta= 0.386081\n"}
,{"stream_name":"stdout","time":1585.86482435,"data":"EDGE_TTA_ACTIVE views= 8 mean_abs_feat_delta= 0.346245\n"}
,{"stream_name":"stdout","time":1585.864850983,"data":"EDGE_TTA_ACTIVE views= 8 mean_abs_feat_delta= 0.386081\n"}
,{"stream_name":"stdout","time":1586.621439255,"data":"BIOHUB_RETENTION_GUARD {\"blended_candidates\": 335, \"dataset\": \"44b6_2a2eff9f\", \"frame\": 34, \"minimum_retention\": 0.9, \"primary_candidates\": 454, \"retention\": 0.737885462555066, \"use_primary\": true}\n"}
,{"stream_name":"stdout","time":1586.824083164,"data":"BIOHUB_RETENTION_GUARD {\"blended_candidates\": 335, \"dataset\": \"44b6_2a2eff9f\", \"frame\": 34, \"minimum_retention\": 0.9, \"primary_candidates\": 454, \"retention\": 0.737885462555066, \"use_primary\": true}\n"}
,{"stream_name":"stdout","time":1587.744240423,"data":"EDGE_TTA_ACTIVE views= 8 mean_abs_feat_delta= 0.351971\n"}
,{"stream_name":"stdout","time":1587.808736009,"data":"EDGE_TTA_ACTIVE views= 8 mean_abs_feat_delta= 0.380286\n"}
,{"stream_name":"stdout","time":1588.006382634,"data":"EDGE_TTA_ACTIVE views= 8 mean_abs_feat_delta= 0.351971\n"}
,{"stream_name":"stdout","time":1588.006406768,"data":"EDGE_TTA_ACTIVE views= 8 mean_abs_feat_delta= 0.380286\n"}
,{"stream_name":"stdout","time":1588.747916747,"data":"BIOHUB_RETENTION_GUARD {\"blended_candidates\": 319, \"dataset\": \"44b6_2a2eff9f\", \"frame\": 35, \"minimum_retention\": 0.9, \"primary_candidates\": 448, \"retention\": 0.7120535714285714, \"use_primary\": true}\n"}
,{"stream_name":"stdout","time":1588.949996418,"data":"BIOHUB_RETENTION_GUARD {\"blended_candidates\": 319, \"dataset\": \"44b6_2a2eff9f\", \"frame\": 35, \"minimum_retention\": 0.9, \"primary_candidates\": 448, \"retention\": 0.7120535714285714, \"use_primary\": true}\n"}
,{"stream_name":"stdout","time":1589.842053967,"data":"EDGE_TTA_ACTIVE views= 8 mean_abs_feat_delta= 0.348058\n"}
,{"stream_name":"stdout","time":1589.910262136,"data":"EDGE_TTA_ACTIVE views= 8 mean_abs_feat_delta= 0.37797\n"}
,{"stream_name":"stdout","time":1590.044461854,"data":"EDGE_TTA_ACTIVE views= 8 mean_abs_feat_delta= 0.348058\n"}
,{"stream_name":"stdout","time":1590.044549014,"data":"EDGE_TTA_ACTIVE views= 8 mean_abs_feat_delta= 0.37797\n"}
,{"stream_name":"stdout","time":1590.848600234,"data":"BIOHUB_RETENTION_GUARD {\"blended_candidates\": 330, \"dataset\": \"44b6_2a2eff9f\", \"frame\": 36, \"minimum_retention\": 0.9, \"primary_candidates\": 440, \"retention\": 0.75, \"use_primary\": true}\n"}
,{"stream_name":"stdout","time":1591.051437115,"data":"BIOHUB_RETENTION_GUARD {\"blended_candidates\": 330, \"dataset\": \"44b6_2a2eff9f\", \"frame\": 36, \"minimum_retention\": 0.9, \"primary_candidates\": 440, \"retention\": 0.75, \"use_primary\": true}\n"}
,{"stream_name":"stdout","time":1591.970594774,"data":"EDGE_TTA_ACTIVE views= 8 mean_abs_feat_delta= 0.347978\n"}
,{"stream_name":"stdout","time":1592.015983262,"data":"EDGE_TTA_ACTIVE views= 8 mean_abs_feat_delta= 0.377683\n"}
,{"stream_name":"stdout","time":1592.173010033,"data":"EDGE_TTA_ACTIVE views= 8 mean_abs_feat_delta= 0.347978\n"}
,{"stream_name":"stdout","time":1592.173044344,"data":"EDGE_TTA_ACTIVE views= 8 mean_abs_feat_delta= 0.377683\n"}
,{"stream_name":"stdout","time":1592.95627437,"data":"BIOHUB_RETENTION_GUARD {\"blended_candidates\": 318, \"dataset\": \"44b6_2a2eff9f\", \"frame\": 37, \"minimum_retention\": 0.9, \"primary_candidates\": 423, \"retention\": 0.75177304964539, \"use_primary\": true}\n"}
,{"stream_name":"stdout","time":1593.159067774,"data":"BIOHUB_RETENTION_GUARD {\"blended_candidates\": 318, \"dataset\": \"44b6_2a2eff9f\", \"frame\": 37, \"minimum_retention\": 0.9, \"primary_candidates\": 423, \"retention\": 0.75177304964539, \"use_primary\": true}\n"}
,{"stream_name":"stdout","time":1594.055529622,"data":"EDGE_TTA_ACTIVE views= 8 mean_abs_feat_delta= 0.356868\n"}
,{"stream_name":"stdout","time":1594.090060537,"data":"EDGE_TTA_ACTIVE views= 8 mean_abs_feat_delta= 0.379186\n"}
,{"stream_name":"stdout","time":1594.257930644,"data":"EDGE_TTA_ACTIVE views= 8 mean_abs_feat_delta= 0.356868\n"}
,{"stream_name":"stdout","time":1594.25796132,"data":"EDGE_TTA_ACTIVE views= 8 mean_abs_feat_delta= 0.379186\n"}
,{"stream_name":"stdout","time":1595.033086341,"data":"BIOHUB_RETENTION_GUARD {\"blended_candidates\": 309, \"dataset\": \"44b6_2a2eff9f\", \"frame\": 38, \"minimum_retention\": 0.9, \"primary_candidates\": 424, \"retention\": 0.7287735849056604, \"use_primary\": true}\n"}
,{"stream_name":"stdout","time":1595.235631973,"data":"BIOHUB_RETENTION_GUARD {\"blended_candidates\": 309, \"dataset\": \"44b6_2a2eff9f\", \"frame\": 38, \"minimum_retention\": 0.9, \"primary_candidates\": 424, \"retention\": 0.7287735849056604, \"use_primary\": true}\n"}
,{"stream_name":"stdout","time":1596.134607841,"data":"EDGE_TTA_ACTIVE views= 8 mean_abs_feat_delta= 0.381231\n"}
,{"stream_name":"stdout","time":1596.158123102,"data":"EDGE_TTA_ACTIVE views= 8 mean_abs_feat_delta= 0.355657\n"}
,{"stream_name":"stdout","time":1596.337160602,"data":"EDGE_TTA_ACTIVE views= 8 mean_abs_feat_delta= 0.381231\n"}
,{"stream_name":"stdout","time":1596.337193983,"data":"EDGE_TTA_ACTIVE views= 8 mean_abs_feat_delta= 0.355657\n"}
,{"stream_name":"stdout","time":1597.08070441,"data":"BIOHUB_RETENTION_GUARD {\"blended_candidates\": 336, \"dataset\": \"44b6_2a2eff9f\", \"frame\": 39, \"minimum_retention\": 0.9, \"primary_candidates\": 423, \"retention\": 0.7943262411347518, \"use_primary\": true}\n"}
,{"stream_name":"stdout","time":1597.283683805,"data":"BIOHUB_RETENTION_GUARD {\"blended_candidates\": 336, \"dataset\": \"44b6_2a2eff9f\", \"frame\": 39, \"minimum_retention\": 0.9, \"primary_candidates\": 423, \"retention\": 0.7943262411347518, \"use_primary\": true}\n"}
,{"stream_name":"stdout","time":1598.165522816,"data":"EDGE_TTA_ACTIVE views= 8 mean_abs_feat_delta= 0.381762\n"}
,{"stream_name":"stdout","time":1598.261854743,"data":"EDGE_TTA_ACTIVE views= 8 mean_abs_feat_delta= 0.350956\n"}
,{"stream_name":"stdout","time":1598.367947847,"data":"EDGE_TTA_ACTIVE views= 8 mean_abs_feat_delta= 0.381762\n"}
,{"stream_name":"stdout","time":1598.367996769,"data":"EDGE_TTA_ACTIVE views= 8 mean_abs_feat_delta= 0.350956\n"}
,{"stream_name":"stdout","time":1599.112086866,"data":"BIOHUB_RETENTION_GUARD {\"blended_candidates\": 315, \"dataset\": \"44b6_2a2eff9f\", \"frame\": 40, \"minimum_retention\": 0.9, \"primary_candidates\": 412, \"retention\": 0.7645631067961165, \"use_primary\": true}\n"}
,{"stream_name":"stdout","time":1599.314706701,"data":"BIOHUB_RETENTION_GUARD {\"blended_candidates\": 315, \"dataset\": \"44b6_2a2eff9f\", \"frame\": 40, \"minimum_retention\": 0.9, \"primary_candidates\": 412, \"retention\": 0.7645631067961165, \"use_primary\": true}\n"}
,{"stream_name":"stdout","time":1600.338416408,"data":"EDGE_TTA_ACTIVE views= 8 mean_abs_feat_delta= 0.379964\n"}
,{"stream_name":"stdout","time":1600.347845419,"data":"EDGE_TTA_ACTIVE views= 8 mean_abs_feat_delta= 0.353603\n"}
,{"stream_name":"stdout","time":1600.541003767,"data":"EDGE_TTA_ACTIVE views= 8 mean_abs_feat_delta= 0.379964\n"}
,{"stream_name":"stdout","time":1600.541030553,"data":"EDGE_TTA_ACTIVE views= 8 mean_abs_feat_delta= 0.353603\n"}
,{"stream_name":"stdout","time":1601.281916093,"data":"BIOHUB_RETENTION_GUARD {\"blended_candidates\": 349, \"dataset\": \"44b6_2a2eff9f\", \"frame\": 41, \"minimum_retention\": 0.9, \"primary_candidates\": 434, \"retention\": 0.804147465437788, \"use_primary\": true}\n"}
,{"stream_name":"stdout","time":1601.484028914,"data":"BIOHUB_RETENTION_GUARD {\"blended_candidates\": 349, \"dataset\": \"44b6_2a2eff9f\", \"frame\": 41, \"minimum_retention\": 0.9, \"primary_candidates\": 434, \"retention\": 0.804147465437788, \"use_primary\": true}\n"}
,{"stream_name":"stdout","time":1602.427061487,"data":"EDGE_TTA_ACTIVE views= 8 mean_abs_feat_delta= 0.351967\n"}
,{"stream_name":"stdout","time":1602.435657271,"data":"EDGE_TTA_ACTIVE views= 8 mean_abs_feat_delta= 0.377857\n"}
,{"stream_name":"stdout","time":1602.629737824,"data":"EDGE_TTA_ACTIVE views= 8 mean_abs_feat_delta= 0.351967\n"}
,{"stream_name":"stdout","time":1602.629778199,"data":"EDGE_TTA_ACTIVE views= 8 mean_abs_feat_delta= 0.377857\n"}
,{"stream_name":"stdout","time":1603.379834471,"data":"BIOHUB_RETENTION_GUARD {\"blended_candidates\": 340, \"dataset\": \"44b6_2a2eff9f\", \"frame\": 42, \"minimum_retention\": 0.9, \"primary_candidates\": 415, \"retention\": 0.8192771084337349, \"use_primary\": true}\n"}
,{"stream_name":"stdout","time":1603.582264599,"data":"BIOHUB_RETENTION_GUARD {\"blended_candidates\": 340, \"dataset\": \"44b6_2a2eff9f\", \"frame\": 42, \"minimum_retention\": 0.9, \"primary_candidates\": 415, \"retention\": 0.8192771084337349, \"use_primary\": true}\n"}
,{"stream_name":"stdout","time":1604.562825853,"data":"EDGE_TTA_ACTIVE views= 8 mean_abs_feat_delta= 0.358268\n"}
,{"stream_name":"stdout","time":1604.58286291,"data":"EDGE_TTA_ACTIVE views= 8 mean_abs_feat_delta= 0.376372\n"}
,{"stream_name":"stdout","time":1604.765106665,"data":"EDGE_TTA_ACTIVE views= 8 mean_abs_feat_delta= 0.358268\n"}
,{"stream_name":"stdout","time":1604.765131475,"data":"EDGE_TTA_ACTIVE views= 8 mean_abs_feat_delta= 0.376372\n"}
,{"stream_name":"stdout","time":1605.529063315,"data":"BIOHUB_RETENTION_GUARD {\"blended_candidates\": 323, \"dataset\": \"44b6_2a2eff9f\", \"frame\": 43, \"minimum_retention\": 0.9, \"primary_candidates\": 411, \"retention\": 0.7858880778588808, \"use_primary\": true}\n"}
,{"stream_name":"stdout","time":1605.73170214,"data":"BIOHUB_RETENTION_GUARD {\"blended_candidates\": 323, \"dataset\": \"44b6_2a2eff9f\", \"frame\": 43, \"minimum_retention\": 0.9, \"primary_candidates\": 411, \"retention\": 0.7858880778588808, \"use_primary\": true}\n"}
,{"stream_name":"stdout","time":1606.669637488,"data":"EDGE_TTA_ACTIVE views= 8 mean_abs_feat_delta= 0.362934\n"}
,{"stream_name":"stdout","time":1606.675263852,"data":"EDGE_TTA_ACTIVE views= 8 mean_abs_feat_delta= 0.379852\n"}
,{"stream_name":"stdout","time":1606.872187859,"data":"EDGE_TTA_ACTIVE views= 8 mean_abs_feat_delta= 0.362934\n"}
,{"stream_name":"stdout","time":1606.872269704,"data":"EDGE_TTA_ACTIVE views= 8 mean_abs_feat_delta= 0.379852\n"}
,{"stream_name":"stdout","time":1607.618098914,"data":"BIOHUB_RETENTION_GUARD {\"blended_candidates\": 321, \"dataset\": \"44b6_2a2eff9f\", \"frame\": 44, \"minimum_retention\": 0.9, \"primary_candidates\": 439, \"retention\": 0.7312072892938497, \"use_primary\": true}\n"}
,{"stream_name":"stdout","time":1607.820971034,"data":"BIOHUB_RETENTION_GUARD {\"blended_candidates\": 321, \"dataset\": \"44b6_2a2eff9f\", \"frame\": 44, \"minimum_retention\": 0.9, \"primary_candidates\": 439, \"retention\": 0.7312072892938497, \"use_primary\": true}\n"}
,{"stream_name":"stdout","time":1608.728015713,"data":"EDGE_TTA_ACTIVE views= 8 mean_abs_feat_delta= 0.379756\n"}
,{"stream_name":"stdout","time":1608.82800635,"data":"EDGE_TTA_ACTIVE views= 8 mean_abs_feat_delta= 0.364263\n"}
,{"stream_name":"stdout","time":1608.930483236,"data":"EDGE_TTA_ACTIVE views= 8 mean_abs_feat_delta= 0.379756\n"}
,{"stream_name":"stdout","time":1608.930519774,"data":"EDGE_TTA_ACTIVE views= 8 mean_abs_feat_delta= 0.364263\n"}
,{"stream_name":"stdout","time":1609.669221296,"data":"BIOHUB_RETENTION_GUARD {\"blended_candidates\": 316, \"dataset\": \"44b6_2a2eff9f\", \"frame\": 45, \"minimum_retention\": 0.9, \"primary_candidates\": 421, \"retention\": 0.7505938242280285, \"use_primary\": true}\n"}
,{"stream_name":"stdout","time":1609.87148179,"data":"BIOHUB_RETENTION_GUARD {\"blended_candidates\": 316, \"dataset\": \"44b6_2a2eff9f\", \"frame\": 45, \"minimum_retention\": 0.9, \"primary_candidates\": 421, \"retention\": 0.7505938242280285, \"use_primary\": true}\n"}
,{"stream_name":"stdout","time":1610.819003845,"data":"EDGE_TTA_ACTIVE views= 8 mean_abs_feat_delta= 0.37626\n"}
,{"stream_name":"stdout","time":1610.94983364,"data":"EDGE_TTA_ACTIVE views= 8 mean_abs_feat_delta= 0.354708\n"}
,{"stream_name":"stdout","time":1611.021354398,"data":"EDGE_TTA_ACTIVE views= 8 mean_abs_feat_delta= 0.37626\n"}
,{"stream_name":"stdout","time":1611.021378072,"data":"EDGE_TTA_ACTIVE views= 8 mean_abs_feat_delta= 0.354708\n"}
,{"stream_name":"stdout","time":1611.759586691,"data":"BIOHUB_RETENTION_GUARD {\"blended_candidates\": 315, \"dataset\": \"44b6_2a2eff9f\", \"frame\": 46, \"minimum_retention\": 0.9, \"primary_candidates\": 431, \"retention\": 0.7308584686774942, \"use_primary\": true}\n"}
,{"stream_name":"stdout","time":1611.963119928,"data":"BIOHUB_RETENTION_GUARD {\"blended_candidates\": 315, \"dataset\": \"44b6_2a2eff9f\", \"frame\": 46, \"minimum_retention\": 0.9, \"primary_candidates\": 431, \"retention\": 0.7308584686774942, \"use_primary\": true}\n"}
,{"stream_name":"stdout","time":1612.887446792,"data":"EDGE_TTA_ACTIVE views= 8 mean_abs_feat_delta= 0.369338\n"}
,{"stream_name":"stdout","time":1613.083729658,"data":"EDGE_TTA_ACTIVE views= 8 mean_abs_feat_delta= 0.354893\n"}
,{"stream_name":"stdout","time":1613.089740451,"data":"EDGE_TTA_ACTIVE views= 8 mean_abs_feat_delta= 0.369338\n"}
,{"stream_name":"stdout","time":1613.089761662,"data":"EDGE_TTA_ACTIVE views= 8 mean_abs_feat_delta= 0.354893\n"}
,{"stream_name":"stdout","time":1613.822886083,"data":"BIOHUB_RETENTION_GUARD {\"blended_candidates\": 404, \"dataset\": \"44b6_2a2eff9f\", \"frame\": 47, \"minimum_retention\": 0.9, \"primary_candidates\": 474, \"retention\": 0.8523206751054853, \"use_primary\": true}\n"}
,{"stream_name":"stdout","time":1614.025618193,"data":"BIOHUB_RETENTION_GUARD {\"blended_candidates\": 404, \"dataset\": \"44b6_2a2eff9f\", \"frame\": 47, \"minimum_retention\": 0.9, \"primary_candidates\": 474, \"retention\": 0.8523206751054853, \"use_primary\": true}\n"}
,{"stream_name":"stdout","time":1614.966579367,"data":"EDGE_TTA_ACTIVE views= 8 mean_abs_feat_delta= 0.374499\n"}
,{"stream_name":"stdout","time":1615.157593304,"data":"EDGE_TTA_ACTIVE views= 8 mean_abs_feat_delta= 0.359158\n"}
,{"stream_name":"stdout","time":1615.169036974,"data":"EDGE_TTA_ACTIVE views= 8 mean_abs_feat_delta= 0.374499\n"}
,{"stream_name":"stdout","time":1615.169060285,"data":"EDGE_TTA_ACTIVE views= 8 mean_abs_feat_delta= 0.359158\n"}
,{"stream_name":"stdout","time":1615.9060097,"data":"BIOHUB_RETENTION_GUARD {\"blended_candidates\": 296, \"dataset\": \"44b6_2a2eff9f\", \"frame\": 48, \"minimum_retention\": 0.9, \"primary_candidates\": 410, \"retention\": 0.7219512195121951, \"use_primary\": true}\n"}
,{"stream_name":"stdout","time":1616.108390799,"data":"BIOHUB_RETENTION_GUARD {\"blended_candidates\": 296, \"dataset\": \"44b6_2a2eff9f\", \"frame\": 48, \"minimum_retention\": 0.9, \"primary_candidates\": 410, \"retention\": 0.7219512195121951, \"use_primary\": true}\n"}
,{"stream_name":"stdout","time":1617.077313476,"data":"EDGE_TTA_ACTIVE views= 8 mean_abs_feat_delta= 0.379854\n"}
,{"stream_name":"stdout","time":1617.265124783,"data":"EDGE_TTA_ACTIVE views= 8 mean_abs_feat_delta= 0.352171\n"}
,{"stream_name":"stdout","time":1617.279819341,"data":"EDGE_TTA_ACTIVE views= 8 mean_abs_feat_delta= 0.379854\n"}
,{"stream_name":"stdout","time":1617.279855104,"data":"EDGE_TTA_ACTIVE views= 8 mean_abs_feat_delta= 0.352171\n"}
,{"stream_name":"stdout","time":1618.018166848,"data":"BIOHUB_RETENTION_GUARD {\"blended_candidates\": 261, \"dataset\": \"44b6_2a2eff9f\", \"frame\": 49, \"minimum_retention\": 0.9, \"primary_candidates\": 402, \"retention\": 0.6492537313432836, \"use_primary\": true}\n"}
,{"stream_name":"stdout","time":1618.283503053,"data":"BIOHUB_RETENTION_GUARD {\"blended_candidates\": 261, \"dataset\": \"44b6_2a2eff9f\", \"frame\": 49, \"minimum_retention\": 0.9, \"primary_candidates\": 402, \"retention\": 0.6492537313432836, \"use_primary\": true}\n"}
,{"stream_name":"stdout","time":1619.119274899,"data":"EDGE_TTA_ACTIVE views= 8 mean_abs_feat_delta= 0.384468\n"}
,{"stream_name":"stdout","time":1619.321650761,"data":"EDGE_TTA_ACTIVE views= 8 mean_abs_feat_delta= 0.384468\n"}
,{"stream_name":"stdout","time":1619.339441519,"data":"EDGE_TTA_ACTIVE views= 8 mean_abs_feat_delta= 0.35443\n"}
,{"stream_name":"stdout","time":1619.541626742,"data":"EDGE_TTA_ACTIVE views= 8 mean_abs_feat_delta= 0.35443\n"}
,{"stream_name":"stdout","time":1620.057681209,"data":"BIOHUB_RETENTION_GUARD {\"blended_candidates\": 264, \"dataset\": \"44b6_2a2eff9f\", \"frame\": 50, \"minimum_retention\": 0.9, \"primary_candidates\": 392, \"retention\": 0.673469387755102, \"use_primary\": true}\n"}
,{"stream_name":"stdout","time":1620.259960398,"data":"BIOHUB_RETENTION_GUARD {\"blended_candidates\": 264, \"dataset\": \"44b6_2a2eff9f\", \"frame\": 50, \"minimum_retention\": 0.9, \"primary_candidates\": 392, \"retention\": 0.673469387755102, \"use_primary\": true}\n"}
,{"stream_name":"stdout","time":1621.162660076,"data":"EDGE_TTA_ACTIVE views= 8 mean_abs_feat_delta= 0.380732\n"}
,{"stream_name":"stdout","time":1621.36526053,"data":"EDGE_TTA_ACTIVE views= 8 mean_abs_feat_delta= 0.380732\n"}
,{"stream_name":"stdout","time":1621.432903781,"data":"EDGE_TTA_ACTIVE views= 8 mean_abs_feat_delta= 0.344965\n"}
,{"stream_name":"stdout","time":1621.636759647,"data":"EDGE_TTA_ACTIVE views= 8 mean_abs_feat_delta= 0.344965\n"}
,{"stream_name":"stdout","time":1622.099334638,"data":"BIOHUB_RETENTION_GUARD {\"blended_candidates\": 292, \"dataset\": \"44b6_2a2eff9f\", \"frame\": 51, \"minimum_retention\": 0.9, \"primary_candidates\": 391, \"retention\": 0.7468030690537084, \"use_primary\": true}\n"}
,{"stream_name":"stdout","time":1622.302341628,"data":"BIOHUB_RETENTION_GUARD {\"blended_candidates\": 292, \"dataset\": \"44b6_2a2eff9f\", \"frame\": 51, \"minimum_retention\": 0.9, \"primary_candidates\": 391, \"retention\": 0.7468030690537084, \"use_primary\": true}\n"}
,{"stream_name":"stdout","time":1623.2227737,"data":"EDGE_TTA_ACTIVE views= 8 mean_abs_feat_delta= 0.377644\n"}
,{"stream_name":"stdout","time":1623.4253954,"data":"EDGE_TTA_ACTIVE views= 8 mean_abs_feat_delta= 0.377644\n"}
,{"stream_name":"stdout","time":1623.522371068,"data":"EDGE_TTA_ACTIVE views= 8 mean_abs_feat_delta= 0.350164\n"}
,{"stream_name":"stdout","time":1623.724752546,"data":"EDGE_TTA_ACTIVE views= 8 mean_abs_feat_delta= 0.350164\n"}
,{"stream_name":"stdout","time":1624.158472771,"data":"BIOHUB_RETENTION_GUARD {\"blended_candidates\": 274, \"dataset\": \"44b6_2a2eff9f\", \"frame\": 52, \"minimum_retention\": 0.9, \"primary_candidates\": 397, \"retention\": 0.690176322418136, \"use_primary\": true}\n"}
,{"stream_name":"stdout","time":1624.36084466,"data":"BIOHUB_RETENTION_GUARD {\"blended_candidates\": 274, \"dataset\": \"44b6_2a2eff9f\", \"frame\": 52, \"minimum_retention\": 0.9, \"primary_candidates\": 397, \"retention\": 0.690176322418136, \"use_primary\": true}\n"}
,{"stream_name":"stdout","time":1625.285909633,"data":"EDGE_TTA_ACTIVE views= 8 mean_abs_feat_delta= 0.380946\n"}
,{"stream_name":"stdout","time":1625.488431103,"data":"EDGE_TTA_ACTIVE views= 8 mean_abs_feat_delta= 0.380946\n"}
,{"stream_name":"stdout","time":1625.586732954,"data":"EDGE_TTA_ACTIVE views= 8 mean_abs_feat_delta= 0.353071\n"}
,{"stream_name":"stdout","time":1625.789200955,"data":"EDGE_TTA_ACTIVE views= 8 mean_abs_feat_delta= 0.353071\n"}
,{"stream_name":"stdout","time":1626.220119415,"data":"BIOHUB_RETENTION_GUARD {\"blended_candidates\": 283, \"dataset\": \"44b6_2a2eff9f\", \"frame\": 53, \"minimum_retention\": 0.9, \"primary_candidates\": 402, \"retention\": 0.7039800995024875, \"use_primary\": true}\n"}
,{"stream_name":"stdout","time":1626.422164114,"data":"BIOHUB_RETENTION_GUARD {\"blended_candidates\": 283, \"dataset\": \"44b6_2a2eff9f\", \"frame\": 53, \"minimum_retention\": 0.9, \"primary_candidates\": 402, \"retention\": 0.7039800995024875, \"use_primary\": true}\n"}
,{"stream_name":"stdout","time":1627.371363992,"data":"EDGE_TTA_ACTIVE views= 8 mean_abs_feat_delta= 0.379149\n"}
,{"stream_name":"stdout","time":1627.573858696,"data":"EDGE_TTA_ACTIVE views= 8 mean_abs_feat_delta= 0.379149\n"}
,{"stream_name":"stdout","time":1627.635826776,"data":"EDGE_TTA_ACTIVE views= 8 mean_abs_feat_delta= 0.354403\n"}
,{"stream_name":"stdout","time":1627.838511191,"data":"EDGE_TTA_ACTIVE views= 8 mean_abs_feat_delta= 0.354403\n"}
,{"stream_name":"stdout","time":1628.302320138,"data":"BIOHUB_RETENTION_GUARD {\"blended_candidates\": 256, \"dataset\": \"44b6_2a2eff9f\", \"frame\": 54, \"minimum_retention\": 0.9, \"primary_candidates\": 393, \"retention\": 0.6513994910941476, \"use_primary\": true}\n"}
,{"stream_name":"stdout","time":1628.504806152,"data":"BIOHUB_RETENTION_GUARD {\"blended_candidates\": 256, \"dataset\": \"44b6_2a2eff9f\", \"frame\": 54, \"minimum_retention\": 0.9, \"primary_candidates\": 393, \"retention\": 0.6513994910941476, \"use_primary\": true}\n"}
,{"stream_name":"stdout","time":1629.397488674,"data":"EDGE_TTA_ACTIVE views= 8 mean_abs_feat_delta= 0.377143\n"}
,{"stream_name":"stdout","time":1629.59964482,"data":"EDGE_TTA_ACTIVE views= 8 mean_abs_feat_delta= 0.377143\n"}
,{"stream_name":"stdout","time":1629.700763579,"data":"EDGE_TTA_ACTIVE views= 8 mean_abs_feat_delta= 0.359695\n"}
,{"stream_name":"stdout","time":1629.902950593,"data":"EDGE_TTA_ACTIVE views= 8 mean_abs_feat_delta= 0.359695\n"}
,{"stream_name":"stdout","time":1630.329011938,"data":"BIOHUB_RETENTION_GUARD {\"blended_candidates\": 262, \"dataset\": \"44b6_2a2eff9f\", \"frame\": 55, \"minimum_retention\": 0.9, \"primary_candidates\": 400, \"retention\": 0.655, \"use_primary\": true}\n"}
,{"stream_name":"stdout","time":1630.531390753,"data":"BIOHUB_RETENTION_GUARD {\"blended_candidates\": 262, \"dataset\": \"44b6_2a2eff9f\", \"frame\": 55, \"minimum_retention\": 0.9, \"primary_candidates\": 400, \"retention\": 0.655, \"use_primary\": true}\n"}
,{"stream_name":"stdout","time":1631.47297533,"data":"EDGE_TTA_ACTIVE views= 8 mean_abs_feat_delta= 0.37491\n"}
,{"stream_name":"stdout","time":1631.675195929,"data":"EDGE_TTA_ACTIVE views= 8 mean_abs_feat_delta= 0.37491\n"}
,{"stream_name":"stdout","time":1631.745463877,"data":"EDGE_TTA_ACTIVE views= 8 mean_abs_feat_delta= 0.357668\n"}
,{"stream_name":"stdout","time":1631.947874204,"data":"EDGE_TTA_ACTIVE views= 8 mean_abs_feat_delta= 0.357668\n"}
,{"stream_name":"stdout","time":1632.403364853,"data":"BIOHUB_RETENTION_GUARD {\"blended_candidates\": 267, \"dataset\": \"44b6_2a2eff9f\", \"frame\": 56, \"minimum_retention\": 0.9, \"primary_candidates\": 407, \"retention\": 0.6560196560196561, \"use_primary\": true}\n"}
,{"stream_name":"stdout","time":1632.605868316,"data":"BIOHUB_RETENTION_GUARD {\"blended_candidates\": 267, \"dataset\": \"44b6_2a2eff9f\", \"frame\": 56, \"minimum_retention\": 0.9, \"primary_candidates\": 407, \"retention\": 0.6560196560196561, \"use_primary\": true}\n"}
,{"stream_name":"stdout","time":1633.528247476,"data":"EDGE_TTA_ACTIVE views= 8 mean_abs_feat_delta= 0.375794\n"}
,{"stream_name":"stdout","time":1633.730853718,"data":"EDGE_TTA_ACTIVE views= 8 mean_abs_feat_delta= 0.375794\n"}
,{"stream_name":"stdout","time":1633.813174437,"data":"EDGE_TTA_ACTIVE views= 8 mean_abs_feat_delta= 0.351899\n"}
,{"stream_name":"stdout","time":1634.015387638,"data":"EDGE_TTA_ACTIVE views= 8 mean_abs_feat_delta= 0.351899\n"}
,{"stream_name":"stdout","time":1634.459974769,"data":"BIOHUB_RETENTION_GUARD {\"blended_candidates\": 269, \"dataset\": \"44b6_2a2eff9f\", \"frame\": 57, \"minimum_retention\": 0.9, \"primary_candidates\": 436, \"retention\": 0.6169724770642202, \"use_primary\": true}\n"}
,{"stream_name":"stdout","time":1634.662309355,"data":"BIOHUB_RETENTION_GUARD {\"blended_candidates\": 269, \"dataset\": \"44b6_2a2eff9f\", \"frame\": 57, \"minimum_retention\": 0.9, \"primary_candidates\": 436, \"retention\": 0.6169724770642202, \"use_primary\": true}\n"}
,{"stream_name":"stdout","time":1635.604173689,"data":"EDGE_TTA_ACTIVE views= 8 mean_abs_feat_delta= 0.381184\n"}
,{"stream_name":"stdout","time":1635.806800576,"data":"EDGE_TTA_ACTIVE views= 8 mean_abs_feat_delta= 0.381184\n"}
,{"stream_name":"stdout","time":1635.909010845,"data":"EDGE_TTA_ACTIVE views= 8 mean_abs_feat_delta= 0.35108\n"}
,{"stream_name":"stdout","time":1636.11104893,"data":"EDGE_TTA_ACTIVE views= 8 mean_abs_feat_delta= 0.35108\n"}
,{"stream_name":"stdout","time":1636.534885924,"data":"BIOHUB_RETENTION_GUARD {\"blended_candidates\": 274, \"dataset\": \"44b6_2a2eff9f\", \"frame\": 58, \"minimum_retention\": 0.9, \"primary_candidates\": 415, \"retention\": 0.6602409638554216, \"use_primary\": true}\n"}
,{"stream_name":"stdout","time":1636.737023812,"data":"BIOHUB_RETENTION_GUARD {\"blended_candidates\": 274, \"dataset\": \"44b6_2a2eff9f\", \"frame\": 58, \"minimum_retention\": 0.9, \"primary_candidates\": 415, \"retention\": 0.6602409638554216, \"use_primary\": true}\n"}
,{"stream_name":"stdout","time":1637.69698158,"data":"EDGE_TTA_ACTIVE views= 8 mean_abs_feat_delta= 0.385486\n"}
,{"stream_name":"stdout","time":1637.899562226,"data":"EDGE_TTA_ACTIVE views= 8 mean_abs_feat_delta= 0.385486\n"}
,{"stream_name":"stdout","time":1637.965654003,"data":"EDGE_TTA_ACTIVE views= 8 mean_abs_feat_delta= 0.359784\n"}
,{"stream_name":"stdout","time":1638.168068032,"data":"EDGE_TTA_ACTIVE views= 8 mean_abs_feat_delta= 0.359784\n"}
,{"stream_name":"stdout","time":1638.626789249,"data":"BIOHUB_RETENTION_GUARD {\"blended_candidates\": 330, \"dataset\": \"44b6_2a2eff9f\", \"frame\": 59, \"minimum_retention\": 0.9, \"primary_candidates\": 460, \"retention\": 0.717391304347826, \"use_primary\": true}\n"}
,{"stream_name":"stdout","time":1638.828729253,"data":"BIOHUB_RETENTION_GUARD {\"blended_candidates\": 330, \"dataset\": \"44b6_2a2eff9f\", \"frame\": 59, \"minimum_retention\": 0.9, \"primary_candidates\": 460, \"retention\": 0.717391304347826, \"use_primary\": true}\n"}
,{"stream_name":"stdout","time":1639.801708464,"data":"EDGE_TTA_ACTIVE views= 8 mean_abs_feat_delta= 0.388019\n"}
,{"stream_name":"stdout","time":1640.003938446,"data":"EDGE_TTA_ACTIVE views= 8 mean_abs_feat_delta= 0.388019\n"}
,{"stream_name":"stdout","time":1640.048788293,"data":"EDGE_TTA_ACTIVE views= 8 mean_abs_feat_delta= 0.357631\n"}
,{"stream_name":"stdout","time":1640.250932207,"data":"EDGE_TTA_ACTIVE views= 8 mean_abs_feat_delta= 0.357631\n"}
,{"stream_name":"stdout","time":1640.732892462,"data":"BIOHUB_RETENTION_GUARD {\"blended_candidates\": 280, \"dataset\": \"44b6_2a2eff9f\", \"frame\": 60, \"minimum_retention\": 0.9, \"primary_candidates\": 411, \"retention\": 0.681265206812652, \"use_primary\": true}\n"}
,{"stream_name":"stdout","time":1640.935193215,"data":"BIOHUB_RETENTION_GUARD {\"blended_candidates\": 280, \"dataset\": \"44b6_2a2eff9f\", \"frame\": 60, \"minimum_retention\": 0.9, \"primary_candidates\": 411, \"retention\": 0.681265206812652, \"use_primary\": true}\n"}
,{"stream_name":"stdout","time":1641.828945096,"data":"EDGE_TTA_ACTIVE views= 8 mean_abs_feat_delta= 0.386533\n"}
,{"stream_name":"stdout","time":1642.031375305,"data":"EDGE_TTA_ACTIVE views= 8 mean_abs_feat_delta= 0.386533\n"}
,{"stream_name":"stdout","time":1642.093475287,"data":"EDGE_TTA_ACTIVE views= 8 mean_abs_feat_delta= 0.353779\n"}
,{"stream_name":"stdout","time":1642.296117188,"data":"EDGE_TTA_ACTIVE views= 8 mean_abs_feat_delta= 0.353779\n"}
,{"stream_name":"stdout","time":1642.760323845,"data":"BIOHUB_RETENTION_GUARD {\"blended_candidates\": 317, \"dataset\": \"44b6_2a2eff9f\", \"frame\": 61, \"minimum_retention\": 0.9, \"primary_candidates\": 446, \"retention\": 0.7107623318385651, \"use_primary\": true}\n"}
,{"stream_name":"stdout","time":1642.962638003,"data":"BIOHUB_RETENTION_GUARD {\"blended_candidates\": 317, \"dataset\": \"44b6_2a2eff9f\", \"frame\": 61, \"minimum_retention\": 0.9, \"primary_candidates\": 446, \"retention\": 0.7107623318385651, \"use_primary\": true}\n"}
,{"stream_name":"stdout","time":1643.946477225,"data":"EDGE_TTA_ACTIVE views= 8 mean_abs_feat_delta= 0.384156\n"}
,{"stream_name":"stdout","time":1644.101095177,"data":"EDGE_TTA_ACTIVE views= 8 mean_abs_feat_delta= 0.353966\n"}
,{"stream_name":"stdout","time":1644.148779507,"data":"EDGE_TTA_ACTIVE views= 8 mean_abs_feat_delta= 0.384156\n"}
,{"stream_name":"stdout","time":1644.148810874,"data":"EDGE_TTA_ACTIVE views= 8 mean_abs_feat_delta= 0.353966\n"}
,{"stream_name":"stdout","time":1644.879966048,"data":"BIOHUB_RETENTION_GUARD {\"blended_candidates\": 414, \"dataset\": \"44b6_2a2eff9f\", \"frame\": 62, \"minimum_retention\": 0.9, \"primary_candidates\": 482, \"retention\": 0.8589211618257261, \"use_primary\": true}\n"}
,{"stream_name":"stdout","time":1645.082065055,"data":"BIOHUB_RETENTION_GUARD {\"blended_candidates\": 414, \"dataset\": \"44b6_2a2eff9f\", \"frame\": 62, \"minimum_retention\": 0.9, \"primary_candidates\": 482, \"retention\": 0.8589211618257261, \"use_primary\": true}\n"}
,{"stream_name":"stdout","time":1646.023885534,"data":"EDGE_TTA_ACTIVE views= 8 mean_abs_feat_delta= 0.384155\n"}
,{"stream_name":"stdout","time":1646.208916918,"data":"EDGE_TTA_ACTIVE views= 8 mean_abs_feat_delta= 0.357781\n"}
,{"stream_name":"stdout","time":1646.226098289,"data":"EDGE_TTA_ACTIVE views= 8 mean_abs_feat_delta= 0.384155\n"}
,{"stream_name":"stdout","time":1646.226121753,"data":"EDGE_TTA_ACTIVE views= 8 mean_abs_feat_delta= 0.357781\n"}
,{"stream_name":"stdout","time":1646.956600123,"data":"BIOHUB_RETENTION_GUARD {\"blended_candidates\": 331, \"dataset\": \"44b6_2a2eff9f\", \"frame\": 63, \"minimum_retention\": 0.9, \"primary_candidates\": 455, \"retention\": 0.7274725274725274, \"use_primary\": true}\n"}
,{"stream_name":"stdout","time":1647.159524046,"data":"BIOHUB_RETENTION_GUARD {\"blended_candidates\": 331, \"dataset\": \"44b6_2a2eff9f\", \"frame\": 63, \"minimum_retention\": 0.9, \"primary_candidates\": 455, \"retention\": 0.7274725274725274, \"use_primary\": true}\n"}
,{"stream_name":"stdout","time":1648.074177929,"data":"EDGE_TTA_ACTIVE views= 8 mean_abs_feat_delta= 0.381824\n"}
,{"stream_name":"stdout","time":1648.271867315,"data":"EDGE_TTA_ACTIVE views= 8 mean_abs_feat_delta= 0.3585\n"}
,{"stream_name":"stdout","time":1648.276698543,"data":"EDGE_TTA_ACTIVE views= 8 mean_abs_feat_delta= 0.381824\n"}
,{"stream_name":"stdout","time":1648.276721102,"data":"EDGE_TTA_ACTIVE views= 8 mean_abs_feat_delta= 0.3585\n"}
,{"stream_name":"stdout","time":1649.009467898,"data":"BIOHUB_RETENTION_GUARD {\"blended_candidates\": 345, \"dataset\": \"44b6_2a2eff9f\", \"frame\": 64, \"minimum_retention\": 0.9, \"primary_candidates\": 457, \"retention\": 0.7549234135667396, \"use_primary\": true}\n"}
,{"stream_name":"stdout","time":1649.259354247,"data":"BIOHUB_RETENTION_GUARD {\"blended_candidates\": 345, \"dataset\": \"44b6_2a2eff9f\", \"frame\": 64, \"minimum_retention\": 0.9, \"primary_candidates\": 457, \"retention\": 0.7549234135667396, \"use_primary\": true}\n"}
,{"stream_name":"stdout","time":1650.165530131,"data":"EDGE_TTA_ACTIVE views= 8 mean_abs_feat_delta= 0.382126\n"}
,{"stream_name":"stdout","time":1650.341776043,"data":"EDGE_TTA_ACTIVE views= 8 mean_abs_feat_delta= 0.350898\n"}
,{"stream_name":"stdout","time":1650.367996989,"data":"EDGE_TTA_ACTIVE views= 8 mean_abs_feat_delta= 0.382126\n"}
,{"stream_name":"stdout","time":1650.368022408,"data":"EDGE_TTA_ACTIVE views= 8 mean_abs_feat_delta= 0.350898\n"}
,{"stream_name":"stdout","time":1651.101699924,"data":"BIOHUB_RETENTION_GUARD {\"blended_candidates\": 374, \"dataset\": \"44b6_2a2eff9f\", \"frame\": 65, \"minimum_retention\": 0.9, \"primary_candidates\": 481, \"retention\": 0.7775467775467776, \"use_primary\": true}\n"}
,{"stream_name":"stdout","time":1651.304839467,"data":"BIOHUB_RETENTION_GUARD {\"blended_candidates\": 374, \"dataset\": \"44b6_2a2eff9f\", \"frame\": 65, \"minimum_retention\": 0.9, \"primary_candidates\": 481, \"retention\": 0.7775467775467776, \"use_primary\": true}\n"}
,{"stream_name":"stdout","time":1652.223760159,"data":"EDGE_TTA_ACTIVE views= 8 mean_abs_feat_delta= 0.38103\n"}
,{"stream_name":"stdout","time":1652.405116812,"data":"EDGE_TTA_ACTIVE views= 8 mean_abs_feat_delta= 0.347571\n"}
,{"stream_name":"stdout","time":1652.426486824,"data":"EDGE_TTA_ACTIVE views= 8 mean_abs_feat_delta= 0.38103\n"}
,{"stream_name":"stdout","time":1652.426574147,"data":"EDGE_TTA_ACTIVE views= 8 mean_abs_feat_delta= 0.347571\n"}
,{"stream_name":"stdout","time":1653.160725808,"data":"BIOHUB_RETENTION_GUARD {\"blended_candidates\": 331, \"dataset\": \"44b6_2a2eff9f\", \"frame\": 66, \"minimum_retention\": 0.9, \"primary_candidates\": 449, \"retention\": 0.7371937639198218, \"use_primary\": true}\n"}
,{"stream_name":"stdout","time":1653.363191289,"data":"BIOHUB_RETENTION_GUARD {\"blended_candidates\": 331, \"dataset\": \"44b6_2a2eff9f\", \"frame\": 66, \"minimum_retention\": 0.9, \"primary_candidates\": 449, \"retention\": 0.7371937639198218, \"use_primary\": true}\n"}
,{"stream_name":"stdout","time":1654.31352012,"data":"EDGE_TTA_ACTIVE views= 8 mean_abs_feat_delta= 0.382246\n"}
,{"stream_name":"stdout","time":1654.477490268,"data":"EDGE_TTA_ACTIVE views= 8 mean_abs_feat_delta= 0.345748\n"}
,{"stream_name":"stdout","time":1654.516067737,"data":"EDGE_TTA_ACTIVE views= 8 mean_abs_feat_delta= 0.382246\n"}
,{"stream_name":"stdout","time":1654.516092347,"data":"EDGE_TTA_ACTIVE views= 8 mean_abs_feat_delta= 0.345748\n"}
,{"stream_name":"stdout","time":1655.254190019,"data":"BIOHUB_RETENTION_GUARD {\"blended_candidates\": 347, \"dataset\": \"44b6_2a2eff9f\", \"frame\": 67, \"minimum_retention\": 0.9, \"primary_candidates\": 457, \"retention\": 0.7592997811816192, \"use_primary\": true}\n"}
,{"stream_name":"stdout","time":1655.456899614,"data":"BIOHUB_RETENTION_GUARD {\"blended_candidates\": 347, \"dataset\": \"44b6_2a2eff9f\", \"frame\": 67, \"minimum_retention\": 0.9, \"primary_candidates\": 457, \"retention\": 0.7592997811816192, \"use_primary\": true}\n"}
,{"stream_name":"stdout","time":1656.397147275,"data":"EDGE_TTA_ACTIVE views= 8 mean_abs_feat_delta= 0.384049\n"}
,{"stream_name":"stdout","time":1656.545983508,"data":"EDGE_TTA_ACTIVE views= 8 mean_abs_feat_delta= 0.343915\n"}
,{"stream_name":"stdout","time":1656.599667137,"data":"EDGE_TTA_ACTIVE views= 8 mean_abs_feat_delta= 0.384049\n"}
,{"stream_name":"stdout","time":1656.599726216,"data":"EDGE_TTA_ACTIVE views= 8 mean_abs_feat_delta= 0.343915\n"}
,{"stream_name":"stdout","time":1657.33415681,"data":"BIOHUB_RETENTION_GUARD {\"blended_candidates\": 336, \"dataset\": \"44b6_2a2eff9f\", \"frame\": 68, \"minimum_retention\": 0.9, \"primary_candidates\": 455, \"retention\": 0.7384615384615385, \"use_primary\": true}\n"}
,{"stream_name":"stdout","time":1657.537030451,"data":"BIOHUB_RETENTION_GUARD {\"blended_candidates\": 336, \"dataset\": \"44b6_2a2eff9f\", \"frame\": 68, \"minimum_retention\": 0.9, \"primary_candidates\": 455, \"retention\": 0.7384615384615385, \"use_primary\": true}\n"}
,{"stream_name":"stdout","time":1658.427490122,"data":"EDGE_TTA_ACTIVE views= 8 mean_abs_feat_delta= 0.387022\n"}
,{"stream_name":"stdout","time":1658.629834675,"data":"EDGE_TTA_ACTIVE views= 8 mean_abs_feat_delta= 0.387022\n"}
,{"stream_name":"stdout","time":1658.631914198,"data":"EDGE_TTA_ACTIVE views= 8 mean_abs_feat_delta= 0.346501\n"}
,{"stream_name":"stdout","time":1658.834464966,"data":"EDGE_TTA_ACTIVE views= 8 mean_abs_feat_delta= 0.346501\n"}
,{"stream_name":"stdout","time":1659.368368798,"data":"BIOHUB_RETENTION_GUARD {\"blended_candidates\": 341, \"dataset\": \"44b6_2a2eff9f\", \"frame\": 69, \"minimum_retention\": 0.9, \"primary_candidates\": 459, \"retention\": 0.7429193899782135, \"use_primary\": true}\n"}
,{"stream_name":"stdout","time":1659.570895548,"data":"BIOHUB_RETENTION_GUARD {\"blended_candidates\": 341, \"dataset\": \"44b6_2a2eff9f\", \"frame\": 69, \"minimum_retention\": 0.9, \"primary_candidates\": 459, \"retention\": 0.7429193899782135, \"use_primary\": true}\n"}
,{"stream_name":"stdout","time":1660.52695121,"data":"EDGE_TTA_ACTIVE views= 8 mean_abs_feat_delta= 0.383716\n"}
,{"stream_name":"stdout","time":1660.729194244,"data":"EDGE_TTA_ACTIVE views= 8 mean_abs_feat_delta= 0.383716\n"}
,{"stream_name":"stdout","time":1660.737691125,"data":"EDGE_TTA_ACTIVE views= 8 mean_abs_feat_delta= 0.345694\n"}
,{"stream_name":"stdout","time":1660.939842397,"data":"EDGE_TTA_ACTIVE views= 8 mean_abs_feat_delta= 0.345694\n"}
,{"stream_name":"stdout","time":1661.465465032,"data":"BIOHUB_RETENTION_GUARD {\"blended_candidates\": 388, \"dataset\": \"44b6_2a2eff9f\", \"frame\": 70, \"minimum_retention\": 0.9, \"primary_candidates\": 502, \"retention\": 0.7729083665338645, \"use_primary\": true}\n"}
,{"stream_name":"stdout","time":1661.667979668,"data":"BIOHUB_RETENTION_GUARD {\"blended_candidates\": 388, \"dataset\": \"44b6_2a2eff9f\", \"frame\": 70, \"minimum_retention\": 0.9, \"primary_candidates\": 502, \"retention\": 0.7729083665338645, \"use_primary\": true}\n"}
,{"stream_name":"stdout","time":1662.59616859,"data":"EDGE_TTA_ACTIVE views= 8 mean_abs_feat_delta= 0.385497\n"}
,{"stream_name":"stdout","time":1662.798889451,"data":"EDGE_TTA_ACTIVE views= 8 mean_abs_feat_delta= 0.385497\n"}
,{"stream_name":"stdout","time":1662.848839886,"data":"EDGE_TTA_ACTIVE views= 8 mean_abs_feat_delta= 0.348621\n"}
,{"stream_name":"stdout","time":1663.05112717,"data":"EDGE_TTA_ACTIVE views= 8 mean_abs_feat_delta= 0.348621\n"}
,{"stream_name":"stdout","time":1663.536054679,"data":"BIOHUB_RETENTION_GUARD {\"blended_candidates\": 322, \"dataset\": \"44b6_2a2eff9f\", \"frame\": 71, \"minimum_retention\": 0.9, \"primary_candidates\": 457, \"retention\": 0.7045951859956237, \"use_primary\": true}\n"}
,{"stream_name":"stdout","time":1663.738111742,"data":"BIOHUB_RETENTION_GUARD {\"blended_candidates\": 322, \"dataset\": \"44b6_2a2eff9f\", \"frame\": 71, \"minimum_retention\": 0.9, \"primary_candidates\": 457, \"retention\": 0.7045951859956237, \"use_primary\": true}\n"}
,{"stream_name":"stdout","time":1664.686300928,"data":"EDGE_TTA_ACTIVE views= 8 mean_abs_feat_delta= 0.389578\n"}
,{"stream_name":"stdout","time":1664.888698549,"data":"EDGE_TTA_ACTIVE views= 8 mean_abs_feat_delta= 0.389578\n"}
,{"stream_name":"stdout","time":1664.918857059,"data":"EDGE_TTA_ACTIVE views= 8 mean_abs_feat_delta= 0.349266\n"}
,{"stream_name":"stdout","time":1665.120982114,"data":"EDGE_TTA_ACTIVE views= 8 mean_abs_feat_delta= 0.349266\n"}
,{"stream_name":"stdout","time":1665.630116201,"data":"BIOHUB_RETENTION_GUARD {\"blended_candidates\": 320, \"dataset\": \"44b6_2a2eff9f\", \"frame\": 72, \"minimum_retention\": 0.9, \"primary_candidates\": 473, \"retention\": 0.6765327695560254, \"use_primary\": true}\n"}
,{"stream_name":"stdout","time":1665.832287093,"data":"BIOHUB_RETENTION_GUARD {\"blended_candidates\": 320, \"dataset\": \"44b6_2a2eff9f\", \"frame\": 72, \"minimum_retention\": 0.9, \"primary_candidates\": 473, \"retention\": 0.6765327695560254, \"use_primary\": true}\n"}
,{"stream_name":"stdout","time":1666.811067383,"data":"EDGE_TTA_ACTIVE views= 8 mean_abs_feat_delta= 0.388876\n"}
,{"stream_name":"stdout","time":1666.953355396,"data":"EDGE_TTA_ACTIVE views= 8 mean_abs_feat_delta= 0.348459\n"}
,{"stream_name":"stdout","time":1667.013581911,"data":"EDGE_TTA_ACTIVE views= 8 mean_abs_feat_delta= 0.388876\n"}
,{"stream_name":"stdout","time":1667.013621216,"data":"EDGE_TTA_ACTIVE views= 8 mean_abs_feat_delta= 0.348459\n"}
,{"stream_name":"stdout","time":1667.751756942,"data":"BIOHUB_RETENTION_GUARD {\"blended_candidates\": 257, \"dataset\": \"44b6_2a2eff9f\", \"frame\": 73, \"minimum_retention\": 0.9, \"primary_candidates\": 426, \"retention\": 0.6032863849765259, \"use_primary\": true}\n"}
,{"stream_name":"stdout","time":1667.954501346,"data":"BIOHUB_RETENTION_GUARD {\"blended_candidates\": 257, \"dataset\": \"44b6_2a2eff9f\", \"frame\": 73, \"minimum_retention\": 0.9, \"primary_candidates\": 426, \"retention\": 0.6032863849765259, \"use_primary\": true}\n"}
,{"stream_name":"stdout","time":1668.904298047,"data":"EDGE_TTA_ACTIVE views= 8 mean_abs_feat_delta= 0.389066\n"}
,{"stream_name":"stdout","time":1669.0013956,"data":"EDGE_TTA_ACTIVE views= 8 mean_abs_feat_delta= 0.349224\n"}
,{"stream_name":"stdout","time":1669.10645264,"data":"EDGE_TTA_ACTIVE views= 8 mean_abs_feat_delta= 0.389066\n"}
,{"stream_name":"stdout","time":1669.106476111,"data":"EDGE_TTA_ACTIVE views= 8 mean_abs_feat_delta= 0.349224\n"}
,{"stream_name":"stdout","time":1669.847041534,"data":"BIOHUB_RETENTION_GUARD {\"blended_candidates\": 301, \"dataset\": \"44b6_2a2eff9f\", \"frame\": 74, \"minimum_retention\": 0.9, \"primary_candidates\": 441, \"retention\": 0.6825396825396826, \"use_primary\": true}\n"}
,{"stream_name":"stdout","time":1670.049314689,"data":"BIOHUB_RETENTION_GUARD {\"blended_candidates\": 301, \"dataset\": \"44b6_2a2eff9f\", \"frame\": 74, \"minimum_retention\": 0.9, \"primary_candidates\": 441, \"retention\": 0.6825396825396826, \"use_primary\": true}\n"}
,{"stream_name":"stdout","time":1670.967724382,"data":"EDGE_TTA_ACTIVE views= 8 mean_abs_feat_delta= 0.390664\n"}
,{"stream_name":"stdout","time":1671.10474332,"data":"EDGE_TTA_ACTIVE views= 8 mean_abs_feat_delta= 0.346768\n"}
,{"stream_name":"stdout","time":1671.171922834,"data":"EDGE_TTA_ACTIVE views= 8 mean_abs_feat_delta= 0.390664\n"}
,{"stream_name":"stdout","time":1671.171961429,"data":"EDGE_TTA_ACTIVE views= 8 mean_abs_feat_delta= 0.346768\n"}
,{"stream_name":"stdout","time":1671.913217487,"data":"BIOHUB_RETENTION_GUARD {\"blended_candidates\": 271, \"dataset\": \"44b6_2a2eff9f\", \"frame\": 75, \"minimum_retention\": 0.9, \"primary_candidates\": 437, \"retention\": 0.620137299771167, \"use_primary\": true}\n"}
,{"stream_name":"stdout","time":1672.11619864,"data":"BIOHUB_RETENTION_GUARD {\"blended_candidates\": 271, \"dataset\": \"44b6_2a2eff9f\", \"frame\": 75, \"minimum_retention\": 0.9, \"primary_candidates\": 437, \"retention\": 0.620137299771167, \"use_primary\": true}\n"}
,{"stream_name":"stdout","time":1673.094588997,"data":"EDGE_TTA_ACTIVE views= 8 mean_abs_feat_delta= 0.391353\n"}
,{"stream_name":"stdout","time":1673.185487328,"data":"EDGE_TTA_ACTIVE views= 8 mean_abs_feat_delta= 0.344162\n"}
,{"stream_name":"stdout","time":1673.297104762,"data":"EDGE_TTA_ACTIVE views= 8 mean_abs_feat_delta= 0.391353\n"}
,{"stream_name":"stdout","time":1673.297140892,"data":"EDGE_TTA_ACTIVE views= 8 mean_abs_feat_delta= 0.344162\n"}
,{"stream_name":"stdout","time":1674.038779093,"data":"BIOHUB_RETENTION_GUARD {\"blended_candidates\": 259, \"dataset\": \"44b6_2a2eff9f\", \"frame\": 76, \"minimum_retention\": 0.9, \"primary_candidates\": 435, \"retention\": 0.5954022988505747, \"use_primary\": true}\n"}
,{"stream_name":"stdout","time":1674.241018706,"data":"BIOHUB_RETENTION_GUARD {\"blended_candidates\": 259, \"dataset\": \"44b6_2a2eff9f\", \"frame\": 76, \"minimum_retention\": 0.9, \"primary_candidates\": 435, \"retention\": 0.5954022988505747, \"use_primary\": true}\n"}
,{"stream_name":"stdout","time":1675.158705926,"data":"EDGE_TTA_ACTIVE views= 8 mean_abs_feat_delta= 0.38925\n"}
,{"stream_name":"stdout","time":1675.233176143,"data":"EDGE_TTA_ACTIVE views= 8 mean_abs_feat_delta= 0.34178\n"}
,{"stream_name":"stdout","time":1675.361207779,"data":"EDGE_TTA_ACTIVE views= 8 mean_abs_feat_delta= 0.38925\n"}
,{"stream_name":"stdout","time":1675.361239911,"data":"EDGE_TTA_ACTIVE views= 8 mean_abs_feat_delta= 0.34178\n"}
,{"stream_name":"stdout","time":1676.099955316,"data":"BIOHUB_RETENTION_GUARD {\"blended_candidates\": 273, \"dataset\": \"44b6_2a2eff9f\", \"frame\": 77, \"minimum_retention\": 0.9, \"primary_candidates\": 445, \"retention\": 0.6134831460674157, \"use_primary\": true}\n"}
,{"stream_name":"stdout","time":1676.302784371,"data":"BIOHUB_RETENTION_GUARD {\"blended_candidates\": 273, \"dataset\": \"44b6_2a2eff9f\", \"frame\": 77, \"minimum_retention\": 0.9, \"primary_candidates\": 445, \"retention\": 0.6134831460674157, \"use_primary\": true}\n"}
,{"stream_name":"stdout","time":1677.216899253,"data":"EDGE_TTA_ACTIVE views= 8 mean_abs_feat_delta= 0.382657\n"}
,{"stream_name":"stdout","time":1677.41978054,"data":"EDGE_TTA_ACTIVE views= 8 mean_abs_feat_delta= 0.382657\n"}
,{"stream_name":"stdout","time":1678.162743908,"data":"BIOHUB_RETENTION_GUARD {\"blended_candidates\": 367, \"dataset\": \"44b6_2a2eff9f\", \"frame\": 78, \"minimum_retention\": 0.9, \"primary_candidates\": 493, \"retention\": 0.744421906693712, \"use_primary\": true}\n"}
,{"stream_name":"stdout","time":1678.365524549,"data":"BIOHUB_RETENTION_GUARD {\"blended_candidates\": 367, \"dataset\": \"44b6_2a2eff9f\", \"frame\": 78, \"minimum_retention\": 0.9, \"primary_candidates\": 493, \"retention\": 0.744421906693712, \"use_primary\": true}\n"}
,{"stream_name":"stdout","time":1679.403353797,"data":"EDGE_TTA_ACTIVE views= 8 mean_abs_feat_delta= 0.381042\n"}
,{"stream_name":"stdout","time":1679.675724939,"data":"EDGE_TTA_ACTIVE views= 8 mean_abs_feat_delta= 0.381042\n"}
,{"stream_name":"stdout","time":1680.347800665,"data":"BIOHUB_RETENTION_GUARD {\"blended_candidates\": 379, \"dataset\": \"44b6_2a2eff9f\", \"frame\": 79, \"minimum_retention\": 0.9, \"primary_candidates\": 494, \"retention\": 0.7672064777327935, \"use_primary\": true}\n"}
,{"stream_name":"stdout","time":1680.549979299,"data":"BIOHUB_RETENTION_GUARD {\"blended_candidates\": 379, \"dataset\": \"44b6_2a2eff9f\", \"frame\": 79, \"minimum_retention\": 0.9, \"primary_candidates\": 494, \"retention\": 0.7672064777327935, \"use_primary\": true}\n"}
,{"stream_name":"stdout","time":1681.553868319,"data":"EDGE_TTA_ACTIVE views= 8 mean_abs_feat_delta= 0.386119\n"}
,{"stream_name":"stdout","time":1681.756820712,"data":"EDGE_TTA_ACTIVE views= 8 mean_abs_feat_delta= 0.386119\n"}
,{"stream_name":"stdout","time":1682.497763707,"data":"BIOHUB_RETENTION_GUARD {\"blended_candidates\": 306, \"dataset\": \"44b6_2a2eff9f\", \"frame\": 80, \"minimum_retention\": 0.9, \"primary_candidates\": 474, \"retention\": 0.6455696202531646, \"use_primary\": true}\n"}
,{"stream_name":"stdout","time":1682.700369478,"data":"BIOHUB_RETENTION_GUARD {\"blended_candidates\": 306, \"dataset\": \"44b6_2a2eff9f\", \"frame\": 80, \"minimum_retention\": 0.9, \"primary_candidates\": 474, \"retention\": 0.6455696202531646, \"use_primary\": true}\n"}
,{"stream_name":"stdout","time":1683.710026701,"data":"EDGE_TTA_ACTIVE views= 8 mean_abs_feat_delta= 0.382619\n"}
,{"stream_name":"stdout","time":1683.91243367,"data":"EDGE_TTA_ACTIVE views= 8 mean_abs_feat_delta= 0.382619\n"}
,{"stream_name":"stdout","time":1683.995477919,"data":"EDGE_TTA_ACTIVE views= 8 mean_abs_feat_delta= 0.374535\n"}
,{"stream_name":"stdout","time":1684.197755445,"data":"EDGE_TTA_ACTIVE views= 8 mean_abs_feat_delta= 0.374535\n"}
,{"stream_name":"stdout","time":1684.653257376,"data":"BIOHUB_RETENTION_GUARD {\"blended_candidates\": 321, \"dataset\": \"44b6_2a2eff9f\", \"frame\": 81, \"minimum_retention\": 0.9, \"primary_candidates\": 466, \"retention\": 0.6888412017167382, \"use_primary\": true}\n"}
,{"stream_name":"stdout","time":1684.856358966,"data":"BIOHUB_RETENTION_GUARD {\"blended_candidates\": 321, \"dataset\": \"44b6_2a2eff9f\", \"frame\": 81, \"minimum_retention\": 0.9, \"primary_candidates\": 466, \"retention\": 0.6888412017167382, \"use_primary\": true}\n"}
,{"stream_name":"stdout","time":1685.084411806,"data":"PUBLIC946_GPU_SMOKE {\"arm\": \"C1\", \"association\": {\"actual_primary_logits_after_original_harmonic_fusion\": {\"all_finite\": true, \"device\": \"cuda:0\", \"dtype\": \"torch.float32\", \"numel\": 190060, \"shape\": [1, 442, 430], \"stride\": [190060, 430, 1]}, \"actual_secondary_feature_consumed\": true, \"actual_secondary_logits\": {\"all_finite\": true, \"device\": \"cuda:0\", \"dtype\": \"torch.float32\", \"numel\": 190060, \"shape\": [1, 442, 430], \"stride\": [190060, 430, 1]}, \"coordinate_grid\": {\"downsample\": [1.0, 4.0, 4.0], \"source\": {\"device\": \"cuda:0\", \"dtype\": \"torch.float32\", \"numel\": 1326, \"shape\": [1, 442, 3], \"stride\": [442, 1, 442]}, \"target\": {\"device\": \"cuda:0\", \"dtype\": \"torch.float32\", \"numel\": 1290, \"shape\": [1, 430, 3], \"stride\": [430, 1, 430]}}, \"diagnostic_edge_head_calls\": 1, \"diagnostic_encoder_calls\": 0, \"diagnostic_probabilities_used_in_production\": false, \"diagnostic_seconds\": 0.019213999999919906, \"frame_pair_index\": 0, \"primary_source_sampled_features\": {\"all_finite\": true, \"device\": \"cuda:0\", \"dtype\": \"torch.float32\", \"numel\": 14144, \"shape\": [1, 442, 32], \"stride\": [14144, 32, 1]}, \"primary_target_sampled_features\": {\"all_finite\": true, \"device\": \"cuda:0\", \"dtype\": \"torch.float32\", \"numel\": 13760, \"shape\": [1, 430, 32], \"stride\": [13760, 32, 1]}, \"probability_comparison_stage\": \"secondary edge-head softmax over parents, before original calibration and low-margin mixing\", \"probability_delta_vs_single_pass_same_coordinates\": {\"sample_elements\": 65536, \"sample_equal\": true, \"sample_max_abs_delta\": 0.0, \"sample_mean_abs_delta\": 0.0, \"sample_stride\": 2}, \"production_calls\": 1, \"same_low_margin_config\": {\"secondary_detection_weight\": 0.8, \"secondary_edge_weight\": 0.15, \"secondary_link_mode\": \"low_margin_consensus\"}, \"source_delta_vs_single_pass\": {\"sample_elements\": 14144, \"sample_equal\": true, \"sample_max_abs_delta\": 0.0, \"sample_mean_abs_delta\": 0.0, \"sample_stride\": 1}, \"source_sampled_features\": {\"all_finite\": true, \"device\": \"cuda:0\", \"dtype\": \"torch.float32\", \"numel\": 14144, \"shape\": [1, 442, 32], \"stride\": [14144, 32, 1]}, \"target_delta_vs_single_pass\": {\"sample_elements\": 13760, \"sample_equal\": true, \"sample_max_abs_delta\": 0.0, \"sample_mean_abs_delta\": 0.0, \"sample_stride\": 1}, \"target_sampled_features\": {\"all_finite\": true, \"device\": \"cuda:0\", \"dtype\": \"torch.float32\", \"numel\": 13760, \"shape\": [1, 430, 32], \"stride\": [13760, 32, 1]}}, \"association_calls\": 1, \"config\": {\"secondary_detection_weight\": 0.8, \"secondary_edge_weight\": 0.15, \"secondary_link_mode\": \"low_margin_consensus\"}, \"consumed_features\": {\"primary\": {\"all_finite\": true, \"delta_vs_single_pass\": {\"sample_elements\": 65536, \"sample_equal\": false, \"sample_max_abs_delta\": 2.0918712615966797, \"sample_mean_abs_delta\": 0.4569191038608551, \"sample_stride\": 256}, \"device\": \"cuda:0\", \"dtype\": \"torch.float32\", \"numel\": 16777216, \"original_encoded_feature_sample_unchanged\": true, \"same_storage_as_original\": false, \"shape\": [1, 2, 32, 64, 64, 64], \"single_pass\": {\"device\": \"cuda:0\", \"dtype\": \"torch.float32\", \"numel\": 16777216, \"shape\": [1, 2, 32, 64, 64, 64], \"stride\": [16777216, 8388608, 262144, 4096, 64, 1]}, \"stride\": [16777216, 8388608, 262144, 4096, 64, 1]}, \"secondary\": {\"all_finite\": true, \"delta_vs_single_pass\": {\"sample_elements\": 65536, \"sample_equal\": true, \"sample_max_abs_delta\": 0.0, \"sample_mean_abs_delta\": 0.0, \"sample_stride\": 256}, \"device\": \"cuda:0\", \"dtype\": \"torch.float32\", \"numel\": 16777216, \"original_encoded_feature_sample_unchanged\": true, \"same_storage_as_original\": true, \"shape\": [1, 2, 32, 64, 64, 64], \"single_pass\": {\"device\": \"cuda:0\", \"dtype\": \"torch.float32\", \"numel\": 16777216, \"shape\": [1, 2, 32, 64, 64, 64], \"stride\": [16777216, 8388608, 262144, 4096, 64, 1]}, \"stride\": [16777216, 8388608, 262144, 4096, 64, 1]}}, \"consumed_heatmaps\": [{\"all_finite\": true, \"device\": \"cuda:0\", \"dtype\": \"torch.float32\", \"numel\": 262144, \"shape\": [1, 1, 64, 64, 64], \"stride\": [262144, 262144, 4096, 64, 1]}, {\"all_finite\": true, \"device\": \"cuda:0\", \"dtype\": \"torch.float32\", \"numel\": 262144, \"shape\": [1, 1, 64, 64, 64], \"stride\": [262144, 262144, 4096, 64, 1]}], \"cuda_peak_allocated_bytes_process\": 728221696, \"cuda_peak_reserved_bytes_process\": 977272832, \"dataset\": \"6bba_07e24132\", \"encode_calls\": {\"primary\": 8, \"secondary\": 8}, \"encode_seconds\": {\"primary\": 1.0457219729996723, \"secondary\": 0.962503103999552}, \"encode_views\": [{\"feature\": {\"device\": \"cuda:0\", \"dtype\": \"torch.float32\", \"numel\": 16777216, \"shape\": [1, 2, 32, 64, 64, 64], \"stride\": [16777216, 8388608, 262144, 4096, 64, 1]}, \"heatmap0\": {\"device\": \"cuda:0\", \"dtype\": \"torch.float32\", \"numel\": 262144, \"shape\": [1, 1, 64, 64, 64], \"stride\": [262144, 262144, 4096, 64, 1]}, \"input\": {\"device\": \"cuda:0\", \"dtype\": \"torch.float32\", \"numel\": 524288, \"shape\": [1, 2, 64, 64, 64], \"stride\": [524288, 262144, 4096, 64, 1]}, \"pass\": 1, \"role\": \"primary\"}, {\"feature\": {\"device\": \"cuda:0\", \"dtype\": \"torch.float32\", \"numel\": 16777216, \"shape\": [1, 2, 32, 64, 64, 64], \"stride\": [16777216, 8388608, 262144, 4096, 64, 1]}, \"heatmap0\": {\"device\": \"cuda:0\", \"dtype\": \"torch.float32\", \"numel\": 262144, \"shape\": [1, 1, 64, 64, 64], \"stride\": [262144, 262144, 4096, 64, 1]}, \"input\": {\"device\": \"cuda:0\", \"dtype\": \"torch.float32\", \"numel\": 524288, \"shape\": [1, 2, 64, 64, 64], \"stride\": [524288, 262144, 4096, 64, 1]}, \"pass\": 2, \"role\": \"primary\"}, {\"feature\": {\"device\": \"cuda:0\", \"dtype\": \"torch.float32\", \"numel\": 16777216, \"shape\": [1, 2, 32, 64, 64, 64], \"stride\": [16777216, 8388608, 262144, 4096, 64, 1]}, \"heatmap0\": {\"device\": \"cuda:0\", \"dtype\": \"torch.float32\", \"numel\": 262144, \"shape\": [1, 1, 64, 64, 64], \"stride\": [262144, 262144, 4096, 64, 1]}, \"input\": {\"device\": \"cuda:0\", \"dtype\": \"torch.float32\", \"numel\": 524288, \"shape\": [1, 2, 64, 64, 64], \"stride\": [524288, 262144, 4096, 64, 1]}, \"pass\": 3, \"role\": \"primary\"}, {\"feature\": {\"device\": \"cuda:0\", \"dtype\": \"torch.float32\", \"numel\": 16777216, \"shape\": [1, 2, 32, 64, 64, 64], \"stride\": [16777216, 8388608, 262144, 4096, 64, 1]}, \"heatmap0\": {\"device\": \"cuda:0\", \"dtype\": \"torch.float32\", \"numel\": 262144, \"shape\": [1, 1, 64, 64, 64], \"stride\": [262144, 262144, 4096, 64, 1]}, \"input\": {\"device\": \"cuda:0\", \"dtype\": \"torch.float32\", \"numel\": 524288, \"shape\": [1, 2, 64, 64, 64], \"stride\": [524288, 262144, 4096, 64, 1]}, \"pass\": 4, \"role\": \"primary\"}, {\"feature\": {\"device\": \"cuda:0\", \"dtype\": \"torch.float32\", \"numel\": 16777216, \"shape\": [1, 2, 32, 64, 64, 64], \"stride\": [16777216, 8388608, 262144, 4096, 64, 1]}, \"heatmap0\": {\"device\": \"cuda:0\", \"dtype\": \"torch.float32\", \"numel\": 262144, \"shape\": [1, 1, 64, 64, 64], \"stride\": [262144, 262144, 4096, 64, 1]}, \"input\": {\"device\": \"cuda:0\", \"dtype\": \"torch.float32\", \"numel\": 524288, \"shape\": [1, 2, 64, 64, 64], \"stride\": [524288, 262144, 4096, 1, 64]}, \"pass\": 5, \"role\": \"primary\"}, {\"feature\": {\"device\": \"cuda:0\", \"dtype\": \"torch.float32\", \"numel\": 16777216, \"shape\": [1, 2, 32, 64, 64, 64], \"stride\": [16777216, 8388608, 262144, 4096, 64, 1]}, \"heatmap0\": {\"device\": \"cuda:0\", \"dtype\": \"torch.float32\", \"numel\": 262144, \"shape\": [1, 1, 64, 64, 64], \"stride\": [262144, 262144, 4096, 64, 1]}, \"input\": {\"device\": \"cuda:0\", \"dtype\": \"torch.float32\", \"numel\": 524288, \"shape\": [1, 2, 64, 64, 64], \"stride\": [524288, 262144, 4096, 1, 64]}, \"pass\": 6, \"role\": \"primary\"}, {\"feature\": {\"device\": \"cuda:0\", \"dtype\": \"torch.float32\", \"numel\": 16777216, \"shape\": [1, 2, 32, 64, 64, 64], \"stride\": [16777216, 8388608, 262144, 4096, 64, 1]}, \"heatmap0\": {\"device\": \"cuda:0\", \"dtype\": \"torch.float32\", \"numel\": 262144, \"shape\": [1, 1, 64, 64, 64], \"stride\": [262144, 262144, 4096, 64, 1]}, \"input\": {\"device\": \"cuda:0\", \"dtype\": \"torch.float32\", \"numel\": 524288, \"shape\": [1, 2, 64, 64, 64], \"stride\": [524288, 262144, 4096, 1, 64]}, \"pass\": 7, \"role\": \"primary\"}, {\"feature\": {\"device\": \"cuda:0\", \"dtype\": \"torch.float32\", \"numel\": 16777216, \"shape\": [1, 2, 32, 64, 64, 64], \"stride\": [16777216, 8388608, 262144, 4096, 64, 1]}, \"heatmap0\": {\"device\": \"cuda:0\", \"dtype\": \"torch.float32\", \"numel\": 262144, \"shape\": [1, 1, 64, 64, 64], \"stride\": [262144, 262144, 4096, 64, 1]}, \"input\": {\"device\": \"cuda:0\", \"dtype\": \"torch.float32\", \"numel\": 524288, \"shape\": [1, 2, 64, 64, 64], \"stride\": [524288, 262144, 4096, 1, 64]}, \"pass\": 8, \"role\": \"primary\"}, {\"feature\": {\"device\": \"cuda:0\", \"dtype\": \"torch.float32\", \"numel\": 16777216, \"shape\": [1, 2, 32, 64, 64, 64], \"stride\": [16777216, 8388608, 262144, 4096, 64, 1]}, \"heatmap0\": {\"device\": \"cuda:0\", \"dtype\": \"torch.float32\", \"numel\": 262144, \"shape\": [1, 1, 64, 64, 64], \"stride\": [262144, 262144, 4096, 64, 1]}, \"input\": {\"device\": \"cuda:0\", \"dtype\": \"torch.float32\", \"numel\": 524288, \"shape\": [1, 2, 64, 64, 64], \"stride\": [524288, 262144, 4096, 64, 1]}, \"pass\": 1, \"role\": \"secondary\"}, {\"feature\": {\"device\": \"cuda:0\", \"dtype\": \"torch.float32\", \"numel\": 16777216, \"shape\": [1, 2, 32, 64, 64, 64], \"stride\": [16777216, 8388608, 262144, 4096, 64, 1]}, \"heatmap0\": {\"device\": \"cuda:0\", \"dtype\": \"torch.float32\", \"numel\": 262144, \"shape\": [1, 1, 64, 64, 64], \"stride\": [262144, 262144, 4096, 64, 1]}, \"input\": {\"device\": \"cuda:0\", \"dtype\": \"torch.float32\", \"numel\": 524288, \"shape\": [1, 2, 64, 64, 64], \"stride\": [524288, 262144, 4096, 64, 1]}, \"pass\": 2, \"role\": \"secondary\"}, {\"feature\": {\"device\": \"cuda:0\", \"dtype\": \"torch.float32\", \"numel\": 16777216, \"shape\": [1, 2, 32, 64, 64, 64], \"stride\": [16777216, 8388608, 262144, 4096, 64, 1]}, \"heatmap0\": {\"device\": \"cuda:0\", \"dtype\": \"torch.float32\", \"numel\": 262144, \"shape\": [1, 1, 64, 64, 64], \"stride\": [262144, 262144, 4096, 64, 1]}, \"input\": {\"device\": \"cuda:0\", \"dtype\": \"torch.float32\", \"numel\": 524288, \"shape\": [1, 2, 64, 64, 64], \"stride\": [524288, 262144, 4096, 64, 1]}, \"pass\": 3, \"role\": \"secondary\"}, {\"feature\": {\"device\": \"cuda:0\", \"dtype\": \"torch.float32\", \"numel\": 16777216, \"shape\": [1, 2, 32, 64, 64, 64], \"stride\": [16777216, 8388608, 262144, 4096, 64, 1]}, \"heatmap0\": {\"device\": \"cuda:0\", \"dtype\": \"torch.float32\", \"numel\": 262144, \"shape\": [1, 1, 64, 64, 64], \"stride\": [262144, 262144, 4096, 64, 1]}, \"input\": {\"device\": \"cuda:0\", \"dtype\": \"torch.float32\", \"numel\": 524288, \"shape\": [1, 2, 64, 64, 64], \"stride\": [524288, 262144, 4096, 64, 1]}, \"pass\": 4, \"role\": \"secondary\"}, {\"feature\": {\"device\": \"cuda:0\", \"dtype\": \"torch.float32\", \"numel\": 16777216, \"shape\": [1, 2, 32, 64, 64, 64], \"stride\": [16777216, 8388608, 262144, 4096, 64, 1]}, \"heatmap0\": {\"device\": \"cuda:0\", \"dtype\": \"torch.float32\", \"numel\": 262144, \"shape\": [1, 1, 64, 64, 64], \"stride\": [262144, 262144, 4096, 64, 1]}, \"input\": {\"device\": \"cuda:0\", \"dtype\": \"torch.float32\", \"numel\": 524288, \"shape\": [1, 2, 64, 64, 64], \"stride\": [524288, 262144, 4096, 1, 64]}, \"pass\": 5, \"role\": \"secondary\"}, {\"feature\": {\"device\": \"cuda:0\", \"dtype\": \"torch.float32\", \"numel\": 16777216, \"shape\": [1, 2, 32, 64, 64, 64], \"stride\": [16777216, 8388608, 262144, 4096, 64, 1]}, \"heatmap0\": {\"device\": \"cuda:0\", \"dtype\": \"torch.float32\", \"numel\": 262144, \"shape\": [1, 1, 64, 64, 64], \"stride\": [262144, 262144, 4096, 64, 1]}, \"input\": {\"device\": \"cuda:0\", \"dtype\": \"torch.float32\", \"numel\": 524288, \"shape\": [1, 2, 64, 64, 64], \"stride\": [524288, 262144, 4096, 1, 64]}, \"pass\": 6, \"role\": \"secondary\"}, {\"feature\": {\"device\": \"cuda:0\", \"dtype\": \"torch.float32\", \"numel\": 16777216, \"shape\": [1, 2, 32, 64, 64, 64], \"stride\": [16777216, 8388608, 262144, 4096, 64, 1]}, \"heatmap0\": {\"device\": \"cuda:0\", \"dtype\": \"torch.float32\", \"numel\": 262144, \"shape\": [1, 1, 64, 64, 64], \"stride\": [262144, 262144, 4096, 64, 1]}, \"input\": {\"device\": \"cuda:0\", \"dtype\": \"torch.float32\", \"numel\": 524288, \"shape\": [1, 2, 64, 64, 64], \"stride\": [524288, 262144, 4096, 1, 64]}, \"pass\": 7, \"role\": \"secondary\"}, {\"feature\": {\"device\": \"cuda:0\", \"dtype\": \"torch.float32\", \"numel\": 16777216, \"shape\": [1, 2, 32, 64, 64, 64], \"stride\": [16777216, 8388608, 262144, 4096, 64, 1]}, \"heatmap0\": {\"device\": \"cuda:0\", \"dtype\": \"torch.float32\", \"numel\": 262144, \"shape\": [1, 1, 64, 64, 64], \"stride\": [262144, 262144, 4096, 64, 1]}, \"input\": {\"device\": \"cuda:0\", \"dtype\": \"torch.float32\", \"numel\": 524288, \"shape\": [1, 2, 64, 64, 64], \"stride\": [524288, 262144, 4096, 1, 64]}, \"pass\": 8, \"role\": \"secondary\"}], \"event\": \"actual_predictor_window\", \"frames\": [0, 1], \"input\": {\"all_finite\": true, \"device\": \"cuda:0\", \"dtype\": \"torch.float32\", \"numel\": 524288, \"shape\": [1, 2, 64, 64, 64], \"stride\": [524288, 262144, 4096, 64, 1]}, \"input_parent\": \"/kaggle/input/competitions/biohub-cell-tracking-during-development/train\", \"seconds_including_common_audit\": 2.149313257999893, \"window_index\": 1, \"worker_execution_settings\": {\"autocast_enabled\": false, \"cuda_runtime\": \"12.8\", \"cudnn_allow_tf32\": true, \"cudnn_benchmark\": false, \"cudnn_deterministic\": false, \"default_dtype\": \"torch.float32\", \"deterministic_algorithms\": false, \"float32_matmul_precision\": \"highest\", \"gpu_name\": \"Tesla T4\", \"grad_enabled\": false, \"matmul_allow_tf32\": false, \"torch_initial_seed\": 14439693894798763525, \"torch_version\": \"2.10.0+cu128\"}}\n"}
,{"stream_name":"stdout","time":1685.2874833,"data":"PUBLIC946_GPU_SMOKE {\"arm\": \"C1\", \"association\": {\"actual_primary_logits_after_original_harmonic_fusion\": {\"all_finite\": true, \"device\": \"cuda:0\", \"dtype\": \"torch.float32\", \"numel\": 190060, \"shape\": [1, 442, 430], \"stride\": [190060, 430, 1]}, \"actual_secondary_feature_consumed\": true, \"actual_secondary_logits\": {\"all_finite\": true, \"device\": \"cuda:0\", \"dtype\": \"torch.float32\", \"numel\": 190060, \"shape\": [1, 442, 430], \"stride\": [190060, 430, 1]}, \"coordinate_grid\": {\"downsample\": [1.0, 4.0, 4.0], \"source\": {\"device\": \"cuda:0\", \"dtype\": \"torch.float32\", \"numel\": 1326, \"shape\": [1, 442, 3], \"stride\": [442, 1, 442]}, \"target\": {\"device\": \"cuda:0\", \"dtype\": \"torch.float32\", \"numel\": 1290, \"shape\": [1, 430, 3], \"stride\": [430, 1, 430]}}, \"diagnostic_edge_head_calls\": 1, \"diagnostic_encoder_calls\": 0, \"diagnostic_probabilities_used_in_production\": false, \"diagnostic_seconds\": 0.019213999999919906, \"frame_pair_index\": 0, \"primary_source_sampled_features\": {\"all_finite\": true, \"device\": \"cuda:0\", \"dtype\": \"torch.float32\", \"numel\": 14144, \"shape\": [1, 442, 32], \"stride\": [14144, 32, 1]}, \"primary_target_sampled_features\": {\"all_finite\": true, \"device\": \"cuda:0\", \"dtype\": \"torch.float32\", \"numel\": 13760, \"shape\": [1, 430, 32], \"stride\": [13760, 32, 1]}, \"probability_comparison_stage\": \"secondary edge-head softmax over parents, before original calibration and low-margin mixing\", \"probability_delta_vs_single_pass_same_coordinates\": {\"sample_elements\": 65536, \"sample_equal\": true, \"sample_max_abs_delta\": 0.0, \"sample_mean_abs_delta\": 0.0, \"sample_stride\": 2}, \"production_calls\": 1, \"same_low_margin_config\": {\"secondary_detection_weight\": 0.8, \"secondary_edge_weight\": 0.15, \"secondary_link_mode\": \"low_margin_consensus\"}, \"source_delta_vs_single_pass\": {\"sample_elements\": 14144, \"sample_equal\": true, \"sample_max_abs_delta\": 0.0, \"sample_mean_abs_delta\": 0.0, \"sample_stride\": 1}, \"source_sampled_features\": {\"all_finite\": true, \"device\": \"cuda:0\", \"dtype\": \"torch.float32\", \"numel\": 14144, \"shape\": [1, 442, 32], \"stride\": [14144, 32, 1]}, \"target_delta_vs_single_pass\": {\"sample_elements\": 13760, \"sample_equal\": true, \"sample_max_abs_delta\": 0.0, \"sample_mean_abs_delta\": 0.0, \"sample_stride\": 1}, \"target_sampled_features\": {\"all_finite\": true, \"device\": \"cuda:0\", \"dtype\": \"torch.float32\", \"numel\": 13760, \"shape\": [1, 430, 32], \"stride\": [13760, 32, 1]}}, \"association_calls\": 1, \"config\": {\"secondary_detection_weight\": 0.8, \"secondary_edge_weight\": 0.15, \"secondary_link_mode\": \"low_margin_consensus\"}, \"consumed_features\": {\"primary\": {\"all_finite\": true, \"delta_vs_single_pass\": {\"sample_elements\": 65536, \"sample_equal\": false, \"sample_max_abs_delta\": 2.0918712615966797, \"sample_mean_abs_delta\": 0.4569191038608551, \"sample_stride\": 256}, \"device\": \"cuda:0\", \"dtype\": \"torch.float32\", \"numel\": 16777216, \"original_encoded_feature_sample_unchanged\": true, \"same_storage_as_original\": false, \"shape\": [1, 2, 32, 64, 64, 64], \"single_pass\": {\"device\": \"cuda:0\", \"dtype\": \"torch.float32\", \"numel\": 16777216, \"shape\": [1, 2, 32, 64, 64, 64], \"stride\": [16777216, 8388608, 262144, 4096, 64, 1]}, \"stride\": [16777216, 8388608, 262144, 4096, 64, 1]}, \"secondary\": {\"all_finite\": true, \"delta_vs_single_pass\": {\"sample_elements\": 65536, \"sample_equal\": true, \"sample_max_abs_delta\": 0.0, \"sample_mean_abs_delta\": 0.0, \"sample_stride\": 256}, \"device\": \"cuda:0\", \"dtype\": \"torch.float32\", \"numel\": 16777216, \"original_encoded_feature_sample_unchanged\": true, \"same_storage_as_original\": true, \"shape\": [1, 2, 32, 64, 64, 64], \"single_pass\": {\"device\": \"cuda:0\", \"dtype\": \"torch.float32\", \"numel\": 16777216, \"shape\": [1, 2, 32, 64, 64, 64], \"stride\": [16777216, 8388608, 262144, 4096, 64, 1]}, \"stride\": [16777216, 8388608, 262144, 4096, 64, 1]}}, \"consumed_heatmaps\": [{\"all_finite\": true, \"device\": \"cuda:0\", \"dtype\": \"torch.float32\", \"numel\": 262144, \"shape\": [1, 1, 64, 64, 64], \"stride\": [262144, 262144, 4096, 64, 1]}, {\"all_finite\": true, \"device\": \"cuda:0\", \"dtype\": \"torch.float32\", \"numel\": 262144, \"shape\": [1, 1, 64, 64, 64], \"stride\": [262144, 262144, 4096, 64, 1]}], \"cuda_peak_allocated_bytes_process\": 728221696, \"cuda_peak_reserved_bytes_process\": 977272832, \"dataset\": \"6bba_07e24132\", \"encode_calls\": {\"primary\": 8, \"secondary\": 8}, \"encode_seconds\": {\"primary\": 1.0457219729996723, \"secondary\": 0.962503103999552}, \"encode_views\": [{\"feature\": {\"device\": \"cuda:0\", \"dtype\": \"torch.float32\", \"numel\": 16777216, \"shape\": [1, 2, 32, 64, 64, 64], \"stride\": [16777216, 8388608, 262144, 4096, 64, 1]}, \"heatmap0\": {\"device\": \"cuda:0\", \"dtype\": \"torch.float32\", \"numel\": 262144, \"shape\": [1, 1, 64, 64, 64], \"stride\": [262144, 262144, 4096, 64, 1]}, \"input\": {\"device\": \"cuda:0\", \"dtype\": \"torch.float32\", \"numel\": 524288, \"shape\": [1, 2, 64, 64, 64], \"stride\": [524288, 262144, 4096, 64, 1]}, \"pass\": 1, \"role\": \"primary\"}, {\"feature\": {\"device\": \"cuda:0\", \"dtype\": \"torch.float32\", \"numel\": 16777216, \"shape\": [1, 2, 32, 64, 64, 64], \"stride\": [16777216, 8388608, 262144, 4096, 64, 1]}, \"heatmap0\": {\"device\": \"cuda:0\", \"dtype\": \"torch.float32\", \"numel\": 262144, \"shape\": [1, 1, 64, 64, 64], \"stride\": [262144, 262144, 4096, 64, 1]}, \"input\": {\"device\": \"cuda:0\", \"dtype\": \"torch.float32\", \"numel\": 524288, \"shape\": [1, 2, 64, 64, 64], \"stride\": [524288, 262144, 4096, 64, 1]}, \"pass\": 2, \"role\": \"primary\"}, {\"feature\": {\"device\": \"cuda:0\", \"dtype\": \"torch.float32\", \"numel\": 16777216, \"shape\": [1, 2, 32, 64, 64, 64], \"stride\": [16777216, 8388608, 262144, 4096, 64, 1]}, \"heatmap0\": {\"device\": \"cuda:0\", \"dtype\": \"torch.float32\", \"numel\": 262144, \"shape\": [1, 1, 64, 64, 64], \"stride\": [262144, 262144, 4096, 64, 1]}, \"input\": {\"device\": \"cuda:0\", \"dtype\": \"torch.float32\", \"numel\": 524288, \"shape\": [1, 2, 64, 64, 64], \"stride\": [524288, 262144, 4096, 64, 1]}, \"pass\": 3, \"role\": \"primary\"}, {\"feature\": {\"device\": \"cuda:0\", \"dtype\": \"torch.float32\", \"numel\": 16777216, \"shape\": [1, 2, 32, 64, 64, 64], \"stride\": [16777216, 8388608, 262144, 4096, 64, 1]}, \"heatmap0\": {\"device\": \"cuda:0\", \"dtype\": \"torch.float32\", \"numel\": 262144, \"shape\": [1, 1, 64, 64, 64], \"stride\": [262144, 262144, 4096, 64, 1]}, \"input\": {\"device\": \"cuda:0\", \"dtype\": \"torch.float32\", \"numel\": 524288, \"shape\": [1, 2, 64, 64, 64], \"stride\": [524288, 262144, 4096, 64, 1]}, \"pass\": 4, \"role\": \"primary\"}, {\"feature\": {\"device\": \"cuda:0\", \"dtype\": \"torch.float32\", \"numel\": 16777216, \"shape\": [1, 2, 32, 64, 64, 64], \"stride\": [16777216, 8388608, 262144, 4096, 64, 1]}, \"heatmap0\": {\"device\": \"cuda:0\", \"dtype\": \"torch.float32\", \"numel\": 262144, \"shape\": [1, 1, 64, 64, 64], \"stride\": [262144, 262144, 4096, 64, 1]}, \"input\": {\"device\": \"cuda:0\", \"dtype\": \"torch.float32\", \"numel\": 524288, \"shape\": [1, 2, 64, 64, 64], \"stride\": [524288, 262144, 4096, 1, 64]}, \"pass\": 5, \"role\": \"primary\"}, {\"feature\": {\"device\": \"cuda:0\", \"dtype\": \"torch.float32\", \"numel\": 16777216, \"shape\": [1, 2, 32, 64, 64, 64], \"stride\": [16777216, 8388608, 262144, 4096, 64, 1]}, \"heatmap0\": {\"device\": \"cuda:0\", \"dtype\": \"torch.float32\", \"numel\": 262144, \"shape\": [1, 1, 64, 64, 64], \"stride\": [262144, 262144, 4096, 64, 1]}, \"input\": {\"device\": \"cuda:0\", \"dtype\": \"torch.float32\", \"numel\": 524288, \"shape\": [1, 2, 64, 64, 64], \"stride\": [524288, 262144, 4096, 1, 64]}, \"pass\": 6, \"role\": \"primary\"}, {\"feature\": {\"device\": \"cuda:0\", \"dtype\": \"torch.float32\", \"numel\": 16777216, \"shape\": [1, 2, 32, 64, 64, 64], \"stride\": [16777216, 8388608, 262144, 4096, 64, 1]}, \"heatmap0\": {\"device\": \"cuda:0\", \"dtype\": \"torch.float32\", \"numel\": 262144, \"shape\": [1, 1, 64, 64, 64], \"stride\": [262144, 262144, 4096, 64, 1]}, \"input\": {\"device\": \"cuda:0\", \"dtype\": \"torch.float32\", \"numel\": 524288, \"shape\": [1, 2, 64, 64, 64], \"stride\": [524288, 262144, 4096, 1, 64]}, \"pass\": 7, \"role\": \"primary\"}, {\"feature\": {\"device\": \"cuda:0\", \"dtype\": \"torch.float32\", \"numel\": 16777216, \"shape\": [1, 2, 32, 64, 64, 64], \"stride\": [16777216, 8388608, 262144, 4096, 64, 1]}, \"heatmap0\": {\"device\": \"cuda:0\", \"dtype\": \"torch.float32\", \"numel\": 262144, \"shape\": [1, 1, 64, 64, 64], \"stride\": [262144, 262144, 4096, 64, 1]}, \"input\": {\"device\": \"cuda:0\", \"dtype\": \"torch.float32\", \"numel\": 524288, \"shape\": [1, 2, 64, 64, 64], \"stride\": [524288, 262144, 4096, 1, 64]}, \"pass\": 8, \"role\": \"primary\"}, {\"feature\": {\"device\": \"cuda:0\", \"dtype\": \"torch.float32\", \"numel\": 16777216, \"shape\": [1, 2, 32, 64, 64, 64], \"stride\": [16777216, 8388608, 262144, 4096, 64, 1]}, \"heatmap0\": {\"device\": \"cuda:0\", \"dtype\": \"torch.float32\", \"numel\": 262144, \"shape\": [1, 1, 64, 64, 64], \"stride\": [262144, 262144, 4096, 64, 1]}, \"input\": {\"device\": \"cuda:0\", \"dtype\": \"torch.float32\", \"numel\": 524288, \"shape\": [1, 2, 64, 64, 64], \"stride\": [524288, 262144, 4096, 64, 1]}, \"pass\": 1, \"role\": \"secondary\"}, {\"feature\": {\"device\": \"cuda:0\", \"dtype\": \"torch.float32\", \"numel\": 16777216, \"shape\": [1, 2, 32, 64, 64, 64], \"stride\": [16777216, 8388608, 262144, 4096, 64, 1]}, \"heatmap0\": {\"device\": \"cuda:0\", \"dtype\": \"torch.float32\", \"numel\": 262144, \"shape\": [1, 1, 64, 64, 64], \"stride\": [262144, 262144, 4096, 64, 1]}, \"input\": {\"device\": \"cuda:0\", \"dtype\": \"torch.float32\", \"numel\": 524288, \"shape\": [1, 2, 64, 64, 64], \"stride\": [524288, 262144, 4096, 64, 1]}, \"pass\": 2, \"role\": \"secondary\"}, {\"feature\": {\"device\": \"cuda:0\", \"dtype\": \"torch.float32\", \"numel\": 16777216, \"shape\": [1, 2, 32, 64, 64, 64], \"stride\": [16777216, 8388608, 262144, 4096, 64, 1]}, \"heatmap0\": {\"device\": \"cuda:0\", \"dtype\": \"torch.float32\", \"numel\": 262144, \"shape\": [1, 1, 64, 64, 64], \"stride\": [262144, 262144, 4096, 64, 1]}, \"input\": {\"device\": \"cuda:0\", \"dtype\": \"torch.float32\", \"numel\": 524288, \"shape\": [1, 2, 64, 64, 64], \"stride\": [524288, 262144, 4096, 64, 1]}, \"pass\": 3, \"role\": \"secondary\"}, {\"feature\": {\"device\": \"cuda:0\", \"dtype\": \"torch.float32\", \"numel\": 16777216, \"shape\": [1, 2, 32, 64, 64, 64], \"stride\": [16777216, 8388608, 262144, 4096, 64, 1]}, \"heatmap0\": {\"device\": \"cuda:0\", \"dtype\": \"torch.float32\", \"numel\": 262144, \"shape\": [1, 1, 64, 64, 64], \"stride\": [262144, 262144, 4096, 64, 1]}, \"input\": {\"device\": \"cuda:0\", \"dtype\": \"torch.float32\", \"numel\": 524288, \"shape\": [1, 2, 64, 64, 64], \"stride\": [524288, 262144, 4096, 64, 1]}, \"pass\": 4, \"role\": \"secondary\"}, {\"feature\": {\"device\": \"cuda:0\", \"dtype\": \"torch.float32\", \"numel\": 16777216, \"shape\": [1, 2, 32, 64, 64, 64], \"stride\": [16777216, 8388608, 262144, 4096, 64, 1]}, \"heatmap0\": {\"device\": \"cuda:0\", \"dtype\": \"torch.float32\", \"numel\": 262144, \"shape\": [1, 1, 64, 64, 64], \"stride\": [262144, 262144, 4096, 64, 1]}, \"input\": {\"device\": \"cuda:0\", \"dtype\": \"torch.float32\", \"numel\": 524288, \"shape\": [1, 2, 64, 64, 64], \"stride\": [524288, 262144, 4096, 1, 64]}, \"pass\": 5, \"role\": \"secondary\"}, {\"feature\": {\"device\": \"cuda:0\", \"dtype\": \"torch.float32\", \"numel\": 16777216, \"shape\": [1, 2, 32, 64, 64, 64], \"stride\": [16777216, 8388608, 262144, 4096, 64, 1]}, \"heatmap0\": {\"device\": \"cuda:0\", \"dtype\": \"torch.float32\", \"numel\": 262144, \"shape\": [1, 1, 64, 64, 64], \"stride\": [262144, 262144, 4096, 64, 1]}, \"input\": {\"device\": \"cuda:0\", \"dtype\": \"torch.float32\", \"numel\": 524288, \"shape\": [1, 2, 64, 64, 64], \"stride\": [524288, 262144, 4096, 1, 64]}, \"pass\": 6, \"role\": \"secondary\"}, {\"feature\": {\"device\": \"cuda:0\", \"dtype\": \"torch.float32\", \"numel\": 16777216, \"shape\": [1, 2, 32, 64, 64, 64], \"stride\": [16777216, 8388608, 262144, 4096, 64, 1]}, \"heatmap0\": {\"device\": \"cuda:0\", \"dtype\": \"torch.float32\", \"numel\": 262144, \"shape\": [1, 1, 64, 64, 64], \"stride\": [262144, 262144, 4096, 64, 1]}, \"input\": {\"device\": \"cuda:0\", \"dtype\": \"torch.float32\", \"numel\": 524288, \"shape\": [1, 2, 64, 64, 64], \"stride\": [524288, 262144, 4096, 1, 64]}, \"pass\": 7, \"role\": \"secondary\"}, {\"feature\": {\"device\": \"cuda:0\", \"dtype\": \"torch.float32\", \"numel\": 16777216, \"shape\": [1, 2, 32, 64, 64, 64], \"stride\": [16777216, 8388608, 262144, 4096, 64, 1]}, \"heatmap0\": {\"device\": \"cuda:0\", \"dtype\": \"torch.float32\", \"numel\": 262144, \"shape\": [1, 1, 64, 64, 64], \"stride\": [262144, 262144, 4096, 64, 1]}, \"input\": {\"device\": \"cuda:0\", \"dtype\": \"torch.float32\", \"numel\": 524288, \"shape\": [1, 2, 64, 64, 64], \"stride\": [524288, 262144, 4096, 1, 64]}, \"pass\": 8, \"role\": \"secondary\"}], \"event\": \"actual_predictor_window\", \"frames\": [0, 1], \"input\": {\"all_finite\": true, \"device\": \"cuda:0\", \"dtype\": \"torch.float32\", \"numel\": 524288, \"shape\": [1, 2, 64, 64, 64], \"stride\": [524288, 262144, 4096, 64, 1]}, \"input_parent\": \"/kaggle/input/competitions/biohub-cell-tracking-during-development/train\", \"seconds_including_common_audit\": 2.149313257999893, \"window_index\": 1, \"worker_execution_settings\": {\"autocast_enabled\": false, \"cuda_runtime\": \"12.8\", \"cudnn_allow_tf32\": true, \"cudnn_benchmark\": false, \"cudnn_deterministic\": false, \"default_dtype\": \"torch.float32\", \"deterministic_algorithms\": false, \"float32_matmul_precision\": \"highest\", \"gpu_name\": \"Tesla T4\", \"grad_enabled\": false, \"matmul_allow_tf32\": false, \"torch_initial_seed\": 14439693894798763525, \"torch_version\": \"2.10.0+cu128\"}}\n"}
,{"stream_name":"stdout","time":1685.779445124,"data":"EDGE_TTA_ACTIVE views= 8 mean_abs_feat_delta= 0.383518\n"}
,{"stream_name":"stdout","time":1685.981826962,"data":"EDGE_TTA_ACTIVE views= 8 mean_abs_feat_delta= 0.383518\n"}
,{"stream_name":"stdout","time":1686.14677489,"data":"EDGE_TTA_ACTIVE views= 8 mean_abs_feat_delta= 0.375672\n"}
,{"stream_name":"stdout","time":1686.349221966,"data":"EDGE_TTA_ACTIVE views= 8 mean_abs_feat_delta= 0.375672\n"}
,{"stream_name":"stdout","time":1686.725242285,"data":"BIOHUB_RETENTION_GUARD {\"blended_candidates\": 303, \"dataset\": \"44b6_2a2eff9f\", \"frame\": 82, \"minimum_retention\": 0.9, \"primary_candidates\": 459, \"retention\": 0.6601307189542484, \"use_primary\": true}\n"}
,{"stream_name":"stdout","time":1686.927580073,"data":"BIOHUB_RETENTION_GUARD {\"blended_candidates\": 303, \"dataset\": \"44b6_2a2eff9f\", \"frame\": 82, \"minimum_retention\": 0.9, \"primary_candidates\": 459, \"retention\": 0.6601307189542484, \"use_primary\": true}\n"}
,{"stream_name":"stdout","time":1687.945739635,"data":"EDGE_TTA_ACTIVE views= 8 mean_abs_feat_delta= 0.385056\n"}
,{"stream_name":"stdout","time":1688.148376054,"data":"EDGE_TTA_ACTIVE views= 8 mean_abs_feat_delta= 0.385056\n"}
,{"stream_name":"stdout","time":1688.253748011,"data":"EDGE_TTA_ACTIVE views= 8 mean_abs_feat_delta= 0.371126\n"}
,{"stream_name":"stdout","time":1688.456116175,"data":"EDGE_TTA_ACTIVE views= 8 mean_abs_feat_delta= 0.371126\n"}
,{"stream_name":"stdout","time":1688.889822082,"data":"BIOHUB_RETENTION_GUARD {\"blended_candidates\": 258, \"dataset\": \"44b6_2a2eff9f\", \"frame\": 83, \"minimum_retention\": 0.9, \"primary_candidates\": 427, \"retention\": 0.6042154566744731, \"use_primary\": true}\n"}
,{"stream_name":"stdout","time":1689.092178638,"data":"BIOHUB_RETENTION_GUARD {\"blended_candidates\": 258, \"dataset\": \"44b6_2a2eff9f\", \"frame\": 83, \"minimum_retention\": 0.9, \"primary_candidates\": 427, \"retention\": 0.6042154566744731, \"use_primary\": true}\n"}
,{"stream_name":"stdout","time":1690.062789059,"data":"EDGE_TTA_ACTIVE views= 8 mean_abs_feat_delta= 0.382849\n"}
,{"stream_name":"stdout","time":1690.265193604,"data":"EDGE_TTA_ACTIVE views= 8 mean_abs_feat_delta= 0.382849\n"}
,{"stream_name":"stdout","time":1690.345768194,"data":"EDGE_TTA_ACTIVE views= 8 mean_abs_feat_delta= 0.366842\n"}
,{"stream_name":"stdout","time":1690.548018982,"data":"EDGE_TTA_ACTIVE views= 8 mean_abs_feat_delta= 0.366842\n"}
,{"stream_name":"stdout","time":1691.007145128,"data":"BIOHUB_RETENTION_GUARD {\"blended_candidates\": 284, \"dataset\": \"44b6_2a2eff9f\", \"frame\": 84, \"minimum_retention\": 0.9, \"primary_candidates\": 455, \"retention\": 0.6241758241758242, \"use_primary\": true}\n"}
,{"stream_name":"stdout","time":1691.209680856,"data":"BIOHUB_RETENTION_GUARD {\"blended_candidates\": 284, \"dataset\": \"44b6_2a2eff9f\", \"frame\": 84, \"minimum_retention\": 0.9, \"primary_candidates\": 455, \"retention\": 0.6241758241758242, \"use_primary\": true}\n"}
,{"stream_name":"stdout","time":1692.166710897,"data":"EDGE_TTA_ACTIVE views= 8 mean_abs_feat_delta= 0.382328\n"}
,{"stream_name":"stdout","time":1692.36933504,"data":"EDGE_TTA_ACTIVE views= 8 mean_abs_feat_delta= 0.382328\n"}
,{"stream_name":"stdout","time":1692.49351194,"data":"EDGE_TTA_ACTIVE views= 8 mean_abs_feat_delta= 0.365351\n"}
,{"stream_name":"stdout","time":1692.695775272,"data":"EDGE_TTA_ACTIVE views= 8 mean_abs_feat_delta= 0.365351\n"}
,{"stream_name":"stdout","time":1693.117581796,"data":"BIOHUB_RETENTION_GUARD {\"blended_candidates\": 318, \"dataset\": \"44b6_2a2eff9f\", \"frame\": 85, \"minimum_retention\": 0.9, \"primary_candidates\": 465, \"retention\": 0.6838709677419355, \"use_primary\": true}\n"}
,{"stream_name":"stdout","time":1693.319591335,"data":"BIOHUB_RETENTION_GUARD {\"blended_candidates\": 318, \"dataset\": \"44b6_2a2eff9f\", \"frame\": 85, \"minimum_retention\": 0.9, \"primary_candidates\": 465, \"retention\": 0.6838709677419355, \"use_primary\": true}\n"}
,{"stream_name":"stdout","time":1694.36524033,"data":"EDGE_TTA_ACTIVE views= 8 mean_abs_feat_delta= 0.380578\n"}
,{"stream_name":"stdout","time":1694.567517189,"data":"EDGE_TTA_ACTIVE views= 8 mean_abs_feat_delta= 0.380578\n"}
,{"stream_name":"stdout","time":1694.623123281,"data":"EDGE_TTA_ACTIVE views= 8 mean_abs_feat_delta= 0.368067\n"}
,{"stream_name":"stdout","time":1694.825099329,"data":"EDGE_TTA_ACTIVE views= 8 mean_abs_feat_delta= 0.368067\n"}
,{"stream_name":"stdout","time":1695.310302423,"data":"BIOHUB_RETENTION_GUARD {\"blended_candidates\": 346, \"dataset\": \"44b6_2a2eff9f\", \"frame\": 86, \"minimum_retention\": 0.9, \"primary_candidates\": 486, \"retention\": 0.7119341563786008, \"use_primary\": true}\n"}
,{"stream_name":"stdout","time":1695.513763806,"data":"BIOHUB_RETENTION_GUARD {\"blended_candidates\": 346, \"dataset\": \"44b6_2a2eff9f\", \"frame\": 86, \"minimum_retention\": 0.9, \"primary_candidates\": 486, \"retention\": 0.7119341563786008, \"use_primary\": true}\n"}
,{"stream_name":"stdout","time":1696.445498969,"data":"EDGE_TTA_ACTIVE views= 8 mean_abs_feat_delta= 0.381379\n"}
,{"stream_name":"stdout","time":1696.647846021,"data":"EDGE_TTA_ACTIVE views= 8 mean_abs_feat_delta= 0.381379\n"}
,{"stream_name":"stdout","time":1696.771347444,"data":"EDGE_TTA_ACTIVE views= 8 mean_abs_feat_delta= 0.367093\n"}
,{"stream_name":"stdout","time":1696.973477967,"data":"EDGE_TTA_ACTIVE views= 8 mean_abs_feat_delta= 0.367093\n"}
,{"stream_name":"stdout","time":1697.394642219,"data":"BIOHUB_RETENTION_GUARD {\"blended_candidates\": 329, \"dataset\": \"44b6_2a2eff9f\", \"frame\": 87, \"minimum_retention\": 0.9, \"primary_candidates\": 471, \"retention\": 0.6985138004246284, \"use_primary\": true}\n"}
,{"stream_name":"stdout","time":1697.597282943,"data":"BIOHUB_RETENTION_GUARD {\"blended_candidates\": 329, \"dataset\": \"44b6_2a2eff9f\", \"frame\": 87, \"minimum_retention\": 0.9, \"primary_candidates\": 471, \"retention\": 0.6985138004246284, \"use_primary\": true}\n"}
,{"stream_name":"stdout","time":1698.643162948,"data":"EDGE_TTA_ACTIVE views= 8 mean_abs_feat_delta= 0.37658\n"}
,{"stream_name":"stdout","time":1698.845741882,"data":"EDGE_TTA_ACTIVE views= 8 mean_abs_feat_delta= 0.37658\n"}
,{"stream_name":"stdout","time":1698.922815618,"data":"EDGE_TTA_ACTIVE views= 8 mean_abs_feat_delta= 0.364622\n"}
,{"stream_name":"stdout","time":1699.125079996,"data":"EDGE_TTA_ACTIVE views= 8 mean_abs_feat_delta= 0.364622\n"}
,{"stream_name":"stdout","time":1699.58570489,"data":"BIOHUB_RETENTION_GUARD {\"blended_candidates\": 255, \"dataset\": \"44b6_2a2eff9f\", \"frame\": 88, \"minimum_retention\": 0.9, \"primary_candidates\": 452, \"retention\": 0.5641592920353983, \"use_primary\": true}\n"}
,{"stream_name":"stdout","time":1699.788442682,"data":"BIOHUB_RETENTION_GUARD {\"blended_candidates\": 255, \"dataset\": \"44b6_2a2eff9f\", \"frame\": 88, \"minimum_retention\": 0.9, \"primary_candidates\": 452, \"retention\": 0.5641592920353983, \"use_primary\": true}\n"}
,{"stream_name":"stdout","time":1700.720554415,"data":"EDGE_TTA_ACTIVE views= 8 mean_abs_feat_delta= 0.376475\n"}
,{"stream_name":"stdout","time":1700.923136956,"data":"EDGE_TTA_ACTIVE views= 8 mean_abs_feat_delta= 0.376475\n"}
,{"stream_name":"stdout","time":1701.074570159,"data":"EDGE_TTA_ACTIVE views= 8 mean_abs_feat_delta= 0.368667\n"}
,{"stream_name":"stdout","time":1701.276947019,"data":"EDGE_TTA_ACTIVE views= 8 mean_abs_feat_delta= 0.368667\n"}
,{"stream_name":"stdout","time":1701.673343305,"data":"BIOHUB_RETENTION_GUARD {\"blended_candidates\": 284, \"dataset\": \"44b6_2a2eff9f\", \"frame\": 89, \"minimum_retention\": 0.9, \"primary_candidates\": 455, \"retention\": 0.6241758241758242, \"use_primary\": true}\n"}
,{"stream_name":"stdout","time":1701.877136761,"data":"BIOHUB_RETENTION_GUARD {\"blended_candidates\": 284, \"dataset\": \"44b6_2a2eff9f\", \"frame\": 89, \"minimum_retention\": 0.9, \"primary_candidates\": 455, \"retention\": 0.6241758241758242, \"use_primary\": true}\n"}
,{"stream_name":"stdout","time":1702.86068794,"data":"EDGE_TTA_ACTIVE views= 8 mean_abs_feat_delta= 0.372575\n"}
,{"stream_name":"stdout","time":1703.062873959,"data":"EDGE_TTA_ACTIVE views= 8 mean_abs_feat_delta= 0.372575\n"}
,{"stream_name":"stdout","time":1703.197518869,"data":"EDGE_TTA_ACTIVE views= 8 mean_abs_feat_delta= 0.371332\n"}
,{"stream_name":"stdout","time":1703.399989565,"data":"EDGE_TTA_ACTIVE views= 8 mean_abs_feat_delta= 0.371332\n"}
,{"stream_name":"stdout","time":1703.809794656,"data":"BIOHUB_RETENTION_GUARD {\"blended_candidates\": 332, \"dataset\": \"44b6_2a2eff9f\", \"frame\": 90, \"minimum_retention\": 0.9, \"primary_candidates\": 464, \"retention\": 0.7155172413793104, \"use_primary\": true}\n"}
,{"stream_name":"stdout","time":1704.012057553,"data":"BIOHUB_RETENTION_GUARD {\"blended_candidates\": 332, \"dataset\": \"44b6_2a2eff9f\", \"frame\": 90, \"minimum_retention\": 0.9, \"primary_candidates\": 464, \"retention\": 0.7155172413793104, \"use_primary\": true}\n"}
,{"stream_name":"stdout","time":1704.912606739,"data":"EDGE_TTA_ACTIVE views= 8 mean_abs_feat_delta= 0.372846\n"}
,{"stream_name":"stdout","time":1705.115293936,"data":"EDGE_TTA_ACTIVE views= 8 mean_abs_feat_delta= 0.372846\n"}
,{"stream_name":"stdout","time":1705.375795903,"data":"EDGE_TTA_ACTIVE views= 8 mean_abs_feat_delta= 0.371704\n"}
,{"stream_name":"stdout","time":1705.578109007,"data":"EDGE_TTA_ACTIVE views= 8 mean_abs_feat_delta= 0.371704\n"}
,{"stream_name":"stdout","time":1705.863368102,"data":"BIOHUB_RETENTION_GUARD {\"blended_candidates\": 338, \"dataset\": \"44b6_2a2eff9f\", \"frame\": 91, \"minimum_retention\": 0.9, \"primary_candidates\": 463, \"retention\": 0.7300215982721382, \"use_primary\": true}\n"}
,{"stream_name":"stdout","time":1706.065723407,"data":"BIOHUB_RETENTION_GUARD {\"blended_candidates\": 338, \"dataset\": \"44b6_2a2eff9f\", \"frame\": 91, \"minimum_retention\": 0.9, \"primary_candidates\": 463, \"retention\": 0.7300215982721382, \"use_primary\": true}\n"}
,{"stream_name":"stdout","time":1707.106638664,"data":"EDGE_TTA_ACTIVE views= 8 mean_abs_feat_delta= 0.374678\n"}
,{"stream_name":"stdout","time":1707.309088242,"data":"EDGE_TTA_ACTIVE views= 8 mean_abs_feat_delta= 0.374678\n"}
,{"stream_name":"stdout","time":1707.525575415,"data":"EDGE_TTA_ACTIVE views= 8 mean_abs_feat_delta= 0.36929\n"}
,{"stream_name":"stdout","time":1707.728148352,"data":"EDGE_TTA_ACTIVE views= 8 mean_abs_feat_delta= 0.36929\n"}
,{"stream_name":"stdout","time":1708.059551721,"data":"BIOHUB_RETENTION_GUARD {\"blended_candidates\": 332, \"dataset\": \"44b6_2a2eff9f\", \"frame\": 92, \"minimum_retention\": 0.9, \"primary_candidates\": 466, \"retention\": 0.7124463519313304, \"use_primary\": true}\n"}
,{"stream_name":"stdout","time":1708.262259375,"data":"BIOHUB_RETENTION_GUARD {\"blended_candidates\": 332, \"dataset\": \"44b6_2a2eff9f\", \"frame\": 92, \"minimum_retention\": 0.9, \"primary_candidates\": 466, \"retention\": 0.7124463519313304, \"use_primary\": true}\n"}
,{"stream_name":"stdout","time":1709.227067593,"data":"EDGE_TTA_ACTIVE views= 8 mean_abs_feat_delta= 0.373042\n"}
,{"stream_name":"stdout","time":1709.429463718,"data":"EDGE_TTA_ACTIVE views= 8 mean_abs_feat_delta= 0.373042\n"}
,{"stream_name":"stdout","time":1709.727316531,"data":"EDGE_TTA_ACTIVE views= 8 mean_abs_feat_delta= 0.370059\n"}
,{"stream_name":"stdout","time":1709.999005167,"data":"EDGE_TTA_ACTIVE views= 8 mean_abs_feat_delta= 0.370059\n"}
,{"stream_name":"stdout","time":1710.178173785,"data":"BIOHUB_RETENTION_GUARD {\"blended_candidates\": 336, \"dataset\": \"44b6_2a2eff9f\", \"frame\": 93, \"minimum_retention\": 0.9, \"primary_candidates\": 468, \"retention\": 0.717948717948718, \"use_primary\": true}\n"}
,{"stream_name":"stdout","time":1710.380631898,"data":"BIOHUB_RETENTION_GUARD {\"blended_candidates\": 336, \"dataset\": \"44b6_2a2eff9f\", \"frame\": 93, \"minimum_retention\": 0.9, \"primary_candidates\": 468, \"retention\": 0.717948717948718, \"use_primary\": true}\n"}
,{"stream_name":"stdout","time":1711.402659009,"data":"EDGE_TTA_ACTIVE views= 8 mean_abs_feat_delta= 0.373663\n"}
,{"stream_name":"stdout","time":1711.605067225,"data":"EDGE_TTA_ACTIVE views= 8 mean_abs_feat_delta= 0.373663\n"}
,{"stream_name":"stdout","time":1711.904906699,"data":"EDGE_TTA_ACTIVE views= 8 mean_abs_feat_delta= 0.374672\n"}
,{"stream_name":"stdout","time":1712.107737065,"data":"EDGE_TTA_ACTIVE views= 8 mean_abs_feat_delta= 0.374672\n"}
,{"stream_name":"stdout","time":1712.356610688,"data":"BIOHUB_RETENTION_GUARD {\"blended_candidates\": 347, \"dataset\": \"44b6_2a2eff9f\", \"frame\": 94, \"minimum_retention\": 0.9, \"primary_candidates\": 485, \"retention\": 0.7154639175257732, \"use_primary\": true}\n"}
,{"stream_name":"stdout","time":1712.559197487,"data":"BIOHUB_RETENTION_GUARD {\"blended_candidates\": 347, \"dataset\": \"44b6_2a2eff9f\", \"frame\": 94, \"minimum_retention\": 0.9, \"primary_candidates\": 485, \"retention\": 0.7154639175257732, \"use_primary\": true}\n"}
,{"stream_name":"stdout","time":1713.514817066,"data":"EDGE_TTA_ACTIVE views= 8 mean_abs_feat_delta= 0.374073\n"}
,{"stream_name":"stdout","time":1713.717382436,"data":"EDGE_TTA_ACTIVE views= 8 mean_abs_feat_delta= 0.374073\n"}
,{"stream_name":"stdout","time":1714.1294456,"data":"EDGE_TTA_ACTIVE views= 8 mean_abs_feat_delta= 0.372631\n"}
,{"stream_name":"stdout","time":1714.33171691,"data":"EDGE_TTA_ACTIVE views= 8 mean_abs_feat_delta= 0.372631\n"}
,{"stream_name":"stdout","time":1714.467726552,"data":"BIOHUB_RETENTION_GUARD {\"blended_candidates\": 331, \"dataset\": \"44b6_2a2eff9f\", \"frame\": 95, \"minimum_retention\": 0.9, \"primary_candidates\": 472, \"retention\": 0.701271186440678, \"use_primary\": true}\n"}
,{"stream_name":"stdout","time":1714.669991773,"data":"BIOHUB_RETENTION_GUARD {\"blended_candidates\": 331, \"dataset\": \"44b6_2a2eff9f\", \"frame\": 95, \"minimum_retention\": 0.9, \"primary_candidates\": 472, \"retention\": 0.701271186440678, \"use_primary\": true}\n"}
,{"stream_name":"stdout","time":1715.610801299,"data":"EDGE_TTA_ACTIVE views= 8 mean_abs_feat_delta= 0.3775\n"}
,{"stream_name":"stdout","time":1715.813148015,"data":"EDGE_TTA_ACTIVE views= 8 mean_abs_feat_delta= 0.3775\n"}
,{"stream_name":"stdout","time":1716.339027264,"data":"EDGE_TTA_ACTIVE views= 8 mean_abs_feat_delta= 0.372436\n"}
,{"stream_name":"stdout","time":1716.541572551,"data":"EDGE_TTA_ACTIVE views= 8 mean_abs_feat_delta= 0.372436\n"}
,{"stream_name":"stdout","time":1716.569526647,"data":"BIOHUB_RETENTION_GUARD {\"blended_candidates\": 314, \"dataset\": \"44b6_2a2eff9f\", \"frame\": 96, \"minimum_retention\": 0.9, \"primary_candidates\": 456, \"retention\": 0.6885964912280702, \"use_primary\": true}\n"}
,{"stream_name":"stdout","time":1716.772116926,"data":"BIOHUB_RETENTION_GUARD {\"blended_candidates\": 314, \"dataset\": \"44b6_2a2eff9f\", \"frame\": 96, \"minimum_retention\": 0.9, \"primary_candidates\": 456, \"retention\": 0.6885964912280702, \"use_primary\": true}\n"}
,{"stream_name":"stdout","time":1717.771151254,"data":"EDGE_TTA_ACTIVE views= 8 mean_abs_feat_delta= 0.375971\n"}
,{"stream_name":"stdout","time":1717.973725062,"data":"EDGE_TTA_ACTIVE views= 8 mean_abs_feat_delta= 0.375971\n"}
,{"stream_name":"stdout","time":1718.518257534,"data":"EDGE_TTA_ACTIVE views= 8 mean_abs_feat_delta= 0.366811\n"}
,{"stream_name":"stdout","time":1718.720759435,"data":"EDGE_TTA_ACTIVE views= 8 mean_abs_feat_delta= 0.366811\n"}
,{"stream_name":"stdout","time":1718.7264605,"data":"BIOHUB_RETENTION_GUARD {\"blended_candidates\": 273, \"dataset\": \"44b6_2a2eff9f\", \"frame\": 97, \"minimum_retention\": 0.9, \"primary_candidates\": 430, \"retention\": 0.6348837209302326, \"use_primary\": true}\n"}
,{"stream_name":"stdout","time":1718.92839502,"data":"BIOHUB_RETENTION_GUARD {\"blended_candidates\": 273, \"dataset\": \"44b6_2a2eff9f\", \"frame\": 97, \"minimum_retention\": 0.9, \"primary_candidates\": 430, \"retention\": 0.6348837209302326, \"use_primary\": true}\n"}
,{"stream_name":"stdout","time":1719.966472495,"data":"EDGE_TTA_ACTIVE views= 8 mean_abs_feat_delta= 0.373203\n"}
,{"stream_name":"stdout","time":1720.169023989,"data":"EDGE_TTA_ACTIVE views= 8 mean_abs_feat_delta= 0.373203\n"}
,{"stream_name":"stdout","time":1720.637240495,"data":"EDGE_TTA_ACTIVE views= 8 mean_abs_feat_delta= 0.372403\n"}
,{"stream_name":"stdout","time":1720.839768734,"data":"EDGE_TTA_ACTIVE views= 8 mean_abs_feat_delta= 0.372403\n"}
,{"stream_name":"stdout","time":1720.920085012,"data":"BIOHUB_RETENTION_GUARD {\"blended_candidates\": 329, \"dataset\": \"44b6_2a2eff9f\", \"frame\": 98, \"minimum_retention\": 0.9, \"primary_candidates\": 480, \"retention\": 0.6854166666666667, \"use_primary\": true}\n"}
,{"stream_name":"stdout","time":1721.122258685,"data":"BIOHUB_RETENTION_GUARD {\"blended_candidates\": 329, \"dataset\": \"44b6_2a2eff9f\", \"frame\": 98, \"minimum_retention\": 0.9, \"primary_candidates\": 480, \"retention\": 0.6854166666666667, \"use_primary\": true}\n"}
,{"stream_name":"stdout","time":1722.119743053,"data":"EDGE_TTA_ACTIVE views= 8 mean_abs_feat_delta= 0.368418\n"}
,{"stream_name":"stdout","time":1722.322290293,"data":"EDGE_TTA_ACTIVE views= 8 mean_abs_feat_delta= 0.368418\n"}
,{"stream_name":"stdout","time":1722.752109945,"data":"EDGE_TTA_ACTIVE views= 8 mean_abs_feat_delta= 0.369961\n"}
,{"stream_name":"stdout","time":1722.954400372,"data":"EDGE_TTA_ACTIVE views= 8 mean_abs_feat_delta= 0.369961\n"}
,{"stream_name":"stdout","time":1723.073550458,"data":"BIOHUB_RETENTION_GUARD {\"blended_candidates\": 263, \"dataset\": \"44b6_2a2eff9f\", \"frame\": 99, \"minimum_retention\": 0.9, \"primary_candidates\": 441, \"retention\": 0.5963718820861678, \"use_primary\": true}\n"}
,{"stream_name":"stdout","time":1723.276171393,"data":"BIOHUB_RETENTION_GUARD {\"blended_candidates\": 263, \"dataset\": \"44b6_2a2eff9f\", \"frame\": 99, \"minimum_retention\": 0.9, \"primary_candidates\": 441, \"retention\": 0.5963718820861678, \"use_primary\": true}\n"}
,{"stream_name":"stdout","time":1724.888420704,"data":"EDGE_TTA_ACTIVE views= 8 mean_abs_feat_delta= 0.367321\n"}
,{"stream_name":"stdout","time":1725.091380888,"data":"EDGE_TTA_ACTIVE views= 8 mean_abs_feat_delta= 0.367321\n"}
,{"stream_name":"stdout","time":1727.191809542,"data":"EDGE_TTA_ACTIVE views= 8 mean_abs_feat_delta= 0.3716\n"}
,{"stream_name":"stdout","time":1727.394190746,"data":"EDGE_TTA_ACTIVE views= 8 mean_abs_feat_delta= 0.3716\n"}
,{"stream_name":"stdout","time":1729.481213892,"data":"EDGE_TTA_ACTIVE views= 8 mean_abs_feat_delta= 0.377221\n"}
,{"stream_name":"stdout","time":1729.684393005,"data":"EDGE_TTA_ACTIVE views= 8 mean_abs_feat_delta= 0.377221\n"}
,{"stream_name":"stdout","time":1731.73029539,"data":"EDGE_TTA_ACTIVE views= 8 mean_abs_feat_delta= 0.367526\n"}
,{"stream_name":"stdout","time":1731.933609564,"data":"EDGE_TTA_ACTIVE views= 8 mean_abs_feat_delta= 0.367526\n"}
,{"stream_name":"stdout","time":1734.029914246,"data":"EDGE_TTA_ACTIVE views= 8 mean_abs_feat_delta= 0.36533\n"}
,{"stream_name":"stdout","time":1734.232467957,"data":"EDGE_TTA_ACTIVE views= 8 mean_abs_feat_delta= 0.36533\n"}
,{"stream_name":"stdout","time":1736.252902784,"data":"EDGE_TTA_ACTIVE views= 8 mean_abs_feat_delta= 0.361139\n"}
,{"stream_name":"stdout","time":1736.455050082,"data":"EDGE_TTA_ACTIVE views= 8 mean_abs_feat_delta= 0.361139\n"}
,{"stream_name":"stdout","time":1737.236716948,"data":"BIOHUB_RETENTION_GUARD {\"blended_candidates\": 346, \"dataset\": \"6bba_07e24132\", \"frame\": 25, \"minimum_retention\": 0.9, \"primary_candidates\": 385, \"retention\": 0.8987012987012987, \"use_primary\": true}\n"}
,{"stream_name":"stdout","time":1737.439339417,"data":"BIOHUB_RETENTION_GUARD {\"blended_candidates\": 346, \"dataset\": \"6bba_07e24132\", \"frame\": 25, \"minimum_retention\": 0.9, \"primary_candidates\": 385, \"retention\": 0.8987012987012987, \"use_primary\": true}\n"}
,{"stream_name":"stdout","time":1738.373580374,"data":"EDGE_TTA_ACTIVE views= 8 mean_abs_feat_delta= 0.365877\n"}
,{"stream_name":"stdout","time":1738.5763648,"data":"EDGE_TTA_ACTIVE views= 8 mean_abs_feat_delta= 0.365877\n"}
,{"stream_name":"stdout","time":1740.561760403,"data":"EDGE_TTA_ACTIVE views= 8 mean_abs_feat_delta= 0.362794\n"}
,{"stream_name":"stdout","time":1740.831436579,"data":"EDGE_TTA_ACTIVE views= 8 mean_abs_feat_delta= 0.362794\n"}
,{"stream_name":"stdout","time":1742.688491291,"data":"EDGE_TTA_ACTIVE views= 8 mean_abs_feat_delta= 0.362408\n"}
,{"stream_name":"stdout","time":1742.891377227,"data":"EDGE_TTA_ACTIVE views= 8 mean_abs_feat_delta= 0.362408\n"}
,{"stream_name":"stdout","time":1744.856929556,"data":"EDGE_TTA_ACTIVE views= 8 mean_abs_feat_delta= 0.367601\n"}
,{"stream_name":"stdout","time":1745.059580162,"data":"EDGE_TTA_ACTIVE views= 8 mean_abs_feat_delta= 0.367601\n"}
,{"stream_name":"stdout","time":1746.986195685,"data":"EDGE_TTA_ACTIVE views= 8 mean_abs_feat_delta= 0.365322\n"}
,{"stream_name":"stdout","time":1747.18906986,"data":"EDGE_TTA_ACTIVE views= 8 mean_abs_feat_delta= 0.365322\n"}
,{"stream_name":"stdout","time":1749.13293039,"data":"EDGE_TTA_ACTIVE views= 8 mean_abs_feat_delta= 0.36152\n"}
,{"stream_name":"stdout","time":1749.335650894,"data":"EDGE_TTA_ACTIVE views= 8 mean_abs_feat_delta= 0.36152\n"}
,{"stream_name":"stdout","time":1751.245695161,"data":"EDGE_TTA_ACTIVE views= 8 mean_abs_feat_delta= 0.36354\n"}
,{"stream_name":"stdout","time":1751.448215694,"data":"EDGE_TTA_ACTIVE views= 8 mean_abs_feat_delta= 0.36354\n"}
,{"stream_name":"stdout","time":1753.435266122,"data":"EDGE_TTA_ACTIVE views= 8 mean_abs_feat_delta= 0.364059\n"}
,{"stream_name":"stdout","time":1753.637556269,"data":"EDGE_TTA_ACTIVE views= 8 mean_abs_feat_delta= 0.364059\n"}
,{"stream_name":"stdout","time":1755.643594752,"data":"EDGE_TTA_ACTIVE views= 8 mean_abs_feat_delta= 0.368446\n"}
,{"stream_name":"stdout","time":1755.844791375,"data":"EDGE_TTA_ACTIVE views= 8 mean_abs_feat_delta= 0.368446\n"}
,{"stream_name":"stdout","time":1757.021455473,"data":"EDGE_TTA_ACTIVE views= 8 mean_abs_feat_delta= 0.308598\n"}
,{"stream_name":"stdout","time":1757.22400536,"data":"EDGE_TTA_ACTIVE views= 8 mean_abs_feat_delta= 0.308598\n"}
,{"stream_name":"stdout","time":1757.735624408,"data":"EDGE_TTA_ACTIVE views= 8 mean_abs_feat_delta= 0.363814\n"}
,{"stream_name":"stdout","time":1757.938252018,"data":"EDGE_TTA_ACTIVE views= 8 mean_abs_feat_delta= 0.363814\n"}
,{"stream_name":"stdout","time":1757.977075121,"data":"PUBLIC946_GPU_SMOKE {\"arm\": \"C1\", \"association\": {\"actual_primary_logits_after_original_harmonic_fusion\": {\"all_finite\": true, \"device\": \"cuda:0\", \"dtype\": \"torch.float32\", \"numel\": 7920, \"shape\": [1, 88, 90], \"stride\": [7920, 90, 1]}, \"actual_secondary_feature_consumed\": true, \"actual_secondary_logits\": {\"all_finite\": true, \"device\": \"cuda:0\", \"dtype\": \"torch.float32\", \"numel\": 7920, \"shape\": [1, 88, 90], \"stride\": [7920, 90, 1]}, \"coordinate_grid\": {\"downsample\": [1.0, 4.0, 4.0], \"source\": {\"device\": \"cuda:0\", \"dtype\": \"torch.float32\", \"numel\": 264, \"shape\": [1, 88, 3], \"stride\": [88, 1, 88]}, \"target\": {\"device\": \"cuda:0\", \"dtype\": \"torch.float32\", \"numel\": 270, \"shape\": [1, 90, 3], \"stride\": [90, 1, 90]}}, \"diagnostic_edge_head_calls\": 1, \"diagnostic_encoder_calls\": 0, \"diagnostic_probabilities_used_in_production\": false, \"diagnostic_seconds\": 0.00927498100008961, \"frame_pair_index\": 0, \"primary_source_sampled_features\": {\"all_finite\": true, \"device\": \"cuda:0\", \"dtype\": \"torch.float32\", \"numel\": 2816, \"shape\": [1, 88, 32], \"stride\": [2816, 32, 1]}, \"primary_target_sampled_features\": {\"all_finite\": true, \"device\": \"cuda:0\", \"dtype\": \"torch.float32\", \"numel\": 2880, \"shape\": [1, 90, 32], \"stride\": [2880, 32, 1]}, \"probability_comparison_stage\": \"secondary edge-head softmax over parents, before original calibration and low-margin mixing\", \"probability_delta_vs_single_pass_same_coordinates\": {\"sample_elements\": 7920, \"sample_equal\": true, \"sample_max_abs_delta\": 0.0, \"sample_mean_abs_delta\": 0.0, \"sample_stride\": 1}, \"production_calls\": 1, \"same_low_margin_config\": {\"secondary_detection_weight\": 0.8, \"secondary_edge_weight\": 0.15, \"secondary_link_mode\": \"low_margin_consensus\"}, \"source_delta_vs_single_pass\": {\"sample_elements\": 2816, \"sample_equal\": true, \"sample_max_abs_delta\": 0.0, \"sample_mean_abs_delta\": 0.0, \"sample_stride\": 1}, \"source_sampled_features\": {\"all_finite\": true, \"device\": \"cuda:0\", \"dtype\": \"torch.float32\", \"numel\": 2816, \"shape\": [1, 88, 32], \"stride\": [2816, 32, 1]}, \"target_delta_vs_single_pass\": {\"sample_elements\": 2880, \"sample_equal\": true, \"sample_max_abs_delta\": 0.0, \"sample_mean_abs_delta\": 0.0, \"sample_stride\": 1}, \"target_sampled_features\": {\"all_finite\": true, \"device\": \"cuda:0\", \"dtype\": \"torch.float32\", \"numel\": 2880, \"shape\": [1, 90, 32], \"stride\": [2880, 32, 1]}}, \"association_calls\": 1, \"config\": {\"secondary_detection_weight\": 0.8, \"secondary_edge_weight\": 0.15, \"secondary_link_mode\": \"low_margin_consensus\"}, \"consumed_features\": {\"primary\": {\"all_finite\": true, \"delta_vs_single_pass\": {\"sample_elements\": 65536, \"sample_equal\": false, \"sample_max_abs_delta\": 2.027965545654297, \"sample_mean_abs_delta\": 0.2642509341239929, \"sample_stride\": 256}, \"device\": \"cuda:0\", \"dtype\": \"torch.float32\", \"numel\": 16777216, \"original_encoded_feature_sample_unchanged\": true, \"same_storage_as_original\": false, \"shape\": [1, 2, 32, 64, 64, 64], \"single_pass\": {\"device\": \"cuda:0\", \"dtype\": \"torch.float32\", \"numel\": 16777216, \"shape\": [1, 2, 32, 64, 64, 64], \"stride\": [16777216, 8388608, 262144, 4096, 64, 1]}, \"stride\": [16777216, 8388608, 262144, 4096, 64, 1]}, \"secondary\": {\"all_finite\": true, \"delta_vs_single_pass\": {\"sample_elements\": 65536, \"sample_equal\": true, \"sample_max_abs_delta\": 0.0, \"sample_mean_abs_delta\": 0.0, \"sample_stride\": 256}, \"device\": \"cuda:0\", \"dtype\": \"torch.float32\", \"numel\": 16777216, \"original_encoded_feature_sample_unchanged\": true, \"same_storage_as_original\": true, \"shape\": [1, 2, 32, 64, 64, 64], \"single_pass\": {\"device\": \"cuda:0\", \"dtype\": \"torch.float32\", \"numel\": 16777216, \"shape\": [1, 2, 32, 64, 64, 64], \"stride\": [16777216, 8388608, 262144, 4096, 64, 1]}, \"stride\": [16777216, 8388608, 262144, 4096, 64, 1]}}, \"consumed_heatmaps\": [{\"all_finite\": true, \"device\": \"cuda:0\", \"dtype\": \"torch.float32\", \"numel\": 262144, \"shape\": [1, 1, 64, 64, 64], \"stride\": [262144, 262144, 4096, 64, 1]}, {\"all_finite\": true, \"device\": \"cuda:0\", \"dtype\": \"torch.float32\", \"numel\": 262144, \"shape\": [1, 1, 64, 64, 64], \"stride\": [262144, 262144, 4096, 64, 1]}], \"cuda_peak_allocated_bytes_process\": 728221696, \"cuda_peak_reserved_bytes_process\": 981467136, \"dataset\": \"6bba_062c8d37\", \"encode_calls\": {\"primary\": 8, \"secondary\": 8}, \"encode_seconds\": {\"primary\": 0.9651256100000865, \"secondary\": 0.8973065650011449}, \"encode_views\": [{\"feature\": {\"device\": \"cuda:0\", \"dtype\": \"torch.float32\", \"numel\": 16777216, \"shape\": [1, 2, 32, 64, 64, 64], \"stride\": [16777216, 8388608, 262144, 4096, 64, 1]}, \"heatmap0\": {\"device\": \"cuda:0\", \"dtype\": \"torch.float32\", \"numel\": 262144, \"shape\": [1, 1, 64, 64, 64], \"stride\": [262144, 262144, 4096, 64, 1]}, \"input\": {\"device\": \"cuda:0\", \"dtype\": \"torch.float32\", \"numel\": 524288, \"shape\": [1, 2, 64, 64, 64], \"stride\": [524288, 262144, 4096, 64, 1]}, \"pass\": 1, \"role\": \"primary\"}, {\"feature\": {\"device\": \"cuda:0\", \"dtype\": \"torch.float32\", \"numel\": 16777216, \"shape\": [1, 2, 32, 64, 64, 64], \"stride\": [16777216, 8388608, 262144, 4096, 64, 1]}, \"heatmap0\": {\"device\": \"cuda:0\", \"dtype\": \"torch.float32\", \"numel\": 262144, \"shape\": [1, 1, 64, 64, 64], \"stride\": [262144, 262144, 4096, 64, 1]}, \"input\": {\"device\": \"cuda:0\", \"dtype\": \"torch.float32\", \"numel\": 524288, \"shape\": [1, 2, 64, 64, 64], \"stride\": [524288, 262144, 4096, 64, 1]}, \"pass\": 2, \"role\": \"primary\"}, {\"feature\": {\"device\": \"cuda:0\", \"dtype\": \"torch.float32\", \"numel\": 16777216, \"shape\": [1, 2, 32, 64, 64, 64], \"stride\": [16777216, 8388608, 262144, 4096, 64, 1]}, \"heatmap0\": {\"device\": \"cuda:0\", \"dtype\": \"torch.float32\", \"numel\": 262144, \"shape\": [1, 1, 64, 64, 64], \"stride\": [262144, 262144, 4096, 64, 1]}, \"input\": {\"device\": \"cuda:0\", \"dtype\": \"torch.float32\", \"numel\": 524288, \"shape\": [1, 2, 64, 64, 64], \"stride\": [524288, 262144, 4096, 64, 1]}, \"pass\": 3, \"role\": \"primary\"}, {\"feature\": {\"device\": \"cuda:0\", \"dtype\": \"torch.float32\", \"numel\": 16777216, \"shape\": [1, 2, 32, 64, 64, 64], \"stride\": [16777216, 8388608, 262144, 4096, 64, 1]}, \"heatmap0\": {\"device\": \"cuda:0\", \"dtype\": \"torch.float32\", \"numel\": 262144, \"shape\": [1, 1, 64, 64, 64], \"stride\": [262144, 262144, 4096, 64, 1]}, \"input\": {\"device\": \"cuda:0\", \"dtype\": \"torch.float32\", \"numel\": 524288, \"shape\": [1, 2, 64, 64, 64], \"stride\": [524288, 262144, 4096, 64, 1]}, \"pass\": 4, \"role\": \"primary\"}, {\"feature\": {\"device\": \"cuda:0\", \"dtype\": \"torch.float32\", \"numel\": 16777216, \"shape\": [1, 2, 32, 64, 64, 64], \"stride\": [16777216, 8388608, 262144, 4096, 64, 1]}, \"heatmap0\": {\"device\": \"cuda:0\", \"dtype\": \"torch.float32\", \"numel\": 262144, \"shape\": [1, 1, 64, 64, 64], \"stride\": [262144, 262144, 4096, 64, 1]}, \"input\": {\"device\": \"cuda:0\", \"dtype\": \"torch.float32\", \"numel\": 524288, \"shape\": [1, 2, 64, 64, 64], \"stride\": [524288, 262144, 4096, 1, 64]}, \"pass\": 5, \"role\": \"primary\"}, {\"feature\": {\"device\": \"cuda:0\", \"dtype\": \"torch.float32\", \"numel\": 16777216, \"shape\": [1, 2, 32, 64, 64, 64], \"stride\": [16777216, 8388608, 262144, 4096, 64, 1]}, \"heatmap0\": {\"device\": \"cuda:0\", \"dtype\": \"torch.float32\", \"numel\": 262144, \"shape\": [1, 1, 64, 64, 64], \"stride\": [262144, 262144, 4096, 64, 1]}, \"input\": {\"device\": \"cuda:0\", \"dtype\": \"torch.float32\", \"numel\": 524288, \"shape\": [1, 2, 64, 64, 64], \"stride\": [524288, 262144, 4096, 1, 64]}, \"pass\": 6, \"role\": \"primary\"}, {\"feature\": {\"device\": \"cuda:0\", \"dtype\": \"torch.float32\", \"numel\": 16777216, \"shape\": [1, 2, 32, 64, 64, 64], \"stride\": [16777216, 8388608, 262144, 4096, 64, 1]}, \"heatmap0\": {\"device\": \"cuda:0\", \"dtype\": \"torch.float32\", \"numel\": 262144, \"shape\": [1, 1, 64, 64, 64], \"stride\": [262144, 262144, 4096, 64, 1]}, \"input\": {\"device\": \"cuda:0\", \"dtype\": \"torch.float32\", \"numel\": 524288, \"shape\": [1, 2, 64, 64, 64], \"stride\": [524288, 262144, 4096, 1, 64]}, \"pass\": 7, \"role\": \"primary\"}, {\"feature\": {\"device\": \"cuda:0\", \"dtype\": \"torch.float32\", \"numel\": 16777216, \"shape\": [1, 2, 32, 64, 64, 64], \"stride\": [16777216, 8388608, 262144, 4096, 64, 1]}, \"heatmap0\": {\"device\": \"cuda:0\", \"dtype\": \"torch.float32\", \"numel\": 262144, \"shape\": [1, 1, 64, 64, 64], \"stride\": [262144, 262144, 4096, 64, 1]}, \"input\": {\"device\": \"cuda:0\", \"dtype\": \"torch.float32\", \"numel\": 524288, \"shape\": [1, 2, 64, 64, 64], \"stride\": [524288, 262144, 4096, 1, 64]}, \"pass\": 8, \"role\": \"primary\"}, {\"feature\": {\"device\": \"cuda:0\", \"dtype\": \"torch.float32\", \"numel\": 16777216, \"shape\": [1, 2, 32, 64, 64, 64], \"stride\": [16777216, 8388608, 262144, 4096, 64, 1]}, \"heatmap0\": {\"device\": \"cuda:0\", \"dtype\": \"torch.float32\", \"numel\": 262144, \"shape\": [1, 1, 64, 64, 64], \"stride\": [262144, 262144, 4096, 64, 1]}, \"input\": {\"device\": \"cuda:0\", \"dtype\": \"torch.float32\", \"numel\": 524288, \"shape\": [1, 2, 64, 64, 64], \"stride\": [524288, 262144, 4096, 64, 1]}, \"pass\": 1, \"role\": \"secondary\"}, {\"feature\": {\"device\": \"cuda:0\", \"dtype\": \"torch.float32\", \"numel\": 16777216, \"shape\": [1, 2, 32, 64, 64, 64], \"stride\": [16777216, 8388608, 262144, 4096, 64, 1]}, \"heatmap0\": {\"device\": \"cuda:0\", \"dtype\": \"torch.float32\", \"numel\": 262144, \"shape\": [1, 1, 64, 64, 64], \"stride\": [262144, 262144, 4096, 64, 1]}, \"input\": {\"device\": \"cuda:0\", \"dtype\": \"torch.float32\", \"numel\": 524288, \"shape\": [1, 2, 64, 64, 64], \"stride\": [524288, 262144, 4096, 64, 1]}, \"pass\": 2, \"role\": \"secondary\"}, {\"feature\": {\"device\": \"cuda:0\", \"dtype\": \"torch.float32\", \"numel\": 16777216, \"shape\": [1, 2, 32, 64, 64, 64], \"stride\": [16777216, 8388608, 262144, 4096, 64, 1]}, \"heatmap0\": {\"device\": \"cuda:0\", \"dtype\": \"torch.float32\", \"numel\": 262144, \"shape\": [1, 1, 64, 64, 64], \"stride\": [262144, 262144, 4096, 64, 1]}, \"input\": {\"device\": \"cuda:0\", \"dtype\": \"torch.float32\", \"numel\": 524288, \"shape\": [1, 2, 64, 64, 64], \"stride\": [524288, 262144, 4096, 64, 1]}, \"pass\": 3, \"role\": \"secondary\"}, {\"feature\": {\"device\": \"cuda:0\", \"dtype\": \"torch.float32\", \"numel\": 16777216, \"shape\": [1, 2, 32, 64, 64, 64], \"stride\": [16777216, 8388608, 262144, 4096, 64, 1]}, \"heatmap0\": {\"device\": \"cuda:0\", \"dtype\": \"torch.float32\", \"numel\": 262144, \"shape\": [1, 1, 64, 64, 64], \"stride\": [262144, 262144, 4096, 64, 1]}, \"input\": {\"device\": \"cuda:0\", \"dtype\": \"torch.float32\", \"numel\": 524288, \"shape\": [1, 2, 64, 64, 64], \"stride\": [524288, 262144, 4096, 64, 1]}, \"pass\": 4, \"role\": \"secondary\"}, {\"feature\": {\"device\": \"cuda:0\", \"dtype\": \"torch.float32\", \"numel\": 16777216, \"shape\": [1, 2, 32, 64, 64, 64], \"stride\": [16777216, 8388608, 262144, 4096, 64, 1]}, \"heatmap0\": {\"device\": \"cuda:0\", \"dtype\": \"torch.float32\", \"numel\": 262144, \"shape\": [1, 1, 64, 64, 64], \"stride\": [262144, 262144, 4096, 64, 1]}, \"input\": {\"device\": \"cuda:0\", \"dtype\": \"torch.float32\", \"numel\": 524288, \"shape\": [1, 2, 64, 64, 64], \"stride\": [524288, 262144, 4096, 1, 64]}, \"pass\": 5, \"role\": \"secondary\"}, {\"feature\": {\"device\": \"cuda:0\", \"dtype\": \"torch.float32\", \"numel\": 16777216, \"shape\": [1, 2, 32, 64, 64, 64], \"stride\": [16777216, 8388608, 262144, 4096, 64, 1]}, \"heatmap0\": {\"device\": \"cuda:0\", \"dtype\": \"torch.float32\", \"numel\": 262144, \"shape\": [1, 1, 64, 64, 64], \"stride\": [262144, 262144, 4096, 64, 1]}, \"input\": {\"device\": \"cuda:0\", \"dtype\": \"torch.float32\", \"numel\": 524288, \"shape\": [1, 2, 64, 64, 64], \"stride\": [524288, 262144, 4096, 1, 64]}, \"pass\": 6, \"role\": \"secondary\"}, {\"feature\": {\"device\": \"cuda:0\", \"dtype\": \"torch.float32\", \"numel\": 16777216, \"shape\": [1, 2, 32, 64, 64, 64], \"stride\": [16777216, 8388608, 262144, 4096, 64, 1]}, \"heatmap0\": {\"device\": \"cuda:0\", \"dtype\": \"torch.float32\", \"numel\": 262144, \"shape\": [1, 1, 64, 64, 64], \"stride\": [262144, 262144, 4096, 64, 1]}, \"input\": {\"device\": \"cuda:0\", \"dtype\": \"torch.float32\", \"numel\": 524288, \"shape\": [1, 2, 64, 64, 64], \"stride\": [524288, 262144, 4096, 1, 64]}, \"pass\": 7, \"role\": \"secondary\"}, {\"feature\": {\"device\": \"cuda:0\", \"dtype\": \"torch.float32\", \"numel\": 16777216, \"shape\": [1, 2, 32, 64, 64, 64], \"stride\": [16777216, 8388608, 262144, 4096, 64, 1]}, \"heatmap0\": {\"device\": \"cuda:0\", \"dtype\": \"torch.float32\", \"numel\": 262144, \"shape\": [1, 1, 64, 64, 64], \"stride\": [262144, 262144, 4096, 64, 1]}, \"input\": {\"device\": \"cuda:0\", \"dtype\": \"torch.float32\", \"numel\": 524288, \"shape\": [1, 2, 64, 64, 64], \"stride\": [524288, 262144, 4096, 1, 64]}, \"pass\": 8, \"role\": \"secondary\"}], \"event\": \"actual_predictor_window\", \"frames\": [0, 1], \"input\": {\"all_finite\": true, \"device\": \"cuda:0\", \"dtype\": \"torch.float32\", \"numel\": 524288, \"shape\": [1, 2, 64, 64, 64], \"stride\": [524288, 262144, 4096, 64, 1]}, \"input_parent\": \"/kaggle/input/competitions/biohub-cell-tracking-during-development/train\", \"seconds_including_common_audit\": 1.9349631810000574, \"window_index\": 1, \"worker_execution_settings\": {\"autocast_enabled\": false, \"cuda_runtime\": \"12.8\", \"cudnn_allow_tf32\": true, \"cudnn_benchmark\": false, \"cudnn_deterministic\": false, \"default_dtype\": \"torch.float32\", \"deterministic_algorithms\": false, \"float32_matmul_precision\": \"highest\", \"gpu_name\": \"Tesla T4\", \"grad_enabled\": false, \"matmul_allow_tf32\": false, \"torch_initial_seed\": 1326939678888861713, \"torch_version\": \"2.10.0+cu128\"}}\n"}
,{"stream_name":"stdout","time":1758.180212629,"data":"PUBLIC946_GPU_SMOKE {\"arm\": \"C1\", \"association\": {\"actual_primary_logits_after_original_harmonic_fusion\": {\"all_finite\": true, \"device\": \"cuda:0\", \"dtype\": \"torch.float32\", \"numel\": 7920, \"shape\": [1, 88, 90], \"stride\": [7920, 90, 1]}, \"actual_secondary_feature_consumed\": true, \"actual_secondary_logits\": {\"all_finite\": true, \"device\": \"cuda:0\", \"dtype\": \"torch.float32\", \"numel\": 7920, \"shape\": [1, 88, 90], \"stride\": [7920, 90, 1]}, \"coordinate_grid\": {\"downsample\": [1.0, 4.0, 4.0], \"source\": {\"device\": \"cuda:0\", \"dtype\": \"torch.float32\", \"numel\": 264, \"shape\": [1, 88, 3], \"stride\": [88, 1, 88]}, \"target\": {\"device\": \"cuda:0\", \"dtype\": \"torch.float32\", \"numel\": 270, \"shape\": [1, 90, 3], \"stride\": [90, 1, 90]}}, \"diagnostic_edge_head_calls\": 1, \"diagnostic_encoder_calls\": 0, \"diagnostic_probabilities_used_in_production\": false, \"diagnostic_seconds\": 0.00927498100008961, \"frame_pair_index\": 0, \"primary_source_sampled_features\": {\"all_finite\": true, \"device\": \"cuda:0\", \"dtype\": \"torch.float32\", \"numel\": 2816, \"shape\": [1, 88, 32], \"stride\": [2816, 32, 1]}, \"primary_target_sampled_features\": {\"all_finite\": true, \"device\": \"cuda:0\", \"dtype\": \"torch.float32\", \"numel\": 2880, \"shape\": [1, 90, 32], \"stride\": [2880, 32, 1]}, \"probability_comparison_stage\": \"secondary edge-head softmax over parents, before original calibration and low-margin mixing\", \"probability_delta_vs_single_pass_same_coordinates\": {\"sample_elements\": 7920, \"sample_equal\": true, \"sample_max_abs_delta\": 0.0, \"sample_mean_abs_delta\": 0.0, \"sample_stride\": 1}, \"production_calls\": 1, \"same_low_margin_config\": {\"secondary_detection_weight\": 0.8, \"secondary_edge_weight\": 0.15, \"secondary_link_mode\": \"low_margin_consensus\"}, \"source_delta_vs_single_pass\": {\"sample_elements\": 2816, \"sample_equal\": true, \"sample_max_abs_delta\": 0.0, \"sample_mean_abs_delta\": 0.0, \"sample_stride\": 1}, \"source_sampled_features\": {\"all_finite\": true, \"device\": \"cuda:0\", \"dtype\": \"torch.float32\", \"numel\": 2816, \"shape\": [1, 88, 32], \"stride\": [2816, 32, 1]}, \"target_delta_vs_single_pass\": {\"sample_elements\": 2880, \"sample_equal\": true, \"sample_max_abs_delta\": 0.0, \"sample_mean_abs_delta\": 0.0, \"sample_stride\": 1}, \"target_sampled_features\": {\"all_finite\": true, \"device\": \"cuda:0\", \"dtype\": \"torch.float32\", \"numel\": 2880, \"shape\": [1, 90, 32], \"stride\": [2880, 32, 1]}}, \"association_calls\": 1, \"config\": {\"secondary_detection_weight\": 0.8, \"secondary_edge_weight\": 0.15, \"secondary_link_mode\": \"low_margin_consensus\"}, \"consumed_features\": {\"primary\": {\"all_finite\": true, \"delta_vs_single_pass\": {\"sample_elements\": 65536, \"sample_equal\": false, \"sample_max_abs_delta\": 2.027965545654297, \"sample_mean_abs_delta\": 0.2642509341239929, \"sample_stride\": 256}, \"device\": \"cuda:0\", \"dtype\": \"torch.float32\", \"numel\": 16777216, \"original_encoded_feature_sample_unchanged\": true, \"same_storage_as_original\": false, \"shape\": [1, 2, 32, 64, 64, 64], \"single_pass\": {\"device\": \"cuda:0\", \"dtype\": \"torch.float32\", \"numel\": 16777216, \"shape\": [1, 2, 32, 64, 64, 64], \"stride\": [16777216, 8388608, 262144, 4096, 64, 1]}, \"stride\": [16777216, 8388608, 262144, 4096, 64, 1]}, \"secondary\": {\"all_finite\": true, \"delta_vs_single_pass\": {\"sample_elements\": 65536, \"sample_equal\": true, \"sample_max_abs_delta\": 0.0, \"sample_mean_abs_delta\": 0.0, \"sample_stride\": 256}, \"device\": \"cuda:0\", \"dtype\": \"torch.float32\", \"numel\": 16777216, \"original_encoded_feature_sample_unchanged\": true, \"same_storage_as_original\": true, \"shape\": [1, 2, 32, 64, 64, 64], \"single_pass\": {\"device\": \"cuda:0\", \"dtype\": \"torch.float32\", \"numel\": 16777216, \"shape\": [1, 2, 32, 64, 64, 64], \"stride\": [16777216, 8388608, 262144, 4096, 64, 1]}, \"stride\": [16777216, 8388608, 262144, 4096, 64, 1]}}, \"consumed_heatmaps\": [{\"all_finite\": true, \"device\": \"cuda:0\", \"dtype\": \"torch.float32\", \"numel\": 262144, \"shape\": [1, 1, 64, 64, 64], \"stride\": [262144, 262144, 4096, 64, 1]}, {\"all_finite\": true, \"device\": \"cuda:0\", \"dtype\": \"torch.float32\", \"numel\": 262144, \"shape\": [1, 1, 64, 64, 64], \"stride\": [262144, 262144, 4096, 64, 1]}], \"cuda_peak_allocated_bytes_process\": 728221696, \"cuda_peak_reserved_bytes_process\": 981467136, \"dataset\": \"6bba_062c8d37\", \"encode_calls\": {\"primary\": 8, \"secondary\": 8}, \"encode_seconds\": {\"primary\": 0.9651256100000865, \"secondary\": 0.8973065650011449}, \"encode_views\": [{\"feature\": {\"device\": \"cuda:0\", \"dtype\": \"torch.float32\", \"numel\": 16777216, \"shape\": [1, 2, 32, 64, 64, 64], \"stride\": [16777216, 8388608, 262144, 4096, 64, 1]}, \"heatmap0\": {\"device\": \"cuda:0\", \"dtype\": \"torch.float32\", \"numel\": 262144, \"shape\": [1, 1, 64, 64, 64], \"stride\": [262144, 262144, 4096, 64, 1]}, \"input\": {\"device\": \"cuda:0\", \"dtype\": \"torch.float32\", \"numel\": 524288, \"shape\": [1, 2, 64, 64, 64], \"stride\": [524288, 262144, 4096, 64, 1]}, \"pass\": 1, \"role\": \"primary\"}, {\"feature\": {\"device\": \"cuda:0\", \"dtype\": \"torch.float32\", \"numel\": 16777216, \"shape\": [1, 2, 32, 64, 64, 64], \"stride\": [16777216, 8388608, 262144, 4096, 64, 1]}, \"heatmap0\": {\"device\": \"cuda:0\", \"dtype\": \"torch.float32\", \"numel\": 262144, \"shape\": [1, 1, 64, 64, 64], \"stride\": [262144, 262144, 4096, 64, 1]}, \"input\": {\"device\": \"cuda:0\", \"dtype\": \"torch.float32\", \"numel\": 524288, \"shape\": [1, 2, 64, 64, 64], \"stride\": [524288, 262144, 4096, 64, 1]}, \"pass\": 2, \"role\": \"primary\"}, {\"feature\": {\"device\": \"cuda:0\", \"dtype\": \"torch.float32\", \"numel\": 16777216, \"shape\": [1, 2, 32, 64, 64, 64], \"stride\": [16777216, 8388608, 262144, 4096, 64, 1]}, \"heatmap0\": {\"device\": \"cuda:0\", \"dtype\": \"torch.float32\", \"numel\": 262144, \"shape\": [1, 1, 64, 64, 64], \"stride\": [262144, 262144, 4096, 64, 1]}, \"input\": {\"device\": \"cuda:0\", \"dtype\": \"torch.float32\", \"numel\": 524288, \"shape\": [1, 2, 64, 64, 64], \"stride\": [524288, 262144, 4096, 64, 1]}, \"pass\": 3, \"role\": \"primary\"}, {\"feature\": {\"device\": \"cuda:0\", \"dtype\": \"torch.float32\", \"numel\": 16777216, \"shape\": [1, 2, 32, 64, 64, 64], \"stride\": [16777216, 8388608, 262144, 4096, 64, 1]}, \"heatmap0\": {\"device\": \"cuda:0\", \"dtype\": \"torch.float32\", \"numel\": 262144, \"shape\": [1, 1, 64, 64, 64], \"stride\": [262144, 262144, 4096, 64, 1]}, \"input\": {\"device\": \"cuda:0\", \"dtype\": \"torch.float32\", \"numel\": 524288, \"shape\": [1, 2, 64, 64, 64], \"stride\": [524288, 262144, 4096, 64, 1]}, \"pass\": 4, \"role\": \"primary\"}, {\"feature\": {\"device\": \"cuda:0\", \"dtype\": \"torch.float32\", \"numel\": 16777216, \"shape\": [1, 2, 32, 64, 64, 64], \"stride\": [16777216, 8388608, 262144, 4096, 64, 1]}, \"heatmap0\": {\"device\": \"cuda:0\", \"dtype\": \"torch.float32\", \"numel\": 262144, \"shape\": [1, 1, 64, 64, 64], \"stride\": [262144, 262144, 4096, 64, 1]}, \"input\": {\"device\": \"cuda:0\", \"dtype\": \"torch.float32\", \"numel\": 524288, \"shape\": [1, 2, 64, 64, 64], \"stride\": [524288, 262144, 4096, 1, 64]}, \"pass\": 5, \"role\": \"primary\"}, {\"feature\": {\"device\": \"cuda:0\", \"dtype\": \"torch.float32\", \"numel\": 16777216, \"shape\": [1, 2, 32, 64, 64, 64], \"stride\": [16777216, 8388608, 262144, 4096, 64, 1]}, \"heatmap0\": {\"device\": \"cuda:0\", \"dtype\": \"torch.float32\", \"numel\": 262144, \"shape\": [1, 1, 64, 64, 64], \"stride\": [262144, 262144, 4096, 64, 1]}, \"input\": {\"device\": \"cuda:0\", \"dtype\": \"torch.float32\", \"numel\": 524288, \"shape\": [1, 2, 64, 64, 64], \"stride\": [524288, 262144, 4096, 1, 64]}, \"pass\": 6, \"role\": \"primary\"}, {\"feature\": {\"device\": \"cuda:0\", \"dtype\": \"torch.float32\", \"numel\": 16777216, \"shape\": [1, 2, 32, 64, 64, 64], \"stride\": [16777216, 8388608, 262144, 4096, 64, 1]}, \"heatmap0\": {\"device\": \"cuda:0\", \"dtype\": \"torch.float32\", \"numel\": 262144, \"shape\": [1, 1, 64, 64, 64], \"stride\": [262144, 262144, 4096, 64, 1]}, \"input\": {\"device\": \"cuda:0\", \"dtype\": \"torch.float32\", \"numel\": 524288, \"shape\": [1, 2, 64, 64, 64], \"stride\": [524288, 262144, 4096, 1, 64]}, \"pass\": 7, \"role\": \"primary\"}, {\"feature\": {\"device\": \"cuda:0\", \"dtype\": \"torch.float32\", \"numel\": 16777216, \"shape\": [1, 2, 32, 64, 64, 64], \"stride\": [16777216, 8388608, 262144, 4096, 64, 1]}, \"heatmap0\": {\"device\": \"cuda:0\", \"dtype\": \"torch.float32\", \"numel\": 262144, \"shape\": [1, 1, 64, 64, 64], \"stride\": [262144, 262144, 4096, 64, 1]}, \"input\": {\"device\": \"cuda:0\", \"dtype\": \"torch.float32\", \"numel\": 524288, \"shape\": [1, 2, 64, 64, 64], \"stride\": [524288, 262144, 4096, 1, 64]}, \"pass\": 8, \"role\": \"primary\"}, {\"feature\": {\"device\": \"cuda:0\", \"dtype\": \"torch.float32\", \"numel\": 16777216, \"shape\": [1, 2, 32, 64, 64, 64], \"stride\": [16777216, 8388608, 262144, 4096, 64, 1]}, \"heatmap0\": {\"device\": \"cuda:0\", \"dtype\": \"torch.float32\", \"numel\": 262144, \"shape\": [1, 1, 64, 64, 64], \"stride\": [262144, 262144, 4096, 64, 1]}, \"input\": {\"device\": \"cuda:0\", \"dtype\": \"torch.float32\", \"numel\": 524288, \"shape\": [1, 2, 64, 64, 64], \"stride\": [524288, 262144, 4096, 64, 1]}, \"pass\": 1, \"role\": \"secondary\"}, {\"feature\": {\"device\": \"cuda:0\", \"dtype\": \"torch.float32\", \"numel\": 16777216, \"shape\": [1, 2, 32, 64, 64, 64], \"stride\": [16777216, 8388608, 262144, 4096, 64, 1]}, \"heatmap0\": {\"device\": \"cuda:0\", \"dtype\": \"torch.float32\", \"numel\": 262144, \"shape\": [1, 1, 64, 64, 64], \"stride\": [262144, 262144, 4096, 64, 1]}, \"input\": {\"device\": \"cuda:0\", \"dtype\": \"torch.float32\", \"numel\": 524288, \"shape\": [1, 2, 64, 64, 64], \"stride\": [524288, 262144, 4096, 64, 1]}, \"pass\": 2, \"role\": \"secondary\"}, {\"feature\": {\"device\": \"cuda:0\", \"dtype\": \"torch.float32\", \"numel\": 16777216, \"shape\": [1, 2, 32, 64, 64, 64], \"stride\": [16777216, 8388608, 262144, 4096, 64, 1]}, \"heatmap0\": {\"device\": \"cuda:0\", \"dtype\": \"torch.float32\", \"numel\": 262144, \"shape\": [1, 1, 64, 64, 64], \"stride\": [262144, 262144, 4096, 64, 1]}, \"input\": {\"device\": \"cuda:0\", \"dtype\": \"torch.float32\", \"numel\": 524288, \"shape\": [1, 2, 64, 64, 64], \"stride\": [524288, 262144, 4096, 64, 1]}, \"pass\": 3, \"role\": \"secondary\"}, {\"feature\": {\"device\": \"cuda:0\", \"dtype\": \"torch.float32\", \"numel\": 16777216, \"shape\": [1, 2, 32, 64, 64, 64], \"stride\": [16777216, 8388608, 262144, 4096, 64, 1]}, \"heatmap0\": {\"device\": \"cuda:0\", \"dtype\": \"torch.float32\", \"numel\": 262144, \"shape\": [1, 1, 64, 64, 64], \"stride\": [262144, 262144, 4096, 64, 1]}, \"input\": {\"device\": \"cuda:0\", \"dtype\": \"torch.float32\", \"numel\": 524288, \"shape\": [1, 2, 64, 64, 64], \"stride\": [524288, 262144, 4096, 64, 1]}, \"pass\": 4, \"role\": \"secondary\"}, {\"feature\": {\"device\": \"cuda:0\", \"dtype\": \"torch.float32\", \"numel\": 16777216, \"shape\": [1, 2, 32, 64, 64, 64], \"stride\": [16777216, 8388608, 262144, 4096, 64, 1]}, \"heatmap0\": {\"device\": \"cuda:0\", \"dtype\": \"torch.float32\", \"numel\": 262144, \"shape\": [1, 1, 64, 64, 64], \"stride\": [262144, 262144, 4096, 64, 1]}, \"input\": {\"device\": \"cuda:0\", \"dtype\": \"torch.float32\", \"numel\": 524288, \"shape\": [1, 2, 64, 64, 64], \"stride\": [524288, 262144, 4096, 1, 64]}, \"pass\": 5, \"role\": \"secondary\"}, {\"feature\": {\"device\": \"cuda:0\", \"dtype\": \"torch.float32\", \"numel\": 16777216, \"shape\": [1, 2, 32, 64, 64, 64], \"stride\": [16777216, 8388608, 262144, 4096, 64, 1]}, \"heatmap0\": {\"device\": \"cuda:0\", \"dtype\": \"torch.float32\", \"numel\": 262144, \"shape\": [1, 1, 64, 64, 64], \"stride\": [262144, 262144, 4096, 64, 1]}, \"input\": {\"device\": \"cuda:0\", \"dtype\": \"torch.float32\", \"numel\": 524288, \"shape\": [1, 2, 64, 64, 64], \"stride\": [524288, 262144, 4096, 1, 64]}, \"pass\": 6, \"role\": \"secondary\"}, {\"feature\": {\"device\": \"cuda:0\", \"dtype\": \"torch.float32\", \"numel\": 16777216, \"shape\": [1, 2, 32, 64, 64, 64], \"stride\": [16777216, 8388608, 262144, 4096, 64, 1]}, \"heatmap0\": {\"device\": \"cuda:0\", \"dtype\": \"torch.float32\", \"numel\": 262144, \"shape\": [1, 1, 64, 64, 64], \"stride\": [262144, 262144, 4096, 64, 1]}, \"input\": {\"device\": \"cuda:0\", \"dtype\": \"torch.float32\", \"numel\": 524288, \"shape\": [1, 2, 64, 64, 64], \"stride\": [524288, 262144, 4096, 1, 64]}, \"pass\": 7, \"role\": \"secondary\"}, {\"feature\": {\"device\": \"cuda:0\", \"dtype\": \"torch.float32\", \"numel\": 16777216, \"shape\": [1, 2, 32, 64, 64, 64], \"stride\": [16777216, 8388608, 262144, 4096, 64, 1]}, \"heatmap0\": {\"device\": \"cuda:0\", \"dtype\": \"torch.float32\", \"numel\": 262144, \"shape\": [1, 1, 64, 64, 64], \"stride\": [262144, 262144, 4096, 64, 1]}, \"input\": {\"device\": \"cuda:0\", \"dtype\": \"torch.float32\", \"numel\": 524288, \"shape\": [1, 2, 64, 64, 64], \"stride\": [524288, 262144, 4096, 1, 64]}, \"pass\": 8, \"role\": \"secondary\"}], \"event\": \"actual_predictor_window\", \"frames\": [0, 1], \"input\": {\"all_finite\": true, \"device\": \"cuda:0\", \"dtype\": \"torch.float32\", \"numel\": 524288, \"shape\": [1, 2, 64, 64, 64], \"stride\": [524288, 262144, 4096, 64, 1]}, \"input_parent\": \"/kaggle/input/competitions/biohub-cell-tracking-during-development/train\", \"seconds_including_common_audit\": 1.9349631810000574, \"window_index\": 1, \"worker_execution_settings\": {\"autocast_enabled\": false, \"cuda_runtime\": \"12.8\", \"cudnn_allow_tf32\": true, \"cudnn_benchmark\": false, \"cudnn_deterministic\": false, \"default_dtype\": \"torch.float32\", \"deterministic_algorithms\": false, \"float32_matmul_precision\": \"highest\", \"gpu_name\": \"Tesla T4\", \"grad_enabled\": false, \"matmul_allow_tf32\": false, \"torch_initial_seed\": 1326939678888861713, \"torch_version\": \"2.10.0+cu128\"}}\n"}
,{"stream_name":"stdout","time":1758.954480853,"data":"EDGE_TTA_ACTIVE views= 8 mean_abs_feat_delta= 0.306061\n"}
,{"stream_name":"stdout","time":1759.156985169,"data":"EDGE_TTA_ACTIVE views= 8 mean_abs_feat_delta= 0.306061\n"}
,{"stream_name":"stdout","time":1759.863557503,"data":"EDGE_TTA_ACTIVE views= 8 mean_abs_feat_delta= 0.363628\n"}
,{"stream_name":"stdout","time":1760.06598176,"data":"EDGE_TTA_ACTIVE views= 8 mean_abs_feat_delta= 0.363628\n"}
,{"stream_name":"stdout","time":1760.889113111,"data":"EDGE_TTA_ACTIVE views= 8 mean_abs_feat_delta= 0.308745\n"}
,{"stream_name":"stdout","time":1761.091561393,"data":"EDGE_TTA_ACTIVE views= 8 mean_abs_feat_delta= 0.308745\n"}
,{"stream_name":"stdout","time":1761.951590576,"data":"EDGE_TTA_ACTIVE views= 8 mean_abs_feat_delta= 0.363938\n"}
,{"stream_name":"stdout","time":1762.154209836,"data":"EDGE_TTA_ACTIVE views= 8 mean_abs_feat_delta= 0.363938\n"}
,{"stream_name":"stdout","time":1762.81727995,"data":"EDGE_TTA_ACTIVE views= 8 mean_abs_feat_delta= 0.304609\n"}
,{"stream_name":"stdout","time":1763.019187782,"data":"EDGE_TTA_ACTIVE views= 8 mean_abs_feat_delta= 0.304609\n"}
,{"stream_name":"stdout","time":1764.083333648,"data":"EDGE_TTA_ACTIVE views= 8 mean_abs_feat_delta= 0.361773\n"}
,{"stream_name":"stdout","time":1764.285754506,"data":"EDGE_TTA_ACTIVE views= 8 mean_abs_feat_delta= 0.361773\n"}
,{"stream_name":"stdout","time":1764.766267913,"data":"EDGE_TTA_ACTIVE views= 8 mean_abs_feat_delta= 0.307497\n"}
,{"stream_name":"stdout","time":1764.968623517,"data":"EDGE_TTA_ACTIVE views= 8 mean_abs_feat_delta= 0.307497\n"}
,{"stream_name":"stdout","time":1766.168040322,"data":"EDGE_TTA_ACTIVE views= 8 mean_abs_feat_delta= 0.358532\n"}
,{"stream_name":"stdout","time":1766.370321987,"data":"EDGE_TTA_ACTIVE views= 8 mean_abs_feat_delta= 0.358532\n"}
,{"stream_name":"stdout","time":1766.7429832,"data":"EDGE_TTA_ACTIVE views= 8 mean_abs_feat_delta= 0.305817\n"}
,{"stream_name":"stdout","time":1766.945265082,"data":"EDGE_TTA_ACTIVE views= 8 mean_abs_feat_delta= 0.305817\n"}
,{"stream_name":"stdout","time":1768.356080337,"data":"EDGE_TTA_ACTIVE views= 8 mean_abs_feat_delta= 0.351285\n"}
,{"stream_name":"stdout","time":1768.558710926,"data":"EDGE_TTA_ACTIVE views= 8 mean_abs_feat_delta= 0.351285\n"}
,{"stream_name":"stdout","time":1768.644132683,"data":"EDGE_TTA_ACTIVE views= 8 mean_abs_feat_delta= 0.304907\n"}
,{"stream_name":"stdout","time":1768.846399297,"data":"EDGE_TTA_ACTIVE views= 8 mean_abs_feat_delta= 0.304907\n"}
,{"stream_name":"stdout","time":1770.50952417,"data":"EDGE_TTA_ACTIVE views= 8 mean_abs_feat_delta= 0.360479\n"}
,{"stream_name":"stdout","time":1770.570504595,"data":"EDGE_TTA_ACTIVE views= 8 mean_abs_feat_delta= 0.308807\n"}
,{"stream_name":"stdout","time":1770.711807886,"data":"EDGE_TTA_ACTIVE views= 8 mean_abs_feat_delta= 0.360479\n"}
,{"stream_name":"stdout","time":1770.711847824,"data":"EDGE_TTA_ACTIVE views= 8 mean_abs_feat_delta= 0.308807\n"}
,{"stream_name":"stdout","time":1772.518291785,"data":"EDGE_TTA_ACTIVE views= 8 mean_abs_feat_delta= 0.310951\n"}
,{"stream_name":"stdout","time":1772.610102309,"data":"EDGE_TTA_ACTIVE views= 8 mean_abs_feat_delta= 0.362454\n"}
,{"stream_name":"stdout","time":1772.794225316,"data":"EDGE_TTA_ACTIVE views= 8 mean_abs_feat_delta= 0.310951\n"}
,{"stream_name":"stdout","time":1772.794250175,"data":"EDGE_TTA_ACTIVE views= 8 mean_abs_feat_delta= 0.362454\n"}
,{"stream_name":"stdout","time":1774.410227556,"data":"EDGE_TTA_ACTIVE views= 8 mean_abs_feat_delta= 0.310755\n"}
,{"stream_name":"stdout","time":1774.612538751,"data":"EDGE_TTA_ACTIVE views= 8 mean_abs_feat_delta= 0.310755\n"}
,{"stream_name":"stdout","time":1774.689474724,"data":"EDGE_TTA_ACTIVE views= 8 mean_abs_feat_delta= 0.364162\n"}
,{"stream_name":"stdout","time":1774.891770145,"data":"EDGE_TTA_ACTIVE views= 8 mean_abs_feat_delta= 0.364162\n"}
,{"stream_name":"stdout","time":1776.380865015,"data":"EDGE_TTA_ACTIVE views= 8 mean_abs_feat_delta= 0.309742\n"}
,{"stream_name":"stdout","time":1776.583315542,"data":"EDGE_TTA_ACTIVE views= 8 mean_abs_feat_delta= 0.309742\n"}
,{"stream_name":"stdout","time":1776.798750217,"data":"EDGE_TTA_ACTIVE views= 8 mean_abs_feat_delta= 0.359506\n"}
,{"stream_name":"stdout","time":1777.000968398,"data":"EDGE_TTA_ACTIVE views= 8 mean_abs_feat_delta= 0.359506\n"}
,{"stream_name":"stdout","time":1778.31714785,"data":"EDGE_TTA_ACTIVE views= 8 mean_abs_feat_delta= 0.306057\n"}
,{"stream_name":"stdout","time":1778.519494243,"data":"EDGE_TTA_ACTIVE views= 8 mean_abs_feat_delta= 0.306057\n"}
,{"stream_name":"stdout","time":1778.961498095,"data":"EDGE_TTA_ACTIVE views= 8 mean_abs_feat_delta= 0.35949\n"}
,{"stream_name":"stdout","time":1779.163831633,"data":"EDGE_TTA_ACTIVE views= 8 mean_abs_feat_delta= 0.35949\n"}
,{"stream_name":"stdout","time":1780.250323813,"data":"EDGE_TTA_ACTIVE views= 8 mean_abs_feat_delta= 0.296534\n"}
,{"stream_name":"stdout","time":1780.452693634,"data":"EDGE_TTA_ACTIVE views= 8 mean_abs_feat_delta= 0.296534\n"}
,{"stream_name":"stdout","time":1781.119452023,"data":"EDGE_TTA_ACTIVE views= 8 mean_abs_feat_delta= 0.357818\n"}
,{"stream_name":"stdout","time":1781.321875095,"data":"EDGE_TTA_ACTIVE views= 8 mean_abs_feat_delta= 0.357818\n"}
,{"stream_name":"stdout","time":1782.187642944,"data":"EDGE_TTA_ACTIVE views= 8 mean_abs_feat_delta= 0.299863\n"}
,{"stream_name":"stdout","time":1782.390103052,"data":"EDGE_TTA_ACTIVE views= 8 mean_abs_feat_delta= 0.299863\n"}
,{"stream_name":"stdout","time":1783.224572484,"data":"EDGE_TTA_ACTIVE views= 8 mean_abs_feat_delta= 0.355461\n"}
,{"stream_name":"stdout","time":1783.427351417,"data":"EDGE_TTA_ACTIVE views= 8 mean_abs_feat_delta= 0.355461\n"}
,{"stream_name":"stdout","time":1784.131334697,"data":"EDGE_TTA_ACTIVE views= 8 mean_abs_feat_delta= 0.304396\n"}
,{"stream_name":"stdout","time":1784.333281719,"data":"EDGE_TTA_ACTIVE views= 8 mean_abs_feat_delta= 0.304396\n"}
,{"stream_name":"stdout","time":1785.42081384,"data":"EDGE_TTA_ACTIVE views= 8 mean_abs_feat_delta= 0.357087\n"}
,{"stream_name":"stdout","time":1785.623167483,"data":"EDGE_TTA_ACTIVE views= 8 mean_abs_feat_delta= 0.357087\n"}
,{"stream_name":"stdout","time":1786.056075214,"data":"EDGE_TTA_ACTIVE views= 8 mean_abs_feat_delta= 0.30234\n"}
,{"stream_name":"stdout","time":1786.2584035,"data":"EDGE_TTA_ACTIVE views= 8 mean_abs_feat_delta= 0.30234\n"}
,{"stream_name":"stdout","time":1787.538261079,"data":"EDGE_TTA_ACTIVE views= 8 mean_abs_feat_delta= 0.360762\n"}
,{"stream_name":"stdout","time":1787.740767309,"data":"EDGE_TTA_ACTIVE views= 8 mean_abs_feat_delta= 0.360762\n"}
,{"stream_name":"stdout","time":1788.027289602,"data":"EDGE_TTA_ACTIVE views= 8 mean_abs_feat_delta= 0.29722\n"}
,{"stream_name":"stdout","time":1788.229776553,"data":"EDGE_TTA_ACTIVE views= 8 mean_abs_feat_delta= 0.29722\n"}
,{"stream_name":"stdout","time":1789.649378497,"data":"EDGE_TTA_ACTIVE views= 8 mean_abs_feat_delta= 0.361484\n"}
,{"stream_name":"stdout","time":1789.851753843,"data":"EDGE_TTA_ACTIVE views= 8 mean_abs_feat_delta= 0.361484\n"}
,{"stream_name":"stdout","time":1789.988141147,"data":"EDGE_TTA_ACTIVE views= 8 mean_abs_feat_delta= 0.293381\n"}
,{"stream_name":"stdout","time":1790.1905825,"data":"EDGE_TTA_ACTIVE views= 8 mean_abs_feat_delta= 0.293381\n"}
,{"stream_name":"stdout","time":1791.762136134,"data":"EDGE_TTA_ACTIVE views= 8 mean_abs_feat_delta= 0.359618\n"}
,{"stream_name":"stdout","time":1791.928313428,"data":"EDGE_TTA_ACTIVE views= 8 mean_abs_feat_delta= 0.294524\n"}
,{"stream_name":"stdout","time":1791.964727284,"data":"EDGE_TTA_ACTIVE views= 8 mean_abs_feat_delta= 0.359618\n"}
,{"stream_name":"stdout","time":1791.964758474,"data":"EDGE_TTA_ACTIVE views= 8 mean_abs_feat_delta= 0.294524\n"}
,{"stream_name":"stdout","time":1793.839086357,"data":"EDGE_TTA_ACTIVE views= 8 mean_abs_feat_delta= 0.35678\n"}
,{"stream_name":"stdout","time":1793.876896351,"data":"EDGE_TTA_ACTIVE views= 8 mean_abs_feat_delta= 0.296613\n"}
,{"stream_name":"stdout","time":1794.041461736,"data":"EDGE_TTA_ACTIVE views= 8 mean_abs_feat_delta= 0.35678\n"}
,{"stream_name":"stdout","time":1794.041525778,"data":"EDGE_TTA_ACTIVE views= 8 mean_abs_feat_delta= 0.296613\n"}
,{"stream_name":"stdout","time":1795.795317586,"data":"EDGE_TTA_ACTIVE views= 8 mean_abs_feat_delta= 0.296379\n"}
,{"stream_name":"stdout","time":1795.997689702,"data":"EDGE_TTA_ACTIVE views= 8 mean_abs_feat_delta= 0.296379\n"}
,{"stream_name":"stdout","time":1796.166398418,"data":"EDGE_TTA_ACTIVE views= 8 mean_abs_feat_delta= 0.352179\n"}
,{"stream_name":"stdout","time":1796.368986171,"data":"EDGE_TTA_ACTIVE views= 8 mean_abs_feat_delta= 0.352179\n"}
,{"stream_name":"stdout","time":1797.800416729,"data":"EDGE_TTA_ACTIVE views= 8 mean_abs_feat_delta= 0.300612\n"}
,{"stream_name":"stdout","time":1798.002954244,"data":"EDGE_TTA_ACTIVE views= 8 mean_abs_feat_delta= 0.300612\n"}
,{"stream_name":"stdout","time":1798.353903236,"data":"EDGE_TTA_ACTIVE views= 8 mean_abs_feat_delta= 0.356746\n"}
,{"stream_name":"stdout","time":1798.556573013,"data":"EDGE_TTA_ACTIVE views= 8 mean_abs_feat_delta= 0.356746\n"}
,{"stream_name":"stdout","time":1799.822594188,"data":"EDGE_TTA_ACTIVE views= 8 mean_abs_feat_delta= 0.308819\n"}
,{"stream_name":"stdout","time":1800.024881173,"data":"EDGE_TTA_ACTIVE views= 8 mean_abs_feat_delta= 0.308819\n"}
,{"stream_name":"stdout","time":1800.497421138,"data":"EDGE_TTA_ACTIVE views= 8 mean_abs_feat_delta= 0.357206\n"}
,{"stream_name":"stdout","time":1800.699870002,"data":"EDGE_TTA_ACTIVE views= 8 mean_abs_feat_delta= 0.357206\n"}
,{"stream_name":"stdout","time":1801.803073544,"data":"EDGE_TTA_ACTIVE views= 8 mean_abs_feat_delta= 0.306858\n"}
,{"stream_name":"stdout","time":1802.005298664,"data":"EDGE_TTA_ACTIVE views= 8 mean_abs_feat_delta= 0.306858\n"}
,{"stream_name":"stdout","time":1802.679618861,"data":"EDGE_TTA_ACTIVE views= 8 mean_abs_feat_delta= 0.353872\n"}
,{"stream_name":"stdout","time":1802.957089658,"data":"EDGE_TTA_ACTIVE views= 8 mean_abs_feat_delta= 0.353872\n"}
,{"stream_name":"stdout","time":1803.727869234,"data":"EDGE_TTA_ACTIVE views= 8 mean_abs_feat_delta= 0.304604\n"}
,{"stream_name":"stdout","time":1803.930397808,"data":"EDGE_TTA_ACTIVE views= 8 mean_abs_feat_delta= 0.304604\n"}
,{"stream_name":"stdout","time":1804.784901904,"data":"EDGE_TTA_ACTIVE views= 8 mean_abs_feat_delta= 0.35123\n"}
,{"stream_name":"stdout","time":1804.987536242,"data":"EDGE_TTA_ACTIVE views= 8 mean_abs_feat_delta= 0.35123\n"}
,{"stream_name":"stdout","time":1805.709696489,"data":"EDGE_TTA_ACTIVE views= 8 mean_abs_feat_delta= 0.312609\n"}
,{"stream_name":"stdout","time":1805.912268405,"data":"EDGE_TTA_ACTIVE views= 8 mean_abs_feat_delta= 0.312609\n"}
,{"stream_name":"stdout","time":1806.633191517,"data":"BIOHUB_RETENTION_GUARD {\"blended_candidates\": 62, \"dataset\": \"6bba_062c8d37\", \"frame\": 26, \"minimum_retention\": 0.9, \"primary_candidates\": 70, \"retention\": 0.8857142857142857, \"use_primary\": true}\n"}
,{"stream_name":"stdout","time":1806.835820071,"data":"BIOHUB_RETENTION_GUARD {\"blended_candidates\": 62, \"dataset\": \"6bba_062c8d37\", \"frame\": 26, \"minimum_retention\": 0.9, \"primary_candidates\": 70, \"retention\": 0.8857142857142857, \"use_primary\": true}\n"}
,{"stream_name":"stdout","time":1806.87858611,"data":"EDGE_TTA_ACTIVE views= 8 mean_abs_feat_delta= 0.357268\n"}
,{"stream_name":"stdout","time":1807.080982727,"data":"EDGE_TTA_ACTIVE views= 8 mean_abs_feat_delta= 0.357268\n"}
,{"stream_name":"stdout","time":1807.695441664,"data":"EDGE_TTA_ACTIVE views= 8 mean_abs_feat_delta= 0.30905\n"}
,{"stream_name":"stdout","time":1807.898369209,"data":"EDGE_TTA_ACTIVE views= 8 mean_abs_feat_delta= 0.30905\n"}
,{"stream_name":"stdout","time":1808.622957572,"data":"BIOHUB_RETENTION_GUARD {\"blended_candidates\": 62, \"dataset\": \"6bba_062c8d37\", \"frame\": 27, \"minimum_retention\": 0.9, \"primary_candidates\": 69, \"retention\": 0.8985507246376812, \"use_primary\": true}\n"}
,{"stream_name":"stdout","time":1808.825569621,"data":"BIOHUB_RETENTION_GUARD {\"blended_candidates\": 62, \"dataset\": \"6bba_062c8d37\", \"frame\": 27, \"minimum_retention\": 0.9, \"primary_candidates\": 69, \"retention\": 0.8985507246376812, \"use_primary\": true}\n"}
,{"stream_name":"stdout","time":1809.063410719,"data":"EDGE_TTA_ACTIVE views= 8 mean_abs_feat_delta= 0.355931\n"}
,{"stream_name":"stdout","time":1809.265845688,"data":"EDGE_TTA_ACTIVE views= 8 mean_abs_feat_delta= 0.355931\n"}
,{"stream_name":"stdout","time":1809.652927952,"data":"EDGE_TTA_ACTIVE views= 8 mean_abs_feat_delta= 0.305219\n"}
,{"stream_name":"stdout","time":1809.85547299,"data":"EDGE_TTA_ACTIVE views= 8 mean_abs_feat_delta= 0.305219\n"}
,{"stream_name":"stdout","time":1811.233966053,"data":"EDGE_TTA_ACTIVE views= 8 mean_abs_feat_delta= 0.354871\n"}
,{"stream_name":"stdout","time":1811.436814735,"data":"EDGE_TTA_ACTIVE views= 8 mean_abs_feat_delta= 0.354871\n"}
,{"stream_name":"stdout","time":1811.664287618,"data":"EDGE_TTA_ACTIVE views= 8 mean_abs_feat_delta= 0.305321\n"}
,{"stream_name":"stdout","time":1811.86798277,"data":"EDGE_TTA_ACTIVE views= 8 mean_abs_feat_delta= 0.305321\n"}
,{"stream_name":"stdout","time":1813.387869309,"data":"EDGE_TTA_ACTIVE views= 8 mean_abs_feat_delta= 0.35651\n"}
,{"stream_name":"stdout","time":1813.590506729,"data":"EDGE_TTA_ACTIVE views= 8 mean_abs_feat_delta= 0.35651\n"}
,{"stream_name":"stdout","time":1813.617781994,"data":"EDGE_TTA_ACTIVE views= 8 mean_abs_feat_delta= 0.306324\n"}
,{"stream_name":"stdout","time":1813.819872039,"data":"EDGE_TTA_ACTIVE views= 8 mean_abs_feat_delta= 0.306324\n"}
,{"stream_name":"stdout","time":1815.535648613,"data":"EDGE_TTA_ACTIVE views= 8 mean_abs_feat_delta= 0.358321\n"}
,{"stream_name":"stdout","time":1815.550726762,"data":"EDGE_TTA_ACTIVE views= 8 mean_abs_feat_delta= 0.30419\n"}
,{"stream_name":"stdout","time":1815.738033952,"data":"EDGE_TTA_ACTIVE views= 8 mean_abs_feat_delta= 0.358321\n"}
,{"stream_name":"stdout","time":1815.738062746,"data":"EDGE_TTA_ACTIVE views= 8 mean_abs_feat_delta= 0.30419\n"}
,{"stream_name":"stdout","time":1817.47719344,"data":"EDGE_TTA_ACTIVE views= 8 mean_abs_feat_delta= 0.305292\n"}
,{"stream_name":"stdout","time":1817.679604752,"data":"EDGE_TTA_ACTIVE views= 8 mean_abs_feat_delta= 0.305292\n"}
,{"stream_name":"stdout","time":1817.721711895,"data":"EDGE_TTA_ACTIVE views= 8 mean_abs_feat_delta= 0.359088\n"}
,{"stream_name":"stdout","time":1817.924080716,"data":"EDGE_TTA_ACTIVE views= 8 mean_abs_feat_delta= 0.359088\n"}
,{"stream_name":"stdout","time":1819.467091059,"data":"EDGE_TTA_ACTIVE views= 8 mean_abs_feat_delta= 0.305157\n"}
,{"stream_name":"stdout","time":1819.669813115,"data":"EDGE_TTA_ACTIVE views= 8 mean_abs_feat_delta= 0.305157\n"}
,{"stream_name":"stdout","time":1819.86820068,"data":"EDGE_TTA_ACTIVE views= 8 mean_abs_feat_delta= 0.356967\n"}
,{"stream_name":"stdout","time":1820.070624482,"data":"EDGE_TTA_ACTIVE views= 8 mean_abs_feat_delta= 0.356967\n"}
,{"stream_name":"stdout","time":1821.422124115,"data":"EDGE_TTA_ACTIVE views= 8 mean_abs_feat_delta= 0.308676\n"}
,{"stream_name":"stdout","time":1821.624443194,"data":"EDGE_TTA_ACTIVE views= 8 mean_abs_feat_delta= 0.308676\n"}
,{"stream_name":"stdout","time":1821.961651651,"data":"EDGE_TTA_ACTIVE views= 8 mean_abs_feat_delta= 0.351849\n"}
,{"stream_name":"stdout","time":1822.164037636,"data":"EDGE_TTA_ACTIVE views= 8 mean_abs_feat_delta= 0.351849\n"}
,{"stream_name":"stdout","time":1822.95484751,"data":"BIOHUB_RETENTION_GUARD {\"blended_candidates\": 284, \"dataset\": \"6bba_07e24132\", \"frame\": 65, \"minimum_retention\": 0.9, \"primary_candidates\": 318, \"retention\": 0.8930817610062893, \"use_primary\": true}\n"}
,{"stream_name":"stdout","time":1823.157116316,"data":"BIOHUB_RETENTION_GUARD {\"blended_candidates\": 284, \"dataset\": \"6bba_07e24132\", \"frame\": 65, \"minimum_retention\": 0.9, \"primary_candidates\": 318, \"retention\": 0.8930817610062893, \"use_primary\": true}\n"}
,{"stream_name":"stdout","time":1823.38855943,"data":"EDGE_TTA_ACTIVE views= 8 mean_abs_feat_delta= 0.308345\n"}
,{"stream_name":"stdout","time":1823.590748292,"data":"EDGE_TTA_ACTIVE views= 8 mean_abs_feat_delta= 0.308345\n"}
,{"stream_name":"stdout","time":1824.079139254,"data":"EDGE_TTA_ACTIVE views= 8 mean_abs_feat_delta= 0.359226\n"}
,{"stream_name":"stdout","time":1824.281749858,"data":"EDGE_TTA_ACTIVE views= 8 mean_abs_feat_delta= 0.359226\n"}
,{"stream_name":"stdout","time":1825.375565361,"data":"EDGE_TTA_ACTIVE views= 8 mean_abs_feat_delta= 0.303032\n"}
,{"stream_name":"stdout","time":1825.577937681,"data":"EDGE_TTA_ACTIVE views= 8 mean_abs_feat_delta= 0.303032\n"}
,{"stream_name":"stdout","time":1826.16395066,"data":"EDGE_TTA_ACTIVE views= 8 mean_abs_feat_delta= 0.352046\n"}
,{"stream_name":"stdout","time":1826.36609212,"data":"EDGE_TTA_ACTIVE views= 8 mean_abs_feat_delta= 0.352046\n"}
,{"stream_name":"stdout","time":1827.309475419,"data":"EDGE_TTA_ACTIVE views= 8 mean_abs_feat_delta= 0.298001\n"}
,{"stream_name":"stdout","time":1827.511926934,"data":"EDGE_TTA_ACTIVE views= 8 mean_abs_feat_delta= 0.298001\n"}
,{"stream_name":"stdout","time":1828.370039741,"data":"EDGE_TTA_ACTIVE views= 8 mean_abs_feat_delta= 0.353669\n"}
,{"stream_name":"stdout","time":1828.572422324,"data":"EDGE_TTA_ACTIVE views= 8 mean_abs_feat_delta= 0.353669\n"}
,{"stream_name":"stdout","time":1829.272611284,"data":"EDGE_TTA_ACTIVE views= 8 mean_abs_feat_delta= 0.298001\n"}
,{"stream_name":"stdout","time":1829.474981423,"data":"EDGE_TTA_ACTIVE views= 8 mean_abs_feat_delta= 0.298001\n"}
,{"stream_name":"stdout","time":1830.527230127,"data":"EDGE_TTA_ACTIVE views= 8 mean_abs_feat_delta= 0.354147\n"}
,{"stream_name":"stdout","time":1830.729698762,"data":"EDGE_TTA_ACTIVE views= 8 mean_abs_feat_delta= 0.354147\n"}
,{"stream_name":"stdout","time":1831.263184334,"data":"EDGE_TTA_ACTIVE views= 8 mean_abs_feat_delta= 0.298001\n"}
,{"stream_name":"stdout","time":1831.465644514,"data":"EDGE_TTA_ACTIVE views= 8 mean_abs_feat_delta= 0.298001\n"}
,{"stream_name":"stdout","time":1832.702042958,"data":"EDGE_TTA_ACTIVE views= 8 mean_abs_feat_delta= 0.347808\n"}
,{"stream_name":"stdout","time":1832.904249842,"data":"EDGE_TTA_ACTIVE views= 8 mean_abs_feat_delta= 0.347808\n"}
,{"stream_name":"stdout","time":1833.261383932,"data":"EDGE_TTA_ACTIVE views= 8 mean_abs_feat_delta= 0.332791\n"}
,{"stream_name":"stdout","time":1833.540342063,"data":"EDGE_TTA_ACTIVE views= 8 mean_abs_feat_delta= 0.332791\n"}
,{"stream_name":"stdout","time":1834.847608784,"data":"EDGE_TTA_ACTIVE views= 8 mean_abs_feat_delta= 0.356672\n"}
,{"stream_name":"stdout","time":1835.050106146,"data":"EDGE_TTA_ACTIVE views= 8 mean_abs_feat_delta= 0.356672\n"}
,{"stream_name":"stdout","time":1835.22108512,"data":"EDGE_TTA_ACTIVE views= 8 mean_abs_feat_delta= 0.332698\n"}
,{"stream_name":"stdout","time":1835.423651159,"data":"EDGE_TTA_ACTIVE views= 8 mean_abs_feat_delta= 0.332698\n"}
,{"stream_name":"stdout","time":1836.992035022,"data":"EDGE_TTA_ACTIVE views= 8 mean_abs_feat_delta= 0.35296\n"}
,{"stream_name":"stdout","time":1837.187327115,"data":"EDGE_TTA_ACTIVE views= 8 mean_abs_feat_delta= 0.302273\n"}
,{"stream_name":"stdout","time":1837.194789764,"data":"EDGE_TTA_ACTIVE views= 8 mean_abs_feat_delta= 0.35296\n"}
,{"stream_name":"stdout","time":1837.194810991,"data":"EDGE_TTA_ACTIVE views= 8 mean_abs_feat_delta= 0.302273\n"}
,{"stream_name":"stdout","time":1839.112625349,"data":"EDGE_TTA_ACTIVE views= 8 mean_abs_feat_delta= 0.352197\n"}
,{"stream_name":"stdout","time":1839.160984711,"data":"EDGE_TTA_ACTIVE views= 8 mean_abs_feat_delta= 0.295302\n"}
,{"stream_name":"stdout","time":1839.315410378,"data":"EDGE_TTA_ACTIVE views= 8 mean_abs_feat_delta= 0.352197\n"}
,{"stream_name":"stdout","time":1839.315470159,"data":"EDGE_TTA_ACTIVE views= 8 mean_abs_feat_delta= 0.295302\n"}
,{"stream_name":"stdout","time":1841.094284479,"data":"EDGE_TTA_ACTIVE views= 8 mean_abs_feat_delta= 0.3029\n"}
,{"stream_name":"stdout","time":1841.228254854,"data":"EDGE_TTA_ACTIVE views= 8 mean_abs_feat_delta= 0.346079\n"}
,{"stream_name":"stdout","time":1841.296688905,"data":"EDGE_TTA_ACTIVE views= 8 mean_abs_feat_delta= 0.3029\n"}
,{"stream_name":"stdout","time":1841.296715276,"data":"EDGE_TTA_ACTIVE views= 8 mean_abs_feat_delta= 0.346079\n"}
,{"stream_name":"stdout","time":1843.084595171,"data":"EDGE_TTA_ACTIVE views= 8 mean_abs_feat_delta= 0.302679\n"}
,{"stream_name":"stdout","time":1843.287152184,"data":"EDGE_TTA_ACTIVE views= 8 mean_abs_feat_delta= 0.302679\n"}
,{"stream_name":"stdout","time":1843.365715665,"data":"EDGE_TTA_ACTIVE views= 8 mean_abs_feat_delta= 0.340738\n"}
,{"stream_name":"stdout","time":1843.568179994,"data":"EDGE_TTA_ACTIVE views= 8 mean_abs_feat_delta= 0.340738\n"}
,{"stream_name":"stdout","time":1845.020753678,"data":"EDGE_TTA_ACTIVE views= 8 mean_abs_feat_delta= 0.300717\n"}
,{"stream_name":"stdout","time":1845.223081436,"data":"EDGE_TTA_ACTIVE views= 8 mean_abs_feat_delta= 0.300717\n"}
,{"stream_name":"stdout","time":1845.565353688,"data":"EDGE_TTA_ACTIVE views= 8 mean_abs_feat_delta= 0.35233\n"}
,{"stream_name":"stdout","time":1845.767676216,"data":"EDGE_TTA_ACTIVE views= 8 mean_abs_feat_delta= 0.35233\n"}
,{"stream_name":"stdout","time":1846.995054808,"data":"EDGE_TTA_ACTIVE views= 8 mean_abs_feat_delta= 0.303742\n"}
,{"stream_name":"stdout","time":1847.197722347,"data":"EDGE_TTA_ACTIVE views= 8 mean_abs_feat_delta= 0.303742\n"}
,{"stream_name":"stdout","time":1847.737161158,"data":"EDGE_TTA_ACTIVE views= 8 mean_abs_feat_delta= 0.349486\n"}
,{"stream_name":"stdout","time":1847.939803725,"data":"EDGE_TTA_ACTIVE views= 8 mean_abs_feat_delta= 0.349486\n"}
,{"stream_name":"stdout","time":1848.993107139,"data":"EDGE_TTA_ACTIVE views= 8 mean_abs_feat_delta= 0.308639\n"}
,{"stream_name":"stdout","time":1849.195510475,"data":"EDGE_TTA_ACTIVE views= 8 mean_abs_feat_delta= 0.308639\n"}
,{"stream_name":"stdout","time":1849.886937005,"data":"EDGE_TTA_ACTIVE views= 8 mean_abs_feat_delta= 0.338412\n"}
,{"stream_name":"stdout","time":1850.089300714,"data":"EDGE_TTA_ACTIVE views= 8 mean_abs_feat_delta= 0.338412\n"}
,{"stream_name":"stdout","time":1850.98490835,"data":"EDGE_TTA_ACTIVE views= 8 mean_abs_feat_delta= 0.304516\n"}
,{"stream_name":"stdout","time":1851.187309693,"data":"EDGE_TTA_ACTIVE views= 8 mean_abs_feat_delta= 0.304516\n"}
,{"stream_name":"stdout","time":1852.012545726,"data":"EDGE_TTA_ACTIVE views= 8 mean_abs_feat_delta= 0.332881\n"}
,{"stream_name":"stdout","time":1852.215013982,"data":"EDGE_TTA_ACTIVE views= 8 mean_abs_feat_delta= 0.332881\n"}
,{"stream_name":"stdout","time":1852.986099425,"data":"EDGE_TTA_ACTIVE views= 8 mean_abs_feat_delta= 0.298739\n"}
,{"stream_name":"stdout","time":1853.188842986,"data":"EDGE_TTA_ACTIVE views= 8 mean_abs_feat_delta= 0.298739\n"}
,{"stream_name":"stdout","time":1854.13691663,"data":"EDGE_TTA_ACTIVE views= 8 mean_abs_feat_delta= 0.337562\n"}
,{"stream_name":"stdout","time":1854.339347503,"data":"EDGE_TTA_ACTIVE views= 8 mean_abs_feat_delta= 0.337562\n"}
,{"stream_name":"stdout","time":1854.987333963,"data":"EDGE_TTA_ACTIVE views= 8 mean_abs_feat_delta= 0.300803\n"}
,{"stream_name":"stdout","time":1855.189727007,"data":"EDGE_TTA_ACTIVE views= 8 mean_abs_feat_delta= 0.300803\n"}
,{"stream_name":"stdout","time":1856.225769476,"data":"EDGE_TTA_ACTIVE views= 8 mean_abs_feat_delta= 0.339823\n"}
,{"stream_name":"stdout","time":1856.428137081,"data":"EDGE_TTA_ACTIVE views= 8 mean_abs_feat_delta= 0.339823\n"}
,{"stream_name":"stdout","time":1856.953015935,"data":"EDGE_TTA_ACTIVE views= 8 mean_abs_feat_delta= 0.305076\n"}
,{"stream_name":"stdout","time":1857.155388887,"data":"EDGE_TTA_ACTIVE views= 8 mean_abs_feat_delta= 0.305076\n"}
,{"stream_name":"stdout","time":1858.408894044,"data":"EDGE_TTA_ACTIVE views= 8 mean_abs_feat_delta= 0.342343\n"}
,{"stream_name":"stdout","time":1858.611085378,"data":"EDGE_TTA_ACTIVE views= 8 mean_abs_feat_delta= 0.342343\n"}
,{"stream_name":"stdout","time":1858.889556866,"data":"EDGE_TTA_ACTIVE views= 8 mean_abs_feat_delta= 0.305154\n"}
,{"stream_name":"stdout","time":1859.091843928,"data":"EDGE_TTA_ACTIVE views= 8 mean_abs_feat_delta= 0.305154\n"}
,{"stream_name":"stdout","time":1860.540099812,"data":"EDGE_TTA_ACTIVE views= 8 mean_abs_feat_delta= 0.351531\n"}
,{"stream_name":"stdout","time":1860.742400912,"data":"EDGE_TTA_ACTIVE views= 8 mean_abs_feat_delta= 0.351531\n"}
,{"stream_name":"stdout","time":1860.852965164,"data":"EDGE_TTA_ACTIVE views= 8 mean_abs_feat_delta= 0.308071\n"}
,{"stream_name":"stdout","time":1861.055351417,"data":"EDGE_TTA_ACTIVE views= 8 mean_abs_feat_delta= 0.308071\n"}
,{"stream_name":"stdout","time":1862.709170084,"data":"EDGE_TTA_ACTIVE views= 8 mean_abs_feat_delta= 0.352886\n"}
,{"stream_name":"stdout","time":1862.810598894,"data":"EDGE_TTA_ACTIVE views= 8 mean_abs_feat_delta= 0.309784\n"}
,{"stream_name":"stdout","time":1862.91140239,"data":"EDGE_TTA_ACTIVE views= 8 mean_abs_feat_delta= 0.352886\n"}
,{"stream_name":"stdout","time":1862.911425083,"data":"EDGE_TTA_ACTIVE views= 8 mean_abs_feat_delta= 0.309784\n"}
,{"stream_name":"stdout","time":1864.782857297,"data":"EDGE_TTA_ACTIVE views= 8 mean_abs_feat_delta= 0.310187\n"}
,{"stream_name":"stdout","time":1864.894954116,"data":"EDGE_TTA_ACTIVE views= 8 mean_abs_feat_delta= 0.345989\n"}
,{"stream_name":"stdout","time":1865.063139156,"data":"EDGE_TTA_ACTIVE views= 8 mean_abs_feat_delta= 0.310187\n"}
,{"stream_name":"stdout","time":1865.063160895,"data":"EDGE_TTA_ACTIVE views= 8 mean_abs_feat_delta= 0.345989\n"}
,{"stream_name":"stdout","time":1866.811857138,"data":"EDGE_TTA_ACTIVE views= 8 mean_abs_feat_delta= 0.305862\n"}
,{"stream_name":"stdout","time":1867.014140257,"data":"EDGE_TTA_ACTIVE views= 8 mean_abs_feat_delta= 0.305862\n"}
,{"stream_name":"stdout","time":1867.042029148,"data":"EDGE_TTA_ACTIVE views= 8 mean_abs_feat_delta= 0.34868\n"}
,{"stream_name":"stdout","time":1867.24424399,"data":"EDGE_TTA_ACTIVE views= 8 mean_abs_feat_delta= 0.34868\n"}
,{"stream_name":"stdout","time":1868.790568487,"data":"EDGE_TTA_ACTIVE views= 8 mean_abs_feat_delta= 0.304244\n"}
,{"stream_name":"stdout","time":1868.99271353,"data":"EDGE_TTA_ACTIVE views= 8 mean_abs_feat_delta= 0.304244\n"}
,{"stream_name":"stdout","time":1869.208720306,"data":"EDGE_TTA_ACTIVE views= 8 mean_abs_feat_delta= 0.350155\n"}
,{"stream_name":"stdout","time":1869.411086339,"data":"EDGE_TTA_ACTIVE views= 8 mean_abs_feat_delta= 0.350155\n"}
,{"stream_name":"stdout","time":1870.789379306,"data":"EDGE_TTA_ACTIVE views= 8 mean_abs_feat_delta= 0.305535\n"}
,{"stream_name":"stdout","time":1870.991595945,"data":"EDGE_TTA_ACTIVE views= 8 mean_abs_feat_delta= 0.305535\n"}
,{"stream_name":"stdout","time":1871.356932286,"data":"EDGE_TTA_ACTIVE views= 8 mean_abs_feat_delta= 0.346629\n"}
,{"stream_name":"stdout","time":1871.559010432,"data":"EDGE_TTA_ACTIVE views= 8 mean_abs_feat_delta= 0.346629\n"}
,{"stream_name":"stdout","time":1872.761320369,"data":"EDGE_TTA_ACTIVE views= 8 mean_abs_feat_delta= 0.300695\n"}
,{"stream_name":"stdout","time":1872.96370433,"data":"EDGE_TTA_ACTIVE views= 8 mean_abs_feat_delta= 0.300695\n"}
,{"stream_name":"stdout","time":1873.546250836,"data":"EDGE_TTA_ACTIVE views= 8 mean_abs_feat_delta= 0.340993\n"}
,{"stream_name":"stdout","time":1873.748401289,"data":"EDGE_TTA_ACTIVE views= 8 mean_abs_feat_delta= 0.340993\n"}
,{"stream_name":"stdout","time":1874.755391043,"data":"EDGE_TTA_ACTIVE views= 8 mean_abs_feat_delta= 0.307713\n"}
,{"stream_name":"stdout","time":1874.957572957,"data":"EDGE_TTA_ACTIVE views= 8 mean_abs_feat_delta= 0.307713\n"}
,{"stream_name":"stdout","time":1875.693633565,"data":"EDGE_TTA_ACTIVE views= 8 mean_abs_feat_delta= 0.350159\n"}
,{"stream_name":"stdout","time":1875.8959617,"data":"EDGE_TTA_ACTIVE views= 8 mean_abs_feat_delta= 0.350159\n"}
,{"stream_name":"stdout","time":1876.698718589,"data":"EDGE_TTA_ACTIVE views= 8 mean_abs_feat_delta= 0.309937\n"}
,{"stream_name":"stdout","time":1876.90110126,"data":"EDGE_TTA_ACTIVE views= 8 mean_abs_feat_delta= 0.309937\n"}
,{"stream_name":"stdout","time":1877.781419695,"data":"EDGE_TTA_ACTIVE views= 8 mean_abs_feat_delta= 0.347666\n"}
,{"stream_name":"stdout","time":1877.98370711,"data":"EDGE_TTA_ACTIVE views= 8 mean_abs_feat_delta= 0.347666\n"}
,{"stream_name":"stdout","time":1878.678981169,"data":"EDGE_TTA_ACTIVE views= 8 mean_abs_feat_delta= 0.311094\n"}
,{"stream_name":"stdout","time":1878.881325101,"data":"EDGE_TTA_ACTIVE views= 8 mean_abs_feat_delta= 0.311094\n"}
,{"stream_name":"stdout","time":1879.947273817,"data":"EDGE_TTA_ACTIVE views= 8 mean_abs_feat_delta= 0.348075\n"}
,{"stream_name":"stdout","time":1880.149547262,"data":"EDGE_TTA_ACTIVE views= 8 mean_abs_feat_delta= 0.348075\n"}
,{"stream_name":"stdout","time":1880.658144464,"data":"EDGE_TTA_ACTIVE views= 8 mean_abs_feat_delta= 0.309922\n"}
,{"stream_name":"stdout","time":1880.860616005,"data":"EDGE_TTA_ACTIVE views= 8 mean_abs_feat_delta= 0.309922\n"}
,{"stream_name":"stdout","time":1882.061997973,"data":"EDGE_TTA_ACTIVE views= 8 mean_abs_feat_delta= 0.351707\n"}
,{"stream_name":"stdout","time":1882.264559876,"data":"EDGE_TTA_ACTIVE views= 8 mean_abs_feat_delta= 0.351707\n"}
,{"stream_name":"stdout","time":1882.703066503,"data":"EDGE_TTA_ACTIVE views= 8 mean_abs_feat_delta= 0.30358\n"}
,{"stream_name":"stdout","time":1882.905749721,"data":"EDGE_TTA_ACTIVE views= 8 mean_abs_feat_delta= 0.30358\n"}
,{"stream_name":"stdout","time":1884.222477628,"data":"EDGE_TTA_ACTIVE views= 8 mean_abs_feat_delta= 0.357343\n"}
,{"stream_name":"stdout","time":1884.424826255,"data":"EDGE_TTA_ACTIVE views= 8 mean_abs_feat_delta= 0.357343\n"}
,{"stream_name":"stdout","time":1884.653171849,"data":"EDGE_TTA_ACTIVE views= 8 mean_abs_feat_delta= 0.30504\n"}
,{"stream_name":"stdout","time":1884.855731699,"data":"EDGE_TTA_ACTIVE views= 8 mean_abs_feat_delta= 0.30504\n"}
,{"stream_name":"stdout","time":1886.318377069,"data":"EDGE_TTA_ACTIVE views= 8 mean_abs_feat_delta= 0.357708\n"}
,{"stream_name":"stdout","time":1886.520997559,"data":"EDGE_TTA_ACTIVE views= 8 mean_abs_feat_delta= 0.357708\n"}
,{"stream_name":"stdout","time":1886.659998938,"data":"EDGE_TTA_ACTIVE views= 8 mean_abs_feat_delta= 0.306693\n"}
,{"stream_name":"stdout","time":1886.86225002,"data":"EDGE_TTA_ACTIVE views= 8 mean_abs_feat_delta= 0.306693\n"}
,{"stream_name":"stdout","time":1888.464872823,"data":"EDGE_TTA_ACTIVE views= 8 mean_abs_feat_delta= 0.353719\n"}
,{"stream_name":"stdout","time":1888.635533637,"data":"EDGE_TTA_ACTIVE views= 8 mean_abs_feat_delta= 0.3131\n"}
,{"stream_name":"stdout","time":1888.667333295,"data":"EDGE_TTA_ACTIVE views= 8 mean_abs_feat_delta= 0.353719\n"}
,{"stream_name":"stdout","time":1888.667359904,"data":"EDGE_TTA_ACTIVE views= 8 mean_abs_feat_delta= 0.3131\n"}
,{"stream_name":"stdout","time":1890.586069278,"data":"EDGE_TTA_ACTIVE views= 8 mean_abs_feat_delta= 0.353385\n"}
,{"stream_name":"stdout","time":1890.626646809,"data":"EDGE_TTA_ACTIVE views= 8 mean_abs_feat_delta= 0.309806\n"}
,{"stream_name":"stdout","time":1890.788566595,"data":"EDGE_TTA_ACTIVE views= 8 mean_abs_feat_delta= 0.353385\n"}
,{"stream_name":"stdout","time":1890.788630988,"data":"EDGE_TTA_ACTIVE views= 8 mean_abs_feat_delta= 0.309806\n"}
,{"stream_name":"stdout","time":1892.578245874,"data":"EDGE_TTA_ACTIVE views= 8 mean_abs_feat_delta= 0.311865\n"}
,{"stream_name":"stdout","time":1892.762984588,"data":"EDGE_TTA_ACTIVE views= 8 mean_abs_feat_delta= 0.349152\n"}
,{"stream_name":"stdout","time":1892.780709499,"data":"EDGE_TTA_ACTIVE views= 8 mean_abs_feat_delta= 0.311865\n"}
,{"stream_name":"stdout","time":1892.780730201,"data":"EDGE_TTA_ACTIVE views= 8 mean_abs_feat_delta= 0.349152\n"}
,{"stream_name":"stdout","time":1894.565600266,"data":"EDGE_TTA_ACTIVE views= 8 mean_abs_feat_delta= 0.315319\n"}
,{"stream_name":"stdout","time":1894.768079281,"data":"EDGE_TTA_ACTIVE views= 8 mean_abs_feat_delta= 0.315319\n"}
,{"stream_name":"stdout","time":1894.850935323,"data":"EDGE_TTA_ACTIVE views= 8 mean_abs_feat_delta= 0.346202\n"}
,{"stream_name":"stdout","time":1895.053418472,"data":"EDGE_TTA_ACTIVE views= 8 mean_abs_feat_delta= 0.346202\n"}
,{"stream_name":"stdout","time":1896.573226818,"data":"EDGE_TTA_ACTIVE views= 8 mean_abs_feat_delta= 0.316664\n"}
,{"stream_name":"stdout","time":1896.872152527,"data":"EDGE_TTA_ACTIVE views= 8 mean_abs_feat_delta= 0.316664\n"}
,{"stream_name":"stdout","time":1898.598855523,"data":"EDGE_TTA_ACTIVE views= 8 mean_abs_feat_delta= 0.314554\n"}
,{"stream_name":"stdout","time":1898.801925436,"data":"EDGE_TTA_ACTIVE views= 8 mean_abs_feat_delta= 0.314554\n"}
,{"stream_name":"stdout","time":1900.631394343,"data":"EDGE_TTA_ACTIVE views= 8 mean_abs_feat_delta= 0.312107\n"}
,{"stream_name":"stdout","time":1900.833754616,"data":"EDGE_TTA_ACTIVE views= 8 mean_abs_feat_delta= 0.312107\n"}
,{"stream_name":"stdout","time":1902.674430638,"data":"EDGE_TTA_ACTIVE views= 8 mean_abs_feat_delta= 0.307193\n"}
,{"stream_name":"stdout","time":1902.876661695,"data":"EDGE_TTA_ACTIVE views= 8 mean_abs_feat_delta= 0.307193\n"}
,{"stream_name":"stdout","time":1904.675733359,"data":"EDGE_TTA_ACTIVE views= 8 mean_abs_feat_delta= 0.307894\n"}
,{"stream_name":"stdout","time":1904.878570042,"data":"EDGE_TTA_ACTIVE views= 8 mean_abs_feat_delta= 0.307894\n"}
,{"stream_name":"stdout","time":1906.674715303,"data":"EDGE_TTA_ACTIVE views= 8 mean_abs_feat_delta= 0.309187\n"}
,{"stream_name":"stdout","time":1906.87722065,"data":"EDGE_TTA_ACTIVE views= 8 mean_abs_feat_delta= 0.309187\n"}
,{"stream_name":"stdout","time":1908.761437397,"data":"EDGE_TTA_ACTIVE views= 8 mean_abs_feat_delta= 0.307647\n"}
,{"stream_name":"stdout","time":1908.964173494,"data":"EDGE_TTA_ACTIVE views= 8 mean_abs_feat_delta= 0.307647\n"}
,{"stream_name":"stdout","time":1910.761302691,"data":"EDGE_TTA_ACTIVE views= 8 mean_abs_feat_delta= 0.307706\n"}
,{"stream_name":"stdout","time":1910.963793808,"data":"EDGE_TTA_ACTIVE views= 8 mean_abs_feat_delta= 0.307706\n"}
,{"stream_name":"stdout","time":1912.760564549,"data":"EDGE_TTA_ACTIVE views= 8 mean_abs_feat_delta= 0.313024\n"}
,{"stream_name":"stdout","time":1912.963514173,"data":"EDGE_TTA_ACTIVE views= 8 mean_abs_feat_delta= 0.313024\n"}
,{"stream_name":"stdout","time":1914.763799079,"data":"EDGE_TTA_ACTIVE views= 8 mean_abs_feat_delta= 0.314713\n"}
,{"stream_name":"stdout","time":1914.966690612,"data":"EDGE_TTA_ACTIVE views= 8 mean_abs_feat_delta= 0.314713\n"}
,{"stream_name":"stdout","time":1916.792401918,"data":"EDGE_TTA_ACTIVE views= 8 mean_abs_feat_delta= 0.316544\n"}
,{"stream_name":"stdout","time":1916.995081298,"data":"EDGE_TTA_ACTIVE views= 8 mean_abs_feat_delta= 0.316544\n"}
,{"stream_name":"stdout","time":1918.820097031,"data":"EDGE_TTA_ACTIVE views= 8 mean_abs_feat_delta= 0.314499\n"}
,{"stream_name":"stdout","time":1919.022816404,"data":"EDGE_TTA_ACTIVE views= 8 mean_abs_feat_delta= 0.314499\n"}
,{"stream_name":"stdout","time":1920.821098378,"data":"EDGE_TTA_ACTIVE views= 8 mean_abs_feat_delta= 0.31039\n"}
,{"stream_name":"stdout","time":1921.02333961,"data":"EDGE_TTA_ACTIVE views= 8 mean_abs_feat_delta= 0.31039\n"}
,{"stream_name":"stdout","time":1922.870940109,"data":"EDGE_TTA_ACTIVE views= 8 mean_abs_feat_delta= 0.311503\n"}
,{"stream_name":"stdout","time":1923.073904332,"data":"EDGE_TTA_ACTIVE views= 8 mean_abs_feat_delta= 0.311503\n"}
,{"stream_name":"stdout","time":1924.92502151,"data":"EDGE_TTA_ACTIVE views= 8 mean_abs_feat_delta= 0.31187\n"}
,{"stream_name":"stdout","time":1925.127408677,"data":"EDGE_TTA_ACTIVE views= 8 mean_abs_feat_delta= 0.31187\n"}
,{"stream_name":"stdout","time":1925.182282724,"data":"EDGE_TTA_ACTIVE views= 8 mean_abs_feat_delta= 0.309615\n"}
,{"stream_name":"stdout","time":1925.384759036,"data":"EDGE_TTA_ACTIVE views= 8 mean_abs_feat_delta= 0.309615\n"}
,{"stream_name":"stdout","time":1926.199144537,"data":"PUBLIC946_GPU_SMOKE {\"arm\": \"C1\", \"association\": {\"actual_primary_logits_after_original_harmonic_fusion\": {\"all_finite\": true, \"device\": \"cuda:0\", \"dtype\": \"torch.float32\", \"numel\": 134316, \"shape\": [1, 369, 364], \"stride\": [134316, 364, 1]}, \"actual_secondary_feature_consumed\": true, \"actual_secondary_logits\": {\"all_finite\": true, \"device\": \"cuda:0\", \"dtype\": \"torch.float32\", \"numel\": 134316, \"shape\": [1, 369, 364], \"stride\": [134316, 364, 1]}, \"coordinate_grid\": {\"downsample\": [1.0, 4.0, 4.0], \"source\": {\"device\": \"cuda:0\", \"dtype\": \"torch.float32\", \"numel\": 1107, \"shape\": [1, 369, 3], \"stride\": [369, 1, 369]}, \"target\": {\"device\": \"cuda:0\", \"dtype\": \"torch.float32\", \"numel\": 1092, \"shape\": [1, 364, 3], \"stride\": [364, 1, 364]}}, \"diagnostic_edge_head_calls\": 1, \"diagnostic_encoder_calls\": 0, \"diagnostic_probabilities_used_in_production\": false, \"diagnostic_seconds\": 0.015426737999860052, \"frame_pair_index\": 0, \"primary_source_sampled_features\": {\"all_finite\": true, \"device\": \"cuda:0\", \"dtype\": \"torch.float32\", \"numel\": 11808, \"shape\": [1, 369, 32], \"stride\": [11808, 32, 1]}, \"primary_target_sampled_features\": {\"all_finite\": true, \"device\": \"cuda:0\", \"dtype\": \"torch.float32\", \"numel\": 11648, \"shape\": [1, 364, 32], \"stride\": [11648, 32, 1]}, \"probability_comparison_stage\": \"secondary edge-head softmax over parents, before original calibration and low-margin mixing\", \"probability_delta_vs_single_pass_same_coordinates\": {\"sample_elements\": 65536, \"sample_equal\": true, \"sample_max_abs_delta\": 0.0, \"sample_mean_abs_delta\": 0.0, \"sample_stride\": 2}, \"production_calls\": 1, \"same_low_margin_config\": {\"secondary_detection_weight\": 0.8, \"secondary_edge_weight\": 0.15, \"secondary_link_mode\": \"low_margin_consensus\"}, \"source_delta_vs_single_pass\": {\"sample_elements\": 11808, \"sample_equal\": true, \"sample_max_abs_delta\": 0.0, \"sample_mean_abs_delta\": 0.0, \"sample_stride\": 1}, \"source_sampled_features\": {\"all_finite\": true, \"device\": \"cuda:0\", \"dtype\": \"torch.float32\", \"numel\": 11808, \"shape\": [1, 369, 32], \"stride\": [11808, 32, 1]}, \"target_delta_vs_single_pass\": {\"sample_elements\": 11648, \"sample_equal\": true, \"sample_max_abs_delta\": 0.0, \"sample_mean_abs_delta\": 0.0, \"sample_stride\": 1}, \"target_sampled_features\": {\"all_finite\": true, \"device\": \"cuda:0\", \"dtype\": \"torch.float32\", \"numel\": 11648, \"shape\": [1, 364, 32], \"stride\": [11648, 32, 1]}}, \"association_calls\": 1, \"config\": {\"secondary_detection_weight\": 0.8, \"secondary_edge_weight\": 0.15, \"secondary_link_mode\": \"low_margin_consensus\"}, \"consumed_features\": {\"primary\": {\"all_finite\": true, \"delta_vs_single_pass\": {\"sample_elements\": 65536, \"sample_equal\": false, \"sample_max_abs_delta\": 1.7510186433792114, \"sample_mean_abs_delta\": 0.2988970875740051, \"sample_stride\": 256}, \"device\": \"cuda:0\", \"dtype\": \"torch.float32\", \"numel\": 16777216, \"original_encoded_feature_sample_unchanged\": true, \"same_storage_as_original\": false, \"shape\": [1, 2, 32, 64, 64, 64], \"single_pass\": {\"device\": \"cuda:0\", \"dtype\": \"torch.float32\", \"numel\": 16777216, \"shape\": [1, 2, 32, 64, 64, 64], \"stride\": [16777216, 8388608, 262144, 4096, 64, 1]}, \"stride\": [16777216, 8388608, 262144, 4096, 64, 1]}, \"secondary\": {\"all_finite\": true, \"delta_vs_single_pass\": {\"sample_elements\": 65536, \"sample_equal\": true, \"sample_max_abs_delta\": 0.0, \"sample_mean_abs_delta\": 0.0, \"sample_stride\": 256}, \"device\": \"cuda:0\", \"dtype\": \"torch.float32\", \"numel\": 16777216, \"original_encoded_feature_sample_unchanged\": true, \"same_storage_as_original\": true, \"shape\": [1, 2, 32, 64, 64, 64], \"single_pass\": {\"device\": \"cuda:0\", \"dtype\": \"torch.float32\", \"numel\": 16777216, \"shape\": [1, 2, 32, 64, 64, 64], \"stride\": [16777216, 8388608, 262144, 4096, 64, 1]}, \"stride\": [16777216, 8388608, 262144, 4096, 64, 1]}}, \"consumed_heatmaps\": [{\"all_finite\": true, \"device\": \"cuda:0\", \"dtype\": \"torch.float32\", \"numel\": 262144, \"shape\": [1, 1, 64, 64, 64], \"stride\": [262144, 262144, 4096, 64, 1]}, {\"all_finite\": true, \"device\": \"cuda:0\", \"dtype\": \"torch.float32\", \"numel\": 262144, \"shape\": [1, 1, 64, 64, 64], \"stride\": [262144, 262144, 4096, 64, 1]}], \"cuda_peak_allocated_bytes_process\": 728221696, \"cuda_peak_reserved_bytes_process\": 979369984, \"dataset\": \"6bba_09961292\", \"encode_calls\": {\"primary\": 8, \"secondary\": 8}, \"encode_seconds\": {\"primary\": 0.9738582919999317, \"secondary\": 0.9171528910001143}, \"encode_views\": [{\"feature\": {\"device\": \"cuda:0\", \"dtype\": \"torch.float32\", \"numel\": 16777216, \"shape\": [1, 2, 32, 64, 64, 64], \"stride\": [16777216, 8388608, 262144, 4096, 64, 1]}, \"heatmap0\": {\"device\": \"cuda:0\", \"dtype\": \"torch.float32\", \"numel\": 262144, \"shape\": [1, 1, 64, 64, 64], \"stride\": [262144, 262144, 4096, 64, 1]}, \"input\": {\"device\": \"cuda:0\", \"dtype\": \"torch.float32\", \"numel\": 524288, \"shape\": [1, 2, 64, 64, 64], \"stride\": [524288, 262144, 4096, 64, 1]}, \"pass\": 1, \"role\": \"primary\"}, {\"feature\": {\"device\": \"cuda:0\", \"dtype\": \"torch.float32\", \"numel\": 16777216, \"shape\": [1, 2, 32, 64, 64, 64], \"stride\": [16777216, 8388608, 262144, 4096, 64, 1]}, \"heatmap0\": {\"device\": \"cuda:0\", \"dtype\": \"torch.float32\", \"numel\": 262144, \"shape\": [1, 1, 64, 64, 64], \"stride\": [262144, 262144, 4096, 64, 1]}, \"input\": {\"device\": \"cuda:0\", \"dtype\": \"torch.float32\", \"numel\": 524288, \"shape\": [1, 2, 64, 64, 64], \"stride\": [524288, 262144, 4096, 64, 1]}, \"pass\": 2, \"role\": \"primary\"}, {\"feature\": {\"device\": \"cuda:0\", \"dtype\": \"torch.float32\", \"numel\": 16777216, \"shape\": [1, 2, 32, 64, 64, 64], \"stride\": [16777216, 8388608, 262144, 4096, 64, 1]}, \"heatmap0\": {\"device\": \"cuda:0\", \"dtype\": \"torch.float32\", \"numel\": 262144, \"shape\": [1, 1, 64, 64, 64], \"stride\": [262144, 262144, 4096, 64, 1]}, \"input\": {\"device\": \"cuda:0\", \"dtype\": \"torch.float32\", \"numel\": 524288, \"shape\": [1, 2, 64, 64, 64], \"stride\": [524288, 262144, 4096, 64, 1]}, \"pass\": 3, \"role\": \"primary\"}, {\"feature\": {\"device\": \"cuda:0\", \"dtype\": \"torch.float32\", \"numel\": 16777216, \"shape\": [1, 2, 32, 64, 64, 64], \"stride\": [16777216, 8388608, 262144, 4096, 64, 1]}, \"heatmap0\": {\"device\": \"cuda:0\", \"dtype\": \"torch.float32\", \"numel\": 262144, \"shape\": [1, 1, 64, 64, 64], \"stride\": [262144, 262144, 4096, 64, 1]}, \"input\": {\"device\": \"cuda:0\", \"dtype\": \"torch.float32\", \"numel\": 524288, \"shape\": [1, 2, 64, 64, 64], \"stride\": [524288, 262144, 4096, 64, 1]}, \"pass\": 4, \"role\": \"primary\"}, {\"feature\": {\"device\": \"cuda:0\", \"dtype\": \"torch.float32\", \"numel\": 16777216, \"shape\": [1, 2, 32, 64, 64, 64], \"stride\": [16777216, 8388608, 262144, 4096, 64, 1]}, \"heatmap0\": {\"device\": \"cuda:0\", \"dtype\": \"torch.float32\", \"numel\": 262144, \"shape\": [1, 1, 64, 64, 64], \"stride\": [262144, 262144, 4096, 64, 1]}, \"input\": {\"device\": \"cuda:0\", \"dtype\": \"torch.float32\", \"numel\": 524288, \"shape\": [1, 2, 64, 64, 64], \"stride\": [524288, 262144, 4096, 1, 64]}, \"pass\": 5, \"role\": \"primary\"}, {\"feature\": {\"device\": \"cuda:0\", \"dtype\": \"torch.float32\", \"numel\": 16777216, \"shape\": [1, 2, 32, 64, 64, 64], \"stride\": [16777216, 8388608, 262144, 4096, 64, 1]}, \"heatmap0\": {\"device\": \"cuda:0\", \"dtype\": \"torch.float32\", \"numel\": 262144, \"shape\": [1, 1, 64, 64, 64], \"stride\": [262144, 262144, 4096, 64, 1]}, \"input\": {\"device\": \"cuda:0\", \"dtype\": \"torch.float32\", \"numel\": 524288, \"shape\": [1, 2, 64, 64, 64], \"stride\": [524288, 262144, 4096, 1, 64]}, \"pass\": 6, \"role\": \"primary\"}, {\"feature\": {\"device\": \"cuda:0\", \"dtype\": \"torch.float32\", \"numel\": 16777216, \"shape\": [1, 2, 32, 64, 64, 64], \"stride\": [16777216, 8388608, 262144, 4096, 64, 1]}, \"heatmap0\": {\"device\": \"cuda:0\", \"dtype\": \"torch.float32\", \"numel\": 262144, \"shape\": [1, 1, 64, 64, 64], \"stride\": [262144, 262144, 4096, 64, 1]}, \"input\": {\"device\": \"cuda:0\", \"dtype\": \"torch.float32\", \"numel\": 524288, \"shape\": [1, 2, 64, 64, 64], \"stride\": [524288, 262144, 4096, 1, 64]}, \"pass\": 7, \"role\": \"primary\"}, {\"feature\": {\"device\": \"cuda:0\", \"dtype\": \"torch.float32\", \"numel\": 16777216, \"shape\": [1, 2, 32, 64, 64, 64], \"stride\": [16777216, 8388608, 262144, 4096, 64, 1]}, \"heatmap0\": {\"device\": \"cuda:0\", \"dtype\": \"torch.float32\", \"numel\": 262144, \"shape\": [1, 1, 64, 64, 64], \"stride\": [262144, 262144, 4096, 64, 1]}, \"input\": {\"device\": \"cuda:0\", \"dtype\": \"torch.float32\", \"numel\": 524288, \"shape\": [1, 2, 64, 64, 64], \"stride\": [524288, 262144, 4096, 1, 64]}, \"pass\": 8, \"role\": \"primary\"}, {\"feature\": {\"device\": \"cuda:0\", \"dtype\": \"torch.float32\", \"numel\": 16777216, \"shape\": [1, 2, 32, 64, 64, 64], \"stride\": [16777216, 8388608, 262144, 4096, 64, 1]}, \"heatmap0\": {\"device\": \"cuda:0\", \"dtype\": \"torch.float32\", \"numel\": 262144, \"shape\": [1, 1, 64, 64, 64], \"stride\": [262144, 262144, 4096, 64, 1]}, \"input\": {\"device\": \"cuda:0\", \"dtype\": \"torch.float32\", \"numel\": 524288, \"shape\": [1, 2, 64, 64, 64], \"stride\": [524288, 262144, 4096, 64, 1]}, \"pass\": 1, \"role\": \"secondary\"}, {\"feature\": {\"device\": \"cuda:0\", \"dtype\": \"torch.float32\", \"numel\": 16777216, \"shape\": [1, 2, 32, 64, 64, 64], \"stride\": [16777216, 8388608, 262144, 4096, 64, 1]}, \"heatmap0\": {\"device\": \"cuda:0\", \"dtype\": \"torch.float32\", \"numel\": 262144, \"shape\": [1, 1, 64, 64, 64], \"stride\": [262144, 262144, 4096, 64, 1]}, \"input\": {\"device\": \"cuda:0\", \"dtype\": \"torch.float32\", \"numel\": 524288, \"shape\": [1, 2, 64, 64, 64], \"stride\": [524288, 262144, 4096, 64, 1]}, \"pass\": 2, \"role\": \"secondary\"}, {\"feature\": {\"device\": \"cuda:0\", \"dtype\": \"torch.float32\", \"numel\": 16777216, \"shape\": [1, 2, 32, 64, 64, 64], \"stride\": [16777216, 8388608, 262144, 4096, 64, 1]}, \"heatmap0\": {\"device\": \"cuda:0\", \"dtype\": \"torch.float32\", \"numel\": 262144, \"shape\": [1, 1, 64, 64, 64], \"stride\": [262144, 262144, 4096, 64, 1]}, \"input\": {\"device\": \"cuda:0\", \"dtype\": \"torch.float32\", \"numel\": 524288, \"shape\": [1, 2, 64, 64, 64], \"stride\": [524288, 262144, 4096, 64, 1]}, \"pass\": 3, \"role\": \"secondary\"}, {\"feature\": {\"device\": \"cuda:0\", \"dtype\": \"torch.float32\", \"numel\": 16777216, \"shape\": [1, 2, 32, 64, 64, 64], \"stride\": [16777216, 8388608, 262144, 4096, 64, 1]}, \"heatmap0\": {\"device\": \"cuda:0\", \"dtype\": \"torch.float32\", \"numel\": 262144, \"shape\": [1, 1, 64, 64, 64], \"stride\": [262144, 262144, 4096, 64, 1]}, \"input\": {\"device\": \"cuda:0\", \"dtype\": \"torch.float32\", \"numel\": 524288, \"shape\": [1, 2, 64, 64, 64], \"stride\": [524288, 262144, 4096, 64, 1]}, \"pass\": 4, \"role\": \"secondary\"}, {\"feature\": {\"device\": \"cuda:0\", \"dtype\": \"torch.float32\", \"numel\": 16777216, \"shape\": [1, 2, 32, 64, 64, 64], \"stride\": [16777216, 8388608, 262144, 4096, 64, 1]}, \"heatmap0\": {\"device\": \"cuda:0\", \"dtype\": \"torch.float32\", \"numel\": 262144, \"shape\": [1, 1, 64, 64, 64], \"stride\": [262144, 262144, 4096, 64, 1]}, \"input\": {\"device\": \"cuda:0\", \"dtype\": \"torch.float32\", \"numel\": 524288, \"shape\": [1, 2, 64, 64, 64], \"stride\": [524288, 262144, 4096, 1, 64]}, \"pass\": 5, \"role\": \"secondary\"}, {\"feature\": {\"device\": \"cuda:0\", \"dtype\": \"torch.float32\", \"numel\": 16777216, \"shape\": [1, 2, 32, 64, 64, 64], \"stride\": [16777216, 8388608, 262144, 4096, 64, 1]}, \"heatmap0\": {\"device\": \"cuda:0\", \"dtype\": \"torch.float32\", \"numel\": 262144, \"shape\": [1, 1, 64, 64, 64], \"stride\": [262144, 262144, 4096, 64, 1]}, \"input\": {\"device\": \"cuda:0\", \"dtype\": \"torch.float32\", \"numel\": 524288, \"shape\": [1, 2, 64, 64, 64], \"stride\": [524288, 262144, 4096, 1, 64]}, \"pass\": 6, \"role\": \"secondary\"}, {\"feature\": {\"device\": \"cuda:0\", \"dtype\": \"torch.float32\", \"numel\": 16777216, \"shape\": [1, 2, 32, 64, 64, 64], \"stride\": [16777216, 8388608, 262144, 4096, 64, 1]}, \"heatmap0\": {\"device\": \"cuda:0\", \"dtype\": \"torch.float32\", \"numel\": 262144, \"shape\": [1, 1, 64, 64, 64], \"stride\": [262144, 262144, 4096, 64, 1]}, \"input\": {\"device\": \"cuda:0\", \"dtype\": \"torch.float32\", \"numel\": 524288, \"shape\": [1, 2, 64, 64, 64], \"stride\": [524288, 262144, 4096, 1, 64]}, \"pass\": 7, \"role\": \"secondary\"}, {\"feature\": {\"device\": \"cuda:0\", \"dtype\": \"torch.float32\", \"numel\": 16777216, \"shape\": [1, 2, 32, 64, 64, 64], \"stride\": [16777216, 8388608, 262144, 4096, 64, 1]}, \"heatmap0\": {\"device\": \"cuda:0\", \"dtype\": \"torch.float32\", \"numel\": 262144, \"shape\": [1, 1, 64, 64, 64], \"stride\": [262144, 262144, 4096, 64, 1]}, \"input\": {\"device\": \"cuda:0\", \"dtype\": \"torch.float32\", \"numel\": 524288, \"shape\": [1, 2, 64, 64, 64], \"stride\": [524288, 262144, 4096, 1, 64]}, \"pass\": 8, \"role\": \"secondary\"}], \"event\": \"actual_predictor_window\", \"frames\": [0, 1], \"input\": {\"all_finite\": true, \"device\": \"cuda:0\", \"dtype\": \"torch.float32\", \"numel\": 524288, \"shape\": [1, 2, 64, 64, 64], \"stride\": [524288, 262144, 4096, 64, 1]}, \"input_parent\": \"/kaggle/input/competitions/biohub-cell-tracking-during-development/train\", \"seconds_including_common_audit\": 2.004733218000183, \"window_index\": 1, \"worker_execution_settings\": {\"autocast_enabled\": false, \"cuda_runtime\": \"12.8\", \"cudnn_allow_tf32\": true, \"cudnn_benchmark\": false, \"cudnn_deterministic\": false, \"default_dtype\": \"torch.float32\", \"deterministic_algorithms\": false, \"float32_matmul_precision\": \"highest\", \"gpu_name\": \"Tesla T4\", \"grad_enabled\": false, \"matmul_allow_tf32\": false, \"torch_initial_seed\": 14439693894798763525, \"torch_version\": \"2.10.0+cu128\"}}\n"}
,{"stream_name":"stdout","time":1926.402274089,"data":"PUBLIC946_GPU_SMOKE {\"arm\": \"C1\", \"association\": {\"actual_primary_logits_after_original_harmonic_fusion\": {\"all_finite\": true, \"device\": \"cuda:0\", \"dtype\": \"torch.float32\", \"numel\": 134316, \"shape\": [1, 369, 364], \"stride\": [134316, 364, 1]}, \"actual_secondary_feature_consumed\": true, \"actual_secondary_logits\": {\"all_finite\": true, \"device\": \"cuda:0\", \"dtype\": \"torch.float32\", \"numel\": 134316, \"shape\": [1, 369, 364], \"stride\": [134316, 364, 1]}, \"coordinate_grid\": {\"downsample\": [1.0, 4.0, 4.0], \"source\": {\"device\": \"cuda:0\", \"dtype\": \"torch.float32\", \"numel\": 1107, \"shape\": [1, 369, 3], \"stride\": [369, 1, 369]}, \"target\": {\"device\": \"cuda:0\", \"dtype\": \"torch.float32\", \"numel\": 1092, \"shape\": [1, 364, 3], \"stride\": [364, 1, 364]}}, \"diagnostic_edge_head_calls\": 1, \"diagnostic_encoder_calls\": 0, \"diagnostic_probabilities_used_in_production\": false, \"diagnostic_seconds\": 0.015426737999860052, \"frame_pair_index\": 0, \"primary_source_sampled_features\": {\"all_finite\": true, \"device\": \"cuda:0\", \"dtype\": \"torch.float32\", \"numel\": 11808, \"shape\": [1, 369, 32], \"stride\": [11808, 32, 1]}, \"primary_target_sampled_features\": {\"all_finite\": true, \"device\": \"cuda:0\", \"dtype\": \"torch.float32\", \"numel\": 11648, \"shape\": [1, 364, 32], \"stride\": [11648, 32, 1]}, \"probability_comparison_stage\": \"secondary edge-head softmax over parents, before original calibration and low-margin mixing\", \"probability_delta_vs_single_pass_same_coordinates\": {\"sample_elements\": 65536, \"sample_equal\": true, \"sample_max_abs_delta\": 0.0, \"sample_mean_abs_delta\": 0.0, \"sample_stride\": 2}, \"production_calls\": 1, \"same_low_margin_config\": {\"secondary_detection_weight\": 0.8, \"secondary_edge_weight\": 0.15, \"secondary_link_mode\": \"low_margin_consensus\"}, \"source_delta_vs_single_pass\": {\"sample_elements\": 11808, \"sample_equal\": true, \"sample_max_abs_delta\": 0.0, \"sample_mean_abs_delta\": 0.0, \"sample_stride\": 1}, \"source_sampled_features\": {\"all_finite\": true, \"device\": \"cuda:0\", \"dtype\": \"torch.float32\", \"numel\": 11808, \"shape\": [1, 369, 32], \"stride\": [11808, 32, 1]}, \"target_delta_vs_single_pass\": {\"sample_elements\": 11648, \"sample_equal\": true, \"sample_max_abs_delta\": 0.0, \"sample_mean_abs_delta\": 0.0, \"sample_stride\": 1}, \"target_sampled_features\": {\"all_finite\": true, \"device\": \"cuda:0\", \"dtype\": \"torch.float32\", \"numel\": 11648, \"shape\": [1, 364, 32], \"stride\": [11648, 32, 1]}}, \"association_calls\": 1, \"config\": {\"secondary_detection_weight\": 0.8, \"secondary_edge_weight\": 0.15, \"secondary_link_mode\": \"low_margin_consensus\"}, \"consumed_features\": {\"primary\": {\"all_finite\": true, \"delta_vs_single_pass\": {\"sample_elements\": 65536, \"sample_equal\": false, \"sample_max_abs_delta\": 1.7510186433792114, \"sample_mean_abs_delta\": 0.2988970875740051, \"sample_stride\": 256}, \"device\": \"cuda:0\", \"dtype\": \"torch.float32\", \"numel\": 16777216, \"original_encoded_feature_sample_unchanged\": true, \"same_storage_as_original\": false, \"shape\": [1, 2, 32, 64, 64, 64], \"single_pass\": {\"device\": \"cuda:0\", \"dtype\": \"torch.float32\", \"numel\": 16777216, \"shape\": [1, 2, 32, 64, 64, 64], \"stride\": [16777216, 8388608, 262144, 4096, 64, 1]}, \"stride\": [16777216, 8388608, 262144, 4096, 64, 1]}, \"secondary\": {\"all_finite\": true, \"delta_vs_single_pass\": {\"sample_elements\": 65536, \"sample_equal\": true, \"sample_max_abs_delta\": 0.0, \"sample_mean_abs_delta\": 0.0, \"sample_stride\": 256}, \"device\": \"cuda:0\", \"dtype\": \"torch.float32\", \"numel\": 16777216, \"original_encoded_feature_sample_unchanged\": true, \"same_storage_as_original\": true, \"shape\": [1, 2, 32, 64, 64, 64], \"single_pass\": {\"device\": \"cuda:0\", \"dtype\": \"torch.float32\", \"numel\": 16777216, \"shape\": [1, 2, 32, 64, 64, 64], \"stride\": [16777216, 8388608, 262144, 4096, 64, 1]}, \"stride\": [16777216, 8388608, 262144, 4096, 64, 1]}}, \"consumed_heatmaps\": [{\"all_finite\": true, \"device\": \"cuda:0\", \"dtype\": \"torch.float32\", \"numel\": 262144, \"shape\": [1, 1, 64, 64, 64], \"stride\": [262144, 262144, 4096, 64, 1]}, {\"all_finite\": true, \"device\": \"cuda:0\", \"dtype\": \"torch.float32\", \"numel\": 262144, \"shape\": [1, 1, 64, 64, 64], \"stride\": [262144, 262144, 4096, 64, 1]}], \"cuda_peak_allocated_bytes_process\": 728221696, \"cuda_peak_reserved_bytes_process\": 979369984, \"dataset\": \"6bba_09961292\", \"encode_calls\": {\"primary\": 8, \"secondary\": 8}, \"encode_seconds\": {\"primary\": 0.9738582919999317, \"secondary\": 0.9171528910001143}, \"encode_views\": [{\"feature\": {\"device\": \"cuda:0\", \"dtype\": \"torch.float32\", \"numel\": 16777216, \"shape\": [1, 2, 32, 64, 64, 64], \"stride\": [16777216, 8388608, 262144, 4096, 64, 1]}, \"heatmap0\": {\"device\": \"cuda:0\", \"dtype\": \"torch.float32\", \"numel\": 262144, \"shape\": [1, 1, 64, 64, 64], \"stride\": [262144, 262144, 4096, 64, 1]}, \"input\": {\"device\": \"cuda:0\", \"dtype\": \"torch.float32\", \"numel\": 524288, \"shape\": [1, 2, 64, 64, 64], \"stride\": [524288, 262144, 4096, 64, 1]}, \"pass\": 1, \"role\": \"primary\"}, {\"feature\": {\"device\": \"cuda:0\", \"dtype\": \"torch.float32\", \"numel\": 16777216, \"shape\": [1, 2, 32, 64, 64, 64], \"stride\": [16777216, 8388608, 262144, 4096, 64, 1]}, \"heatmap0\": {\"device\": \"cuda:0\", \"dtype\": \"torch.float32\", \"numel\": 262144, \"shape\": [1, 1, 64, 64, 64], \"stride\": [262144, 262144, 4096, 64, 1]}, \"input\": {\"device\": \"cuda:0\", \"dtype\": \"torch.float32\", \"numel\": 524288, \"shape\": [1, 2, 64, 64, 64], \"stride\": [524288, 262144, 4096, 64, 1]}, \"pass\": 2, \"role\": \"primary\"}, {\"feature\": {\"device\": \"cuda:0\", \"dtype\": \"torch.float32\", \"numel\": 16777216, \"shape\": [1, 2, 32, 64, 64, 64], \"stride\": [16777216, 8388608, 262144, 4096, 64, 1]}, \"heatmap0\": {\"device\": \"cuda:0\", \"dtype\": \"torch.float32\", \"numel\": 262144, \"shape\": [1, 1, 64, 64, 64], \"stride\": [262144, 262144, 4096, 64, 1]}, \"input\": {\"device\": \"cuda:0\", \"dtype\": \"torch.float32\", \"numel\": 524288, \"shape\": [1, 2, 64, 64, 64], \"stride\": [524288, 262144, 4096, 64, 1]}, \"pass\": 3, \"role\": \"primary\"}, {\"feature\": {\"device\": \"cuda:0\", \"dtype\": \"torch.float32\", \"numel\": 16777216, \"shape\": [1, 2, 32, 64, 64, 64], \"stride\": [16777216, 8388608, 262144, 4096, 64, 1]}, \"heatmap0\": {\"device\": \"cuda:0\", \"dtype\": \"torch.float32\", \"numel\": 262144, \"shape\": [1, 1, 64, 64, 64], \"stride\": [262144, 262144, 4096, 64, 1]}, \"input\": {\"device\": \"cuda:0\", \"dtype\": \"torch.float32\", \"numel\": 524288, \"shape\": [1, 2, 64, 64, 64], \"stride\": [524288, 262144, 4096, 64, 1]}, \"pass\": 4, \"role\": \"primary\"}, {\"feature\": {\"device\": \"cuda:0\", \"dtype\": \"torch.float32\", \"numel\": 16777216, \"shape\": [1, 2, 32, 64, 64, 64], \"stride\": [16777216, 8388608, 262144, 4096, 64, 1]}, \"heatmap0\": {\"device\": \"cuda:0\", \"dtype\": \"torch.float32\", \"numel\": 262144, \"shape\": [1, 1, 64, 64, 64], \"stride\": [262144, 262144, 4096, 64, 1]}, \"input\": {\"device\": \"cuda:0\", \"dtype\": \"torch.float32\", \"numel\": 524288, \"shape\": [1, 2, 64, 64, 64], \"stride\": [524288, 262144, 4096, 1, 64]}, \"pass\": 5, \"role\": \"primary\"}, {\"feature\": {\"device\": \"cuda:0\", \"dtype\": \"torch.float32\", \"numel\": 16777216, \"shape\": [1, 2, 32, 64, 64, 64], \"stride\": [16777216, 8388608, 262144, 4096, 64, 1]}, \"heatmap0\": {\"device\": \"cuda:0\", \"dtype\": \"torch.float32\", \"numel\": 262144, \"shape\": [1, 1, 64, 64, 64], \"stride\": [262144, 262144, 4096, 64, 1]}, \"input\": {\"device\": \"cuda:0\", \"dtype\": \"torch.float32\", \"numel\": 524288, \"shape\": [1, 2, 64, 64, 64], \"stride\": [524288, 262144, 4096, 1, 64]}, \"pass\": 6, \"role\": \"primary\"}, {\"feature\": {\"device\": \"cuda:0\", \"dtype\": \"torch.float32\", \"numel\": 16777216, \"shape\": [1, 2, 32, 64, 64, 64], \"stride\": [16777216, 8388608, 262144, 4096, 64, 1]}, \"heatmap0\": {\"device\": \"cuda:0\", \"dtype\": \"torch.float32\", \"numel\": 262144, \"shape\": [1, 1, 64, 64, 64], \"stride\": [262144, 262144, 4096, 64, 1]}, \"input\": {\"device\": \"cuda:0\", \"dtype\": \"torch.float32\", \"numel\": 524288, \"shape\": [1, 2, 64, 64, 64], \"stride\": [524288, 262144, 4096, 1, 64]}, \"pass\": 7, \"role\": \"primary\"}, {\"feature\": {\"device\": \"cuda:0\", \"dtype\": \"torch.float32\", \"numel\": 16777216, \"shape\": [1, 2, 32, 64, 64, 64], \"stride\": [16777216, 8388608, 262144, 4096, 64, 1]}, \"heatmap0\": {\"device\": \"cuda:0\", \"dtype\": \"torch.float32\", \"numel\": 262144, \"shape\": [1, 1, 64, 64, 64], \"stride\": [262144, 262144, 4096, 64, 1]}, \"input\": {\"device\": \"cuda:0\", \"dtype\": \"torch.float32\", \"numel\": 524288, \"shape\": [1, 2, 64, 64, 64], \"stride\": [524288, 262144, 4096, 1, 64]}, \"pass\": 8, \"role\": \"primary\"}, {\"feature\": {\"device\": \"cuda:0\", \"dtype\": \"torch.float32\", \"numel\": 16777216, \"shape\": [1, 2, 32, 64, 64, 64], \"stride\": [16777216, 8388608, 262144, 4096, 64, 1]}, \"heatmap0\": {\"device\": \"cuda:0\", \"dtype\": \"torch.float32\", \"numel\": 262144, \"shape\": [1, 1, 64, 64, 64], \"stride\": [262144, 262144, 4096, 64, 1]}, \"input\": {\"device\": \"cuda:0\", \"dtype\": \"torch.float32\", \"numel\": 524288, \"shape\": [1, 2, 64, 64, 64], \"stride\": [524288, 262144, 4096, 64, 1]}, \"pass\": 1, \"role\": \"secondary\"}, {\"feature\": {\"device\": \"cuda:0\", \"dtype\": \"torch.float32\", \"numel\": 16777216, \"shape\": [1, 2, 32, 64, 64, 64], \"stride\": [16777216, 8388608, 262144, 4096, 64, 1]}, \"heatmap0\": {\"device\": \"cuda:0\", \"dtype\": \"torch.float32\", \"numel\": 262144, \"shape\": [1, 1, 64, 64, 64], \"stride\": [262144, 262144, 4096, 64, 1]}, \"input\": {\"device\": \"cuda:0\", \"dtype\": \"torch.float32\", \"numel\": 524288, \"shape\": [1, 2, 64, 64, 64], \"stride\": [524288, 262144, 4096, 64, 1]}, \"pass\": 2, \"role\": \"secondary\"}, {\"feature\": {\"device\": \"cuda:0\", \"dtype\": \"torch.float32\", \"numel\": 16777216, \"shape\": [1, 2, 32, 64, 64, 64], \"stride\": [16777216, 8388608, 262144, 4096, 64, 1]}, \"heatmap0\": {\"device\": \"cuda:0\", \"dtype\": \"torch.float32\", \"numel\": 262144, \"shape\": [1, 1, 64, 64, 64], \"stride\": [262144, 262144, 4096, 64, 1]}, \"input\": {\"device\": \"cuda:0\", \"dtype\": \"torch.float32\", \"numel\": 524288, \"shape\": [1, 2, 64, 64, 64], \"stride\": [524288, 262144, 4096, 64, 1]}, \"pass\": 3, \"role\": \"secondary\"}, {\"feature\": {\"device\": \"cuda:0\", \"dtype\": \"torch.float32\", \"numel\": 16777216, \"shape\": [1, 2, 32, 64, 64, 64], \"stride\": [16777216, 8388608, 262144, 4096, 64, 1]}, \"heatmap0\": {\"device\": \"cuda:0\", \"dtype\": \"torch.float32\", \"numel\": 262144, \"shape\": [1, 1, 64, 64, 64], \"stride\": [262144, 262144, 4096, 64, 1]}, \"input\": {\"device\": \"cuda:0\", \"dtype\": \"torch.float32\", \"numel\": 524288, \"shape\": [1, 2, 64, 64, 64], \"stride\": [524288, 262144, 4096, 64, 1]}, \"pass\": 4, \"role\": \"secondary\"}, {\"feature\": {\"device\": \"cuda:0\", \"dtype\": \"torch.float32\", \"numel\": 16777216, \"shape\": [1, 2, 32, 64, 64, 64], \"stride\": [16777216, 8388608, 262144, 4096, 64, 1]}, \"heatmap0\": {\"device\": \"cuda:0\", \"dtype\": \"torch.float32\", \"numel\": 262144, \"shape\": [1, 1, 64, 64, 64], \"stride\": [262144, 262144, 4096, 64, 1]}, \"input\": {\"device\": \"cuda:0\", \"dtype\": \"torch.float32\", \"numel\": 524288, \"shape\": [1, 2, 64, 64, 64], \"stride\": [524288, 262144, 4096, 1, 64]}, \"pass\": 5, \"role\": \"secondary\"}, {\"feature\": {\"device\": \"cuda:0\", \"dtype\": \"torch.float32\", \"numel\": 16777216, \"shape\": [1, 2, 32, 64, 64, 64], \"stride\": [16777216, 8388608, 262144, 4096, 64, 1]}, \"heatmap0\": {\"device\": \"cuda:0\", \"dtype\": \"torch.float32\", \"numel\": 262144, \"shape\": [1, 1, 64, 64, 64], \"stride\": [262144, 262144, 4096, 64, 1]}, \"input\": {\"device\": \"cuda:0\", \"dtype\": \"torch.float32\", \"numel\": 524288, \"shape\": [1, 2, 64, 64, 64], \"stride\": [524288, 262144, 4096, 1, 64]}, \"pass\": 6, \"role\": \"secondary\"}, {\"feature\": {\"device\": \"cuda:0\", \"dtype\": \"torch.float32\", \"numel\": 16777216, \"shape\": [1, 2, 32, 64, 64, 64], \"stride\": [16777216, 8388608, 262144, 4096, 64, 1]}, \"heatmap0\": {\"device\": \"cuda:0\", \"dtype\": \"torch.float32\", \"numel\": 262144, \"shape\": [1, 1, 64, 64, 64], \"stride\": [262144, 262144, 4096, 64, 1]}, \"input\": {\"device\": \"cuda:0\", \"dtype\": \"torch.float32\", \"numel\": 524288, \"shape\": [1, 2, 64, 64, 64], \"stride\": [524288, 262144, 4096, 1, 64]}, \"pass\": 7, \"role\": \"secondary\"}, {\"feature\": {\"device\": \"cuda:0\", \"dtype\": \"torch.float32\", \"numel\": 16777216, \"shape\": [1, 2, 32, 64, 64, 64], \"stride\": [16777216, 8388608, 262144, 4096, 64, 1]}, \"heatmap0\": {\"device\": \"cuda:0\", \"dtype\": \"torch.float32\", \"numel\": 262144, \"shape\": [1, 1, 64, 64, 64], \"stride\": [262144, 262144, 4096, 64, 1]}, \"input\": {\"device\": \"cuda:0\", \"dtype\": \"torch.float32\", \"numel\": 524288, \"shape\": [1, 2, 64, 64, 64], \"stride\": [524288, 262144, 4096, 1, 64]}, \"pass\": 8, \"role\": \"secondary\"}], \"event\": \"actual_predictor_window\", \"frames\": [0, 1], \"input\": {\"all_finite\": true, \"device\": \"cuda:0\", \"dtype\": \"torch.float32\", \"numel\": 524288, \"shape\": [1, 2, 64, 64, 64], \"stride\": [524288, 262144, 4096, 64, 1]}, \"input_parent\": \"/kaggle/input/competitions/biohub-cell-tracking-during-development/train\", \"seconds_including_common_audit\": 2.004733218000183, \"window_index\": 1, \"worker_execution_settings\": {\"autocast_enabled\": false, \"cuda_runtime\": \"12.8\", \"cudnn_allow_tf32\": true, \"cudnn_benchmark\": false, \"cudnn_deterministic\": false, \"default_dtype\": \"torch.float32\", \"deterministic_algorithms\": false, \"float32_matmul_precision\": \"highest\", \"gpu_name\": \"Tesla T4\", \"grad_enabled\": false, \"matmul_allow_tf32\": false, \"torch_initial_seed\": 14439693894798763525, \"torch_version\": \"2.10.0+cu128\"}}\n"}
,{"stream_name":"stdout","time":1927.007987433,"data":"EDGE_TTA_ACTIVE views= 8 mean_abs_feat_delta= 0.312424\n"}
,{"stream_name":"stdout","time":1927.203379915,"data":"EDGE_TTA_ACTIVE views= 8 mean_abs_feat_delta= 0.309058\n"}
,{"stream_name":"stdout","time":1927.291929566,"data":"EDGE_TTA_ACTIVE views= 8 mean_abs_feat_delta= 0.312424\n"}
,{"stream_name":"stdout","time":1927.291952223,"data":"EDGE_TTA_ACTIVE views= 8 mean_abs_feat_delta= 0.309058\n"}
,{"stream_name":"stdout","time":1929.038476369,"data":"EDGE_TTA_ACTIVE views= 8 mean_abs_feat_delta= 0.313356\n"}
,{"stream_name":"stdout","time":1929.202698868,"data":"EDGE_TTA_ACTIVE views= 8 mean_abs_feat_delta= 0.306949\n"}
,{"stream_name":"stdout","time":1929.240855275,"data":"EDGE_TTA_ACTIVE views= 8 mean_abs_feat_delta= 0.313356\n"}
,{"stream_name":"stdout","time":1929.240876643,"data":"EDGE_TTA_ACTIVE views= 8 mean_abs_feat_delta= 0.306949\n"}
,{"stream_name":"stdout","time":1931.057907109,"data":"EDGE_TTA_ACTIVE views= 8 mean_abs_feat_delta= 0.316315\n"}
,{"stream_name":"stdout","time":1931.196482445,"data":"EDGE_TTA_ACTIVE views= 8 mean_abs_feat_delta= 0.305215\n"}
,{"stream_name":"stdout","time":1931.260228797,"data":"EDGE_TTA_ACTIVE views= 8 mean_abs_feat_delta= 0.316315\n"}
,{"stream_name":"stdout","time":1931.260255735,"data":"EDGE_TTA_ACTIVE views= 8 mean_abs_feat_delta= 0.305215\n"}
,{"stream_name":"stdout","time":1933.088161968,"data":"EDGE_TTA_ACTIVE views= 8 mean_abs_feat_delta= 0.313104\n"}
,{"stream_name":"stdout","time":1933.188902065,"data":"EDGE_TTA_ACTIVE views= 8 mean_abs_feat_delta= 0.308212\n"}
,{"stream_name":"stdout","time":1933.29053307,"data":"EDGE_TTA_ACTIVE views= 8 mean_abs_feat_delta= 0.313104\n"}
,{"stream_name":"stdout","time":1933.290556791,"data":"EDGE_TTA_ACTIVE views= 8 mean_abs_feat_delta= 0.308212\n"}
,{"stream_name":"stdout","time":1934.04122068,"data":"BIOHUB_RETENTION_GUARD {\"blended_candidates\": 59, \"dataset\": \"6bba_062c8d37\", \"frame\": 90, \"minimum_retention\": 0.9, \"primary_candidates\": 67, \"retention\": 0.8805970149253731, \"use_primary\": true}\n"}
,{"stream_name":"stdout","time":1934.243370582,"data":"BIOHUB_RETENTION_GUARD {\"blended_candidates\": 59, \"dataset\": \"6bba_062c8d37\", \"frame\": 90, \"minimum_retention\": 0.9, \"primary_candidates\": 67, \"retention\": 0.8805970149253731, \"use_primary\": true}\n"}
,{"stream_name":"stdout","time":1935.104510366,"data":"EDGE_TTA_ACTIVE views= 8 mean_abs_feat_delta= 0.309564\n"}
,{"stream_name":"stdout","time":1935.213503321,"data":"EDGE_TTA_ACTIVE views= 8 mean_abs_feat_delta= 0.304803\n"}
,{"stream_name":"stdout","time":1935.306656775,"data":"EDGE_TTA_ACTIVE views= 8 mean_abs_feat_delta= 0.309564\n"}
,{"stream_name":"stdout","time":1935.306718483,"data":"EDGE_TTA_ACTIVE views= 8 mean_abs_feat_delta= 0.304803\n"}
,{"stream_name":"stdout","time":1937.113972277,"data":"EDGE_TTA_ACTIVE views= 8 mean_abs_feat_delta= 0.308723\n"}
,{"stream_name":"stdout","time":1937.216785219,"data":"EDGE_TTA_ACTIVE views= 8 mean_abs_feat_delta= 0.304351\n"}
,{"stream_name":"stdout","time":1937.316237089,"data":"EDGE_TTA_ACTIVE views= 8 mean_abs_feat_delta= 0.308723\n"}
,{"stream_name":"stdout","time":1937.316324744,"data":"EDGE_TTA_ACTIVE views= 8 mean_abs_feat_delta= 0.304351\n"}
,{"stream_name":"stdout","time":1939.122369647,"data":"EDGE_TTA_ACTIVE views= 8 mean_abs_feat_delta= 0.308386\n"}
,{"stream_name":"stdout","time":1939.286178851,"data":"EDGE_TTA_ACTIVE views= 8 mean_abs_feat_delta= 0.309835\n"}
,{"stream_name":"stdout","time":1939.324578926,"data":"EDGE_TTA_ACTIVE views= 8 mean_abs_feat_delta= 0.308386\n"}
,{"stream_name":"stdout","time":1939.324602876,"data":"EDGE_TTA_ACTIVE views= 8 mean_abs_feat_delta= 0.309835\n"}
,{"stream_name":"stdout","time":1941.12681847,"data":"EDGE_TTA_ACTIVE views= 8 mean_abs_feat_delta= 0.311825\n"}
,{"stream_name":"stdout","time":1941.328838647,"data":"EDGE_TTA_ACTIVE views= 8 mean_abs_feat_delta= 0.311825\n"}
,{"stream_name":"stdout","time":1941.329256125,"data":"EDGE_TTA_ACTIVE views= 8 mean_abs_feat_delta= 0.307835\n"}
,{"stream_name":"stdout","time":1941.532051778,"data":"EDGE_TTA_ACTIVE views= 8 mean_abs_feat_delta= 0.307835\n"}
,{"stream_name":"stdout","time":1943.133373819,"data":"EDGE_TTA_ACTIVE views= 8 mean_abs_feat_delta= 0.315186\n"}
,{"stream_name":"stdout","time":1943.335770026,"data":"EDGE_TTA_ACTIVE views= 8 mean_abs_feat_delta= 0.315186\n"}
,{"stream_name":"stdout","time":1943.361802168,"data":"EDGE_TTA_ACTIVE views= 8 mean_abs_feat_delta= 0.309283\n"}
,{"stream_name":"stdout","time":1943.564011624,"data":"EDGE_TTA_ACTIVE views= 8 mean_abs_feat_delta= 0.309283\n"}
,{"stream_name":"stdout","time":1945.130509935,"data":"EDGE_TTA_ACTIVE views= 8 mean_abs_feat_delta= 0.315046\n"}
,{"stream_name":"stdout","time":1945.332774687,"data":"EDGE_TTA_ACTIVE views= 8 mean_abs_feat_delta= 0.315046\n"}
,{"stream_name":"stdout","time":1945.40250713,"data":"EDGE_TTA_ACTIVE views= 8 mean_abs_feat_delta= 0.301887\n"}
,{"stream_name":"stdout","time":1945.604874397,"data":"EDGE_TTA_ACTIVE views= 8 mean_abs_feat_delta= 0.301887\n"}
,{"stream_name":"stdout","time":1947.192943757,"data":"EDGE_TTA_ACTIVE views= 8 mean_abs_feat_delta= 0.316283\n"}
,{"stream_name":"stdout","time":1947.395892193,"data":"EDGE_TTA_ACTIVE views= 8 mean_abs_feat_delta= 0.316283\n"}
,{"stream_name":"stdout","time":1947.442323654,"data":"EDGE_TTA_ACTIVE views= 8 mean_abs_feat_delta= 0.300667\n"}
,{"stream_name":"stdout","time":1947.644678555,"data":"EDGE_TTA_ACTIVE views= 8 mean_abs_feat_delta= 0.300667\n"}
,{"stream_name":"stdout","time":1949.190091971,"data":"EDGE_TTA_ACTIVE views= 8 mean_abs_feat_delta= 0.315636\n"}
,{"stream_name":"stdout","time":1949.392445096,"data":"EDGE_TTA_ACTIVE views= 8 mean_abs_feat_delta= 0.315636\n"}
,{"stream_name":"stdout","time":1949.542711449,"data":"EDGE_TTA_ACTIVE views= 8 mean_abs_feat_delta= 0.302532\n"}
,{"stream_name":"stdout","time":1949.745099309,"data":"EDGE_TTA_ACTIVE views= 8 mean_abs_feat_delta= 0.302532\n"}
,{"stream_name":"stdout","time":1951.189638065,"data":"EDGE_TTA_ACTIVE views= 8 mean_abs_feat_delta= 0.313683\n"}
,{"stream_name":"stdout","time":1951.392027003,"data":"EDGE_TTA_ACTIVE views= 8 mean_abs_feat_delta= 0.313683\n"}
,{"stream_name":"stdout","time":1951.613304393,"data":"EDGE_TTA_ACTIVE views= 8 mean_abs_feat_delta= 0.300085\n"}
,{"stream_name":"stdout","time":1951.815707409,"data":"EDGE_TTA_ACTIVE views= 8 mean_abs_feat_delta= 0.300085\n"}
,{"stream_name":"stdout","time":1953.769805759,"data":"EDGE_TTA_ACTIVE views= 8 mean_abs_feat_delta= 0.299757\n"}
,{"stream_name":"stdout","time":1953.97231141,"data":"EDGE_TTA_ACTIVE views= 8 mean_abs_feat_delta= 0.299757\n"}
,{"stream_name":"stdout","time":1955.807839435,"data":"EDGE_TTA_ACTIVE views= 8 mean_abs_feat_delta= 0.302349\n"}
,{"stream_name":"stdout","time":1956.010277219,"data":"EDGE_TTA_ACTIVE views= 8 mean_abs_feat_delta= 0.302349\n"}
,{"stream_name":"stdout","time":1957.019115863,"data":"EDGE_TTA_ACTIVE views= 8 mean_abs_feat_delta= 0.340882\n"}
,{"stream_name":"stdout","time":1957.221512818,"data":"EDGE_TTA_ACTIVE views= 8 mean_abs_feat_delta= 0.340882\n"}
,{"stream_name":"stdout","time":1957.943500065,"data":"EDGE_TTA_ACTIVE views= 8 mean_abs_feat_delta= 0.301682\n"}
,{"stream_name":"stdout","time":1958.011751126,"data":"PUBLIC946_GPU_SMOKE {\"arm\": \"C1\", \"association\": {\"actual_primary_logits_after_original_harmonic_fusion\": {\"all_finite\": true, \"device\": \"cuda:0\", \"dtype\": \"torch.float32\", \"numel\": 21456, \"shape\": [1, 149, 144], \"stride\": [21456, 144, 1]}, \"actual_secondary_feature_consumed\": true, \"actual_secondary_logits\": {\"all_finite\": true, \"device\": \"cuda:0\", \"dtype\": \"torch.float32\", \"numel\": 21456, \"shape\": [1, 149, 144], \"stride\": [21456, 144, 1]}, \"coordinate_grid\": {\"downsample\": [1.0, 4.0, 4.0], \"source\": {\"device\": \"cuda:0\", \"dtype\": \"torch.float32\", \"numel\": 447, \"shape\": [1, 149, 3], \"stride\": [149, 1, 149]}, \"target\": {\"device\": \"cuda:0\", \"dtype\": \"torch.float32\", \"numel\": 432, \"shape\": [1, 144, 3], \"stride\": [144, 1, 144]}}, \"diagnostic_edge_head_calls\": 1, \"diagnostic_encoder_calls\": 0, \"diagnostic_probabilities_used_in_production\": false, \"diagnostic_seconds\": 0.010019895999903383, \"frame_pair_index\": 0, \"primary_source_sampled_features\": {\"all_finite\": true, \"device\": \"cuda:0\", \"dtype\": \"torch.float32\", \"numel\": 4768, \"shape\": [1, 149, 32], \"stride\": [4768, 32, 1]}, \"primary_target_sampled_features\": {\"all_finite\": true, \"device\": \"cuda:0\", \"dtype\": \"torch.float32\", \"numel\": 4608, \"shape\": [1, 144, 32], \"stride\": [4608, 32, 1]}, \"probability_comparison_stage\": \"secondary edge-head softmax over parents, before original calibration and low-margin mixing\", \"probability_delta_vs_single_pass_same_coordinates\": {\"sample_elements\": 21456, \"sample_equal\": true, \"sample_max_abs_delta\": 0.0, \"sample_mean_abs_delta\": 0.0, \"sample_stride\": 1}, \"production_calls\": 1, \"same_low_margin_config\": {\"secondary_detection_weight\": 0.8, \"secondary_edge_weight\": 0.15, \"secondary_link_mode\": \"low_margin_consensus\"}, \"source_delta_vs_single_pass\": {\"sample_elements\": 4768, \"sample_equal\": true, \"sample_max_abs_delta\": 0.0, \"sample_mean_abs_delta\": 0.0, \"sample_stride\": 1}, \"source_sampled_features\": {\"all_finite\": true, \"device\": \"cuda:0\", \"dtype\": \"torch.float32\", \"numel\": 4768, \"shape\": [1, 149, 32], \"stride\": [4768, 32, 1]}, \"target_delta_vs_single_pass\": {\"sample_elements\": 4608, \"sample_equal\": true, \"sample_max_abs_delta\": 0.0, \"sample_mean_abs_delta\": 0.0, \"sample_stride\": 1}, \"target_sampled_features\": {\"all_finite\": true, \"device\": \"cuda:0\", \"dtype\": \"torch.float32\", \"numel\": 4608, \"shape\": [1, 144, 32], \"stride\": [4608, 32, 1]}}, \"association_calls\": 1, \"config\": {\"secondary_detection_weight\": 0.8, \"secondary_edge_weight\": 0.15, \"secondary_link_mode\": \"low_margin_consensus\"}, \"consumed_features\": {\"primary\": {\"all_finite\": true, \"delta_vs_single_pass\": {\"sample_elements\": 65536, \"sample_equal\": false, \"sample_max_abs_delta\": 1.8783334493637085, \"sample_mean_abs_delta\": 0.3336215615272522, \"sample_stride\": 256}, \"device\": \"cuda:0\", \"dtype\": \"torch.float32\", \"numel\": 16777216, \"original_encoded_feature_sample_unchanged\": true, \"same_storage_as_original\": false, \"shape\": [1, 2, 32, 64, 64, 64], \"single_pass\": {\"device\": \"cuda:0\", \"dtype\": \"torch.float32\", \"numel\": 16777216, \"shape\": [1, 2, 32, 64, 64, 64], \"stride\": [16777216, 8388608, 262144, 4096, 64, 1]}, \"stride\": [16777216, 8388608, 262144, 4096, 64, 1]}, \"secondary\": {\"all_finite\": true, \"delta_vs_single_pass\": {\"sample_elements\": 65536, \"sample_equal\": true, \"sample_max_abs_delta\": 0.0, \"sample_mean_abs_delta\": 0.0, \"sample_stride\": 256}, \"device\": \"cuda:0\", \"dtype\": \"torch.float32\", \"numel\": 16777216, \"original_encoded_feature_sample_unchanged\": true, \"same_storage_as_original\": true, \"shape\": [1, 2, 32, 64, 64, 64], \"single_pass\": {\"device\": \"cuda:0\", \"dtype\": \"torch.float32\", \"numel\": 16777216, \"shape\": [1, 2, 32, 64, 64, 64], \"stride\": [16777216, 8388608, 262144, 4096, 64, 1]}, \"stride\": [16777216, 8388608, 262144, 4096, 64, 1]}}, \"consumed_heatmaps\": [{\"all_finite\": true, \"device\": \"cuda:0\", \"dtype\": \"torch.float32\", \"numel\": 262144, \"shape\": [1, 1, 64, 64, 64], \"stride\": [262144, 262144, 4096, 64, 1]}, {\"all_finite\": true, \"device\": \"cuda:0\", \"dtype\": \"torch.float32\", \"numel\": 262144, \"shape\": [1, 1, 64, 64, 64], \"stride\": [262144, 262144, 4096, 64, 1]}], \"cuda_peak_allocated_bytes_process\": 728221696, \"cuda_peak_reserved_bytes_process\": 981467136, \"dataset\": \"6bba_085bf656\", \"encode_calls\": {\"primary\": 8, \"secondary\": 8}, \"encode_seconds\": {\"primary\": 1.0034640809994926, \"secondary\": 0.937642753000091}, \"encode_views\": [{\"feature\": {\"device\": \"cuda:0\", \"dtype\": \"torch.float32\", \"numel\": 16777216, \"shape\": [1, 2, 32, 64, 64, 64], \"stride\": [16777216, 8388608, 262144, 4096, 64, 1]}, \"heatmap0\": {\"device\": \"cuda:0\", \"dtype\": \"torch.float32\", \"numel\": 262144, \"shape\": [1, 1, 64, 64, 64], \"stride\": [262144, 262144, 4096, 64, 1]}, \"input\": {\"device\": \"cuda:0\", \"dtype\": \"torch.float32\", \"numel\": 524288, \"shape\": [1, 2, 64, 64, 64], \"stride\": [524288, 262144, 4096, 64, 1]}, \"pass\": 1, \"role\": \"primary\"}, {\"feature\": {\"device\": \"cuda:0\", \"dtype\": \"torch.float32\", \"numel\": 16777216, \"shape\": [1, 2, 32, 64, 64, 64], \"stride\": [16777216, 8388608, 262144, 4096, 64, 1]}, \"heatmap0\": {\"device\": \"cuda:0\", \"dtype\": \"torch.float32\", \"numel\": 262144, \"shape\": [1, 1, 64, 64, 64], \"stride\": [262144, 262144, 4096, 64, 1]}, \"input\": {\"device\": \"cuda:0\", \"dtype\": \"torch.float32\", \"numel\": 524288, \"shape\": [1, 2, 64, 64, 64], \"stride\": [524288, 262144, 4096, 64, 1]}, \"pass\": 2, \"role\": \"primary\"}, {\"feature\": {\"device\": \"cuda:0\", \"dtype\": \"torch.float32\", \"numel\": 16777216, \"shape\": [1, 2, 32, 64, 64, 64], \"stride\": [16777216, 8388608, 262144, 4096, 64, 1]}, \"heatmap0\": {\"device\": \"cuda:0\", \"dtype\": \"torch.float32\", \"numel\": 262144, \"shape\": [1, 1, 64, 64, 64], \"stride\": [262144, 262144, 4096, 64, 1]}, \"input\": {\"device\": \"cuda:0\", \"dtype\": \"torch.float32\", \"numel\": 524288, \"shape\": [1, 2, 64, 64, 64], \"stride\": [524288, 262144, 4096, 64, 1]}, \"pass\": 3, \"role\": \"primary\"}, {\"feature\": {\"device\": \"cuda:0\", \"dtype\": \"torch.float32\", \"numel\": 16777216, \"shape\": [1, 2, 32, 64, 64, 64], \"stride\": [16777216, 8388608, 262144, 4096, 64, 1]}, \"heatmap0\": {\"device\": \"cuda:0\", \"dtype\": \"torch.float32\", \"numel\": 262144, \"shape\": [1, 1, 64, 64, 64], \"stride\": [262144, 262144, 4096, 64, 1]}, \"input\": {\"device\": \"cuda:0\", \"dtype\": \"torch.float32\", \"numel\": 524288, \"shape\": [1, 2, 64, 64, 64], \"stride\": [524288, 262144, 4096, 64, 1]}, \"pass\": 4, \"role\": \"primary\"}, {\"feature\": {\"device\": \"cuda:0\", \"dtype\": \"torch.float32\", \"numel\": 16777216, \"shape\": [1, 2, 32, 64, 64, 64], \"stride\": [16777216, 8388608, 262144, 4096, 64, 1]}, \"heatmap0\": {\"device\": \"cuda:0\", \"dtype\": \"torch.float32\", \"numel\": 262144, \"shape\": [1, 1, 64, 64, 64], \"stride\": [262144, 262144, 4096, 64, 1]}, \"input\": {\"device\": \"cuda:0\", \"dtype\": \"torch.float32\", \"numel\": 524288, \"shape\": [1, 2, 64, 64, 64], \"stride\": [524288, 262144, 4096, 1, 64]}, \"pass\": 5, \"role\": \"primary\"}, {\"feature\": {\"device\": \"cuda:0\", \"dtype\": \"torch.float32\", \"numel\": 16777216, \"shape\": [1, 2, 32, 64, 64, 64], \"stride\": [16777216, 8388608, 262144, 4096, 64, 1]}, \"heatmap0\": {\"device\": \"cuda:0\", \"dtype\": \"torch.float32\", \"numel\": 262144, \"shape\": [1, 1, 64, 64, 64], \"stride\": [262144, 262144, 4096, 64, 1]}, \"input\": {\"device\": \"cuda:0\", \"dtype\": \"torch.float32\", \"numel\": 524288, \"shape\": [1, 2, 64, 64, 64], \"stride\": [524288, 262144, 4096, 1, 64]}, \"pass\": 6, \"role\": \"primary\"}, {\"feature\": {\"device\": \"cuda:0\", \"dtype\": \"torch.float32\", \"numel\": 16777216, \"shape\": [1, 2, 32, 64, 64, 64], \"stride\": [16777216, 8388608, 262144, 4096, 64, 1]}, \"heatmap0\": {\"device\": \"cuda:0\", \"dtype\": \"torch.float32\", \"numel\": 262144, \"shape\": [1, 1, 64, 64, 64], \"stride\": [262144, 262144, 4096, 64, 1]}, \"input\": {\"device\": \"cuda:0\", \"dtype\": \"torch.float32\", \"numel\": 524288, \"shape\": [1, 2, 64, 64, 64], \"stride\": [524288, 262144, 4096, 1, 64]}, \"pass\": 7, \"role\": \"primary\"}, {\"feature\": {\"device\": \"cuda:0\", \"dtype\": \"torch.float32\", \"numel\": 16777216, \"shape\": [1, 2, 32, 64, 64, 64], \"stride\": [16777216, 8388608, 262144, 4096, 64, 1]}, \"heatmap0\": {\"device\": \"cuda:0\", \"dtype\": \"torch.float32\", \"numel\": 262144, \"shape\": [1, 1, 64, 64, 64], \"stride\": [262144, 262144, 4096, 64, 1]}, \"input\": {\"device\": \"cuda:0\", \"dtype\": \"torch.float32\", \"numel\": 524288, \"shape\": [1, 2, 64, 64, 64], \"stride\": [524288, 262144, 4096, 1, 64]}, \"pass\": 8, \"role\": \"primary\"}, {\"feature\": {\"device\": \"cuda:0\", \"dtype\": \"torch.float32\", \"numel\": 16777216, \"shape\": [1, 2, 32, 64, 64, 64], \"stride\": [16777216, 8388608, 262144, 4096, 64, 1]}, \"heatmap0\": {\"device\": \"cuda:0\", \"dtype\": \"torch.float32\", \"numel\": 262144, \"shape\": [1, 1, 64, 64, 64], \"stride\": [262144, 262144, 4096, 64, 1]}, \"input\": {\"device\": \"cuda:0\", \"dtype\": \"torch.float32\", \"numel\": 524288, \"shape\": [1, 2, 64, 64, 64], \"stride\": [524288, 262144, 4096, 64, 1]}, \"pass\": 1, \"role\": \"secondary\"}, {\"feature\": {\"device\": \"cuda:0\", \"dtype\": \"torch.float32\", \"numel\": 16777216, \"shape\": [1, 2, 32, 64, 64, 64], \"stride\": [16777216, 8388608, 262144, 4096, 64, 1]}, \"heatmap0\": {\"device\": \"cuda:0\", \"dtype\": \"torch.float32\", \"numel\": 262144, \"shape\": [1, 1, 64, 64, 64], \"stride\": [262144, 262144, 4096, 64, 1]}, \"input\": {\"device\": \"cuda:0\", \"dtype\": \"torch.float32\", \"numel\": 524288, \"shape\": [1, 2, 64, 64, 64], \"stride\": [524288, 262144, 4096, 64, 1]}, \"pass\": 2, \"role\": \"secondary\"}, {\"feature\": {\"device\": \"cuda:0\", \"dtype\": \"torch.float32\", \"numel\": 16777216, \"shape\": [1, 2, 32, 64, 64, 64], \"stride\": [16777216, 8388608, 262144, 4096, 64, 1]}, \"heatmap0\": {\"device\": \"cuda:0\", \"dtype\": \"torch.float32\", \"numel\": 262144, \"shape\": [1, 1, 64, 64, 64], \"stride\": [262144, 262144, 4096, 64, 1]}, \"input\": {\"device\": \"cuda:0\", \"dtype\": \"torch.float32\", \"numel\": 524288, \"shape\": [1, 2, 64, 64, 64], \"stride\": [524288, 262144, 4096, 64, 1]}, \"pass\": 3, \"role\": \"secondary\"}, {\"feature\": {\"device\": \"cuda:0\", \"dtype\": \"torch.float32\", \"numel\": 16777216, \"shape\": [1, 2, 32, 64, 64, 64], \"stride\": [16777216, 8388608, 262144, 4096, 64, 1]}, \"heatmap0\": {\"device\": \"cuda:0\", \"dtype\": \"torch.float32\", \"numel\": 262144, \"shape\": [1, 1, 64, 64, 64], \"stride\": [262144, 262144, 4096, 64, 1]}, \"input\": {\"device\": \"cuda:0\", \"dtype\": \"torch.float32\", \"numel\": 524288, \"shape\": [1, 2, 64, 64, 64], \"stride\": [524288, 262144, 4096, 64, 1]}, \"pass\": 4, \"role\": \"secondary\"}, {\"feature\": {\"device\": \"cuda:0\", \"dtype\": \"torch.float32\", \"numel\": 16777216, \"shape\": [1, 2, 32, 64, 64, 64], \"stride\": [16777216, 8388608, 262144, 4096, 64, 1]}, \"heatmap0\": {\"device\": \"cuda:0\", \"dtype\": \"torch.float32\", \"numel\": 262144, \"shape\": [1, 1, 64, 64, 64], \"stride\": [262144, 262144, 4096, 64, 1]}, \"input\": {\"device\": \"cuda:0\", \"dtype\": \"torch.float32\", \"numel\": 524288, \"shape\": [1, 2, 64, 64, 64], \"stride\": [524288, 262144, 4096, 1, 64]}, \"pass\": 5, \"role\": \"secondary\"}, {\"feature\": {\"device\": \"cuda:0\", \"dtype\": \"torch.float32\", \"numel\": 16777216, \"shape\": [1, 2, 32, 64, 64, 64], \"stride\": [16777216, 8388608, 262144, 4096, 64, 1]}, \"heatmap0\": {\"device\": \"cuda:0\", \"dtype\": \"torch.float32\", \"numel\": 262144, \"shape\": [1, 1, 64, 64, 64], \"stride\": [262144, 262144, 4096, 64, 1]}, \"input\": {\"device\": \"cuda:0\", \"dtype\": \"torch.float32\", \"numel\": 524288, \"shape\": [1, 2, 64, 64, 64], \"stride\": [524288, 262144, 4096, 1, 64]}, \"pass\": 6, \"role\": \"secondary\"}, {\"feature\": {\"device\": \"cuda:0\", \"dtype\": \"torch.float32\", \"numel\": 16777216, \"shape\": [1, 2, 32, 64, 64, 64], \"stride\": [16777216, 8388608, 262144, 4096, 64, 1]}, \"heatmap0\": {\"device\": \"cuda:0\", \"dtype\": \"torch.float32\", \"numel\": 262144, \"shape\": [1, 1, 64, 64, 64], \"stride\": [262144, 262144, 4096, 64, 1]}, \"input\": {\"device\": \"cuda:0\", \"dtype\": \"torch.float32\", \"numel\": 524288, \"shape\": [1, 2, 64, 64, 64], \"stride\": [524288, 262144, 4096, 1, 64]}, \"pass\": 7, \"role\": \"secondary\"}, {\"feature\": {\"device\": \"cuda:0\", \"dtype\": \"torch.float32\", \"numel\": 16777216, \"shape\": [1, 2, 32, 64, 64, 64], \"stride\": [16777216, 8388608, 262144, 4096, 64, 1]}, \"heatmap0\": {\"device\": \"cuda:0\", \"dtype\": \"torch.float32\", \"numel\": 262144, \"shape\": [1, 1, 64, 64, 64], \"stride\": [262144, 262144, 4096, 64, 1]}, \"input\": {\"device\": \"cuda:0\", \"dtype\": \"torch.float32\", \"numel\": 524288, \"shape\": [1, 2, 64, 64, 64], \"stride\": [524288, 262144, 4096, 1, 64]}, \"pass\": 8, \"role\": \"secondary\"}], \"event\": \"actual_predictor_window\", \"frames\": [0, 1], \"input\": {\"all_finite\": true, \"device\": \"cuda:0\", \"dtype\": \"torch.float32\", \"numel\": 524288, \"shape\": [1, 2, 64, 64, 64], \"stride\": [524288, 262144, 4096, 64, 1]}, \"input_parent\": \"/kaggle/input/competitions/biohub-cell-tracking-during-development/train\", \"seconds_including_common_audit\": 2.011218353000004, \"window_index\": 1, \"worker_execution_settings\": {\"autocast_enabled\": false, \"cuda_runtime\": \"12.8\", \"cudnn_allow_tf32\": true, \"cudnn_benchmark\": false, \"cudnn_deterministic\": false, \"default_dtype\": \"torch.float32\", \"deterministic_algorithms\": false, \"float32_matmul_precision\": \"highest\", \"gpu_name\": \"Tesla T4\", \"grad_enabled\": false, \"matmul_allow_tf32\": false, \"torch_initial_seed\": 1326939678888861713, \"torch_version\": \"2.10.0+cu128\"}}\n"}
,{"stream_name":"stdout","time":1958.232418983,"data":"EDGE_TTA_ACTIVE views= 8 mean_abs_feat_delta= 0.301682\n"}
,{"stream_name":"stdout","time":1958.232487769,"data":"PUBLIC946_GPU_SMOKE {\"arm\": \"C1\", \"association\": {\"actual_primary_logits_after_original_harmonic_fusion\": {\"all_finite\": true, \"device\": \"cuda:0\", \"dtype\": \"torch.float32\", \"numel\": 21456, \"shape\": [1, 149, 144], \"stride\": [21456, 144, 1]}, \"actual_secondary_feature_consumed\": true, \"actual_secondary_logits\": {\"all_finite\": true, \"device\": \"cuda:0\", \"dtype\": \"torch.float32\", \"numel\": 21456, \"shape\": [1, 149, 144], \"stride\": [21456, 144, 1]}, \"coordinate_grid\": {\"downsample\": [1.0, 4.0, 4.0], \"source\": {\"device\": \"cuda:0\", \"dtype\": \"torch.float32\", \"numel\": 447, \"shape\": [1, 149, 3], \"stride\": [149, 1, 149]}, \"target\": {\"device\": \"cuda:0\", \"dtype\": \"torch.float32\", \"numel\": 432, \"shape\": [1, 144, 3], \"stride\": [144, 1, 144]}}, \"diagnostic_edge_head_calls\": 1, \"diagnostic_encoder_calls\": 0, \"diagnostic_probabilities_used_in_production\": false, \"diagnostic_seconds\": 0.010019895999903383, \"frame_pair_index\": 0, \"primary_source_sampled_features\": {\"all_finite\": true, \"device\": \"cuda:0\", \"dtype\": \"torch.float32\", \"numel\": 4768, \"shape\": [1, 149, 32], \"stride\": [4768, 32, 1]}, \"primary_target_sampled_features\": {\"all_finite\": true, \"device\": \"cuda:0\", \"dtype\": \"torch.float32\", \"numel\": 4608, \"shape\": [1, 144, 32], \"stride\": [4608, 32, 1]}, \"probability_comparison_stage\": \"secondary edge-head softmax over parents, before original calibration and low-margin mixing\", \"probability_delta_vs_single_pass_same_coordinates\": {\"sample_elements\": 21456, \"sample_equal\": true, \"sample_max_abs_delta\": 0.0, \"sample_mean_abs_delta\": 0.0, \"sample_stride\": 1}, \"production_calls\": 1, \"same_low_margin_config\": {\"secondary_detection_weight\": 0.8, \"secondary_edge_weight\": 0.15, \"secondary_link_mode\": \"low_margin_consensus\"}, \"source_delta_vs_single_pass\": {\"sample_elements\": 4768, \"sample_equal\": true, \"sample_max_abs_delta\": 0.0, \"sample_mean_abs_delta\": 0.0, \"sample_stride\": 1}, \"source_sampled_features\": {\"all_finite\": true, \"device\": \"cuda:0\", \"dtype\": \"torch.float32\", \"numel\": 4768, \"shape\": [1, 149, 32], \"stride\": [4768, 32, 1]}, \"target_delta_vs_single_pass\": {\"sample_elements\": 4608, \"sample_equal\": true, \"sample_max_abs_delta\": 0.0, \"sample_mean_abs_delta\": 0.0, \"sample_stride\": 1}, \"target_sampled_features\": {\"all_finite\": true, \"device\": \"cuda:0\", \"dtype\": \"torch.float32\", \"numel\": 4608, \"shape\": [1, 144, 32], \"stride\": [4608, 32, 1]}}, \"association_calls\": 1, \"config\": {\"secondary_detection_weight\": 0.8, \"secondary_edge_weight\": 0.15, \"secondary_link_mode\": \"low_margin_consensus\"}, \"consumed_features\": {\"primary\": {\"all_finite\": true, \"delta_vs_single_pass\": {\"sample_elements\": 65536, \"sample_equal\": false, \"sample_max_abs_delta\": 1.8783334493637085, \"sample_mean_abs_delta\": 0.3336215615272522, \"sample_stride\": 256}, \"device\": \"cuda:0\", \"dtype\": \"torch.float32\", \"numel\": 16777216, \"original_encoded_feature_sample_unchanged\": true, \"same_storage_as_original\": false, \"shape\": [1, 2, 32, 64, 64, 64], \"single_pass\": {\"device\": \"cuda:0\", \"dtype\": \"torch.float32\", \"numel\": 16777216, \"shape\": [1, 2, 32, 64, 64, 64], \"stride\": [16777216, 8388608, 262144, 4096, 64, 1]}, \"stride\": [16777216, 8388608, 262144, 4096, 64, 1]}, \"secondary\": {\"all_finite\": true, \"delta_vs_single_pass\": {\"sample_elements\": 65536, \"sample_equal\": true, \"sample_max_abs_delta\": 0.0, \"sample_mean_abs_delta\": 0.0, \"sample_stride\": 256}, \"device\": \"cuda:0\", \"dtype\": \"torch.float32\", \"numel\": 16777216, \"original_encoded_feature_sample_unchanged\": true, \"same_storage_as_original\": true, \"shape\": [1, 2, 32, 64, 64, 64], \"single_pass\": {\"device\": \"cuda:0\", \"dtype\": \"torch.float32\", \"numel\": 16777216, \"shape\": [1, 2, 32, 64, 64, 64], \"stride\": [16777216, 8388608, 262144, 4096, 64, 1]}, \"stride\": [16777216, 8388608, 262144, 4096, 64, 1]}}, \"consumed_heatmaps\": [{\"all_finite\": true, \"device\": \"cuda:0\", \"dtype\": \"torch.float32\", \"numel\": 262144, \"shape\": [1, 1, 64, 64, 64], \"stride\": [262144, 262144, 4096, 64, 1]}, {\"all_finite\": true, \"device\": \"cuda:0\", \"dtype\": \"torch.float32\", \"numel\": 262144, \"shape\": [1, 1, 64, 64, 64], \"stride\": [262144, 262144, 4096, 64, 1]}], \"cuda_peak_allocated_bytes_process\": 728221696, \"cuda_peak_reserved_bytes_process\": 981467136, \"dataset\": \"6bba_085bf656\", \"encode_calls\": {\"primary\": 8, \"secondary\": 8}, \"encode_seconds\": {\"primary\": 1.0034640809994926, \"secondary\": 0.937642753000091}, \"encode_views\": [{\"feature\": {\"device\": \"cuda:0\", \"dtype\": \"torch.float32\", \"numel\": 16777216, \"shape\": [1, 2, 32, 64, 64, 64], \"stride\": [16777216, 8388608, 262144, 4096, 64, 1]}, \"heatmap0\": {\"device\": \"cuda:0\", \"dtype\": \"torch.float32\", \"numel\": 262144, \"shape\": [1, 1, 64, 64, 64], \"stride\": [262144, 262144, 4096, 64, 1]}, \"input\": {\"device\": \"cuda:0\", \"dtype\": \"torch.float32\", \"numel\": 524288, \"shape\": [1, 2, 64, 64, 64], \"stride\": [524288, 262144, 4096, 64, 1]}, \"pass\": 1, \"role\": \"primary\"}, {\"feature\": {\"device\": \"cuda:0\", \"dtype\": \"torch.float32\", \"numel\": 16777216, \"shape\": [1, 2, 32, 64, 64, 64], \"stride\": [16777216, 8388608, 262144, 4096, 64, 1]}, \"heatmap0\": {\"device\": \"cuda:0\", \"dtype\": \"torch.float32\", \"numel\": 262144, \"shape\": [1, 1, 64, 64, 64], \"stride\": [262144, 262144, 4096, 64, 1]}, \"input\": {\"device\": \"cuda:0\", \"dtype\": \"torch.float32\", \"numel\": 524288, \"shape\": [1, 2, 64, 64, 64], \"stride\": [524288, 262144, 4096, 64, 1]}, \"pass\": 2, \"role\": \"primary\"}, {\"feature\": {\"device\": \"cuda:0\", \"dtype\": \"torch.float32\", \"numel\": 16777216, \"shape\": [1, 2, 32, 64, 64, 64], \"stride\": [16777216, 8388608, 262144, 4096, 64, 1]}, \"heatmap0\": {\"device\": \"cuda:0\", \"dtype\": \"torch.float32\", \"numel\": 262144, \"shape\": [1, 1, 64, 64, 64], \"stride\": [262144, 262144, 4096, 64, 1]}, \"input\": {\"device\": \"cuda:0\", \"dtype\": \"torch.float32\", \"numel\": 524288, \"shape\": [1, 2, 64, 64, 64], \"stride\": [524288, 262144, 4096, 64, 1]}, \"pass\": 3, \"role\": \"primary\"}, {\"feature\": {\"device\": \"cuda:0\", \"dtype\": \"torch.float32\", \"numel\": 16777216, \"shape\": [1, 2, 32, 64, 64, 64], \"stride\": [16777216, 8388608, 262144, 4096, 64, 1]}, \"heatmap0\": {\"device\": \"cuda:0\", \"dtype\": \"torch.float32\", \"numel\": 262144, \"shape\": [1, 1, 64, 64, 64], \"stride\": [262144, 262144, 4096, 64, 1]}, \"input\": {\"device\": \"cuda:0\", \"dtype\": \"torch.float32\", \"numel\": 524288, \"shape\": [1, 2, 64, 64, 64], \"stride\": [524288, 262144, 4096, 64, 1]}, \"pass\": 4, \"role\": \"primary\"}, {\"feature\": {\"device\": \"cuda:0\", \"dtype\": \"torch.float32\", \"numel\": 16777216, \"shape\": [1, 2, 32, 64, 64, 64], \"stride\": [16777216, 8388608, 262144, 4096, 64, 1]}, \"heatmap0\": {\"device\": \"cuda:0\", \"dtype\": \"torch.float32\", \"numel\": 262144, \"shape\": [1, 1, 64, 64, 64], \"stride\": [262144, 262144, 4096, 64, 1]}, \"input\": {\"device\": \"cuda:0\", \"dtype\": \"torch.float32\", \"numel\": 524288, \"shape\": [1, 2, 64, 64, 64], \"stride\": [524288, 262144, 4096, 1, 64]}, \"pass\": 5, \"role\": \"primary\"}, {\"feature\": {\"device\": \"cuda:0\", \"dtype\": \"torch.float32\", \"numel\": 16777216, \"shape\": [1, 2, 32, 64, 64, 64], \"stride\": [16777216, 8388608, 262144, 4096, 64, 1]}, \"heatmap0\": {\"device\": \"cuda:0\", \"dtype\": \"torch.float32\", \"numel\": 262144, \"shape\": [1, 1, 64, 64, 64], \"stride\": [262144, 262144, 4096, 64, 1]}, \"input\": {\"device\": \"cuda:0\", \"dtype\": \"torch.float32\", \"numel\": 524288, \"shape\": [1, 2, 64, 64, 64], \"stride\": [524288, 262144, 4096, 1, 64]}, \"pass\": 6, \"role\": \"primary\"}, {\"feature\": {\"device\": \"cuda:0\", \"dtype\": \"torch.float32\", \"numel\": 16777216, \"shape\": [1, 2, 32, 64, 64, 64], \"stride\": [16777216, 8388608, 262144, 4096, 64, 1]}, \"heatmap0\": {\"device\": \"cuda:0\", \"dtype\": \"torch.float32\", \"numel\": 262144, \"shape\": [1, 1, 64, 64, 64], \"stride\": [262144, 262144, 4096, 64, 1]}, \"input\": {\"device\": \"cuda:0\", \"dtype\": \"torch.float32\", \"numel\": 524288, \"shape\": [1, 2, 64, 64, 64], \"stride\": [524288, 262144, 4096, 1, 64]}, \"pass\": 7, \"role\": \"primary\"}, {\"feature\": {\"device\": \"cuda:0\", \"dtype\": \"torch.float32\", \"numel\": 16777216, \"shape\": [1, 2, 32, 64, 64, 64], \"stride\": [16777216, 8388608, 262144, 4096, 64, 1]}, \"heatmap0\": {\"device\": \"cuda:0\", \"dtype\": \"torch.float32\", \"numel\": 262144, \"shape\": [1, 1, 64, 64, 64], \"stride\": [262144, 262144, 4096, 64, 1]}, \"input\": {\"device\": \"cuda:0\", \"dtype\": \"torch.float32\", \"numel\": 524288, \"shape\": [1, 2, 64, 64, 64], \"stride\": [524288, 262144, 4096, 1, 64]}, \"pass\": 8, \"role\": \"primary\"}, {\"feature\": {\"device\": \"cuda:0\", \"dtype\": \"torch.float32\", \"numel\": 16777216, \"shape\": [1, 2, 32, 64, 64, 64], \"stride\": [16777216, 8388608, 262144, 4096, 64, 1]}, \"heatmap0\": {\"device\": \"cuda:0\", \"dtype\": \"torch.float32\", \"numel\": 262144, \"shape\": [1, 1, 64, 64, 64], \"stride\": [262144, 262144, 4096, 64, 1]}, \"input\": {\"device\": \"cuda:0\", \"dtype\": \"torch.float32\", \"numel\": 524288, \"shape\": [1, 2, 64, 64, 64], \"stride\": [524288, 262144, 4096, 64, 1]}, \"pass\": 1, \"role\": \"secondary\"}, {\"feature\": {\"device\": \"cuda:0\", \"dtype\": \"torch.float32\", \"numel\": 16777216, \"shape\": [1, 2, 32, 64, 64, 64], \"stride\": [16777216, 8388608, 262144, 4096, 64, 1]}, \"heatmap0\": {\"device\": \"cuda:0\", \"dtype\": \"torch.float32\", \"numel\": 262144, \"shape\": [1, 1, 64, 64, 64], \"stride\": [262144, 262144, 4096, 64, 1]}, \"input\": {\"device\": \"cuda:0\", \"dtype\": \"torch.float32\", \"numel\": 524288, \"shape\": [1, 2, 64, 64, 64], \"stride\": [524288, 262144, 4096, 64, 1]}, \"pass\": 2, \"role\": \"secondary\"}, {\"feature\": {\"device\": \"cuda:0\", \"dtype\": \"torch.float32\", \"numel\": 16777216, \"shape\": [1, 2, 32, 64, 64, 64], \"stride\": [16777216, 8388608, 262144, 4096, 64, 1]}, \"heatmap0\": {\"device\": \"cuda:0\", \"dtype\": \"torch.float32\", \"numel\": 262144, \"shape\": [1, 1, 64, 64, 64], \"stride\": [262144, 262144, 4096, 64, 1]}, \"input\": {\"device\": \"cuda:0\", \"dtype\": \"torch.float32\", \"numel\": 524288, \"shape\": [1, 2, 64, 64, 64], \"stride\": [524288, 262144, 4096, 64, 1]}, \"pass\": 3, \"role\": \"secondary\"}, {\"feature\": {\"device\": \"cuda:0\", \"dtype\": \"torch.float32\", \"numel\": 16777216, \"shape\": [1, 2, 32, 64, 64, 64], \"stride\": [16777216, 8388608, 262144, 4096, 64, 1]}, \"heatmap0\": {\"device\": \"cuda:0\", \"dtype\": \"torch.float32\", \"numel\": 262144, \"shape\": [1, 1, 64, 64, 64], \"stride\": [262144, 262144, 4096, 64, 1]}, \"input\": {\"device\": \"cuda:0\", \"dtype\": \"torch.float32\", \"numel\": 524288, \"shape\": [1, 2, 64, 64, 64], \"stride\": [524288, 262144, 4096, 64, 1]}, \"pass\": 4, \"role\": \"secondary\"}, {\"feature\": {\"device\": \"cuda:0\", \"dtype\": \"torch.float32\", \"numel\": 16777216, \"shape\": [1, 2, 32, 64, 64, 64], \"stride\": [16777216, 8388608, 262144, 4096, 64, 1]}, \"heatmap0\": {\"device\": \"cuda:0\", \"dtype\": \"torch.float32\", \"numel\": 262144, \"shape\": [1, 1, 64, 64, 64], \"stride\": [262144, 262144, 4096, 64, 1]}, \"input\": {\"device\": \"cuda:0\", \"dtype\": \"torch.float32\", \"numel\": 524288, \"shape\": [1, 2, 64, 64, 64], \"stride\": [524288, 262144, 4096, 1, 64]}, \"pass\": 5, \"role\": \"secondary\"}, {\"feature\": {\"device\": \"cuda:0\", \"dtype\": \"torch.float32\", \"numel\": 16777216, \"shape\": [1, 2, 32, 64, 64, 64], \"stride\": [16777216, 8388608, 262144, 4096, 64, 1]}, \"heatmap0\": {\"device\": \"cuda:0\", \"dtype\": \"torch.float32\", \"numel\": 262144, \"shape\": [1, 1, 64, 64, 64], \"stride\": [262144, 262144, 4096, 64, 1]}, \"input\": {\"device\": \"cuda:0\", \"dtype\": \"torch.float32\", \"numel\": 524288, \"shape\": [1, 2, 64, 64, 64], \"stride\": [524288, 262144, 4096, 1, 64]}, \"pass\": 6, \"role\": \"secondary\"}, {\"feature\": {\"device\": \"cuda:0\", \"dtype\": \"torch.float32\", \"numel\": 16777216, \"shape\": [1, 2, 32, 64, 64, 64], \"stride\": [16777216, 8388608, 262144, 4096, 64, 1]}, \"heatmap0\": {\"device\": \"cuda:0\", \"dtype\": \"torch.float32\", \"numel\": 262144, \"shape\": [1, 1, 64, 64, 64], \"stride\": [262144, 262144, 4096, 64, 1]}, \"input\": {\"device\": \"cuda:0\", \"dtype\": \"torch.float32\", \"numel\": 524288, \"shape\": [1, 2, 64, 64, 64], \"stride\": [524288, 262144, 4096, 1, 64]}, \"pass\": 7, \"role\": \"secondary\"}, {\"feature\": {\"device\": \"cuda:0\", \"dtype\": \"torch.float32\", \"numel\": 16777216, \"shape\": [1, 2, 32, 64, 64, 64], \"stride\": [16777216, 8388608, 262144, 4096, 64, 1]}, \"heatmap0\": {\"device\": \"cuda:0\", \"dtype\": \"torch.float32\", \"numel\": 262144, \"shape\": [1, 1, 64, 64, 64], \"stride\": [262144, 262144, 4096, 64, 1]}, \"input\": {\"device\": \"cuda:0\", \"dtype\": \"torch.float32\", \"numel\": 524288, \"shape\": [1, 2, 64, 64, 64], \"stride\": [524288, 262144, 4096, 1, 64]}, \"pass\": 8, \"role\": \"secondary\"}], \"event\": \"actual_predictor_window\", \"frames\": [0, 1], \"input\": {\"all_finite\": true, \"device\": \"cuda:0\", \"dtype\": \"torch.float32\", \"numel\": 524288, \"shape\": [1, 2, 64, 64, 64], \"stride\": [524288, 262144, 4096, 64, 1]}, \"input_parent\": \"/kaggle/input/competitions/biohub-cell-tracking-during-development/train\", \"seconds_including_common_audit\": 2.011218353000004, \"window_index\": 1, \"worker_execution_settings\": {\"autocast_enabled\": false, \"cuda_runtime\": \"12.8\", \"cudnn_allow_tf32\": true, \"cudnn_benchmark\": false, \"cudnn_deterministic\": false, \"default_dtype\": \"torch.float32\", \"deterministic_algorithms\": false, \"float32_matmul_precision\": \"highest\", \"gpu_name\": \"Tesla T4\", \"grad_enabled\": false, \"matmul_allow_tf32\": false, \"torch_initial_seed\": 1326939678888861713, \"torch_version\": \"2.10.0+cu128\"}}\n"}
,{"stream_name":"stdout","time":1959.024902722,"data":"EDGE_TTA_ACTIVE views= 8 mean_abs_feat_delta= 0.344857\n"}
,{"stream_name":"stdout","time":1959.227357846,"data":"EDGE_TTA_ACTIVE views= 8 mean_abs_feat_delta= 0.344857\n"}
,{"stream_name":"stdout","time":1959.983042755,"data":"EDGE_TTA_ACTIVE views= 8 mean_abs_feat_delta= 0.299208\n"}
,{"stream_name":"stdout","time":1960.185467827,"data":"EDGE_TTA_ACTIVE views= 8 mean_abs_feat_delta= 0.299208\n"}
,{"stream_name":"stdout","time":1961.058144184,"data":"EDGE_TTA_ACTIVE views= 8 mean_abs_feat_delta= 0.347777\n"}
,{"stream_name":"stdout","time":1961.260654037,"data":"EDGE_TTA_ACTIVE views= 8 mean_abs_feat_delta= 0.347777\n"}
,{"stream_name":"stdout","time":1962.011661431,"data":"EDGE_TTA_ACTIVE views= 8 mean_abs_feat_delta= 0.301282\n"}
,{"stream_name":"stdout","time":1962.213788111,"data":"EDGE_TTA_ACTIVE views= 8 mean_abs_feat_delta= 0.301282\n"}
,{"stream_name":"stdout","time":1963.08178214,"data":"EDGE_TTA_ACTIVE views= 8 mean_abs_feat_delta= 0.348916\n"}
,{"stream_name":"stdout","time":1963.284017566,"data":"EDGE_TTA_ACTIVE views= 8 mean_abs_feat_delta= 0.348916\n"}
,{"stream_name":"stdout","time":1964.123240152,"data":"EDGE_TTA_ACTIVE views= 8 mean_abs_feat_delta= 0.297455\n"}
,{"stream_name":"stdout","time":1964.325765224,"data":"EDGE_TTA_ACTIVE views= 8 mean_abs_feat_delta= 0.297455\n"}
,{"stream_name":"stdout","time":1965.116193762,"data":"EDGE_TTA_ACTIVE views= 8 mean_abs_feat_delta= 0.346242\n"}
,{"stream_name":"stdout","time":1965.319156168,"data":"EDGE_TTA_ACTIVE views= 8 mean_abs_feat_delta= 0.346242\n"}
,{"stream_name":"stdout","time":1966.250959308,"data":"EDGE_TTA_ACTIVE views= 8 mean_abs_feat_delta= 0.298765\n"}
,{"stream_name":"stdout","time":1966.453360883,"data":"EDGE_TTA_ACTIVE views= 8 mean_abs_feat_delta= 0.298765\n"}
,{"stream_name":"stdout","time":1967.121488712,"data":"EDGE_TTA_ACTIVE views= 8 mean_abs_feat_delta= 0.346675\n"}
,{"stream_name":"stdout","time":1967.323728109,"data":"EDGE_TTA_ACTIVE views= 8 mean_abs_feat_delta= 0.346675\n"}
,{"stream_name":"stdout","time":1968.380129665,"data":"EDGE_TTA_ACTIVE views= 8 mean_abs_feat_delta= 0.297737\n"}
,{"stream_name":"stdout","time":1968.582712051,"data":"EDGE_TTA_ACTIVE views= 8 mean_abs_feat_delta= 0.297737\n"}
,{"stream_name":"stdout","time":1969.130769838,"data":"EDGE_TTA_ACTIVE views= 8 mean_abs_feat_delta= 0.347928\n"}
,{"stream_name":"stdout","time":1969.333438898,"data":"EDGE_TTA_ACTIVE views= 8 mean_abs_feat_delta= 0.347928\n"}
,{"stream_name":"stdout","time":1970.505421628,"data":"EDGE_TTA_ACTIVE views= 8 mean_abs_feat_delta= 0.296358\n"}
,{"stream_name":"stdout","time":1970.707642156,"data":"EDGE_TTA_ACTIVE views= 8 mean_abs_feat_delta= 0.296358\n"}
,{"stream_name":"stdout","time":1971.20279797,"data":"EDGE_TTA_ACTIVE views= 8 mean_abs_feat_delta= 0.340607\n"}
,{"stream_name":"stdout","time":1971.40512694,"data":"EDGE_TTA_ACTIVE views= 8 mean_abs_feat_delta= 0.340607\n"}
,{"stream_name":"stdout","time":1972.607620434,"data":"EDGE_TTA_ACTIVE views= 8 mean_abs_feat_delta= 0.296921\n"}
,{"stream_name":"stdout","time":1972.810151661,"data":"EDGE_TTA_ACTIVE views= 8 mean_abs_feat_delta= 0.296921\n"}
,{"stream_name":"stdout","time":1973.198605596,"data":"EDGE_TTA_ACTIVE views= 8 mean_abs_feat_delta= 0.342988\n"}
,{"stream_name":"stdout","time":1973.401007697,"data":"EDGE_TTA_ACTIVE views= 8 mean_abs_feat_delta= 0.342988\n"}
,{"stream_name":"stdout","time":1974.71338996,"data":"EDGE_TTA_ACTIVE views= 8 mean_abs_feat_delta= 0.297858\n"}
,{"stream_name":"stdout","time":1974.915800158,"data":"EDGE_TTA_ACTIVE views= 8 mean_abs_feat_delta= 0.297858\n"}
,{"stream_name":"stdout","time":1975.235093674,"data":"EDGE_TTA_ACTIVE views= 8 mean_abs_feat_delta= 0.352131\n"}
,{"stream_name":"stdout","time":1975.437906146,"data":"EDGE_TTA_ACTIVE views= 8 mean_abs_feat_delta= 0.352131\n"}
,{"stream_name":"stdout","time":1976.819187895,"data":"EDGE_TTA_ACTIVE views= 8 mean_abs_feat_delta= 0.294055\n"}
,{"stream_name":"stdout","time":1977.021295101,"data":"EDGE_TTA_ACTIVE views= 8 mean_abs_feat_delta= 0.294055\n"}
,{"stream_name":"stdout","time":1977.284308725,"data":"EDGE_TTA_ACTIVE views= 8 mean_abs_feat_delta= 0.349199\n"}
,{"stream_name":"stdout","time":1977.486706882,"data":"EDGE_TTA_ACTIVE views= 8 mean_abs_feat_delta= 0.349199\n"}
,{"stream_name":"stdout","time":1978.923842256,"data":"EDGE_TTA_ACTIVE views= 8 mean_abs_feat_delta= 0.285438\n"}
,{"stream_name":"stdout","time":1979.126358943,"data":"EDGE_TTA_ACTIVE views= 8 mean_abs_feat_delta= 0.285438\n"}
,{"stream_name":"stdout","time":1979.36576825,"data":"EDGE_TTA_ACTIVE views= 8 mean_abs_feat_delta= 0.348478\n"}
,{"stream_name":"stdout","time":1979.568027029,"data":"EDGE_TTA_ACTIVE views= 8 mean_abs_feat_delta= 0.348478\n"}
,{"stream_name":"stdout","time":1981.029450581,"data":"EDGE_TTA_ACTIVE views= 8 mean_abs_feat_delta= 0.293451\n"}
,{"stream_name":"stdout","time":1981.231968501,"data":"EDGE_TTA_ACTIVE views= 8 mean_abs_feat_delta= 0.293451\n"}
,{"stream_name":"stdout","time":1981.435845463,"data":"EDGE_TTA_ACTIVE views= 8 mean_abs_feat_delta= 0.347129\n"}
,{"stream_name":"stdout","time":1981.63929085,"data":"EDGE_TTA_ACTIVE views= 8 mean_abs_feat_delta= 0.347129\n"}
,{"stream_name":"stdout","time":1983.134575897,"data":"EDGE_TTA_ACTIVE views= 8 mean_abs_feat_delta= 0.296442\n"}
,{"stream_name":"stdout","time":1983.337056174,"data":"EDGE_TTA_ACTIVE views= 8 mean_abs_feat_delta= 0.296442\n"}
,{"stream_name":"stdout","time":1983.439700678,"data":"EDGE_TTA_ACTIVE views= 8 mean_abs_feat_delta= 0.351163\n"}
,{"stream_name":"stdout","time":1983.64218442,"data":"EDGE_TTA_ACTIVE views= 8 mean_abs_feat_delta= 0.351163\n"}
,{"stream_name":"stdout","time":1985.179237651,"data":"EDGE_TTA_ACTIVE views= 8 mean_abs_feat_delta= 0.297131\n"}
,{"stream_name":"stdout","time":1985.381682886,"data":"EDGE_TTA_ACTIVE views= 8 mean_abs_feat_delta= 0.297131\n"}
,{"stream_name":"stdout","time":1985.486342248,"data":"EDGE_TTA_ACTIVE views= 8 mean_abs_feat_delta= 0.35056\n"}
,{"stream_name":"stdout","time":1985.688781968,"data":"EDGE_TTA_ACTIVE views= 8 mean_abs_feat_delta= 0.35056\n"}
,{"stream_name":"stdout","time":1987.304333435,"data":"EDGE_TTA_ACTIVE views= 8 mean_abs_feat_delta= 0.300357\n"}
,{"stream_name":"stdout","time":1987.50669451,"data":"EDGE_TTA_ACTIVE views= 8 mean_abs_feat_delta= 0.300357\n"}
,{"stream_name":"stdout","time":1987.532326969,"data":"EDGE_TTA_ACTIVE views= 8 mean_abs_feat_delta= 0.347001\n"}
,{"stream_name":"stdout","time":1987.734893538,"data":"EDGE_TTA_ACTIVE views= 8 mean_abs_feat_delta= 0.347001\n"}
,{"stream_name":"stdout","time":1989.409980093,"data":"EDGE_TTA_ACTIVE views= 8 mean_abs_feat_delta= 0.302717\n"}
,{"stream_name":"stdout","time":1989.590564233,"data":"EDGE_TTA_ACTIVE views= 8 mean_abs_feat_delta= 0.346384\n"}
,{"stream_name":"stdout","time":1989.697620578,"data":"EDGE_TTA_ACTIVE views= 8 mean_abs_feat_delta= 0.302717\n"}
,{"stream_name":"stdout","time":1989.697646152,"data":"EDGE_TTA_ACTIVE views= 8 mean_abs_feat_delta= 0.346384\n"}
,{"stream_name":"stdout","time":1991.475488279,"data":"EDGE_TTA_ACTIVE views= 8 mean_abs_feat_delta= 0.300693\n"}
,{"stream_name":"stdout","time":1991.642276532,"data":"EDGE_TTA_ACTIVE views= 8 mean_abs_feat_delta= 0.353109\n"}
,{"stream_name":"stdout","time":1991.677742341,"data":"EDGE_TTA_ACTIVE views= 8 mean_abs_feat_delta= 0.300693\n"}
,{"stream_name":"stdout","time":1991.677768594,"data":"EDGE_TTA_ACTIVE views= 8 mean_abs_feat_delta= 0.353109\n"}
,{"stream_name":"stdout","time":1993.543554965,"data":"EDGE_TTA_ACTIVE views= 8 mean_abs_feat_delta= 0.301386\n"}
,{"stream_name":"stdout","time":1993.654976568,"data":"EDGE_TTA_ACTIVE views= 8 mean_abs_feat_delta= 0.354048\n"}
,{"stream_name":"stdout","time":1993.74591444,"data":"EDGE_TTA_ACTIVE views= 8 mean_abs_feat_delta= 0.301386\n"}
,{"stream_name":"stdout","time":1993.74594164,"data":"EDGE_TTA_ACTIVE views= 8 mean_abs_feat_delta= 0.354048\n"}
,{"stream_name":"stdout","time":1995.626753059,"data":"EDGE_TTA_ACTIVE views= 8 mean_abs_feat_delta= 0.292866\n"}
,{"stream_name":"stdout","time":1995.698355968,"data":"EDGE_TTA_ACTIVE views= 8 mean_abs_feat_delta= 0.35461\n"}
,{"stream_name":"stdout","time":1995.829342912,"data":"EDGE_TTA_ACTIVE views= 8 mean_abs_feat_delta= 0.292866\n"}
,{"stream_name":"stdout","time":1995.829424404,"data":"EDGE_TTA_ACTIVE views= 8 mean_abs_feat_delta= 0.35461\n"}
,{"stream_name":"stdout","time":1997.711704326,"data":"EDGE_TTA_ACTIVE views= 8 mean_abs_feat_delta= 0.298866\n"}
,{"stream_name":"stdout","time":1997.744506165,"data":"EDGE_TTA_ACTIVE views= 8 mean_abs_feat_delta= 0.352031\n"}
,{"stream_name":"stdout","time":1997.914139446,"data":"EDGE_TTA_ACTIVE views= 8 mean_abs_feat_delta= 0.298866\n"}
,{"stream_name":"stdout","time":1997.91420085,"data":"EDGE_TTA_ACTIVE views= 8 mean_abs_feat_delta= 0.352031\n"}
,{"stream_name":"stdout","time":1999.787039598,"data":"EDGE_TTA_ACTIVE views= 8 mean_abs_feat_delta= 0.346927\n"}
,{"stream_name":"stdout","time":1999.821058852,"data":"EDGE_TTA_ACTIVE views= 8 mean_abs_feat_delta= 0.300729\n"}
,{"stream_name":"stdout","time":1999.989500711,"data":"EDGE_TTA_ACTIVE views= 8 mean_abs_feat_delta= 0.346927\n"}
,{"stream_name":"stdout","time":1999.989530701,"data":"EDGE_TTA_ACTIVE views= 8 mean_abs_feat_delta= 0.300729\n"}
,{"stream_name":"stdout","time":2001.836009181,"data":"EDGE_TTA_ACTIVE views= 8 mean_abs_feat_delta= 0.345966\n"}
,{"stream_name":"stdout","time":2001.88699461,"data":"EDGE_TTA_ACTIVE views= 8 mean_abs_feat_delta= 0.30098\n"}
,{"stream_name":"stdout","time":2002.03834531,"data":"EDGE_TTA_ACTIVE views= 8 mean_abs_feat_delta= 0.345966\n"}
,{"stream_name":"stdout","time":2002.038379079,"data":"EDGE_TTA_ACTIVE views= 8 mean_abs_feat_delta= 0.30098\n"}
,{"stream_name":"stdout","time":2003.832585912,"data":"EDGE_TTA_ACTIVE views= 8 mean_abs_feat_delta= 0.351988\n"}
,{"stream_name":"stdout","time":2003.970643855,"data":"EDGE_TTA_ACTIVE views= 8 mean_abs_feat_delta= 0.29381\n"}
,{"stream_name":"stdout","time":2004.035112914,"data":"EDGE_TTA_ACTIVE views= 8 mean_abs_feat_delta= 0.351988\n"}
,{"stream_name":"stdout","time":2004.03514353,"data":"EDGE_TTA_ACTIVE views= 8 mean_abs_feat_delta= 0.29381\n"}
,{"stream_name":"stdout","time":2005.871792942,"data":"EDGE_TTA_ACTIVE views= 8 mean_abs_feat_delta= 0.349765\n"}
,{"stream_name":"stdout","time":2006.074190388,"data":"EDGE_TTA_ACTIVE views= 8 mean_abs_feat_delta= 0.349765\n"}
,{"stream_name":"stdout","time":2006.076113366,"data":"EDGE_TTA_ACTIVE views= 8 mean_abs_feat_delta= 0.29355\n"}
,{"stream_name":"stdout","time":2006.278464151,"data":"EDGE_TTA_ACTIVE views= 8 mean_abs_feat_delta= 0.29355\n"}
,{"stream_name":"stdout","time":2007.909022265,"data":"EDGE_TTA_ACTIVE views= 8 mean_abs_feat_delta= 0.347205\n"}
,{"stream_name":"stdout","time":2008.111597113,"data":"EDGE_TTA_ACTIVE views= 8 mean_abs_feat_delta= 0.347205\n"}
,{"stream_name":"stdout","time":2008.163526844,"data":"EDGE_TTA_ACTIVE views= 8 mean_abs_feat_delta= 0.29521\n"}
,{"stream_name":"stdout","time":2008.365792224,"data":"EDGE_TTA_ACTIVE views= 8 mean_abs_feat_delta= 0.29521\n"}
,{"stream_name":"stdout","time":2009.9415074,"data":"EDGE_TTA_ACTIVE views= 8 mean_abs_feat_delta= 0.352159\n"}
,{"stream_name":"stdout","time":2010.144226022,"data":"EDGE_TTA_ACTIVE views= 8 mean_abs_feat_delta= 0.352159\n"}
,{"stream_name":"stdout","time":2010.227273835,"data":"EDGE_TTA_ACTIVE views= 8 mean_abs_feat_delta= 0.296542\n"}
,{"stream_name":"stdout","time":2010.429459028,"data":"EDGE_TTA_ACTIVE views= 8 mean_abs_feat_delta= 0.296542\n"}
,{"stream_name":"stdout","time":2011.977980022,"data":"EDGE_TTA_ACTIVE views= 8 mean_abs_feat_delta= 0.355146\n"}
,{"stream_name":"stdout","time":2012.180637476,"data":"EDGE_TTA_ACTIVE views= 8 mean_abs_feat_delta= 0.355146\n"}
,{"stream_name":"stdout","time":2012.313459392,"data":"EDGE_TTA_ACTIVE views= 8 mean_abs_feat_delta= 0.30133\n"}
,{"stream_name":"stdout","time":2012.51601301,"data":"EDGE_TTA_ACTIVE views= 8 mean_abs_feat_delta= 0.30133\n"}
,{"stream_name":"stdout","time":2014.011226725,"data":"EDGE_TTA_ACTIVE views= 8 mean_abs_feat_delta= 0.355632\n"}
,{"stream_name":"stdout","time":2014.21373248,"data":"EDGE_TTA_ACTIVE views= 8 mean_abs_feat_delta= 0.355632\n"}
,{"stream_name":"stdout","time":2014.379841468,"data":"EDGE_TTA_ACTIVE views= 8 mean_abs_feat_delta= 0.301611\n"}
,{"stream_name":"stdout","time":2014.582325949,"data":"EDGE_TTA_ACTIVE views= 8 mean_abs_feat_delta= 0.301611\n"}
,{"stream_name":"stdout","time":2016.007885021,"data":"EDGE_TTA_ACTIVE views= 8 mean_abs_feat_delta= 0.352957\n"}
,{"stream_name":"stdout","time":2016.210375147,"data":"EDGE_TTA_ACTIVE views= 8 mean_abs_feat_delta= 0.352957\n"}
,{"stream_name":"stdout","time":2016.488097031,"data":"EDGE_TTA_ACTIVE views= 8 mean_abs_feat_delta= 0.298483\n"}
,{"stream_name":"stdout","time":2016.690759122,"data":"EDGE_TTA_ACTIVE views= 8 mean_abs_feat_delta= 0.298483\n"}
,{"stream_name":"stdout","time":2018.108188728,"data":"EDGE_TTA_ACTIVE views= 8 mean_abs_feat_delta= 0.35174\n"}
,{"stream_name":"stdout","time":2018.310730067,"data":"EDGE_TTA_ACTIVE views= 8 mean_abs_feat_delta= 0.35174\n"}
,{"stream_name":"stdout","time":2018.570577739,"data":"EDGE_TTA_ACTIVE views= 8 mean_abs_feat_delta= 0.299487\n"}
,{"stream_name":"stdout","time":2018.773178349,"data":"EDGE_TTA_ACTIVE views= 8 mean_abs_feat_delta= 0.299487\n"}
,{"stream_name":"stdout","time":2020.088874348,"data":"EDGE_TTA_ACTIVE views= 8 mean_abs_feat_delta= 0.349272\n"}
,{"stream_name":"stdout","time":2020.376129322,"data":"EDGE_TTA_ACTIVE views= 8 mean_abs_feat_delta= 0.349272\n"}
,{"stream_name":"stdout","time":2020.679829905,"data":"EDGE_TTA_ACTIVE views= 8 mean_abs_feat_delta= 0.299982\n"}
,{"stream_name":"stdout","time":2020.882069382,"data":"EDGE_TTA_ACTIVE views= 8 mean_abs_feat_delta= 0.299982\n"}
,{"stream_name":"stdout","time":2022.100937406,"data":"EDGE_TTA_ACTIVE views= 8 mean_abs_feat_delta= 0.352204\n"}
,{"stream_name":"stdout","time":2022.30371381,"data":"EDGE_TTA_ACTIVE views= 8 mean_abs_feat_delta= 0.352204\n"}
,{"stream_name":"stdout","time":2022.752085133,"data":"EDGE_TTA_ACTIVE views= 8 mean_abs_feat_delta= 0.302759\n"}
,{"stream_name":"stdout","time":2022.954647351,"data":"EDGE_TTA_ACTIVE views= 8 mean_abs_feat_delta= 0.302759\n"}
,{"stream_name":"stdout","time":2024.102496208,"data":"EDGE_TTA_ACTIVE views= 8 mean_abs_feat_delta= 0.350453\n"}
,{"stream_name":"stdout","time":2024.304825945,"data":"EDGE_TTA_ACTIVE views= 8 mean_abs_feat_delta= 0.350453\n"}
,{"stream_name":"stdout","time":2024.840255183,"data":"EDGE_TTA_ACTIVE views= 8 mean_abs_feat_delta= 0.297753\n"}
,{"stream_name":"stdout","time":2025.042609197,"data":"EDGE_TTA_ACTIVE views= 8 mean_abs_feat_delta= 0.297753\n"}
,{"stream_name":"stdout","time":2026.06929739,"data":"EDGE_TTA_ACTIVE views= 8 mean_abs_feat_delta= 0.352256\n"}
,{"stream_name":"stdout","time":2026.271937955,"data":"EDGE_TTA_ACTIVE views= 8 mean_abs_feat_delta= 0.352256\n"}
,{"stream_name":"stdout","time":2026.9269144,"data":"EDGE_TTA_ACTIVE views= 8 mean_abs_feat_delta= 0.288645\n"}
,{"stream_name":"stdout","time":2027.129281774,"data":"EDGE_TTA_ACTIVE views= 8 mean_abs_feat_delta= 0.288645\n"}
,{"stream_name":"stdout","time":2028.101998901,"data":"EDGE_TTA_ACTIVE views= 8 mean_abs_feat_delta= 0.347362\n"}
,{"stream_name":"stdout","time":2028.30431576,"data":"EDGE_TTA_ACTIVE views= 8 mean_abs_feat_delta= 0.347362\n"}
,{"stream_name":"stdout","time":2029.01498009,"data":"EDGE_TTA_ACTIVE views= 8 mean_abs_feat_delta= 0.295942\n"}
,{"stream_name":"stdout","time":2029.217496987,"data":"EDGE_TTA_ACTIVE views= 8 mean_abs_feat_delta= 0.295942\n"}
,{"stream_name":"stdout","time":2030.103367587,"data":"EDGE_TTA_ACTIVE views= 8 mean_abs_feat_delta= 0.339683\n"}
,{"stream_name":"stdout","time":2030.305731923,"data":"EDGE_TTA_ACTIVE views= 8 mean_abs_feat_delta= 0.339683\n"}
,{"stream_name":"stdout","time":2031.122738633,"data":"EDGE_TTA_ACTIVE views= 8 mean_abs_feat_delta= 0.297626\n"}
,{"stream_name":"stdout","time":2031.325372656,"data":"EDGE_TTA_ACTIVE views= 8 mean_abs_feat_delta= 0.297626\n"}
,{"stream_name":"stdout","time":2032.151404856,"data":"EDGE_TTA_ACTIVE views= 8 mean_abs_feat_delta= 0.337772\n"}
,{"stream_name":"stdout","time":2032.355756714,"data":"EDGE_TTA_ACTIVE views= 8 mean_abs_feat_delta= 0.337772\n"}
,{"stream_name":"stdout","time":2033.228440309,"data":"EDGE_TTA_ACTIVE views= 8 mean_abs_feat_delta= 0.298847\n"}
,{"stream_name":"stdout","time":2033.43116298,"data":"EDGE_TTA_ACTIVE views= 8 mean_abs_feat_delta= 0.298847\n"}
,{"stream_name":"stdout","time":2034.21184875,"data":"EDGE_TTA_ACTIVE views= 8 mean_abs_feat_delta= 0.334219\n"}
,{"stream_name":"stdout","time":2034.414256756,"data":"EDGE_TTA_ACTIVE views= 8 mean_abs_feat_delta= 0.334219\n"}
,{"stream_name":"stdout","time":2035.328890434,"data":"EDGE_TTA_ACTIVE views= 8 mean_abs_feat_delta= 0.298851\n"}
,{"stream_name":"stdout","time":2035.531002648,"data":"EDGE_TTA_ACTIVE views= 8 mean_abs_feat_delta= 0.298851\n"}
,{"stream_name":"stdout","time":2036.255127668,"data":"EDGE_TTA_ACTIVE views= 8 mean_abs_feat_delta= 0.334014\n"}
,{"stream_name":"stdout","time":2036.45723268,"data":"EDGE_TTA_ACTIVE views= 8 mean_abs_feat_delta= 0.334014\n"}
,{"stream_name":"stdout","time":2037.444201792,"data":"EDGE_TTA_ACTIVE views= 8 mean_abs_feat_delta= 0.300758\n"}
,{"stream_name":"stdout","time":2037.646472364,"data":"EDGE_TTA_ACTIVE views= 8 mean_abs_feat_delta= 0.300758\n"}
,{"stream_name":"stdout","time":2038.2533065,"data":"EDGE_TTA_ACTIVE views= 8 mean_abs_feat_delta= 0.335796\n"}
,{"stream_name":"stdout","time":2038.455792301,"data":"EDGE_TTA_ACTIVE views= 8 mean_abs_feat_delta= 0.335796\n"}
,{"stream_name":"stdout","time":2039.54342135,"data":"EDGE_TTA_ACTIVE views= 8 mean_abs_feat_delta= 0.30165\n"}
,{"stream_name":"stdout","time":2039.745734005,"data":"EDGE_TTA_ACTIVE views= 8 mean_abs_feat_delta= 0.30165\n"}
,{"stream_name":"stdout","time":2040.254227624,"data":"EDGE_TTA_ACTIVE views= 8 mean_abs_feat_delta= 0.333509\n"}
,{"stream_name":"stdout","time":2040.456518204,"data":"EDGE_TTA_ACTIVE views= 8 mean_abs_feat_delta= 0.333509\n"}
,{"stream_name":"stdout","time":2041.613847643,"data":"EDGE_TTA_ACTIVE views= 8 mean_abs_feat_delta= 0.29955\n"}
,{"stream_name":"stdout","time":2041.816331651,"data":"EDGE_TTA_ACTIVE views= 8 mean_abs_feat_delta= 0.29955\n"}
,{"stream_name":"stdout","time":2042.251349219,"data":"EDGE_TTA_ACTIVE views= 8 mean_abs_feat_delta= 0.333974\n"}
,{"stream_name":"stdout","time":2042.453995549,"data":"EDGE_TTA_ACTIVE views= 8 mean_abs_feat_delta= 0.333974\n"}
,{"stream_name":"stdout","time":2043.721166751,"data":"EDGE_TTA_ACTIVE views= 8 mean_abs_feat_delta= 0.299966\n"}
,{"stream_name":"stdout","time":2043.923727267,"data":"EDGE_TTA_ACTIVE views= 8 mean_abs_feat_delta= 0.299966\n"}
,{"stream_name":"stdout","time":2044.297036033,"data":"EDGE_TTA_ACTIVE views= 8 mean_abs_feat_delta= 0.329119\n"}
,{"stream_name":"stdout","time":2044.499472867,"data":"EDGE_TTA_ACTIVE views= 8 mean_abs_feat_delta= 0.329119\n"}
,{"stream_name":"stdout","time":2045.844402199,"data":"EDGE_TTA_ACTIVE views= 8 mean_abs_feat_delta= 0.298337\n"}
,{"stream_name":"stdout","time":2046.046785333,"data":"EDGE_TTA_ACTIVE views= 8 mean_abs_feat_delta= 0.298337\n"}
,{"stream_name":"stdout","time":2046.300023007,"data":"EDGE_TTA_ACTIVE views= 8 mean_abs_feat_delta= 0.327003\n"}
,{"stream_name":"stdout","time":2046.502420597,"data":"EDGE_TTA_ACTIVE views= 8 mean_abs_feat_delta= 0.327003\n"}
,{"stream_name":"stdout","time":2047.992476864,"data":"EDGE_TTA_ACTIVE views= 8 mean_abs_feat_delta= 0.298927\n"}
,{"stream_name":"stdout","time":2048.194780082,"data":"EDGE_TTA_ACTIVE views= 8 mean_abs_feat_delta= 0.298927\n"}
,{"stream_name":"stdout","time":2048.33091851,"data":"EDGE_TTA_ACTIVE views= 8 mean_abs_feat_delta= 0.330268\n"}
,{"stream_name":"stdout","time":2048.533256873,"data":"EDGE_TTA_ACTIVE views= 8 mean_abs_feat_delta= 0.330268\n"}
,{"stream_name":"stdout","time":2050.037259051,"data":"EDGE_TTA_ACTIVE views= 8 mean_abs_feat_delta= 0.298494\n"}
,{"stream_name":"stdout","time":2050.239812198,"data":"EDGE_TTA_ACTIVE views= 8 mean_abs_feat_delta= 0.298494\n"}
,{"stream_name":"stdout","time":2050.348771968,"data":"EDGE_TTA_ACTIVE views= 8 mean_abs_feat_delta= 0.334387\n"}
,{"stream_name":"stdout","time":2050.6399735,"data":"EDGE_TTA_ACTIVE views= 8 mean_abs_feat_delta= 0.334387\n"}
,{"stream_name":"stdout","time":2052.166501904,"data":"EDGE_TTA_ACTIVE views= 8 mean_abs_feat_delta= 0.301746\n"}
,{"stream_name":"stdout","time":2052.368813402,"data":"EDGE_TTA_ACTIVE views= 8 mean_abs_feat_delta= 0.301746\n"}
,{"stream_name":"stdout","time":2052.382557487,"data":"EDGE_TTA_ACTIVE views= 8 mean_abs_feat_delta= 0.334976\n"}
,{"stream_name":"stdout","time":2052.584924581,"data":"EDGE_TTA_ACTIVE views= 8 mean_abs_feat_delta= 0.334976\n"}
,{"stream_name":"stdout","time":2054.270883105,"data":"EDGE_TTA_ACTIVE views= 8 mean_abs_feat_delta= 0.305072\n"}
,{"stream_name":"stdout","time":2054.389821333,"data":"EDGE_TTA_ACTIVE views= 8 mean_abs_feat_delta= 0.338055\n"}
,{"stream_name":"stdout","time":2054.473577513,"data":"EDGE_TTA_ACTIVE views= 8 mean_abs_feat_delta= 0.305072\n"}
,{"stream_name":"stdout","time":2054.473600545,"data":"EDGE_TTA_ACTIVE views= 8 mean_abs_feat_delta= 0.338055\n"}
,{"stream_name":"stdout","time":2056.317830046,"data":"EDGE_TTA_ACTIVE views= 8 mean_abs_feat_delta= 0.30493\n"}
,{"stream_name":"stdout","time":2056.437755599,"data":"EDGE_TTA_ACTIVE views= 8 mean_abs_feat_delta= 0.34274\n"}
,{"stream_name":"stdout","time":2056.520273808,"data":"EDGE_TTA_ACTIVE views= 8 mean_abs_feat_delta= 0.30493\n"}
,{"stream_name":"stdout","time":2056.520328109,"data":"EDGE_TTA_ACTIVE views= 8 mean_abs_feat_delta= 0.34274\n"}
,{"stream_name":"stdout","time":2058.423744554,"data":"EDGE_TTA_ACTIVE views= 8 mean_abs_feat_delta= 0.297769\n"}
,{"stream_name":"stdout","time":2058.480365412,"data":"EDGE_TTA_ACTIVE views= 8 mean_abs_feat_delta= 0.33481\n"}
,{"stream_name":"stdout","time":2058.626374471,"data":"EDGE_TTA_ACTIVE views= 8 mean_abs_feat_delta= 0.297769\n"}
,{"stream_name":"stdout","time":2058.626429244,"data":"EDGE_TTA_ACTIVE views= 8 mean_abs_feat_delta= 0.33481\n"}
,{"stream_name":"stdout","time":2060.488916086,"data":"EDGE_TTA_ACTIVE views= 8 mean_abs_feat_delta= 0.334192\n"}
,{"stream_name":"stdout","time":2060.55126711,"data":"EDGE_TTA_ACTIVE views= 8 mean_abs_feat_delta= 0.301012\n"}
,{"stream_name":"stdout","time":2060.691229477,"data":"EDGE_TTA_ACTIVE views= 8 mean_abs_feat_delta= 0.334192\n"}
,{"stream_name":"stdout","time":2060.691256246,"data":"EDGE_TTA_ACTIVE views= 8 mean_abs_feat_delta= 0.301012\n"}
,{"stream_name":"stdout","time":2062.562975748,"data":"EDGE_TTA_ACTIVE views= 8 mean_abs_feat_delta= 0.337186\n"}
,{"stream_name":"stdout","time":2062.679430025,"data":"EDGE_TTA_ACTIVE views= 8 mean_abs_feat_delta= 0.296955\n"}
,{"stream_name":"stdout","time":2062.76524866,"data":"EDGE_TTA_ACTIVE views= 8 mean_abs_feat_delta= 0.337186\n"}
,{"stream_name":"stdout","time":2062.765282567,"data":"EDGE_TTA_ACTIVE views= 8 mean_abs_feat_delta= 0.296955\n"}
,{"stream_name":"stdout","time":2064.579226191,"data":"EDGE_TTA_ACTIVE views= 8 mean_abs_feat_delta= 0.34284\n"}
,{"stream_name":"stdout","time":2064.781357213,"data":"EDGE_TTA_ACTIVE views= 8 mean_abs_feat_delta= 0.34284\n"}
,{"stream_name":"stdout","time":2064.784062895,"data":"EDGE_TTA_ACTIVE views= 8 mean_abs_feat_delta= 0.300893\n"}
,{"stream_name":"stdout","time":2064.986478751,"data":"EDGE_TTA_ACTIVE views= 8 mean_abs_feat_delta= 0.300893\n"}
,{"stream_name":"stdout","time":2066.589327192,"data":"EDGE_TTA_ACTIVE views= 8 mean_abs_feat_delta= 0.343026\n"}
,{"stream_name":"stdout","time":2066.791805523,"data":"EDGE_TTA_ACTIVE views= 8 mean_abs_feat_delta= 0.343026\n"}
,{"stream_name":"stdout","time":2066.912283128,"data":"EDGE_TTA_ACTIVE views= 8 mean_abs_feat_delta= 0.298703\n"}
,{"stream_name":"stdout","time":2067.11475564,"data":"EDGE_TTA_ACTIVE views= 8 mean_abs_feat_delta= 0.298703\n"}
,{"stream_name":"stdout","time":2068.632094535,"data":"EDGE_TTA_ACTIVE views= 8 mean_abs_feat_delta= 0.335511\n"}
,{"stream_name":"stdout","time":2068.834805347,"data":"EDGE_TTA_ACTIVE views= 8 mean_abs_feat_delta= 0.335511\n"}
,{"stream_name":"stdout","time":2069.000691,"data":"EDGE_TTA_ACTIVE views= 8 mean_abs_feat_delta= 0.298079\n"}
,{"stream_name":"stdout","time":2069.203081586,"data":"EDGE_TTA_ACTIVE views= 8 mean_abs_feat_delta= 0.298079\n"}
,{"stream_name":"stdout","time":2070.674011834,"data":"EDGE_TTA_ACTIVE views= 8 mean_abs_feat_delta= 0.334504\n"}
,{"stream_name":"stdout","time":2070.876783996,"data":"EDGE_TTA_ACTIVE views= 8 mean_abs_feat_delta= 0.334504\n"}
,{"stream_name":"stdout","time":2071.142444788,"data":"EDGE_TTA_ACTIVE views= 8 mean_abs_feat_delta= 0.295083\n"}
,{"stream_name":"stdout","time":2071.34495187,"data":"EDGE_TTA_ACTIVE views= 8 mean_abs_feat_delta= 0.295083\n"}
,{"stream_name":"stdout","time":2072.663465155,"data":"EDGE_TTA_ACTIVE views= 8 mean_abs_feat_delta= 0.336442\n"}
,{"stream_name":"stdout","time":2072.865844527,"data":"EDGE_TTA_ACTIVE views= 8 mean_abs_feat_delta= 0.336442\n"}
,{"stream_name":"stdout","time":2073.289771629,"data":"EDGE_TTA_ACTIVE views= 8 mean_abs_feat_delta= 0.299361\n"}
,{"stream_name":"stdout","time":2073.492187333,"data":"EDGE_TTA_ACTIVE views= 8 mean_abs_feat_delta= 0.299361\n"}
,{"stream_name":"stdout","time":2074.695475143,"data":"EDGE_TTA_ACTIVE views= 8 mean_abs_feat_delta= 0.340784\n"}
,{"stream_name":"stdout","time":2074.897989586,"data":"EDGE_TTA_ACTIVE views= 8 mean_abs_feat_delta= 0.340784\n"}
,{"stream_name":"stdout","time":2075.413570214,"data":"EDGE_TTA_ACTIVE views= 8 mean_abs_feat_delta= 0.300989\n"}
,{"stream_name":"stdout","time":2075.615982071,"data":"EDGE_TTA_ACTIVE views= 8 mean_abs_feat_delta= 0.300989\n"}
,{"stream_name":"stdout","time":2076.712838655,"data":"EDGE_TTA_ACTIVE views= 8 mean_abs_feat_delta= 0.343896\n"}
,{"stream_name":"stdout","time":2076.915425103,"data":"EDGE_TTA_ACTIVE views= 8 mean_abs_feat_delta= 0.343896\n"}
,{"stream_name":"stdout","time":2077.520788698,"data":"EDGE_TTA_ACTIVE views= 8 mean_abs_feat_delta= 0.298427\n"}
,{"stream_name":"stdout","time":2077.723095022,"data":"EDGE_TTA_ACTIVE views= 8 mean_abs_feat_delta= 0.298427\n"}
,{"stream_name":"stdout","time":2078.754331254,"data":"EDGE_TTA_ACTIVE views= 8 mean_abs_feat_delta= 0.341859\n"}
,{"stream_name":"stdout","time":2078.95672973,"data":"EDGE_TTA_ACTIVE views= 8 mean_abs_feat_delta= 0.341859\n"}
,{"stream_name":"stdout","time":2079.66754818,"data":"EDGE_TTA_ACTIVE views= 8 mean_abs_feat_delta= 0.289896\n"}
,{"stream_name":"stdout","time":2079.870268019,"data":"EDGE_TTA_ACTIVE views= 8 mean_abs_feat_delta= 0.289896\n"}
,{"stream_name":"stdout","time":2080.788818509,"data":"EDGE_TTA_ACTIVE views= 8 mean_abs_feat_delta= 0.334519\n"}
,{"stream_name":"stdout","time":2081.194115386,"data":"EDGE_TTA_ACTIVE views= 8 mean_abs_feat_delta= 0.334519\n"}
,{"stream_name":"stdout","time":2081.754747929,"data":"EDGE_TTA_ACTIVE views= 8 mean_abs_feat_delta= 0.298587\n"}
,{"stream_name":"stdout","time":2081.957762328,"data":"EDGE_TTA_ACTIVE views= 8 mean_abs_feat_delta= 0.298587\n"}
,{"stream_name":"stdout","time":2082.807841392,"data":"EDGE_TTA_ACTIVE views= 8 mean_abs_feat_delta= 0.330095\n"}
,{"stream_name":"stdout","time":2083.010550269,"data":"EDGE_TTA_ACTIVE views= 8 mean_abs_feat_delta= 0.330095\n"}
,{"stream_name":"stdout","time":2083.843773817,"data":"EDGE_TTA_ACTIVE views= 8 mean_abs_feat_delta= 0.304525\n"}
,{"stream_name":"stdout","time":2084.046065927,"data":"EDGE_TTA_ACTIVE views= 8 mean_abs_feat_delta= 0.304525\n"}
,{"stream_name":"stdout","time":2084.841577737,"data":"EDGE_TTA_ACTIVE views= 8 mean_abs_feat_delta= 0.330524\n"}
,{"stream_name":"stdout","time":2085.044224015,"data":"EDGE_TTA_ACTIVE views= 8 mean_abs_feat_delta= 0.330524\n"}
,{"stream_name":"stdout","time":2085.974558623,"data":"EDGE_TTA_ACTIVE views= 8 mean_abs_feat_delta= 0.303944\n"}
,{"stream_name":"stdout","time":2086.177083954,"data":"EDGE_TTA_ACTIVE views= 8 mean_abs_feat_delta= 0.303944\n"}
,{"stream_name":"stdout","time":2086.891877594,"data":"EDGE_TTA_ACTIVE views= 8 mean_abs_feat_delta= 0.334124\n"}
,{"stream_name":"stdout","time":2087.094141521,"data":"EDGE_TTA_ACTIVE views= 8 mean_abs_feat_delta= 0.334124\n"}
,{"stream_name":"stdout","time":2088.104374478,"data":"EDGE_TTA_ACTIVE views= 8 mean_abs_feat_delta= 0.301432\n"}
,{"stream_name":"stdout","time":2088.306999079,"data":"EDGE_TTA_ACTIVE views= 8 mean_abs_feat_delta= 0.301432\n"}
,{"stream_name":"stdout","time":2088.870523931,"data":"EDGE_TTA_ACTIVE views= 8 mean_abs_feat_delta= 0.336626\n"}
,{"stream_name":"stdout","time":2089.073316496,"data":"EDGE_TTA_ACTIVE views= 8 mean_abs_feat_delta= 0.336626\n"}
,{"stream_name":"stdout","time":2090.1894536,"data":"EDGE_TTA_ACTIVE views= 8 mean_abs_feat_delta= 0.289467\n"}
,{"stream_name":"stdout","time":2090.391970384,"data":"EDGE_TTA_ACTIVE views= 8 mean_abs_feat_delta= 0.289467\n"}
,{"stream_name":"stdout","time":2090.88265555,"data":"EDGE_TTA_ACTIVE views= 8 mean_abs_feat_delta= 0.336914\n"}
,{"stream_name":"stdout","time":2091.085168664,"data":"EDGE_TTA_ACTIVE views= 8 mean_abs_feat_delta= 0.336914\n"}
,{"stream_name":"stdout","time":2092.296033915,"data":"EDGE_TTA_ACTIVE views= 8 mean_abs_feat_delta= 0.300783\n"}
,{"stream_name":"stdout","time":2092.498519117,"data":"EDGE_TTA_ACTIVE views= 8 mean_abs_feat_delta= 0.300783\n"}
,{"stream_name":"stdout","time":2093.012597999,"data":"EDGE_TTA_ACTIVE views= 8 mean_abs_feat_delta= 0.33813\n"}
,{"stream_name":"stdout","time":2093.215076659,"data":"EDGE_TTA_ACTIVE views= 8 mean_abs_feat_delta= 0.33813\n"}
,{"stream_name":"stdout","time":2094.428522708,"data":"EDGE_TTA_ACTIVE views= 8 mean_abs_feat_delta= 0.293698\n"}
,{"stream_name":"stdout","time":2094.63085451,"data":"EDGE_TTA_ACTIVE views= 8 mean_abs_feat_delta= 0.293698\n"}
,{"stream_name":"stdout","time":2095.04668378,"data":"EDGE_TTA_ACTIVE views= 8 mean_abs_feat_delta= 0.335099\n"}
,{"stream_name":"stdout","time":2095.249145812,"data":"EDGE_TTA_ACTIVE views= 8 mean_abs_feat_delta= 0.335099\n"}
,{"stream_name":"stdout","time":2096.533332094,"data":"EDGE_TTA_ACTIVE views= 8 mean_abs_feat_delta= 0.301827\n"}
,{"stream_name":"stdout","time":2096.735491398,"data":"EDGE_TTA_ACTIVE views= 8 mean_abs_feat_delta= 0.301827\n"}
,{"stream_name":"stdout","time":2097.046081274,"data":"EDGE_TTA_ACTIVE views= 8 mean_abs_feat_delta= 0.33431\n"}
,{"stream_name":"stdout","time":2097.248427489,"data":"EDGE_TTA_ACTIVE views= 8 mean_abs_feat_delta= 0.33431\n"}
,{"stream_name":"stdout","time":2098.685397257,"data":"EDGE_TTA_ACTIVE views= 8 mean_abs_feat_delta= 0.297617\n"}
,{"stream_name":"stdout","time":2098.887873183,"data":"EDGE_TTA_ACTIVE views= 8 mean_abs_feat_delta= 0.297617\n"}
,{"stream_name":"stdout","time":2099.081888843,"data":"EDGE_TTA_ACTIVE views= 8 mean_abs_feat_delta= 0.333152\n"}
,{"stream_name":"stdout","time":2099.284077354,"data":"EDGE_TTA_ACTIVE views= 8 mean_abs_feat_delta= 0.333152\n"}
,{"stream_name":"stdout","time":2100.731907649,"data":"EDGE_TTA_ACTIVE views= 8 mean_abs_feat_delta= 0.28985\n"}
,{"stream_name":"stdout","time":2100.934694943,"data":"EDGE_TTA_ACTIVE views= 8 mean_abs_feat_delta= 0.28985\n"}
,{"stream_name":"stdout","time":2101.055813216,"data":"EDGE_TTA_ACTIVE views= 8 mean_abs_feat_delta= 0.331443\n"}
,{"stream_name":"stdout","time":2101.258266038,"data":"EDGE_TTA_ACTIVE views= 8 mean_abs_feat_delta= 0.331443\n"}
,{"stream_name":"stdout","time":2102.85925551,"data":"EDGE_TTA_ACTIVE views= 8 mean_abs_feat_delta= 0.295748\n"}
,{"stream_name":"stdout","time":2103.061647598,"data":"EDGE_TTA_ACTIVE views= 8 mean_abs_feat_delta= 0.295748\n"}
,{"stream_name":"stdout","time":2103.115013662,"data":"EDGE_TTA_ACTIVE views= 8 mean_abs_feat_delta= 0.331493\n"}
,{"stream_name":"stdout","time":2103.317406968,"data":"EDGE_TTA_ACTIVE views= 8 mean_abs_feat_delta= 0.331493\n"}
,{"stream_name":"stdout","time":2104.9425817,"data":"EDGE_TTA_ACTIVE views= 8 mean_abs_feat_delta= 0.297354\n"}
,{"stream_name":"stdout","time":2105.14530783,"data":"EDGE_TTA_ACTIVE views= 8 mean_abs_feat_delta= 0.297354\n"}
,{"stream_name":"stdout","time":2105.161424963,"data":"EDGE_TTA_ACTIVE views= 8 mean_abs_feat_delta= 0.330256\n"}
,{"stream_name":"stdout","time":2105.363846571,"data":"EDGE_TTA_ACTIVE views= 8 mean_abs_feat_delta= 0.330256\n"}
,{"stream_name":"stdout","time":2107.067796703,"data":"EDGE_TTA_ACTIVE views= 8 mean_abs_feat_delta= 0.297882\n"}
,{"stream_name":"stdout","time":2107.166822117,"data":"EDGE_TTA_ACTIVE views= 8 mean_abs_feat_delta= 0.333297\n"}
,{"stream_name":"stdout","time":2107.270285773,"data":"EDGE_TTA_ACTIVE views= 8 mean_abs_feat_delta= 0.297882\n"}
,{"stream_name":"stdout","time":2107.270320019,"data":"EDGE_TTA_ACTIVE views= 8 mean_abs_feat_delta= 0.333297\n"}
,{"stream_name":"stdout","time":2109.150814271,"data":"EDGE_TTA_ACTIVE views= 8 mean_abs_feat_delta= 0.292528\n"}
,{"stream_name":"stdout","time":2109.165726489,"data":"EDGE_TTA_ACTIVE views= 8 mean_abs_feat_delta= 0.332269\n"}
,{"stream_name":"stdout","time":2109.353232167,"data":"EDGE_TTA_ACTIVE views= 8 mean_abs_feat_delta= 0.292528\n"}
,{"stream_name":"stdout","time":2109.353260098,"data":"EDGE_TTA_ACTIVE views= 8 mean_abs_feat_delta= 0.332269\n"}
,{"stream_name":"stdout","time":2111.191660578,"data":"EDGE_TTA_ACTIVE views= 8 mean_abs_feat_delta= 0.331013\n"}
,{"stream_name":"stdout","time":2111.235036576,"data":"EDGE_TTA_ACTIVE views= 8 mean_abs_feat_delta= 0.298729\n"}
,{"stream_name":"stdout","time":2111.48695193,"data":"EDGE_TTA_ACTIVE views= 8 mean_abs_feat_delta= 0.331013\n"}
,{"stream_name":"stdout","time":2111.486976592,"data":"EDGE_TTA_ACTIVE views= 8 mean_abs_feat_delta= 0.298729\n"}
,{"stream_name":"stdout","time":2113.196421778,"data":"EDGE_TTA_ACTIVE views= 8 mean_abs_feat_delta= 0.329817\n"}
,{"stream_name":"stdout","time":2113.360494515,"data":"EDGE_TTA_ACTIVE views= 8 mean_abs_feat_delta= 0.296558\n"}
,{"stream_name":"stdout","time":2113.399035428,"data":"EDGE_TTA_ACTIVE views= 8 mean_abs_feat_delta= 0.329817\n"}
,{"stream_name":"stdout","time":2113.399061481,"data":"EDGE_TTA_ACTIVE views= 8 mean_abs_feat_delta= 0.296558\n"}
,{"stream_name":"stdout","time":2115.236656335,"data":"EDGE_TTA_ACTIVE views= 8 mean_abs_feat_delta= 0.332042\n"}
,{"stream_name":"stdout","time":2115.407092864,"data":"EDGE_TTA_ACTIVE views= 8 mean_abs_feat_delta= 0.297326\n"}
,{"stream_name":"stdout","time":2115.439134444,"data":"EDGE_TTA_ACTIVE views= 8 mean_abs_feat_delta= 0.332042\n"}
,{"stream_name":"stdout","time":2115.439158416,"data":"EDGE_TTA_ACTIVE views= 8 mean_abs_feat_delta= 0.297326\n"}
,{"stream_name":"stdout","time":2117.286003606,"data":"EDGE_TTA_ACTIVE views= 8 mean_abs_feat_delta= 0.334596\n"}
,{"stream_name":"stdout","time":2117.454243594,"data":"EDGE_TTA_ACTIVE views= 8 mean_abs_feat_delta= 0.296832\n"}
,{"stream_name":"stdout","time":2117.48851269,"data":"EDGE_TTA_ACTIVE views= 8 mean_abs_feat_delta= 0.334596\n"}
,{"stream_name":"stdout","time":2117.488538607,"data":"EDGE_TTA_ACTIVE views= 8 mean_abs_feat_delta= 0.296832\n"}
,{"stream_name":"stdout","time":2119.31916949,"data":"EDGE_TTA_ACTIVE views= 8 mean_abs_feat_delta= 0.33432\n"}
,{"stream_name":"stdout","time":2119.521735771,"data":"EDGE_TTA_ACTIVE views= 8 mean_abs_feat_delta= 0.33432\n"}
,{"stream_name":"stdout","time":2119.57835934,"data":"EDGE_TTA_ACTIVE views= 8 mean_abs_feat_delta= 0.30203\n"}
,{"stream_name":"stdout","time":2119.780683844,"data":"EDGE_TTA_ACTIVE views= 8 mean_abs_feat_delta= 0.30203\n"}
,{"stream_name":"stdout","time":2121.343507829,"data":"EDGE_TTA_ACTIVE views= 8 mean_abs_feat_delta= 0.334142\n"}
,{"stream_name":"stdout","time":2121.54596733,"data":"EDGE_TTA_ACTIVE views= 8 mean_abs_feat_delta= 0.334142\n"}
,{"stream_name":"stdout","time":2121.646765225,"data":"EDGE_TTA_ACTIVE views= 8 mean_abs_feat_delta= 0.306141\n"}
,{"stream_name":"stdout","time":2121.849022838,"data":"EDGE_TTA_ACTIVE views= 8 mean_abs_feat_delta= 0.306141\n"}
,{"stream_name":"stdout","time":2123.409889389,"data":"EDGE_TTA_ACTIVE views= 8 mean_abs_feat_delta= 0.330535\n"}
,{"stream_name":"stdout","time":2123.612037627,"data":"EDGE_TTA_ACTIVE views= 8 mean_abs_feat_delta= 0.330535\n"}
,{"stream_name":"stdout","time":2123.772717231,"data":"EDGE_TTA_ACTIVE views= 8 mean_abs_feat_delta= 0.302784\n"}
,{"stream_name":"stdout","time":2123.975267629,"data":"EDGE_TTA_ACTIVE views= 8 mean_abs_feat_delta= 0.302784\n"}
,{"stream_name":"stdout","time":2125.469483981,"data":"EDGE_TTA_ACTIVE views= 8 mean_abs_feat_delta= 0.33141\n"}
,{"stream_name":"stdout","time":2125.672074615,"data":"EDGE_TTA_ACTIVE views= 8 mean_abs_feat_delta= 0.33141\n"}
,{"stream_name":"stdout","time":2125.838856748,"data":"EDGE_TTA_ACTIVE views= 8 mean_abs_feat_delta= 0.304876\n"}
,{"stream_name":"stdout","time":2126.041304222,"data":"EDGE_TTA_ACTIVE views= 8 mean_abs_feat_delta= 0.304876\n"}
,{"stream_name":"stdout","time":2127.520082518,"data":"EDGE_TTA_ACTIVE views= 8 mean_abs_feat_delta= 0.330015\n"}
,{"stream_name":"stdout","time":2127.722783565,"data":"EDGE_TTA_ACTIVE views= 8 mean_abs_feat_delta= 0.330015\n"}
,{"stream_name":"stdout","time":2127.92696377,"data":"EDGE_TTA_ACTIVE views= 8 mean_abs_feat_delta= 0.308079\n"}
,{"stream_name":"stdout","time":2128.129553222,"data":"EDGE_TTA_ACTIVE views= 8 mean_abs_feat_delta= 0.308079\n"}
,{"stream_name":"stdout","time":2129.581549263,"data":"EDGE_TTA_ACTIVE views= 8 mean_abs_feat_delta= 0.334204\n"}
,{"stream_name":"stdout","time":2129.783981691,"data":"EDGE_TTA_ACTIVE views= 8 mean_abs_feat_delta= 0.334204\n"}
,{"stream_name":"stdout","time":2130.060335005,"data":"EDGE_TTA_ACTIVE views= 8 mean_abs_feat_delta= 0.298807\n"}
,{"stream_name":"stdout","time":2130.262700741,"data":"EDGE_TTA_ACTIVE views= 8 mean_abs_feat_delta= 0.298807\n"}
,{"stream_name":"stdout","time":2131.612434134,"data":"EDGE_TTA_ACTIVE views= 8 mean_abs_feat_delta= 0.334902\n"}
,{"stream_name":"stdout","time":2131.814980153,"data":"EDGE_TTA_ACTIVE views= 8 mean_abs_feat_delta= 0.334902\n"}
,{"stream_name":"stdout","time":2133.689608558,"data":"EDGE_TTA_ACTIVE views= 8 mean_abs_feat_delta= 0.333966\n"}
,{"stream_name":"stdout","time":2133.891583552,"data":"EDGE_TTA_ACTIVE views= 8 mean_abs_feat_delta= 0.333966\n"}
,{"stream_name":"stdout","time":2135.762793622,"data":"EDGE_TTA_ACTIVE views= 8 mean_abs_feat_delta= 0.332131\n"}
,{"stream_name":"stdout","time":2135.964957893,"data":"EDGE_TTA_ACTIVE views= 8 mean_abs_feat_delta= 0.332131\n"}
,{"stream_name":"stdout","time":2137.810315704,"data":"EDGE_TTA_ACTIVE views= 8 mean_abs_feat_delta= 0.330277\n"}
,{"stream_name":"stdout","time":2138.013765835,"data":"EDGE_TTA_ACTIVE views= 8 mean_abs_feat_delta= 0.330277\n"}
,{"stream_name":"stdout","time":2139.888236345,"data":"EDGE_TTA_ACTIVE views= 8 mean_abs_feat_delta= 0.33351\n"}
,{"stream_name":"stdout","time":2140.091528711,"data":"EDGE_TTA_ACTIVE views= 8 mean_abs_feat_delta= 0.33351\n"}
,{"stream_name":"stdout","time":2141.953448034,"data":"EDGE_TTA_ACTIVE views= 8 mean_abs_feat_delta= 0.331414\n"}
,{"stream_name":"stdout","time":2142.254016923,"data":"EDGE_TTA_ACTIVE views= 8 mean_abs_feat_delta= 0.331414\n"}
,{"stream_name":"stdout","time":2143.990932981,"data":"EDGE_TTA_ACTIVE views= 8 mean_abs_feat_delta= 0.334764\n"}
,{"stream_name":"stdout","time":2144.193579336,"data":"EDGE_TTA_ACTIVE views= 8 mean_abs_feat_delta= 0.334764\n"}
,{"stream_name":"stdout","time":2145.995863432,"data":"EDGE_TTA_ACTIVE views= 8 mean_abs_feat_delta= 0.337726\n"}
,{"stream_name":"stdout","time":2146.198643977,"data":"EDGE_TTA_ACTIVE views= 8 mean_abs_feat_delta= 0.337726\n"}
,{"stream_name":"stdout","time":2148.060550563,"data":"EDGE_TTA_ACTIVE views= 8 mean_abs_feat_delta= 0.339136\n"}
,{"stream_name":"stdout","time":2148.263219097,"data":"EDGE_TTA_ACTIVE views= 8 mean_abs_feat_delta= 0.339136\n"}
,{"stream_name":"stdout","time":2150.067659075,"data":"EDGE_TTA_ACTIVE views= 8 mean_abs_feat_delta= 0.338505\n"}
,{"stream_name":"stdout","time":2150.270402026,"data":"EDGE_TTA_ACTIVE views= 8 mean_abs_feat_delta= 0.338505\n"}
,{"stream_name":"stdout","time":2152.155024552,"data":"EDGE_TTA_ACTIVE views= 8 mean_abs_feat_delta= 0.341217\n"}
,{"stream_name":"stdout","time":2152.357635144,"data":"EDGE_TTA_ACTIVE views= 8 mean_abs_feat_delta= 0.341217\n"}
,{"stream_name":"stdout","time":2154.216736095,"data":"EDGE_TTA_ACTIVE views= 8 mean_abs_feat_delta= 0.341486\n"}
,{"stream_name":"stdout","time":2154.419101654,"data":"EDGE_TTA_ACTIVE views= 8 mean_abs_feat_delta= 0.341486\n"}
,{"stream_name":"stdout","time":2156.255265236,"data":"EDGE_TTA_ACTIVE views= 8 mean_abs_feat_delta= 0.344569\n"}
,{"stream_name":"stdout","time":2156.458207135,"data":"EDGE_TTA_ACTIVE views= 8 mean_abs_feat_delta= 0.344569\n"}
,{"stream_name":"stdout","time":2161.229871925,"data":"Saved 4 predictions to /kaggle/working/tracking_repo/predictions/unknown/unet_transformer_val_gpu1/split_0\n"}
,{"stream_name":"stdout","time":2161.432650264,"data":"Saved 4 predictions to /kaggle/working/tracking_repo/predictions/unknown/unet_transformer_val_gpu1/split_0\n"}
,{"stream_name":"stdout","time":2163.787364773,"data":"Saved 4 predictions to /kaggle/working/tracking_repo/predictions/unknown/unet_transformer_val_gpu0/split_0\n"}
,{"stream_name":"stdout","time":2163.989815257,"data":"Saved 4 predictions to /kaggle/working/tracking_repo/predictions/unknown/unet_transformer_val_gpu0/split_0\n"}
,{"stream_name":"stdout","time":2166.056012489,"data":"VALIDATOR: merged 8 prediction graphs into /kaggle/working/tracking_repo/predictions/unknown/unet_transformer_val/split_0\n"}
,{"stream_name":"stdout","time":2166.056049201,"data":"VALIDATOR: prediction completed in 15.22 minutes\n"}
,{"stream_name":"stdout","time":2166.536094293,"data":"Post-process base configuration (public 0.939):\n"}
,{"stream_name":"stdout","time":2166.536153895,"data":"  SAFE_DIV_MAX_UM                          9.0\n"}
,{"stream_name":"stdout","time":2166.536987795,"data":"  SAFE_DIV_SISTER_MAX_UM                   14.0\n"}
,{"stream_name":"stdout","time":2166.537006419,"data":"  SAFE_DIV_DIVERGE_UM                      2.25\n"}
,{"stream_name":"stdout","time":2166.537012404,"data":"  SAFE_DIV_SISTER_SYMMETRY_TAU             0.6\n"}
,{"stream_name":"stdout","time":2166.537017685,"data":"  SAFE_DIV_EXISTING_CHILD_MAX_UM           10.0\n"}
,{"stream_name":"stdout","time":2166.537022244,"data":"  SAFE_DIV_FRAME_FRAC_CAP                  0.0076\n"}
,{"stream_name":"stdout","time":2166.537026807,"data":"  SAFE_DIV_GLOBAL_FRAC_CAP                 0.00375\n"}
,{"stream_name":"stdout","time":2166.537031417,"data":"  DEEPCENTER_SAFE_DIV_THRESHOLD            0.25\n"}
,{"stream_name":"stdout","time":2166.537039859,"data":"  DEEPCENTER_GAP_THRESHOLD                 0.25\n"}
,{"stream_name":"stdout","time":2166.537045613,"data":"  GAP_CLOSE_UM                             5.0\n"}
,{"stream_name":"stdout","time":2166.537050552,"data":"  OUTPUT_MIN_TRACK_LEN                     6\n"}
,{"stream_name":"stdout","time":2166.537055697,"data":"  SHORT_TRACK_RESCUE_MIN_MEAN_EDGE_PROB    0.88\n"}
,{"stream_name":"stdout","time":2166.537061315,"data":"  MOTION_RELINK_TIGHT_UM                   6.0\n"}
,{"stream_name":"stdout","time":2166.537066607,"data":"  MOTION_RELINK_RELAXED_UM                 10.0\n"}
,{"stream_name":"stdout","time":2166.537072255,"data":"  GAP2_MAX_STEP_UM                         4.4\n"}
,{"stream_name":"stdout","time":2166.537076933,"data":"  GAP2_MAX_TOTAL_UM                        10.2\n"}
,{"stream_name":"stdout","time":2166.537082066,"data":"  MOTION_RELINK_LEARNED_BONUS              1.0\n"}
,{"stream_name":"stdout","time":2166.537087642,"data":"  MOTION_RELINK_VELOCITY_WEIGHT            0.5\n"}
,{"stream_name":"stdout","time":2166.537092355,"data":"  GAP_CLOSE_REUSE_UM                       3.2\n"}
,{"stream_name":"stdout","time":2166.537096959,"data":"  OUTPUT_EDGE_MAX_UM                       14.0\n"}
,{"stream_name":"stdout","time":2171.044089909,"data":"VALIDATOR: cached 8 raw prediction graphs + GT\n"}
,{"stream_name":"stdout","time":2171.044137363,"data":"\n"}
,{"stream_name":"stdout","time":2171.044158007,"data":"==============================================================================\n"}
,{"stream_name":"stdout","time":2171.044162659,"data":"LOCAL VALIDATOR -- base configuration (public 0.939), official metric formula\n"}
,{"stream_name":"stdout","time":2171.044166414,"data":"(https://github.com/royerlab/kaggle-cell-tracking-competition/blob/main/metrics.md)\n"}
,{"stream_name":"stdout","time":2171.044171722,"data":"==============================================================================\n"}
,{"stream_name":"stdout","time":2234.86860552,"data":"  [44b6_12dfb391] after edge-filter+motion-relink: 46029 nodes, 43669 edges\n"}
,{"stream_name":"stdout","time":2243.113839326,"data":"  [44b6_12dfb391] after gap-closing (single-frame + gap2): 46717 nodes, 44971 edges\n"}
,{"stream_name":"stdout","time":2250.554934702,"data":"  [44b6_12dfb391] after safe-division repair: 46717 nodes, 44995 edges (geometric_candidates=159, deepcenter_rejected=135, post_veto_candidates=24, added=24, cap_skipped=0, mutual_nn_rejected=71, divergence_rejected=1589)\n"}
,{"stream_name":"stdout","time":2250.554992435,"data":"  [44b6_12dfb391] after division-geometry-filter+prune-isolated: 46717 nodes, 44995 edges\n"}
,{"stream_name":"stdout","time":2250.555016266,"data":"  [44b6_12dfb391] after short-track filtering: 45540 nodes, 44085 edges (components_removed=267)\n"}
,{"stream_name":"stdout","time":2259.892048596,"data":"  [44b6_12dfb391] FINAL: 45540 nodes, 44085 edges\n"}
,{"stream_name":"stdout","time":2276.968745342,"data":"  [44b6_267148e4] after edge-filter+motion-relink: 22873 nodes, 21471 edges\n"}
,{"stream_name":"stdout","time":2282.187832416,"data":"  [44b6_267148e4] after gap-closing (single-frame + gap2): 23125 nodes, 21936 edges\n"}
,{"stream_name":"stdout","time":2288.212711885,"data":"  [44b6_267148e4] after safe-division repair: 23125 nodes, 21963 edges (geometric_candidates=240, deepcenter_rejected=206, post_veto_candidates=34, added=27, cap_skipped=0, mutual_nn_rejected=131, divergence_rejected=1036)\n"}
,{"stream_name":"stdout","time":2288.212787761,"data":"  [44b6_267148e4] after division-geometry-filter+prune-isolated: 23064 nodes, 21963 edges\n"}
,{"stream_name":"stdout","time":2288.212797033,"data":"  [44b6_267148e4] after short-track filtering: 22372 nodes, 21443 edges (components_removed=172)\n"}
,{"stream_name":"stdout","time":2292.537811218,"data":"  [44b6_267148e4] FINAL: 22372 nodes, 21443 edges\n"}
,{"stream_name":"stdout","time":2341.172504735,"data":"  [44b6_2a2eff9f] after edge-filter+motion-relink: 40128 nodes, 37634 edges\n"}
,{"stream_name":"stdout","time":2349.836997706,"data":"  [44b6_2a2eff9f] after gap-closing (single-frame + gap2): 40676 nodes, 38652 edges\n"}
,{"stream_name":"stdout","time":2357.53263809,"data":"  [44b6_2a2eff9f] after safe-division repair: 40676 nodes, 38674 edges (geometric_candidates=286, deepcenter_rejected=263, post_veto_candidates=23, added=22, cap_skipped=0, mutual_nn_rejected=73, divergence_rejected=1583)\n"}
,{"stream_name":"stdout","time":2357.532718843,"data":"  [44b6_2a2eff9f] after division-geometry-filter+prune-isolated: 40675 nodes, 38674 edges\n"}
,{"stream_name":"stdout","time":2357.532728072,"data":"  [44b6_2a2eff9f] after short-track filtering: 39271 nodes, 37588 edges (components_removed=318)\n"}
,{"stream_name":"stdout","time":2365.332642746,"data":"  [44b6_2a2eff9f] FINAL: 39271 nodes, 37588 edges\n"}
,{"stream_name":"stdout","time":2367.875714559,"data":"  [44b6_341df25f] after edge-filter+motion-relink: 8526 nodes, 8200 edges\n"}
,{"stream_name":"stdout","time":2369.289683148,"data":"  [44b6_341df25f] after gap-closing (single-frame + gap2): 8584 nodes, 8302 edges\n"}
,{"stream_name":"stdout","time":2371.452980243,"data":"  [44b6_341df25f] after safe-division repair: 8584 nodes, 8312 edges (geometric_candidates=32, deepcenter_rejected=21, post_veto_candidates=11, added=10, cap_skipped=0, mutual_nn_rejected=5, divergence_rejected=154)\n"}
,{"stream_name":"stdout","time":2371.453038793,"data":"  [44b6_341df25f] after division-geometry-filter+prune-isolated: 8581 nodes, 8312 edges\n"}
,{"stream_name":"stdout","time":2371.453043938,"data":"  [44b6_341df25f] after short-track filtering: 8441 nodes, 8204 edges (components_removed=32)\n"}
,{"stream_name":"stdout","time":2373.026714022,"data":"  [44b6_341df25f] FINAL: 8441 nodes, 8204 edges\n"}
,{"stream_name":"stdout","time":2374.305832332,"data":"  [6bba_062c8d37] after edge-filter+motion-relink: 5987 nodes, 5637 edges\n"}
,{"stream_name":"stdout","time":2375.109591114,"data":"  [6bba_062c8d37] after gap-closing (single-frame + gap2): 6035 nodes, 5728 edges\n"}
,{"stream_name":"stdout","time":2376.265402521,"data":"  [6bba_062c8d37] after safe-division repair: 6035 nodes, 5732 edges (geometric_candidates=14, deepcenter_rejected=9, post_veto_candidates=5, added=4, cap_skipped=0, mutual_nn_rejected=5, divergence_rejected=69)\n"}
,{"stream_name":"stdout","time":2376.265453156,"data":"  [6bba_062c8d37] after division-geometry-filter+prune-isolated: 6014 nodes, 5732 edges\n"}
,{"stream_name":"stdout","time":2376.265458145,"data":"  [6bba_062c8d37] after short-track filtering: 5851 nodes, 5613 edges (components_removed=44)\n"}
,{"stream_name":"stdout","time":2377.405799308,"data":"  [6bba_062c8d37] FINAL: 5851 nodes, 5613 edges\n"}
,{"stream_name":"stdout","time":2407.237273255,"data":"  [6bba_07e24132] after edge-filter+motion-relink: 31276 nodes, 29621 edges\n"}
,{"stream_name":"stdout","time":2413.436579623,"data":"  [6bba_07e24132] after gap-closing (single-frame + gap2): 31613 nodes, 30236 edges\n"}
,{"stream_name":"stdout","time":2418.495651743,"data":"  [6bba_07e24132] after safe-division repair: 31613 nodes, 30241 edges (geometric_candidates=132, deepcenter_rejected=125, post_veto_candidates=7, added=5, cap_skipped=0, mutual_nn_rejected=86, divergence_rejected=1125)\n"}
,{"stream_name":"stdout","time":2418.495820077,"data":"  [6bba_07e24132] after division-geometry-filter+prune-isolated: 31597 nodes, 30241 edges\n"}
,{"stream_name":"stdout","time":2418.496624757,"data":"  [6bba_07e24132] after short-track filtering: 30567 nodes, 29448 edges (components_removed=237)\n"}
,{"stream_name":"stdout","time":2424.450578081,"data":"  [6bba_07e24132] FINAL: 30567 nodes, 29448 edges\n"}
,{"stream_name":"stdout","time":2427.248826929,"data":"  [6bba_085bf656] after edge-filter+motion-relink: 8431 nodes, 8108 edges\n"}
,{"stream_name":"stdout","time":2427.802689946,"data":"  [6bba_085bf656] after gap-closing (single-frame + gap2): 8447 nodes, 8137 edges\n"}
,{"stream_name":"stdout","time":2429.902400094,"data":"  [6bba_085bf656] after safe-division repair: 8447 nodes, 8140 edges (geometric_candidates=20, deepcenter_rejected=17, post_veto_candidates=3, added=3, cap_skipped=0, mutual_nn_rejected=6, divergence_rejected=104)\n"}
,{"stream_name":"stdout","time":2429.902438411,"data":"  [6bba_085bf656] after division-geometry-filter+prune-isolated: 8446 nodes, 8140 edges\n"}
,{"stream_name":"stdout","time":2429.902447151,"data":"  [6bba_085bf656] after short-track filtering: 8307 nodes, 8032 edges (components_removed=31)\n"}
,{"stream_name":"stdout","time":2431.575835975,"data":"  [6bba_085bf656] FINAL: 8307 nodes, 8032 edges\n"}
,{"stream_name":"stdout","time":2459.265195346,"data":"  [6bba_09961292] after edge-filter+motion-relink: 29925 nodes, 28766 edges\n"}
,{"stream_name":"stdout","time":2463.441308652,"data":"  [6bba_09961292] after gap-closing (single-frame + gap2): 30145 nodes, 29167 edges\n"}
,{"stream_name":"stdout","time":2467.712619927,"data":"  [6bba_09961292] after safe-division repair: 30145 nodes, 29194 edges (geometric_candidates=105, deepcenter_rejected=73, post_veto_candidates=32, added=27, cap_skipped=0, mutual_nn_rejected=76, divergence_rejected=983)\n"}
,{"stream_name":"stdout","time":2467.712713461,"data":"  [6bba_09961292] after division-geometry-filter+prune-isolated: 30137 nodes, 29194 edges\n"}
,{"stream_name":"stdout","time":2467.712723413,"data":"  [6bba_09961292] after short-track filtering: 29666 nodes, 28831 edges (components_removed=108)\n"}
,{"stream_name":"stdout","time":2473.698758306,"data":"  [6bba_09961292] FINAL: 29666 nodes, 28831 edges\n"}
,{"stream_name":"stdout","time":2473.732334532,"data":"  44b6_12dfb391                edge_jaccard=0.9071 adj=0.9274 T_pred=45540 T_true=58672.0 div(tp/fp/fn)=(0/1/1) safe_div_added=24\n"}
,{"stream_name":"stdout","time":2473.732395446,"data":"  44b6_267148e4                edge_jaccard=0.8013 adj=0.7877 T_pred=22372 T_true=19130.0 div(tp/fp/fn)=(0/1/1) safe_div_added=27\n"}
,{"stream_name":"stdout","time":2473.732403332,"data":"  44b6_2a2eff9f                edge_jaccard=0.8933 adj=0.9204 T_pred=39271 T_true=56367.0 div(tp/fp/fn)=(1/1/0) safe_div_added=22\n"}
,{"stream_name":"stdout","time":2473.732408893,"data":"  44b6_341df25f                edge_jaccard=0.9810 adj=0.9677 T_pred=8441 T_true=7436.0 div(tp/fp/fn)=(1/0/0) safe_div_added=10\n"}
,{"stream_name":"stdout","time":2473.732413157,"data":"  6bba_062c8d37                edge_jaccard=0.9659 adj=0.9688 T_pred=5851 T_true=6030.0 div(tp/fp/fn)=(1/0/0) safe_div_added=4\n"}
,{"stream_name":"stdout","time":2473.732418111,"data":"  6bba_07e24132                edge_jaccard=0.8152 adj=0.7808 T_pred=30567 T_true=21485.0 div(tp/fp/fn)=(0/0/2) safe_div_added=5\n"}
,{"stream_name":"stdout","time":2473.732423212,"data":"  6bba_085bf656                edge_jaccard=0.9932 adj=0.9950 T_pred=8307 T_true=8463.0 div(tp/fp/fn)=(0/0/1) safe_div_added=3\n"}
,{"stream_name":"stdout","time":2473.732427632,"data":"  6bba_09961292                edge_jaccard=0.8894 adj=0.8935 T_pred=29666 T_true=31117.0 div(tp/fp/fn)=(1/0/3) safe_div_added=27\n"}
,{"stream_name":"stdout","time":2473.73243196,"data":"[base] n=8 adjusted_edge_jaccard=0.9205 division_jaccard=0.2667 (tp/fp/fn=4/3/8) PROXY_SCORE=0.9472  [5.0 min]\n"}
,{"stream_name":"stdout","time":2473.732436022,"data":"Per-sample validator rows written to /kaggle/working/validator_results.csv\n"}
,{"stream_name":"stdout","time":2473.957470962,"data":"==============================================================================\n"}
,{"stream_name":"stdout","time":2473.957529786,"data":"POST-PROCESS SWEEP -- 7 candidates x 8 held-out videos\n"}
,{"stream_name":"stdout","time":2473.957537829,"data":"==============================================================================\n"}
,{"stream_name":"stdout","time":2537.944026117,"data":"  [44b6_12dfb391] after edge-filter+motion-relink: 46029 nodes, 43669 edges\n"}
,{"stream_name":"stdout","time":2544.76032896,"data":"  [44b6_12dfb391] after gap-closing (single-frame + gap2): 46707 nodes, 44950 edges\n"}
,{"stream_name":"stdout","time":2551.807936481,"data":"  [44b6_12dfb391] after safe-division repair: 46707 nodes, 44974 edges (geometric_candidates=160, deepcenter_rejected=136, post_veto_candidates=24, added=24, cap_skipped=0, mutual_nn_rejected=71, divergence_rejected=1607)\n"}
,{"stream_name":"stdout","time":2551.807991525,"data":"  [44b6_12dfb391] after division-geometry-filter+prune-isolated: 46707 nodes, 44974 edges\n"}
,{"stream_name":"stdout","time":2551.80799862,"data":"  [44b6_12dfb391] after short-track filtering: 45509 nodes, 44048 edges (components_removed=272)\n"}
,{"stream_name":"stdout","time":2560.889939631,"data":"  [44b6_12dfb391] FINAL: 45509 nodes, 44048 edges\n"}
,{"stream_name":"stdout","time":2577.960837474,"data":"  [44b6_267148e4] after edge-filter+motion-relink: 22873 nodes, 21471 edges\n"}
,{"stream_name":"stdout","time":2582.407735742,"data":"  [44b6_267148e4] after gap-closing (single-frame + gap2): 23119 nodes, 21923 edges\n"}
,{"stream_name":"stdout","time":2588.731143436,"data":"  [44b6_267148e4] after safe-division repair: 23119 nodes, 21951 edges (geometric_candidates=244, deepcenter_rejected=208, post_veto_candidates=36, added=28, cap_skipped=0, mutual_nn_rejected=133, divergence_rejected=1042)\n"}
,{"stream_name":"stdout","time":2588.731197691,"data":"  [44b6_267148e4] after division-geometry-filter+prune-isolated: 23058 nodes, 21951 edges\n"}
,{"stream_name":"stdout","time":2588.731206443,"data":"  [44b6_267148e4] after short-track filtering: 22366 nodes, 21432 edges (components_removed=173)\n"}
,{"stream_name":"stdout","time":2593.24864773,"data":"  [44b6_267148e4] FINAL: 22366 nodes, 21432 edges\n"}
,{"stream_name":"stdout","time":2642.206033229,"data":"  [44b6_2a2eff9f] after edge-filter+motion-relink: 40128 nodes, 37634 edges\n"}
,{"stream_name":"stdout","time":2649.141858494,"data":"  [44b6_2a2eff9f] after gap-closing (single-frame + gap2): 40665 nodes, 38630 edges\n"}
,{"stream_name":"stdout","time":2656.920171062,"data":"  [44b6_2a2eff9f] after safe-division repair: 40665 nodes, 38652 edges (geometric_candidates=286, deepcenter_rejected=263, post_veto_candidates=23, added=22, cap_skipped=0, mutual_nn_rejected=73, divergence_rejected=1598)\n"}
,{"stream_name":"stdout","time":2656.92022745,"data":"  [44b6_2a2eff9f] after division-geometry-filter+prune-isolated: 40664 nodes, 38652 edges\n"}
,{"stream_name":"stdout","time":2656.92023585,"data":"  [44b6_2a2eff9f] after short-track filtering: 39242 nodes, 37552 edges (components_removed=322)\n"}
,{"stream_name":"stdout","time":2664.757645086,"data":"  [44b6_2a2eff9f] FINAL: 39242 nodes, 37552 edges\n"}
,{"stream_name":"stdout","time":2667.205543383,"data":"  [44b6_341df25f] after edge-filter+motion-relink: 8526 nodes, 8200 edges\n"}
,{"stream_name":"stdout","time":2668.536382034,"data":"  [44b6_341df25f] after gap-closing (single-frame + gap2): 8584 nodes, 8302 edges\n"}
,{"stream_name":"stdout","time":2670.700488112,"data":"  [44b6_341df25f] after safe-division repair: 8584 nodes, 8312 edges (geometric_candidates=32, deepcenter_rejected=21, post_veto_candidates=11, added=10, cap_skipped=0, mutual_nn_rejected=5, divergence_rejected=154)\n"}
,{"stream_name":"stdout","time":2670.700539529,"data":"  [44b6_341df25f] after division-geometry-filter+prune-isolated: 8581 nodes, 8312 edges\n"}
,{"stream_name":"stdout","time":2670.70054844,"data":"  [44b6_341df25f] after short-track filtering: 8441 nodes, 8204 edges (components_removed=32)\n"}
,{"stream_name":"stdout","time":2672.41379879,"data":"  [44b6_341df25f] FINAL: 8441 nodes, 8204 edges\n"}
,{"stream_name":"stdout","time":2673.627826632,"data":"  [6bba_062c8d37] after edge-filter+motion-relink: 5987 nodes, 5637 edges\n"}
,{"stream_name":"stdout","time":2674.424783874,"data":"  [6bba_062c8d37] after gap-closing (single-frame + gap2): 6035 nodes, 5728 edges\n"}
,{"stream_name":"stdout","time":2675.581494288,"data":"  [6bba_062c8d37] after safe-division repair: 6035 nodes, 5732 edges (geometric_candidates=14, deepcenter_rejected=9, post_veto_candidates=5, added=4, cap_skipped=0, mutual_nn_rejected=5, divergence_rejected=69)\n"}
,{"stream_name":"stdout","time":2675.581529971,"data":"  [6bba_062c8d37] after division-geometry-filter+prune-isolated: 6014 nodes, 5732 edges\n"}
,{"stream_name":"stdout","time":2675.581537189,"data":"  [6bba_062c8d37] after short-track filtering: 5851 nodes, 5613 edges (components_removed=44)\n"}
,{"stream_name":"stdout","time":2676.72795609,"data":"  [6bba_062c8d37] FINAL: 5851 nodes, 5613 edges\n"}
,{"stream_name":"stdout","time":2706.600720478,"data":"  [6bba_07e24132] after edge-filter+motion-relink: 31276 nodes, 29621 edges\n"}
,{"stream_name":"stdout","time":2711.43158316,"data":"  [6bba_07e24132] after gap-closing (single-frame + gap2): 31609 nodes, 30228 edges\n"}
,{"stream_name":"stdout","time":2716.754130009,"data":"  [6bba_07e24132] after safe-division repair: 31609 nodes, 30233 edges (geometric_candidates=132, deepcenter_rejected=125, post_veto_candidates=7, added=5, cap_skipped=0, mutual_nn_rejected=87, divergence_rejected=1127)\n"}
,{"stream_name":"stdout","time":2716.754180729,"data":"  [6bba_07e24132] after division-geometry-filter+prune-isolated: 31593 nodes, 30233 edges\n"}
,{"stream_name":"stdout","time":2716.754187716,"data":"  [6bba_07e24132] after short-track filtering: 30549 nodes, 29429 edges (components_removed=240)\n"}
,{"stream_name":"stdout","time":2722.905736329,"data":"  [6bba_07e24132] FINAL: 30549 nodes, 29429 edges\n"}
,{"stream_name":"stdout","time":2725.412521012,"data":"  [6bba_085bf656] after edge-filter+motion-relink: 8431 nodes, 8108 edges\n"}
,{"stream_name":"stdout","time":2725.955200969,"data":"  [6bba_085bf656] after gap-closing (single-frame + gap2): 8447 nodes, 8137 edges\n"}
,{"stream_name":"stdout","time":2728.034983251,"data":"  [6bba_085bf656] after safe-division repair: 8447 nodes, 8140 edges (geometric_candidates=20, deepcenter_rejected=17, post_veto_candidates=3, added=3, cap_skipped=0, mutual_nn_rejected=6, divergence_rejected=104)\n"}
,{"stream_name":"stdout","time":2728.035060461,"data":"  [6bba_085bf656] after division-geometry-filter+prune-isolated: 8446 nodes, 8140 edges\n"}
,{"stream_name":"stdout","time":2728.035068702,"data":"  [6bba_085bf656] after short-track filtering: 8307 nodes, 8032 edges (components_removed=31)\n"}
,{"stream_name":"stdout","time":2729.712495156,"data":"  [6bba_085bf656] FINAL: 8307 nodes, 8032 edges\n"}
,{"stream_name":"stdout","time":2757.065218272,"data":"  [6bba_09961292] after edge-filter+motion-relink: 29925 nodes, 28766 edges\n"}
,{"stream_name":"stdout","time":2760.731601427,"data":"  [6bba_09961292] after gap-closing (single-frame + gap2): 30140 nodes, 29157 edges\n"}
,{"stream_name":"stdout","time":2765.124353341,"data":"  [6bba_09961292] after safe-division repair: 30140 nodes, 29186 edges (geometric_candidates=108, deepcenter_rejected=73, post_veto_candidates=35, added=29, cap_skipped=0, mutual_nn_rejected=76, divergence_rejected=998)\n"}
,{"stream_name":"stdout","time":2765.124430021,"data":"  [6bba_09961292] after division-geometry-filter+prune-isolated: 30132 nodes, 29186 edges\n"}
,{"stream_name":"stdout","time":2765.124438155,"data":"  [6bba_09961292] after short-track filtering: 29661 nodes, 28823 edges (components_removed=108)\n"}
,{"stream_name":"stdout","time":2771.166015052,"data":"  [6bba_09961292] FINAL: 29661 nodes, 28823 edges\n"}
,{"stream_name":"stdout","time":2771.419426299,"data":"[gap45] n=8 adjusted_edge_jaccard=0.9205 division_jaccard=0.2667 (tp/fp/fn=4/3/8) PROXY_SCORE=0.9472  [5.0 min]\n"}
,{"stream_name":"stdout","time":2836.050453008,"data":"  [44b6_12dfb391] after edge-filter+motion-relink: 46029 nodes, 43668 edges\n"}
,{"stream_name":"stdout","time":2844.656168105,"data":"  [44b6_12dfb391] after gap-closing (single-frame + gap2): 46718 nodes, 44972 edges\n"}
,{"stream_name":"stdout","time":2852.084285407,"data":"  [44b6_12dfb391] after safe-division repair: 46718 nodes, 44996 edges (geometric_candidates=159, deepcenter_rejected=135, post_veto_candidates=24, added=24, cap_skipped=0, mutual_nn_rejected=71, divergence_rejected=1590)\n"}
,{"stream_name":"stdout","time":2852.084342193,"data":"  [44b6_12dfb391] after division-geometry-filter+prune-isolated: 46718 nodes, 44996 edges\n"}
,{"stream_name":"stdout","time":2852.084348403,"data":"  [44b6_12dfb391] after short-track filtering: 45541 nodes, 44086 edges (components_removed=267)\n"}
,{"stream_name":"stdout","time":2861.602125318,"data":"  [44b6_12dfb391] FINAL: 45541 nodes, 44086 edges\n"}
,{"stream_name":"stdout","time":2879.368348288,"data":"  [44b6_267148e4] after edge-filter+motion-relink: 22873 nodes, 21481 edges\n"}
,{"stream_name":"stdout","time":2884.736551436,"data":"  [44b6_267148e4] after gap-closing (single-frame + gap2): 23127 nodes, 21950 edges\n"}
,{"stream_name":"stdout","time":2891.114108807,"data":"  [44b6_267148e4] after safe-division repair: 23127 nodes, 21980 edges (geometric_candidates=245, deepcenter_rejected=206, post_veto_candidates=39, added=30, cap_skipped=0, mutual_nn_rejected=116, divergence_rejected=1041)\n"}
,{"stream_name":"stdout","time":2891.114158897,"data":"  [44b6_267148e4] after division-geometry-filter+prune-isolated: 23076 nodes, 21980 edges\n"}
,{"stream_name":"stdout","time":2891.114167626,"data":"  [44b6_267148e4] after short-track filtering: 22383 nodes, 21460 edges (components_removed=173)\n"}
,{"stream_name":"stdout","time":2895.758374908,"data":"  [44b6_267148e4] FINAL: 22383 nodes, 21460 edges\n"}
,{"stream_name":"stdout","time":2945.509465123,"data":"  [44b6_2a2eff9f] after edge-filter+motion-relink: 40128 nodes, 37637 edges\n"}
,{"stream_name":"stdout","time":2954.88872397,"data":"  [44b6_2a2eff9f] after gap-closing (single-frame + gap2): 40675 nodes, 38653 edges\n"}
,{"stream_name":"stdout","time":2963.528970431,"data":"  [44b6_2a2eff9f] after safe-division repair: 40675 nodes, 38675 edges (geometric_candidates=286, deepcenter_rejected=263, post_veto_candidates=23, added=22, cap_skipped=0, mutual_nn_rejected=73, divergence_rejected=1582)\n"}
,{"stream_name":"stdout","time":2963.52902687,"data":"  [44b6_2a2eff9f] after division-geometry-filter+prune-isolated: 40674 nodes, 38675 edges\n"}
,{"stream_name":"stdout","time":2963.529035107,"data":"  [44b6_2a2eff9f] after short-track filtering: 39270 nodes, 37589 edges (components_removed=318)\n"}
,{"stream_name":"stdout","time":2972.009254722,"data":"  [44b6_2a2eff9f] FINAL: 39270 nodes, 37589 edges\n"}
,{"stream_name":"stdout","time":2974.588750518,"data":"  [44b6_341df25f] after edge-filter+motion-relink: 8526 nodes, 8199 edges\n"}
,{"stream_name":"stdout","time":2976.084982317,"data":"  [44b6_341df25f] after gap-closing (single-frame + gap2): 8584 nodes, 8301 edges\n"}
,{"stream_name":"stdout","time":2978.256112976,"data":"  [44b6_341df25f] after safe-division repair: 8584 nodes, 8311 edges (geometric_candidates=32, deepcenter_rejected=21, post_veto_candidates=11, added=10, cap_skipped=0, mutual_nn_rejected=6, divergence_rejected=156)\n"}
,{"stream_name":"stdout","time":2978.256161808,"data":"  [44b6_341df25f] after division-geometry-filter+prune-isolated: 8581 nodes, 8311 edges\n"}
,{"stream_name":"stdout","time":2978.256170428,"data":"  [44b6_341df25f] after short-track filtering: 8443 nodes, 8205 edges (components_removed=32)\n"}
,{"stream_name":"stdout","time":2979.901738141,"data":"  [44b6_341df25f] FINAL: 8443 nodes, 8205 edges\n"}
,{"stream_name":"stdout","time":2981.186536991,"data":"  [6bba_062c8d37] after edge-filter+motion-relink: 5987 nodes, 5640 edges\n"}
,{"stream_name":"stdout","time":2981.902755885,"data":"  [6bba_062c8d37] after gap-closing (single-frame + gap2): 6035 nodes, 5731 edges\n"}
,{"stream_name":"stdout","time":2983.097944063,"data":"  [6bba_062c8d37] after safe-division repair: 6035 nodes, 5735 edges (geometric_candidates=14, deepcenter_rejected=9, post_veto_candidates=5, added=4, cap_skipped=0, mutual_nn_rejected=4, divergence_rejected=66)\n"}
,{"stream_name":"stdout","time":2983.097986893,"data":"  [6bba_062c8d37] after division-geometry-filter+prune-isolated: 6014 nodes, 5735 edges\n"}
,{"stream_name":"stdout","time":2983.097993679,"data":"  [6bba_062c8d37] after short-track filtering: 5846 nodes, 5612 edges (components_removed=45)\n"}
,{"stream_name":"stdout","time":2984.288208528,"data":"  [6bba_062c8d37] FINAL: 5846 nodes, 5612 edges\n"}
,{"stream_name":"stdout","time":3014.346212047,"data":"  [6bba_07e24132] after edge-filter+motion-relink: 31276 nodes, 29623 edges\n"}
,{"stream_name":"stdout","time":3020.913754342,"data":"  [6bba_07e24132] after gap-closing (single-frame + gap2): 31611 nodes, 30234 edges\n"}
,{"stream_name":"stdout","time":3025.949752741,"data":"  [6bba_07e24132] after safe-division repair: 31611 nodes, 30238 edges (geometric_candidates=132, deepcenter_rejected=125, post_veto_candidates=7, added=4, cap_skipped=0, mutual_nn_rejected=83, divergence_rejected=1132)\n"}
,{"stream_name":"stdout","time":3025.949815053,"data":"  [6bba_07e24132] after division-geometry-filter+prune-isolated: 31597 nodes, 30238 edges\n"}
,{"stream_name":"stdout","time":3025.949824839,"data":"  [6bba_07e24132] after short-track filtering: 30563 nodes, 29441 edges (components_removed=237)\n"}
,{"stream_name":"stdout","time":3032.074455072,"data":"  [6bba_07e24132] FINAL: 30563 nodes, 29441 edges\n"}
,{"stream_name":"stdout","time":3034.614652607,"data":"  [6bba_085bf656] after edge-filter+motion-relink: 8431 nodes, 8108 edges\n"}
,{"stream_name":"stdout","time":3035.173328345,"data":"  [6bba_085bf656] after gap-closing (single-frame + gap2): 8447 nodes, 8137 edges\n"}
,{"stream_name":"stdout","time":3037.362312189,"data":"  [6bba_085bf656] after safe-division repair: 8447 nodes, 8140 edges (geometric_candidates=20, deepcenter_rejected=17, post_veto_candidates=3, added=3, cap_skipped=0, mutual_nn_rejected=6, divergence_rejected=104)\n"}
,{"stream_name":"stdout","time":3037.362389284,"data":"  [6bba_085bf656] after division-geometry-filter+prune-isolated: 8446 nodes, 8140 edges\n"}
,{"stream_name":"stdout","time":3037.362397636,"data":"  [6bba_085bf656] after short-track filtering: 8307 nodes, 8032 edges (components_removed=31)\n"}
,{"stream_name":"stdout","time":3039.214504204,"data":"  [6bba_085bf656] FINAL: 8307 nodes, 8032 edges\n"}
,{"stream_name":"stdout","time":3066.686778144,"data":"  [6bba_09961292] after edge-filter+motion-relink: 29925 nodes, 28772 edges\n"}
,{"stream_name":"stdout","time":3070.574513935,"data":"  [6bba_09961292] after gap-closing (single-frame + gap2): 30141 nodes, 29165 edges\n"}
,{"stream_name":"stdout","time":3074.935559007,"data":"  [6bba_09961292] after safe-division repair: 30141 nodes, 29190 edges (geometric_candidates=101, deepcenter_rejected=72, post_veto_candidates=29, added=25, cap_skipped=0, mutual_nn_rejected=70, divergence_rejected=990)\n"}
,{"stream_name":"stdout","time":3074.935620624,"data":"  [6bba_09961292] after division-geometry-filter+prune-isolated: 30137 nodes, 29190 edges\n"}
,{"stream_name":"stdout","time":3074.935626782,"data":"  [6bba_09961292] after short-track filtering: 29657 nodes, 28820 edges (components_removed=110)\n"}
,{"stream_name":"stdout","time":3080.798018136,"data":"  [6bba_09961292] FINAL: 29657 nodes, 28820 edges\n"}
,{"stream_name":"stdout","time":3080.798085012,"data":"[tight55] n=8 adjusted_edge_jaccard=0.9203 division_jaccard=0.2667 (tp/fp/fn=4/3/8) PROXY_SCORE=0.9470  [5.2 min]\n"}
,{"stream_name":"stdout","time":3146.205068663,"data":"  [44b6_12dfb391] after edge-filter+motion-relink: 46029 nodes, 43632 edges\n"}
,{"stream_name":"stdout","time":3154.362896595,"data":"  [44b6_12dfb391] after gap-closing (single-frame + gap2): 46735 nodes, 44970 edges\n"}
,{"stream_name":"stdout","time":3161.408158962,"data":"  [44b6_12dfb391] after safe-division repair: 46735 nodes, 44994 edges (geometric_candidates=162, deepcenter_rejected=138, post_veto_candidates=24, added=24, cap_skipped=0, mutual_nn_rejected=71, divergence_rejected=1602)\n"}
,{"stream_name":"stdout","time":3161.408217982,"data":"  [44b6_12dfb391] after division-geometry-filter+prune-isolated: 46734 nodes, 44994 edges\n"}
,{"stream_name":"stdout","time":3161.408260522,"data":"  [44b6_12dfb391] after short-track filtering: 45539 nodes, 44070 edges (components_removed=271)\n"}
,{"stream_name":"stdout","time":3170.55665994,"data":"  [44b6_12dfb391] FINAL: 45539 nodes, 44070 edges\n"}
,{"stream_name":"stdout","time":3187.627727641,"data":"  [44b6_267148e4] after edge-filter+motion-relink: 22873 nodes, 21397 edges\n"}
,{"stream_name":"stdout","time":3193.248517227,"data":"  [44b6_267148e4] after gap-closing (single-frame + gap2): 23154 nodes, 21917 edges\n"}
,{"stream_name":"stdout","time":3199.312943389,"data":"  [44b6_267148e4] after safe-division repair: 23154 nodes, 21943 edges (geometric_candidates=241, deepcenter_rejected=209, post_veto_candidates=32, added=26, cap_skipped=0, mutual_nn_rejected=144, divergence_rejected=1075)\n"}
,{"stream_name":"stdout","time":3199.31299942,"data":"  [44b6_267148e4] after division-geometry-filter+prune-isolated: 23084 nodes, 21943 edges\n"}
,{"stream_name":"stdout","time":3199.313008085,"data":"  [44b6_267148e4] after short-track filtering: 22301 nodes, 21358 edges (components_removed=198)\n"}
,{"stream_name":"stdout","time":3203.789377233,"data":"  [44b6_267148e4] FINAL: 22301 nodes, 21358 edges\n"}
,{"stream_name":"stdout","time":3252.380212833,"data":"  [44b6_2a2eff9f] after edge-filter+motion-relink: 40128 nodes, 37591 edges\n"}
,{"stream_name":"stdout","time":3261.162596507,"data":"  [44b6_2a2eff9f] after gap-closing (single-frame + gap2): 40696 nodes, 38648 edges\n"}
,{"stream_name":"stdout","time":3268.960899527,"data":"  [44b6_2a2eff9f] after safe-division repair: 40696 nodes, 38671 edges (geometric_candidates=288, deepcenter_rejected=264, post_veto_candidates=24, added=23, cap_skipped=0, mutual_nn_rejected=71, divergence_rejected=1601)\n"}
,{"stream_name":"stdout","time":3268.960943835,"data":"  [44b6_2a2eff9f] after division-geometry-filter+prune-isolated: 40695 nodes, 38671 edges\n"}
,{"stream_name":"stdout","time":3268.960948425,"data":"  [44b6_2a2eff9f] after short-track filtering: 39232 nodes, 37541 edges (components_removed=333)\n"}
,{"stream_name":"stdout","time":3276.913128738,"data":"  [44b6_2a2eff9f] FINAL: 39232 nodes, 37541 edges\n"}
,{"stream_name":"stdout","time":3279.50976317,"data":"  [44b6_341df25f] after edge-filter+motion-relink: 8526 nodes, 8200 edges\n"}
,{"stream_name":"stdout","time":3280.955833758,"data":"  [44b6_341df25f] after gap-closing (single-frame + gap2): 8584 nodes, 8302 edges\n"}
,{"stream_name":"stdout","time":3283.187749659,"data":"  [44b6_341df25f] after safe-division repair: 8584 nodes, 8312 edges (geometric_candidates=32, deepcenter_rejected=21, post_veto_candidates=11, added=10, cap_skipped=0, mutual_nn_rejected=5, divergence_rejected=154)\n"}
,{"stream_name":"stdout","time":3283.187786727,"data":"  [44b6_341df25f] after division-geometry-filter+prune-isolated: 8581 nodes, 8312 edges\n"}
,{"stream_name":"stdout","time":3283.187793566,"data":"  [44b6_341df25f] after short-track filtering: 8441 nodes, 8204 edges (components_removed=32)\n"}
,{"stream_name":"stdout","time":3284.838209782,"data":"  [44b6_341df25f] FINAL: 8441 nodes, 8204 edges\n"}
,{"stream_name":"stdout","time":3286.109686543,"data":"  [6bba_062c8d37] after edge-filter+motion-relink: 5987 nodes, 5613 edges\n"}
,{"stream_name":"stdout","time":3287.189254385,"data":"  [6bba_062c8d37] after gap-closing (single-frame + gap2): 6041 nodes, 5713 edges\n"}
,{"stream_name":"stdout","time":3288.41135127,"data":"  [6bba_062c8d37] after safe-division repair: 6041 nodes, 5717 edges (geometric_candidates=13, deepcenter_rejected=8, post_veto_candidates=5, added=4, cap_skipped=0, mutual_nn_rejected=5, divergence_rejected=73)\n"}
,{"stream_name":"stdout","time":3288.411510763,"data":"  [6bba_062c8d37] after division-geometry-filter+prune-isolated: 6019 nodes, 5717 edges\n"}
,{"stream_name":"stdout","time":3288.411519575,"data":"  [6bba_062c8d37] after short-track filtering: 5830 nodes, 5580 edges (components_removed=52)\n"}
,{"stream_name":"stdout","time":3289.591990789,"data":"  [6bba_062c8d37] FINAL: 5830 nodes, 5580 edges\n"}
,{"stream_name":"stdout","time":3319.426376268,"data":"  [6bba_07e24132] after edge-filter+motion-relink: 31276 nodes, 29566 edges\n"}
,{"stream_name":"stdout","time":3325.766790877,"data":"  [6bba_07e24132] after gap-closing (single-frame + gap2): 31623 nodes, 30201 edges\n"}
,{"stream_name":"stdout","time":3330.931841789,"data":"  [6bba_07e24132] after safe-division repair: 31623 nodes, 30207 edges (geometric_candidates=138, deepcenter_rejected=127, post_veto_candidates=11, added=6, cap_skipped=0, mutual_nn_rejected=97, divergence_rejected=1159)\n"}
,{"stream_name":"stdout","time":3330.931915678,"data":"  [6bba_07e24132] after division-geometry-filter+prune-isolated: 31604 nodes, 30207 edges\n"}
,{"stream_name":"stdout","time":3330.93273925,"data":"  [6bba_07e24132] after short-track filtering: 30533 nodes, 29385 edges (components_removed=249)\n"}
,{"stream_name":"stdout","time":3336.932755725,"data":"  [6bba_07e24132] FINAL: 30533 nodes, 29385 edges\n"}
,{"stream_name":"stdout","time":3339.458813792,"data":"  [6bba_085bf656] after edge-filter+motion-relink: 8431 nodes, 8102 edges\n"}
,{"stream_name":"stdout","time":3340.066302377,"data":"  [6bba_085bf656] after gap-closing (single-frame + gap2): 8451 nodes, 8137 edges\n"}
,{"stream_name":"stdout","time":3341.93417518,"data":"  [6bba_085bf656] after safe-division repair: 8451 nodes, 8139 edges (geometric_candidates=18, deepcenter_rejected=16, post_veto_candidates=2, added=2, cap_skipped=0, mutual_nn_rejected=6, divergence_rejected=106)\n"}
,{"stream_name":"stdout","time":3341.934212419,"data":"  [6bba_085bf656] after division-geometry-filter+prune-isolated: 8446 nodes, 8139 edges\n"}
,{"stream_name":"stdout","time":3341.934218647,"data":"  [6bba_085bf656] after short-track filtering: 8310 nodes, 8034 edges (components_removed=31)\n"}
,{"stream_name":"stdout","time":3343.670490899,"data":"  [6bba_085bf656] FINAL: 8310 nodes, 8034 edges\n"}
,{"stream_name":"stdout","time":3371.240018345,"data":"  [6bba_09961292] after edge-filter+motion-relink: 29925 nodes, 28731 edges\n"}
,{"stream_name":"stdout","time":3375.451775821,"data":"  [6bba_09961292] after gap-closing (single-frame + gap2): 30162 nodes, 29165 edges\n"}
,{"stream_name":"stdout","time":3379.821816688,"data":"  [6bba_09961292] after safe-division repair: 30162 nodes, 29192 edges (geometric_candidates=110, deepcenter_rejected=76, post_veto_candidates=34, added=27, cap_skipped=0, mutual_nn_rejected=75, divergence_rejected=1010)\n"}
,{"stream_name":"stdout","time":3379.821900906,"data":"  [6bba_09961292] after division-geometry-filter+prune-isolated: 30153 nodes, 29192 edges\n"}
,{"stream_name":"stdout","time":3379.821910165,"data":"  [6bba_09961292] after short-track filtering: 29673 nodes, 28822 edges (components_removed=110)\n"}
,{"stream_name":"stdout","time":3385.890379951,"data":"  [6bba_09961292] FINAL: 29673 nodes, 28822 edges\n"}
,{"stream_name":"stdout","time":3386.167795913,"data":"[relaxed9] n=8 adjusted_edge_jaccard=0.9227 division_jaccard=0.2667 (tp/fp/fn=4/3/8) PROXY_SCORE=0.9494  [5.1 min]\n"}
,{"stream_name":"stdout","time":3451.033643071,"data":"  [44b6_12dfb391] after edge-filter+motion-relink: 46029 nodes, 43669 edges\n"}
,{"stream_name":"stdout","time":3459.042317478,"data":"  [44b6_12dfb391] after gap-closing (single-frame + gap2): 46717 nodes, 44971 edges\n"}
,{"stream_name":"stdout","time":3466.045514962,"data":"  [44b6_12dfb391] after safe-division repair: 46717 nodes, 44995 edges (geometric_candidates=159, deepcenter_rejected=135, post_veto_candidates=24, added=24, cap_skipped=0, mutual_nn_rejected=72, divergence_rejected=1587)\n"}
,{"stream_name":"stdout","time":3466.045580819,"data":"  [44b6_12dfb391] after division-geometry-filter+prune-isolated: 46717 nodes, 44995 edges\n"}
,{"stream_name":"stdout","time":3466.045585512,"data":"  [44b6_12dfb391] after short-track filtering: 45536 nodes, 44082 edges (components_removed=268)\n"}
,{"stream_name":"stdout","time":3475.028996567,"data":"  [44b6_12dfb391] FINAL: 45536 nodes, 44082 edges\n"}
,{"stream_name":"stdout","time":3491.822184454,"data":"  [44b6_267148e4] after edge-filter+motion-relink: 22873 nodes, 21476 edges\n"}
,{"stream_name":"stdout","time":3497.189894098,"data":"  [44b6_267148e4] after gap-closing (single-frame + gap2): 23126 nodes, 21943 edges\n"}
,{"stream_name":"stdout","time":3503.308978216,"data":"  [44b6_267148e4] after safe-division repair: 23126 nodes, 21970 edges (geometric_candidates=236, deepcenter_rejected=203, post_veto_candidates=33, added=27, cap_skipped=0, mutual_nn_rejected=128, divergence_rejected=1027)\n"}
,{"stream_name":"stdout","time":3503.309070187,"data":"  [44b6_267148e4] after division-geometry-filter+prune-isolated: 23066 nodes, 21970 edges\n"}
,{"stream_name":"stdout","time":3503.309079027,"data":"  [44b6_267148e4] after short-track filtering: 22389 nodes, 21460 edges (components_removed=167)\n"}
,{"stream_name":"stdout","time":3507.652642779,"data":"  [44b6_267148e4] FINAL: 22389 nodes, 21460 edges\n"}
,{"stream_name":"stdout","time":3555.805835312,"data":"  [44b6_2a2eff9f] after edge-filter+motion-relink: 40128 nodes, 37634 edges\n"}
,{"stream_name":"stdout","time":3564.378599119,"data":"  [44b6_2a2eff9f] after gap-closing (single-frame + gap2): 40679 nodes, 38657 edges\n"}
,{"stream_name":"stdout","time":3572.002946418,"data":"  [44b6_2a2eff9f] after safe-division repair: 40679 nodes, 38679 edges (geometric_candidates=285, deepcenter_rejected=262, post_veto_candidates=23, added=22, cap_skipped=0, mutual_nn_rejected=73, divergence_rejected=1581)\n"}
,{"stream_name":"stdout","time":3572.003008358,"data":"  [44b6_2a2eff9f] after division-geometry-filter+prune-isolated: 40678 nodes, 38679 edges\n"}
,{"stream_name":"stdout","time":3572.003017292,"data":"  [44b6_2a2eff9f] after short-track filtering: 39289 nodes, 37604 edges (components_removed=314)\n"}
,{"stream_name":"stdout","time":3579.681359027,"data":"  [44b6_2a2eff9f] FINAL: 39289 nodes, 37604 edges\n"}
,{"stream_name":"stdout","time":3582.355981721,"data":"  [44b6_341df25f] after edge-filter+motion-relink: 8526 nodes, 8200 edges\n"}
,{"stream_name":"stdout","time":3583.774772037,"data":"  [44b6_341df25f] after gap-closing (single-frame + gap2): 8584 nodes, 8302 edges\n"}
,{"stream_name":"stdout","time":3586.018918668,"data":"  [44b6_341df25f] after safe-division repair: 8584 nodes, 8312 edges (geometric_candidates=32, deepcenter_rejected=21, post_veto_candidates=11, added=10, cap_skipped=0, mutual_nn_rejected=5, divergence_rejected=154)\n"}
,{"stream_name":"stdout","time":3586.0189554,"data":"  [44b6_341df25f] after division-geometry-filter+prune-isolated: 8581 nodes, 8312 edges\n"}
,{"stream_name":"stdout","time":3586.018968199,"data":"  [44b6_341df25f] after short-track filtering: 8441 nodes, 8204 edges (components_removed=32)\n"}
,{"stream_name":"stdout","time":3587.584378828,"data":"  [44b6_341df25f] FINAL: 8441 nodes, 8204 edges\n"}
,{"stream_name":"stdout","time":3588.853139278,"data":"  [6bba_062c8d37] after edge-filter+motion-relink: 5987 nodes, 5638 edges\n"}
,{"stream_name":"stdout","time":3589.66870017,"data":"  [6bba_062c8d37] after gap-closing (single-frame + gap2): 6036 nodes, 5731 edges\n"}
,{"stream_name":"stdout","time":3590.867826177,"data":"  [6bba_062c8d37] after safe-division repair: 6036 nodes, 5735 edges (geometric_candidates=14, deepcenter_rejected=9, post_veto_candidates=5, added=4, cap_skipped=0, mutual_nn_rejected=4, divergence_rejected=69)\n"}
,{"stream_name":"stdout","time":3590.867909136,"data":"  [6bba_062c8d37] after division-geometry-filter+prune-isolated: 6015 nodes, 5735 edges\n"}
,{"stream_name":"stdout","time":3590.867915877,"data":"  [6bba_062c8d37] after short-track filtering: 5854 nodes, 5617 edges (components_removed=43)\n"}
,{"stream_name":"stdout","time":3591.991557424,"data":"  [6bba_062c8d37] FINAL: 5854 nodes, 5617 edges\n"}
,{"stream_name":"stdout","time":3621.826406675,"data":"  [6bba_07e24132] after edge-filter+motion-relink: 31276 nodes, 29620 edges\n"}
,{"stream_name":"stdout","time":3628.058149248,"data":"  [6bba_07e24132] after gap-closing (single-frame + gap2): 31615 nodes, 30239 edges\n"}
,{"stream_name":"stdout","time":3633.205439777,"data":"  [6bba_07e24132] after safe-division repair: 31615 nodes, 30245 edges (geometric_candidates=133, deepcenter_rejected=125, post_veto_candidates=8, added=6, cap_skipped=0, mutual_nn_rejected=87, divergence_rejected=1128)\n"}
,{"stream_name":"stdout","time":3633.205556887,"data":"  [6bba_07e24132] after division-geometry-filter+prune-isolated: 31600 nodes, 30245 edges\n"}
,{"stream_name":"stdout","time":3633.205572819,"data":"  [6bba_07e24132] after short-track filtering: 30567 nodes, 29450 edges (components_removed=238)\n"}
,{"stream_name":"stdout","time":3639.183457458,"data":"  [6bba_07e24132] FINAL: 30567 nodes, 29450 edges\n"}
,{"stream_name":"stdout","time":3641.69160028,"data":"  [6bba_085bf656] after edge-filter+motion-relink: 8431 nodes, 8108 edges\n"}
,{"stream_name":"stdout","time":3642.260240698,"data":"  [6bba_085bf656] after gap-closing (single-frame + gap2): 8447 nodes, 8137 edges\n"}
,{"stream_name":"stdout","time":3644.274648267,"data":"  [6bba_085bf656] after safe-division repair: 8447 nodes, 8140 edges (geometric_candidates=20, deepcenter_rejected=17, post_veto_candidates=3, added=3, cap_skipped=0, mutual_nn_rejected=6, divergence_rejected=104)\n"}
,{"stream_name":"stdout","time":3644.274730371,"data":"  [6bba_085bf656] after division-geometry-filter+prune-isolated: 8446 nodes, 8140 edges\n"}
,{"stream_name":"stdout","time":3644.274738736,"data":"  [6bba_085bf656] after short-track filtering: 8307 nodes, 8032 edges (components_removed=31)\n"}
,{"stream_name":"stdout","time":3645.94347563,"data":"  [6bba_085bf656] FINAL: 8307 nodes, 8032 edges\n"}
,{"stream_name":"stdout","time":3673.20061514,"data":"  [6bba_09961292] after edge-filter+motion-relink: 29925 nodes, 28766 edges\n"}
,{"stream_name":"stdout","time":3677.415096769,"data":"  [6bba_09961292] after gap-closing (single-frame + gap2): 30149 nodes, 29174 edges\n"}
,{"stream_name":"stdout","time":3681.782941972,"data":"  [6bba_09961292] after safe-division repair: 30149 nodes, 29201 edges (geometric_candidates=105, deepcenter_rejected=73, post_veto_candidates=32, added=27, cap_skipped=0, mutual_nn_rejected=76, divergence_rejected=975)\n"}
,{"stream_name":"stdout","time":3681.783007703,"data":"  [6bba_09961292] after division-geometry-filter+prune-isolated: 30142 nodes, 29201 edges\n"}
,{"stream_name":"stdout","time":3681.783016927,"data":"  [6bba_09961292] after short-track filtering: 29678 nodes, 28843 edges (components_removed=106)\n"}
,{"stream_name":"stdout","time":3687.780677105,"data":"  [6bba_09961292] FINAL: 29678 nodes, 28843 edges\n"}
,{"stream_name":"stdout","time":3688.045184913,"data":"[bonus125] n=8 adjusted_edge_jaccard=0.9208 division_jaccard=0.2667 (tp/fp/fn=4/3/8) PROXY_SCORE=0.9474  [5.0 min]\n"}
,{"stream_name":"stdout","time":3751.432222829,"data":"  [44b6_12dfb391] after edge-filter+motion-relink: 46029 nodes, 43669 edges\n"}
,{"stream_name":"stdout","time":3759.71591666,"data":"  [44b6_12dfb391] after gap-closing (single-frame + gap2): 46717 nodes, 44971 edges\n"}
,{"stream_name":"stdout","time":3767.154287712,"data":"  [44b6_12dfb391] after safe-division repair: 46717 nodes, 44995 edges (geometric_candidates=159, deepcenter_rejected=135, post_veto_candidates=24, added=24, cap_skipped=0, mutual_nn_rejected=71, divergence_rejected=1589)\n"}
,{"stream_name":"stdout","time":3767.154343503,"data":"  [44b6_12dfb391] after division-geometry-filter+prune-isolated: 46717 nodes, 44995 edges\n"}
,{"stream_name":"stdout","time":3767.1543506,"data":"  [44b6_12dfb391] after short-track filtering: 45540 nodes, 44085 edges (components_removed=267)\n"}
,{"stream_name":"stdout","time":3776.286010984,"data":"  [44b6_12dfb391] FINAL: 45540 nodes, 44085 edges\n"}
,{"stream_name":"stdout","time":3793.135823448,"data":"  [44b6_267148e4] after edge-filter+motion-relink: 22873 nodes, 21471 edges\n"}
,{"stream_name":"stdout","time":3798.399173519,"data":"  [44b6_267148e4] after gap-closing (single-frame + gap2): 23125 nodes, 21936 edges\n"}
,{"stream_name":"stdout","time":3804.540962226,"data":"  [44b6_267148e4] after safe-division repair: 23125 nodes, 21963 edges (geometric_candidates=240, deepcenter_rejected=206, post_veto_candidates=34, added=27, cap_skipped=0, mutual_nn_rejected=131, divergence_rejected=1036)\n"}
,{"stream_name":"stdout","time":3804.541033883,"data":"  [44b6_267148e4] after division-geometry-filter+prune-isolated: 23064 nodes, 21963 edges\n"}
,{"stream_name":"stdout","time":3804.541041907,"data":"  [44b6_267148e4] after short-track filtering: 22372 nodes, 21443 edges (components_removed=172)\n"}
,{"stream_name":"stdout","time":3808.93912909,"data":"  [44b6_267148e4] FINAL: 22372 nodes, 21443 edges\n"}
,{"stream_name":"stdout","time":3857.677468156,"data":"  [44b6_2a2eff9f] after edge-filter+motion-relink: 40128 nodes, 37634 edges\n"}
,{"stream_name":"stdout","time":3866.271709159,"data":"  [44b6_2a2eff9f] after gap-closing (single-frame + gap2): 40676 nodes, 38652 edges\n"}
,{"stream_name":"stdout","time":3873.823886206,"data":"  [44b6_2a2eff9f] after safe-division repair: 40676 nodes, 38674 edges (geometric_candidates=286, deepcenter_rejected=263, post_veto_candidates=23, added=22, cap_skipped=0, mutual_nn_rejected=73, divergence_rejected=1583)\n"}
,{"stream_name":"stdout","time":3873.823951983,"data":"  [44b6_2a2eff9f] after division-geometry-filter+prune-isolated: 40675 nodes, 38674 edges\n"}
,{"stream_name":"stdout","time":3873.823959653,"data":"  [44b6_2a2eff9f] after short-track filtering: 39271 nodes, 37588 edges (components_removed=318)\n"}
,{"stream_name":"stdout","time":3881.69604267,"data":"  [44b6_2a2eff9f] FINAL: 39271 nodes, 37588 edges\n"}
,{"stream_name":"stdout","time":3884.307762767,"data":"  [44b6_341df25f] after edge-filter+motion-relink: 8526 nodes, 8200 edges\n"}
,{"stream_name":"stdout","time":3885.746500851,"data":"  [44b6_341df25f] after gap-closing (single-frame + gap2): 8584 nodes, 8302 edges\n"}
,{"stream_name":"stdout","time":3887.982785542,"data":"  [44b6_341df25f] after safe-division repair: 8584 nodes, 8312 edges (geometric_candidates=32, deepcenter_rejected=21, post_veto_candidates=11, added=10, cap_skipped=0, mutual_nn_rejected=5, divergence_rejected=154)\n"}
,{"stream_name":"stdout","time":3887.982823399,"data":"  [44b6_341df25f] after division-geometry-filter+prune-isolated: 8581 nodes, 8312 edges\n"}
,{"stream_name":"stdout","time":3887.982831183,"data":"  [44b6_341df25f] after short-track filtering: 8441 nodes, 8204 edges (components_removed=32)\n"}
,{"stream_name":"stdout","time":3889.578338236,"data":"  [44b6_341df25f] FINAL: 8441 nodes, 8204 edges\n"}
,{"stream_name":"stdout","time":3890.837275267,"data":"  [6bba_062c8d37] after edge-filter+motion-relink: 5987 nodes, 5637 edges\n"}
,{"stream_name":"stdout","time":3891.650707275,"data":"  [6bba_062c8d37] after gap-closing (single-frame + gap2): 6035 nodes, 5728 edges\n"}
,{"stream_name":"stdout","time":3892.855128496,"data":"  [6bba_062c8d37] after safe-division repair: 6035 nodes, 5732 edges (geometric_candidates=14, deepcenter_rejected=9, post_veto_candidates=5, added=4, cap_skipped=0, mutual_nn_rejected=5, divergence_rejected=69)\n"}
,{"stream_name":"stdout","time":3892.855180061,"data":"  [6bba_062c8d37] after division-geometry-filter+prune-isolated: 6014 nodes, 5732 edges\n"}
,{"stream_name":"stdout","time":3892.855188905,"data":"  [6bba_062c8d37] after short-track filtering: 5851 nodes, 5613 edges (components_removed=44)\n"}
,{"stream_name":"stdout","time":3894.017164967,"data":"  [6bba_062c8d37] FINAL: 5851 nodes, 5613 edges\n"}
,{"stream_name":"stdout","time":3923.760880807,"data":"  [6bba_07e24132] after edge-filter+motion-relink: 31276 nodes, 29621 edges\n"}
,{"stream_name":"stdout","time":3929.857043115,"data":"  [6bba_07e24132] after gap-closing (single-frame + gap2): 31613 nodes, 30236 edges\n"}
,{"stream_name":"stdout","time":3934.914401003,"data":"  [6bba_07e24132] after safe-division repair: 31613 nodes, 30241 edges (geometric_candidates=132, deepcenter_rejected=125, post_veto_candidates=7, added=5, cap_skipped=0, mutual_nn_rejected=86, divergence_rejected=1125)\n"}
,{"stream_name":"stdout","time":3934.914562585,"data":"  [6bba_07e24132] after division-geometry-filter+prune-isolated: 31597 nodes, 30241 edges\n"}
,{"stream_name":"stdout","time":3934.915361723,"data":"  [6bba_07e24132] after short-track filtering: 30567 nodes, 29448 edges (components_removed=237)\n"}
,{"stream_name":"stdout","time":3940.868470769,"data":"  [6bba_07e24132] FINAL: 30567 nodes, 29448 edges\n"}
,{"stream_name":"stdout","time":3943.369817396,"data":"  [6bba_085bf656] after edge-filter+motion-relink: 8431 nodes, 8108 edges\n"}
,{"stream_name":"stdout","time":3943.921361864,"data":"  [6bba_085bf656] after gap-closing (single-frame + gap2): 8447 nodes, 8137 edges\n"}
,{"stream_name":"stdout","time":3945.921825455,"data":"  [6bba_085bf656] after safe-division repair: 8447 nodes, 8140 edges (geometric_candidates=20, deepcenter_rejected=17, post_veto_candidates=3, added=3, cap_skipped=0, mutual_nn_rejected=6, divergence_rejected=104)\n"}
,{"stream_name":"stdout","time":3945.921909713,"data":"  [6bba_085bf656] after division-geometry-filter+prune-isolated: 8446 nodes, 8140 edges\n"}
,{"stream_name":"stdout","time":3945.921917778,"data":"  [6bba_085bf656] after short-track filtering: 8307 nodes, 8032 edges (components_removed=31)\n"}
,{"stream_name":"stdout","time":3947.513599012,"data":"  [6bba_085bf656] FINAL: 8307 nodes, 8032 edges\n"}
,{"stream_name":"stdout","time":3974.642351451,"data":"  [6bba_09961292] after edge-filter+motion-relink: 29925 nodes, 28766 edges\n"}
,{"stream_name":"stdout","time":3978.792039312,"data":"  [6bba_09961292] after gap-closing (single-frame + gap2): 30145 nodes, 29167 edges\n"}
,{"stream_name":"stdout","time":3983.110224908,"data":"  [6bba_09961292] after safe-division repair: 30145 nodes, 29194 edges (geometric_candidates=105, deepcenter_rejected=73, post_veto_candidates=32, added=27, cap_skipped=0, mutual_nn_rejected=76, divergence_rejected=983)\n"}
,{"stream_name":"stdout","time":3983.110284072,"data":"  [6bba_09961292] after division-geometry-filter+prune-isolated: 30137 nodes, 29194 edges\n"}
,{"stream_name":"stdout","time":3983.110294296,"data":"  [6bba_09961292] after short-track filtering: 29666 nodes, 28831 edges (components_removed=108)\n"}
,{"stream_name":"stdout","time":3988.882402629,"data":"  [6bba_09961292] FINAL: 29666 nodes, 28831 edges\n"}
,{"stream_name":"stdout","time":3988.882435909,"data":"[gap2step40] n=8 adjusted_edge_jaccard=0.9205 division_jaccard=0.2667 (tp/fp/fn=4/3/8) PROXY_SCORE=0.9472  [5.0 min]\n"}
,{"stream_name":"stdout","time":4052.556042065,"data":"  [44b6_12dfb391] after edge-filter+motion-relink: 46029 nodes, 43669 edges\n"}
,{"stream_name":"stdout","time":4060.620171859,"data":"  [44b6_12dfb391] after gap-closing (single-frame + gap2): 46717 nodes, 44971 edges\n"}
,{"stream_name":"stdout","time":4067.710606366,"data":"  [44b6_12dfb391] after safe-division repair: 46717 nodes, 44995 edges (geometric_candidates=159, deepcenter_rejected=135, post_veto_candidates=24, added=24, cap_skipped=0, mutual_nn_rejected=71, divergence_rejected=1589)\n"}
,{"stream_name":"stdout","time":4067.710655632,"data":"  [44b6_12dfb391] after division-geometry-filter+prune-isolated: 46717 nodes, 44995 edges\n"}
,{"stream_name":"stdout","time":4067.710660958,"data":"  [44b6_12dfb391] after short-track filtering: 45540 nodes, 44085 edges (components_removed=267)\n"}
,{"stream_name":"stdout","time":4076.724757733,"data":"  [44b6_12dfb391] FINAL: 45540 nodes, 44085 edges\n"}
,{"stream_name":"stdout","time":4093.605994702,"data":"  [44b6_267148e4] after edge-filter+motion-relink: 22873 nodes, 21471 edges\n"}
,{"stream_name":"stdout","time":4098.721686325,"data":"  [44b6_267148e4] after gap-closing (single-frame + gap2): 23125 nodes, 21936 edges\n"}
,{"stream_name":"stdout","time":4104.888128488,"data":"  [44b6_267148e4] after safe-division repair: 23125 nodes, 21963 edges (geometric_candidates=240, deepcenter_rejected=206, post_veto_candidates=34, added=27, cap_skipped=0, mutual_nn_rejected=131, divergence_rejected=1036)\n"}
,{"stream_name":"stdout","time":4104.888184379,"data":"  [44b6_267148e4] after division-geometry-filter+prune-isolated: 23064 nodes, 21963 edges\n"}
,{"stream_name":"stdout","time":4104.8881932,"data":"  [44b6_267148e4] after short-track filtering: 22372 nodes, 21443 edges (components_removed=172)\n"}
,{"stream_name":"stdout","time":4109.359074056,"data":"  [44b6_267148e4] FINAL: 22372 nodes, 21443 edges\n"}
,{"stream_name":"stdout","time":4157.537313196,"data":"  [44b6_2a2eff9f] after edge-filter+motion-relink: 40128 nodes, 37634 edges\n"}
,{"stream_name":"stdout","time":4166.031580179,"data":"  [44b6_2a2eff9f] after gap-closing (single-frame + gap2): 40676 nodes, 38652 edges\n"}
,{"stream_name":"stdout","time":4173.762409027,"data":"  [44b6_2a2eff9f] after safe-division repair: 40676 nodes, 38674 edges (geometric_candidates=286, deepcenter_rejected=263, post_veto_candidates=23, added=22, cap_skipped=0, mutual_nn_rejected=73, divergence_rejected=1583)\n"}
,{"stream_name":"stdout","time":4173.762466892,"data":"  [44b6_2a2eff9f] after division-geometry-filter+prune-isolated: 40675 nodes, 38674 edges\n"}
,{"stream_name":"stdout","time":4173.762475689,"data":"  [44b6_2a2eff9f] after short-track filtering: 39271 nodes, 37588 edges (components_removed=318)\n"}
,{"stream_name":"stdout","time":4181.407506376,"data":"  [44b6_2a2eff9f] FINAL: 39271 nodes, 37588 edges\n"}
,{"stream_name":"stdout","time":4184.022077182,"data":"  [44b6_341df25f] after edge-filter+motion-relink: 8526 nodes, 8200 edges\n"}
,{"stream_name":"stdout","time":4185.424837875,"data":"  [44b6_341df25f] after gap-closing (single-frame + gap2): 8584 nodes, 8302 edges\n"}
,{"stream_name":"stdout","time":4187.613333553,"data":"  [44b6_341df25f] after safe-division repair: 8584 nodes, 8312 edges (geometric_candidates=32, deepcenter_rejected=21, post_veto_candidates=11, added=10, cap_skipped=0, mutual_nn_rejected=5, divergence_rejected=154)\n"}
,{"stream_name":"stdout","time":4187.613371928,"data":"  [44b6_341df25f] after division-geometry-filter+prune-isolated: 8581 nodes, 8312 edges\n"}
,{"stream_name":"stdout","time":4187.61337978,"data":"  [44b6_341df25f] after short-track filtering: 8441 nodes, 8204 edges (components_removed=32)\n"}
,{"stream_name":"stdout","time":4189.151650686,"data":"  [44b6_341df25f] FINAL: 8441 nodes, 8204 edges\n"}
,{"stream_name":"stdout","time":4190.417076051,"data":"  [6bba_062c8d37] after edge-filter+motion-relink: 5987 nodes, 5637 edges\n"}
,{"stream_name":"stdout","time":4191.212025504,"data":"  [6bba_062c8d37] after gap-closing (single-frame + gap2): 6035 nodes, 5728 edges\n"}
,{"stream_name":"stdout","time":4192.427803759,"data":"  [6bba_062c8d37] after safe-division repair: 6035 nodes, 5732 edges (geometric_candidates=14, deepcenter_rejected=9, post_veto_candidates=5, added=4, cap_skipped=0, mutual_nn_rejected=5, divergence_rejected=69)\n"}
,{"stream_name":"stdout","time":4192.427842282,"data":"  [6bba_062c8d37] after division-geometry-filter+prune-isolated: 6014 nodes, 5732 edges\n"}
,{"stream_name":"stdout","time":4192.427849127,"data":"  [6bba_062c8d37] after short-track filtering: 5851 nodes, 5613 edges (components_removed=44)\n"}
,{"stream_name":"stdout","time":4193.597320042,"data":"  [6bba_062c8d37] FINAL: 5851 nodes, 5613 edges\n"}
,{"stream_name":"stdout","time":4223.401928816,"data":"  [6bba_07e24132] after edge-filter+motion-relink: 31276 nodes, 29621 edges\n"}
,{"stream_name":"stdout","time":4229.484706774,"data":"  [6bba_07e24132] after gap-closing (single-frame + gap2): 31613 nodes, 30236 edges\n"}
,{"stream_name":"stdout","time":4234.807655087,"data":"  [6bba_07e24132] after safe-division repair: 31613 nodes, 30241 edges (geometric_candidates=132, deepcenter_rejected=125, post_veto_candidates=7, added=5, cap_skipped=0, mutual_nn_rejected=86, divergence_rejected=1125)\n"}
,{"stream_name":"stdout","time":4234.80785279,"data":"  [6bba_07e24132] after division-geometry-filter+prune-isolated: 31597 nodes, 30241 edges\n"}
,{"stream_name":"stdout","time":4234.80872495,"data":"  [6bba_07e24132] after short-track filtering: 30567 nodes, 29448 edges (components_removed=237)\n"}
,{"stream_name":"stdout","time":4240.745189276,"data":"  [6bba_07e24132] FINAL: 30567 nodes, 29448 edges\n"}
,{"stream_name":"stdout","time":4243.282214901,"data":"  [6bba_085bf656] after edge-filter+motion-relink: 8431 nodes, 8108 edges\n"}
,{"stream_name":"stdout","time":4243.822517756,"data":"  [6bba_085bf656] after gap-closing (single-frame + gap2): 8447 nodes, 8137 edges\n"}
,{"stream_name":"stdout","time":4245.89193921,"data":"  [6bba_085bf656] after safe-division repair: 8447 nodes, 8140 edges (geometric_candidates=20, deepcenter_rejected=17, post_veto_candidates=3, added=3, cap_skipped=0, mutual_nn_rejected=6, divergence_rejected=104)\n"}
,{"stream_name":"stdout","time":4245.891994707,"data":"  [6bba_085bf656] after division-geometry-filter+prune-isolated: 8446 nodes, 8140 edges\n"}
,{"stream_name":"stdout","time":4245.892008873,"data":"  [6bba_085bf656] after short-track filtering: 8307 nodes, 8032 edges (components_removed=31)\n"}
,{"stream_name":"stdout","time":4247.495650973,"data":"  [6bba_085bf656] FINAL: 8307 nodes, 8032 edges\n"}
,{"stream_name":"stdout","time":4274.457082132,"data":"  [6bba_09961292] after edge-filter+motion-relink: 29925 nodes, 28766 edges\n"}
,{"stream_name":"stdout","time":4278.465157704,"data":"  [6bba_09961292] after gap-closing (single-frame + gap2): 30145 nodes, 29167 edges\n"}
,{"stream_name":"stdout","time":4282.88075252,"data":"  [6bba_09961292] after safe-division repair: 30145 nodes, 29194 edges (geometric_candidates=105, deepcenter_rejected=73, post_veto_candidates=32, added=27, cap_skipped=0, mutual_nn_rejected=76, divergence_rejected=983)\n"}
,{"stream_name":"stdout","time":4282.880806628,"data":"  [6bba_09961292] after division-geometry-filter+prune-isolated: 30137 nodes, 29194 edges\n"}
,{"stream_name":"stdout","time":4282.880815397,"data":"  [6bba_09961292] after short-track filtering: 29666 nodes, 28831 edges (components_removed=108)\n"}
,{"stream_name":"stdout","time":4288.718387371,"data":"  [6bba_09961292] FINAL: 29666 nodes, 28831 edges\n"}
,{"stream_name":"stdout","time":4288.978923268,"data":"[reuse28] n=8 adjusted_edge_jaccard=0.9205 division_jaccard=0.2667 (tp/fp/fn=4/3/8) PROXY_SCORE=0.9472  [5.0 min]\n"}
,{"stream_name":"stdout","time":4352.285539951,"data":"  [44b6_12dfb391] after edge-filter+motion-relink: 46029 nodes, 43669 edges\n"}
,{"stream_name":"stdout","time":4360.145651809,"data":"  [44b6_12dfb391] after gap-closing (single-frame + gap2): 46701 nodes, 44938 edges\n"}
,{"stream_name":"stdout","time":4367.226614656,"data":"  [44b6_12dfb391] after safe-division repair: 46701 nodes, 44962 edges (geometric_candidates=159, deepcenter_rejected=135, post_veto_candidates=24, added=24, cap_skipped=0, mutual_nn_rejected=72, divergence_rejected=1608)\n"}
,{"stream_name":"stdout","time":4367.226661955,"data":"  [44b6_12dfb391] after division-geometry-filter+prune-isolated: 46701 nodes, 44962 edges\n"}
,{"stream_name":"stdout","time":4367.226703144,"data":"  [44b6_12dfb391] after short-track filtering: 45499 nodes, 44033 edges (components_removed=273)\n"}
,{"stream_name":"stdout","time":4376.262435879,"data":"  [44b6_12dfb391] FINAL: 45499 nodes, 44033 edges\n"}
,{"stream_name":"stdout","time":4393.183402893,"data":"  [44b6_267148e4] after edge-filter+motion-relink: 22873 nodes, 21471 edges\n"}
,{"stream_name":"stdout","time":4398.325538842,"data":"  [44b6_267148e4] after gap-closing (single-frame + gap2): 23121 nodes, 21927 edges\n"}
,{"stream_name":"stdout","time":4404.576586289,"data":"  [44b6_267148e4] after safe-division repair: 23121 nodes, 21954 edges (geometric_candidates=242, deepcenter_rejected=207, post_veto_candidates=35, added=27, cap_skipped=0, mutual_nn_rejected=132, divergence_rejected=1041)\n"}
,{"stream_name":"stdout","time":4404.576656659,"data":"  [44b6_267148e4] after division-geometry-filter+prune-isolated: 23060 nodes, 21954 edges\n"}
,{"stream_name":"stdout","time":4404.576677902,"data":"  [44b6_267148e4] after short-track filtering: 22365 nodes, 21432 edges (components_removed=173)\n"}
,{"stream_name":"stdout","time":4408.930378597,"data":"  [44b6_267148e4] FINAL: 22365 nodes, 21432 edges\n"}
,{"stream_name":"stdout","time":4457.312799073,"data":"  [44b6_2a2eff9f] after edge-filter+motion-relink: 40128 nodes, 37634 edges\n"}
,{"stream_name":"stdout","time":4465.941077722,"data":"  [44b6_2a2eff9f] after gap-closing (single-frame + gap2): 40660 nodes, 38620 edges\n"}
,{"stream_name":"stdout","time":4473.717908935,"data":"  [44b6_2a2eff9f] after safe-division repair: 40660 nodes, 38642 edges (geometric_candidates=287, deepcenter_rejected=264, post_veto_candidates=23, added=22, cap_skipped=0, mutual_nn_rejected=73, divergence_rejected=1613)\n"}
,{"stream_name":"stdout","time":4473.717964366,"data":"  [44b6_2a2eff9f] after division-geometry-filter+prune-isolated: 40659 nodes, 38642 edges\n"}
,{"stream_name":"stdout","time":4473.717970264,"data":"  [44b6_2a2eff9f] after short-track filtering: 39233 nodes, 37539 edges (components_removed=323)\n"}
,{"stream_name":"stdout","time":4481.435784567,"data":"  [44b6_2a2eff9f] FINAL: 39233 nodes, 37539 edges\n"}
,{"stream_name":"stdout","time":4483.918559593,"data":"  [44b6_341df25f] after edge-filter+motion-relink: 8526 nodes, 8200 edges\n"}
,{"stream_name":"stdout","time":4485.311751888,"data":"  [44b6_341df25f] after gap-closing (single-frame + gap2): 8584 nodes, 8302 edges\n"}
,{"stream_name":"stdout","time":4487.55411272,"data":"  [44b6_341df25f] after safe-division repair: 8584 nodes, 8312 edges (geometric_candidates=32, deepcenter_rejected=21, post_veto_candidates=11, added=10, cap_skipped=0, mutual_nn_rejected=5, divergence_rejected=154)\n"}
,{"stream_name":"stdout","time":4487.554152094,"data":"  [44b6_341df25f] after division-geometry-filter+prune-isolated: 8581 nodes, 8312 edges\n"}
,{"stream_name":"stdout","time":4487.554174348,"data":"  [44b6_341df25f] after short-track filtering: 8441 nodes, 8204 edges (components_removed=32)\n"}
,{"stream_name":"stdout","time":4489.102829485,"data":"  [44b6_341df25f] FINAL: 8441 nodes, 8204 edges\n"}
,{"stream_name":"stdout","time":4490.409867203,"data":"  [6bba_062c8d37] after edge-filter+motion-relink: 5987 nodes, 5637 edges\n"}
,{"stream_name":"stdout","time":4491.209827392,"data":"  [6bba_062c8d37] after gap-closing (single-frame + gap2): 6035 nodes, 5728 edges\n"}
,{"stream_name":"stdout","time":4492.43984368,"data":"  [6bba_062c8d37] after safe-division repair: 6035 nodes, 5732 edges (geometric_candidates=14, deepcenter_rejected=9, post_veto_candidates=5, added=4, cap_skipped=0, mutual_nn_rejected=5, divergence_rejected=69)\n"}
,{"stream_name":"stdout","time":4492.439928264,"data":"  [6bba_062c8d37] after division-geometry-filter+prune-isolated: 6014 nodes, 5732 edges\n"}
,{"stream_name":"stdout","time":4492.439936832,"data":"  [6bba_062c8d37] after short-track filtering: 5851 nodes, 5613 edges (components_removed=44)\n"}
,{"stream_name":"stdout","time":4493.599911898,"data":"  [6bba_062c8d37] FINAL: 5851 nodes, 5613 edges\n"}
,{"stream_name":"stdout","time":4523.24320494,"data":"  [6bba_07e24132] after edge-filter+motion-relink: 31276 nodes, 29621 edges\n"}
,{"stream_name":"stdout","time":4529.296255802,"data":"  [6bba_07e24132] after gap-closing (single-frame + gap2): 31608 nodes, 30226 edges\n"}
,{"stream_name":"stdout","time":4534.458348808,"data":"  [6bba_07e24132] after safe-division repair: 31608 nodes, 30232 edges (geometric_candidates=133, deepcenter_rejected=125, post_veto_candidates=8, added=6, cap_skipped=0, mutual_nn_rejected=87, divergence_rejected=1127)\n"}
,{"stream_name":"stdout","time":4534.458501718,"data":"  [6bba_07e24132] after division-geometry-filter+prune-isolated: 31592 nodes, 30232 edges\n"}
,{"stream_name":"stdout","time":4534.459164085,"data":"  [6bba_07e24132] after short-track filtering: 30548 nodes, 29428 edges (components_removed=240)\n"}
,{"stream_name":"stdout","time":4540.490708001,"data":"  [6bba_07e24132] FINAL: 30548 nodes, 29428 edges\n"}
,{"stream_name":"stdout","time":4543.241568633,"data":"  [6bba_085bf656] after edge-filter+motion-relink: 8431 nodes, 8108 edges\n"}
,{"stream_name":"stdout","time":4543.763527957,"data":"  [6bba_085bf656] after gap-closing (single-frame + gap2): 8447 nodes, 8137 edges\n"}
,{"stream_name":"stdout","time":4545.863478678,"data":"  [6bba_085bf656] after safe-division repair: 8447 nodes, 8140 edges (geometric_candidates=20, deepcenter_rejected=17, post_veto_candidates=3, added=3, cap_skipped=0, mutual_nn_rejected=6, divergence_rejected=104)\n"}
,{"stream_name":"stdout","time":4545.863552232,"data":"  [6bba_085bf656] after division-geometry-filter+prune-isolated: 8446 nodes, 8140 edges\n"}
,{"stream_name":"stdout","time":4545.864569526,"data":"  [6bba_085bf656] after short-track filtering: 8307 nodes, 8032 edges (components_removed=31)\n"}
,{"stream_name":"stdout","time":4547.477100808,"data":"  [6bba_085bf656] FINAL: 8307 nodes, 8032 edges\n"}
,{"stream_name":"stdout","time":4574.394915683,"data":"  [6bba_09961292] after edge-filter+motion-relink: 29925 nodes, 28766 edges\n"}
,{"stream_name":"stdout","time":4578.615051158,"data":"  [6bba_09961292] after gap-closing (single-frame + gap2): 30143 nodes, 29163 edges\n"}
,{"stream_name":"stdout","time":4583.003278945,"data":"  [6bba_09961292] after safe-division repair: 30143 nodes, 29191 edges (geometric_candidates=106, deepcenter_rejected=73, post_veto_candidates=33, added=28, cap_skipped=0, mutual_nn_rejected=78, divergence_rejected=986)\n"}
,{"stream_name":"stdout","time":4583.00334093,"data":"  [6bba_09961292] after division-geometry-filter+prune-isolated: 30135 nodes, 29191 edges\n"}
,{"stream_name":"stdout","time":4583.003366372,"data":"  [6bba_09961292] after short-track filtering: 29664 nodes, 28828 edges (components_removed=108)\n"}
,{"stream_name":"stdout","time":4588.814321923,"data":"  [6bba_09961292] FINAL: 29664 nodes, 28828 edges\n"}
,{"stream_name":"stdout","time":4589.064330274,"data":"[dcgap035] n=8 adjusted_edge_jaccard=0.9205 division_jaccard=0.2667 (tp/fp/fn=4/3/8) PROXY_SCORE=0.9472  [5.0 min]\n"}
,{"stream_name":"stdout","time":4589.064381325,"data":"\n"}
,{"stream_name":"stdout","time":4589.064386905,"data":"==============================================================================\n"}
,{"stream_name":"stdout","time":4589.064391843,"data":"SWEEP TABLE (sorted by PROXY_SCORE)\n"}
,{"stream_name":"stdout","time":4589.064396373,"data":"==============================================================================\n"}
,{"stream_name":"stdout","time":4589.064401195,"data":"  relaxed9                                 proxy=0.9494 (+0.0022)  adj=0.9227  divJ=0.2667 (tp/fp/fn=4/3/8)\n"}
,{"stream_name":"stdout","time":4589.064406005,"data":"  bonus125                                 proxy=0.9474 (+0.0003)  adj=0.9208  divJ=0.2667 (tp/fp/fn=4/3/8)\n"}
,{"stream_name":"stdout","time":4589.064410997,"data":"  dcgap035                                 proxy=0.9472 (+0.0000)  adj=0.9205  divJ=0.2667 (tp/fp/fn=4/3/8)\n"}
,{"stream_name":"stdout","time":4589.064415745,"data":"  gap45                                    proxy=0.9472 (+0.0000)  adj=0.9205  divJ=0.2667 (tp/fp/fn=4/3/8)\n"}
,{"stream_name":"stdout","time":4589.064420209,"data":"  base                                     proxy=0.9472 (+0.0000)  adj=0.9205  divJ=0.2667 (tp/fp/fn=4/3/8)\n"}
,{"stream_name":"stdout","time":4589.064424892,"data":"  gap2step40                               proxy=0.9472 (+0.0000)  adj=0.9205  divJ=0.2667 (tp/fp/fn=4/3/8)\n"}
,{"stream_name":"stdout","time":4589.064429547,"data":"  reuse28                                  proxy=0.9472 (+0.0000)  adj=0.9205  divJ=0.2667 (tp/fp/fn=4/3/8)\n"}
,{"stream_name":"stdout","time":4589.064434234,"data":"  tight55                                  proxy=0.9470 (-0.0001)  adj=0.9203  divJ=0.2667 (tp/fp/fn=4/3/8)\n"}
,{"stream_name":"stdout","time":4589.064439114,"data":"\n"}
,{"stream_name":"stdout","time":4589.064443444,"data":"SELECTED: relaxed9  overrides={'MOTION_RELINK_RELAXED_UM': 9.0}  (margin rule: \u003e= +0.001 proxy and adj loss \u003c= 0.0005)\n"}
,{"stream_name":"stdout","time":4589.064449019,"data":"  base     proxy=0.9472 adj=0.9205 divJ=0.2667\n"}
,{"stream_name":"stdout","time":4589.064453631,"data":"  selected proxy=0.9494 adj=0.9227 divJ=0.2667\n"}
,{"stream_name":"stdout","time":4589.064458446,"data":"\n"}
,{"stream_name":"stdout","time":4589.064462675,"data":"Re-writing submission.csv with the selected post-process configuration: relaxed9\n"}
,{"stream_name":"stdout","time":4589.0644674,"data":"Found 4 prediction graphs\n"}
,{"stream_name":"stdout","time":4609.671608902,"data":"  [44b6_0113de3b] after edge-filter+motion-relink: 25747 nodes, 24822 edges\n"}
,{"stream_name":"stdout","time":4611.565693734,"data":"  [44b6_0113de3b] after gap-closing (single-frame + gap2): 25815 nodes, 24948 edges\n"}
,{"stream_name":"stdout","time":4618.453229524,"data":"  [44b6_0113de3b] after safe-division repair: 25815 nodes, 24989 edges (geometric_candidates=174, deepcenter_rejected=121, post_veto_candidates=53, added=41, cap_skipped=0, mutual_nn_rejected=76, divergence_rejected=551)\n"}
,{"stream_name":"stdout","time":4618.453299972,"data":"  [44b6_0113de3b] after division-geometry-filter+prune-isolated: 25808 nodes, 24989 edges\n"}
,{"stream_name":"stdout","time":4618.453310047,"data":"  [44b6_0113de3b] after short-track filtering: 25520 nodes, 24769 edges (components_removed=68)\n"}
,{"stream_name":"stdout","time":4623.528086669,"data":"  [44b6_0113de3b] FINAL: 25520 nodes, 24769 edges\n"}
,{"stream_name":"stdout","time":4638.854353008,"data":"  [44b6_0b24845f] after edge-filter+motion-relink: 21817 nodes, 19707 edges\n"}
,{"stream_name":"stdout","time":4646.748700243,"data":"  [44b6_0b24845f] after gap-closing (single-frame + gap2): 22219 nodes, 20441 edges\n"}
,{"stream_name":"stdout","time":4652.829922583,"data":"  [44b6_0b24845f] after safe-division repair: 22219 nodes, 20455 edges (geometric_candidates=220, deepcenter_rejected=204, post_veto_candidates=16, added=14, cap_skipped=0, mutual_nn_rejected=53, divergence_rejected=862)\n"}
,{"stream_name":"stdout","time":4652.829977487,"data":"  [44b6_0b24845f] after division-geometry-filter+prune-isolated: 22196 nodes, 20455 edges\n"}
,{"stream_name":"stdout","time":4652.829984766,"data":"  [44b6_0b24845f] after short-track filtering: 20111 nodes, 18849 edges (components_removed=479)\n"}
,{"stream_name":"stdout","time":4656.713750646,"data":"  [44b6_0b24845f] FINAL: 20111 nodes, 18849 edges\n"}
,{"stream_name":"stdout","time":4658.395788897,"data":"  [6bba_05b6850b] after edge-filter+motion-relink: 6287 nodes, 6008 edges\n"}
,{"stream_name":"stdout","time":4659.218630274,"data":"  [6bba_05b6850b] after gap-closing (single-frame + gap2): 6319 nodes, 6066 edges\n"}
,{"stream_name":"stdout","time":4660.634168824,"data":"  [6bba_05b6850b] after safe-division repair: 6319 nodes, 6072 edges (geometric_candidates=21, deepcenter_rejected=15, post_veto_candidates=6, added=6, cap_skipped=0, mutual_nn_rejected=6, divergence_rejected=86)\n"}
,{"stream_name":"stdout","time":4660.634213058,"data":"  [6bba_05b6850b] after division-geometry-filter+prune-isolated: 6318 nodes, 6072 edges\n"}
,{"stream_name":"stdout","time":4660.634218615,"data":"  [6bba_05b6850b] after short-track filtering: 6144 nodes, 5939 edges (components_removed=41)\n"}
,{"stream_name":"stdout","time":4661.828986102,"data":"  [6bba_05b6850b] FINAL: 6144 nodes, 5939 edges\n"}
,{"stream_name":"stdout","time":4812.43313932,"data":"  [6bba_05db0fb1] after edge-filter+motion-relink: 70763 nodes, 67907 edges\n"}
,{"stream_name":"stdout","time":4820.442267673,"data":"  [6bba_05db0fb1] after gap-closing (single-frame + gap2): 71210 nodes, 68742 edges\n"}
,{"stream_name":"stdout","time":4828.631588625,"data":"  [6bba_05db0fb1] after safe-division repair: 71210 nodes, 68774 edges (geometric_candidates=323, deepcenter_rejected=284, post_veto_candidates=39, added=32, cap_skipped=0, mutual_nn_rejected=312, divergence_rejected=2867)\n"}
,{"stream_name":"stdout","time":4828.631648065,"data":"  [6bba_05db0fb1] after division-geometry-filter+prune-isolated: 71170 nodes, 68774 edges\n"}
,{"stream_name":"stdout","time":4828.937570348,"data":"  [6bba_05db0fb1] after short-track filtering: 70228 nodes, 68052 edges (components_removed=220)\n"}
,{"stream_name":"stdout","time":4842.899696805,"data":"  [6bba_05db0fb1] FINAL: 70228 nodes, 68052 edges\n"}
,{"stream_name":"stdout","time":4843.132511474,"data":"Wrote /kaggle/working/submission.csv with 239,612 rows\n"}
,{"stream_name":"stdout","time":4843.132553131,"data":"Node rows: 122,003 | edge rows: 117,609\n"}
,{"stream_name":"stdout","time":4843.132558033,"data":"Wrote /kaggle/working/run_stats.csv\n"}
,{"stream_name":"stdout","time":4843.541809337,"data":"  44b6_0113de3b: nodes=25520 edges=24769 divisions=41\n"}
,{"stream_name":"stdout","time":4843.541848648,"data":"  44b6_0b24845f: nodes=20111 edges=18849 divisions=14\n"}
,{"stream_name":"stdout","time":4843.541855405,"data":"  6bba_05b6850b: nodes=6144 edges=5939 divisions=6\n"}
,{"stream_name":"stdout","time":4843.541860972,"data":"  6bba_05db0fb1: nodes=70228 edges=68052 divisions=32\n"}
,{"stream_name":"stdout","time":4843.54188586,"data":"Final submission.csv rows=239612  config=relaxed9\n"}
,{"stream_name":"stdout","time":4843.681218482,"data":"==============================================================================\n"}
,{"stream_name":"stdout","time":4843.681268516,"data":"PIPELINE MANIFEST -- resolved state, not just config\n"}
,{"stream_name":"stdout","time":4843.681273908,"data":"==============================================================================\n"}
,{"stream_name":"stdout","time":4843.681277739,"data":"Dual-seed ensemble:      requested=True  weights_found=True\n"}
,{"stream_name":"stdout","time":4843.681282007,"data":"Bidirectional fusion:    weight=0.15  active=True  mode=harmonic_probability\n"}
,{"stream_name":"stdout","time":4843.681286383,"data":"DeepCenter veto:         requested=True  loaded=True\n"}
,{"stream_name":"stdout","time":4843.681289806,"data":"  - checkpoint file:     /kaggle/input/datasets/pilkwang/biohub-deepcenter-unet3d-center-prior-v1/weights/full_frame_center/best.pt\n"}
,{"stream_name":"stdout","time":4843.681293607,"data":"  - expected epoch:      2\n"}
,{"stream_name":"stdout","time":4843.681296933,"data":"  - gap veto:            True\n"}
,{"stream_name":"stdout","time":4843.681300133,"data":"  - safe-div veto:       True\n"}
,{"stream_name":"stdout","time":4843.681303392,"data":"Safe-div thresholds:     parent\u003c=9.0um  sister\u003c=14.0um  global_cap=0.00375  frame_cap=0.0076\n"}
,{"stream_name":"stdout","time":4843.681307237,"data":"Validator:               enabled=True  held_out_samples=8  match_radius=7.0um\n"}
,{"stream_name":"stdout","time":4843.681311096,"data":"==============================================================================\n"}
,{"stream_name":"stdout","time":4845.949463679,"data":"PUBLIC946_FINAL_AUDIT_PASS {\"receipt\": \"public946_final_audit.json\", \"rows\": 239612, \"selected\": \"relaxed9\", \"sha256\": \"e0f76698c0de55be2d5e7eefcd6f87f3805621716b45c6b6e047fe1268851873\"}\n"}
,{"stream_name":"stderr","time":4851.478739759,"data":"/usr/local/lib/python3.12/dist-packages/mistune.py:435: SyntaxWarning: invalid escape sequence '\\|'\n"}
,{"stream_name":"stderr","time":4851.478783525,"data":"  cells[i][c] = re.sub('\\\\\\\\\\|', '|', cell)\n"}
,{"stream_name":"stderr","time":4851.602486052,"data":"/usr/local/lib/python3.12/dist-packages/nbconvert/filters/filter_links.py:36: SyntaxWarning: invalid escape sequence '\\_'\n"}
,{"stream_name":"stderr","time":4851.602519944,"data":"  text = re.sub(r'_', '\\_', text) # Escape underscores in display text\n"}
,{"stream_name":"stderr","time":4852.302563438,"data":"[NbConvertApp] Converting notebook __notebook__.ipynb to notebook\n"}
,{"stream_name":"stderr","time":4852.791088943,"data":"[NbConvertApp] Writing 716972 bytes to __notebook__.ipynb\n"}
,{"stream_name":"stderr","time":4855.1608389,"data":"[NbConvertApp] Converting notebook __notebook__.ipynb to html\n"}
,{"stream_name":"stderr","time":4856.739169745,"data":"[NbConvertApp] Writing 1734775 bytes to __results__.html\n"}
]