[{"stream_name":"stderr","time":7.345332368,"data":"0.00s - Debugger warning: It seems that frozen modules are being used, which may\n"}
,{"stream_name":"stderr","time":7.345420845,"data":"0.00s - make the debugger miss breakpoints. Please pass -Xfrozen_modules=off\n"}
,{"stream_name":"stderr","time":7.345433375,"data":"0.00s - to python to disable frozen modules.\n"}
,{"stream_name":"stderr","time":7.345436613,"data":"0.00s - Note: Debugging will proceed. Set PYDEVD_DISABLE_FILE_VALIDATION=1 to disable this validation.\n"}
,{"stream_name":"stderr","time":7.998938371,"data":"0.00s - Debugger warning: It seems that frozen modules are being used, which may\n"}
,{"stream_name":"stderr","time":7.9989689649999995,"data":"0.00s - make the debugger miss breakpoints. Please pass -Xfrozen_modules=off\n"}
,{"stream_name":"stderr","time":7.998974554,"data":"0.00s - to python to disable frozen modules.\n"}
,{"stream_name":"stderr","time":7.998978835,"data":"0.00s - Note: Debugging will proceed. Set PYDEVD_DISABLE_FILE_VALIDATION=1 to disable this validation.\n"}
,{"stream_name":"stdout","time":9.099784127,"data":"BIOHUB_PRESET: harmonic_v3_division_wide\n"}
,{"stream_name":"stdout","time":9.099831343,"data":"BIOHUB_SCORE_AXIS: public 0.939 base + holdout-selected post-process configuration\n"}
,{"stream_name":"stdout","time":9.123802227,"data":"Configuration guard: PASS\n"}
,{"stream_name":"stdout","time":9.123830325,"data":"Baseline: fixed-90 dual-seed clean pipeline (public LB 0.913)\n"}
,{"stream_name":"stdout","time":9.123836685,"data":"Single model-level change: harmonic mutual-support association fusion\n"}
,{"stream_name":"stdout","time":9.123841049,"data":"Reverse-time association weight: 0.200\n"}
,{"stream_name":"stdout","time":9.992657203,"data":"Biohub learned UNet + node-transformer + ILP submission\n"}
,{"stream_name":"stdout","time":9.992686873,"data":"COMP_DIR: /kaggle/input/competitions/biohub-cell-tracking-during-development exists: True\n"}
,{"stream_name":"stdout","time":9.992692572,"data":"TEST_DIR: /kaggle/input/competitions/biohub-cell-tracking-during-development/test exists: True\n"}
,{"stream_name":"stdout","time":9.992697167,"data":"{\n"}
,{"stream_name":"stdout","time":9.992700731,"data":"  \"adaptive_short_track_rescue\": true,\n"}
,{"stream_name":"stdout","time":9.992704797,"data":"  \"allow_artifact_fallback\": false,\n"}
,{"stream_name":"stdout","time":9.992708499,"data":"  \"allow_pip_install\": false,\n"}
,{"stream_name":"stdout","time":9.992713276,"data":"  \"deepcenter_checkpoint_default\": \"/kaggle/input/biohub-deepcenter-unet3d-center-prior-v1/weights/full_frame_center/best.pt\",\n"}
,{"stream_name":"stdout","time":9.992717525,"data":"  \"deepcenter_expected_epoch\": 2,\n"}
,{"stream_name":"stdout","time":9.99272181,"data":"  \"deepcenter_gap_add_gate\": true,\n"}
,{"stream_name":"stdout","time":9.992732369,"data":"  \"deepcenter_gap_confirm_min_span_um\": 8.5,\n"}
,{"stream_name":"stdout","time":9.992736696,"data":"  \"deepcenter_gap_threshold\": 0.25,\n"}
,{"stream_name":"stdout","time":9.992740288,"data":"  \"deepcenter_safe_div_add_gate\": true,\n"}
,{"stream_name":"stdout","time":9.992744118,"data":"  \"deepcenter_safe_div_threshold\": 0.25,\n"}
,{"stream_name":"stdout","time":9.992747856,"data":"  \"det_threshold\": 0.965,\n"}
,{"stream_name":"stdout","time":9.992751428,"data":"  \"div_drop_to_single_if_bad\": true,\n"}
,{"stream_name":"stdout","time":9.992754964,"data":"  \"div_parent_max_um\": 10.5,\n"}
,{"stream_name":"stdout","time":9.992758506,"data":"  \"div_sister_max_um\": 8.0,\n"}
,{"stream_name":"stdout","time":9.992762318,"data":"  \"experiment_tag\": \"selected_101_dual_seed_near_balanced_center_confirmed_synthetic_gap\",\n"}
,{"stream_name":"stdout","time":9.992780417,"data":"  \"gap2_frame_frac_cap\": 0.006,\n"}
,{"stream_name":"stdout","time":9.992784553,"data":"  \"gap2_max_links_abs\": 180,\n"}
,{"stream_name":"stdout","time":9.992788707999999,"data":"  \"gap2_max_links_frac\": 0.0045,\n"}
,{"stream_name":"stdout","time":9.992792342,"data":"  \"gap2_max_step_um\": 4.4,\n"}
,{"stream_name":"stdout","time":9.99279598,"data":"  \"gap2_max_total_um\": 10.2,\n"}
,{"stream_name":"stdout","time":9.992799635,"data":"  \"gap2_require_context\": true,\n"}
,{"stream_name":"stdout","time":9.992803646,"data":"  \"gap_close_effective_max_gap\": 1,\n"}
,{"stream_name":"stdout","time":9.992806994,"data":"  \"gap_close_max_added_abs\": 2000,\n"}
,{"stream_name":"stdout","time":9.992810514,"data":"  \"gap_close_max_added_frac\": 0.05,\n"}
,{"stream_name":"stdout","time":9.992815138,"data":"  \"gap_close_max_gap\": 2,\n"}
,{"stream_name":"stdout","time":9.992819086,"data":"  \"gap_close_reuse_existing\": true,\n"}
,{"stream_name":"stdout","time":9.992822627,"data":"  \"gap_close_reuse_um\": 3.2,\n"}
,{"stream_name":"stdout","time":9.992826235999999,"data":"  \"gap_close_um\": 5.0,\n"}
,{"stream_name":"stdout","time":9.992830364,"data":"  \"gap_density_adaptive\": true,\n"}
,{"stream_name":"stdout","time":9.992834018,"data":"  \"gap_density_gain\": 0.04,\n"}
,{"stream_name":"stdout","time":9.992838301,"data":"  \"gap_density_max_step_delta_um\": 0.125,\n"}
,{"stream_name":"stdout","time":9.992841849,"data":"  \"gap_density_neighbors\": 3,\n"}
,{"stream_name":"stdout","time":9.992845395,"data":"  \"gap_density_reference_um\": 6.5,\n"}
,{"stream_name":"stdout","time":9.992849059,"data":"  \"gap_refine_max_shift_um\": 3.2,\n"}
,{"stream_name":"stdout","time":9.992852695,"data":"  \"gap_refine_synthetic\": true,\n"}
,{"stream_name":"stdout","time":9.992856297,"data":"  \"gap_refine_win_yx\": 3,\n"}
,{"stream_name":"stdout","time":9.992859811,"data":"  \"gap_refine_win_z\": 1,\n"}
,{"stream_name":"stdout","time":9.992863372,"data":"  \"ilp_appearance_weight\": 0.0,\n"}
,{"stream_name":"stdout","time":9.992882889,"data":"  \"ilp_disappearance_weight\": 2.0,\n"}
,{"stream_name":"stdout","time":9.992887887,"data":"  \"ilp_division_weight\": 1.2,\n"}
,{"stream_name":"stdout","time":9.992895766,"data":"  \"ilp_edge_weight\": -1.0,\n"}
,{"stream_name":"stdout","time":9.992900295,"data":"  \"method\": \"unet_transformer\",\n"}
,{"stream_name":"stdout","time":9.992904001,"data":"  \"motion_relink_learned_bonus\": 1.0,\n"}
,{"stream_name":"stdout","time":9.992907775,"data":"  \"motion_relink_max_frame_nodes\": 2600,\n"}
,{"stream_name":"stdout","time":9.992911532,"data":"  \"motion_relink_relaxed_um\": 10.0,\n"}
,{"stream_name":"stdout","time":9.992915213,"data":"  \"motion_relink_tight_um\": 6.0,\n"}
,{"stream_name":"stdout","time":9.992918684,"data":"  \"motion_relink_velocity_weight\": 0.5,\n"}
,{"stream_name":"stdout","time":9.992922284,"data":"  \"output_division_geometry_filter\": false,\n"}
,{"stream_name":"stdout","time":9.992926087,"data":"  \"output_edge_max_um\": 14.0,\n"}
,{"stream_name":"stdout","time":9.992931553,"data":"  \"output_enforce_next_frame\": true,\n"}
,{"stream_name":"stdout","time":9.992935408,"data":"  \"output_filter_short_tracks\": true,\n"}
,{"stream_name":"stdout","time":9.992939247,"data":"  \"output_gap2_recovery\": true,\n"}
,{"stream_name":"stdout","time":9.992942726,"data":"  \"output_gap_close\": true,\n"}
,{"stream_name":"stdout","time":9.992946581,"data":"  \"output_keep_division_components\": true,\n"}
,{"stream_name":"stdout","time":9.992955555,"data":"  \"output_linefit_smooth\": true,\n"}
,{"stream_name":"stdout","time":9.992959594,"data":"  \"output_linefit_weight\": 0.8,\n"}
,{"stream_name":"stdout","time":9.992982045,"data":"  \"output_linefit_window\": 2,\n"}
,{"stream_name":"stdout","time":9.99298625,"data":"  \"output_min_track_len\": 6,\n"}
,{"stream_name":"stdout","time":9.99299022,"data":"  \"output_motion_relink\": true,\n"}
,{"stream_name":"stdout","time":9.992994105,"data":"  \"output_prune_isolated\": true,\n"}
,{"stream_name":"stdout","time":9.992997748,"data":"  \"output_safe_divisions\": true,\n"}
,{"stream_name":"stdout","time":9.993001438,"data":"  \"output_single_child_repair\": false,\n"}
,{"stream_name":"stdout","time":9.993005448,"data":"  \"output_single_parent_repair\": true,\n"}
,{"stream_name":"stdout","time":9.993009129,"data":"  \"primary_artifact_manifest\": \"/kaggle/input/datasets/pilkwang/biohub-tracking-support-pack-50ep-v1/ARTIFACT_MANIFEST.json\",\n"}
,{"stream_name":"stdout","time":9.993013263,"data":"  \"safe_div_existing_child_max_um\": 10.0,\n"}
,{"stream_name":"stdout","time":9.993016968,"data":"  \"safe_div_frame_frac_cap\": 0.0076,\n"}
,{"stream_name":"stdout","time":9.993021498,"data":"  \"safe_div_global_frac_cap\": 0.00375,\n"}
,{"stream_name":"stdout","time":9.993025376,"data":"  \"safe_div_max_um\": 9.0,\n"}
,{"stream_name":"stdout","time":9.99302893,"data":"  \"safe_div_sister_max_um\": 14.0,\n"}
,{"stream_name":"stdout","time":9.993032756,"data":"  \"short_track_rescue_max_mean_edge_dist_um\": 3.0,\n"}
,{"stream_name":"stdout","time":9.993036441,"data":"  \"short_track_rescue_max_nodes_abs\": 120,\n"}
,{"stream_name":"stdout","time":9.993039958,"data":"  \"short_track_rescue_max_nodes_frac\": 0.012,\n"}
,{"stream_name":"stdout","time":9.993043609,"data":"  \"short_track_rescue_min_len\": 4,\n"}
,{"stream_name":"stdout","time":9.993047682,"data":"  \"short_track_rescue_min_mean_edge_prob\": 0.88,\n"}
,{"stream_name":"stdout","time":9.993051829,"data":"  \"short_track_rescue_trigger_removed_frac\": 0.1,\n"}
,{"stream_name":"stdout","time":9.993055721,"data":"  \"slice\": \"\",\n"}
,{"stream_name":"stdout","time":9.993059767,"data":"  \"target_artifact_slug\": \"biohub-tracking-support-pack-50ep-v1\",\n"}
,{"stream_name":"stdout","time":9.993064042,"data":"  \"unet_batch_size\": 4,\n"}
,{"stream_name":"stdout","time":9.993067482,"data":"  \"use_deepcenter_add_only_gate\": true,\n"}
,{"stream_name":"stdout","time":9.993071082,"data":"  \"use_ilp\": true,\n"}
,{"stream_name":"stdout","time":9.993074878,"data":"  \"weights\": \"weights/unet_transformer/split_0/edge_predictor_best.pth\"\n"}
,{"stream_name":"stdout","time":9.993079046,"data":"}\n"}
,{"stream_name":"stdout","time":10.199767574,"data":"ARTIFACTS: /kaggle/input/datasets/pilkwang/biohub-tracking-support-pack-50ep-v1\n"}
,{"stream_name":"stdout","time":10.199795098,"data":"Has offline wheels: True\n"}
,{"stream_name":"stdout","time":10.199802133,"data":"Artifact name: biohub-tracking-support-pack-400ep-snapshot-v1\n"}
,{"stream_name":"stdout","time":10.19980925,"data":"Weight sha256: 12f6881ee3620a831697ca098ff8f48e687a24225f4e048b538deec3562fe771\n"}
,{"stream_name":"stdout","time":10.199811882,"data":"Weight path: weights/unet_transformer/split_0/edge_predictor_best.pth\n"}
,{"stream_name":"stdout","time":10.990826473,"data":"Installing missing packages from offline package dirs: ['polars']\n"}
,{"stream_name":"stdout","time":10.990855084,"data":"Dependency resolver is disabled with --no-deps to avoid replacing Kaggle numpy/scipy in a live kernel.\n"}
,{"stream_name":"stdout","time":10.990989566,"data":"Offline package dirs: ['/kaggle/input/datasets/pilkwang/biohub-tracking-support-pack-50ep-v1/wheels']\n"}
,{"stream_name":"stdout","time":16.666745386,"data":"Offline dependency install succeeded.\n"}
,{"stream_name":"stdout","time":16.666786872,"data":"Installing missing packages from offline package dirs: ['tracksdata', 'zarr', 'pyscipopt', 'geff', 'geff_spec', 'ilpy', 'imagecodecs', 'rustworkx', 'numcodecs', 'donfig', 'bidict']\n"}
,{"stream_name":"stdout","time":16.666792259,"data":"Dependency resolver is disabled with --no-deps to avoid replacing Kaggle numpy/scipy in a live kernel.\n"}
,{"stream_name":"stdout","time":16.666812241,"data":"Offline package dirs: ['/kaggle/input/datasets/pilkwang/biohub-tracking-support-pack-50ep-v1/wheels']\n"}
,{"stream_name":"stdout","time":44.40419131,"data":"Offline dependency install succeeded.\n"}
,{"stream_name":"stderr","time":52.312090919,"data":"/usr/local/lib/python3.12/dist-packages/dask/array/image.py:7: FutureWarning: `find_available_plugins` is deprecated since version 0.25 and will be removed in version 0.27. The plugin infrastructure of `skimage.io` is deprecated. Instead, use `imageio` or other I/O packages directly.\n"}
,{"stream_name":"stderr","time":52.312127395,"data":"  from skimage.io import imread as sk_imread\n"}
,{"stream_name":"stderr","time":52.312134869,"data":"/usr/lib/python3.12/importlib/__init__.py:90: FutureWarning: `reset_plugins` is deprecated since version 0.25 and will be removed in version 0.27. The plugin infrastructure of `skimage.io` is deprecated. Instead, use `imageio` or other I/O packages directly.\n"}
,{"stream_name":"stderr","time":52.312140545,"data":"  return _bootstrap._gcd_import(name[level:], package, level)\n"}
,{"stream_name":"stderr","time":52.312145449,"data":"\n"}
,{"stream_name":"stderr","time":52.312150386,"data":"/usr/local/lib/python3.12/dist-packages/dask/array/image.py:7: FutureWarning: `find_available_plugins` is deprecated since version 0.25 and will be removed in version 0.27. The plugin infrastructure of `skimage.io` is deprecated. Instead, use `imageio` or other I/O packages directly.\n"}
,{"stream_name":"stderr","time":52.312156102,"data":"  from skimage.io import imread as sk_imread\n"}
,{"stream_name":"stderr","time":52.312161449,"data":"/usr/lib/python3.12/importlib/__init__.py:90: FutureWarning: `reset_plugins` is deprecated since version 0.25 and will be removed in version 0.27. The plugin infrastructure of `skimage.io` is deprecated. Instead, use `imageio` or other I/O packages directly.\n"}
,{"stream_name":"stderr","time":52.312167106,"data":"  return _bootstrap._gcd_import(name[level:], package, level)\n"}
,{"stream_name":"stdout","time":52.559609719,"data":"Required graph/Zarr/ILP packages import successfully.\n"}
,{"stream_name":"stdout","time":52.559661743,"data":"Inference repo: /kaggle/working/tracking_repo\n"}
,{"stream_name":"stdout","time":52.559669745,"data":"Weights: /kaggle/working/tracking_repo/weights/unet_transformer/split_0/edge_predictor_best.pth\n"}
,{"stream_name":"stdout","time":52.962703849,"data":"Support repo Python manifest SHA256: 978b626d1fd1e7397435a437dfe68691defe1572fc3c20e61012d7c9b52ed029\n"}
,{"stream_name":"stdout","time":52.96275314,"data":"Primary materialized SHA256: 12f6881ee3620a831697ca098ff8f48e687a24225f4e048b538deec3562fe771\n"}
,{"stream_name":"stdout","time":52.962760918,"data":"DeepCenter materialized SHA256: 8040999a92f6b7bbd98fa8cf458141e045c0f9ad7c936bdb3b18e1f7edafe2a0\n"}
,{"stream_name":"stdout","time":329.988604534,"data":"Secondary artifact: /kaggle/input/datasets/pilkwang/biohub-temporal-unet3d-seed314159-v1\n"}
,{"stream_name":"stdout","time":329.988671069,"data":"Secondary weight: /kaggle/working/secondary_seed_weights/unet_transformer/split_0/edge_predictor_best.pth\n"}
,{"stream_name":"stdout","time":329.988690285,"data":"Secondary SHA256: 9bac2fa0dadc4a6fc1899e0caf187f4b553e0a7cd90ba1261a68b35ffe9e305f\n"}
,{"stream_name":"stdout","time":329.988695728,"data":"Secondary edge-logit weight: 0.15\n"}
,{"stream_name":"stdout","time":329.9886999,"data":"Runtime integrity receipt: /kaggle/working/bidirectional_production_runtime_integrity.json\n"}
,{"stream_name":"stdout","time":334.580064159,"data":"CUDA device: Tesla T4\n"}
,{"stream_name":"stdout","time":334.580099433,"data":"TTA patch applied (400ep spatial D4-style)\n"}
,{"stream_name":"stdout","time":334.580105233,"data":"Calibrated dual-seed runtime patch applied\n"}
,{"stream_name":"stdout","time":334.580110058,"data":"Frozen frame retention guard applied at 0.90\n"}
,{"stream_name":"stdout","time":334.580114578,"data":"Bidirectional harmonic-probability association fusion applied | weight= 0.15\n"}
,{"stream_name":"stdout","time":334.580118776,"data":"Pre-ILP detector-coordinate manifest hook applied\n"}
,{"stream_name":"stdout","time":334.580122825,"data":"EDGE_TTA patch installed and enabled in /kaggle/working/tracking_repo/scripts/predict_unet_transformer.py\n"}
,{"stream_name":"stdout","time":334.580131163,"data":"PUBLIC946_PATCH_RECEIPT {\"algorithm_sha256\": \"f21ed2d7e60fb33789161631ee4a64d363634dac90902851595d2898e75c12d2\", \"arm\": \"C2\", \"audit_enabled\": true, \"expanded_sha256\": \"2e500cfda31d519ece0b2862f51984ac111eec1358549aeaa7884eca91a96ba5\", \"parent_sha256\": \"49613ad0b50ac90c3e07e3f8a803f2adf0926203be3f4a97d577c60b8f756178\", \"replacements\": [{\"label\": \"secondary_accumulator_clone_preserves_original\", \"matches\": 1, \"new_sha256\": \"e5d3deda1190fb59ac9be1432db74287712902a33825d5cf55ae4a4548855d93\", \"old_sha256\": \"d8499b452942b3c50704eab3460acadc1311fcd8972b694b32ef41d9878c859a\"}, {\"label\": \"secondary_reuse_existing_encode_flip\", \"matches\": 1, \"new_sha256\": \"ff038d1308230755bf11cee5f012fa0d976247fc49d8e0bf6bb275aa713588ba\", \"old_sha256\": \"a3ce9c4794d7743e6e264db56bed9a44b3d759539b8845826b3a906501553bc4\"}, {\"label\": \"secondary_accumulate_release_flip\", \"matches\": 1, \"new_sha256\": \"46afcb2e733e1ec97a2df581f6c9cabc506ed12cc8c47395ccbedd69da08255f\", \"old_sha256\": \"4c3f2368b5c4bf9e31eac4b388dc78caf9b812240545aa572326f74bc541f073\"}, {\"label\": \"secondary_reuse_existing_encode_rot\", \"matches\": 1, \"new_sha256\": \"79655a6a2675e607e94506c2d23f47716fc673ffb34aebd7110a42e45137f9df\", \"old_sha256\": \"72daa856950c9e38b1ab5840d4aa4fd8b94714e3dcb01fa2d51a8759fffbe3d0\"}, {\"label\": \"secondary_accumulate_release_rot\", \"matches\": 1, \"new_sha256\": \"7caafb95921b4c46c328e74078ca4c833ce022618f560e78cd484d5a04cac2d4\", \"old_sha256\": \"83769c1a65acc18e56e7a420f112fa8c89e4d69e4f9ba0f22446943a776655dd\"}, {\"label\": \"secondary_reuse_existing_encode_t\", \"matches\": 1, \"new_sha256\": \"f8dcff3689f80e74d009e31fd8067b31ae5b5c585150af8aad04d7414cd5d925\", \"old_sha256\": \"edb721fedf265494ee5e5c13ff9b18eda8af18ca7d11046907615c4fb7228740\"}, {\"label\": \"secondary_accumulate_release_t\", \"matches\": 1, \"new_sha256\": \"75931f141c4589854a539c4100762c382ed895a761fce0e33d7c2e3f3695a56b\", \"old_sha256\": \"9cd4c41df976133176d34f2c51d9723d12d2402454f678b5d3490f8d0e250cc9\"}, {\"label\": \"secondary_reuse_existing_encode_at\", \"matches\": 1, \"new_sha256\": \"1ed44aa41d3067c968202f7daf8abd20d31b770347028cfb997ba1f3538c87c8\", \"old_sha256\": \"6ea6fd57913b02eb1fffc4c0d745d0cdb76a7aea6593207d0026ce010168635b\"}, {\"label\": \"secondary_accumulate_release_at\", \"matches\": 1, \"new_sha256\": \"3792553b45687b84db200761451b52787e80503ce2865d230f5ad464edcb45d9\", \"old_sha256\": \"e3872595855eb4d9d20e6bd437e14d170b3ae9db70f2158e137b6d4518336d9c\"}, {\"label\": \"secondary_average_consumed_by_existing_association\", \"matches\": 1, \"new_sha256\": \"d7995df2c70b1df78e5c1139ee8d311dffad222a9f803130ac480b8ba83845f6\", \"old_sha256\": \"7530c43ea00c3369bea97ebd8d8a8534afc4541d645b67b0fa7ecdee401842f7\"}, {\"label\": \"audit_window_begin\", \"matches\": 1, \"new_sha256\": \"15a05fd983ee03bf3d1f321751671bfaabb777ce047768be312a863b9fff7594\", \"old_sha256\": \"e30e3c579178ffd9f888ad0c30d899f00429f09d20c6ee06a66ae1fa1cbae105\"}, {\"label\": \"audit_secondary_encode_sites\", \"matches\": 5}, {\"label\": \"audit_primary_encode_sites\", \"matches\": 5}, {\"label\": \"audit_encoding_output\", \"matches\": 1, \"new_sha256\": \"0060e0cadfcb04b86892e2d7548095fb168e0e64e823fa09f4567087933200ad\", \"old_sha256\": \"866643849d4d31edcdd7068dddd89da03943304de8bcc7832bd3fec6b829b4ec\"}, {\"label\": \"audit_actual_secondary_association\", \"matches\": 1, \"new_sha256\": \"0198e40d8c3ec9d49f371a65ebe2146833ea28cb9887c223ce595d9d4f3c726d\", \"old_sha256\": \"a2d59a65deaeef505b8579e262d959d8275740abe398741cada615a24423263c\"}, {\"label\": \"audit_window_end\", \"matches\": 1, \"new_sha256\": \"7944c4f5b5519d56b68a68ba63d8b0c3a090fce779862fd4c9111a1988b157de\", \"old_sha256\": \"0e5f87efdcfd12c404b23711e9b09e1fa5d02b421dc3bc098826407b0839595a\"}]}\n"}
,{"stream_name":"stdout","time":334.58017338,"data":"Found 4 test videos\n"}
,{"stream_name":"stdout","time":334.580177503,"data":"['44b6_0113de3b', '44b6_0b24845f', '6bba_05b6850b', '6bba_05db0fb1']\n"}
,{"stream_name":"stdout","time":334.580182133,"data":"Launching 2 independent video shards on CUDA devices ['0', '1']\n"}
,{"stream_name":"stdout","time":334.580187453,"data":"GPU shard 0: CUDA_VISIBLE_DEVICES=0 | /usr/bin/python3 scripts/predict_unet_transformer.py --data-dir /kaggle/input/competitions/biohub-cell-tracking-during-development/test --splits kaggle_test_splits_50ep.json --split 0 --weights weights/unet_transformer/split_0/edge_predictor_best.pth --unet-batch-size 4 --det-threshold 0.965 --ilp-edge-weight -1.0 --ilp-appearance-weight 0.0 --ilp-disappearance-weight 2.0 --ilp-division-weight 1.2 --use-ilp --method unet_transformer_gpu0 --slice 0::2\n"}
,{"stream_name":"stdout","time":334.581393336,"data":"GPU shard 1: CUDA_VISIBLE_DEVICES=1 | /usr/bin/python3 scripts/predict_unet_transformer.py --data-dir /kaggle/input/competitions/biohub-cell-tracking-during-development/test --splits kaggle_test_splits_50ep.json --split 0 --weights weights/unet_transformer/split_0/edge_predictor_best.pth --unet-batch-size 4 --det-threshold 0.965 --ilp-edge-weight -1.0 --ilp-appearance-weight 0.0 --ilp-disappearance-weight 2.0 --ilp-division-weight 1.2 --use-ilp --method unet_transformer_gpu1 --slice 1::2\n"}
,{"stream_name":"stderr","time":340.279084384,"data":"/usr/local/lib/python3.12/dist-packages/dask/array/image.py:7: FutureWarning: `find_available_plugins` is deprecated since version 0.25 and will be removed in version 0.27. The plugin infrastructure of `skimage.io` is deprecated. Instead, use `imageio` or other I/O packages directly.\n"}
,{"stream_name":"stderr","time":340.279123232,"data":"  from skimage.io import imread as sk_imread\n"}
,{"stream_name":"stderr","time":340.284658506,"data":"/usr/lib/python3.12/importlib/__init__.py:90: FutureWarning: `reset_plugins` is deprecated since version 0.25 and will be removed in version 0.27. The plugin infrastructure of `skimage.io` is deprecated. Instead, use `imageio` or other I/O packages directly.\n"}
,{"stream_name":"stderr","time":340.284734067,"data":"  return _bootstrap._gcd_import(name[level:], package, level)\n"}
,{"stream_name":"stderr","time":340.35558274,"data":"/usr/local/lib/python3.12/dist-packages/dask/array/image.py:7: FutureWarning: `find_available_plugins` is deprecated since version 0.25 and will be removed in version 0.27. The plugin infrastructure of `skimage.io` is deprecated. Instead, use `imageio` or other I/O packages directly.\n"}
,{"stream_name":"stderr","time":340.355624498,"data":"  from skimage.io import imread as sk_imread\n"}
,{"stream_name":"stderr","time":340.361618074,"data":"/usr/lib/python3.12/importlib/__init__.py:90: FutureWarning: `reset_plugins` is deprecated since version 0.25 and will be removed in version 0.27. The plugin infrastructure of `skimage.io` is deprecated. Instead, use `imageio` or other I/O packages directly.\n"}
,{"stream_name":"stderr","time":340.361644774,"data":"  return _bootstrap._gcd_import(name[level:], package, level)\n"}
,{"stream_name":"stderr","time":340.482040388,"data":"/usr/local/lib/python3.12/dist-packages/dask/array/image.py:7: FutureWarning: `find_available_plugins` is deprecated since version 0.25 and will be removed in version 0.27. The plugin infrastructure of `skimage.io` is deprecated. Instead, use `imageio` or other I/O packages directly.\n"}
,{"stream_name":"stderr","time":340.482091182,"data":"  from skimage.io import imread as sk_imread\n"}
,{"stream_name":"stderr","time":340.482097301,"data":"/usr/lib/python3.12/importlib/__init__.py:90: FutureWarning: `reset_plugins` is deprecated since version 0.25 and will be removed in version 0.27. The plugin infrastructure of `skimage.io` is deprecated. Instead, use `imageio` or other I/O packages directly.\n"}
,{"stream_name":"stderr","time":340.482102542,"data":"  return _bootstrap._gcd_import(name[level:], package, level)\n"}
,{"stream_name":"stderr","time":340.482107125,"data":"/usr/local/lib/python3.12/dist-packages/dask/array/image.py:7: FutureWarning: `find_available_plugins` is deprecated since version 0.25 and will be removed in version 0.27. The plugin infrastructure of `skimage.io` is deprecated. Instead, use `imageio` or other I/O packages directly.\n"}
,{"stream_name":"stderr","time":340.482112358,"data":"  from skimage.io import imread as sk_imread\n"}
,{"stream_name":"stderr","time":340.482117091,"data":"/usr/lib/python3.12/importlib/__init__.py:90: FutureWarning: `reset_plugins` is deprecated since version 0.25 and will be removed in version 0.27. The plugin infrastructure of `skimage.io` is deprecated. Instead, use `imageio` or other I/O packages directly.\n"}
,{"stream_name":"stderr","time":340.482121664,"data":"  return _bootstrap._gcd_import(name[level:], package, level)\n"}
,{"stream_name":"stderr","time":340.482125749,"data":"\n"}
,{"stream_name":"stderr","time":340.482129898,"data":"/usr/local/lib/python3.12/dist-packages/dask/array/image.py:7: FutureWarning: `find_available_plugins` is deprecated since version 0.25 and will be removed in version 0.27. The plugin infrastructure of `skimage.io` is deprecated. Instead, use `imageio` or other I/O packages directly.\n"}
,{"stream_name":"stderr","time":340.482134543,"data":"  from skimage.io import imread as sk_imread\n"}
,{"stream_name":"stderr","time":340.482138618,"data":"/usr/lib/python3.12/importlib/__init__.py:90: FutureWarning: `reset_plugins` is deprecated since version 0.25 and will be removed in version 0.27. The plugin infrastructure of `skimage.io` is deprecated. Instead, use `imageio` or other I/O packages directly.\n"}
,{"stream_name":"stderr","time":340.482154222,"data":"  return _bootstrap._gcd_import(name[level:], package, level)\n"}
,{"stream_name":"stderr","time":340.482159144,"data":"/usr/local/lib/python3.12/dist-packages/dask/array/image.py:7: FutureWarning: `find_available_plugins` is deprecated since version 0.25 and will be removed in version 0.27. The plugin infrastructure of `skimage.io` is deprecated. Instead, use `imageio` or other I/O packages directly.\n"}
,{"stream_name":"stderr","time":340.482163625,"data":"  from skimage.io import imread as sk_imread\n"}
,{"stream_name":"stderr","time":340.482183435,"data":"/usr/lib/python3.12/importlib/__init__.py:90: FutureWarning: `reset_plugins` is deprecated since version 0.25 and will be removed in version 0.27. The plugin infrastructure of `skimage.io` is deprecated. Instead, use `imageio` or other I/O packages directly.\n"}
,{"stream_name":"stderr","time":340.482198802,"data":"  return _bootstrap._gcd_import(name[level:], package, level)\n"}
,{"stream_name":"stdout","time":341.070426434,"data":"Secondary model: /kaggle/working/secondary_seed_weights/unet_transformer/split_0/edge_predictor_best.pth | edge weight=0.150 | detection weight=0.800 | link mode=low_margin_consensus | temperature=1.000 | low-margin max=0.350 | edge threshold=0.480\n"}
,{"stream_name":"stdout","time":341.07047931,"data":"Fold 0: 2 datasets | weights=weights/unet_transformer/split_0/edge_predictor_best.pth | device=cuda | window_size=2 | pool_kernel_um=3.0\n"}
,{"stream_name":"stdout","time":341.071895902,"data":"Secondary model: /kaggle/working/secondary_seed_weights/unet_transformer/split_0/edge_predictor_best.pth | edge weight=0.150 | detection weight=0.800 | link mode=low_margin_consensus | temperature=1.000 | low-margin max=0.350 | edge threshold=0.480\n"}
,{"stream_name":"stdout","time":341.071932135,"data":"Fold 0: 2 datasets | weights=weights/unet_transformer/split_0/edge_predictor_best.pth | device=cuda | window_size=2 | pool_kernel_um=3.0\n"}
,{"stream_name":"stdout","time":341.272744682,"data":"Secondary model: /kaggle/working/secondary_seed_weights/unet_transformer/split_0/edge_predictor_best.pth | edge weight=0.150 | detection weight=0.800 | link mode=low_margin_consensus | temperature=1.000 | low-margin max=0.350 | edge threshold=0.480\n"}
,{"stream_name":"stdout","time":341.272773617,"data":"Fold 0: 2 datasets | weights=weights/unet_transformer/split_0/edge_predictor_best.pth | device=cuda | window_size=2 | pool_kernel_um=3.0\n"}
,{"stream_name":"stdout","time":341.272777479,"data":"Secondary model: /kaggle/working/secondary_seed_weights/unet_transformer/split_0/edge_predictor_best.pth | edge weight=0.150 | detection weight=0.800 | link mode=low_margin_consensus | temperature=1.000 | low-margin max=0.350 | edge threshold=0.480\n"}
,{"stream_name":"stdout","time":341.272800672,"data":"Fold 0: 2 datasets | weights=weights/unet_transformer/split_0/edge_predictor_best.pth | device=cuda | window_size=2 | pool_kernel_um=3.0\n"}
,{"stream_name":"stdout","time":343.136034962,"data":"EDGE_TTA_ACTIVE views= 8 mean_abs_feat_delta= 0.323238\n"}
,{"stream_name":"stdout","time":343.136076036,"data":"EDGE_TTA_ACTIVE views= 8 mean_abs_feat_delta= 0.360585\n"}
,{"stream_name":"stdout","time":343.338969409,"data":"EDGE_TTA_ACTIVE views= 8 mean_abs_feat_delta= 0.323238\n"}
,{"stream_name":"stdout","time":343.339029667,"data":"EDGE_TTA_ACTIVE views= 8 mean_abs_feat_delta= 0.360585\n"}
,{"stream_name":"stdout","time":344.072280132,"data":"BIOHUB_RETENTION_GUARD {\"blended_candidates\": 387, \"dataset\": \"44b6_0b24845f\", \"frame\": 0, \"minimum_retention\": 0.9, \"primary_candidates\": 465, \"retention\": 0.832258064516129, \"use_primary\": true}\n"}
,{"stream_name":"stdout","time":344.073825482,"data":"BIOHUB_RETENTION_GUARD {\"blended_candidates\": 391, \"dataset\": \"44b6_0b24845f\", \"frame\": 1, \"minimum_retention\": 0.9, \"primary_candidates\": 444, \"retention\": 0.8806306306306306, \"use_primary\": true}\n"}
,{"stream_name":"stdout","time":344.275391408,"data":"BIOHUB_RETENTION_GUARD {\"blended_candidates\": 387, \"dataset\": \"44b6_0b24845f\", \"frame\": 0, \"minimum_retention\": 0.9, \"primary_candidates\": 465, \"retention\": 0.832258064516129, \"use_primary\": true}\n"}
,{"stream_name":"stdout","time":344.275431319,"data":"BIOHUB_RETENTION_GUARD {\"blended_candidates\": 391, \"dataset\": \"44b6_0b24845f\", \"frame\": 1, \"minimum_retention\": 0.9, \"primary_candidates\": 444, \"retention\": 0.8806306306306306, \"use_primary\": true}\n"}
,{"stream_name":"stdout","time":347.129644953,"data":"PUBLIC946_GPU_SMOKE {\"arm\": \"C2\", \"association\": {\"actual_primary_logits_after_original_harmonic_fusion\": {\"all_finite\": true, \"device\": \"cuda:0\", \"dtype\": \"torch.float32\", \"numel\": 50176, \"shape\": [1, 224, 224], \"stride\": [50176, 224, 1]}, \"actual_secondary_feature_consumed\": true, \"actual_secondary_logits\": {\"all_finite\": true, \"device\": \"cuda:0\", \"dtype\": \"torch.float32\", \"numel\": 50176, \"shape\": [1, 224, 224], \"stride\": [50176, 224, 1]}, \"coordinate_grid\": {\"downsample\": [1.0, 4.0, 4.0], \"source\": {\"device\": \"cuda:0\", \"dtype\": \"torch.float32\", \"numel\": 672, \"shape\": [1, 224, 3], \"stride\": [224, 1, 224]}, \"target\": {\"device\": \"cuda:0\", \"dtype\": \"torch.float32\", \"numel\": 672, \"shape\": [1, 224, 3], \"stride\": [224, 1, 224]}}, \"diagnostic_edge_head_calls\": 1, \"diagnostic_encoder_calls\": 0, \"diagnostic_probabilities_used_in_production\": false, \"diagnostic_seconds\": 0.01272211800005607, \"frame_pair_index\": 0, \"primary_source_sampled_features\": {\"all_finite\": true, \"device\": \"cuda:0\", \"dtype\": \"torch.float32\", \"numel\": 7168, \"shape\": [1, 224, 32], \"stride\": [7168, 32, 1]}, \"primary_target_sampled_features\": {\"all_finite\": true, \"device\": \"cuda:0\", \"dtype\": \"torch.float32\", \"numel\": 7168, \"shape\": [1, 224, 32], \"stride\": [7168, 32, 1]}, \"probability_comparison_stage\": \"secondary edge-head softmax over parents, before original calibration and low-margin mixing\", \"probability_delta_vs_single_pass_same_coordinates\": {\"sample_elements\": 50176, \"sample_equal\": false, \"sample_max_abs_delta\": 0.6182000041007996, \"sample_mean_abs_delta\": 0.0004000544431619346, \"sample_stride\": 1}, \"production_calls\": 1, \"same_low_margin_config\": {\"secondary_detection_weight\": 0.8, \"secondary_edge_weight\": 0.15, \"secondary_link_mode\": \"low_margin_consensus\"}, \"source_delta_vs_single_pass\": {\"sample_elements\": 7168, \"sample_equal\": false, \"sample_max_abs_delta\": 0.8774932622909546, \"sample_mean_abs_delta\": 0.12300855666399002, \"sample_stride\": 1}, \"source_sampled_features\": {\"all_finite\": true, \"device\": \"cuda:0\", \"dtype\": \"torch.float32\", \"numel\": 7168, \"shape\": [1, 224, 32], \"stride\": [7168, 32, 1]}, \"target_delta_vs_single_pass\": {\"sample_elements\": 7168, \"sample_equal\": false, \"sample_max_abs_delta\": 0.7493486404418945, \"sample_mean_abs_delta\": 0.12898480892181396, \"sample_stride\": 1}, \"target_sampled_features\": {\"all_finite\": true, \"device\": \"cuda:0\", \"dtype\": \"torch.float32\", \"numel\": 7168, \"shape\": [1, 224, 32], \"stride\": [7168, 32, 1]}}, \"association_calls\": 1, \"config\": {\"secondary_detection_weight\": 0.8, \"secondary_edge_weight\": 0.15, \"secondary_link_mode\": \"low_margin_consensus\"}, \"consumed_features\": {\"primary\": {\"all_finite\": true, \"delta_vs_single_pass\": {\"sample_elements\": 65536, \"sample_equal\": false, \"sample_max_abs_delta\": 1.697344183921814, \"sample_mean_abs_delta\": 0.2559409737586975, \"sample_stride\": 256}, \"device\": \"cuda:0\", \"dtype\": \"torch.float32\", \"numel\": 16777216, \"original_encoded_feature_sample_unchanged\": true, \"same_storage_as_original\": false, \"shape\": [1, 2, 32, 64, 64, 64], \"single_pass\": {\"device\": \"cuda:0\", \"dtype\": \"torch.float32\", \"numel\": 16777216, \"shape\": [1, 2, 32, 64, 64, 64], \"stride\": [16777216, 8388608, 262144, 4096, 64, 1]}, \"stride\": [16777216, 8388608, 262144, 4096, 64, 1]}, \"secondary\": {\"all_finite\": true, \"delta_vs_single_pass\": {\"sample_elements\": 65536, \"sample_equal\": false, \"sample_max_abs_delta\": 0.8459904193878174, \"sample_mean_abs_delta\": 0.3148181736469269, \"sample_stride\": 256}, \"device\": \"cuda:0\", \"dtype\": \"torch.float32\", \"numel\": 16777216, \"original_encoded_feature_sample_unchanged\": true, \"same_storage_as_original\": false, \"shape\": [1, 2, 32, 64, 64, 64], \"single_pass\": {\"device\": \"cuda:0\", \"dtype\": \"torch.float32\", \"numel\": 16777216, \"shape\": [1, 2, 32, 64, 64, 64], \"stride\": [16777216, 8388608, 262144, 4096, 64, 1]}, \"stride\": [16777216, 8388608, 262144, 4096, 64, 1]}}, \"consumed_heatmaps\": [{\"all_finite\": true, \"device\": \"cuda:0\", \"dtype\": \"torch.float32\", \"numel\": 262144, \"shape\": [1, 1, 64, 64, 64], \"stride\": [262144, 262144, 4096, 64, 1]}, {\"all_finite\": true, \"device\": \"cuda:0\", \"dtype\": \"torch.float32\", \"numel\": 262144, \"shape\": [1, 1, 64, 64, 64], \"stride\": [262144, 262144, 4096, 64, 1]}], \"cuda_peak_allocated_bytes_process\": 728221696, \"cuda_peak_reserved_bytes_process\": 966787072, \"dataset\": \"44b6_0113de3b\", \"encode_calls\": {\"primary\": 8, \"secondary\": 8}, \"encode_seconds\": {\"primary\": 1.7178221739999344, \"secondary\": 0.8380946480000375}, \"encode_views\": [{\"feature\": {\"device\": \"cuda:0\", \"dtype\": \"torch.float32\", \"numel\": 16777216, \"shape\": [1, 2, 32, 64, 64, 64], \"stride\": [16777216, 8388608, 262144, 4096, 64, 1]}, \"heatmap0\": {\"device\": \"cuda:0\", \"dtype\": \"torch.float32\", \"numel\": 262144, \"shape\": [1, 1, 64, 64, 64], \"stride\": [262144, 262144, 4096, 64, 1]}, \"input\": {\"device\": \"cuda:0\", \"dtype\": \"torch.float32\", \"numel\": 524288, \"shape\": [1, 2, 64, 64, 64], \"stride\": [524288, 262144, 4096, 64, 1]}, \"pass\": 1, \"role\": \"primary\"}, {\"feature\": {\"device\": \"cuda:0\", \"dtype\": \"torch.float32\", \"numel\": 16777216, \"shape\": [1, 2, 32, 64, 64, 64], \"stride\": [16777216, 8388608, 262144, 4096, 64, 1]}, \"heatmap0\": {\"device\": \"cuda:0\", \"dtype\": \"torch.float32\", \"numel\": 262144, \"shape\": [1, 1, 64, 64, 64], \"stride\": [262144, 262144, 4096, 64, 1]}, \"input\": {\"device\": \"cuda:0\", \"dtype\": \"torch.float32\", \"numel\": 524288, \"shape\": [1, 2, 64, 64, 64], \"stride\": [524288, 262144, 4096, 64, 1]}, \"pass\": 2, \"role\": \"primary\"}, {\"feature\": {\"device\": \"cuda:0\", \"dtype\": \"torch.float32\", \"numel\": 16777216, \"shape\": [1, 2, 32, 64, 64, 64], \"stride\": [16777216, 8388608, 262144, 4096, 64, 1]}, \"heatmap0\": {\"device\": \"cuda:0\", \"dtype\": \"torch.float32\", \"numel\": 262144, \"shape\": [1, 1, 64, 64, 64], \"stride\": [262144, 262144, 4096, 64, 1]}, \"input\": {\"device\": \"cuda:0\", \"dtype\": \"torch.float32\", \"numel\": 524288, \"shape\": [1, 2, 64, 64, 64], \"stride\": [524288, 262144, 4096, 64, 1]}, \"pass\": 3, \"role\": \"primary\"}, {\"feature\": {\"device\": \"cuda:0\", \"dtype\": \"torch.float32\", \"numel\": 16777216, \"shape\": [1, 2, 32, 64, 64, 64], \"stride\": [16777216, 8388608, 262144, 4096, 64, 1]}, \"heatmap0\": {\"device\": \"cuda:0\", \"dtype\": \"torch.float32\", \"numel\": 262144, \"shape\": [1, 1, 64, 64, 64], \"stride\": [262144, 262144, 4096, 64, 1]}, \"input\": {\"device\": \"cuda:0\", \"dtype\": \"torch.float32\", \"numel\": 524288, \"shape\": [1, 2, 64, 64, 64], \"stride\": [524288, 262144, 4096, 64, 1]}, \"pass\": 4, \"role\": \"primary\"}, {\"feature\": {\"device\": \"cuda:0\", \"dtype\": \"torch.float32\", \"numel\": 16777216, \"shape\": [1, 2, 32, 64, 64, 64], \"stride\": [16777216, 8388608, 262144, 4096, 64, 1]}, \"heatmap0\": {\"device\": \"cuda:0\", \"dtype\": \"torch.float32\", \"numel\": 262144, \"shape\": [1, 1, 64, 64, 64], \"stride\": [262144, 262144, 4096, 64, 1]}, \"input\": {\"device\": \"cuda:0\", \"dtype\": \"torch.float32\", \"numel\": 524288, \"shape\": [1, 2, 64, 64, 64], \"stride\": [524288, 262144, 4096, 1, 64]}, \"pass\": 5, \"role\": \"primary\"}, {\"feature\": {\"device\": \"cuda:0\", \"dtype\": \"torch.float32\", \"numel\": 16777216, \"shape\": [1, 2, 32, 64, 64, 64], \"stride\": [16777216, 8388608, 262144, 4096, 64, 1]}, \"heatmap0\": {\"device\": \"cuda:0\", \"dtype\": \"torch.float32\", \"numel\": 262144, \"shape\": [1, 1, 64, 64, 64], \"stride\": [262144, 262144, 4096, 64, 1]}, \"input\": {\"device\": \"cuda:0\", \"dtype\": \"torch.float32\", \"numel\": 524288, \"shape\": [1, 2, 64, 64, 64], \"stride\": [524288, 262144, 4096, 1, 64]}, \"pass\": 6, \"role\": \"primary\"}, {\"feature\": {\"device\": \"cuda:0\", \"dtype\": \"torch.float32\", \"numel\": 16777216, \"shape\": [1, 2, 32, 64, 64, 64], \"stride\": [16777216, 8388608, 262144, 4096, 64, 1]}, \"heatmap0\": {\"device\": \"cuda:0\", \"dtype\": \"torch.float32\", \"numel\": 262144, \"shape\": [1, 1, 64, 64, 64], \"stride\": [262144, 262144, 4096, 64, 1]}, \"input\": {\"device\": \"cuda:0\", \"dtype\": \"torch.float32\", \"numel\": 524288, \"shape\": [1, 2, 64, 64, 64], \"stride\": [524288, 262144, 4096, 1, 64]}, \"pass\": 7, \"role\": \"primary\"}, {\"feature\": {\"device\": \"cuda:0\", \"dtype\": \"torch.float32\", \"numel\": 16777216, \"shape\": [1, 2, 32, 64, 64, 64], \"stride\": [16777216, 8388608, 262144, 4096, 64, 1]}, \"heatmap0\": {\"device\": \"cuda:0\", \"dtype\": \"torch.float32\", \"numel\": 262144, \"shape\": [1, 1, 64, 64, 64], \"stride\": [262144, 262144, 4096, 64, 1]}, \"input\": {\"device\": \"cuda:0\", \"dtype\": \"torch.float32\", \"numel\": 524288, \"shape\": [1, 2, 64, 64, 64], \"stride\": [524288, 262144, 4096, 64, 1]}, \"pass\": 8, \"role\": \"primary\"}, {\"feature\": {\"device\": \"cuda:0\", \"dtype\": \"torch.float32\", \"numel\": 16777216, \"shape\": [1, 2, 32, 64, 64, 64], \"stride\": [16777216, 8388608, 262144, 4096, 64, 1]}, \"heatmap0\": {\"device\": \"cuda:0\", \"dtype\": \"torch.float32\", \"numel\": 262144, \"shape\": [1, 1, 64, 64, 64], \"stride\": [262144, 262144, 4096, 64, 1]}, \"input\": {\"device\": \"cuda:0\", \"dtype\": \"torch.float32\", \"numel\": 524288, \"shape\": [1, 2, 64, 64, 64], \"stride\": [524288, 262144, 4096, 64, 1]}, \"pass\": 1, \"role\": \"secondary\"}, {\"feature\": {\"device\": \"cuda:0\", \"dtype\": \"torch.float32\", \"numel\": 16777216, \"shape\": [1, 2, 32, 64, 64, 64], \"stride\": [16777216, 8388608, 262144, 4096, 64, 1]}, \"heatmap0\": {\"device\": \"cuda:0\", \"dtype\": \"torch.float32\", \"numel\": 262144, \"shape\": [1, 1, 64, 64, 64], \"stride\": [262144, 262144, 4096, 64, 1]}, \"input\": {\"device\": \"cuda:0\", \"dtype\": \"torch.float32\", \"numel\": 524288, \"shape\": [1, 2, 64, 64, 64], \"stride\": [524288, 262144, 4096, 64, 1]}, \"pass\": 2, \"role\": \"secondary\"}, {\"feature\": {\"device\": \"cuda:0\", \"dtype\": \"torch.float32\", \"numel\": 16777216, \"shape\": [1, 2, 32, 64, 64, 64], \"stride\": [16777216, 8388608, 262144, 4096, 64, 1]}, \"heatmap0\": {\"device\": \"cuda:0\", \"dtype\": \"torch.float32\", \"numel\": 262144, \"shape\": [1, 1, 64, 64, 64], \"stride\": [262144, 262144, 4096, 64, 1]}, \"input\": {\"device\": \"cuda:0\", \"dtype\": \"torch.float32\", \"numel\": 524288, \"shape\": [1, 2, 64, 64, 64], \"stride\": [524288, 262144, 4096, 64, 1]}, \"pass\": 3, \"role\": \"secondary\"}, {\"feature\": {\"device\": \"cuda:0\", \"dtype\": \"torch.float32\", \"numel\": 16777216, \"shape\": [1, 2, 32, 64, 64, 64], \"stride\": [16777216, 8388608, 262144, 4096, 64, 1]}, \"heatmap0\": {\"device\": \"cuda:0\", \"dtype\": \"torch.float32\", \"numel\": 262144, \"shape\": [1, 1, 64, 64, 64], \"stride\": [262144, 262144, 4096, 64, 1]}, \"input\": {\"device\": \"cuda:0\", \"dtype\": \"torch.float32\", \"numel\": 524288, \"shape\": [1, 2, 64, 64, 64], \"stride\": [524288, 262144, 4096, 64, 1]}, \"pass\": 4, \"role\": \"secondary\"}, {\"feature\": {\"device\": \"cuda:0\", \"dtype\": \"torch.float32\", \"numel\": 16777216, \"shape\": [1, 2, 32, 64, 64, 64], \"stride\": [16777216, 8388608, 262144, 4096, 64, 1]}, \"heatmap0\": {\"device\": \"cuda:0\", \"dtype\": \"torch.float32\", \"numel\": 262144, \"shape\": [1, 1, 64, 64, 64], \"stride\": [262144, 262144, 4096, 64, 1]}, \"input\": {\"device\": \"cuda:0\", \"dtype\": \"torch.float32\", \"numel\": 524288, \"shape\": [1, 2, 64, 64, 64], \"stride\": [524288, 262144, 4096, 1, 64]}, \"pass\": 5, \"role\": \"secondary\"}, {\"feature\": {\"device\": \"cuda:0\", \"dtype\": \"torch.float32\", \"numel\": 16777216, \"shape\": [1, 2, 32, 64, 64, 64], \"stride\": [16777216, 8388608, 262144, 4096, 64, 1]}, \"heatmap0\": {\"device\": \"cuda:0\", \"dtype\": \"torch.float32\", \"numel\": 262144, \"shape\": [1, 1, 64, 64, 64], \"stride\": [262144, 262144, 4096, 64, 1]}, \"input\": {\"device\": \"cuda:0\", \"dtype\": \"torch.float32\", \"numel\": 524288, \"shape\": [1, 2, 64, 64, 64], \"stride\": [524288, 262144, 4096, 1, 64]}, \"pass\": 6, \"role\": \"secondary\"}, {\"feature\": {\"device\": \"cuda:0\", \"dtype\": \"torch.float32\", \"numel\": 16777216, \"shape\": [1, 2, 32, 64, 64, 64], \"stride\": [16777216, 8388608, 262144, 4096, 64, 1]}, \"heatmap0\": {\"device\": \"cuda:0\", \"dtype\": \"torch.float32\", \"numel\": 262144, \"shape\": [1, 1, 64, 64, 64], \"stride\": [262144, 262144, 4096, 64, 1]}, \"input\": {\"device\": \"cuda:0\", \"dtype\": \"torch.float32\", \"numel\": 524288, \"shape\": [1, 2, 64, 64, 64], \"stride\": [524288, 262144, 4096, 1, 64]}, \"pass\": 7, \"role\": \"secondary\"}, {\"feature\": {\"device\": \"cuda:0\", \"dtype\": \"torch.float32\", \"numel\": 16777216, \"shape\": [1, 2, 32, 64, 64, 64], \"stride\": [16777216, 8388608, 262144, 4096, 64, 1]}, \"heatmap0\": {\"device\": \"cuda:0\", \"dtype\": \"torch.float32\", \"numel\": 262144, \"shape\": [1, 1, 64, 64, 64], \"stride\": [262144, 262144, 4096, 64, 1]}, \"input\": {\"device\": \"cuda:0\", \"dtype\": \"torch.float32\", \"numel\": 524288, \"shape\": [1, 2, 64, 64, 64], \"stride\": [524288, 262144, 4096, 64, 1]}, \"pass\": 8, \"role\": \"secondary\"}], \"event\": \"actual_predictor_window\", \"frames\": [0, 1], \"input\": {\"all_finite\": true, \"device\": \"cuda:0\", \"dtype\": \"torch.float32\", \"numel\": 524288, \"shape\": [1, 2, 64, 64, 64], \"stride\": [524288, 262144, 4096, 64, 1]}, \"input_parent\": \"/kaggle/input/competitions/biohub-cell-tracking-during-development/test\", \"seconds_including_common_audit\": 5.881076651999933, \"window_index\": 1, \"worker_execution_settings\": {\"autocast_enabled\": false, \"cuda_runtime\": \"12.8\", \"cudnn_allow_tf32\": true, \"cudnn_benchmark\": false, \"cudnn_deterministic\": false, \"default_dtype\": \"torch.float32\", \"deterministic_algorithms\": false, \"float32_matmul_precision\": \"highest\", \"gpu_name\": \"Tesla T4\", \"grad_enabled\": false, \"matmul_allow_tf32\": false, \"torch_initial_seed\": 7908118041147853240, \"torch_version\": \"2.10.0+cu128\"}}\n"}
,{"stream_name":"stdout","time":347.186317525,"data":"PUBLIC946_GPU_SMOKE {\"arm\": \"C2\", \"association\": {\"actual_primary_logits_after_original_harmonic_fusion\": {\"all_finite\": true, \"device\": \"cuda:0\", \"dtype\": \"torch.float32\", \"numel\": 206460, \"shape\": [1, 465, 444], \"stride\": [206460, 444, 1]}, \"actual_secondary_feature_consumed\": true, \"actual_secondary_logits\": {\"all_finite\": true, \"device\": \"cuda:0\", \"dtype\": \"torch.float32\", \"numel\": 206460, \"shape\": [1, 465, 444], \"stride\": [206460, 444, 1]}, \"coordinate_grid\": {\"downsample\": [1.0, 4.0, 4.0], \"source\": {\"device\": \"cuda:0\", \"dtype\": \"torch.float32\", \"numel\": 1395, \"shape\": [1, 465, 3], \"stride\": [465, 1, 465]}, \"target\": {\"device\": \"cuda:0\", \"dtype\": \"torch.float32\", \"numel\": 1332, \"shape\": [1, 444, 3], \"stride\": [444, 1, 444]}}, \"diagnostic_edge_head_calls\": 1, \"diagnostic_encoder_calls\": 0, \"diagnostic_probabilities_used_in_production\": false, \"diagnostic_seconds\": 0.024524994999978844, \"frame_pair_index\": 0, \"primary_source_sampled_features\": {\"all_finite\": true, \"device\": \"cuda:0\", \"dtype\": \"torch.float32\", \"numel\": 14880, \"shape\": [1, 465, 32], \"stride\": [14880, 32, 1]}, \"primary_target_sampled_features\": {\"all_finite\": true, \"device\": \"cuda:0\", \"dtype\": \"torch.float32\", \"numel\": 14208, \"shape\": [1, 444, 32], \"stride\": [14208, 32, 1]}, \"probability_comparison_stage\": \"secondary edge-head softmax over parents, before original calibration and low-margin mixing\", \"probability_delta_vs_single_pass_same_coordinates\": {\"sample_elements\": 65536, \"sample_equal\": false, \"sample_max_abs_delta\": 0.7195019721984863, \"sample_mean_abs_delta\": 0.000851439603138715, \"sample_stride\": 3}, \"production_calls\": 1, \"same_low_margin_config\": {\"secondary_detection_weight\": 0.8, \"secondary_edge_weight\": 0.15, \"secondary_link_mode\": \"low_margin_consensus\"}, \"source_delta_vs_single_pass\": {\"sample_elements\": 14880, \"sample_equal\": false, \"sample_max_abs_delta\": 1.2438678741455078, \"sample_mean_abs_delta\": 0.16632488369941711, \"sample_stride\": 1}, \"source_sampled_features\": {\"all_finite\": true, \"device\": \"cuda:0\", \"dtype\": \"torch.float32\", \"numel\": 14880, \"shape\": [1, 465, 32], \"stride\": [14880, 32, 1]}, \"target_delta_vs_single_pass\": {\"sample_elements\": 14208, \"sample_equal\": false, \"sample_max_abs_delta\": 0.9678397178649902, \"sample_mean_abs_delta\": 0.15683430433273315, \"sample_stride\": 1}, \"target_sampled_features\": {\"all_finite\": true, \"device\": \"cuda:0\", \"dtype\": \"torch.float32\", \"numel\": 14208, \"shape\": [1, 444, 32], \"stride\": [14208, 32, 1]}}, \"association_calls\": 1, \"config\": {\"secondary_detection_weight\": 0.8, \"secondary_edge_weight\": 0.15, \"secondary_link_mode\": \"low_margin_consensus\"}, \"consumed_features\": {\"primary\": {\"all_finite\": true, \"delta_vs_single_pass\": {\"sample_elements\": 65536, \"sample_equal\": false, \"sample_max_abs_delta\": 1.6868221759796143, \"sample_mean_abs_delta\": 0.3353176712989807, \"sample_stride\": 256}, \"device\": \"cuda:0\", \"dtype\": \"torch.float32\", \"numel\": 16777216, \"original_encoded_feature_sample_unchanged\": true, \"same_storage_as_original\": false, \"shape\": [1, 2, 32, 64, 64, 64], \"single_pass\": {\"device\": \"cuda:0\", \"dtype\": \"torch.float32\", \"numel\": 16777216, \"shape\": [1, 2, 32, 64, 64, 64], \"stride\": [16777216, 8388608, 262144, 4096, 64, 1]}, \"stride\": [16777216, 8388608, 262144, 4096, 64, 1]}, \"secondary\": {\"all_finite\": true, \"delta_vs_single_pass\": {\"sample_elements\": 65536, \"sample_equal\": false, \"sample_max_abs_delta\": 0.9709262847900391, \"sample_mean_abs_delta\": 0.22482901811599731, \"sample_stride\": 256}, \"device\": \"cuda:0\", \"dtype\": \"torch.float32\", \"numel\": 16777216, \"original_encoded_feature_sample_unchanged\": true, \"same_storage_as_original\": false, \"shape\": [1, 2, 32, 64, 64, 64], \"single_pass\": {\"device\": \"cuda:0\", \"dtype\": \"torch.float32\", \"numel\": 16777216, \"shape\": [1, 2, 32, 64, 64, 64], \"stride\": [16777216, 8388608, 262144, 4096, 64, 1]}, \"stride\": [16777216, 8388608, 262144, 4096, 64, 1]}}, \"consumed_heatmaps\": [{\"all_finite\": true, \"device\": \"cuda:0\", \"dtype\": \"torch.float32\", \"numel\": 262144, \"shape\": [1, 1, 64, 64, 64], \"stride\": [262144, 262144, 4096, 64, 1]}, {\"all_finite\": true, \"device\": \"cuda:0\", \"dtype\": \"torch.float32\", \"numel\": 262144, \"shape\": [1, 1, 64, 64, 64], \"stride\": [262144, 262144, 4096, 64, 1]}], \"cuda_peak_allocated_bytes_process\": 728221696, \"cuda_peak_reserved_bytes_process\": 970981376, \"dataset\": \"44b6_0b24845f\", \"encode_calls\": {\"primary\": 8, \"secondary\": 8}, \"encode_seconds\": {\"primary\": 1.694710769000153, \"secondary\": 0.8545707439998296}, \"encode_views\": [{\"feature\": {\"device\": \"cuda:0\", \"dtype\": \"torch.float32\", \"numel\": 16777216, \"shape\": [1, 2, 32, 64, 64, 64], \"stride\": [16777216, 8388608, 262144, 4096, 64, 1]}, \"heatmap0\": {\"device\": \"cuda:0\", \"dtype\": \"torch.float32\", \"numel\": 262144, \"shape\": [1, 1, 64, 64, 64], \"stride\": [262144, 262144, 4096, 64, 1]}, \"input\": {\"device\": \"cuda:0\", \"dtype\": \"torch.float32\", \"numel\": 524288, \"shape\": [1, 2, 64, 64, 64], \"stride\": [524288, 262144, 4096, 64, 1]}, \"pass\": 1, \"role\": \"primary\"}, {\"feature\": {\"device\": \"cuda:0\", \"dtype\": \"torch.float32\", \"numel\": 16777216, \"shape\": [1, 2, 32, 64, 64, 64], \"stride\": [16777216, 8388608, 262144, 4096, 64, 1]}, \"heatmap0\": {\"device\": \"cuda:0\", \"dtype\": \"torch.float32\", \"numel\": 262144, \"shape\": [1, 1, 64, 64, 64], \"stride\": [262144, 262144, 4096, 64, 1]}, \"input\": {\"device\": \"cuda:0\", \"dtype\": \"torch.float32\", \"numel\": 524288, \"shape\": [1, 2, 64, 64, 64], \"stride\": [524288, 262144, 4096, 64, 1]}, \"pass\": 2, \"role\": \"primary\"}, {\"feature\": {\"device\": \"cuda:0\", \"dtype\": \"torch.float32\", \"numel\": 16777216, \"shape\": [1, 2, 32, 64, 64, 64], \"stride\": [16777216, 8388608, 262144, 4096, 64, 1]}, \"heatmap0\": {\"device\": \"cuda:0\", \"dtype\": \"torch.float32\", \"numel\": 262144, \"shape\": [1, 1, 64, 64, 64], \"stride\": [262144, 262144, 4096, 64, 1]}, \"input\": {\"device\": \"cuda:0\", \"dtype\": \"torch.float32\", \"numel\": 524288, \"shape\": [1, 2, 64, 64, 64], \"stride\": [524288, 262144, 4096, 64, 1]}, \"pass\": 3, \"role\": \"primary\"}, {\"feature\": {\"device\": \"cuda:0\", \"dtype\": \"torch.float32\", \"numel\": 16777216, \"shape\": [1, 2, 32, 64, 64, 64], \"stride\": [16777216, 8388608, 262144, 4096, 64, 1]}, \"heatmap0\": {\"device\": \"cuda:0\", \"dtype\": \"torch.float32\", \"numel\": 262144, \"shape\": [1, 1, 64, 64, 64], \"stride\": [262144, 262144, 4096, 64, 1]}, \"input\": {\"device\": \"cuda:0\", \"dtype\": \"torch.float32\", \"numel\": 524288, \"shape\": [1, 2, 64, 64, 64], \"stride\": [524288, 262144, 4096, 64, 1]}, \"pass\": 4, \"role\": \"primary\"}, {\"feature\": {\"device\": \"cuda:0\", \"dtype\": \"torch.float32\", \"numel\": 16777216, \"shape\": [1, 2, 32, 64, 64, 64], \"stride\": [16777216, 8388608, 262144, 4096, 64, 1]}, \"heatmap0\": {\"device\": \"cuda:0\", \"dtype\": \"torch.float32\", \"numel\": 262144, \"shape\": [1, 1, 64, 64, 64], \"stride\": [262144, 262144, 4096, 64, 1]}, \"input\": {\"device\": \"cuda:0\", \"dtype\": \"torch.float32\", \"numel\": 524288, \"shape\": [1, 2, 64, 64, 64], \"stride\": [524288, 262144, 4096, 1, 64]}, \"pass\": 5, \"role\": \"primary\"}, {\"feature\": {\"device\": \"cuda:0\", \"dtype\": \"torch.float32\", \"numel\": 16777216, \"shape\": [1, 2, 32, 64, 64, 64], \"stride\": [16777216, 8388608, 262144, 4096, 64, 1]}, \"heatmap0\": {\"device\": \"cuda:0\", \"dtype\": \"torch.float32\", \"numel\": 262144, \"shape\": [1, 1, 64, 64, 64], \"stride\": [262144, 262144, 4096, 64, 1]}, \"input\": {\"device\": \"cuda:0\", \"dtype\": \"torch.float32\", \"numel\": 524288, \"shape\": [1, 2, 64, 64, 64], \"stride\": [524288, 262144, 4096, 1, 64]}, \"pass\": 6, \"role\": \"primary\"}, {\"feature\": {\"device\": \"cuda:0\", \"dtype\": \"torch.float32\", \"numel\": 16777216, \"shape\": [1, 2, 32, 64, 64, 64], \"stride\": [16777216, 8388608, 262144, 4096, 64, 1]}, \"heatmap0\": {\"device\": \"cuda:0\", \"dtype\": \"torch.float32\", \"numel\": 262144, \"shape\": [1, 1, 64, 64, 64], \"stride\": [262144, 262144, 4096, 64, 1]}, \"input\": {\"device\": \"cuda:0\", \"dtype\": \"torch.float32\", \"numel\": 524288, \"shape\": [1, 2, 64, 64, 64], \"stride\": [524288, 262144, 4096, 1, 64]}, \"pass\": 7, \"role\": \"primary\"}, {\"feature\": {\"device\": \"cuda:0\", \"dtype\": \"torch.float32\", \"numel\": 16777216, \"shape\": [1, 2, 32, 64, 64, 64], \"stride\": [16777216, 8388608, 262144, 4096, 64, 1]}, \"heatmap0\": {\"device\": \"cuda:0\", \"dtype\": \"torch.float32\", \"numel\": 262144, \"shape\": [1, 1, 64, 64, 64], \"stride\": [262144, 262144, 4096, 64, 1]}, \"input\": {\"device\": \"cuda:0\", \"dtype\": \"torch.float32\", \"numel\": 524288, \"shape\": [1, 2, 64, 64, 64], \"stride\": [524288, 262144, 4096, 64, 1]}, \"pass\": 8, \"role\": \"primary\"}, {\"feature\": {\"device\": \"cuda:0\", \"dtype\": \"torch.float32\", \"numel\": 16777216, \"shape\": [1, 2, 32, 64, 64, 64], \"stride\": [16777216, 8388608, 262144, 4096, 64, 1]}, \"heatmap0\": {\"device\": \"cuda:0\", \"dtype\": \"torch.float32\", \"numel\": 262144, \"shape\": [1, 1, 64, 64, 64], \"stride\": [262144, 262144, 4096, 64, 1]}, \"input\": {\"device\": \"cuda:0\", \"dtype\": \"torch.float32\", \"numel\": 524288, \"shape\": [1, 2, 64, 64, 64], \"stride\": [524288, 262144, 4096, 64, 1]}, \"pass\": 1, \"role\": \"secondary\"}, {\"feature\": {\"device\": \"cuda:0\", \"dtype\": \"torch.float32\", \"numel\": 16777216, \"shape\": [1, 2, 32, 64, 64, 64], \"stride\": [16777216, 8388608, 262144, 4096, 64, 1]}, \"heatmap0\": {\"device\": \"cuda:0\", \"dtype\": \"torch.float32\", \"numel\": 262144, \"shape\": [1, 1, 64, 64, 64], \"stride\": [262144, 262144, 4096, 64, 1]}, \"input\": {\"device\": \"cuda:0\", \"dtype\": \"torch.float32\", \"numel\": 524288, \"shape\": [1, 2, 64, 64, 64], \"stride\": [524288, 262144, 4096, 64, 1]}, \"pass\": 2, \"role\": \"secondary\"}, {\"feature\": {\"device\": \"cuda:0\", \"dtype\": \"torch.float32\", \"numel\": 16777216, \"shape\": [1, 2, 32, 64, 64, 64], \"stride\": [16777216, 8388608, 262144, 4096, 64, 1]}, \"heatmap0\": {\"device\": \"cuda:0\", \"dtype\": \"torch.float32\", \"numel\": 262144, \"shape\": [1, 1, 64, 64, 64], \"stride\": [262144, 262144, 4096, 64, 1]}, \"input\": {\"device\": \"cuda:0\", \"dtype\": \"torch.float32\", \"numel\": 524288, \"shape\": [1, 2, 64, 64, 64], \"stride\": [524288, 262144, 4096, 64, 1]}, \"pass\": 3, \"role\": \"secondary\"}, {\"feature\": {\"device\": \"cuda:0\", \"dtype\": \"torch.float32\", \"numel\": 16777216, \"shape\": [1, 2, 32, 64, 64, 64], \"stride\": [16777216, 8388608, 262144, 4096, 64, 1]}, \"heatmap0\": {\"device\": \"cuda:0\", \"dtype\": \"torch.float32\", \"numel\": 262144, \"shape\": [1, 1, 64, 64, 64], \"stride\": [262144, 262144, 4096, 64, 1]}, \"input\": {\"device\": \"cuda:0\", \"dtype\": \"torch.float32\", \"numel\": 524288, \"shape\": [1, 2, 64, 64, 64], \"stride\": [524288, 262144, 4096, 64, 1]}, \"pass\": 4, \"role\": \"secondary\"}, {\"feature\": {\"device\": \"cuda:0\", \"dtype\": \"torch.float32\", \"numel\": 16777216, \"shape\": [1, 2, 32, 64, 64, 64], \"stride\": [16777216, 8388608, 262144, 4096, 64, 1]}, \"heatmap0\": {\"device\": \"cuda:0\", \"dtype\": \"torch.float32\", \"numel\": 262144, \"shape\": [1, 1, 64, 64, 64], \"stride\": [262144, 262144, 4096, 64, 1]}, \"input\": {\"device\": \"cuda:0\", \"dtype\": \"torch.float32\", \"numel\": 524288, \"shape\": [1, 2, 64, 64, 64], \"stride\": [524288, 262144, 4096, 1, 64]}, \"pass\": 5, \"role\": \"secondary\"}, {\"feature\": {\"device\": \"cuda:0\", \"dtype\": \"torch.float32\", \"numel\": 16777216, \"shape\": [1, 2, 32, 64, 64, 64], \"stride\": [16777216, 8388608, 262144, 4096, 64, 1]}, \"heatmap0\": {\"device\": \"cuda:0\", \"dtype\": \"torch.float32\", \"numel\": 262144, \"shape\": [1, 1, 64, 64, 64], \"stride\": [262144, 262144, 4096, 64, 1]}, \"input\": {\"device\": \"cuda:0\", \"dtype\": \"torch.float32\", \"numel\": 524288, \"shape\": [1, 2, 64, 64, 64], \"stride\": [524288, 262144, 4096, 1, 64]}, \"pass\": 6, \"role\": \"secondary\"}, {\"feature\": {\"device\": \"cuda:0\", \"dtype\": \"torch.float32\", \"numel\": 16777216, \"shape\": [1, 2, 32, 64, 64, 64], \"stride\": [16777216, 8388608, 262144, 4096, 64, 1]}, \"heatmap0\": {\"device\": \"cuda:0\", \"dtype\": \"torch.float32\", \"numel\": 262144, \"shape\": [1, 1, 64, 64, 64], \"stride\": [262144, 262144, 4096, 64, 1]}, \"input\": {\"device\": \"cuda:0\", \"dtype\": \"torch.float32\", \"numel\": 524288, \"shape\": [1, 2, 64, 64, 64], \"stride\": [524288, 262144, 4096, 1, 64]}, \"pass\": 7, \"role\": \"secondary\"}, {\"feature\": {\"device\": \"cuda:0\", \"dtype\": \"torch.float32\", \"numel\": 16777216, \"shape\": [1, 2, 32, 64, 64, 64], \"stride\": [16777216, 8388608, 262144, 4096, 64, 1]}, \"heatmap0\": {\"device\": \"cuda:0\", \"dtype\": \"torch.float32\", \"numel\": 262144, \"shape\": [1, 1, 64, 64, 64], \"stride\": [262144, 262144, 4096, 64, 1]}, \"input\": {\"device\": \"cuda:0\", \"dtype\": \"torch.float32\", \"numel\": 524288, \"shape\": [1, 2, 64, 64, 64], \"stride\": [524288, 262144, 4096, 64, 1]}, \"pass\": 8, \"role\": \"secondary\"}], \"event\": \"actual_predictor_window\", \"frames\": [0, 1], \"input\": {\"all_finite\": true, \"device\": \"cuda:0\", \"dtype\": \"torch.float32\", \"numel\": 524288, \"shape\": [1, 2, 64, 64, 64], \"stride\": [524288, 262144, 4096, 64, 1]}, \"input_parent\": \"/kaggle/input/competitions/biohub-cell-tracking-during-development/test\", \"seconds_including_common_audit\": 5.936497502999941, \"window_index\": 1, \"worker_execution_settings\": {\"autocast_enabled\": false, \"cuda_runtime\": \"12.8\", \"cudnn_allow_tf32\": true, \"cudnn_benchmark\": false, \"cudnn_deterministic\": false, \"default_dtype\": \"torch.float32\", \"deterministic_algorithms\": false, \"float32_matmul_precision\": \"highest\", \"gpu_name\": \"Tesla T4\", \"grad_enabled\": false, \"matmul_allow_tf32\": false, \"torch_initial_seed\": 14662682628218654257, \"torch_version\": \"2.10.0+cu128\"}}\n"}
,{"stream_name":"stdout","time":347.333792131,"data":"PUBLIC946_GPU_SMOKE {\"arm\": \"C2\", \"association\": {\"actual_primary_logits_after_original_harmonic_fusion\": {\"all_finite\": true, \"device\": \"cuda:0\", \"dtype\": \"torch.float32\", \"numel\": 50176, \"shape\": [1, 224, 224], \"stride\": [50176, 224, 1]}, \"actual_secondary_feature_consumed\": true, \"actual_secondary_logits\": {\"all_finite\": true, \"device\": \"cuda:0\", \"dtype\": \"torch.float32\", \"numel\": 50176, \"shape\": [1, 224, 224], \"stride\": [50176, 224, 1]}, \"coordinate_grid\": {\"downsample\": [1.0, 4.0, 4.0], \"source\": {\"device\": \"cuda:0\", \"dtype\": \"torch.float32\", \"numel\": 672, \"shape\": [1, 224, 3], \"stride\": [224, 1, 224]}, \"target\": {\"device\": \"cuda:0\", \"dtype\": \"torch.float32\", \"numel\": 672, \"shape\": [1, 224, 3], \"stride\": [224, 1, 224]}}, \"diagnostic_edge_head_calls\": 1, \"diagnostic_encoder_calls\": 0, \"diagnostic_probabilities_used_in_production\": false, \"diagnostic_seconds\": 0.01272211800005607, \"frame_pair_index\": 0, \"primary_source_sampled_features\": {\"all_finite\": true, \"device\": \"cuda:0\", \"dtype\": \"torch.float32\", \"numel\": 7168, \"shape\": [1, 224, 32], \"stride\": [7168, 32, 1]}, \"primary_target_sampled_features\": {\"all_finite\": true, \"device\": \"cuda:0\", \"dtype\": \"torch.float32\", \"numel\": 7168, \"shape\": [1, 224, 32], \"stride\": [7168, 32, 1]}, \"probability_comparison_stage\": \"secondary edge-head softmax over parents, before original calibration and low-margin mixing\", \"probability_delta_vs_single_pass_same_coordinates\": {\"sample_elements\": 50176, \"sample_equal\": false, \"sample_max_abs_delta\": 0.6182000041007996, \"sample_mean_abs_delta\": 0.0004000544431619346, \"sample_stride\": 1}, \"production_calls\": 1, \"same_low_margin_config\": {\"secondary_detection_weight\": 0.8, \"secondary_edge_weight\": 0.15, \"secondary_link_mode\": \"low_margin_consensus\"}, \"source_delta_vs_single_pass\": {\"sample_elements\": 7168, \"sample_equal\": false, \"sample_max_abs_delta\": 0.8774932622909546, \"sample_mean_abs_delta\": 0.12300855666399002, \"sample_stride\": 1}, \"source_sampled_features\": {\"all_finite\": true, \"device\": \"cuda:0\", \"dtype\": \"torch.float32\", \"numel\": 7168, \"shape\": [1, 224, 32], \"stride\": [7168, 32, 1]}, \"target_delta_vs_single_pass\": {\"sample_elements\": 7168, \"sample_equal\": false, \"sample_max_abs_delta\": 0.7493486404418945, \"sample_mean_abs_delta\": 0.12898480892181396, \"sample_stride\": 1}, \"target_sampled_features\": {\"all_finite\": true, \"device\": \"cuda:0\", \"dtype\": \"torch.float32\", \"numel\": 7168, \"shape\": [1, 224, 32], \"stride\": [7168, 32, 1]}}, \"association_calls\": 1, \"config\": {\"secondary_detection_weight\": 0.8, \"secondary_edge_weight\": 0.15, \"secondary_link_mode\": \"low_margin_consensus\"}, \"consumed_features\": {\"primary\": {\"all_finite\": true, \"delta_vs_single_pass\": {\"sample_elements\": 65536, \"sample_equal\": false, \"sample_max_abs_delta\": 1.697344183921814, \"sample_mean_abs_delta\": 0.2559409737586975, \"sample_stride\": 256}, \"device\": \"cuda:0\", \"dtype\": \"torch.float32\", \"numel\": 16777216, \"original_encoded_feature_sample_unchanged\": true, \"same_storage_as_original\": false, \"shape\": [1, 2, 32, 64, 64, 64], \"single_pass\": {\"device\": \"cuda:0\", \"dtype\": \"torch.float32\", \"numel\": 16777216, \"shape\": [1, 2, 32, 64, 64, 64], \"stride\": [16777216, 8388608, 262144, 4096, 64, 1]}, \"stride\": [16777216, 8388608, 262144, 4096, 64, 1]}, \"secondary\": {\"all_finite\": true, \"delta_vs_single_pass\": {\"sample_elements\": 65536, \"sample_equal\": false, \"sample_max_abs_delta\": 0.8459904193878174, \"sample_mean_abs_delta\": 0.3148181736469269, \"sample_stride\": 256}, \"device\": \"cuda:0\", \"dtype\": \"torch.float32\", \"numel\": 16777216, \"original_encoded_feature_sample_unchanged\": true, \"same_storage_as_original\": false, \"shape\": [1, 2, 32, 64, 64, 64], \"single_pass\": {\"device\": \"cuda:0\", \"dtype\": \"torch.float32\", \"numel\": 16777216, \"shape\": [1, 2, 32, 64, 64, 64], \"stride\": [16777216, 8388608, 262144, 4096, 64, 1]}, \"stride\": [16777216, 8388608, 262144, 4096, 64, 1]}}, \"consumed_heatmaps\": [{\"all_finite\": true, \"device\": \"cuda:0\", \"dtype\": \"torch.float32\", \"numel\": 262144, \"shape\": [1, 1, 64, 64, 64], \"stride\": [262144, 262144, 4096, 64, 1]}, {\"all_finite\": true, \"device\": \"cuda:0\", \"dtype\": \"torch.float32\", \"numel\": 262144, \"shape\": [1, 1, 64, 64, 64], \"stride\": [262144, 262144, 4096, 64, 1]}], \"cuda_peak_allocated_bytes_process\": 728221696, \"cuda_peak_reserved_bytes_process\": 966787072, \"dataset\": \"44b6_0113de3b\", \"encode_calls\": {\"primary\": 8, \"secondary\": 8}, \"encode_seconds\": {\"primary\": 1.7178221739999344, \"secondary\": 0.8380946480000375}, \"encode_views\": [{\"feature\": {\"device\": \"cuda:0\", \"dtype\": \"torch.float32\", \"numel\": 16777216, \"shape\": [1, 2, 32, 64, 64, 64], \"stride\": [16777216, 8388608, 262144, 4096, 64, 1]}, \"heatmap0\": {\"device\": \"cuda:0\", \"dtype\": \"torch.float32\", \"numel\": 262144, \"shape\": [1, 1, 64, 64, 64], \"stride\": [262144, 262144, 4096, 64, 1]}, \"input\": {\"device\": \"cuda:0\", \"dtype\": \"torch.float32\", \"numel\": 524288, \"shape\": [1, 2, 64, 64, 64], \"stride\": [524288, 262144, 4096, 64, 1]}, \"pass\": 1, \"role\": \"primary\"}, {\"feature\": {\"device\": \"cuda:0\", \"dtype\": \"torch.float32\", \"numel\": 16777216, \"shape\": [1, 2, 32, 64, 64, 64], \"stride\": [16777216, 8388608, 262144, 4096, 64, 1]}, \"heatmap0\": {\"device\": \"cuda:0\", \"dtype\": \"torch.float32\", \"numel\": 262144, \"shape\": [1, 1, 64, 64, 64], \"stride\": [262144, 262144, 4096, 64, 1]}, \"input\": {\"device\": \"cuda:0\", \"dtype\": \"torch.float32\", \"numel\": 524288, \"shape\": [1, 2, 64, 64, 64], \"stride\": [524288, 262144, 4096, 64, 1]}, \"pass\": 2, \"role\": \"primary\"}, {\"feature\": {\"device\": \"cuda:0\", \"dtype\": \"torch.float32\", \"numel\": 16777216, \"shape\": [1, 2, 32, 64, 64, 64], \"stride\": [16777216, 8388608, 262144, 4096, 64, 1]}, \"heatmap0\": {\"device\": \"cuda:0\", \"dtype\": \"torch.float32\", \"numel\": 262144, \"shape\": [1, 1, 64, 64, 64], \"stride\": [262144, 262144, 4096, 64, 1]}, \"input\": {\"device\": \"cuda:0\", \"dtype\": \"torch.float32\", \"numel\": 524288, \"shape\": [1, 2, 64, 64, 64], \"stride\": [524288, 262144, 4096, 64, 1]}, \"pass\": 3, \"role\": \"primary\"}, {\"feature\": {\"device\": \"cuda:0\", \"dtype\": \"torch.float32\", \"numel\": 16777216, \"shape\": [1, 2, 32, 64, 64, 64], \"stride\": [16777216, 8388608, 262144, 4096, 64, 1]}, \"heatmap0\": {\"device\": \"cuda:0\", \"dtype\": \"torch.float32\", \"numel\": 262144, \"shape\": [1, 1, 64, 64, 64], \"stride\": [262144, 262144, 4096, 64, 1]}, \"input\": {\"device\": \"cuda:0\", \"dtype\": \"torch.float32\", \"numel\": 524288, \"shape\": [1, 2, 64, 64, 64], \"stride\": [524288, 262144, 4096, 64, 1]}, \"pass\": 4, \"role\": \"primary\"}, {\"feature\": {\"device\": \"cuda:0\", \"dtype\": \"torch.float32\", \"numel\": 16777216, \"shape\": [1, 2, 32, 64, 64, 64], \"stride\": [16777216, 8388608, 262144, 4096, 64, 1]}, \"heatmap0\": {\"device\": \"cuda:0\", \"dtype\": \"torch.float32\", \"numel\": 262144, \"shape\": [1, 1, 64, 64, 64], \"stride\": [262144, 262144, 4096, 64, 1]}, \"input\": {\"device\": \"cuda:0\", \"dtype\": \"torch.float32\", \"numel\": 524288, \"shape\": [1, 2, 64, 64, 64], \"stride\": [524288, 262144, 4096, 1, 64]}, \"pass\": 5, \"role\": \"primary\"}, {\"feature\": {\"device\": \"cuda:0\", \"dtype\": \"torch.float32\", \"numel\": 16777216, \"shape\": [1, 2, 32, 64, 64, 64], \"stride\": [16777216, 8388608, 262144, 4096, 64, 1]}, \"heatmap0\": {\"device\": \"cuda:0\", \"dtype\": \"torch.float32\", \"numel\": 262144, \"shape\": [1, 1, 64, 64, 64], \"stride\": [262144, 262144, 4096, 64, 1]}, \"input\": {\"device\": \"cuda:0\", \"dtype\": \"torch.float32\", \"numel\": 524288, \"shape\": [1, 2, 64, 64, 64], \"stride\": [524288, 262144, 4096, 1, 64]}, \"pass\": 6, \"role\": \"primary\"}, {\"feature\": {\"device\": \"cuda:0\", \"dtype\": \"torch.float32\", \"numel\": 16777216, \"shape\": [1, 2, 32, 64, 64, 64], \"stride\": [16777216, 8388608, 262144, 4096, 64, 1]}, \"heatmap0\": {\"device\": \"cuda:0\", \"dtype\": \"torch.float32\", \"numel\": 262144, \"shape\": [1, 1, 64, 64, 64], \"stride\": [262144, 262144, 4096, 64, 1]}, \"input\": {\"device\": \"cuda:0\", \"dtype\": \"torch.float32\", \"numel\": 524288, \"shape\": [1, 2, 64, 64, 64], \"stride\": [524288, 262144, 4096, 1, 64]}, \"pass\": 7, \"role\": \"primary\"}, {\"feature\": {\"device\": \"cuda:0\", \"dtype\": \"torch.float32\", \"numel\": 16777216, \"shape\": [1, 2, 32, 64, 64, 64], \"stride\": [16777216, 8388608, 262144, 4096, 64, 1]}, \"heatmap0\": {\"device\": \"cuda:0\", \"dtype\": \"torch.float32\", \"numel\": 262144, \"shape\": [1, 1, 64, 64, 64], \"stride\": [262144, 262144, 4096, 64, 1]}, \"input\": {\"device\": \"cuda:0\", \"dtype\": \"torch.float32\", \"numel\": 524288, \"shape\": [1, 2, 64, 64, 64], \"stride\": [524288, 262144, 4096, 64, 1]}, \"pass\": 8, \"role\": \"primary\"}, {\"feature\": {\"device\": \"cuda:0\", \"dtype\": \"torch.float32\", \"numel\": 16777216, \"shape\": [1, 2, 32, 64, 64, 64], \"stride\": [16777216, 8388608, 262144, 4096, 64, 1]}, \"heatmap0\": {\"device\": \"cuda:0\", \"dtype\": \"torch.float32\", \"numel\": 262144, \"shape\": [1, 1, 64, 64, 64], \"stride\": [262144, 262144, 4096, 64, 1]}, \"input\": {\"device\": \"cuda:0\", \"dtype\": \"torch.float32\", \"numel\": 524288, \"shape\": [1, 2, 64, 64, 64], \"stride\": [524288, 262144, 4096, 64, 1]}, \"pass\": 1, \"role\": \"secondary\"}, {\"feature\": {\"device\": \"cuda:0\", \"dtype\": \"torch.float32\", \"numel\": 16777216, \"shape\": [1, 2, 32, 64, 64, 64], \"stride\": [16777216, 8388608, 262144, 4096, 64, 1]}, \"heatmap0\": {\"device\": \"cuda:0\", \"dtype\": \"torch.float32\", \"numel\": 262144, \"shape\": [1, 1, 64, 64, 64], \"stride\": [262144, 262144, 4096, 64, 1]}, \"input\": {\"device\": \"cuda:0\", \"dtype\": \"torch.float32\", \"numel\": 524288, \"shape\": [1, 2, 64, 64, 64], \"stride\": [524288, 262144, 4096, 64, 1]}, \"pass\": 2, \"role\": \"secondary\"}, {\"feature\": {\"device\": \"cuda:0\", \"dtype\": \"torch.float32\", \"numel\": 16777216, \"shape\": [1, 2, 32, 64, 64, 64], \"stride\": [16777216, 8388608, 262144, 4096, 64, 1]}, \"heatmap0\": {\"device\": \"cuda:0\", \"dtype\": \"torch.float32\", \"numel\": 262144, \"shape\": [1, 1, 64, 64, 64], \"stride\": [262144, 262144, 4096, 64, 1]}, \"input\": {\"device\": \"cuda:0\", \"dtype\": \"torch.float32\", \"numel\": 524288, \"shape\": [1, 2, 64, 64, 64], \"stride\": [524288, 262144, 4096, 64, 1]}, \"pass\": 3, \"role\": \"secondary\"}, {\"feature\": {\"device\": \"cuda:0\", \"dtype\": \"torch.float32\", \"numel\": 16777216, \"shape\": [1, 2, 32, 64, 64, 64], \"stride\": [16777216, 8388608, 262144, 4096, 64, 1]}, \"heatmap0\": {\"device\": \"cuda:0\", \"dtype\": \"torch.float32\", \"numel\": 262144, \"shape\": [1, 1, 64, 64, 64], \"stride\": [262144, 262144, 4096, 64, 1]}, \"input\": {\"device\": \"cuda:0\", \"dtype\": \"torch.float32\", \"numel\": 524288, \"shape\": [1, 2, 64, 64, 64], \"stride\": [524288, 262144, 4096, 64, 1]}, \"pass\": 4, \"role\": \"secondary\"}, {\"feature\": {\"device\": \"cuda:0\", \"dtype\": \"torch.float32\", \"numel\": 16777216, \"shape\": [1, 2, 32, 64, 64, 64], \"stride\": [16777216, 8388608, 262144, 4096, 64, 1]}, \"heatmap0\": {\"device\": \"cuda:0\", \"dtype\": \"torch.float32\", \"numel\": 262144, \"shape\": [1, 1, 64, 64, 64], \"stride\": [262144, 262144, 4096, 64, 1]}, \"input\": {\"device\": \"cuda:0\", \"dtype\": \"torch.float32\", \"numel\": 524288, \"shape\": [1, 2, 64, 64, 64], \"stride\": [524288, 262144, 4096, 1, 64]}, \"pass\": 5, \"role\": \"secondary\"}, {\"feature\": {\"device\": \"cuda:0\", \"dtype\": \"torch.float32\", \"numel\": 16777216, \"shape\": [1, 2, 32, 64, 64, 64], \"stride\": [16777216, 8388608, 262144, 4096, 64, 1]}, \"heatmap0\": {\"device\": \"cuda:0\", \"dtype\": \"torch.float32\", \"numel\": 262144, \"shape\": [1, 1, 64, 64, 64], \"stride\": [262144, 262144, 4096, 64, 1]}, \"input\": {\"device\": \"cuda:0\", \"dtype\": \"torch.float32\", \"numel\": 524288, \"shape\": [1, 2, 64, 64, 64], \"stride\": [524288, 262144, 4096, 1, 64]}, \"pass\": 6, \"role\": \"secondary\"}, {\"feature\": {\"device\": \"cuda:0\", \"dtype\": \"torch.float32\", \"numel\": 16777216, \"shape\": [1, 2, 32, 64, 64, 64], \"stride\": [16777216, 8388608, 262144, 4096, 64, 1]}, \"heatmap0\": {\"device\": \"cuda:0\", \"dtype\": \"torch.float32\", \"numel\": 262144, \"shape\": [1, 1, 64, 64, 64], \"stride\": [262144, 262144, 4096, 64, 1]}, \"input\": {\"device\": \"cuda:0\", \"dtype\": \"torch.float32\", \"numel\": 524288, \"shape\": [1, 2, 64, 64, 64], \"stride\": [524288, 262144, 4096, 1, 64]}, \"pass\": 7, \"role\": \"secondary\"}, {\"feature\": {\"device\": \"cuda:0\", \"dtype\": \"torch.float32\", \"numel\": 16777216, \"shape\": [1, 2, 32, 64, 64, 64], \"stride\": [16777216, 8388608, 262144, 4096, 64, 1]}, \"heatmap0\": {\"device\": \"cuda:0\", \"dtype\": \"torch.float32\", \"numel\": 262144, \"shape\": [1, 1, 64, 64, 64], \"stride\": [262144, 262144, 4096, 64, 1]}, \"input\": {\"device\": \"cuda:0\", \"dtype\": \"torch.float32\", \"numel\": 524288, \"shape\": [1, 2, 64, 64, 64], \"stride\": [524288, 262144, 4096, 64, 1]}, \"pass\": 8, \"role\": \"secondary\"}], \"event\": \"actual_predictor_window\", \"frames\": [0, 1], \"input\": {\"all_finite\": true, \"device\": \"cuda:0\", \"dtype\": \"torch.float32\", \"numel\": 524288, \"shape\": [1, 2, 64, 64, 64], \"stride\": [524288, 262144, 4096, 64, 1]}, \"input_parent\": \"/kaggle/input/competitions/biohub-cell-tracking-during-development/test\", \"seconds_including_common_audit\": 5.881076651999933, \"window_index\": 1, \"worker_execution_settings\": {\"autocast_enabled\": false, \"cuda_runtime\": \"12.8\", \"cudnn_allow_tf32\": true, \"cudnn_benchmark\": false, \"cudnn_deterministic\": false, \"default_dtype\": \"torch.float32\", \"deterministic_algorithms\": false, \"float32_matmul_precision\": \"highest\", \"gpu_name\": \"Tesla T4\", \"grad_enabled\": false, \"matmul_allow_tf32\": false, \"torch_initial_seed\": 7908118041147853240, \"torch_version\": \"2.10.0+cu128\"}}\n"}
,{"stream_name":"stdout","time":347.333940456,"data":"PUBLIC946_GPU_SMOKE {\"arm\": \"C2\", \"association\": {\"actual_primary_logits_after_original_harmonic_fusion\": {\"all_finite\": true, \"device\": \"cuda:0\", \"dtype\": \"torch.float32\", \"numel\": 206460, \"shape\": [1, 465, 444], \"stride\": [206460, 444, 1]}, \"actual_secondary_feature_consumed\": true, \"actual_secondary_logits\": {\"all_finite\": true, \"device\": \"cuda:0\", \"dtype\": \"torch.float32\", \"numel\": 206460, \"shape\": [1, 465, 444], \"stride\": [206460, 444, 1]}, \"coordinate_grid\": {\"downsample\": [1.0, 4.0, 4.0], \"source\": {\"device\": \"cuda:0\", \"dtype\": \"torch.float32\", \"numel\": 1395, \"shape\": [1, 465, 3], \"stride\": [465, 1, 465]}, \"target\": {\"device\": \"cuda:0\", \"dtype\": \"torch.float32\", \"numel\": 1332, \"shape\": [1, 444, 3], \"stride\": [444, 1, 444]}}, \"diagnostic_edge_head_calls\": 1, \"diagnostic_encoder_calls\": 0, \"diagnostic_probabilities_used_in_production\": false, \"diagnostic_seconds\": 0.024524994999978844, \"frame_pair_index\": 0, \"primary_source_sampled_features\": {\"all_finite\": true, \"device\": \"cuda:0\", \"dtype\": \"torch.float32\", \"numel\": 14880, \"shape\": [1, 465, 32], \"stride\": [14880, 32, 1]}, \"primary_target_sampled_features\": {\"all_finite\": true, \"device\": \"cuda:0\", \"dtype\": \"torch.float32\", \"numel\": 14208, \"shape\": [1, 444, 32], \"stride\": [14208, 32, 1]}, \"probability_comparison_stage\": \"secondary edge-head softmax over parents, before original calibration and low-margin mixing\", \"probability_delta_vs_single_pass_same_coordinates\": {\"sample_elements\": 65536, \"sample_equal\": false, \"sample_max_abs_delta\": 0.7195019721984863, \"sample_mean_abs_delta\": 0.000851439603138715, \"sample_stride\": 3}, \"production_calls\": 1, \"same_low_margin_config\": {\"secondary_detection_weight\": 0.8, \"secondary_edge_weight\": 0.15, \"secondary_link_mode\": \"low_margin_consensus\"}, \"source_delta_vs_single_pass\": {\"sample_elements\": 14880, \"sample_equal\": false, \"sample_max_abs_delta\": 1.2438678741455078, \"sample_mean_abs_delta\": 0.16632488369941711, \"sample_stride\": 1}, \"source_sampled_features\": {\"all_finite\": true, \"device\": \"cuda:0\", \"dtype\": \"torch.float32\", \"numel\": 14880, \"shape\": [1, 465, 32], \"stride\": [14880, 32, 1]}, \"target_delta_vs_single_pass\": {\"sample_elements\": 14208, \"sample_equal\": false, \"sample_max_abs_delta\": 0.9678397178649902, \"sample_mean_abs_delta\": 0.15683430433273315, \"sample_stride\": 1}, \"target_sampled_features\": {\"all_finite\": true, \"device\": \"cuda:0\", \"dtype\": \"torch.float32\", \"numel\": 14208, \"shape\": [1, 444, 32], \"stride\": [14208, 32, 1]}}, \"association_calls\": 1, \"config\": {\"secondary_detection_weight\": 0.8, \"secondary_edge_weight\": 0.15, \"secondary_link_mode\": \"low_margin_consensus\"}, \"consumed_features\": {\"primary\": {\"all_finite\": true, \"delta_vs_single_pass\": {\"sample_elements\": 65536, \"sample_equal\": false, \"sample_max_abs_delta\": 1.6868221759796143, \"sample_mean_abs_delta\": 0.3353176712989807, \"sample_stride\": 256}, \"device\": \"cuda:0\", \"dtype\": \"torch.float32\", \"numel\": 16777216, \"original_encoded_feature_sample_unchanged\": true, \"same_storage_as_original\": false, \"shape\": [1, 2, 32, 64, 64, 64], \"single_pass\": {\"device\": \"cuda:0\", \"dtype\": \"torch.float32\", \"numel\": 16777216, \"shape\": [1, 2, 32, 64, 64, 64], \"stride\": [16777216, 8388608, 262144, 4096, 64, 1]}, \"stride\": [16777216, 8388608, 262144, 4096, 64, 1]}, \"secondary\": {\"all_finite\": true, \"delta_vs_single_pass\": {\"sample_elements\": 65536, \"sample_equal\": false, \"sample_max_abs_delta\": 0.9709262847900391, \"sample_mean_abs_delta\": 0.22482901811599731, \"sample_stride\": 256}, \"device\": \"cuda:0\", \"dtype\": \"torch.float32\", \"numel\": 16777216, \"original_encoded_feature_sample_unchanged\": true, \"same_storage_as_original\": false, \"shape\": [1, 2, 32, 64, 64, 64], \"single_pass\": {\"device\": \"cuda:0\", \"dtype\": \"torch.float32\", \"numel\": 16777216, \"shape\": [1, 2, 32, 64, 64, 64], \"stride\": [16777216, 8388608, 262144, 4096, 64, 1]}, \"stride\": [16777216, 8388608, 262144, 4096, 64, 1]}}, \"consumed_heatmaps\": [{\"all_finite\": true, \"device\": \"cuda:0\", \"dtype\": \"torch.float32\", \"numel\": 262144, \"shape\": [1, 1, 64, 64, 64], \"stride\": [262144, 262144, 4096, 64, 1]}, {\"all_finite\": true, \"device\": \"cuda:0\", \"dtype\": \"torch.float32\", \"numel\": 262144, \"shape\": [1, 1, 64, 64, 64], \"stride\": [262144, 262144, 4096, 64, 1]}], \"cuda_peak_allocated_bytes_process\": 728221696, \"cuda_peak_reserved_bytes_process\": 970981376, \"dataset\": \"44b6_0b24845f\", \"encode_calls\": {\"primary\": 8, \"secondary\": 8}, \"encode_seconds\": {\"primary\": 1.694710769000153, \"secondary\": 0.8545707439998296}, \"encode_views\": [{\"feature\": {\"device\": \"cuda:0\", \"dtype\": \"torch.float32\", \"numel\": 16777216, \"shape\": [1, 2, 32, 64, 64, 64], \"stride\": [16777216, 8388608, 262144, 4096, 64, 1]}, \"heatmap0\": {\"device\": \"cuda:0\", \"dtype\": \"torch.float32\", \"numel\": 262144, \"shape\": [1, 1, 64, 64, 64], \"stride\": [262144, 262144, 4096, 64, 1]}, \"input\": {\"device\": \"cuda:0\", \"dtype\": \"torch.float32\", \"numel\": 524288, \"shape\": [1, 2, 64, 64, 64], \"stride\": [524288, 262144, 4096, 64, 1]}, \"pass\": 1, \"role\": \"primary\"}, {\"feature\": {\"device\": \"cuda:0\", \"dtype\": \"torch.float32\", \"numel\": 16777216, \"shape\": [1, 2, 32, 64, 64, 64], \"stride\": [16777216, 8388608, 262144, 4096, 64, 1]}, \"heatmap0\": {\"device\": \"cuda:0\", \"dtype\": \"torch.float32\", \"numel\": 262144, \"shape\": [1, 1, 64, 64, 64], \"stride\": [262144, 262144, 4096, 64, 1]}, \"input\": {\"device\": \"cuda:0\", \"dtype\": \"torch.float32\", \"numel\": 524288, \"shape\": [1, 2, 64, 64, 64], \"stride\": [524288, 262144, 4096, 64, 1]}, \"pass\": 2, \"role\": \"primary\"}, {\"feature\": {\"device\": \"cuda:0\", \"dtype\": \"torch.float32\", \"numel\": 16777216, \"shape\": [1, 2, 32, 64, 64, 64], \"stride\": [16777216, 8388608, 262144, 4096, 64, 1]}, \"heatmap0\": {\"device\": \"cuda:0\", \"dtype\": \"torch.float32\", \"numel\": 262144, \"shape\": [1, 1, 64, 64, 64], \"stride\": [262144, 262144, 4096, 64, 1]}, \"input\": {\"device\": \"cuda:0\", \"dtype\": \"torch.float32\", \"numel\": 524288, \"shape\": [1, 2, 64, 64, 64], \"stride\": [524288, 262144, 4096, 64, 1]}, \"pass\": 3, \"role\": \"primary\"}, {\"feature\": {\"device\": \"cuda:0\", \"dtype\": \"torch.float32\", \"numel\": 16777216, \"shape\": [1, 2, 32, 64, 64, 64], \"stride\": [16777216, 8388608, 262144, 4096, 64, 1]}, \"heatmap0\": {\"device\": \"cuda:0\", \"dtype\": \"torch.float32\", \"numel\": 262144, \"shape\": [1, 1, 64, 64, 64], \"stride\": [262144, 262144, 4096, 64, 1]}, \"input\": {\"device\": \"cuda:0\", \"dtype\": \"torch.float32\", \"numel\": 524288, \"shape\": [1, 2, 64, 64, 64], \"stride\": [524288, 262144, 4096, 64, 1]}, \"pass\": 4, \"role\": \"primary\"}, {\"feature\": {\"device\": \"cuda:0\", \"dtype\": \"torch.float32\", \"numel\": 16777216, \"shape\": [1, 2, 32, 64, 64, 64], \"stride\": [16777216, 8388608, 262144, 4096, 64, 1]}, \"heatmap0\": {\"device\": \"cuda:0\", \"dtype\": \"torch.float32\", \"numel\": 262144, \"shape\": [1, 1, 64, 64, 64], \"stride\": [262144, 262144, 4096, 64, 1]}, \"input\": {\"device\": \"cuda:0\", \"dtype\": \"torch.float32\", \"numel\": 524288, \"shape\": [1, 2, 64, 64, 64], \"stride\": [524288, 262144, 4096, 1, 64]}, \"pass\": 5, \"role\": \"primary\"}, {\"feature\": {\"device\": \"cuda:0\", \"dtype\": \"torch.float32\", \"numel\": 16777216, \"shape\": [1, 2, 32, 64, 64, 64], \"stride\": [16777216, 8388608, 262144, 4096, 64, 1]}, \"heatmap0\": {\"device\": \"cuda:0\", \"dtype\": \"torch.float32\", \"numel\": 262144, \"shape\": [1, 1, 64, 64, 64], \"stride\": [262144, 262144, 4096, 64, 1]}, \"input\": {\"device\": \"cuda:0\", \"dtype\": \"torch.float32\", \"numel\": 524288, \"shape\": [1, 2, 64, 64, 64], \"stride\": [524288, 262144, 4096, 1, 64]}, \"pass\": 6, \"role\": \"primary\"}, {\"feature\": {\"device\": \"cuda:0\", \"dtype\": \"torch.float32\", \"numel\": 16777216, \"shape\": [1, 2, 32, 64, 64, 64], \"stride\": [16777216, 8388608, 262144, 4096, 64, 1]}, \"heatmap0\": {\"device\": \"cuda:0\", \"dtype\": \"torch.float32\", \"numel\": 262144, \"shape\": [1, 1, 64, 64, 64], \"stride\": [262144, 262144, 4096, 64, 1]}, \"input\": {\"device\": \"cuda:0\", \"dtype\": \"torch.float32\", \"numel\": 524288, \"shape\": [1, 2, 64, 64, 64], \"stride\": [524288, 262144, 4096, 1, 64]}, \"pass\": 7, \"role\": \"primary\"}, {\"feature\": {\"device\": \"cuda:0\", \"dtype\": \"torch.float32\", \"numel\": 16777216, \"shape\": [1, 2, 32, 64, 64, 64], \"stride\": [16777216, 8388608, 262144, 4096, 64, 1]}, \"heatmap0\": {\"device\": \"cuda:0\", \"dtype\": \"torch.float32\", \"numel\": 262144, \"shape\": [1, 1, 64, 64, 64], \"stride\": [262144, 262144, 4096, 64, 1]}, \"input\": {\"device\": \"cuda:0\", \"dtype\": \"torch.float32\", \"numel\": 524288, \"shape\": [1, 2, 64, 64, 64], \"stride\": [524288, 262144, 4096, 64, 1]}, \"pass\": 8, \"role\": \"primary\"}, {\"feature\": {\"device\": \"cuda:0\", \"dtype\": \"torch.float32\", \"numel\": 16777216, \"shape\": [1, 2, 32, 64, 64, 64], \"stride\": [16777216, 8388608, 262144, 4096, 64, 1]}, \"heatmap0\": {\"device\": \"cuda:0\", \"dtype\": \"torch.float32\", \"numel\": 262144, \"shape\": [1, 1, 64, 64, 64], \"stride\": [262144, 262144, 4096, 64, 1]}, \"input\": {\"device\": \"cuda:0\", \"dtype\": \"torch.float32\", \"numel\": 524288, \"shape\": [1, 2, 64, 64, 64], \"stride\": [524288, 262144, 4096, 64, 1]}, \"pass\": 1, \"role\": \"secondary\"}, {\"feature\": {\"device\": \"cuda:0\", \"dtype\": \"torch.float32\", \"numel\": 16777216, \"shape\": [1, 2, 32, 64, 64, 64], \"stride\": [16777216, 8388608, 262144, 4096, 64, 1]}, \"heatmap0\": {\"device\": \"cuda:0\", \"dtype\": \"torch.float32\", \"numel\": 262144, \"shape\": [1, 1, 64, 64, 64], \"stride\": [262144, 262144, 4096, 64, 1]}, \"input\": {\"device\": \"cuda:0\", \"dtype\": \"torch.float32\", \"numel\": 524288, \"shape\": [1, 2, 64, 64, 64], \"stride\": [524288, 262144, 4096, 64, 1]}, \"pass\": 2, \"role\": \"secondary\"}, {\"feature\": {\"device\": \"cuda:0\", \"dtype\": \"torch.float32\", \"numel\": 16777216, \"shape\": [1, 2, 32, 64, 64, 64], \"stride\": [16777216, 8388608, 262144, 4096, 64, 1]}, \"heatmap0\": {\"device\": \"cuda:0\", \"dtype\": \"torch.float32\", \"numel\": 262144, \"shape\": [1, 1, 64, 64, 64], \"stride\": [262144, 262144, 4096, 64, 1]}, \"input\": {\"device\": \"cuda:0\", \"dtype\": \"torch.float32\", \"numel\": 524288, \"shape\": [1, 2, 64, 64, 64], \"stride\": [524288, 262144, 4096, 64, 1]}, \"pass\": 3, \"role\": \"secondary\"}, {\"feature\": {\"device\": \"cuda:0\", \"dtype\": \"torch.float32\", \"numel\": 16777216, \"shape\": [1, 2, 32, 64, 64, 64], \"stride\": [16777216, 8388608, 262144, 4096, 64, 1]}, \"heatmap0\": {\"device\": \"cuda:0\", \"dtype\": \"torch.float32\", \"numel\": 262144, \"shape\": [1, 1, 64, 64, 64], \"stride\": [262144, 262144, 4096, 64, 1]}, \"input\": {\"device\": \"cuda:0\", \"dtype\": \"torch.float32\", \"numel\": 524288, \"shape\": [1, 2, 64, 64, 64], \"stride\": [524288, 262144, 4096, 64, 1]}, \"pass\": 4, \"role\": \"secondary\"}, {\"feature\": {\"device\": \"cuda:0\", \"dtype\": \"torch.float32\", \"numel\": 16777216, \"shape\": [1, 2, 32, 64, 64, 64], \"stride\": [16777216, 8388608, 262144, 4096, 64, 1]}, \"heatmap0\": {\"device\": \"cuda:0\", \"dtype\": \"torch.float32\", \"numel\": 262144, \"shape\": [1, 1, 64, 64, 64], \"stride\": [262144, 262144, 4096, 64, 1]}, \"input\": {\"device\": \"cuda:0\", \"dtype\": \"torch.float32\", \"numel\": 524288, \"shape\": [1, 2, 64, 64, 64], \"stride\": [524288, 262144, 4096, 1, 64]}, \"pass\": 5, \"role\": \"secondary\"}, {\"feature\": {\"device\": \"cuda:0\", \"dtype\": \"torch.float32\", \"numel\": 16777216, \"shape\": [1, 2, 32, 64, 64, 64], \"stride\": [16777216, 8388608, 262144, 4096, 64, 1]}, \"heatmap0\": {\"device\": \"cuda:0\", \"dtype\": \"torch.float32\", \"numel\": 262144, \"shape\": [1, 1, 64, 64, 64], \"stride\": [262144, 262144, 4096, 64, 1]}, \"input\": {\"device\": \"cuda:0\", \"dtype\": \"torch.float32\", \"numel\": 524288, \"shape\": [1, 2, 64, 64, 64], \"stride\": [524288, 262144, 4096, 1, 64]}, \"pass\": 6, \"role\": \"secondary\"}, {\"feature\": {\"device\": \"cuda:0\", \"dtype\": \"torch.float32\", \"numel\": 16777216, \"shape\": [1, 2, 32, 64, 64, 64], \"stride\": [16777216, 8388608, 262144, 4096, 64, 1]}, \"heatmap0\": {\"device\": \"cuda:0\", \"dtype\": \"torch.float32\", \"numel\": 262144, \"shape\": [1, 1, 64, 64, 64], \"stride\": [262144, 262144, 4096, 64, 1]}, \"input\": {\"device\": \"cuda:0\", \"dtype\": \"torch.float32\", \"numel\": 524288, \"shape\": [1, 2, 64, 64, 64], \"stride\": [524288, 262144, 4096, 1, 64]}, \"pass\": 7, \"role\": \"secondary\"}, {\"feature\": {\"device\": \"cuda:0\", \"dtype\": \"torch.float32\", \"numel\": 16777216, \"shape\": [1, 2, 32, 64, 64, 64], \"stride\": [16777216, 8388608, 262144, 4096, 64, 1]}, \"heatmap0\": {\"device\": \"cuda:0\", \"dtype\": \"torch.float32\", \"numel\": 262144, \"shape\": [1, 1, 64, 64, 64], \"stride\": [262144, 262144, 4096, 64, 1]}, \"input\": {\"device\": \"cuda:0\", \"dtype\": \"torch.float32\", \"numel\": 524288, \"shape\": [1, 2, 64, 64, 64], \"stride\": [524288, 262144, 4096, 64, 1]}, \"pass\": 8, \"role\": \"secondary\"}], \"event\": \"actual_predictor_window\", \"frames\": [0, 1], \"input\": {\"all_finite\": true, \"device\": \"cuda:0\", \"dtype\": \"torch.float32\", \"numel\": 524288, \"shape\": [1, 2, 64, 64, 64], \"stride\": [524288, 262144, 4096, 64, 1]}, \"input_parent\": \"/kaggle/input/competitions/biohub-cell-tracking-during-development/test\", \"seconds_including_common_audit\": 5.936497502999941, \"window_index\": 1, \"worker_execution_settings\": {\"autocast_enabled\": false, \"cuda_runtime\": \"12.8\", \"cudnn_allow_tf32\": true, \"cudnn_benchmark\": false, \"cudnn_deterministic\": false, \"default_dtype\": \"torch.float32\", \"deterministic_algorithms\": false, \"float32_matmul_precision\": \"highest\", \"gpu_name\": \"Tesla T4\", \"grad_enabled\": false, \"matmul_allow_tf32\": false, \"torch_initial_seed\": 14662682628218654257, \"torch_version\": \"2.10.0+cu128\"}}\n"}
,{"stream_name":"stdout","time":348.178386722,"data":"EDGE_TTA_ACTIVE views= 8 mean_abs_feat_delta= 0.328294\n"}
,{"stream_name":"stdout","time":348.247955414,"data":"EDGE_TTA_ACTIVE views= 8 mean_abs_feat_delta= 0.361891\n"}
,{"stream_name":"stdout","time":348.381238977,"data":"EDGE_TTA_ACTIVE views= 8 mean_abs_feat_delta= 0.328294\n"}
,{"stream_name":"stdout","time":348.381272025,"data":"EDGE_TTA_ACTIVE views= 8 mean_abs_feat_delta= 0.361891\n"}
,{"stream_name":"stdout","time":349.13031882,"data":"BIOHUB_RETENTION_GUARD {\"blended_candidates\": 333, \"dataset\": \"44b6_0b24845f\", \"frame\": 2, \"minimum_retention\": 0.9, \"primary_candidates\": 390, \"retention\": 0.8538461538461538, \"use_primary\": true}\n"}
,{"stream_name":"stdout","time":349.332904762,"data":"BIOHUB_RETENTION_GUARD {\"blended_candidates\": 333, \"dataset\": \"44b6_0b24845f\", \"frame\": 2, \"minimum_retention\": 0.9, \"primary_candidates\": 390, \"retention\": 0.8538461538461538, \"use_primary\": true}\n"}
,{"stream_name":"stdout","time":350.002211323,"data":"EDGE_TTA_ACTIVE views= 8 mean_abs_feat_delta= 0.326314\n"}
,{"stream_name":"stdout","time":350.167172932,"data":"EDGE_TTA_ACTIVE views= 8 mean_abs_feat_delta= 0.354206\n"}
,{"stream_name":"stdout","time":350.20492495,"data":"EDGE_TTA_ACTIVE views= 8 mean_abs_feat_delta= 0.326314\n"}
,{"stream_name":"stdout","time":350.204959824,"data":"EDGE_TTA_ACTIVE views= 8 mean_abs_feat_delta= 0.354206\n"}
,{"stream_name":"stdout","time":351.059530901,"data":"BIOHUB_RETENTION_GUARD {\"blended_candidates\": 362, \"dataset\": \"44b6_0b24845f\", \"frame\": 3, \"minimum_retention\": 0.9, \"primary_candidates\": 421, \"retention\": 0.8598574821852731, \"use_primary\": true}\n"}
,{"stream_name":"stdout","time":351.262075597,"data":"BIOHUB_RETENTION_GUARD {\"blended_candidates\": 362, \"dataset\": \"44b6_0b24845f\", \"frame\": 3, \"minimum_retention\": 0.9, \"primary_candidates\": 421, \"retention\": 0.8598574821852731, \"use_primary\": true}\n"}
,{"stream_name":"stdout","time":351.871711234,"data":"EDGE_TTA_ACTIVE views= 8 mean_abs_feat_delta= 0.32686\n"}
,{"stream_name":"stdout","time":352.074306198,"data":"EDGE_TTA_ACTIVE views= 8 mean_abs_feat_delta= 0.32686\n"}
,{"stream_name":"stdout","time":352.09754638,"data":"EDGE_TTA_ACTIVE views= 8 mean_abs_feat_delta= 0.358867\n"}
,{"stream_name":"stdout","time":352.300216945,"data":"EDGE_TTA_ACTIVE views= 8 mean_abs_feat_delta= 0.358867\n"}
,{"stream_name":"stdout","time":352.988594099,"data":"BIOHUB_RETENTION_GUARD {\"blended_candidates\": 341, \"dataset\": \"44b6_0b24845f\", \"frame\": 4, \"minimum_retention\": 0.9, \"primary_candidates\": 404, \"retention\": 0.844059405940594, \"use_primary\": true}\n"}
,{"stream_name":"stdout","time":353.191099912,"data":"BIOHUB_RETENTION_GUARD {\"blended_candidates\": 341, \"dataset\": \"44b6_0b24845f\", \"frame\": 4, \"minimum_retention\": 0.9, \"primary_candidates\": 404, \"retention\": 0.844059405940594, \"use_primary\": true}\n"}
,{"stream_name":"stdout","time":353.709166258,"data":"EDGE_TTA_ACTIVE views= 8 mean_abs_feat_delta= 0.327781\n"}
,{"stream_name":"stdout","time":353.911442728,"data":"EDGE_TTA_ACTIVE views= 8 mean_abs_feat_delta= 0.327781\n"}
,{"stream_name":"stdout","time":354.018507693,"data":"EDGE_TTA_ACTIVE views= 8 mean_abs_feat_delta= 0.362463\n"}
,{"stream_name":"stdout","time":354.221057742,"data":"EDGE_TTA_ACTIVE views= 8 mean_abs_feat_delta= 0.362463\n"}
,{"stream_name":"stdout","time":354.925697536,"data":"BIOHUB_RETENTION_GUARD {\"blended_candidates\": 326, \"dataset\": \"44b6_0b24845f\", \"frame\": 5, \"minimum_retention\": 0.9, \"primary_candidates\": 383, \"retention\": 0.8511749347258486, \"use_primary\": true}\n"}
,{"stream_name":"stdout","time":355.128065304,"data":"BIOHUB_RETENTION_GUARD {\"blended_candidates\": 326, \"dataset\": \"44b6_0b24845f\", \"frame\": 5, \"minimum_retention\": 0.9, \"primary_candidates\": 383, \"retention\": 0.8511749347258486, \"use_primary\": true}\n"}
,{"stream_name":"stdout","time":355.588230286,"data":"EDGE_TTA_ACTIVE views= 8 mean_abs_feat_delta= 0.332086\n"}
,{"stream_name":"stdout","time":355.790739963,"data":"EDGE_TTA_ACTIVE views= 8 mean_abs_feat_delta= 0.332086\n"}
,{"stream_name":"stdout","time":355.973448862,"data":"EDGE_TTA_ACTIVE views= 8 mean_abs_feat_delta= 0.363112\n"}
,{"stream_name":"stdout","time":356.176252203,"data":"EDGE_TTA_ACTIVE views= 8 mean_abs_feat_delta= 0.363112\n"}
,{"stream_name":"stdout","time":356.874426799,"data":"BIOHUB_RETENTION_GUARD {\"blended_candidates\": 333, \"dataset\": \"44b6_0b24845f\", \"frame\": 6, \"minimum_retention\": 0.9, \"primary_candidates\": 403, \"retention\": 0.826302729528536, \"use_primary\": true}\n"}
,{"stream_name":"stdout","time":357.076911223,"data":"BIOHUB_RETENTION_GUARD {\"blended_candidates\": 333, \"dataset\": \"44b6_0b24845f\", \"frame\": 6, \"minimum_retention\": 0.9, \"primary_candidates\": 403, \"retention\": 0.826302729528536, \"use_primary\": true}\n"}
,{"stream_name":"stdout","time":357.491729357,"data":"EDGE_TTA_ACTIVE views= 8 mean_abs_feat_delta= 0.337311\n"}
,{"stream_name":"stdout","time":357.69477803,"data":"EDGE_TTA_ACTIVE views= 8 mean_abs_feat_delta= 0.337311\n"}
,{"stream_name":"stdout","time":357.908605393,"data":"EDGE_TTA_ACTIVE views= 8 mean_abs_feat_delta= 0.363947\n"}
,{"stream_name":"stdout","time":358.111493506,"data":"EDGE_TTA_ACTIVE views= 8 mean_abs_feat_delta= 0.363947\n"}
,{"stream_name":"stdout","time":358.811336421,"data":"BIOHUB_RETENTION_GUARD {\"blended_candidates\": 309, \"dataset\": \"44b6_0b24845f\", \"frame\": 7, \"minimum_retention\": 0.9, \"primary_candidates\": 390, \"retention\": 0.7923076923076923, \"use_primary\": true}\n"}
,{"stream_name":"stdout","time":359.014175442,"data":"BIOHUB_RETENTION_GUARD {\"blended_candidates\": 309, \"dataset\": \"44b6_0b24845f\", \"frame\": 7, \"minimum_retention\": 0.9, \"primary_candidates\": 390, \"retention\": 0.7923076923076923, \"use_primary\": true}\n"}
,{"stream_name":"stdout","time":359.343109281,"data":"EDGE_TTA_ACTIVE views= 8 mean_abs_feat_delta= 0.336476\n"}
,{"stream_name":"stdout","time":359.545596397,"data":"EDGE_TTA_ACTIVE views= 8 mean_abs_feat_delta= 0.336476\n"}
,{"stream_name":"stdout","time":359.852411522,"data":"EDGE_TTA_ACTIVE views= 8 mean_abs_feat_delta= 0.368841\n"}
,{"stream_name":"stdout","time":360.069823298,"data":"EDGE_TTA_ACTIVE views= 8 mean_abs_feat_delta= 0.368841\n"}
,{"stream_name":"stdout","time":360.756065863,"data":"BIOHUB_RETENTION_GUARD {\"blended_candidates\": 378, \"dataset\": \"44b6_0b24845f\", \"frame\": 8, \"minimum_retention\": 0.9, \"primary_candidates\": 443, \"retention\": 0.8532731376975169, \"use_primary\": true}\n"}
,{"stream_name":"stdout","time":360.958861526,"data":"BIOHUB_RETENTION_GUARD {\"blended_candidates\": 378, \"dataset\": \"44b6_0b24845f\", \"frame\": 8, \"minimum_retention\": 0.9, \"primary_candidates\": 443, \"retention\": 0.8532731376975169, \"use_primary\": true}\n"}
,{"stream_name":"stdout","time":361.206802176,"data":"EDGE_TTA_ACTIVE views= 8 mean_abs_feat_delta= 0.33307\n"}
,{"stream_name":"stdout","time":361.409404232,"data":"EDGE_TTA_ACTIVE views= 8 mean_abs_feat_delta= 0.33307\n"}
,{"stream_name":"stdout","time":361.816176044,"data":"EDGE_TTA_ACTIVE views= 8 mean_abs_feat_delta= 0.372442\n"}
,{"stream_name":"stdout","time":362.018561753,"data":"EDGE_TTA_ACTIVE views= 8 mean_abs_feat_delta= 0.372442\n"}
,{"stream_name":"stdout","time":362.72247983,"data":"BIOHUB_RETENTION_GUARD {\"blended_candidates\": 362, \"dataset\": \"44b6_0b24845f\", \"frame\": 9, \"minimum_retention\": 0.9, \"primary_candidates\": 429, \"retention\": 0.8438228438228438, \"use_primary\": true}\n"}
,{"stream_name":"stdout","time":362.926298166,"data":"BIOHUB_RETENTION_GUARD {\"blended_candidates\": 362, \"dataset\": \"44b6_0b24845f\", \"frame\": 9, \"minimum_retention\": 0.9, \"primary_candidates\": 429, \"retention\": 0.8438228438228438, \"use_primary\": true}\n"}
,{"stream_name":"stdout","time":363.103718355,"data":"EDGE_TTA_ACTIVE views= 8 mean_abs_feat_delta= 0.333216\n"}
,{"stream_name":"stdout","time":363.30634964,"data":"EDGE_TTA_ACTIVE views= 8 mean_abs_feat_delta= 0.333216\n"}
,{"stream_name":"stdout","time":363.781815783,"data":"EDGE_TTA_ACTIVE views= 8 mean_abs_feat_delta= 0.36599\n"}
,{"stream_name":"stdout","time":363.984375912,"data":"EDGE_TTA_ACTIVE views= 8 mean_abs_feat_delta= 0.36599\n"}
,{"stream_name":"stdout","time":364.693115278,"data":"BIOHUB_RETENTION_GUARD {\"blended_candidates\": 331, \"dataset\": \"44b6_0b24845f\", \"frame\": 10, \"minimum_retention\": 0.9, \"primary_candidates\": 419, \"retention\": 0.7899761336515513, \"use_primary\": true}\n"}
,{"stream_name":"stdout","time":364.896022973,"data":"BIOHUB_RETENTION_GUARD {\"blended_candidates\": 331, \"dataset\": \"44b6_0b24845f\", \"frame\": 10, \"minimum_retention\": 0.9, \"primary_candidates\": 419, \"retention\": 0.7899761336515513, \"use_primary\": true}\n"}
,{"stream_name":"stdout","time":364.991022794,"data":"EDGE_TTA_ACTIVE views= 8 mean_abs_feat_delta= 0.341654\n"}
,{"stream_name":"stdout","time":365.193605021,"data":"EDGE_TTA_ACTIVE views= 8 mean_abs_feat_delta= 0.341654\n"}
,{"stream_name":"stdout","time":365.789056103,"data":"EDGE_TTA_ACTIVE views= 8 mean_abs_feat_delta= 0.358411\n"}
,{"stream_name":"stdout","time":365.991257093,"data":"EDGE_TTA_ACTIVE views= 8 mean_abs_feat_delta= 0.358411\n"}
,{"stream_name":"stdout","time":366.6960217,"data":"BIOHUB_RETENTION_GUARD {\"blended_candidates\": 376, \"dataset\": \"44b6_0b24845f\", \"frame\": 11, \"minimum_retention\": 0.9, \"primary_candidates\": 441, \"retention\": 0.8526077097505669, \"use_primary\": true}\n"}
,{"stream_name":"stdout","time":366.896402936,"data":"EDGE_TTA_ACTIVE views= 8 mean_abs_feat_delta= 0.334228\n"}
,{"stream_name":"stdout","time":366.898644487,"data":"BIOHUB_RETENTION_GUARD {\"blended_candidates\": 376, \"dataset\": \"44b6_0b24845f\", \"frame\": 11, \"minimum_retention\": 0.9, \"primary_candidates\": 441, \"retention\": 0.8526077097505669, \"use_primary\": true}\n"}
,{"stream_name":"stdout","time":366.898683587,"data":"EDGE_TTA_ACTIVE views= 8 mean_abs_feat_delta= 0.334228\n"}
,{"stream_name":"stdout","time":367.798257158,"data":"EDGE_TTA_ACTIVE views= 8 mean_abs_feat_delta= 0.361758\n"}
,{"stream_name":"stdout","time":368.001129998,"data":"EDGE_TTA_ACTIVE views= 8 mean_abs_feat_delta= 0.361758\n"}
,{"stream_name":"stdout","time":368.715536505,"data":"BIOHUB_RETENTION_GUARD {\"blended_candidates\": 304, \"dataset\": \"44b6_0b24845f\", \"frame\": 12, \"minimum_retention\": 0.9, \"primary_candidates\": 361, \"retention\": 0.8421052631578947, \"use_primary\": true}\n"}
,{"stream_name":"stdout","time":368.80405153,"data":"EDGE_TTA_ACTIVE views= 8 mean_abs_feat_delta= 0.335161\n"}
,{"stream_name":"stdout","time":368.918648943,"data":"BIOHUB_RETENTION_GUARD {\"blended_candidates\": 304, \"dataset\": \"44b6_0b24845f\", \"frame\": 12, \"minimum_retention\": 0.9, \"primary_candidates\": 361, \"retention\": 0.8421052631578947, \"use_primary\": true}\n"}
,{"stream_name":"stdout","time":368.91870563,"data":"EDGE_TTA_ACTIVE views= 8 mean_abs_feat_delta= 0.335161\n"}
,{"stream_name":"stdout","time":369.787743506,"data":"EDGE_TTA_ACTIVE views= 8 mean_abs_feat_delta= 0.368237\n"}
,{"stream_name":"stdout","time":369.99029429,"data":"EDGE_TTA_ACTIVE views= 8 mean_abs_feat_delta= 0.368237\n"}
,{"stream_name":"stdout","time":370.711123439,"data":"EDGE_TTA_ACTIVE views= 8 mean_abs_feat_delta= 0.330752\n"}
,{"stream_name":"stdout","time":370.713844021,"data":"BIOHUB_RETENTION_GUARD {\"blended_candidates\": 314, \"dataset\": \"44b6_0b24845f\", \"frame\": 13, \"minimum_retention\": 0.9, \"primary_candidates\": 382, \"retention\": 0.8219895287958116, \"use_primary\": true}\n"}
,{"stream_name":"stdout","time":370.913947724,"data":"EDGE_TTA_ACTIVE views= 8 mean_abs_feat_delta= 0.330752\n"}
,{"stream_name":"stdout","time":370.913991203,"data":"BIOHUB_RETENTION_GUARD {\"blended_candidates\": 314, \"dataset\": \"44b6_0b24845f\", \"frame\": 13, \"minimum_retention\": 0.9, \"primary_candidates\": 382, \"retention\": 0.8219895287958116, \"use_primary\": true}\n"}
,{"stream_name":"stdout","time":371.781153253,"data":"EDGE_TTA_ACTIVE views= 8 mean_abs_feat_delta= 0.366311\n"}
,{"stream_name":"stdout","time":371.982821032,"data":"EDGE_TTA_ACTIVE views= 8 mean_abs_feat_delta= 0.366311\n"}
,{"stream_name":"stdout","time":372.609547205,"data":"EDGE_TTA_ACTIVE views= 8 mean_abs_feat_delta= 0.32964\n"}
,{"stream_name":"stdout","time":372.701979145,"data":"BIOHUB_RETENTION_GUARD {\"blended_candidates\": 330, \"dataset\": \"44b6_0b24845f\", \"frame\": 14, \"minimum_retention\": 0.9, \"primary_candidates\": 378, \"retention\": 0.873015873015873, \"use_primary\": true}\n"}
,{"stream_name":"stdout","time":372.812076704,"data":"EDGE_TTA_ACTIVE views= 8 mean_abs_feat_delta= 0.32964\n"}
,{"stream_name":"stdout","time":372.812231714,"data":"BIOHUB_RETENTION_GUARD {\"blended_candidates\": 330, \"dataset\": \"44b6_0b24845f\", \"frame\": 14, \"minimum_retention\": 0.9, \"primary_candidates\": 378, \"retention\": 0.873015873015873, \"use_primary\": true}\n"}
,{"stream_name":"stdout","time":373.799224162,"data":"EDGE_TTA_ACTIVE views= 8 mean_abs_feat_delta= 0.362666\n"}
,{"stream_name":"stdout","time":374.001815865,"data":"EDGE_TTA_ACTIVE views= 8 mean_abs_feat_delta= 0.362666\n"}
,{"stream_name":"stdout","time":374.571340706,"data":"EDGE_TTA_ACTIVE views= 8 mean_abs_feat_delta= 0.32447\n"}
,{"stream_name":"stdout","time":374.774104854,"data":"EDGE_TTA_ACTIVE views= 8 mean_abs_feat_delta= 0.32447\n"}
,{"stream_name":"stdout","time":375.797752794,"data":"EDGE_TTA_ACTIVE views= 8 mean_abs_feat_delta= 0.368515\n"}
,{"stream_name":"stdout","time":376.00020942,"data":"EDGE_TTA_ACTIVE views= 8 mean_abs_feat_delta= 0.368515\n"}
,{"stream_name":"stdout","time":376.513637638,"data":"EDGE_TTA_ACTIVE views= 8 mean_abs_feat_delta= 0.325522\n"}
,{"stream_name":"stdout","time":376.716479628,"data":"EDGE_TTA_ACTIVE views= 8 mean_abs_feat_delta= 0.325522\n"}
,{"stream_name":"stdout","time":377.793117772,"data":"EDGE_TTA_ACTIVE views= 8 mean_abs_feat_delta= 0.37163\n"}
,{"stream_name":"stdout","time":377.995342625,"data":"EDGE_TTA_ACTIVE views= 8 mean_abs_feat_delta= 0.37163\n"}
,{"stream_name":"stdout","time":378.467227699,"data":"EDGE_TTA_ACTIVE views= 8 mean_abs_feat_delta= 0.319866\n"}
,{"stream_name":"stdout","time":378.669275593,"data":"EDGE_TTA_ACTIVE views= 8 mean_abs_feat_delta= 0.319866\n"}
,{"stream_name":"stdout","time":379.794021119,"data":"EDGE_TTA_ACTIVE views= 8 mean_abs_feat_delta= 0.367306\n"}
,{"stream_name":"stdout","time":379.996604885,"data":"EDGE_TTA_ACTIVE views= 8 mean_abs_feat_delta= 0.367306\n"}
,{"stream_name":"stdout","time":380.395138277,"data":"EDGE_TTA_ACTIVE views= 8 mean_abs_feat_delta= 0.323582\n"}
,{"stream_name":"stdout","time":380.5977482,"data":"EDGE_TTA_ACTIVE views= 8 mean_abs_feat_delta= 0.323582\n"}
,{"stream_name":"stdout","time":381.795952248,"data":"EDGE_TTA_ACTIVE views= 8 mean_abs_feat_delta= 0.356982\n"}
,{"stream_name":"stdout","time":381.997356777,"data":"EDGE_TTA_ACTIVE views= 8 mean_abs_feat_delta= 0.356982\n"}
,{"stream_name":"stdout","time":382.386971753,"data":"EDGE_TTA_ACTIVE views= 8 mean_abs_feat_delta= 0.326415\n"}
,{"stream_name":"stdout","time":382.589537443,"data":"EDGE_TTA_ACTIVE views= 8 mean_abs_feat_delta= 0.326415\n"}
,{"stream_name":"stdout","time":383.81824621,"data":"EDGE_TTA_ACTIVE views= 8 mean_abs_feat_delta= 0.354988\n"}
,{"stream_name":"stdout","time":384.020908243,"data":"EDGE_TTA_ACTIVE views= 8 mean_abs_feat_delta= 0.354988\n"}
,{"stream_name":"stdout","time":384.348732417,"data":"EDGE_TTA_ACTIVE views= 8 mean_abs_feat_delta= 0.32326\n"}
,{"stream_name":"stdout","time":384.551323714,"data":"EDGE_TTA_ACTIVE views= 8 mean_abs_feat_delta= 0.32326\n"}
,{"stream_name":"stdout","time":384.757687217,"data":"BIOHUB_RETENTION_GUARD {\"blended_candidates\": 285, \"dataset\": \"44b6_0b24845f\", \"frame\": 20, \"minimum_retention\": 0.9, \"primary_candidates\": 317, \"retention\": 0.8990536277602523, \"use_primary\": true}\n"}
,{"stream_name":"stdout","time":384.960229824,"data":"BIOHUB_RETENTION_GUARD {\"blended_candidates\": 285, \"dataset\": \"44b6_0b24845f\", \"frame\": 20, \"minimum_retention\": 0.9, \"primary_candidates\": 317, \"retention\": 0.8990536277602523, \"use_primary\": true}\n"}
,{"stream_name":"stdout","time":385.824165769,"data":"EDGE_TTA_ACTIVE views= 8 mean_abs_feat_delta= 0.355885\n"}
,{"stream_name":"stdout","time":386.026653646,"data":"EDGE_TTA_ACTIVE views= 8 mean_abs_feat_delta= 0.355885\n"}
,{"stream_name":"stdout","time":386.297343456,"data":"EDGE_TTA_ACTIVE views= 8 mean_abs_feat_delta= 0.324888\n"}
,{"stream_name":"stdout","time":386.499985697,"data":"EDGE_TTA_ACTIVE views= 8 mean_abs_feat_delta= 0.324888\n"}
,{"stream_name":"stdout","time":386.772052379,"data":"BIOHUB_RETENTION_GUARD {\"blended_candidates\": 265, \"dataset\": \"44b6_0b24845f\", \"frame\": 21, \"minimum_retention\": 0.9, \"primary_candidates\": 325, \"retention\": 0.8153846153846154, \"use_primary\": true}\n"}
,{"stream_name":"stdout","time":386.974607946,"data":"BIOHUB_RETENTION_GUARD {\"blended_candidates\": 265, \"dataset\": \"44b6_0b24845f\", \"frame\": 21, \"minimum_retention\": 0.9, \"primary_candidates\": 325, \"retention\": 0.8153846153846154, \"use_primary\": true}\n"}
,{"stream_name":"stdout","time":387.845437691,"data":"EDGE_TTA_ACTIVE views= 8 mean_abs_feat_delta= 0.357492\n"}
,{"stream_name":"stdout","time":388.047949453,"data":"EDGE_TTA_ACTIVE views= 8 mean_abs_feat_delta= 0.357492\n"}
,{"stream_name":"stdout","time":388.23371065,"data":"EDGE_TTA_ACTIVE views= 8 mean_abs_feat_delta= 0.325752\n"}
,{"stream_name":"stdout","time":388.436350689,"data":"EDGE_TTA_ACTIVE views= 8 mean_abs_feat_delta= 0.325752\n"}
,{"stream_name":"stdout","time":388.794983098,"data":"BIOHUB_RETENTION_GUARD {\"blended_candidates\": 286, \"dataset\": \"44b6_0b24845f\", \"frame\": 22, \"minimum_retention\": 0.9, \"primary_candidates\": 326, \"retention\": 0.8773006134969326, \"use_primary\": true}\n"}
,{"stream_name":"stdout","time":388.997568896,"data":"BIOHUB_RETENTION_GUARD {\"blended_candidates\": 286, \"dataset\": \"44b6_0b24845f\", \"frame\": 22, \"minimum_retention\": 0.9, \"primary_candidates\": 326, \"retention\": 0.8773006134969326, \"use_primary\": true}\n"}
,{"stream_name":"stdout","time":389.896700675,"data":"EDGE_TTA_ACTIVE views= 8 mean_abs_feat_delta= 0.361386\n"}
,{"stream_name":"stdout","time":390.115928519,"data":"EDGE_TTA_ACTIVE views= 8 mean_abs_feat_delta= 0.361386\n"}
,{"stream_name":"stdout","time":390.193233045,"data":"EDGE_TTA_ACTIVE views= 8 mean_abs_feat_delta= 0.330364\n"}
,{"stream_name":"stdout","time":390.395672498,"data":"EDGE_TTA_ACTIVE views= 8 mean_abs_feat_delta= 0.330364\n"}
,{"stream_name":"stdout","time":391.932138521,"data":"EDGE_TTA_ACTIVE views= 8 mean_abs_feat_delta= 0.361052\n"}
,{"stream_name":"stdout","time":392.134745815,"data":"EDGE_TTA_ACTIVE views= 8 mean_abs_feat_delta= 0.361052\n"}
,{"stream_name":"stdout","time":392.146927942,"data":"EDGE_TTA_ACTIVE views= 8 mean_abs_feat_delta= 0.329773\n"}
,{"stream_name":"stdout","time":392.349545747,"data":"EDGE_TTA_ACTIVE views= 8 mean_abs_feat_delta= 0.329773\n"}
,{"stream_name":"stdout","time":392.894328869,"data":"BIOHUB_RETENTION_GUARD {\"blended_candidates\": 261, \"dataset\": \"44b6_0b24845f\", \"frame\": 24, \"minimum_retention\": 0.9, \"primary_candidates\": 306, \"retention\": 0.8529411764705882, \"use_primary\": true}\n"}
,{"stream_name":"stdout","time":393.097546567,"data":"BIOHUB_RETENTION_GUARD {\"blended_candidates\": 261, \"dataset\": \"44b6_0b24845f\", \"frame\": 24, \"minimum_retention\": 0.9, \"primary_candidates\": 306, \"retention\": 0.8529411764705882, \"use_primary\": true}\n"}
,{"stream_name":"stdout","time":393.978360557,"data":"EDGE_TTA_ACTIVE views= 8 mean_abs_feat_delta= 0.36198\n"}
,{"stream_name":"stdout","time":394.107413456,"data":"EDGE_TTA_ACTIVE views= 8 mean_abs_feat_delta= 0.325156\n"}
,{"stream_name":"stdout","time":394.181203086,"data":"EDGE_TTA_ACTIVE views= 8 mean_abs_feat_delta= 0.36198\n"}
,{"stream_name":"stdout","time":394.181246707,"data":"EDGE_TTA_ACTIVE views= 8 mean_abs_feat_delta= 0.325156\n"}
,{"stream_name":"stdout","time":396.030480163,"data":"EDGE_TTA_ACTIVE views= 8 mean_abs_feat_delta= 0.365963\n"}
,{"stream_name":"stdout","time":396.113086853,"data":"EDGE_TTA_ACTIVE views= 8 mean_abs_feat_delta= 0.328005\n"}
,{"stream_name":"stdout","time":396.233152885,"data":"EDGE_TTA_ACTIVE views= 8 mean_abs_feat_delta= 0.365963\n"}
,{"stream_name":"stdout","time":396.233230049,"data":"EDGE_TTA_ACTIVE views= 8 mean_abs_feat_delta= 0.328005\n"}
,{"stream_name":"stdout","time":397.000329566,"data":"BIOHUB_RETENTION_GUARD {\"blended_candidates\": 273, \"dataset\": \"44b6_0b24845f\", \"frame\": 26, \"minimum_retention\": 0.9, \"primary_candidates\": 309, \"retention\": 0.883495145631068, \"use_primary\": true}\n"}
,{"stream_name":"stdout","time":397.203005642,"data":"BIOHUB_RETENTION_GUARD {\"blended_candidates\": 273, \"dataset\": \"44b6_0b24845f\", \"frame\": 26, \"minimum_retention\": 0.9, \"primary_candidates\": 309, \"retention\": 0.883495145631068, \"use_primary\": true}\n"}
,{"stream_name":"stdout","time":398.096576382,"data":"EDGE_TTA_ACTIVE views= 8 mean_abs_feat_delta= 0.332057\n"}
,{"stream_name":"stdout","time":398.112554279,"data":"EDGE_TTA_ACTIVE views= 8 mean_abs_feat_delta= 0.369614\n"}
,{"stream_name":"stdout","time":398.299362314,"data":"EDGE_TTA_ACTIVE views= 8 mean_abs_feat_delta= 0.332057\n"}
,{"stream_name":"stdout","time":398.299400109,"data":"EDGE_TTA_ACTIVE views= 8 mean_abs_feat_delta= 0.369614\n"}
,{"stream_name":"stdout","time":399.086627324,"data":"BIOHUB_RETENTION_GUARD {\"blended_candidates\": 258, \"dataset\": \"44b6_0b24845f\", \"frame\": 27, \"minimum_retention\": 0.9, \"primary_candidates\": 302, \"retention\": 0.8543046357615894, \"use_primary\": true}\n"}
,{"stream_name":"stdout","time":399.289490006,"data":"BIOHUB_RETENTION_GUARD {\"blended_candidates\": 258, \"dataset\": \"44b6_0b24845f\", \"frame\": 27, \"minimum_retention\": 0.9, \"primary_candidates\": 302, \"retention\": 0.8543046357615894, \"use_primary\": true}\n"}
,{"stream_name":"stdout","time":400.084794617,"data":"EDGE_TTA_ACTIVE views= 8 mean_abs_feat_delta= 0.327244\n"}
,{"stream_name":"stdout","time":400.170640235,"data":"EDGE_TTA_ACTIVE views= 8 mean_abs_feat_delta= 0.365619\n"}
,{"stream_name":"stdout","time":400.287547071,"data":"EDGE_TTA_ACTIVE views= 8 mean_abs_feat_delta= 0.327244\n"}
,{"stream_name":"stdout","time":400.287582056,"data":"EDGE_TTA_ACTIVE views= 8 mean_abs_feat_delta= 0.365619\n"}
,{"stream_name":"stdout","time":402.112026663,"data":"EDGE_TTA_ACTIVE views= 8 mean_abs_feat_delta= 0.331491\n"}
,{"stream_name":"stdout","time":402.241699314,"data":"EDGE_TTA_ACTIVE views= 8 mean_abs_feat_delta= 0.366332\n"}
,{"stream_name":"stdout","time":402.31452711,"data":"EDGE_TTA_ACTIVE views= 8 mean_abs_feat_delta= 0.331491\n"}
,{"stream_name":"stdout","time":402.314570655,"data":"EDGE_TTA_ACTIVE views= 8 mean_abs_feat_delta= 0.366332\n"}
,{"stream_name":"stdout","time":404.115031818,"data":"EDGE_TTA_ACTIVE views= 8 mean_abs_feat_delta= 0.332767\n"}
,{"stream_name":"stdout","time":404.288792305,"data":"EDGE_TTA_ACTIVE views= 8 mean_abs_feat_delta= 0.364134\n"}
,{"stream_name":"stdout","time":404.31778715,"data":"EDGE_TTA_ACTIVE views= 8 mean_abs_feat_delta= 0.332767\n"}
,{"stream_name":"stdout","time":404.317972314,"data":"EDGE_TTA_ACTIVE views= 8 mean_abs_feat_delta= 0.364134\n"}
,{"stream_name":"stdout","time":406.136924709,"data":"EDGE_TTA_ACTIVE views= 8 mean_abs_feat_delta= 0.333532\n"}
,{"stream_name":"stdout","time":406.339523978,"data":"EDGE_TTA_ACTIVE views= 8 mean_abs_feat_delta= 0.333532\n"}
,{"stream_name":"stdout","time":406.356659095,"data":"EDGE_TTA_ACTIVE views= 8 mean_abs_feat_delta= 0.359711\n"}
,{"stream_name":"stdout","time":406.559010243,"data":"EDGE_TTA_ACTIVE views= 8 mean_abs_feat_delta= 0.359711\n"}
,{"stream_name":"stdout","time":408.157545495,"data":"EDGE_TTA_ACTIVE views= 8 mean_abs_feat_delta= 0.339086\n"}
,{"stream_name":"stdout","time":408.360253947,"data":"EDGE_TTA_ACTIVE views= 8 mean_abs_feat_delta= 0.339086\n"}
,{"stream_name":"stdout","time":408.429797877,"data":"EDGE_TTA_ACTIVE views= 8 mean_abs_feat_delta= 0.362505\n"}
,{"stream_name":"stdout","time":408.632328,"data":"EDGE_TTA_ACTIVE views= 8 mean_abs_feat_delta= 0.362505\n"}
,{"stream_name":"stdout","time":409.406575126,"data":"BIOHUB_RETENTION_GUARD {\"blended_candidates\": 249, \"dataset\": \"44b6_0b24845f\", \"frame\": 32, \"minimum_retention\": 0.9, \"primary_candidates\": 293, \"retention\": 0.8498293515358362, \"use_primary\": true}\n"}
,{"stream_name":"stdout","time":409.608901279,"data":"BIOHUB_RETENTION_GUARD {\"blended_candidates\": 249, \"dataset\": \"44b6_0b24845f\", \"frame\": 32, \"minimum_retention\": 0.9, \"primary_candidates\": 293, \"retention\": 0.8498293515358362, \"use_primary\": true}\n"}
,{"stream_name":"stdout","time":410.183993504,"data":"EDGE_TTA_ACTIVE views= 8 mean_abs_feat_delta= 0.336421\n"}
,{"stream_name":"stdout","time":410.386479102,"data":"EDGE_TTA_ACTIVE views= 8 mean_abs_feat_delta= 0.336421\n"}
,{"stream_name":"stdout","time":410.500050557,"data":"EDGE_TTA_ACTIVE views= 8 mean_abs_feat_delta= 0.364903\n"}
,{"stream_name":"stdout","time":410.703049283,"data":"EDGE_TTA_ACTIVE views= 8 mean_abs_feat_delta= 0.364903\n"}
,{"stream_name":"stdout","time":411.492988528,"data":"BIOHUB_RETENTION_GUARD {\"blended_candidates\": 234, \"dataset\": \"44b6_0b24845f\", \"frame\": 33, \"minimum_retention\": 0.9, \"primary_candidates\": 276, \"retention\": 0.8478260869565217, \"use_primary\": true}\n"}
,{"stream_name":"stdout","time":411.695623789,"data":"BIOHUB_RETENTION_GUARD {\"blended_candidates\": 234, \"dataset\": \"44b6_0b24845f\", \"frame\": 33, \"minimum_retention\": 0.9, \"primary_candidates\": 276, \"retention\": 0.8478260869565217, \"use_primary\": true}\n"}
,{"stream_name":"stdout","time":412.213911398,"data":"EDGE_TTA_ACTIVE views= 8 mean_abs_feat_delta= 0.329875\n"}
,{"stream_name":"stdout","time":412.416397698,"data":"EDGE_TTA_ACTIVE views= 8 mean_abs_feat_delta= 0.329875\n"}
,{"stream_name":"stdout","time":412.594793033,"data":"EDGE_TTA_ACTIVE views= 8 mean_abs_feat_delta= 0.364198\n"}
,{"stream_name":"stdout","time":412.797475527,"data":"EDGE_TTA_ACTIVE views= 8 mean_abs_feat_delta= 0.364198\n"}
,{"stream_name":"stdout","time":414.262557168,"data":"EDGE_TTA_ACTIVE views= 8 mean_abs_feat_delta= 0.328572\n"}
,{"stream_name":"stdout","time":414.465006537,"data":"EDGE_TTA_ACTIVE views= 8 mean_abs_feat_delta= 0.328572\n"}
,{"stream_name":"stdout","time":414.686924831,"data":"EDGE_TTA_ACTIVE views= 8 mean_abs_feat_delta= 0.362852\n"}
,{"stream_name":"stdout","time":414.889506095,"data":"EDGE_TTA_ACTIVE views= 8 mean_abs_feat_delta= 0.362852\n"}
,{"stream_name":"stdout","time":416.309414585,"data":"EDGE_TTA_ACTIVE views= 8 mean_abs_feat_delta= 0.326071\n"}
,{"stream_name":"stdout","time":416.512017256,"data":"EDGE_TTA_ACTIVE views= 8 mean_abs_feat_delta= 0.326071\n"}
,{"stream_name":"stdout","time":416.802024299,"data":"EDGE_TTA_ACTIVE views= 8 mean_abs_feat_delta= 0.373852\n"}
,{"stream_name":"stdout","time":417.004525685,"data":"EDGE_TTA_ACTIVE views= 8 mean_abs_feat_delta= 0.373852\n"}
,{"stream_name":"stdout","time":418.356393029,"data":"EDGE_TTA_ACTIVE views= 8 mean_abs_feat_delta= 0.328178\n"}
,{"stream_name":"stdout","time":418.559002354,"data":"EDGE_TTA_ACTIVE views= 8 mean_abs_feat_delta= 0.328178\n"}
,{"stream_name":"stdout","time":418.934581326,"data":"EDGE_TTA_ACTIVE views= 8 mean_abs_feat_delta= 0.368966\n"}
,{"stream_name":"stdout","time":419.13759006,"data":"EDGE_TTA_ACTIVE views= 8 mean_abs_feat_delta= 0.368966\n"}
,{"stream_name":"stdout","time":420.403229858,"data":"EDGE_TTA_ACTIVE views= 8 mean_abs_feat_delta= 0.331242\n"}
,{"stream_name":"stdout","time":420.62455493,"data":"EDGE_TTA_ACTIVE views= 8 mean_abs_feat_delta= 0.331242\n"}
,{"stream_name":"stdout","time":421.06921111,"data":"EDGE_TTA_ACTIVE views= 8 mean_abs_feat_delta= 0.366559\n"}
,{"stream_name":"stdout","time":421.271783296,"data":"EDGE_TTA_ACTIVE views= 8 mean_abs_feat_delta= 0.366559\n"}
,{"stream_name":"stdout","time":422.51166354,"data":"EDGE_TTA_ACTIVE views= 8 mean_abs_feat_delta= 0.332742\n"}
,{"stream_name":"stdout","time":422.714201678,"data":"EDGE_TTA_ACTIVE views= 8 mean_abs_feat_delta= 0.332742\n"}
,{"stream_name":"stdout","time":423.20289355,"data":"EDGE_TTA_ACTIVE views= 8 mean_abs_feat_delta= 0.370597\n"}
,{"stream_name":"stdout","time":423.405398342,"data":"EDGE_TTA_ACTIVE views= 8 mean_abs_feat_delta= 0.370597\n"}
,{"stream_name":"stdout","time":424.561739427,"data":"EDGE_TTA_ACTIVE views= 8 mean_abs_feat_delta= 0.325998\n"}
,{"stream_name":"stdout","time":424.764294227,"data":"EDGE_TTA_ACTIVE views= 8 mean_abs_feat_delta= 0.325998\n"}
,{"stream_name":"stdout","time":425.366865106,"data":"EDGE_TTA_ACTIVE views= 8 mean_abs_feat_delta= 0.372674\n"}
,{"stream_name":"stdout","time":425.569739212,"data":"EDGE_TTA_ACTIVE views= 8 mean_abs_feat_delta= 0.372674\n"}
,{"stream_name":"stdout","time":426.651339034,"data":"EDGE_TTA_ACTIVE views= 8 mean_abs_feat_delta= 0.326187\n"}
,{"stream_name":"stdout","time":426.854116312,"data":"EDGE_TTA_ACTIVE views= 8 mean_abs_feat_delta= 0.326187\n"}
,{"stream_name":"stdout","time":427.521351479,"data":"EDGE_TTA_ACTIVE views= 8 mean_abs_feat_delta= 0.367938\n"}
,{"stream_name":"stdout","time":427.723687989,"data":"EDGE_TTA_ACTIVE views= 8 mean_abs_feat_delta= 0.367938\n"}
,{"stream_name":"stdout","time":428.70402582,"data":"EDGE_TTA_ACTIVE views= 8 mean_abs_feat_delta= 0.329641\n"}
,{"stream_name":"stdout","time":428.90643846,"data":"EDGE_TTA_ACTIVE views= 8 mean_abs_feat_delta= 0.329641\n"}
,{"stream_name":"stdout","time":429.676310799,"data":"EDGE_TTA_ACTIVE views= 8 mean_abs_feat_delta= 0.364834\n"}
,{"stream_name":"stdout","time":429.878868928,"data":"EDGE_TTA_ACTIVE views= 8 mean_abs_feat_delta= 0.364834\n"}
,{"stream_name":"stdout","time":430.7968999,"data":"EDGE_TTA_ACTIVE views= 8 mean_abs_feat_delta= 0.331184\n"}
,{"stream_name":"stdout","time":431.000423863,"data":"EDGE_TTA_ACTIVE views= 8 mean_abs_feat_delta= 0.331184\n"}
,{"stream_name":"stdout","time":431.840101661,"data":"EDGE_TTA_ACTIVE views= 8 mean_abs_feat_delta= 0.36801\n"}
,{"stream_name":"stdout","time":432.043059031,"data":"EDGE_TTA_ACTIVE views= 8 mean_abs_feat_delta= 0.36801\n"}
,{"stream_name":"stdout","time":432.893709127,"data":"EDGE_TTA_ACTIVE views= 8 mean_abs_feat_delta= 0.330506\n"}
,{"stream_name":"stdout","time":433.096778349,"data":"EDGE_TTA_ACTIVE views= 8 mean_abs_feat_delta= 0.330506\n"}
,{"stream_name":"stdout","time":434.024898984,"data":"EDGE_TTA_ACTIVE views= 8 mean_abs_feat_delta= 0.367877\n"}
,{"stream_name":"stdout","time":434.227605286,"data":"EDGE_TTA_ACTIVE views= 8 mean_abs_feat_delta= 0.367877\n"}
,{"stream_name":"stdout","time":435.015230062,"data":"EDGE_TTA_ACTIVE views= 8 mean_abs_feat_delta= 0.326851\n"}
,{"stream_name":"stdout","time":435.217977813,"data":"EDGE_TTA_ACTIVE views= 8 mean_abs_feat_delta= 0.326851\n"}
,{"stream_name":"stdout","time":436.211592236,"data":"EDGE_TTA_ACTIVE views= 8 mean_abs_feat_delta= 0.368248\n"}
,{"stream_name":"stdout","time":436.41408045,"data":"EDGE_TTA_ACTIVE views= 8 mean_abs_feat_delta= 0.368248\n"}
,{"stream_name":"stdout","time":437.146779812,"data":"EDGE_TTA_ACTIVE views= 8 mean_abs_feat_delta= 0.32759\n"}
,{"stream_name":"stdout","time":437.349468639,"data":"EDGE_TTA_ACTIVE views= 8 mean_abs_feat_delta= 0.32759\n"}
,{"stream_name":"stdout","time":438.409910755,"data":"EDGE_TTA_ACTIVE views= 8 mean_abs_feat_delta= 0.366473\n"}
,{"stream_name":"stdout","time":438.612188739,"data":"EDGE_TTA_ACTIVE views= 8 mean_abs_feat_delta= 0.366473\n"}
,{"stream_name":"stdout","time":439.288132789,"data":"EDGE_TTA_ACTIVE views= 8 mean_abs_feat_delta= 0.323605\n"}
,{"stream_name":"stdout","time":439.491109474,"data":"EDGE_TTA_ACTIVE views= 8 mean_abs_feat_delta= 0.323605\n"}
,{"stream_name":"stdout","time":440.615570188,"data":"EDGE_TTA_ACTIVE views= 8 mean_abs_feat_delta= 0.369227\n"}
,{"stream_name":"stdout","time":440.818317446,"data":"EDGE_TTA_ACTIVE views= 8 mean_abs_feat_delta= 0.369227\n"}
,{"stream_name":"stdout","time":441.439320287,"data":"EDGE_TTA_ACTIVE views= 8 mean_abs_feat_delta= 0.332571\n"}
,{"stream_name":"stdout","time":441.641544824,"data":"EDGE_TTA_ACTIVE views= 8 mean_abs_feat_delta= 0.332571\n"}
,{"stream_name":"stdout","time":441.667385575,"data":"BIOHUB_RETENTION_GUARD {\"blended_candidates\": 264, \"dataset\": \"44b6_0b24845f\", \"frame\": 47, \"minimum_retention\": 0.9, \"primary_candidates\": 307, \"retention\": 0.8599348534201955, \"use_primary\": true}\n"}
,{"stream_name":"stdout","time":441.869923986,"data":"BIOHUB_RETENTION_GUARD {\"blended_candidates\": 264, \"dataset\": \"44b6_0b24845f\", \"frame\": 47, \"minimum_retention\": 0.9, \"primary_candidates\": 307, \"retention\": 0.8599348534201955, \"use_primary\": true}\n"}
,{"stream_name":"stdout","time":442.831107862,"data":"EDGE_TTA_ACTIVE views= 8 mean_abs_feat_delta= 0.376915\n"}
,{"stream_name":"stdout","time":443.033811422,"data":"EDGE_TTA_ACTIVE views= 8 mean_abs_feat_delta= 0.376915\n"}
,{"stream_name":"stdout","time":443.594595591,"data":"EDGE_TTA_ACTIVE views= 8 mean_abs_feat_delta= 0.328319\n"}
,{"stream_name":"stdout","time":443.797293689,"data":"EDGE_TTA_ACTIVE views= 8 mean_abs_feat_delta= 0.328319\n"}
,{"stream_name":"stdout","time":445.068092696,"data":"EDGE_TTA_ACTIVE views= 8 mean_abs_feat_delta= 0.373149\n"}
,{"stream_name":"stdout","time":445.270497283,"data":"EDGE_TTA_ACTIVE views= 8 mean_abs_feat_delta= 0.373149\n"}
,{"stream_name":"stdout","time":445.791539616,"data":"EDGE_TTA_ACTIVE views= 8 mean_abs_feat_delta= 0.327289\n"}
,{"stream_name":"stdout","time":445.994512611,"data":"EDGE_TTA_ACTIVE views= 8 mean_abs_feat_delta= 0.327289\n"}
,{"stream_name":"stdout","time":447.313592665,"data":"EDGE_TTA_ACTIVE views= 8 mean_abs_feat_delta= 0.373289\n"}
,{"stream_name":"stdout","time":447.516190889,"data":"EDGE_TTA_ACTIVE views= 8 mean_abs_feat_delta= 0.373289\n"}
,{"stream_name":"stdout","time":448.00769186,"data":"EDGE_TTA_ACTIVE views= 8 mean_abs_feat_delta= 0.337614\n"}
,{"stream_name":"stdout","time":448.210095107,"data":"EDGE_TTA_ACTIVE views= 8 mean_abs_feat_delta= 0.337614\n"}
,{"stream_name":"stdout","time":448.384682523,"data":"BIOHUB_RETENTION_GUARD {\"blended_candidates\": 253, \"dataset\": \"44b6_0b24845f\", \"frame\": 50, \"minimum_retention\": 0.9, \"primary_candidates\": 285, \"retention\": 0.887719298245614, \"use_primary\": true}\n"}
,{"stream_name":"stdout","time":448.587507197,"data":"BIOHUB_RETENTION_GUARD {\"blended_candidates\": 253, \"dataset\": \"44b6_0b24845f\", \"frame\": 50, \"minimum_retention\": 0.9, \"primary_candidates\": 285, \"retention\": 0.887719298245614, \"use_primary\": true}\n"}
,{"stream_name":"stdout","time":449.553745664,"data":"EDGE_TTA_ACTIVE views= 8 mean_abs_feat_delta= 0.372374\n"}
,{"stream_name":"stdout","time":449.756370773,"data":"EDGE_TTA_ACTIVE views= 8 mean_abs_feat_delta= 0.372374\n"}
,{"stream_name":"stdout","time":450.204652329,"data":"EDGE_TTA_ACTIVE views= 8 mean_abs_feat_delta= 0.338693\n"}
,{"stream_name":"stdout","time":450.407006104,"data":"EDGE_TTA_ACTIVE views= 8 mean_abs_feat_delta= 0.338693\n"}
,{"stream_name":"stdout","time":450.631969426,"data":"BIOHUB_RETENTION_GUARD {\"blended_candidates\": 321, \"dataset\": \"44b6_0b24845f\", \"frame\": 51, \"minimum_retention\": 0.9, \"primary_candidates\": 361, \"retention\": 0.889196675900277, \"use_primary\": true}\n"}
,{"stream_name":"stdout","time":450.855045811,"data":"BIOHUB_RETENTION_GUARD {\"blended_candidates\": 321, \"dataset\": \"44b6_0b24845f\", \"frame\": 51, \"minimum_retention\": 0.9, \"primary_candidates\": 361, \"retention\": 0.889196675900277, \"use_primary\": true}\n"}
,{"stream_name":"stdout","time":451.840271969,"data":"EDGE_TTA_ACTIVE views= 8 mean_abs_feat_delta= 0.36791\n"}
,{"stream_name":"stdout","time":452.042747119,"data":"EDGE_TTA_ACTIVE views= 8 mean_abs_feat_delta= 0.36791\n"}
,{"stream_name":"stdout","time":452.459124246,"data":"EDGE_TTA_ACTIVE views= 8 mean_abs_feat_delta= 0.338257\n"}
,{"stream_name":"stdout","time":452.661723029,"data":"EDGE_TTA_ACTIVE views= 8 mean_abs_feat_delta= 0.338257\n"}
,{"stream_name":"stdout","time":454.192542957,"data":"EDGE_TTA_ACTIVE views= 8 mean_abs_feat_delta= 0.370709\n"}
,{"stream_name":"stdout","time":454.39541754,"data":"EDGE_TTA_ACTIVE views= 8 mean_abs_feat_delta= 0.370709\n"}
,{"stream_name":"stdout","time":454.684249534,"data":"EDGE_TTA_ACTIVE views= 8 mean_abs_feat_delta= 0.33887\n"}
,{"stream_name":"stdout","time":454.886897147,"data":"EDGE_TTA_ACTIVE views= 8 mean_abs_feat_delta= 0.33887\n"}
,{"stream_name":"stdout","time":455.286275215,"data":"BIOHUB_RETENTION_GUARD {\"blended_candidates\": 305, \"dataset\": \"44b6_0b24845f\", \"frame\": 53, \"minimum_retention\": 0.9, \"primary_candidates\": 342, \"retention\": 0.8918128654970761, \"use_primary\": true}\n"}
,{"stream_name":"stdout","time":455.4888504,"data":"BIOHUB_RETENTION_GUARD {\"blended_candidates\": 305, \"dataset\": \"44b6_0b24845f\", \"frame\": 53, \"minimum_retention\": 0.9, \"primary_candidates\": 342, \"retention\": 0.8918128654970761, \"use_primary\": true}\n"}
,{"stream_name":"stdout","time":456.50646193,"data":"EDGE_TTA_ACTIVE views= 8 mean_abs_feat_delta= 0.369503\n"}
,{"stream_name":"stdout","time":456.708973538,"data":"EDGE_TTA_ACTIVE views= 8 mean_abs_feat_delta= 0.369503\n"}
,{"stream_name":"stdout","time":456.943863098,"data":"EDGE_TTA_ACTIVE views= 8 mean_abs_feat_delta= 0.339106\n"}
,{"stream_name":"stdout","time":457.146569455,"data":"EDGE_TTA_ACTIVE views= 8 mean_abs_feat_delta= 0.339106\n"}
,{"stream_name":"stdout","time":457.612314078,"data":"BIOHUB_RETENTION_GUARD {\"blended_candidates\": 321, \"dataset\": \"44b6_0b24845f\", \"frame\": 54, \"minimum_retention\": 0.9, \"primary_candidates\": 362, \"retention\": 0.8867403314917127, \"use_primary\": true}\n"}
,{"stream_name":"stdout","time":457.815170529,"data":"BIOHUB_RETENTION_GUARD {\"blended_candidates\": 321, \"dataset\": \"44b6_0b24845f\", \"frame\": 54, \"minimum_retention\": 0.9, \"primary_candidates\": 362, \"retention\": 0.8867403314917127, \"use_primary\": true}\n"}
,{"stream_name":"stdout","time":458.834819929,"data":"EDGE_TTA_ACTIVE views= 8 mean_abs_feat_delta= 0.3697\n"}
,{"stream_name":"stdout","time":459.037305481,"data":"EDGE_TTA_ACTIVE views= 8 mean_abs_feat_delta= 0.3697\n"}
,{"stream_name":"stdout","time":459.202261303,"data":"EDGE_TTA_ACTIVE views= 8 mean_abs_feat_delta= 0.341611\n"}
,{"stream_name":"stdout","time":459.40481384,"data":"EDGE_TTA_ACTIVE views= 8 mean_abs_feat_delta= 0.341611\n"}
,{"stream_name":"stdout","time":461.184127805,"data":"EDGE_TTA_ACTIVE views= 8 mean_abs_feat_delta= 0.37301\n"}
,{"stream_name":"stdout","time":461.386386814,"data":"EDGE_TTA_ACTIVE views= 8 mean_abs_feat_delta= 0.37301\n"}
,{"stream_name":"stdout","time":461.449373948,"data":"EDGE_TTA_ACTIVE views= 8 mean_abs_feat_delta= 0.346143\n"}
,{"stream_name":"stdout","time":461.652213259,"data":"EDGE_TTA_ACTIVE views= 8 mean_abs_feat_delta= 0.346143\n"}
,{"stream_name":"stdout","time":463.538758779,"data":"EDGE_TTA_ACTIVE views= 8 mean_abs_feat_delta= 0.367347\n"}
,{"stream_name":"stdout","time":463.720268534,"data":"EDGE_TTA_ACTIVE views= 8 mean_abs_feat_delta= 0.340083\n"}
,{"stream_name":"stdout","time":463.741544956,"data":"EDGE_TTA_ACTIVE views= 8 mean_abs_feat_delta= 0.367347\n"}
,{"stream_name":"stdout","time":463.741625507,"data":"EDGE_TTA_ACTIVE views= 8 mean_abs_feat_delta= 0.340083\n"}
,{"stream_name":"stdout","time":465.897633394,"data":"EDGE_TTA_ACTIVE views= 8 mean_abs_feat_delta= 0.36398\n"}
,{"stream_name":"stdout","time":465.995567523,"data":"EDGE_TTA_ACTIVE views= 8 mean_abs_feat_delta= 0.339203\n"}
,{"stream_name":"stdout","time":466.100272357,"data":"EDGE_TTA_ACTIVE views= 8 mean_abs_feat_delta= 0.36398\n"}
,{"stream_name":"stdout","time":466.100340649,"data":"EDGE_TTA_ACTIVE views= 8 mean_abs_feat_delta= 0.339203\n"}
,{"stream_name":"stdout","time":467.022177197,"data":"BIOHUB_RETENTION_GUARD {\"blended_candidates\": 263, \"dataset\": \"44b6_0b24845f\", \"frame\": 58, \"minimum_retention\": 0.9, \"primary_candidates\": 312, \"retention\": 0.842948717948718, \"use_primary\": true}\n"}
,{"stream_name":"stdout","time":467.224414666,"data":"BIOHUB_RETENTION_GUARD {\"blended_candidates\": 263, \"dataset\": \"44b6_0b24845f\", \"frame\": 58, \"minimum_retention\": 0.9, \"primary_candidates\": 312, \"retention\": 0.842948717948718, \"use_primary\": true}\n"}
,{"stream_name":"stdout","time":468.250636256,"data":"EDGE_TTA_ACTIVE views= 8 mean_abs_feat_delta= 0.366206\n"}
,{"stream_name":"stdout","time":468.304437583,"data":"EDGE_TTA_ACTIVE views= 8 mean_abs_feat_delta= 0.336994\n"}
,{"stream_name":"stdout","time":468.453227042,"data":"EDGE_TTA_ACTIVE views= 8 mean_abs_feat_delta= 0.366206\n"}
,{"stream_name":"stdout","time":468.45330137,"data":"EDGE_TTA_ACTIVE views= 8 mean_abs_feat_delta= 0.336994\n"}
,{"stream_name":"stdout","time":469.374281722,"data":"BIOHUB_RETENTION_GUARD {\"blended_candidates\": 303, \"dataset\": \"44b6_0b24845f\", \"frame\": 59, \"minimum_retention\": 0.9, \"primary_candidates\": 346, \"retention\": 0.8757225433526011, \"use_primary\": true}\n"}
,{"stream_name":"stdout","time":469.576945745,"data":"BIOHUB_RETENTION_GUARD {\"blended_candidates\": 303, \"dataset\": \"44b6_0b24845f\", \"frame\": 59, \"minimum_retention\": 0.9, \"primary_candidates\": 346, \"retention\": 0.8757225433526011, \"use_primary\": true}\n"}
,{"stream_name":"stdout","time":470.58948848,"data":"EDGE_TTA_ACTIVE views= 8 mean_abs_feat_delta= 0.342499\n"}
,{"stream_name":"stdout","time":470.63080748,"data":"EDGE_TTA_ACTIVE views= 8 mean_abs_feat_delta= 0.36887\n"}
,{"stream_name":"stdout","time":470.792045523,"data":"EDGE_TTA_ACTIVE views= 8 mean_abs_feat_delta= 0.342499\n"}
,{"stream_name":"stdout","time":470.792077639,"data":"EDGE_TTA_ACTIVE views= 8 mean_abs_feat_delta= 0.36887\n"}
,{"stream_name":"stdout","time":471.752149132,"data":"BIOHUB_RETENTION_GUARD {\"blended_candidates\": 335, \"dataset\": \"44b6_0b24845f\", \"frame\": 60, \"minimum_retention\": 0.9, \"primary_candidates\": 393, \"retention\": 0.8524173027989822, \"use_primary\": true}\n"}
,{"stream_name":"stdout","time":471.954906943,"data":"BIOHUB_RETENTION_GUARD {\"blended_candidates\": 335, \"dataset\": \"44b6_0b24845f\", \"frame\": 60, \"minimum_retention\": 0.9, \"primary_candidates\": 393, \"retention\": 0.8524173027989822, \"use_primary\": true}\n"}
,{"stream_name":"stdout","time":472.873801753,"data":"EDGE_TTA_ACTIVE views= 8 mean_abs_feat_delta= 0.346059\n"}
,{"stream_name":"stdout","time":472.99760067,"data":"EDGE_TTA_ACTIVE views= 8 mean_abs_feat_delta= 0.365386\n"}
,{"stream_name":"stdout","time":473.076581861,"data":"EDGE_TTA_ACTIVE views= 8 mean_abs_feat_delta= 0.346059\n"}
,{"stream_name":"stdout","time":473.076619213,"data":"EDGE_TTA_ACTIVE views= 8 mean_abs_feat_delta= 0.365386\n"}
,{"stream_name":"stdout","time":474.112211069,"data":"BIOHUB_RETENTION_GUARD {\"blended_candidates\": 275, \"dataset\": \"44b6_0b24845f\", \"frame\": 61, \"minimum_retention\": 0.9, \"primary_candidates\": 333, \"retention\": 0.8258258258258259, \"use_primary\": true}\n"}
,{"stream_name":"stdout","time":474.314992937,"data":"BIOHUB_RETENTION_GUARD {\"blended_candidates\": 275, \"dataset\": \"44b6_0b24845f\", \"frame\": 61, \"minimum_retention\": 0.9, \"primary_candidates\": 333, \"retention\": 0.8258258258258259, \"use_primary\": true}\n"}
,{"stream_name":"stdout","time":475.140032685,"data":"EDGE_TTA_ACTIVE views= 8 mean_abs_feat_delta= 0.346159\n"}
,{"stream_name":"stdout","time":475.342674629,"data":"EDGE_TTA_ACTIVE views= 8 mean_abs_feat_delta= 0.346159\n"}
,{"stream_name":"stdout","time":475.382665952,"data":"EDGE_TTA_ACTIVE views= 8 mean_abs_feat_delta= 0.366621\n"}
,{"stream_name":"stdout","time":475.585077247,"data":"EDGE_TTA_ACTIVE views= 8 mean_abs_feat_delta= 0.366621\n"}
,{"stream_name":"stdout","time":476.482043917,"data":"BIOHUB_RETENTION_GUARD {\"blended_candidates\": 298, \"dataset\": \"44b6_0b24845f\", \"frame\": 62, \"minimum_retention\": 0.9, \"primary_candidates\": 345, \"retention\": 0.863768115942029, \"use_primary\": true}\n"}
,{"stream_name":"stdout","time":476.684924943,"data":"BIOHUB_RETENTION_GUARD {\"blended_candidates\": 298, \"dataset\": \"44b6_0b24845f\", \"frame\": 62, \"minimum_retention\": 0.9, \"primary_candidates\": 345, \"retention\": 0.863768115942029, \"use_primary\": true}\n"}
,{"stream_name":"stdout","time":477.406470687,"data":"EDGE_TTA_ACTIVE views= 8 mean_abs_feat_delta= 0.345426\n"}
,{"stream_name":"stdout","time":477.609419992,"data":"EDGE_TTA_ACTIVE views= 8 mean_abs_feat_delta= 0.345426\n"}
,{"stream_name":"stdout","time":477.691514008,"data":"EDGE_TTA_ACTIVE views= 8 mean_abs_feat_delta= 0.373908\n"}
,{"stream_name":"stdout","time":477.894293285,"data":"EDGE_TTA_ACTIVE views= 8 mean_abs_feat_delta= 0.373908\n"}
,{"stream_name":"stdout","time":479.65213517,"data":"EDGE_TTA_ACTIVE views= 8 mean_abs_feat_delta= 0.344989\n"}
,{"stream_name":"stdout","time":479.855018386,"data":"EDGE_TTA_ACTIVE views= 8 mean_abs_feat_delta= 0.344989\n"}
,{"stream_name":"stdout","time":479.999736267,"data":"EDGE_TTA_ACTIVE views= 8 mean_abs_feat_delta= 0.368494\n"}
,{"stream_name":"stdout","time":480.202324814,"data":"EDGE_TTA_ACTIVE views= 8 mean_abs_feat_delta= 0.368494\n"}
,{"stream_name":"stdout","time":481.083318271,"data":"BIOHUB_RETENTION_GUARD {\"blended_candidates\": 295, \"dataset\": \"44b6_0b24845f\", \"frame\": 64, \"minimum_retention\": 0.9, \"primary_candidates\": 344, \"retention\": 0.8575581395348837, \"use_primary\": true}\n"}
,{"stream_name":"stdout","time":481.308930777,"data":"BIOHUB_RETENTION_GUARD {\"blended_candidates\": 295, \"dataset\": \"44b6_0b24845f\", \"frame\": 64, \"minimum_retention\": 0.9, \"primary_candidates\": 344, \"retention\": 0.8575581395348837, \"use_primary\": true}\n"}
,{"stream_name":"stdout","time":481.905787386,"data":"EDGE_TTA_ACTIVE views= 8 mean_abs_feat_delta= 0.343404\n"}
,{"stream_name":"stdout","time":482.108368791,"data":"EDGE_TTA_ACTIVE views= 8 mean_abs_feat_delta= 0.343404\n"}
,{"stream_name":"stdout","time":482.284532159,"data":"EDGE_TTA_ACTIVE views= 8 mean_abs_feat_delta= 0.370026\n"}
,{"stream_name":"stdout","time":482.487006075,"data":"EDGE_TTA_ACTIVE views= 8 mean_abs_feat_delta= 0.370026\n"}
,{"stream_name":"stdout","time":483.358992215,"data":"BIOHUB_RETENTION_GUARD {\"blended_candidates\": 335, \"dataset\": \"44b6_0b24845f\", \"frame\": 65, \"minimum_retention\": 0.9, \"primary_candidates\": 378, \"retention\": 0.8862433862433863, \"use_primary\": true}\n"}
,{"stream_name":"stdout","time":483.561770446,"data":"BIOHUB_RETENTION_GUARD {\"blended_candidates\": 335, \"dataset\": \"44b6_0b24845f\", \"frame\": 65, \"minimum_retention\": 0.9, \"primary_candidates\": 378, \"retention\": 0.8862433862433863, \"use_primary\": true}\n"}
,{"stream_name":"stdout","time":484.113755363,"data":"EDGE_TTA_ACTIVE views= 8 mean_abs_feat_delta= 0.341221\n"}
,{"stream_name":"stdout","time":484.316504104,"data":"EDGE_TTA_ACTIVE views= 8 mean_abs_feat_delta= 0.341221\n"}
,{"stream_name":"stdout","time":484.580216782,"data":"EDGE_TTA_ACTIVE views= 8 mean_abs_feat_delta= 0.369253\n"}
,{"stream_name":"stdout","time":484.782940354,"data":"EDGE_TTA_ACTIVE views= 8 mean_abs_feat_delta= 0.369253\n"}
,{"stream_name":"stdout","time":485.652119901,"data":"BIOHUB_RETENTION_GUARD {\"blended_candidates\": 324, \"dataset\": \"44b6_0b24845f\", \"frame\": 66, \"minimum_retention\": 0.9, \"primary_candidates\": 375, \"retention\": 0.864, \"use_primary\": true}\n"}
,{"stream_name":"stdout","time":485.854849202,"data":"BIOHUB_RETENTION_GUARD {\"blended_candidates\": 324, \"dataset\": \"44b6_0b24845f\", \"frame\": 66, \"minimum_retention\": 0.9, \"primary_candidates\": 375, \"retention\": 0.864, \"use_primary\": true}\n"}
,{"stream_name":"stdout","time":486.371538773,"data":"EDGE_TTA_ACTIVE views= 8 mean_abs_feat_delta= 0.343003\n"}
,{"stream_name":"stdout","time":486.574275089,"data":"EDGE_TTA_ACTIVE views= 8 mean_abs_feat_delta= 0.343003\n"}
,{"stream_name":"stdout","time":486.845737317,"data":"EDGE_TTA_ACTIVE views= 8 mean_abs_feat_delta= 0.365768\n"}
,{"stream_name":"stdout","time":487.048494409,"data":"EDGE_TTA_ACTIVE views= 8 mean_abs_feat_delta= 0.365768\n"}
,{"stream_name":"stdout","time":488.561812433,"data":"EDGE_TTA_ACTIVE views= 8 mean_abs_feat_delta= 0.343125\n"}
,{"stream_name":"stdout","time":488.764567917,"data":"EDGE_TTA_ACTIVE views= 8 mean_abs_feat_delta= 0.343125\n"}
,{"stream_name":"stdout","time":489.114312842,"data":"EDGE_TTA_ACTIVE views= 8 mean_abs_feat_delta= 0.365075\n"}
,{"stream_name":"stdout","time":489.316830531,"data":"EDGE_TTA_ACTIVE views= 8 mean_abs_feat_delta= 0.365075\n"}
,{"stream_name":"stdout","time":490.745204615,"data":"EDGE_TTA_ACTIVE views= 8 mean_abs_feat_delta= 0.337095\n"}
,{"stream_name":"stdout","time":490.947914672,"data":"EDGE_TTA_ACTIVE views= 8 mean_abs_feat_delta= 0.337095\n"}
,{"stream_name":"stdout","time":491.354533737,"data":"EDGE_TTA_ACTIVE views= 8 mean_abs_feat_delta= 0.366016\n"}
,{"stream_name":"stdout","time":491.557305022,"data":"EDGE_TTA_ACTIVE views= 8 mean_abs_feat_delta= 0.366016\n"}
,{"stream_name":"stdout","time":492.917655614,"data":"EDGE_TTA_ACTIVE views= 8 mean_abs_feat_delta= 0.337123\n"}
,{"stream_name":"stdout","time":493.120256295,"data":"EDGE_TTA_ACTIVE views= 8 mean_abs_feat_delta= 0.337123\n"}
,{"stream_name":"stdout","time":493.590211958,"data":"EDGE_TTA_ACTIVE views= 8 mean_abs_feat_delta= 0.365231\n"}
,{"stream_name":"stdout","time":493.792962721,"data":"EDGE_TTA_ACTIVE views= 8 mean_abs_feat_delta= 0.365231\n"}
,{"stream_name":"stdout","time":494.643776014,"data":"BIOHUB_RETENTION_GUARD {\"blended_candidates\": 260, \"dataset\": \"44b6_0b24845f\", \"frame\": 70, \"minimum_retention\": 0.9, \"primary_candidates\": 305, \"retention\": 0.8524590163934426, \"use_primary\": true}\n"}
,{"stream_name":"stdout","time":494.846543821,"data":"BIOHUB_RETENTION_GUARD {\"blended_candidates\": 260, \"dataset\": \"44b6_0b24845f\", \"frame\": 70, \"minimum_retention\": 0.9, \"primary_candidates\": 305, \"retention\": 0.8524590163934426, \"use_primary\": true}\n"}
,{"stream_name":"stdout","time":495.089103751,"data":"EDGE_TTA_ACTIVE views= 8 mean_abs_feat_delta= 0.338112\n"}
,{"stream_name":"stdout","time":495.291647418,"data":"EDGE_TTA_ACTIVE views= 8 mean_abs_feat_delta= 0.338112\n"}
,{"stream_name":"stdout","time":495.823595807,"data":"EDGE_TTA_ACTIVE views= 8 mean_abs_feat_delta= 0.36009\n"}
,{"stream_name":"stdout","time":496.026301385,"data":"EDGE_TTA_ACTIVE views= 8 mean_abs_feat_delta= 0.36009\n"}
,{"stream_name":"stdout","time":497.256850354,"data":"EDGE_TTA_ACTIVE views= 8 mean_abs_feat_delta= 0.338704\n"}
,{"stream_name":"stdout","time":497.459557828,"data":"EDGE_TTA_ACTIVE views= 8 mean_abs_feat_delta= 0.338704\n"}
,{"stream_name":"stdout","time":498.067143804,"data":"EDGE_TTA_ACTIVE views= 8 mean_abs_feat_delta= 0.360462\n"}
,{"stream_name":"stdout","time":498.269442368,"data":"EDGE_TTA_ACTIVE views= 8 mean_abs_feat_delta= 0.360462\n"}
,{"stream_name":"stdout","time":499.441864651,"data":"EDGE_TTA_ACTIVE views= 8 mean_abs_feat_delta= 0.340176\n"}
,{"stream_name":"stdout","time":499.644471375,"data":"EDGE_TTA_ACTIVE views= 8 mean_abs_feat_delta= 0.340176\n"}
,{"stream_name":"stdout","time":500.338347151,"data":"EDGE_TTA_ACTIVE views= 8 mean_abs_feat_delta= 0.359757\n"}
,{"stream_name":"stdout","time":500.540731115,"data":"EDGE_TTA_ACTIVE views= 8 mean_abs_feat_delta= 0.359757\n"}
,{"stream_name":"stdout","time":501.390264091,"data":"BIOHUB_RETENTION_GUARD {\"blended_candidates\": 197, \"dataset\": \"44b6_0b24845f\", \"frame\": 73, \"minimum_retention\": 0.9, \"primary_candidates\": 262, \"retention\": 0.7519083969465649, \"use_primary\": true}\n"}
,{"stream_name":"stdout","time":501.592938589,"data":"BIOHUB_RETENTION_GUARD {\"blended_candidates\": 197, \"dataset\": \"44b6_0b24845f\", \"frame\": 73, \"minimum_retention\": 0.9, \"primary_candidates\": 262, \"retention\": 0.7519083969465649, \"use_primary\": true}\n"}
,{"stream_name":"stdout","time":501.603972699,"data":"EDGE_TTA_ACTIVE views= 8 mean_abs_feat_delta= 0.346094\n"}
,{"stream_name":"stdout","time":501.806393812,"data":"EDGE_TTA_ACTIVE views= 8 mean_abs_feat_delta= 0.346094\n"}
,{"stream_name":"stdout","time":502.541830157,"data":"EDGE_TTA_ACTIVE views= 8 mean_abs_feat_delta= 0.368022\n"}
,{"stream_name":"stdout","time":502.744244755,"data":"EDGE_TTA_ACTIVE views= 8 mean_abs_feat_delta= 0.368022\n"}
,{"stream_name":"stdout","time":503.592744726,"data":"BIOHUB_RETENTION_GUARD {\"blended_candidates\": 224, \"dataset\": \"44b6_0b24845f\", \"frame\": 74, \"minimum_retention\": 0.9, \"primary_candidates\": 291, \"retention\": 0.7697594501718213, \"use_primary\": true}\n"}
,{"stream_name":"stdout","time":503.795940462,"data":"BIOHUB_RETENTION_GUARD {\"blended_candidates\": 224, \"dataset\": \"44b6_0b24845f\", \"frame\": 74, \"minimum_retention\": 0.9, \"primary_candidates\": 291, \"retention\": 0.7697594501718213, \"use_primary\": true}\n"}
,{"stream_name":"stdout","time":503.801676685,"data":"EDGE_TTA_ACTIVE views= 8 mean_abs_feat_delta= 0.348292\n"}
,{"stream_name":"stdout","time":504.004214552,"data":"EDGE_TTA_ACTIVE views= 8 mean_abs_feat_delta= 0.348292\n"}
,{"stream_name":"stdout","time":504.749631159,"data":"EDGE_TTA_ACTIVE views= 8 mean_abs_feat_delta= 0.358754\n"}
,{"stream_name":"stdout","time":504.952101919,"data":"EDGE_TTA_ACTIVE views= 8 mean_abs_feat_delta= 0.358754\n"}
,{"stream_name":"stdout","time":505.803515252,"data":"BIOHUB_RETENTION_GUARD {\"blended_candidates\": 325, \"dataset\": \"44b6_0b24845f\", \"frame\": 75, \"minimum_retention\": 0.9, \"primary_candidates\": 374, \"retention\": 0.8689839572192514, \"use_primary\": true}\n"}
,{"stream_name":"stdout","time":505.965084722,"data":"EDGE_TTA_ACTIVE views= 8 mean_abs_feat_delta= 0.344312\n"}
,{"stream_name":"stdout","time":506.006349897,"data":"BIOHUB_RETENTION_GUARD {\"blended_candidates\": 325, \"dataset\": \"44b6_0b24845f\", \"frame\": 75, \"minimum_retention\": 0.9, \"primary_candidates\": 374, \"retention\": 0.8689839572192514, \"use_primary\": true}\n"}
,{"stream_name":"stdout","time":506.006375823,"data":"EDGE_TTA_ACTIVE views= 8 mean_abs_feat_delta= 0.344312\n"}
,{"stream_name":"stdout","time":506.968018319,"data":"EDGE_TTA_ACTIVE views= 8 mean_abs_feat_delta= 0.358919\n"}
,{"stream_name":"stdout","time":507.17046446,"data":"EDGE_TTA_ACTIVE views= 8 mean_abs_feat_delta= 0.358919\n"}
,{"stream_name":"stdout","time":508.015369649,"data":"BIOHUB_RETENTION_GUARD {\"blended_candidates\": 321, \"dataset\": \"44b6_0b24845f\", \"frame\": 76, \"minimum_retention\": 0.9, \"primary_candidates\": 379, \"retention\": 0.8469656992084432, \"use_primary\": true}\n"}
,{"stream_name":"stdout","time":508.135682893,"data":"EDGE_TTA_ACTIVE views= 8 mean_abs_feat_delta= 0.341477\n"}
,{"stream_name":"stdout","time":508.21799542,"data":"BIOHUB_RETENTION_GUARD {\"blended_candidates\": 321, \"dataset\": \"44b6_0b24845f\", \"frame\": 76, \"minimum_retention\": 0.9, \"primary_candidates\": 379, \"retention\": 0.8469656992084432, \"use_primary\": true}\n"}
,{"stream_name":"stdout","time":508.218029083,"data":"EDGE_TTA_ACTIVE views= 8 mean_abs_feat_delta= 0.341477\n"}
,{"stream_name":"stdout","time":509.199208875,"data":"EDGE_TTA_ACTIVE views= 8 mean_abs_feat_delta= 0.361097\n"}
,{"stream_name":"stdout","time":509.401937974,"data":"EDGE_TTA_ACTIVE views= 8 mean_abs_feat_delta= 0.361097\n"}
,{"stream_name":"stdout","time":510.253957148,"data":"BIOHUB_RETENTION_GUARD {\"blended_candidates\": 243, \"dataset\": \"44b6_0b24845f\", \"frame\": 77, \"minimum_retention\": 0.9, \"primary_candidates\": 331, \"retention\": 0.7341389728096677, \"use_primary\": true}\n"}
,{"stream_name":"stdout","time":510.335910053,"data":"EDGE_TTA_ACTIVE views= 8 mean_abs_feat_delta= 0.34091\n"}
,{"stream_name":"stdout","time":510.456547303,"data":"BIOHUB_RETENTION_GUARD {\"blended_candidates\": 243, \"dataset\": \"44b6_0b24845f\", \"frame\": 77, \"minimum_retention\": 0.9, \"primary_candidates\": 331, \"retention\": 0.7341389728096677, \"use_primary\": true}\n"}
,{"stream_name":"stdout","time":510.456604861,"data":"EDGE_TTA_ACTIVE views= 8 mean_abs_feat_delta= 0.34091\n"}
,{"stream_name":"stdout","time":511.467285116,"data":"EDGE_TTA_ACTIVE views= 8 mean_abs_feat_delta= 0.36529\n"}
,{"stream_name":"stdout","time":511.69322109,"data":"EDGE_TTA_ACTIVE views= 8 mean_abs_feat_delta= 0.36529\n"}
,{"stream_name":"stdout","time":512.511833004,"data":"EDGE_TTA_ACTIVE views= 8 mean_abs_feat_delta= 0.337156\n"}
,{"stream_name":"stdout","time":512.524095431,"data":"BIOHUB_RETENTION_GUARD {\"blended_candidates\": 284, \"dataset\": \"44b6_0b24845f\", \"frame\": 78, \"minimum_retention\": 0.9, \"primary_candidates\": 392, \"retention\": 0.7244897959183674, \"use_primary\": true}\n"}
,{"stream_name":"stdout","time":512.714361842,"data":"EDGE_TTA_ACTIVE views= 8 mean_abs_feat_delta= 0.337156\n"}
,{"stream_name":"stdout","time":512.714430458,"data":"BIOHUB_RETENTION_GUARD {\"blended_candidates\": 284, \"dataset\": \"44b6_0b24845f\", \"frame\": 78, \"minimum_retention\": 0.9, \"primary_candidates\": 392, \"retention\": 0.7244897959183674, \"use_primary\": true}\n"}
,{"stream_name":"stdout","time":513.70904313,"data":"EDGE_TTA_ACTIVE views= 8 mean_abs_feat_delta= 0.365892\n"}
,{"stream_name":"stdout","time":513.911804927,"data":"EDGE_TTA_ACTIVE views= 8 mean_abs_feat_delta= 0.365892\n"}
,{"stream_name":"stdout","time":514.690936823,"data":"EDGE_TTA_ACTIVE views= 8 mean_abs_feat_delta= 0.339841\n"}
,{"stream_name":"stdout","time":514.768852846,"data":"BIOHUB_RETENTION_GUARD {\"blended_candidates\": 298, \"dataset\": \"44b6_0b24845f\", \"frame\": 79, \"minimum_retention\": 0.9, \"primary_candidates\": 424, \"retention\": 0.7028301886792453, \"use_primary\": true}\n"}
,{"stream_name":"stdout","time":514.893202196,"data":"EDGE_TTA_ACTIVE views= 8 mean_abs_feat_delta= 0.339841\n"}
,{"stream_name":"stdout","time":514.893229736,"data":"BIOHUB_RETENTION_GUARD {\"blended_candidates\": 298, \"dataset\": \"44b6_0b24845f\", \"frame\": 79, \"minimum_retention\": 0.9, \"primary_candidates\": 424, \"retention\": 0.7028301886792453, \"use_primary\": true}\n"}
,{"stream_name":"stdout","time":515.965432693,"data":"EDGE_TTA_ACTIVE views= 8 mean_abs_feat_delta= 0.365633\n"}
,{"stream_name":"stdout","time":516.168186085,"data":"EDGE_TTA_ACTIVE views= 8 mean_abs_feat_delta= 0.365633\n"}
,{"stream_name":"stdout","time":516.91184658,"data":"EDGE_TTA_ACTIVE views= 8 mean_abs_feat_delta= 0.34054\n"}
,{"stream_name":"stdout","time":517.027520489,"data":"BIOHUB_RETENTION_GUARD {\"blended_candidates\": 291, \"dataset\": \"44b6_0b24845f\", \"frame\": 80, \"minimum_retention\": 0.9, \"primary_candidates\": 388, \"retention\": 0.75, \"use_primary\": true}\n"}
,{"stream_name":"stdout","time":517.114396462,"data":"EDGE_TTA_ACTIVE views= 8 mean_abs_feat_delta= 0.34054\n"}
,{"stream_name":"stdout","time":517.114425848,"data":"BIOHUB_RETENTION_GUARD {\"blended_candidates\": 291, \"dataset\": \"44b6_0b24845f\", \"frame\": 80, \"minimum_retention\": 0.9, \"primary_candidates\": 388, \"retention\": 0.75, \"use_primary\": true}\n"}
,{"stream_name":"stdout","time":518.283547817,"data":"EDGE_TTA_ACTIVE views= 8 mean_abs_feat_delta= 0.369442\n"}
,{"stream_name":"stdout","time":518.486374606,"data":"EDGE_TTA_ACTIVE views= 8 mean_abs_feat_delta= 0.369442\n"}
,{"stream_name":"stdout","time":519.115810761,"data":"EDGE_TTA_ACTIVE views= 8 mean_abs_feat_delta= 0.345761\n"}
,{"stream_name":"stdout","time":519.318274435,"data":"EDGE_TTA_ACTIVE views= 8 mean_abs_feat_delta= 0.345761\n"}
,{"stream_name":"stdout","time":519.348476444,"data":"BIOHUB_RETENTION_GUARD {\"blended_candidates\": 294, \"dataset\": \"44b6_0b24845f\", \"frame\": 81, \"minimum_retention\": 0.9, \"primary_candidates\": 382, \"retention\": 0.7696335078534031, \"use_primary\": true}\n"}
,{"stream_name":"stdout","time":519.550781924,"data":"BIOHUB_RETENTION_GUARD {\"blended_candidates\": 294, \"dataset\": \"44b6_0b24845f\", \"frame\": 81, \"minimum_retention\": 0.9, \"primary_candidates\": 382, \"retention\": 0.7696335078534031, \"use_primary\": true}\n"}
,{"stream_name":"stdout","time":520.572361506,"data":"EDGE_TTA_ACTIVE views= 8 mean_abs_feat_delta= 0.373979\n"}
,{"stream_name":"stdout","time":520.775062387,"data":"EDGE_TTA_ACTIVE views= 8 mean_abs_feat_delta= 0.373979\n"}
,{"stream_name":"stdout","time":521.308194937,"data":"EDGE_TTA_ACTIVE views= 8 mean_abs_feat_delta= 0.34535\n"}
,{"stream_name":"stdout","time":521.510776017,"data":"EDGE_TTA_ACTIVE views= 8 mean_abs_feat_delta= 0.34535\n"}
,{"stream_name":"stdout","time":521.640720507,"data":"BIOHUB_RETENTION_GUARD {\"blended_candidates\": 277, \"dataset\": \"44b6_0b24845f\", \"frame\": 82, \"minimum_retention\": 0.9, \"primary_candidates\": 385, \"retention\": 0.7194805194805195, \"use_primary\": true}\n"}
,{"stream_name":"stdout","time":521.843365776,"data":"BIOHUB_RETENTION_GUARD {\"blended_candidates\": 277, \"dataset\": \"44b6_0b24845f\", \"frame\": 82, \"minimum_retention\": 0.9, \"primary_candidates\": 385, \"retention\": 0.7194805194805195, \"use_primary\": true}\n"}
,{"stream_name":"stdout","time":522.841130237,"data":"EDGE_TTA_ACTIVE views= 8 mean_abs_feat_delta= 0.365009\n"}
,{"stream_name":"stdout","time":523.044045552,"data":"EDGE_TTA_ACTIVE views= 8 mean_abs_feat_delta= 0.365009\n"}
,{"stream_name":"stdout","time":523.559860304,"data":"EDGE_TTA_ACTIVE views= 8 mean_abs_feat_delta= 0.345018\n"}
,{"stream_name":"stdout","time":523.762136701,"data":"EDGE_TTA_ACTIVE views= 8 mean_abs_feat_delta= 0.345018\n"}
,{"stream_name":"stdout","time":523.916182515,"data":"BIOHUB_RETENTION_GUARD {\"blended_candidates\": 268, \"dataset\": \"44b6_0b24845f\", \"frame\": 83, \"minimum_retention\": 0.9, \"primary_candidates\": 379, \"retention\": 0.7071240105540897, \"use_primary\": true}\n"}
,{"stream_name":"stdout","time":524.119013096,"data":"BIOHUB_RETENTION_GUARD {\"blended_candidates\": 268, \"dataset\": \"44b6_0b24845f\", \"frame\": 83, \"minimum_retention\": 0.9, \"primary_candidates\": 379, \"retention\": 0.7071240105540897, \"use_primary\": true}\n"}
,{"stream_name":"stdout","time":525.154666236,"data":"EDGE_TTA_ACTIVE views= 8 mean_abs_feat_delta= 0.36654\n"}
,{"stream_name":"stdout","time":525.357266911,"data":"EDGE_TTA_ACTIVE views= 8 mean_abs_feat_delta= 0.36654\n"}
,{"stream_name":"stdout","time":525.771461958,"data":"EDGE_TTA_ACTIVE views= 8 mean_abs_feat_delta= 0.339492\n"}
,{"stream_name":"stdout","time":525.974262668,"data":"EDGE_TTA_ACTIVE views= 8 mean_abs_feat_delta= 0.339492\n"}
,{"stream_name":"stdout","time":526.22695944,"data":"BIOHUB_RETENTION_GUARD {\"blended_candidates\": 287, \"dataset\": \"44b6_0b24845f\", \"frame\": 84, \"minimum_retention\": 0.9, \"primary_candidates\": 361, \"retention\": 0.7950138504155124, \"use_primary\": true}\n"}
,{"stream_name":"stdout","time":526.429559709,"data":"BIOHUB_RETENTION_GUARD {\"blended_candidates\": 287, \"dataset\": \"44b6_0b24845f\", \"frame\": 84, \"minimum_retention\": 0.9, \"primary_candidates\": 361, \"retention\": 0.7950138504155124, \"use_primary\": true}\n"}
,{"stream_name":"stdout","time":527.480422033,"data":"EDGE_TTA_ACTIVE views= 8 mean_abs_feat_delta= 0.364996\n"}
,{"stream_name":"stdout","time":527.683151051,"data":"EDGE_TTA_ACTIVE views= 8 mean_abs_feat_delta= 0.364996\n"}
,{"stream_name":"stdout","time":528.003235572,"data":"EDGE_TTA_ACTIVE views= 8 mean_abs_feat_delta= 0.333718\n"}
,{"stream_name":"stdout","time":528.205791018,"data":"EDGE_TTA_ACTIVE views= 8 mean_abs_feat_delta= 0.333718\n"}
,{"stream_name":"stdout","time":528.560738841,"data":"BIOHUB_RETENTION_GUARD {\"blended_candidates\": 198, \"dataset\": \"44b6_0b24845f\", \"frame\": 85, \"minimum_retention\": 0.9, \"primary_candidates\": 294, \"retention\": 0.673469387755102, \"use_primary\": true}\n"}
,{"stream_name":"stdout","time":528.763051253,"data":"BIOHUB_RETENTION_GUARD {\"blended_candidates\": 198, \"dataset\": \"44b6_0b24845f\", \"frame\": 85, \"minimum_retention\": 0.9, \"primary_candidates\": 294, \"retention\": 0.673469387755102, \"use_primary\": true}\n"}
,{"stream_name":"stdout","time":529.812653491,"data":"EDGE_TTA_ACTIVE views= 8 mean_abs_feat_delta= 0.364819\n"}
,{"stream_name":"stdout","time":530.015296211,"data":"EDGE_TTA_ACTIVE views= 8 mean_abs_feat_delta= 0.364819\n"}
,{"stream_name":"stdout","time":530.236140618,"data":"EDGE_TTA_ACTIVE views= 8 mean_abs_feat_delta= 0.334199\n"}
,{"stream_name":"stdout","time":530.438817485,"data":"EDGE_TTA_ACTIVE views= 8 mean_abs_feat_delta= 0.334199\n"}
,{"stream_name":"stdout","time":530.893562105,"data":"BIOHUB_RETENTION_GUARD {\"blended_candidates\": 169, \"dataset\": \"44b6_0b24845f\", \"frame\": 86, \"minimum_retention\": 0.9, \"primary_candidates\": 282, \"retention\": 0.599290780141844, \"use_primary\": true}\n"}
,{"stream_name":"stdout","time":531.096167238,"data":"BIOHUB_RETENTION_GUARD {\"blended_candidates\": 169, \"dataset\": \"44b6_0b24845f\", \"frame\": 86, \"minimum_retention\": 0.9, \"primary_candidates\": 282, \"retention\": 0.599290780141844, \"use_primary\": true}\n"}
,{"stream_name":"stdout","time":532.11068888,"data":"EDGE_TTA_ACTIVE views= 8 mean_abs_feat_delta= 0.360555\n"}
,{"stream_name":"stdout","time":532.313176798,"data":"EDGE_TTA_ACTIVE views= 8 mean_abs_feat_delta= 0.360555\n"}
,{"stream_name":"stdout","time":532.469542861,"data":"EDGE_TTA_ACTIVE views= 8 mean_abs_feat_delta= 0.338008\n"}
,{"stream_name":"stdout","time":532.671899134,"data":"EDGE_TTA_ACTIVE views= 8 mean_abs_feat_delta= 0.338008\n"}
,{"stream_name":"stdout","time":533.200137052,"data":"BIOHUB_RETENTION_GUARD {\"blended_candidates\": 232, \"dataset\": \"44b6_0b24845f\", \"frame\": 87, \"minimum_retention\": 0.9, \"primary_candidates\": 323, \"retention\": 0.718266253869969, \"use_primary\": true}\n"}
,{"stream_name":"stdout","time":533.402524908,"data":"BIOHUB_RETENTION_GUARD {\"blended_candidates\": 232, \"dataset\": \"44b6_0b24845f\", \"frame\": 87, \"minimum_retention\": 0.9, \"primary_candidates\": 323, \"retention\": 0.718266253869969, \"use_primary\": true}\n"}
,{"stream_name":"stdout","time":534.390240457,"data":"EDGE_TTA_ACTIVE views= 8 mean_abs_feat_delta= 0.367991\n"}
,{"stream_name":"stdout","time":534.592811408,"data":"EDGE_TTA_ACTIVE views= 8 mean_abs_feat_delta= 0.367991\n"}
,{"stream_name":"stdout","time":534.699242656,"data":"EDGE_TTA_ACTIVE views= 8 mean_abs_feat_delta= 0.338144\n"}
,{"stream_name":"stdout","time":534.901861846,"data":"EDGE_TTA_ACTIVE views= 8 mean_abs_feat_delta= 0.338144\n"}
,{"stream_name":"stdout","time":535.472340978,"data":"BIOHUB_RETENTION_GUARD {\"blended_candidates\": 287, \"dataset\": \"44b6_0b24845f\", \"frame\": 88, \"minimum_retention\": 0.9, \"primary_candidates\": 363, \"retention\": 0.790633608815427, \"use_primary\": true}\n"}
,{"stream_name":"stdout","time":535.674586112,"data":"BIOHUB_RETENTION_GUARD {\"blended_candidates\": 287, \"dataset\": \"44b6_0b24845f\", \"frame\": 88, \"minimum_retention\": 0.9, \"primary_candidates\": 363, \"retention\": 0.790633608815427, \"use_primary\": true}\n"}
,{"stream_name":"stdout","time":536.672464218,"data":"EDGE_TTA_ACTIVE views= 8 mean_abs_feat_delta= 0.374613\n"}
,{"stream_name":"stdout","time":536.874918696,"data":"EDGE_TTA_ACTIVE views= 8 mean_abs_feat_delta= 0.374613\n"}
,{"stream_name":"stdout","time":536.929210213,"data":"EDGE_TTA_ACTIVE views= 8 mean_abs_feat_delta= 0.336404\n"}
,{"stream_name":"stdout","time":537.131932149,"data":"EDGE_TTA_ACTIVE views= 8 mean_abs_feat_delta= 0.336404\n"}
,{"stream_name":"stdout","time":537.75903468,"data":"BIOHUB_RETENTION_GUARD {\"blended_candidates\": 219, \"dataset\": \"44b6_0b24845f\", \"frame\": 89, \"minimum_retention\": 0.9, \"primary_candidates\": 322, \"retention\": 0.6801242236024845, \"use_primary\": true}\n"}
,{"stream_name":"stdout","time":537.961828164,"data":"BIOHUB_RETENTION_GUARD {\"blended_candidates\": 219, \"dataset\": \"44b6_0b24845f\", \"frame\": 89, \"minimum_retention\": 0.9, \"primary_candidates\": 322, \"retention\": 0.6801242236024845, \"use_primary\": true}\n"}
,{"stream_name":"stdout","time":538.966522581,"data":"EDGE_TTA_ACTIVE views= 8 mean_abs_feat_delta= 0.362102\n"}
,{"stream_name":"stdout","time":539.157474243,"data":"EDGE_TTA_ACTIVE views= 8 mean_abs_feat_delta= 0.336923\n"}
,{"stream_name":"stdout","time":539.169234515,"data":"EDGE_TTA_ACTIVE views= 8 mean_abs_feat_delta= 0.362102\n"}
,{"stream_name":"stdout","time":539.169259738,"data":"EDGE_TTA_ACTIVE views= 8 mean_abs_feat_delta= 0.336923\n"}
,{"stream_name":"stdout","time":540.050850552,"data":"BIOHUB_RETENTION_GUARD {\"blended_candidates\": 175, \"dataset\": \"44b6_0b24845f\", \"frame\": 90, \"minimum_retention\": 0.9, \"primary_candidates\": 269, \"retention\": 0.6505576208178439, \"use_primary\": true}\n"}
,{"stream_name":"stdout","time":540.253558186,"data":"BIOHUB_RETENTION_GUARD {\"blended_candidates\": 175, \"dataset\": \"44b6_0b24845f\", \"frame\": 90, \"minimum_retention\": 0.9, \"primary_candidates\": 269, \"retention\": 0.6505576208178439, \"use_primary\": true}\n"}
,{"stream_name":"stdout","time":541.257920783,"data":"EDGE_TTA_ACTIVE views= 8 mean_abs_feat_delta= 0.362535\n"}
,{"stream_name":"stdout","time":541.416606642,"data":"EDGE_TTA_ACTIVE views= 8 mean_abs_feat_delta= 0.340204\n"}
,{"stream_name":"stdout","time":541.460579703,"data":"EDGE_TTA_ACTIVE views= 8 mean_abs_feat_delta= 0.362535\n"}
,{"stream_name":"stdout","time":541.460602572,"data":"EDGE_TTA_ACTIVE views= 8 mean_abs_feat_delta= 0.340204\n"}
,{"stream_name":"stdout","time":542.346816709,"data":"BIOHUB_RETENTION_GUARD {\"blended_candidates\": 136, \"dataset\": \"44b6_0b24845f\", \"frame\": 91, \"minimum_retention\": 0.9, \"primary_candidates\": 237, \"retention\": 0.5738396624472574, \"use_primary\": true}\n"}
,{"stream_name":"stdout","time":542.575896203,"data":"BIOHUB_RETENTION_GUARD {\"blended_candidates\": 136, \"dataset\": \"44b6_0b24845f\", \"frame\": 91, \"minimum_retention\": 0.9, \"primary_candidates\": 237, \"retention\": 0.5738396624472574, \"use_primary\": true}\n"}
,{"stream_name":"stdout","time":543.537258336,"data":"EDGE_TTA_ACTIVE views= 8 mean_abs_feat_delta= 0.36442\n"}
,{"stream_name":"stdout","time":543.656403062,"data":"EDGE_TTA_ACTIVE views= 8 mean_abs_feat_delta= 0.343273\n"}
,{"stream_name":"stdout","time":543.739740859,"data":"EDGE_TTA_ACTIVE views= 8 mean_abs_feat_delta= 0.36442\n"}
,{"stream_name":"stdout","time":543.739776789,"data":"EDGE_TTA_ACTIVE views= 8 mean_abs_feat_delta= 0.343273\n"}
,{"stream_name":"stdout","time":544.625089816,"data":"BIOHUB_RETENTION_GUARD {\"blended_candidates\": 151, \"dataset\": \"44b6_0b24845f\", \"frame\": 92, \"minimum_retention\": 0.9, \"primary_candidates\": 286, \"retention\": 0.527972027972028, \"use_primary\": true}\n"}
,{"stream_name":"stdout","time":544.827722604,"data":"BIOHUB_RETENTION_GUARD {\"blended_candidates\": 151, \"dataset\": \"44b6_0b24845f\", \"frame\": 92, \"minimum_retention\": 0.9, \"primary_candidates\": 286, \"retention\": 0.527972027972028, \"use_primary\": true}\n"}
,{"stream_name":"stdout","time":545.837091488,"data":"EDGE_TTA_ACTIVE views= 8 mean_abs_feat_delta= 0.357811\n"}
,{"stream_name":"stdout","time":545.88866744,"data":"EDGE_TTA_ACTIVE views= 8 mean_abs_feat_delta= 0.340039\n"}
,{"stream_name":"stdout","time":546.039649444,"data":"EDGE_TTA_ACTIVE views= 8 mean_abs_feat_delta= 0.357811\n"}
,{"stream_name":"stdout","time":546.039686503,"data":"EDGE_TTA_ACTIVE views= 8 mean_abs_feat_delta= 0.340039\n"}
,{"stream_name":"stdout","time":546.919739467,"data":"BIOHUB_RETENTION_GUARD {\"blended_candidates\": 133, \"dataset\": \"44b6_0b24845f\", \"frame\": 93, \"minimum_retention\": 0.9, \"primary_candidates\": 253, \"retention\": 0.525691699604743, \"use_primary\": true}\n"}
,{"stream_name":"stdout","time":547.122134152,"data":"BIOHUB_RETENTION_GUARD {\"blended_candidates\": 133, \"dataset\": \"44b6_0b24845f\", \"frame\": 93, \"minimum_retention\": 0.9, \"primary_candidates\": 253, \"retention\": 0.525691699604743, \"use_primary\": true}\n"}
,{"stream_name":"stdout","time":548.108560923,"data":"EDGE_TTA_ACTIVE views= 8 mean_abs_feat_delta= 0.3551\n"}
,{"stream_name":"stdout","time":548.118966852,"data":"EDGE_TTA_ACTIVE views= 8 mean_abs_feat_delta= 0.338922\n"}
,{"stream_name":"stdout","time":548.311067862,"data":"EDGE_TTA_ACTIVE views= 8 mean_abs_feat_delta= 0.3551\n"}
,{"stream_name":"stdout","time":548.311133632,"data":"EDGE_TTA_ACTIVE views= 8 mean_abs_feat_delta= 0.338922\n"}
,{"stream_name":"stdout","time":549.193432948,"data":"BIOHUB_RETENTION_GUARD {\"blended_candidates\": 168, \"dataset\": \"44b6_0b24845f\", \"frame\": 94, \"minimum_retention\": 0.9, \"primary_candidates\": 290, \"retention\": 0.5793103448275863, \"use_primary\": true}\n"}
,{"stream_name":"stdout","time":549.3959627,"data":"BIOHUB_RETENTION_GUARD {\"blended_candidates\": 168, \"dataset\": \"44b6_0b24845f\", \"frame\": 94, \"minimum_retention\": 0.9, \"primary_candidates\": 290, \"retention\": 0.5793103448275863, \"use_primary\": true}\n"}
,{"stream_name":"stdout","time":550.353619844,"data":"EDGE_TTA_ACTIVE views= 8 mean_abs_feat_delta= 0.342488\n"}
,{"stream_name":"stdout","time":550.380814702,"data":"EDGE_TTA_ACTIVE views= 8 mean_abs_feat_delta= 0.362482\n"}
,{"stream_name":"stdout","time":550.5562039,"data":"EDGE_TTA_ACTIVE views= 8 mean_abs_feat_delta= 0.342488\n"}
,{"stream_name":"stdout","time":550.556247577,"data":"EDGE_TTA_ACTIVE views= 8 mean_abs_feat_delta= 0.362482\n"}
,{"stream_name":"stdout","time":551.461930586,"data":"BIOHUB_RETENTION_GUARD {\"blended_candidates\": 140, \"dataset\": \"44b6_0b24845f\", \"frame\": 95, \"minimum_retention\": 0.9, \"primary_candidates\": 309, \"retention\": 0.45307443365695793, \"use_primary\": true}\n"}
,{"stream_name":"stdout","time":551.666305227,"data":"BIOHUB_RETENTION_GUARD {\"blended_candidates\": 140, \"dataset\": \"44b6_0b24845f\", \"frame\": 95, \"minimum_retention\": 0.9, \"primary_candidates\": 309, \"retention\": 0.45307443365695793, \"use_primary\": true}\n"}
,{"stream_name":"stdout","time":552.619181496,"data":"EDGE_TTA_ACTIVE views= 8 mean_abs_feat_delta= 0.341683\n"}
,{"stream_name":"stdout","time":552.690267768,"data":"EDGE_TTA_ACTIVE views= 8 mean_abs_feat_delta= 0.358614\n"}
,{"stream_name":"stdout","time":552.821716538,"data":"EDGE_TTA_ACTIVE views= 8 mean_abs_feat_delta= 0.341683\n"}
,{"stream_name":"stdout","time":552.821749649,"data":"EDGE_TTA_ACTIVE views= 8 mean_abs_feat_delta= 0.358614\n"}
,{"stream_name":"stdout","time":553.772906669,"data":"BIOHUB_RETENTION_GUARD {\"blended_candidates\": 124, \"dataset\": \"44b6_0b24845f\", \"frame\": 96, \"minimum_retention\": 0.9, \"primary_candidates\": 273, \"retention\": 0.4542124542124542, \"use_primary\": true}\n"}
,{"stream_name":"stdout","time":553.975584884,"data":"BIOHUB_RETENTION_GUARD {\"blended_candidates\": 124, \"dataset\": \"44b6_0b24845f\", \"frame\": 96, \"minimum_retention\": 0.9, \"primary_candidates\": 273, \"retention\": 0.4542124542124542, \"use_primary\": true}\n"}
,{"stream_name":"stdout","time":554.965111865,"data":"EDGE_TTA_ACTIVE views= 8 mean_abs_feat_delta= 0.354717\n"}
,{"stream_name":"stdout","time":555.168211759,"data":"EDGE_TTA_ACTIVE views= 8 mean_abs_feat_delta= 0.354717\n"}
,{"stream_name":"stdout","time":556.045753547,"data":"BIOHUB_RETENTION_GUARD {\"blended_candidates\": 181, \"dataset\": \"44b6_0b24845f\", \"frame\": 97, \"minimum_retention\": 0.9, \"primary_candidates\": 328, \"retention\": 0.551829268292683, \"use_primary\": true}\n"}
,{"stream_name":"stdout","time":556.248529319,"data":"BIOHUB_RETENTION_GUARD {\"blended_candidates\": 181, \"dataset\": \"44b6_0b24845f\", \"frame\": 97, \"minimum_retention\": 0.9, \"primary_candidates\": 328, \"retention\": 0.551829268292683, \"use_primary\": true}\n"}
,{"stream_name":"stdout","time":557.324378674,"data":"EDGE_TTA_ACTIVE views= 8 mean_abs_feat_delta= 0.362901\n"}
,{"stream_name":"stdout","time":557.527360592,"data":"EDGE_TTA_ACTIVE views= 8 mean_abs_feat_delta= 0.362901\n"}
,{"stream_name":"stdout","time":558.398187944,"data":"BIOHUB_RETENTION_GUARD {\"blended_candidates\": 153, \"dataset\": \"44b6_0b24845f\", \"frame\": 98, \"minimum_retention\": 0.9, \"primary_candidates\": 295, \"retention\": 0.5186440677966102, \"use_primary\": true}\n"}
,{"stream_name":"stdout","time":558.601016093,"data":"BIOHUB_RETENTION_GUARD {\"blended_candidates\": 153, \"dataset\": \"44b6_0b24845f\", \"frame\": 98, \"minimum_retention\": 0.9, \"primary_candidates\": 295, \"retention\": 0.5186440677966102, \"use_primary\": true}\n"}
,{"stream_name":"stdout","time":559.674539894,"data":"EDGE_TTA_ACTIVE views= 8 mean_abs_feat_delta= 0.362405\n"}
,{"stream_name":"stdout","time":559.876811721,"data":"EDGE_TTA_ACTIVE views= 8 mean_abs_feat_delta= 0.362405\n"}
,{"stream_name":"stdout","time":560.74657451,"data":"BIOHUB_RETENTION_GUARD {\"blended_candidates\": 111, \"dataset\": \"44b6_0b24845f\", \"frame\": 99, \"minimum_retention\": 0.9, \"primary_candidates\": 224, \"retention\": 0.4955357142857143, \"use_primary\": true}\n"}
,{"stream_name":"stdout","time":560.949595992,"data":"BIOHUB_RETENTION_GUARD {\"blended_candidates\": 111, \"dataset\": \"44b6_0b24845f\", \"frame\": 99, \"minimum_retention\": 0.9, \"primary_candidates\": 224, \"retention\": 0.4955357142857143, \"use_primary\": true}\n"}
,{"stream_name":"stdout","time":582.94175033,"data":"EDGE_TTA_ACTIVE views= 8 mean_abs_feat_delta= 0.336457\n"}
,{"stream_name":"stdout","time":583.17501398,"data":"EDGE_TTA_ACTIVE views= 8 mean_abs_feat_delta= 0.336457\n"}
,{"stream_name":"stdout","time":584.227388765,"data":"EDGE_TTA_ACTIVE views= 8 mean_abs_feat_delta= 0.353265\n"}
,{"stream_name":"stdout","time":584.313081661,"data":"PUBLIC946_GPU_SMOKE {\"arm\": \"C2\", \"association\": {\"actual_primary_logits_after_original_harmonic_fusion\": {\"all_finite\": true, \"device\": \"cuda:0\", \"dtype\": \"torch.float32\", \"numel\": 646412, \"shape\": [1, 806, 802], \"stride\": [646412, 802, 1]}, \"actual_secondary_feature_consumed\": true, \"actual_secondary_logits\": {\"all_finite\": true, \"device\": \"cuda:0\", \"dtype\": \"torch.float32\", \"numel\": 646412, \"shape\": [1, 806, 802], \"stride\": [646412, 802, 1]}, \"coordinate_grid\": {\"downsample\": [1.0, 4.0, 4.0], \"source\": {\"device\": \"cuda:0\", \"dtype\": \"torch.float32\", \"numel\": 2418, \"shape\": [1, 806, 3], \"stride\": [806, 1, 806]}, \"target\": {\"device\": \"cuda:0\", \"dtype\": \"torch.float32\", \"numel\": 2406, \"shape\": [1, 802, 3], \"stride\": [802, 1, 802]}}, \"diagnostic_edge_head_calls\": 1, \"diagnostic_encoder_calls\": 0, \"diagnostic_probabilities_used_in_production\": false, \"diagnostic_seconds\": 0.04962971500003732, \"frame_pair_index\": 0, \"primary_source_sampled_features\": {\"all_finite\": true, \"device\": \"cuda:0\", \"dtype\": \"torch.float32\", \"numel\": 25792, \"shape\": [1, 806, 32], \"stride\": [25792, 32, 1]}, \"primary_target_sampled_features\": {\"all_finite\": true, \"device\": \"cuda:0\", \"dtype\": \"torch.float32\", \"numel\": 25664, \"shape\": [1, 802, 32], \"stride\": [25664, 32, 1]}, \"probability_comparison_stage\": \"secondary edge-head softmax over parents, before original calibration and low-margin mixing\", \"probability_delta_vs_single_pass_same_coordinates\": {\"sample_elements\": 65536, \"sample_equal\": false, \"sample_max_abs_delta\": 0.6999394297599792, \"sample_mean_abs_delta\": 0.00020723954366985708, \"sample_stride\": 9}, \"production_calls\": 1, \"same_low_margin_config\": {\"secondary_detection_weight\": 0.8, \"secondary_edge_weight\": 0.15, \"secondary_link_mode\": \"low_margin_consensus\"}, \"source_delta_vs_single_pass\": {\"sample_elements\": 25792, \"sample_equal\": false, \"sample_max_abs_delta\": 0.7747969627380371, \"sample_mean_abs_delta\": 0.1125374361872673, \"sample_stride\": 1}, \"source_sampled_features\": {\"all_finite\": true, \"device\": \"cuda:0\", \"dtype\": \"torch.float32\", \"numel\": 25792, \"shape\": [1, 806, 32], \"stride\": [25792, 32, 1]}, \"target_delta_vs_single_pass\": {\"sample_elements\": 25664, \"sample_equal\": false, \"sample_max_abs_delta\": 0.6799172163009644, \"sample_mean_abs_delta\": 0.1155676394701004, \"sample_stride\": 1}, \"target_sampled_features\": {\"all_finite\": true, \"device\": \"cuda:0\", \"dtype\": \"torch.float32\", \"numel\": 25664, \"shape\": [1, 802, 32], \"stride\": [25664, 32, 1]}}, \"association_calls\": 1, \"config\": {\"secondary_detection_weight\": 0.8, \"secondary_edge_weight\": 0.15, \"secondary_link_mode\": \"low_margin_consensus\"}, \"consumed_features\": {\"primary\": {\"all_finite\": true, \"delta_vs_single_pass\": {\"sample_elements\": 65536, \"sample_equal\": false, \"sample_max_abs_delta\": 1.6548349857330322, \"sample_mean_abs_delta\": 0.3378757834434509, \"sample_stride\": 256}, \"device\": \"cuda:0\", \"dtype\": \"torch.float32\", \"numel\": 16777216, \"original_encoded_feature_sample_unchanged\": true, \"same_storage_as_original\": false, \"shape\": [1, 2, 32, 64, 64, 64], \"single_pass\": {\"device\": \"cuda:0\", \"dtype\": \"torch.float32\", \"numel\": 16777216, \"shape\": [1, 2, 32, 64, 64, 64], \"stride\": [16777216, 8388608, 262144, 4096, 64, 1]}, \"stride\": [16777216, 8388608, 262144, 4096, 64, 1]}, \"secondary\": {\"all_finite\": true, \"delta_vs_single_pass\": {\"sample_elements\": 65536, \"sample_equal\": false, \"sample_max_abs_delta\": 1.2861735820770264, \"sample_mean_abs_delta\": 0.20930975675582886, \"sample_stride\": 256}, \"device\": \"cuda:0\", \"dtype\": \"torch.float32\", \"numel\": 16777216, \"original_encoded_feature_sample_unchanged\": true, \"same_storage_as_original\": false, \"shape\": [1, 2, 32, 64, 64, 64], \"single_pass\": {\"device\": \"cuda:0\", \"dtype\": \"torch.float32\", \"numel\": 16777216, \"shape\": [1, 2, 32, 64, 64, 64], \"stride\": [16777216, 8388608, 262144, 4096, 64, 1]}, \"stride\": [16777216, 8388608, 262144, 4096, 64, 1]}}, \"consumed_heatmaps\": [{\"all_finite\": true, \"device\": \"cuda:0\", \"dtype\": \"torch.float32\", \"numel\": 262144, \"shape\": [1, 1, 64, 64, 64], \"stride\": [262144, 262144, 4096, 64, 1]}, {\"all_finite\": true, \"device\": \"cuda:0\", \"dtype\": \"torch.float32\", \"numel\": 262144, \"shape\": [1, 1, 64, 64, 64], \"stride\": [262144, 262144, 4096, 64, 1]}], \"cuda_peak_allocated_bytes_process\": 728221696, \"cuda_peak_reserved_bytes_process\": 979369984, \"dataset\": \"6bba_05db0fb1\", \"encode_calls\": {\"primary\": 8, \"secondary\": 8}, \"encode_seconds\": {\"primary\": 1.089327229000105, \"secondary\": 1.0058231630001728}, \"encode_views\": [{\"feature\": {\"device\": \"cuda:0\", \"dtype\": \"torch.float32\", \"numel\": 16777216, \"shape\": [1, 2, 32, 64, 64, 64], \"stride\": [16777216, 8388608, 262144, 4096, 64, 1]}, \"heatmap0\": {\"device\": \"cuda:0\", \"dtype\": \"torch.float32\", \"numel\": 262144, \"shape\": [1, 1, 64, 64, 64], \"stride\": [262144, 262144, 4096, 64, 1]}, \"input\": {\"device\": \"cuda:0\", \"dtype\": \"torch.float32\", \"numel\": 524288, \"shape\": [1, 2, 64, 64, 64], \"stride\": [524288, 262144, 4096, 64, 1]}, \"pass\": 1, \"role\": \"primary\"}, {\"feature\": {\"device\": \"cuda:0\", \"dtype\": \"torch.float32\", \"numel\": 16777216, \"shape\": [1, 2, 32, 64, 64, 64], \"stride\": [16777216, 8388608, 262144, 4096, 64, 1]}, \"heatmap0\": {\"device\": \"cuda:0\", \"dtype\": \"torch.float32\", \"numel\": 262144, \"shape\": [1, 1, 64, 64, 64], \"stride\": [262144, 262144, 4096, 64, 1]}, \"input\": {\"device\": \"cuda:0\", \"dtype\": \"torch.float32\", \"numel\": 524288, \"shape\": [1, 2, 64, 64, 64], \"stride\": [524288, 262144, 4096, 64, 1]}, \"pass\": 2, \"role\": \"primary\"}, {\"feature\": {\"device\": \"cuda:0\", \"dtype\": \"torch.float32\", \"numel\": 16777216, \"shape\": [1, 2, 32, 64, 64, 64], \"stride\": [16777216, 8388608, 262144, 4096, 64, 1]}, \"heatmap0\": {\"device\": \"cuda:0\", \"dtype\": \"torch.float32\", \"numel\": 262144, \"shape\": [1, 1, 64, 64, 64], \"stride\": [262144, 262144, 4096, 64, 1]}, \"input\": {\"device\": \"cuda:0\", \"dtype\": \"torch.float32\", \"numel\": 524288, \"shape\": [1, 2, 64, 64, 64], \"stride\": [524288, 262144, 4096, 64, 1]}, \"pass\": 3, \"role\": \"primary\"}, {\"feature\": {\"device\": \"cuda:0\", \"dtype\": \"torch.float32\", \"numel\": 16777216, \"shape\": [1, 2, 32, 64, 64, 64], \"stride\": [16777216, 8388608, 262144, 4096, 64, 1]}, \"heatmap0\": {\"device\": \"cuda:0\", \"dtype\": \"torch.float32\", \"numel\": 262144, \"shape\": [1, 1, 64, 64, 64], \"stride\": [262144, 262144, 4096, 64, 1]}, \"input\": {\"device\": \"cuda:0\", \"dtype\": \"torch.float32\", \"numel\": 524288, \"shape\": [1, 2, 64, 64, 64], \"stride\": [524288, 262144, 4096, 64, 1]}, \"pass\": 4, \"role\": \"primary\"}, {\"feature\": {\"device\": \"cuda:0\", \"dtype\": \"torch.float32\", \"numel\": 16777216, \"shape\": [1, 2, 32, 64, 64, 64], \"stride\": [16777216, 8388608, 262144, 4096, 64, 1]}, \"heatmap0\": {\"device\": \"cuda:0\", \"dtype\": \"torch.float32\", \"numel\": 262144, \"shape\": [1, 1, 64, 64, 64], \"stride\": [262144, 262144, 4096, 64, 1]}, \"input\": {\"device\": \"cuda:0\", \"dtype\": \"torch.float32\", \"numel\": 524288, \"shape\": [1, 2, 64, 64, 64], \"stride\": [524288, 262144, 4096, 1, 64]}, \"pass\": 5, \"role\": \"primary\"}, {\"feature\": {\"device\": \"cuda:0\", \"dtype\": \"torch.float32\", \"numel\": 16777216, \"shape\": [1, 2, 32, 64, 64, 64], \"stride\": [16777216, 8388608, 262144, 4096, 64, 1]}, \"heatmap0\": {\"device\": \"cuda:0\", \"dtype\": \"torch.float32\", \"numel\": 262144, \"shape\": [1, 1, 64, 64, 64], \"stride\": [262144, 262144, 4096, 64, 1]}, \"input\": {\"device\": \"cuda:0\", \"dtype\": \"torch.float32\", \"numel\": 524288, \"shape\": [1, 2, 64, 64, 64], \"stride\": [524288, 262144, 4096, 1, 64]}, \"pass\": 6, \"role\": \"primary\"}, {\"feature\": {\"device\": \"cuda:0\", \"dtype\": \"torch.float32\", \"numel\": 16777216, \"shape\": [1, 2, 32, 64, 64, 64], \"stride\": [16777216, 8388608, 262144, 4096, 64, 1]}, \"heatmap0\": {\"device\": \"cuda:0\", \"dtype\": \"torch.float32\", \"numel\": 262144, \"shape\": [1, 1, 64, 64, 64], \"stride\": [262144, 262144, 4096, 64, 1]}, \"input\": {\"device\": \"cuda:0\", \"dtype\": \"torch.float32\", \"numel\": 524288, \"shape\": [1, 2, 64, 64, 64], \"stride\": [524288, 262144, 4096, 1, 64]}, \"pass\": 7, \"role\": \"primary\"}, {\"feature\": {\"device\": \"cuda:0\", \"dtype\": \"torch.float32\", \"numel\": 16777216, \"shape\": [1, 2, 32, 64, 64, 64], \"stride\": [16777216, 8388608, 262144, 4096, 64, 1]}, \"heatmap0\": {\"device\": \"cuda:0\", \"dtype\": \"torch.float32\", \"numel\": 262144, \"shape\": [1, 1, 64, 64, 64], \"stride\": [262144, 262144, 4096, 64, 1]}, \"input\": {\"device\": \"cuda:0\", \"dtype\": \"torch.float32\", \"numel\": 524288, \"shape\": [1, 2, 64, 64, 64], \"stride\": [524288, 262144, 4096, 64, 1]}, \"pass\": 8, \"role\": \"primary\"}, {\"feature\": {\"device\": \"cuda:0\", \"dtype\": \"torch.float32\", \"numel\": 16777216, \"shape\": [1, 2, 32, 64, 64, 64], \"stride\": [16777216, 8388608, 262144, 4096, 64, 1]}, \"heatmap0\": {\"device\": \"cuda:0\", \"dtype\": \"torch.float32\", \"numel\": 262144, \"shape\": [1, 1, 64, 64, 64], \"stride\": [262144, 262144, 4096, 64, 1]}, \"input\": {\"device\": \"cuda:0\", \"dtype\": \"torch.float32\", \"numel\": 524288, \"shape\": [1, 2, 64, 64, 64], \"stride\": [524288, 262144, 4096, 64, 1]}, \"pass\": 1, \"role\": \"secondary\"}, {\"feature\": {\"device\": \"cuda:0\", \"dtype\": \"torch.float32\", \"numel\": 16777216, \"shape\": [1, 2, 32, 64, 64, 64], \"stride\": [16777216, 8388608, 262144, 4096, 64, 1]}, \"heatmap0\": {\"device\": \"cuda:0\", \"dtype\": \"torch.float32\", \"numel\": 262144, \"shape\": [1, 1, 64, 64, 64], \"stride\": [262144, 262144, 4096, 64, 1]}, \"input\": {\"device\": \"cuda:0\", \"dtype\": \"torch.float32\", \"numel\": 524288, \"shape\": [1, 2, 64, 64, 64], \"stride\": [524288, 262144, 4096, 64, 1]}, \"pass\": 2, \"role\": \"secondary\"}, {\"feature\": {\"device\": \"cuda:0\", \"dtype\": \"torch.float32\", \"numel\": 16777216, \"shape\": [1, 2, 32, 64, 64, 64], \"stride\": [16777216, 8388608, 262144, 4096, 64, 1]}, \"heatmap0\": {\"device\": \"cuda:0\", \"dtype\": \"torch.float32\", \"numel\": 262144, \"shape\": [1, 1, 64, 64, 64], \"stride\": [262144, 262144, 4096, 64, 1]}, \"input\": {\"device\": \"cuda:0\", \"dtype\": \"torch.float32\", \"numel\": 524288, \"shape\": [1, 2, 64, 64, 64], \"stride\": [524288, 262144, 4096, 64, 1]}, \"pass\": 3, \"role\": \"secondary\"}, {\"feature\": {\"device\": \"cuda:0\", \"dtype\": \"torch.float32\", \"numel\": 16777216, \"shape\": [1, 2, 32, 64, 64, 64], \"stride\": [16777216, 8388608, 262144, 4096, 64, 1]}, \"heatmap0\": {\"device\": \"cuda:0\", \"dtype\": \"torch.float32\", \"numel\": 262144, \"shape\": [1, 1, 64, 64, 64], \"stride\": [262144, 262144, 4096, 64, 1]}, \"input\": {\"device\": \"cuda:0\", \"dtype\": \"torch.float32\", \"numel\": 524288, \"shape\": [1, 2, 64, 64, 64], \"stride\": [524288, 262144, 4096, 64, 1]}, \"pass\": 4, \"role\": \"secondary\"}, {\"feature\": {\"device\": \"cuda:0\", \"dtype\": \"torch.float32\", \"numel\": 16777216, \"shape\": [1, 2, 32, 64, 64, 64], \"stride\": [16777216, 8388608, 262144, 4096, 64, 1]}, \"heatmap0\": {\"device\": \"cuda:0\", \"dtype\": \"torch.float32\", \"numel\": 262144, \"shape\": [1, 1, 64, 64, 64], \"stride\": [262144, 262144, 4096, 64, 1]}, \"input\": {\"device\": \"cuda:0\", \"dtype\": \"torch.float32\", \"numel\": 524288, \"shape\": [1, 2, 64, 64, 64], \"stride\": [524288, 262144, 4096, 1, 64]}, \"pass\": 5, \"role\": \"secondary\"}, {\"feature\": {\"device\": \"cuda:0\", \"dtype\": \"torch.float32\", \"numel\": 16777216, \"shape\": [1, 2, 32, 64, 64, 64], \"stride\": [16777216, 8388608, 262144, 4096, 64, 1]}, \"heatmap0\": {\"device\": \"cuda:0\", \"dtype\": \"torch.float32\", \"numel\": 262144, \"shape\": [1, 1, 64, 64, 64], \"stride\": [262144, 262144, 4096, 64, 1]}, \"input\": {\"device\": \"cuda:0\", \"dtype\": \"torch.float32\", \"numel\": 524288, \"shape\": [1, 2, 64, 64, 64], \"stride\": [524288, 262144, 4096, 1, 64]}, \"pass\": 6, \"role\": \"secondary\"}, {\"feature\": {\"device\": \"cuda:0\", \"dtype\": \"torch.float32\", \"numel\": 16777216, \"shape\": [1, 2, 32, 64, 64, 64], \"stride\": [16777216, 8388608, 262144, 4096, 64, 1]}, \"heatmap0\": {\"device\": \"cuda:0\", \"dtype\": \"torch.float32\", \"numel\": 262144, \"shape\": [1, 1, 64, 64, 64], \"stride\": [262144, 262144, 4096, 64, 1]}, \"input\": {\"device\": \"cuda:0\", \"dtype\": \"torch.float32\", \"numel\": 524288, \"shape\": [1, 2, 64, 64, 64], \"stride\": [524288, 262144, 4096, 1, 64]}, \"pass\": 7, \"role\": \"secondary\"}, {\"feature\": {\"device\": \"cuda:0\", \"dtype\": \"torch.float32\", \"numel\": 16777216, \"shape\": [1, 2, 32, 64, 64, 64], \"stride\": [16777216, 8388608, 262144, 4096, 64, 1]}, \"heatmap0\": {\"device\": \"cuda:0\", \"dtype\": \"torch.float32\", \"numel\": 262144, \"shape\": [1, 1, 64, 64, 64], \"stride\": [262144, 262144, 4096, 64, 1]}, \"input\": {\"device\": \"cuda:0\", \"dtype\": \"torch.float32\", \"numel\": 524288, \"shape\": [1, 2, 64, 64, 64], \"stride\": [524288, 262144, 4096, 64, 1]}, \"pass\": 8, \"role\": \"secondary\"}], \"event\": \"actual_predictor_window\", \"frames\": [0, 1], \"input\": {\"all_finite\": true, \"device\": \"cuda:0\", \"dtype\": \"torch.float32\", \"numel\": 524288, \"shape\": [1, 2, 64, 64, 64], \"stride\": [524288, 262144, 4096, 64, 1]}, \"input_parent\": \"/kaggle/input/competitions/biohub-cell-tracking-during-development/test\", \"seconds_including_common_audit\": 2.476815766999948, \"window_index\": 1, \"worker_execution_settings\": {\"autocast_enabled\": false, \"cuda_runtime\": \"12.8\", \"cudnn_allow_tf32\": true, \"cudnn_benchmark\": false, \"cudnn_deterministic\": false, \"default_dtype\": \"torch.float32\", \"deterministic_algorithms\": false, \"float32_matmul_precision\": \"highest\", \"gpu_name\": \"Tesla T4\", \"grad_enabled\": false, \"matmul_allow_tf32\": false, \"torch_initial_seed\": 14662682628218654257, \"torch_version\": \"2.10.0+cu128\"}}\n"}
,{"stream_name":"stdout","time":584.431016652,"data":"EDGE_TTA_ACTIVE views= 8 mean_abs_feat_delta= 0.353265\n"}
,{"stream_name":"stdout","time":584.431099517,"data":"PUBLIC946_GPU_SMOKE {\"arm\": \"C2\", \"association\": {\"actual_primary_logits_after_original_harmonic_fusion\": {\"all_finite\": true, \"device\": \"cuda:0\", \"dtype\": \"torch.float32\", \"numel\": 646412, \"shape\": [1, 806, 802], \"stride\": [646412, 802, 1]}, \"actual_secondary_feature_consumed\": true, \"actual_secondary_logits\": {\"all_finite\": true, \"device\": \"cuda:0\", \"dtype\": \"torch.float32\", \"numel\": 646412, \"shape\": [1, 806, 802], \"stride\": [646412, 802, 1]}, \"coordinate_grid\": {\"downsample\": [1.0, 4.0, 4.0], \"source\": {\"device\": \"cuda:0\", \"dtype\": \"torch.float32\", \"numel\": 2418, \"shape\": [1, 806, 3], \"stride\": [806, 1, 806]}, \"target\": {\"device\": \"cuda:0\", \"dtype\": \"torch.float32\", \"numel\": 2406, \"shape\": [1, 802, 3], \"stride\": [802, 1, 802]}}, \"diagnostic_edge_head_calls\": 1, \"diagnostic_encoder_calls\": 0, \"diagnostic_probabilities_used_in_production\": false, \"diagnostic_seconds\": 0.04962971500003732, \"frame_pair_index\": 0, \"primary_source_sampled_features\": {\"all_finite\": true, \"device\": \"cuda:0\", \"dtype\": \"torch.float32\", \"numel\": 25792, \"shape\": [1, 806, 32], \"stride\": [25792, 32, 1]}, \"primary_target_sampled_features\": {\"all_finite\": true, \"device\": \"cuda:0\", \"dtype\": \"torch.float32\", \"numel\": 25664, \"shape\": [1, 802, 32], \"stride\": [25664, 32, 1]}, \"probability_comparison_stage\": \"secondary edge-head softmax over parents, before original calibration and low-margin mixing\", \"probability_delta_vs_single_pass_same_coordinates\": {\"sample_elements\": 65536, \"sample_equal\": false, \"sample_max_abs_delta\": 0.6999394297599792, \"sample_mean_abs_delta\": 0.00020723954366985708, \"sample_stride\": 9}, \"production_calls\": 1, \"same_low_margin_config\": {\"secondary_detection_weight\": 0.8, \"secondary_edge_weight\": 0.15, \"secondary_link_mode\": \"low_margin_consensus\"}, \"source_delta_vs_single_pass\": {\"sample_elements\": 25792, \"sample_equal\": false, \"sample_max_abs_delta\": 0.7747969627380371, \"sample_mean_abs_delta\": 0.1125374361872673, \"sample_stride\": 1}, \"source_sampled_features\": {\"all_finite\": true, \"device\": \"cuda:0\", \"dtype\": \"torch.float32\", \"numel\": 25792, \"shape\": [1, 806, 32], \"stride\": [25792, 32, 1]}, \"target_delta_vs_single_pass\": {\"sample_elements\": 25664, \"sample_equal\": false, \"sample_max_abs_delta\": 0.6799172163009644, \"sample_mean_abs_delta\": 0.1155676394701004, \"sample_stride\": 1}, \"target_sampled_features\": {\"all_finite\": true, \"device\": \"cuda:0\", \"dtype\": \"torch.float32\", \"numel\": 25664, \"shape\": [1, 802, 32], \"stride\": [25664, 32, 1]}}, \"association_calls\": 1, \"config\": {\"secondary_detection_weight\": 0.8, \"secondary_edge_weight\": 0.15, \"secondary_link_mode\": \"low_margin_consensus\"}, \"consumed_features\": {\"primary\": {\"all_finite\": true, \"delta_vs_single_pass\": {\"sample_elements\": 65536, \"sample_equal\": false, \"sample_max_abs_delta\": 1.6548349857330322, \"sample_mean_abs_delta\": 0.3378757834434509, \"sample_stride\": 256}, \"device\": \"cuda:0\", \"dtype\": \"torch.float32\", \"numel\": 16777216, \"original_encoded_feature_sample_unchanged\": true, \"same_storage_as_original\": false, \"shape\": [1, 2, 32, 64, 64, 64], \"single_pass\": {\"device\": \"cuda:0\", \"dtype\": \"torch.float32\", \"numel\": 16777216, \"shape\": [1, 2, 32, 64, 64, 64], \"stride\": [16777216, 8388608, 262144, 4096, 64, 1]}, \"stride\": [16777216, 8388608, 262144, 4096, 64, 1]}, \"secondary\": {\"all_finite\": true, \"delta_vs_single_pass\": {\"sample_elements\": 65536, \"sample_equal\": false, \"sample_max_abs_delta\": 1.2861735820770264, \"sample_mean_abs_delta\": 0.20930975675582886, \"sample_stride\": 256}, \"device\": \"cuda:0\", \"dtype\": \"torch.float32\", \"numel\": 16777216, \"original_encoded_feature_sample_unchanged\": true, \"same_storage_as_original\": false, \"shape\": [1, 2, 32, 64, 64, 64], \"single_pass\": {\"device\": \"cuda:0\", \"dtype\": \"torch.float32\", \"numel\": 16777216, \"shape\": [1, 2, 32, 64, 64, 64], \"stride\": [16777216, 8388608, 262144, 4096, 64, 1]}, \"stride\": [16777216, 8388608, 262144, 4096, 64, 1]}}, \"consumed_heatmaps\": [{\"all_finite\": true, \"device\": \"cuda:0\", \"dtype\": \"torch.float32\", \"numel\": 262144, \"shape\": [1, 1, 64, 64, 64], \"stride\": [262144, 262144, 4096, 64, 1]}, {\"all_finite\": true, \"device\": \"cuda:0\", \"dtype\": \"torch.float32\", \"numel\": 262144, \"shape\": [1, 1, 64, 64, 64], \"stride\": [262144, 262144, 4096, 64, 1]}], \"cuda_peak_allocated_bytes_process\": 728221696, \"cuda_peak_reserved_bytes_process\": 979369984, \"dataset\": \"6bba_05db0fb1\", \"encode_calls\": {\"primary\": 8, \"secondary\": 8}, \"encode_seconds\": {\"primary\": 1.089327229000105, \"secondary\": 1.0058231630001728}, \"encode_views\": [{\"feature\": {\"device\": \"cuda:0\", \"dtype\": \"torch.float32\", \"numel\": 16777216, \"shape\": [1, 2, 32, 64, 64, 64], \"stride\": [16777216, 8388608, 262144, 4096, 64, 1]}, \"heatmap0\": {\"device\": \"cuda:0\", \"dtype\": \"torch.float32\", \"numel\": 262144, \"shape\": [1, 1, 64, 64, 64], \"stride\": [262144, 262144, 4096, 64, 1]}, \"input\": {\"device\": \"cuda:0\", \"dtype\": \"torch.float32\", \"numel\": 524288, \"shape\": [1, 2, 64, 64, 64], \"stride\": [524288, 262144, 4096, 64, 1]}, \"pass\": 1, \"role\": \"primary\"}, {\"feature\": {\"device\": \"cuda:0\", \"dtype\": \"torch.float32\", \"numel\": 16777216, \"shape\": [1, 2, 32, 64, 64, 64], \"stride\": [16777216, 8388608, 262144, 4096, 64, 1]}, \"heatmap0\": {\"device\": \"cuda:0\", \"dtype\": \"torch.float32\", \"numel\": 262144, \"shape\": [1, 1, 64, 64, 64], \"stride\": [262144, 262144, 4096, 64, 1]}, \"input\": {\"device\": \"cuda:0\", \"dtype\": \"torch.float32\", \"numel\": 524288, \"shape\": [1, 2, 64, 64, 64], \"stride\": [524288, 262144, 4096, 64, 1]}, \"pass\": 2, \"role\": \"primary\"}, {\"feature\": {\"device\": \"cuda:0\", \"dtype\": \"torch.float32\", \"numel\": 16777216, \"shape\": [1, 2, 32, 64, 64, 64], \"stride\": [16777216, 8388608, 262144, 4096, 64, 1]}, \"heatmap0\": {\"device\": \"cuda:0\", \"dtype\": \"torch.float32\", \"numel\": 262144, \"shape\": [1, 1, 64, 64, 64], \"stride\": [262144, 262144, 4096, 64, 1]}, \"input\": {\"device\": \"cuda:0\", \"dtype\": \"torch.float32\", \"numel\": 524288, \"shape\": [1, 2, 64, 64, 64], \"stride\": [524288, 262144, 4096, 64, 1]}, \"pass\": 3, \"role\": \"primary\"}, {\"feature\": {\"device\": \"cuda:0\", \"dtype\": \"torch.float32\", \"numel\": 16777216, \"shape\": [1, 2, 32, 64, 64, 64], \"stride\": [16777216, 8388608, 262144, 4096, 64, 1]}, \"heatmap0\": {\"device\": \"cuda:0\", \"dtype\": \"torch.float32\", \"numel\": 262144, \"shape\": [1, 1, 64, 64, 64], \"stride\": [262144, 262144, 4096, 64, 1]}, \"input\": {\"device\": \"cuda:0\", \"dtype\": \"torch.float32\", \"numel\": 524288, \"shape\": [1, 2, 64, 64, 64], \"stride\": [524288, 262144, 4096, 64, 1]}, \"pass\": 4, \"role\": \"primary\"}, {\"feature\": {\"device\": \"cuda:0\", \"dtype\": \"torch.float32\", \"numel\": 16777216, \"shape\": [1, 2, 32, 64, 64, 64], \"stride\": [16777216, 8388608, 262144, 4096, 64, 1]}, \"heatmap0\": {\"device\": \"cuda:0\", \"dtype\": \"torch.float32\", \"numel\": 262144, \"shape\": [1, 1, 64, 64, 64], \"stride\": [262144, 262144, 4096, 64, 1]}, \"input\": {\"device\": \"cuda:0\", \"dtype\": \"torch.float32\", \"numel\": 524288, \"shape\": [1, 2, 64, 64, 64], \"stride\": [524288, 262144, 4096, 1, 64]}, \"pass\": 5, \"role\": \"primary\"}, {\"feature\": {\"device\": \"cuda:0\", \"dtype\": \"torch.float32\", \"numel\": 16777216, \"shape\": [1, 2, 32, 64, 64, 64], \"stride\": [16777216, 8388608, 262144, 4096, 64, 1]}, \"heatmap0\": {\"device\": \"cuda:0\", \"dtype\": \"torch.float32\", \"numel\": 262144, \"shape\": [1, 1, 64, 64, 64], \"stride\": [262144, 262144, 4096, 64, 1]}, \"input\": {\"device\": \"cuda:0\", \"dtype\": \"torch.float32\", \"numel\": 524288, \"shape\": [1, 2, 64, 64, 64], \"stride\": [524288, 262144, 4096, 1, 64]}, \"pass\": 6, \"role\": \"primary\"}, {\"feature\": {\"device\": \"cuda:0\", \"dtype\": \"torch.float32\", \"numel\": 16777216, \"shape\": [1, 2, 32, 64, 64, 64], \"stride\": [16777216, 8388608, 262144, 4096, 64, 1]}, \"heatmap0\": {\"device\": \"cuda:0\", \"dtype\": \"torch.float32\", \"numel\": 262144, \"shape\": [1, 1, 64, 64, 64], \"stride\": [262144, 262144, 4096, 64, 1]}, \"input\": {\"device\": \"cuda:0\", \"dtype\": \"torch.float32\", \"numel\": 524288, \"shape\": [1, 2, 64, 64, 64], \"stride\": [524288, 262144, 4096, 1, 64]}, \"pass\": 7, \"role\": \"primary\"}, {\"feature\": {\"device\": \"cuda:0\", \"dtype\": \"torch.float32\", \"numel\": 16777216, \"shape\": [1, 2, 32, 64, 64, 64], \"stride\": [16777216, 8388608, 262144, 4096, 64, 1]}, \"heatmap0\": {\"device\": \"cuda:0\", \"dtype\": \"torch.float32\", \"numel\": 262144, \"shape\": [1, 1, 64, 64, 64], \"stride\": [262144, 262144, 4096, 64, 1]}, \"input\": {\"device\": \"cuda:0\", \"dtype\": \"torch.float32\", \"numel\": 524288, \"shape\": [1, 2, 64, 64, 64], \"stride\": [524288, 262144, 4096, 64, 1]}, \"pass\": 8, \"role\": \"primary\"}, {\"feature\": {\"device\": \"cuda:0\", \"dtype\": \"torch.float32\", \"numel\": 16777216, \"shape\": [1, 2, 32, 64, 64, 64], \"stride\": [16777216, 8388608, 262144, 4096, 64, 1]}, \"heatmap0\": {\"device\": \"cuda:0\", \"dtype\": \"torch.float32\", \"numel\": 262144, \"shape\": [1, 1, 64, 64, 64], \"stride\": [262144, 262144, 4096, 64, 1]}, \"input\": {\"device\": \"cuda:0\", \"dtype\": \"torch.float32\", \"numel\": 524288, \"shape\": [1, 2, 64, 64, 64], \"stride\": [524288, 262144, 4096, 64, 1]}, \"pass\": 1, \"role\": \"secondary\"}, {\"feature\": {\"device\": \"cuda:0\", \"dtype\": \"torch.float32\", \"numel\": 16777216, \"shape\": [1, 2, 32, 64, 64, 64], \"stride\": [16777216, 8388608, 262144, 4096, 64, 1]}, \"heatmap0\": {\"device\": \"cuda:0\", \"dtype\": \"torch.float32\", \"numel\": 262144, \"shape\": [1, 1, 64, 64, 64], \"stride\": [262144, 262144, 4096, 64, 1]}, \"input\": {\"device\": \"cuda:0\", \"dtype\": \"torch.float32\", \"numel\": 524288, \"shape\": [1, 2, 64, 64, 64], \"stride\": [524288, 262144, 4096, 64, 1]}, \"pass\": 2, \"role\": \"secondary\"}, {\"feature\": {\"device\": \"cuda:0\", \"dtype\": \"torch.float32\", \"numel\": 16777216, \"shape\": [1, 2, 32, 64, 64, 64], \"stride\": [16777216, 8388608, 262144, 4096, 64, 1]}, \"heatmap0\": {\"device\": \"cuda:0\", \"dtype\": \"torch.float32\", \"numel\": 262144, \"shape\": [1, 1, 64, 64, 64], \"stride\": [262144, 262144, 4096, 64, 1]}, \"input\": {\"device\": \"cuda:0\", \"dtype\": \"torch.float32\", \"numel\": 524288, \"shape\": [1, 2, 64, 64, 64], \"stride\": [524288, 262144, 4096, 64, 1]}, \"pass\": 3, \"role\": \"secondary\"}, {\"feature\": {\"device\": \"cuda:0\", \"dtype\": \"torch.float32\", \"numel\": 16777216, \"shape\": [1, 2, 32, 64, 64, 64], \"stride\": [16777216, 8388608, 262144, 4096, 64, 1]}, \"heatmap0\": {\"device\": \"cuda:0\", \"dtype\": \"torch.float32\", \"numel\": 262144, \"shape\": [1, 1, 64, 64, 64], \"stride\": [262144, 262144, 4096, 64, 1]}, \"input\": {\"device\": \"cuda:0\", \"dtype\": \"torch.float32\", \"numel\": 524288, \"shape\": [1, 2, 64, 64, 64], \"stride\": [524288, 262144, 4096, 64, 1]}, \"pass\": 4, \"role\": \"secondary\"}, {\"feature\": {\"device\": \"cuda:0\", \"dtype\": \"torch.float32\", \"numel\": 16777216, \"shape\": [1, 2, 32, 64, 64, 64], \"stride\": [16777216, 8388608, 262144, 4096, 64, 1]}, \"heatmap0\": {\"device\": \"cuda:0\", \"dtype\": \"torch.float32\", \"numel\": 262144, \"shape\": [1, 1, 64, 64, 64], \"stride\": [262144, 262144, 4096, 64, 1]}, \"input\": {\"device\": \"cuda:0\", \"dtype\": \"torch.float32\", \"numel\": 524288, \"shape\": [1, 2, 64, 64, 64], \"stride\": [524288, 262144, 4096, 1, 64]}, \"pass\": 5, \"role\": \"secondary\"}, {\"feature\": {\"device\": \"cuda:0\", \"dtype\": \"torch.float32\", \"numel\": 16777216, \"shape\": [1, 2, 32, 64, 64, 64], \"stride\": [16777216, 8388608, 262144, 4096, 64, 1]}, \"heatmap0\": {\"device\": \"cuda:0\", \"dtype\": \"torch.float32\", \"numel\": 262144, \"shape\": [1, 1, 64, 64, 64], \"stride\": [262144, 262144, 4096, 64, 1]}, \"input\": {\"device\": \"cuda:0\", \"dtype\": \"torch.float32\", \"numel\": 524288, \"shape\": [1, 2, 64, 64, 64], \"stride\": [524288, 262144, 4096, 1, 64]}, \"pass\": 6, \"role\": \"secondary\"}, {\"feature\": {\"device\": \"cuda:0\", \"dtype\": \"torch.float32\", \"numel\": 16777216, \"shape\": [1, 2, 32, 64, 64, 64], \"stride\": [16777216, 8388608, 262144, 4096, 64, 1]}, \"heatmap0\": {\"device\": \"cuda:0\", \"dtype\": \"torch.float32\", \"numel\": 262144, \"shape\": [1, 1, 64, 64, 64], \"stride\": [262144, 262144, 4096, 64, 1]}, \"input\": {\"device\": \"cuda:0\", \"dtype\": \"torch.float32\", \"numel\": 524288, \"shape\": [1, 2, 64, 64, 64], \"stride\": [524288, 262144, 4096, 1, 64]}, \"pass\": 7, \"role\": \"secondary\"}, {\"feature\": {\"device\": \"cuda:0\", \"dtype\": \"torch.float32\", \"numel\": 16777216, \"shape\": [1, 2, 32, 64, 64, 64], \"stride\": [16777216, 8388608, 262144, 4096, 64, 1]}, \"heatmap0\": {\"device\": \"cuda:0\", \"dtype\": \"torch.float32\", \"numel\": 262144, \"shape\": [1, 1, 64, 64, 64], \"stride\": [262144, 262144, 4096, 64, 1]}, \"input\": {\"device\": \"cuda:0\", \"dtype\": \"torch.float32\", \"numel\": 524288, \"shape\": [1, 2, 64, 64, 64], \"stride\": [524288, 262144, 4096, 64, 1]}, \"pass\": 8, \"role\": \"secondary\"}], \"event\": \"actual_predictor_window\", \"frames\": [0, 1], \"input\": {\"all_finite\": true, \"device\": \"cuda:0\", \"dtype\": \"torch.float32\", \"numel\": 524288, \"shape\": [1, 2, 64, 64, 64], \"stride\": [524288, 262144, 4096, 64, 1]}, \"input_parent\": \"/kaggle/input/competitions/biohub-cell-tracking-during-development/test\", \"seconds_including_common_audit\": 2.476815766999948, \"window_index\": 1, \"worker_execution_settings\": {\"autocast_enabled\": false, \"cuda_runtime\": \"12.8\", \"cudnn_allow_tf32\": true, \"cudnn_benchmark\": false, \"cudnn_deterministic\": false, \"default_dtype\": \"torch.float32\", \"deterministic_algorithms\": false, \"float32_matmul_precision\": \"highest\", \"gpu_name\": \"Tesla T4\", \"grad_enabled\": false, \"matmul_allow_tf32\": false, \"torch_initial_seed\": 14662682628218654257, \"torch_version\": \"2.10.0+cu128\"}}\n"}
,{"stream_name":"stdout","time":585.266374183,"data":"PUBLIC946_GPU_SMOKE {\"arm\": \"C2\", \"association\": {\"actual_primary_logits_after_original_harmonic_fusion\": {\"all_finite\": true, \"device\": \"cuda:0\", \"dtype\": \"torch.float32\", \"numel\": 7395, \"shape\": [1, 87, 85], \"stride\": [7395, 85, 1]}, \"actual_secondary_feature_consumed\": true, \"actual_secondary_logits\": {\"all_finite\": true, \"device\": \"cuda:0\", \"dtype\": \"torch.float32\", \"numel\": 7395, \"shape\": [1, 87, 85], \"stride\": [7395, 85, 1]}, \"coordinate_grid\": {\"downsample\": [1.0, 4.0, 4.0], \"source\": {\"device\": \"cuda:0\", \"dtype\": \"torch.float32\", \"numel\": 261, \"shape\": [1, 87, 3], \"stride\": [87, 1, 87]}, \"target\": {\"device\": \"cuda:0\", \"dtype\": \"torch.float32\", \"numel\": 255, \"shape\": [1, 85, 3], \"stride\": [85, 1, 85]}}, \"diagnostic_edge_head_calls\": 1, \"diagnostic_encoder_calls\": 0, \"diagnostic_probabilities_used_in_production\": false, \"diagnostic_seconds\": 0.00923825500001385, \"frame_pair_index\": 0, \"primary_source_sampled_features\": {\"all_finite\": true, \"device\": \"cuda:0\", \"dtype\": \"torch.float32\", \"numel\": 2784, \"shape\": [1, 87, 32], \"stride\": [2784, 32, 1]}, \"primary_target_sampled_features\": {\"all_finite\": true, \"device\": \"cuda:0\", \"dtype\": \"torch.float32\", \"numel\": 2720, \"shape\": [1, 85, 32], \"stride\": [2720, 32, 1]}, \"probability_comparison_stage\": \"secondary edge-head softmax over parents, before original calibration and low-margin mixing\", \"probability_delta_vs_single_pass_same_coordinates\": {\"sample_elements\": 7395, \"sample_equal\": false, \"sample_max_abs_delta\": 0.30973726511001587, \"sample_mean_abs_delta\": 0.0016969299176707864, \"sample_stride\": 1}, \"production_calls\": 1, \"same_low_margin_config\": {\"secondary_detection_weight\": 0.8, \"secondary_edge_weight\": 0.15, \"secondary_link_mode\": \"low_margin_consensus\"}, \"source_delta_vs_single_pass\": {\"sample_elements\": 2784, \"sample_equal\": false, \"sample_max_abs_delta\": 0.7195460796356201, \"sample_mean_abs_delta\": 0.11911192536354065, \"sample_stride\": 1}, \"source_sampled_features\": {\"all_finite\": true, \"device\": \"cuda:0\", \"dtype\": \"torch.float32\", \"numel\": 2784, \"shape\": [1, 87, 32], \"stride\": [2784, 32, 1]}, \"target_delta_vs_single_pass\": {\"sample_elements\": 2720, \"sample_equal\": false, \"sample_max_abs_delta\": 0.7436521649360657, \"sample_mean_abs_delta\": 0.12311213463544846, \"sample_stride\": 1}, \"target_sampled_features\": {\"all_finite\": true, \"device\": \"cuda:0\", \"dtype\": \"torch.float32\", \"numel\": 2720, \"shape\": [1, 85, 32], \"stride\": [2720, 32, 1]}}, \"association_calls\": 1, \"config\": {\"secondary_detection_weight\": 0.8, \"secondary_edge_weight\": 0.15, \"secondary_link_mode\": \"low_margin_consensus\"}, \"consumed_features\": {\"primary\": {\"all_finite\": true, \"delta_vs_single_pass\": {\"sample_elements\": 65536, \"sample_equal\": false, \"sample_max_abs_delta\": 1.6941182613372803, \"sample_mean_abs_delta\": 0.4369383454322815, \"sample_stride\": 256}, \"device\": \"cuda:0\", \"dtype\": \"torch.float32\", \"numel\": 16777216, \"original_encoded_feature_sample_unchanged\": true, \"same_storage_as_original\": false, \"shape\": [1, 2, 32, 64, 64, 64], \"single_pass\": {\"device\": \"cuda:0\", \"dtype\": \"torch.float32\", \"numel\": 16777216, \"shape\": [1, 2, 32, 64, 64, 64], \"stride\": [16777216, 8388608, 262144, 4096, 64, 1]}, \"stride\": [16777216, 8388608, 262144, 4096, 64, 1]}, \"secondary\": {\"all_finite\": true, \"delta_vs_single_pass\": {\"sample_elements\": 65536, \"sample_equal\": false, \"sample_max_abs_delta\": 0.9248446226119995, \"sample_mean_abs_delta\": 0.20993147790431976, \"sample_stride\": 256}, \"device\": \"cuda:0\", \"dtype\": \"torch.float32\", \"numel\": 16777216, \"original_encoded_feature_sample_unchanged\": true, \"same_storage_as_original\": false, \"shape\": [1, 2, 32, 64, 64, 64], \"single_pass\": {\"device\": \"cuda:0\", \"dtype\": \"torch.float32\", \"numel\": 16777216, \"shape\": [1, 2, 32, 64, 64, 64], \"stride\": [16777216, 8388608, 262144, 4096, 64, 1]}, \"stride\": [16777216, 8388608, 262144, 4096, 64, 1]}}, \"consumed_heatmaps\": [{\"all_finite\": true, \"device\": \"cuda:0\", \"dtype\": \"torch.float32\", \"numel\": 262144, \"shape\": [1, 1, 64, 64, 64], \"stride\": [262144, 262144, 4096, 64, 1]}, {\"all_finite\": true, \"device\": \"cuda:0\", \"dtype\": \"torch.float32\", \"numel\": 262144, \"shape\": [1, 1, 64, 64, 64], \"stride\": [262144, 262144, 4096, 64, 1]}], \"cuda_peak_allocated_bytes_process\": 728221696, \"cuda_peak_reserved_bytes_process\": 975175680, \"dataset\": \"6bba_05b6850b\", \"encode_calls\": {\"primary\": 8, \"secondary\": 8}, \"encode_seconds\": {\"primary\": 1.033792428000197, \"secondary\": 0.9755111670001497}, \"encode_views\": [{\"feature\": {\"device\": \"cuda:0\", \"dtype\": \"torch.float32\", \"numel\": 16777216, \"shape\": [1, 2, 32, 64, 64, 64], \"stride\": [16777216, 8388608, 262144, 4096, 64, 1]}, \"heatmap0\": {\"device\": \"cuda:0\", \"dtype\": \"torch.float32\", \"numel\": 262144, \"shape\": [1, 1, 64, 64, 64], \"stride\": [262144, 262144, 4096, 64, 1]}, \"input\": {\"device\": \"cuda:0\", \"dtype\": \"torch.float32\", \"numel\": 524288, \"shape\": [1, 2, 64, 64, 64], \"stride\": [524288, 262144, 4096, 64, 1]}, \"pass\": 1, \"role\": \"primary\"}, {\"feature\": {\"device\": \"cuda:0\", \"dtype\": \"torch.float32\", \"numel\": 16777216, \"shape\": [1, 2, 32, 64, 64, 64], \"stride\": [16777216, 8388608, 262144, 4096, 64, 1]}, \"heatmap0\": {\"device\": \"cuda:0\", \"dtype\": \"torch.float32\", \"numel\": 262144, \"shape\": [1, 1, 64, 64, 64], \"stride\": [262144, 262144, 4096, 64, 1]}, \"input\": {\"device\": \"cuda:0\", \"dtype\": \"torch.float32\", \"numel\": 524288, \"shape\": [1, 2, 64, 64, 64], \"stride\": [524288, 262144, 4096, 64, 1]}, \"pass\": 2, \"role\": \"primary\"}, {\"feature\": {\"device\": \"cuda:0\", \"dtype\": \"torch.float32\", \"numel\": 16777216, \"shape\": [1, 2, 32, 64, 64, 64], \"stride\": [16777216, 8388608, 262144, 4096, 64, 1]}, \"heatmap0\": {\"device\": \"cuda:0\", \"dtype\": \"torch.float32\", \"numel\": 262144, \"shape\": [1, 1, 64, 64, 64], \"stride\": [262144, 262144, 4096, 64, 1]}, \"input\": {\"device\": \"cuda:0\", \"dtype\": \"torch.float32\", \"numel\": 524288, \"shape\": [1, 2, 64, 64, 64], \"stride\": [524288, 262144, 4096, 64, 1]}, \"pass\": 3, \"role\": \"primary\"}, {\"feature\": {\"device\": \"cuda:0\", \"dtype\": \"torch.float32\", \"numel\": 16777216, \"shape\": [1, 2, 32, 64, 64, 64], \"stride\": [16777216, 8388608, 262144, 4096, 64, 1]}, \"heatmap0\": {\"device\": \"cuda:0\", \"dtype\": \"torch.float32\", \"numel\": 262144, \"shape\": [1, 1, 64, 64, 64], \"stride\": [262144, 262144, 4096, 64, 1]}, \"input\": {\"device\": \"cuda:0\", \"dtype\": \"torch.float32\", \"numel\": 524288, \"shape\": [1, 2, 64, 64, 64], \"stride\": [524288, 262144, 4096, 64, 1]}, \"pass\": 4, \"role\": \"primary\"}, {\"feature\": {\"device\": \"cuda:0\", \"dtype\": \"torch.float32\", \"numel\": 16777216, \"shape\": [1, 2, 32, 64, 64, 64], \"stride\": [16777216, 8388608, 262144, 4096, 64, 1]}, \"heatmap0\": {\"device\": \"cuda:0\", \"dtype\": \"torch.float32\", \"numel\": 262144, \"shape\": [1, 1, 64, 64, 64], \"stride\": [262144, 262144, 4096, 64, 1]}, \"input\": {\"device\": \"cuda:0\", \"dtype\": \"torch.float32\", \"numel\": 524288, \"shape\": [1, 2, 64, 64, 64], \"stride\": [524288, 262144, 4096, 1, 64]}, \"pass\": 5, \"role\": \"primary\"}, {\"feature\": {\"device\": \"cuda:0\", \"dtype\": \"torch.float32\", \"numel\": 16777216, \"shape\": [1, 2, 32, 64, 64, 64], \"stride\": [16777216, 8388608, 262144, 4096, 64, 1]}, \"heatmap0\": {\"device\": \"cuda:0\", \"dtype\": \"torch.float32\", \"numel\": 262144, \"shape\": [1, 1, 64, 64, 64], \"stride\": [262144, 262144, 4096, 64, 1]}, \"input\": {\"device\": \"cuda:0\", \"dtype\": \"torch.float32\", \"numel\": 524288, \"shape\": [1, 2, 64, 64, 64], \"stride\": [524288, 262144, 4096, 1, 64]}, \"pass\": 6, \"role\": \"primary\"}, {\"feature\": {\"device\": \"cuda:0\", \"dtype\": \"torch.float32\", \"numel\": 16777216, \"shape\": [1, 2, 32, 64, 64, 64], \"stride\": [16777216, 8388608, 262144, 4096, 64, 1]}, \"heatmap0\": {\"device\": \"cuda:0\", \"dtype\": \"torch.float32\", \"numel\": 262144, \"shape\": [1, 1, 64, 64, 64], \"stride\": [262144, 262144, 4096, 64, 1]}, \"input\": {\"device\": \"cuda:0\", \"dtype\": \"torch.float32\", \"numel\": 524288, \"shape\": [1, 2, 64, 64, 64], \"stride\": [524288, 262144, 4096, 1, 64]}, \"pass\": 7, \"role\": \"primary\"}, {\"feature\": {\"device\": \"cuda:0\", \"dtype\": \"torch.float32\", \"numel\": 16777216, \"shape\": [1, 2, 32, 64, 64, 64], \"stride\": [16777216, 8388608, 262144, 4096, 64, 1]}, \"heatmap0\": {\"device\": \"cuda:0\", \"dtype\": \"torch.float32\", \"numel\": 262144, \"shape\": [1, 1, 64, 64, 64], \"stride\": [262144, 262144, 4096, 64, 1]}, \"input\": {\"device\": \"cuda:0\", \"dtype\": \"torch.float32\", \"numel\": 524288, \"shape\": [1, 2, 64, 64, 64], \"stride\": [524288, 262144, 4096, 64, 1]}, \"pass\": 8, \"role\": \"primary\"}, {\"feature\": {\"device\": \"cuda:0\", \"dtype\": \"torch.float32\", \"numel\": 16777216, \"shape\": [1, 2, 32, 64, 64, 64], \"stride\": [16777216, 8388608, 262144, 4096, 64, 1]}, \"heatmap0\": {\"device\": \"cuda:0\", \"dtype\": \"torch.float32\", \"numel\": 262144, \"shape\": [1, 1, 64, 64, 64], \"stride\": [262144, 262144, 4096, 64, 1]}, \"input\": {\"device\": \"cuda:0\", \"dtype\": \"torch.float32\", \"numel\": 524288, \"shape\": [1, 2, 64, 64, 64], \"stride\": [524288, 262144, 4096, 64, 1]}, \"pass\": 1, \"role\": \"secondary\"}, {\"feature\": {\"device\": \"cuda:0\", \"dtype\": \"torch.float32\", \"numel\": 16777216, \"shape\": [1, 2, 32, 64, 64, 64], \"stride\": [16777216, 8388608, 262144, 4096, 64, 1]}, \"heatmap0\": {\"device\": \"cuda:0\", \"dtype\": \"torch.float32\", \"numel\": 262144, \"shape\": [1, 1, 64, 64, 64], \"stride\": [262144, 262144, 4096, 64, 1]}, \"input\": {\"device\": \"cuda:0\", \"dtype\": \"torch.float32\", \"numel\": 524288, \"shape\": [1, 2, 64, 64, 64], \"stride\": [524288, 262144, 4096, 64, 1]}, \"pass\": 2, \"role\": \"secondary\"}, {\"feature\": {\"device\": \"cuda:0\", \"dtype\": \"torch.float32\", \"numel\": 16777216, \"shape\": [1, 2, 32, 64, 64, 64], \"stride\": [16777216, 8388608, 262144, 4096, 64, 1]}, \"heatmap0\": {\"device\": \"cuda:0\", \"dtype\": \"torch.float32\", \"numel\": 262144, \"shape\": [1, 1, 64, 64, 64], \"stride\": [262144, 262144, 4096, 64, 1]}, \"input\": {\"device\": \"cuda:0\", \"dtype\": \"torch.float32\", \"numel\": 524288, \"shape\": [1, 2, 64, 64, 64], \"stride\": [524288, 262144, 4096, 64, 1]}, \"pass\": 3, \"role\": \"secondary\"}, {\"feature\": {\"device\": \"cuda:0\", \"dtype\": \"torch.float32\", \"numel\": 16777216, \"shape\": [1, 2, 32, 64, 64, 64], \"stride\": [16777216, 8388608, 262144, 4096, 64, 1]}, \"heatmap0\": {\"device\": \"cuda:0\", \"dtype\": \"torch.float32\", \"numel\": 262144, \"shape\": [1, 1, 64, 64, 64], \"stride\": [262144, 262144, 4096, 64, 1]}, \"input\": {\"device\": \"cuda:0\", \"dtype\": \"torch.float32\", \"numel\": 524288, \"shape\": [1, 2, 64, 64, 64], \"stride\": [524288, 262144, 4096, 64, 1]}, \"pass\": 4, \"role\": \"secondary\"}, {\"feature\": {\"device\": \"cuda:0\", \"dtype\": \"torch.float32\", \"numel\": 16777216, \"shape\": [1, 2, 32, 64, 64, 64], \"stride\": [16777216, 8388608, 262144, 4096, 64, 1]}, \"heatmap0\": {\"device\": \"cuda:0\", \"dtype\": \"torch.float32\", \"numel\": 262144, \"shape\": [1, 1, 64, 64, 64], \"stride\": [262144, 262144, 4096, 64, 1]}, \"input\": {\"device\": \"cuda:0\", \"dtype\": \"torch.float32\", \"numel\": 524288, \"shape\": [1, 2, 64, 64, 64], \"stride\": [524288, 262144, 4096, 1, 64]}, \"pass\": 5, \"role\": \"secondary\"}, {\"feature\": {\"device\": \"cuda:0\", \"dtype\": \"torch.float32\", \"numel\": 16777216, \"shape\": [1, 2, 32, 64, 64, 64], \"stride\": [16777216, 8388608, 262144, 4096, 64, 1]}, \"heatmap0\": {\"device\": \"cuda:0\", \"dtype\": \"torch.float32\", \"numel\": 262144, \"shape\": [1, 1, 64, 64, 64], \"stride\": [262144, 262144, 4096, 64, 1]}, \"input\": {\"device\": \"cuda:0\", \"dtype\": \"torch.float32\", \"numel\": 524288, \"shape\": [1, 2, 64, 64, 64], \"stride\": [524288, 262144, 4096, 1, 64]}, \"pass\": 6, \"role\": \"secondary\"}, {\"feature\": {\"device\": \"cuda:0\", \"dtype\": \"torch.float32\", \"numel\": 16777216, \"shape\": [1, 2, 32, 64, 64, 64], \"stride\": [16777216, 8388608, 262144, 4096, 64, 1]}, \"heatmap0\": {\"device\": \"cuda:0\", \"dtype\": \"torch.float32\", \"numel\": 262144, \"shape\": [1, 1, 64, 64, 64], \"stride\": [262144, 262144, 4096, 64, 1]}, \"input\": {\"device\": \"cuda:0\", \"dtype\": \"torch.float32\", \"numel\": 524288, \"shape\": [1, 2, 64, 64, 64], \"stride\": [524288, 262144, 4096, 1, 64]}, \"pass\": 7, \"role\": \"secondary\"}, {\"feature\": {\"device\": \"cuda:0\", \"dtype\": \"torch.float32\", \"numel\": 16777216, \"shape\": [1, 2, 32, 64, 64, 64], \"stride\": [16777216, 8388608, 262144, 4096, 64, 1]}, \"heatmap0\": {\"device\": \"cuda:0\", \"dtype\": \"torch.float32\", \"numel\": 262144, \"shape\": [1, 1, 64, 64, 64], \"stride\": [262144, 262144, 4096, 64, 1]}, \"input\": {\"device\": \"cuda:0\", \"dtype\": \"torch.float32\", \"numel\": 524288, \"shape\": [1, 2, 64, 64, 64], \"stride\": [524288, 262144, 4096, 64, 1]}, \"pass\": 8, \"role\": \"secondary\"}], \"event\": \"actual_predictor_window\", \"frames\": [0, 1], \"input\": {\"all_finite\": true, \"device\": \"cuda:0\", \"dtype\": \"torch.float32\", \"numel\": 524288, \"shape\": [1, 2, 64, 64, 64], \"stride\": [524288, 262144, 4096, 64, 1]}, \"input_parent\": \"/kaggle/input/competitions/biohub-cell-tracking-during-development/test\", \"seconds_including_common_audit\": 2.0877169440000216, \"window_index\": 1, \"worker_execution_settings\": {\"autocast_enabled\": false, \"cuda_runtime\": \"12.8\", \"cudnn_allow_tf32\": true, \"cudnn_benchmark\": false, \"cudnn_deterministic\": false, \"default_dtype\": \"torch.float32\", \"deterministic_algorithms\": false, \"float32_matmul_precision\": \"highest\", \"gpu_name\": \"Tesla T4\", \"grad_enabled\": false, \"matmul_allow_tf32\": false, \"torch_initial_seed\": 7908118041147853240, \"torch_version\": \"2.10.0+cu128\"}}\n"}
,{"stream_name":"stdout","time":585.412125312,"data":"EDGE_TTA_ACTIVE views= 8 mean_abs_feat_delta= 0.33652\n"}
,{"stream_name":"stdout","time":585.469384895,"data":"PUBLIC946_GPU_SMOKE {\"arm\": \"C2\", \"association\": {\"actual_primary_logits_after_original_harmonic_fusion\": {\"all_finite\": true, \"device\": \"cuda:0\", \"dtype\": \"torch.float32\", \"numel\": 7395, \"shape\": [1, 87, 85], \"stride\": [7395, 85, 1]}, \"actual_secondary_feature_consumed\": true, \"actual_secondary_logits\": {\"all_finite\": true, \"device\": \"cuda:0\", \"dtype\": \"torch.float32\", \"numel\": 7395, \"shape\": [1, 87, 85], \"stride\": [7395, 85, 1]}, \"coordinate_grid\": {\"downsample\": [1.0, 4.0, 4.0], \"source\": {\"device\": \"cuda:0\", \"dtype\": \"torch.float32\", \"numel\": 261, \"shape\": [1, 87, 3], \"stride\": [87, 1, 87]}, \"target\": {\"device\": \"cuda:0\", \"dtype\": \"torch.float32\", \"numel\": 255, \"shape\": [1, 85, 3], \"stride\": [85, 1, 85]}}, \"diagnostic_edge_head_calls\": 1, \"diagnostic_encoder_calls\": 0, \"diagnostic_probabilities_used_in_production\": false, \"diagnostic_seconds\": 0.00923825500001385, \"frame_pair_index\": 0, \"primary_source_sampled_features\": {\"all_finite\": true, \"device\": \"cuda:0\", \"dtype\": \"torch.float32\", \"numel\": 2784, \"shape\": [1, 87, 32], \"stride\": [2784, 32, 1]}, \"primary_target_sampled_features\": {\"all_finite\": true, \"device\": \"cuda:0\", \"dtype\": \"torch.float32\", \"numel\": 2720, \"shape\": [1, 85, 32], \"stride\": [2720, 32, 1]}, \"probability_comparison_stage\": \"secondary edge-head softmax over parents, before original calibration and low-margin mixing\", \"probability_delta_vs_single_pass_same_coordinates\": {\"sample_elements\": 7395, \"sample_equal\": false, \"sample_max_abs_delta\": 0.30973726511001587, \"sample_mean_abs_delta\": 0.0016969299176707864, \"sample_stride\": 1}, \"production_calls\": 1, \"same_low_margin_config\": {\"secondary_detection_weight\": 0.8, \"secondary_edge_weight\": 0.15, \"secondary_link_mode\": \"low_margin_consensus\"}, \"source_delta_vs_single_pass\": {\"sample_elements\": 2784, \"sample_equal\": false, \"sample_max_abs_delta\": 0.7195460796356201, \"sample_mean_abs_delta\": 0.11911192536354065, \"sample_stride\": 1}, \"source_sampled_features\": {\"all_finite\": true, \"device\": \"cuda:0\", \"dtype\": \"torch.float32\", \"numel\": 2784, \"shape\": [1, 87, 32], \"stride\": [2784, 32, 1]}, \"target_delta_vs_single_pass\": {\"sample_elements\": 2720, \"sample_equal\": false, \"sample_max_abs_delta\": 0.7436521649360657, \"sample_mean_abs_delta\": 0.12311213463544846, \"sample_stride\": 1}, \"target_sampled_features\": {\"all_finite\": true, \"device\": \"cuda:0\", \"dtype\": \"torch.float32\", \"numel\": 2720, \"shape\": [1, 85, 32], \"stride\": [2720, 32, 1]}}, \"association_calls\": 1, \"config\": {\"secondary_detection_weight\": 0.8, \"secondary_edge_weight\": 0.15, \"secondary_link_mode\": \"low_margin_consensus\"}, \"consumed_features\": {\"primary\": {\"all_finite\": true, \"delta_vs_single_pass\": {\"sample_elements\": 65536, \"sample_equal\": false, \"sample_max_abs_delta\": 1.6941182613372803, \"sample_mean_abs_delta\": 0.4369383454322815, \"sample_stride\": 256}, \"device\": \"cuda:0\", \"dtype\": \"torch.float32\", \"numel\": 16777216, \"original_encoded_feature_sample_unchanged\": true, \"same_storage_as_original\": false, \"shape\": [1, 2, 32, 64, 64, 64], \"single_pass\": {\"device\": \"cuda:0\", \"dtype\": \"torch.float32\", \"numel\": 16777216, \"shape\": [1, 2, 32, 64, 64, 64], \"stride\": [16777216, 8388608, 262144, 4096, 64, 1]}, \"stride\": [16777216, 8388608, 262144, 4096, 64, 1]}, \"secondary\": {\"all_finite\": true, \"delta_vs_single_pass\": {\"sample_elements\": 65536, \"sample_equal\": false, \"sample_max_abs_delta\": 0.9248446226119995, \"sample_mean_abs_delta\": 0.20993147790431976, \"sample_stride\": 256}, \"device\": \"cuda:0\", \"dtype\": \"torch.float32\", \"numel\": 16777216, \"original_encoded_feature_sample_unchanged\": true, \"same_storage_as_original\": false, \"shape\": [1, 2, 32, 64, 64, 64], \"single_pass\": {\"device\": \"cuda:0\", \"dtype\": \"torch.float32\", \"numel\": 16777216, \"shape\": [1, 2, 32, 64, 64, 64], \"stride\": [16777216, 8388608, 262144, 4096, 64, 1]}, \"stride\": [16777216, 8388608, 262144, 4096, 64, 1]}}, \"consumed_heatmaps\": [{\"all_finite\": true, \"device\": \"cuda:0\", \"dtype\": \"torch.float32\", \"numel\": 262144, \"shape\": [1, 1, 64, 64, 64], \"stride\": [262144, 262144, 4096, 64, 1]}, {\"all_finite\": true, \"device\": \"cuda:0\", \"dtype\": \"torch.float32\", \"numel\": 262144, \"shape\": [1, 1, 64, 64, 64], \"stride\": [262144, 262144, 4096, 64, 1]}], \"cuda_peak_allocated_bytes_process\": 728221696, \"cuda_peak_reserved_bytes_process\": 975175680, \"dataset\": \"6bba_05b6850b\", \"encode_calls\": {\"primary\": 8, \"secondary\": 8}, \"encode_seconds\": {\"primary\": 1.033792428000197, \"secondary\": 0.9755111670001497}, \"encode_views\": [{\"feature\": {\"device\": \"cuda:0\", \"dtype\": \"torch.float32\", \"numel\": 16777216, \"shape\": [1, 2, 32, 64, 64, 64], \"stride\": [16777216, 8388608, 262144, 4096, 64, 1]}, \"heatmap0\": {\"device\": \"cuda:0\", \"dtype\": \"torch.float32\", \"numel\": 262144, \"shape\": [1, 1, 64, 64, 64], \"stride\": [262144, 262144, 4096, 64, 1]}, \"input\": {\"device\": \"cuda:0\", \"dtype\": \"torch.float32\", \"numel\": 524288, \"shape\": [1, 2, 64, 64, 64], \"stride\": [524288, 262144, 4096, 64, 1]}, \"pass\": 1, \"role\": \"primary\"}, {\"feature\": {\"device\": \"cuda:0\", \"dtype\": \"torch.float32\", \"numel\": 16777216, \"shape\": [1, 2, 32, 64, 64, 64], \"stride\": [16777216, 8388608, 262144, 4096, 64, 1]}, \"heatmap0\": {\"device\": \"cuda:0\", \"dtype\": \"torch.float32\", \"numel\": 262144, \"shape\": [1, 1, 64, 64, 64], \"stride\": [262144, 262144, 4096, 64, 1]}, \"input\": {\"device\": \"cuda:0\", \"dtype\": \"torch.float32\", \"numel\": 524288, \"shape\": [1, 2, 64, 64, 64], \"stride\": [524288, 262144, 4096, 64, 1]}, \"pass\": 2, \"role\": \"primary\"}, {\"feature\": {\"device\": \"cuda:0\", \"dtype\": \"torch.float32\", \"numel\": 16777216, \"shape\": [1, 2, 32, 64, 64, 64], \"stride\": [16777216, 8388608, 262144, 4096, 64, 1]}, \"heatmap0\": {\"device\": \"cuda:0\", \"dtype\": \"torch.float32\", \"numel\": 262144, \"shape\": [1, 1, 64, 64, 64], \"stride\": [262144, 262144, 4096, 64, 1]}, \"input\": {\"device\": \"cuda:0\", \"dtype\": \"torch.float32\", \"numel\": 524288, \"shape\": [1, 2, 64, 64, 64], \"stride\": [524288, 262144, 4096, 64, 1]}, \"pass\": 3, \"role\": \"primary\"}, {\"feature\": {\"device\": \"cuda:0\", \"dtype\": \"torch.float32\", \"numel\": 16777216, \"shape\": [1, 2, 32, 64, 64, 64], \"stride\": [16777216, 8388608, 262144, 4096, 64, 1]}, \"heatmap0\": {\"device\": \"cuda:0\", \"dtype\": \"torch.float32\", \"numel\": 262144, \"shape\": [1, 1, 64, 64, 64], \"stride\": [262144, 262144, 4096, 64, 1]}, \"input\": {\"device\": \"cuda:0\", \"dtype\": \"torch.float32\", \"numel\": 524288, \"shape\": [1, 2, 64, 64, 64], \"stride\": [524288, 262144, 4096, 64, 1]}, \"pass\": 4, \"role\": \"primary\"}, {\"feature\": {\"device\": \"cuda:0\", \"dtype\": \"torch.float32\", \"numel\": 16777216, \"shape\": [1, 2, 32, 64, 64, 64], \"stride\": [16777216, 8388608, 262144, 4096, 64, 1]}, \"heatmap0\": {\"device\": \"cuda:0\", \"dtype\": \"torch.float32\", \"numel\": 262144, \"shape\": [1, 1, 64, 64, 64], \"stride\": [262144, 262144, 4096, 64, 1]}, \"input\": {\"device\": \"cuda:0\", \"dtype\": \"torch.float32\", \"numel\": 524288, \"shape\": [1, 2, 64, 64, 64], \"stride\": [524288, 262144, 4096, 1, 64]}, \"pass\": 5, \"role\": \"primary\"}, {\"feature\": {\"device\": \"cuda:0\", \"dtype\": \"torch.float32\", \"numel\": 16777216, \"shape\": [1, 2, 32, 64, 64, 64], \"stride\": [16777216, 8388608, 262144, 4096, 64, 1]}, \"heatmap0\": {\"device\": \"cuda:0\", \"dtype\": \"torch.float32\", \"numel\": 262144, \"shape\": [1, 1, 64, 64, 64], \"stride\": [262144, 262144, 4096, 64, 1]}, \"input\": {\"device\": \"cuda:0\", \"dtype\": \"torch.float32\", \"numel\": 524288, \"shape\": [1, 2, 64, 64, 64], \"stride\": [524288, 262144, 4096, 1, 64]}, \"pass\": 6, \"role\": \"primary\"}, {\"feature\": {\"device\": \"cuda:0\", \"dtype\": \"torch.float32\", \"numel\": 16777216, \"shape\": [1, 2, 32, 64, 64, 64], \"stride\": [16777216, 8388608, 262144, 4096, 64, 1]}, \"heatmap0\": {\"device\": \"cuda:0\", \"dtype\": \"torch.float32\", \"numel\": 262144, \"shape\": [1, 1, 64, 64, 64], \"stride\": [262144, 262144, 4096, 64, 1]}, \"input\": {\"device\": \"cuda:0\", \"dtype\": \"torch.float32\", \"numel\": 524288, \"shape\": [1, 2, 64, 64, 64], \"stride\": [524288, 262144, 4096, 1, 64]}, \"pass\": 7, \"role\": \"primary\"}, {\"feature\": {\"device\": \"cuda:0\", \"dtype\": \"torch.float32\", \"numel\": 16777216, \"shape\": [1, 2, 32, 64, 64, 64], \"stride\": [16777216, 8388608, 262144, 4096, 64, 1]}, \"heatmap0\": {\"device\": \"cuda:0\", \"dtype\": \"torch.float32\", \"numel\": 262144, \"shape\": [1, 1, 64, 64, 64], \"stride\": [262144, 262144, 4096, 64, 1]}, \"input\": {\"device\": \"cuda:0\", \"dtype\": \"torch.float32\", \"numel\": 524288, \"shape\": [1, 2, 64, 64, 64], \"stride\": [524288, 262144, 4096, 64, 1]}, \"pass\": 8, \"role\": \"primary\"}, {\"feature\": {\"device\": \"cuda:0\", \"dtype\": \"torch.float32\", \"numel\": 16777216, \"shape\": [1, 2, 32, 64, 64, 64], \"stride\": [16777216, 8388608, 262144, 4096, 64, 1]}, \"heatmap0\": {\"device\": \"cuda:0\", \"dtype\": \"torch.float32\", \"numel\": 262144, \"shape\": [1, 1, 64, 64, 64], \"stride\": [262144, 262144, 4096, 64, 1]}, \"input\": {\"device\": \"cuda:0\", \"dtype\": \"torch.float32\", \"numel\": 524288, \"shape\": [1, 2, 64, 64, 64], \"stride\": [524288, 262144, 4096, 64, 1]}, \"pass\": 1, \"role\": \"secondary\"}, {\"feature\": {\"device\": \"cuda:0\", \"dtype\": \"torch.float32\", \"numel\": 16777216, \"shape\": [1, 2, 32, 64, 64, 64], \"stride\": [16777216, 8388608, 262144, 4096, 64, 1]}, \"heatmap0\": {\"device\": \"cuda:0\", \"dtype\": \"torch.float32\", \"numel\": 262144, \"shape\": [1, 1, 64, 64, 64], \"stride\": [262144, 262144, 4096, 64, 1]}, \"input\": {\"device\": \"cuda:0\", \"dtype\": \"torch.float32\", \"numel\": 524288, \"shape\": [1, 2, 64, 64, 64], \"stride\": [524288, 262144, 4096, 64, 1]}, \"pass\": 2, \"role\": \"secondary\"}, {\"feature\": {\"device\": \"cuda:0\", \"dtype\": \"torch.float32\", \"numel\": 16777216, \"shape\": [1, 2, 32, 64, 64, 64], \"stride\": [16777216, 8388608, 262144, 4096, 64, 1]}, \"heatmap0\": {\"device\": \"cuda:0\", \"dtype\": \"torch.float32\", \"numel\": 262144, \"shape\": [1, 1, 64, 64, 64], \"stride\": [262144, 262144, 4096, 64, 1]}, \"input\": {\"device\": \"cuda:0\", \"dtype\": \"torch.float32\", \"numel\": 524288, \"shape\": [1, 2, 64, 64, 64], \"stride\": [524288, 262144, 4096, 64, 1]}, \"pass\": 3, \"role\": \"secondary\"}, {\"feature\": {\"device\": \"cuda:0\", \"dtype\": \"torch.float32\", \"numel\": 16777216, \"shape\": [1, 2, 32, 64, 64, 64], \"stride\": [16777216, 8388608, 262144, 4096, 64, 1]}, \"heatmap0\": {\"device\": \"cuda:0\", \"dtype\": \"torch.float32\", \"numel\": 262144, \"shape\": [1, 1, 64, 64, 64], \"stride\": [262144, 262144, 4096, 64, 1]}, \"input\": {\"device\": \"cuda:0\", \"dtype\": \"torch.float32\", \"numel\": 524288, \"shape\": [1, 2, 64, 64, 64], \"stride\": [524288, 262144, 4096, 64, 1]}, \"pass\": 4, \"role\": \"secondary\"}, {\"feature\": {\"device\": \"cuda:0\", \"dtype\": \"torch.float32\", \"numel\": 16777216, \"shape\": [1, 2, 32, 64, 64, 64], \"stride\": [16777216, 8388608, 262144, 4096, 64, 1]}, \"heatmap0\": {\"device\": \"cuda:0\", \"dtype\": \"torch.float32\", \"numel\": 262144, \"shape\": [1, 1, 64, 64, 64], \"stride\": [262144, 262144, 4096, 64, 1]}, \"input\": {\"device\": \"cuda:0\", \"dtype\": \"torch.float32\", \"numel\": 524288, \"shape\": [1, 2, 64, 64, 64], \"stride\": [524288, 262144, 4096, 1, 64]}, \"pass\": 5, \"role\": \"secondary\"}, {\"feature\": {\"device\": \"cuda:0\", \"dtype\": \"torch.float32\", \"numel\": 16777216, \"shape\": [1, 2, 32, 64, 64, 64], \"stride\": [16777216, 8388608, 262144, 4096, 64, 1]}, \"heatmap0\": {\"device\": \"cuda:0\", \"dtype\": \"torch.float32\", \"numel\": 262144, \"shape\": [1, 1, 64, 64, 64], \"stride\": [262144, 262144, 4096, 64, 1]}, \"input\": {\"device\": \"cuda:0\", \"dtype\": \"torch.float32\", \"numel\": 524288, \"shape\": [1, 2, 64, 64, 64], \"stride\": [524288, 262144, 4096, 1, 64]}, \"pass\": 6, \"role\": \"secondary\"}, {\"feature\": {\"device\": \"cuda:0\", \"dtype\": \"torch.float32\", \"numel\": 16777216, \"shape\": [1, 2, 32, 64, 64, 64], \"stride\": [16777216, 8388608, 262144, 4096, 64, 1]}, \"heatmap0\": {\"device\": \"cuda:0\", \"dtype\": \"torch.float32\", \"numel\": 262144, \"shape\": [1, 1, 64, 64, 64], \"stride\": [262144, 262144, 4096, 64, 1]}, \"input\": {\"device\": \"cuda:0\", \"dtype\": \"torch.float32\", \"numel\": 524288, \"shape\": [1, 2, 64, 64, 64], \"stride\": [524288, 262144, 4096, 1, 64]}, \"pass\": 7, \"role\": \"secondary\"}, {\"feature\": {\"device\": \"cuda:0\", \"dtype\": \"torch.float32\", \"numel\": 16777216, \"shape\": [1, 2, 32, 64, 64, 64], \"stride\": [16777216, 8388608, 262144, 4096, 64, 1]}, \"heatmap0\": {\"device\": \"cuda:0\", \"dtype\": \"torch.float32\", \"numel\": 262144, \"shape\": [1, 1, 64, 64, 64], \"stride\": [262144, 262144, 4096, 64, 1]}, \"input\": {\"device\": \"cuda:0\", \"dtype\": \"torch.float32\", \"numel\": 524288, \"shape\": [1, 2, 64, 64, 64], \"stride\": [524288, 262144, 4096, 64, 1]}, \"pass\": 8, \"role\": \"secondary\"}], \"event\": \"actual_predictor_window\", \"frames\": [0, 1], \"input\": {\"all_finite\": true, \"device\": \"cuda:0\", \"dtype\": \"torch.float32\", \"numel\": 524288, \"shape\": [1, 2, 64, 64, 64], \"stride\": [524288, 262144, 4096, 64, 1]}, \"input_parent\": \"/kaggle/input/competitions/biohub-cell-tracking-during-development/test\", \"seconds_including_common_audit\": 2.0877169440000216, \"window_index\": 1, \"worker_execution_settings\": {\"autocast_enabled\": false, \"cuda_runtime\": \"12.8\", \"cudnn_allow_tf32\": true, \"cudnn_benchmark\": false, \"cudnn_deterministic\": false, \"default_dtype\": \"torch.float32\", \"deterministic_algorithms\": false, \"float32_matmul_precision\": \"highest\", \"gpu_name\": \"Tesla T4\", \"grad_enabled\": false, \"matmul_allow_tf32\": false, \"torch_initial_seed\": 7908118041147853240, \"torch_version\": \"2.10.0+cu128\"}}\n"}
,{"stream_name":"stdout","time":585.469514941,"data":"EDGE_TTA_ACTIVE views= 8 mean_abs_feat_delta= 0.33652\n"}
,{"stream_name":"stdout","time":586.30461899,"data":"EDGE_TTA_ACTIVE views= 8 mean_abs_feat_delta= 0.356556\n"}
,{"stream_name":"stdout","time":586.506973265,"data":"EDGE_TTA_ACTIVE views= 8 mean_abs_feat_delta= 0.356556\n"}
,{"stream_name":"stdout","time":587.834406327,"data":"EDGE_TTA_ACTIVE views= 8 mean_abs_feat_delta= 0.334504\n"}
,{"stream_name":"stdout","time":588.037291681,"data":"EDGE_TTA_ACTIVE views= 8 mean_abs_feat_delta= 0.334504\n"}
,{"stream_name":"stdout","time":588.373902302,"data":"EDGE_TTA_ACTIVE views= 8 mean_abs_feat_delta= 0.359353\n"}
,{"stream_name":"stdout","time":588.576829918,"data":"EDGE_TTA_ACTIVE views= 8 mean_abs_feat_delta= 0.359353\n"}
,{"stream_name":"stdout","time":590.300664209,"data":"EDGE_TTA_ACTIVE views= 8 mean_abs_feat_delta= 0.331503\n"}
,{"stream_name":"stdout","time":590.504514115,"data":"EDGE_TTA_ACTIVE views= 8 mean_abs_feat_delta= 0.331503\n"}
,{"stream_name":"stdout","time":590.51035238,"data":"EDGE_TTA_ACTIVE views= 8 mean_abs_feat_delta= 0.361838\n"}
,{"stream_name":"stdout","time":590.712843609,"data":"EDGE_TTA_ACTIVE views= 8 mean_abs_feat_delta= 0.361838\n"}
,{"stream_name":"stdout","time":592.614635144,"data":"EDGE_TTA_ACTIVE views= 8 mean_abs_feat_delta= 0.349332\n"}
,{"stream_name":"stdout","time":592.779762023,"data":"EDGE_TTA_ACTIVE views= 8 mean_abs_feat_delta= 0.334571\n"}
,{"stream_name":"stdout","time":592.817046344,"data":"EDGE_TTA_ACTIVE views= 8 mean_abs_feat_delta= 0.349332\n"}
,{"stream_name":"stdout","time":592.817075655,"data":"EDGE_TTA_ACTIVE views= 8 mean_abs_feat_delta= 0.334571\n"}
,{"stream_name":"stdout","time":594.733584472,"data":"EDGE_TTA_ACTIVE views= 8 mean_abs_feat_delta= 0.36765\n"}
,{"stream_name":"stdout","time":594.936035406,"data":"EDGE_TTA_ACTIVE views= 8 mean_abs_feat_delta= 0.36765\n"}
,{"stream_name":"stdout","time":595.258630247,"data":"EDGE_TTA_ACTIVE views= 8 mean_abs_feat_delta= 0.333844\n"}
,{"stream_name":"stdout","time":595.461102214,"data":"EDGE_TTA_ACTIVE views= 8 mean_abs_feat_delta= 0.333844\n"}
,{"stream_name":"stdout","time":596.857778312,"data":"EDGE_TTA_ACTIVE views= 8 mean_abs_feat_delta= 0.37095\n"}
,{"stream_name":"stdout","time":597.060473248,"data":"EDGE_TTA_ACTIVE views= 8 mean_abs_feat_delta= 0.37095\n"}
,{"stream_name":"stdout","time":597.754566563,"data":"EDGE_TTA_ACTIVE views= 8 mean_abs_feat_delta= 0.333957\n"}
,{"stream_name":"stdout","time":597.956835332,"data":"EDGE_TTA_ACTIVE views= 8 mean_abs_feat_delta= 0.333957\n"}
,{"stream_name":"stdout","time":598.998474698,"data":"EDGE_TTA_ACTIVE views= 8 mean_abs_feat_delta= 0.362298\n"}
,{"stream_name":"stdout","time":599.200786908,"data":"EDGE_TTA_ACTIVE views= 8 mean_abs_feat_delta= 0.362298\n"}
,{"stream_name":"stdout","time":600.315232105,"data":"EDGE_TTA_ACTIVE views= 8 mean_abs_feat_delta= 0.333005\n"}
,{"stream_name":"stdout","time":600.518177548,"data":"EDGE_TTA_ACTIVE views= 8 mean_abs_feat_delta= 0.333005\n"}
,{"stream_name":"stdout","time":601.158554314,"data":"EDGE_TTA_ACTIVE views= 8 mean_abs_feat_delta= 0.357762\n"}
,{"stream_name":"stdout","time":601.360958211,"data":"EDGE_TTA_ACTIVE views= 8 mean_abs_feat_delta= 0.357762\n"}
,{"stream_name":"stdout","time":602.860546011,"data":"EDGE_TTA_ACTIVE views= 8 mean_abs_feat_delta= 0.335609\n"}
,{"stream_name":"stdout","time":603.063240599,"data":"EDGE_TTA_ACTIVE views= 8 mean_abs_feat_delta= 0.335609\n"}
,{"stream_name":"stdout","time":603.342849636,"data":"EDGE_TTA_ACTIVE views= 8 mean_abs_feat_delta= 0.360193\n"}
,{"stream_name":"stdout","time":603.545903003,"data":"EDGE_TTA_ACTIVE views= 8 mean_abs_feat_delta= 0.360193\n"}
,{"stream_name":"stdout","time":605.450163393,"data":"EDGE_TTA_ACTIVE views= 8 mean_abs_feat_delta= 0.338411\n"}
,{"stream_name":"stdout","time":605.552021139,"data":"EDGE_TTA_ACTIVE views= 8 mean_abs_feat_delta= 0.35856\n"}
,{"stream_name":"stdout","time":605.652617002,"data":"EDGE_TTA_ACTIVE views= 8 mean_abs_feat_delta= 0.338411\n"}
,{"stream_name":"stdout","time":605.652701487,"data":"EDGE_TTA_ACTIVE views= 8 mean_abs_feat_delta= 0.35856\n"}
,{"stream_name":"stdout","time":607.781531367,"data":"EDGE_TTA_ACTIVE views= 8 mean_abs_feat_delta= 0.365065\n"}
,{"stream_name":"stdout","time":607.983961387,"data":"EDGE_TTA_ACTIVE views= 8 mean_abs_feat_delta= 0.365065\n"}
,{"stream_name":"stdout","time":608.03054797,"data":"EDGE_TTA_ACTIVE views= 8 mean_abs_feat_delta= 0.33357\n"}
,{"stream_name":"stdout","time":608.233035849,"data":"EDGE_TTA_ACTIVE views= 8 mean_abs_feat_delta= 0.33357\n"}
,{"stream_name":"stdout","time":610.034348635,"data":"EDGE_TTA_ACTIVE views= 8 mean_abs_feat_delta= 0.353373\n"}
,{"stream_name":"stdout","time":610.236911219,"data":"EDGE_TTA_ACTIVE views= 8 mean_abs_feat_delta= 0.353373\n"}
,{"stream_name":"stdout","time":610.680594905,"data":"EDGE_TTA_ACTIVE views= 8 mean_abs_feat_delta= 0.328392\n"}
,{"stream_name":"stdout","time":610.883069478,"data":"EDGE_TTA_ACTIVE views= 8 mean_abs_feat_delta= 0.328392\n"}
,{"stream_name":"stdout","time":612.26911728,"data":"EDGE_TTA_ACTIVE views= 8 mean_abs_feat_delta= 0.366767\n"}
,{"stream_name":"stdout","time":612.471588022,"data":"EDGE_TTA_ACTIVE views= 8 mean_abs_feat_delta= 0.366767\n"}
,{"stream_name":"stdout","time":613.324496142,"data":"EDGE_TTA_ACTIVE views= 8 mean_abs_feat_delta= 0.329088\n"}
,{"stream_name":"stdout","time":613.55685119,"data":"EDGE_TTA_ACTIVE views= 8 mean_abs_feat_delta= 0.329088\n"}
,{"stream_name":"stdout","time":614.522080392,"data":"EDGE_TTA_ACTIVE views= 8 mean_abs_feat_delta= 0.360859\n"}
,{"stream_name":"stdout","time":614.724679631,"data":"EDGE_TTA_ACTIVE views= 8 mean_abs_feat_delta= 0.360859\n"}
,{"stream_name":"stdout","time":615.963044186,"data":"EDGE_TTA_ACTIVE views= 8 mean_abs_feat_delta= 0.331454\n"}
,{"stream_name":"stdout","time":616.165843326,"data":"EDGE_TTA_ACTIVE views= 8 mean_abs_feat_delta= 0.331454\n"}
,{"stream_name":"stdout","time":616.775236105,"data":"EDGE_TTA_ACTIVE views= 8 mean_abs_feat_delta= 0.358711\n"}
,{"stream_name":"stdout","time":616.977790244,"data":"EDGE_TTA_ACTIVE views= 8 mean_abs_feat_delta= 0.358711\n"}
,{"stream_name":"stdout","time":618.612973472,"data":"EDGE_TTA_ACTIVE views= 8 mean_abs_feat_delta= 0.332081\n"}
,{"stream_name":"stdout","time":618.815606202,"data":"EDGE_TTA_ACTIVE views= 8 mean_abs_feat_delta= 0.332081\n"}
,{"stream_name":"stdout","time":619.023353337,"data":"EDGE_TTA_ACTIVE views= 8 mean_abs_feat_delta= 0.357908\n"}
,{"stream_name":"stdout","time":619.226041818,"data":"EDGE_TTA_ACTIVE views= 8 mean_abs_feat_delta= 0.357908\n"}
,{"stream_name":"stdout","time":621.245399279,"data":"EDGE_TTA_ACTIVE views= 8 mean_abs_feat_delta= 0.331331\n"}
,{"stream_name":"stdout","time":621.281666743,"data":"EDGE_TTA_ACTIVE views= 8 mean_abs_feat_delta= 0.36076\n"}
,{"stream_name":"stdout","time":621.44808775,"data":"EDGE_TTA_ACTIVE views= 8 mean_abs_feat_delta= 0.331331\n"}
,{"stream_name":"stdout","time":621.448123354,"data":"EDGE_TTA_ACTIVE views= 8 mean_abs_feat_delta= 0.36076\n"}
,{"stream_name":"stdout","time":623.517013177,"data":"EDGE_TTA_ACTIVE views= 8 mean_abs_feat_delta= 0.363026\n"}
,{"stream_name":"stdout","time":623.719654061,"data":"EDGE_TTA_ACTIVE views= 8 mean_abs_feat_delta= 0.363026\n"}
,{"stream_name":"stdout","time":623.899187422,"data":"EDGE_TTA_ACTIVE views= 8 mean_abs_feat_delta= 0.331316\n"}
,{"stream_name":"stdout","time":624.101706874,"data":"EDGE_TTA_ACTIVE views= 8 mean_abs_feat_delta= 0.331316\n"}
,{"stream_name":"stdout","time":625.733592601,"data":"EDGE_TTA_ACTIVE views= 8 mean_abs_feat_delta= 0.36528\n"}
,{"stream_name":"stdout","time":625.936175184,"data":"EDGE_TTA_ACTIVE views= 8 mean_abs_feat_delta= 0.36528\n"}
,{"stream_name":"stdout","time":626.486233985,"data":"EDGE_TTA_ACTIVE views= 8 mean_abs_feat_delta= 0.331281\n"}
,{"stream_name":"stdout","time":626.688728075,"data":"EDGE_TTA_ACTIVE views= 8 mean_abs_feat_delta= 0.331281\n"}
,{"stream_name":"stdout","time":627.931484404,"data":"EDGE_TTA_ACTIVE views= 8 mean_abs_feat_delta= 0.365255\n"}
,{"stream_name":"stdout","time":628.134129396,"data":"EDGE_TTA_ACTIVE views= 8 mean_abs_feat_delta= 0.365255\n"}
,{"stream_name":"stdout","time":629.043007342,"data":"EDGE_TTA_ACTIVE views= 8 mean_abs_feat_delta= 0.332495\n"}
,{"stream_name":"stdout","time":629.245527935,"data":"EDGE_TTA_ACTIVE views= 8 mean_abs_feat_delta= 0.332495\n"}
,{"stream_name":"stdout","time":630.128513707,"data":"EDGE_TTA_ACTIVE views= 8 mean_abs_feat_delta= 0.364292\n"}
,{"stream_name":"stdout","time":630.331190836,"data":"EDGE_TTA_ACTIVE views= 8 mean_abs_feat_delta= 0.364292\n"}
,{"stream_name":"stdout","time":631.598940517,"data":"EDGE_TTA_ACTIVE views= 8 mean_abs_feat_delta= 0.326164\n"}
,{"stream_name":"stdout","time":631.801596345,"data":"EDGE_TTA_ACTIVE views= 8 mean_abs_feat_delta= 0.326164\n"}
,{"stream_name":"stdout","time":632.320676508,"data":"EDGE_TTA_ACTIVE views= 8 mean_abs_feat_delta= 0.369457\n"}
,{"stream_name":"stdout","time":632.523187733,"data":"EDGE_TTA_ACTIVE views= 8 mean_abs_feat_delta= 0.369457\n"}
,{"stream_name":"stdout","time":634.141138098,"data":"EDGE_TTA_ACTIVE views= 8 mean_abs_feat_delta= 0.3318\n"}
,{"stream_name":"stdout","time":634.343711077,"data":"EDGE_TTA_ACTIVE views= 8 mean_abs_feat_delta= 0.3318\n"}
,{"stream_name":"stdout","time":634.500335149,"data":"EDGE_TTA_ACTIVE views= 8 mean_abs_feat_delta= 0.366989\n"}
,{"stream_name":"stdout","time":634.70293073,"data":"EDGE_TTA_ACTIVE views= 8 mean_abs_feat_delta= 0.366989\n"}
,{"stream_name":"stdout","time":636.665588716,"data":"EDGE_TTA_ACTIVE views= 8 mean_abs_feat_delta= 0.364738\n"}
,{"stream_name":"stdout","time":636.68620075,"data":"EDGE_TTA_ACTIVE views= 8 mean_abs_feat_delta= 0.332454\n"}
,{"stream_name":"stdout","time":636.868273261,"data":"EDGE_TTA_ACTIVE views= 8 mean_abs_feat_delta= 0.364738\n"}
,{"stream_name":"stdout","time":636.868314982,"data":"EDGE_TTA_ACTIVE views= 8 mean_abs_feat_delta= 0.332454\n"}
,{"stream_name":"stdout","time":638.831074712,"data":"EDGE_TTA_ACTIVE views= 8 mean_abs_feat_delta= 0.368159\n"}
,{"stream_name":"stdout","time":639.03365963,"data":"EDGE_TTA_ACTIVE views= 8 mean_abs_feat_delta= 0.368159\n"}
,{"stream_name":"stdout","time":639.202301792,"data":"EDGE_TTA_ACTIVE views= 8 mean_abs_feat_delta= 0.329795\n"}
,{"stream_name":"stdout","time":639.404927149,"data":"EDGE_TTA_ACTIVE views= 8 mean_abs_feat_delta= 0.329795\n"}
,{"stream_name":"stdout","time":640.979115693,"data":"EDGE_TTA_ACTIVE views= 8 mean_abs_feat_delta= 0.370711\n"}
,{"stream_name":"stdout","time":641.181731601,"data":"EDGE_TTA_ACTIVE views= 8 mean_abs_feat_delta= 0.370711\n"}
,{"stream_name":"stdout","time":641.697624092,"data":"EDGE_TTA_ACTIVE views= 8 mean_abs_feat_delta= 0.330008\n"}
,{"stream_name":"stdout","time":641.900331356,"data":"EDGE_TTA_ACTIVE views= 8 mean_abs_feat_delta= 0.330008\n"}
,{"stream_name":"stdout","time":643.122443106,"data":"EDGE_TTA_ACTIVE views= 8 mean_abs_feat_delta= 0.360618\n"}
,{"stream_name":"stdout","time":643.32488983,"data":"EDGE_TTA_ACTIVE views= 8 mean_abs_feat_delta= 0.360618\n"}
,{"stream_name":"stdout","time":644.188727665,"data":"EDGE_TTA_ACTIVE views= 8 mean_abs_feat_delta= 0.327924\n"}
,{"stream_name":"stdout","time":644.423679641,"data":"EDGE_TTA_ACTIVE views= 8 mean_abs_feat_delta= 0.327924\n"}
,{"stream_name":"stdout","time":645.265574669,"data":"EDGE_TTA_ACTIVE views= 8 mean_abs_feat_delta= 0.372812\n"}
,{"stream_name":"stdout","time":645.468203295,"data":"EDGE_TTA_ACTIVE views= 8 mean_abs_feat_delta= 0.372812\n"}
,{"stream_name":"stdout","time":646.688800624,"data":"EDGE_TTA_ACTIVE views= 8 mean_abs_feat_delta= 0.324294\n"}
,{"stream_name":"stdout","time":646.89174617,"data":"EDGE_TTA_ACTIVE views= 8 mean_abs_feat_delta= 0.324294\n"}
,{"stream_name":"stdout","time":647.398683001,"data":"EDGE_TTA_ACTIVE views= 8 mean_abs_feat_delta= 0.374406\n"}
,{"stream_name":"stdout","time":647.601185261,"data":"EDGE_TTA_ACTIVE views= 8 mean_abs_feat_delta= 0.374406\n"}
,{"stream_name":"stdout","time":649.188373187,"data":"EDGE_TTA_ACTIVE views= 8 mean_abs_feat_delta= 0.329966\n"}
,{"stream_name":"stdout","time":649.391002714,"data":"EDGE_TTA_ACTIVE views= 8 mean_abs_feat_delta= 0.329966\n"}
,{"stream_name":"stdout","time":649.532773115,"data":"EDGE_TTA_ACTIVE views= 8 mean_abs_feat_delta= 0.3777\n"}
,{"stream_name":"stdout","time":649.735593324,"data":"EDGE_TTA_ACTIVE views= 8 mean_abs_feat_delta= 0.3777\n"}
,{"stream_name":"stdout","time":651.666170315,"data":"EDGE_TTA_ACTIVE views= 8 mean_abs_feat_delta= 0.376339\n"}
,{"stream_name":"stdout","time":651.671458774,"data":"EDGE_TTA_ACTIVE views= 8 mean_abs_feat_delta= 0.322964\n"}
,{"stream_name":"stdout","time":651.86906068,"data":"EDGE_TTA_ACTIVE views= 8 mean_abs_feat_delta= 0.376339\n"}
,{"stream_name":"stdout","time":651.869095697,"data":"EDGE_TTA_ACTIVE views= 8 mean_abs_feat_delta= 0.322964\n"}
,{"stream_name":"stdout","time":653.829478762,"data":"EDGE_TTA_ACTIVE views= 8 mean_abs_feat_delta= 0.369146\n"}
,{"stream_name":"stdout","time":654.032161587,"data":"EDGE_TTA_ACTIVE views= 8 mean_abs_feat_delta= 0.369146\n"}
,{"stream_name":"stdout","time":654.14893586,"data":"EDGE_TTA_ACTIVE views= 8 mean_abs_feat_delta= 0.329623\n"}
,{"stream_name":"stdout","time":654.351659582,"data":"EDGE_TTA_ACTIVE views= 8 mean_abs_feat_delta= 0.329623\n"}
,{"stream_name":"stdout","time":655.955351109,"data":"EDGE_TTA_ACTIVE views= 8 mean_abs_feat_delta= 0.367025\n"}
,{"stream_name":"stdout","time":656.158122812,"data":"EDGE_TTA_ACTIVE views= 8 mean_abs_feat_delta= 0.367025\n"}
,{"stream_name":"stdout","time":656.626047747,"data":"EDGE_TTA_ACTIVE views= 8 mean_abs_feat_delta= 0.33189\n"}
,{"stream_name":"stdout","time":656.828761646,"data":"EDGE_TTA_ACTIVE views= 8 mean_abs_feat_delta= 0.33189\n"}
,{"stream_name":"stdout","time":658.144435844,"data":"EDGE_TTA_ACTIVE views= 8 mean_abs_feat_delta= 0.371094\n"}
,{"stream_name":"stdout","time":658.347093669,"data":"EDGE_TTA_ACTIVE views= 8 mean_abs_feat_delta= 0.371094\n"}
,{"stream_name":"stdout","time":659.108300747,"data":"EDGE_TTA_ACTIVE views= 8 mean_abs_feat_delta= 0.328077\n"}
,{"stream_name":"stdout","time":659.310920398,"data":"EDGE_TTA_ACTIVE views= 8 mean_abs_feat_delta= 0.328077\n"}
,{"stream_name":"stdout","time":660.278093013,"data":"EDGE_TTA_ACTIVE views= 8 mean_abs_feat_delta= 0.375255\n"}
,{"stream_name":"stdout","time":660.480742676,"data":"EDGE_TTA_ACTIVE views= 8 mean_abs_feat_delta= 0.375255\n"}
,{"stream_name":"stdout","time":661.592705977,"data":"EDGE_TTA_ACTIVE views= 8 mean_abs_feat_delta= 0.330658\n"}
,{"stream_name":"stdout","time":661.795166084,"data":"EDGE_TTA_ACTIVE views= 8 mean_abs_feat_delta= 0.330658\n"}
,{"stream_name":"stdout","time":662.429087204,"data":"EDGE_TTA_ACTIVE views= 8 mean_abs_feat_delta= 0.373994\n"}
,{"stream_name":"stdout","time":662.631787153,"data":"EDGE_TTA_ACTIVE views= 8 mean_abs_feat_delta= 0.373994\n"}
,{"stream_name":"stdout","time":664.065217701,"data":"EDGE_TTA_ACTIVE views= 8 mean_abs_feat_delta= 0.330195\n"}
,{"stream_name":"stdout","time":664.267644286,"data":"EDGE_TTA_ACTIVE views= 8 mean_abs_feat_delta= 0.330195\n"}
,{"stream_name":"stdout","time":664.585034328,"data":"EDGE_TTA_ACTIVE views= 8 mean_abs_feat_delta= 0.366011\n"}
,{"stream_name":"stdout","time":664.787489104,"data":"EDGE_TTA_ACTIVE views= 8 mean_abs_feat_delta= 0.366011\n"}
,{"stream_name":"stdout","time":666.548019577,"data":"EDGE_TTA_ACTIVE views= 8 mean_abs_feat_delta= 0.332086\n"}
,{"stream_name":"stdout","time":666.711863322,"data":"EDGE_TTA_ACTIVE views= 8 mean_abs_feat_delta= 0.364698\n"}
,{"stream_name":"stdout","time":666.750635544,"data":"EDGE_TTA_ACTIVE views= 8 mean_abs_feat_delta= 0.332086\n"}
,{"stream_name":"stdout","time":666.750663533,"data":"EDGE_TTA_ACTIVE views= 8 mean_abs_feat_delta= 0.364698\n"}
,{"stream_name":"stdout","time":668.85065037,"data":"EDGE_TTA_ACTIVE views= 8 mean_abs_feat_delta= 0.366732\n"}
,{"stream_name":"stdout","time":669.04048793,"data":"EDGE_TTA_ACTIVE views= 8 mean_abs_feat_delta= 0.334902\n"}
,{"stream_name":"stdout","time":669.053373284,"data":"EDGE_TTA_ACTIVE views= 8 mean_abs_feat_delta= 0.366732\n"}
,{"stream_name":"stdout","time":669.053400382,"data":"EDGE_TTA_ACTIVE views= 8 mean_abs_feat_delta= 0.334902\n"}
,{"stream_name":"stdout","time":671.030143183,"data":"EDGE_TTA_ACTIVE views= 8 mean_abs_feat_delta= 0.370041\n"}
,{"stream_name":"stdout","time":671.232489412,"data":"EDGE_TTA_ACTIVE views= 8 mean_abs_feat_delta= 0.370041\n"}
,{"stream_name":"stdout","time":671.545027979,"data":"EDGE_TTA_ACTIVE views= 8 mean_abs_feat_delta= 0.331026\n"}
,{"stream_name":"stdout","time":671.74762403,"data":"EDGE_TTA_ACTIVE views= 8 mean_abs_feat_delta= 0.331026\n"}
,{"stream_name":"stdout","time":673.181739902,"data":"EDGE_TTA_ACTIVE views= 8 mean_abs_feat_delta= 0.367914\n"}
,{"stream_name":"stdout","time":673.384899237,"data":"EDGE_TTA_ACTIVE views= 8 mean_abs_feat_delta= 0.367914\n"}
,{"stream_name":"stdout","time":674.035463676,"data":"EDGE_TTA_ACTIVE views= 8 mean_abs_feat_delta= 0.33352\n"}
,{"stream_name":"stdout","time":674.238978092,"data":"EDGE_TTA_ACTIVE views= 8 mean_abs_feat_delta= 0.33352\n"}
,{"stream_name":"stdout","time":675.331969866,"data":"EDGE_TTA_ACTIVE views= 8 mean_abs_feat_delta= 0.352519\n"}
,{"stream_name":"stdout","time":675.567013484,"data":"EDGE_TTA_ACTIVE views= 8 mean_abs_feat_delta= 0.352519\n"}
,{"stream_name":"stdout","time":676.376901126,"data":"BIOHUB_RETENTION_GUARD {\"blended_candidates\": 66, \"dataset\": \"6bba_05b6850b\", \"frame\": 43, \"minimum_retention\": 0.9, \"primary_candidates\": 74, \"retention\": 0.8918918918918919, \"use_primary\": true}\n"}
,{"stream_name":"stdout","time":676.533557692,"data":"EDGE_TTA_ACTIVE views= 8 mean_abs_feat_delta= 0.333668\n"}
,{"stream_name":"stdout","time":676.579548642,"data":"BIOHUB_RETENTION_GUARD {\"blended_candidates\": 66, \"dataset\": \"6bba_05b6850b\", \"frame\": 43, \"minimum_retention\": 0.9, \"primary_candidates\": 74, \"retention\": 0.8918918918918919, \"use_primary\": true}\n"}
,{"stream_name":"stdout","time":676.57957746,"data":"EDGE_TTA_ACTIVE views= 8 mean_abs_feat_delta= 0.333668\n"}
,{"stream_name":"stdout","time":677.496233562,"data":"EDGE_TTA_ACTIVE views= 8 mean_abs_feat_delta= 0.36891\n"}
,{"stream_name":"stdout","time":677.698917894,"data":"EDGE_TTA_ACTIVE views= 8 mean_abs_feat_delta= 0.36891\n"}
,{"stream_name":"stdout","time":679.035233085,"data":"EDGE_TTA_ACTIVE views= 8 mean_abs_feat_delta= 0.326117\n"}
,{"stream_name":"stdout","time":679.237929826,"data":"EDGE_TTA_ACTIVE views= 8 mean_abs_feat_delta= 0.326117\n"}
,{"stream_name":"stdout","time":679.670400193,"data":"EDGE_TTA_ACTIVE views= 8 mean_abs_feat_delta= 0.372785\n"}
,{"stream_name":"stdout","time":679.872959124,"data":"EDGE_TTA_ACTIVE views= 8 mean_abs_feat_delta= 0.372785\n"}
,{"stream_name":"stdout","time":681.527376243,"data":"EDGE_TTA_ACTIVE views= 8 mean_abs_feat_delta= 0.327201\n"}
,{"stream_name":"stdout","time":681.729990194,"data":"EDGE_TTA_ACTIVE views= 8 mean_abs_feat_delta= 0.327201\n"}
,{"stream_name":"stdout","time":681.848805768,"data":"EDGE_TTA_ACTIVE views= 8 mean_abs_feat_delta= 0.372432\n"}
,{"stream_name":"stdout","time":682.051442185,"data":"EDGE_TTA_ACTIVE views= 8 mean_abs_feat_delta= 0.372432\n"}
,{"stream_name":"stdout","time":684.03552099,"data":"EDGE_TTA_ACTIVE views= 8 mean_abs_feat_delta= 0.371331\n"}
,{"stream_name":"stdout","time":684.054368744,"data":"EDGE_TTA_ACTIVE views= 8 mean_abs_feat_delta= 0.330095\n"}
,{"stream_name":"stdout","time":684.238144748,"data":"EDGE_TTA_ACTIVE views= 8 mean_abs_feat_delta= 0.371331\n"}
,{"stream_name":"stdout","time":684.238218078,"data":"EDGE_TTA_ACTIVE views= 8 mean_abs_feat_delta= 0.330095\n"}
,{"stream_name":"stdout","time":686.252930407,"data":"EDGE_TTA_ACTIVE views= 8 mean_abs_feat_delta= 0.369641\n"}
,{"stream_name":"stdout","time":686.455672566,"data":"EDGE_TTA_ACTIVE views= 8 mean_abs_feat_delta= 0.369641\n"}
,{"stream_name":"stdout","time":686.601163853,"data":"EDGE_TTA_ACTIVE views= 8 mean_abs_feat_delta= 0.333419\n"}
,{"stream_name":"stdout","time":686.803445051,"data":"EDGE_TTA_ACTIVE views= 8 mean_abs_feat_delta= 0.333419\n"}
,{"stream_name":"stdout","time":688.457393838,"data":"EDGE_TTA_ACTIVE views= 8 mean_abs_feat_delta= 0.371647\n"}
,{"stream_name":"stdout","time":688.660099755,"data":"EDGE_TTA_ACTIVE views= 8 mean_abs_feat_delta= 0.371647\n"}
,{"stream_name":"stdout","time":689.113549712,"data":"EDGE_TTA_ACTIVE views= 8 mean_abs_feat_delta= 0.338616\n"}
,{"stream_name":"stdout","time":689.316091889,"data":"EDGE_TTA_ACTIVE views= 8 mean_abs_feat_delta= 0.338616\n"}
,{"stream_name":"stdout","time":690.657159775,"data":"EDGE_TTA_ACTIVE views= 8 mean_abs_feat_delta= 0.368025\n"}
,{"stream_name":"stdout","time":690.859690431,"data":"EDGE_TTA_ACTIVE views= 8 mean_abs_feat_delta= 0.368025\n"}
,{"stream_name":"stdout","time":691.626298995,"data":"EDGE_TTA_ACTIVE views= 8 mean_abs_feat_delta= 0.335349\n"}
,{"stream_name":"stdout","time":691.828942131,"data":"EDGE_TTA_ACTIVE views= 8 mean_abs_feat_delta= 0.335349\n"}
,{"stream_name":"stdout","time":692.881796479,"data":"EDGE_TTA_ACTIVE views= 8 mean_abs_feat_delta= 0.362922\n"}
,{"stream_name":"stdout","time":693.085344162,"data":"EDGE_TTA_ACTIVE views= 8 mean_abs_feat_delta= 0.362922\n"}
,{"stream_name":"stdout","time":694.139172419,"data":"EDGE_TTA_ACTIVE views= 8 mean_abs_feat_delta= 0.337635\n"}
,{"stream_name":"stdout","time":694.341923897,"data":"EDGE_TTA_ACTIVE views= 8 mean_abs_feat_delta= 0.337635\n"}
,{"stream_name":"stdout","time":695.071121799,"data":"EDGE_TTA_ACTIVE views= 8 mean_abs_feat_delta= 0.352705\n"}
,{"stream_name":"stdout","time":695.273736589,"data":"EDGE_TTA_ACTIVE views= 8 mean_abs_feat_delta= 0.352705\n"}
,{"stream_name":"stdout","time":696.649476842,"data":"EDGE_TTA_ACTIVE views= 8 mean_abs_feat_delta= 0.336677\n"}
,{"stream_name":"stdout","time":696.85235251,"data":"EDGE_TTA_ACTIVE views= 8 mean_abs_feat_delta= 0.336677\n"}
,{"stream_name":"stdout","time":697.263564437,"data":"EDGE_TTA_ACTIVE views= 8 mean_abs_feat_delta= 0.336896\n"}
,{"stream_name":"stdout","time":697.466272732,"data":"EDGE_TTA_ACTIVE views= 8 mean_abs_feat_delta= 0.336896\n"}
,{"stream_name":"stdout","time":699.161389706,"data":"EDGE_TTA_ACTIVE views= 8 mean_abs_feat_delta= 0.334169\n"}
,{"stream_name":"stdout","time":699.363930392,"data":"EDGE_TTA_ACTIVE views= 8 mean_abs_feat_delta= 0.334169\n"}
,{"stream_name":"stdout","time":699.456693829,"data":"EDGE_TTA_ACTIVE views= 8 mean_abs_feat_delta= 0.34476\n"}
,{"stream_name":"stdout","time":699.659222612,"data":"EDGE_TTA_ACTIVE views= 8 mean_abs_feat_delta= 0.34476\n"}
,{"stream_name":"stdout","time":701.658777923,"data":"EDGE_TTA_ACTIVE views= 8 mean_abs_feat_delta= 0.334586\n"}
,{"stream_name":"stdout","time":701.662392739,"data":"EDGE_TTA_ACTIVE views= 8 mean_abs_feat_delta= 0.351291\n"}
,{"stream_name":"stdout","time":701.86128649,"data":"EDGE_TTA_ACTIVE views= 8 mean_abs_feat_delta= 0.334586\n"}
,{"stream_name":"stdout","time":701.861326296,"data":"EDGE_TTA_ACTIVE views= 8 mean_abs_feat_delta= 0.351291\n"}
,{"stream_name":"stdout","time":703.879293902,"data":"EDGE_TTA_ACTIVE views= 8 mean_abs_feat_delta= 0.350787\n"}
,{"stream_name":"stdout","time":704.082011117,"data":"EDGE_TTA_ACTIVE views= 8 mean_abs_feat_delta= 0.350787\n"}
,{"stream_name":"stdout","time":704.145743577,"data":"EDGE_TTA_ACTIVE views= 8 mean_abs_feat_delta= 0.333591\n"}
,{"stream_name":"stdout","time":704.348850911,"data":"EDGE_TTA_ACTIVE views= 8 mean_abs_feat_delta= 0.333591\n"}
,{"stream_name":"stdout","time":706.078256498,"data":"EDGE_TTA_ACTIVE views= 8 mean_abs_feat_delta= 0.352459\n"}
,{"stream_name":"stdout","time":706.31515882,"data":"EDGE_TTA_ACTIVE views= 8 mean_abs_feat_delta= 0.352459\n"}
,{"stream_name":"stdout","time":706.674173121,"data":"EDGE_TTA_ACTIVE views= 8 mean_abs_feat_delta= 0.333424\n"}
,{"stream_name":"stdout","time":706.876661712,"data":"EDGE_TTA_ACTIVE views= 8 mean_abs_feat_delta= 0.333424\n"}
,{"stream_name":"stdout","time":708.271453507,"data":"EDGE_TTA_ACTIVE views= 8 mean_abs_feat_delta= 0.343926\n"}
,{"stream_name":"stdout","time":708.47437345,"data":"EDGE_TTA_ACTIVE views= 8 mean_abs_feat_delta= 0.343926\n"}
,{"stream_name":"stdout","time":709.186522567,"data":"EDGE_TTA_ACTIVE views= 8 mean_abs_feat_delta= 0.329672\n"}
,{"stream_name":"stdout","time":709.389019961,"data":"EDGE_TTA_ACTIVE views= 8 mean_abs_feat_delta= 0.329672\n"}
,{"stream_name":"stdout","time":710.463795915,"data":"EDGE_TTA_ACTIVE views= 8 mean_abs_feat_delta= 0.361961\n"}
,{"stream_name":"stdout","time":710.666451901,"data":"EDGE_TTA_ACTIVE views= 8 mean_abs_feat_delta= 0.361961\n"}
,{"stream_name":"stdout","time":711.671958237,"data":"EDGE_TTA_ACTIVE views= 8 mean_abs_feat_delta= 0.330847\n"}
,{"stream_name":"stdout","time":711.874482139,"data":"EDGE_TTA_ACTIVE views= 8 mean_abs_feat_delta= 0.330847\n"}
,{"stream_name":"stdout","time":712.666408663,"data":"EDGE_TTA_ACTIVE views= 8 mean_abs_feat_delta= 0.359198\n"}
,{"stream_name":"stdout","time":712.869094908,"data":"EDGE_TTA_ACTIVE views= 8 mean_abs_feat_delta= 0.359198\n"}
,{"stream_name":"stdout","time":714.150211077,"data":"EDGE_TTA_ACTIVE views= 8 mean_abs_feat_delta= 0.332545\n"}
,{"stream_name":"stdout","time":714.352759844,"data":"EDGE_TTA_ACTIVE views= 8 mean_abs_feat_delta= 0.332545\n"}
,{"stream_name":"stdout","time":714.844401732,"data":"EDGE_TTA_ACTIVE views= 8 mean_abs_feat_delta= 0.364122\n"}
,{"stream_name":"stdout","time":715.0470636269999,"data":"EDGE_TTA_ACTIVE views= 8 mean_abs_feat_delta= 0.364122\n"}
,{"stream_name":"stdout","time":716.623231535,"data":"EDGE_TTA_ACTIVE views= 8 mean_abs_feat_delta= 0.333406\n"}
,{"stream_name":"stdout","time":716.82586101,"data":"EDGE_TTA_ACTIVE views= 8 mean_abs_feat_delta= 0.333406\n"}
,{"stream_name":"stdout","time":717.023848733,"data":"EDGE_TTA_ACTIVE views= 8 mean_abs_feat_delta= 0.357428\n"}
,{"stream_name":"stdout","time":717.226626712,"data":"EDGE_TTA_ACTIVE views= 8 mean_abs_feat_delta= 0.357428\n"}
,{"stream_name":"stdout","time":719.110353452,"data":"EDGE_TTA_ACTIVE views= 8 mean_abs_feat_delta= 0.33416\n"}
,{"stream_name":"stdout","time":719.193865255,"data":"EDGE_TTA_ACTIVE views= 8 mean_abs_feat_delta= 0.343652\n"}
,{"stream_name":"stdout","time":719.312938312,"data":"EDGE_TTA_ACTIVE views= 8 mean_abs_feat_delta= 0.33416\n"}
,{"stream_name":"stdout","time":719.312982292,"data":"EDGE_TTA_ACTIVE views= 8 mean_abs_feat_delta= 0.343652\n"}
,{"stream_name":"stdout","time":721.377392244,"data":"EDGE_TTA_ACTIVE views= 8 mean_abs_feat_delta= 0.355033\n"}
,{"stream_name":"stdout","time":721.580199897,"data":"EDGE_TTA_ACTIVE views= 8 mean_abs_feat_delta= 0.355033\n"}
,{"stream_name":"stdout","time":721.605632687,"data":"EDGE_TTA_ACTIVE views= 8 mean_abs_feat_delta= 0.335015\n"}
,{"stream_name":"stdout","time":721.808090742,"data":"EDGE_TTA_ACTIVE views= 8 mean_abs_feat_delta= 0.335015\n"}
,{"stream_name":"stdout","time":723.584767814,"data":"EDGE_TTA_ACTIVE views= 8 mean_abs_feat_delta= 0.351347\n"}
,{"stream_name":"stdout","time":723.787584591,"data":"EDGE_TTA_ACTIVE views= 8 mean_abs_feat_delta= 0.351347\n"}
,{"stream_name":"stdout","time":724.07597992,"data":"EDGE_TTA_ACTIVE views= 8 mean_abs_feat_delta= 0.342511\n"}
,{"stream_name":"stdout","time":724.27886387,"data":"EDGE_TTA_ACTIVE views= 8 mean_abs_feat_delta= 0.342511\n"}
,{"stream_name":"stdout","time":725.76767291,"data":"EDGE_TTA_ACTIVE views= 8 mean_abs_feat_delta= 0.353252\n"}
,{"stream_name":"stdout","time":725.970233263,"data":"EDGE_TTA_ACTIVE views= 8 mean_abs_feat_delta= 0.353252\n"}
,{"stream_name":"stdout","time":726.535016299,"data":"EDGE_TTA_ACTIVE views= 8 mean_abs_feat_delta= 0.342159\n"}
,{"stream_name":"stdout","time":726.737628224,"data":"EDGE_TTA_ACTIVE views= 8 mean_abs_feat_delta= 0.342159\n"}
,{"stream_name":"stdout","time":727.952571633,"data":"EDGE_TTA_ACTIVE views= 8 mean_abs_feat_delta= 0.33905\n"}
,{"stream_name":"stdout","time":728.155180089,"data":"EDGE_TTA_ACTIVE views= 8 mean_abs_feat_delta= 0.33905\n"}
,{"stream_name":"stdout","time":729.016660014,"data":"EDGE_TTA_ACTIVE views= 8 mean_abs_feat_delta= 0.340811\n"}
,{"stream_name":"stdout","time":729.219079519,"data":"EDGE_TTA_ACTIVE views= 8 mean_abs_feat_delta= 0.340811\n"}
,{"stream_name":"stdout","time":730.130433657,"data":"EDGE_TTA_ACTIVE views= 8 mean_abs_feat_delta= 0.354422\n"}
,{"stream_name":"stdout","time":730.333078344,"data":"EDGE_TTA_ACTIVE views= 8 mean_abs_feat_delta= 0.354422\n"}
,{"stream_name":"stdout","time":731.492018526,"data":"EDGE_TTA_ACTIVE views= 8 mean_abs_feat_delta= 0.349582\n"}
,{"stream_name":"stdout","time":731.69466388,"data":"EDGE_TTA_ACTIVE views= 8 mean_abs_feat_delta= 0.349582\n"}
,{"stream_name":"stdout","time":732.290912811,"data":"EDGE_TTA_ACTIVE views= 8 mean_abs_feat_delta= 0.359708\n"}
,{"stream_name":"stdout","time":732.493381806,"data":"EDGE_TTA_ACTIVE views= 8 mean_abs_feat_delta= 0.359708\n"}
,{"stream_name":"stdout","time":733.949556173,"data":"EDGE_TTA_ACTIVE views= 8 mean_abs_feat_delta= 0.350508\n"}
,{"stream_name":"stdout","time":734.152207538,"data":"EDGE_TTA_ACTIVE views= 8 mean_abs_feat_delta= 0.350508\n"}
,{"stream_name":"stdout","time":734.458038143,"data":"EDGE_TTA_ACTIVE views= 8 mean_abs_feat_delta= 0.359515\n"}
,{"stream_name":"stdout","time":734.66054052,"data":"EDGE_TTA_ACTIVE views= 8 mean_abs_feat_delta= 0.359515\n"}
,{"stream_name":"stdout","time":736.40278474,"data":"EDGE_TTA_ACTIVE views= 8 mean_abs_feat_delta= 0.347721\n"}
,{"stream_name":"stdout","time":736.630386993,"data":"EDGE_TTA_ACTIVE views= 8 mean_abs_feat_delta= 0.356987\n"}
,{"stream_name":"stdout","time":736.641074141,"data":"EDGE_TTA_ACTIVE views= 8 mean_abs_feat_delta= 0.347721\n"}
,{"stream_name":"stdout","time":736.832995779,"data":"EDGE_TTA_ACTIVE views= 8 mean_abs_feat_delta= 0.356987\n"}
,{"stream_name":"stdout","time":738.797566811,"data":"EDGE_TTA_ACTIVE views= 8 mean_abs_feat_delta= 0.358806\n"}
,{"stream_name":"stdout","time":738.838555658,"data":"EDGE_TTA_ACTIVE views= 8 mean_abs_feat_delta= 0.347752\n"}
,{"stream_name":"stdout","time":739.000013234,"data":"EDGE_TTA_ACTIVE views= 8 mean_abs_feat_delta= 0.358806\n"}
,{"stream_name":"stdout","time":739.000047162,"data":"EDGE_TTA_ACTIVE views= 8 mean_abs_feat_delta= 0.347752\n"}
,{"stream_name":"stdout","time":740.971712776,"data":"EDGE_TTA_ACTIVE views= 8 mean_abs_feat_delta= 0.360605\n"}
,{"stream_name":"stdout","time":741.174451995,"data":"EDGE_TTA_ACTIVE views= 8 mean_abs_feat_delta= 0.360605\n"}
,{"stream_name":"stdout","time":741.280389453,"data":"EDGE_TTA_ACTIVE views= 8 mean_abs_feat_delta= 0.347648\n"}
,{"stream_name":"stdout","time":741.483028241,"data":"EDGE_TTA_ACTIVE views= 8 mean_abs_feat_delta= 0.347648\n"}
,{"stream_name":"stdout","time":743.144727763,"data":"EDGE_TTA_ACTIVE views= 8 mean_abs_feat_delta= 0.35888\n"}
,{"stream_name":"stdout","time":743.347378902,"data":"EDGE_TTA_ACTIVE views= 8 mean_abs_feat_delta= 0.35888\n"}
,{"stream_name":"stdout","time":743.710421956,"data":"EDGE_TTA_ACTIVE views= 8 mean_abs_feat_delta= 0.350568\n"}
,{"stream_name":"stdout","time":743.912738269,"data":"EDGE_TTA_ACTIVE views= 8 mean_abs_feat_delta= 0.350568\n"}
,{"stream_name":"stdout","time":745.315078193,"data":"EDGE_TTA_ACTIVE views= 8 mean_abs_feat_delta= 0.364525\n"}
,{"stream_name":"stdout","time":745.517661538,"data":"EDGE_TTA_ACTIVE views= 8 mean_abs_feat_delta= 0.364525\n"}
,{"stream_name":"stdout","time":746.13940136,"data":"EDGE_TTA_ACTIVE views= 8 mean_abs_feat_delta= 0.339277\n"}
,{"stream_name":"stdout","time":746.342022894,"data":"EDGE_TTA_ACTIVE views= 8 mean_abs_feat_delta= 0.339277\n"}
,{"stream_name":"stdout","time":747.476401073,"data":"EDGE_TTA_ACTIVE views= 8 mean_abs_feat_delta= 0.367055\n"}
,{"stream_name":"stdout","time":747.678899367,"data":"EDGE_TTA_ACTIVE views= 8 mean_abs_feat_delta= 0.367055\n"}
,{"stream_name":"stdout","time":748.586563628,"data":"EDGE_TTA_ACTIVE views= 8 mean_abs_feat_delta= 0.341866\n"}
,{"stream_name":"stdout","time":748.789065853,"data":"EDGE_TTA_ACTIVE views= 8 mean_abs_feat_delta= 0.341866\n"}
,{"stream_name":"stdout","time":749.64098922,"data":"EDGE_TTA_ACTIVE views= 8 mean_abs_feat_delta= 0.351417\n"}
,{"stream_name":"stdout","time":749.843861386,"data":"EDGE_TTA_ACTIVE views= 8 mean_abs_feat_delta= 0.351417\n"}
,{"stream_name":"stdout","time":751.026626522,"data":"EDGE_TTA_ACTIVE views= 8 mean_abs_feat_delta= 0.344401\n"}
,{"stream_name":"stdout","time":751.229098473,"data":"EDGE_TTA_ACTIVE views= 8 mean_abs_feat_delta= 0.344401\n"}
,{"stream_name":"stdout","time":751.834114838,"data":"EDGE_TTA_ACTIVE views= 8 mean_abs_feat_delta= 0.363487\n"}
,{"stream_name":"stdout","time":752.036702998,"data":"EDGE_TTA_ACTIVE views= 8 mean_abs_feat_delta= 0.363487\n"}
,{"stream_name":"stdout","time":753.463193383,"data":"EDGE_TTA_ACTIVE views= 8 mean_abs_feat_delta= 0.341738\n"}
,{"stream_name":"stdout","time":753.665653045,"data":"EDGE_TTA_ACTIVE views= 8 mean_abs_feat_delta= 0.341738\n"}
,{"stream_name":"stdout","time":754.004008675,"data":"EDGE_TTA_ACTIVE views= 8 mean_abs_feat_delta= 0.361591\n"}
,{"stream_name":"stdout","time":754.206912439,"data":"EDGE_TTA_ACTIVE views= 8 mean_abs_feat_delta= 0.361591\n"}
,{"stream_name":"stdout","time":755.870489587,"data":"EDGE_TTA_ACTIVE views= 8 mean_abs_feat_delta= 0.339738\n"}
,{"stream_name":"stdout","time":756.073262494,"data":"EDGE_TTA_ACTIVE views= 8 mean_abs_feat_delta= 0.339738\n"}
,{"stream_name":"stdout","time":756.194514636,"data":"EDGE_TTA_ACTIVE views= 8 mean_abs_feat_delta= 0.35878\n"}
,{"stream_name":"stdout","time":756.397028694,"data":"EDGE_TTA_ACTIVE views= 8 mean_abs_feat_delta= 0.35878\n"}
,{"stream_name":"stdout","time":758.314178838,"data":"EDGE_TTA_ACTIVE views= 8 mean_abs_feat_delta= 0.336334\n"}
,{"stream_name":"stdout","time":758.35632591,"data":"EDGE_TTA_ACTIVE views= 8 mean_abs_feat_delta= 0.361252\n"}
,{"stream_name":"stdout","time":758.516683513,"data":"EDGE_TTA_ACTIVE views= 8 mean_abs_feat_delta= 0.336334\n"}
,{"stream_name":"stdout","time":758.516724245,"data":"EDGE_TTA_ACTIVE views= 8 mean_abs_feat_delta= 0.361252\n"}
,{"stream_name":"stdout","time":760.53240871,"data":"EDGE_TTA_ACTIVE views= 8 mean_abs_feat_delta= 0.357825\n"}
,{"stream_name":"stdout","time":760.73510827,"data":"EDGE_TTA_ACTIVE views= 8 mean_abs_feat_delta= 0.357825\n"}
,{"stream_name":"stdout","time":760.738815602,"data":"EDGE_TTA_ACTIVE views= 8 mean_abs_feat_delta= 0.336552\n"}
,{"stream_name":"stdout","time":760.94126051,"data":"EDGE_TTA_ACTIVE views= 8 mean_abs_feat_delta= 0.336552\n"}
,{"stream_name":"stdout","time":762.691843708,"data":"EDGE_TTA_ACTIVE views= 8 mean_abs_feat_delta= 0.356818\n"}
,{"stream_name":"stdout","time":762.894382167,"data":"EDGE_TTA_ACTIVE views= 8 mean_abs_feat_delta= 0.356818\n"}
,{"stream_name":"stdout","time":763.16228404,"data":"EDGE_TTA_ACTIVE views= 8 mean_abs_feat_delta= 0.336751\n"}
,{"stream_name":"stdout","time":763.364852921,"data":"EDGE_TTA_ACTIVE views= 8 mean_abs_feat_delta= 0.336751\n"}
,{"stream_name":"stdout","time":764.865709932,"data":"EDGE_TTA_ACTIVE views= 8 mean_abs_feat_delta= 0.358323\n"}
,{"stream_name":"stdout","time":765.068233921,"data":"EDGE_TTA_ACTIVE views= 8 mean_abs_feat_delta= 0.358323\n"}
,{"stream_name":"stdout","time":765.587966875,"data":"EDGE_TTA_ACTIVE views= 8 mean_abs_feat_delta= 0.342229\n"}
,{"stream_name":"stdout","time":765.790749675,"data":"EDGE_TTA_ACTIVE views= 8 mean_abs_feat_delta= 0.342229\n"}
,{"stream_name":"stdout","time":767.034853975,"data":"EDGE_TTA_ACTIVE views= 8 mean_abs_feat_delta= 0.352135\n"}
,{"stream_name":"stdout","time":767.276437881,"data":"EDGE_TTA_ACTIVE views= 8 mean_abs_feat_delta= 0.352135\n"}
,{"stream_name":"stdout","time":768.007154335,"data":"EDGE_TTA_ACTIVE views= 8 mean_abs_feat_delta= 0.34433\n"}
,{"stream_name":"stdout","time":768.21015208,"data":"EDGE_TTA_ACTIVE views= 8 mean_abs_feat_delta= 0.34433\n"}
,{"stream_name":"stdout","time":769.195183442,"data":"EDGE_TTA_ACTIVE views= 8 mean_abs_feat_delta= 0.351911\n"}
,{"stream_name":"stdout","time":769.397574338,"data":"EDGE_TTA_ACTIVE views= 8 mean_abs_feat_delta= 0.351911\n"}
,{"stream_name":"stdout","time":770.447218643,"data":"EDGE_TTA_ACTIVE views= 8 mean_abs_feat_delta= 0.338919\n"}
,{"stream_name":"stdout","time":770.649951535,"data":"EDGE_TTA_ACTIVE views= 8 mean_abs_feat_delta= 0.338919\n"}
,{"stream_name":"stdout","time":771.37404803,"data":"EDGE_TTA_ACTIVE views= 8 mean_abs_feat_delta= 0.356519\n"}
,{"stream_name":"stdout","time":771.576706534,"data":"EDGE_TTA_ACTIVE views= 8 mean_abs_feat_delta= 0.356519\n"}
,{"stream_name":"stdout","time":772.903446036,"data":"EDGE_TTA_ACTIVE views= 8 mean_abs_feat_delta= 0.334467\n"}
,{"stream_name":"stdout","time":773.105908357,"data":"EDGE_TTA_ACTIVE views= 8 mean_abs_feat_delta= 0.334467\n"}
,{"stream_name":"stdout","time":773.551184632,"data":"EDGE_TTA_ACTIVE views= 8 mean_abs_feat_delta= 0.353385\n"}
,{"stream_name":"stdout","time":773.753804602,"data":"EDGE_TTA_ACTIVE views= 8 mean_abs_feat_delta= 0.353385\n"}
,{"stream_name":"stdout","time":775.333421517,"data":"EDGE_TTA_ACTIVE views= 8 mean_abs_feat_delta= 0.334048\n"}
,{"stream_name":"stdout","time":775.536320441,"data":"EDGE_TTA_ACTIVE views= 8 mean_abs_feat_delta= 0.334048\n"}
,{"stream_name":"stdout","time":775.723485159,"data":"EDGE_TTA_ACTIVE views= 8 mean_abs_feat_delta= 0.351229\n"}
,{"stream_name":"stdout","time":775.926053876,"data":"EDGE_TTA_ACTIVE views= 8 mean_abs_feat_delta= 0.351229\n"}
,{"stream_name":"stdout","time":777.781642833,"data":"EDGE_TTA_ACTIVE views= 8 mean_abs_feat_delta= 0.334845\n"}
,{"stream_name":"stdout","time":777.900419507,"data":"EDGE_TTA_ACTIVE views= 8 mean_abs_feat_delta= 0.350705\n"}
,{"stream_name":"stdout","time":777.984075469,"data":"EDGE_TTA_ACTIVE views= 8 mean_abs_feat_delta= 0.334845\n"}
,{"stream_name":"stdout","time":777.984102526,"data":"EDGE_TTA_ACTIVE views= 8 mean_abs_feat_delta= 0.350705\n"}
,{"stream_name":"stdout","time":780.070337435,"data":"EDGE_TTA_ACTIVE views= 8 mean_abs_feat_delta= 0.353278\n"}
,{"stream_name":"stdout","time":780.230357199,"data":"EDGE_TTA_ACTIVE views= 8 mean_abs_feat_delta= 0.334767\n"}
,{"stream_name":"stdout","time":780.273043262,"data":"EDGE_TTA_ACTIVE views= 8 mean_abs_feat_delta= 0.353278\n"}
,{"stream_name":"stdout","time":780.273072524,"data":"EDGE_TTA_ACTIVE views= 8 mean_abs_feat_delta= 0.334767\n"}
,{"stream_name":"stdout","time":782.270491191,"data":"EDGE_TTA_ACTIVE views= 8 mean_abs_feat_delta= 0.358064\n"}
,{"stream_name":"stdout","time":782.473069252,"data":"EDGE_TTA_ACTIVE views= 8 mean_abs_feat_delta= 0.358064\n"}
,{"stream_name":"stdout","time":782.644135108,"data":"EDGE_TTA_ACTIVE views= 8 mean_abs_feat_delta= 0.330452\n"}
,{"stream_name":"stdout","time":782.846691494,"data":"EDGE_TTA_ACTIVE views= 8 mean_abs_feat_delta= 0.330452\n"}
,{"stream_name":"stdout","time":784.436779077,"data":"EDGE_TTA_ACTIVE views= 8 mean_abs_feat_delta= 0.35946\n"}
,{"stream_name":"stdout","time":784.63929964,"data":"EDGE_TTA_ACTIVE views= 8 mean_abs_feat_delta= 0.35946\n"}
,{"stream_name":"stdout","time":785.073339661,"data":"EDGE_TTA_ACTIVE views= 8 mean_abs_feat_delta= 0.33197\n"}
,{"stream_name":"stdout","time":785.275975146,"data":"EDGE_TTA_ACTIVE views= 8 mean_abs_feat_delta= 0.33197\n"}
,{"stream_name":"stdout","time":786.601166095,"data":"EDGE_TTA_ACTIVE views= 8 mean_abs_feat_delta= 0.357537\n"}
,{"stream_name":"stdout","time":786.803854198,"data":"EDGE_TTA_ACTIVE views= 8 mean_abs_feat_delta= 0.357537\n"}
,{"stream_name":"stdout","time":787.496199962,"data":"EDGE_TTA_ACTIVE views= 8 mean_abs_feat_delta= 0.33369\n"}
,{"stream_name":"stdout","time":787.698760116,"data":"EDGE_TTA_ACTIVE views= 8 mean_abs_feat_delta= 0.33369\n"}
,{"stream_name":"stdout","time":788.799749478,"data":"EDGE_TTA_ACTIVE views= 8 mean_abs_feat_delta= 0.357561\n"}
,{"stream_name":"stdout","time":789.002500086,"data":"EDGE_TTA_ACTIVE views= 8 mean_abs_feat_delta= 0.357561\n"}
,{"stream_name":"stdout","time":789.920897937,"data":"EDGE_TTA_ACTIVE views= 8 mean_abs_feat_delta= 0.335249\n"}
,{"stream_name":"stdout","time":790.123536082,"data":"EDGE_TTA_ACTIVE views= 8 mean_abs_feat_delta= 0.335249\n"}
,{"stream_name":"stdout","time":790.972865465,"data":"EDGE_TTA_ACTIVE views= 8 mean_abs_feat_delta= 0.356691\n"}
,{"stream_name":"stdout","time":791.175648606,"data":"EDGE_TTA_ACTIVE views= 8 mean_abs_feat_delta= 0.356691\n"}
,{"stream_name":"stdout","time":792.39191129,"data":"EDGE_TTA_ACTIVE views= 8 mean_abs_feat_delta= 0.33665\n"}
,{"stream_name":"stdout","time":792.594029127,"data":"EDGE_TTA_ACTIVE views= 8 mean_abs_feat_delta= 0.33665\n"}
,{"stream_name":"stdout","time":793.149494451,"data":"EDGE_TTA_ACTIVE views= 8 mean_abs_feat_delta= 0.360713\n"}
,{"stream_name":"stdout","time":793.35202726,"data":"EDGE_TTA_ACTIVE views= 8 mean_abs_feat_delta= 0.360713\n"}
,{"stream_name":"stdout","time":794.801519721,"data":"EDGE_TTA_ACTIVE views= 8 mean_abs_feat_delta= 0.338336\n"}
,{"stream_name":"stdout","time":795.004126377,"data":"EDGE_TTA_ACTIVE views= 8 mean_abs_feat_delta= 0.338336\n"}
,{"stream_name":"stdout","time":795.359061967,"data":"EDGE_TTA_ACTIVE views= 8 mean_abs_feat_delta= 0.361191\n"}
,{"stream_name":"stdout","time":795.561735018,"data":"EDGE_TTA_ACTIVE views= 8 mean_abs_feat_delta= 0.361191\n"}
,{"stream_name":"stdout","time":797.233007265,"data":"EDGE_TTA_ACTIVE views= 8 mean_abs_feat_delta= 0.337788\n"}
,{"stream_name":"stdout","time":797.474981434,"data":"EDGE_TTA_ACTIVE views= 8 mean_abs_feat_delta= 0.337788\n"}
,{"stream_name":"stdout","time":797.565909076,"data":"EDGE_TTA_ACTIVE views= 8 mean_abs_feat_delta= 0.363957\n"}
,{"stream_name":"stdout","time":797.768355764,"data":"EDGE_TTA_ACTIVE views= 8 mean_abs_feat_delta= 0.363957\n"}
,{"stream_name":"stdout","time":799.650066641,"data":"EDGE_TTA_ACTIVE views= 8 mean_abs_feat_delta= 0.325091\n"}
,{"stream_name":"stdout","time":799.852529587,"data":"EDGE_TTA_ACTIVE views= 8 mean_abs_feat_delta= 0.325091\n"}
,{"stream_name":"stdout","time":802.162738343,"data":"EDGE_TTA_ACTIVE views= 8 mean_abs_feat_delta= 0.32712\n"}
,{"stream_name":"stdout","time":802.36555424,"data":"EDGE_TTA_ACTIVE views= 8 mean_abs_feat_delta= 0.32712\n"}
,{"stream_name":"stdout","time":803.631046634,"data":"Saved 2 predictions to /kaggle/working/tracking_repo/predictions/unknown/unet_transformer_gpu0/split_0\n"}
,{"stream_name":"stdout","time":803.832671456,"data":"Saved 2 predictions to /kaggle/working/tracking_repo/predictions/unknown/unet_transformer_gpu0/split_0\n"}
,{"stream_name":"stdout","time":804.651757822,"data":"EDGE_TTA_ACTIVE views= 8 mean_abs_feat_delta= 0.323213\n"}
,{"stream_name":"stdout","time":804.854198594,"data":"EDGE_TTA_ACTIVE views= 8 mean_abs_feat_delta= 0.323213\n"}
,{"stream_name":"stdout","time":807.111724736,"data":"EDGE_TTA_ACTIVE views= 8 mean_abs_feat_delta= 0.321976\n"}
,{"stream_name":"stdout","time":807.314093628,"data":"EDGE_TTA_ACTIVE views= 8 mean_abs_feat_delta= 0.321976\n"}
,{"stream_name":"stdout","time":809.535939219,"data":"EDGE_TTA_ACTIVE views= 8 mean_abs_feat_delta= 0.323768\n"}
,{"stream_name":"stdout","time":809.738392124,"data":"EDGE_TTA_ACTIVE views= 8 mean_abs_feat_delta= 0.323768\n"}
,{"stream_name":"stdout","time":811.980863309,"data":"EDGE_TTA_ACTIVE views= 8 mean_abs_feat_delta= 0.324838\n"}
,{"stream_name":"stdout","time":812.183079799,"data":"EDGE_TTA_ACTIVE views= 8 mean_abs_feat_delta= 0.324838\n"}
,{"stream_name":"stdout","time":814.44200372,"data":"EDGE_TTA_ACTIVE views= 8 mean_abs_feat_delta= 0.323094\n"}
,{"stream_name":"stdout","time":814.644308896,"data":"EDGE_TTA_ACTIVE views= 8 mean_abs_feat_delta= 0.323094\n"}
,{"stream_name":"stdout","time":816.921275919,"data":"EDGE_TTA_ACTIVE views= 8 mean_abs_feat_delta= 0.322603\n"}
,{"stream_name":"stdout","time":817.123646935,"data":"EDGE_TTA_ACTIVE views= 8 mean_abs_feat_delta= 0.322603\n"}
,{"stream_name":"stdout","time":819.366913516,"data":"EDGE_TTA_ACTIVE views= 8 mean_abs_feat_delta= 0.325152\n"}
,{"stream_name":"stdout","time":819.56920235,"data":"EDGE_TTA_ACTIVE views= 8 mean_abs_feat_delta= 0.325152\n"}
,{"stream_name":"stdout","time":821.808440252,"data":"EDGE_TTA_ACTIVE views= 8 mean_abs_feat_delta= 0.328347\n"}
,{"stream_name":"stdout","time":822.01072288,"data":"EDGE_TTA_ACTIVE views= 8 mean_abs_feat_delta= 0.328347\n"}
,{"stream_name":"stdout","time":824.225839521,"data":"EDGE_TTA_ACTIVE views= 8 mean_abs_feat_delta= 0.328262\n"}
,{"stream_name":"stdout","time":824.428016536,"data":"EDGE_TTA_ACTIVE views= 8 mean_abs_feat_delta= 0.328262\n"}
,{"stream_name":"stdout","time":826.667184381,"data":"EDGE_TTA_ACTIVE views= 8 mean_abs_feat_delta= 0.327618\n"}
,{"stream_name":"stdout","time":826.869322515,"data":"EDGE_TTA_ACTIVE views= 8 mean_abs_feat_delta= 0.327618\n"}
,{"stream_name":"stdout","time":917.933000189,"data":"Saved 2 predictions to /kaggle/working/tracking_repo/predictions/unknown/unet_transformer_gpu1/split_0\n"}
,{"stream_name":"stdout","time":918.16001495,"data":"Saved 2 predictions to /kaggle/working/tracking_repo/predictions/unknown/unet_transformer_gpu1/split_0\n"}
,{"stream_name":"stdout","time":920.668369005,"data":"Merged 4 prediction graphs into /kaggle/working/tracking_repo/predictions/unknown/unet_transformer/split_0\n"}
,{"stream_name":"stdout","time":920.668408704,"data":"Prediction completed in 9.77 minutes\n"}
,{"stream_name":"stdout","time":1263.084472801,"data":"Trying DeepCenter add-only gate checkpoint: /kaggle/input/datasets/pilkwang/biohub-deepcenter-unet3d-center-prior-v1/weights/full_frame_center/best.pt\n"}
,{"stream_name":"stdout","time":1263.394336861,"data":"Loaded DeepCenter add-only gate checkpoint: /kaggle/input/datasets/pilkwang/biohub-deepcenter-unet3d-center-prior-v1/weights/full_frame_center/best.pt\n"}
,{"stream_name":"stdout","time":1263.39438885,"data":"DeepCenter checkpoint epoch: 2 best_score: -0.04500306242456039\n"}
,{"stream_name":"stdout","time":1263.39439652,"data":"Found 4 prediction graphs\n"}
,{"stream_name":"stdout","time":1286.326258451,"data":"  [44b6_0113de3b] after edge-filter+motion-relink: 25822 nodes, 24937 edges\n"}
,{"stream_name":"stdout","time":1289.289454761,"data":"  [44b6_0113de3b] after gap-closing (single-frame + gap2): 25884 nodes, 25052 edges\n"}
,{"stream_name":"stdout","time":1297.1295836,"data":"  [44b6_0113de3b] after safe-division repair: 25884 nodes, 25101 edges (geometric_candidates=171, deepcenter_rejected=109, post_veto_candidates=62, added=49, cap_skipped=0, mutual_nn_rejected=62, divergence_rejected=545)\n"}
,{"stream_name":"stdout","time":1297.129625343,"data":"  [44b6_0113de3b] after division-geometry-filter+prune-isolated: 25878 nodes, 25101 edges\n"}
,{"stream_name":"stdout","time":1297.12963287,"data":"  [44b6_0113de3b] after short-track filtering: 25622 nodes, 24903 edges (components_removed=58)\n"}
,{"stream_name":"stdout","time":1302.971381107,"data":"  [44b6_0113de3b] FINAL: 25622 nodes, 24903 edges\n"}
,{"stream_name":"stdout","time":1321.146938256,"data":"  [44b6_0b24845f] after edge-filter+motion-relink: 22493 nodes, 20373 edges\n"}
,{"stream_name":"stdout","time":1330.099094421,"data":"  [44b6_0b24845f] after gap-closing (single-frame + gap2): 22882 nodes, 21079 edges\n"}
,{"stream_name":"stdout","time":1336.818694308,"data":"  [44b6_0b24845f] after safe-division repair: 22882 nodes, 21094 edges (geometric_candidates=231, deepcenter_rejected=214, post_veto_candidates=17, added=15, cap_skipped=0, mutual_nn_rejected=59, divergence_rejected=902)\n"}
,{"stream_name":"stdout","time":1336.818743046,"data":"  [44b6_0b24845f] after division-geometry-filter+prune-isolated: 22868 nodes, 21094 edges\n"}
,{"stream_name":"stdout","time":1336.818750013,"data":"  [44b6_0b24845f] after short-track filtering: 20726 nodes, 19441 edges (components_removed=489)\n"}
,{"stream_name":"stdout","time":1341.470630247,"data":"  [44b6_0b24845f] FINAL: 20726 nodes, 19441 edges\n"}
,{"stream_name":"stdout","time":1343.291648184,"data":"  [6bba_05b6850b] after edge-filter+motion-relink: 6304 nodes, 6031 edges\n"}
,{"stream_name":"stdout","time":1344.072773175,"data":"  [6bba_05b6850b] after gap-closing (single-frame + gap2): 6335 nodes, 6087 edges\n"}
,{"stream_name":"stdout","time":1345.931375519,"data":"  [6bba_05b6850b] after safe-division repair: 6335 nodes, 6096 edges (geometric_candidates=22, deepcenter_rejected=13, post_veto_candidates=9, added=9, cap_skipped=0, mutual_nn_rejected=5, divergence_rejected=82)\n"}
,{"stream_name":"stdout","time":1345.931447376,"data":"  [6bba_05b6850b] after division-geometry-filter+prune-isolated: 6334 nodes, 6096 edges\n"}
,{"stream_name":"stdout","time":1345.931456402,"data":"  [6bba_05b6850b] after short-track filtering: 6151 nodes, 5956 edges (components_removed=43)\n"}
,{"stream_name":"stdout","time":1347.282334323,"data":"  [6bba_05b6850b] FINAL: 6151 nodes, 5956 edges\n"}
,{"stream_name":"stdout","time":1511.746975357,"data":"  [6bba_05db0fb1] after edge-filter+motion-relink: 70673 nodes, 67959 edges\n"}
,{"stream_name":"stdout","time":1521.239286925,"data":"  [6bba_05db0fb1] after gap-closing (single-frame + gap2): 71095 nodes, 68749 edges\n"}
,{"stream_name":"stdout","time":1530.197928436,"data":"  [6bba_05db0fb1] after safe-division repair: 71095 nodes, 68777 edges (geometric_candidates=305, deepcenter_rejected=269, post_veto_candidates=36, added=28, cap_skipped=0, mutual_nn_rejected=278, divergence_rejected=2664)\n"}
,{"stream_name":"stdout","time":1530.197996658,"data":"  [6bba_05db0fb1] after division-geometry-filter+prune-isolated: 71072 nodes, 68777 edges\n"}
,{"stream_name":"stdout","time":1530.555678857,"data":"  [6bba_05db0fb1] after short-track filtering: 70236 nodes, 68135 edges (components_removed=194)\n"}
,{"stream_name":"stdout","time":1545.830781825,"data":"  [6bba_05db0fb1] FINAL: 70236 nodes, 68135 edges\n"}
,{"stream_name":"stdout","time":1546.370328904,"data":"Wrote /kaggle/working/submission.csv with 241,170 rows\n"}
,{"stream_name":"stdout","time":1546.370370486,"data":"Node rows: 122,735 | edge rows: 118,435\n"}
,{"stream_name":"stdout","time":1546.370377224,"data":"Wrote /kaggle/working/run_stats.csv\n"}
,{"stream_name":"stdout","time":1547.176870552,"data":"{\n"}
,{"stream_name":"stdout","time":1547.176945415,"data":"  \"configuration\": {\n"}
,{"stream_name":"stdout","time":1547.176954038,"data":"    \"bidirectional_primary_weight\": 0.3,\n"}
,{"stream_name":"stdout","time":1547.176959287,"data":"    \"deepcenter_gap_confirm_min_span_um\": 8.5,\n"}
,{"stream_name":"stdout","time":1547.176965322,"data":"    \"deepcenter_gap_threshold\": 0.25,\n"}
,{"stream_name":"stdout","time":1547.176970616,"data":"    \"detector_threshold\": 0.96875,\n"}
,{"stream_name":"stdout","time":1547.176975371,"data":"    \"edge_candidate_threshold\": 0.48,\n"}
,{"stream_name":"stdout","time":1547.176979981,"data":"    \"fallback_scope\": \"individual_frame\",\n"}
,{"stream_name":"stdout","time":1547.176985848,"data":"    \"gap_close_um\": 5.8,\n"}
,{"stream_name":"stdout","time":1547.176991377,"data":"    \"ilp_appearance_weight\": 0.0,\n"}
,{"stream_name":"stdout","time":1547.176996768,"data":"    \"ilp_disappearance_weight\": 1.5,\n"}
,{"stream_name":"stdout","time":1547.177001878,"data":"    \"minimum_candidate_retention\": 0.9,\n"}
,{"stream_name":"stdout","time":1547.177006629,"data":"    \"secondary_detection_weight\": 0.475,\n"}
,{"stream_name":"stdout","time":1547.17701134,"data":"    \"secondary_edge_weight\": 0.15,\n"}
,{"stream_name":"stdout","time":1547.17701737,"data":"    \"secondary_link_mode\": \"low_margin_consensus\",\n"}
,{"stream_name":"stdout","time":1547.177022804,"data":"    \"secondary_low_margin_max\": 0.35\n"}
,{"stream_name":"stdout","time":1547.177028532,"data":"  },\n"}
,{"stream_name":"stdout","time":1547.177033736,"data":"  \"diagnostics\": {\n"}
,{"stream_name":"stdout","time":1547.177038964,"data":"    \"by_movie\": {\n"}
,{"stream_name":"stdout","time":1547.177043093,"data":"      \"44b6_0113de3b\": {\n"}
,{"stream_name":"stdout","time":1547.177047529,"data":"        \"fallback_frames\": 0,\n"}
,{"stream_name":"stdout","time":1547.177052232,"data":"        \"frames\": 100,\n"}
,{"stream_name":"stdout","time":1547.177069545,"data":"        \"median_retention\": 1.0118578927634045,\n"}
,{"stream_name":"stdout","time":1547.177073562,"data":"        \"minimum_retention\": 0.9926739926739927\n"}
,{"stream_name":"stdout","time":1547.177077295,"data":"      },\n"}
,{"stream_name":"stdout","time":1547.177080597,"data":"      \"44b6_0b24845f\": {\n"}
,{"stream_name":"stdout","time":1547.177084044,"data":"        \"fallback_frames\": 64,\n"}
,{"stream_name":"stdout","time":1547.177087421,"data":"        \"frames\": 100,\n"}
,{"stream_name":"stdout","time":1547.177090887,"data":"        \"median_retention\": 0.8618514846811123,\n"}
,{"stream_name":"stdout","time":1547.177094308,"data":"        \"minimum_retention\": 0.45307443365695793\n"}
,{"stream_name":"stdout","time":1547.177097976,"data":"      },\n"}
,{"stream_name":"stdout","time":1547.177101336,"data":"      \"6bba_05b6850b\": {\n"}
,{"stream_name":"stdout","time":1547.177105339,"data":"        \"fallback_frames\": 1,\n"}
,{"stream_name":"stdout","time":1547.177109004,"data":"        \"frames\": 100,\n"}
,{"stream_name":"stdout","time":1547.177112666,"data":"        \"median_retention\": 1.0137012012012012,\n"}
,{"stream_name":"stdout","time":1547.177116409,"data":"        \"minimum_retention\": 0.8918918918918919\n"}
,{"stream_name":"stdout","time":1547.177120171,"data":"      },\n"}
,{"stream_name":"stdout","time":1547.177123655,"data":"      \"6bba_05db0fb1\": {\n"}
,{"stream_name":"stdout","time":1547.177127502,"data":"        \"fallback_frames\": 0,\n"}
,{"stream_name":"stdout","time":1547.177131112,"data":"        \"frames\": 100,\n"}
,{"stream_name":"stdout","time":1547.177134522,"data":"        \"median_retention\": 1.0110725229826354,\n"}
,{"stream_name":"stdout","time":1547.177138314,"data":"        \"minimum_retention\": 0.9715142428785607\n"}
,{"stream_name":"stdout","time":1547.177142062,"data":"      }\n"}
,{"stream_name":"stdout","time":1547.17714571,"data":"    },\n"}
,{"stream_name":"stdout","time":1547.177149381,"data":"    \"fallback_frames\": 65,\n"}
,{"stream_name":"stdout","time":1547.177152973,"data":"    \"rows\": 400\n"}
,{"stream_name":"stdout","time":1547.177156586,"data":"  },\n"}
,{"stream_name":"stdout","time":1547.177160156,"data":"  \"experiment\": \"harmonic_bidirectional_association_v1\",\n"}
,{"stream_name":"stdout","time":1547.177164143,"data":"  \"hardware\": {\n"}
,{"stream_name":"stdout","time":1547.177167843,"data":"    \"visible_gpu_count\": 2\n"}
,{"stream_name":"stdout","time":1547.17717163,"data":"  },\n"}
,{"stream_name":"stdout","time":1547.17717542,"data":"  \"leaderboard_feedback_used_for_configuration\": true,\n"}
,{"stream_name":"stdout","time":1547.177179489,"data":"  \"method_attribution\": \"fixed-90 dual-seed baseline with harmonic mutual-support association fusion (rule from public CC0 notebook yusuketogashi/no-hack-biohub-cell-another-approch-3rd v18)\",\n"}
,{"stream_name":"stdout","time":1547.177184014,"data":"  \"metric_hack_used\": false,\n"}
,{"stream_name":"stdout","time":1547.177187818,"data":"  \"organizer_labels_used_for_configuration\": false,\n"}
,{"stream_name":"stdout","time":1547.177191634,"data":"  \"parent_experiment\": \"paired_bidirectional_primary_weight020_vs_forward_v1\",\n"}
,{"stream_name":"stdout","time":1547.177195612,"data":"  \"public_output_used\": false,\n"}
,{"stream_name":"stdout","time":1547.1771994,"data":"  \"quality_promotion\": {\n"}
,{"stream_name":"stdout","time":1547.177203168,"data":"    \"execute_push_submit\": \"FORBIDDEN_UNTIL_REQUIRED_CONDITION\",\n"}
,{"stream_name":"stdout","time":1547.177209203,"data":"    \"required_condition\": \"promote=true\",\n"}
,{"stream_name":"stdout","time":1547.177218831,"data":"    \"required_receipt\": \"bidirectional_blend_union13_receipt.json\",\n"}
,{"stream_name":"stdout","time":1547.177223066,"data":"    \"status\": \"candidate_unverified\",\n"}
,{"stream_name":"stdout","time":1547.177226868,"data":"    \"validated_receipt_sha256\": null\n"}
,{"stream_name":"stdout","time":1547.177230656,"data":"  },\n"}
,{"stream_name":"stdout","time":1547.1772454,"data":"  \"source_kernel\": \"raykkretzschmar/biohub-bidirectional-primary-union13-diagnostic-v1\",\n"}
,{"stream_name":"stdout","time":1547.177249194,"data":"  \"source_notebook_sha256\": \"3e65ca691941949196bf417030ea84fccafe16baaec174b2a63540451bb937e8\",\n"}
,{"stream_name":"stdout","time":1547.177253088,"data":"  \"status\": \"clean_graph_audit_pass_candidate_unverified_quality\",\n"}
,{"stream_name":"stdout","time":1547.177256897,"data":"  \"submission\": {\n"}
,{"stream_name":"stdout","time":1547.177260539,"data":"    \"datasets\": [\n"}
,{"stream_name":"stdout","time":1547.177263879,"data":"      \"44b6_0113de3b\",\n"}
,{"stream_name":"stdout","time":1547.177267422,"data":"      \"44b6_0b24845f\",\n"}
,{"stream_name":"stdout","time":1547.177270965,"data":"      \"6bba_05b6850b\",\n"}
,{"stream_name":"stdout","time":1547.177274442,"data":"      \"6bba_05db0fb1\"\n"}
,{"stream_name":"stdout","time":1547.177278199,"data":"    ],\n"}
,{"stream_name":"stdout","time":1547.177281492,"data":"    \"rows\": 241170,\n"}
,{"stream_name":"stdout","time":1547.177284993,"data":"    \"sha256\": \"0ab47be69f260079cb951635be5978e548542700d2575659edca2de95315f004\"\n"}
,{"stream_name":"stdout","time":1547.177288824,"data":"  },\n"}
,{"stream_name":"stdout","time":1547.177292073,"data":"  \"topology\": {\n"}
,{"stream_name":"stdout","time":1547.17729549,"data":"    \"44b6_0113de3b\": {\n"}
,{"stream_name":"stdout","time":1547.177299014,"data":"      \"division_parents\": 49,\n"}
,{"stream_name":"stdout","time":1547.177302931,"data":"      \"edges\": 24903,\n"}
,{"stream_name":"stdout","time":1547.177306499,"data":"      \"max_indegree\": 1,\n"}
,{"stream_name":"stdout","time":1547.177310062,"data":"      \"max_outdegree\": 2,\n"}
,{"stream_name":"stdout","time":1547.177313604,"data":"      \"nodes\": 25622\n"}
,{"stream_name":"stdout","time":1547.177317165,"data":"    },\n"}
,{"stream_name":"stdout","time":1547.177320573,"data":"    \"44b6_0b24845f\": {\n"}
,{"stream_name":"stdout","time":1547.177324044,"data":"      \"division_parents\": 15,\n"}
,{"stream_name":"stdout","time":1547.177327607,"data":"      \"edges\": 19441,\n"}
,{"stream_name":"stdout","time":1547.177331057,"data":"      \"max_indegree\": 1,\n"}
,{"stream_name":"stdout","time":1547.177334589,"data":"      \"max_outdegree\": 2,\n"}
,{"stream_name":"stdout","time":1547.177338023,"data":"      \"nodes\": 20726\n"}
,{"stream_name":"stdout","time":1547.177341571,"data":"    },\n"}
,{"stream_name":"stdout","time":1547.177345007,"data":"    \"6bba_05b6850b\": {\n"}
,{"stream_name":"stdout","time":1547.177348452,"data":"      \"division_parents\": 9,\n"}
,{"stream_name":"stdout","time":1547.177351892,"data":"      \"edges\": 5956,\n"}
,{"stream_name":"stdout","time":1547.177357452,"data":"      \"max_indegree\": 1,\n"}
,{"stream_name":"stdout","time":1547.177360946,"data":"      \"max_outdegree\": 2,\n"}
,{"stream_name":"stdout","time":1547.17736429,"data":"      \"nodes\": 6151\n"}
,{"stream_name":"stdout","time":1547.177367804,"data":"    },\n"}
,{"stream_name":"stdout","time":1547.177371441,"data":"    \"6bba_05db0fb1\": {\n"}
,{"stream_name":"stdout","time":1547.177374949,"data":"      \"division_parents\": 28,\n"}
,{"stream_name":"stdout","time":1547.177381935,"data":"      \"edges\": 68135,\n"}
,{"stream_name":"stdout","time":1547.177385604,"data":"      \"max_indegree\": 1,\n"}
,{"stream_name":"stdout","time":1547.177389,"data":"      \"max_outdegree\": 2,\n"}
,{"stream_name":"stdout","time":1547.177392063,"data":"      \"nodes\": 70236\n"}
,{"stream_name":"stdout","time":1547.177395469,"data":"    }\n"}
,{"stream_name":"stdout","time":1547.17739881,"data":"  }\n"}
,{"stream_name":"stdout","time":1547.177402232,"data":"}\n"}
,{"stream_name":"stdout","time":1547.37655261,"data":"VALIDATOR: excluding 4 TRAIN stem(s) that also appear in TEST_DIR: ['44b6_0113de3b', '44b6_0b24845f', '6bba_05b6850b', '6bba_05db0fb1']\n"}
,{"stream_name":"stdout","time":1594.240573992,"data":"VALIDATOR: selected 8 held-out TRAIN samples (4 per embryo-type prefix, 2 prefixes found, 8 contain a GT division)\n"}
,{"stream_name":"stdout","time":1594.24060808,"data":"['44b6_12dfb391', '44b6_267148e4', '44b6_2a2eff9f', '44b6_341df25f', '6bba_062c8d37', '6bba_07e24132', '6bba_085bf656', '6bba_09961292']\n"}
,{"stream_name":"stdout","time":1594.240613253,"data":"VALIDATOR: launching 2 shards on CUDA devices ['0', '1']\n"}
,{"stream_name":"stderr","time":1599.087375226,"data":"/usr/local/lib/python3.12/dist-packages/dask/array/image.py:7: FutureWarning: `find_available_plugins` is deprecated since version 0.25 and will be removed in version 0.27. The plugin infrastructure of `skimage.io` is deprecated. Instead, use `imageio` or other I/O packages directly.\n"}
,{"stream_name":"stderr","time":1599.087417005,"data":"  from skimage.io import imread as sk_imread\n"}
,{"stream_name":"stderr","time":1599.093167437,"data":"/usr/lib/python3.12/importlib/__init__.py:90: FutureWarning: `reset_plugins` is deprecated since version 0.25 and will be removed in version 0.27. The plugin infrastructure of `skimage.io` is deprecated. Instead, use `imageio` or other I/O packages directly.\n"}
,{"stream_name":"stderr","time":1599.093219495,"data":"  return _bootstrap._gcd_import(name[level:], package, level)\n"}
,{"stream_name":"stderr","time":1599.134569877,"data":"/usr/local/lib/python3.12/dist-packages/dask/array/image.py:7: FutureWarning: `find_available_plugins` is deprecated since version 0.25 and will be removed in version 0.27. The plugin infrastructure of `skimage.io` is deprecated. Instead, use `imageio` or other I/O packages directly.\n"}
,{"stream_name":"stderr","time":1599.134607291,"data":"  from skimage.io import imread as sk_imread\n"}
,{"stream_name":"stderr","time":1599.140091218,"data":"/usr/lib/python3.12/importlib/__init__.py:90: FutureWarning: `reset_plugins` is deprecated since version 0.25 and will be removed in version 0.27. The plugin infrastructure of `skimage.io` is deprecated. Instead, use `imageio` or other I/O packages directly.\n"}
,{"stream_name":"stderr","time":1599.140125572,"data":"  return _bootstrap._gcd_import(name[level:], package, level)\n"}
,{"stream_name":"stderr","time":1599.289976993,"data":"/usr/local/lib/python3.12/dist-packages/dask/array/image.py:7: FutureWarning: `find_available_plugins` is deprecated since version 0.25 and will be removed in version 0.27. The plugin infrastructure of `skimage.io` is deprecated. Instead, use `imageio` or other I/O packages directly.\n"}
,{"stream_name":"stderr","time":1599.290040115,"data":"  from skimage.io import imread as sk_imread\n"}
,{"stream_name":"stderr","time":1599.291526749,"data":"/usr/lib/python3.12/importlib/__init__.py:90: FutureWarning: `reset_plugins` is deprecated since version 0.25 and will be removed in version 0.27. The plugin infrastructure of `skimage.io` is deprecated. Instead, use `imageio` or other I/O packages directly.\n"}
,{"stream_name":"stderr","time":1599.291543536,"data":"  return _bootstrap._gcd_import(name[level:], package, level)\n"}
,{"stream_name":"stderr","time":1599.291559374,"data":"/usr/local/lib/python3.12/dist-packages/dask/array/image.py:7: FutureWarning: `find_available_plugins` is deprecated since version 0.25 and will be removed in version 0.27. The plugin infrastructure of `skimage.io` is deprecated. Instead, use `imageio` or other I/O packages directly.\n"}
,{"stream_name":"stderr","time":1599.2915658,"data":"  from skimage.io import imread as sk_imread\n"}
,{"stream_name":"stderr","time":1599.291570007,"data":"/usr/lib/python3.12/importlib/__init__.py:90: FutureWarning: `reset_plugins` is deprecated since version 0.25 and will be removed in version 0.27. The plugin infrastructure of `skimage.io` is deprecated. Instead, use `imageio` or other I/O packages directly.\n"}
,{"stream_name":"stderr","time":1599.291574416,"data":"  return _bootstrap._gcd_import(name[level:], package, level)\n"}
,{"stream_name":"stderr","time":1599.291578174,"data":"\n"}
,{"stream_name":"stderr","time":1599.291582131,"data":"/usr/local/lib/python3.12/dist-packages/dask/array/image.py:7: FutureWarning: `find_available_plugins` is deprecated since version 0.25 and will be removed in version 0.27. The plugin infrastructure of `skimage.io` is deprecated. Instead, use `imageio` or other I/O packages directly.\n"}
,{"stream_name":"stderr","time":1599.291586613,"data":"  from skimage.io import imread as sk_imread\n"}
,{"stream_name":"stderr","time":1599.291590866,"data":"/usr/lib/python3.12/importlib/__init__.py:90: FutureWarning: `reset_plugins` is deprecated since version 0.25 and will be removed in version 0.27. The plugin infrastructure of `skimage.io` is deprecated. Instead, use `imageio` or other I/O packages directly.\n"}
,{"stream_name":"stderr","time":1599.291595759,"data":"  return _bootstrap._gcd_import(name[level:], package, level)\n"}
,{"stream_name":"stderr","time":1599.291602164,"data":"/usr/local/lib/python3.12/dist-packages/dask/array/image.py:7: FutureWarning: `find_available_plugins` is deprecated since version 0.25 and will be removed in version 0.27. The plugin infrastructure of `skimage.io` is deprecated. Instead, use `imageio` or other I/O packages directly.\n"}
,{"stream_name":"stderr","time":1599.291606892,"data":"  from skimage.io import imread as sk_imread\n"}
,{"stream_name":"stderr","time":1599.291610465,"data":"/usr/lib/python3.12/importlib/__init__.py:90: FutureWarning: `reset_plugins` is deprecated since version 0.25 and will be removed in version 0.27. The plugin infrastructure of `skimage.io` is deprecated. Instead, use `imageio` or other I/O packages directly.\n"}
,{"stream_name":"stderr","time":1599.291615732,"data":"  return _bootstrap._gcd_import(name[level:], package, level)\n"}
,{"stream_name":"stdout","time":1599.690807642,"data":"Secondary model: /kaggle/working/secondary_seed_weights/unet_transformer/split_0/edge_predictor_best.pth | edge weight=0.150 | detection weight=0.800 | link mode=low_margin_consensus | temperature=1.000 | low-margin max=0.350 | edge threshold=0.480\n"}
,{"stream_name":"stdout","time":1599.690850863,"data":"Fold 0: 4 datasets | weights=weights/unet_transformer/split_0/edge_predictor_best.pth | device=cuda | window_size=2 | pool_kernel_um=3.0\n"}
,{"stream_name":"stdout","time":1599.72483784,"data":"Secondary model: /kaggle/working/secondary_seed_weights/unet_transformer/split_0/edge_predictor_best.pth | edge weight=0.150 | detection weight=0.800 | link mode=low_margin_consensus | temperature=1.000 | low-margin max=0.350 | edge threshold=0.480\n"}
,{"stream_name":"stdout","time":1599.724897216,"data":"Fold 0: 4 datasets | weights=weights/unet_transformer/split_0/edge_predictor_best.pth | device=cuda | window_size=2 | pool_kernel_um=3.0\n"}
,{"stream_name":"stdout","time":1599.89304185,"data":"Secondary model: /kaggle/working/secondary_seed_weights/unet_transformer/split_0/edge_predictor_best.pth | edge weight=0.150 | detection weight=0.800 | link mode=low_margin_consensus | temperature=1.000 | low-margin max=0.350 | edge threshold=0.480\n"}
,{"stream_name":"stdout","time":1599.893096579,"data":"Fold 0: 4 datasets | weights=weights/unet_transformer/split_0/edge_predictor_best.pth | device=cuda | window_size=2 | pool_kernel_um=3.0\n"}
,{"stream_name":"stdout","time":1599.893103009,"data":"Secondary model: /kaggle/working/secondary_seed_weights/unet_transformer/split_0/edge_predictor_best.pth | edge weight=0.150 | detection weight=0.800 | link mode=low_margin_consensus | temperature=1.000 | low-margin max=0.350 | edge threshold=0.480\n"}
,{"stream_name":"stdout","time":1599.893107611,"data":"Fold 0: 4 datasets | weights=weights/unet_transformer/split_0/edge_predictor_best.pth | device=cuda | window_size=2 | pool_kernel_um=3.0\n"}
,{"stream_name":"stdout","time":1601.127663633,"data":"EDGE_TTA_ACTIVE views= 8 mean_abs_feat_delta= 0.392767\n"}
,{"stream_name":"stdout","time":1601.192042408,"data":"EDGE_TTA_ACTIVE views= 8 mean_abs_feat_delta= 0.34981\n"}
,{"stream_name":"stdout","time":1601.330327579,"data":"EDGE_TTA_ACTIVE views= 8 mean_abs_feat_delta= 0.392767\n"}
,{"stream_name":"stdout","time":1601.33036487,"data":"EDGE_TTA_ACTIVE views= 8 mean_abs_feat_delta= 0.34981\n"}
,{"stream_name":"stdout","time":1602.671404583,"data":"PUBLIC946_GPU_SMOKE {\"arm\": \"C2\", \"association\": {\"actual_primary_logits_after_original_harmonic_fusion\": {\"all_finite\": true, \"device\": \"cuda:0\", \"dtype\": \"torch.float32\", \"numel\": 35156, \"shape\": [1, 187, 188], \"stride\": [35156, 188, 1]}, \"actual_secondary_feature_consumed\": true, \"actual_secondary_logits\": {\"all_finite\": true, \"device\": \"cuda:0\", \"dtype\": \"torch.float32\", \"numel\": 35156, \"shape\": [1, 187, 188], \"stride\": [35156, 188, 1]}, \"coordinate_grid\": {\"downsample\": [1.0, 4.0, 4.0], \"source\": {\"device\": \"cuda:0\", \"dtype\": \"torch.float32\", \"numel\": 561, \"shape\": [1, 187, 3], \"stride\": [187, 1, 187]}, \"target\": {\"device\": \"cuda:0\", \"dtype\": \"torch.float32\", \"numel\": 564, \"shape\": [1, 188, 3], \"stride\": [188, 1, 188]}}, \"diagnostic_edge_head_calls\": 1, \"diagnostic_encoder_calls\": 0, \"diagnostic_probabilities_used_in_production\": false, \"diagnostic_seconds\": 0.009900667000010799, \"frame_pair_index\": 0, \"primary_source_sampled_features\": {\"all_finite\": true, \"device\": \"cuda:0\", \"dtype\": \"torch.float32\", \"numel\": 5984, \"shape\": [1, 187, 32], \"stride\": [5984, 32, 1]}, \"primary_target_sampled_features\": {\"all_finite\": true, \"device\": \"cuda:0\", \"dtype\": \"torch.float32\", \"numel\": 6016, \"shape\": [1, 188, 32], \"stride\": [6016, 32, 1]}, \"probability_comparison_stage\": \"secondary edge-head softmax over parents, before original calibration and low-margin mixing\", \"probability_delta_vs_single_pass_same_coordinates\": {\"sample_elements\": 35156, \"sample_equal\": false, \"sample_max_abs_delta\": 0.6011918783187866, \"sample_mean_abs_delta\": 0.0007786832866258919, \"sample_stride\": 1}, \"production_calls\": 1, \"same_low_margin_config\": {\"secondary_detection_weight\": 0.8, \"secondary_edge_weight\": 0.15, \"secondary_link_mode\": \"low_margin_consensus\"}, \"source_delta_vs_single_pass\": {\"sample_elements\": 5984, \"sample_equal\": false, \"sample_max_abs_delta\": 0.6695600748062134, \"sample_mean_abs_delta\": 0.11331935971975327, \"sample_stride\": 1}, \"source_sampled_features\": {\"all_finite\": true, \"device\": \"cuda:0\", \"dtype\": \"torch.float32\", \"numel\": 5984, \"shape\": [1, 187, 32], \"stride\": [5984, 32, 1]}, \"target_delta_vs_single_pass\": {\"sample_elements\": 6016, \"sample_equal\": false, \"sample_max_abs_delta\": 0.7099311351776123, \"sample_mean_abs_delta\": 0.12071628123521805, \"sample_stride\": 1}, \"target_sampled_features\": {\"all_finite\": true, \"device\": \"cuda:0\", \"dtype\": \"torch.float32\", \"numel\": 6016, \"shape\": [1, 188, 32], \"stride\": [6016, 32, 1]}}, \"association_calls\": 1, \"config\": {\"secondary_detection_weight\": 0.8, \"secondary_edge_weight\": 0.15, \"secondary_link_mode\": \"low_margin_consensus\"}, \"consumed_features\": {\"primary\": {\"all_finite\": true, \"delta_vs_single_pass\": {\"sample_elements\": 65536, \"sample_equal\": false, \"sample_max_abs_delta\": 1.4257333278656006, \"sample_mean_abs_delta\": 0.3159799575805664, \"sample_stride\": 256}, \"device\": \"cuda:0\", \"dtype\": \"torch.float32\", \"numel\": 16777216, \"original_encoded_feature_sample_unchanged\": true, \"same_storage_as_original\": false, \"shape\": [1, 2, 32, 64, 64, 64], \"single_pass\": {\"device\": \"cuda:0\", \"dtype\": \"torch.float32\", \"numel\": 16777216, \"shape\": [1, 2, 32, 64, 64, 64], \"stride\": [16777216, 8388608, 262144, 4096, 64, 1]}, \"stride\": [16777216, 8388608, 262144, 4096, 64, 1]}, \"secondary\": {\"all_finite\": true, \"delta_vs_single_pass\": {\"sample_elements\": 65536, \"sample_equal\": false, \"sample_max_abs_delta\": 1.020381212234497, \"sample_mean_abs_delta\": 0.2501334547996521, \"sample_stride\": 256}, \"device\": \"cuda:0\", \"dtype\": \"torch.float32\", \"numel\": 16777216, \"original_encoded_feature_sample_unchanged\": true, \"same_storage_as_original\": false, \"shape\": [1, 2, 32, 64, 64, 64], \"single_pass\": {\"device\": \"cuda:0\", \"dtype\": \"torch.float32\", \"numel\": 16777216, \"shape\": [1, 2, 32, 64, 64, 64], \"stride\": [16777216, 8388608, 262144, 4096, 64, 1]}, \"stride\": [16777216, 8388608, 262144, 4096, 64, 1]}}, \"consumed_heatmaps\": [{\"all_finite\": true, \"device\": \"cuda:0\", \"dtype\": \"torch.float32\", \"numel\": 262144, \"shape\": [1, 1, 64, 64, 64], \"stride\": [262144, 262144, 4096, 64, 1]}, {\"all_finite\": true, \"device\": \"cuda:0\", \"dtype\": \"torch.float32\", \"numel\": 262144, \"shape\": [1, 1, 64, 64, 64], \"stride\": [262144, 262144, 4096, 64, 1]}], \"cuda_peak_allocated_bytes_process\": 728221696, \"cuda_peak_reserved_bytes_process\": 966787072, \"dataset\": \"44b6_267148e4\", \"encode_calls\": {\"primary\": 8, \"secondary\": 8}, \"encode_seconds\": {\"primary\": 1.1931403410001167, \"secondary\": 0.8525780650002162}, \"encode_views\": [{\"feature\": {\"device\": \"cuda:0\", \"dtype\": \"torch.float32\", \"numel\": 16777216, \"shape\": [1, 2, 32, 64, 64, 64], \"stride\": [16777216, 8388608, 262144, 4096, 64, 1]}, \"heatmap0\": {\"device\": \"cuda:0\", \"dtype\": \"torch.float32\", \"numel\": 262144, \"shape\": [1, 1, 64, 64, 64], \"stride\": [262144, 262144, 4096, 64, 1]}, \"input\": {\"device\": \"cuda:0\", \"dtype\": \"torch.float32\", \"numel\": 524288, \"shape\": [1, 2, 64, 64, 64], \"stride\": [524288, 262144, 4096, 64, 1]}, \"pass\": 1, \"role\": \"primary\"}, {\"feature\": {\"device\": \"cuda:0\", \"dtype\": \"torch.float32\", \"numel\": 16777216, \"shape\": [1, 2, 32, 64, 64, 64], \"stride\": [16777216, 8388608, 262144, 4096, 64, 1]}, \"heatmap0\": {\"device\": \"cuda:0\", \"dtype\": \"torch.float32\", \"numel\": 262144, \"shape\": [1, 1, 64, 64, 64], \"stride\": [262144, 262144, 4096, 64, 1]}, \"input\": {\"device\": \"cuda:0\", \"dtype\": \"torch.float32\", \"numel\": 524288, \"shape\": [1, 2, 64, 64, 64], \"stride\": [524288, 262144, 4096, 64, 1]}, \"pass\": 2, \"role\": \"primary\"}, {\"feature\": {\"device\": \"cuda:0\", \"dtype\": \"torch.float32\", \"numel\": 16777216, \"shape\": [1, 2, 32, 64, 64, 64], \"stride\": [16777216, 8388608, 262144, 4096, 64, 1]}, \"heatmap0\": {\"device\": \"cuda:0\", \"dtype\": \"torch.float32\", \"numel\": 262144, \"shape\": [1, 1, 64, 64, 64], \"stride\": [262144, 262144, 4096, 64, 1]}, \"input\": {\"device\": \"cuda:0\", \"dtype\": \"torch.float32\", \"numel\": 524288, \"shape\": [1, 2, 64, 64, 64], \"stride\": [524288, 262144, 4096, 64, 1]}, \"pass\": 3, \"role\": \"primary\"}, {\"feature\": {\"device\": \"cuda:0\", \"dtype\": \"torch.float32\", \"numel\": 16777216, \"shape\": [1, 2, 32, 64, 64, 64], \"stride\": [16777216, 8388608, 262144, 4096, 64, 1]}, \"heatmap0\": {\"device\": \"cuda:0\", \"dtype\": \"torch.float32\", \"numel\": 262144, \"shape\": [1, 1, 64, 64, 64], \"stride\": [262144, 262144, 4096, 64, 1]}, \"input\": {\"device\": \"cuda:0\", \"dtype\": \"torch.float32\", \"numel\": 524288, \"shape\": [1, 2, 64, 64, 64], \"stride\": [524288, 262144, 4096, 64, 1]}, \"pass\": 4, \"role\": \"primary\"}, {\"feature\": {\"device\": \"cuda:0\", \"dtype\": \"torch.float32\", \"numel\": 16777216, \"shape\": [1, 2, 32, 64, 64, 64], \"stride\": [16777216, 8388608, 262144, 4096, 64, 1]}, \"heatmap0\": {\"device\": \"cuda:0\", \"dtype\": \"torch.float32\", \"numel\": 262144, \"shape\": [1, 1, 64, 64, 64], \"stride\": [262144, 262144, 4096, 64, 1]}, \"input\": {\"device\": \"cuda:0\", \"dtype\": \"torch.float32\", \"numel\": 524288, \"shape\": [1, 2, 64, 64, 64], \"stride\": [524288, 262144, 4096, 1, 64]}, \"pass\": 5, \"role\": \"primary\"}, {\"feature\": {\"device\": \"cuda:0\", \"dtype\": \"torch.float32\", \"numel\": 16777216, \"shape\": [1, 2, 32, 64, 64, 64], \"stride\": [16777216, 8388608, 262144, 4096, 64, 1]}, \"heatmap0\": {\"device\": \"cuda:0\", \"dtype\": \"torch.float32\", \"numel\": 262144, \"shape\": [1, 1, 64, 64, 64], \"stride\": [262144, 262144, 4096, 64, 1]}, \"input\": {\"device\": \"cuda:0\", \"dtype\": \"torch.float32\", \"numel\": 524288, \"shape\": [1, 2, 64, 64, 64], \"stride\": [524288, 262144, 4096, 1, 64]}, \"pass\": 6, \"role\": \"primary\"}, {\"feature\": {\"device\": \"cuda:0\", \"dtype\": \"torch.float32\", \"numel\": 16777216, \"shape\": [1, 2, 32, 64, 64, 64], \"stride\": [16777216, 8388608, 262144, 4096, 64, 1]}, \"heatmap0\": {\"device\": \"cuda:0\", \"dtype\": \"torch.float32\", \"numel\": 262144, \"shape\": [1, 1, 64, 64, 64], \"stride\": [262144, 262144, 4096, 64, 1]}, \"input\": {\"device\": \"cuda:0\", \"dtype\": \"torch.float32\", \"numel\": 524288, \"shape\": [1, 2, 64, 64, 64], \"stride\": [524288, 262144, 4096, 1, 64]}, \"pass\": 7, \"role\": \"primary\"}, {\"feature\": {\"device\": \"cuda:0\", \"dtype\": \"torch.float32\", \"numel\": 16777216, \"shape\": [1, 2, 32, 64, 64, 64], \"stride\": [16777216, 8388608, 262144, 4096, 64, 1]}, \"heatmap0\": {\"device\": \"cuda:0\", \"dtype\": \"torch.float32\", \"numel\": 262144, \"shape\": [1, 1, 64, 64, 64], \"stride\": [262144, 262144, 4096, 64, 1]}, \"input\": {\"device\": \"cuda:0\", \"dtype\": \"torch.float32\", \"numel\": 524288, \"shape\": [1, 2, 64, 64, 64], \"stride\": [524288, 262144, 4096, 64, 1]}, \"pass\": 8, \"role\": \"primary\"}, {\"feature\": {\"device\": \"cuda:0\", \"dtype\": \"torch.float32\", \"numel\": 16777216, \"shape\": [1, 2, 32, 64, 64, 64], \"stride\": [16777216, 8388608, 262144, 4096, 64, 1]}, \"heatmap0\": {\"device\": \"cuda:0\", \"dtype\": \"torch.float32\", \"numel\": 262144, \"shape\": [1, 1, 64, 64, 64], \"stride\": [262144, 262144, 4096, 64, 1]}, \"input\": {\"device\": \"cuda:0\", \"dtype\": \"torch.float32\", \"numel\": 524288, \"shape\": [1, 2, 64, 64, 64], \"stride\": [524288, 262144, 4096, 64, 1]}, \"pass\": 1, \"role\": \"secondary\"}, {\"feature\": {\"device\": \"cuda:0\", \"dtype\": \"torch.float32\", \"numel\": 16777216, \"shape\": [1, 2, 32, 64, 64, 64], \"stride\": [16777216, 8388608, 262144, 4096, 64, 1]}, \"heatmap0\": {\"device\": \"cuda:0\", \"dtype\": \"torch.float32\", \"numel\": 262144, \"shape\": [1, 1, 64, 64, 64], \"stride\": [262144, 262144, 4096, 64, 1]}, \"input\": {\"device\": \"cuda:0\", \"dtype\": \"torch.float32\", \"numel\": 524288, \"shape\": [1, 2, 64, 64, 64], \"stride\": [524288, 262144, 4096, 64, 1]}, \"pass\": 2, \"role\": \"secondary\"}, {\"feature\": {\"device\": \"cuda:0\", \"dtype\": \"torch.float32\", \"numel\": 16777216, \"shape\": [1, 2, 32, 64, 64, 64], \"stride\": [16777216, 8388608, 262144, 4096, 64, 1]}, \"heatmap0\": {\"device\": \"cuda:0\", \"dtype\": \"torch.float32\", \"numel\": 262144, \"shape\": [1, 1, 64, 64, 64], \"stride\": [262144, 262144, 4096, 64, 1]}, \"input\": {\"device\": \"cuda:0\", \"dtype\": \"torch.float32\", \"numel\": 524288, \"shape\": [1, 2, 64, 64, 64], \"stride\": [524288, 262144, 4096, 64, 1]}, \"pass\": 3, \"role\": \"secondary\"}, {\"feature\": {\"device\": \"cuda:0\", \"dtype\": \"torch.float32\", \"numel\": 16777216, \"shape\": [1, 2, 32, 64, 64, 64], \"stride\": [16777216, 8388608, 262144, 4096, 64, 1]}, \"heatmap0\": {\"device\": \"cuda:0\", \"dtype\": \"torch.float32\", \"numel\": 262144, \"shape\": [1, 1, 64, 64, 64], \"stride\": [262144, 262144, 4096, 64, 1]}, \"input\": {\"device\": \"cuda:0\", \"dtype\": \"torch.float32\", \"numel\": 524288, \"shape\": [1, 2, 64, 64, 64], \"stride\": [524288, 262144, 4096, 64, 1]}, \"pass\": 4, \"role\": \"secondary\"}, {\"feature\": {\"device\": \"cuda:0\", \"dtype\": \"torch.float32\", \"numel\": 16777216, \"shape\": [1, 2, 32, 64, 64, 64], \"stride\": [16777216, 8388608, 262144, 4096, 64, 1]}, \"heatmap0\": {\"device\": \"cuda:0\", \"dtype\": \"torch.float32\", \"numel\": 262144, \"shape\": [1, 1, 64, 64, 64], \"stride\": [262144, 262144, 4096, 64, 1]}, \"input\": {\"device\": \"cuda:0\", \"dtype\": \"torch.float32\", \"numel\": 524288, \"shape\": [1, 2, 64, 64, 64], \"stride\": [524288, 262144, 4096, 1, 64]}, \"pass\": 5, \"role\": \"secondary\"}, {\"feature\": {\"device\": \"cuda:0\", \"dtype\": \"torch.float32\", \"numel\": 16777216, \"shape\": [1, 2, 32, 64, 64, 64], \"stride\": [16777216, 8388608, 262144, 4096, 64, 1]}, \"heatmap0\": {\"device\": \"cuda:0\", \"dtype\": \"torch.float32\", \"numel\": 262144, \"shape\": [1, 1, 64, 64, 64], \"stride\": [262144, 262144, 4096, 64, 1]}, \"input\": {\"device\": \"cuda:0\", \"dtype\": \"torch.float32\", \"numel\": 524288, \"shape\": [1, 2, 64, 64, 64], \"stride\": [524288, 262144, 4096, 1, 64]}, \"pass\": 6, \"role\": \"secondary\"}, {\"feature\": {\"device\": \"cuda:0\", \"dtype\": \"torch.float32\", \"numel\": 16777216, \"shape\": [1, 2, 32, 64, 64, 64], \"stride\": [16777216, 8388608, 262144, 4096, 64, 1]}, \"heatmap0\": {\"device\": \"cuda:0\", \"dtype\": \"torch.float32\", \"numel\": 262144, \"shape\": [1, 1, 64, 64, 64], \"stride\": [262144, 262144, 4096, 64, 1]}, \"input\": {\"device\": \"cuda:0\", \"dtype\": \"torch.float32\", \"numel\": 524288, \"shape\": [1, 2, 64, 64, 64], \"stride\": [524288, 262144, 4096, 1, 64]}, \"pass\": 7, \"role\": \"secondary\"}, {\"feature\": {\"device\": \"cuda:0\", \"dtype\": \"torch.float32\", \"numel\": 16777216, \"shape\": [1, 2, 32, 64, 64, 64], \"stride\": [16777216, 8388608, 262144, 4096, 64, 1]}, \"heatmap0\": {\"device\": \"cuda:0\", \"dtype\": \"torch.float32\", \"numel\": 262144, \"shape\": [1, 1, 64, 64, 64], \"stride\": [262144, 262144, 4096, 64, 1]}, \"input\": {\"device\": \"cuda:0\", \"dtype\": \"torch.float32\", \"numel\": 524288, \"shape\": [1, 2, 64, 64, 64], \"stride\": [524288, 262144, 4096, 64, 1]}, \"pass\": 8, \"role\": \"secondary\"}], \"event\": \"actual_predictor_window\", \"frames\": [0, 1], \"input\": {\"all_finite\": true, \"device\": \"cuda:0\", \"dtype\": \"torch.float32\", \"numel\": 524288, \"shape\": [1, 2, 64, 64, 64], \"stride\": [524288, 262144, 4096, 64, 1]}, \"input_parent\": \"/kaggle/input/competitions/biohub-cell-tracking-during-development/train\", \"seconds_including_common_audit\": 2.837451751999879, \"window_index\": 1, \"worker_execution_settings\": {\"autocast_enabled\": false, \"cuda_runtime\": \"12.8\", \"cudnn_allow_tf32\": true, \"cudnn_benchmark\": false, \"cudnn_deterministic\": false, \"default_dtype\": \"torch.float32\", \"deterministic_algorithms\": false, \"float32_matmul_precision\": \"highest\", \"gpu_name\": \"Tesla T4\", \"grad_enabled\": false, \"matmul_allow_tf32\": false, \"torch_initial_seed\": 3060857717345029780, \"torch_version\": \"2.10.0+cu128\"}}\n"}
,{"stream_name":"stdout","time":1602.860190632,"data":"PUBLIC946_GPU_SMOKE {\"arm\": \"C2\", \"association\": {\"actual_primary_logits_after_original_harmonic_fusion\": {\"all_finite\": true, \"device\": \"cuda:0\", \"dtype\": \"torch.float32\", \"numel\": 181902, \"shape\": [1, 426, 427], \"stride\": [181902, 427, 1]}, \"actual_secondary_feature_consumed\": true, \"actual_secondary_logits\": {\"all_finite\": true, \"device\": \"cuda:0\", \"dtype\": \"torch.float32\", \"numel\": 181902, \"shape\": [1, 426, 427], \"stride\": [181902, 427, 1]}, \"coordinate_grid\": {\"downsample\": [1.0, 4.0, 4.0], \"source\": {\"device\": \"cuda:0\", \"dtype\": \"torch.float32\", \"numel\": 1278, \"shape\": [1, 426, 3], \"stride\": [426, 1, 426]}, \"target\": {\"device\": \"cuda:0\", \"dtype\": \"torch.float32\", \"numel\": 1281, \"shape\": [1, 427, 3], \"stride\": [427, 1, 427]}}, \"diagnostic_edge_head_calls\": 1, \"diagnostic_encoder_calls\": 0, \"diagnostic_probabilities_used_in_production\": false, \"diagnostic_seconds\": 0.018084158999954525, \"frame_pair_index\": 0, \"primary_source_sampled_features\": {\"all_finite\": true, \"device\": \"cuda:0\", \"dtype\": \"torch.float32\", \"numel\": 13632, \"shape\": [1, 426, 32], \"stride\": [13632, 32, 1]}, \"primary_target_sampled_features\": {\"all_finite\": true, \"device\": \"cuda:0\", \"dtype\": \"torch.float32\", \"numel\": 13664, \"shape\": [1, 427, 32], \"stride\": [13664, 32, 1]}, \"probability_comparison_stage\": \"secondary edge-head softmax over parents, before original calibration and low-margin mixing\", \"probability_delta_vs_single_pass_same_coordinates\": {\"sample_elements\": 65536, \"sample_equal\": false, \"sample_max_abs_delta\": 0.8438096046447754, \"sample_mean_abs_delta\": 0.0002964520244859159, \"sample_stride\": 2}, \"production_calls\": 1, \"same_low_margin_config\": {\"secondary_detection_weight\": 0.8, \"secondary_edge_weight\": 0.15, \"secondary_link_mode\": \"low_margin_consensus\"}, \"source_delta_vs_single_pass\": {\"sample_elements\": 13632, \"sample_equal\": false, \"sample_max_abs_delta\": 1.074328899383545, \"sample_mean_abs_delta\": 0.14431899785995483, \"sample_stride\": 1}, \"source_sampled_features\": {\"all_finite\": true, \"device\": \"cuda:0\", \"dtype\": \"torch.float32\", \"numel\": 13632, \"shape\": [1, 426, 32], \"stride\": [13632, 32, 1]}, \"target_delta_vs_single_pass\": {\"sample_elements\": 13664, \"sample_equal\": false, \"sample_max_abs_delta\": 0.816380500793457, \"sample_mean_abs_delta\": 0.13694755733013153, \"sample_stride\": 1}, \"target_sampled_features\": {\"all_finite\": true, \"device\": \"cuda:0\", \"dtype\": \"torch.float32\", \"numel\": 13664, \"shape\": [1, 427, 32], \"stride\": [13664, 32, 1]}}, \"association_calls\": 1, \"config\": {\"secondary_detection_weight\": 0.8, \"secondary_edge_weight\": 0.15, \"secondary_link_mode\": \"low_margin_consensus\"}, \"consumed_features\": {\"primary\": {\"all_finite\": true, \"delta_vs_single_pass\": {\"sample_elements\": 65536, \"sample_equal\": false, \"sample_max_abs_delta\": 1.9425493478775024, \"sample_mean_abs_delta\": 0.3768840432167053, \"sample_stride\": 256}, \"device\": \"cuda:0\", \"dtype\": \"torch.float32\", \"numel\": 16777216, \"original_encoded_feature_sample_unchanged\": true, \"same_storage_as_original\": false, \"shape\": [1, 2, 32, 64, 64, 64], \"single_pass\": {\"device\": \"cuda:0\", \"dtype\": \"torch.float32\", \"numel\": 16777216, \"shape\": [1, 2, 32, 64, 64, 64], \"stride\": [16777216, 8388608, 262144, 4096, 64, 1]}, \"stride\": [16777216, 8388608, 262144, 4096, 64, 1]}, \"secondary\": {\"all_finite\": true, \"delta_vs_single_pass\": {\"sample_elements\": 65536, \"sample_equal\": false, \"sample_max_abs_delta\": 1.1324741840362549, \"sample_mean_abs_delta\": 0.2307649850845337, \"sample_stride\": 256}, \"device\": \"cuda:0\", \"dtype\": \"torch.float32\", \"numel\": 16777216, \"original_encoded_feature_sample_unchanged\": true, \"same_storage_as_original\": false, \"shape\": [1, 2, 32, 64, 64, 64], \"single_pass\": {\"device\": \"cuda:0\", \"dtype\": \"torch.float32\", \"numel\": 16777216, \"shape\": [1, 2, 32, 64, 64, 64], \"stride\": [16777216, 8388608, 262144, 4096, 64, 1]}, \"stride\": [16777216, 8388608, 262144, 4096, 64, 1]}}, \"consumed_heatmaps\": [{\"all_finite\": true, \"device\": \"cuda:0\", \"dtype\": \"torch.float32\", \"numel\": 262144, \"shape\": [1, 1, 64, 64, 64], \"stride\": [262144, 262144, 4096, 64, 1]}, {\"all_finite\": true, \"device\": \"cuda:0\", \"dtype\": \"torch.float32\", \"numel\": 262144, \"shape\": [1, 1, 64, 64, 64], \"stride\": [262144, 262144, 4096, 64, 1]}], \"cuda_peak_allocated_bytes_process\": 728221696, \"cuda_peak_reserved_bytes_process\": 970981376, \"dataset\": \"44b6_12dfb391\", \"encode_calls\": {\"primary\": 8, \"secondary\": 8}, \"encode_seconds\": {\"primary\": 1.2206823850001456, \"secondary\": 0.9308337810000467}, \"encode_views\": [{\"feature\": {\"device\": \"cuda:0\", \"dtype\": \"torch.float32\", \"numel\": 16777216, \"shape\": [1, 2, 32, 64, 64, 64], \"stride\": [16777216, 8388608, 262144, 4096, 64, 1]}, \"heatmap0\": {\"device\": \"cuda:0\", \"dtype\": \"torch.float32\", \"numel\": 262144, \"shape\": [1, 1, 64, 64, 64], \"stride\": [262144, 262144, 4096, 64, 1]}, \"input\": {\"device\": \"cuda:0\", \"dtype\": \"torch.float32\", \"numel\": 524288, \"shape\": [1, 2, 64, 64, 64], \"stride\": [524288, 262144, 4096, 64, 1]}, \"pass\": 1, \"role\": \"primary\"}, {\"feature\": {\"device\": \"cuda:0\", \"dtype\": \"torch.float32\", \"numel\": 16777216, \"shape\": [1, 2, 32, 64, 64, 64], \"stride\": [16777216, 8388608, 262144, 4096, 64, 1]}, \"heatmap0\": {\"device\": \"cuda:0\", \"dtype\": \"torch.float32\", \"numel\": 262144, \"shape\": [1, 1, 64, 64, 64], \"stride\": [262144, 262144, 4096, 64, 1]}, \"input\": {\"device\": \"cuda:0\", \"dtype\": \"torch.float32\", \"numel\": 524288, \"shape\": [1, 2, 64, 64, 64], \"stride\": [524288, 262144, 4096, 64, 1]}, \"pass\": 2, \"role\": \"primary\"}, {\"feature\": {\"device\": \"cuda:0\", \"dtype\": \"torch.float32\", \"numel\": 16777216, \"shape\": [1, 2, 32, 64, 64, 64], \"stride\": [16777216, 8388608, 262144, 4096, 64, 1]}, \"heatmap0\": {\"device\": \"cuda:0\", \"dtype\": \"torch.float32\", \"numel\": 262144, \"shape\": [1, 1, 64, 64, 64], \"stride\": [262144, 262144, 4096, 64, 1]}, \"input\": {\"device\": \"cuda:0\", \"dtype\": \"torch.float32\", \"numel\": 524288, \"shape\": [1, 2, 64, 64, 64], \"stride\": [524288, 262144, 4096, 64, 1]}, \"pass\": 3, \"role\": \"primary\"}, {\"feature\": {\"device\": \"cuda:0\", \"dtype\": \"torch.float32\", \"numel\": 16777216, \"shape\": [1, 2, 32, 64, 64, 64], \"stride\": [16777216, 8388608, 262144, 4096, 64, 1]}, \"heatmap0\": {\"device\": \"cuda:0\", \"dtype\": \"torch.float32\", \"numel\": 262144, \"shape\": [1, 1, 64, 64, 64], \"stride\": [262144, 262144, 4096, 64, 1]}, \"input\": {\"device\": \"cuda:0\", \"dtype\": \"torch.float32\", \"numel\": 524288, \"shape\": [1, 2, 64, 64, 64], \"stride\": [524288, 262144, 4096, 64, 1]}, \"pass\": 4, \"role\": \"primary\"}, {\"feature\": {\"device\": \"cuda:0\", \"dtype\": \"torch.float32\", \"numel\": 16777216, \"shape\": [1, 2, 32, 64, 64, 64], \"stride\": [16777216, 8388608, 262144, 4096, 64, 1]}, \"heatmap0\": {\"device\": \"cuda:0\", \"dtype\": \"torch.float32\", \"numel\": 262144, \"shape\": [1, 1, 64, 64, 64], \"stride\": [262144, 262144, 4096, 64, 1]}, \"input\": {\"device\": \"cuda:0\", \"dtype\": \"torch.float32\", \"numel\": 524288, \"shape\": [1, 2, 64, 64, 64], \"stride\": [524288, 262144, 4096, 1, 64]}, \"pass\": 5, \"role\": \"primary\"}, {\"feature\": {\"device\": \"cuda:0\", \"dtype\": \"torch.float32\", \"numel\": 16777216, \"shape\": [1, 2, 32, 64, 64, 64], \"stride\": [16777216, 8388608, 262144, 4096, 64, 1]}, \"heatmap0\": {\"device\": \"cuda:0\", \"dtype\": \"torch.float32\", \"numel\": 262144, \"shape\": [1, 1, 64, 64, 64], \"stride\": [262144, 262144, 4096, 64, 1]}, \"input\": {\"device\": \"cuda:0\", \"dtype\": \"torch.float32\", \"numel\": 524288, \"shape\": [1, 2, 64, 64, 64], \"stride\": [524288, 262144, 4096, 1, 64]}, \"pass\": 6, \"role\": \"primary\"}, {\"feature\": {\"device\": \"cuda:0\", \"dtype\": \"torch.float32\", \"numel\": 16777216, \"shape\": [1, 2, 32, 64, 64, 64], \"stride\": [16777216, 8388608, 262144, 4096, 64, 1]}, \"heatmap0\": {\"device\": \"cuda:0\", \"dtype\": \"torch.float32\", \"numel\": 262144, \"shape\": [1, 1, 64, 64, 64], \"stride\": [262144, 262144, 4096, 64, 1]}, \"input\": {\"device\": \"cuda:0\", \"dtype\": \"torch.float32\", \"numel\": 524288, \"shape\": [1, 2, 64, 64, 64], \"stride\": [524288, 262144, 4096, 1, 64]}, \"pass\": 7, \"role\": \"primary\"}, {\"feature\": {\"device\": \"cuda:0\", \"dtype\": \"torch.float32\", \"numel\": 16777216, \"shape\": [1, 2, 32, 64, 64, 64], \"stride\": [16777216, 8388608, 262144, 4096, 64, 1]}, \"heatmap0\": {\"device\": \"cuda:0\", \"dtype\": \"torch.float32\", \"numel\": 262144, \"shape\": [1, 1, 64, 64, 64], \"stride\": [262144, 262144, 4096, 64, 1]}, \"input\": {\"device\": \"cuda:0\", \"dtype\": \"torch.float32\", \"numel\": 524288, \"shape\": [1, 2, 64, 64, 64], \"stride\": [524288, 262144, 4096, 64, 1]}, \"pass\": 8, \"role\": \"primary\"}, {\"feature\": {\"device\": \"cuda:0\", \"dtype\": \"torch.float32\", \"numel\": 16777216, \"shape\": [1, 2, 32, 64, 64, 64], \"stride\": [16777216, 8388608, 262144, 4096, 64, 1]}, \"heatmap0\": {\"device\": \"cuda:0\", \"dtype\": \"torch.float32\", \"numel\": 262144, \"shape\": [1, 1, 64, 64, 64], \"stride\": [262144, 262144, 4096, 64, 1]}, \"input\": {\"device\": \"cuda:0\", \"dtype\": \"torch.float32\", \"numel\": 524288, \"shape\": [1, 2, 64, 64, 64], \"stride\": [524288, 262144, 4096, 64, 1]}, \"pass\": 1, \"role\": \"secondary\"}, {\"feature\": {\"device\": \"cuda:0\", \"dtype\": \"torch.float32\", \"numel\": 16777216, \"shape\": [1, 2, 32, 64, 64, 64], \"stride\": [16777216, 8388608, 262144, 4096, 64, 1]}, \"heatmap0\": {\"device\": \"cuda:0\", \"dtype\": \"torch.float32\", \"numel\": 262144, \"shape\": [1, 1, 64, 64, 64], \"stride\": [262144, 262144, 4096, 64, 1]}, \"input\": {\"device\": \"cuda:0\", \"dtype\": \"torch.float32\", \"numel\": 524288, \"shape\": [1, 2, 64, 64, 64], \"stride\": [524288, 262144, 4096, 64, 1]}, \"pass\": 2, \"role\": \"secondary\"}, {\"feature\": {\"device\": \"cuda:0\", \"dtype\": \"torch.float32\", \"numel\": 16777216, \"shape\": [1, 2, 32, 64, 64, 64], \"stride\": [16777216, 8388608, 262144, 4096, 64, 1]}, \"heatmap0\": {\"device\": \"cuda:0\", \"dtype\": \"torch.float32\", \"numel\": 262144, \"shape\": [1, 1, 64, 64, 64], \"stride\": [262144, 262144, 4096, 64, 1]}, \"input\": {\"device\": \"cuda:0\", \"dtype\": \"torch.float32\", \"numel\": 524288, \"shape\": [1, 2, 64, 64, 64], \"stride\": [524288, 262144, 4096, 64, 1]}, \"pass\": 3, \"role\": \"secondary\"}, {\"feature\": {\"device\": \"cuda:0\", \"dtype\": \"torch.float32\", \"numel\": 16777216, \"shape\": [1, 2, 32, 64, 64, 64], \"stride\": [16777216, 8388608, 262144, 4096, 64, 1]}, \"heatmap0\": {\"device\": \"cuda:0\", \"dtype\": \"torch.float32\", \"numel\": 262144, \"shape\": [1, 1, 64, 64, 64], \"stride\": [262144, 262144, 4096, 64, 1]}, \"input\": {\"device\": \"cuda:0\", \"dtype\": \"torch.float32\", \"numel\": 524288, \"shape\": [1, 2, 64, 64, 64], \"stride\": [524288, 262144, 4096, 64, 1]}, \"pass\": 4, \"role\": \"secondary\"}, {\"feature\": {\"device\": \"cuda:0\", \"dtype\": \"torch.float32\", \"numel\": 16777216, \"shape\": [1, 2, 32, 64, 64, 64], \"stride\": [16777216, 8388608, 262144, 4096, 64, 1]}, \"heatmap0\": {\"device\": \"cuda:0\", \"dtype\": \"torch.float32\", \"numel\": 262144, \"shape\": [1, 1, 64, 64, 64], \"stride\": [262144, 262144, 4096, 64, 1]}, \"input\": {\"device\": \"cuda:0\", \"dtype\": \"torch.float32\", \"numel\": 524288, \"shape\": [1, 2, 64, 64, 64], \"stride\": [524288, 262144, 4096, 1, 64]}, \"pass\": 5, \"role\": \"secondary\"}, {\"feature\": {\"device\": \"cuda:0\", \"dtype\": \"torch.float32\", \"numel\": 16777216, \"shape\": [1, 2, 32, 64, 64, 64], \"stride\": [16777216, 8388608, 262144, 4096, 64, 1]}, \"heatmap0\": {\"device\": \"cuda:0\", \"dtype\": \"torch.float32\", \"numel\": 262144, \"shape\": [1, 1, 64, 64, 64], \"stride\": [262144, 262144, 4096, 64, 1]}, \"input\": {\"device\": \"cuda:0\", \"dtype\": \"torch.float32\", \"numel\": 524288, \"shape\": [1, 2, 64, 64, 64], \"stride\": [524288, 262144, 4096, 1, 64]}, \"pass\": 6, \"role\": \"secondary\"}, {\"feature\": {\"device\": \"cuda:0\", \"dtype\": \"torch.float32\", \"numel\": 16777216, \"shape\": [1, 2, 32, 64, 64, 64], \"stride\": [16777216, 8388608, 262144, 4096, 64, 1]}, \"heatmap0\": {\"device\": \"cuda:0\", \"dtype\": \"torch.float32\", \"numel\": 262144, \"shape\": [1, 1, 64, 64, 64], \"stride\": [262144, 262144, 4096, 64, 1]}, \"input\": {\"device\": \"cuda:0\", \"dtype\": \"torch.float32\", \"numel\": 524288, \"shape\": [1, 2, 64, 64, 64], \"stride\": [524288, 262144, 4096, 1, 64]}, \"pass\": 7, \"role\": \"secondary\"}, {\"feature\": {\"device\": \"cuda:0\", \"dtype\": \"torch.float32\", \"numel\": 16777216, \"shape\": [1, 2, 32, 64, 64, 64], \"stride\": [16777216, 8388608, 262144, 4096, 64, 1]}, \"heatmap0\": {\"device\": \"cuda:0\", \"dtype\": \"torch.float32\", \"numel\": 262144, \"shape\": [1, 1, 64, 64, 64], \"stride\": [262144, 262144, 4096, 64, 1]}, \"input\": {\"device\": \"cuda:0\", \"dtype\": \"torch.float32\", \"numel\": 524288, \"shape\": [1, 2, 64, 64, 64], \"stride\": [524288, 262144, 4096, 64, 1]}, \"pass\": 8, \"role\": \"secondary\"}], \"event\": \"actual_predictor_window\", \"frames\": [0, 1], \"input\": {\"all_finite\": true, \"device\": \"cuda:0\", \"dtype\": \"torch.float32\", \"numel\": 524288, \"shape\": [1, 2, 64, 64, 64], \"stride\": [524288, 262144, 4096, 64, 1]}, \"input_parent\": \"/kaggle/input/competitions/biohub-cell-tracking-during-development/train\", \"seconds_including_common_audit\": 2.991353639999943, \"window_index\": 1, \"worker_execution_settings\": {\"autocast_enabled\": false, \"cuda_runtime\": \"12.8\", \"cudnn_allow_tf32\": true, \"cudnn_benchmark\": false, \"cudnn_deterministic\": false, \"default_dtype\": \"torch.float32\", \"deterministic_algorithms\": false, \"float32_matmul_precision\": \"highest\", \"gpu_name\": \"Tesla T4\", \"grad_enabled\": false, \"matmul_allow_tf32\": false, \"torch_initial_seed\": 16300768204951508060, \"torch_version\": \"2.10.0+cu128\"}}\n"}
,{"stream_name":"stdout","time":1602.874364103,"data":"PUBLIC946_GPU_SMOKE {\"arm\": \"C2\", \"association\": {\"actual_primary_logits_after_original_harmonic_fusion\": {\"all_finite\": true, \"device\": \"cuda:0\", \"dtype\": \"torch.float32\", \"numel\": 35156, \"shape\": [1, 187, 188], \"stride\": [35156, 188, 1]}, \"actual_secondary_feature_consumed\": true, \"actual_secondary_logits\": {\"all_finite\": true, \"device\": \"cuda:0\", \"dtype\": \"torch.float32\", \"numel\": 35156, \"shape\": [1, 187, 188], \"stride\": [35156, 188, 1]}, \"coordinate_grid\": {\"downsample\": [1.0, 4.0, 4.0], \"source\": {\"device\": \"cuda:0\", \"dtype\": \"torch.float32\", \"numel\": 561, \"shape\": [1, 187, 3], \"stride\": [187, 1, 187]}, \"target\": {\"device\": \"cuda:0\", \"dtype\": \"torch.float32\", \"numel\": 564, \"shape\": [1, 188, 3], \"stride\": [188, 1, 188]}}, \"diagnostic_edge_head_calls\": 1, \"diagnostic_encoder_calls\": 0, \"diagnostic_probabilities_used_in_production\": false, \"diagnostic_seconds\": 0.009900667000010799, \"frame_pair_index\": 0, \"primary_source_sampled_features\": {\"all_finite\": true, \"device\": \"cuda:0\", \"dtype\": \"torch.float32\", \"numel\": 5984, \"shape\": [1, 187, 32], \"stride\": [5984, 32, 1]}, \"primary_target_sampled_features\": {\"all_finite\": true, \"device\": \"cuda:0\", \"dtype\": \"torch.float32\", \"numel\": 6016, \"shape\": [1, 188, 32], \"stride\": [6016, 32, 1]}, \"probability_comparison_stage\": \"secondary edge-head softmax over parents, before original calibration and low-margin mixing\", \"probability_delta_vs_single_pass_same_coordinates\": {\"sample_elements\": 35156, \"sample_equal\": false, \"sample_max_abs_delta\": 0.6011918783187866, \"sample_mean_abs_delta\": 0.0007786832866258919, \"sample_stride\": 1}, \"production_calls\": 1, \"same_low_margin_config\": {\"secondary_detection_weight\": 0.8, \"secondary_edge_weight\": 0.15, \"secondary_link_mode\": \"low_margin_consensus\"}, \"source_delta_vs_single_pass\": {\"sample_elements\": 5984, \"sample_equal\": false, \"sample_max_abs_delta\": 0.6695600748062134, \"sample_mean_abs_delta\": 0.11331935971975327, \"sample_stride\": 1}, \"source_sampled_features\": {\"all_finite\": true, \"device\": \"cuda:0\", \"dtype\": \"torch.float32\", \"numel\": 5984, \"shape\": [1, 187, 32], \"stride\": [5984, 32, 1]}, \"target_delta_vs_single_pass\": {\"sample_elements\": 6016, \"sample_equal\": false, \"sample_max_abs_delta\": 0.7099311351776123, \"sample_mean_abs_delta\": 0.12071628123521805, \"sample_stride\": 1}, \"target_sampled_features\": {\"all_finite\": true, \"device\": \"cuda:0\", \"dtype\": \"torch.float32\", \"numel\": 6016, \"shape\": [1, 188, 32], \"stride\": [6016, 32, 1]}}, \"association_calls\": 1, \"config\": {\"secondary_detection_weight\": 0.8, \"secondary_edge_weight\": 0.15, \"secondary_link_mode\": \"low_margin_consensus\"}, \"consumed_features\": {\"primary\": {\"all_finite\": true, \"delta_vs_single_pass\": {\"sample_elements\": 65536, \"sample_equal\": false, \"sample_max_abs_delta\": 1.4257333278656006, \"sample_mean_abs_delta\": 0.3159799575805664, \"sample_stride\": 256}, \"device\": \"cuda:0\", \"dtype\": \"torch.float32\", \"numel\": 16777216, \"original_encoded_feature_sample_unchanged\": true, \"same_storage_as_original\": false, \"shape\": [1, 2, 32, 64, 64, 64], \"single_pass\": {\"device\": \"cuda:0\", \"dtype\": \"torch.float32\", \"numel\": 16777216, \"shape\": [1, 2, 32, 64, 64, 64], \"stride\": [16777216, 8388608, 262144, 4096, 64, 1]}, \"stride\": [16777216, 8388608, 262144, 4096, 64, 1]}, \"secondary\": {\"all_finite\": true, \"delta_vs_single_pass\": {\"sample_elements\": 65536, \"sample_equal\": false, \"sample_max_abs_delta\": 1.020381212234497, \"sample_mean_abs_delta\": 0.2501334547996521, \"sample_stride\": 256}, \"device\": \"cuda:0\", \"dtype\": \"torch.float32\", \"numel\": 16777216, \"original_encoded_feature_sample_unchanged\": true, \"same_storage_as_original\": false, \"shape\": [1, 2, 32, 64, 64, 64], \"single_pass\": {\"device\": \"cuda:0\", \"dtype\": \"torch.float32\", \"numel\": 16777216, \"shape\": [1, 2, 32, 64, 64, 64], \"stride\": [16777216, 8388608, 262144, 4096, 64, 1]}, \"stride\": [16777216, 8388608, 262144, 4096, 64, 1]}}, \"consumed_heatmaps\": [{\"all_finite\": true, \"device\": \"cuda:0\", \"dtype\": \"torch.float32\", \"numel\": 262144, \"shape\": [1, 1, 64, 64, 64], \"stride\": [262144, 262144, 4096, 64, 1]}, {\"all_finite\": true, \"device\": \"cuda:0\", \"dtype\": \"torch.float32\", \"numel\": 262144, \"shape\": [1, 1, 64, 64, 64], \"stride\": [262144, 262144, 4096, 64, 1]}], \"cuda_peak_allocated_bytes_process\": 728221696, \"cuda_peak_reserved_bytes_process\": 966787072, \"dataset\": \"44b6_267148e4\", \"encode_calls\": {\"primary\": 8, \"secondary\": 8}, \"encode_seconds\": {\"primary\": 1.1931403410001167, \"secondary\": 0.8525780650002162}, \"encode_views\": [{\"feature\": {\"device\": \"cuda:0\", \"dtype\": \"torch.float32\", \"numel\": 16777216, \"shape\": [1, 2, 32, 64, 64, 64], \"stride\": [16777216, 8388608, 262144, 4096, 64, 1]}, \"heatmap0\": {\"device\": \"cuda:0\", \"dtype\": \"torch.float32\", \"numel\": 262144, \"shape\": [1, 1, 64, 64, 64], \"stride\": [262144, 262144, 4096, 64, 1]}, \"input\": {\"device\": \"cuda:0\", \"dtype\": \"torch.float32\", \"numel\": 524288, \"shape\": [1, 2, 64, 64, 64], \"stride\": [524288, 262144, 4096, 64, 1]}, \"pass\": 1, \"role\": \"primary\"}, {\"feature\": {\"device\": \"cuda:0\", \"dtype\": \"torch.float32\", \"numel\": 16777216, \"shape\": [1, 2, 32, 64, 64, 64], \"stride\": [16777216, 8388608, 262144, 4096, 64, 1]}, \"heatmap0\": {\"device\": \"cuda:0\", \"dtype\": \"torch.float32\", \"numel\": 262144, \"shape\": [1, 1, 64, 64, 64], \"stride\": [262144, 262144, 4096, 64, 1]}, \"input\": {\"device\": \"cuda:0\", \"dtype\": \"torch.float32\", \"numel\": 524288, \"shape\": [1, 2, 64, 64, 64], \"stride\": [524288, 262144, 4096, 64, 1]}, \"pass\": 2, \"role\": \"primary\"}, {\"feature\": {\"device\": \"cuda:0\", \"dtype\": \"torch.float32\", \"numel\": 16777216, \"shape\": [1, 2, 32, 64, 64, 64], \"stride\": [16777216, 8388608, 262144, 4096, 64, 1]}, \"heatmap0\": {\"device\": \"cuda:0\", \"dtype\": \"torch.float32\", \"numel\": 262144, \"shape\": [1, 1, 64, 64, 64], \"stride\": [262144, 262144, 4096, 64, 1]}, \"input\": {\"device\": \"cuda:0\", \"dtype\": \"torch.float32\", \"numel\": 524288, \"shape\": [1, 2, 64, 64, 64], \"stride\": [524288, 262144, 4096, 64, 1]}, \"pass\": 3, \"role\": \"primary\"}, {\"feature\": {\"device\": \"cuda:0\", \"dtype\": \"torch.float32\", \"numel\": 16777216, \"shape\": [1, 2, 32, 64, 64, 64], \"stride\": [16777216, 8388608, 262144, 4096, 64, 1]}, \"heatmap0\": {\"device\": \"cuda:0\", \"dtype\": \"torch.float32\", \"numel\": 262144, \"shape\": [1, 1, 64, 64, 64], \"stride\": [262144, 262144, 4096, 64, 1]}, \"input\": {\"device\": \"cuda:0\", \"dtype\": \"torch.float32\", \"numel\": 524288, \"shape\": [1, 2, 64, 64, 64], \"stride\": [524288, 262144, 4096, 64, 1]}, \"pass\": 4, \"role\": \"primary\"}, {\"feature\": {\"device\": \"cuda:0\", \"dtype\": \"torch.float32\", \"numel\": 16777216, \"shape\": [1, 2, 32, 64, 64, 64], \"stride\": [16777216, 8388608, 262144, 4096, 64, 1]}, \"heatmap0\": {\"device\": \"cuda:0\", \"dtype\": \"torch.float32\", \"numel\": 262144, \"shape\": [1, 1, 64, 64, 64], \"stride\": [262144, 262144, 4096, 64, 1]}, \"input\": {\"device\": \"cuda:0\", \"dtype\": \"torch.float32\", \"numel\": 524288, \"shape\": [1, 2, 64, 64, 64], \"stride\": [524288, 262144, 4096, 1, 64]}, \"pass\": 5, \"role\": \"primary\"}, {\"feature\": {\"device\": \"cuda:0\", \"dtype\": \"torch.float32\", \"numel\": 16777216, \"shape\": [1, 2, 32, 64, 64, 64], \"stride\": [16777216, 8388608, 262144, 4096, 64, 1]}, \"heatmap0\": {\"device\": \"cuda:0\", \"dtype\": \"torch.float32\", \"numel\": 262144, \"shape\": [1, 1, 64, 64, 64], \"stride\": [262144, 262144, 4096, 64, 1]}, \"input\": {\"device\": \"cuda:0\", \"dtype\": \"torch.float32\", \"numel\": 524288, \"shape\": [1, 2, 64, 64, 64], \"stride\": [524288, 262144, 4096, 1, 64]}, \"pass\": 6, \"role\": \"primary\"}, {\"feature\": {\"device\": \"cuda:0\", \"dtype\": \"torch.float32\", \"numel\": 16777216, \"shape\": [1, 2, 32, 64, 64, 64], \"stride\": [16777216, 8388608, 262144, 4096, 64, 1]}, \"heatmap0\": {\"device\": \"cuda:0\", \"dtype\": \"torch.float32\", \"numel\": 262144, \"shape\": [1, 1, 64, 64, 64], \"stride\": [262144, 262144, 4096, 64, 1]}, \"input\": {\"device\": \"cuda:0\", \"dtype\": \"torch.float32\", \"numel\": 524288, \"shape\": [1, 2, 64, 64, 64], \"stride\": [524288, 262144, 4096, 1, 64]}, \"pass\": 7, \"role\": \"primary\"}, {\"feature\": {\"device\": \"cuda:0\", \"dtype\": \"torch.float32\", \"numel\": 16777216, \"shape\": [1, 2, 32, 64, 64, 64], \"stride\": [16777216, 8388608, 262144, 4096, 64, 1]}, \"heatmap0\": {\"device\": \"cuda:0\", \"dtype\": \"torch.float32\", \"numel\": 262144, \"shape\": [1, 1, 64, 64, 64], \"stride\": [262144, 262144, 4096, 64, 1]}, \"input\": {\"device\": \"cuda:0\", \"dtype\": \"torch.float32\", \"numel\": 524288, \"shape\": [1, 2, 64, 64, 64], \"stride\": [524288, 262144, 4096, 64, 1]}, \"pass\": 8, \"role\": \"primary\"}, {\"feature\": {\"device\": \"cuda:0\", \"dtype\": \"torch.float32\", \"numel\": 16777216, \"shape\": [1, 2, 32, 64, 64, 64], \"stride\": [16777216, 8388608, 262144, 4096, 64, 1]}, \"heatmap0\": {\"device\": \"cuda:0\", \"dtype\": \"torch.float32\", \"numel\": 262144, \"shape\": [1, 1, 64, 64, 64], \"stride\": [262144, 262144, 4096, 64, 1]}, \"input\": {\"device\": \"cuda:0\", \"dtype\": \"torch.float32\", \"numel\": 524288, \"shape\": [1, 2, 64, 64, 64], \"stride\": [524288, 262144, 4096, 64, 1]}, \"pass\": 1, \"role\": \"secondary\"}, {\"feature\": {\"device\": \"cuda:0\", \"dtype\": \"torch.float32\", \"numel\": 16777216, \"shape\": [1, 2, 32, 64, 64, 64], \"stride\": [16777216, 8388608, 262144, 4096, 64, 1]}, \"heatmap0\": {\"device\": \"cuda:0\", \"dtype\": \"torch.float32\", \"numel\": 262144, \"shape\": [1, 1, 64, 64, 64], \"stride\": [262144, 262144, 4096, 64, 1]}, \"input\": {\"device\": \"cuda:0\", \"dtype\": \"torch.float32\", \"numel\": 524288, \"shape\": [1, 2, 64, 64, 64], \"stride\": [524288, 262144, 4096, 64, 1]}, \"pass\": 2, \"role\": \"secondary\"}, {\"feature\": {\"device\": \"cuda:0\", \"dtype\": \"torch.float32\", \"numel\": 16777216, \"shape\": [1, 2, 32, 64, 64, 64], \"stride\": [16777216, 8388608, 262144, 4096, 64, 1]}, \"heatmap0\": {\"device\": \"cuda:0\", \"dtype\": \"torch.float32\", \"numel\": 262144, \"shape\": [1, 1, 64, 64, 64], \"stride\": [262144, 262144, 4096, 64, 1]}, \"input\": {\"device\": \"cuda:0\", \"dtype\": \"torch.float32\", \"numel\": 524288, \"shape\": [1, 2, 64, 64, 64], \"stride\": [524288, 262144, 4096, 64, 1]}, \"pass\": 3, \"role\": \"secondary\"}, {\"feature\": {\"device\": \"cuda:0\", \"dtype\": \"torch.float32\", \"numel\": 16777216, \"shape\": [1, 2, 32, 64, 64, 64], \"stride\": [16777216, 8388608, 262144, 4096, 64, 1]}, \"heatmap0\": {\"device\": \"cuda:0\", \"dtype\": \"torch.float32\", \"numel\": 262144, \"shape\": [1, 1, 64, 64, 64], \"stride\": [262144, 262144, 4096, 64, 1]}, \"input\": {\"device\": \"cuda:0\", \"dtype\": \"torch.float32\", \"numel\": 524288, \"shape\": [1, 2, 64, 64, 64], \"stride\": [524288, 262144, 4096, 64, 1]}, \"pass\": 4, \"role\": \"secondary\"}, {\"feature\": {\"device\": \"cuda:0\", \"dtype\": \"torch.float32\", \"numel\": 16777216, \"shape\": [1, 2, 32, 64, 64, 64], \"stride\": [16777216, 8388608, 262144, 4096, 64, 1]}, \"heatmap0\": {\"device\": \"cuda:0\", \"dtype\": \"torch.float32\", \"numel\": 262144, \"shape\": [1, 1, 64, 64, 64], \"stride\": [262144, 262144, 4096, 64, 1]}, \"input\": {\"device\": \"cuda:0\", \"dtype\": \"torch.float32\", \"numel\": 524288, \"shape\": [1, 2, 64, 64, 64], \"stride\": [524288, 262144, 4096, 1, 64]}, \"pass\": 5, \"role\": \"secondary\"}, {\"feature\": {\"device\": \"cuda:0\", \"dtype\": \"torch.float32\", \"numel\": 16777216, \"shape\": [1, 2, 32, 64, 64, 64], \"stride\": [16777216, 8388608, 262144, 4096, 64, 1]}, \"heatmap0\": {\"device\": \"cuda:0\", \"dtype\": \"torch.float32\", \"numel\": 262144, \"shape\": [1, 1, 64, 64, 64], \"stride\": [262144, 262144, 4096, 64, 1]}, \"input\": {\"device\": \"cuda:0\", \"dtype\": \"torch.float32\", \"numel\": 524288, \"shape\": [1, 2, 64, 64, 64], \"stride\": [524288, 262144, 4096, 1, 64]}, \"pass\": 6, \"role\": \"secondary\"}, {\"feature\": {\"device\": \"cuda:0\", \"dtype\": \"torch.float32\", \"numel\": 16777216, \"shape\": [1, 2, 32, 64, 64, 64], \"stride\": [16777216, 8388608, 262144, 4096, 64, 1]}, \"heatmap0\": {\"device\": \"cuda:0\", \"dtype\": \"torch.float32\", \"numel\": 262144, \"shape\": [1, 1, 64, 64, 64], \"stride\": [262144, 262144, 4096, 64, 1]}, \"input\": {\"device\": \"cuda:0\", \"dtype\": \"torch.float32\", \"numel\": 524288, \"shape\": [1, 2, 64, 64, 64], \"stride\": [524288, 262144, 4096, 1, 64]}, \"pass\": 7, \"role\": \"secondary\"}, {\"feature\": {\"device\": \"cuda:0\", \"dtype\": \"torch.float32\", \"numel\": 16777216, \"shape\": [1, 2, 32, 64, 64, 64], \"stride\": [16777216, 8388608, 262144, 4096, 64, 1]}, \"heatmap0\": {\"device\": \"cuda:0\", \"dtype\": \"torch.float32\", \"numel\": 262144, \"shape\": [1, 1, 64, 64, 64], \"stride\": [262144, 262144, 4096, 64, 1]}, \"input\": {\"device\": \"cuda:0\", \"dtype\": \"torch.float32\", \"numel\": 524288, \"shape\": [1, 2, 64, 64, 64], \"stride\": [524288, 262144, 4096, 64, 1]}, \"pass\": 8, \"role\": \"secondary\"}], \"event\": \"actual_predictor_window\", \"frames\": [0, 1], \"input\": {\"all_finite\": true, \"device\": \"cuda:0\", \"dtype\": \"torch.float32\", \"numel\": 524288, \"shape\": [1, 2, 64, 64, 64], \"stride\": [524288, 262144, 4096, 64, 1]}, \"input_parent\": \"/kaggle/input/competitions/biohub-cell-tracking-during-development/train\", \"seconds_including_common_audit\": 2.837451751999879, \"window_index\": 1, \"worker_execution_settings\": {\"autocast_enabled\": false, \"cuda_runtime\": \"12.8\", \"cudnn_allow_tf32\": true, \"cudnn_benchmark\": false, \"cudnn_deterministic\": false, \"default_dtype\": \"torch.float32\", \"deterministic_algorithms\": false, \"float32_matmul_precision\": \"highest\", \"gpu_name\": \"Tesla T4\", \"grad_enabled\": false, \"matmul_allow_tf32\": false, \"torch_initial_seed\": 3060857717345029780, \"torch_version\": \"2.10.0+cu128\"}}\n"}
,{"stream_name":"stdout","time":1602.87459729,"data":"PUBLIC946_GPU_SMOKE {\"arm\": \"C2\", \"association\": {\"actual_primary_logits_after_original_harmonic_fusion\": {\"all_finite\": true, \"device\": \"cuda:0\", \"dtype\": \"torch.float32\", \"numel\": 181902, \"shape\": [1, 426, 427], \"stride\": [181902, 427, 1]}, \"actual_secondary_feature_consumed\": true, \"actual_secondary_logits\": {\"all_finite\": true, \"device\": \"cuda:0\", \"dtype\": \"torch.float32\", \"numel\": 181902, \"shape\": [1, 426, 427], \"stride\": [181902, 427, 1]}, \"coordinate_grid\": {\"downsample\": [1.0, 4.0, 4.0], \"source\": {\"device\": \"cuda:0\", \"dtype\": \"torch.float32\", \"numel\": 1278, \"shape\": [1, 426, 3], \"stride\": [426, 1, 426]}, \"target\": {\"device\": \"cuda:0\", \"dtype\": \"torch.float32\", \"numel\": 1281, \"shape\": [1, 427, 3], \"stride\": [427, 1, 427]}}, \"diagnostic_edge_head_calls\": 1, \"diagnostic_encoder_calls\": 0, \"diagnostic_probabilities_used_in_production\": false, \"diagnostic_seconds\": 0.018084158999954525, \"frame_pair_index\": 0, \"primary_source_sampled_features\": {\"all_finite\": true, \"device\": \"cuda:0\", \"dtype\": \"torch.float32\", \"numel\": 13632, \"shape\": [1, 426, 32], \"stride\": [13632, 32, 1]}, \"primary_target_sampled_features\": {\"all_finite\": true, \"device\": \"cuda:0\", \"dtype\": \"torch.float32\", \"numel\": 13664, \"shape\": [1, 427, 32], \"stride\": [13664, 32, 1]}, \"probability_comparison_stage\": \"secondary edge-head softmax over parents, before original calibration and low-margin mixing\", \"probability_delta_vs_single_pass_same_coordinates\": {\"sample_elements\": 65536, \"sample_equal\": false, \"sample_max_abs_delta\": 0.8438096046447754, \"sample_mean_abs_delta\": 0.0002964520244859159, \"sample_stride\": 2}, \"production_calls\": 1, \"same_low_margin_config\": {\"secondary_detection_weight\": 0.8, \"secondary_edge_weight\": 0.15, \"secondary_link_mode\": \"low_margin_consensus\"}, \"source_delta_vs_single_pass\": {\"sample_elements\": 13632, \"sample_equal\": false, \"sample_max_abs_delta\": 1.074328899383545, \"sample_mean_abs_delta\": 0.14431899785995483, \"sample_stride\": 1}, \"source_sampled_features\": {\"all_finite\": true, \"device\": \"cuda:0\", \"dtype\": \"torch.float32\", \"numel\": 13632, \"shape\": [1, 426, 32], \"stride\": [13632, 32, 1]}, \"target_delta_vs_single_pass\": {\"sample_elements\": 13664, \"sample_equal\": false, \"sample_max_abs_delta\": 0.816380500793457, \"sample_mean_abs_delta\": 0.13694755733013153, \"sample_stride\": 1}, \"target_sampled_features\": {\"all_finite\": true, \"device\": \"cuda:0\", \"dtype\": \"torch.float32\", \"numel\": 13664, \"shape\": [1, 427, 32], \"stride\": [13664, 32, 1]}}, \"association_calls\": 1, \"config\": {\"secondary_detection_weight\": 0.8, \"secondary_edge_weight\": 0.15, \"secondary_link_mode\": \"low_margin_consensus\"}, \"consumed_features\": {\"primary\": {\"all_finite\": true, \"delta_vs_single_pass\": {\"sample_elements\": 65536, \"sample_equal\": false, \"sample_max_abs_delta\": 1.9425493478775024, \"sample_mean_abs_delta\": 0.3768840432167053, \"sample_stride\": 256}, \"device\": \"cuda:0\", \"dtype\": \"torch.float32\", \"numel\": 16777216, \"original_encoded_feature_sample_unchanged\": true, \"same_storage_as_original\": false, \"shape\": [1, 2, 32, 64, 64, 64], \"single_pass\": {\"device\": \"cuda:0\", \"dtype\": \"torch.float32\", \"numel\": 16777216, \"shape\": [1, 2, 32, 64, 64, 64], \"stride\": [16777216, 8388608, 262144, 4096, 64, 1]}, \"stride\": [16777216, 8388608, 262144, 4096, 64, 1]}, \"secondary\": {\"all_finite\": true, \"delta_vs_single_pass\": {\"sample_elements\": 65536, \"sample_equal\": false, \"sample_max_abs_delta\": 1.1324741840362549, \"sample_mean_abs_delta\": 0.2307649850845337, \"sample_stride\": 256}, \"device\": \"cuda:0\", \"dtype\": \"torch.float32\", \"numel\": 16777216, \"original_encoded_feature_sample_unchanged\": true, \"same_storage_as_original\": false, \"shape\": [1, 2, 32, 64, 64, 64], \"single_pass\": {\"device\": \"cuda:0\", \"dtype\": \"torch.float32\", \"numel\": 16777216, \"shape\": [1, 2, 32, 64, 64, 64], \"stride\": [16777216, 8388608, 262144, 4096, 64, 1]}, \"stride\": [16777216, 8388608, 262144, 4096, 64, 1]}}, \"consumed_heatmaps\": [{\"all_finite\": true, \"device\": \"cuda:0\", \"dtype\": \"torch.float32\", \"numel\": 262144, \"shape\": [1, 1, 64, 64, 64], \"stride\": [262144, 262144, 4096, 64, 1]}, {\"all_finite\": true, \"device\": \"cuda:0\", \"dtype\": \"torch.float32\", \"numel\": 262144, \"shape\": [1, 1, 64, 64, 64], \"stride\": [262144, 262144, 4096, 64, 1]}], \"cuda_peak_allocated_bytes_process\": 728221696, \"cuda_peak_reserved_bytes_process\": 970981376, \"dataset\": \"44b6_12dfb391\", \"encode_calls\": {\"primary\": 8, \"secondary\": 8}, \"encode_seconds\": {\"primary\": 1.2206823850001456, \"secondary\": 0.9308337810000467}, \"encode_views\": [{\"feature\": {\"device\": \"cuda:0\", \"dtype\": \"torch.float32\", \"numel\": 16777216, \"shape\": [1, 2, 32, 64, 64, 64], \"stride\": [16777216, 8388608, 262144, 4096, 64, 1]}, \"heatmap0\": {\"device\": \"cuda:0\", \"dtype\": \"torch.float32\", \"numel\": 262144, \"shape\": [1, 1, 64, 64, 64], \"stride\": [262144, 262144, 4096, 64, 1]}, \"input\": {\"device\": \"cuda:0\", \"dtype\": \"torch.float32\", \"numel\": 524288, \"shape\": [1, 2, 64, 64, 64], \"stride\": [524288, 262144, 4096, 64, 1]}, \"pass\": 1, \"role\": \"primary\"}, {\"feature\": {\"device\": \"cuda:0\", \"dtype\": \"torch.float32\", \"numel\": 16777216, \"shape\": [1, 2, 32, 64, 64, 64], \"stride\": [16777216, 8388608, 262144, 4096, 64, 1]}, \"heatmap0\": {\"device\": \"cuda:0\", \"dtype\": \"torch.float32\", \"numel\": 262144, \"shape\": [1, 1, 64, 64, 64], \"stride\": [262144, 262144, 4096, 64, 1]}, \"input\": {\"device\": \"cuda:0\", \"dtype\": \"torch.float32\", \"numel\": 524288, \"shape\": [1, 2, 64, 64, 64], \"stride\": [524288, 262144, 4096, 64, 1]}, \"pass\": 2, \"role\": \"primary\"}, {\"feature\": {\"device\": \"cuda:0\", \"dtype\": \"torch.float32\", \"numel\": 16777216, \"shape\": [1, 2, 32, 64, 64, 64], \"stride\": [16777216, 8388608, 262144, 4096, 64, 1]}, \"heatmap0\": {\"device\": \"cuda:0\", \"dtype\": \"torch.float32\", \"numel\": 262144, \"shape\": [1, 1, 64, 64, 64], \"stride\": [262144, 262144, 4096, 64, 1]}, \"input\": {\"device\": \"cuda:0\", \"dtype\": \"torch.float32\", \"numel\": 524288, \"shape\": [1, 2, 64, 64, 64], \"stride\": [524288, 262144, 4096, 64, 1]}, \"pass\": 3, \"role\": \"primary\"}, {\"feature\": {\"device\": \"cuda:0\", \"dtype\": \"torch.float32\", \"numel\": 16777216, \"shape\": [1, 2, 32, 64, 64, 64], \"stride\": [16777216, 8388608, 262144, 4096, 64, 1]}, \"heatmap0\": {\"device\": \"cuda:0\", \"dtype\": \"torch.float32\", \"numel\": 262144, \"shape\": [1, 1, 64, 64, 64], \"stride\": [262144, 262144, 4096, 64, 1]}, \"input\": {\"device\": \"cuda:0\", \"dtype\": \"torch.float32\", \"numel\": 524288, \"shape\": [1, 2, 64, 64, 64], \"stride\": [524288, 262144, 4096, 64, 1]}, \"pass\": 4, \"role\": \"primary\"}, {\"feature\": {\"device\": \"cuda:0\", \"dtype\": \"torch.float32\", \"numel\": 16777216, \"shape\": [1, 2, 32, 64, 64, 64], \"stride\": [16777216, 8388608, 262144, 4096, 64, 1]}, \"heatmap0\": {\"device\": \"cuda:0\", \"dtype\": \"torch.float32\", \"numel\": 262144, \"shape\": [1, 1, 64, 64, 64], \"stride\": [262144, 262144, 4096, 64, 1]}, \"input\": {\"device\": \"cuda:0\", \"dtype\": \"torch.float32\", \"numel\": 524288, \"shape\": [1, 2, 64, 64, 64], \"stride\": [524288, 262144, 4096, 1, 64]}, \"pass\": 5, \"role\": \"primary\"}, {\"feature\": {\"device\": \"cuda:0\", \"dtype\": \"torch.float32\", \"numel\": 16777216, \"shape\": [1, 2, 32, 64, 64, 64], \"stride\": [16777216, 8388608, 262144, 4096, 64, 1]}, \"heatmap0\": {\"device\": \"cuda:0\", \"dtype\": \"torch.float32\", \"numel\": 262144, \"shape\": [1, 1, 64, 64, 64], \"stride\": [262144, 262144, 4096, 64, 1]}, \"input\": {\"device\": \"cuda:0\", \"dtype\": \"torch.float32\", \"numel\": 524288, \"shape\": [1, 2, 64, 64, 64], \"stride\": [524288, 262144, 4096, 1, 64]}, \"pass\": 6, \"role\": \"primary\"}, {\"feature\": {\"device\": \"cuda:0\", \"dtype\": \"torch.float32\", \"numel\": 16777216, \"shape\": [1, 2, 32, 64, 64, 64], \"stride\": [16777216, 8388608, 262144, 4096, 64, 1]}, \"heatmap0\": {\"device\": \"cuda:0\", \"dtype\": \"torch.float32\", \"numel\": 262144, \"shape\": [1, 1, 64, 64, 64], \"stride\": [262144, 262144, 4096, 64, 1]}, \"input\": {\"device\": \"cuda:0\", \"dtype\": \"torch.float32\", \"numel\": 524288, \"shape\": [1, 2, 64, 64, 64], \"stride\": [524288, 262144, 4096, 1, 64]}, \"pass\": 7, \"role\": \"primary\"}, {\"feature\": {\"device\": \"cuda:0\", \"dtype\": \"torch.float32\", \"numel\": 16777216, \"shape\": [1, 2, 32, 64, 64, 64], \"stride\": [16777216, 8388608, 262144, 4096, 64, 1]}, \"heatmap0\": {\"device\": \"cuda:0\", \"dtype\": \"torch.float32\", \"numel\": 262144, \"shape\": [1, 1, 64, 64, 64], \"stride\": [262144, 262144, 4096, 64, 1]}, \"input\": {\"device\": \"cuda:0\", \"dtype\": \"torch.float32\", \"numel\": 524288, \"shape\": [1, 2, 64, 64, 64], \"stride\": [524288, 262144, 4096, 64, 1]}, \"pass\": 8, \"role\": \"primary\"}, {\"feature\": {\"device\": \"cuda:0\", \"dtype\": \"torch.float32\", \"numel\": 16777216, \"shape\": [1, 2, 32, 64, 64, 64], \"stride\": [16777216, 8388608, 262144, 4096, 64, 1]}, \"heatmap0\": {\"device\": \"cuda:0\", \"dtype\": \"torch.float32\", \"numel\": 262144, \"shape\": [1, 1, 64, 64, 64], \"stride\": [262144, 262144, 4096, 64, 1]}, \"input\": {\"device\": \"cuda:0\", \"dtype\": \"torch.float32\", \"numel\": 524288, \"shape\": [1, 2, 64, 64, 64], \"stride\": [524288, 262144, 4096, 64, 1]}, \"pass\": 1, \"role\": \"secondary\"}, {\"feature\": {\"device\": \"cuda:0\", \"dtype\": \"torch.float32\", \"numel\": 16777216, \"shape\": [1, 2, 32, 64, 64, 64], \"stride\": [16777216, 8388608, 262144, 4096, 64, 1]}, \"heatmap0\": {\"device\": \"cuda:0\", \"dtype\": \"torch.float32\", \"numel\": 262144, \"shape\": [1, 1, 64, 64, 64], \"stride\": [262144, 262144, 4096, 64, 1]}, \"input\": {\"device\": \"cuda:0\", \"dtype\": \"torch.float32\", \"numel\": 524288, \"shape\": [1, 2, 64, 64, 64], \"stride\": [524288, 262144, 4096, 64, 1]}, \"pass\": 2, \"role\": \"secondary\"}, {\"feature\": {\"device\": \"cuda:0\", \"dtype\": \"torch.float32\", \"numel\": 16777216, \"shape\": [1, 2, 32, 64, 64, 64], \"stride\": [16777216, 8388608, 262144, 4096, 64, 1]}, \"heatmap0\": {\"device\": \"cuda:0\", \"dtype\": \"torch.float32\", \"numel\": 262144, \"shape\": [1, 1, 64, 64, 64], \"stride\": [262144, 262144, 4096, 64, 1]}, \"input\": {\"device\": \"cuda:0\", \"dtype\": \"torch.float32\", \"numel\": 524288, \"shape\": [1, 2, 64, 64, 64], \"stride\": [524288, 262144, 4096, 64, 1]}, \"pass\": 3, \"role\": \"secondary\"}, {\"feature\": {\"device\": \"cuda:0\", \"dtype\": \"torch.float32\", \"numel\": 16777216, \"shape\": [1, 2, 32, 64, 64, 64], \"stride\": [16777216, 8388608, 262144, 4096, 64, 1]}, \"heatmap0\": {\"device\": \"cuda:0\", \"dtype\": \"torch.float32\", \"numel\": 262144, \"shape\": [1, 1, 64, 64, 64], \"stride\": [262144, 262144, 4096, 64, 1]}, \"input\": {\"device\": \"cuda:0\", \"dtype\": \"torch.float32\", \"numel\": 524288, \"shape\": [1, 2, 64, 64, 64], \"stride\": [524288, 262144, 4096, 64, 1]}, \"pass\": 4, \"role\": \"secondary\"}, {\"feature\": {\"device\": \"cuda:0\", \"dtype\": \"torch.float32\", \"numel\": 16777216, \"shape\": [1, 2, 32, 64, 64, 64], \"stride\": [16777216, 8388608, 262144, 4096, 64, 1]}, \"heatmap0\": {\"device\": \"cuda:0\", \"dtype\": \"torch.float32\", \"numel\": 262144, \"shape\": [1, 1, 64, 64, 64], \"stride\": [262144, 262144, 4096, 64, 1]}, \"input\": {\"device\": \"cuda:0\", \"dtype\": \"torch.float32\", \"numel\": 524288, \"shape\": [1, 2, 64, 64, 64], \"stride\": [524288, 262144, 4096, 1, 64]}, \"pass\": 5, \"role\": \"secondary\"}, {\"feature\": {\"device\": \"cuda:0\", \"dtype\": \"torch.float32\", \"numel\": 16777216, \"shape\": [1, 2, 32, 64, 64, 64], \"stride\": [16777216, 8388608, 262144, 4096, 64, 1]}, \"heatmap0\": {\"device\": \"cuda:0\", \"dtype\": \"torch.float32\", \"numel\": 262144, \"shape\": [1, 1, 64, 64, 64], \"stride\": [262144, 262144, 4096, 64, 1]}, \"input\": {\"device\": \"cuda:0\", \"dtype\": \"torch.float32\", \"numel\": 524288, \"shape\": [1, 2, 64, 64, 64], \"stride\": [524288, 262144, 4096, 1, 64]}, \"pass\": 6, \"role\": \"secondary\"}, {\"feature\": {\"device\": \"cuda:0\", \"dtype\": \"torch.float32\", \"numel\": 16777216, \"shape\": [1, 2, 32, 64, 64, 64], \"stride\": [16777216, 8388608, 262144, 4096, 64, 1]}, \"heatmap0\": {\"device\": \"cuda:0\", \"dtype\": \"torch.float32\", \"numel\": 262144, \"shape\": [1, 1, 64, 64, 64], \"stride\": [262144, 262144, 4096, 64, 1]}, \"input\": {\"device\": \"cuda:0\", \"dtype\": \"torch.float32\", \"numel\": 524288, \"shape\": [1, 2, 64, 64, 64], \"stride\": [524288, 262144, 4096, 1, 64]}, \"pass\": 7, \"role\": \"secondary\"}, {\"feature\": {\"device\": \"cuda:0\", \"dtype\": \"torch.float32\", \"numel\": 16777216, \"shape\": [1, 2, 32, 64, 64, 64], \"stride\": [16777216, 8388608, 262144, 4096, 64, 1]}, \"heatmap0\": {\"device\": \"cuda:0\", \"dtype\": \"torch.float32\", \"numel\": 262144, \"shape\": [1, 1, 64, 64, 64], \"stride\": [262144, 262144, 4096, 64, 1]}, \"input\": {\"device\": \"cuda:0\", \"dtype\": \"torch.float32\", \"numel\": 524288, \"shape\": [1, 2, 64, 64, 64], \"stride\": [524288, 262144, 4096, 64, 1]}, \"pass\": 8, \"role\": \"secondary\"}], \"event\": \"actual_predictor_window\", \"frames\": [0, 1], \"input\": {\"all_finite\": true, \"device\": \"cuda:0\", \"dtype\": \"torch.float32\", \"numel\": 524288, \"shape\": [1, 2, 64, 64, 64], \"stride\": [524288, 262144, 4096, 64, 1]}, \"input_parent\": \"/kaggle/input/competitions/biohub-cell-tracking-during-development/train\", \"seconds_including_common_audit\": 2.991353639999943, \"window_index\": 1, \"worker_execution_settings\": {\"autocast_enabled\": false, \"cuda_runtime\": \"12.8\", \"cudnn_allow_tf32\": true, \"cudnn_benchmark\": false, \"cudnn_deterministic\": false, \"default_dtype\": \"torch.float32\", \"deterministic_algorithms\": false, \"float32_matmul_precision\": \"highest\", \"gpu_name\": \"Tesla T4\", \"grad_enabled\": false, \"matmul_allow_tf32\": false, \"torch_initial_seed\": 16300768204951508060, \"torch_version\": \"2.10.0+cu128\"}}\n"}
,{"stream_name":"stdout","time":1603.629074753,"data":"EDGE_TTA_ACTIVE views= 8 mean_abs_feat_delta= 0.399438\n"}
,{"stream_name":"stdout","time":1603.831680869,"data":"EDGE_TTA_ACTIVE views= 8 mean_abs_feat_delta= 0.399438\n"}
,{"stream_name":"stdout","time":1603.909482358,"data":"EDGE_TTA_ACTIVE views= 8 mean_abs_feat_delta= 0.348323\n"}
,{"stream_name":"stdout","time":1604.111882385,"data":"EDGE_TTA_ACTIVE views= 8 mean_abs_feat_delta= 0.348323\n"}
,{"stream_name":"stdout","time":1605.529809607,"data":"EDGE_TTA_ACTIVE views= 8 mean_abs_feat_delta= 0.403568\n"}
,{"stream_name":"stdout","time":1605.732452646,"data":"EDGE_TTA_ACTIVE views= 8 mean_abs_feat_delta= 0.403568\n"}
,{"stream_name":"stdout","time":1606.028547556,"data":"EDGE_TTA_ACTIVE views= 8 mean_abs_feat_delta= 0.347872\n"}
,{"stream_name":"stdout","time":1606.231334712,"data":"EDGE_TTA_ACTIVE views= 8 mean_abs_feat_delta= 0.347872\n"}
,{"stream_name":"stdout","time":1607.394474272,"data":"EDGE_TTA_ACTIVE views= 8 mean_abs_feat_delta= 0.396848\n"}
,{"stream_name":"stdout","time":1607.597021917,"data":"EDGE_TTA_ACTIVE views= 8 mean_abs_feat_delta= 0.396848\n"}
,{"stream_name":"stdout","time":1608.14820758,"data":"EDGE_TTA_ACTIVE views= 8 mean_abs_feat_delta= 0.351487\n"}
,{"stream_name":"stdout","time":1608.350440387,"data":"EDGE_TTA_ACTIVE views= 8 mean_abs_feat_delta= 0.351487\n"}
,{"stream_name":"stdout","time":1609.272262843,"data":"EDGE_TTA_ACTIVE views= 8 mean_abs_feat_delta= 0.405804\n"}
,{"stream_name":"stdout","time":1609.474972416,"data":"EDGE_TTA_ACTIVE views= 8 mean_abs_feat_delta= 0.405804\n"}
,{"stream_name":"stdout","time":1610.241506335,"data":"EDGE_TTA_ACTIVE views= 8 mean_abs_feat_delta= 0.349843\n"}
,{"stream_name":"stdout","time":1610.444211043,"data":"EDGE_TTA_ACTIVE views= 8 mean_abs_feat_delta= 0.349843\n"}
,{"stream_name":"stdout","time":1611.152250884,"data":"EDGE_TTA_ACTIVE views= 8 mean_abs_feat_delta= 0.406637\n"}
,{"stream_name":"stdout","time":1611.35480543,"data":"EDGE_TTA_ACTIVE views= 8 mean_abs_feat_delta= 0.406637\n"}
,{"stream_name":"stdout","time":1612.34818462,"data":"EDGE_TTA_ACTIVE views= 8 mean_abs_feat_delta= 0.348101\n"}
,{"stream_name":"stdout","time":1612.550319736,"data":"EDGE_TTA_ACTIVE views= 8 mean_abs_feat_delta= 0.348101\n"}
,{"stream_name":"stdout","time":1613.034216701,"data":"EDGE_TTA_ACTIVE views= 8 mean_abs_feat_delta= 0.406976\n"}
,{"stream_name":"stdout","time":1613.236728582,"data":"EDGE_TTA_ACTIVE views= 8 mean_abs_feat_delta= 0.406976\n"}
,{"stream_name":"stdout","time":1614.48271063,"data":"EDGE_TTA_ACTIVE views= 8 mean_abs_feat_delta= 0.351882\n"}
,{"stream_name":"stdout","time":1614.68522924,"data":"EDGE_TTA_ACTIVE views= 8 mean_abs_feat_delta= 0.351882\n"}
,{"stream_name":"stdout","time":1614.940304132,"data":"EDGE_TTA_ACTIVE views= 8 mean_abs_feat_delta= 0.402713\n"}
,{"stream_name":"stdout","time":1615.14286463,"data":"EDGE_TTA_ACTIVE views= 8 mean_abs_feat_delta= 0.402713\n"}
,{"stream_name":"stdout","time":1616.617001859,"data":"EDGE_TTA_ACTIVE views= 8 mean_abs_feat_delta= 0.352461\n"}
,{"stream_name":"stdout","time":1616.820009727,"data":"EDGE_TTA_ACTIVE views= 8 mean_abs_feat_delta= 0.352461\n"}
,{"stream_name":"stdout","time":1616.826634675,"data":"EDGE_TTA_ACTIVE views= 8 mean_abs_feat_delta= 0.409078\n"}
,{"stream_name":"stdout","time":1617.029105482,"data":"EDGE_TTA_ACTIVE views= 8 mean_abs_feat_delta= 0.409078\n"}
,{"stream_name":"stdout","time":1618.748407875,"data":"EDGE_TTA_ACTIVE views= 8 mean_abs_feat_delta= 0.408625\n"}
,{"stream_name":"stdout","time":1618.79650883,"data":"EDGE_TTA_ACTIVE views= 8 mean_abs_feat_delta= 0.352873\n"}
,{"stream_name":"stdout","time":1618.951138161,"data":"EDGE_TTA_ACTIVE views= 8 mean_abs_feat_delta= 0.408625\n"}
,{"stream_name":"stdout","time":1618.951180896,"data":"EDGE_TTA_ACTIVE views= 8 mean_abs_feat_delta= 0.352873\n"}
,{"stream_name":"stdout","time":1620.695133124,"data":"EDGE_TTA_ACTIVE views= 8 mean_abs_feat_delta= 0.39904\n"}
,{"stream_name":"stdout","time":1620.900965487,"data":"EDGE_TTA_ACTIVE views= 8 mean_abs_feat_delta= 0.39904\n"}
,{"stream_name":"stdout","time":1620.955530939,"data":"EDGE_TTA_ACTIVE views= 8 mean_abs_feat_delta= 0.354101\n"}
,{"stream_name":"stdout","time":1621.16152845,"data":"EDGE_TTA_ACTIVE views= 8 mean_abs_feat_delta= 0.354101\n"}
,{"stream_name":"stdout","time":1622.611399677,"data":"EDGE_TTA_ACTIVE views= 8 mean_abs_feat_delta= 0.400016\n"}
,{"stream_name":"stdout","time":1622.813934455,"data":"EDGE_TTA_ACTIVE views= 8 mean_abs_feat_delta= 0.400016\n"}
,{"stream_name":"stdout","time":1623.105250096,"data":"EDGE_TTA_ACTIVE views= 8 mean_abs_feat_delta= 0.353493\n"}
,{"stream_name":"stdout","time":1623.307938711,"data":"EDGE_TTA_ACTIVE views= 8 mean_abs_feat_delta= 0.353493\n"}
,{"stream_name":"stdout","time":1624.59368136,"data":"EDGE_TTA_ACTIVE views= 8 mean_abs_feat_delta= 0.392897\n"}
,{"stream_name":"stdout","time":1624.840563962,"data":"EDGE_TTA_ACTIVE views= 8 mean_abs_feat_delta= 0.392897\n"}
,{"stream_name":"stdout","time":1625.2814287,"data":"EDGE_TTA_ACTIVE views= 8 mean_abs_feat_delta= 0.351325\n"}
,{"stream_name":"stdout","time":1625.483949874,"data":"EDGE_TTA_ACTIVE views= 8 mean_abs_feat_delta= 0.351325\n"}
,{"stream_name":"stdout","time":1626.523691751,"data":"EDGE_TTA_ACTIVE views= 8 mean_abs_feat_delta= 0.386155\n"}
,{"stream_name":"stdout","time":1626.726470878,"data":"EDGE_TTA_ACTIVE views= 8 mean_abs_feat_delta= 0.386155\n"}
,{"stream_name":"stdout","time":1627.48044225,"data":"EDGE_TTA_ACTIVE views= 8 mean_abs_feat_delta= 0.348177\n"}
,{"stream_name":"stdout","time":1627.683009843,"data":"EDGE_TTA_ACTIVE views= 8 mean_abs_feat_delta= 0.348177\n"}
,{"stream_name":"stdout","time":1628.47059072,"data":"EDGE_TTA_ACTIVE views= 8 mean_abs_feat_delta= 0.384551\n"}
,{"stream_name":"stdout","time":1628.672960245,"data":"EDGE_TTA_ACTIVE views= 8 mean_abs_feat_delta= 0.384551\n"}
,{"stream_name":"stdout","time":1629.706935684,"data":"EDGE_TTA_ACTIVE views= 8 mean_abs_feat_delta= 0.350577\n"}
,{"stream_name":"stdout","time":1629.909530165,"data":"EDGE_TTA_ACTIVE views= 8 mean_abs_feat_delta= 0.350577\n"}
,{"stream_name":"stdout","time":1630.430581783,"data":"EDGE_TTA_ACTIVE views= 8 mean_abs_feat_delta= 0.380346\n"}
,{"stream_name":"stdout","time":1630.63322506,"data":"EDGE_TTA_ACTIVE views= 8 mean_abs_feat_delta= 0.380346\n"}
,{"stream_name":"stdout","time":1631.900544225,"data":"EDGE_TTA_ACTIVE views= 8 mean_abs_feat_delta= 0.351302\n"}
,{"stream_name":"stdout","time":1632.103220958,"data":"EDGE_TTA_ACTIVE views= 8 mean_abs_feat_delta= 0.351302\n"}
,{"stream_name":"stdout","time":1632.419618568,"data":"EDGE_TTA_ACTIVE views= 8 mean_abs_feat_delta= 0.37911\n"}
,{"stream_name":"stdout","time":1632.62235201,"data":"EDGE_TTA_ACTIVE views= 8 mean_abs_feat_delta= 0.37911\n"}
,{"stream_name":"stdout","time":1634.131862747,"data":"EDGE_TTA_ACTIVE views= 8 mean_abs_feat_delta= 0.349328\n"}
,{"stream_name":"stdout","time":1634.334491174,"data":"EDGE_TTA_ACTIVE views= 8 mean_abs_feat_delta= 0.349328\n"}
,{"stream_name":"stdout","time":1634.408327358,"data":"EDGE_TTA_ACTIVE views= 8 mean_abs_feat_delta= 0.388444\n"}
,{"stream_name":"stdout","time":1634.610821551,"data":"EDGE_TTA_ACTIVE views= 8 mean_abs_feat_delta= 0.388444\n"}
,{"stream_name":"stdout","time":1636.401823148,"data":"EDGE_TTA_ACTIVE views= 8 mean_abs_feat_delta= 0.38137\n"}
,{"stream_name":"stdout","time":1636.40861696,"data":"EDGE_TTA_ACTIVE views= 8 mean_abs_feat_delta= 0.347529\n"}
,{"stream_name":"stdout","time":1636.604729171,"data":"EDGE_TTA_ACTIVE views= 8 mean_abs_feat_delta= 0.38137\n"}
,{"stream_name":"stdout","time":1636.604789971,"data":"EDGE_TTA_ACTIVE views= 8 mean_abs_feat_delta= 0.347529\n"}
,{"stream_name":"stdout","time":1638.405809188,"data":"EDGE_TTA_ACTIVE views= 8 mean_abs_feat_delta= 0.380845\n"}
,{"stream_name":"stdout","time":1638.608493334,"data":"EDGE_TTA_ACTIVE views= 8 mean_abs_feat_delta= 0.380845\n"}
,{"stream_name":"stdout","time":1638.688930051,"data":"EDGE_TTA_ACTIVE views= 8 mean_abs_feat_delta= 0.34733\n"}
,{"stream_name":"stdout","time":1638.891836494,"data":"EDGE_TTA_ACTIVE views= 8 mean_abs_feat_delta= 0.34733\n"}
,{"stream_name":"stdout","time":1640.399754986,"data":"EDGE_TTA_ACTIVE views= 8 mean_abs_feat_delta= 0.378817\n"}
,{"stream_name":"stdout","time":1640.602424126,"data":"EDGE_TTA_ACTIVE views= 8 mean_abs_feat_delta= 0.378817\n"}
,{"stream_name":"stdout","time":1640.980809283,"data":"EDGE_TTA_ACTIVE views= 8 mean_abs_feat_delta= 0.346983\n"}
,{"stream_name":"stdout","time":1641.183804247,"data":"EDGE_TTA_ACTIVE views= 8 mean_abs_feat_delta= 0.346983\n"}
,{"stream_name":"stdout","time":1642.393943622,"data":"EDGE_TTA_ACTIVE views= 8 mean_abs_feat_delta= 0.370246\n"}
,{"stream_name":"stdout","time":1642.596718855,"data":"EDGE_TTA_ACTIVE views= 8 mean_abs_feat_delta= 0.370246\n"}
,{"stream_name":"stdout","time":1643.232258051,"data":"EDGE_TTA_ACTIVE views= 8 mean_abs_feat_delta= 0.343153\n"}
,{"stream_name":"stdout","time":1643.43466327,"data":"EDGE_TTA_ACTIVE views= 8 mean_abs_feat_delta= 0.343153\n"}
,{"stream_name":"stdout","time":1644.400582989,"data":"EDGE_TTA_ACTIVE views= 8 mean_abs_feat_delta= 0.364454\n"}
,{"stream_name":"stdout","time":1644.603300577,"data":"EDGE_TTA_ACTIVE views= 8 mean_abs_feat_delta= 0.364454\n"}
,{"stream_name":"stdout","time":1645.582050015,"data":"EDGE_TTA_ACTIVE views= 8 mean_abs_feat_delta= 0.343379\n"}
,{"stream_name":"stdout","time":1645.784713808,"data":"EDGE_TTA_ACTIVE views= 8 mean_abs_feat_delta= 0.343379\n"}
,{"stream_name":"stdout","time":1646.424351769,"data":"EDGE_TTA_ACTIVE views= 8 mean_abs_feat_delta= 0.372022\n"}
,{"stream_name":"stdout","time":1646.626652129,"data":"EDGE_TTA_ACTIVE views= 8 mean_abs_feat_delta= 0.372022\n"}
,{"stream_name":"stdout","time":1647.877988569,"data":"EDGE_TTA_ACTIVE views= 8 mean_abs_feat_delta= 0.345181\n"}
,{"stream_name":"stdout","time":1648.080613332,"data":"EDGE_TTA_ACTIVE views= 8 mean_abs_feat_delta= 0.345181\n"}
,{"stream_name":"stdout","time":1648.438290789,"data":"EDGE_TTA_ACTIVE views= 8 mean_abs_feat_delta= 0.367153\n"}
,{"stream_name":"stdout","time":1648.640675436,"data":"EDGE_TTA_ACTIVE views= 8 mean_abs_feat_delta= 0.367153\n"}
,{"stream_name":"stdout","time":1648.951827668,"data":"BIOHUB_RETENTION_GUARD {\"blended_candidates\": 431, \"dataset\": \"44b6_12dfb391\", \"frame\": 22, \"minimum_retention\": 0.9, \"primary_candidates\": 484, \"retention\": 0.890495867768595, \"use_primary\": true}\n"}
,{"stream_name":"stdout","time":1649.154556884,"data":"BIOHUB_RETENTION_GUARD {\"blended_candidates\": 431, \"dataset\": \"44b6_12dfb391\", \"frame\": 22, \"minimum_retention\": 0.9, \"primary_candidates\": 484, \"retention\": 0.890495867768595, \"use_primary\": true}\n"}
,{"stream_name":"stdout","time":1650.204307918,"data":"EDGE_TTA_ACTIVE views= 8 mean_abs_feat_delta= 0.343644\n"}
,{"stream_name":"stdout","time":1650.406962089,"data":"EDGE_TTA_ACTIVE views= 8 mean_abs_feat_delta= 0.343644\n"}
,{"stream_name":"stdout","time":1650.479017952,"data":"EDGE_TTA_ACTIVE views= 8 mean_abs_feat_delta= 0.366124\n"}
,{"stream_name":"stdout","time":1650.681475881,"data":"EDGE_TTA_ACTIVE views= 8 mean_abs_feat_delta= 0.366124\n"}
,{"stream_name":"stdout","time":1651.288389008,"data":"BIOHUB_RETENTION_GUARD {\"blended_candidates\": 433, \"dataset\": \"44b6_12dfb391\", \"frame\": 23, \"minimum_retention\": 0.9, \"primary_candidates\": 484, \"retention\": 0.8946280991735537, \"use_primary\": true}\n"}
,{"stream_name":"stdout","time":1651.491202345,"data":"BIOHUB_RETENTION_GUARD {\"blended_candidates\": 433, \"dataset\": \"44b6_12dfb391\", \"frame\": 23, \"minimum_retention\": 0.9, \"primary_candidates\": 484, \"retention\": 0.8946280991735537, \"use_primary\": true}\n"}
,{"stream_name":"stdout","time":1652.536536725,"data":"EDGE_TTA_ACTIVE views= 8 mean_abs_feat_delta= 0.36912\n"}
,{"stream_name":"stdout","time":1652.55872242,"data":"EDGE_TTA_ACTIVE views= 8 mean_abs_feat_delta= 0.346576\n"}
,{"stream_name":"stdout","time":1652.739062663,"data":"EDGE_TTA_ACTIVE views= 8 mean_abs_feat_delta= 0.36912\n"}
,{"stream_name":"stdout","time":1652.73909226,"data":"EDGE_TTA_ACTIVE views= 8 mean_abs_feat_delta= 0.346576\n"}
,{"stream_name":"stdout","time":1654.607578415,"data":"EDGE_TTA_ACTIVE views= 8 mean_abs_feat_delta= 0.364666\n"}
,{"stream_name":"stdout","time":1654.810105802,"data":"EDGE_TTA_ACTIVE views= 8 mean_abs_feat_delta= 0.364666\n"}
,{"stream_name":"stdout","time":1654.897646337,"data":"EDGE_TTA_ACTIVE views= 8 mean_abs_feat_delta= 0.351385\n"}
,{"stream_name":"stdout","time":1655.148564599,"data":"EDGE_TTA_ACTIVE views= 8 mean_abs_feat_delta= 0.351385\n"}
,{"stream_name":"stdout","time":1656.667141501,"data":"EDGE_TTA_ACTIVE views= 8 mean_abs_feat_delta= 0.35307\n"}
,{"stream_name":"stdout","time":1656.869905497,"data":"EDGE_TTA_ACTIVE views= 8 mean_abs_feat_delta= 0.35307\n"}
,{"stream_name":"stdout","time":1657.241403643,"data":"EDGE_TTA_ACTIVE views= 8 mean_abs_feat_delta= 0.352556\n"}
,{"stream_name":"stdout","time":1657.444063173,"data":"EDGE_TTA_ACTIVE views= 8 mean_abs_feat_delta= 0.352556\n"}
,{"stream_name":"stdout","time":1658.721475116,"data":"EDGE_TTA_ACTIVE views= 8 mean_abs_feat_delta= 0.342104\n"}
,{"stream_name":"stdout","time":1658.924369648,"data":"EDGE_TTA_ACTIVE views= 8 mean_abs_feat_delta= 0.342104\n"}
,{"stream_name":"stdout","time":1659.649481584,"data":"EDGE_TTA_ACTIVE views= 8 mean_abs_feat_delta= 0.350435\n"}
,{"stream_name":"stdout","time":1659.852238308,"data":"EDGE_TTA_ACTIVE views= 8 mean_abs_feat_delta= 0.350435\n"}
,{"stream_name":"stdout","time":1660.755992862,"data":"BIOHUB_RETENTION_GUARD {\"blended_candidates\": 451, \"dataset\": \"44b6_12dfb391\", \"frame\": 27, \"minimum_retention\": 0.9, \"primary_candidates\": 504, \"retention\": 0.8948412698412699, \"use_primary\": true}\n"}
,{"stream_name":"stdout","time":1660.786895226,"data":"EDGE_TTA_ACTIVE views= 8 mean_abs_feat_delta= 0.340484\n"}
,{"stream_name":"stdout","time":1660.960621992,"data":"BIOHUB_RETENTION_GUARD {\"blended_candidates\": 451, \"dataset\": \"44b6_12dfb391\", \"frame\": 27, \"minimum_retention\": 0.9, \"primary_candidates\": 504, \"retention\": 0.8948412698412699, \"use_primary\": true}\n"}
,{"stream_name":"stdout","time":1660.960649737,"data":"EDGE_TTA_ACTIVE views= 8 mean_abs_feat_delta= 0.340484\n"}
,{"stream_name":"stdout","time":1662.038129819,"data":"EDGE_TTA_ACTIVE views= 8 mean_abs_feat_delta= 0.351638\n"}
,{"stream_name":"stdout","time":1662.240604632,"data":"EDGE_TTA_ACTIVE views= 8 mean_abs_feat_delta= 0.351638\n"}
,{"stream_name":"stdout","time":1662.845281867,"data":"EDGE_TTA_ACTIVE views= 8 mean_abs_feat_delta= 0.356776\n"}
,{"stream_name":"stdout","time":1663.047981526,"data":"EDGE_TTA_ACTIVE views= 8 mean_abs_feat_delta= 0.356776\n"}
,{"stream_name":"stdout","time":1664.438638468,"data":"EDGE_TTA_ACTIVE views= 8 mean_abs_feat_delta= 0.3532\n"}
,{"stream_name":"stdout","time":1664.641180354,"data":"EDGE_TTA_ACTIVE views= 8 mean_abs_feat_delta= 0.3532\n"}
,{"stream_name":"stdout","time":1664.920284761,"data":"EDGE_TTA_ACTIVE views= 8 mean_abs_feat_delta= 0.355165\n"}
,{"stream_name":"stdout","time":1665.123331811,"data":"EDGE_TTA_ACTIVE views= 8 mean_abs_feat_delta= 0.355165\n"}
,{"stream_name":"stdout","time":1666.83351597,"data":"EDGE_TTA_ACTIVE views= 8 mean_abs_feat_delta= 0.350487\n"}
,{"stream_name":"stdout","time":1667.008916675,"data":"EDGE_TTA_ACTIVE views= 8 mean_abs_feat_delta= 0.355677\n"}
,{"stream_name":"stdout","time":1667.03615479,"data":"EDGE_TTA_ACTIVE views= 8 mean_abs_feat_delta= 0.350487\n"}
,{"stream_name":"stdout","time":1667.036182402,"data":"EDGE_TTA_ACTIVE views= 8 mean_abs_feat_delta= 0.355677\n"}
,{"stream_name":"stdout","time":1669.102853622,"data":"EDGE_TTA_ACTIVE views= 8 mean_abs_feat_delta= 0.358773\n"}
,{"stream_name":"stdout","time":1669.246082876,"data":"EDGE_TTA_ACTIVE views= 8 mean_abs_feat_delta= 0.348036\n"}
,{"stream_name":"stdout","time":1669.305074486,"data":"EDGE_TTA_ACTIVE views= 8 mean_abs_feat_delta= 0.358773\n"}
,{"stream_name":"stdout","time":1669.305107604,"data":"EDGE_TTA_ACTIVE views= 8 mean_abs_feat_delta= 0.348036\n"}
,{"stream_name":"stdout","time":1671.193369341,"data":"EDGE_TTA_ACTIVE views= 8 mean_abs_feat_delta= 0.357316\n"}
,{"stream_name":"stdout","time":1671.395731877,"data":"EDGE_TTA_ACTIVE views= 8 mean_abs_feat_delta= 0.357316\n"}
,{"stream_name":"stdout","time":1671.629787897,"data":"EDGE_TTA_ACTIVE views= 8 mean_abs_feat_delta= 0.346153\n"}
,{"stream_name":"stdout","time":1671.832317822,"data":"EDGE_TTA_ACTIVE views= 8 mean_abs_feat_delta= 0.346153\n"}
,{"stream_name":"stdout","time":1673.28407959,"data":"EDGE_TTA_ACTIVE views= 8 mean_abs_feat_delta= 0.358984\n"}
,{"stream_name":"stdout","time":1673.486473919,"data":"EDGE_TTA_ACTIVE views= 8 mean_abs_feat_delta= 0.358984\n"}
,{"stream_name":"stdout","time":1674.030676902,"data":"EDGE_TTA_ACTIVE views= 8 mean_abs_feat_delta= 0.343208\n"}
,{"stream_name":"stdout","time":1674.233071866,"data":"EDGE_TTA_ACTIVE views= 8 mean_abs_feat_delta= 0.343208\n"}
,{"stream_name":"stdout","time":1675.378482,"data":"EDGE_TTA_ACTIVE views= 8 mean_abs_feat_delta= 0.372369\n"}
,{"stream_name":"stdout","time":1675.58104343,"data":"EDGE_TTA_ACTIVE views= 8 mean_abs_feat_delta= 0.372369\n"}
,{"stream_name":"stdout","time":1676.412217818,"data":"EDGE_TTA_ACTIVE views= 8 mean_abs_feat_delta= 0.345655\n"}
,{"stream_name":"stdout","time":1676.615133854,"data":"EDGE_TTA_ACTIVE views= 8 mean_abs_feat_delta= 0.345655\n"}
,{"stream_name":"stdout","time":1677.479197587,"data":"EDGE_TTA_ACTIVE views= 8 mean_abs_feat_delta= 0.382121\n"}
,{"stream_name":"stdout","time":1677.681648444,"data":"EDGE_TTA_ACTIVE views= 8 mean_abs_feat_delta= 0.382121\n"}
,{"stream_name":"stdout","time":1678.784612834,"data":"EDGE_TTA_ACTIVE views= 8 mean_abs_feat_delta= 0.348487\n"}
,{"stream_name":"stdout","time":1678.987449993,"data":"EDGE_TTA_ACTIVE views= 8 mean_abs_feat_delta= 0.348487\n"}
,{"stream_name":"stdout","time":1679.571989242,"data":"EDGE_TTA_ACTIVE views= 8 mean_abs_feat_delta= 0.389142\n"}
,{"stream_name":"stdout","time":1679.774809777,"data":"EDGE_TTA_ACTIVE views= 8 mean_abs_feat_delta= 0.389142\n"}
,{"stream_name":"stdout","time":1679.881527715,"data":"BIOHUB_RETENTION_GUARD {\"blended_candidates\": 449, \"dataset\": \"44b6_12dfb391\", \"frame\": 35, \"minimum_retention\": 0.9, \"primary_candidates\": 506, \"retention\": 0.8873517786561265, \"use_primary\": true}\n"}
,{"stream_name":"stdout","time":1680.08414731,"data":"BIOHUB_RETENTION_GUARD {\"blended_candidates\": 449, \"dataset\": \"44b6_12dfb391\", \"frame\": 35, \"minimum_retention\": 0.9, \"primary_candidates\": 506, \"retention\": 0.8873517786561265, \"use_primary\": true}\n"}
,{"stream_name":"stdout","time":1681.145702336,"data":"EDGE_TTA_ACTIVE views= 8 mean_abs_feat_delta= 0.348239\n"}
,{"stream_name":"stdout","time":1681.348225043,"data":"EDGE_TTA_ACTIVE views= 8 mean_abs_feat_delta= 0.348239\n"}
,{"stream_name":"stdout","time":1681.640741733,"data":"EDGE_TTA_ACTIVE views= 8 mean_abs_feat_delta= 0.415695\n"}
,{"stream_name":"stdout","time":1681.843910629,"data":"EDGE_TTA_ACTIVE views= 8 mean_abs_feat_delta= 0.415695\n"}
,{"stream_name":"stdout","time":1682.234282437,"data":"BIOHUB_RETENTION_GUARD {\"blended_candidates\": 452, \"dataset\": \"44b6_12dfb391\", \"frame\": 36, \"minimum_retention\": 0.9, \"primary_candidates\": 510, \"retention\": 0.8862745098039215, \"use_primary\": true}\n"}
,{"stream_name":"stdout","time":1682.436541414,"data":"BIOHUB_RETENTION_GUARD {\"blended_candidates\": 452, \"dataset\": \"44b6_12dfb391\", \"frame\": 36, \"minimum_retention\": 0.9, \"primary_candidates\": 510, \"retention\": 0.8862745098039215, \"use_primary\": true}\n"}
,{"stream_name":"stdout","time":1683.519854855,"data":"EDGE_TTA_ACTIVE views= 8 mean_abs_feat_delta= 0.347637\n"}
,{"stream_name":"stdout","time":1683.711544912,"data":"EDGE_TTA_ACTIVE views= 8 mean_abs_feat_delta= 0.401917\n"}
,{"stream_name":"stdout","time":1683.722666589,"data":"EDGE_TTA_ACTIVE views= 8 mean_abs_feat_delta= 0.347637\n"}
,{"stream_name":"stdout","time":1683.722702076,"data":"EDGE_TTA_ACTIVE views= 8 mean_abs_feat_delta= 0.401917\n"}
,{"stream_name":"stdout","time":1684.597118314,"data":"BIOHUB_RETENTION_GUARD {\"blended_candidates\": 459, \"dataset\": \"44b6_12dfb391\", \"frame\": 37, \"minimum_retention\": 0.9, \"primary_candidates\": 517, \"retention\": 0.8878143133462283, \"use_primary\": true}\n"}
,{"stream_name":"stdout","time":1684.799563787,"data":"BIOHUB_RETENTION_GUARD {\"blended_candidates\": 459, \"dataset\": \"44b6_12dfb391\", \"frame\": 37, \"minimum_retention\": 0.9, \"primary_candidates\": 517, \"retention\": 0.8878143133462283, \"use_primary\": true}\n"}
,{"stream_name":"stdout","time":1685.817841612,"data":"EDGE_TTA_ACTIVE views= 8 mean_abs_feat_delta= 0.408829\n"}
,{"stream_name":"stdout","time":1685.862962217,"data":"EDGE_TTA_ACTIVE views= 8 mean_abs_feat_delta= 0.347183\n"}
,{"stream_name":"stdout","time":1686.070385484,"data":"EDGE_TTA_ACTIVE views= 8 mean_abs_feat_delta= 0.408829\n"}
,{"stream_name":"stdout","time":1686.070421567,"data":"EDGE_TTA_ACTIVE views= 8 mean_abs_feat_delta= 0.347183\n"}
,{"stream_name":"stdout","time":1687.908101991,"data":"EDGE_TTA_ACTIVE views= 8 mean_abs_feat_delta= 0.405254\n"}
,{"stream_name":"stdout","time":1688.110919398,"data":"EDGE_TTA_ACTIVE views= 8 mean_abs_feat_delta= 0.405254\n"}
,{"stream_name":"stdout","time":1688.186400568,"data":"EDGE_TTA_ACTIVE views= 8 mean_abs_feat_delta= 0.347762\n"}
,{"stream_name":"stdout","time":1688.389035438,"data":"EDGE_TTA_ACTIVE views= 8 mean_abs_feat_delta= 0.347762\n"}
,{"stream_name":"stdout","time":1689.974668516,"data":"EDGE_TTA_ACTIVE views= 8 mean_abs_feat_delta= 0.414187\n"}
,{"stream_name":"stdout","time":1690.177655692,"data":"EDGE_TTA_ACTIVE views= 8 mean_abs_feat_delta= 0.414187\n"}
,{"stream_name":"stdout","time":1690.487518472,"data":"EDGE_TTA_ACTIVE views= 8 mean_abs_feat_delta= 0.349684\n"}
,{"stream_name":"stdout","time":1690.691263578,"data":"EDGE_TTA_ACTIVE views= 8 mean_abs_feat_delta= 0.349684\n"}
,{"stream_name":"stdout","time":1692.062597734,"data":"EDGE_TTA_ACTIVE views= 8 mean_abs_feat_delta= 0.407156\n"}
,{"stream_name":"stdout","time":1692.265016879,"data":"EDGE_TTA_ACTIVE views= 8 mean_abs_feat_delta= 0.407156\n"}
,{"stream_name":"stdout","time":1692.805551253,"data":"EDGE_TTA_ACTIVE views= 8 mean_abs_feat_delta= 0.352443\n"}
,{"stream_name":"stdout","time":1693.008211079,"data":"EDGE_TTA_ACTIVE views= 8 mean_abs_feat_delta= 0.352443\n"}
,{"stream_name":"stdout","time":1694.149780847,"data":"EDGE_TTA_ACTIVE views= 8 mean_abs_feat_delta= 0.390532\n"}
,{"stream_name":"stdout","time":1694.352000417,"data":"EDGE_TTA_ACTIVE views= 8 mean_abs_feat_delta= 0.390532\n"}
,{"stream_name":"stdout","time":1695.167253376,"data":"EDGE_TTA_ACTIVE views= 8 mean_abs_feat_delta= 0.352904\n"}
,{"stream_name":"stdout","time":1695.370314741,"data":"EDGE_TTA_ACTIVE views= 8 mean_abs_feat_delta= 0.352904\n"}
,{"stream_name":"stdout","time":1696.214068335,"data":"EDGE_TTA_ACTIVE views= 8 mean_abs_feat_delta= 0.375064\n"}
,{"stream_name":"stdout","time":1696.4167348,"data":"EDGE_TTA_ACTIVE views= 8 mean_abs_feat_delta= 0.375064\n"}
,{"stream_name":"stdout","time":1697.478440934,"data":"EDGE_TTA_ACTIVE views= 8 mean_abs_feat_delta= 0.355994\n"}
,{"stream_name":"stdout","time":1697.681154427,"data":"EDGE_TTA_ACTIVE views= 8 mean_abs_feat_delta= 0.355994\n"}
,{"stream_name":"stdout","time":1698.319570192,"data":"EDGE_TTA_ACTIVE views= 8 mean_abs_feat_delta= 0.357722\n"}
,{"stream_name":"stdout","time":1698.522131339,"data":"EDGE_TTA_ACTIVE views= 8 mean_abs_feat_delta= 0.357722\n"}
,{"stream_name":"stdout","time":1699.756812583,"data":"EDGE_TTA_ACTIVE views= 8 mean_abs_feat_delta= 0.362223\n"}
,{"stream_name":"stdout","time":1699.959085155,"data":"EDGE_TTA_ACTIVE views= 8 mean_abs_feat_delta= 0.362223\n"}
,{"stream_name":"stdout","time":1700.386688948,"data":"EDGE_TTA_ACTIVE views= 8 mean_abs_feat_delta= 0.377175\n"}
,{"stream_name":"stdout","time":1700.589611368,"data":"EDGE_TTA_ACTIVE views= 8 mean_abs_feat_delta= 0.377175\n"}
,{"stream_name":"stdout","time":1702.052920797,"data":"EDGE_TTA_ACTIVE views= 8 mean_abs_feat_delta= 0.364163\n"}
,{"stream_name":"stdout","time":1702.255952111,"data":"EDGE_TTA_ACTIVE views= 8 mean_abs_feat_delta= 0.364163\n"}
,{"stream_name":"stdout","time":1702.454148091,"data":"EDGE_TTA_ACTIVE views= 8 mean_abs_feat_delta= 0.370458\n"}
,{"stream_name":"stdout","time":1702.656726041,"data":"EDGE_TTA_ACTIVE views= 8 mean_abs_feat_delta= 0.370458\n"}
,{"stream_name":"stdout","time":1704.350638848,"data":"EDGE_TTA_ACTIVE views= 8 mean_abs_feat_delta= 0.360264\n"}
,{"stream_name":"stdout","time":1704.55322477,"data":"EDGE_TTA_ACTIVE views= 8 mean_abs_feat_delta= 0.360264\n"}
,{"stream_name":"stdout","time":1704.558077146,"data":"EDGE_TTA_ACTIVE views= 8 mean_abs_feat_delta= 0.358848\n"}
,{"stream_name":"stdout","time":1704.760702546,"data":"EDGE_TTA_ACTIVE views= 8 mean_abs_feat_delta= 0.358848\n"}
,{"stream_name":"stdout","time":1706.618230708,"data":"EDGE_TTA_ACTIVE views= 8 mean_abs_feat_delta= 0.356608\n"}
,{"stream_name":"stdout","time":1706.626631474,"data":"EDGE_TTA_ACTIVE views= 8 mean_abs_feat_delta= 0.382742\n"}
,{"stream_name":"stdout","time":1706.820866353,"data":"EDGE_TTA_ACTIVE views= 8 mean_abs_feat_delta= 0.356608\n"}
,{"stream_name":"stdout","time":1706.820940111,"data":"EDGE_TTA_ACTIVE views= 8 mean_abs_feat_delta= 0.382742\n"}
,{"stream_name":"stdout","time":1708.711432854,"data":"EDGE_TTA_ACTIVE views= 8 mean_abs_feat_delta= 0.415987\n"}
,{"stream_name":"stdout","time":1708.913816335,"data":"EDGE_TTA_ACTIVE views= 8 mean_abs_feat_delta= 0.415987\n"}
,{"stream_name":"stdout","time":1708.936502077,"data":"EDGE_TTA_ACTIVE views= 8 mean_abs_feat_delta= 0.354367\n"}
,{"stream_name":"stdout","time":1709.139135813,"data":"EDGE_TTA_ACTIVE views= 8 mean_abs_feat_delta= 0.354367\n"}
,{"stream_name":"stdout","time":1710.783950193,"data":"EDGE_TTA_ACTIVE views= 8 mean_abs_feat_delta= 0.378636\n"}
,{"stream_name":"stdout","time":1710.986496853,"data":"EDGE_TTA_ACTIVE views= 8 mean_abs_feat_delta= 0.378636\n"}
,{"stream_name":"stdout","time":1711.199384937,"data":"EDGE_TTA_ACTIVE views= 8 mean_abs_feat_delta= 0.354144\n"}
,{"stream_name":"stdout","time":1711.402008978,"data":"EDGE_TTA_ACTIVE views= 8 mean_abs_feat_delta= 0.354144\n"}
,{"stream_name":"stdout","time":1712.869800919,"data":"EDGE_TTA_ACTIVE views= 8 mean_abs_feat_delta= 0.374978\n"}
,{"stream_name":"stdout","time":1713.072162545,"data":"EDGE_TTA_ACTIVE views= 8 mean_abs_feat_delta= 0.374978\n"}
,{"stream_name":"stdout","time":1713.493484516,"data":"EDGE_TTA_ACTIVE views= 8 mean_abs_feat_delta= 0.352179\n"}
,{"stream_name":"stdout","time":1713.696140389,"data":"EDGE_TTA_ACTIVE views= 8 mean_abs_feat_delta= 0.352179\n"}
,{"stream_name":"stdout","time":1714.959425005,"data":"EDGE_TTA_ACTIVE views= 8 mean_abs_feat_delta= 0.383634\n"}
,{"stream_name":"stdout","time":1715.162294996,"data":"EDGE_TTA_ACTIVE views= 8 mean_abs_feat_delta= 0.383634\n"}
,{"stream_name":"stdout","time":1715.753684837,"data":"EDGE_TTA_ACTIVE views= 8 mean_abs_feat_delta= 0.354896\n"}
,{"stream_name":"stdout","time":1715.956737629,"data":"EDGE_TTA_ACTIVE views= 8 mean_abs_feat_delta= 0.354896\n"}
,{"stream_name":"stdout","time":1717.063084419,"data":"EDGE_TTA_ACTIVE views= 8 mean_abs_feat_delta= 0.382868\n"}
,{"stream_name":"stdout","time":1717.318155414,"data":"EDGE_TTA_ACTIVE views= 8 mean_abs_feat_delta= 0.382868\n"}
,{"stream_name":"stdout","time":1718.036449138,"data":"EDGE_TTA_ACTIVE views= 8 mean_abs_feat_delta= 0.350365\n"}
,{"stream_name":"stdout","time":1718.238957861,"data":"EDGE_TTA_ACTIVE views= 8 mean_abs_feat_delta= 0.350365\n"}
,{"stream_name":"stdout","time":1719.162599044,"data":"EDGE_TTA_ACTIVE views= 8 mean_abs_feat_delta= 0.371306\n"}
,{"stream_name":"stdout","time":1719.365306048,"data":"EDGE_TTA_ACTIVE views= 8 mean_abs_feat_delta= 0.371306\n"}
,{"stream_name":"stdout","time":1720.318742866,"data":"EDGE_TTA_ACTIVE views= 8 mean_abs_feat_delta= 0.347874\n"}
,{"stream_name":"stdout","time":1720.52167816,"data":"EDGE_TTA_ACTIVE views= 8 mean_abs_feat_delta= 0.347874\n"}
,{"stream_name":"stdout","time":1721.278466763,"data":"EDGE_TTA_ACTIVE views= 8 mean_abs_feat_delta= 0.370302\n"}
,{"stream_name":"stdout","time":1721.481259636,"data":"EDGE_TTA_ACTIVE views= 8 mean_abs_feat_delta= 0.370302\n"}
,{"stream_name":"stdout","time":1722.624359376,"data":"EDGE_TTA_ACTIVE views= 8 mean_abs_feat_delta= 0.349339\n"}
,{"stream_name":"stdout","time":1722.826765134,"data":"EDGE_TTA_ACTIVE views= 8 mean_abs_feat_delta= 0.349339\n"}
,{"stream_name":"stdout","time":1723.455220492,"data":"EDGE_TTA_ACTIVE views= 8 mean_abs_feat_delta= 0.37583\n"}
,{"stream_name":"stdout","time":1723.658001433,"data":"EDGE_TTA_ACTIVE views= 8 mean_abs_feat_delta= 0.37583\n"}
,{"stream_name":"stdout","time":1724.894342976,"data":"EDGE_TTA_ACTIVE views= 8 mean_abs_feat_delta= 0.350442\n"}
,{"stream_name":"stdout","time":1725.096986544,"data":"EDGE_TTA_ACTIVE views= 8 mean_abs_feat_delta= 0.350442\n"}
,{"stream_name":"stdout","time":1725.564077397,"data":"EDGE_TTA_ACTIVE views= 8 mean_abs_feat_delta= 0.368756\n"}
,{"stream_name":"stdout","time":1725.766577775,"data":"EDGE_TTA_ACTIVE views= 8 mean_abs_feat_delta= 0.368756\n"}
,{"stream_name":"stdout","time":1725.945322905,"data":"BIOHUB_RETENTION_GUARD {\"blended_candidates\": 471, \"dataset\": \"44b6_12dfb391\", \"frame\": 55, \"minimum_retention\": 0.9, \"primary_candidates\": 525, \"retention\": 0.8971428571428571, \"use_primary\": true}\n"}
,{"stream_name":"stdout","time":1726.14797726,"data":"BIOHUB_RETENTION_GUARD {\"blended_candidates\": 471, \"dataset\": \"44b6_12dfb391\", \"frame\": 55, \"minimum_retention\": 0.9, \"primary_candidates\": 525, \"retention\": 0.8971428571428571, \"use_primary\": true}\n"}
,{"stream_name":"stdout","time":1727.184366015,"data":"EDGE_TTA_ACTIVE views= 8 mean_abs_feat_delta= 0.350606\n"}
,{"stream_name":"stdout","time":1727.38677637,"data":"EDGE_TTA_ACTIVE views= 8 mean_abs_feat_delta= 0.350606\n"}
,{"stream_name":"stdout","time":1727.674011465,"data":"EDGE_TTA_ACTIVE views= 8 mean_abs_feat_delta= 0.352766\n"}
,{"stream_name":"stdout","time":1727.876825232,"data":"EDGE_TTA_ACTIVE views= 8 mean_abs_feat_delta= 0.352766\n"}
,{"stream_name":"stdout","time":1728.234738381,"data":"BIOHUB_RETENTION_GUARD {\"blended_candidates\": 466, \"dataset\": \"44b6_12dfb391\", \"frame\": 56, \"minimum_retention\": 0.9, \"primary_candidates\": 529, \"retention\": 0.8809073724007561, \"use_primary\": true}\n"}
,{"stream_name":"stdout","time":1728.437459386,"data":"BIOHUB_RETENTION_GUARD {\"blended_candidates\": 466, \"dataset\": \"44b6_12dfb391\", \"frame\": 56, \"minimum_retention\": 0.9, \"primary_candidates\": 529, \"retention\": 0.8809073724007561, \"use_primary\": true}\n"}
,{"stream_name":"stdout","time":1729.478690559,"data":"EDGE_TTA_ACTIVE views= 8 mean_abs_feat_delta= 0.351002\n"}
,{"stream_name":"stdout","time":1729.681414923,"data":"EDGE_TTA_ACTIVE views= 8 mean_abs_feat_delta= 0.351002\n"}
,{"stream_name":"stdout","time":1729.841243204,"data":"EDGE_TTA_ACTIVE views= 8 mean_abs_feat_delta= 0.366005\n"}
,{"stream_name":"stdout","time":1730.043826306,"data":"EDGE_TTA_ACTIVE views= 8 mean_abs_feat_delta= 0.366005\n"}
,{"stream_name":"stdout","time":1730.529751985,"data":"BIOHUB_RETENTION_GUARD {\"blended_candidates\": 463, \"dataset\": \"44b6_12dfb391\", \"frame\": 57, \"minimum_retention\": 0.9, \"primary_candidates\": 525, \"retention\": 0.8819047619047619, \"use_primary\": true}\n"}
,{"stream_name":"stdout","time":1730.732045992,"data":"BIOHUB_RETENTION_GUARD {\"blended_candidates\": 463, \"dataset\": \"44b6_12dfb391\", \"frame\": 57, \"minimum_retention\": 0.9, \"primary_candidates\": 525, \"retention\": 0.8819047619047619, \"use_primary\": true}\n"}
,{"stream_name":"stdout","time":1731.842438773,"data":"EDGE_TTA_ACTIVE views= 8 mean_abs_feat_delta= 0.351435\n"}
,{"stream_name":"stdout","time":1731.948906379,"data":"EDGE_TTA_ACTIVE views= 8 mean_abs_feat_delta= 0.365954\n"}
,{"stream_name":"stdout","time":1732.045134897,"data":"EDGE_TTA_ACTIVE views= 8 mean_abs_feat_delta= 0.351435\n"}
,{"stream_name":"stdout","time":1732.045172117,"data":"EDGE_TTA_ACTIVE views= 8 mean_abs_feat_delta= 0.365954\n"}
,{"stream_name":"stdout","time":1732.896581481,"data":"BIOHUB_RETENTION_GUARD {\"blended_candidates\": 462, \"dataset\": \"44b6_12dfb391\", \"frame\": 58, \"minimum_retention\": 0.9, \"primary_candidates\": 524, \"retention\": 0.8816793893129771, \"use_primary\": true}\n"}
,{"stream_name":"stdout","time":1733.099564941,"data":"BIOHUB_RETENTION_GUARD {\"blended_candidates\": 462, \"dataset\": \"44b6_12dfb391\", \"frame\": 58, \"minimum_retention\": 0.9, \"primary_candidates\": 524, \"retention\": 0.8816793893129771, \"use_primary\": true}\n"}
,{"stream_name":"stdout","time":1734.065578549,"data":"EDGE_TTA_ACTIVE views= 8 mean_abs_feat_delta= 0.362198\n"}
,{"stream_name":"stdout","time":1734.152508208,"data":"EDGE_TTA_ACTIVE views= 8 mean_abs_feat_delta= 0.350102\n"}
,{"stream_name":"stdout","time":1734.268175646,"data":"EDGE_TTA_ACTIVE views= 8 mean_abs_feat_delta= 0.362198\n"}
,{"stream_name":"stdout","time":1734.268215911,"data":"EDGE_TTA_ACTIVE views= 8 mean_abs_feat_delta= 0.350102\n"}
,{"stream_name":"stdout","time":1735.212151808,"data":"BIOHUB_RETENTION_GUARD {\"blended_candidates\": 458, \"dataset\": \"44b6_12dfb391\", \"frame\": 59, \"minimum_retention\": 0.9, \"primary_candidates\": 532, \"retention\": 0.8609022556390977, \"use_primary\": true}\n"}
,{"stream_name":"stdout","time":1735.414416684,"data":"BIOHUB_RETENTION_GUARD {\"blended_candidates\": 458, \"dataset\": \"44b6_12dfb391\", \"frame\": 59, \"minimum_retention\": 0.9, \"primary_candidates\": 532, \"retention\": 0.8609022556390977, \"use_primary\": true}\n"}
,{"stream_name":"stdout","time":1736.236206466,"data":"EDGE_TTA_ACTIVE views= 8 mean_abs_feat_delta= 0.35614\n"}
,{"stream_name":"stdout","time":1736.438824916,"data":"EDGE_TTA_ACTIVE views= 8 mean_abs_feat_delta= 0.35614\n"}
,{"stream_name":"stdout","time":1736.49035815,"data":"EDGE_TTA_ACTIVE views= 8 mean_abs_feat_delta= 0.347603\n"}
,{"stream_name":"stdout","time":1736.692740133,"data":"EDGE_TTA_ACTIVE views= 8 mean_abs_feat_delta= 0.347603\n"}
,{"stream_name":"stdout","time":1738.37581097,"data":"EDGE_TTA_ACTIVE views= 8 mean_abs_feat_delta= 0.360441\n"}
,{"stream_name":"stdout","time":1738.578272715,"data":"EDGE_TTA_ACTIVE views= 8 mean_abs_feat_delta= 0.360441\n"}
,{"stream_name":"stdout","time":1738.822571943,"data":"EDGE_TTA_ACTIVE views= 8 mean_abs_feat_delta= 0.347903\n"}
,{"stream_name":"stdout","time":1739.025122565,"data":"EDGE_TTA_ACTIVE views= 8 mean_abs_feat_delta= 0.347903\n"}
,{"stream_name":"stdout","time":1739.891779251,"data":"BIOHUB_RETENTION_GUARD {\"blended_candidates\": 462, \"dataset\": \"44b6_12dfb391\", \"frame\": 61, \"minimum_retention\": 0.9, \"primary_candidates\": 543, \"retention\": 0.850828729281768, \"use_primary\": true}\n"}
,{"stream_name":"stdout","time":1740.095520263,"data":"BIOHUB_RETENTION_GUARD {\"blended_candidates\": 462, \"dataset\": \"44b6_12dfb391\", \"frame\": 61, \"minimum_retention\": 0.9, \"primary_candidates\": 543, \"retention\": 0.850828729281768, \"use_primary\": true}\n"}
,{"stream_name":"stdout","time":1740.508025271,"data":"EDGE_TTA_ACTIVE views= 8 mean_abs_feat_delta= 0.346937\n"}
,{"stream_name":"stdout","time":1740.712197802,"data":"EDGE_TTA_ACTIVE views= 8 mean_abs_feat_delta= 0.346937\n"}
,{"stream_name":"stdout","time":1741.15412427,"data":"EDGE_TTA_ACTIVE views= 8 mean_abs_feat_delta= 0.346794\n"}
,{"stream_name":"stdout","time":1741.356866545,"data":"EDGE_TTA_ACTIVE views= 8 mean_abs_feat_delta= 0.346794\n"}
,{"stream_name":"stdout","time":1742.682068672,"data":"EDGE_TTA_ACTIVE views= 8 mean_abs_feat_delta= 0.351835\n"}
,{"stream_name":"stdout","time":1742.88458437,"data":"EDGE_TTA_ACTIVE views= 8 mean_abs_feat_delta= 0.351835\n"}
,{"stream_name":"stdout","time":1743.496071625,"data":"EDGE_TTA_ACTIVE views= 8 mean_abs_feat_delta= 0.347265\n"}
,{"stream_name":"stdout","time":1743.698744579,"data":"EDGE_TTA_ACTIVE views= 8 mean_abs_feat_delta= 0.347265\n"}
,{"stream_name":"stdout","time":1744.568094441,"data":"BIOHUB_RETENTION_GUARD {\"blended_candidates\": 491, \"dataset\": \"44b6_12dfb391\", \"frame\": 63, \"minimum_retention\": 0.9, \"primary_candidates\": 548, \"retention\": 0.8959854014598541, \"use_primary\": true}\n"}
,{"stream_name":"stdout","time":1744.770049012,"data":"BIOHUB_RETENTION_GUARD {\"blended_candidates\": 491, \"dataset\": \"44b6_12dfb391\", \"frame\": 63, \"minimum_retention\": 0.9, \"primary_candidates\": 548, \"retention\": 0.8959854014598541, \"use_primary\": true}\n"}
,{"stream_name":"stdout","time":1744.845069049,"data":"EDGE_TTA_ACTIVE views= 8 mean_abs_feat_delta= 0.354093\n"}
,{"stream_name":"stdout","time":1745.047582273,"data":"EDGE_TTA_ACTIVE views= 8 mean_abs_feat_delta= 0.354093\n"}
,{"stream_name":"stdout","time":1745.832175115,"data":"EDGE_TTA_ACTIVE views= 8 mean_abs_feat_delta= 0.354895\n"}
,{"stream_name":"stdout","time":1746.034775509,"data":"EDGE_TTA_ACTIVE views= 8 mean_abs_feat_delta= 0.354895\n"}
,{"stream_name":"stdout","time":1747.02015295,"data":"EDGE_TTA_ACTIVE views= 8 mean_abs_feat_delta= 0.359817\n"}
,{"stream_name":"stdout","time":1747.222433048,"data":"EDGE_TTA_ACTIVE views= 8 mean_abs_feat_delta= 0.359817\n"}
,{"stream_name":"stdout","time":1748.19871133,"data":"EDGE_TTA_ACTIVE views= 8 mean_abs_feat_delta= 0.354989\n"}
,{"stream_name":"stdout","time":1748.452975081,"data":"EDGE_TTA_ACTIVE views= 8 mean_abs_feat_delta= 0.354989\n"}
,{"stream_name":"stdout","time":1749.157153716,"data":"EDGE_TTA_ACTIVE views= 8 mean_abs_feat_delta= 0.357588\n"}
,{"stream_name":"stdout","time":1749.360094106,"data":"EDGE_TTA_ACTIVE views= 8 mean_abs_feat_delta= 0.357588\n"}
,{"stream_name":"stdout","time":1750.524036152,"data":"EDGE_TTA_ACTIVE views= 8 mean_abs_feat_delta= 0.351351\n"}
,{"stream_name":"stdout","time":1750.726611195,"data":"EDGE_TTA_ACTIVE views= 8 mean_abs_feat_delta= 0.351351\n"}
,{"stream_name":"stdout","time":1751.298385187,"data":"EDGE_TTA_ACTIVE views= 8 mean_abs_feat_delta= 0.349183\n"}
,{"stream_name":"stdout","time":1751.501106632,"data":"EDGE_TTA_ACTIVE views= 8 mean_abs_feat_delta= 0.349183\n"}
,{"stream_name":"stdout","time":1752.867526076,"data":"EDGE_TTA_ACTIVE views= 8 mean_abs_feat_delta= 0.35502\n"}
,{"stream_name":"stdout","time":1753.070039149,"data":"EDGE_TTA_ACTIVE views= 8 mean_abs_feat_delta= 0.35502\n"}
,{"stream_name":"stdout","time":1753.439093007,"data":"EDGE_TTA_ACTIVE views= 8 mean_abs_feat_delta= 0.36472\n"}
,{"stream_name":"stdout","time":1753.641544125,"data":"EDGE_TTA_ACTIVE views= 8 mean_abs_feat_delta= 0.36472\n"}
,{"stream_name":"stdout","time":1755.216159399,"data":"EDGE_TTA_ACTIVE views= 8 mean_abs_feat_delta= 0.359205\n"}
,{"stream_name":"stdout","time":1755.418570236,"data":"EDGE_TTA_ACTIVE views= 8 mean_abs_feat_delta= 0.359205\n"}
,{"stream_name":"stdout","time":1755.586260241,"data":"EDGE_TTA_ACTIVE views= 8 mean_abs_feat_delta= 0.367291\n"}
,{"stream_name":"stdout","time":1755.788772561,"data":"EDGE_TTA_ACTIVE views= 8 mean_abs_feat_delta= 0.367291\n"}
,{"stream_name":"stdout","time":1756.300482353,"data":"BIOHUB_RETENTION_GUARD {\"blended_candidates\": 500, \"dataset\": \"44b6_12dfb391\", \"frame\": 68, \"minimum_retention\": 0.9, \"primary_candidates\": 560, \"retention\": 0.8928571428571429, \"use_primary\": true}\n"}
,{"stream_name":"stdout","time":1756.502825771,"data":"BIOHUB_RETENTION_GUARD {\"blended_candidates\": 500, \"dataset\": \"44b6_12dfb391\", \"frame\": 68, \"minimum_retention\": 0.9, \"primary_candidates\": 560, \"retention\": 0.8928571428571429, \"use_primary\": true}\n"}
,{"stream_name":"stdout","time":1757.568554787,"data":"EDGE_TTA_ACTIVE views= 8 mean_abs_feat_delta= 0.360613\n"}
,{"stream_name":"stdout","time":1757.741041489,"data":"EDGE_TTA_ACTIVE views= 8 mean_abs_feat_delta= 0.353095\n"}
,{"stream_name":"stdout","time":1757.771120526,"data":"EDGE_TTA_ACTIVE views= 8 mean_abs_feat_delta= 0.360613\n"}
,{"stream_name":"stdout","time":1757.771152791,"data":"EDGE_TTA_ACTIVE views= 8 mean_abs_feat_delta= 0.353095\n"}
,{"stream_name":"stdout","time":1758.652628654,"data":"BIOHUB_RETENTION_GUARD {\"blended_candidates\": 482, \"dataset\": \"44b6_12dfb391\", \"frame\": 69, \"minimum_retention\": 0.9, \"primary_candidates\": 570, \"retention\": 0.8456140350877193, \"use_primary\": true}\n"}
,{"stream_name":"stdout","time":1758.855235356,"data":"BIOHUB_RETENTION_GUARD {\"blended_candidates\": 482, \"dataset\": \"44b6_12dfb391\", \"frame\": 69, \"minimum_retention\": 0.9, \"primary_candidates\": 570, \"retention\": 0.8456140350877193, \"use_primary\": true}\n"}
,{"stream_name":"stdout","time":1759.915898796,"data":"EDGE_TTA_ACTIVE views= 8 mean_abs_feat_delta= 0.338254\n"}
,{"stream_name":"stdout","time":1759.941648601,"data":"EDGE_TTA_ACTIVE views= 8 mean_abs_feat_delta= 0.361421\n"}
,{"stream_name":"stdout","time":1760.118184647,"data":"EDGE_TTA_ACTIVE views= 8 mean_abs_feat_delta= 0.338254\n"}
,{"stream_name":"stdout","time":1760.118218924,"data":"EDGE_TTA_ACTIVE views= 8 mean_abs_feat_delta= 0.361421\n"}
,{"stream_name":"stdout","time":1761.024894938,"data":"BIOHUB_RETENTION_GUARD {\"blended_candidates\": 471, \"dataset\": \"44b6_12dfb391\", \"frame\": 70, \"minimum_retention\": 0.9, \"primary_candidates\": 545, \"retention\": 0.8642201834862385, \"use_primary\": true}\n"}
,{"stream_name":"stdout","time":1761.225368806,"data":"BIOHUB_RETENTION_GUARD {\"blended_candidates\": 471, \"dataset\": \"44b6_12dfb391\", \"frame\": 70, \"minimum_retention\": 0.9, \"primary_candidates\": 545, \"retention\": 0.8642201834862385, \"use_primary\": true}\n"}
,{"stream_name":"stdout","time":1762.18081127,"data":"EDGE_TTA_ACTIVE views= 8 mean_abs_feat_delta= 0.335377\n"}
,{"stream_name":"stdout","time":1762.319229937,"data":"EDGE_TTA_ACTIVE views= 8 mean_abs_feat_delta= 0.357184\n"}
,{"stream_name":"stdout","time":1762.383292944,"data":"EDGE_TTA_ACTIVE views= 8 mean_abs_feat_delta= 0.335377\n"}
,{"stream_name":"stdout","time":1762.383338155,"data":"EDGE_TTA_ACTIVE views= 8 mean_abs_feat_delta= 0.357184\n"}
,{"stream_name":"stdout","time":1763.401546151,"data":"BIOHUB_RETENTION_GUARD {\"blended_candidates\": 488, \"dataset\": \"44b6_12dfb391\", \"frame\": 71, \"minimum_retention\": 0.9, \"primary_candidates\": 555, \"retention\": 0.8792792792792793, \"use_primary\": true}\n"}
,{"stream_name":"stdout","time":1763.60369448,"data":"BIOHUB_RETENTION_GUARD {\"blended_candidates\": 488, \"dataset\": \"44b6_12dfb391\", \"frame\": 71, \"minimum_retention\": 0.9, \"primary_candidates\": 555, \"retention\": 0.8792792792792793, \"use_primary\": true}\n"}
,{"stream_name":"stdout","time":1764.387248339,"data":"EDGE_TTA_ACTIVE views= 8 mean_abs_feat_delta= 0.332103\n"}
,{"stream_name":"stdout","time":1764.590008922,"data":"EDGE_TTA_ACTIVE views= 8 mean_abs_feat_delta= 0.332103\n"}
,{"stream_name":"stdout","time":1764.67438129,"data":"EDGE_TTA_ACTIVE views= 8 mean_abs_feat_delta= 0.360613\n"}
,{"stream_name":"stdout","time":1764.877087597,"data":"EDGE_TTA_ACTIVE views= 8 mean_abs_feat_delta= 0.360613\n"}
,{"stream_name":"stdout","time":1765.760350837,"data":"BIOHUB_RETENTION_GUARD {\"blended_candidates\": 487, \"dataset\": \"44b6_12dfb391\", \"frame\": 72, \"minimum_retention\": 0.9, \"primary_candidates\": 555, \"retention\": 0.8774774774774775, \"use_primary\": true}\n"}
,{"stream_name":"stdout","time":1765.962706144,"data":"BIOHUB_RETENTION_GUARD {\"blended_candidates\": 487, \"dataset\": \"44b6_12dfb391\", \"frame\": 72, \"minimum_retention\": 0.9, \"primary_candidates\": 555, \"retention\": 0.8774774774774775, \"use_primary\": true}\n"}
,{"stream_name":"stdout","time":1766.540416645,"data":"EDGE_TTA_ACTIVE views= 8 mean_abs_feat_delta= 0.336056\n"}
,{"stream_name":"stdout","time":1766.743130707,"data":"EDGE_TTA_ACTIVE views= 8 mean_abs_feat_delta= 0.336056\n"}
,{"stream_name":"stdout","time":1767.065474566,"data":"EDGE_TTA_ACTIVE views= 8 mean_abs_feat_delta= 0.361988\n"}
,{"stream_name":"stdout","time":1767.268035989,"data":"EDGE_TTA_ACTIVE views= 8 mean_abs_feat_delta= 0.361988\n"}
,{"stream_name":"stdout","time":1768.690178954,"data":"EDGE_TTA_ACTIVE views= 8 mean_abs_feat_delta= 0.338817\n"}
,{"stream_name":"stdout","time":1768.892823204,"data":"EDGE_TTA_ACTIVE views= 8 mean_abs_feat_delta= 0.338817\n"}
,{"stream_name":"stdout","time":1769.406085586,"data":"EDGE_TTA_ACTIVE views= 8 mean_abs_feat_delta= 0.361343\n"}
,{"stream_name":"stdout","time":1769.608629639,"data":"EDGE_TTA_ACTIVE views= 8 mean_abs_feat_delta= 0.361343\n"}
,{"stream_name":"stdout","time":1770.482657741,"data":"BIOHUB_RETENTION_GUARD {\"blended_candidates\": 504, \"dataset\": \"44b6_12dfb391\", \"frame\": 74, \"minimum_retention\": 0.9, \"primary_candidates\": 564, \"retention\": 0.8936170212765957, \"use_primary\": true}\n"}
,{"stream_name":"stdout","time":1770.685676912,"data":"BIOHUB_RETENTION_GUARD {\"blended_candidates\": 504, \"dataset\": \"44b6_12dfb391\", \"frame\": 74, \"minimum_retention\": 0.9, \"primary_candidates\": 564, \"retention\": 0.8936170212765957, \"use_primary\": true}\n"}
,{"stream_name":"stdout","time":1770.833635512,"data":"EDGE_TTA_ACTIVE views= 8 mean_abs_feat_delta= 0.334961\n"}
,{"stream_name":"stdout","time":1771.037086716,"data":"EDGE_TTA_ACTIVE views= 8 mean_abs_feat_delta= 0.334961\n"}
,{"stream_name":"stdout","time":1771.763431241,"data":"EDGE_TTA_ACTIVE views= 8 mean_abs_feat_delta= 0.364735\n"}
,{"stream_name":"stdout","time":1771.965951137,"data":"EDGE_TTA_ACTIVE views= 8 mean_abs_feat_delta= 0.364735\n"}
,{"stream_name":"stdout","time":1772.842535534,"data":"BIOHUB_RETENTION_GUARD {\"blended_candidates\": 468, \"dataset\": \"44b6_12dfb391\", \"frame\": 75, \"minimum_retention\": 0.9, \"primary_candidates\": 565, \"retention\": 0.8283185840707965, \"use_primary\": true}\n"}
,{"stream_name":"stdout","time":1773.026888684,"data":"EDGE_TTA_ACTIVE views= 8 mean_abs_feat_delta= 0.344979\n"}
,{"stream_name":"stdout","time":1773.045156065,"data":"BIOHUB_RETENTION_GUARD {\"blended_candidates\": 468, \"dataset\": \"44b6_12dfb391\", \"frame\": 75, \"minimum_retention\": 0.9, \"primary_candidates\": 565, \"retention\": 0.8283185840707965, \"use_primary\": true}\n"}
,{"stream_name":"stdout","time":1773.045194766,"data":"EDGE_TTA_ACTIVE views= 8 mean_abs_feat_delta= 0.344979\n"}
,{"stream_name":"stdout","time":1774.151095797,"data":"EDGE_TTA_ACTIVE views= 8 mean_abs_feat_delta= 0.359082\n"}
,{"stream_name":"stdout","time":1774.353738272,"data":"EDGE_TTA_ACTIVE views= 8 mean_abs_feat_delta= 0.359082\n"}
,{"stream_name":"stdout","time":1775.177188966,"data":"EDGE_TTA_ACTIVE views= 8 mean_abs_feat_delta= 0.347989\n"}
,{"stream_name":"stdout","time":1775.225122798,"data":"BIOHUB_RETENTION_GUARD {\"blended_candidates\": 507, \"dataset\": \"44b6_12dfb391\", \"frame\": 76, \"minimum_retention\": 0.9, \"primary_candidates\": 579, \"retention\": 0.8756476683937824, \"use_primary\": true}\n"}
,{"stream_name":"stdout","time":1775.379755501,"data":"EDGE_TTA_ACTIVE views= 8 mean_abs_feat_delta= 0.347989\n"}
,{"stream_name":"stdout","time":1775.379809068,"data":"BIOHUB_RETENTION_GUARD {\"blended_candidates\": 507, \"dataset\": \"44b6_12dfb391\", \"frame\": 76, \"minimum_retention\": 0.9, \"primary_candidates\": 579, \"retention\": 0.8756476683937824, \"use_primary\": true}\n"}
,{"stream_name":"stdout","time":1776.550489254,"data":"EDGE_TTA_ACTIVE views= 8 mean_abs_feat_delta= 0.356314\n"}
,{"stream_name":"stdout","time":1776.752999173,"data":"EDGE_TTA_ACTIVE views= 8 mean_abs_feat_delta= 0.356314\n"}
,{"stream_name":"stdout","time":1777.353154703,"data":"EDGE_TTA_ACTIVE views= 8 mean_abs_feat_delta= 0.350829\n"}
,{"stream_name":"stdout","time":1777.555727113,"data":"EDGE_TTA_ACTIVE views= 8 mean_abs_feat_delta= 0.350829\n"}
,{"stream_name":"stdout","time":1777.624967735,"data":"BIOHUB_RETENTION_GUARD {\"blended_candidates\": 503, \"dataset\": \"44b6_12dfb391\", \"frame\": 77, \"minimum_retention\": 0.9, \"primary_candidates\": 582, \"retention\": 0.8642611683848798, \"use_primary\": true}\n"}
,{"stream_name":"stdout","time":1777.827216827,"data":"BIOHUB_RETENTION_GUARD {\"blended_candidates\": 503, \"dataset\": \"44b6_12dfb391\", \"frame\": 77, \"minimum_retention\": 0.9, \"primary_candidates\": 582, \"retention\": 0.8642611683848798, \"use_primary\": true}\n"}
,{"stream_name":"stdout","time":1778.933985089,"data":"EDGE_TTA_ACTIVE views= 8 mean_abs_feat_delta= 0.35617\n"}
,{"stream_name":"stdout","time":1779.191304202,"data":"EDGE_TTA_ACTIVE views= 8 mean_abs_feat_delta= 0.35617\n"}
,{"stream_name":"stdout","time":1779.503599371,"data":"EDGE_TTA_ACTIVE views= 8 mean_abs_feat_delta= 0.344987\n"}
,{"stream_name":"stdout","time":1779.705981535,"data":"EDGE_TTA_ACTIVE views= 8 mean_abs_feat_delta= 0.344987\n"}
,{"stream_name":"stdout","time":1779.999569726,"data":"BIOHUB_RETENTION_GUARD {\"blended_candidates\": 519, \"dataset\": \"44b6_12dfb391\", \"frame\": 78, \"minimum_retention\": 0.9, \"primary_candidates\": 585, \"retention\": 0.8871794871794871, \"use_primary\": true}\n"}
,{"stream_name":"stdout","time":1780.201552759,"data":"BIOHUB_RETENTION_GUARD {\"blended_candidates\": 519, \"dataset\": \"44b6_12dfb391\", \"frame\": 78, \"minimum_retention\": 0.9, \"primary_candidates\": 585, \"retention\": 0.8871794871794871, \"use_primary\": true}\n"}
,{"stream_name":"stdout","time":1781.293958526,"data":"EDGE_TTA_ACTIVE views= 8 mean_abs_feat_delta= 0.351982\n"}
,{"stream_name":"stdout","time":1781.496419052,"data":"EDGE_TTA_ACTIVE views= 8 mean_abs_feat_delta= 0.351982\n"}
,{"stream_name":"stdout","time":1781.657403739,"data":"EDGE_TTA_ACTIVE views= 8 mean_abs_feat_delta= 0.329788\n"}
,{"stream_name":"stdout","time":1781.860016615,"data":"EDGE_TTA_ACTIVE views= 8 mean_abs_feat_delta= 0.329788\n"}
,{"stream_name":"stdout","time":1783.681406739,"data":"EDGE_TTA_ACTIVE views= 8 mean_abs_feat_delta= 0.35395\n"}
,{"stream_name":"stdout","time":1783.816045814,"data":"EDGE_TTA_ACTIVE views= 8 mean_abs_feat_delta= 0.329665\n"}
,{"stream_name":"stdout","time":1783.884001064,"data":"EDGE_TTA_ACTIVE views= 8 mean_abs_feat_delta= 0.35395\n"}
,{"stream_name":"stdout","time":1783.884029629,"data":"EDGE_TTA_ACTIVE views= 8 mean_abs_feat_delta= 0.329665\n"}
,{"stream_name":"stdout","time":1785.990927301,"data":"EDGE_TTA_ACTIVE views= 8 mean_abs_feat_delta= 0.325406\n"}
,{"stream_name":"stdout","time":1786.060077952,"data":"EDGE_TTA_ACTIVE views= 8 mean_abs_feat_delta= 0.35797\n"}
,{"stream_name":"stdout","time":1786.19375449,"data":"EDGE_TTA_ACTIVE views= 8 mean_abs_feat_delta= 0.325406\n"}
,{"stream_name":"stdout","time":1786.193809851,"data":"EDGE_TTA_ACTIVE views= 8 mean_abs_feat_delta= 0.35797\n"}
,{"stream_name":"stdout","time":1788.13832711,"data":"EDGE_TTA_ACTIVE views= 8 mean_abs_feat_delta= 0.337377\n"}
,{"stream_name":"stdout","time":1788.341027069,"data":"EDGE_TTA_ACTIVE views= 8 mean_abs_feat_delta= 0.337377\n"}
,{"stream_name":"stdout","time":1788.389044423,"data":"EDGE_TTA_ACTIVE views= 8 mean_abs_feat_delta= 0.358939\n"}
,{"stream_name":"stdout","time":1788.591710731,"data":"EDGE_TTA_ACTIVE views= 8 mean_abs_feat_delta= 0.358939\n"}
,{"stream_name":"stdout","time":1790.312793106,"data":"EDGE_TTA_ACTIVE views= 8 mean_abs_feat_delta= 0.336612\n"}
,{"stream_name":"stdout","time":1790.515490345,"data":"EDGE_TTA_ACTIVE views= 8 mean_abs_feat_delta= 0.336612\n"}
,{"stream_name":"stdout","time":1790.699775456,"data":"EDGE_TTA_ACTIVE views= 8 mean_abs_feat_delta= 0.362662\n"}
,{"stream_name":"stdout","time":1790.901972198,"data":"EDGE_TTA_ACTIVE views= 8 mean_abs_feat_delta= 0.362662\n"}
,{"stream_name":"stdout","time":1791.763781403,"data":"BIOHUB_RETENTION_GUARD {\"blended_candidates\": 478, \"dataset\": \"44b6_12dfb391\", \"frame\": 83, \"minimum_retention\": 0.9, \"primary_candidates\": 555, \"retention\": 0.8612612612612612, \"use_primary\": true}\n"}
,{"stream_name":"stdout","time":1791.966160456,"data":"BIOHUB_RETENTION_GUARD {\"blended_candidates\": 478, \"dataset\": \"44b6_12dfb391\", \"frame\": 83, \"minimum_retention\": 0.9, \"primary_candidates\": 555, \"retention\": 0.8612612612612612, \"use_primary\": true}\n"}
,{"stream_name":"stdout","time":1792.458235741,"data":"EDGE_TTA_ACTIVE views= 8 mean_abs_feat_delta= 0.340573\n"}
,{"stream_name":"stdout","time":1792.660803683,"data":"EDGE_TTA_ACTIVE views= 8 mean_abs_feat_delta= 0.340573\n"}
,{"stream_name":"stdout","time":1793.041653613,"data":"EDGE_TTA_ACTIVE views= 8 mean_abs_feat_delta= 0.363086\n"}
,{"stream_name":"stdout","time":1793.244262193,"data":"EDGE_TTA_ACTIVE views= 8 mean_abs_feat_delta= 0.363086\n"}
,{"stream_name":"stdout","time":1794.102498585,"data":"BIOHUB_RETENTION_GUARD {\"blended_candidates\": 501, \"dataset\": \"44b6_12dfb391\", \"frame\": 84, \"minimum_retention\": 0.9, \"primary_candidates\": 566, \"retention\": 0.8851590106007067, \"use_primary\": true}\n"}
,{"stream_name":"stdout","time":1794.304691944,"data":"BIOHUB_RETENTION_GUARD {\"blended_candidates\": 501, \"dataset\": \"44b6_12dfb391\", \"frame\": 84, \"minimum_retention\": 0.9, \"primary_candidates\": 566, \"retention\": 0.8851590106007067, \"use_primary\": true}\n"}
,{"stream_name":"stdout","time":1794.604788649,"data":"EDGE_TTA_ACTIVE views= 8 mean_abs_feat_delta= 0.34851\n"}
,{"stream_name":"stdout","time":1794.807268782,"data":"EDGE_TTA_ACTIVE views= 8 mean_abs_feat_delta= 0.34851\n"}
,{"stream_name":"stdout","time":1795.391628,"data":"EDGE_TTA_ACTIVE views= 8 mean_abs_feat_delta= 0.364785\n"}
,{"stream_name":"stdout","time":1795.594301062,"data":"EDGE_TTA_ACTIVE views= 8 mean_abs_feat_delta= 0.364785\n"}
,{"stream_name":"stdout","time":1796.741661432,"data":"EDGE_TTA_ACTIVE views= 8 mean_abs_feat_delta= 0.344922\n"}
,{"stream_name":"stdout","time":1796.944228709,"data":"EDGE_TTA_ACTIVE views= 8 mean_abs_feat_delta= 0.344922\n"}
,{"stream_name":"stdout","time":1797.704088682,"data":"EDGE_TTA_ACTIVE views= 8 mean_abs_feat_delta= 0.363892\n"}
,{"stream_name":"stdout","time":1797.906763682,"data":"EDGE_TTA_ACTIVE views= 8 mean_abs_feat_delta= 0.363892\n"}
,{"stream_name":"stdout","time":1798.889723153,"data":"EDGE_TTA_ACTIVE views= 8 mean_abs_feat_delta= 0.345806\n"}
,{"stream_name":"stdout","time":1799.092487611,"data":"EDGE_TTA_ACTIVE views= 8 mean_abs_feat_delta= 0.345806\n"}
,{"stream_name":"stdout","time":1800.035677298,"data":"EDGE_TTA_ACTIVE views= 8 mean_abs_feat_delta= 0.362041\n"}
,{"stream_name":"stdout","time":1800.238052084,"data":"EDGE_TTA_ACTIVE views= 8 mean_abs_feat_delta= 0.362041\n"}
,{"stream_name":"stdout","time":1801.034154397,"data":"EDGE_TTA_ACTIVE views= 8 mean_abs_feat_delta= 0.333012\n"}
,{"stream_name":"stdout","time":1801.237203122,"data":"EDGE_TTA_ACTIVE views= 8 mean_abs_feat_delta= 0.333012\n"}
,{"stream_name":"stdout","time":1802.370447473,"data":"EDGE_TTA_ACTIVE views= 8 mean_abs_feat_delta= 0.364393\n"}
,{"stream_name":"stdout","time":1802.573002567,"data":"EDGE_TTA_ACTIVE views= 8 mean_abs_feat_delta= 0.364393\n"}
,{"stream_name":"stdout","time":1803.190641424,"data":"EDGE_TTA_ACTIVE views= 8 mean_abs_feat_delta= 0.332183\n"}
,{"stream_name":"stdout","time":1803.393772453,"data":"EDGE_TTA_ACTIVE views= 8 mean_abs_feat_delta= 0.332183\n"}
,{"stream_name":"stdout","time":1804.677475874,"data":"EDGE_TTA_ACTIVE views= 8 mean_abs_feat_delta= 0.36832\n"}
,{"stream_name":"stdout","time":1804.880059659,"data":"EDGE_TTA_ACTIVE views= 8 mean_abs_feat_delta= 0.36832\n"}
,{"stream_name":"stdout","time":1805.337195026,"data":"EDGE_TTA_ACTIVE views= 8 mean_abs_feat_delta= 0.322487\n"}
,{"stream_name":"stdout","time":1805.539516828,"data":"EDGE_TTA_ACTIVE views= 8 mean_abs_feat_delta= 0.322487\n"}
,{"stream_name":"stdout","time":1805.734938601,"data":"BIOHUB_RETENTION_GUARD {\"blended_candidates\": 539, \"dataset\": \"44b6_12dfb391\", \"frame\": 89, \"minimum_retention\": 0.9, \"primary_candidates\": 618, \"retention\": 0.872168284789644, \"use_primary\": true}\n"}
,{"stream_name":"stdout","time":1805.936913044,"data":"BIOHUB_RETENTION_GUARD {\"blended_candidates\": 539, \"dataset\": \"44b6_12dfb391\", \"frame\": 89, \"minimum_retention\": 0.9, \"primary_candidates\": 618, \"retention\": 0.872168284789644, \"use_primary\": true}\n"}
,{"stream_name":"stdout","time":1807.008426813,"data":"EDGE_TTA_ACTIVE views= 8 mean_abs_feat_delta= 0.372337\n"}
,{"stream_name":"stdout","time":1807.210820313,"data":"EDGE_TTA_ACTIVE views= 8 mean_abs_feat_delta= 0.372337\n"}
,{"stream_name":"stdout","time":1808.066944838,"data":"BIOHUB_RETENTION_GUARD {\"blended_candidates\": 532, \"dataset\": \"44b6_12dfb391\", \"frame\": 90, \"minimum_retention\": 0.9, \"primary_candidates\": 595, \"retention\": 0.8941176470588236, \"use_primary\": true}\n"}
,{"stream_name":"stdout","time":1808.270064509,"data":"BIOHUB_RETENTION_GUARD {\"blended_candidates\": 532, \"dataset\": \"44b6_12dfb391\", \"frame\": 90, \"minimum_retention\": 0.9, \"primary_candidates\": 595, \"retention\": 0.8941176470588236, \"use_primary\": true}\n"}
,{"stream_name":"stdout","time":1809.583415043,"data":"EDGE_TTA_ACTIVE views= 8 mean_abs_feat_delta= 0.372351\n"}
,{"stream_name":"stdout","time":1809.878601911,"data":"EDGE_TTA_ACTIVE views= 8 mean_abs_feat_delta= 0.372351\n"}
,{"stream_name":"stdout","time":1812.07612704,"data":"EDGE_TTA_ACTIVE views= 8 mean_abs_feat_delta= 0.376977\n"}
,{"stream_name":"stdout","time":1812.279074674,"data":"EDGE_TTA_ACTIVE views= 8 mean_abs_feat_delta= 0.376977\n"}
,{"stream_name":"stdout","time":1814.585570896,"data":"EDGE_TTA_ACTIVE views= 8 mean_abs_feat_delta= 0.379308\n"}
,{"stream_name":"stdout","time":1814.788686674,"data":"EDGE_TTA_ACTIVE views= 8 mean_abs_feat_delta= 0.379308\n"}
,{"stream_name":"stdout","time":1816.9141509,"data":"EDGE_TTA_ACTIVE views= 8 mean_abs_feat_delta= 0.375447\n"}
,{"stream_name":"stdout","time":1817.117158762,"data":"EDGE_TTA_ACTIVE views= 8 mean_abs_feat_delta= 0.375447\n"}
,{"stream_name":"stdout","time":1817.974906261,"data":"BIOHUB_RETENTION_GUARD {\"blended_candidates\": 520, \"dataset\": \"44b6_12dfb391\", \"frame\": 94, \"minimum_retention\": 0.9, \"primary_candidates\": 583, \"retention\": 0.8919382504288165, \"use_primary\": true}\n"}
,{"stream_name":"stdout","time":1818.177838558,"data":"BIOHUB_RETENTION_GUARD {\"blended_candidates\": 520, \"dataset\": \"44b6_12dfb391\", \"frame\": 94, \"minimum_retention\": 0.9, \"primary_candidates\": 583, \"retention\": 0.8919382504288165, \"use_primary\": true}\n"}
,{"stream_name":"stdout","time":1819.25331575,"data":"EDGE_TTA_ACTIVE views= 8 mean_abs_feat_delta= 0.369974\n"}
,{"stream_name":"stdout","time":1819.456098778,"data":"EDGE_TTA_ACTIVE views= 8 mean_abs_feat_delta= 0.369974\n"}
,{"stream_name":"stdout","time":1821.609816065,"data":"EDGE_TTA_ACTIVE views= 8 mean_abs_feat_delta= 0.373122\n"}
,{"stream_name":"stdout","time":1821.812569575,"data":"EDGE_TTA_ACTIVE views= 8 mean_abs_feat_delta= 0.373122\n"}
,{"stream_name":"stdout","time":1823.969351741,"data":"EDGE_TTA_ACTIVE views= 8 mean_abs_feat_delta= 0.371747\n"}
,{"stream_name":"stdout","time":1824.172130084,"data":"EDGE_TTA_ACTIVE views= 8 mean_abs_feat_delta= 0.371747\n"}
,{"stream_name":"stdout","time":1826.413729052,"data":"EDGE_TTA_ACTIVE views= 8 mean_abs_feat_delta= 0.369424\n"}
,{"stream_name":"stdout","time":1826.520103436,"data":"EDGE_TTA_ACTIVE views= 8 mean_abs_feat_delta= 0.311164\n"}
,{"stream_name":"stdout","time":1826.616513213,"data":"EDGE_TTA_ACTIVE views= 8 mean_abs_feat_delta= 0.369424\n"}
,{"stream_name":"stdout","time":1826.616696342,"data":"EDGE_TTA_ACTIVE views= 8 mean_abs_feat_delta= 0.311164\n"}
,{"stream_name":"stdout","time":1827.582127773,"data":"PUBLIC946_GPU_SMOKE {\"arm\": \"C2\", \"association\": {\"actual_primary_logits_after_original_harmonic_fusion\": {\"all_finite\": true, \"device\": \"cuda:0\", \"dtype\": \"torch.float32\", \"numel\": 11448, \"shape\": [1, 106, 108], \"stride\": [11448, 108, 1]}, \"actual_secondary_feature_consumed\": true, \"actual_secondary_logits\": {\"all_finite\": true, \"device\": \"cuda:0\", \"dtype\": \"torch.float32\", \"numel\": 11448, \"shape\": [1, 106, 108], \"stride\": [11448, 108, 1]}, \"coordinate_grid\": {\"downsample\": [1.0, 4.0, 4.0], \"source\": {\"device\": \"cuda:0\", \"dtype\": \"torch.float32\", \"numel\": 318, \"shape\": [1, 106, 3], \"stride\": [106, 1, 106]}, \"target\": {\"device\": \"cuda:0\", \"dtype\": \"torch.float32\", \"numel\": 324, \"shape\": [1, 108, 3], \"stride\": [108, 1, 108]}}, \"diagnostic_edge_head_calls\": 1, \"diagnostic_encoder_calls\": 0, \"diagnostic_probabilities_used_in_production\": false, \"diagnostic_seconds\": 0.009545676000016101, \"frame_pair_index\": 0, \"primary_source_sampled_features\": {\"all_finite\": true, \"device\": \"cuda:0\", \"dtype\": \"torch.float32\", \"numel\": 3392, \"shape\": [1, 106, 32], \"stride\": [3392, 32, 1]}, \"primary_target_sampled_features\": {\"all_finite\": true, \"device\": \"cuda:0\", \"dtype\": \"torch.float32\", \"numel\": 3456, \"shape\": [1, 108, 32], \"stride\": [3456, 32, 1]}, \"probability_comparison_stage\": \"secondary edge-head softmax over parents, before original calibration and low-margin mixing\", \"probability_delta_vs_single_pass_same_coordinates\": {\"sample_elements\": 11448, \"sample_equal\": false, \"sample_max_abs_delta\": 0.3708154559135437, \"sample_mean_abs_delta\": 0.0009779272368177772, \"sample_stride\": 1}, \"production_calls\": 1, \"same_low_margin_config\": {\"secondary_detection_weight\": 0.8, \"secondary_edge_weight\": 0.15, \"secondary_link_mode\": \"low_margin_consensus\"}, \"source_delta_vs_single_pass\": {\"sample_elements\": 3392, \"sample_equal\": false, \"sample_max_abs_delta\": 0.5919002294540405, \"sample_mean_abs_delta\": 0.13407573103904724, \"sample_stride\": 1}, \"source_sampled_features\": {\"all_finite\": true, \"device\": \"cuda:0\", \"dtype\": \"torch.float32\", \"numel\": 3392, \"shape\": [1, 106, 32], \"stride\": [3392, 32, 1]}, \"target_delta_vs_single_pass\": {\"sample_elements\": 3456, \"sample_equal\": false, \"sample_max_abs_delta\": 0.6872267723083496, \"sample_mean_abs_delta\": 0.1293332874774933, \"sample_stride\": 1}, \"target_sampled_features\": {\"all_finite\": true, \"device\": \"cuda:0\", \"dtype\": \"torch.float32\", \"numel\": 3456, \"shape\": [1, 108, 32], \"stride\": [3456, 32, 1]}}, \"association_calls\": 1, \"config\": {\"secondary_detection_weight\": 0.8, \"secondary_edge_weight\": 0.15, \"secondary_link_mode\": \"low_margin_consensus\"}, \"consumed_features\": {\"primary\": {\"all_finite\": true, \"delta_vs_single_pass\": {\"sample_elements\": 65536, \"sample_equal\": false, \"sample_max_abs_delta\": 0.9030689001083374, \"sample_mean_abs_delta\": 0.2139538824558258, \"sample_stride\": 256}, \"device\": \"cuda:0\", \"dtype\": \"torch.float32\", \"numel\": 16777216, \"original_encoded_feature_sample_unchanged\": true, \"same_storage_as_original\": false, \"shape\": [1, 2, 32, 64, 64, 64], \"single_pass\": {\"device\": \"cuda:0\", \"dtype\": \"torch.float32\", \"numel\": 16777216, \"shape\": [1, 2, 32, 64, 64, 64], \"stride\": [16777216, 8388608, 262144, 4096, 64, 1]}, \"stride\": [16777216, 8388608, 262144, 4096, 64, 1]}, \"secondary\": {\"all_finite\": true, \"delta_vs_single_pass\": {\"sample_elements\": 65536, \"sample_equal\": false, \"sample_max_abs_delta\": 0.7684299945831299, \"sample_mean_abs_delta\": 0.23054228723049164, \"sample_stride\": 256}, \"device\": \"cuda:0\", \"dtype\": \"torch.float32\", \"numel\": 16777216, \"original_encoded_feature_sample_unchanged\": true, \"same_storage_as_original\": false, \"shape\": [1, 2, 32, 64, 64, 64], \"single_pass\": {\"device\": \"cuda:0\", \"dtype\": \"torch.float32\", \"numel\": 16777216, \"shape\": [1, 2, 32, 64, 64, 64], \"stride\": [16777216, 8388608, 262144, 4096, 64, 1]}, \"stride\": [16777216, 8388608, 262144, 4096, 64, 1]}}, \"consumed_heatmaps\": [{\"all_finite\": true, \"device\": \"cuda:0\", \"dtype\": \"torch.float32\", \"numel\": 262144, \"shape\": [1, 1, 64, 64, 64], \"stride\": [262144, 262144, 4096, 64, 1]}, {\"all_finite\": true, \"device\": \"cuda:0\", \"dtype\": \"torch.float32\", \"numel\": 262144, \"shape\": [1, 1, 64, 64, 64], \"stride\": [262144, 262144, 4096, 64, 1]}], \"cuda_peak_allocated_bytes_process\": 728221696, \"cuda_peak_reserved_bytes_process\": 977272832, \"dataset\": \"44b6_341df25f\", \"encode_calls\": {\"primary\": 8, \"secondary\": 8}, \"encode_seconds\": {\"primary\": 1.05656772500015, \"secondary\": 0.9944624419999855}, \"encode_views\": [{\"feature\": {\"device\": \"cuda:0\", \"dtype\": \"torch.float32\", \"numel\": 16777216, \"shape\": [1, 2, 32, 64, 64, 64], \"stride\": [16777216, 8388608, 262144, 4096, 64, 1]}, \"heatmap0\": {\"device\": \"cuda:0\", \"dtype\": \"torch.float32\", \"numel\": 262144, \"shape\": [1, 1, 64, 64, 64], \"stride\": [262144, 262144, 4096, 64, 1]}, \"input\": {\"device\": \"cuda:0\", \"dtype\": \"torch.float32\", \"numel\": 524288, \"shape\": [1, 2, 64, 64, 64], \"stride\": [524288, 262144, 4096, 64, 1]}, \"pass\": 1, \"role\": \"primary\"}, {\"feature\": {\"device\": \"cuda:0\", \"dtype\": \"torch.float32\", \"numel\": 16777216, \"shape\": [1, 2, 32, 64, 64, 64], \"stride\": [16777216, 8388608, 262144, 4096, 64, 1]}, \"heatmap0\": {\"device\": \"cuda:0\", \"dtype\": \"torch.float32\", \"numel\": 262144, \"shape\": [1, 1, 64, 64, 64], \"stride\": [262144, 262144, 4096, 64, 1]}, \"input\": {\"device\": \"cuda:0\", \"dtype\": \"torch.float32\", \"numel\": 524288, \"shape\": [1, 2, 64, 64, 64], \"stride\": [524288, 262144, 4096, 64, 1]}, \"pass\": 2, \"role\": \"primary\"}, {\"feature\": {\"device\": \"cuda:0\", \"dtype\": \"torch.float32\", \"numel\": 16777216, \"shape\": [1, 2, 32, 64, 64, 64], \"stride\": [16777216, 8388608, 262144, 4096, 64, 1]}, \"heatmap0\": {\"device\": \"cuda:0\", \"dtype\": \"torch.float32\", \"numel\": 262144, \"shape\": [1, 1, 64, 64, 64], \"stride\": [262144, 262144, 4096, 64, 1]}, \"input\": {\"device\": \"cuda:0\", \"dtype\": \"torch.float32\", \"numel\": 524288, \"shape\": [1, 2, 64, 64, 64], \"stride\": [524288, 262144, 4096, 64, 1]}, \"pass\": 3, \"role\": \"primary\"}, {\"feature\": {\"device\": \"cuda:0\", \"dtype\": \"torch.float32\", \"numel\": 16777216, \"shape\": [1, 2, 32, 64, 64, 64], \"stride\": [16777216, 8388608, 262144, 4096, 64, 1]}, \"heatmap0\": {\"device\": \"cuda:0\", \"dtype\": \"torch.float32\", \"numel\": 262144, \"shape\": [1, 1, 64, 64, 64], \"stride\": [262144, 262144, 4096, 64, 1]}, \"input\": {\"device\": \"cuda:0\", \"dtype\": \"torch.float32\", \"numel\": 524288, \"shape\": [1, 2, 64, 64, 64], \"stride\": [524288, 262144, 4096, 64, 1]}, \"pass\": 4, \"role\": \"primary\"}, {\"feature\": {\"device\": \"cuda:0\", \"dtype\": \"torch.float32\", \"numel\": 16777216, \"shape\": [1, 2, 32, 64, 64, 64], \"stride\": [16777216, 8388608, 262144, 4096, 64, 1]}, \"heatmap0\": {\"device\": \"cuda:0\", \"dtype\": \"torch.float32\", \"numel\": 262144, \"shape\": [1, 1, 64, 64, 64], \"stride\": [262144, 262144, 4096, 64, 1]}, \"input\": {\"device\": \"cuda:0\", \"dtype\": \"torch.float32\", \"numel\": 524288, \"shape\": [1, 2, 64, 64, 64], \"stride\": [524288, 262144, 4096, 1, 64]}, \"pass\": 5, \"role\": \"primary\"}, {\"feature\": {\"device\": \"cuda:0\", \"dtype\": \"torch.float32\", \"numel\": 16777216, \"shape\": [1, 2, 32, 64, 64, 64], \"stride\": [16777216, 8388608, 262144, 4096, 64, 1]}, \"heatmap0\": {\"device\": \"cuda:0\", \"dtype\": \"torch.float32\", \"numel\": 262144, \"shape\": [1, 1, 64, 64, 64], \"stride\": [262144, 262144, 4096, 64, 1]}, \"input\": {\"device\": \"cuda:0\", \"dtype\": \"torch.float32\", \"numel\": 524288, \"shape\": [1, 2, 64, 64, 64], \"stride\": [524288, 262144, 4096, 1, 64]}, \"pass\": 6, \"role\": \"primary\"}, {\"feature\": {\"device\": \"cuda:0\", \"dtype\": \"torch.float32\", \"numel\": 16777216, \"shape\": [1, 2, 32, 64, 64, 64], \"stride\": [16777216, 8388608, 262144, 4096, 64, 1]}, \"heatmap0\": {\"device\": \"cuda:0\", \"dtype\": \"torch.float32\", \"numel\": 262144, \"shape\": [1, 1, 64, 64, 64], \"stride\": [262144, 262144, 4096, 64, 1]}, \"input\": {\"device\": \"cuda:0\", \"dtype\": \"torch.float32\", \"numel\": 524288, \"shape\": [1, 2, 64, 64, 64], \"stride\": [524288, 262144, 4096, 1, 64]}, \"pass\": 7, \"role\": \"primary\"}, {\"feature\": {\"device\": \"cuda:0\", \"dtype\": \"torch.float32\", \"numel\": 16777216, \"shape\": [1, 2, 32, 64, 64, 64], \"stride\": [16777216, 8388608, 262144, 4096, 64, 1]}, \"heatmap0\": {\"device\": \"cuda:0\", \"dtype\": \"torch.float32\", \"numel\": 262144, \"shape\": [1, 1, 64, 64, 64], \"stride\": [262144, 262144, 4096, 64, 1]}, \"input\": {\"device\": \"cuda:0\", \"dtype\": \"torch.float32\", \"numel\": 524288, \"shape\": [1, 2, 64, 64, 64], \"stride\": [524288, 262144, 4096, 64, 1]}, \"pass\": 8, \"role\": \"primary\"}, {\"feature\": {\"device\": \"cuda:0\", \"dtype\": \"torch.float32\", \"numel\": 16777216, \"shape\": [1, 2, 32, 64, 64, 64], \"stride\": [16777216, 8388608, 262144, 4096, 64, 1]}, \"heatmap0\": {\"device\": \"cuda:0\", \"dtype\": \"torch.float32\", \"numel\": 262144, \"shape\": [1, 1, 64, 64, 64], \"stride\": [262144, 262144, 4096, 64, 1]}, \"input\": {\"device\": \"cuda:0\", \"dtype\": \"torch.float32\", \"numel\": 524288, \"shape\": [1, 2, 64, 64, 64], \"stride\": [524288, 262144, 4096, 64, 1]}, \"pass\": 1, \"role\": \"secondary\"}, {\"feature\": {\"device\": \"cuda:0\", \"dtype\": \"torch.float32\", \"numel\": 16777216, \"shape\": [1, 2, 32, 64, 64, 64], \"stride\": [16777216, 8388608, 262144, 4096, 64, 1]}, \"heatmap0\": {\"device\": \"cuda:0\", \"dtype\": \"torch.float32\", \"numel\": 262144, \"shape\": [1, 1, 64, 64, 64], \"stride\": [262144, 262144, 4096, 64, 1]}, \"input\": {\"device\": \"cuda:0\", \"dtype\": \"torch.float32\", \"numel\": 524288, \"shape\": [1, 2, 64, 64, 64], \"stride\": [524288, 262144, 4096, 64, 1]}, \"pass\": 2, \"role\": \"secondary\"}, {\"feature\": {\"device\": \"cuda:0\", \"dtype\": \"torch.float32\", \"numel\": 16777216, \"shape\": [1, 2, 32, 64, 64, 64], \"stride\": [16777216, 8388608, 262144, 4096, 64, 1]}, \"heatmap0\": {\"device\": \"cuda:0\", \"dtype\": \"torch.float32\", \"numel\": 262144, \"shape\": [1, 1, 64, 64, 64], \"stride\": [262144, 262144, 4096, 64, 1]}, \"input\": {\"device\": \"cuda:0\", \"dtype\": \"torch.float32\", \"numel\": 524288, \"shape\": [1, 2, 64, 64, 64], \"stride\": [524288, 262144, 4096, 64, 1]}, \"pass\": 3, \"role\": \"secondary\"}, {\"feature\": {\"device\": \"cuda:0\", \"dtype\": \"torch.float32\", \"numel\": 16777216, \"shape\": [1, 2, 32, 64, 64, 64], \"stride\": [16777216, 8388608, 262144, 4096, 64, 1]}, \"heatmap0\": {\"device\": \"cuda:0\", \"dtype\": \"torch.float32\", \"numel\": 262144, \"shape\": [1, 1, 64, 64, 64], \"stride\": [262144, 262144, 4096, 64, 1]}, \"input\": {\"device\": \"cuda:0\", \"dtype\": \"torch.float32\", \"numel\": 524288, \"shape\": [1, 2, 64, 64, 64], \"stride\": [524288, 262144, 4096, 64, 1]}, \"pass\": 4, \"role\": \"secondary\"}, {\"feature\": {\"device\": \"cuda:0\", \"dtype\": \"torch.float32\", \"numel\": 16777216, \"shape\": [1, 2, 32, 64, 64, 64], \"stride\": [16777216, 8388608, 262144, 4096, 64, 1]}, \"heatmap0\": {\"device\": \"cuda:0\", \"dtype\": \"torch.float32\", \"numel\": 262144, \"shape\": [1, 1, 64, 64, 64], \"stride\": [262144, 262144, 4096, 64, 1]}, \"input\": {\"device\": \"cuda:0\", \"dtype\": \"torch.float32\", \"numel\": 524288, \"shape\": [1, 2, 64, 64, 64], \"stride\": [524288, 262144, 4096, 1, 64]}, \"pass\": 5, \"role\": \"secondary\"}, {\"feature\": {\"device\": \"cuda:0\", \"dtype\": \"torch.float32\", \"numel\": 16777216, \"shape\": [1, 2, 32, 64, 64, 64], \"stride\": [16777216, 8388608, 262144, 4096, 64, 1]}, \"heatmap0\": {\"device\": \"cuda:0\", \"dtype\": \"torch.float32\", \"numel\": 262144, \"shape\": [1, 1, 64, 64, 64], \"stride\": [262144, 262144, 4096, 64, 1]}, \"input\": {\"device\": \"cuda:0\", \"dtype\": \"torch.float32\", \"numel\": 524288, \"shape\": [1, 2, 64, 64, 64], \"stride\": [524288, 262144, 4096, 1, 64]}, \"pass\": 6, \"role\": \"secondary\"}, {\"feature\": {\"device\": \"cuda:0\", \"dtype\": \"torch.float32\", \"numel\": 16777216, \"shape\": [1, 2, 32, 64, 64, 64], \"stride\": [16777216, 8388608, 262144, 4096, 64, 1]}, \"heatmap0\": {\"device\": \"cuda:0\", \"dtype\": \"torch.float32\", \"numel\": 262144, \"shape\": [1, 1, 64, 64, 64], \"stride\": [262144, 262144, 4096, 64, 1]}, \"input\": {\"device\": \"cuda:0\", \"dtype\": \"torch.float32\", \"numel\": 524288, \"shape\": [1, 2, 64, 64, 64], \"stride\": [524288, 262144, 4096, 1, 64]}, \"pass\": 7, \"role\": \"secondary\"}, {\"feature\": {\"device\": \"cuda:0\", \"dtype\": \"torch.float32\", \"numel\": 16777216, \"shape\": [1, 2, 32, 64, 64, 64], \"stride\": [16777216, 8388608, 262144, 4096, 64, 1]}, \"heatmap0\": {\"device\": \"cuda:0\", \"dtype\": \"torch.float32\", \"numel\": 262144, \"shape\": [1, 1, 64, 64, 64], \"stride\": [262144, 262144, 4096, 64, 1]}, \"input\": {\"device\": \"cuda:0\", \"dtype\": \"torch.float32\", \"numel\": 524288, \"shape\": [1, 2, 64, 64, 64], \"stride\": [524288, 262144, 4096, 64, 1]}, \"pass\": 8, \"role\": \"secondary\"}], \"event\": \"actual_predictor_window\", \"frames\": [0, 1], \"input\": {\"all_finite\": true, \"device\": \"cuda:0\", \"dtype\": \"torch.float32\", \"numel\": 524288, \"shape\": [1, 2, 64, 64, 64], \"stride\": [524288, 262144, 4096, 64, 1]}, \"input_parent\": \"/kaggle/input/competitions/biohub-cell-tracking-during-development/train\", \"seconds_including_common_audit\": 2.133181299000171, \"window_index\": 1, \"worker_execution_settings\": {\"autocast_enabled\": false, \"cuda_runtime\": \"12.8\", \"cudnn_allow_tf32\": true, \"cudnn_benchmark\": false, \"cudnn_deterministic\": false, \"default_dtype\": \"torch.float32\", \"deterministic_algorithms\": false, \"float32_matmul_precision\": \"highest\", \"gpu_name\": \"Tesla T4\", \"grad_enabled\": false, \"matmul_allow_tf32\": false, \"torch_initial_seed\": 3060857717345029780, \"torch_version\": \"2.10.0+cu128\"}}\n"}
,{"stream_name":"stdout","time":1827.784760332,"data":"PUBLIC946_GPU_SMOKE {\"arm\": \"C2\", \"association\": {\"actual_primary_logits_after_original_harmonic_fusion\": {\"all_finite\": true, \"device\": \"cuda:0\", \"dtype\": \"torch.float32\", \"numel\": 11448, \"shape\": [1, 106, 108], \"stride\": [11448, 108, 1]}, \"actual_secondary_feature_consumed\": true, \"actual_secondary_logits\": {\"all_finite\": true, \"device\": \"cuda:0\", \"dtype\": \"torch.float32\", \"numel\": 11448, \"shape\": [1, 106, 108], \"stride\": [11448, 108, 1]}, \"coordinate_grid\": {\"downsample\": [1.0, 4.0, 4.0], \"source\": {\"device\": \"cuda:0\", \"dtype\": \"torch.float32\", \"numel\": 318, \"shape\": [1, 106, 3], \"stride\": [106, 1, 106]}, \"target\": {\"device\": \"cuda:0\", \"dtype\": \"torch.float32\", \"numel\": 324, \"shape\": [1, 108, 3], \"stride\": [108, 1, 108]}}, \"diagnostic_edge_head_calls\": 1, \"diagnostic_encoder_calls\": 0, \"diagnostic_probabilities_used_in_production\": false, \"diagnostic_seconds\": 0.009545676000016101, \"frame_pair_index\": 0, \"primary_source_sampled_features\": {\"all_finite\": true, \"device\": \"cuda:0\", \"dtype\": \"torch.float32\", \"numel\": 3392, \"shape\": [1, 106, 32], \"stride\": [3392, 32, 1]}, \"primary_target_sampled_features\": {\"all_finite\": true, \"device\": \"cuda:0\", \"dtype\": \"torch.float32\", \"numel\": 3456, \"shape\": [1, 108, 32], \"stride\": [3456, 32, 1]}, \"probability_comparison_stage\": \"secondary edge-head softmax over parents, before original calibration and low-margin mixing\", \"probability_delta_vs_single_pass_same_coordinates\": {\"sample_elements\": 11448, \"sample_equal\": false, \"sample_max_abs_delta\": 0.3708154559135437, \"sample_mean_abs_delta\": 0.0009779272368177772, \"sample_stride\": 1}, \"production_calls\": 1, \"same_low_margin_config\": {\"secondary_detection_weight\": 0.8, \"secondary_edge_weight\": 0.15, \"secondary_link_mode\": \"low_margin_consensus\"}, \"source_delta_vs_single_pass\": {\"sample_elements\": 3392, \"sample_equal\": false, \"sample_max_abs_delta\": 0.5919002294540405, \"sample_mean_abs_delta\": 0.13407573103904724, \"sample_stride\": 1}, \"source_sampled_features\": {\"all_finite\": true, \"device\": \"cuda:0\", \"dtype\": \"torch.float32\", \"numel\": 3392, \"shape\": [1, 106, 32], \"stride\": [3392, 32, 1]}, \"target_delta_vs_single_pass\": {\"sample_elements\": 3456, \"sample_equal\": false, \"sample_max_abs_delta\": 0.6872267723083496, \"sample_mean_abs_delta\": 0.1293332874774933, \"sample_stride\": 1}, \"target_sampled_features\": {\"all_finite\": true, \"device\": \"cuda:0\", \"dtype\": \"torch.float32\", \"numel\": 3456, \"shape\": [1, 108, 32], \"stride\": [3456, 32, 1]}}, \"association_calls\": 1, \"config\": {\"secondary_detection_weight\": 0.8, \"secondary_edge_weight\": 0.15, \"secondary_link_mode\": \"low_margin_consensus\"}, \"consumed_features\": {\"primary\": {\"all_finite\": true, \"delta_vs_single_pass\": {\"sample_elements\": 65536, \"sample_equal\": false, \"sample_max_abs_delta\": 0.9030689001083374, \"sample_mean_abs_delta\": 0.2139538824558258, \"sample_stride\": 256}, \"device\": \"cuda:0\", \"dtype\": \"torch.float32\", \"numel\": 16777216, \"original_encoded_feature_sample_unchanged\": true, \"same_storage_as_original\": false, \"shape\": [1, 2, 32, 64, 64, 64], \"single_pass\": {\"device\": \"cuda:0\", \"dtype\": \"torch.float32\", \"numel\": 16777216, \"shape\": [1, 2, 32, 64, 64, 64], \"stride\": [16777216, 8388608, 262144, 4096, 64, 1]}, \"stride\": [16777216, 8388608, 262144, 4096, 64, 1]}, \"secondary\": {\"all_finite\": true, \"delta_vs_single_pass\": {\"sample_elements\": 65536, \"sample_equal\": false, \"sample_max_abs_delta\": 0.7684299945831299, \"sample_mean_abs_delta\": 0.23054228723049164, \"sample_stride\": 256}, \"device\": \"cuda:0\", \"dtype\": \"torch.float32\", \"numel\": 16777216, \"original_encoded_feature_sample_unchanged\": true, \"same_storage_as_original\": false, \"shape\": [1, 2, 32, 64, 64, 64], \"single_pass\": {\"device\": \"cuda:0\", \"dtype\": \"torch.float32\", \"numel\": 16777216, \"shape\": [1, 2, 32, 64, 64, 64], \"stride\": [16777216, 8388608, 262144, 4096, 64, 1]}, \"stride\": [16777216, 8388608, 262144, 4096, 64, 1]}}, \"consumed_heatmaps\": [{\"all_finite\": true, \"device\": \"cuda:0\", \"dtype\": \"torch.float32\", \"numel\": 262144, \"shape\": [1, 1, 64, 64, 64], \"stride\": [262144, 262144, 4096, 64, 1]}, {\"all_finite\": true, \"device\": \"cuda:0\", \"dtype\": \"torch.float32\", \"numel\": 262144, \"shape\": [1, 1, 64, 64, 64], \"stride\": [262144, 262144, 4096, 64, 1]}], \"cuda_peak_allocated_bytes_process\": 728221696, \"cuda_peak_reserved_bytes_process\": 977272832, \"dataset\": \"44b6_341df25f\", \"encode_calls\": {\"primary\": 8, \"secondary\": 8}, \"encode_seconds\": {\"primary\": 1.05656772500015, \"secondary\": 0.9944624419999855}, \"encode_views\": [{\"feature\": {\"device\": \"cuda:0\", \"dtype\": \"torch.float32\", \"numel\": 16777216, \"shape\": [1, 2, 32, 64, 64, 64], \"stride\": [16777216, 8388608, 262144, 4096, 64, 1]}, \"heatmap0\": {\"device\": \"cuda:0\", \"dtype\": \"torch.float32\", \"numel\": 262144, \"shape\": [1, 1, 64, 64, 64], \"stride\": [262144, 262144, 4096, 64, 1]}, \"input\": {\"device\": \"cuda:0\", \"dtype\": \"torch.float32\", \"numel\": 524288, \"shape\": [1, 2, 64, 64, 64], \"stride\": [524288, 262144, 4096, 64, 1]}, \"pass\": 1, \"role\": \"primary\"}, {\"feature\": {\"device\": \"cuda:0\", \"dtype\": \"torch.float32\", \"numel\": 16777216, \"shape\": [1, 2, 32, 64, 64, 64], \"stride\": [16777216, 8388608, 262144, 4096, 64, 1]}, \"heatmap0\": {\"device\": \"cuda:0\", \"dtype\": \"torch.float32\", \"numel\": 262144, \"shape\": [1, 1, 64, 64, 64], \"stride\": [262144, 262144, 4096, 64, 1]}, \"input\": {\"device\": \"cuda:0\", \"dtype\": \"torch.float32\", \"numel\": 524288, \"shape\": [1, 2, 64, 64, 64], \"stride\": [524288, 262144, 4096, 64, 1]}, \"pass\": 2, \"role\": \"primary\"}, {\"feature\": {\"device\": \"cuda:0\", \"dtype\": \"torch.float32\", \"numel\": 16777216, \"shape\": [1, 2, 32, 64, 64, 64], \"stride\": [16777216, 8388608, 262144, 4096, 64, 1]}, \"heatmap0\": {\"device\": \"cuda:0\", \"dtype\": \"torch.float32\", \"numel\": 262144, \"shape\": [1, 1, 64, 64, 64], \"stride\": [262144, 262144, 4096, 64, 1]}, \"input\": {\"device\": \"cuda:0\", \"dtype\": \"torch.float32\", \"numel\": 524288, \"shape\": [1, 2, 64, 64, 64], \"stride\": [524288, 262144, 4096, 64, 1]}, \"pass\": 3, \"role\": \"primary\"}, {\"feature\": {\"device\": \"cuda:0\", \"dtype\": \"torch.float32\", \"numel\": 16777216, \"shape\": [1, 2, 32, 64, 64, 64], \"stride\": [16777216, 8388608, 262144, 4096, 64, 1]}, \"heatmap0\": {\"device\": \"cuda:0\", \"dtype\": \"torch.float32\", \"numel\": 262144, \"shape\": [1, 1, 64, 64, 64], \"stride\": [262144, 262144, 4096, 64, 1]}, \"input\": {\"device\": \"cuda:0\", \"dtype\": \"torch.float32\", \"numel\": 524288, \"shape\": [1, 2, 64, 64, 64], \"stride\": [524288, 262144, 4096, 64, 1]}, \"pass\": 4, \"role\": \"primary\"}, {\"feature\": {\"device\": \"cuda:0\", \"dtype\": \"torch.float32\", \"numel\": 16777216, \"shape\": [1, 2, 32, 64, 64, 64], \"stride\": [16777216, 8388608, 262144, 4096, 64, 1]}, \"heatmap0\": {\"device\": \"cuda:0\", \"dtype\": \"torch.float32\", \"numel\": 262144, \"shape\": [1, 1, 64, 64, 64], \"stride\": [262144, 262144, 4096, 64, 1]}, \"input\": {\"device\": \"cuda:0\", \"dtype\": \"torch.float32\", \"numel\": 524288, \"shape\": [1, 2, 64, 64, 64], \"stride\": [524288, 262144, 4096, 1, 64]}, \"pass\": 5, \"role\": \"primary\"}, {\"feature\": {\"device\": \"cuda:0\", \"dtype\": \"torch.float32\", \"numel\": 16777216, \"shape\": [1, 2, 32, 64, 64, 64], \"stride\": [16777216, 8388608, 262144, 4096, 64, 1]}, \"heatmap0\": {\"device\": \"cuda:0\", \"dtype\": \"torch.float32\", \"numel\": 262144, \"shape\": [1, 1, 64, 64, 64], \"stride\": [262144, 262144, 4096, 64, 1]}, \"input\": {\"device\": \"cuda:0\", \"dtype\": \"torch.float32\", \"numel\": 524288, \"shape\": [1, 2, 64, 64, 64], \"stride\": [524288, 262144, 4096, 1, 64]}, \"pass\": 6, \"role\": \"primary\"}, {\"feature\": {\"device\": \"cuda:0\", \"dtype\": \"torch.float32\", \"numel\": 16777216, \"shape\": [1, 2, 32, 64, 64, 64], \"stride\": [16777216, 8388608, 262144, 4096, 64, 1]}, \"heatmap0\": {\"device\": \"cuda:0\", \"dtype\": \"torch.float32\", \"numel\": 262144, \"shape\": [1, 1, 64, 64, 64], \"stride\": [262144, 262144, 4096, 64, 1]}, \"input\": {\"device\": \"cuda:0\", \"dtype\": \"torch.float32\", \"numel\": 524288, \"shape\": [1, 2, 64, 64, 64], \"stride\": [524288, 262144, 4096, 1, 64]}, \"pass\": 7, \"role\": \"primary\"}, {\"feature\": {\"device\": \"cuda:0\", \"dtype\": \"torch.float32\", \"numel\": 16777216, \"shape\": [1, 2, 32, 64, 64, 64], \"stride\": [16777216, 8388608, 262144, 4096, 64, 1]}, \"heatmap0\": {\"device\": \"cuda:0\", \"dtype\": \"torch.float32\", \"numel\": 262144, \"shape\": [1, 1, 64, 64, 64], \"stride\": [262144, 262144, 4096, 64, 1]}, \"input\": {\"device\": \"cuda:0\", \"dtype\": \"torch.float32\", \"numel\": 524288, \"shape\": [1, 2, 64, 64, 64], \"stride\": [524288, 262144, 4096, 64, 1]}, \"pass\": 8, \"role\": \"primary\"}, {\"feature\": {\"device\": \"cuda:0\", \"dtype\": \"torch.float32\", \"numel\": 16777216, \"shape\": [1, 2, 32, 64, 64, 64], \"stride\": [16777216, 8388608, 262144, 4096, 64, 1]}, \"heatmap0\": {\"device\": \"cuda:0\", \"dtype\": \"torch.float32\", \"numel\": 262144, \"shape\": [1, 1, 64, 64, 64], \"stride\": [262144, 262144, 4096, 64, 1]}, \"input\": {\"device\": \"cuda:0\", \"dtype\": \"torch.float32\", \"numel\": 524288, \"shape\": [1, 2, 64, 64, 64], \"stride\": [524288, 262144, 4096, 64, 1]}, \"pass\": 1, \"role\": \"secondary\"}, {\"feature\": {\"device\": \"cuda:0\", \"dtype\": \"torch.float32\", \"numel\": 16777216, \"shape\": [1, 2, 32, 64, 64, 64], \"stride\": [16777216, 8388608, 262144, 4096, 64, 1]}, \"heatmap0\": {\"device\": \"cuda:0\", \"dtype\": \"torch.float32\", \"numel\": 262144, \"shape\": [1, 1, 64, 64, 64], \"stride\": [262144, 262144, 4096, 64, 1]}, \"input\": {\"device\": \"cuda:0\", \"dtype\": \"torch.float32\", \"numel\": 524288, \"shape\": [1, 2, 64, 64, 64], \"stride\": [524288, 262144, 4096, 64, 1]}, \"pass\": 2, \"role\": \"secondary\"}, {\"feature\": {\"device\": \"cuda:0\", \"dtype\": \"torch.float32\", \"numel\": 16777216, \"shape\": [1, 2, 32, 64, 64, 64], \"stride\": [16777216, 8388608, 262144, 4096, 64, 1]}, \"heatmap0\": {\"device\": \"cuda:0\", \"dtype\": \"torch.float32\", \"numel\": 262144, \"shape\": [1, 1, 64, 64, 64], \"stride\": [262144, 262144, 4096, 64, 1]}, \"input\": {\"device\": \"cuda:0\", \"dtype\": \"torch.float32\", \"numel\": 524288, \"shape\": [1, 2, 64, 64, 64], \"stride\": [524288, 262144, 4096, 64, 1]}, \"pass\": 3, \"role\": \"secondary\"}, {\"feature\": {\"device\": \"cuda:0\", \"dtype\": \"torch.float32\", \"numel\": 16777216, \"shape\": [1, 2, 32, 64, 64, 64], \"stride\": [16777216, 8388608, 262144, 4096, 64, 1]}, \"heatmap0\": {\"device\": \"cuda:0\", \"dtype\": \"torch.float32\", \"numel\": 262144, \"shape\": [1, 1, 64, 64, 64], \"stride\": [262144, 262144, 4096, 64, 1]}, \"input\": {\"device\": \"cuda:0\", \"dtype\": \"torch.float32\", \"numel\": 524288, \"shape\": [1, 2, 64, 64, 64], \"stride\": [524288, 262144, 4096, 64, 1]}, \"pass\": 4, \"role\": \"secondary\"}, {\"feature\": {\"device\": \"cuda:0\", \"dtype\": \"torch.float32\", \"numel\": 16777216, \"shape\": [1, 2, 32, 64, 64, 64], \"stride\": [16777216, 8388608, 262144, 4096, 64, 1]}, \"heatmap0\": {\"device\": \"cuda:0\", \"dtype\": \"torch.float32\", \"numel\": 262144, \"shape\": [1, 1, 64, 64, 64], \"stride\": [262144, 262144, 4096, 64, 1]}, \"input\": {\"device\": \"cuda:0\", \"dtype\": \"torch.float32\", \"numel\": 524288, \"shape\": [1, 2, 64, 64, 64], \"stride\": [524288, 262144, 4096, 1, 64]}, \"pass\": 5, \"role\": \"secondary\"}, {\"feature\": {\"device\": \"cuda:0\", \"dtype\": \"torch.float32\", \"numel\": 16777216, \"shape\": [1, 2, 32, 64, 64, 64], \"stride\": [16777216, 8388608, 262144, 4096, 64, 1]}, \"heatmap0\": {\"device\": \"cuda:0\", \"dtype\": \"torch.float32\", \"numel\": 262144, \"shape\": [1, 1, 64, 64, 64], \"stride\": [262144, 262144, 4096, 64, 1]}, \"input\": {\"device\": \"cuda:0\", \"dtype\": \"torch.float32\", \"numel\": 524288, \"shape\": [1, 2, 64, 64, 64], \"stride\": [524288, 262144, 4096, 1, 64]}, \"pass\": 6, \"role\": \"secondary\"}, {\"feature\": {\"device\": \"cuda:0\", \"dtype\": \"torch.float32\", \"numel\": 16777216, \"shape\": [1, 2, 32, 64, 64, 64], \"stride\": [16777216, 8388608, 262144, 4096, 64, 1]}, \"heatmap0\": {\"device\": \"cuda:0\", \"dtype\": \"torch.float32\", \"numel\": 262144, \"shape\": [1, 1, 64, 64, 64], \"stride\": [262144, 262144, 4096, 64, 1]}, \"input\": {\"device\": \"cuda:0\", \"dtype\": \"torch.float32\", \"numel\": 524288, \"shape\": [1, 2, 64, 64, 64], \"stride\": [524288, 262144, 4096, 1, 64]}, \"pass\": 7, \"role\": \"secondary\"}, {\"feature\": {\"device\": \"cuda:0\", \"dtype\": \"torch.float32\", \"numel\": 16777216, \"shape\": [1, 2, 32, 64, 64, 64], \"stride\": [16777216, 8388608, 262144, 4096, 64, 1]}, \"heatmap0\": {\"device\": \"cuda:0\", \"dtype\": \"torch.float32\", \"numel\": 262144, \"shape\": [1, 1, 64, 64, 64], \"stride\": [262144, 262144, 4096, 64, 1]}, \"input\": {\"device\": \"cuda:0\", \"dtype\": \"torch.float32\", \"numel\": 524288, \"shape\": [1, 2, 64, 64, 64], \"stride\": [524288, 262144, 4096, 64, 1]}, \"pass\": 8, \"role\": \"secondary\"}], \"event\": \"actual_predictor_window\", \"frames\": [0, 1], \"input\": {\"all_finite\": true, \"device\": \"cuda:0\", \"dtype\": \"torch.float32\", \"numel\": 524288, \"shape\": [1, 2, 64, 64, 64], \"stride\": [524288, 262144, 4096, 64, 1]}, \"input_parent\": \"/kaggle/input/competitions/biohub-cell-tracking-during-development/train\", \"seconds_including_common_audit\": 2.133181299000171, \"window_index\": 1, \"worker_execution_settings\": {\"autocast_enabled\": false, \"cuda_runtime\": \"12.8\", \"cudnn_allow_tf32\": true, \"cudnn_benchmark\": false, \"cudnn_deterministic\": false, \"default_dtype\": \"torch.float32\", \"deterministic_algorithms\": false, \"float32_matmul_precision\": \"highest\", \"gpu_name\": \"Tesla T4\", \"grad_enabled\": false, \"matmul_allow_tf32\": false, \"torch_initial_seed\": 3060857717345029780, \"torch_version\": \"2.10.0+cu128\"}}\n"}
,{"stream_name":"stdout","time":1828.675058582,"data":"EDGE_TTA_ACTIVE views= 8 mean_abs_feat_delta= 0.314772\n"}
,{"stream_name":"stdout","time":1828.808428299,"data":"EDGE_TTA_ACTIVE views= 8 mean_abs_feat_delta= 0.372871\n"}
,{"stream_name":"stdout","time":1828.877607741,"data":"EDGE_TTA_ACTIVE views= 8 mean_abs_feat_delta= 0.314772\n"}
,{"stream_name":"stdout","time":1828.877640368,"data":"EDGE_TTA_ACTIVE views= 8 mean_abs_feat_delta= 0.372871\n"}
,{"stream_name":"stdout","time":1830.812592249,"data":"EDGE_TTA_ACTIVE views= 8 mean_abs_feat_delta= 0.32\n"}
,{"stream_name":"stdout","time":1831.015396436,"data":"EDGE_TTA_ACTIVE views= 8 mean_abs_feat_delta= 0.32\n"}
,{"stream_name":"stdout","time":1832.979155439,"data":"EDGE_TTA_ACTIVE views= 8 mean_abs_feat_delta= 0.316482\n"}
,{"stream_name":"stdout","time":1833.182265139,"data":"EDGE_TTA_ACTIVE views= 8 mean_abs_feat_delta= 0.316482\n"}
,{"stream_name":"stdout","time":1835.152679759,"data":"EDGE_TTA_ACTIVE views= 8 mean_abs_feat_delta= 0.312516\n"}
,{"stream_name":"stdout","time":1835.355259454,"data":"EDGE_TTA_ACTIVE views= 8 mean_abs_feat_delta= 0.312516\n"}
,{"stream_name":"stdout","time":1837.341772456,"data":"EDGE_TTA_ACTIVE views= 8 mean_abs_feat_delta= 0.310284\n"}
,{"stream_name":"stdout","time":1837.544730645,"data":"EDGE_TTA_ACTIVE views= 8 mean_abs_feat_delta= 0.310284\n"}
,{"stream_name":"stdout","time":1839.533267026,"data":"EDGE_TTA_ACTIVE views= 8 mean_abs_feat_delta= 0.315039\n"}
,{"stream_name":"stdout","time":1839.736038445,"data":"EDGE_TTA_ACTIVE views= 8 mean_abs_feat_delta= 0.315039\n"}
,{"stream_name":"stdout","time":1841.728737971,"data":"EDGE_TTA_ACTIVE views= 8 mean_abs_feat_delta= 0.322123\n"}
,{"stream_name":"stdout","time":1842.02331264,"data":"EDGE_TTA_ACTIVE views= 8 mean_abs_feat_delta= 0.322123\n"}
,{"stream_name":"stdout","time":1843.924170161,"data":"EDGE_TTA_ACTIVE views= 8 mean_abs_feat_delta= 0.315226\n"}
,{"stream_name":"stdout","time":1844.127054688,"data":"EDGE_TTA_ACTIVE views= 8 mean_abs_feat_delta= 0.315226\n"}
,{"stream_name":"stdout","time":1846.128180472,"data":"EDGE_TTA_ACTIVE views= 8 mean_abs_feat_delta= 0.313017\n"}
,{"stream_name":"stdout","time":1846.330929656,"data":"EDGE_TTA_ACTIVE views= 8 mean_abs_feat_delta= 0.313017\n"}
,{"stream_name":"stdout","time":1848.281763764,"data":"EDGE_TTA_ACTIVE views= 8 mean_abs_feat_delta= 0.312427\n"}
,{"stream_name":"stdout","time":1848.484028581,"data":"EDGE_TTA_ACTIVE views= 8 mean_abs_feat_delta= 0.312427\n"}
,{"stream_name":"stdout","time":1850.456278485,"data":"EDGE_TTA_ACTIVE views= 8 mean_abs_feat_delta= 0.312244\n"}
,{"stream_name":"stdout","time":1850.658970622,"data":"EDGE_TTA_ACTIVE views= 8 mean_abs_feat_delta= 0.312244\n"}
,{"stream_name":"stdout","time":1852.659206993,"data":"EDGE_TTA_ACTIVE views= 8 mean_abs_feat_delta= 0.312161\n"}
,{"stream_name":"stdout","time":1852.861832487,"data":"EDGE_TTA_ACTIVE views= 8 mean_abs_feat_delta= 0.312161\n"}
,{"stream_name":"stdout","time":1854.866749296,"data":"EDGE_TTA_ACTIVE views= 8 mean_abs_feat_delta= 0.311033\n"}
,{"stream_name":"stdout","time":1855.069393247,"data":"EDGE_TTA_ACTIVE views= 8 mean_abs_feat_delta= 0.311033\n"}
,{"stream_name":"stdout","time":1857.106272611,"data":"EDGE_TTA_ACTIVE views= 8 mean_abs_feat_delta= 0.322725\n"}
,{"stream_name":"stdout","time":1857.308793556,"data":"EDGE_TTA_ACTIVE views= 8 mean_abs_feat_delta= 0.322725\n"}
,{"stream_name":"stdout","time":1859.343583841,"data":"EDGE_TTA_ACTIVE views= 8 mean_abs_feat_delta= 0.325293\n"}
,{"stream_name":"stdout","time":1859.546157336,"data":"EDGE_TTA_ACTIVE views= 8 mean_abs_feat_delta= 0.325293\n"}
,{"stream_name":"stdout","time":1861.603917287,"data":"EDGE_TTA_ACTIVE views= 8 mean_abs_feat_delta= 0.323346\n"}
,{"stream_name":"stdout","time":1861.807109864,"data":"EDGE_TTA_ACTIVE views= 8 mean_abs_feat_delta= 0.323346\n"}
,{"stream_name":"stdout","time":1863.867775528,"data":"EDGE_TTA_ACTIVE views= 8 mean_abs_feat_delta= 0.325491\n"}
,{"stream_name":"stdout","time":1864.070753832,"data":"EDGE_TTA_ACTIVE views= 8 mean_abs_feat_delta= 0.325491\n"}
,{"stream_name":"stdout","time":1866.158266906,"data":"EDGE_TTA_ACTIVE views= 8 mean_abs_feat_delta= 0.330746\n"}
,{"stream_name":"stdout","time":1866.361002922,"data":"EDGE_TTA_ACTIVE views= 8 mean_abs_feat_delta= 0.330746\n"}
,{"stream_name":"stdout","time":1868.45581687,"data":"EDGE_TTA_ACTIVE views= 8 mean_abs_feat_delta= 0.322777\n"}
,{"stream_name":"stdout","time":1868.659113102,"data":"EDGE_TTA_ACTIVE views= 8 mean_abs_feat_delta= 0.322777\n"}
,{"stream_name":"stdout","time":1870.768164423,"data":"EDGE_TTA_ACTIVE views= 8 mean_abs_feat_delta= 0.325178\n"}
,{"stream_name":"stdout","time":1870.972386252,"data":"EDGE_TTA_ACTIVE views= 8 mean_abs_feat_delta= 0.325178\n"}
,{"stream_name":"stdout","time":1873.157684474,"data":"EDGE_TTA_ACTIVE views= 8 mean_abs_feat_delta= 0.329767\n"}
,{"stream_name":"stdout","time":1873.423506282,"data":"EDGE_TTA_ACTIVE views= 8 mean_abs_feat_delta= 0.329767\n"}
,{"stream_name":"stdout","time":1875.492834688,"data":"EDGE_TTA_ACTIVE views= 8 mean_abs_feat_delta= 0.326202\n"}
,{"stream_name":"stdout","time":1875.695495564,"data":"EDGE_TTA_ACTIVE views= 8 mean_abs_feat_delta= 0.326202\n"}
,{"stream_name":"stdout","time":1877.845545469,"data":"EDGE_TTA_ACTIVE views= 8 mean_abs_feat_delta= 0.317502\n"}
,{"stream_name":"stdout","time":1878.048640041,"data":"EDGE_TTA_ACTIVE views= 8 mean_abs_feat_delta= 0.317502\n"}
,{"stream_name":"stdout","time":1879.427572066,"data":"EDGE_TTA_ACTIVE views= 8 mean_abs_feat_delta= 0.354264\n"}
,{"stream_name":"stdout","time":1879.629998132,"data":"EDGE_TTA_ACTIVE views= 8 mean_abs_feat_delta= 0.354264\n"}
,{"stream_name":"stdout","time":1880.201916616,"data":"EDGE_TTA_ACTIVE views= 8 mean_abs_feat_delta= 0.323159\n"}
,{"stream_name":"stdout","time":1880.404532709,"data":"EDGE_TTA_ACTIVE views= 8 mean_abs_feat_delta= 0.323159\n"}
,{"stream_name":"stdout","time":1880.440678799,"data":"BIOHUB_RETENTION_GUARD {\"blended_candidates\": 460, \"dataset\": \"44b6_2a2eff9f\", \"frame\": 0, \"minimum_retention\": 0.9, \"primary_candidates\": 559, \"retention\": 0.8228980322003577, \"use_primary\": true}\n"}
,{"stream_name":"stdout","time":1880.441918413,"data":"BIOHUB_RETENTION_GUARD {\"blended_candidates\": 460, \"dataset\": \"44b6_2a2eff9f\", \"frame\": 1, \"minimum_retention\": 0.9, \"primary_candidates\": 536, \"retention\": 0.8582089552238806, \"use_primary\": true}\n"}
,{"stream_name":"stdout","time":1880.617834519,"data":"PUBLIC946_GPU_SMOKE {\"arm\": \"C2\", \"association\": {\"actual_primary_logits_after_original_harmonic_fusion\": {\"all_finite\": true, \"device\": \"cuda:0\", \"dtype\": \"torch.float32\", \"numel\": 299624, \"shape\": [1, 559, 536], \"stride\": [299624, 536, 1]}, \"actual_secondary_feature_consumed\": true, \"actual_secondary_logits\": {\"all_finite\": true, \"device\": \"cuda:0\", \"dtype\": \"torch.float32\", \"numel\": 299624, \"shape\": [1, 559, 536], \"stride\": [299624, 536, 1]}, \"coordinate_grid\": {\"downsample\": [1.0, 4.0, 4.0], \"source\": {\"device\": \"cuda:0\", \"dtype\": \"torch.float32\", \"numel\": 1677, \"shape\": [1, 559, 3], \"stride\": [559, 1, 559]}, \"target\": {\"device\": \"cuda:0\", \"dtype\": \"torch.float32\", \"numel\": 1608, \"shape\": [1, 536, 3], \"stride\": [536, 1, 536]}}, \"diagnostic_edge_head_calls\": 1, \"diagnostic_encoder_calls\": 0, \"diagnostic_probabilities_used_in_production\": false, \"diagnostic_seconds\": 0.024668970000220725, \"frame_pair_index\": 0, \"primary_source_sampled_features\": {\"all_finite\": true, \"device\": \"cuda:0\", \"dtype\": \"torch.float32\", \"numel\": 17888, \"shape\": [1, 559, 32], \"stride\": [17888, 32, 1]}, \"primary_target_sampled_features\": {\"all_finite\": true, \"device\": \"cuda:0\", \"dtype\": \"torch.float32\", \"numel\": 17152, \"shape\": [1, 536, 32], \"stride\": [17152, 32, 1]}, \"probability_comparison_stage\": \"secondary edge-head softmax over parents, before original calibration and low-margin mixing\", \"probability_delta_vs_single_pass_same_coordinates\": {\"sample_elements\": 65536, \"sample_equal\": false, \"sample_max_abs_delta\": 0.6191383600234985, \"sample_mean_abs_delta\": 0.00039581485907547176, \"sample_stride\": 4}, \"production_calls\": 1, \"same_low_margin_config\": {\"secondary_detection_weight\": 0.8, \"secondary_edge_weight\": 0.15, \"secondary_link_mode\": \"low_margin_consensus\"}, \"source_delta_vs_single_pass\": {\"sample_elements\": 17888, \"sample_equal\": false, \"sample_max_abs_delta\": 1.1226513385772705, \"sample_mean_abs_delta\": 0.14023920893669128, \"sample_stride\": 1}, \"source_sampled_features\": {\"all_finite\": true, \"device\": \"cuda:0\", \"dtype\": \"torch.float32\", \"numel\": 17888, \"shape\": [1, 559, 32], \"stride\": [17888, 32, 1]}, \"target_delta_vs_single_pass\": {\"sample_elements\": 17152, \"sample_equal\": false, \"sample_max_abs_delta\": 1.3486242294311523, \"sample_mean_abs_delta\": 0.13482895493507385, \"sample_stride\": 1}, \"target_sampled_features\": {\"all_finite\": true, \"device\": \"cuda:0\", \"dtype\": \"torch.float32\", \"numel\": 17152, \"shape\": [1, 536, 32], \"stride\": [17152, 32, 1]}}, \"association_calls\": 1, \"config\": {\"secondary_detection_weight\": 0.8, \"secondary_edge_weight\": 0.15, \"secondary_link_mode\": \"low_margin_consensus\"}, \"consumed_features\": {\"primary\": {\"all_finite\": true, \"delta_vs_single_pass\": {\"sample_elements\": 65536, \"sample_equal\": false, \"sample_max_abs_delta\": 1.6474889516830444, \"sample_mean_abs_delta\": 0.38497185707092285, \"sample_stride\": 256}, \"device\": \"cuda:0\", \"dtype\": \"torch.float32\", \"numel\": 16777216, \"original_encoded_feature_sample_unchanged\": true, \"same_storage_as_original\": false, \"shape\": [1, 2, 32, 64, 64, 64], \"single_pass\": {\"device\": \"cuda:0\", \"dtype\": \"torch.float32\", \"numel\": 16777216, \"shape\": [1, 2, 32, 64, 64, 64], \"stride\": [16777216, 8388608, 262144, 4096, 64, 1]}, \"stride\": [16777216, 8388608, 262144, 4096, 64, 1]}, \"secondary\": {\"all_finite\": true, \"delta_vs_single_pass\": {\"sample_elements\": 65536, \"sample_equal\": false, \"sample_max_abs_delta\": 1.2723503112792969, \"sample_mean_abs_delta\": 0.21782457828521729, \"sample_stride\": 256}, \"device\": \"cuda:0\", \"dtype\": \"torch.float32\", \"numel\": 16777216, \"original_encoded_feature_sample_unchanged\": true, \"same_storage_as_original\": false, \"shape\": [1, 2, 32, 64, 64, 64], \"single_pass\": {\"device\": \"cuda:0\", \"dtype\": \"torch.float32\", \"numel\": 16777216, \"shape\": [1, 2, 32, 64, 64, 64], \"stride\": [16777216, 8388608, 262144, 4096, 64, 1]}, \"stride\": [16777216, 8388608, 262144, 4096, 64, 1]}}, \"consumed_heatmaps\": [{\"all_finite\": true, \"device\": \"cuda:0\", \"dtype\": \"torch.float32\", \"numel\": 262144, \"shape\": [1, 1, 64, 64, 64], \"stride\": [262144, 262144, 4096, 64, 1]}, {\"all_finite\": true, \"device\": \"cuda:0\", \"dtype\": \"torch.float32\", \"numel\": 262144, \"shape\": [1, 1, 64, 64, 64], \"stride\": [262144, 262144, 4096, 64, 1]}], \"cuda_peak_allocated_bytes_process\": 728221696, \"cuda_peak_reserved_bytes_process\": 981467136, \"dataset\": \"44b6_2a2eff9f\", \"encode_calls\": {\"primary\": 8, \"secondary\": 8}, \"encode_seconds\": {\"primary\": 1.0373340870000902, \"secondary\": 0.9970042539998758}, \"encode_views\": [{\"feature\": {\"device\": \"cuda:0\", \"dtype\": \"torch.float32\", \"numel\": 16777216, \"shape\": [1, 2, 32, 64, 64, 64], \"stride\": [16777216, 8388608, 262144, 4096, 64, 1]}, \"heatmap0\": {\"device\": \"cuda:0\", \"dtype\": \"torch.float32\", \"numel\": 262144, \"shape\": [1, 1, 64, 64, 64], \"stride\": [262144, 262144, 4096, 64, 1]}, \"input\": {\"device\": \"cuda:0\", \"dtype\": \"torch.float32\", \"numel\": 524288, \"shape\": [1, 2, 64, 64, 64], \"stride\": [524288, 262144, 4096, 64, 1]}, \"pass\": 1, \"role\": \"primary\"}, {\"feature\": {\"device\": \"cuda:0\", \"dtype\": \"torch.float32\", \"numel\": 16777216, \"shape\": [1, 2, 32, 64, 64, 64], \"stride\": [16777216, 8388608, 262144, 4096, 64, 1]}, \"heatmap0\": {\"device\": \"cuda:0\", \"dtype\": \"torch.float32\", \"numel\": 262144, \"shape\": [1, 1, 64, 64, 64], \"stride\": [262144, 262144, 4096, 64, 1]}, \"input\": {\"device\": \"cuda:0\", \"dtype\": \"torch.float32\", \"numel\": 524288, \"shape\": [1, 2, 64, 64, 64], \"stride\": [524288, 262144, 4096, 64, 1]}, \"pass\": 2, \"role\": \"primary\"}, {\"feature\": {\"device\": \"cuda:0\", \"dtype\": \"torch.float32\", \"numel\": 16777216, \"shape\": [1, 2, 32, 64, 64, 64], \"stride\": [16777216, 8388608, 262144, 4096, 64, 1]}, \"heatmap0\": {\"device\": \"cuda:0\", \"dtype\": \"torch.float32\", \"numel\": 262144, \"shape\": [1, 1, 64, 64, 64], \"stride\": [262144, 262144, 4096, 64, 1]}, \"input\": {\"device\": \"cuda:0\", \"dtype\": \"torch.float32\", \"numel\": 524288, \"shape\": [1, 2, 64, 64, 64], \"stride\": [524288, 262144, 4096, 64, 1]}, \"pass\": 3, \"role\": \"primary\"}, {\"feature\": {\"device\": \"cuda:0\", \"dtype\": \"torch.float32\", \"numel\": 16777216, \"shape\": [1, 2, 32, 64, 64, 64], \"stride\": [16777216, 8388608, 262144, 4096, 64, 1]}, \"heatmap0\": {\"device\": \"cuda:0\", \"dtype\": \"torch.float32\", \"numel\": 262144, \"shape\": [1, 1, 64, 64, 64], \"stride\": [262144, 262144, 4096, 64, 1]}, \"input\": {\"device\": \"cuda:0\", \"dtype\": \"torch.float32\", \"numel\": 524288, \"shape\": [1, 2, 64, 64, 64], \"stride\": [524288, 262144, 4096, 64, 1]}, \"pass\": 4, \"role\": \"primary\"}, {\"feature\": {\"device\": \"cuda:0\", \"dtype\": \"torch.float32\", \"numel\": 16777216, \"shape\": [1, 2, 32, 64, 64, 64], \"stride\": [16777216, 8388608, 262144, 4096, 64, 1]}, \"heatmap0\": {\"device\": \"cuda:0\", \"dtype\": \"torch.float32\", \"numel\": 262144, \"shape\": [1, 1, 64, 64, 64], \"stride\": [262144, 262144, 4096, 64, 1]}, \"input\": {\"device\": \"cuda:0\", \"dtype\": \"torch.float32\", \"numel\": 524288, \"shape\": [1, 2, 64, 64, 64], \"stride\": [524288, 262144, 4096, 1, 64]}, \"pass\": 5, \"role\": \"primary\"}, {\"feature\": {\"device\": \"cuda:0\", \"dtype\": \"torch.float32\", \"numel\": 16777216, \"shape\": [1, 2, 32, 64, 64, 64], \"stride\": [16777216, 8388608, 262144, 4096, 64, 1]}, \"heatmap0\": {\"device\": \"cuda:0\", \"dtype\": \"torch.float32\", \"numel\": 262144, \"shape\": [1, 1, 64, 64, 64], \"stride\": [262144, 262144, 4096, 64, 1]}, \"input\": {\"device\": \"cuda:0\", \"dtype\": \"torch.float32\", \"numel\": 524288, \"shape\": [1, 2, 64, 64, 64], \"stride\": [524288, 262144, 4096, 1, 64]}, \"pass\": 6, \"role\": \"primary\"}, {\"feature\": {\"device\": \"cuda:0\", \"dtype\": \"torch.float32\", \"numel\": 16777216, \"shape\": [1, 2, 32, 64, 64, 64], \"stride\": [16777216, 8388608, 262144, 4096, 64, 1]}, \"heatmap0\": {\"device\": \"cuda:0\", \"dtype\": \"torch.float32\", \"numel\": 262144, \"shape\": [1, 1, 64, 64, 64], \"stride\": [262144, 262144, 4096, 64, 1]}, \"input\": {\"device\": \"cuda:0\", \"dtype\": \"torch.float32\", \"numel\": 524288, \"shape\": [1, 2, 64, 64, 64], \"stride\": [524288, 262144, 4096, 1, 64]}, \"pass\": 7, \"role\": \"primary\"}, {\"feature\": {\"device\": \"cuda:0\", \"dtype\": \"torch.float32\", \"numel\": 16777216, \"shape\": [1, 2, 32, 64, 64, 64], \"stride\": [16777216, 8388608, 262144, 4096, 64, 1]}, \"heatmap0\": {\"device\": \"cuda:0\", \"dtype\": \"torch.float32\", \"numel\": 262144, \"shape\": [1, 1, 64, 64, 64], \"stride\": [262144, 262144, 4096, 64, 1]}, \"input\": {\"device\": \"cuda:0\", \"dtype\": \"torch.float32\", \"numel\": 524288, \"shape\": [1, 2, 64, 64, 64], \"stride\": [524288, 262144, 4096, 64, 1]}, \"pass\": 8, \"role\": \"primary\"}, {\"feature\": {\"device\": \"cuda:0\", \"dtype\": \"torch.float32\", \"numel\": 16777216, \"shape\": [1, 2, 32, 64, 64, 64], \"stride\": [16777216, 8388608, 262144, 4096, 64, 1]}, \"heatmap0\": {\"device\": \"cuda:0\", \"dtype\": \"torch.float32\", \"numel\": 262144, \"shape\": [1, 1, 64, 64, 64], \"stride\": [262144, 262144, 4096, 64, 1]}, \"input\": {\"device\": \"cuda:0\", \"dtype\": \"torch.float32\", \"numel\": 524288, \"shape\": [1, 2, 64, 64, 64], \"stride\": [524288, 262144, 4096, 64, 1]}, \"pass\": 1, \"role\": \"secondary\"}, {\"feature\": {\"device\": \"cuda:0\", \"dtype\": \"torch.float32\", \"numel\": 16777216, \"shape\": [1, 2, 32, 64, 64, 64], \"stride\": [16777216, 8388608, 262144, 4096, 64, 1]}, \"heatmap0\": {\"device\": \"cuda:0\", \"dtype\": \"torch.float32\", \"numel\": 262144, \"shape\": [1, 1, 64, 64, 64], \"stride\": [262144, 262144, 4096, 64, 1]}, \"input\": {\"device\": \"cuda:0\", \"dtype\": \"torch.float32\", \"numel\": 524288, \"shape\": [1, 2, 64, 64, 64], \"stride\": [524288, 262144, 4096, 64, 1]}, \"pass\": 2, \"role\": \"secondary\"}, {\"feature\": {\"device\": \"cuda:0\", \"dtype\": \"torch.float32\", \"numel\": 16777216, \"shape\": [1, 2, 32, 64, 64, 64], \"stride\": [16777216, 8388608, 262144, 4096, 64, 1]}, \"heatmap0\": {\"device\": \"cuda:0\", \"dtype\": \"torch.float32\", \"numel\": 262144, \"shape\": [1, 1, 64, 64, 64], \"stride\": [262144, 262144, 4096, 64, 1]}, \"input\": {\"device\": \"cuda:0\", \"dtype\": \"torch.float32\", \"numel\": 524288, \"shape\": [1, 2, 64, 64, 64], \"stride\": [524288, 262144, 4096, 64, 1]}, \"pass\": 3, \"role\": \"secondary\"}, {\"feature\": {\"device\": \"cuda:0\", \"dtype\": \"torch.float32\", \"numel\": 16777216, \"shape\": [1, 2, 32, 64, 64, 64], \"stride\": [16777216, 8388608, 262144, 4096, 64, 1]}, \"heatmap0\": {\"device\": \"cuda:0\", \"dtype\": \"torch.float32\", \"numel\": 262144, \"shape\": [1, 1, 64, 64, 64], \"stride\": [262144, 262144, 4096, 64, 1]}, \"input\": {\"device\": \"cuda:0\", \"dtype\": \"torch.float32\", \"numel\": 524288, \"shape\": [1, 2, 64, 64, 64], \"stride\": [524288, 262144, 4096, 64, 1]}, \"pass\": 4, \"role\": \"secondary\"}, {\"feature\": {\"device\": \"cuda:0\", \"dtype\": \"torch.float32\", \"numel\": 16777216, \"shape\": [1, 2, 32, 64, 64, 64], \"stride\": [16777216, 8388608, 262144, 4096, 64, 1]}, \"heatmap0\": {\"device\": \"cuda:0\", \"dtype\": \"torch.float32\", \"numel\": 262144, \"shape\": [1, 1, 64, 64, 64], \"stride\": [262144, 262144, 4096, 64, 1]}, \"input\": {\"device\": \"cuda:0\", \"dtype\": \"torch.float32\", \"numel\": 524288, \"shape\": [1, 2, 64, 64, 64], \"stride\": [524288, 262144, 4096, 1, 64]}, \"pass\": 5, \"role\": \"secondary\"}, {\"feature\": {\"device\": \"cuda:0\", \"dtype\": \"torch.float32\", \"numel\": 16777216, \"shape\": [1, 2, 32, 64, 64, 64], \"stride\": [16777216, 8388608, 262144, 4096, 64, 1]}, \"heatmap0\": {\"device\": \"cuda:0\", \"dtype\": \"torch.float32\", \"numel\": 262144, \"shape\": [1, 1, 64, 64, 64], \"stride\": [262144, 262144, 4096, 64, 1]}, \"input\": {\"device\": \"cuda:0\", \"dtype\": \"torch.float32\", \"numel\": 524288, \"shape\": [1, 2, 64, 64, 64], \"stride\": [524288, 262144, 4096, 1, 64]}, \"pass\": 6, \"role\": \"secondary\"}, {\"feature\": {\"device\": \"cuda:0\", \"dtype\": \"torch.float32\", \"numel\": 16777216, \"shape\": [1, 2, 32, 64, 64, 64], \"stride\": [16777216, 8388608, 262144, 4096, 64, 1]}, \"heatmap0\": {\"device\": \"cuda:0\", \"dtype\": \"torch.float32\", \"numel\": 262144, \"shape\": [1, 1, 64, 64, 64], \"stride\": [262144, 262144, 4096, 64, 1]}, \"input\": {\"device\": \"cuda:0\", \"dtype\": \"torch.float32\", \"numel\": 524288, \"shape\": [1, 2, 64, 64, 64], \"stride\": [524288, 262144, 4096, 1, 64]}, \"pass\": 7, \"role\": \"secondary\"}, {\"feature\": {\"device\": \"cuda:0\", \"dtype\": \"torch.float32\", \"numel\": 16777216, \"shape\": [1, 2, 32, 64, 64, 64], \"stride\": [16777216, 8388608, 262144, 4096, 64, 1]}, \"heatmap0\": {\"device\": \"cuda:0\", \"dtype\": \"torch.float32\", \"numel\": 262144, \"shape\": [1, 1, 64, 64, 64], \"stride\": [262144, 262144, 4096, 64, 1]}, \"input\": {\"device\": \"cuda:0\", \"dtype\": \"torch.float32\", \"numel\": 524288, \"shape\": [1, 2, 64, 64, 64], \"stride\": [524288, 262144, 4096, 64, 1]}, \"pass\": 8, \"role\": \"secondary\"}], \"event\": \"actual_predictor_window\", \"frames\": [0, 1], \"input\": {\"all_finite\": true, \"device\": \"cuda:0\", \"dtype\": \"torch.float32\", \"numel\": 524288, \"shape\": [1, 2, 64, 64, 64], \"stride\": [524288, 262144, 4096, 64, 1]}, \"input_parent\": \"/kaggle/input/competitions/biohub-cell-tracking-during-development/train\", \"seconds_including_common_audit\": 2.2429996310002025, \"window_index\": 1, \"worker_execution_settings\": {\"autocast_enabled\": false, \"cuda_runtime\": \"12.8\", \"cudnn_allow_tf32\": true, \"cudnn_benchmark\": false, \"cudnn_deterministic\": false, \"default_dtype\": \"torch.float32\", \"deterministic_algorithms\": false, \"float32_matmul_precision\": \"highest\", \"gpu_name\": \"Tesla T4\", \"grad_enabled\": false, \"matmul_allow_tf32\": false, \"torch_initial_seed\": 16300768204951508060, \"torch_version\": \"2.10.0+cu128\"}}\n"}
,{"stream_name":"stdout","time":1880.643762044,"data":"BIOHUB_RETENTION_GUARD {\"blended_candidates\": 460, \"dataset\": \"44b6_2a2eff9f\", \"frame\": 0, \"minimum_retention\": 0.9, \"primary_candidates\": 559, \"retention\": 0.8228980322003577, \"use_primary\": true}\n"}
,{"stream_name":"stdout","time":1880.643792629,"data":"BIOHUB_RETENTION_GUARD {\"blended_candidates\": 460, \"dataset\": \"44b6_2a2eff9f\", \"frame\": 1, \"minimum_retention\": 0.9, \"primary_candidates\": 536, \"retention\": 0.8582089552238806, \"use_primary\": true}\n"}
,{"stream_name":"stdout","time":1880.643949913,"data":"PUBLIC946_GPU_SMOKE {\"arm\": \"C2\", \"association\": {\"actual_primary_logits_after_original_harmonic_fusion\": {\"all_finite\": true, \"device\": \"cuda:0\", \"dtype\": \"torch.float32\", \"numel\": 299624, \"shape\": [1, 559, 536], \"stride\": [299624, 536, 1]}, \"actual_secondary_feature_consumed\": true, \"actual_secondary_logits\": {\"all_finite\": true, \"device\": \"cuda:0\", \"dtype\": \"torch.float32\", \"numel\": 299624, \"shape\": [1, 559, 536], \"stride\": [299624, 536, 1]}, \"coordinate_grid\": {\"downsample\": [1.0, 4.0, 4.0], \"source\": {\"device\": \"cuda:0\", \"dtype\": \"torch.float32\", \"numel\": 1677, \"shape\": [1, 559, 3], \"stride\": [559, 1, 559]}, \"target\": {\"device\": \"cuda:0\", \"dtype\": \"torch.float32\", \"numel\": 1608, \"shape\": [1, 536, 3], \"stride\": [536, 1, 536]}}, \"diagnostic_edge_head_calls\": 1, \"diagnostic_encoder_calls\": 0, \"diagnostic_probabilities_used_in_production\": false, \"diagnostic_seconds\": 0.024668970000220725, \"frame_pair_index\": 0, \"primary_source_sampled_features\": {\"all_finite\": true, \"device\": \"cuda:0\", \"dtype\": \"torch.float32\", \"numel\": 17888, \"shape\": [1, 559, 32], \"stride\": [17888, 32, 1]}, \"primary_target_sampled_features\": {\"all_finite\": true, \"device\": \"cuda:0\", \"dtype\": \"torch.float32\", \"numel\": 17152, \"shape\": [1, 536, 32], \"stride\": [17152, 32, 1]}, \"probability_comparison_stage\": \"secondary edge-head softmax over parents, before original calibration and low-margin mixing\", \"probability_delta_vs_single_pass_same_coordinates\": {\"sample_elements\": 65536, \"sample_equal\": false, \"sample_max_abs_delta\": 0.6191383600234985, \"sample_mean_abs_delta\": 0.00039581485907547176, \"sample_stride\": 4}, \"production_calls\": 1, \"same_low_margin_config\": {\"secondary_detection_weight\": 0.8, \"secondary_edge_weight\": 0.15, \"secondary_link_mode\": \"low_margin_consensus\"}, \"source_delta_vs_single_pass\": {\"sample_elements\": 17888, \"sample_equal\": false, \"sample_max_abs_delta\": 1.1226513385772705, \"sample_mean_abs_delta\": 0.14023920893669128, \"sample_stride\": 1}, \"source_sampled_features\": {\"all_finite\": true, \"device\": \"cuda:0\", \"dtype\": \"torch.float32\", \"numel\": 17888, \"shape\": [1, 559, 32], \"stride\": [17888, 32, 1]}, \"target_delta_vs_single_pass\": {\"sample_elements\": 17152, \"sample_equal\": false, \"sample_max_abs_delta\": 1.3486242294311523, \"sample_mean_abs_delta\": 0.13482895493507385, \"sample_stride\": 1}, \"target_sampled_features\": {\"all_finite\": true, \"device\": \"cuda:0\", \"dtype\": \"torch.float32\", \"numel\": 17152, \"shape\": [1, 536, 32], \"stride\": [17152, 32, 1]}}, \"association_calls\": 1, \"config\": {\"secondary_detection_weight\": 0.8, \"secondary_edge_weight\": 0.15, \"secondary_link_mode\": \"low_margin_consensus\"}, \"consumed_features\": {\"primary\": {\"all_finite\": true, \"delta_vs_single_pass\": {\"sample_elements\": 65536, \"sample_equal\": false, \"sample_max_abs_delta\": 1.6474889516830444, \"sample_mean_abs_delta\": 0.38497185707092285, \"sample_stride\": 256}, \"device\": \"cuda:0\", \"dtype\": \"torch.float32\", \"numel\": 16777216, \"original_encoded_feature_sample_unchanged\": true, \"same_storage_as_original\": false, \"shape\": [1, 2, 32, 64, 64, 64], \"single_pass\": {\"device\": \"cuda:0\", \"dtype\": \"torch.float32\", \"numel\": 16777216, \"shape\": [1, 2, 32, 64, 64, 64], \"stride\": [16777216, 8388608, 262144, 4096, 64, 1]}, \"stride\": [16777216, 8388608, 262144, 4096, 64, 1]}, \"secondary\": {\"all_finite\": true, \"delta_vs_single_pass\": {\"sample_elements\": 65536, \"sample_equal\": false, \"sample_max_abs_delta\": 1.2723503112792969, \"sample_mean_abs_delta\": 0.21782457828521729, \"sample_stride\": 256}, \"device\": \"cuda:0\", \"dtype\": \"torch.float32\", \"numel\": 16777216, \"original_encoded_feature_sample_unchanged\": true, \"same_storage_as_original\": false, \"shape\": [1, 2, 32, 64, 64, 64], \"single_pass\": {\"device\": \"cuda:0\", \"dtype\": \"torch.float32\", \"numel\": 16777216, \"shape\": [1, 2, 32, 64, 64, 64], \"stride\": [16777216, 8388608, 262144, 4096, 64, 1]}, \"stride\": [16777216, 8388608, 262144, 4096, 64, 1]}}, \"consumed_heatmaps\": [{\"all_finite\": true, \"device\": \"cuda:0\", \"dtype\": \"torch.float32\", \"numel\": 262144, \"shape\": [1, 1, 64, 64, 64], \"stride\": [262144, 262144, 4096, 64, 1]}, {\"all_finite\": true, \"device\": \"cuda:0\", \"dtype\": \"torch.float32\", \"numel\": 262144, \"shape\": [1, 1, 64, 64, 64], \"stride\": [262144, 262144, 4096, 64, 1]}], \"cuda_peak_allocated_bytes_process\": 728221696, \"cuda_peak_reserved_bytes_process\": 981467136, \"dataset\": \"44b6_2a2eff9f\", \"encode_calls\": {\"primary\": 8, \"secondary\": 8}, \"encode_seconds\": {\"primary\": 1.0373340870000902, \"secondary\": 0.9970042539998758}, \"encode_views\": [{\"feature\": {\"device\": \"cuda:0\", \"dtype\": \"torch.float32\", \"numel\": 16777216, \"shape\": [1, 2, 32, 64, 64, 64], \"stride\": [16777216, 8388608, 262144, 4096, 64, 1]}, \"heatmap0\": {\"device\": \"cuda:0\", \"dtype\": \"torch.float32\", \"numel\": 262144, \"shape\": [1, 1, 64, 64, 64], \"stride\": [262144, 262144, 4096, 64, 1]}, \"input\": {\"device\": \"cuda:0\", \"dtype\": \"torch.float32\", \"numel\": 524288, \"shape\": [1, 2, 64, 64, 64], \"stride\": [524288, 262144, 4096, 64, 1]}, \"pass\": 1, \"role\": \"primary\"}, {\"feature\": {\"device\": \"cuda:0\", \"dtype\": \"torch.float32\", \"numel\": 16777216, \"shape\": [1, 2, 32, 64, 64, 64], \"stride\": [16777216, 8388608, 262144, 4096, 64, 1]}, \"heatmap0\": {\"device\": \"cuda:0\", \"dtype\": \"torch.float32\", \"numel\": 262144, \"shape\": [1, 1, 64, 64, 64], \"stride\": [262144, 262144, 4096, 64, 1]}, \"input\": {\"device\": \"cuda:0\", \"dtype\": \"torch.float32\", \"numel\": 524288, \"shape\": [1, 2, 64, 64, 64], \"stride\": [524288, 262144, 4096, 64, 1]}, \"pass\": 2, \"role\": \"primary\"}, {\"feature\": {\"device\": \"cuda:0\", \"dtype\": \"torch.float32\", \"numel\": 16777216, \"shape\": [1, 2, 32, 64, 64, 64], \"stride\": [16777216, 8388608, 262144, 4096, 64, 1]}, \"heatmap0\": {\"device\": \"cuda:0\", \"dtype\": \"torch.float32\", \"numel\": 262144, \"shape\": [1, 1, 64, 64, 64], \"stride\": [262144, 262144, 4096, 64, 1]}, \"input\": {\"device\": \"cuda:0\", \"dtype\": \"torch.float32\", \"numel\": 524288, \"shape\": [1, 2, 64, 64, 64], \"stride\": [524288, 262144, 4096, 64, 1]}, \"pass\": 3, \"role\": \"primary\"}, {\"feature\": {\"device\": \"cuda:0\", \"dtype\": \"torch.float32\", \"numel\": 16777216, \"shape\": [1, 2, 32, 64, 64, 64], \"stride\": [16777216, 8388608, 262144, 4096, 64, 1]}, \"heatmap0\": {\"device\": \"cuda:0\", \"dtype\": \"torch.float32\", \"numel\": 262144, \"shape\": [1, 1, 64, 64, 64], \"stride\": [262144, 262144, 4096, 64, 1]}, \"input\": {\"device\": \"cuda:0\", \"dtype\": \"torch.float32\", \"numel\": 524288, \"shape\": [1, 2, 64, 64, 64], \"stride\": [524288, 262144, 4096, 64, 1]}, \"pass\": 4, \"role\": \"primary\"}, {\"feature\": {\"device\": \"cuda:0\", \"dtype\": \"torch.float32\", \"numel\": 16777216, \"shape\": [1, 2, 32, 64, 64, 64], \"stride\": [16777216, 8388608, 262144, 4096, 64, 1]}, \"heatmap0\": {\"device\": \"cuda:0\", \"dtype\": \"torch.float32\", \"numel\": 262144, \"shape\": [1, 1, 64, 64, 64], \"stride\": [262144, 262144, 4096, 64, 1]}, \"input\": {\"device\": \"cuda:0\", \"dtype\": \"torch.float32\", \"numel\": 524288, \"shape\": [1, 2, 64, 64, 64], \"stride\": [524288, 262144, 4096, 1, 64]}, \"pass\": 5, \"role\": \"primary\"}, {\"feature\": {\"device\": \"cuda:0\", \"dtype\": \"torch.float32\", \"numel\": 16777216, \"shape\": [1, 2, 32, 64, 64, 64], \"stride\": [16777216, 8388608, 262144, 4096, 64, 1]}, \"heatmap0\": {\"device\": \"cuda:0\", \"dtype\": \"torch.float32\", \"numel\": 262144, \"shape\": [1, 1, 64, 64, 64], \"stride\": [262144, 262144, 4096, 64, 1]}, \"input\": {\"device\": \"cuda:0\", \"dtype\": \"torch.float32\", \"numel\": 524288, \"shape\": [1, 2, 64, 64, 64], \"stride\": [524288, 262144, 4096, 1, 64]}, \"pass\": 6, \"role\": \"primary\"}, {\"feature\": {\"device\": \"cuda:0\", \"dtype\": \"torch.float32\", \"numel\": 16777216, \"shape\": [1, 2, 32, 64, 64, 64], \"stride\": [16777216, 8388608, 262144, 4096, 64, 1]}, \"heatmap0\": {\"device\": \"cuda:0\", \"dtype\": \"torch.float32\", \"numel\": 262144, \"shape\": [1, 1, 64, 64, 64], \"stride\": [262144, 262144, 4096, 64, 1]}, \"input\": {\"device\": \"cuda:0\", \"dtype\": \"torch.float32\", \"numel\": 524288, \"shape\": [1, 2, 64, 64, 64], \"stride\": [524288, 262144, 4096, 1, 64]}, \"pass\": 7, \"role\": \"primary\"}, {\"feature\": {\"device\": \"cuda:0\", \"dtype\": \"torch.float32\", \"numel\": 16777216, \"shape\": [1, 2, 32, 64, 64, 64], \"stride\": [16777216, 8388608, 262144, 4096, 64, 1]}, \"heatmap0\": {\"device\": \"cuda:0\", \"dtype\": \"torch.float32\", \"numel\": 262144, \"shape\": [1, 1, 64, 64, 64], \"stride\": [262144, 262144, 4096, 64, 1]}, \"input\": {\"device\": \"cuda:0\", \"dtype\": \"torch.float32\", \"numel\": 524288, \"shape\": [1, 2, 64, 64, 64], \"stride\": [524288, 262144, 4096, 64, 1]}, \"pass\": 8, \"role\": \"primary\"}, {\"feature\": {\"device\": \"cuda:0\", \"dtype\": \"torch.float32\", \"numel\": 16777216, \"shape\": [1, 2, 32, 64, 64, 64], \"stride\": [16777216, 8388608, 262144, 4096, 64, 1]}, \"heatmap0\": {\"device\": \"cuda:0\", \"dtype\": \"torch.float32\", \"numel\": 262144, \"shape\": [1, 1, 64, 64, 64], \"stride\": [262144, 262144, 4096, 64, 1]}, \"input\": {\"device\": \"cuda:0\", \"dtype\": \"torch.float32\", \"numel\": 524288, \"shape\": [1, 2, 64, 64, 64], \"stride\": [524288, 262144, 4096, 64, 1]}, \"pass\": 1, \"role\": \"secondary\"}, {\"feature\": {\"device\": \"cuda:0\", \"dtype\": \"torch.float32\", \"numel\": 16777216, \"shape\": [1, 2, 32, 64, 64, 64], \"stride\": [16777216, 8388608, 262144, 4096, 64, 1]}, \"heatmap0\": {\"device\": \"cuda:0\", \"dtype\": \"torch.float32\", \"numel\": 262144, \"shape\": [1, 1, 64, 64, 64], \"stride\": [262144, 262144, 4096, 64, 1]}, \"input\": {\"device\": \"cuda:0\", \"dtype\": \"torch.float32\", \"numel\": 524288, \"shape\": [1, 2, 64, 64, 64], \"stride\": [524288, 262144, 4096, 64, 1]}, \"pass\": 2, \"role\": \"secondary\"}, {\"feature\": {\"device\": \"cuda:0\", \"dtype\": \"torch.float32\", \"numel\": 16777216, \"shape\": [1, 2, 32, 64, 64, 64], \"stride\": [16777216, 8388608, 262144, 4096, 64, 1]}, \"heatmap0\": {\"device\": \"cuda:0\", \"dtype\": \"torch.float32\", \"numel\": 262144, \"shape\": [1, 1, 64, 64, 64], \"stride\": [262144, 262144, 4096, 64, 1]}, \"input\": {\"device\": \"cuda:0\", \"dtype\": \"torch.float32\", \"numel\": 524288, \"shape\": [1, 2, 64, 64, 64], \"stride\": [524288, 262144, 4096, 64, 1]}, \"pass\": 3, \"role\": \"secondary\"}, {\"feature\": {\"device\": \"cuda:0\", \"dtype\": \"torch.float32\", \"numel\": 16777216, \"shape\": [1, 2, 32, 64, 64, 64], \"stride\": [16777216, 8388608, 262144, 4096, 64, 1]}, \"heatmap0\": {\"device\": \"cuda:0\", \"dtype\": \"torch.float32\", \"numel\": 262144, \"shape\": [1, 1, 64, 64, 64], \"stride\": [262144, 262144, 4096, 64, 1]}, \"input\": {\"device\": \"cuda:0\", \"dtype\": \"torch.float32\", \"numel\": 524288, \"shape\": [1, 2, 64, 64, 64], \"stride\": [524288, 262144, 4096, 64, 1]}, \"pass\": 4, \"role\": \"secondary\"}, {\"feature\": {\"device\": \"cuda:0\", \"dtype\": \"torch.float32\", \"numel\": 16777216, \"shape\": [1, 2, 32, 64, 64, 64], \"stride\": [16777216, 8388608, 262144, 4096, 64, 1]}, \"heatmap0\": {\"device\": \"cuda:0\", \"dtype\": \"torch.float32\", \"numel\": 262144, \"shape\": [1, 1, 64, 64, 64], \"stride\": [262144, 262144, 4096, 64, 1]}, \"input\": {\"device\": \"cuda:0\", \"dtype\": \"torch.float32\", \"numel\": 524288, \"shape\": [1, 2, 64, 64, 64], \"stride\": [524288, 262144, 4096, 1, 64]}, \"pass\": 5, \"role\": \"secondary\"}, {\"feature\": {\"device\": \"cuda:0\", \"dtype\": \"torch.float32\", \"numel\": 16777216, \"shape\": [1, 2, 32, 64, 64, 64], \"stride\": [16777216, 8388608, 262144, 4096, 64, 1]}, \"heatmap0\": {\"device\": \"cuda:0\", \"dtype\": \"torch.float32\", \"numel\": 262144, \"shape\": [1, 1, 64, 64, 64], \"stride\": [262144, 262144, 4096, 64, 1]}, \"input\": {\"device\": \"cuda:0\", \"dtype\": \"torch.float32\", \"numel\": 524288, \"shape\": [1, 2, 64, 64, 64], \"stride\": [524288, 262144, 4096, 1, 64]}, \"pass\": 6, \"role\": \"secondary\"}, {\"feature\": {\"device\": \"cuda:0\", \"dtype\": \"torch.float32\", \"numel\": 16777216, \"shape\": [1, 2, 32, 64, 64, 64], \"stride\": [16777216, 8388608, 262144, 4096, 64, 1]}, \"heatmap0\": {\"device\": \"cuda:0\", \"dtype\": \"torch.float32\", \"numel\": 262144, \"shape\": [1, 1, 64, 64, 64], \"stride\": [262144, 262144, 4096, 64, 1]}, \"input\": {\"device\": \"cuda:0\", \"dtype\": \"torch.float32\", \"numel\": 524288, \"shape\": [1, 2, 64, 64, 64], \"stride\": [524288, 262144, 4096, 1, 64]}, \"pass\": 7, \"role\": \"secondary\"}, {\"feature\": {\"device\": \"cuda:0\", \"dtype\": \"torch.float32\", \"numel\": 16777216, \"shape\": [1, 2, 32, 64, 64, 64], \"stride\": [16777216, 8388608, 262144, 4096, 64, 1]}, \"heatmap0\": {\"device\": \"cuda:0\", \"dtype\": \"torch.float32\", \"numel\": 262144, \"shape\": [1, 1, 64, 64, 64], \"stride\": [262144, 262144, 4096, 64, 1]}, \"input\": {\"device\": \"cuda:0\", \"dtype\": \"torch.float32\", \"numel\": 524288, \"shape\": [1, 2, 64, 64, 64], \"stride\": [524288, 262144, 4096, 64, 1]}, \"pass\": 8, \"role\": \"secondary\"}], \"event\": \"actual_predictor_window\", \"frames\": [0, 1], \"input\": {\"all_finite\": true, \"device\": \"cuda:0\", \"dtype\": \"torch.float32\", \"numel\": 524288, \"shape\": [1, 2, 64, 64, 64], \"stride\": [524288, 262144, 4096, 64, 1]}, \"input_parent\": \"/kaggle/input/competitions/biohub-cell-tracking-during-development/train\", \"seconds_including_common_audit\": 2.2429996310002025, \"window_index\": 1, \"worker_execution_settings\": {\"autocast_enabled\": false, \"cuda_runtime\": \"12.8\", \"cudnn_allow_tf32\": true, \"cudnn_benchmark\": false, \"cudnn_deterministic\": false, \"default_dtype\": \"torch.float32\", \"deterministic_algorithms\": false, \"float32_matmul_precision\": \"highest\", \"gpu_name\": \"Tesla T4\", \"grad_enabled\": false, \"matmul_allow_tf32\": false, \"torch_initial_seed\": 16300768204951508060, \"torch_version\": \"2.10.0+cu128\"}}\n"}
,{"stream_name":"stdout","time":1881.697133172,"data":"EDGE_TTA_ACTIVE views= 8 mean_abs_feat_delta= 0.353629\n"}
,{"stream_name":"stdout","time":1881.90003426,"data":"EDGE_TTA_ACTIVE views= 8 mean_abs_feat_delta= 0.353629\n"}
,{"stream_name":"stdout","time":1882.555913108,"data":"EDGE_TTA_ACTIVE views= 8 mean_abs_feat_delta= 0.330965\n"}
,{"stream_name":"stdout","time":1882.716171696,"data":"BIOHUB_RETENTION_GUARD {\"blended_candidates\": 448, \"dataset\": \"44b6_2a2eff9f\", \"frame\": 2, \"minimum_retention\": 0.9, \"primary_candidates\": 529, \"retention\": 0.8468809073724007, \"use_primary\": true}\n"}
,{"stream_name":"stdout","time":1882.758345532,"data":"EDGE_TTA_ACTIVE views= 8 mean_abs_feat_delta= 0.330965\n"}
,{"stream_name":"stdout","time":1882.758371874,"data":"BIOHUB_RETENTION_GUARD {\"blended_candidates\": 448, \"dataset\": \"44b6_2a2eff9f\", \"frame\": 2, \"minimum_retention\": 0.9, \"primary_candidates\": 529, \"retention\": 0.8468809073724007, \"use_primary\": true}\n"}
,{"stream_name":"stdout","time":1883.97101927,"data":"EDGE_TTA_ACTIVE views= 8 mean_abs_feat_delta= 0.354199\n"}
,{"stream_name":"stdout","time":1884.173747576,"data":"EDGE_TTA_ACTIVE views= 8 mean_abs_feat_delta= 0.354199\n"}
,{"stream_name":"stdout","time":1884.90522168,"data":"EDGE_TTA_ACTIVE views= 8 mean_abs_feat_delta= 0.32822\n"}
,{"stream_name":"stdout","time":1884.991946201,"data":"BIOHUB_RETENTION_GUARD {\"blended_candidates\": 428, \"dataset\": \"44b6_2a2eff9f\", \"frame\": 3, \"minimum_retention\": 0.9, \"primary_candidates\": 515, \"retention\": 0.8310679611650486, \"use_primary\": true}\n"}
,{"stream_name":"stdout","time":1885.107788369,"data":"EDGE_TTA_ACTIVE views= 8 mean_abs_feat_delta= 0.32822\n"}
,{"stream_name":"stdout","time":1885.107818223,"data":"BIOHUB_RETENTION_GUARD {\"blended_candidates\": 428, \"dataset\": \"44b6_2a2eff9f\", \"frame\": 3, \"minimum_retention\": 0.9, \"primary_candidates\": 515, \"retention\": 0.8310679611650486, \"use_primary\": true}\n"}
,{"stream_name":"stdout","time":1886.024134139,"data":"BIOHUB_RETENTION_GUARD {\"blended_candidates\": 93, \"dataset\": \"44b6_341df25f\", \"frame\": 27, \"minimum_retention\": 0.9, \"primary_candidates\": 104, \"retention\": 0.8942307692307693, \"use_primary\": true}\n"}
,{"stream_name":"stdout","time":1886.198862812,"data":"EDGE_TTA_ACTIVE views= 8 mean_abs_feat_delta= 0.351342\n"}
,{"stream_name":"stdout","time":1886.226384735,"data":"BIOHUB_RETENTION_GUARD {\"blended_candidates\": 93, \"dataset\": \"44b6_341df25f\", \"frame\": 27, \"minimum_retention\": 0.9, \"primary_candidates\": 104, \"retention\": 0.8942307692307693, \"use_primary\": true}\n"}
,{"stream_name":"stdout","time":1886.226426767,"data":"EDGE_TTA_ACTIVE views= 8 mean_abs_feat_delta= 0.351342\n"}
,{"stream_name":"stdout","time":1887.208808331,"data":"EDGE_TTA_ACTIVE views= 8 mean_abs_feat_delta= 0.333586\n"}
,{"stream_name":"stdout","time":1887.214793788,"data":"BIOHUB_RETENTION_GUARD {\"blended_candidates\": 456, \"dataset\": \"44b6_2a2eff9f\", \"frame\": 4, \"minimum_retention\": 0.9, \"primary_candidates\": 542, \"retention\": 0.8413284132841329, \"use_primary\": true}\n"}
,{"stream_name":"stdout","time":1887.411509851,"data":"EDGE_TTA_ACTIVE views= 8 mean_abs_feat_delta= 0.333586\n"}
,{"stream_name":"stdout","time":1887.411546316,"data":"BIOHUB_RETENTION_GUARD {\"blended_candidates\": 456, \"dataset\": \"44b6_2a2eff9f\", \"frame\": 4, \"minimum_retention\": 0.9, \"primary_candidates\": 542, \"retention\": 0.8413284132841329, \"use_primary\": true}\n"}
,{"stream_name":"stdout","time":1888.409993527,"data":"EDGE_TTA_ACTIVE views= 8 mean_abs_feat_delta= 0.353535\n"}
,{"stream_name":"stdout","time":1888.612523739,"data":"EDGE_TTA_ACTIVE views= 8 mean_abs_feat_delta= 0.353535\n"}
,{"stream_name":"stdout","time":1889.425181859,"data":"BIOHUB_RETENTION_GUARD {\"blended_candidates\": 451, \"dataset\": \"44b6_2a2eff9f\", \"frame\": 5, \"minimum_retention\": 0.9, \"primary_candidates\": 542, \"retention\": 0.8321033210332104, \"use_primary\": true}\n"}
,{"stream_name":"stdout","time":1889.514032693,"data":"EDGE_TTA_ACTIVE views= 8 mean_abs_feat_delta= 0.335857\n"}
,{"stream_name":"stdout","time":1889.627354451,"data":"BIOHUB_RETENTION_GUARD {\"blended_candidates\": 451, \"dataset\": \"44b6_2a2eff9f\", \"frame\": 5, \"minimum_retention\": 0.9, \"primary_candidates\": 542, \"retention\": 0.8321033210332104, \"use_primary\": true}\n"}
,{"stream_name":"stdout","time":1889.627395926,"data":"EDGE_TTA_ACTIVE views= 8 mean_abs_feat_delta= 0.335857\n"}
,{"stream_name":"stdout","time":1890.648048409,"data":"EDGE_TTA_ACTIVE views= 8 mean_abs_feat_delta= 0.355109\n"}
,{"stream_name":"stdout","time":1890.850740395,"data":"EDGE_TTA_ACTIVE views= 8 mean_abs_feat_delta= 0.355109\n"}
,{"stream_name":"stdout","time":1891.665367725,"data":"BIOHUB_RETENTION_GUARD {\"blended_candidates\": 449, \"dataset\": \"44b6_2a2eff9f\", \"frame\": 6, \"minimum_retention\": 0.9, \"primary_candidates\": 544, \"retention\": 0.8253676470588235, \"use_primary\": true}\n"}
,{"stream_name":"stdout","time":1891.789334392,"data":"EDGE_TTA_ACTIVE views= 8 mean_abs_feat_delta= 0.332258\n"}
,{"stream_name":"stdout","time":1891.867591569,"data":"BIOHUB_RETENTION_GUARD {\"blended_candidates\": 449, \"dataset\": \"44b6_2a2eff9f\", \"frame\": 6, \"minimum_retention\": 0.9, \"primary_candidates\": 544, \"retention\": 0.8253676470588235, \"use_primary\": true}\n"}
,{"stream_name":"stdout","time":1891.86763357,"data":"EDGE_TTA_ACTIVE views= 8 mean_abs_feat_delta= 0.332258\n"}
,{"stream_name":"stdout","time":1892.868139913,"data":"EDGE_TTA_ACTIVE views= 8 mean_abs_feat_delta= 0.359732\n"}
,{"stream_name":"stdout","time":1893.070783743,"data":"EDGE_TTA_ACTIVE views= 8 mean_abs_feat_delta= 0.359732\n"}
,{"stream_name":"stdout","time":1893.882063666,"data":"BIOHUB_RETENTION_GUARD {\"blended_candidates\": 419, \"dataset\": \"44b6_2a2eff9f\", \"frame\": 7, \"minimum_retention\": 0.9, \"primary_candidates\": 531, \"retention\": 0.7890772128060264, \"use_primary\": true}\n"}
,{"stream_name":"stdout","time":1894.036673413,"data":"EDGE_TTA_ACTIVE views= 8 mean_abs_feat_delta= 0.331192\n"}
,{"stream_name":"stdout","time":1894.084654583,"data":"BIOHUB_RETENTION_GUARD {\"blended_candidates\": 419, \"dataset\": \"44b6_2a2eff9f\", \"frame\": 7, \"minimum_retention\": 0.9, \"primary_candidates\": 531, \"retention\": 0.7890772128060264, \"use_primary\": true}\n"}
,{"stream_name":"stdout","time":1894.084710656,"data":"EDGE_TTA_ACTIVE views= 8 mean_abs_feat_delta= 0.331192\n"}
,{"stream_name":"stdout","time":1895.077953604,"data":"EDGE_TTA_ACTIVE views= 8 mean_abs_feat_delta= 0.367188\n"}
,{"stream_name":"stdout","time":1895.280530487,"data":"EDGE_TTA_ACTIVE views= 8 mean_abs_feat_delta= 0.367188\n"}
,{"stream_name":"stdout","time":1896.088846389,"data":"BIOHUB_RETENTION_GUARD {\"blended_candidates\": 426, \"dataset\": \"44b6_2a2eff9f\", \"frame\": 8, \"minimum_retention\": 0.9, \"primary_candidates\": 524, \"retention\": 0.8129770992366412, \"use_primary\": true}\n"}
,{"stream_name":"stdout","time":1896.270042328,"data":"EDGE_TTA_ACTIVE views= 8 mean_abs_feat_delta= 0.331813\n"}
,{"stream_name":"stdout","time":1896.291435748,"data":"BIOHUB_RETENTION_GUARD {\"blended_candidates\": 426, \"dataset\": \"44b6_2a2eff9f\", \"frame\": 8, \"minimum_retention\": 0.9, \"primary_candidates\": 524, \"retention\": 0.8129770992366412, \"use_primary\": true}\n"}
,{"stream_name":"stdout","time":1896.291480256,"data":"EDGE_TTA_ACTIVE views= 8 mean_abs_feat_delta= 0.331813\n"}
,{"stream_name":"stdout","time":1897.27867719,"data":"EDGE_TTA_ACTIVE views= 8 mean_abs_feat_delta= 0.367144\n"}
,{"stream_name":"stdout","time":1897.481118303,"data":"EDGE_TTA_ACTIVE views= 8 mean_abs_feat_delta= 0.367144\n"}
,{"stream_name":"stdout","time":1898.284507862,"data":"BIOHUB_RETENTION_GUARD {\"blended_candidates\": 432, \"dataset\": \"44b6_2a2eff9f\", \"frame\": 9, \"minimum_retention\": 0.9, \"primary_candidates\": 530, \"retention\": 0.8150943396226416, \"use_primary\": true}\n"}
,{"stream_name":"stdout","time":1898.48703968,"data":"BIOHUB_RETENTION_GUARD {\"blended_candidates\": 432, \"dataset\": \"44b6_2a2eff9f\", \"frame\": 9, \"minimum_retention\": 0.9, \"primary_candidates\": 530, \"retention\": 0.8150943396226416, \"use_primary\": true}\n"}
,{"stream_name":"stdout","time":1898.507099899,"data":"EDGE_TTA_ACTIVE views= 8 mean_abs_feat_delta= 0.327911\n"}
,{"stream_name":"stdout","time":1898.709716037,"data":"EDGE_TTA_ACTIVE views= 8 mean_abs_feat_delta= 0.327911\n"}
,{"stream_name":"stdout","time":1899.477296394,"data":"EDGE_TTA_ACTIVE views= 8 mean_abs_feat_delta= 0.36704\n"}
,{"stream_name":"stdout","time":1899.680377176,"data":"EDGE_TTA_ACTIVE views= 8 mean_abs_feat_delta= 0.36704\n"}
,{"stream_name":"stdout","time":1900.486545295,"data":"BIOHUB_RETENTION_GUARD {\"blended_candidates\": 412, \"dataset\": \"44b6_2a2eff9f\", \"frame\": 10, \"minimum_retention\": 0.9, \"primary_candidates\": 516, \"retention\": 0.7984496124031008, \"use_primary\": true}\n"}
,{"stream_name":"stdout","time":1900.689097569,"data":"BIOHUB_RETENTION_GUARD {\"blended_candidates\": 412, \"dataset\": \"44b6_2a2eff9f\", \"frame\": 10, \"minimum_retention\": 0.9, \"primary_candidates\": 516, \"retention\": 0.7984496124031008, \"use_primary\": true}\n"}
,{"stream_name":"stdout","time":1900.723757095,"data":"EDGE_TTA_ACTIVE views= 8 mean_abs_feat_delta= 0.330714\n"}
,{"stream_name":"stdout","time":1900.926617179,"data":"EDGE_TTA_ACTIVE views= 8 mean_abs_feat_delta= 0.330714\n"}
,{"stream_name":"stdout","time":1901.665817505,"data":"EDGE_TTA_ACTIVE views= 8 mean_abs_feat_delta= 0.361712\n"}
,{"stream_name":"stdout","time":1901.86839559,"data":"EDGE_TTA_ACTIVE views= 8 mean_abs_feat_delta= 0.361712\n"}
,{"stream_name":"stdout","time":1902.67335569,"data":"BIOHUB_RETENTION_GUARD {\"blended_candidates\": 456, \"dataset\": \"44b6_2a2eff9f\", \"frame\": 11, \"minimum_retention\": 0.9, \"primary_candidates\": 534, \"retention\": 0.8539325842696629, \"use_primary\": true}\n"}
,{"stream_name":"stdout","time":1902.876062672,"data":"BIOHUB_RETENTION_GUARD {\"blended_candidates\": 456, \"dataset\": \"44b6_2a2eff9f\", \"frame\": 11, \"minimum_retention\": 0.9, \"primary_candidates\": 534, \"retention\": 0.8539325842696629, \"use_primary\": true}\n"}
,{"stream_name":"stdout","time":1902.954314037,"data":"EDGE_TTA_ACTIVE views= 8 mean_abs_feat_delta= 0.32934\n"}
,{"stream_name":"stdout","time":1903.157113244,"data":"EDGE_TTA_ACTIVE views= 8 mean_abs_feat_delta= 0.32934\n"}
,{"stream_name":"stdout","time":1903.91802188,"data":"EDGE_TTA_ACTIVE views= 8 mean_abs_feat_delta= 0.36232\n"}
,{"stream_name":"stdout","time":1904.1823419,"data":"EDGE_TTA_ACTIVE views= 8 mean_abs_feat_delta= 0.36232\n"}
,{"stream_name":"stdout","time":1904.920568922,"data":"BIOHUB_RETENTION_GUARD {\"blended_candidates\": 425, \"dataset\": \"44b6_2a2eff9f\", \"frame\": 12, \"minimum_retention\": 0.9, \"primary_candidates\": 508, \"retention\": 0.8366141732283464, \"use_primary\": true}\n"}
,{"stream_name":"stdout","time":1905.122826151,"data":"BIOHUB_RETENTION_GUARD {\"blended_candidates\": 425, \"dataset\": \"44b6_2a2eff9f\", \"frame\": 12, \"minimum_retention\": 0.9, \"primary_candidates\": 508, \"retention\": 0.8366141732283464, \"use_primary\": true}\n"}
,{"stream_name":"stdout","time":1905.187473335,"data":"EDGE_TTA_ACTIVE views= 8 mean_abs_feat_delta= 0.333566\n"}
,{"stream_name":"stdout","time":1905.39006796,"data":"EDGE_TTA_ACTIVE views= 8 mean_abs_feat_delta= 0.333566\n"}
,{"stream_name":"stdout","time":1906.11474897,"data":"EDGE_TTA_ACTIVE views= 8 mean_abs_feat_delta= 0.361858\n"}
,{"stream_name":"stdout","time":1906.317317187,"data":"EDGE_TTA_ACTIVE views= 8 mean_abs_feat_delta= 0.361858\n"}
,{"stream_name":"stdout","time":1907.119111104,"data":"BIOHUB_RETENTION_GUARD {\"blended_candidates\": 407, \"dataset\": \"44b6_2a2eff9f\", \"frame\": 13, \"minimum_retention\": 0.9, \"primary_candidates\": 504, \"retention\": 0.8075396825396826, \"use_primary\": true}\n"}
,{"stream_name":"stdout","time":1907.322929685,"data":"BIOHUB_RETENTION_GUARD {\"blended_candidates\": 407, \"dataset\": \"44b6_2a2eff9f\", \"frame\": 13, \"minimum_retention\": 0.9, \"primary_candidates\": 504, \"retention\": 0.8075396825396826, \"use_primary\": true}\n"}
,{"stream_name":"stdout","time":1907.43621085,"data":"EDGE_TTA_ACTIVE views= 8 mean_abs_feat_delta= 0.336507\n"}
,{"stream_name":"stdout","time":1907.639060106,"data":"EDGE_TTA_ACTIVE views= 8 mean_abs_feat_delta= 0.336507\n"}
,{"stream_name":"stdout","time":1908.294854056,"data":"EDGE_TTA_ACTIVE views= 8 mean_abs_feat_delta= 0.358521\n"}
,{"stream_name":"stdout","time":1908.497453617,"data":"EDGE_TTA_ACTIVE views= 8 mean_abs_feat_delta= 0.358521\n"}
,{"stream_name":"stdout","time":1909.298734676,"data":"BIOHUB_RETENTION_GUARD {\"blended_candidates\": 403, \"dataset\": \"44b6_2a2eff9f\", \"frame\": 14, \"minimum_retention\": 0.9, \"primary_candidates\": 499, \"retention\": 0.8076152304609219, \"use_primary\": true}\n"}
,{"stream_name":"stdout","time":1909.501401021,"data":"BIOHUB_RETENTION_GUARD {\"blended_candidates\": 403, \"dataset\": \"44b6_2a2eff9f\", \"frame\": 14, \"minimum_retention\": 0.9, \"primary_candidates\": 499, \"retention\": 0.8076152304609219, \"use_primary\": true}\n"}
,{"stream_name":"stdout","time":1909.634516537,"data":"EDGE_TTA_ACTIVE views= 8 mean_abs_feat_delta= 0.3358\n"}
,{"stream_name":"stdout","time":1909.837196918,"data":"EDGE_TTA_ACTIVE views= 8 mean_abs_feat_delta= 0.3358\n"}
,{"stream_name":"stdout","time":1910.512770755,"data":"EDGE_TTA_ACTIVE views= 8 mean_abs_feat_delta= 0.360482\n"}
,{"stream_name":"stdout","time":1910.715340268,"data":"EDGE_TTA_ACTIVE views= 8 mean_abs_feat_delta= 0.360482\n"}
,{"stream_name":"stdout","time":1911.519123514,"data":"BIOHUB_RETENTION_GUARD {\"blended_candidates\": 388, \"dataset\": \"44b6_2a2eff9f\", \"frame\": 15, \"minimum_retention\": 0.9, \"primary_candidates\": 479, \"retention\": 0.8100208768267223, \"use_primary\": true}\n"}
,{"stream_name":"stdout","time":1911.721973568,"data":"BIOHUB_RETENTION_GUARD {\"blended_candidates\": 388, \"dataset\": \"44b6_2a2eff9f\", \"frame\": 15, \"minimum_retention\": 0.9, \"primary_candidates\": 479, \"retention\": 0.8100208768267223, \"use_primary\": true}\n"}
,{"stream_name":"stdout","time":1911.858197727,"data":"EDGE_TTA_ACTIVE views= 8 mean_abs_feat_delta= 0.32024\n"}
,{"stream_name":"stdout","time":1912.06078653,"data":"EDGE_TTA_ACTIVE views= 8 mean_abs_feat_delta= 0.32024\n"}
,{"stream_name":"stdout","time":1912.682075659,"data":"EDGE_TTA_ACTIVE views= 8 mean_abs_feat_delta= 0.362679\n"}
,{"stream_name":"stdout","time":1912.884647982,"data":"EDGE_TTA_ACTIVE views= 8 mean_abs_feat_delta= 0.362679\n"}
,{"stream_name":"stdout","time":1913.686017224,"data":"BIOHUB_RETENTION_GUARD {\"blended_candidates\": 357, \"dataset\": \"44b6_2a2eff9f\", \"frame\": 16, \"minimum_retention\": 0.9, \"primary_candidates\": 478, \"retention\": 0.7468619246861925, \"use_primary\": true}\n"}
,{"stream_name":"stdout","time":1913.888814817,"data":"BIOHUB_RETENTION_GUARD {\"blended_candidates\": 357, \"dataset\": \"44b6_2a2eff9f\", \"frame\": 16, \"minimum_retention\": 0.9, \"primary_candidates\": 478, \"retention\": 0.7468619246861925, \"use_primary\": true}\n"}
,{"stream_name":"stdout","time":1914.042409232,"data":"EDGE_TTA_ACTIVE views= 8 mean_abs_feat_delta= 0.325944\n"}
,{"stream_name":"stdout","time":1914.24504874,"data":"EDGE_TTA_ACTIVE views= 8 mean_abs_feat_delta= 0.325944\n"}
,{"stream_name":"stdout","time":1914.872824353,"data":"EDGE_TTA_ACTIVE views= 8 mean_abs_feat_delta= 0.361583\n"}
,{"stream_name":"stdout","time":1915.075608701,"data":"EDGE_TTA_ACTIVE views= 8 mean_abs_feat_delta= 0.361583\n"}
,{"stream_name":"stdout","time":1915.878760462,"data":"BIOHUB_RETENTION_GUARD {\"blended_candidates\": 328, \"dataset\": \"44b6_2a2eff9f\", \"frame\": 17, \"minimum_retention\": 0.9, \"primary_candidates\": 458, \"retention\": 0.7161572052401747, \"use_primary\": true}\n"}
,{"stream_name":"stdout","time":1916.081472957,"data":"BIOHUB_RETENTION_GUARD {\"blended_candidates\": 328, \"dataset\": \"44b6_2a2eff9f\", \"frame\": 17, \"minimum_retention\": 0.9, \"primary_candidates\": 458, \"retention\": 0.7161572052401747, \"use_primary\": true}\n"}
,{"stream_name":"stdout","time":1916.232331445,"data":"EDGE_TTA_ACTIVE views= 8 mean_abs_feat_delta= 0.328686\n"}
,{"stream_name":"stdout","time":1916.435082388,"data":"EDGE_TTA_ACTIVE views= 8 mean_abs_feat_delta= 0.328686\n"}
,{"stream_name":"stdout","time":1917.079834777,"data":"EDGE_TTA_ACTIVE views= 8 mean_abs_feat_delta= 0.359303\n"}
,{"stream_name":"stdout","time":1917.282763226,"data":"EDGE_TTA_ACTIVE views= 8 mean_abs_feat_delta= 0.359303\n"}
,{"stream_name":"stdout","time":1918.084924965,"data":"BIOHUB_RETENTION_GUARD {\"blended_candidates\": 408, \"dataset\": \"44b6_2a2eff9f\", \"frame\": 18, \"minimum_retention\": 0.9, \"primary_candidates\": 486, \"retention\": 0.8395061728395061, \"use_primary\": true}\n"}
,{"stream_name":"stdout","time":1918.287885375,"data":"BIOHUB_RETENTION_GUARD {\"blended_candidates\": 408, \"dataset\": \"44b6_2a2eff9f\", \"frame\": 18, \"minimum_retention\": 0.9, \"primary_candidates\": 486, \"retention\": 0.8395061728395061, \"use_primary\": true}\n"}
,{"stream_name":"stdout","time":1918.412622734,"data":"EDGE_TTA_ACTIVE views= 8 mean_abs_feat_delta= 0.327204\n"}
,{"stream_name":"stdout","time":1918.615381671,"data":"EDGE_TTA_ACTIVE views= 8 mean_abs_feat_delta= 0.327204\n"}
,{"stream_name":"stdout","time":1919.248653279,"data":"EDGE_TTA_ACTIVE views= 8 mean_abs_feat_delta= 0.357931\n"}
,{"stream_name":"stdout","time":1919.451123224,"data":"EDGE_TTA_ACTIVE views= 8 mean_abs_feat_delta= 0.357931\n"}
,{"stream_name":"stdout","time":1920.258946182,"data":"BIOHUB_RETENTION_GUARD {\"blended_candidates\": 382, \"dataset\": \"44b6_2a2eff9f\", \"frame\": 19, \"minimum_retention\": 0.9, \"primary_candidates\": 474, \"retention\": 0.8059071729957806, \"use_primary\": true}\n"}
,{"stream_name":"stdout","time":1920.461608124,"data":"BIOHUB_RETENTION_GUARD {\"blended_candidates\": 382, \"dataset\": \"44b6_2a2eff9f\", \"frame\": 19, \"minimum_retention\": 0.9, \"primary_candidates\": 474, \"retention\": 0.8059071729957806, \"use_primary\": true}\n"}
,{"stream_name":"stdout","time":1920.609296708,"data":"EDGE_TTA_ACTIVE views= 8 mean_abs_feat_delta= 0.333242\n"}
,{"stream_name":"stdout","time":1920.812088387,"data":"EDGE_TTA_ACTIVE views= 8 mean_abs_feat_delta= 0.333242\n"}
,{"stream_name":"stdout","time":1921.418595378,"data":"EDGE_TTA_ACTIVE views= 8 mean_abs_feat_delta= 0.35399\n"}
,{"stream_name":"stdout","time":1921.621245479,"data":"EDGE_TTA_ACTIVE views= 8 mean_abs_feat_delta= 0.35399\n"}
,{"stream_name":"stdout","time":1922.427997241,"data":"BIOHUB_RETENTION_GUARD {\"blended_candidates\": 404, \"dataset\": \"44b6_2a2eff9f\", \"frame\": 20, \"minimum_retention\": 0.9, \"primary_candidates\": 504, \"retention\": 0.8015873015873016, \"use_primary\": true}\n"}
,{"stream_name":"stdout","time":1922.630482725,"data":"BIOHUB_RETENTION_GUARD {\"blended_candidates\": 404, \"dataset\": \"44b6_2a2eff9f\", \"frame\": 20, \"minimum_retention\": 0.9, \"primary_candidates\": 504, \"retention\": 0.8015873015873016, \"use_primary\": true}\n"}
,{"stream_name":"stdout","time":1922.796235904,"data":"EDGE_TTA_ACTIVE views= 8 mean_abs_feat_delta= 0.335356\n"}
,{"stream_name":"stdout","time":1922.998819549,"data":"EDGE_TTA_ACTIVE views= 8 mean_abs_feat_delta= 0.335356\n"}
,{"stream_name":"stdout","time":1923.598158362,"data":"EDGE_TTA_ACTIVE views= 8 mean_abs_feat_delta= 0.354644\n"}
,{"stream_name":"stdout","time":1923.800761371,"data":"EDGE_TTA_ACTIVE views= 8 mean_abs_feat_delta= 0.354644\n"}
,{"stream_name":"stdout","time":1924.602300116,"data":"BIOHUB_RETENTION_GUARD {\"blended_candidates\": 413, \"dataset\": \"44b6_2a2eff9f\", \"frame\": 21, \"minimum_retention\": 0.9, \"primary_candidates\": 491, \"retention\": 0.8411405295315683, \"use_primary\": true}\n"}
,{"stream_name":"stdout","time":1924.805201741,"data":"BIOHUB_RETENTION_GUARD {\"blended_candidates\": 413, \"dataset\": \"44b6_2a2eff9f\", \"frame\": 21, \"minimum_retention\": 0.9, \"primary_candidates\": 491, \"retention\": 0.8411405295315683, \"use_primary\": true}\n"}
,{"stream_name":"stdout","time":1924.983370218,"data":"EDGE_TTA_ACTIVE views= 8 mean_abs_feat_delta= 0.333142\n"}
,{"stream_name":"stdout","time":1925.186053371,"data":"EDGE_TTA_ACTIVE views= 8 mean_abs_feat_delta= 0.333142\n"}
,{"stream_name":"stdout","time":1925.785204201,"data":"EDGE_TTA_ACTIVE views= 8 mean_abs_feat_delta= 0.354923\n"}
,{"stream_name":"stdout","time":1925.987914286,"data":"EDGE_TTA_ACTIVE views= 8 mean_abs_feat_delta= 0.354923\n"}
,{"stream_name":"stdout","time":1926.795334977,"data":"BIOHUB_RETENTION_GUARD {\"blended_candidates\": 362, \"dataset\": \"44b6_2a2eff9f\", \"frame\": 22, \"minimum_retention\": 0.9, \"primary_candidates\": 470, \"retention\": 0.7702127659574468, \"use_primary\": true}\n"}
,{"stream_name":"stdout","time":1926.997703318,"data":"BIOHUB_RETENTION_GUARD {\"blended_candidates\": 362, \"dataset\": \"44b6_2a2eff9f\", \"frame\": 22, \"minimum_retention\": 0.9, \"primary_candidates\": 470, \"retention\": 0.7702127659574468, \"use_primary\": true}\n"}
,{"stream_name":"stdout","time":1927.172023495,"data":"EDGE_TTA_ACTIVE views= 8 mean_abs_feat_delta= 0.328461\n"}
,{"stream_name":"stdout","time":1927.374649303,"data":"EDGE_TTA_ACTIVE views= 8 mean_abs_feat_delta= 0.328461\n"}
,{"stream_name":"stdout","time":1928.001714274,"data":"EDGE_TTA_ACTIVE views= 8 mean_abs_feat_delta= 0.354804\n"}
,{"stream_name":"stdout","time":1928.204090406,"data":"EDGE_TTA_ACTIVE views= 8 mean_abs_feat_delta= 0.354804\n"}
,{"stream_name":"stdout","time":1929.013232542,"data":"BIOHUB_RETENTION_GUARD {\"blended_candidates\": 377, \"dataset\": \"44b6_2a2eff9f\", \"frame\": 23, \"minimum_retention\": 0.9, \"primary_candidates\": 467, \"retention\": 0.8072805139186295, \"use_primary\": true}\n"}
,{"stream_name":"stdout","time":1929.216192705,"data":"BIOHUB_RETENTION_GUARD {\"blended_candidates\": 377, \"dataset\": \"44b6_2a2eff9f\", \"frame\": 23, \"minimum_retention\": 0.9, \"primary_candidates\": 467, \"retention\": 0.8072805139186295, \"use_primary\": true}\n"}
,{"stream_name":"stdout","time":1929.39708638,"data":"EDGE_TTA_ACTIVE views= 8 mean_abs_feat_delta= 0.328834\n"}
,{"stream_name":"stdout","time":1929.599640948,"data":"EDGE_TTA_ACTIVE views= 8 mean_abs_feat_delta= 0.328834\n"}
,{"stream_name":"stdout","time":1930.205535421,"data":"EDGE_TTA_ACTIVE views= 8 mean_abs_feat_delta= 0.354254\n"}
,{"stream_name":"stdout","time":1930.408255877,"data":"EDGE_TTA_ACTIVE views= 8 mean_abs_feat_delta= 0.354254\n"}
,{"stream_name":"stdout","time":1931.220251242,"data":"BIOHUB_RETENTION_GUARD {\"blended_candidates\": 378, \"dataset\": \"44b6_2a2eff9f\", \"frame\": 24, \"minimum_retention\": 0.9, \"primary_candidates\": 467, \"retention\": 0.8094218415417559, \"use_primary\": true}\n"}
,{"stream_name":"stdout","time":1931.422866646,"data":"BIOHUB_RETENTION_GUARD {\"blended_candidates\": 378, \"dataset\": \"44b6_2a2eff9f\", \"frame\": 24, \"minimum_retention\": 0.9, \"primary_candidates\": 467, \"retention\": 0.8094218415417559, \"use_primary\": true}\n"}
,{"stream_name":"stdout","time":1931.58759115,"data":"EDGE_TTA_ACTIVE views= 8 mean_abs_feat_delta= 0.33524\n"}
,{"stream_name":"stdout","time":1931.790196466,"data":"EDGE_TTA_ACTIVE views= 8 mean_abs_feat_delta= 0.33524\n"}
,{"stream_name":"stdout","time":1932.411824501,"data":"EDGE_TTA_ACTIVE views= 8 mean_abs_feat_delta= 0.361493\n"}
,{"stream_name":"stdout","time":1932.615130988,"data":"EDGE_TTA_ACTIVE views= 8 mean_abs_feat_delta= 0.361493\n"}
,{"stream_name":"stdout","time":1933.426738314,"data":"BIOHUB_RETENTION_GUARD {\"blended_candidates\": 363, \"dataset\": \"44b6_2a2eff9f\", \"frame\": 25, \"minimum_retention\": 0.9, \"primary_candidates\": 449, \"retention\": 0.8084632516703786, \"use_primary\": true}\n"}
,{"stream_name":"stdout","time":1933.629435028,"data":"BIOHUB_RETENTION_GUARD {\"blended_candidates\": 363, \"dataset\": \"44b6_2a2eff9f\", \"frame\": 25, \"minimum_retention\": 0.9, \"primary_candidates\": 449, \"retention\": 0.8084632516703786, \"use_primary\": true}\n"}
,{"stream_name":"stdout","time":1933.820095349,"data":"EDGE_TTA_ACTIVE views= 8 mean_abs_feat_delta= 0.330644\n"}
,{"stream_name":"stdout","time":1934.022685046,"data":"EDGE_TTA_ACTIVE views= 8 mean_abs_feat_delta= 0.330644\n"}
,{"stream_name":"stdout","time":1934.593782915,"data":"EDGE_TTA_ACTIVE views= 8 mean_abs_feat_delta= 0.367501\n"}
,{"stream_name":"stdout","time":1934.859747596,"data":"EDGE_TTA_ACTIVE views= 8 mean_abs_feat_delta= 0.367501\n"}
,{"stream_name":"stdout","time":1935.611643038,"data":"BIOHUB_RETENTION_GUARD {\"blended_candidates\": 348, \"dataset\": \"44b6_2a2eff9f\", \"frame\": 26, \"minimum_retention\": 0.9, \"primary_candidates\": 438, \"retention\": 0.7945205479452054, \"use_primary\": true}\n"}
,{"stream_name":"stdout","time":1935.813817761,"data":"BIOHUB_RETENTION_GUARD {\"blended_candidates\": 348, \"dataset\": \"44b6_2a2eff9f\", \"frame\": 26, \"minimum_retention\": 0.9, \"primary_candidates\": 438, \"retention\": 0.7945205479452054, \"use_primary\": true}\n"}
,{"stream_name":"stdout","time":1936.045503891,"data":"EDGE_TTA_ACTIVE views= 8 mean_abs_feat_delta= 0.329724\n"}
,{"stream_name":"stdout","time":1936.248229469,"data":"EDGE_TTA_ACTIVE views= 8 mean_abs_feat_delta= 0.329724\n"}
,{"stream_name":"stdout","time":1936.820368202,"data":"EDGE_TTA_ACTIVE views= 8 mean_abs_feat_delta= 0.364694\n"}
,{"stream_name":"stdout","time":1937.023042943,"data":"EDGE_TTA_ACTIVE views= 8 mean_abs_feat_delta= 0.364694\n"}
,{"stream_name":"stdout","time":1937.835431054,"data":"BIOHUB_RETENTION_GUARD {\"blended_candidates\": 357, \"dataset\": \"44b6_2a2eff9f\", \"frame\": 27, \"minimum_retention\": 0.9, \"primary_candidates\": 475, \"retention\": 0.751578947368421, \"use_primary\": true}\n"}
,{"stream_name":"stdout","time":1938.038171128,"data":"BIOHUB_RETENTION_GUARD {\"blended_candidates\": 357, \"dataset\": \"44b6_2a2eff9f\", \"frame\": 27, \"minimum_retention\": 0.9, \"primary_candidates\": 475, \"retention\": 0.751578947368421, \"use_primary\": true}\n"}
,{"stream_name":"stdout","time":1938.260336995,"data":"EDGE_TTA_ACTIVE views= 8 mean_abs_feat_delta= 0.328509\n"}
,{"stream_name":"stdout","time":1938.462722622,"data":"EDGE_TTA_ACTIVE views= 8 mean_abs_feat_delta= 0.328509\n"}
,{"stream_name":"stdout","time":1939.042941664,"data":"EDGE_TTA_ACTIVE views= 8 mean_abs_feat_delta= 0.36466\n"}
,{"stream_name":"stdout","time":1939.245329654,"data":"EDGE_TTA_ACTIVE views= 8 mean_abs_feat_delta= 0.36466\n"}
,{"stream_name":"stdout","time":1940.065389857,"data":"BIOHUB_RETENTION_GUARD {\"blended_candidates\": 349, \"dataset\": \"44b6_2a2eff9f\", \"frame\": 28, \"minimum_retention\": 0.9, \"primary_candidates\": 461, \"retention\": 0.7570498915401301, \"use_primary\": true}\n"}
,{"stream_name":"stdout","time":1940.268475246,"data":"BIOHUB_RETENTION_GUARD {\"blended_candidates\": 349, \"dataset\": \"44b6_2a2eff9f\", \"frame\": 28, \"minimum_retention\": 0.9, \"primary_candidates\": 461, \"retention\": 0.7570498915401301, \"use_primary\": true}\n"}
,{"stream_name":"stdout","time":1940.496539247,"data":"EDGE_TTA_ACTIVE views= 8 mean_abs_feat_delta= 0.328824\n"}
,{"stream_name":"stdout","time":1940.699694685,"data":"EDGE_TTA_ACTIVE views= 8 mean_abs_feat_delta= 0.328824\n"}
,{"stream_name":"stdout","time":1941.251284892,"data":"EDGE_TTA_ACTIVE views= 8 mean_abs_feat_delta= 0.364232\n"}
,{"stream_name":"stdout","time":1941.453767773,"data":"EDGE_TTA_ACTIVE views= 8 mean_abs_feat_delta= 0.364232\n"}
,{"stream_name":"stdout","time":1942.272637734,"data":"BIOHUB_RETENTION_GUARD {\"blended_candidates\": 352, \"dataset\": \"44b6_2a2eff9f\", \"frame\": 29, \"minimum_retention\": 0.9, \"primary_candidates\": 467, \"retention\": 0.7537473233404711, \"use_primary\": true}\n"}
,{"stream_name":"stdout","time":1942.475023623,"data":"BIOHUB_RETENTION_GUARD {\"blended_candidates\": 352, \"dataset\": \"44b6_2a2eff9f\", \"frame\": 29, \"minimum_retention\": 0.9, \"primary_candidates\": 467, \"retention\": 0.7537473233404711, \"use_primary\": true}\n"}
,{"stream_name":"stdout","time":1942.725916191,"data":"EDGE_TTA_ACTIVE views= 8 mean_abs_feat_delta= 0.333453\n"}
,{"stream_name":"stdout","time":1942.928686047,"data":"EDGE_TTA_ACTIVE views= 8 mean_abs_feat_delta= 0.333453\n"}
,{"stream_name":"stdout","time":1943.469580961,"data":"EDGE_TTA_ACTIVE views= 8 mean_abs_feat_delta= 0.369005\n"}
,{"stream_name":"stdout","time":1943.67217905,"data":"EDGE_TTA_ACTIVE views= 8 mean_abs_feat_delta= 0.369005\n"}
,{"stream_name":"stdout","time":1944.497279583,"data":"BIOHUB_RETENTION_GUARD {\"blended_candidates\": 342, \"dataset\": \"44b6_2a2eff9f\", \"frame\": 30, \"minimum_retention\": 0.9, \"primary_candidates\": 460, \"retention\": 0.7434782608695653, \"use_primary\": true}\n"}
,{"stream_name":"stdout","time":1944.70005378,"data":"BIOHUB_RETENTION_GUARD {\"blended_candidates\": 342, \"dataset\": \"44b6_2a2eff9f\", \"frame\": 30, \"minimum_retention\": 0.9, \"primary_candidates\": 460, \"retention\": 0.7434782608695653, \"use_primary\": true}\n"}
,{"stream_name":"stdout","time":1944.966960279,"data":"EDGE_TTA_ACTIVE views= 8 mean_abs_feat_delta= 0.33049\n"}
,{"stream_name":"stdout","time":1945.169079909,"data":"EDGE_TTA_ACTIVE views= 8 mean_abs_feat_delta= 0.33049\n"}
,{"stream_name":"stdout","time":1945.701549111,"data":"EDGE_TTA_ACTIVE views= 8 mean_abs_feat_delta= 0.371568\n"}
,{"stream_name":"stdout","time":1945.903971617,"data":"EDGE_TTA_ACTIVE views= 8 mean_abs_feat_delta= 0.371568\n"}
,{"stream_name":"stdout","time":1946.724689023,"data":"BIOHUB_RETENTION_GUARD {\"blended_candidates\": 360, \"dataset\": \"44b6_2a2eff9f\", \"frame\": 31, \"minimum_retention\": 0.9, \"primary_candidates\": 457, \"retention\": 0.787746170678337, \"use_primary\": true}\n"}
,{"stream_name":"stdout","time":1946.927444946,"data":"BIOHUB_RETENTION_GUARD {\"blended_candidates\": 360, \"dataset\": \"44b6_2a2eff9f\", \"frame\": 31, \"minimum_retention\": 0.9, \"primary_candidates\": 457, \"retention\": 0.787746170678337, \"use_primary\": true}\n"}
,{"stream_name":"stdout","time":1947.211832125,"data":"EDGE_TTA_ACTIVE views= 8 mean_abs_feat_delta= 0.330532\n"}
,{"stream_name":"stdout","time":1947.414629342,"data":"EDGE_TTA_ACTIVE views= 8 mean_abs_feat_delta= 0.330532\n"}
,{"stream_name":"stdout","time":1947.953441216,"data":"EDGE_TTA_ACTIVE views= 8 mean_abs_feat_delta= 0.373964\n"}
,{"stream_name":"stdout","time":1948.155997374,"data":"EDGE_TTA_ACTIVE views= 8 mean_abs_feat_delta= 0.373964\n"}
,{"stream_name":"stdout","time":1948.982370352,"data":"BIOHUB_RETENTION_GUARD {\"blended_candidates\": 361, \"dataset\": \"44b6_2a2eff9f\", \"frame\": 32, \"minimum_retention\": 0.9, \"primary_candidates\": 461, \"retention\": 0.7830802603036876, \"use_primary\": true}\n"}
,{"stream_name":"stdout","time":1949.184631395,"data":"BIOHUB_RETENTION_GUARD {\"blended_candidates\": 361, \"dataset\": \"44b6_2a2eff9f\", \"frame\": 32, \"minimum_retention\": 0.9, \"primary_candidates\": 461, \"retention\": 0.7830802603036876, \"use_primary\": true}\n"}
,{"stream_name":"stdout","time":1949.444487614,"data":"EDGE_TTA_ACTIVE views= 8 mean_abs_feat_delta= 0.336898\n"}
,{"stream_name":"stdout","time":1949.6470185,"data":"EDGE_TTA_ACTIVE views= 8 mean_abs_feat_delta= 0.336898\n"}
,{"stream_name":"stdout","time":1950.192089823,"data":"EDGE_TTA_ACTIVE views= 8 mean_abs_feat_delta= 0.375985\n"}
,{"stream_name":"stdout","time":1950.394742492,"data":"EDGE_TTA_ACTIVE views= 8 mean_abs_feat_delta= 0.375985\n"}
,{"stream_name":"stdout","time":1951.222014957,"data":"BIOHUB_RETENTION_GUARD {\"blended_candidates\": 336, \"dataset\": \"44b6_2a2eff9f\", \"frame\": 33, \"minimum_retention\": 0.9, \"primary_candidates\": 455, \"retention\": 0.7384615384615385, \"use_primary\": true}\n"}
,{"stream_name":"stdout","time":1951.424718762,"data":"BIOHUB_RETENTION_GUARD {\"blended_candidates\": 336, \"dataset\": \"44b6_2a2eff9f\", \"frame\": 33, \"minimum_retention\": 0.9, \"primary_candidates\": 455, \"retention\": 0.7384615384615385, \"use_primary\": true}\n"}
,{"stream_name":"stdout","time":1951.688247487,"data":"EDGE_TTA_ACTIVE views= 8 mean_abs_feat_delta= 0.339093\n"}
,{"stream_name":"stdout","time":1951.890849927,"data":"EDGE_TTA_ACTIVE views= 8 mean_abs_feat_delta= 0.339093\n"}
,{"stream_name":"stdout","time":1952.45347422,"data":"EDGE_TTA_ACTIVE views= 8 mean_abs_feat_delta= 0.370885\n"}
,{"stream_name":"stdout","time":1952.656339617,"data":"EDGE_TTA_ACTIVE views= 8 mean_abs_feat_delta= 0.370885\n"}
,{"stream_name":"stdout","time":1953.485892034,"data":"BIOHUB_RETENTION_GUARD {\"blended_candidates\": 344, \"dataset\": \"44b6_2a2eff9f\", \"frame\": 34, \"minimum_retention\": 0.9, \"primary_candidates\": 470, \"retention\": 0.7319148936170212, \"use_primary\": true}\n"}
,{"stream_name":"stdout","time":1953.688419169,"data":"BIOHUB_RETENTION_GUARD {\"blended_candidates\": 344, \"dataset\": \"44b6_2a2eff9f\", \"frame\": 34, \"minimum_retention\": 0.9, \"primary_candidates\": 470, \"retention\": 0.7319148936170212, \"use_primary\": true}\n"}
,{"stream_name":"stdout","time":1953.963746463,"data":"EDGE_TTA_ACTIVE views= 8 mean_abs_feat_delta= 0.334928\n"}
,{"stream_name":"stdout","time":1954.166549837,"data":"EDGE_TTA_ACTIVE views= 8 mean_abs_feat_delta= 0.334928\n"}
,{"stream_name":"stdout","time":1954.70872299,"data":"EDGE_TTA_ACTIVE views= 8 mean_abs_feat_delta= 0.36672\n"}
,{"stream_name":"stdout","time":1954.910932728,"data":"EDGE_TTA_ACTIVE views= 8 mean_abs_feat_delta= 0.36672\n"}
,{"stream_name":"stdout","time":1955.745456104,"data":"BIOHUB_RETENTION_GUARD {\"blended_candidates\": 339, \"dataset\": \"44b6_2a2eff9f\", \"frame\": 35, \"minimum_retention\": 0.9, \"primary_candidates\": 461, \"retention\": 0.735357917570499, \"use_primary\": true}\n"}
,{"stream_name":"stdout","time":1955.948396881,"data":"BIOHUB_RETENTION_GUARD {\"blended_candidates\": 339, \"dataset\": \"44b6_2a2eff9f\", \"frame\": 35, \"minimum_retention\": 0.9, \"primary_candidates\": 461, \"retention\": 0.735357917570499, \"use_primary\": true}\n"}
,{"stream_name":"stdout","time":1956.254109687,"data":"EDGE_TTA_ACTIVE views= 8 mean_abs_feat_delta= 0.334762\n"}
,{"stream_name":"stdout","time":1956.456775044,"data":"EDGE_TTA_ACTIVE views= 8 mean_abs_feat_delta= 0.334762\n"}
,{"stream_name":"stdout","time":1956.949811919,"data":"EDGE_TTA_ACTIVE views= 8 mean_abs_feat_delta= 0.364845\n"}
,{"stream_name":"stdout","time":1957.152841885,"data":"EDGE_TTA_ACTIVE views= 8 mean_abs_feat_delta= 0.364845\n"}
,{"stream_name":"stdout","time":1957.987280697,"data":"BIOHUB_RETENTION_GUARD {\"blended_candidates\": 344, \"dataset\": \"44b6_2a2eff9f\", \"frame\": 36, \"minimum_retention\": 0.9, \"primary_candidates\": 451, \"retention\": 0.7627494456762749, \"use_primary\": true}\n"}
,{"stream_name":"stdout","time":1958.189621434,"data":"BIOHUB_RETENTION_GUARD {\"blended_candidates\": 344, \"dataset\": \"44b6_2a2eff9f\", \"frame\": 36, \"minimum_retention\": 0.9, \"primary_candidates\": 451, \"retention\": 0.7627494456762749, \"use_primary\": true}\n"}
,{"stream_name":"stdout","time":1958.523055731,"data":"EDGE_TTA_ACTIVE views= 8 mean_abs_feat_delta= 0.343229\n"}
,{"stream_name":"stdout","time":1958.725900495,"data":"EDGE_TTA_ACTIVE views= 8 mean_abs_feat_delta= 0.343229\n"}
,{"stream_name":"stdout","time":1959.214491417,"data":"EDGE_TTA_ACTIVE views= 8 mean_abs_feat_delta= 0.365471\n"}
,{"stream_name":"stdout","time":1959.41707922,"data":"EDGE_TTA_ACTIVE views= 8 mean_abs_feat_delta= 0.365471\n"}
,{"stream_name":"stdout","time":1960.252839787,"data":"BIOHUB_RETENTION_GUARD {\"blended_candidates\": 329, \"dataset\": \"44b6_2a2eff9f\", \"frame\": 37, \"minimum_retention\": 0.9, \"primary_candidates\": 430, \"retention\": 0.7651162790697674, \"use_primary\": true}\n"}
,{"stream_name":"stdout","time":1960.456015007,"data":"BIOHUB_RETENTION_GUARD {\"blended_candidates\": 329, \"dataset\": \"44b6_2a2eff9f\", \"frame\": 37, \"minimum_retention\": 0.9, \"primary_candidates\": 430, \"retention\": 0.7651162790697674, \"use_primary\": true}\n"}
,{"stream_name":"stdout","time":1960.764663787,"data":"EDGE_TTA_ACTIVE views= 8 mean_abs_feat_delta= 0.34071\n"}
,{"stream_name":"stdout","time":1960.968376818,"data":"EDGE_TTA_ACTIVE views= 8 mean_abs_feat_delta= 0.34071\n"}
,{"stream_name":"stdout","time":1961.450606807,"data":"EDGE_TTA_ACTIVE views= 8 mean_abs_feat_delta= 0.367895\n"}
,{"stream_name":"stdout","time":1961.653427482,"data":"EDGE_TTA_ACTIVE views= 8 mean_abs_feat_delta= 0.367895\n"}
,{"stream_name":"stdout","time":1962.490270912,"data":"BIOHUB_RETENTION_GUARD {\"blended_candidates\": 321, \"dataset\": \"44b6_2a2eff9f\", \"frame\": 38, \"minimum_retention\": 0.9, \"primary_candidates\": 432, \"retention\": 0.7430555555555556, \"use_primary\": true}\n"}
,{"stream_name":"stdout","time":1962.692603354,"data":"BIOHUB_RETENTION_GUARD {\"blended_candidates\": 321, \"dataset\": \"44b6_2a2eff9f\", \"frame\": 38, \"minimum_retention\": 0.9, \"primary_candidates\": 432, \"retention\": 0.7430555555555556, \"use_primary\": true}\n"}
,{"stream_name":"stdout","time":1963.064350619,"data":"EDGE_TTA_ACTIVE views= 8 mean_abs_feat_delta= 0.337284\n"}
,{"stream_name":"stdout","time":1963.266855648,"data":"EDGE_TTA_ACTIVE views= 8 mean_abs_feat_delta= 0.337284\n"}
,{"stream_name":"stdout","time":1963.726082571,"data":"EDGE_TTA_ACTIVE views= 8 mean_abs_feat_delta= 0.369509\n"}
,{"stream_name":"stdout","time":1963.928751933,"data":"EDGE_TTA_ACTIVE views= 8 mean_abs_feat_delta= 0.369509\n"}
,{"stream_name":"stdout","time":1964.76461554,"data":"BIOHUB_RETENTION_GUARD {\"blended_candidates\": 347, \"dataset\": \"44b6_2a2eff9f\", \"frame\": 39, \"minimum_retention\": 0.9, \"primary_candidates\": 430, \"retention\": 0.8069767441860465, \"use_primary\": true}\n"}
,{"stream_name":"stdout","time":1965.033247065,"data":"BIOHUB_RETENTION_GUARD {\"blended_candidates\": 347, \"dataset\": \"44b6_2a2eff9f\", \"frame\": 39, \"minimum_retention\": 0.9, \"primary_candidates\": 430, \"retention\": 0.8069767441860465, \"use_primary\": true}\n"}
,{"stream_name":"stdout","time":1965.335423743,"data":"EDGE_TTA_ACTIVE views= 8 mean_abs_feat_delta= 0.340637\n"}
,{"stream_name":"stdout","time":1965.537683601,"data":"EDGE_TTA_ACTIVE views= 8 mean_abs_feat_delta= 0.340637\n"}
,{"stream_name":"stdout","time":1965.966177644,"data":"EDGE_TTA_ACTIVE views= 8 mean_abs_feat_delta= 0.369407\n"}
,{"stream_name":"stdout","time":1966.168690686,"data":"EDGE_TTA_ACTIVE views= 8 mean_abs_feat_delta= 0.369407\n"}
,{"stream_name":"stdout","time":1967.006443539,"data":"BIOHUB_RETENTION_GUARD {\"blended_candidates\": 338, \"dataset\": \"44b6_2a2eff9f\", \"frame\": 40, \"minimum_retention\": 0.9, \"primary_candidates\": 423, \"retention\": 0.7990543735224587, \"use_primary\": true}\n"}
,{"stream_name":"stdout","time":1967.209159028,"data":"BIOHUB_RETENTION_GUARD {\"blended_candidates\": 338, \"dataset\": \"44b6_2a2eff9f\", \"frame\": 40, \"minimum_retention\": 0.9, \"primary_candidates\": 423, \"retention\": 0.7990543735224587, \"use_primary\": true}\n"}
,{"stream_name":"stdout","time":1967.58927921,"data":"EDGE_TTA_ACTIVE views= 8 mean_abs_feat_delta= 0.338061\n"}
,{"stream_name":"stdout","time":1967.792092433,"data":"EDGE_TTA_ACTIVE views= 8 mean_abs_feat_delta= 0.338061\n"}
,{"stream_name":"stdout","time":1968.224425342,"data":"EDGE_TTA_ACTIVE views= 8 mean_abs_feat_delta= 0.366559\n"}
,{"stream_name":"stdout","time":1968.427329651,"data":"EDGE_TTA_ACTIVE views= 8 mean_abs_feat_delta= 0.366559\n"}
,{"stream_name":"stdout","time":1969.263583874,"data":"BIOHUB_RETENTION_GUARD {\"blended_candidates\": 356, \"dataset\": \"44b6_2a2eff9f\", \"frame\": 41, \"minimum_retention\": 0.9, \"primary_candidates\": 439, \"retention\": 0.8109339407744874, \"use_primary\": true}\n"}
,{"stream_name":"stdout","time":1969.465671272,"data":"BIOHUB_RETENTION_GUARD {\"blended_candidates\": 356, \"dataset\": \"44b6_2a2eff9f\", \"frame\": 41, \"minimum_retention\": 0.9, \"primary_candidates\": 439, \"retention\": 0.8109339407744874, \"use_primary\": true}\n"}
,{"stream_name":"stdout","time":1969.849071946,"data":"EDGE_TTA_ACTIVE views= 8 mean_abs_feat_delta= 0.345326\n"}
,{"stream_name":"stdout","time":1970.051746585,"data":"EDGE_TTA_ACTIVE views= 8 mean_abs_feat_delta= 0.345326\n"}
,{"stream_name":"stdout","time":1970.457246884,"data":"EDGE_TTA_ACTIVE views= 8 mean_abs_feat_delta= 0.365076\n"}
,{"stream_name":"stdout","time":1970.659827442,"data":"EDGE_TTA_ACTIVE views= 8 mean_abs_feat_delta= 0.365076\n"}
,{"stream_name":"stdout","time":1971.49575379,"data":"BIOHUB_RETENTION_GUARD {\"blended_candidates\": 348, \"dataset\": \"44b6_2a2eff9f\", \"frame\": 42, \"minimum_retention\": 0.9, \"primary_candidates\": 424, \"retention\": 0.8207547169811321, \"use_primary\": true}\n"}
,{"stream_name":"stdout","time":1971.698431278,"data":"BIOHUB_RETENTION_GUARD {\"blended_candidates\": 348, \"dataset\": \"44b6_2a2eff9f\", \"frame\": 42, \"minimum_retention\": 0.9, \"primary_candidates\": 424, \"retention\": 0.8207547169811321, \"use_primary\": true}\n"}
,{"stream_name":"stdout","time":1972.122948573,"data":"EDGE_TTA_ACTIVE views= 8 mean_abs_feat_delta= 0.349698\n"}
,{"stream_name":"stdout","time":1972.325739417,"data":"EDGE_TTA_ACTIVE views= 8 mean_abs_feat_delta= 0.349698\n"}
,{"stream_name":"stdout","time":1972.716376043,"data":"EDGE_TTA_ACTIVE views= 8 mean_abs_feat_delta= 0.363489\n"}
,{"stream_name":"stdout","time":1972.919062961,"data":"EDGE_TTA_ACTIVE views= 8 mean_abs_feat_delta= 0.363489\n"}
,{"stream_name":"stdout","time":1973.756075974,"data":"BIOHUB_RETENTION_GUARD {\"blended_candidates\": 325, \"dataset\": \"44b6_2a2eff9f\", \"frame\": 43, \"minimum_retention\": 0.9, \"primary_candidates\": 418, \"retention\": 0.777511961722488, \"use_primary\": true}\n"}
,{"stream_name":"stdout","time":1973.958433556,"data":"BIOHUB_RETENTION_GUARD {\"blended_candidates\": 325, \"dataset\": \"44b6_2a2eff9f\", \"frame\": 43, \"minimum_retention\": 0.9, \"primary_candidates\": 418, \"retention\": 0.777511961722488, \"use_primary\": true}\n"}
,{"stream_name":"stdout","time":1974.42629997,"data":"EDGE_TTA_ACTIVE views= 8 mean_abs_feat_delta= 0.349809\n"}
,{"stream_name":"stdout","time":1974.628768681,"data":"EDGE_TTA_ACTIVE views= 8 mean_abs_feat_delta= 0.349809\n"}
,{"stream_name":"stdout","time":1974.994177921,"data":"EDGE_TTA_ACTIVE views= 8 mean_abs_feat_delta= 0.365601\n"}
,{"stream_name":"stdout","time":1975.196593539,"data":"EDGE_TTA_ACTIVE views= 8 mean_abs_feat_delta= 0.365601\n"}
,{"stream_name":"stdout","time":1976.032193464,"data":"BIOHUB_RETENTION_GUARD {\"blended_candidates\": 329, \"dataset\": \"44b6_2a2eff9f\", \"frame\": 44, \"minimum_retention\": 0.9, \"primary_candidates\": 441, \"retention\": 0.746031746031746, \"use_primary\": true}\n"}
,{"stream_name":"stdout","time":1976.235144733,"data":"BIOHUB_RETENTION_GUARD {\"blended_candidates\": 329, \"dataset\": \"44b6_2a2eff9f\", \"frame\": 44, \"minimum_retention\": 0.9, \"primary_candidates\": 441, \"retention\": 0.746031746031746, \"use_primary\": true}\n"}
,{"stream_name":"stdout","time":1976.735338363,"data":"EDGE_TTA_ACTIVE views= 8 mean_abs_feat_delta= 0.338556\n"}
,{"stream_name":"stdout","time":1976.938347453,"data":"EDGE_TTA_ACTIVE views= 8 mean_abs_feat_delta= 0.338556\n"}
,{"stream_name":"stdout","time":1977.239428681,"data":"EDGE_TTA_ACTIVE views= 8 mean_abs_feat_delta= 0.366265\n"}
,{"stream_name":"stdout","time":1977.441955935,"data":"EDGE_TTA_ACTIVE views= 8 mean_abs_feat_delta= 0.366265\n"}
,{"stream_name":"stdout","time":1978.278336259,"data":"BIOHUB_RETENTION_GUARD {\"blended_candidates\": 318, \"dataset\": \"44b6_2a2eff9f\", \"frame\": 45, \"minimum_retention\": 0.9, \"primary_candidates\": 424, \"retention\": 0.75, \"use_primary\": true}\n"}
,{"stream_name":"stdout","time":1978.480801248,"data":"BIOHUB_RETENTION_GUARD {\"blended_candidates\": 318, \"dataset\": \"44b6_2a2eff9f\", \"frame\": 45, \"minimum_retention\": 0.9, \"primary_candidates\": 424, \"retention\": 0.75, \"use_primary\": true}\n"}
,{"stream_name":"stdout","time":1978.988781299,"data":"EDGE_TTA_ACTIVE views= 8 mean_abs_feat_delta= 0.340267\n"}
,{"stream_name":"stdout","time":1979.191104785,"data":"EDGE_TTA_ACTIVE views= 8 mean_abs_feat_delta= 0.340267\n"}
,{"stream_name":"stdout","time":1979.498351384,"data":"EDGE_TTA_ACTIVE views= 8 mean_abs_feat_delta= 0.362606\n"}
,{"stream_name":"stdout","time":1979.7009823,"data":"EDGE_TTA_ACTIVE views= 8 mean_abs_feat_delta= 0.362606\n"}
,{"stream_name":"stdout","time":1980.534675148,"data":"BIOHUB_RETENTION_GUARD {\"blended_candidates\": 329, \"dataset\": \"44b6_2a2eff9f\", \"frame\": 46, \"minimum_retention\": 0.9, \"primary_candidates\": 435, \"retention\": 0.7563218390804598, \"use_primary\": true}\n"}
,{"stream_name":"stdout","time":1980.737272448,"data":"BIOHUB_RETENTION_GUARD {\"blended_candidates\": 329, \"dataset\": \"44b6_2a2eff9f\", \"frame\": 46, \"minimum_retention\": 0.9, \"primary_candidates\": 435, \"retention\": 0.7563218390804598, \"use_primary\": true}\n"}
,{"stream_name":"stdout","time":1981.255958127,"data":"EDGE_TTA_ACTIVE views= 8 mean_abs_feat_delta= 0.344133\n"}
,{"stream_name":"stdout","time":1981.458752375,"data":"EDGE_TTA_ACTIVE views= 8 mean_abs_feat_delta= 0.344133\n"}
,{"stream_name":"stdout","time":1981.756278717,"data":"EDGE_TTA_ACTIVE views= 8 mean_abs_feat_delta= 0.353238\n"}
,{"stream_name":"stdout","time":1981.95889835,"data":"EDGE_TTA_ACTIVE views= 8 mean_abs_feat_delta= 0.353238\n"}
,{"stream_name":"stdout","time":1982.790518378,"data":"BIOHUB_RETENTION_GUARD {\"blended_candidates\": 410, \"dataset\": \"44b6_2a2eff9f\", \"frame\": 47, \"minimum_retention\": 0.9, \"primary_candidates\": 487, \"retention\": 0.8418891170431212, \"use_primary\": true}\n"}
,{"stream_name":"stdout","time":1982.993102216,"data":"BIOHUB_RETENTION_GUARD {\"blended_candidates\": 410, \"dataset\": \"44b6_2a2eff9f\", \"frame\": 47, \"minimum_retention\": 0.9, \"primary_candidates\": 487, \"retention\": 0.8418891170431212, \"use_primary\": true}\n"}
,{"stream_name":"stdout","time":1983.520916195,"data":"EDGE_TTA_ACTIVE views= 8 mean_abs_feat_delta= 0.337296\n"}
,{"stream_name":"stdout","time":1983.723565422,"data":"EDGE_TTA_ACTIVE views= 8 mean_abs_feat_delta= 0.337296\n"}
,{"stream_name":"stdout","time":1984.022973899,"data":"EDGE_TTA_ACTIVE views= 8 mean_abs_feat_delta= 0.360268\n"}
,{"stream_name":"stdout","time":1984.225442397,"data":"EDGE_TTA_ACTIVE views= 8 mean_abs_feat_delta= 0.360268\n"}
,{"stream_name":"stdout","time":1985.058859289,"data":"BIOHUB_RETENTION_GUARD {\"blended_candidates\": 294, \"dataset\": \"44b6_2a2eff9f\", \"frame\": 48, \"minimum_retention\": 0.9, \"primary_candidates\": 419, \"retention\": 0.7016706443914081, \"use_primary\": true}\n"}
,{"stream_name":"stdout","time":1985.261367326,"data":"BIOHUB_RETENTION_GUARD {\"blended_candidates\": 294, \"dataset\": \"44b6_2a2eff9f\", \"frame\": 48, \"minimum_retention\": 0.9, \"primary_candidates\": 419, \"retention\": 0.7016706443914081, \"use_primary\": true}\n"}
,{"stream_name":"stdout","time":1985.772114715,"data":"EDGE_TTA_ACTIVE views= 8 mean_abs_feat_delta= 0.340359\n"}
,{"stream_name":"stdout","time":1985.975285005,"data":"EDGE_TTA_ACTIVE views= 8 mean_abs_feat_delta= 0.340359\n"}
,{"stream_name":"stdout","time":1986.253274132,"data":"EDGE_TTA_ACTIVE views= 8 mean_abs_feat_delta= 0.366748\n"}
,{"stream_name":"stdout","time":1986.455907998,"data":"EDGE_TTA_ACTIVE views= 8 mean_abs_feat_delta= 0.366748\n"}
,{"stream_name":"stdout","time":1987.286965287,"data":"BIOHUB_RETENTION_GUARD {\"blended_candidates\": 266, \"dataset\": \"44b6_2a2eff9f\", \"frame\": 49, \"minimum_retention\": 0.9, \"primary_candidates\": 410, \"retention\": 0.6487804878048781, \"use_primary\": true}\n"}
,{"stream_name":"stdout","time":1987.489863763,"data":"BIOHUB_RETENTION_GUARD {\"blended_candidates\": 266, \"dataset\": \"44b6_2a2eff9f\", \"frame\": 49, \"minimum_retention\": 0.9, \"primary_candidates\": 410, \"retention\": 0.6487804878048781, \"use_primary\": true}\n"}
,{"stream_name":"stdout","time":1987.999025312,"data":"EDGE_TTA_ACTIVE views= 8 mean_abs_feat_delta= 0.328718\n"}
,{"stream_name":"stdout","time":1988.201573644,"data":"EDGE_TTA_ACTIVE views= 8 mean_abs_feat_delta= 0.328718\n"}
,{"stream_name":"stdout","time":1988.467420571,"data":"EDGE_TTA_ACTIVE views= 8 mean_abs_feat_delta= 0.370945\n"}
,{"stream_name":"stdout","time":1988.670038514,"data":"EDGE_TTA_ACTIVE views= 8 mean_abs_feat_delta= 0.370945\n"}
,{"stream_name":"stdout","time":1989.499619801,"data":"BIOHUB_RETENTION_GUARD {\"blended_candidates\": 264, \"dataset\": \"44b6_2a2eff9f\", \"frame\": 50, \"minimum_retention\": 0.9, \"primary_candidates\": 409, \"retention\": 0.6454767726161369, \"use_primary\": true}\n"}
,{"stream_name":"stdout","time":1989.702935348,"data":"BIOHUB_RETENTION_GUARD {\"blended_candidates\": 264, \"dataset\": \"44b6_2a2eff9f\", \"frame\": 50, \"minimum_retention\": 0.9, \"primary_candidates\": 409, \"retention\": 0.6454767726161369, \"use_primary\": true}\n"}
,{"stream_name":"stdout","time":1990.221025678,"data":"EDGE_TTA_ACTIVE views= 8 mean_abs_feat_delta= 0.332662\n"}
,{"stream_name":"stdout","time":1990.42372999,"data":"EDGE_TTA_ACTIVE views= 8 mean_abs_feat_delta= 0.332662\n"}
,{"stream_name":"stdout","time":1990.6976163,"data":"EDGE_TTA_ACTIVE views= 8 mean_abs_feat_delta= 0.366217\n"}
,{"stream_name":"stdout","time":1990.90061607,"data":"EDGE_TTA_ACTIVE views= 8 mean_abs_feat_delta= 0.366217\n"}
,{"stream_name":"stdout","time":1991.730366341,"data":"BIOHUB_RETENTION_GUARD {\"blended_candidates\": 284, \"dataset\": \"44b6_2a2eff9f\", \"frame\": 51, \"minimum_retention\": 0.9, \"primary_candidates\": 407, \"retention\": 0.6977886977886978, \"use_primary\": true}\n"}
,{"stream_name":"stdout","time":1991.933173162,"data":"BIOHUB_RETENTION_GUARD {\"blended_candidates\": 284, \"dataset\": \"44b6_2a2eff9f\", \"frame\": 51, \"minimum_retention\": 0.9, \"primary_candidates\": 407, \"retention\": 0.6977886977886978, \"use_primary\": true}\n"}
,{"stream_name":"stdout","time":1992.460939464,"data":"EDGE_TTA_ACTIVE views= 8 mean_abs_feat_delta= 0.336965\n"}
,{"stream_name":"stdout","time":1992.663785452,"data":"EDGE_TTA_ACTIVE views= 8 mean_abs_feat_delta= 0.336965\n"}
,{"stream_name":"stdout","time":1992.904119594,"data":"EDGE_TTA_ACTIVE views= 8 mean_abs_feat_delta= 0.362563\n"}
,{"stream_name":"stdout","time":1993.106856953,"data":"EDGE_TTA_ACTIVE views= 8 mean_abs_feat_delta= 0.362563\n"}
,{"stream_name":"stdout","time":1993.936237798,"data":"BIOHUB_RETENTION_GUARD {\"blended_candidates\": 269, \"dataset\": \"44b6_2a2eff9f\", \"frame\": 52, \"minimum_retention\": 0.9, \"primary_candidates\": 406, \"retention\": 0.6625615763546798, \"use_primary\": true}\n"}
,{"stream_name":"stdout","time":1994.13892686,"data":"BIOHUB_RETENTION_GUARD {\"blended_candidates\": 269, \"dataset\": \"44b6_2a2eff9f\", \"frame\": 52, \"minimum_retention\": 0.9, \"primary_candidates\": 406, \"retention\": 0.6625615763546798, \"use_primary\": true}\n"}
,{"stream_name":"stdout","time":1994.698889775,"data":"EDGE_TTA_ACTIVE views= 8 mean_abs_feat_delta= 0.33779\n"}
,{"stream_name":"stdout","time":1994.901563954,"data":"EDGE_TTA_ACTIVE views= 8 mean_abs_feat_delta= 0.33779\n"}
,{"stream_name":"stdout","time":1995.105402249,"data":"EDGE_TTA_ACTIVE views= 8 mean_abs_feat_delta= 0.366037\n"}
,{"stream_name":"stdout","time":1995.376593983,"data":"EDGE_TTA_ACTIVE views= 8 mean_abs_feat_delta= 0.366037\n"}
,{"stream_name":"stdout","time":1996.133410003,"data":"BIOHUB_RETENTION_GUARD {\"blended_candidates\": 288, \"dataset\": \"44b6_2a2eff9f\", \"frame\": 53, \"minimum_retention\": 0.9, \"primary_candidates\": 418, \"retention\": 0.6889952153110048, \"use_primary\": true}\n"}
,{"stream_name":"stdout","time":1996.336314112,"data":"BIOHUB_RETENTION_GUARD {\"blended_candidates\": 288, \"dataset\": \"44b6_2a2eff9f\", \"frame\": 53, \"minimum_retention\": 0.9, \"primary_candidates\": 418, \"retention\": 0.6889952153110048, \"use_primary\": true}\n"}
,{"stream_name":"stdout","time":1996.907095286,"data":"EDGE_TTA_ACTIVE views= 8 mean_abs_feat_delta= 0.342767\n"}
,{"stream_name":"stdout","time":1997.109958116,"data":"EDGE_TTA_ACTIVE views= 8 mean_abs_feat_delta= 0.342767\n"}
,{"stream_name":"stdout","time":1997.305999906,"data":"EDGE_TTA_ACTIVE views= 8 mean_abs_feat_delta= 0.364649\n"}
,{"stream_name":"stdout","time":1997.508488159,"data":"EDGE_TTA_ACTIVE views= 8 mean_abs_feat_delta= 0.364649\n"}
,{"stream_name":"stdout","time":1998.336769165,"data":"BIOHUB_RETENTION_GUARD {\"blended_candidates\": 243, \"dataset\": \"44b6_2a2eff9f\", \"frame\": 54, \"minimum_retention\": 0.9, \"primary_candidates\": 392, \"retention\": 0.6198979591836735, \"use_primary\": true}\n"}
,{"stream_name":"stdout","time":1998.539104741,"data":"BIOHUB_RETENTION_GUARD {\"blended_candidates\": 243, \"dataset\": \"44b6_2a2eff9f\", \"frame\": 54, \"minimum_retention\": 0.9, \"primary_candidates\": 392, \"retention\": 0.6198979591836735, \"use_primary\": true}\n"}
,{"stream_name":"stdout","time":1999.113163038,"data":"EDGE_TTA_ACTIVE views= 8 mean_abs_feat_delta= 0.341057\n"}
,{"stream_name":"stdout","time":1999.315921581,"data":"EDGE_TTA_ACTIVE views= 8 mean_abs_feat_delta= 0.341057\n"}
,{"stream_name":"stdout","time":1999.511784794,"data":"EDGE_TTA_ACTIVE views= 8 mean_abs_feat_delta= 0.361135\n"}
,{"stream_name":"stdout","time":1999.714083393,"data":"EDGE_TTA_ACTIVE views= 8 mean_abs_feat_delta= 0.361135\n"}
,{"stream_name":"stdout","time":2000.541748706,"data":"BIOHUB_RETENTION_GUARD {\"blended_candidates\": 255, \"dataset\": \"44b6_2a2eff9f\", \"frame\": 55, \"minimum_retention\": 0.9, \"primary_candidates\": 409, \"retention\": 0.6234718826405868, \"use_primary\": true}\n"}
,{"stream_name":"stdout","time":2000.744630723,"data":"BIOHUB_RETENTION_GUARD {\"blended_candidates\": 255, \"dataset\": \"44b6_2a2eff9f\", \"frame\": 55, \"minimum_retention\": 0.9, \"primary_candidates\": 409, \"retention\": 0.6234718826405868, \"use_primary\": true}\n"}
,{"stream_name":"stdout","time":2001.320493234,"data":"EDGE_TTA_ACTIVE views= 8 mean_abs_feat_delta= 0.336331\n"}
,{"stream_name":"stdout","time":2001.523081845,"data":"EDGE_TTA_ACTIVE views= 8 mean_abs_feat_delta= 0.336331\n"}
,{"stream_name":"stdout","time":2001.72347213,"data":"EDGE_TTA_ACTIVE views= 8 mean_abs_feat_delta= 0.359041\n"}
,{"stream_name":"stdout","time":2001.925905756,"data":"EDGE_TTA_ACTIVE views= 8 mean_abs_feat_delta= 0.359041\n"}
,{"stream_name":"stdout","time":2002.754491195,"data":"BIOHUB_RETENTION_GUARD {\"blended_candidates\": 271, \"dataset\": \"44b6_2a2eff9f\", \"frame\": 56, \"minimum_retention\": 0.9, \"primary_candidates\": 424, \"retention\": 0.6391509433962265, \"use_primary\": true}\n"}
,{"stream_name":"stdout","time":2002.956897542,"data":"BIOHUB_RETENTION_GUARD {\"blended_candidates\": 271, \"dataset\": \"44b6_2a2eff9f\", \"frame\": 56, \"minimum_retention\": 0.9, \"primary_candidates\": 424, \"retention\": 0.6391509433962265, \"use_primary\": true}\n"}
,{"stream_name":"stdout","time":2003.528028867,"data":"EDGE_TTA_ACTIVE views= 8 mean_abs_feat_delta= 0.334957\n"}
,{"stream_name":"stdout","time":2003.730698364,"data":"EDGE_TTA_ACTIVE views= 8 mean_abs_feat_delta= 0.334957\n"}
,{"stream_name":"stdout","time":2003.95531159,"data":"EDGE_TTA_ACTIVE views= 8 mean_abs_feat_delta= 0.360113\n"}
,{"stream_name":"stdout","time":2004.158033814,"data":"EDGE_TTA_ACTIVE views= 8 mean_abs_feat_delta= 0.360113\n"}
,{"stream_name":"stdout","time":2004.984748997,"data":"BIOHUB_RETENTION_GUARD {\"blended_candidates\": 282, \"dataset\": \"44b6_2a2eff9f\", \"frame\": 57, \"minimum_retention\": 0.9, \"primary_candidates\": 451, \"retention\": 0.6252771618625277, \"use_primary\": true}\n"}
,{"stream_name":"stdout","time":2005.187493236,"data":"BIOHUB_RETENTION_GUARD {\"blended_candidates\": 282, \"dataset\": \"44b6_2a2eff9f\", \"frame\": 57, \"minimum_retention\": 0.9, \"primary_candidates\": 451, \"retention\": 0.6252771618625277, \"use_primary\": true}\n"}
,{"stream_name":"stdout","time":2005.735190204,"data":"EDGE_TTA_ACTIVE views= 8 mean_abs_feat_delta= 0.341619\n"}
,{"stream_name":"stdout","time":2005.937779967,"data":"EDGE_TTA_ACTIVE views= 8 mean_abs_feat_delta= 0.341619\n"}
,{"stream_name":"stdout","time":2006.161002505,"data":"EDGE_TTA_ACTIVE views= 8 mean_abs_feat_delta= 0.365191\n"}
,{"stream_name":"stdout","time":2006.363757123,"data":"EDGE_TTA_ACTIVE views= 8 mean_abs_feat_delta= 0.365191\n"}
,{"stream_name":"stdout","time":2007.191376319,"data":"BIOHUB_RETENTION_GUARD {\"blended_candidates\": 270, \"dataset\": \"44b6_2a2eff9f\", \"frame\": 58, \"minimum_retention\": 0.9, \"primary_candidates\": 429, \"retention\": 0.6293706293706294, \"use_primary\": true}\n"}
,{"stream_name":"stdout","time":2007.393981405,"data":"BIOHUB_RETENTION_GUARD {\"blended_candidates\": 270, \"dataset\": \"44b6_2a2eff9f\", \"frame\": 58, \"minimum_retention\": 0.9, \"primary_candidates\": 429, \"retention\": 0.6293706293706294, \"use_primary\": true}\n"}
,{"stream_name":"stdout","time":2007.948318651,"data":"EDGE_TTA_ACTIVE views= 8 mean_abs_feat_delta= 0.337701\n"}
,{"stream_name":"stdout","time":2008.150742622,"data":"EDGE_TTA_ACTIVE views= 8 mean_abs_feat_delta= 0.337701\n"}
,{"stream_name":"stdout","time":2008.368782627,"data":"EDGE_TTA_ACTIVE views= 8 mean_abs_feat_delta= 0.369054\n"}
,{"stream_name":"stdout","time":2008.5715101,"data":"EDGE_TTA_ACTIVE views= 8 mean_abs_feat_delta= 0.369054\n"}
,{"stream_name":"stdout","time":2009.400161757,"data":"BIOHUB_RETENTION_GUARD {\"blended_candidates\": 335, \"dataset\": \"44b6_2a2eff9f\", \"frame\": 59, \"minimum_retention\": 0.9, \"primary_candidates\": 469, \"retention\": 0.7142857142857143, \"use_primary\": true}\n"}
,{"stream_name":"stdout","time":2009.602893989,"data":"BIOHUB_RETENTION_GUARD {\"blended_candidates\": 335, \"dataset\": \"44b6_2a2eff9f\", \"frame\": 59, \"minimum_retention\": 0.9, \"primary_candidates\": 469, \"retention\": 0.7142857142857143, \"use_primary\": true}\n"}
,{"stream_name":"stdout","time":2010.158851109,"data":"EDGE_TTA_ACTIVE views= 8 mean_abs_feat_delta= 0.333193\n"}
,{"stream_name":"stdout","time":2010.361623545,"data":"EDGE_TTA_ACTIVE views= 8 mean_abs_feat_delta= 0.333193\n"}
,{"stream_name":"stdout","time":2010.582101136,"data":"EDGE_TTA_ACTIVE views= 8 mean_abs_feat_delta= 0.371614\n"}
,{"stream_name":"stdout","time":2010.784623293,"data":"EDGE_TTA_ACTIVE views= 8 mean_abs_feat_delta= 0.371614\n"}
,{"stream_name":"stdout","time":2011.615646625,"data":"BIOHUB_RETENTION_GUARD {\"blended_candidates\": 284, \"dataset\": \"44b6_2a2eff9f\", \"frame\": 60, \"minimum_retention\": 0.9, \"primary_candidates\": 436, \"retention\": 0.6513761467889908, \"use_primary\": true}\n"}
,{"stream_name":"stdout","time":2011.818355463,"data":"BIOHUB_RETENTION_GUARD {\"blended_candidates\": 284, \"dataset\": \"44b6_2a2eff9f\", \"frame\": 60, \"minimum_retention\": 0.9, \"primary_candidates\": 436, \"retention\": 0.6513761467889908, \"use_primary\": true}\n"}
,{"stream_name":"stdout","time":2012.368005716,"data":"EDGE_TTA_ACTIVE views= 8 mean_abs_feat_delta= 0.336337\n"}
,{"stream_name":"stdout","time":2012.570852349,"data":"EDGE_TTA_ACTIVE views= 8 mean_abs_feat_delta= 0.336337\n"}
,{"stream_name":"stdout","time":2012.807959568,"data":"EDGE_TTA_ACTIVE views= 8 mean_abs_feat_delta= 0.368199\n"}
,{"stream_name":"stdout","time":2013.010493485,"data":"EDGE_TTA_ACTIVE views= 8 mean_abs_feat_delta= 0.368199\n"}
,{"stream_name":"stdout","time":2013.838462185,"data":"BIOHUB_RETENTION_GUARD {\"blended_candidates\": 321, \"dataset\": \"44b6_2a2eff9f\", \"frame\": 61, \"minimum_retention\": 0.9, \"primary_candidates\": 451, \"retention\": 0.7117516629711752, \"use_primary\": true}\n"}
,{"stream_name":"stdout","time":2014.0413219,"data":"BIOHUB_RETENTION_GUARD {\"blended_candidates\": 321, \"dataset\": \"44b6_2a2eff9f\", \"frame\": 61, \"minimum_retention\": 0.9, \"primary_candidates\": 451, \"retention\": 0.7117516629711752, \"use_primary\": true}\n"}
,{"stream_name":"stdout","time":2014.568997048,"data":"EDGE_TTA_ACTIVE views= 8 mean_abs_feat_delta= 0.340775\n"}
,{"stream_name":"stdout","time":2014.771552641,"data":"EDGE_TTA_ACTIVE views= 8 mean_abs_feat_delta= 0.340775\n"}
,{"stream_name":"stdout","time":2015.038197302,"data":"EDGE_TTA_ACTIVE views= 8 mean_abs_feat_delta= 0.36467\n"}
,{"stream_name":"stdout","time":2015.241069228,"data":"EDGE_TTA_ACTIVE views= 8 mean_abs_feat_delta= 0.36467\n"}
,{"stream_name":"stdout","time":2016.071718558,"data":"BIOHUB_RETENTION_GUARD {\"blended_candidates\": 420, \"dataset\": \"44b6_2a2eff9f\", \"frame\": 62, \"minimum_retention\": 0.9, \"primary_candidates\": 490, \"retention\": 0.8571428571428571, \"use_primary\": true}\n"}
,{"stream_name":"stdout","time":2016.273764194,"data":"BIOHUB_RETENTION_GUARD {\"blended_candidates\": 420, \"dataset\": \"44b6_2a2eff9f\", \"frame\": 62, \"minimum_retention\": 0.9, \"primary_candidates\": 490, \"retention\": 0.8571428571428571, \"use_primary\": true}\n"}
,{"stream_name":"stdout","time":2016.770990488,"data":"EDGE_TTA_ACTIVE views= 8 mean_abs_feat_delta= 0.340687\n"}
,{"stream_name":"stdout","time":2016.973658149,"data":"EDGE_TTA_ACTIVE views= 8 mean_abs_feat_delta= 0.340687\n"}
,{"stream_name":"stdout","time":2017.261308521,"data":"EDGE_TTA_ACTIVE views= 8 mean_abs_feat_delta= 0.365175\n"}
,{"stream_name":"stdout","time":2017.463816233,"data":"EDGE_TTA_ACTIVE views= 8 mean_abs_feat_delta= 0.365175\n"}
,{"stream_name":"stdout","time":2018.297479753,"data":"BIOHUB_RETENTION_GUARD {\"blended_candidates\": 337, \"dataset\": \"44b6_2a2eff9f\", \"frame\": 63, \"minimum_retention\": 0.9, \"primary_candidates\": 473, \"retention\": 0.7124735729386892, \"use_primary\": true}\n"}
,{"stream_name":"stdout","time":2018.505033705,"data":"BIOHUB_RETENTION_GUARD {\"blended_candidates\": 337, \"dataset\": \"44b6_2a2eff9f\", \"frame\": 63, \"minimum_retention\": 0.9, \"primary_candidates\": 473, \"retention\": 0.7124735729386892, \"use_primary\": true}\n"}
,{"stream_name":"stdout","time":2019.023430867,"data":"EDGE_TTA_ACTIVE views= 8 mean_abs_feat_delta= 0.335059\n"}
,{"stream_name":"stdout","time":2019.225930024,"data":"EDGE_TTA_ACTIVE views= 8 mean_abs_feat_delta= 0.335059\n"}
,{"stream_name":"stdout","time":2019.503855472,"data":"EDGE_TTA_ACTIVE views= 8 mean_abs_feat_delta= 0.363902\n"}
,{"stream_name":"stdout","time":2019.706326504,"data":"EDGE_TTA_ACTIVE views= 8 mean_abs_feat_delta= 0.363902\n"}
,{"stream_name":"stdout","time":2020.536707522,"data":"BIOHUB_RETENTION_GUARD {\"blended_candidates\": 333, \"dataset\": \"44b6_2a2eff9f\", \"frame\": 64, \"minimum_retention\": 0.9, \"primary_candidates\": 464, \"retention\": 0.7176724137931034, \"use_primary\": true}\n"}
,{"stream_name":"stdout","time":2020.739399104,"data":"BIOHUB_RETENTION_GUARD {\"blended_candidates\": 333, \"dataset\": \"44b6_2a2eff9f\", \"frame\": 64, \"minimum_retention\": 0.9, \"primary_candidates\": 464, \"retention\": 0.7176724137931034, \"use_primary\": true}\n"}
,{"stream_name":"stdout","time":2021.257705717,"data":"EDGE_TTA_ACTIVE views= 8 mean_abs_feat_delta= 0.332462\n"}
,{"stream_name":"stdout","time":2021.460040566,"data":"EDGE_TTA_ACTIVE views= 8 mean_abs_feat_delta= 0.332462\n"}
,{"stream_name":"stdout","time":2021.740157464,"data":"EDGE_TTA_ACTIVE views= 8 mean_abs_feat_delta= 0.365061\n"}
,{"stream_name":"stdout","time":2021.942516772,"data":"EDGE_TTA_ACTIVE views= 8 mean_abs_feat_delta= 0.365061\n"}
,{"stream_name":"stdout","time":2022.777383105,"data":"BIOHUB_RETENTION_GUARD {\"blended_candidates\": 363, \"dataset\": \"44b6_2a2eff9f\", \"frame\": 65, \"minimum_retention\": 0.9, \"primary_candidates\": 495, \"retention\": 0.7333333333333333, \"use_primary\": true}\n"}
,{"stream_name":"stdout","time":2022.980306347,"data":"BIOHUB_RETENTION_GUARD {\"blended_candidates\": 363, \"dataset\": \"44b6_2a2eff9f\", \"frame\": 65, \"minimum_retention\": 0.9, \"primary_candidates\": 495, \"retention\": 0.7333333333333333, \"use_primary\": true}\n"}
,{"stream_name":"stdout","time":2023.492238147,"data":"EDGE_TTA_ACTIVE views= 8 mean_abs_feat_delta= 0.330292\n"}
,{"stream_name":"stdout","time":2023.695045094,"data":"EDGE_TTA_ACTIVE views= 8 mean_abs_feat_delta= 0.330292\n"}
,{"stream_name":"stdout","time":2023.981999936,"data":"EDGE_TTA_ACTIVE views= 8 mean_abs_feat_delta= 0.365762\n"}
,{"stream_name":"stdout","time":2024.184987407,"data":"EDGE_TTA_ACTIVE views= 8 mean_abs_feat_delta= 0.365762\n"}
,{"stream_name":"stdout","time":2025.017841383,"data":"BIOHUB_RETENTION_GUARD {\"blended_candidates\": 341, \"dataset\": \"44b6_2a2eff9f\", \"frame\": 66, \"minimum_retention\": 0.9, \"primary_candidates\": 457, \"retention\": 0.7461706783369803, \"use_primary\": true}\n"}
,{"stream_name":"stdout","time":2025.223278779,"data":"BIOHUB_RETENTION_GUARD {\"blended_candidates\": 341, \"dataset\": \"44b6_2a2eff9f\", \"frame\": 66, \"minimum_retention\": 0.9, \"primary_candidates\": 457, \"retention\": 0.7461706783369803, \"use_primary\": true}\n"}
,{"stream_name":"stdout","time":2025.713481187,"data":"EDGE_TTA_ACTIVE views= 8 mean_abs_feat_delta= 0.330247\n"}
,{"stream_name":"stdout","time":2025.987935091,"data":"EDGE_TTA_ACTIVE views= 8 mean_abs_feat_delta= 0.330247\n"}
,{"stream_name":"stdout","time":2026.228469534,"data":"EDGE_TTA_ACTIVE views= 8 mean_abs_feat_delta= 0.367265\n"}
,{"stream_name":"stdout","time":2026.431095891,"data":"EDGE_TTA_ACTIVE views= 8 mean_abs_feat_delta= 0.367265\n"}
,{"stream_name":"stdout","time":2027.268949308,"data":"BIOHUB_RETENTION_GUARD {\"blended_candidates\": 360, \"dataset\": \"44b6_2a2eff9f\", \"frame\": 67, \"minimum_retention\": 0.9, \"primary_candidates\": 460, \"retention\": 0.782608695652174, \"use_primary\": true}\n"}
,{"stream_name":"stdout","time":2027.471654687,"data":"BIOHUB_RETENTION_GUARD {\"blended_candidates\": 360, \"dataset\": \"44b6_2a2eff9f\", \"frame\": 67, \"minimum_retention\": 0.9, \"primary_candidates\": 460, \"retention\": 0.782608695652174, \"use_primary\": true}\n"}
,{"stream_name":"stdout","time":2027.947736626,"data":"EDGE_TTA_ACTIVE views= 8 mean_abs_feat_delta= 0.330898\n"}
,{"stream_name":"stdout","time":2028.150359625,"data":"EDGE_TTA_ACTIVE views= 8 mean_abs_feat_delta= 0.330898\n"}
,{"stream_name":"stdout","time":2028.471606009,"data":"EDGE_TTA_ACTIVE views= 8 mean_abs_feat_delta= 0.368968\n"}
,{"stream_name":"stdout","time":2028.674431436,"data":"EDGE_TTA_ACTIVE views= 8 mean_abs_feat_delta= 0.368968\n"}
,{"stream_name":"stdout","time":2029.511091821,"data":"BIOHUB_RETENTION_GUARD {\"blended_candidates\": 333, \"dataset\": \"44b6_2a2eff9f\", \"frame\": 68, \"minimum_retention\": 0.9, \"primary_candidates\": 457, \"retention\": 0.7286652078774617, \"use_primary\": true}\n"}
,{"stream_name":"stdout","time":2029.714589632,"data":"BIOHUB_RETENTION_GUARD {\"blended_candidates\": 333, \"dataset\": \"44b6_2a2eff9f\", \"frame\": 68, \"minimum_retention\": 0.9, \"primary_candidates\": 457, \"retention\": 0.7286652078774617, \"use_primary\": true}\n"}
,{"stream_name":"stdout","time":2030.191584474,"data":"EDGE_TTA_ACTIVE views= 8 mean_abs_feat_delta= 0.328729\n"}
,{"stream_name":"stdout","time":2030.394623338,"data":"EDGE_TTA_ACTIVE views= 8 mean_abs_feat_delta= 0.328729\n"}
,{"stream_name":"stdout","time":2030.708512415,"data":"EDGE_TTA_ACTIVE views= 8 mean_abs_feat_delta= 0.371411\n"}
,{"stream_name":"stdout","time":2030.91142461,"data":"EDGE_TTA_ACTIVE views= 8 mean_abs_feat_delta= 0.371411\n"}
,{"stream_name":"stdout","time":2031.753595139,"data":"BIOHUB_RETENTION_GUARD {\"blended_candidates\": 343, \"dataset\": \"44b6_2a2eff9f\", \"frame\": 69, \"minimum_retention\": 0.9, \"primary_candidates\": 458, \"retention\": 0.7489082969432315, \"use_primary\": true}\n"}
,{"stream_name":"stdout","time":2031.956287224,"data":"BIOHUB_RETENTION_GUARD {\"blended_candidates\": 343, \"dataset\": \"44b6_2a2eff9f\", \"frame\": 69, \"minimum_retention\": 0.9, \"primary_candidates\": 458, \"retention\": 0.7489082969432315, \"use_primary\": true}\n"}
,{"stream_name":"stdout","time":2032.435762049,"data":"EDGE_TTA_ACTIVE views= 8 mean_abs_feat_delta= 0.332801\n"}
,{"stream_name":"stdout","time":2032.63845667,"data":"EDGE_TTA_ACTIVE views= 8 mean_abs_feat_delta= 0.332801\n"}
,{"stream_name":"stdout","time":2032.961070735,"data":"EDGE_TTA_ACTIVE views= 8 mean_abs_feat_delta= 0.367712\n"}
,{"stream_name":"stdout","time":2033.163765416,"data":"EDGE_TTA_ACTIVE views= 8 mean_abs_feat_delta= 0.367712\n"}
,{"stream_name":"stdout","time":2034.005104939,"data":"BIOHUB_RETENTION_GUARD {\"blended_candidates\": 392, \"dataset\": \"44b6_2a2eff9f\", \"frame\": 70, \"minimum_retention\": 0.9, \"primary_candidates\": 501, \"retention\": 0.782435129740519, \"use_primary\": true}\n"}
,{"stream_name":"stdout","time":2034.208041529,"data":"BIOHUB_RETENTION_GUARD {\"blended_candidates\": 392, \"dataset\": \"44b6_2a2eff9f\", \"frame\": 70, \"minimum_retention\": 0.9, \"primary_candidates\": 501, \"retention\": 0.782435129740519, \"use_primary\": true}\n"}
,{"stream_name":"stdout","time":2034.671625135,"data":"EDGE_TTA_ACTIVE views= 8 mean_abs_feat_delta= 0.336225\n"}
,{"stream_name":"stdout","time":2034.874153442,"data":"EDGE_TTA_ACTIVE views= 8 mean_abs_feat_delta= 0.336225\n"}
,{"stream_name":"stdout","time":2035.211901035,"data":"EDGE_TTA_ACTIVE views= 8 mean_abs_feat_delta= 0.369529\n"}
,{"stream_name":"stdout","time":2035.414294058,"data":"EDGE_TTA_ACTIVE views= 8 mean_abs_feat_delta= 0.369529\n"}
,{"stream_name":"stdout","time":2036.257150903,"data":"BIOHUB_RETENTION_GUARD {\"blended_candidates\": 325, \"dataset\": \"44b6_2a2eff9f\", \"frame\": 71, \"minimum_retention\": 0.9, \"primary_candidates\": 454, \"retention\": 0.7158590308370044, \"use_primary\": true}\n"}
,{"stream_name":"stdout","time":2036.459372964,"data":"BIOHUB_RETENTION_GUARD {\"blended_candidates\": 325, \"dataset\": \"44b6_2a2eff9f\", \"frame\": 71, \"minimum_retention\": 0.9, \"primary_candidates\": 454, \"retention\": 0.7158590308370044, \"use_primary\": true}\n"}
,{"stream_name":"stdout","time":2036.906156091,"data":"EDGE_TTA_ACTIVE views= 8 mean_abs_feat_delta= 0.333529\n"}
,{"stream_name":"stdout","time":2037.108692147,"data":"EDGE_TTA_ACTIVE views= 8 mean_abs_feat_delta= 0.333529\n"}
,{"stream_name":"stdout","time":2037.46646118,"data":"EDGE_TTA_ACTIVE views= 8 mean_abs_feat_delta= 0.372852\n"}
,{"stream_name":"stdout","time":2037.668979275,"data":"EDGE_TTA_ACTIVE views= 8 mean_abs_feat_delta= 0.372852\n"}
,{"stream_name":"stdout","time":2038.510154562,"data":"BIOHUB_RETENTION_GUARD {\"blended_candidates\": 319, \"dataset\": \"44b6_2a2eff9f\", \"frame\": 72, \"minimum_retention\": 0.9, \"primary_candidates\": 479, \"retention\": 0.6659707724425887, \"use_primary\": true}\n"}
,{"stream_name":"stdout","time":2038.712259637,"data":"BIOHUB_RETENTION_GUARD {\"blended_candidates\": 319, \"dataset\": \"44b6_2a2eff9f\", \"frame\": 72, \"minimum_retention\": 0.9, \"primary_candidates\": 479, \"retention\": 0.6659707724425887, \"use_primary\": true}\n"}
,{"stream_name":"stdout","time":2039.149078597,"data":"EDGE_TTA_ACTIVE views= 8 mean_abs_feat_delta= 0.334563\n"}
,{"stream_name":"stdout","time":2039.351468665,"data":"EDGE_TTA_ACTIVE views= 8 mean_abs_feat_delta= 0.334563\n"}
,{"stream_name":"stdout","time":2039.738544169,"data":"EDGE_TTA_ACTIVE views= 8 mean_abs_feat_delta= 0.372623\n"}
,{"stream_name":"stdout","time":2039.941275667,"data":"EDGE_TTA_ACTIVE views= 8 mean_abs_feat_delta= 0.372623\n"}
,{"stream_name":"stdout","time":2040.781765861,"data":"BIOHUB_RETENTION_GUARD {\"blended_candidates\": 267, \"dataset\": \"44b6_2a2eff9f\", \"frame\": 73, \"minimum_retention\": 0.9, \"primary_candidates\": 429, \"retention\": 0.6223776223776224, \"use_primary\": true}\n"}
,{"stream_name":"stdout","time":2040.986035251,"data":"BIOHUB_RETENTION_GUARD {\"blended_candidates\": 267, \"dataset\": \"44b6_2a2eff9f\", \"frame\": 73, \"minimum_retention\": 0.9, \"primary_candidates\": 429, \"retention\": 0.6223776223776224, \"use_primary\": true}\n"}
,{"stream_name":"stdout","time":2041.453657737,"data":"EDGE_TTA_ACTIVE views= 8 mean_abs_feat_delta= 0.333359\n"}
,{"stream_name":"stdout","time":2041.656333733,"data":"EDGE_TTA_ACTIVE views= 8 mean_abs_feat_delta= 0.333359\n"}
,{"stream_name":"stdout","time":2041.994535662,"data":"EDGE_TTA_ACTIVE views= 8 mean_abs_feat_delta= 0.372378\n"}
,{"stream_name":"stdout","time":2042.197017329,"data":"EDGE_TTA_ACTIVE views= 8 mean_abs_feat_delta= 0.372378\n"}
,{"stream_name":"stdout","time":2043.035433249,"data":"BIOHUB_RETENTION_GUARD {\"blended_candidates\": 299, \"dataset\": \"44b6_2a2eff9f\", \"frame\": 74, \"minimum_retention\": 0.9, \"primary_candidates\": 451, \"retention\": 0.6629711751662971, \"use_primary\": true}\n"}
,{"stream_name":"stdout","time":2043.23832936,"data":"BIOHUB_RETENTION_GUARD {\"blended_candidates\": 299, \"dataset\": \"44b6_2a2eff9f\", \"frame\": 74, \"minimum_retention\": 0.9, \"primary_candidates\": 451, \"retention\": 0.6629711751662971, \"use_primary\": true}\n"}
,{"stream_name":"stdout","time":2043.684136648,"data":"EDGE_TTA_ACTIVE views= 8 mean_abs_feat_delta= 0.329517\n"}
,{"stream_name":"stdout","time":2043.88677332,"data":"EDGE_TTA_ACTIVE views= 8 mean_abs_feat_delta= 0.329517\n"}
,{"stream_name":"stdout","time":2044.225144037,"data":"EDGE_TTA_ACTIVE views= 8 mean_abs_feat_delta= 0.373635\n"}
,{"stream_name":"stdout","time":2044.42765557,"data":"EDGE_TTA_ACTIVE views= 8 mean_abs_feat_delta= 0.373635\n"}
,{"stream_name":"stdout","time":2045.266736297,"data":"BIOHUB_RETENTION_GUARD {\"blended_candidates\": 272, \"dataset\": \"44b6_2a2eff9f\", \"frame\": 75, \"minimum_retention\": 0.9, \"primary_candidates\": 452, \"retention\": 0.6017699115044248, \"use_primary\": true}\n"}
,{"stream_name":"stdout","time":2045.468841785,"data":"BIOHUB_RETENTION_GUARD {\"blended_candidates\": 272, \"dataset\": \"44b6_2a2eff9f\", \"frame\": 75, \"minimum_retention\": 0.9, \"primary_candidates\": 452, \"retention\": 0.6017699115044248, \"use_primary\": true}\n"}
,{"stream_name":"stdout","time":2045.915208199,"data":"EDGE_TTA_ACTIVE views= 8 mean_abs_feat_delta= 0.327674\n"}
,{"stream_name":"stdout","time":2046.11784111,"data":"EDGE_TTA_ACTIVE views= 8 mean_abs_feat_delta= 0.327674\n"}
,{"stream_name":"stdout","time":2046.452061421,"data":"EDGE_TTA_ACTIVE views= 8 mean_abs_feat_delta= 0.373002\n"}
,{"stream_name":"stdout","time":2046.654829503,"data":"EDGE_TTA_ACTIVE views= 8 mean_abs_feat_delta= 0.373002\n"}
,{"stream_name":"stdout","time":2047.501462512,"data":"BIOHUB_RETENTION_GUARD {\"blended_candidates\": 249, \"dataset\": \"44b6_2a2eff9f\", \"frame\": 76, \"minimum_retention\": 0.9, \"primary_candidates\": 455, \"retention\": 0.5472527472527473, \"use_primary\": true}\n"}
,{"stream_name":"stdout","time":2047.703841124,"data":"BIOHUB_RETENTION_GUARD {\"blended_candidates\": 249, \"dataset\": \"44b6_2a2eff9f\", \"frame\": 76, \"minimum_retention\": 0.9, \"primary_candidates\": 455, \"retention\": 0.5472527472527473, \"use_primary\": true}\n"}
,{"stream_name":"stdout","time":2048.842615204,"data":"EDGE_TTA_ACTIVE views= 8 mean_abs_feat_delta= 0.37058\n"}
,{"stream_name":"stdout","time":2049.045853691,"data":"EDGE_TTA_ACTIVE views= 8 mean_abs_feat_delta= 0.37058\n"}
,{"stream_name":"stdout","time":2049.886230824,"data":"BIOHUB_RETENTION_GUARD {\"blended_candidates\": 268, \"dataset\": \"44b6_2a2eff9f\", \"frame\": 77, \"minimum_retention\": 0.9, \"primary_candidates\": 447, \"retention\": 0.5995525727069351, \"use_primary\": true}\n"}
,{"stream_name":"stdout","time":2050.08861417,"data":"BIOHUB_RETENTION_GUARD {\"blended_candidates\": 268, \"dataset\": \"44b6_2a2eff9f\", \"frame\": 77, \"minimum_retention\": 0.9, \"primary_candidates\": 447, \"retention\": 0.5995525727069351, \"use_primary\": true}\n"}
,{"stream_name":"stdout","time":2051.085961511,"data":"EDGE_TTA_ACTIVE views= 8 mean_abs_feat_delta= 0.364196\n"}
,{"stream_name":"stdout","time":2051.288743914,"data":"EDGE_TTA_ACTIVE views= 8 mean_abs_feat_delta= 0.364196\n"}
,{"stream_name":"stdout","time":2052.127579335,"data":"BIOHUB_RETENTION_GUARD {\"blended_candidates\": 363, \"dataset\": \"44b6_2a2eff9f\", \"frame\": 78, \"minimum_retention\": 0.9, \"primary_candidates\": 496, \"retention\": 0.7318548387096774, \"use_primary\": true}\n"}
,{"stream_name":"stdout","time":2052.331485074,"data":"BIOHUB_RETENTION_GUARD {\"blended_candidates\": 363, \"dataset\": \"44b6_2a2eff9f\", \"frame\": 78, \"minimum_retention\": 0.9, \"primary_candidates\": 496, \"retention\": 0.7318548387096774, \"use_primary\": true}\n"}
,{"stream_name":"stdout","time":2053.33775868,"data":"EDGE_TTA_ACTIVE views= 8 mean_abs_feat_delta= 0.362629\n"}
,{"stream_name":"stdout","time":2053.54049379,"data":"EDGE_TTA_ACTIVE views= 8 mean_abs_feat_delta= 0.362629\n"}
,{"stream_name":"stdout","time":2054.379789622,"data":"BIOHUB_RETENTION_GUARD {\"blended_candidates\": 380, \"dataset\": \"44b6_2a2eff9f\", \"frame\": 79, \"minimum_retention\": 0.9, \"primary_candidates\": 504, \"retention\": 0.753968253968254, \"use_primary\": true}\n"}
,{"stream_name":"stdout","time":2054.582344329,"data":"BIOHUB_RETENTION_GUARD {\"blended_candidates\": 380, \"dataset\": \"44b6_2a2eff9f\", \"frame\": 79, \"minimum_retention\": 0.9, \"primary_candidates\": 504, \"retention\": 0.753968253968254, \"use_primary\": true}\n"}
,{"stream_name":"stdout","time":2055.060733113,"data":"EDGE_TTA_ACTIVE views= 8 mean_abs_feat_delta= 0.354392\n"}
,{"stream_name":"stdout","time":2055.263380629,"data":"EDGE_TTA_ACTIVE views= 8 mean_abs_feat_delta= 0.354392\n"}
,{"stream_name":"stdout","time":2055.604604699,"data":"EDGE_TTA_ACTIVE views= 8 mean_abs_feat_delta= 0.368271\n"}
,{"stream_name":"stdout","time":2055.807191693,"data":"EDGE_TTA_ACTIVE views= 8 mean_abs_feat_delta= 0.368271\n"}
,{"stream_name":"stdout","time":2056.229794706,"data":"PUBLIC946_GPU_SMOKE {\"arm\": \"C2\", \"association\": {\"actual_primary_logits_after_original_harmonic_fusion\": {\"all_finite\": true, \"device\": \"cuda:0\", \"dtype\": \"torch.float32\", \"numel\": 173442, \"shape\": [1, 422, 411], \"stride\": [173442, 411, 1]}, \"actual_secondary_feature_consumed\": true, \"actual_secondary_logits\": {\"all_finite\": true, \"device\": \"cuda:0\", \"dtype\": \"torch.float32\", \"numel\": 173442, \"shape\": [1, 422, 411], \"stride\": [173442, 411, 1]}, \"coordinate_grid\": {\"downsample\": [1.0, 4.0, 4.0], \"source\": {\"device\": \"cuda:0\", \"dtype\": \"torch.float32\", \"numel\": 1266, \"shape\": [1, 422, 3], \"stride\": [422, 1, 422]}, \"target\": {\"device\": \"cuda:0\", \"dtype\": \"torch.float32\", \"numel\": 1233, \"shape\": [1, 411, 3], \"stride\": [411, 1, 411]}}, \"diagnostic_edge_head_calls\": 1, \"diagnostic_encoder_calls\": 0, \"diagnostic_probabilities_used_in_production\": false, \"diagnostic_seconds\": 0.019573475000015605, \"frame_pair_index\": 0, \"primary_source_sampled_features\": {\"all_finite\": true, \"device\": \"cuda:0\", \"dtype\": \"torch.float32\", \"numel\": 13504, \"shape\": [1, 422, 32], \"stride\": [13504, 32, 1]}, \"primary_target_sampled_features\": {\"all_finite\": true, \"device\": \"cuda:0\", \"dtype\": \"torch.float32\", \"numel\": 13152, \"shape\": [1, 411, 32], \"stride\": [13152, 32, 1]}, \"probability_comparison_stage\": \"secondary edge-head softmax over parents, before original calibration and low-margin mixing\", \"probability_delta_vs_single_pass_same_coordinates\": {\"sample_elements\": 65536, \"sample_equal\": false, \"sample_max_abs_delta\": 0.7088044285774231, \"sample_mean_abs_delta\": 0.0007277010008692741, \"sample_stride\": 2}, \"production_calls\": 1, \"same_low_margin_config\": {\"secondary_detection_weight\": 0.8, \"secondary_edge_weight\": 0.15, \"secondary_link_mode\": \"low_margin_consensus\"}, \"source_delta_vs_single_pass\": {\"sample_elements\": 13504, \"sample_equal\": false, \"sample_max_abs_delta\": 1.1362299919128418, \"sample_mean_abs_delta\": 0.14701782166957855, \"sample_stride\": 1}, \"source_sampled_features\": {\"all_finite\": true, \"device\": \"cuda:0\", \"dtype\": \"torch.float32\", \"numel\": 13504, \"shape\": [1, 422, 32], \"stride\": [13504, 32, 1]}, \"target_delta_vs_single_pass\": {\"sample_elements\": 13152, \"sample_equal\": false, \"sample_max_abs_delta\": 1.179391622543335, \"sample_mean_abs_delta\": 0.13746751844882965, \"sample_stride\": 1}, \"target_sampled_features\": {\"all_finite\": true, \"device\": \"cuda:0\", \"dtype\": \"torch.float32\", \"numel\": 13152, \"shape\": [1, 411, 32], \"stride\": [13152, 32, 1]}}, \"association_calls\": 1, \"config\": {\"secondary_detection_weight\": 0.8, \"secondary_edge_weight\": 0.15, \"secondary_link_mode\": \"low_margin_consensus\"}, \"consumed_features\": {\"primary\": {\"all_finite\": true, \"delta_vs_single_pass\": {\"sample_elements\": 65536, \"sample_equal\": false, \"sample_max_abs_delta\": 2.056849479675293, \"sample_mean_abs_delta\": 0.4300804138183594, \"sample_stride\": 256}, \"device\": \"cuda:0\", \"dtype\": \"torch.float32\", \"numel\": 16777216, \"original_encoded_feature_sample_unchanged\": true, \"same_storage_as_original\": false, \"shape\": [1, 2, 32, 64, 64, 64], \"single_pass\": {\"device\": \"cuda:0\", \"dtype\": \"torch.float32\", \"numel\": 16777216, \"shape\": [1, 2, 32, 64, 64, 64], \"stride\": [16777216, 8388608, 262144, 4096, 64, 1]}, \"stride\": [16777216, 8388608, 262144, 4096, 64, 1]}, \"secondary\": {\"all_finite\": true, \"delta_vs_single_pass\": {\"sample_elements\": 65536, \"sample_equal\": false, \"sample_max_abs_delta\": 1.3501962423324585, \"sample_mean_abs_delta\": 0.24907130002975464, \"sample_stride\": 256}, \"device\": \"cuda:0\", \"dtype\": \"torch.float32\", \"numel\": 16777216, \"original_encoded_feature_sample_unchanged\": true, \"same_storage_as_original\": false, \"shape\": [1, 2, 32, 64, 64, 64], \"single_pass\": {\"device\": \"cuda:0\", \"dtype\": \"torch.float32\", \"numel\": 16777216, \"shape\": [1, 2, 32, 64, 64, 64], \"stride\": [16777216, 8388608, 262144, 4096, 64, 1]}, \"stride\": [16777216, 8388608, 262144, 4096, 64, 1]}}, \"consumed_heatmaps\": [{\"all_finite\": true, \"device\": \"cuda:0\", \"dtype\": \"torch.float32\", \"numel\": 262144, \"shape\": [1, 1, 64, 64, 64], \"stride\": [262144, 262144, 4096, 64, 1]}, {\"all_finite\": true, \"device\": \"cuda:0\", \"dtype\": \"torch.float32\", \"numel\": 262144, \"shape\": [1, 1, 64, 64, 64], \"stride\": [262144, 262144, 4096, 64, 1]}], \"cuda_peak_allocated_bytes_process\": 728221696, \"cuda_peak_reserved_bytes_process\": 977272832, \"dataset\": \"6bba_07e24132\", \"encode_calls\": {\"primary\": 8, \"secondary\": 8}, \"encode_seconds\": {\"primary\": 1.0754634739996618, \"secondary\": 1.02918135399932}, \"encode_views\": [{\"feature\": {\"device\": \"cuda:0\", \"dtype\": \"torch.float32\", \"numel\": 16777216, \"shape\": [1, 2, 32, 64, 64, 64], \"stride\": [16777216, 8388608, 262144, 4096, 64, 1]}, \"heatmap0\": {\"device\": \"cuda:0\", \"dtype\": \"torch.float32\", \"numel\": 262144, \"shape\": [1, 1, 64, 64, 64], \"stride\": [262144, 262144, 4096, 64, 1]}, \"input\": {\"device\": \"cuda:0\", \"dtype\": \"torch.float32\", \"numel\": 524288, \"shape\": [1, 2, 64, 64, 64], \"stride\": [524288, 262144, 4096, 64, 1]}, \"pass\": 1, \"role\": \"primary\"}, {\"feature\": {\"device\": \"cuda:0\", \"dtype\": \"torch.float32\", \"numel\": 16777216, \"shape\": [1, 2, 32, 64, 64, 64], \"stride\": [16777216, 8388608, 262144, 4096, 64, 1]}, \"heatmap0\": {\"device\": \"cuda:0\", \"dtype\": \"torch.float32\", \"numel\": 262144, \"shape\": [1, 1, 64, 64, 64], \"stride\": [262144, 262144, 4096, 64, 1]}, \"input\": {\"device\": \"cuda:0\", \"dtype\": \"torch.float32\", \"numel\": 524288, \"shape\": [1, 2, 64, 64, 64], \"stride\": [524288, 262144, 4096, 64, 1]}, \"pass\": 2, \"role\": \"primary\"}, {\"feature\": {\"device\": \"cuda:0\", \"dtype\": \"torch.float32\", \"numel\": 16777216, \"shape\": [1, 2, 32, 64, 64, 64], \"stride\": [16777216, 8388608, 262144, 4096, 64, 1]}, \"heatmap0\": {\"device\": \"cuda:0\", \"dtype\": \"torch.float32\", \"numel\": 262144, \"shape\": [1, 1, 64, 64, 64], \"stride\": [262144, 262144, 4096, 64, 1]}, \"input\": {\"device\": \"cuda:0\", \"dtype\": \"torch.float32\", \"numel\": 524288, \"shape\": [1, 2, 64, 64, 64], \"stride\": [524288, 262144, 4096, 64, 1]}, \"pass\": 3, \"role\": \"primary\"}, {\"feature\": {\"device\": \"cuda:0\", \"dtype\": \"torch.float32\", \"numel\": 16777216, \"shape\": [1, 2, 32, 64, 64, 64], \"stride\": [16777216, 8388608, 262144, 4096, 64, 1]}, \"heatmap0\": {\"device\": \"cuda:0\", \"dtype\": \"torch.float32\", \"numel\": 262144, \"shape\": [1, 1, 64, 64, 64], \"stride\": [262144, 262144, 4096, 64, 1]}, \"input\": {\"device\": \"cuda:0\", \"dtype\": \"torch.float32\", \"numel\": 524288, \"shape\": [1, 2, 64, 64, 64], \"stride\": [524288, 262144, 4096, 64, 1]}, \"pass\": 4, \"role\": \"primary\"}, {\"feature\": {\"device\": \"cuda:0\", \"dtype\": \"torch.float32\", \"numel\": 16777216, \"shape\": [1, 2, 32, 64, 64, 64], \"stride\": [16777216, 8388608, 262144, 4096, 64, 1]}, \"heatmap0\": {\"device\": \"cuda:0\", \"dtype\": \"torch.float32\", \"numel\": 262144, \"shape\": [1, 1, 64, 64, 64], \"stride\": [262144, 262144, 4096, 64, 1]}, \"input\": {\"device\": \"cuda:0\", \"dtype\": \"torch.float32\", \"numel\": 524288, \"shape\": [1, 2, 64, 64, 64], \"stride\": [524288, 262144, 4096, 1, 64]}, \"pass\": 5, \"role\": \"primary\"}, {\"feature\": {\"device\": \"cuda:0\", \"dtype\": \"torch.float32\", \"numel\": 16777216, \"shape\": [1, 2, 32, 64, 64, 64], \"stride\": [16777216, 8388608, 262144, 4096, 64, 1]}, \"heatmap0\": {\"device\": \"cuda:0\", \"dtype\": \"torch.float32\", \"numel\": 262144, \"shape\": [1, 1, 64, 64, 64], \"stride\": [262144, 262144, 4096, 64, 1]}, \"input\": {\"device\": \"cuda:0\", \"dtype\": \"torch.float32\", \"numel\": 524288, \"shape\": [1, 2, 64, 64, 64], \"stride\": [524288, 262144, 4096, 1, 64]}, \"pass\": 6, \"role\": \"primary\"}, {\"feature\": {\"device\": \"cuda:0\", \"dtype\": \"torch.float32\", \"numel\": 16777216, \"shape\": [1, 2, 32, 64, 64, 64], \"stride\": [16777216, 8388608, 262144, 4096, 64, 1]}, \"heatmap0\": {\"device\": \"cuda:0\", \"dtype\": \"torch.float32\", \"numel\": 262144, \"shape\": [1, 1, 64, 64, 64], \"stride\": [262144, 262144, 4096, 64, 1]}, \"input\": {\"device\": \"cuda:0\", \"dtype\": \"torch.float32\", \"numel\": 524288, \"shape\": [1, 2, 64, 64, 64], \"stride\": [524288, 262144, 4096, 1, 64]}, \"pass\": 7, \"role\": \"primary\"}, {\"feature\": {\"device\": \"cuda:0\", \"dtype\": \"torch.float32\", \"numel\": 16777216, \"shape\": [1, 2, 32, 64, 64, 64], \"stride\": [16777216, 8388608, 262144, 4096, 64, 1]}, \"heatmap0\": {\"device\": \"cuda:0\", \"dtype\": \"torch.float32\", \"numel\": 262144, \"shape\": [1, 1, 64, 64, 64], \"stride\": [262144, 262144, 4096, 64, 1]}, \"input\": {\"device\": \"cuda:0\", \"dtype\": \"torch.float32\", \"numel\": 524288, \"shape\": [1, 2, 64, 64, 64], \"stride\": [524288, 262144, 4096, 64, 1]}, \"pass\": 8, \"role\": \"primary\"}, {\"feature\": {\"device\": \"cuda:0\", \"dtype\": \"torch.float32\", \"numel\": 16777216, \"shape\": [1, 2, 32, 64, 64, 64], \"stride\": [16777216, 8388608, 262144, 4096, 64, 1]}, \"heatmap0\": {\"device\": \"cuda:0\", \"dtype\": \"torch.float32\", \"numel\": 262144, \"shape\": [1, 1, 64, 64, 64], \"stride\": [262144, 262144, 4096, 64, 1]}, \"input\": {\"device\": \"cuda:0\", \"dtype\": \"torch.float32\", \"numel\": 524288, \"shape\": [1, 2, 64, 64, 64], \"stride\": [524288, 262144, 4096, 64, 1]}, \"pass\": 1, \"role\": \"secondary\"}, {\"feature\": {\"device\": \"cuda:0\", \"dtype\": \"torch.float32\", \"numel\": 16777216, \"shape\": [1, 2, 32, 64, 64, 64], \"stride\": [16777216, 8388608, 262144, 4096, 64, 1]}, \"heatmap0\": {\"device\": \"cuda:0\", \"dtype\": \"torch.float32\", \"numel\": 262144, \"shape\": [1, 1, 64, 64, 64], \"stride\": [262144, 262144, 4096, 64, 1]}, \"input\": {\"device\": \"cuda:0\", \"dtype\": \"torch.float32\", \"numel\": 524288, \"shape\": [1, 2, 64, 64, 64], \"stride\": [524288, 262144, 4096, 64, 1]}, \"pass\": 2, \"role\": \"secondary\"}, {\"feature\": {\"device\": \"cuda:0\", \"dtype\": \"torch.float32\", \"numel\": 16777216, \"shape\": [1, 2, 32, 64, 64, 64], \"stride\": [16777216, 8388608, 262144, 4096, 64, 1]}, \"heatmap0\": {\"device\": \"cuda:0\", \"dtype\": \"torch.float32\", \"numel\": 262144, \"shape\": [1, 1, 64, 64, 64], \"stride\": [262144, 262144, 4096, 64, 1]}, \"input\": {\"device\": \"cuda:0\", \"dtype\": \"torch.float32\", \"numel\": 524288, \"shape\": [1, 2, 64, 64, 64], \"stride\": [524288, 262144, 4096, 64, 1]}, \"pass\": 3, \"role\": \"secondary\"}, {\"feature\": {\"device\": \"cuda:0\", \"dtype\": \"torch.float32\", \"numel\": 16777216, \"shape\": [1, 2, 32, 64, 64, 64], \"stride\": [16777216, 8388608, 262144, 4096, 64, 1]}, \"heatmap0\": {\"device\": \"cuda:0\", \"dtype\": \"torch.float32\", \"numel\": 262144, \"shape\": [1, 1, 64, 64, 64], \"stride\": [262144, 262144, 4096, 64, 1]}, \"input\": {\"device\": \"cuda:0\", \"dtype\": \"torch.float32\", \"numel\": 524288, \"shape\": [1, 2, 64, 64, 64], \"stride\": [524288, 262144, 4096, 64, 1]}, \"pass\": 4, \"role\": \"secondary\"}, {\"feature\": {\"device\": \"cuda:0\", \"dtype\": \"torch.float32\", \"numel\": 16777216, \"shape\": [1, 2, 32, 64, 64, 64], \"stride\": [16777216, 8388608, 262144, 4096, 64, 1]}, \"heatmap0\": {\"device\": \"cuda:0\", \"dtype\": \"torch.float32\", \"numel\": 262144, \"shape\": [1, 1, 64, 64, 64], \"stride\": [262144, 262144, 4096, 64, 1]}, \"input\": {\"device\": \"cuda:0\", \"dtype\": \"torch.float32\", \"numel\": 524288, \"shape\": [1, 2, 64, 64, 64], \"stride\": [524288, 262144, 4096, 1, 64]}, \"pass\": 5, \"role\": \"secondary\"}, {\"feature\": {\"device\": \"cuda:0\", \"dtype\": \"torch.float32\", \"numel\": 16777216, \"shape\": [1, 2, 32, 64, 64, 64], \"stride\": [16777216, 8388608, 262144, 4096, 64, 1]}, \"heatmap0\": {\"device\": \"cuda:0\", \"dtype\": \"torch.float32\", \"numel\": 262144, \"shape\": [1, 1, 64, 64, 64], \"stride\": [262144, 262144, 4096, 64, 1]}, \"input\": {\"device\": \"cuda:0\", \"dtype\": \"torch.float32\", \"numel\": 524288, \"shape\": [1, 2, 64, 64, 64], \"stride\": [524288, 262144, 4096, 1, 64]}, \"pass\": 6, \"role\": \"secondary\"}, {\"feature\": {\"device\": \"cuda:0\", \"dtype\": \"torch.float32\", \"numel\": 16777216, \"shape\": [1, 2, 32, 64, 64, 64], \"stride\": [16777216, 8388608, 262144, 4096, 64, 1]}, \"heatmap0\": {\"device\": \"cuda:0\", \"dtype\": \"torch.float32\", \"numel\": 262144, \"shape\": [1, 1, 64, 64, 64], \"stride\": [262144, 262144, 4096, 64, 1]}, \"input\": {\"device\": \"cuda:0\", \"dtype\": \"torch.float32\", \"numel\": 524288, \"shape\": [1, 2, 64, 64, 64], \"stride\": [524288, 262144, 4096, 1, 64]}, \"pass\": 7, \"role\": \"secondary\"}, {\"feature\": {\"device\": \"cuda:0\", \"dtype\": \"torch.float32\", \"numel\": 16777216, \"shape\": [1, 2, 32, 64, 64, 64], \"stride\": [16777216, 8388608, 262144, 4096, 64, 1]}, \"heatmap0\": {\"device\": \"cuda:0\", \"dtype\": \"torch.float32\", \"numel\": 262144, \"shape\": [1, 1, 64, 64, 64], \"stride\": [262144, 262144, 4096, 64, 1]}, \"input\": {\"device\": \"cuda:0\", \"dtype\": \"torch.float32\", \"numel\": 524288, \"shape\": [1, 2, 64, 64, 64], \"stride\": [524288, 262144, 4096, 64, 1]}, \"pass\": 8, \"role\": \"secondary\"}], \"event\": \"actual_predictor_window\", \"frames\": [0, 1], \"input\": {\"all_finite\": true, \"device\": \"cuda:0\", \"dtype\": \"torch.float32\", \"numel\": 524288, \"shape\": [1, 2, 64, 64, 64], \"stride\": [524288, 262144, 4096, 64, 1]}, \"input_parent\": \"/kaggle/input/competitions/biohub-cell-tracking-during-development/train\", \"seconds_including_common_audit\": 2.2594979350001267, \"window_index\": 1, \"worker_execution_settings\": {\"autocast_enabled\": false, \"cuda_runtime\": \"12.8\", \"cudnn_allow_tf32\": true, \"cudnn_benchmark\": false, \"cudnn_deterministic\": false, \"default_dtype\": \"torch.float32\", \"deterministic_algorithms\": false, \"float32_matmul_precision\": \"highest\", \"gpu_name\": \"Tesla T4\", \"grad_enabled\": false, \"matmul_allow_tf32\": false, \"torch_initial_seed\": 3060857717345029780, \"torch_version\": \"2.10.0+cu128\"}}\n"}
,{"stream_name":"stdout","time":2056.505292636,"data":"PUBLIC946_GPU_SMOKE {\"arm\": \"C2\", \"association\": {\"actual_primary_logits_after_original_harmonic_fusion\": {\"all_finite\": true, \"device\": \"cuda:0\", \"dtype\": \"torch.float32\", \"numel\": 173442, \"shape\": [1, 422, 411], \"stride\": [173442, 411, 1]}, \"actual_secondary_feature_consumed\": true, \"actual_secondary_logits\": {\"all_finite\": true, \"device\": \"cuda:0\", \"dtype\": \"torch.float32\", \"numel\": 173442, \"shape\": [1, 422, 411], \"stride\": [173442, 411, 1]}, \"coordinate_grid\": {\"downsample\": [1.0, 4.0, 4.0], \"source\": {\"device\": \"cuda:0\", \"dtype\": \"torch.float32\", \"numel\": 1266, \"shape\": [1, 422, 3], \"stride\": [422, 1, 422]}, \"target\": {\"device\": \"cuda:0\", \"dtype\": \"torch.float32\", \"numel\": 1233, \"shape\": [1, 411, 3], \"stride\": [411, 1, 411]}}, \"diagnostic_edge_head_calls\": 1, \"diagnostic_encoder_calls\": 0, \"diagnostic_probabilities_used_in_production\": false, \"diagnostic_seconds\": 0.019573475000015605, \"frame_pair_index\": 0, \"primary_source_sampled_features\": {\"all_finite\": true, \"device\": \"cuda:0\", \"dtype\": \"torch.float32\", \"numel\": 13504, \"shape\": [1, 422, 32], \"stride\": [13504, 32, 1]}, \"primary_target_sampled_features\": {\"all_finite\": true, \"device\": \"cuda:0\", \"dtype\": \"torch.float32\", \"numel\": 13152, \"shape\": [1, 411, 32], \"stride\": [13152, 32, 1]}, \"probability_comparison_stage\": \"secondary edge-head softmax over parents, before original calibration and low-margin mixing\", \"probability_delta_vs_single_pass_same_coordinates\": {\"sample_elements\": 65536, \"sample_equal\": false, \"sample_max_abs_delta\": 0.7088044285774231, \"sample_mean_abs_delta\": 0.0007277010008692741, \"sample_stride\": 2}, \"production_calls\": 1, \"same_low_margin_config\": {\"secondary_detection_weight\": 0.8, \"secondary_edge_weight\": 0.15, \"secondary_link_mode\": \"low_margin_consensus\"}, \"source_delta_vs_single_pass\": {\"sample_elements\": 13504, \"sample_equal\": false, \"sample_max_abs_delta\": 1.1362299919128418, \"sample_mean_abs_delta\": 0.14701782166957855, \"sample_stride\": 1}, \"source_sampled_features\": {\"all_finite\": true, \"device\": \"cuda:0\", \"dtype\": \"torch.float32\", \"numel\": 13504, \"shape\": [1, 422, 32], \"stride\": [13504, 32, 1]}, \"target_delta_vs_single_pass\": {\"sample_elements\": 13152, \"sample_equal\": false, \"sample_max_abs_delta\": 1.179391622543335, \"sample_mean_abs_delta\": 0.13746751844882965, \"sample_stride\": 1}, \"target_sampled_features\": {\"all_finite\": true, \"device\": \"cuda:0\", \"dtype\": \"torch.float32\", \"numel\": 13152, \"shape\": [1, 411, 32], \"stride\": [13152, 32, 1]}}, \"association_calls\": 1, \"config\": {\"secondary_detection_weight\": 0.8, \"secondary_edge_weight\": 0.15, \"secondary_link_mode\": \"low_margin_consensus\"}, \"consumed_features\": {\"primary\": {\"all_finite\": true, \"delta_vs_single_pass\": {\"sample_elements\": 65536, \"sample_equal\": false, \"sample_max_abs_delta\": 2.056849479675293, \"sample_mean_abs_delta\": 0.4300804138183594, \"sample_stride\": 256}, \"device\": \"cuda:0\", \"dtype\": \"torch.float32\", \"numel\": 16777216, \"original_encoded_feature_sample_unchanged\": true, \"same_storage_as_original\": false, \"shape\": [1, 2, 32, 64, 64, 64], \"single_pass\": {\"device\": \"cuda:0\", \"dtype\": \"torch.float32\", \"numel\": 16777216, \"shape\": [1, 2, 32, 64, 64, 64], \"stride\": [16777216, 8388608, 262144, 4096, 64, 1]}, \"stride\": [16777216, 8388608, 262144, 4096, 64, 1]}, \"secondary\": {\"all_finite\": true, \"delta_vs_single_pass\": {\"sample_elements\": 65536, \"sample_equal\": false, \"sample_max_abs_delta\": 1.3501962423324585, \"sample_mean_abs_delta\": 0.24907130002975464, \"sample_stride\": 256}, \"device\": \"cuda:0\", \"dtype\": \"torch.float32\", \"numel\": 16777216, \"original_encoded_feature_sample_unchanged\": true, \"same_storage_as_original\": false, \"shape\": [1, 2, 32, 64, 64, 64], \"single_pass\": {\"device\": \"cuda:0\", \"dtype\": \"torch.float32\", \"numel\": 16777216, \"shape\": [1, 2, 32, 64, 64, 64], \"stride\": [16777216, 8388608, 262144, 4096, 64, 1]}, \"stride\": [16777216, 8388608, 262144, 4096, 64, 1]}}, \"consumed_heatmaps\": [{\"all_finite\": true, \"device\": \"cuda:0\", \"dtype\": \"torch.float32\", \"numel\": 262144, \"shape\": [1, 1, 64, 64, 64], \"stride\": [262144, 262144, 4096, 64, 1]}, {\"all_finite\": true, \"device\": \"cuda:0\", \"dtype\": \"torch.float32\", \"numel\": 262144, \"shape\": [1, 1, 64, 64, 64], \"stride\": [262144, 262144, 4096, 64, 1]}], \"cuda_peak_allocated_bytes_process\": 728221696, \"cuda_peak_reserved_bytes_process\": 977272832, \"dataset\": \"6bba_07e24132\", \"encode_calls\": {\"primary\": 8, \"secondary\": 8}, \"encode_seconds\": {\"primary\": 1.0754634739996618, \"secondary\": 1.02918135399932}, \"encode_views\": [{\"feature\": {\"device\": \"cuda:0\", \"dtype\": \"torch.float32\", \"numel\": 16777216, \"shape\": [1, 2, 32, 64, 64, 64], \"stride\": [16777216, 8388608, 262144, 4096, 64, 1]}, \"heatmap0\": {\"device\": \"cuda:0\", \"dtype\": \"torch.float32\", \"numel\": 262144, \"shape\": [1, 1, 64, 64, 64], \"stride\": [262144, 262144, 4096, 64, 1]}, \"input\": {\"device\": \"cuda:0\", \"dtype\": \"torch.float32\", \"numel\": 524288, \"shape\": [1, 2, 64, 64, 64], \"stride\": [524288, 262144, 4096, 64, 1]}, \"pass\": 1, \"role\": \"primary\"}, {\"feature\": {\"device\": \"cuda:0\", \"dtype\": \"torch.float32\", \"numel\": 16777216, \"shape\": [1, 2, 32, 64, 64, 64], \"stride\": [16777216, 8388608, 262144, 4096, 64, 1]}, \"heatmap0\": {\"device\": \"cuda:0\", \"dtype\": \"torch.float32\", \"numel\": 262144, \"shape\": [1, 1, 64, 64, 64], \"stride\": [262144, 262144, 4096, 64, 1]}, \"input\": {\"device\": \"cuda:0\", \"dtype\": \"torch.float32\", \"numel\": 524288, \"shape\": [1, 2, 64, 64, 64], \"stride\": [524288, 262144, 4096, 64, 1]}, \"pass\": 2, \"role\": \"primary\"}, {\"feature\": {\"device\": \"cuda:0\", \"dtype\": \"torch.float32\", \"numel\": 16777216, \"shape\": [1, 2, 32, 64, 64, 64], \"stride\": [16777216, 8388608, 262144, 4096, 64, 1]}, \"heatmap0\": {\"device\": \"cuda:0\", \"dtype\": \"torch.float32\", \"numel\": 262144, \"shape\": [1, 1, 64, 64, 64], \"stride\": [262144, 262144, 4096, 64, 1]}, \"input\": {\"device\": \"cuda:0\", \"dtype\": \"torch.float32\", \"numel\": 524288, \"shape\": [1, 2, 64, 64, 64], \"stride\": [524288, 262144, 4096, 64, 1]}, \"pass\": 3, \"role\": \"primary\"}, {\"feature\": {\"device\": \"cuda:0\", \"dtype\": \"torch.float32\", \"numel\": 16777216, \"shape\": [1, 2, 32, 64, 64, 64], \"stride\": [16777216, 8388608, 262144, 4096, 64, 1]}, \"heatmap0\": {\"device\": \"cuda:0\", \"dtype\": \"torch.float32\", \"numel\": 262144, \"shape\": [1, 1, 64, 64, 64], \"stride\": [262144, 262144, 4096, 64, 1]}, \"input\": {\"device\": \"cuda:0\", \"dtype\": \"torch.float32\", \"numel\": 524288, \"shape\": [1, 2, 64, 64, 64], \"stride\": [524288, 262144, 4096, 64, 1]}, \"pass\": 4, \"role\": \"primary\"}, {\"feature\": {\"device\": \"cuda:0\", \"dtype\": \"torch.float32\", \"numel\": 16777216, \"shape\": [1, 2, 32, 64, 64, 64], \"stride\": [16777216, 8388608, 262144, 4096, 64, 1]}, \"heatmap0\": {\"device\": \"cuda:0\", \"dtype\": \"torch.float32\", \"numel\": 262144, \"shape\": [1, 1, 64, 64, 64], \"stride\": [262144, 262144, 4096, 64, 1]}, \"input\": {\"device\": \"cuda:0\", \"dtype\": \"torch.float32\", \"numel\": 524288, \"shape\": [1, 2, 64, 64, 64], \"stride\": [524288, 262144, 4096, 1, 64]}, \"pass\": 5, \"role\": \"primary\"}, {\"feature\": {\"device\": \"cuda:0\", \"dtype\": \"torch.float32\", \"numel\": 16777216, \"shape\": [1, 2, 32, 64, 64, 64], \"stride\": [16777216, 8388608, 262144, 4096, 64, 1]}, \"heatmap0\": {\"device\": \"cuda:0\", \"dtype\": \"torch.float32\", \"numel\": 262144, \"shape\": [1, 1, 64, 64, 64], \"stride\": [262144, 262144, 4096, 64, 1]}, \"input\": {\"device\": \"cuda:0\", \"dtype\": \"torch.float32\", \"numel\": 524288, \"shape\": [1, 2, 64, 64, 64], \"stride\": [524288, 262144, 4096, 1, 64]}, \"pass\": 6, \"role\": \"primary\"}, {\"feature\": {\"device\": \"cuda:0\", \"dtype\": \"torch.float32\", \"numel\": 16777216, \"shape\": [1, 2, 32, 64, 64, 64], \"stride\": [16777216, 8388608, 262144, 4096, 64, 1]}, \"heatmap0\": {\"device\": \"cuda:0\", \"dtype\": \"torch.float32\", \"numel\": 262144, \"shape\": [1, 1, 64, 64, 64], \"stride\": [262144, 262144, 4096, 64, 1]}, \"input\": {\"device\": \"cuda:0\", \"dtype\": \"torch.float32\", \"numel\": 524288, \"shape\": [1, 2, 64, 64, 64], \"stride\": [524288, 262144, 4096, 1, 64]}, \"pass\": 7, \"role\": \"primary\"}, {\"feature\": {\"device\": \"cuda:0\", \"dtype\": \"torch.float32\", \"numel\": 16777216, \"shape\": [1, 2, 32, 64, 64, 64], \"stride\": [16777216, 8388608, 262144, 4096, 64, 1]}, \"heatmap0\": {\"device\": \"cuda:0\", \"dtype\": \"torch.float32\", \"numel\": 262144, \"shape\": [1, 1, 64, 64, 64], \"stride\": [262144, 262144, 4096, 64, 1]}, \"input\": {\"device\": \"cuda:0\", \"dtype\": \"torch.float32\", \"numel\": 524288, \"shape\": [1, 2, 64, 64, 64], \"stride\": [524288, 262144, 4096, 64, 1]}, \"pass\": 8, \"role\": \"primary\"}, {\"feature\": {\"device\": \"cuda:0\", \"dtype\": \"torch.float32\", \"numel\": 16777216, \"shape\": [1, 2, 32, 64, 64, 64], \"stride\": [16777216, 8388608, 262144, 4096, 64, 1]}, \"heatmap0\": {\"device\": \"cuda:0\", \"dtype\": \"torch.float32\", \"numel\": 262144, \"shape\": [1, 1, 64, 64, 64], \"stride\": [262144, 262144, 4096, 64, 1]}, \"input\": {\"device\": \"cuda:0\", \"dtype\": \"torch.float32\", \"numel\": 524288, \"shape\": [1, 2, 64, 64, 64], \"stride\": [524288, 262144, 4096, 64, 1]}, \"pass\": 1, \"role\": \"secondary\"}, {\"feature\": {\"device\": \"cuda:0\", \"dtype\": \"torch.float32\", \"numel\": 16777216, \"shape\": [1, 2, 32, 64, 64, 64], \"stride\": [16777216, 8388608, 262144, 4096, 64, 1]}, \"heatmap0\": {\"device\": \"cuda:0\", \"dtype\": \"torch.float32\", \"numel\": 262144, \"shape\": [1, 1, 64, 64, 64], \"stride\": [262144, 262144, 4096, 64, 1]}, \"input\": {\"device\": \"cuda:0\", \"dtype\": \"torch.float32\", \"numel\": 524288, \"shape\": [1, 2, 64, 64, 64], \"stride\": [524288, 262144, 4096, 64, 1]}, \"pass\": 2, \"role\": \"secondary\"}, {\"feature\": {\"device\": \"cuda:0\", \"dtype\": \"torch.float32\", \"numel\": 16777216, \"shape\": [1, 2, 32, 64, 64, 64], \"stride\": [16777216, 8388608, 262144, 4096, 64, 1]}, \"heatmap0\": {\"device\": \"cuda:0\", \"dtype\": \"torch.float32\", \"numel\": 262144, \"shape\": [1, 1, 64, 64, 64], \"stride\": [262144, 262144, 4096, 64, 1]}, \"input\": {\"device\": \"cuda:0\", \"dtype\": \"torch.float32\", \"numel\": 524288, \"shape\": [1, 2, 64, 64, 64], \"stride\": [524288, 262144, 4096, 64, 1]}, \"pass\": 3, \"role\": \"secondary\"}, {\"feature\": {\"device\": \"cuda:0\", \"dtype\": \"torch.float32\", \"numel\": 16777216, \"shape\": [1, 2, 32, 64, 64, 64], \"stride\": [16777216, 8388608, 262144, 4096, 64, 1]}, \"heatmap0\": {\"device\": \"cuda:0\", \"dtype\": \"torch.float32\", \"numel\": 262144, \"shape\": [1, 1, 64, 64, 64], \"stride\": [262144, 262144, 4096, 64, 1]}, \"input\": {\"device\": \"cuda:0\", \"dtype\": \"torch.float32\", \"numel\": 524288, \"shape\": [1, 2, 64, 64, 64], \"stride\": [524288, 262144, 4096, 64, 1]}, \"pass\": 4, \"role\": \"secondary\"}, {\"feature\": {\"device\": \"cuda:0\", \"dtype\": \"torch.float32\", \"numel\": 16777216, \"shape\": [1, 2, 32, 64, 64, 64], \"stride\": [16777216, 8388608, 262144, 4096, 64, 1]}, \"heatmap0\": {\"device\": \"cuda:0\", \"dtype\": \"torch.float32\", \"numel\": 262144, \"shape\": [1, 1, 64, 64, 64], \"stride\": [262144, 262144, 4096, 64, 1]}, \"input\": {\"device\": \"cuda:0\", \"dtype\": \"torch.float32\", \"numel\": 524288, \"shape\": [1, 2, 64, 64, 64], \"stride\": [524288, 262144, 4096, 1, 64]}, \"pass\": 5, \"role\": \"secondary\"}, {\"feature\": {\"device\": \"cuda:0\", \"dtype\": \"torch.float32\", \"numel\": 16777216, \"shape\": [1, 2, 32, 64, 64, 64], \"stride\": [16777216, 8388608, 262144, 4096, 64, 1]}, \"heatmap0\": {\"device\": \"cuda:0\", \"dtype\": \"torch.float32\", \"numel\": 262144, \"shape\": [1, 1, 64, 64, 64], \"stride\": [262144, 262144, 4096, 64, 1]}, \"input\": {\"device\": \"cuda:0\", \"dtype\": \"torch.float32\", \"numel\": 524288, \"shape\": [1, 2, 64, 64, 64], \"stride\": [524288, 262144, 4096, 1, 64]}, \"pass\": 6, \"role\": \"secondary\"}, {\"feature\": {\"device\": \"cuda:0\", \"dtype\": \"torch.float32\", \"numel\": 16777216, \"shape\": [1, 2, 32, 64, 64, 64], \"stride\": [16777216, 8388608, 262144, 4096, 64, 1]}, \"heatmap0\": {\"device\": \"cuda:0\", \"dtype\": \"torch.float32\", \"numel\": 262144, \"shape\": [1, 1, 64, 64, 64], \"stride\": [262144, 262144, 4096, 64, 1]}, \"input\": {\"device\": \"cuda:0\", \"dtype\": \"torch.float32\", \"numel\": 524288, \"shape\": [1, 2, 64, 64, 64], \"stride\": [524288, 262144, 4096, 1, 64]}, \"pass\": 7, \"role\": \"secondary\"}, {\"feature\": {\"device\": \"cuda:0\", \"dtype\": \"torch.float32\", \"numel\": 16777216, \"shape\": [1, 2, 32, 64, 64, 64], \"stride\": [16777216, 8388608, 262144, 4096, 64, 1]}, \"heatmap0\": {\"device\": \"cuda:0\", \"dtype\": \"torch.float32\", \"numel\": 262144, \"shape\": [1, 1, 64, 64, 64], \"stride\": [262144, 262144, 4096, 64, 1]}, \"input\": {\"device\": \"cuda:0\", \"dtype\": \"torch.float32\", \"numel\": 524288, \"shape\": [1, 2, 64, 64, 64], \"stride\": [524288, 262144, 4096, 64, 1]}, \"pass\": 8, \"role\": \"secondary\"}], \"event\": \"actual_predictor_window\", \"frames\": [0, 1], \"input\": {\"all_finite\": true, \"device\": \"cuda:0\", \"dtype\": \"torch.float32\", \"numel\": 524288, \"shape\": [1, 2, 64, 64, 64], \"stride\": [524288, 262144, 4096, 64, 1]}, \"input_parent\": \"/kaggle/input/competitions/biohub-cell-tracking-during-development/train\", \"seconds_including_common_audit\": 2.2594979350001267, \"window_index\": 1, \"worker_execution_settings\": {\"autocast_enabled\": false, \"cuda_runtime\": \"12.8\", \"cudnn_allow_tf32\": true, \"cudnn_benchmark\": false, \"cudnn_deterministic\": false, \"default_dtype\": \"torch.float32\", \"deterministic_algorithms\": false, \"float32_matmul_precision\": \"highest\", \"gpu_name\": \"Tesla T4\", \"grad_enabled\": false, \"matmul_allow_tf32\": false, \"torch_initial_seed\": 3060857717345029780, \"torch_version\": \"2.10.0+cu128\"}}\n"}
,{"stream_name":"stdout","time":2056.648698642,"data":"BIOHUB_RETENTION_GUARD {\"blended_candidates\": 305, \"dataset\": \"44b6_2a2eff9f\", \"frame\": 80, \"minimum_retention\": 0.9, \"primary_candidates\": 469, \"retention\": 0.650319829424307, \"use_primary\": true}\n"}
,{"stream_name":"stdout","time":2056.851942237,"data":"BIOHUB_RETENTION_GUARD {\"blended_candidates\": 305, \"dataset\": \"44b6_2a2eff9f\", \"frame\": 80, \"minimum_retention\": 0.9, \"primary_candidates\": 469, \"retention\": 0.650319829424307, \"use_primary\": true}\n"}
,{"stream_name":"stdout","time":2057.334434787,"data":"EDGE_TTA_ACTIVE views= 8 mean_abs_feat_delta= 0.354989\n"}
,{"stream_name":"stdout","time":2057.536909199,"data":"EDGE_TTA_ACTIVE views= 8 mean_abs_feat_delta= 0.354989\n"}
,{"stream_name":"stdout","time":2057.860810792,"data":"EDGE_TTA_ACTIVE views= 8 mean_abs_feat_delta= 0.364769\n"}
,{"stream_name":"stdout","time":2058.063571222,"data":"EDGE_TTA_ACTIVE views= 8 mean_abs_feat_delta= 0.364769\n"}
,{"stream_name":"stdout","time":2058.908516272,"data":"BIOHUB_RETENTION_GUARD {\"blended_candidates\": 316, \"dataset\": \"44b6_2a2eff9f\", \"frame\": 81, \"minimum_retention\": 0.9, \"primary_candidates\": 463, \"retention\": 0.6825053995680346, \"use_primary\": true}\n"}
,{"stream_name":"stdout","time":2059.111073327,"data":"BIOHUB_RETENTION_GUARD {\"blended_candidates\": 316, \"dataset\": \"44b6_2a2eff9f\", \"frame\": 81, \"minimum_retention\": 0.9, \"primary_candidates\": 463, \"retention\": 0.6825053995680346, \"use_primary\": true}\n"}
,{"stream_name":"stdout","time":2059.588587094,"data":"EDGE_TTA_ACTIVE views= 8 mean_abs_feat_delta= 0.348797\n"}
,{"stream_name":"stdout","time":2059.791294846,"data":"EDGE_TTA_ACTIVE views= 8 mean_abs_feat_delta= 0.348797\n"}
,{"stream_name":"stdout","time":2060.146621009,"data":"EDGE_TTA_ACTIVE views= 8 mean_abs_feat_delta= 0.365921\n"}
,{"stream_name":"stdout","time":2060.349364954,"data":"EDGE_TTA_ACTIVE views= 8 mean_abs_feat_delta= 0.365921\n"}
,{"stream_name":"stdout","time":2061.191944959,"data":"BIOHUB_RETENTION_GUARD {\"blended_candidates\": 303, \"dataset\": \"44b6_2a2eff9f\", \"frame\": 82, \"minimum_retention\": 0.9, \"primary_candidates\": 462, \"retention\": 0.6558441558441559, \"use_primary\": true}\n"}
,{"stream_name":"stdout","time":2061.394560099,"data":"BIOHUB_RETENTION_GUARD {\"blended_candidates\": 303, \"dataset\": \"44b6_2a2eff9f\", \"frame\": 82, \"minimum_retention\": 0.9, \"primary_candidates\": 462, \"retention\": 0.6558441558441559, \"use_primary\": true}\n"}
,{"stream_name":"stdout","time":2061.861116688,"data":"EDGE_TTA_ACTIVE views= 8 mean_abs_feat_delta= 0.344096\n"}
,{"stream_name":"stdout","time":2062.063862322,"data":"EDGE_TTA_ACTIVE views= 8 mean_abs_feat_delta= 0.344096\n"}
,{"stream_name":"stdout","time":2062.404646234,"data":"EDGE_TTA_ACTIVE views= 8 mean_abs_feat_delta= 0.368883\n"}
,{"stream_name":"stdout","time":2062.607242,"data":"EDGE_TTA_ACTIVE views= 8 mean_abs_feat_delta= 0.368883\n"}
,{"stream_name":"stdout","time":2063.45755719,"data":"BIOHUB_RETENTION_GUARD {\"blended_candidates\": 264, \"dataset\": \"44b6_2a2eff9f\", \"frame\": 83, \"minimum_retention\": 0.9, \"primary_candidates\": 434, \"retention\": 0.6082949308755761, \"use_primary\": true}\n"}
,{"stream_name":"stdout","time":2063.660628111,"data":"BIOHUB_RETENTION_GUARD {\"blended_candidates\": 264, \"dataset\": \"44b6_2a2eff9f\", \"frame\": 83, \"minimum_retention\": 0.9, \"primary_candidates\": 434, \"retention\": 0.6082949308755761, \"use_primary\": true}\n"}
,{"stream_name":"stdout","time":2064.14220701,"data":"EDGE_TTA_ACTIVE views= 8 mean_abs_feat_delta= 0.343236\n"}
,{"stream_name":"stdout","time":2064.344704373,"data":"EDGE_TTA_ACTIVE views= 8 mean_abs_feat_delta= 0.343236\n"}
,{"stream_name":"stdout","time":2064.668985888,"data":"EDGE_TTA_ACTIVE views= 8 mean_abs_feat_delta= 0.368343\n"}
,{"stream_name":"stdout","time":2064.871855193,"data":"EDGE_TTA_ACTIVE views= 8 mean_abs_feat_delta= 0.368343\n"}
,{"stream_name":"stdout","time":2065.726689901,"data":"BIOHUB_RETENTION_GUARD {\"blended_candidates\": 290, \"dataset\": \"44b6_2a2eff9f\", \"frame\": 84, \"minimum_retention\": 0.9, \"primary_candidates\": 458, \"retention\": 0.6331877729257642, \"use_primary\": true}\n"}
,{"stream_name":"stdout","time":2065.929237721,"data":"BIOHUB_RETENTION_GUARD {\"blended_candidates\": 290, \"dataset\": \"44b6_2a2eff9f\", \"frame\": 84, \"minimum_retention\": 0.9, \"primary_candidates\": 458, \"retention\": 0.6331877729257642, \"use_primary\": true}\n"}
,{"stream_name":"stdout","time":2066.431333884,"data":"EDGE_TTA_ACTIVE views= 8 mean_abs_feat_delta= 0.346139\n"}
,{"stream_name":"stdout","time":2066.633857036,"data":"EDGE_TTA_ACTIVE views= 8 mean_abs_feat_delta= 0.346139\n"}
,{"stream_name":"stdout","time":2066.94131163,"data":"EDGE_TTA_ACTIVE views= 8 mean_abs_feat_delta= 0.365564\n"}
,{"stream_name":"stdout","time":2067.14408336,"data":"EDGE_TTA_ACTIVE views= 8 mean_abs_feat_delta= 0.365564\n"}
,{"stream_name":"stdout","time":2067.99757487,"data":"BIOHUB_RETENTION_GUARD {\"blended_candidates\": 328, \"dataset\": \"44b6_2a2eff9f\", \"frame\": 85, \"minimum_retention\": 0.9, \"primary_candidates\": 478, \"retention\": 0.6861924686192469, \"use_primary\": true}\n"}
,{"stream_name":"stdout","time":2068.200144134,"data":"BIOHUB_RETENTION_GUARD {\"blended_candidates\": 328, \"dataset\": \"44b6_2a2eff9f\", \"frame\": 85, \"minimum_retention\": 0.9, \"primary_candidates\": 478, \"retention\": 0.6861924686192469, \"use_primary\": true}\n"}
,{"stream_name":"stdout","time":2068.723662567,"data":"EDGE_TTA_ACTIVE views= 8 mean_abs_feat_delta= 0.345393\n"}
,{"stream_name":"stdout","time":2068.926028071,"data":"EDGE_TTA_ACTIVE views= 8 mean_abs_feat_delta= 0.345393\n"}
,{"stream_name":"stdout","time":2069.222343554,"data":"EDGE_TTA_ACTIVE views= 8 mean_abs_feat_delta= 0.362074\n"}
,{"stream_name":"stdout","time":2069.424824158,"data":"EDGE_TTA_ACTIVE views= 8 mean_abs_feat_delta= 0.362074\n"}
,{"stream_name":"stdout","time":2070.282845603,"data":"BIOHUB_RETENTION_GUARD {\"blended_candidates\": 362, \"dataset\": \"44b6_2a2eff9f\", \"frame\": 86, \"minimum_retention\": 0.9, \"primary_candidates\": 489, \"retention\": 0.7402862985685071, \"use_primary\": true}\n"}
,{"stream_name":"stdout","time":2070.485353332,"data":"BIOHUB_RETENTION_GUARD {\"blended_candidates\": 362, \"dataset\": \"44b6_2a2eff9f\", \"frame\": 86, \"minimum_retention\": 0.9, \"primary_candidates\": 489, \"retention\": 0.7402862985685071, \"use_primary\": true}\n"}
,{"stream_name":"stdout","time":2071.029564604,"data":"EDGE_TTA_ACTIVE views= 8 mean_abs_feat_delta= 0.343626\n"}
,{"stream_name":"stdout","time":2071.232375304,"data":"EDGE_TTA_ACTIVE views= 8 mean_abs_feat_delta= 0.343626\n"}
,{"stream_name":"stdout","time":2071.509377079,"data":"EDGE_TTA_ACTIVE views= 8 mean_abs_feat_delta= 0.362517\n"}
,{"stream_name":"stdout","time":2071.711925743,"data":"EDGE_TTA_ACTIVE views= 8 mean_abs_feat_delta= 0.362517\n"}
,{"stream_name":"stdout","time":2072.58129496,"data":"BIOHUB_RETENTION_GUARD {\"blended_candidates\": 343, \"dataset\": \"44b6_2a2eff9f\", \"frame\": 87, \"minimum_retention\": 0.9, \"primary_candidates\": 480, \"retention\": 0.7145833333333333, \"use_primary\": true}\n"}
,{"stream_name":"stdout","time":2072.784090493,"data":"BIOHUB_RETENTION_GUARD {\"blended_candidates\": 343, \"dataset\": \"44b6_2a2eff9f\", \"frame\": 87, \"minimum_retention\": 0.9, \"primary_candidates\": 480, \"retention\": 0.7145833333333333, \"use_primary\": true}\n"}
,{"stream_name":"stdout","time":2073.323131294,"data":"EDGE_TTA_ACTIVE views= 8 mean_abs_feat_delta= 0.347614\n"}
,{"stream_name":"stdout","time":2073.525634644,"data":"EDGE_TTA_ACTIVE views= 8 mean_abs_feat_delta= 0.347614\n"}
,{"stream_name":"stdout","time":2073.815994954,"data":"EDGE_TTA_ACTIVE views= 8 mean_abs_feat_delta= 0.359453\n"}
,{"stream_name":"stdout","time":2074.018640778,"data":"EDGE_TTA_ACTIVE views= 8 mean_abs_feat_delta= 0.359453\n"}
,{"stream_name":"stdout","time":2074.886135281,"data":"BIOHUB_RETENTION_GUARD {\"blended_candidates\": 254, \"dataset\": \"44b6_2a2eff9f\", \"frame\": 88, \"minimum_retention\": 0.9, \"primary_candidates\": 444, \"retention\": 0.5720720720720721, \"use_primary\": true}\n"}
,{"stream_name":"stdout","time":2075.089499493,"data":"BIOHUB_RETENTION_GUARD {\"blended_candidates\": 254, \"dataset\": \"44b6_2a2eff9f\", \"frame\": 88, \"minimum_retention\": 0.9, \"primary_candidates\": 444, \"retention\": 0.5720720720720721, \"use_primary\": true}\n"}
,{"stream_name":"stdout","time":2075.678414923,"data":"EDGE_TTA_ACTIVE views= 8 mean_abs_feat_delta= 0.350892\n"}
,{"stream_name":"stdout","time":2075.880954914,"data":"EDGE_TTA_ACTIVE views= 8 mean_abs_feat_delta= 0.350892\n"}
,{"stream_name":"stdout","time":2076.115505577,"data":"EDGE_TTA_ACTIVE views= 8 mean_abs_feat_delta= 0.360125\n"}
,{"stream_name":"stdout","time":2076.317946809,"data":"EDGE_TTA_ACTIVE views= 8 mean_abs_feat_delta= 0.360125\n"}
,{"stream_name":"stdout","time":2077.185073799,"data":"BIOHUB_RETENTION_GUARD {\"blended_candidates\": 285, \"dataset\": \"44b6_2a2eff9f\", \"frame\": 89, \"minimum_retention\": 0.9, \"primary_candidates\": 472, \"retention\": 0.6038135593220338, \"use_primary\": true}\n"}
,{"stream_name":"stdout","time":2077.387302848,"data":"BIOHUB_RETENTION_GUARD {\"blended_candidates\": 285, \"dataset\": \"44b6_2a2eff9f\", \"frame\": 89, \"minimum_retention\": 0.9, \"primary_candidates\": 472, \"retention\": 0.6038135593220338, \"use_primary\": true}\n"}
,{"stream_name":"stdout","time":2078.001113033,"data":"EDGE_TTA_ACTIVE views= 8 mean_abs_feat_delta= 0.351945\n"}
,{"stream_name":"stdout","time":2078.20418961,"data":"EDGE_TTA_ACTIVE views= 8 mean_abs_feat_delta= 0.351945\n"}
,{"stream_name":"stdout","time":2078.409949061,"data":"EDGE_TTA_ACTIVE views= 8 mean_abs_feat_delta= 0.35614\n"}
,{"stream_name":"stdout","time":2078.612429165,"data":"EDGE_TTA_ACTIVE views= 8 mean_abs_feat_delta= 0.35614\n"}
,{"stream_name":"stdout","time":2079.484272118,"data":"BIOHUB_RETENTION_GUARD {\"blended_candidates\": 340, \"dataset\": \"44b6_2a2eff9f\", \"frame\": 90, \"minimum_retention\": 0.9, \"primary_candidates\": 473, \"retention\": 0.718816067653277, \"use_primary\": true}\n"}
,{"stream_name":"stdout","time":2079.687051548,"data":"BIOHUB_RETENTION_GUARD {\"blended_candidates\": 340, \"dataset\": \"44b6_2a2eff9f\", \"frame\": 90, \"minimum_retention\": 0.9, \"primary_candidates\": 473, \"retention\": 0.718816067653277, \"use_primary\": true}\n"}
,{"stream_name":"stdout","time":2080.377177729,"data":"EDGE_TTA_ACTIVE views= 8 mean_abs_feat_delta= 0.349374\n"}
,{"stream_name":"stdout","time":2080.579743345,"data":"EDGE_TTA_ACTIVE views= 8 mean_abs_feat_delta= 0.349374\n"}
,{"stream_name":"stdout","time":2080.719984177,"data":"EDGE_TTA_ACTIVE views= 8 mean_abs_feat_delta= 0.356719\n"}
,{"stream_name":"stdout","time":2080.922618052,"data":"EDGE_TTA_ACTIVE views= 8 mean_abs_feat_delta= 0.356719\n"}
,{"stream_name":"stdout","time":2081.792827147,"data":"BIOHUB_RETENTION_GUARD {\"blended_candidates\": 348, \"dataset\": \"44b6_2a2eff9f\", \"frame\": 91, \"minimum_retention\": 0.9, \"primary_candidates\": 476, \"retention\": 0.7310924369747899, \"use_primary\": true}\n"}
,{"stream_name":"stdout","time":2081.995583304,"data":"BIOHUB_RETENTION_GUARD {\"blended_candidates\": 348, \"dataset\": \"44b6_2a2eff9f\", \"frame\": 91, \"minimum_retention\": 0.9, \"primary_candidates\": 476, \"retention\": 0.7310924369747899, \"use_primary\": true}\n"}
,{"stream_name":"stdout","time":2082.712844232,"data":"EDGE_TTA_ACTIVE views= 8 mean_abs_feat_delta= 0.351376\n"}
,{"stream_name":"stdout","time":2082.915705991,"data":"EDGE_TTA_ACTIVE views= 8 mean_abs_feat_delta= 0.351376\n"}
,{"stream_name":"stdout","time":2083.019417804,"data":"EDGE_TTA_ACTIVE views= 8 mean_abs_feat_delta= 0.359241\n"}
,{"stream_name":"stdout","time":2083.222168095,"data":"EDGE_TTA_ACTIVE views= 8 mean_abs_feat_delta= 0.359241\n"}
,{"stream_name":"stdout","time":2084.09056929,"data":"BIOHUB_RETENTION_GUARD {\"blended_candidates\": 340, \"dataset\": \"44b6_2a2eff9f\", \"frame\": 92, \"minimum_retention\": 0.9, \"primary_candidates\": 467, \"retention\": 0.728051391862955, \"use_primary\": true}\n"}
,{"stream_name":"stdout","time":2084.293555543,"data":"BIOHUB_RETENTION_GUARD {\"blended_candidates\": 340, \"dataset\": \"44b6_2a2eff9f\", \"frame\": 92, \"minimum_retention\": 0.9, \"primary_candidates\": 467, \"retention\": 0.728051391862955, \"use_primary\": true}\n"}
,{"stream_name":"stdout","time":2085.048500517,"data":"EDGE_TTA_ACTIVE views= 8 mean_abs_feat_delta= 0.35564\n"}
,{"stream_name":"stdout","time":2085.251139955,"data":"EDGE_TTA_ACTIVE views= 8 mean_abs_feat_delta= 0.35564\n"}
,{"stream_name":"stdout","time":2085.323172009,"data":"EDGE_TTA_ACTIVE views= 8 mean_abs_feat_delta= 0.357767\n"}
,{"stream_name":"stdout","time":2085.525905698,"data":"EDGE_TTA_ACTIVE views= 8 mean_abs_feat_delta= 0.357767\n"}
,{"stream_name":"stdout","time":2086.388803994,"data":"BIOHUB_RETENTION_GUARD {\"blended_candidates\": 344, \"dataset\": \"44b6_2a2eff9f\", \"frame\": 93, \"minimum_retention\": 0.9, \"primary_candidates\": 489, \"retention\": 0.7034764826175869, \"use_primary\": true}\n"}
,{"stream_name":"stdout","time":2086.671684334,"data":"BIOHUB_RETENTION_GUARD {\"blended_candidates\": 344, \"dataset\": \"44b6_2a2eff9f\", \"frame\": 93, \"minimum_retention\": 0.9, \"primary_candidates\": 489, \"retention\": 0.7034764826175869, \"use_primary\": true}\n"}
,{"stream_name":"stdout","time":2087.367507697,"data":"EDGE_TTA_ACTIVE views= 8 mean_abs_feat_delta= 0.352377\n"}
,{"stream_name":"stdout","time":2087.569962355,"data":"EDGE_TTA_ACTIVE views= 8 mean_abs_feat_delta= 0.352377\n"}
,{"stream_name":"stdout","time":2087.616918376,"data":"EDGE_TTA_ACTIVE views= 8 mean_abs_feat_delta= 0.358418\n"}
,{"stream_name":"stdout","time":2087.819716236,"data":"EDGE_TTA_ACTIVE views= 8 mean_abs_feat_delta= 0.358418\n"}
,{"stream_name":"stdout","time":2088.683054499,"data":"BIOHUB_RETENTION_GUARD {\"blended_candidates\": 360, \"dataset\": \"44b6_2a2eff9f\", \"frame\": 94, \"minimum_retention\": 0.9, \"primary_candidates\": 495, \"retention\": 0.7272727272727273, \"use_primary\": true}\n"}
,{"stream_name":"stdout","time":2088.885640504,"data":"BIOHUB_RETENTION_GUARD {\"blended_candidates\": 360, \"dataset\": \"44b6_2a2eff9f\", \"frame\": 94, \"minimum_retention\": 0.9, \"primary_candidates\": 495, \"retention\": 0.7272727272727273, \"use_primary\": true}\n"}
,{"stream_name":"stdout","time":2089.674585667,"data":"EDGE_TTA_ACTIVE views= 8 mean_abs_feat_delta= 0.352809\n"}
,{"stream_name":"stdout","time":2089.876851819,"data":"EDGE_TTA_ACTIVE views= 8 mean_abs_feat_delta= 0.352809\n"}
,{"stream_name":"stdout","time":2089.91438483,"data":"EDGE_TTA_ACTIVE views= 8 mean_abs_feat_delta= 0.359717\n"}
,{"stream_name":"stdout","time":2090.116996182,"data":"EDGE_TTA_ACTIVE views= 8 mean_abs_feat_delta= 0.359717\n"}
,{"stream_name":"stdout","time":2090.976129845,"data":"BIOHUB_RETENTION_GUARD {\"blended_candidates\": 351, \"dataset\": \"44b6_2a2eff9f\", \"frame\": 95, \"minimum_retention\": 0.9, \"primary_candidates\": 480, \"retention\": 0.73125, \"use_primary\": true}\n"}
,{"stream_name":"stdout","time":2091.177815276,"data":"BIOHUB_RETENTION_GUARD {\"blended_candidates\": 351, \"dataset\": \"44b6_2a2eff9f\", \"frame\": 95, \"minimum_retention\": 0.9, \"primary_candidates\": 480, \"retention\": 0.73125, \"use_primary\": true}\n"}
,{"stream_name":"stdout","time":2091.984059513,"data":"EDGE_TTA_ACTIVE views= 8 mean_abs_feat_delta= 0.347118\n"}
,{"stream_name":"stdout","time":2092.186818421,"data":"EDGE_TTA_ACTIVE views= 8 mean_abs_feat_delta= 0.347118\n"}
,{"stream_name":"stdout","time":2092.220788221,"data":"EDGE_TTA_ACTIVE views= 8 mean_abs_feat_delta= 0.362555\n"}
,{"stream_name":"stdout","time":2092.423823633,"data":"EDGE_TTA_ACTIVE views= 8 mean_abs_feat_delta= 0.362555\n"}
,{"stream_name":"stdout","time":2093.278928656,"data":"BIOHUB_RETENTION_GUARD {\"blended_candidates\": 323, \"dataset\": \"44b6_2a2eff9f\", \"frame\": 96, \"minimum_retention\": 0.9, \"primary_candidates\": 467, \"retention\": 0.6916488222698073, \"use_primary\": true}\n"}
,{"stream_name":"stdout","time":2093.481400257,"data":"BIOHUB_RETENTION_GUARD {\"blended_candidates\": 323, \"dataset\": \"44b6_2a2eff9f\", \"frame\": 96, \"minimum_retention\": 0.9, \"primary_candidates\": 467, \"retention\": 0.6916488222698073, \"use_primary\": true}\n"}
,{"stream_name":"stdout","time":2094.308205011,"data":"EDGE_TTA_ACTIVE views= 8 mean_abs_feat_delta= 0.353642\n"}
,{"stream_name":"stdout","time":2094.510649715,"data":"EDGE_TTA_ACTIVE views= 8 mean_abs_feat_delta= 0.353642\n"}
,{"stream_name":"stdout","time":2094.517412741,"data":"EDGE_TTA_ACTIVE views= 8 mean_abs_feat_delta= 0.361436\n"}
,{"stream_name":"stdout","time":2094.720123017,"data":"EDGE_TTA_ACTIVE views= 8 mean_abs_feat_delta= 0.361436\n"}
,{"stream_name":"stdout","time":2095.572997216,"data":"BIOHUB_RETENTION_GUARD {\"blended_candidates\": 285, \"dataset\": \"44b6_2a2eff9f\", \"frame\": 97, \"minimum_retention\": 0.9, \"primary_candidates\": 446, \"retention\": 0.6390134529147982, \"use_primary\": true}\n"}
,{"stream_name":"stdout","time":2095.775565978,"data":"BIOHUB_RETENTION_GUARD {\"blended_candidates\": 285, \"dataset\": \"44b6_2a2eff9f\", \"frame\": 97, \"minimum_retention\": 0.9, \"primary_candidates\": 446, \"retention\": 0.6390134529147982, \"use_primary\": true}\n"}
,{"stream_name":"stdout","time":2096.598307679,"data":"EDGE_TTA_ACTIVE views= 8 mean_abs_feat_delta= 0.351185\n"}
,{"stream_name":"stdout","time":2096.800944558,"data":"EDGE_TTA_ACTIVE views= 8 mean_abs_feat_delta= 0.351185\n"}
,{"stream_name":"stdout","time":2096.812786257,"data":"EDGE_TTA_ACTIVE views= 8 mean_abs_feat_delta= 0.35858\n"}
,{"stream_name":"stdout","time":2097.015515248,"data":"EDGE_TTA_ACTIVE views= 8 mean_abs_feat_delta= 0.35858\n"}
,{"stream_name":"stdout","time":2097.869033888,"data":"BIOHUB_RETENTION_GUARD {\"blended_candidates\": 333, \"dataset\": \"44b6_2a2eff9f\", \"frame\": 98, \"minimum_retention\": 0.9, \"primary_candidates\": 495, \"retention\": 0.6727272727272727, \"use_primary\": true}\n"}
,{"stream_name":"stdout","time":2098.07168846,"data":"BIOHUB_RETENTION_GUARD {\"blended_candidates\": 333, \"dataset\": \"44b6_2a2eff9f\", \"frame\": 98, \"minimum_retention\": 0.9, \"primary_candidates\": 495, \"retention\": 0.6727272727272727, \"use_primary\": true}\n"}
,{"stream_name":"stdout","time":2098.886008871,"data":"EDGE_TTA_ACTIVE views= 8 mean_abs_feat_delta= 0.348389\n"}
,{"stream_name":"stdout","time":2099.077777615,"data":"EDGE_TTA_ACTIVE views= 8 mean_abs_feat_delta= 0.354435\n"}
,{"stream_name":"stdout","time":2099.088962894,"data":"EDGE_TTA_ACTIVE views= 8 mean_abs_feat_delta= 0.348389\n"}
,{"stream_name":"stdout","time":2099.089007832,"data":"EDGE_TTA_ACTIVE views= 8 mean_abs_feat_delta= 0.354435\n"}
,{"stream_name":"stdout","time":2100.133639899,"data":"BIOHUB_RETENTION_GUARD {\"blended_candidates\": 268, \"dataset\": \"44b6_2a2eff9f\", \"frame\": 99, \"minimum_retention\": 0.9, \"primary_candidates\": 455, \"retention\": 0.589010989010989, \"use_primary\": true}\n"}
,{"stream_name":"stdout","time":2100.335920015,"data":"BIOHUB_RETENTION_GUARD {\"blended_candidates\": 268, \"dataset\": \"44b6_2a2eff9f\", \"frame\": 99, \"minimum_retention\": 0.9, \"primary_candidates\": 455, \"retention\": 0.589010989010989, \"use_primary\": true}\n"}
,{"stream_name":"stdout","time":2101.165990849,"data":"EDGE_TTA_ACTIVE views= 8 mean_abs_feat_delta= 0.351443\n"}
,{"stream_name":"stdout","time":2101.368540749,"data":"EDGE_TTA_ACTIVE views= 8 mean_abs_feat_delta= 0.351443\n"}
,{"stream_name":"stdout","time":2103.582593668,"data":"EDGE_TTA_ACTIVE views= 8 mean_abs_feat_delta= 0.355512\n"}
,{"stream_name":"stdout","time":2103.785054881,"data":"EDGE_TTA_ACTIVE views= 8 mean_abs_feat_delta= 0.355512\n"}
,{"stream_name":"stdout","time":2105.993531009,"data":"EDGE_TTA_ACTIVE views= 8 mean_abs_feat_delta= 0.348668\n"}
,{"stream_name":"stdout","time":2106.199101968,"data":"EDGE_TTA_ACTIVE views= 8 mean_abs_feat_delta= 0.348668\n"}
,{"stream_name":"stdout","time":2108.384836141,"data":"EDGE_TTA_ACTIVE views= 8 mean_abs_feat_delta= 0.346939\n"}
,{"stream_name":"stdout","time":2108.587090351,"data":"EDGE_TTA_ACTIVE views= 8 mean_abs_feat_delta= 0.346939\n"}
,{"stream_name":"stdout","time":2110.753068394,"data":"EDGE_TTA_ACTIVE views= 8 mean_abs_feat_delta= 0.342592\n"}
,{"stream_name":"stdout","time":2110.965604034,"data":"EDGE_TTA_ACTIVE views= 8 mean_abs_feat_delta= 0.342592\n"}
,{"stream_name":"stdout","time":2113.121528312,"data":"EDGE_TTA_ACTIVE views= 8 mean_abs_feat_delta= 0.347841\n"}
,{"stream_name":"stdout","time":2113.32395121,"data":"EDGE_TTA_ACTIVE views= 8 mean_abs_feat_delta= 0.347841\n"}
,{"stream_name":"stdout","time":2115.469584998,"data":"EDGE_TTA_ACTIVE views= 8 mean_abs_feat_delta= 0.345072\n"}
,{"stream_name":"stdout","time":2115.672141603,"data":"EDGE_TTA_ACTIVE views= 8 mean_abs_feat_delta= 0.345072\n"}
,{"stream_name":"stdout","time":2117.741039721,"data":"EDGE_TTA_ACTIVE views= 8 mean_abs_feat_delta= 0.344896\n"}
,{"stream_name":"stdout","time":2118.035210259,"data":"EDGE_TTA_ACTIVE views= 8 mean_abs_feat_delta= 0.344896\n"}
,{"stream_name":"stdout","time":2120.017178116,"data":"EDGE_TTA_ACTIVE views= 8 mean_abs_feat_delta= 0.348324\n"}
,{"stream_name":"stdout","time":2120.219955105,"data":"EDGE_TTA_ACTIVE views= 8 mean_abs_feat_delta= 0.348324\n"}
,{"stream_name":"stdout","time":2122.287724691,"data":"EDGE_TTA_ACTIVE views= 8 mean_abs_feat_delta= 0.346953\n"}
,{"stream_name":"stdout","time":2122.490704888,"data":"EDGE_TTA_ACTIVE views= 8 mean_abs_feat_delta= 0.346953\n"}
,{"stream_name":"stdout","time":2124.551741935,"data":"EDGE_TTA_ACTIVE views= 8 mean_abs_feat_delta= 0.344214\n"}
,{"stream_name":"stdout","time":2124.754787455,"data":"EDGE_TTA_ACTIVE views= 8 mean_abs_feat_delta= 0.344214\n"}
,{"stream_name":"stdout","time":2126.818415086,"data":"EDGE_TTA_ACTIVE views= 8 mean_abs_feat_delta= 0.345782\n"}
,{"stream_name":"stdout","time":2127.021077377,"data":"EDGE_TTA_ACTIVE views= 8 mean_abs_feat_delta= 0.345782\n"}
,{"stream_name":"stdout","time":2127.890448115,"data":"BIOHUB_RETENTION_GUARD {\"blended_candidates\": 342, \"dataset\": \"6bba_07e24132\", \"frame\": 32, \"minimum_retention\": 0.9, \"primary_candidates\": 392, \"retention\": 0.8724489795918368, \"use_primary\": true}\n"}
,{"stream_name":"stdout","time":2128.093326972,"data":"BIOHUB_RETENTION_GUARD {\"blended_candidates\": 342, \"dataset\": \"6bba_07e24132\", \"frame\": 32, \"minimum_retention\": 0.9, \"primary_candidates\": 392, \"retention\": 0.8724489795918368, \"use_primary\": true}\n"}
,{"stream_name":"stdout","time":2129.090415155,"data":"EDGE_TTA_ACTIVE views= 8 mean_abs_feat_delta= 0.345884\n"}
,{"stream_name":"stdout","time":2129.293228658,"data":"EDGE_TTA_ACTIVE views= 8 mean_abs_feat_delta= 0.345884\n"}
,{"stream_name":"stdout","time":2131.381563419,"data":"EDGE_TTA_ACTIVE views= 8 mean_abs_feat_delta= 0.349488\n"}
,{"stream_name":"stdout","time":2131.584220634,"data":"EDGE_TTA_ACTIVE views= 8 mean_abs_feat_delta= 0.349488\n"}
,{"stream_name":"stdout","time":2133.65223938,"data":"EDGE_TTA_ACTIVE views= 8 mean_abs_feat_delta= 0.344998\n"}
,{"stream_name":"stdout","time":2133.855077921,"data":"EDGE_TTA_ACTIVE views= 8 mean_abs_feat_delta= 0.344998\n"}
,{"stream_name":"stdout","time":2135.934201202,"data":"EDGE_TTA_ACTIVE views= 8 mean_abs_feat_delta= 0.344112\n"}
,{"stream_name":"stdout","time":2136.136661333,"data":"EDGE_TTA_ACTIVE views= 8 mean_abs_feat_delta= 0.344112\n"}
,{"stream_name":"stdout","time":2136.71388792,"data":"EDGE_TTA_ACTIVE views= 8 mean_abs_feat_delta= 0.288475\n"}
,{"stream_name":"stdout","time":2136.916502871,"data":"EDGE_TTA_ACTIVE views= 8 mean_abs_feat_delta= 0.288475\n"}
,{"stream_name":"stdout","time":2137.742443737,"data":"PUBLIC946_GPU_SMOKE {\"arm\": \"C2\", \"association\": {\"actual_primary_logits_after_original_harmonic_fusion\": {\"all_finite\": true, \"device\": \"cuda:0\", \"dtype\": \"torch.float32\", \"numel\": 7832, \"shape\": [1, 88, 89], \"stride\": [7832, 89, 1]}, \"actual_secondary_feature_consumed\": true, \"actual_secondary_logits\": {\"all_finite\": true, \"device\": \"cuda:0\", \"dtype\": \"torch.float32\", \"numel\": 7832, \"shape\": [1, 88, 89], \"stride\": [7832, 89, 1]}, \"coordinate_grid\": {\"downsample\": [1.0, 4.0, 4.0], \"source\": {\"device\": \"cuda:0\", \"dtype\": \"torch.float32\", \"numel\": 264, \"shape\": [1, 88, 3], \"stride\": [88, 1, 88]}, \"target\": {\"device\": \"cuda:0\", \"dtype\": \"torch.float32\", \"numel\": 267, \"shape\": [1, 89, 3], \"stride\": [89, 1, 89]}}, \"diagnostic_edge_head_calls\": 1, \"diagnostic_encoder_calls\": 0, \"diagnostic_probabilities_used_in_production\": false, \"diagnostic_seconds\": 0.009644921000017348, \"frame_pair_index\": 0, \"primary_source_sampled_features\": {\"all_finite\": true, \"device\": \"cuda:0\", \"dtype\": \"torch.float32\", \"numel\": 2816, \"shape\": [1, 88, 32], \"stride\": [2816, 32, 1]}, \"primary_target_sampled_features\": {\"all_finite\": true, \"device\": \"cuda:0\", \"dtype\": \"torch.float32\", \"numel\": 2848, \"shape\": [1, 89, 32], \"stride\": [2848, 32, 1]}, \"probability_comparison_stage\": \"secondary edge-head softmax over parents, before original calibration and low-margin mixing\", \"probability_delta_vs_single_pass_same_coordinates\": {\"sample_elements\": 7832, \"sample_equal\": false, \"sample_max_abs_delta\": 0.3597915768623352, \"sample_mean_abs_delta\": 0.0009964143391698599, \"sample_stride\": 1}, \"production_calls\": 1, \"same_low_margin_config\": {\"secondary_detection_weight\": 0.8, \"secondary_edge_weight\": 0.15, \"secondary_link_mode\": \"low_margin_consensus\"}, \"source_delta_vs_single_pass\": {\"sample_elements\": 2816, \"sample_equal\": false, \"sample_max_abs_delta\": 0.6597863435745239, \"sample_mean_abs_delta\": 0.11984109878540039, \"sample_stride\": 1}, \"source_sampled_features\": {\"all_finite\": true, \"device\": \"cuda:0\", \"dtype\": \"torch.float32\", \"numel\": 2816, \"shape\": [1, 88, 32], \"stride\": [2816, 32, 1]}, \"target_delta_vs_single_pass\": {\"sample_elements\": 2848, \"sample_equal\": false, \"sample_max_abs_delta\": 0.7168749570846558, \"sample_mean_abs_delta\": 0.11832153052091599, \"sample_stride\": 1}, \"target_sampled_features\": {\"all_finite\": true, \"device\": \"cuda:0\", \"dtype\": \"torch.float32\", \"numel\": 2848, \"shape\": [1, 89, 32], \"stride\": [2848, 32, 1]}}, \"association_calls\": 1, \"config\": {\"secondary_detection_weight\": 0.8, \"secondary_edge_weight\": 0.15, \"secondary_link_mode\": \"low_margin_consensus\"}, \"consumed_features\": {\"primary\": {\"all_finite\": true, \"delta_vs_single_pass\": {\"sample_elements\": 65536, \"sample_equal\": false, \"sample_max_abs_delta\": 2.1413917541503906, \"sample_mean_abs_delta\": 0.26788458228111267, \"sample_stride\": 256}, \"device\": \"cuda:0\", \"dtype\": \"torch.float32\", \"numel\": 16777216, \"original_encoded_feature_sample_unchanged\": true, \"same_storage_as_original\": false, \"shape\": [1, 2, 32, 64, 64, 64], \"single_pass\": {\"device\": \"cuda:0\", \"dtype\": \"torch.float32\", \"numel\": 16777216, \"shape\": [1, 2, 32, 64, 64, 64], \"stride\": [16777216, 8388608, 262144, 4096, 64, 1]}, \"stride\": [16777216, 8388608, 262144, 4096, 64, 1]}, \"secondary\": {\"all_finite\": true, \"delta_vs_single_pass\": {\"sample_elements\": 65536, \"sample_equal\": false, \"sample_max_abs_delta\": 1.1141284704208374, \"sample_mean_abs_delta\": 0.23588082194328308, \"sample_stride\": 256}, \"device\": \"cuda:0\", \"dtype\": \"torch.float32\", \"numel\": 16777216, \"original_encoded_feature_sample_unchanged\": true, \"same_storage_as_original\": false, \"shape\": [1, 2, 32, 64, 64, 64], \"single_pass\": {\"device\": \"cuda:0\", \"dtype\": \"torch.float32\", \"numel\": 16777216, \"shape\": [1, 2, 32, 64, 64, 64], \"stride\": [16777216, 8388608, 262144, 4096, 64, 1]}, \"stride\": [16777216, 8388608, 262144, 4096, 64, 1]}}, \"consumed_heatmaps\": [{\"all_finite\": true, \"device\": \"cuda:0\", \"dtype\": \"torch.float32\", \"numel\": 262144, \"shape\": [1, 1, 64, 64, 64], \"stride\": [262144, 262144, 4096, 64, 1]}, {\"all_finite\": true, \"device\": \"cuda:0\", \"dtype\": \"torch.float32\", \"numel\": 262144, \"shape\": [1, 1, 64, 64, 64], \"stride\": [262144, 262144, 4096, 64, 1]}], \"cuda_peak_allocated_bytes_process\": 728221696, \"cuda_peak_reserved_bytes_process\": 981467136, \"dataset\": \"6bba_062c8d37\", \"encode_calls\": {\"primary\": 8, \"secondary\": 8}, \"encode_seconds\": {\"primary\": 1.0499956600006044, \"secondary\": 0.9562040880000495}, \"encode_views\": [{\"feature\": {\"device\": \"cuda:0\", \"dtype\": \"torch.float32\", \"numel\": 16777216, \"shape\": [1, 2, 32, 64, 64, 64], \"stride\": [16777216, 8388608, 262144, 4096, 64, 1]}, \"heatmap0\": {\"device\": \"cuda:0\", \"dtype\": \"torch.float32\", \"numel\": 262144, \"shape\": [1, 1, 64, 64, 64], \"stride\": [262144, 262144, 4096, 64, 1]}, \"input\": {\"device\": \"cuda:0\", \"dtype\": \"torch.float32\", \"numel\": 524288, \"shape\": [1, 2, 64, 64, 64], \"stride\": [524288, 262144, 4096, 64, 1]}, \"pass\": 1, \"role\": \"primary\"}, {\"feature\": {\"device\": \"cuda:0\", \"dtype\": \"torch.float32\", \"numel\": 16777216, \"shape\": [1, 2, 32, 64, 64, 64], \"stride\": [16777216, 8388608, 262144, 4096, 64, 1]}, \"heatmap0\": {\"device\": \"cuda:0\", \"dtype\": \"torch.float32\", \"numel\": 262144, \"shape\": [1, 1, 64, 64, 64], \"stride\": [262144, 262144, 4096, 64, 1]}, \"input\": {\"device\": \"cuda:0\", \"dtype\": \"torch.float32\", \"numel\": 524288, \"shape\": [1, 2, 64, 64, 64], \"stride\": [524288, 262144, 4096, 64, 1]}, \"pass\": 2, \"role\": \"primary\"}, {\"feature\": {\"device\": \"cuda:0\", \"dtype\": \"torch.float32\", \"numel\": 16777216, \"shape\": [1, 2, 32, 64, 64, 64], \"stride\": [16777216, 8388608, 262144, 4096, 64, 1]}, \"heatmap0\": {\"device\": \"cuda:0\", \"dtype\": \"torch.float32\", \"numel\": 262144, \"shape\": [1, 1, 64, 64, 64], \"stride\": [262144, 262144, 4096, 64, 1]}, \"input\": {\"device\": \"cuda:0\", \"dtype\": \"torch.float32\", \"numel\": 524288, \"shape\": [1, 2, 64, 64, 64], \"stride\": [524288, 262144, 4096, 64, 1]}, \"pass\": 3, \"role\": \"primary\"}, {\"feature\": {\"device\": \"cuda:0\", \"dtype\": \"torch.float32\", \"numel\": 16777216, \"shape\": [1, 2, 32, 64, 64, 64], \"stride\": [16777216, 8388608, 262144, 4096, 64, 1]}, \"heatmap0\": {\"device\": \"cuda:0\", \"dtype\": \"torch.float32\", \"numel\": 262144, \"shape\": [1, 1, 64, 64, 64], \"stride\": [262144, 262144, 4096, 64, 1]}, \"input\": {\"device\": \"cuda:0\", \"dtype\": \"torch.float32\", \"numel\": 524288, \"shape\": [1, 2, 64, 64, 64], \"stride\": [524288, 262144, 4096, 64, 1]}, \"pass\": 4, \"role\": \"primary\"}, {\"feature\": {\"device\": \"cuda:0\", \"dtype\": \"torch.float32\", \"numel\": 16777216, \"shape\": [1, 2, 32, 64, 64, 64], \"stride\": [16777216, 8388608, 262144, 4096, 64, 1]}, \"heatmap0\": {\"device\": \"cuda:0\", \"dtype\": \"torch.float32\", \"numel\": 262144, \"shape\": [1, 1, 64, 64, 64], \"stride\": [262144, 262144, 4096, 64, 1]}, \"input\": {\"device\": \"cuda:0\", \"dtype\": \"torch.float32\", \"numel\": 524288, \"shape\": [1, 2, 64, 64, 64], \"stride\": [524288, 262144, 4096, 1, 64]}, \"pass\": 5, \"role\": \"primary\"}, {\"feature\": {\"device\": \"cuda:0\", \"dtype\": \"torch.float32\", \"numel\": 16777216, \"shape\": [1, 2, 32, 64, 64, 64], \"stride\": [16777216, 8388608, 262144, 4096, 64, 1]}, \"heatmap0\": {\"device\": \"cuda:0\", \"dtype\": \"torch.float32\", \"numel\": 262144, \"shape\": [1, 1, 64, 64, 64], \"stride\": [262144, 262144, 4096, 64, 1]}, \"input\": {\"device\": \"cuda:0\", \"dtype\": \"torch.float32\", \"numel\": 524288, \"shape\": [1, 2, 64, 64, 64], \"stride\": [524288, 262144, 4096, 1, 64]}, \"pass\": 6, \"role\": \"primary\"}, {\"feature\": {\"device\": \"cuda:0\", \"dtype\": \"torch.float32\", \"numel\": 16777216, \"shape\": [1, 2, 32, 64, 64, 64], \"stride\": [16777216, 8388608, 262144, 4096, 64, 1]}, \"heatmap0\": {\"device\": \"cuda:0\", \"dtype\": \"torch.float32\", \"numel\": 262144, \"shape\": [1, 1, 64, 64, 64], \"stride\": [262144, 262144, 4096, 64, 1]}, \"input\": {\"device\": \"cuda:0\", \"dtype\": \"torch.float32\", \"numel\": 524288, \"shape\": [1, 2, 64, 64, 64], \"stride\": [524288, 262144, 4096, 1, 64]}, \"pass\": 7, \"role\": \"primary\"}, {\"feature\": {\"device\": \"cuda:0\", \"dtype\": \"torch.float32\", \"numel\": 16777216, \"shape\": [1, 2, 32, 64, 64, 64], \"stride\": [16777216, 8388608, 262144, 4096, 64, 1]}, \"heatmap0\": {\"device\": \"cuda:0\", \"dtype\": \"torch.float32\", \"numel\": 262144, \"shape\": [1, 1, 64, 64, 64], \"stride\": [262144, 262144, 4096, 64, 1]}, \"input\": {\"device\": \"cuda:0\", \"dtype\": \"torch.float32\", \"numel\": 524288, \"shape\": [1, 2, 64, 64, 64], \"stride\": [524288, 262144, 4096, 64, 1]}, \"pass\": 8, \"role\": \"primary\"}, {\"feature\": {\"device\": \"cuda:0\", \"dtype\": \"torch.float32\", \"numel\": 16777216, \"shape\": [1, 2, 32, 64, 64, 64], \"stride\": [16777216, 8388608, 262144, 4096, 64, 1]}, \"heatmap0\": {\"device\": \"cuda:0\", \"dtype\": \"torch.float32\", \"numel\": 262144, \"shape\": [1, 1, 64, 64, 64], \"stride\": [262144, 262144, 4096, 64, 1]}, \"input\": {\"device\": \"cuda:0\", \"dtype\": \"torch.float32\", \"numel\": 524288, \"shape\": [1, 2, 64, 64, 64], \"stride\": [524288, 262144, 4096, 64, 1]}, \"pass\": 1, \"role\": \"secondary\"}, {\"feature\": {\"device\": \"cuda:0\", \"dtype\": \"torch.float32\", \"numel\": 16777216, \"shape\": [1, 2, 32, 64, 64, 64], \"stride\": [16777216, 8388608, 262144, 4096, 64, 1]}, \"heatmap0\": {\"device\": \"cuda:0\", \"dtype\": \"torch.float32\", \"numel\": 262144, \"shape\": [1, 1, 64, 64, 64], \"stride\": [262144, 262144, 4096, 64, 1]}, \"input\": {\"device\": \"cuda:0\", \"dtype\": \"torch.float32\", \"numel\": 524288, \"shape\": [1, 2, 64, 64, 64], \"stride\": [524288, 262144, 4096, 64, 1]}, \"pass\": 2, \"role\": \"secondary\"}, {\"feature\": {\"device\": \"cuda:0\", \"dtype\": \"torch.float32\", \"numel\": 16777216, \"shape\": [1, 2, 32, 64, 64, 64], \"stride\": [16777216, 8388608, 262144, 4096, 64, 1]}, \"heatmap0\": {\"device\": \"cuda:0\", \"dtype\": \"torch.float32\", \"numel\": 262144, \"shape\": [1, 1, 64, 64, 64], \"stride\": [262144, 262144, 4096, 64, 1]}, \"input\": {\"device\": \"cuda:0\", \"dtype\": \"torch.float32\", \"numel\": 524288, \"shape\": [1, 2, 64, 64, 64], \"stride\": [524288, 262144, 4096, 64, 1]}, \"pass\": 3, \"role\": \"secondary\"}, {\"feature\": {\"device\": \"cuda:0\", \"dtype\": \"torch.float32\", \"numel\": 16777216, \"shape\": [1, 2, 32, 64, 64, 64], \"stride\": [16777216, 8388608, 262144, 4096, 64, 1]}, \"heatmap0\": {\"device\": \"cuda:0\", \"dtype\": \"torch.float32\", \"numel\": 262144, \"shape\": [1, 1, 64, 64, 64], \"stride\": [262144, 262144, 4096, 64, 1]}, \"input\": {\"device\": \"cuda:0\", \"dtype\": \"torch.float32\", \"numel\": 524288, \"shape\": [1, 2, 64, 64, 64], \"stride\": [524288, 262144, 4096, 64, 1]}, \"pass\": 4, \"role\": \"secondary\"}, {\"feature\": {\"device\": \"cuda:0\", \"dtype\": \"torch.float32\", \"numel\": 16777216, \"shape\": [1, 2, 32, 64, 64, 64], \"stride\": [16777216, 8388608, 262144, 4096, 64, 1]}, \"heatmap0\": {\"device\": \"cuda:0\", \"dtype\": \"torch.float32\", \"numel\": 262144, \"shape\": [1, 1, 64, 64, 64], \"stride\": [262144, 262144, 4096, 64, 1]}, \"input\": {\"device\": \"cuda:0\", \"dtype\": \"torch.float32\", \"numel\": 524288, \"shape\": [1, 2, 64, 64, 64], \"stride\": [524288, 262144, 4096, 1, 64]}, \"pass\": 5, \"role\": \"secondary\"}, {\"feature\": {\"device\": \"cuda:0\", \"dtype\": \"torch.float32\", \"numel\": 16777216, \"shape\": [1, 2, 32, 64, 64, 64], \"stride\": [16777216, 8388608, 262144, 4096, 64, 1]}, \"heatmap0\": {\"device\": \"cuda:0\", \"dtype\": \"torch.float32\", \"numel\": 262144, \"shape\": [1, 1, 64, 64, 64], \"stride\": [262144, 262144, 4096, 64, 1]}, \"input\": {\"device\": \"cuda:0\", \"dtype\": \"torch.float32\", \"numel\": 524288, \"shape\": [1, 2, 64, 64, 64], \"stride\": [524288, 262144, 4096, 1, 64]}, \"pass\": 6, \"role\": \"secondary\"}, {\"feature\": {\"device\": \"cuda:0\", \"dtype\": \"torch.float32\", \"numel\": 16777216, \"shape\": [1, 2, 32, 64, 64, 64], \"stride\": [16777216, 8388608, 262144, 4096, 64, 1]}, \"heatmap0\": {\"device\": \"cuda:0\", \"dtype\": \"torch.float32\", \"numel\": 262144, \"shape\": [1, 1, 64, 64, 64], \"stride\": [262144, 262144, 4096, 64, 1]}, \"input\": {\"device\": \"cuda:0\", \"dtype\": \"torch.float32\", \"numel\": 524288, \"shape\": [1, 2, 64, 64, 64], \"stride\": [524288, 262144, 4096, 1, 64]}, \"pass\": 7, \"role\": \"secondary\"}, {\"feature\": {\"device\": \"cuda:0\", \"dtype\": \"torch.float32\", \"numel\": 16777216, \"shape\": [1, 2, 32, 64, 64, 64], \"stride\": [16777216, 8388608, 262144, 4096, 64, 1]}, \"heatmap0\": {\"device\": \"cuda:0\", \"dtype\": \"torch.float32\", \"numel\": 262144, \"shape\": [1, 1, 64, 64, 64], \"stride\": [262144, 262144, 4096, 64, 1]}, \"input\": {\"device\": \"cuda:0\", \"dtype\": \"torch.float32\", \"numel\": 524288, \"shape\": [1, 2, 64, 64, 64], \"stride\": [524288, 262144, 4096, 64, 1]}, \"pass\": 8, \"role\": \"secondary\"}], \"event\": \"actual_predictor_window\", \"frames\": [0, 1], \"input\": {\"all_finite\": true, \"device\": \"cuda:0\", \"dtype\": \"torch.float32\", \"numel\": 524288, \"shape\": [1, 2, 64, 64, 64], \"stride\": [524288, 262144, 4096, 64, 1]}, \"input_parent\": \"/kaggle/input/competitions/biohub-cell-tracking-during-development/train\", \"seconds_including_common_audit\": 2.0934632060002514, \"window_index\": 1, \"worker_execution_settings\": {\"autocast_enabled\": false, \"cuda_runtime\": \"12.8\", \"cudnn_allow_tf32\": true, \"cudnn_benchmark\": false, \"cudnn_deterministic\": false, \"default_dtype\": \"torch.float32\", \"deterministic_algorithms\": false, \"float32_matmul_precision\": \"highest\", \"gpu_name\": \"Tesla T4\", \"grad_enabled\": false, \"matmul_allow_tf32\": false, \"torch_initial_seed\": 16300768204951508060, \"torch_version\": \"2.10.0+cu128\"}}\n"}
,{"stream_name":"stdout","time":2137.945665346,"data":"PUBLIC946_GPU_SMOKE {\"arm\": \"C2\", \"association\": {\"actual_primary_logits_after_original_harmonic_fusion\": {\"all_finite\": true, \"device\": \"cuda:0\", \"dtype\": \"torch.float32\", \"numel\": 7832, \"shape\": [1, 88, 89], \"stride\": [7832, 89, 1]}, \"actual_secondary_feature_consumed\": true, \"actual_secondary_logits\": {\"all_finite\": true, \"device\": \"cuda:0\", \"dtype\": \"torch.float32\", \"numel\": 7832, \"shape\": [1, 88, 89], \"stride\": [7832, 89, 1]}, \"coordinate_grid\": {\"downsample\": [1.0, 4.0, 4.0], \"source\": {\"device\": \"cuda:0\", \"dtype\": \"torch.float32\", \"numel\": 264, \"shape\": [1, 88, 3], \"stride\": [88, 1, 88]}, \"target\": {\"device\": \"cuda:0\", \"dtype\": \"torch.float32\", \"numel\": 267, \"shape\": [1, 89, 3], \"stride\": [89, 1, 89]}}, \"diagnostic_edge_head_calls\": 1, \"diagnostic_encoder_calls\": 0, \"diagnostic_probabilities_used_in_production\": false, \"diagnostic_seconds\": 0.009644921000017348, \"frame_pair_index\": 0, \"primary_source_sampled_features\": {\"all_finite\": true, \"device\": \"cuda:0\", \"dtype\": \"torch.float32\", \"numel\": 2816, \"shape\": [1, 88, 32], \"stride\": [2816, 32, 1]}, \"primary_target_sampled_features\": {\"all_finite\": true, \"device\": \"cuda:0\", \"dtype\": \"torch.float32\", \"numel\": 2848, \"shape\": [1, 89, 32], \"stride\": [2848, 32, 1]}, \"probability_comparison_stage\": \"secondary edge-head softmax over parents, before original calibration and low-margin mixing\", \"probability_delta_vs_single_pass_same_coordinates\": {\"sample_elements\": 7832, \"sample_equal\": false, \"sample_max_abs_delta\": 0.3597915768623352, \"sample_mean_abs_delta\": 0.0009964143391698599, \"sample_stride\": 1}, \"production_calls\": 1, \"same_low_margin_config\": {\"secondary_detection_weight\": 0.8, \"secondary_edge_weight\": 0.15, \"secondary_link_mode\": \"low_margin_consensus\"}, \"source_delta_vs_single_pass\": {\"sample_elements\": 2816, \"sample_equal\": false, \"sample_max_abs_delta\": 0.6597863435745239, \"sample_mean_abs_delta\": 0.11984109878540039, \"sample_stride\": 1}, \"source_sampled_features\": {\"all_finite\": true, \"device\": \"cuda:0\", \"dtype\": \"torch.float32\", \"numel\": 2816, \"shape\": [1, 88, 32], \"stride\": [2816, 32, 1]}, \"target_delta_vs_single_pass\": {\"sample_elements\": 2848, \"sample_equal\": false, \"sample_max_abs_delta\": 0.7168749570846558, \"sample_mean_abs_delta\": 0.11832153052091599, \"sample_stride\": 1}, \"target_sampled_features\": {\"all_finite\": true, \"device\": \"cuda:0\", \"dtype\": \"torch.float32\", \"numel\": 2848, \"shape\": [1, 89, 32], \"stride\": [2848, 32, 1]}}, \"association_calls\": 1, \"config\": {\"secondary_detection_weight\": 0.8, \"secondary_edge_weight\": 0.15, \"secondary_link_mode\": \"low_margin_consensus\"}, \"consumed_features\": {\"primary\": {\"all_finite\": true, \"delta_vs_single_pass\": {\"sample_elements\": 65536, \"sample_equal\": false, \"sample_max_abs_delta\": 2.1413917541503906, \"sample_mean_abs_delta\": 0.26788458228111267, \"sample_stride\": 256}, \"device\": \"cuda:0\", \"dtype\": \"torch.float32\", \"numel\": 16777216, \"original_encoded_feature_sample_unchanged\": true, \"same_storage_as_original\": false, \"shape\": [1, 2, 32, 64, 64, 64], \"single_pass\": {\"device\": \"cuda:0\", \"dtype\": \"torch.float32\", \"numel\": 16777216, \"shape\": [1, 2, 32, 64, 64, 64], \"stride\": [16777216, 8388608, 262144, 4096, 64, 1]}, \"stride\": [16777216, 8388608, 262144, 4096, 64, 1]}, \"secondary\": {\"all_finite\": true, \"delta_vs_single_pass\": {\"sample_elements\": 65536, \"sample_equal\": false, \"sample_max_abs_delta\": 1.1141284704208374, \"sample_mean_abs_delta\": 0.23588082194328308, \"sample_stride\": 256}, \"device\": \"cuda:0\", \"dtype\": \"torch.float32\", \"numel\": 16777216, \"original_encoded_feature_sample_unchanged\": true, \"same_storage_as_original\": false, \"shape\": [1, 2, 32, 64, 64, 64], \"single_pass\": {\"device\": \"cuda:0\", \"dtype\": \"torch.float32\", \"numel\": 16777216, \"shape\": [1, 2, 32, 64, 64, 64], \"stride\": [16777216, 8388608, 262144, 4096, 64, 1]}, \"stride\": [16777216, 8388608, 262144, 4096, 64, 1]}}, \"consumed_heatmaps\": [{\"all_finite\": true, \"device\": \"cuda:0\", \"dtype\": \"torch.float32\", \"numel\": 262144, \"shape\": [1, 1, 64, 64, 64], \"stride\": [262144, 262144, 4096, 64, 1]}, {\"all_finite\": true, \"device\": \"cuda:0\", \"dtype\": \"torch.float32\", \"numel\": 262144, \"shape\": [1, 1, 64, 64, 64], \"stride\": [262144, 262144, 4096, 64, 1]}], \"cuda_peak_allocated_bytes_process\": 728221696, \"cuda_peak_reserved_bytes_process\": 981467136, \"dataset\": \"6bba_062c8d37\", \"encode_calls\": {\"primary\": 8, \"secondary\": 8}, \"encode_seconds\": {\"primary\": 1.0499956600006044, \"secondary\": 0.9562040880000495}, \"encode_views\": [{\"feature\": {\"device\": \"cuda:0\", \"dtype\": \"torch.float32\", \"numel\": 16777216, \"shape\": [1, 2, 32, 64, 64, 64], \"stride\": [16777216, 8388608, 262144, 4096, 64, 1]}, \"heatmap0\": {\"device\": \"cuda:0\", \"dtype\": \"torch.float32\", \"numel\": 262144, \"shape\": [1, 1, 64, 64, 64], \"stride\": [262144, 262144, 4096, 64, 1]}, \"input\": {\"device\": \"cuda:0\", \"dtype\": \"torch.float32\", \"numel\": 524288, \"shape\": [1, 2, 64, 64, 64], \"stride\": [524288, 262144, 4096, 64, 1]}, \"pass\": 1, \"role\": \"primary\"}, {\"feature\": {\"device\": \"cuda:0\", \"dtype\": \"torch.float32\", \"numel\": 16777216, \"shape\": [1, 2, 32, 64, 64, 64], \"stride\": [16777216, 8388608, 262144, 4096, 64, 1]}, \"heatmap0\": {\"device\": \"cuda:0\", \"dtype\": \"torch.float32\", \"numel\": 262144, \"shape\": [1, 1, 64, 64, 64], \"stride\": [262144, 262144, 4096, 64, 1]}, \"input\": {\"device\": \"cuda:0\", \"dtype\": \"torch.float32\", \"numel\": 524288, \"shape\": [1, 2, 64, 64, 64], \"stride\": [524288, 262144, 4096, 64, 1]}, \"pass\": 2, \"role\": \"primary\"}, {\"feature\": {\"device\": \"cuda:0\", \"dtype\": \"torch.float32\", \"numel\": 16777216, \"shape\": [1, 2, 32, 64, 64, 64], \"stride\": [16777216, 8388608, 262144, 4096, 64, 1]}, \"heatmap0\": {\"device\": \"cuda:0\", \"dtype\": \"torch.float32\", \"numel\": 262144, \"shape\": [1, 1, 64, 64, 64], \"stride\": [262144, 262144, 4096, 64, 1]}, \"input\": {\"device\": \"cuda:0\", \"dtype\": \"torch.float32\", \"numel\": 524288, \"shape\": [1, 2, 64, 64, 64], \"stride\": [524288, 262144, 4096, 64, 1]}, \"pass\": 3, \"role\": \"primary\"}, {\"feature\": {\"device\": \"cuda:0\", \"dtype\": \"torch.float32\", \"numel\": 16777216, \"shape\": [1, 2, 32, 64, 64, 64], \"stride\": [16777216, 8388608, 262144, 4096, 64, 1]}, \"heatmap0\": {\"device\": \"cuda:0\", \"dtype\": \"torch.float32\", \"numel\": 262144, \"shape\": [1, 1, 64, 64, 64], \"stride\": [262144, 262144, 4096, 64, 1]}, \"input\": {\"device\": \"cuda:0\", \"dtype\": \"torch.float32\", \"numel\": 524288, \"shape\": [1, 2, 64, 64, 64], \"stride\": [524288, 262144, 4096, 64, 1]}, \"pass\": 4, \"role\": \"primary\"}, {\"feature\": {\"device\": \"cuda:0\", \"dtype\": \"torch.float32\", \"numel\": 16777216, \"shape\": [1, 2, 32, 64, 64, 64], \"stride\": [16777216, 8388608, 262144, 4096, 64, 1]}, \"heatmap0\": {\"device\": \"cuda:0\", \"dtype\": \"torch.float32\", \"numel\": 262144, \"shape\": [1, 1, 64, 64, 64], \"stride\": [262144, 262144, 4096, 64, 1]}, \"input\": {\"device\": \"cuda:0\", \"dtype\": \"torch.float32\", \"numel\": 524288, \"shape\": [1, 2, 64, 64, 64], \"stride\": [524288, 262144, 4096, 1, 64]}, \"pass\": 5, \"role\": \"primary\"}, {\"feature\": {\"device\": \"cuda:0\", \"dtype\": \"torch.float32\", \"numel\": 16777216, \"shape\": [1, 2, 32, 64, 64, 64], \"stride\": [16777216, 8388608, 262144, 4096, 64, 1]}, \"heatmap0\": {\"device\": \"cuda:0\", \"dtype\": \"torch.float32\", \"numel\": 262144, \"shape\": [1, 1, 64, 64, 64], \"stride\": [262144, 262144, 4096, 64, 1]}, \"input\": {\"device\": \"cuda:0\", \"dtype\": \"torch.float32\", \"numel\": 524288, \"shape\": [1, 2, 64, 64, 64], \"stride\": [524288, 262144, 4096, 1, 64]}, \"pass\": 6, \"role\": \"primary\"}, {\"feature\": {\"device\": \"cuda:0\", \"dtype\": \"torch.float32\", \"numel\": 16777216, \"shape\": [1, 2, 32, 64, 64, 64], \"stride\": [16777216, 8388608, 262144, 4096, 64, 1]}, \"heatmap0\": {\"device\": \"cuda:0\", \"dtype\": \"torch.float32\", \"numel\": 262144, \"shape\": [1, 1, 64, 64, 64], \"stride\": [262144, 262144, 4096, 64, 1]}, \"input\": {\"device\": \"cuda:0\", \"dtype\": \"torch.float32\", \"numel\": 524288, \"shape\": [1, 2, 64, 64, 64], \"stride\": [524288, 262144, 4096, 1, 64]}, \"pass\": 7, \"role\": \"primary\"}, {\"feature\": {\"device\": \"cuda:0\", \"dtype\": \"torch.float32\", \"numel\": 16777216, \"shape\": [1, 2, 32, 64, 64, 64], \"stride\": [16777216, 8388608, 262144, 4096, 64, 1]}, \"heatmap0\": {\"device\": \"cuda:0\", \"dtype\": \"torch.float32\", \"numel\": 262144, \"shape\": [1, 1, 64, 64, 64], \"stride\": [262144, 262144, 4096, 64, 1]}, \"input\": {\"device\": \"cuda:0\", \"dtype\": \"torch.float32\", \"numel\": 524288, \"shape\": [1, 2, 64, 64, 64], \"stride\": [524288, 262144, 4096, 64, 1]}, \"pass\": 8, \"role\": \"primary\"}, {\"feature\": {\"device\": \"cuda:0\", \"dtype\": \"torch.float32\", \"numel\": 16777216, \"shape\": [1, 2, 32, 64, 64, 64], \"stride\": [16777216, 8388608, 262144, 4096, 64, 1]}, \"heatmap0\": {\"device\": \"cuda:0\", \"dtype\": \"torch.float32\", \"numel\": 262144, \"shape\": [1, 1, 64, 64, 64], \"stride\": [262144, 262144, 4096, 64, 1]}, \"input\": {\"device\": \"cuda:0\", \"dtype\": \"torch.float32\", \"numel\": 524288, \"shape\": [1, 2, 64, 64, 64], \"stride\": [524288, 262144, 4096, 64, 1]}, \"pass\": 1, \"role\": \"secondary\"}, {\"feature\": {\"device\": \"cuda:0\", \"dtype\": \"torch.float32\", \"numel\": 16777216, \"shape\": [1, 2, 32, 64, 64, 64], \"stride\": [16777216, 8388608, 262144, 4096, 64, 1]}, \"heatmap0\": {\"device\": \"cuda:0\", \"dtype\": \"torch.float32\", \"numel\": 262144, \"shape\": [1, 1, 64, 64, 64], \"stride\": [262144, 262144, 4096, 64, 1]}, \"input\": {\"device\": \"cuda:0\", \"dtype\": \"torch.float32\", \"numel\": 524288, \"shape\": [1, 2, 64, 64, 64], \"stride\": [524288, 262144, 4096, 64, 1]}, \"pass\": 2, \"role\": \"secondary\"}, {\"feature\": {\"device\": \"cuda:0\", \"dtype\": \"torch.float32\", \"numel\": 16777216, \"shape\": [1, 2, 32, 64, 64, 64], \"stride\": [16777216, 8388608, 262144, 4096, 64, 1]}, \"heatmap0\": {\"device\": \"cuda:0\", \"dtype\": \"torch.float32\", \"numel\": 262144, \"shape\": [1, 1, 64, 64, 64], \"stride\": [262144, 262144, 4096, 64, 1]}, \"input\": {\"device\": \"cuda:0\", \"dtype\": \"torch.float32\", \"numel\": 524288, \"shape\": [1, 2, 64, 64, 64], \"stride\": [524288, 262144, 4096, 64, 1]}, \"pass\": 3, \"role\": \"secondary\"}, {\"feature\": {\"device\": \"cuda:0\", \"dtype\": \"torch.float32\", \"numel\": 16777216, \"shape\": [1, 2, 32, 64, 64, 64], \"stride\": [16777216, 8388608, 262144, 4096, 64, 1]}, \"heatmap0\": {\"device\": \"cuda:0\", \"dtype\": \"torch.float32\", \"numel\": 262144, \"shape\": [1, 1, 64, 64, 64], \"stride\": [262144, 262144, 4096, 64, 1]}, \"input\": {\"device\": \"cuda:0\", \"dtype\": \"torch.float32\", \"numel\": 524288, \"shape\": [1, 2, 64, 64, 64], \"stride\": [524288, 262144, 4096, 64, 1]}, \"pass\": 4, \"role\": \"secondary\"}, {\"feature\": {\"device\": \"cuda:0\", \"dtype\": \"torch.float32\", \"numel\": 16777216, \"shape\": [1, 2, 32, 64, 64, 64], \"stride\": [16777216, 8388608, 262144, 4096, 64, 1]}, \"heatmap0\": {\"device\": \"cuda:0\", \"dtype\": \"torch.float32\", \"numel\": 262144, \"shape\": [1, 1, 64, 64, 64], \"stride\": [262144, 262144, 4096, 64, 1]}, \"input\": {\"device\": \"cuda:0\", \"dtype\": \"torch.float32\", \"numel\": 524288, \"shape\": [1, 2, 64, 64, 64], \"stride\": [524288, 262144, 4096, 1, 64]}, \"pass\": 5, \"role\": \"secondary\"}, {\"feature\": {\"device\": \"cuda:0\", \"dtype\": \"torch.float32\", \"numel\": 16777216, \"shape\": [1, 2, 32, 64, 64, 64], \"stride\": [16777216, 8388608, 262144, 4096, 64, 1]}, \"heatmap0\": {\"device\": \"cuda:0\", \"dtype\": \"torch.float32\", \"numel\": 262144, \"shape\": [1, 1, 64, 64, 64], \"stride\": [262144, 262144, 4096, 64, 1]}, \"input\": {\"device\": \"cuda:0\", \"dtype\": \"torch.float32\", \"numel\": 524288, \"shape\": [1, 2, 64, 64, 64], \"stride\": [524288, 262144, 4096, 1, 64]}, \"pass\": 6, \"role\": \"secondary\"}, {\"feature\": {\"device\": \"cuda:0\", \"dtype\": \"torch.float32\", \"numel\": 16777216, \"shape\": [1, 2, 32, 64, 64, 64], \"stride\": [16777216, 8388608, 262144, 4096, 64, 1]}, \"heatmap0\": {\"device\": \"cuda:0\", \"dtype\": \"torch.float32\", \"numel\": 262144, \"shape\": [1, 1, 64, 64, 64], \"stride\": [262144, 262144, 4096, 64, 1]}, \"input\": {\"device\": \"cuda:0\", \"dtype\": \"torch.float32\", \"numel\": 524288, \"shape\": [1, 2, 64, 64, 64], \"stride\": [524288, 262144, 4096, 1, 64]}, \"pass\": 7, \"role\": \"secondary\"}, {\"feature\": {\"device\": \"cuda:0\", \"dtype\": \"torch.float32\", \"numel\": 16777216, \"shape\": [1, 2, 32, 64, 64, 64], \"stride\": [16777216, 8388608, 262144, 4096, 64, 1]}, \"heatmap0\": {\"device\": \"cuda:0\", \"dtype\": \"torch.float32\", \"numel\": 262144, \"shape\": [1, 1, 64, 64, 64], \"stride\": [262144, 262144, 4096, 64, 1]}, \"input\": {\"device\": \"cuda:0\", \"dtype\": \"torch.float32\", \"numel\": 524288, \"shape\": [1, 2, 64, 64, 64], \"stride\": [524288, 262144, 4096, 64, 1]}, \"pass\": 8, \"role\": \"secondary\"}], \"event\": \"actual_predictor_window\", \"frames\": [0, 1], \"input\": {\"all_finite\": true, \"device\": \"cuda:0\", \"dtype\": \"torch.float32\", \"numel\": 524288, \"shape\": [1, 2, 64, 64, 64], \"stride\": [524288, 262144, 4096, 64, 1]}, \"input_parent\": \"/kaggle/input/competitions/biohub-cell-tracking-during-development/train\", \"seconds_including_common_audit\": 2.0934632060002514, \"window_index\": 1, \"worker_execution_settings\": {\"autocast_enabled\": false, \"cuda_runtime\": \"12.8\", \"cudnn_allow_tf32\": true, \"cudnn_benchmark\": false, \"cudnn_deterministic\": false, \"default_dtype\": \"torch.float32\", \"deterministic_algorithms\": false, \"float32_matmul_precision\": \"highest\", \"gpu_name\": \"Tesla T4\", \"grad_enabled\": false, \"matmul_allow_tf32\": false, \"torch_initial_seed\": 16300768204951508060, \"torch_version\": \"2.10.0+cu128\"}}\n"}
,{"stream_name":"stdout","time":2138.207529824,"data":"EDGE_TTA_ACTIVE views= 8 mean_abs_feat_delta= 0.344058\n"}
,{"stream_name":"stdout","time":2138.410169977,"data":"EDGE_TTA_ACTIVE views= 8 mean_abs_feat_delta= 0.344058\n"}
,{"stream_name":"stdout","time":2138.76130244,"data":"EDGE_TTA_ACTIVE views= 8 mean_abs_feat_delta= 0.287561\n"}
,{"stream_name":"stdout","time":2138.963778329,"data":"EDGE_TTA_ACTIVE views= 8 mean_abs_feat_delta= 0.287561\n"}
,{"stream_name":"stdout","time":2140.500361811,"data":"EDGE_TTA_ACTIVE views= 8 mean_abs_feat_delta= 0.342413\n"}
,{"stream_name":"stdout","time":2140.703376275,"data":"EDGE_TTA_ACTIVE views= 8 mean_abs_feat_delta= 0.342413\n"}
,{"stream_name":"stdout","time":2140.789760157,"data":"EDGE_TTA_ACTIVE views= 8 mean_abs_feat_delta= 0.288963\n"}
,{"stream_name":"stdout","time":2140.995191691,"data":"EDGE_TTA_ACTIVE views= 8 mean_abs_feat_delta= 0.288963\n"}
,{"stream_name":"stdout","time":2142.787864194,"data":"EDGE_TTA_ACTIVE views= 8 mean_abs_feat_delta= 0.339014\n"}
,{"stream_name":"stdout","time":2142.798255145,"data":"EDGE_TTA_ACTIVE views= 8 mean_abs_feat_delta= 0.284378\n"}
,{"stream_name":"stdout","time":2142.989972906,"data":"EDGE_TTA_ACTIVE views= 8 mean_abs_feat_delta= 0.339014\n"}
,{"stream_name":"stdout","time":2142.990007887,"data":"EDGE_TTA_ACTIVE views= 8 mean_abs_feat_delta= 0.284378\n"}
,{"stream_name":"stdout","time":2144.827906892,"data":"EDGE_TTA_ACTIVE views= 8 mean_abs_feat_delta= 0.287813\n"}
,{"stream_name":"stdout","time":2145.030095515,"data":"EDGE_TTA_ACTIVE views= 8 mean_abs_feat_delta= 0.287813\n"}
,{"stream_name":"stdout","time":2145.069151083,"data":"EDGE_TTA_ACTIVE views= 8 mean_abs_feat_delta= 0.331895\n"}
,{"stream_name":"stdout","time":2145.271295261,"data":"EDGE_TTA_ACTIVE views= 8 mean_abs_feat_delta= 0.331895\n"}
,{"stream_name":"stdout","time":2146.857729948,"data":"EDGE_TTA_ACTIVE views= 8 mean_abs_feat_delta= 0.287261\n"}
,{"stream_name":"stdout","time":2147.060354794,"data":"EDGE_TTA_ACTIVE views= 8 mean_abs_feat_delta= 0.287261\n"}
,{"stream_name":"stdout","time":2147.337174093,"data":"EDGE_TTA_ACTIVE views= 8 mean_abs_feat_delta= 0.34071\n"}
,{"stream_name":"stdout","time":2147.539483496,"data":"EDGE_TTA_ACTIVE views= 8 mean_abs_feat_delta= 0.34071\n"}
,{"stream_name":"stdout","time":2148.887332409,"data":"EDGE_TTA_ACTIVE views= 8 mean_abs_feat_delta= 0.28741\n"}
,{"stream_name":"stdout","time":2149.171987892,"data":"EDGE_TTA_ACTIVE views= 8 mean_abs_feat_delta= 0.28741\n"}
,{"stream_name":"stdout","time":2149.633246909,"data":"EDGE_TTA_ACTIVE views= 8 mean_abs_feat_delta= 0.344597\n"}
,{"stream_name":"stdout","time":2149.83595391,"data":"EDGE_TTA_ACTIVE views= 8 mean_abs_feat_delta= 0.344597\n"}
,{"stream_name":"stdout","time":2150.936545398,"data":"EDGE_TTA_ACTIVE views= 8 mean_abs_feat_delta= 0.291909\n"}
,{"stream_name":"stdout","time":2151.139224135,"data":"EDGE_TTA_ACTIVE views= 8 mean_abs_feat_delta= 0.291909\n"}
,{"stream_name":"stdout","time":2151.921520171,"data":"EDGE_TTA_ACTIVE views= 8 mean_abs_feat_delta= 0.347949\n"}
,{"stream_name":"stdout","time":2152.123867091,"data":"EDGE_TTA_ACTIVE views= 8 mean_abs_feat_delta= 0.347949\n"}
,{"stream_name":"stdout","time":2153.026654856,"data":"EDGE_TTA_ACTIVE views= 8 mean_abs_feat_delta= 0.291947\n"}
,{"stream_name":"stdout","time":2153.229172838,"data":"EDGE_TTA_ACTIVE views= 8 mean_abs_feat_delta= 0.291947\n"}
,{"stream_name":"stdout","time":2154.190449864,"data":"EDGE_TTA_ACTIVE views= 8 mean_abs_feat_delta= 0.343395\n"}
,{"stream_name":"stdout","time":2154.393338926,"data":"EDGE_TTA_ACTIVE views= 8 mean_abs_feat_delta= 0.343395\n"}
,{"stream_name":"stdout","time":2155.078371994,"data":"EDGE_TTA_ACTIVE views= 8 mean_abs_feat_delta= 0.291055\n"}
,{"stream_name":"stdout","time":2155.280848775,"data":"EDGE_TTA_ACTIVE views= 8 mean_abs_feat_delta= 0.291055\n"}
,{"stream_name":"stdout","time":2156.461330418,"data":"EDGE_TTA_ACTIVE views= 8 mean_abs_feat_delta= 0.342938\n"}
,{"stream_name":"stdout","time":2156.663892947,"data":"EDGE_TTA_ACTIVE views= 8 mean_abs_feat_delta= 0.342938\n"}
,{"stream_name":"stdout","time":2157.141579831,"data":"EDGE_TTA_ACTIVE views= 8 mean_abs_feat_delta= 0.28982\n"}
,{"stream_name":"stdout","time":2157.344363809,"data":"EDGE_TTA_ACTIVE views= 8 mean_abs_feat_delta= 0.28982\n"}
,{"stream_name":"stdout","time":2158.722480728,"data":"EDGE_TTA_ACTIVE views= 8 mean_abs_feat_delta= 0.34073\n"}
,{"stream_name":"stdout","time":2158.925108288,"data":"EDGE_TTA_ACTIVE views= 8 mean_abs_feat_delta= 0.34073\n"}
,{"stream_name":"stdout","time":2159.21028676,"data":"EDGE_TTA_ACTIVE views= 8 mean_abs_feat_delta= 0.288198\n"}
,{"stream_name":"stdout","time":2159.412844513,"data":"EDGE_TTA_ACTIVE views= 8 mean_abs_feat_delta= 0.288198\n"}
,{"stream_name":"stdout","time":2161.007750704,"data":"EDGE_TTA_ACTIVE views= 8 mean_abs_feat_delta= 0.337223\n"}
,{"stream_name":"stdout","time":2161.210557007,"data":"EDGE_TTA_ACTIVE views= 8 mean_abs_feat_delta= 0.337223\n"}
,{"stream_name":"stdout","time":2161.282983205,"data":"EDGE_TTA_ACTIVE views= 8 mean_abs_feat_delta= 0.280635\n"}
,{"stream_name":"stdout","time":2161.485591698,"data":"EDGE_TTA_ACTIVE views= 8 mean_abs_feat_delta= 0.280635\n"}
,{"stream_name":"stdout","time":2163.29097858,"data":"EDGE_TTA_ACTIVE views= 8 mean_abs_feat_delta= 0.338214\n"}
,{"stream_name":"stdout","time":2163.355999427,"data":"EDGE_TTA_ACTIVE views= 8 mean_abs_feat_delta= 0.283807\n"}
,{"stream_name":"stdout","time":2163.493717496,"data":"EDGE_TTA_ACTIVE views= 8 mean_abs_feat_delta= 0.338214\n"}
,{"stream_name":"stdout","time":2163.493750126,"data":"EDGE_TTA_ACTIVE views= 8 mean_abs_feat_delta= 0.283807\n"}
,{"stream_name":"stdout","time":2165.436865959,"data":"EDGE_TTA_ACTIVE views= 8 mean_abs_feat_delta= 0.288234\n"}
,{"stream_name":"stdout","time":2165.56771108,"data":"EDGE_TTA_ACTIVE views= 8 mean_abs_feat_delta= 0.343058\n"}
,{"stream_name":"stdout","time":2165.639266112,"data":"EDGE_TTA_ACTIVE views= 8 mean_abs_feat_delta= 0.288234\n"}
,{"stream_name":"stdout","time":2165.639293509,"data":"EDGE_TTA_ACTIVE views= 8 mean_abs_feat_delta= 0.343058\n"}
,{"stream_name":"stdout","time":2167.525515468,"data":"EDGE_TTA_ACTIVE views= 8 mean_abs_feat_delta= 0.286344\n"}
,{"stream_name":"stdout","time":2167.728384599,"data":"EDGE_TTA_ACTIVE views= 8 mean_abs_feat_delta= 0.286344\n"}
,{"stream_name":"stdout","time":2167.841179068,"data":"EDGE_TTA_ACTIVE views= 8 mean_abs_feat_delta= 0.343211\n"}
,{"stream_name":"stdout","time":2168.043737455,"data":"EDGE_TTA_ACTIVE views= 8 mean_abs_feat_delta= 0.343211\n"}
,{"stream_name":"stdout","time":2169.61567826,"data":"EDGE_TTA_ACTIVE views= 8 mean_abs_feat_delta= 0.281856\n"}
,{"stream_name":"stdout","time":2169.818332956,"data":"EDGE_TTA_ACTIVE views= 8 mean_abs_feat_delta= 0.281856\n"}
,{"stream_name":"stdout","time":2170.12934374,"data":"EDGE_TTA_ACTIVE views= 8 mean_abs_feat_delta= 0.340682\n"}
,{"stream_name":"stdout","time":2170.332035372,"data":"EDGE_TTA_ACTIVE views= 8 mean_abs_feat_delta= 0.340682\n"}
,{"stream_name":"stdout","time":2171.709000071,"data":"EDGE_TTA_ACTIVE views= 8 mean_abs_feat_delta= 0.277556\n"}
,{"stream_name":"stdout","time":2171.91159959,"data":"EDGE_TTA_ACTIVE views= 8 mean_abs_feat_delta= 0.277556\n"}
,{"stream_name":"stdout","time":2172.417326551,"data":"EDGE_TTA_ACTIVE views= 8 mean_abs_feat_delta= 0.338135\n"}
,{"stream_name":"stdout","time":2172.620085546,"data":"EDGE_TTA_ACTIVE views= 8 mean_abs_feat_delta= 0.338135\n"}
,{"stream_name":"stdout","time":2173.805074845,"data":"EDGE_TTA_ACTIVE views= 8 mean_abs_feat_delta= 0.277451\n"}
,{"stream_name":"stdout","time":2174.007682475,"data":"EDGE_TTA_ACTIVE views= 8 mean_abs_feat_delta= 0.277451\n"}
,{"stream_name":"stdout","time":2174.694594001,"data":"EDGE_TTA_ACTIVE views= 8 mean_abs_feat_delta= 0.333565\n"}
,{"stream_name":"stdout","time":2174.897172098,"data":"EDGE_TTA_ACTIVE views= 8 mean_abs_feat_delta= 0.333565\n"}
,{"stream_name":"stdout","time":2175.841577554,"data":"EDGE_TTA_ACTIVE views= 8 mean_abs_feat_delta= 0.278448\n"}
,{"stream_name":"stdout","time":2176.044071431,"data":"EDGE_TTA_ACTIVE views= 8 mean_abs_feat_delta= 0.278448\n"}
,{"stream_name":"stdout","time":2176.963996756,"data":"EDGE_TTA_ACTIVE views= 8 mean_abs_feat_delta= 0.337448\n"}
,{"stream_name":"stdout","time":2177.166667963,"data":"EDGE_TTA_ACTIVE views= 8 mean_abs_feat_delta= 0.337448\n"}
,{"stream_name":"stdout","time":2177.917894199,"data":"EDGE_TTA_ACTIVE views= 8 mean_abs_feat_delta= 0.279406\n"}
,{"stream_name":"stdout","time":2178.120369815,"data":"EDGE_TTA_ACTIVE views= 8 mean_abs_feat_delta= 0.279406\n"}
,{"stream_name":"stdout","time":2179.24230937,"data":"EDGE_TTA_ACTIVE views= 8 mean_abs_feat_delta= 0.337377\n"}
,{"stream_name":"stdout","time":2179.525441755,"data":"EDGE_TTA_ACTIVE views= 8 mean_abs_feat_delta= 0.337377\n"}
,{"stream_name":"stdout","time":2179.991012221,"data":"EDGE_TTA_ACTIVE views= 8 mean_abs_feat_delta= 0.28314\n"}
,{"stream_name":"stdout","time":2180.193454378,"data":"EDGE_TTA_ACTIVE views= 8 mean_abs_feat_delta= 0.28314\n"}
,{"stream_name":"stdout","time":2181.520592958,"data":"EDGE_TTA_ACTIVE views= 8 mean_abs_feat_delta= 0.334616\n"}
,{"stream_name":"stdout","time":2181.72339057,"data":"EDGE_TTA_ACTIVE views= 8 mean_abs_feat_delta= 0.334616\n"}
,{"stream_name":"stdout","time":2182.098547271,"data":"EDGE_TTA_ACTIVE views= 8 mean_abs_feat_delta= 0.290562\n"}
,{"stream_name":"stdout","time":2182.301133184,"data":"EDGE_TTA_ACTIVE views= 8 mean_abs_feat_delta= 0.290562\n"}
,{"stream_name":"stdout","time":2183.784139818,"data":"EDGE_TTA_ACTIVE views= 8 mean_abs_feat_delta= 0.333661\n"}
,{"stream_name":"stdout","time":2183.986947447,"data":"EDGE_TTA_ACTIVE views= 8 mean_abs_feat_delta= 0.333661\n"}
,{"stream_name":"stdout","time":2184.180929526,"data":"EDGE_TTA_ACTIVE views= 8 mean_abs_feat_delta= 0.288456\n"}
,{"stream_name":"stdout","time":2184.383705179,"data":"EDGE_TTA_ACTIVE views= 8 mean_abs_feat_delta= 0.288456\n"}
,{"stream_name":"stdout","time":2186.055901997,"data":"EDGE_TTA_ACTIVE views= 8 mean_abs_feat_delta= 0.339485\n"}
,{"stream_name":"stdout","time":2186.259954825,"data":"EDGE_TTA_ACTIVE views= 8 mean_abs_feat_delta= 0.286395\n"}
,{"stream_name":"stdout","time":2186.259990531,"data":"EDGE_TTA_ACTIVE views= 8 mean_abs_feat_delta= 0.339485\n"}
,{"stream_name":"stdout","time":2186.46184728,"data":"EDGE_TTA_ACTIVE views= 8 mean_abs_feat_delta= 0.286395\n"}
,{"stream_name":"stdout","time":2188.32281199,"data":"EDGE_TTA_ACTIVE views= 8 mean_abs_feat_delta= 0.337706\n"}
,{"stream_name":"stdout","time":2188.337761656,"data":"EDGE_TTA_ACTIVE views= 8 mean_abs_feat_delta= 0.294338\n"}
,{"stream_name":"stdout","time":2188.525476884,"data":"EDGE_TTA_ACTIVE views= 8 mean_abs_feat_delta= 0.337706\n"}
,{"stream_name":"stdout","time":2188.525521746,"data":"EDGE_TTA_ACTIVE views= 8 mean_abs_feat_delta= 0.294338\n"}
,{"stream_name":"stdout","time":2190.427036351,"data":"EDGE_TTA_ACTIVE views= 8 mean_abs_feat_delta= 0.290596\n"}
,{"stream_name":"stdout","time":2190.605095091,"data":"EDGE_TTA_ACTIVE views= 8 mean_abs_feat_delta= 0.337246\n"}
,{"stream_name":"stdout","time":2190.629779642,"data":"EDGE_TTA_ACTIVE views= 8 mean_abs_feat_delta= 0.290596\n"}
,{"stream_name":"stdout","time":2190.629806166,"data":"EDGE_TTA_ACTIVE views= 8 mean_abs_feat_delta= 0.337246\n"}
,{"stream_name":"stdout","time":2192.52022886,"data":"EDGE_TTA_ACTIVE views= 8 mean_abs_feat_delta= 0.288951\n"}
,{"stream_name":"stdout","time":2192.722809217,"data":"EDGE_TTA_ACTIVE views= 8 mean_abs_feat_delta= 0.288951\n"}
,{"stream_name":"stdout","time":2192.868443459,"data":"EDGE_TTA_ACTIVE views= 8 mean_abs_feat_delta= 0.339272\n"}
,{"stream_name":"stdout","time":2193.070866909,"data":"EDGE_TTA_ACTIVE views= 8 mean_abs_feat_delta= 0.339272\n"}
,{"stream_name":"stdout","time":2194.610313186,"data":"EDGE_TTA_ACTIVE views= 8 mean_abs_feat_delta= 0.287622\n"}
,{"stream_name":"stdout","time":2194.813222631,"data":"EDGE_TTA_ACTIVE views= 8 mean_abs_feat_delta= 0.287622\n"}
,{"stream_name":"stdout","time":2195.140648488,"data":"EDGE_TTA_ACTIVE views= 8 mean_abs_feat_delta= 0.342159\n"}
,{"stream_name":"stdout","time":2195.343244382,"data":"EDGE_TTA_ACTIVE views= 8 mean_abs_feat_delta= 0.342159\n"}
,{"stream_name":"stdout","time":2196.693679331,"data":"EDGE_TTA_ACTIVE views= 8 mean_abs_feat_delta= 0.288395\n"}
,{"stream_name":"stdout","time":2196.896353787,"data":"EDGE_TTA_ACTIVE views= 8 mean_abs_feat_delta= 0.288395\n"}
,{"stream_name":"stdout","time":2197.408767627,"data":"EDGE_TTA_ACTIVE views= 8 mean_abs_feat_delta= 0.343625\n"}
,{"stream_name":"stdout","time":2197.611337793,"data":"EDGE_TTA_ACTIVE views= 8 mean_abs_feat_delta= 0.343625\n"}
,{"stream_name":"stdout","time":2198.779986884,"data":"EDGE_TTA_ACTIVE views= 8 mean_abs_feat_delta= 0.286202\n"}
,{"stream_name":"stdout","time":2198.98294171,"data":"EDGE_TTA_ACTIVE views= 8 mean_abs_feat_delta= 0.286202\n"}
,{"stream_name":"stdout","time":2199.66743645,"data":"EDGE_TTA_ACTIVE views= 8 mean_abs_feat_delta= 0.343102\n"}
,{"stream_name":"stdout","time":2199.869943099,"data":"EDGE_TTA_ACTIVE views= 8 mean_abs_feat_delta= 0.343102\n"}
,{"stream_name":"stdout","time":2200.873948798,"data":"EDGE_TTA_ACTIVE views= 8 mean_abs_feat_delta= 0.287794\n"}
,{"stream_name":"stdout","time":2201.076626087,"data":"EDGE_TTA_ACTIVE views= 8 mean_abs_feat_delta= 0.287794\n"}
,{"stream_name":"stdout","time":2201.932194302,"data":"EDGE_TTA_ACTIVE views= 8 mean_abs_feat_delta= 0.338878\n"}
,{"stream_name":"stdout","time":2202.134989966,"data":"EDGE_TTA_ACTIVE views= 8 mean_abs_feat_delta= 0.338878\n"}
,{"stream_name":"stdout","time":2202.970357349,"data":"EDGE_TTA_ACTIVE views= 8 mean_abs_feat_delta= 0.288107\n"}
,{"stream_name":"stdout","time":2203.17278508,"data":"EDGE_TTA_ACTIVE views= 8 mean_abs_feat_delta= 0.288107\n"}
,{"stream_name":"stdout","time":2204.185530132,"data":"EDGE_TTA_ACTIVE views= 8 mean_abs_feat_delta= 0.344788\n"}
,{"stream_name":"stdout","time":2204.387979195,"data":"EDGE_TTA_ACTIVE views= 8 mean_abs_feat_delta= 0.344788\n"}
,{"stream_name":"stdout","time":2205.064016978,"data":"EDGE_TTA_ACTIVE views= 8 mean_abs_feat_delta= 0.292464\n"}
,{"stream_name":"stdout","time":2205.267012047,"data":"EDGE_TTA_ACTIVE views= 8 mean_abs_feat_delta= 0.292464\n"}
,{"stream_name":"stdout","time":2206.455151154,"data":"EDGE_TTA_ACTIVE views= 8 mean_abs_feat_delta= 0.33784\n"}
,{"stream_name":"stdout","time":2206.657656787,"data":"EDGE_TTA_ACTIVE views= 8 mean_abs_feat_delta= 0.33784\n"}
,{"stream_name":"stdout","time":2207.157187263,"data":"EDGE_TTA_ACTIVE views= 8 mean_abs_feat_delta= 0.292965\n"}
,{"stream_name":"stdout","time":2207.359819875,"data":"EDGE_TTA_ACTIVE views= 8 mean_abs_feat_delta= 0.292965\n"}
,{"stream_name":"stdout","time":2208.729867118,"data":"EDGE_TTA_ACTIVE views= 8 mean_abs_feat_delta= 0.339211\n"}
,{"stream_name":"stdout","time":2208.932487121,"data":"EDGE_TTA_ACTIVE views= 8 mean_abs_feat_delta= 0.339211\n"}
,{"stream_name":"stdout","time":2209.246891478,"data":"EDGE_TTA_ACTIVE views= 8 mean_abs_feat_delta= 0.287195\n"}
,{"stream_name":"stdout","time":2209.449196451,"data":"EDGE_TTA_ACTIVE views= 8 mean_abs_feat_delta= 0.287195\n"}
,{"stream_name":"stdout","time":2211.000284986,"data":"EDGE_TTA_ACTIVE views= 8 mean_abs_feat_delta= 0.339533\n"}
,{"stream_name":"stdout","time":2211.291301182,"data":"EDGE_TTA_ACTIVE views= 8 mean_abs_feat_delta= 0.339533\n"}
,{"stream_name":"stdout","time":2211.33762907,"data":"EDGE_TTA_ACTIVE views= 8 mean_abs_feat_delta= 0.283498\n"}
,{"stream_name":"stdout","time":2211.540179308,"data":"EDGE_TTA_ACTIVE views= 8 mean_abs_feat_delta= 0.283498\n"}
,{"stream_name":"stdout","time":2213.290148753,"data":"EDGE_TTA_ACTIVE views= 8 mean_abs_feat_delta= 0.333552\n"}
,{"stream_name":"stdout","time":2213.437107482,"data":"EDGE_TTA_ACTIVE views= 8 mean_abs_feat_delta= 0.283498\n"}
,{"stream_name":"stdout","time":2213.492912836,"data":"EDGE_TTA_ACTIVE views= 8 mean_abs_feat_delta= 0.333552\n"}
,{"stream_name":"stdout","time":2213.492959064,"data":"EDGE_TTA_ACTIVE views= 8 mean_abs_feat_delta= 0.283498\n"}
,{"stream_name":"stdout","time":2215.560930631,"data":"EDGE_TTA_ACTIVE views= 8 mean_abs_feat_delta= 0.283498\n"}
,{"stream_name":"stdout","time":2215.566286842,"data":"EDGE_TTA_ACTIVE views= 8 mean_abs_feat_delta= 0.342836\n"}
,{"stream_name":"stdout","time":2215.763449638,"data":"EDGE_TTA_ACTIVE views= 8 mean_abs_feat_delta= 0.283498\n"}
,{"stream_name":"stdout","time":2215.763485728,"data":"EDGE_TTA_ACTIVE views= 8 mean_abs_feat_delta= 0.342836\n"}
,{"stream_name":"stdout","time":2217.661849476,"data":"EDGE_TTA_ACTIVE views= 8 mean_abs_feat_delta= 0.315338\n"}
,{"stream_name":"stdout","time":2217.828557919,"data":"EDGE_TTA_ACTIVE views= 8 mean_abs_feat_delta= 0.340752\n"}
,{"stream_name":"stdout","time":2217.864350023,"data":"EDGE_TTA_ACTIVE views= 8 mean_abs_feat_delta= 0.315338\n"}
,{"stream_name":"stdout","time":2217.864374236,"data":"EDGE_TTA_ACTIVE views= 8 mean_abs_feat_delta= 0.340752\n"}
,{"stream_name":"stdout","time":2219.776717367,"data":"EDGE_TTA_ACTIVE views= 8 mean_abs_feat_delta= 0.316057\n"}
,{"stream_name":"stdout","time":2219.979214105,"data":"EDGE_TTA_ACTIVE views= 8 mean_abs_feat_delta= 0.316057\n"}
,{"stream_name":"stdout","time":2220.097208762,"data":"EDGE_TTA_ACTIVE views= 8 mean_abs_feat_delta= 0.33721\n"}
,{"stream_name":"stdout","time":2220.299788557,"data":"EDGE_TTA_ACTIVE views= 8 mean_abs_feat_delta= 0.33721\n"}
,{"stream_name":"stdout","time":2221.892389426,"data":"EDGE_TTA_ACTIVE views= 8 mean_abs_feat_delta= 0.289165\n"}
,{"stream_name":"stdout","time":2222.094970569,"data":"EDGE_TTA_ACTIVE views= 8 mean_abs_feat_delta= 0.289165\n"}
,{"stream_name":"stdout","time":2222.365758674,"data":"EDGE_TTA_ACTIVE views= 8 mean_abs_feat_delta= 0.331794\n"}
,{"stream_name":"stdout","time":2222.568205476,"data":"EDGE_TTA_ACTIVE views= 8 mean_abs_feat_delta= 0.331794\n"}
,{"stream_name":"stdout","time":2224.018977646,"data":"EDGE_TTA_ACTIVE views= 8 mean_abs_feat_delta= 0.28309\n"}
,{"stream_name":"stdout","time":2224.221306227,"data":"EDGE_TTA_ACTIVE views= 8 mean_abs_feat_delta= 0.28309\n"}
,{"stream_name":"stdout","time":2224.658463482,"data":"EDGE_TTA_ACTIVE views= 8 mean_abs_feat_delta= 0.328009\n"}
,{"stream_name":"stdout","time":2224.861015929,"data":"EDGE_TTA_ACTIVE views= 8 mean_abs_feat_delta= 0.328009\n"}
,{"stream_name":"stdout","time":2226.1242975,"data":"EDGE_TTA_ACTIVE views= 8 mean_abs_feat_delta= 0.28861\n"}
,{"stream_name":"stdout","time":2226.327059104,"data":"EDGE_TTA_ACTIVE views= 8 mean_abs_feat_delta= 0.28861\n"}
,{"stream_name":"stdout","time":2226.940764865,"data":"EDGE_TTA_ACTIVE views= 8 mean_abs_feat_delta= 0.334781\n"}
,{"stream_name":"stdout","time":2227.143366368,"data":"EDGE_TTA_ACTIVE views= 8 mean_abs_feat_delta= 0.334781\n"}
,{"stream_name":"stdout","time":2228.249817567,"data":"EDGE_TTA_ACTIVE views= 8 mean_abs_feat_delta= 0.287751\n"}
,{"stream_name":"stdout","time":2228.452586522,"data":"EDGE_TTA_ACTIVE views= 8 mean_abs_feat_delta= 0.287751\n"}
,{"stream_name":"stdout","time":2229.221538438,"data":"EDGE_TTA_ACTIVE views= 8 mean_abs_feat_delta= 0.331889\n"}
,{"stream_name":"stdout","time":2229.424155107,"data":"EDGE_TTA_ACTIVE views= 8 mean_abs_feat_delta= 0.331889\n"}
,{"stream_name":"stdout","time":2230.379756787,"data":"EDGE_TTA_ACTIVE views= 8 mean_abs_feat_delta= 0.285257\n"}
,{"stream_name":"stdout","time":2230.582376699,"data":"EDGE_TTA_ACTIVE views= 8 mean_abs_feat_delta= 0.285257\n"}
,{"stream_name":"stdout","time":2231.542084942,"data":"EDGE_TTA_ACTIVE views= 8 mean_abs_feat_delta= 0.324439\n"}
,{"stream_name":"stdout","time":2231.744626313,"data":"EDGE_TTA_ACTIVE views= 8 mean_abs_feat_delta= 0.324439\n"}
,{"stream_name":"stdout","time":2232.506086658,"data":"EDGE_TTA_ACTIVE views= 8 mean_abs_feat_delta= 0.288217\n"}
,{"stream_name":"stdout","time":2232.708713637,"data":"EDGE_TTA_ACTIVE views= 8 mean_abs_feat_delta= 0.288217\n"}
,{"stream_name":"stdout","time":2233.847724756,"data":"EDGE_TTA_ACTIVE views= 8 mean_abs_feat_delta= 0.320074\n"}
,{"stream_name":"stdout","time":2234.050276675,"data":"EDGE_TTA_ACTIVE views= 8 mean_abs_feat_delta= 0.320074\n"}
,{"stream_name":"stdout","time":2234.641556588,"data":"EDGE_TTA_ACTIVE views= 8 mean_abs_feat_delta= 0.293359\n"}
,{"stream_name":"stdout","time":2234.844263649,"data":"EDGE_TTA_ACTIVE views= 8 mean_abs_feat_delta= 0.293359\n"}
,{"stream_name":"stdout","time":2236.135211772,"data":"EDGE_TTA_ACTIVE views= 8 mean_abs_feat_delta= 0.322734\n"}
,{"stream_name":"stdout","time":2236.337803707,"data":"EDGE_TTA_ACTIVE views= 8 mean_abs_feat_delta= 0.322734\n"}
,{"stream_name":"stdout","time":2236.777733468,"data":"EDGE_TTA_ACTIVE views= 8 mean_abs_feat_delta= 0.288773\n"}
,{"stream_name":"stdout","time":2236.980180284,"data":"EDGE_TTA_ACTIVE views= 8 mean_abs_feat_delta= 0.288773\n"}
,{"stream_name":"stdout","time":2238.455588199,"data":"EDGE_TTA_ACTIVE views= 8 mean_abs_feat_delta= 0.326182\n"}
,{"stream_name":"stdout","time":2238.658082629,"data":"EDGE_TTA_ACTIVE views= 8 mean_abs_feat_delta= 0.326182\n"}
,{"stream_name":"stdout","time":2238.911339009,"data":"EDGE_TTA_ACTIVE views= 8 mean_abs_feat_delta= 0.2831\n"}
,{"stream_name":"stdout","time":2239.114134165,"data":"EDGE_TTA_ACTIVE views= 8 mean_abs_feat_delta= 0.2831\n"}
,{"stream_name":"stdout","time":2240.758557647,"data":"EDGE_TTA_ACTIVE views= 8 mean_abs_feat_delta= 0.327903\n"}
,{"stream_name":"stdout","time":2240.960865955,"data":"EDGE_TTA_ACTIVE views= 8 mean_abs_feat_delta= 0.327903\n"}
,{"stream_name":"stdout","time":2241.059699996,"data":"EDGE_TTA_ACTIVE views= 8 mean_abs_feat_delta= 0.28566\n"}
,{"stream_name":"stdout","time":2241.262034312,"data":"EDGE_TTA_ACTIVE views= 8 mean_abs_feat_delta= 0.28566\n"}
,{"stream_name":"stdout","time":2243.164661784,"data":"EDGE_TTA_ACTIVE views= 8 mean_abs_feat_delta= 0.336297\n"}
,{"stream_name":"stdout","time":2243.223100522,"data":"EDGE_TTA_ACTIVE views= 8 mean_abs_feat_delta= 0.288947\n"}
,{"stream_name":"stdout","time":2243.450096844,"data":"EDGE_TTA_ACTIVE views= 8 mean_abs_feat_delta= 0.336297\n"}
,{"stream_name":"stdout","time":2243.450133236,"data":"EDGE_TTA_ACTIVE views= 8 mean_abs_feat_delta= 0.288947\n"}
,{"stream_name":"stdout","time":2245.362510981,"data":"EDGE_TTA_ACTIVE views= 8 mean_abs_feat_delta= 0.290047\n"}
,{"stream_name":"stdout","time":2245.503318182,"data":"EDGE_TTA_ACTIVE views= 8 mean_abs_feat_delta= 0.339382\n"}
,{"stream_name":"stdout","time":2245.564951413,"data":"EDGE_TTA_ACTIVE views= 8 mean_abs_feat_delta= 0.290047\n"}
,{"stream_name":"stdout","time":2245.564986344,"data":"EDGE_TTA_ACTIVE views= 8 mean_abs_feat_delta= 0.339382\n"}
,{"stream_name":"stdout","time":2247.517629896,"data":"EDGE_TTA_ACTIVE views= 8 mean_abs_feat_delta= 0.293125\n"}
,{"stream_name":"stdout","time":2247.720275267,"data":"EDGE_TTA_ACTIVE views= 8 mean_abs_feat_delta= 0.293125\n"}
,{"stream_name":"stdout","time":2247.845471796,"data":"EDGE_TTA_ACTIVE views= 8 mean_abs_feat_delta= 0.333216\n"}
,{"stream_name":"stdout","time":2248.04815209,"data":"EDGE_TTA_ACTIVE views= 8 mean_abs_feat_delta= 0.333216\n"}
,{"stream_name":"stdout","time":2249.669945629,"data":"EDGE_TTA_ACTIVE views= 8 mean_abs_feat_delta= 0.295461\n"}
,{"stream_name":"stdout","time":2249.872537409,"data":"EDGE_TTA_ACTIVE views= 8 mean_abs_feat_delta= 0.295461\n"}
,{"stream_name":"stdout","time":2250.137423328,"data":"EDGE_TTA_ACTIVE views= 8 mean_abs_feat_delta= 0.335556\n"}
,{"stream_name":"stdout","time":2250.34000601,"data":"EDGE_TTA_ACTIVE views= 8 mean_abs_feat_delta= 0.335556\n"}
,{"stream_name":"stdout","time":2251.814615222,"data":"EDGE_TTA_ACTIVE views= 8 mean_abs_feat_delta= 0.294354\n"}
,{"stream_name":"stdout","time":2252.017109323,"data":"EDGE_TTA_ACTIVE views= 8 mean_abs_feat_delta= 0.294354\n"}
,{"stream_name":"stdout","time":2252.426319795,"data":"EDGE_TTA_ACTIVE views= 8 mean_abs_feat_delta= 0.337468\n"}
,{"stream_name":"stdout","time":2252.628944811,"data":"EDGE_TTA_ACTIVE views= 8 mean_abs_feat_delta= 0.337468\n"}
,{"stream_name":"stdout","time":2253.967825056,"data":"EDGE_TTA_ACTIVE views= 8 mean_abs_feat_delta= 0.290361\n"}
,{"stream_name":"stdout","time":2254.170651669,"data":"EDGE_TTA_ACTIVE views= 8 mean_abs_feat_delta= 0.290361\n"}
,{"stream_name":"stdout","time":2254.720857965,"data":"EDGE_TTA_ACTIVE views= 8 mean_abs_feat_delta= 0.334122\n"}
,{"stream_name":"stdout","time":2254.923526374,"data":"EDGE_TTA_ACTIVE views= 8 mean_abs_feat_delta= 0.334122\n"}
,{"stream_name":"stdout","time":2256.116127822,"data":"EDGE_TTA_ACTIVE views= 8 mean_abs_feat_delta= 0.290141\n"}
,{"stream_name":"stdout","time":2256.318778724,"data":"EDGE_TTA_ACTIVE views= 8 mean_abs_feat_delta= 0.290141\n"}
,{"stream_name":"stdout","time":2257.000079375,"data":"EDGE_TTA_ACTIVE views= 8 mean_abs_feat_delta= 0.328651\n"}
,{"stream_name":"stdout","time":2257.202590392,"data":"EDGE_TTA_ACTIVE views= 8 mean_abs_feat_delta= 0.328651\n"}
,{"stream_name":"stdout","time":2258.254184313,"data":"EDGE_TTA_ACTIVE views= 8 mean_abs_feat_delta= 0.292561\n"}
,{"stream_name":"stdout","time":2258.456889974,"data":"EDGE_TTA_ACTIVE views= 8 mean_abs_feat_delta= 0.292561\n"}
,{"stream_name":"stdout","time":2259.268630335,"data":"EDGE_TTA_ACTIVE views= 8 mean_abs_feat_delta= 0.336868\n"}
,{"stream_name":"stdout","time":2259.471010025,"data":"EDGE_TTA_ACTIVE views= 8 mean_abs_feat_delta= 0.336868\n"}
,{"stream_name":"stdout","time":2260.396157952,"data":"EDGE_TTA_ACTIVE views= 8 mean_abs_feat_delta= 0.288988\n"}
,{"stream_name":"stdout","time":2260.598784893,"data":"EDGE_TTA_ACTIVE views= 8 mean_abs_feat_delta= 0.288988\n"}
,{"stream_name":"stdout","time":2261.584147727,"data":"EDGE_TTA_ACTIVE views= 8 mean_abs_feat_delta= 0.335702\n"}
,{"stream_name":"stdout","time":2261.786923813,"data":"EDGE_TTA_ACTIVE views= 8 mean_abs_feat_delta= 0.335702\n"}
,{"stream_name":"stdout","time":2262.547000606,"data":"EDGE_TTA_ACTIVE views= 8 mean_abs_feat_delta= 0.294653\n"}
,{"stream_name":"stdout","time":2262.750026737,"data":"EDGE_TTA_ACTIVE views= 8 mean_abs_feat_delta= 0.294653\n"}
,{"stream_name":"stdout","time":2263.867916928,"data":"EDGE_TTA_ACTIVE views= 8 mean_abs_feat_delta= 0.334886\n"}
,{"stream_name":"stdout","time":2264.070769043,"data":"EDGE_TTA_ACTIVE views= 8 mean_abs_feat_delta= 0.334886\n"}
,{"stream_name":"stdout","time":2264.677863128,"data":"EDGE_TTA_ACTIVE views= 8 mean_abs_feat_delta= 0.296121\n"}
,{"stream_name":"stdout","time":2264.880647751,"data":"EDGE_TTA_ACTIVE views= 8 mean_abs_feat_delta= 0.296121\n"}
,{"stream_name":"stdout","time":2266.148389341,"data":"EDGE_TTA_ACTIVE views= 8 mean_abs_feat_delta= 0.337301\n"}
,{"stream_name":"stdout","time":2266.35125438,"data":"EDGE_TTA_ACTIVE views= 8 mean_abs_feat_delta= 0.337301\n"}
,{"stream_name":"stdout","time":2266.810821823,"data":"EDGE_TTA_ACTIVE views= 8 mean_abs_feat_delta= 0.296872\n"}
,{"stream_name":"stdout","time":2267.013654388,"data":"EDGE_TTA_ACTIVE views= 8 mean_abs_feat_delta= 0.296872\n"}
,{"stream_name":"stdout","time":2268.422649345,"data":"EDGE_TTA_ACTIVE views= 8 mean_abs_feat_delta= 0.342168\n"}
,{"stream_name":"stdout","time":2268.624954783,"data":"EDGE_TTA_ACTIVE views= 8 mean_abs_feat_delta= 0.342168\n"}
,{"stream_name":"stdout","time":2268.952134077,"data":"EDGE_TTA_ACTIVE views= 8 mean_abs_feat_delta= 0.294509\n"}
,{"stream_name":"stdout","time":2269.155133938,"data":"EDGE_TTA_ACTIVE views= 8 mean_abs_feat_delta= 0.294509\n"}
,{"stream_name":"stdout","time":2270.6910633,"data":"EDGE_TTA_ACTIVE views= 8 mean_abs_feat_delta= 0.343137\n"}
,{"stream_name":"stdout","time":2270.893313399,"data":"EDGE_TTA_ACTIVE views= 8 mean_abs_feat_delta= 0.343137\n"}
,{"stream_name":"stdout","time":2271.09480216,"data":"EDGE_TTA_ACTIVE views= 8 mean_abs_feat_delta= 0.288279\n"}
,{"stream_name":"stdout","time":2271.297306662,"data":"EDGE_TTA_ACTIVE views= 8 mean_abs_feat_delta= 0.288279\n"}
,{"stream_name":"stdout","time":2272.973767007,"data":"EDGE_TTA_ACTIVE views= 8 mean_abs_feat_delta= 0.338761\n"}
,{"stream_name":"stdout","time":2273.176290278,"data":"EDGE_TTA_ACTIVE views= 8 mean_abs_feat_delta= 0.338761\n"}
,{"stream_name":"stdout","time":2273.230736485,"data":"EDGE_TTA_ACTIVE views= 8 mean_abs_feat_delta= 0.289803\n"}
,{"stream_name":"stdout","time":2273.433307367,"data":"EDGE_TTA_ACTIVE views= 8 mean_abs_feat_delta= 0.289803\n"}
,{"stream_name":"stdout","time":2275.242099164,"data":"EDGE_TTA_ACTIVE views= 8 mean_abs_feat_delta= 0.338145\n"}
,{"stream_name":"stdout","time":2275.376123372,"data":"EDGE_TTA_ACTIVE views= 8 mean_abs_feat_delta= 0.292365\n"}
,{"stream_name":"stdout","time":2275.535320714,"data":"EDGE_TTA_ACTIVE views= 8 mean_abs_feat_delta= 0.338145\n"}
,{"stream_name":"stdout","time":2275.535346484,"data":"EDGE_TTA_ACTIVE views= 8 mean_abs_feat_delta= 0.292365\n"}
,{"stream_name":"stdout","time":2277.516934233,"data":"EDGE_TTA_ACTIVE views= 8 mean_abs_feat_delta= 0.334551\n"}
,{"stream_name":"stdout","time":2277.522395234,"data":"EDGE_TTA_ACTIVE views= 8 mean_abs_feat_delta= 0.29779\n"}
,{"stream_name":"stdout","time":2277.719518035,"data":"EDGE_TTA_ACTIVE views= 8 mean_abs_feat_delta= 0.334551\n"}
,{"stream_name":"stdout","time":2277.719565082,"data":"EDGE_TTA_ACTIVE views= 8 mean_abs_feat_delta= 0.29779\n"}
,{"stream_name":"stdout","time":2279.668967414,"data":"EDGE_TTA_ACTIVE views= 8 mean_abs_feat_delta= 0.294017\n"}
,{"stream_name":"stdout","time":2279.80068026,"data":"EDGE_TTA_ACTIVE views= 8 mean_abs_feat_delta= 0.331854\n"}
,{"stream_name":"stdout","time":2279.871515512,"data":"EDGE_TTA_ACTIVE views= 8 mean_abs_feat_delta= 0.294017\n"}
,{"stream_name":"stdout","time":2279.871542554,"data":"EDGE_TTA_ACTIVE views= 8 mean_abs_feat_delta= 0.331854\n"}
,{"stream_name":"stdout","time":2281.814361266,"data":"EDGE_TTA_ACTIVE views= 8 mean_abs_feat_delta= 0.297003\n"}
,{"stream_name":"stdout","time":2282.017933835,"data":"EDGE_TTA_ACTIVE views= 8 mean_abs_feat_delta= 0.297003\n"}
,{"stream_name":"stdout","time":2284.00734539,"data":"EDGE_TTA_ACTIVE views= 8 mean_abs_feat_delta= 0.301009\n"}
,{"stream_name":"stdout","time":2284.211489412,"data":"EDGE_TTA_ACTIVE views= 8 mean_abs_feat_delta= 0.301009\n"}
,{"stream_name":"stdout","time":2286.189443567,"data":"EDGE_TTA_ACTIVE views= 8 mean_abs_feat_delta= 0.301776\n"}
,{"stream_name":"stdout","time":2286.394841129,"data":"EDGE_TTA_ACTIVE views= 8 mean_abs_feat_delta= 0.301776\n"}
,{"stream_name":"stdout","time":2288.366301684,"data":"EDGE_TTA_ACTIVE views= 8 mean_abs_feat_delta= 0.299256\n"}
,{"stream_name":"stdout","time":2288.569192509,"data":"EDGE_TTA_ACTIVE views= 8 mean_abs_feat_delta= 0.299256\n"}
,{"stream_name":"stdout","time":2289.406736347,"data":"BIOHUB_RETENTION_GUARD {\"blended_candidates\": 59, \"dataset\": \"6bba_062c8d37\", \"frame\": 73, \"minimum_retention\": 0.9, \"primary_candidates\": 68, \"retention\": 0.8676470588235294, \"use_primary\": true}\n"}
,{"stream_name":"stdout","time":2289.609693813,"data":"BIOHUB_RETENTION_GUARD {\"blended_candidates\": 59, \"dataset\": \"6bba_062c8d37\", \"frame\": 73, \"minimum_retention\": 0.9, \"primary_candidates\": 68, \"retention\": 0.8676470588235294, \"use_primary\": true}\n"}
,{"stream_name":"stdout","time":2290.564965786,"data":"EDGE_TTA_ACTIVE views= 8 mean_abs_feat_delta= 0.298114\n"}
,{"stream_name":"stdout","time":2290.767596424,"data":"EDGE_TTA_ACTIVE views= 8 mean_abs_feat_delta= 0.298114\n"}
,{"stream_name":"stdout","time":2291.607549411,"data":"BIOHUB_RETENTION_GUARD {\"blended_candidates\": 62, \"dataset\": \"6bba_062c8d37\", \"frame\": 74, \"minimum_retention\": 0.9, \"primary_candidates\": 69, \"retention\": 0.8985507246376812, \"use_primary\": true}\n"}
,{"stream_name":"stdout","time":2291.810298464,"data":"BIOHUB_RETENTION_GUARD {\"blended_candidates\": 62, \"dataset\": \"6bba_062c8d37\", \"frame\": 74, \"minimum_retention\": 0.9, \"primary_candidates\": 69, \"retention\": 0.8985507246376812, \"use_primary\": true}\n"}
,{"stream_name":"stdout","time":2292.76086754,"data":"EDGE_TTA_ACTIVE views= 8 mean_abs_feat_delta= 0.292995\n"}
,{"stream_name":"stdout","time":2292.963632529,"data":"EDGE_TTA_ACTIVE views= 8 mean_abs_feat_delta= 0.292995\n"}
,{"stream_name":"stdout","time":2294.92196643,"data":"EDGE_TTA_ACTIVE views= 8 mean_abs_feat_delta= 0.29277\n"}
,{"stream_name":"stdout","time":2295.124722903,"data":"EDGE_TTA_ACTIVE views= 8 mean_abs_feat_delta= 0.29277\n"}
,{"stream_name":"stdout","time":2297.083164585,"data":"EDGE_TTA_ACTIVE views= 8 mean_abs_feat_delta= 0.293275\n"}
,{"stream_name":"stdout","time":2297.285764551,"data":"EDGE_TTA_ACTIVE views= 8 mean_abs_feat_delta= 0.293275\n"}
,{"stream_name":"stdout","time":2299.243979951,"data":"EDGE_TTA_ACTIVE views= 8 mean_abs_feat_delta= 0.291368\n"}
,{"stream_name":"stdout","time":2299.446737697,"data":"EDGE_TTA_ACTIVE views= 8 mean_abs_feat_delta= 0.291368\n"}
,{"stream_name":"stdout","time":2301.427165456,"data":"EDGE_TTA_ACTIVE views= 8 mean_abs_feat_delta= 0.291014\n"}
,{"stream_name":"stdout","time":2301.629626996,"data":"EDGE_TTA_ACTIVE views= 8 mean_abs_feat_delta= 0.291014\n"}
,{"stream_name":"stdout","time":2303.612065781,"data":"EDGE_TTA_ACTIVE views= 8 mean_abs_feat_delta= 0.295994\n"}
,{"stream_name":"stdout","time":2303.814631058,"data":"EDGE_TTA_ACTIVE views= 8 mean_abs_feat_delta= 0.295994\n"}
,{"stream_name":"stdout","time":2305.808574117,"data":"EDGE_TTA_ACTIVE views= 8 mean_abs_feat_delta= 0.297096\n"}
,{"stream_name":"stdout","time":2306.099065156,"data":"EDGE_TTA_ACTIVE views= 8 mean_abs_feat_delta= 0.297096\n"}
,{"stream_name":"stdout","time":2308.009258779,"data":"EDGE_TTA_ACTIVE views= 8 mean_abs_feat_delta= 0.299033\n"}
,{"stream_name":"stdout","time":2308.212117975,"data":"EDGE_TTA_ACTIVE views= 8 mean_abs_feat_delta= 0.299033\n"}
,{"stream_name":"stdout","time":2310.291086989,"data":"EDGE_TTA_ACTIVE views= 8 mean_abs_feat_delta= 0.297557\n"}
,{"stream_name":"stdout","time":2310.355626624,"data":"EDGE_TTA_ACTIVE views= 8 mean_abs_feat_delta= 0.293417\n"}
,{"stream_name":"stdout","time":2310.493658843,"data":"EDGE_TTA_ACTIVE views= 8 mean_abs_feat_delta= 0.297557\n"}
,{"stream_name":"stdout","time":2310.493713911,"data":"EDGE_TTA_ACTIVE views= 8 mean_abs_feat_delta= 0.293417\n"}
,{"stream_name":"stdout","time":2311.504728705,"data":"PUBLIC946_GPU_SMOKE {\"arm\": \"C2\", \"association\": {\"actual_primary_logits_after_original_harmonic_fusion\": {\"all_finite\": true, \"device\": \"cuda:0\", \"dtype\": \"torch.float32\", \"numel\": 134689, \"shape\": [1, 367, 367], \"stride\": [134689, 367, 1]}, \"actual_secondary_feature_consumed\": true, \"actual_secondary_logits\": {\"all_finite\": true, \"device\": \"cuda:0\", \"dtype\": \"torch.float32\", \"numel\": 134689, \"shape\": [1, 367, 367], \"stride\": [134689, 367, 1]}, \"coordinate_grid\": {\"downsample\": [1.0, 4.0, 4.0], \"source\": {\"device\": \"cuda:0\", \"dtype\": \"torch.float32\", \"numel\": 1101, \"shape\": [1, 367, 3], \"stride\": [367, 1, 367]}, \"target\": {\"device\": \"cuda:0\", \"dtype\": \"torch.float32\", \"numel\": 1101, \"shape\": [1, 367, 3], \"stride\": [367, 1, 367]}}, \"diagnostic_edge_head_calls\": 1, \"diagnostic_encoder_calls\": 0, \"diagnostic_probabilities_used_in_production\": false, \"diagnostic_seconds\": 0.017070399999738584, \"frame_pair_index\": 0, \"primary_source_sampled_features\": {\"all_finite\": true, \"device\": \"cuda:0\", \"dtype\": \"torch.float32\", \"numel\": 11744, \"shape\": [1, 367, 32], \"stride\": [11744, 32, 1]}, \"primary_target_sampled_features\": {\"all_finite\": true, \"device\": \"cuda:0\", \"dtype\": \"torch.float32\", \"numel\": 11744, \"shape\": [1, 367, 32], \"stride\": [11744, 32, 1]}, \"probability_comparison_stage\": \"secondary edge-head softmax over parents, before original calibration and low-margin mixing\", \"probability_delta_vs_single_pass_same_coordinates\": {\"sample_elements\": 65536, \"sample_equal\": false, \"sample_max_abs_delta\": 0.2850412428379059, \"sample_mean_abs_delta\": 0.00026115571381524205, \"sample_stride\": 2}, \"production_calls\": 1, \"same_low_margin_config\": {\"secondary_detection_weight\": 0.8, \"secondary_edge_weight\": 0.15, \"secondary_link_mode\": \"low_margin_consensus\"}, \"source_delta_vs_single_pass\": {\"sample_elements\": 11744, \"sample_equal\": false, \"sample_max_abs_delta\": 0.6755073070526123, \"sample_mean_abs_delta\": 0.09694530069828033, \"sample_stride\": 1}, \"source_sampled_features\": {\"all_finite\": true, \"device\": \"cuda:0\", \"dtype\": \"torch.float32\", \"numel\": 11744, \"shape\": [1, 367, 32], \"stride\": [11744, 32, 1]}, \"target_delta_vs_single_pass\": {\"sample_elements\": 11744, \"sample_equal\": false, \"sample_max_abs_delta\": 0.6341083645820618, \"sample_mean_abs_delta\": 0.09789525717496872, \"sample_stride\": 1}, \"target_sampled_features\": {\"all_finite\": true, \"device\": \"cuda:0\", \"dtype\": \"torch.float32\", \"numel\": 11744, \"shape\": [1, 367, 32], \"stride\": [11744, 32, 1]}}, \"association_calls\": 1, \"config\": {\"secondary_detection_weight\": 0.8, \"secondary_edge_weight\": 0.15, \"secondary_link_mode\": \"low_margin_consensus\"}, \"consumed_features\": {\"primary\": {\"all_finite\": true, \"delta_vs_single_pass\": {\"sample_elements\": 65536, \"sample_equal\": false, \"sample_max_abs_delta\": 1.5725224018096924, \"sample_mean_abs_delta\": 0.2954760193824768, \"sample_stride\": 256}, \"device\": \"cuda:0\", \"dtype\": \"torch.float32\", \"numel\": 16777216, \"original_encoded_feature_sample_unchanged\": true, \"same_storage_as_original\": false, \"shape\": [1, 2, 32, 64, 64, 64], \"single_pass\": {\"device\": \"cuda:0\", \"dtype\": \"torch.float32\", \"numel\": 16777216, \"shape\": [1, 2, 32, 64, 64, 64], \"stride\": [16777216, 8388608, 262144, 4096, 64, 1]}, \"stride\": [16777216, 8388608, 262144, 4096, 64, 1]}, \"secondary\": {\"all_finite\": true, \"delta_vs_single_pass\": {\"sample_elements\": 65536, \"sample_equal\": false, \"sample_max_abs_delta\": 1.11572265625, \"sample_mean_abs_delta\": 0.2613857090473175, \"sample_stride\": 256}, \"device\": \"cuda:0\", \"dtype\": \"torch.float32\", \"numel\": 16777216, \"original_encoded_feature_sample_unchanged\": true, \"same_storage_as_original\": false, \"shape\": [1, 2, 32, 64, 64, 64], \"single_pass\": {\"device\": \"cuda:0\", \"dtype\": \"torch.float32\", \"numel\": 16777216, \"shape\": [1, 2, 32, 64, 64, 64], \"stride\": [16777216, 8388608, 262144, 4096, 64, 1]}, \"stride\": [16777216, 8388608, 262144, 4096, 64, 1]}}, \"consumed_heatmaps\": [{\"all_finite\": true, \"device\": \"cuda:0\", \"dtype\": \"torch.float32\", \"numel\": 262144, \"shape\": [1, 1, 64, 64, 64], \"stride\": [262144, 262144, 4096, 64, 1]}, {\"all_finite\": true, \"device\": \"cuda:0\", \"dtype\": \"torch.float32\", \"numel\": 262144, \"shape\": [1, 1, 64, 64, 64], \"stride\": [262144, 262144, 4096, 64, 1]}], \"cuda_peak_allocated_bytes_process\": 728221696, \"cuda_peak_reserved_bytes_process\": 977272832, \"dataset\": \"6bba_09961292\", \"encode_calls\": {\"primary\": 8, \"secondary\": 8}, \"encode_seconds\": {\"primary\": 1.0713139689996751, \"secondary\": 1.013830366000093}, \"encode_views\": [{\"feature\": {\"device\": \"cuda:0\", \"dtype\": \"torch.float32\", \"numel\": 16777216, \"shape\": [1, 2, 32, 64, 64, 64], \"stride\": [16777216, 8388608, 262144, 4096, 64, 1]}, \"heatmap0\": {\"device\": \"cuda:0\", \"dtype\": \"torch.float32\", \"numel\": 262144, \"shape\": [1, 1, 64, 64, 64], \"stride\": [262144, 262144, 4096, 64, 1]}, \"input\": {\"device\": \"cuda:0\", \"dtype\": \"torch.float32\", \"numel\": 524288, \"shape\": [1, 2, 64, 64, 64], \"stride\": [524288, 262144, 4096, 64, 1]}, \"pass\": 1, \"role\": \"primary\"}, {\"feature\": {\"device\": \"cuda:0\", \"dtype\": \"torch.float32\", \"numel\": 16777216, \"shape\": [1, 2, 32, 64, 64, 64], \"stride\": [16777216, 8388608, 262144, 4096, 64, 1]}, \"heatmap0\": {\"device\": \"cuda:0\", \"dtype\": \"torch.float32\", \"numel\": 262144, \"shape\": [1, 1, 64, 64, 64], \"stride\": [262144, 262144, 4096, 64, 1]}, \"input\": {\"device\": \"cuda:0\", \"dtype\": \"torch.float32\", \"numel\": 524288, \"shape\": [1, 2, 64, 64, 64], \"stride\": [524288, 262144, 4096, 64, 1]}, \"pass\": 2, \"role\": \"primary\"}, {\"feature\": {\"device\": \"cuda:0\", \"dtype\": \"torch.float32\", \"numel\": 16777216, \"shape\": [1, 2, 32, 64, 64, 64], \"stride\": [16777216, 8388608, 262144, 4096, 64, 1]}, \"heatmap0\": {\"device\": \"cuda:0\", \"dtype\": \"torch.float32\", \"numel\": 262144, \"shape\": [1, 1, 64, 64, 64], \"stride\": [262144, 262144, 4096, 64, 1]}, \"input\": {\"device\": \"cuda:0\", \"dtype\": \"torch.float32\", \"numel\": 524288, \"shape\": [1, 2, 64, 64, 64], \"stride\": [524288, 262144, 4096, 64, 1]}, \"pass\": 3, \"role\": \"primary\"}, {\"feature\": {\"device\": \"cuda:0\", \"dtype\": \"torch.float32\", \"numel\": 16777216, \"shape\": [1, 2, 32, 64, 64, 64], \"stride\": [16777216, 8388608, 262144, 4096, 64, 1]}, \"heatmap0\": {\"device\": \"cuda:0\", \"dtype\": \"torch.float32\", \"numel\": 262144, \"shape\": [1, 1, 64, 64, 64], \"stride\": [262144, 262144, 4096, 64, 1]}, \"input\": {\"device\": \"cuda:0\", \"dtype\": \"torch.float32\", \"numel\": 524288, \"shape\": [1, 2, 64, 64, 64], \"stride\": [524288, 262144, 4096, 64, 1]}, \"pass\": 4, \"role\": \"primary\"}, {\"feature\": {\"device\": \"cuda:0\", \"dtype\": \"torch.float32\", \"numel\": 16777216, \"shape\": [1, 2, 32, 64, 64, 64], \"stride\": [16777216, 8388608, 262144, 4096, 64, 1]}, \"heatmap0\": {\"device\": \"cuda:0\", \"dtype\": \"torch.float32\", \"numel\": 262144, \"shape\": [1, 1, 64, 64, 64], \"stride\": [262144, 262144, 4096, 64, 1]}, \"input\": {\"device\": \"cuda:0\", \"dtype\": \"torch.float32\", \"numel\": 524288, \"shape\": [1, 2, 64, 64, 64], \"stride\": [524288, 262144, 4096, 1, 64]}, \"pass\": 5, \"role\": \"primary\"}, {\"feature\": {\"device\": \"cuda:0\", \"dtype\": \"torch.float32\", \"numel\": 16777216, \"shape\": [1, 2, 32, 64, 64, 64], \"stride\": [16777216, 8388608, 262144, 4096, 64, 1]}, \"heatmap0\": {\"device\": \"cuda:0\", \"dtype\": \"torch.float32\", \"numel\": 262144, \"shape\": [1, 1, 64, 64, 64], \"stride\": [262144, 262144, 4096, 64, 1]}, \"input\": {\"device\": \"cuda:0\", \"dtype\": \"torch.float32\", \"numel\": 524288, \"shape\": [1, 2, 64, 64, 64], \"stride\": [524288, 262144, 4096, 1, 64]}, \"pass\": 6, \"role\": \"primary\"}, {\"feature\": {\"device\": \"cuda:0\", \"dtype\": \"torch.float32\", \"numel\": 16777216, \"shape\": [1, 2, 32, 64, 64, 64], \"stride\": [16777216, 8388608, 262144, 4096, 64, 1]}, \"heatmap0\": {\"device\": \"cuda:0\", \"dtype\": \"torch.float32\", \"numel\": 262144, \"shape\": [1, 1, 64, 64, 64], \"stride\": [262144, 262144, 4096, 64, 1]}, \"input\": {\"device\": \"cuda:0\", \"dtype\": \"torch.float32\", \"numel\": 524288, \"shape\": [1, 2, 64, 64, 64], \"stride\": [524288, 262144, 4096, 1, 64]}, \"pass\": 7, \"role\": \"primary\"}, {\"feature\": {\"device\": \"cuda:0\", \"dtype\": \"torch.float32\", \"numel\": 16777216, \"shape\": [1, 2, 32, 64, 64, 64], \"stride\": [16777216, 8388608, 262144, 4096, 64, 1]}, \"heatmap0\": {\"device\": \"cuda:0\", \"dtype\": \"torch.float32\", \"numel\": 262144, \"shape\": [1, 1, 64, 64, 64], \"stride\": [262144, 262144, 4096, 64, 1]}, \"input\": {\"device\": \"cuda:0\", \"dtype\": \"torch.float32\", \"numel\": 524288, \"shape\": [1, 2, 64, 64, 64], \"stride\": [524288, 262144, 4096, 64, 1]}, \"pass\": 8, \"role\": \"primary\"}, {\"feature\": {\"device\": \"cuda:0\", \"dtype\": \"torch.float32\", \"numel\": 16777216, \"shape\": [1, 2, 32, 64, 64, 64], \"stride\": [16777216, 8388608, 262144, 4096, 64, 1]}, \"heatmap0\": {\"device\": \"cuda:0\", \"dtype\": \"torch.float32\", \"numel\": 262144, \"shape\": [1, 1, 64, 64, 64], \"stride\": [262144, 262144, 4096, 64, 1]}, \"input\": {\"device\": \"cuda:0\", \"dtype\": \"torch.float32\", \"numel\": 524288, \"shape\": [1, 2, 64, 64, 64], \"stride\": [524288, 262144, 4096, 64, 1]}, \"pass\": 1, \"role\": \"secondary\"}, {\"feature\": {\"device\": \"cuda:0\", \"dtype\": \"torch.float32\", \"numel\": 16777216, \"shape\": [1, 2, 32, 64, 64, 64], \"stride\": [16777216, 8388608, 262144, 4096, 64, 1]}, \"heatmap0\": {\"device\": \"cuda:0\", \"dtype\": \"torch.float32\", \"numel\": 262144, \"shape\": [1, 1, 64, 64, 64], \"stride\": [262144, 262144, 4096, 64, 1]}, \"input\": {\"device\": \"cuda:0\", \"dtype\": \"torch.float32\", \"numel\": 524288, \"shape\": [1, 2, 64, 64, 64], \"stride\": [524288, 262144, 4096, 64, 1]}, \"pass\": 2, \"role\": \"secondary\"}, {\"feature\": {\"device\": \"cuda:0\", \"dtype\": \"torch.float32\", \"numel\": 16777216, \"shape\": [1, 2, 32, 64, 64, 64], \"stride\": [16777216, 8388608, 262144, 4096, 64, 1]}, \"heatmap0\": {\"device\": \"cuda:0\", \"dtype\": \"torch.float32\", \"numel\": 262144, \"shape\": [1, 1, 64, 64, 64], \"stride\": [262144, 262144, 4096, 64, 1]}, \"input\": {\"device\": \"cuda:0\", \"dtype\": \"torch.float32\", \"numel\": 524288, \"shape\": [1, 2, 64, 64, 64], \"stride\": [524288, 262144, 4096, 64, 1]}, \"pass\": 3, \"role\": \"secondary\"}, {\"feature\": {\"device\": \"cuda:0\", \"dtype\": \"torch.float32\", \"numel\": 16777216, \"shape\": [1, 2, 32, 64, 64, 64], \"stride\": [16777216, 8388608, 262144, 4096, 64, 1]}, \"heatmap0\": {\"device\": \"cuda:0\", \"dtype\": \"torch.float32\", \"numel\": 262144, \"shape\": [1, 1, 64, 64, 64], \"stride\": [262144, 262144, 4096, 64, 1]}, \"input\": {\"device\": \"cuda:0\", \"dtype\": \"torch.float32\", \"numel\": 524288, \"shape\": [1, 2, 64, 64, 64], \"stride\": [524288, 262144, 4096, 64, 1]}, \"pass\": 4, \"role\": \"secondary\"}, {\"feature\": {\"device\": \"cuda:0\", \"dtype\": \"torch.float32\", \"numel\": 16777216, \"shape\": [1, 2, 32, 64, 64, 64], \"stride\": [16777216, 8388608, 262144, 4096, 64, 1]}, \"heatmap0\": {\"device\": \"cuda:0\", \"dtype\": \"torch.float32\", \"numel\": 262144, \"shape\": [1, 1, 64, 64, 64], \"stride\": [262144, 262144, 4096, 64, 1]}, \"input\": {\"device\": \"cuda:0\", \"dtype\": \"torch.float32\", \"numel\": 524288, \"shape\": [1, 2, 64, 64, 64], \"stride\": [524288, 262144, 4096, 1, 64]}, \"pass\": 5, \"role\": \"secondary\"}, {\"feature\": {\"device\": \"cuda:0\", \"dtype\": \"torch.float32\", \"numel\": 16777216, \"shape\": [1, 2, 32, 64, 64, 64], \"stride\": [16777216, 8388608, 262144, 4096, 64, 1]}, \"heatmap0\": {\"device\": \"cuda:0\", \"dtype\": \"torch.float32\", \"numel\": 262144, \"shape\": [1, 1, 64, 64, 64], \"stride\": [262144, 262144, 4096, 64, 1]}, \"input\": {\"device\": \"cuda:0\", \"dtype\": \"torch.float32\", \"numel\": 524288, \"shape\": [1, 2, 64, 64, 64], \"stride\": [524288, 262144, 4096, 1, 64]}, \"pass\": 6, \"role\": \"secondary\"}, {\"feature\": {\"device\": \"cuda:0\", \"dtype\": \"torch.float32\", \"numel\": 16777216, \"shape\": [1, 2, 32, 64, 64, 64], \"stride\": [16777216, 8388608, 262144, 4096, 64, 1]}, \"heatmap0\": {\"device\": \"cuda:0\", \"dtype\": \"torch.float32\", \"numel\": 262144, \"shape\": [1, 1, 64, 64, 64], \"stride\": [262144, 262144, 4096, 64, 1]}, \"input\": {\"device\": \"cuda:0\", \"dtype\": \"torch.float32\", \"numel\": 524288, \"shape\": [1, 2, 64, 64, 64], \"stride\": [524288, 262144, 4096, 1, 64]}, \"pass\": 7, \"role\": \"secondary\"}, {\"feature\": {\"device\": \"cuda:0\", \"dtype\": \"torch.float32\", \"numel\": 16777216, \"shape\": [1, 2, 32, 64, 64, 64], \"stride\": [16777216, 8388608, 262144, 4096, 64, 1]}, \"heatmap0\": {\"device\": \"cuda:0\", \"dtype\": \"torch.float32\", \"numel\": 262144, \"shape\": [1, 1, 64, 64, 64], \"stride\": [262144, 262144, 4096, 64, 1]}, \"input\": {\"device\": \"cuda:0\", \"dtype\": \"torch.float32\", \"numel\": 524288, \"shape\": [1, 2, 64, 64, 64], \"stride\": [524288, 262144, 4096, 64, 1]}, \"pass\": 8, \"role\": \"secondary\"}], \"event\": \"actual_predictor_window\", \"frames\": [0, 1], \"input\": {\"all_finite\": true, \"device\": \"cuda:0\", \"dtype\": \"torch.float32\", \"numel\": 524288, \"shape\": [1, 2, 64, 64, 64], \"stride\": [524288, 262144, 4096, 64, 1]}, \"input_parent\": \"/kaggle/input/competitions/biohub-cell-tracking-during-development/train\", \"seconds_including_common_audit\": 2.2344156909998674, \"window_index\": 1, \"worker_execution_settings\": {\"autocast_enabled\": false, \"cuda_runtime\": \"12.8\", \"cudnn_allow_tf32\": true, \"cudnn_benchmark\": false, \"cudnn_deterministic\": false, \"default_dtype\": \"torch.float32\", \"deterministic_algorithms\": false, \"float32_matmul_precision\": \"highest\", \"gpu_name\": \"Tesla T4\", \"grad_enabled\": false, \"matmul_allow_tf32\": false, \"torch_initial_seed\": 3060857717345029780, \"torch_version\": \"2.10.0+cu128\"}}\n"}
,{"stream_name":"stdout","time":2311.706971963,"data":"PUBLIC946_GPU_SMOKE {\"arm\": \"C2\", \"association\": {\"actual_primary_logits_after_original_harmonic_fusion\": {\"all_finite\": true, \"device\": \"cuda:0\", \"dtype\": \"torch.float32\", \"numel\": 134689, \"shape\": [1, 367, 367], \"stride\": [134689, 367, 1]}, \"actual_secondary_feature_consumed\": true, \"actual_secondary_logits\": {\"all_finite\": true, \"device\": \"cuda:0\", \"dtype\": \"torch.float32\", \"numel\": 134689, \"shape\": [1, 367, 367], \"stride\": [134689, 367, 1]}, \"coordinate_grid\": {\"downsample\": [1.0, 4.0, 4.0], \"source\": {\"device\": \"cuda:0\", \"dtype\": \"torch.float32\", \"numel\": 1101, \"shape\": [1, 367, 3], \"stride\": [367, 1, 367]}, \"target\": {\"device\": \"cuda:0\", \"dtype\": \"torch.float32\", \"numel\": 1101, \"shape\": [1, 367, 3], \"stride\": [367, 1, 367]}}, \"diagnostic_edge_head_calls\": 1, \"diagnostic_encoder_calls\": 0, \"diagnostic_probabilities_used_in_production\": false, \"diagnostic_seconds\": 0.017070399999738584, \"frame_pair_index\": 0, \"primary_source_sampled_features\": {\"all_finite\": true, \"device\": \"cuda:0\", \"dtype\": \"torch.float32\", \"numel\": 11744, \"shape\": [1, 367, 32], \"stride\": [11744, 32, 1]}, \"primary_target_sampled_features\": {\"all_finite\": true, \"device\": \"cuda:0\", \"dtype\": \"torch.float32\", \"numel\": 11744, \"shape\": [1, 367, 32], \"stride\": [11744, 32, 1]}, \"probability_comparison_stage\": \"secondary edge-head softmax over parents, before original calibration and low-margin mixing\", \"probability_delta_vs_single_pass_same_coordinates\": {\"sample_elements\": 65536, \"sample_equal\": false, \"sample_max_abs_delta\": 0.2850412428379059, \"sample_mean_abs_delta\": 0.00026115571381524205, \"sample_stride\": 2}, \"production_calls\": 1, \"same_low_margin_config\": {\"secondary_detection_weight\": 0.8, \"secondary_edge_weight\": 0.15, \"secondary_link_mode\": \"low_margin_consensus\"}, \"source_delta_vs_single_pass\": {\"sample_elements\": 11744, \"sample_equal\": false, \"sample_max_abs_delta\": 0.6755073070526123, \"sample_mean_abs_delta\": 0.09694530069828033, \"sample_stride\": 1}, \"source_sampled_features\": {\"all_finite\": true, \"device\": \"cuda:0\", \"dtype\": \"torch.float32\", \"numel\": 11744, \"shape\": [1, 367, 32], \"stride\": [11744, 32, 1]}, \"target_delta_vs_single_pass\": {\"sample_elements\": 11744, \"sample_equal\": false, \"sample_max_abs_delta\": 0.6341083645820618, \"sample_mean_abs_delta\": 0.09789525717496872, \"sample_stride\": 1}, \"target_sampled_features\": {\"all_finite\": true, \"device\": \"cuda:0\", \"dtype\": \"torch.float32\", \"numel\": 11744, \"shape\": [1, 367, 32], \"stride\": [11744, 32, 1]}}, \"association_calls\": 1, \"config\": {\"secondary_detection_weight\": 0.8, \"secondary_edge_weight\": 0.15, \"secondary_link_mode\": \"low_margin_consensus\"}, \"consumed_features\": {\"primary\": {\"all_finite\": true, \"delta_vs_single_pass\": {\"sample_elements\": 65536, \"sample_equal\": false, \"sample_max_abs_delta\": 1.5725224018096924, \"sample_mean_abs_delta\": 0.2954760193824768, \"sample_stride\": 256}, \"device\": \"cuda:0\", \"dtype\": \"torch.float32\", \"numel\": 16777216, \"original_encoded_feature_sample_unchanged\": true, \"same_storage_as_original\": false, \"shape\": [1, 2, 32, 64, 64, 64], \"single_pass\": {\"device\": \"cuda:0\", \"dtype\": \"torch.float32\", \"numel\": 16777216, \"shape\": [1, 2, 32, 64, 64, 64], \"stride\": [16777216, 8388608, 262144, 4096, 64, 1]}, \"stride\": [16777216, 8388608, 262144, 4096, 64, 1]}, \"secondary\": {\"all_finite\": true, \"delta_vs_single_pass\": {\"sample_elements\": 65536, \"sample_equal\": false, \"sample_max_abs_delta\": 1.11572265625, \"sample_mean_abs_delta\": 0.2613857090473175, \"sample_stride\": 256}, \"device\": \"cuda:0\", \"dtype\": \"torch.float32\", \"numel\": 16777216, \"original_encoded_feature_sample_unchanged\": true, \"same_storage_as_original\": false, \"shape\": [1, 2, 32, 64, 64, 64], \"single_pass\": {\"device\": \"cuda:0\", \"dtype\": \"torch.float32\", \"numel\": 16777216, \"shape\": [1, 2, 32, 64, 64, 64], \"stride\": [16777216, 8388608, 262144, 4096, 64, 1]}, \"stride\": [16777216, 8388608, 262144, 4096, 64, 1]}}, \"consumed_heatmaps\": [{\"all_finite\": true, \"device\": \"cuda:0\", \"dtype\": \"torch.float32\", \"numel\": 262144, \"shape\": [1, 1, 64, 64, 64], \"stride\": [262144, 262144, 4096, 64, 1]}, {\"all_finite\": true, \"device\": \"cuda:0\", \"dtype\": \"torch.float32\", \"numel\": 262144, \"shape\": [1, 1, 64, 64, 64], \"stride\": [262144, 262144, 4096, 64, 1]}], \"cuda_peak_allocated_bytes_process\": 728221696, \"cuda_peak_reserved_bytes_process\": 977272832, \"dataset\": \"6bba_09961292\", \"encode_calls\": {\"primary\": 8, \"secondary\": 8}, \"encode_seconds\": {\"primary\": 1.0713139689996751, \"secondary\": 1.013830366000093}, \"encode_views\": [{\"feature\": {\"device\": \"cuda:0\", \"dtype\": \"torch.float32\", \"numel\": 16777216, \"shape\": [1, 2, 32, 64, 64, 64], \"stride\": [16777216, 8388608, 262144, 4096, 64, 1]}, \"heatmap0\": {\"device\": \"cuda:0\", \"dtype\": \"torch.float32\", \"numel\": 262144, \"shape\": [1, 1, 64, 64, 64], \"stride\": [262144, 262144, 4096, 64, 1]}, \"input\": {\"device\": \"cuda:0\", \"dtype\": \"torch.float32\", \"numel\": 524288, \"shape\": [1, 2, 64, 64, 64], \"stride\": [524288, 262144, 4096, 64, 1]}, \"pass\": 1, \"role\": \"primary\"}, {\"feature\": {\"device\": \"cuda:0\", \"dtype\": \"torch.float32\", \"numel\": 16777216, \"shape\": [1, 2, 32, 64, 64, 64], \"stride\": [16777216, 8388608, 262144, 4096, 64, 1]}, \"heatmap0\": {\"device\": \"cuda:0\", \"dtype\": \"torch.float32\", \"numel\": 262144, \"shape\": [1, 1, 64, 64, 64], \"stride\": [262144, 262144, 4096, 64, 1]}, \"input\": {\"device\": \"cuda:0\", \"dtype\": \"torch.float32\", \"numel\": 524288, \"shape\": [1, 2, 64, 64, 64], \"stride\": [524288, 262144, 4096, 64, 1]}, \"pass\": 2, \"role\": \"primary\"}, {\"feature\": {\"device\": \"cuda:0\", \"dtype\": \"torch.float32\", \"numel\": 16777216, \"shape\": [1, 2, 32, 64, 64, 64], \"stride\": [16777216, 8388608, 262144, 4096, 64, 1]}, \"heatmap0\": {\"device\": \"cuda:0\", \"dtype\": \"torch.float32\", \"numel\": 262144, \"shape\": [1, 1, 64, 64, 64], \"stride\": [262144, 262144, 4096, 64, 1]}, \"input\": {\"device\": \"cuda:0\", \"dtype\": \"torch.float32\", \"numel\": 524288, \"shape\": [1, 2, 64, 64, 64], \"stride\": [524288, 262144, 4096, 64, 1]}, \"pass\": 3, \"role\": \"primary\"}, {\"feature\": {\"device\": \"cuda:0\", \"dtype\": \"torch.float32\", \"numel\": 16777216, \"shape\": [1, 2, 32, 64, 64, 64], \"stride\": [16777216, 8388608, 262144, 4096, 64, 1]}, \"heatmap0\": {\"device\": \"cuda:0\", \"dtype\": \"torch.float32\", \"numel\": 262144, \"shape\": [1, 1, 64, 64, 64], \"stride\": [262144, 262144, 4096, 64, 1]}, \"input\": {\"device\": \"cuda:0\", \"dtype\": \"torch.float32\", \"numel\": 524288, \"shape\": [1, 2, 64, 64, 64], \"stride\": [524288, 262144, 4096, 64, 1]}, \"pass\": 4, \"role\": \"primary\"}, {\"feature\": {\"device\": \"cuda:0\", \"dtype\": \"torch.float32\", \"numel\": 16777216, \"shape\": [1, 2, 32, 64, 64, 64], \"stride\": [16777216, 8388608, 262144, 4096, 64, 1]}, \"heatmap0\": {\"device\": \"cuda:0\", \"dtype\": \"torch.float32\", \"numel\": 262144, \"shape\": [1, 1, 64, 64, 64], \"stride\": [262144, 262144, 4096, 64, 1]}, \"input\": {\"device\": \"cuda:0\", \"dtype\": \"torch.float32\", \"numel\": 524288, \"shape\": [1, 2, 64, 64, 64], \"stride\": [524288, 262144, 4096, 1, 64]}, \"pass\": 5, \"role\": \"primary\"}, {\"feature\": {\"device\": \"cuda:0\", \"dtype\": \"torch.float32\", \"numel\": 16777216, \"shape\": [1, 2, 32, 64, 64, 64], \"stride\": [16777216, 8388608, 262144, 4096, 64, 1]}, \"heatmap0\": {\"device\": \"cuda:0\", \"dtype\": \"torch.float32\", \"numel\": 262144, \"shape\": [1, 1, 64, 64, 64], \"stride\": [262144, 262144, 4096, 64, 1]}, \"input\": {\"device\": \"cuda:0\", \"dtype\": \"torch.float32\", \"numel\": 524288, \"shape\": [1, 2, 64, 64, 64], \"stride\": [524288, 262144, 4096, 1, 64]}, \"pass\": 6, \"role\": \"primary\"}, {\"feature\": {\"device\": \"cuda:0\", \"dtype\": \"torch.float32\", \"numel\": 16777216, \"shape\": [1, 2, 32, 64, 64, 64], \"stride\": [16777216, 8388608, 262144, 4096, 64, 1]}, \"heatmap0\": {\"device\": \"cuda:0\", \"dtype\": \"torch.float32\", \"numel\": 262144, \"shape\": [1, 1, 64, 64, 64], \"stride\": [262144, 262144, 4096, 64, 1]}, \"input\": {\"device\": \"cuda:0\", \"dtype\": \"torch.float32\", \"numel\": 524288, \"shape\": [1, 2, 64, 64, 64], \"stride\": [524288, 262144, 4096, 1, 64]}, \"pass\": 7, \"role\": \"primary\"}, {\"feature\": {\"device\": \"cuda:0\", \"dtype\": \"torch.float32\", \"numel\": 16777216, \"shape\": [1, 2, 32, 64, 64, 64], \"stride\": [16777216, 8388608, 262144, 4096, 64, 1]}, \"heatmap0\": {\"device\": \"cuda:0\", \"dtype\": \"torch.float32\", \"numel\": 262144, \"shape\": [1, 1, 64, 64, 64], \"stride\": [262144, 262144, 4096, 64, 1]}, \"input\": {\"device\": \"cuda:0\", \"dtype\": \"torch.float32\", \"numel\": 524288, \"shape\": [1, 2, 64, 64, 64], \"stride\": [524288, 262144, 4096, 64, 1]}, \"pass\": 8, \"role\": \"primary\"}, {\"feature\": {\"device\": \"cuda:0\", \"dtype\": \"torch.float32\", \"numel\": 16777216, \"shape\": [1, 2, 32, 64, 64, 64], \"stride\": [16777216, 8388608, 262144, 4096, 64, 1]}, \"heatmap0\": {\"device\": \"cuda:0\", \"dtype\": \"torch.float32\", \"numel\": 262144, \"shape\": [1, 1, 64, 64, 64], \"stride\": [262144, 262144, 4096, 64, 1]}, \"input\": {\"device\": \"cuda:0\", \"dtype\": \"torch.float32\", \"numel\": 524288, \"shape\": [1, 2, 64, 64, 64], \"stride\": [524288, 262144, 4096, 64, 1]}, \"pass\": 1, \"role\": \"secondary\"}, {\"feature\": {\"device\": \"cuda:0\", \"dtype\": \"torch.float32\", \"numel\": 16777216, \"shape\": [1, 2, 32, 64, 64, 64], \"stride\": [16777216, 8388608, 262144, 4096, 64, 1]}, \"heatmap0\": {\"device\": \"cuda:0\", \"dtype\": \"torch.float32\", \"numel\": 262144, \"shape\": [1, 1, 64, 64, 64], \"stride\": [262144, 262144, 4096, 64, 1]}, \"input\": {\"device\": \"cuda:0\", \"dtype\": \"torch.float32\", \"numel\": 524288, \"shape\": [1, 2, 64, 64, 64], \"stride\": [524288, 262144, 4096, 64, 1]}, \"pass\": 2, \"role\": \"secondary\"}, {\"feature\": {\"device\": \"cuda:0\", \"dtype\": \"torch.float32\", \"numel\": 16777216, \"shape\": [1, 2, 32, 64, 64, 64], \"stride\": [16777216, 8388608, 262144, 4096, 64, 1]}, \"heatmap0\": {\"device\": \"cuda:0\", \"dtype\": \"torch.float32\", \"numel\": 262144, \"shape\": [1, 1, 64, 64, 64], \"stride\": [262144, 262144, 4096, 64, 1]}, \"input\": {\"device\": \"cuda:0\", \"dtype\": \"torch.float32\", \"numel\": 524288, \"shape\": [1, 2, 64, 64, 64], \"stride\": [524288, 262144, 4096, 64, 1]}, \"pass\": 3, \"role\": \"secondary\"}, {\"feature\": {\"device\": \"cuda:0\", \"dtype\": \"torch.float32\", \"numel\": 16777216, \"shape\": [1, 2, 32, 64, 64, 64], \"stride\": [16777216, 8388608, 262144, 4096, 64, 1]}, \"heatmap0\": {\"device\": \"cuda:0\", \"dtype\": \"torch.float32\", \"numel\": 262144, \"shape\": [1, 1, 64, 64, 64], \"stride\": [262144, 262144, 4096, 64, 1]}, \"input\": {\"device\": \"cuda:0\", \"dtype\": \"torch.float32\", \"numel\": 524288, \"shape\": [1, 2, 64, 64, 64], \"stride\": [524288, 262144, 4096, 64, 1]}, \"pass\": 4, \"role\": \"secondary\"}, {\"feature\": {\"device\": \"cuda:0\", \"dtype\": \"torch.float32\", \"numel\": 16777216, \"shape\": [1, 2, 32, 64, 64, 64], \"stride\": [16777216, 8388608, 262144, 4096, 64, 1]}, \"heatmap0\": {\"device\": \"cuda:0\", \"dtype\": \"torch.float32\", \"numel\": 262144, \"shape\": [1, 1, 64, 64, 64], \"stride\": [262144, 262144, 4096, 64, 1]}, \"input\": {\"device\": \"cuda:0\", \"dtype\": \"torch.float32\", \"numel\": 524288, \"shape\": [1, 2, 64, 64, 64], \"stride\": [524288, 262144, 4096, 1, 64]}, \"pass\": 5, \"role\": \"secondary\"}, {\"feature\": {\"device\": \"cuda:0\", \"dtype\": \"torch.float32\", \"numel\": 16777216, \"shape\": [1, 2, 32, 64, 64, 64], \"stride\": [16777216, 8388608, 262144, 4096, 64, 1]}, \"heatmap0\": {\"device\": \"cuda:0\", \"dtype\": \"torch.float32\", \"numel\": 262144, \"shape\": [1, 1, 64, 64, 64], \"stride\": [262144, 262144, 4096, 64, 1]}, \"input\": {\"device\": \"cuda:0\", \"dtype\": \"torch.float32\", \"numel\": 524288, \"shape\": [1, 2, 64, 64, 64], \"stride\": [524288, 262144, 4096, 1, 64]}, \"pass\": 6, \"role\": \"secondary\"}, {\"feature\": {\"device\": \"cuda:0\", \"dtype\": \"torch.float32\", \"numel\": 16777216, \"shape\": [1, 2, 32, 64, 64, 64], \"stride\": [16777216, 8388608, 262144, 4096, 64, 1]}, \"heatmap0\": {\"device\": \"cuda:0\", \"dtype\": \"torch.float32\", \"numel\": 262144, \"shape\": [1, 1, 64, 64, 64], \"stride\": [262144, 262144, 4096, 64, 1]}, \"input\": {\"device\": \"cuda:0\", \"dtype\": \"torch.float32\", \"numel\": 524288, \"shape\": [1, 2, 64, 64, 64], \"stride\": [524288, 262144, 4096, 1, 64]}, \"pass\": 7, \"role\": \"secondary\"}, {\"feature\": {\"device\": \"cuda:0\", \"dtype\": \"torch.float32\", \"numel\": 16777216, \"shape\": [1, 2, 32, 64, 64, 64], \"stride\": [16777216, 8388608, 262144, 4096, 64, 1]}, \"heatmap0\": {\"device\": \"cuda:0\", \"dtype\": \"torch.float32\", \"numel\": 262144, \"shape\": [1, 1, 64, 64, 64], \"stride\": [262144, 262144, 4096, 64, 1]}, \"input\": {\"device\": \"cuda:0\", \"dtype\": \"torch.float32\", \"numel\": 524288, \"shape\": [1, 2, 64, 64, 64], \"stride\": [524288, 262144, 4096, 64, 1]}, \"pass\": 8, \"role\": \"secondary\"}], \"event\": \"actual_predictor_window\", \"frames\": [0, 1], \"input\": {\"all_finite\": true, \"device\": \"cuda:0\", \"dtype\": \"torch.float32\", \"numel\": 524288, \"shape\": [1, 2, 64, 64, 64], \"stride\": [524288, 262144, 4096, 64, 1]}, \"input_parent\": \"/kaggle/input/competitions/biohub-cell-tracking-during-development/train\", \"seconds_including_common_audit\": 2.2344156909998674, \"window_index\": 1, \"worker_execution_settings\": {\"autocast_enabled\": false, \"cuda_runtime\": \"12.8\", \"cudnn_allow_tf32\": true, \"cudnn_benchmark\": false, \"cudnn_deterministic\": false, \"default_dtype\": \"torch.float32\", \"deterministic_algorithms\": false, \"float32_matmul_precision\": \"highest\", \"gpu_name\": \"Tesla T4\", \"grad_enabled\": false, \"matmul_allow_tf32\": false, \"torch_initial_seed\": 3060857717345029780, \"torch_version\": \"2.10.0+cu128\"}}\n"}
,{"stream_name":"stdout","time":2312.54097683,"data":"EDGE_TTA_ACTIVE views= 8 mean_abs_feat_delta= 0.293406\n"}
,{"stream_name":"stdout","time":2312.585420172,"data":"EDGE_TTA_ACTIVE views= 8 mean_abs_feat_delta= 0.292063\n"}
,{"stream_name":"stdout","time":2312.743282051,"data":"EDGE_TTA_ACTIVE views= 8 mean_abs_feat_delta= 0.293406\n"}
,{"stream_name":"stdout","time":2312.743312375,"data":"EDGE_TTA_ACTIVE views= 8 mean_abs_feat_delta= 0.292063\n"}
,{"stream_name":"stdout","time":2313.627517737,"data":"BIOHUB_RETENTION_GUARD {\"blended_candidates\": 64, \"dataset\": \"6bba_062c8d37\", \"frame\": 84, \"minimum_retention\": 0.9, \"primary_candidates\": 73, \"retention\": 0.8767123287671232, \"use_primary\": true}\n"}
,{"stream_name":"stdout","time":2313.829771087,"data":"BIOHUB_RETENTION_GUARD {\"blended_candidates\": 64, \"dataset\": \"6bba_062c8d37\", \"frame\": 84, \"minimum_retention\": 0.9, \"primary_candidates\": 73, \"retention\": 0.8767123287671232, \"use_primary\": true}\n"}
,{"stream_name":"stdout","time":2314.787594314,"data":"EDGE_TTA_ACTIVE views= 8 mean_abs_feat_delta= 0.295509\n"}
,{"stream_name":"stdout","time":2314.803640521,"data":"EDGE_TTA_ACTIVE views= 8 mean_abs_feat_delta= 0.290893\n"}
,{"stream_name":"stdout","time":2314.990096561,"data":"EDGE_TTA_ACTIVE views= 8 mean_abs_feat_delta= 0.295509\n"}
,{"stream_name":"stdout","time":2314.990130675,"data":"EDGE_TTA_ACTIVE views= 8 mean_abs_feat_delta= 0.290893\n"}
,{"stream_name":"stdout","time":2317.032300147,"data":"EDGE_TTA_ACTIVE views= 8 mean_abs_feat_delta= 0.289035\n"}
,{"stream_name":"stdout","time":2317.044084679,"data":"EDGE_TTA_ACTIVE views= 8 mean_abs_feat_delta= 0.29737\n"}
,{"stream_name":"stdout","time":2317.234689083,"data":"EDGE_TTA_ACTIVE views= 8 mean_abs_feat_delta= 0.289035\n"}
,{"stream_name":"stdout","time":2317.234724509,"data":"EDGE_TTA_ACTIVE views= 8 mean_abs_feat_delta= 0.29737\n"}
,{"stream_name":"stdout","time":2319.265118917,"data":"EDGE_TTA_ACTIVE views= 8 mean_abs_feat_delta= 0.292802\n"}
,{"stream_name":"stdout","time":2319.303530415,"data":"EDGE_TTA_ACTIVE views= 8 mean_abs_feat_delta= 0.297734\n"}
,{"stream_name":"stdout","time":2319.468010065,"data":"EDGE_TTA_ACTIVE views= 8 mean_abs_feat_delta= 0.292802\n"}
,{"stream_name":"stdout","time":2319.468053085,"data":"EDGE_TTA_ACTIVE views= 8 mean_abs_feat_delta= 0.297734\n"}
,{"stream_name":"stdout","time":2321.500365043,"data":"EDGE_TTA_ACTIVE views= 8 mean_abs_feat_delta= 0.289692\n"}
,{"stream_name":"stdout","time":2321.568715837,"data":"EDGE_TTA_ACTIVE views= 8 mean_abs_feat_delta= 0.297749\n"}
,{"stream_name":"stdout","time":2321.702972286,"data":"EDGE_TTA_ACTIVE views= 8 mean_abs_feat_delta= 0.289692\n"}
,{"stream_name":"stdout","time":2321.702998973,"data":"EDGE_TTA_ACTIVE views= 8 mean_abs_feat_delta= 0.297749\n"}
,{"stream_name":"stdout","time":2323.746071003,"data":"EDGE_TTA_ACTIVE views= 8 mean_abs_feat_delta= 0.288981\n"}
,{"stream_name":"stdout","time":2323.814816644,"data":"EDGE_TTA_ACTIVE views= 8 mean_abs_feat_delta= 0.299556\n"}
,{"stream_name":"stdout","time":2323.948683322,"data":"EDGE_TTA_ACTIVE views= 8 mean_abs_feat_delta= 0.288981\n"}
,{"stream_name":"stdout","time":2323.948757407,"data":"EDGE_TTA_ACTIVE views= 8 mean_abs_feat_delta= 0.299556\n"}
,{"stream_name":"stdout","time":2325.96320873,"data":"EDGE_TTA_ACTIVE views= 8 mean_abs_feat_delta= 0.294024\n"}
,{"stream_name":"stdout","time":2326.071609938,"data":"EDGE_TTA_ACTIVE views= 8 mean_abs_feat_delta= 0.298104\n"}
,{"stream_name":"stdout","time":2326.16572853,"data":"EDGE_TTA_ACTIVE views= 8 mean_abs_feat_delta= 0.294024\n"}
,{"stream_name":"stdout","time":2326.165762562,"data":"EDGE_TTA_ACTIVE views= 8 mean_abs_feat_delta= 0.298104\n"}
,{"stream_name":"stdout","time":2328.189324692,"data":"EDGE_TTA_ACTIVE views= 8 mean_abs_feat_delta= 0.291402\n"}
,{"stream_name":"stdout","time":2328.330463123,"data":"EDGE_TTA_ACTIVE views= 8 mean_abs_feat_delta= 0.296443\n"}
,{"stream_name":"stdout","time":2328.391719156,"data":"EDGE_TTA_ACTIVE views= 8 mean_abs_feat_delta= 0.291402\n"}
,{"stream_name":"stdout","time":2328.391749345,"data":"EDGE_TTA_ACTIVE views= 8 mean_abs_feat_delta= 0.296443\n"}
,{"stream_name":"stdout","time":2330.428143505,"data":"EDGE_TTA_ACTIVE views= 8 mean_abs_feat_delta= 0.293367\n"}
,{"stream_name":"stdout","time":2330.562184613,"data":"EDGE_TTA_ACTIVE views= 8 mean_abs_feat_delta= 0.293984\n"}
,{"stream_name":"stdout","time":2330.630640268,"data":"EDGE_TTA_ACTIVE views= 8 mean_abs_feat_delta= 0.293367\n"}
,{"stream_name":"stdout","time":2330.630679437,"data":"EDGE_TTA_ACTIVE views= 8 mean_abs_feat_delta= 0.293984\n"}
,{"stream_name":"stdout","time":2332.650060696,"data":"EDGE_TTA_ACTIVE views= 8 mean_abs_feat_delta= 0.286361\n"}
,{"stream_name":"stdout","time":2332.782402631,"data":"EDGE_TTA_ACTIVE views= 8 mean_abs_feat_delta= 0.293061\n"}
,{"stream_name":"stdout","time":2332.852832111,"data":"EDGE_TTA_ACTIVE views= 8 mean_abs_feat_delta= 0.286361\n"}
,{"stream_name":"stdout","time":2332.85286576,"data":"EDGE_TTA_ACTIVE views= 8 mean_abs_feat_delta= 0.293061\n"}
,{"stream_name":"stdout","time":2334.869303922,"data":"EDGE_TTA_ACTIVE views= 8 mean_abs_feat_delta= 0.284801\n"}
,{"stream_name":"stdout","time":2335.002230734,"data":"EDGE_TTA_ACTIVE views= 8 mean_abs_feat_delta= 0.297154\n"}
,{"stream_name":"stdout","time":2335.071501616,"data":"EDGE_TTA_ACTIVE views= 8 mean_abs_feat_delta= 0.284801\n"}
,{"stream_name":"stdout","time":2335.071531794,"data":"EDGE_TTA_ACTIVE views= 8 mean_abs_feat_delta= 0.297154\n"}
,{"stream_name":"stdout","time":2337.102376424,"data":"EDGE_TTA_ACTIVE views= 8 mean_abs_feat_delta= 0.287875\n"}
,{"stream_name":"stdout","time":2337.223589145,"data":"EDGE_TTA_ACTIVE views= 8 mean_abs_feat_delta= 0.301446\n"}
,{"stream_name":"stdout","time":2337.392497278,"data":"EDGE_TTA_ACTIVE views= 8 mean_abs_feat_delta= 0.287875\n"}
,{"stream_name":"stdout","time":2337.392532187,"data":"EDGE_TTA_ACTIVE views= 8 mean_abs_feat_delta= 0.301446\n"}
,{"stream_name":"stdout","time":2339.329787301,"data":"EDGE_TTA_ACTIVE views= 8 mean_abs_feat_delta= 0.285114\n"}
,{"stream_name":"stdout","time":2339.435282457,"data":"EDGE_TTA_ACTIVE views= 8 mean_abs_feat_delta= 0.301117\n"}
,{"stream_name":"stdout","time":2339.532422968,"data":"EDGE_TTA_ACTIVE views= 8 mean_abs_feat_delta= 0.285114\n"}
,{"stream_name":"stdout","time":2339.532518191,"data":"EDGE_TTA_ACTIVE views= 8 mean_abs_feat_delta= 0.301117\n"}
,{"stream_name":"stdout","time":2341.561178193,"data":"EDGE_TTA_ACTIVE views= 8 mean_abs_feat_delta= 0.284821\n"}
,{"stream_name":"stdout","time":2341.648571522,"data":"EDGE_TTA_ACTIVE views= 8 mean_abs_feat_delta= 0.301563\n"}
,{"stream_name":"stdout","time":2341.763914968,"data":"EDGE_TTA_ACTIVE views= 8 mean_abs_feat_delta= 0.284821\n"}
,{"stream_name":"stdout","time":2341.763953719,"data":"EDGE_TTA_ACTIVE views= 8 mean_abs_feat_delta= 0.301563\n"}
,{"stream_name":"stdout","time":2343.78408155,"data":"EDGE_TTA_ACTIVE views= 8 mean_abs_feat_delta= 0.287327\n"}
,{"stream_name":"stdout","time":2343.862555085,"data":"EDGE_TTA_ACTIVE views= 8 mean_abs_feat_delta= 0.298981\n"}
,{"stream_name":"stdout","time":2343.985740008,"data":"EDGE_TTA_ACTIVE views= 8 mean_abs_feat_delta= 0.287327\n"}
,{"stream_name":"stdout","time":2343.985778302,"data":"EDGE_TTA_ACTIVE views= 8 mean_abs_feat_delta= 0.298981\n"}
,{"stream_name":"stdout","time":2346.029170785,"data":"EDGE_TTA_ACTIVE views= 8 mean_abs_feat_delta= 0.285857\n"}
,{"stream_name":"stdout","time":2346.081594957,"data":"EDGE_TTA_ACTIVE views= 8 mean_abs_feat_delta= 0.297101\n"}
,{"stream_name":"stdout","time":2346.231634809,"data":"EDGE_TTA_ACTIVE views= 8 mean_abs_feat_delta= 0.285857\n"}
,{"stream_name":"stdout","time":2346.231667811,"data":"EDGE_TTA_ACTIVE views= 8 mean_abs_feat_delta= 0.297101\n"}
,{"stream_name":"stdout","time":2348.260811068,"data":"EDGE_TTA_ACTIVE views= 8 mean_abs_feat_delta= 0.283107\n"}
,{"stream_name":"stdout","time":2348.463614416,"data":"EDGE_TTA_ACTIVE views= 8 mean_abs_feat_delta= 0.283107\n"}
,{"stream_name":"stdout","time":2350.51977804,"data":"EDGE_TTA_ACTIVE views= 8 mean_abs_feat_delta= 0.285156\n"}
,{"stream_name":"stdout","time":2350.723020472,"data":"EDGE_TTA_ACTIVE views= 8 mean_abs_feat_delta= 0.285156\n"}
,{"stream_name":"stdout","time":2352.752524289,"data":"EDGE_TTA_ACTIVE views= 8 mean_abs_feat_delta= 0.281307\n"}
,{"stream_name":"stdout","time":2352.84617946,"data":"EDGE_TTA_ACTIVE views= 8 mean_abs_feat_delta= 0.336571\n"}
,{"stream_name":"stdout","time":2352.954729956,"data":"EDGE_TTA_ACTIVE views= 8 mean_abs_feat_delta= 0.281307\n"}
,{"stream_name":"stdout","time":2352.95475607,"data":"EDGE_TTA_ACTIVE views= 8 mean_abs_feat_delta= 0.336571\n"}
,{"stream_name":"stdout","time":2353.961469623,"data":"PUBLIC946_GPU_SMOKE {\"arm\": \"C2\", \"association\": {\"actual_primary_logits_after_original_harmonic_fusion\": {\"all_finite\": true, \"device\": \"cuda:0\", \"dtype\": \"torch.float32\", \"numel\": 22499, \"shape\": [1, 151, 149], \"stride\": [22499, 149, 1]}, \"actual_secondary_feature_consumed\": true, \"actual_secondary_logits\": {\"all_finite\": true, \"device\": \"cuda:0\", \"dtype\": \"torch.float32\", \"numel\": 22499, \"shape\": [1, 151, 149], \"stride\": [22499, 149, 1]}, \"coordinate_grid\": {\"downsample\": [1.0, 4.0, 4.0], \"source\": {\"device\": \"cuda:0\", \"dtype\": \"torch.float32\", \"numel\": 453, \"shape\": [1, 151, 3], \"stride\": [151, 1, 151]}, \"target\": {\"device\": \"cuda:0\", \"dtype\": \"torch.float32\", \"numel\": 447, \"shape\": [1, 149, 3], \"stride\": [149, 1, 149]}}, \"diagnostic_edge_head_calls\": 1, \"diagnostic_encoder_calls\": 0, \"diagnostic_probabilities_used_in_production\": false, \"diagnostic_seconds\": 0.012647457999719336, \"frame_pair_index\": 0, \"primary_source_sampled_features\": {\"all_finite\": true, \"device\": \"cuda:0\", \"dtype\": \"torch.float32\", \"numel\": 4832, \"shape\": [1, 151, 32], \"stride\": [4832, 32, 1]}, \"primary_target_sampled_features\": {\"all_finite\": true, \"device\": \"cuda:0\", \"dtype\": \"torch.float32\", \"numel\": 4768, \"shape\": [1, 149, 32], \"stride\": [4768, 32, 1]}, \"probability_comparison_stage\": \"secondary edge-head softmax over parents, before original calibration and low-margin mixing\", \"probability_delta_vs_single_pass_same_coordinates\": {\"sample_elements\": 22499, \"sample_equal\": false, \"sample_max_abs_delta\": 0.4903956651687622, \"sample_mean_abs_delta\": 0.0007680580019950867, \"sample_stride\": 1}, \"production_calls\": 1, \"same_low_margin_config\": {\"secondary_detection_weight\": 0.8, \"secondary_edge_weight\": 0.15, \"secondary_link_mode\": \"low_margin_consensus\"}, \"source_delta_vs_single_pass\": {\"sample_elements\": 4832, \"sample_equal\": false, \"sample_max_abs_delta\": 0.6262509822845459, \"sample_mean_abs_delta\": 0.10799097269773483, \"sample_stride\": 1}, \"source_sampled_features\": {\"all_finite\": true, \"device\": \"cuda:0\", \"dtype\": \"torch.float32\", \"numel\": 4832, \"shape\": [1, 151, 32], \"stride\": [4832, 32, 1]}, \"target_delta_vs_single_pass\": {\"sample_elements\": 4768, \"sample_equal\": false, \"sample_max_abs_delta\": 0.707585334777832, \"sample_mean_abs_delta\": 0.111956387758255, \"sample_stride\": 1}, \"target_sampled_features\": {\"all_finite\": true, \"device\": \"cuda:0\", \"dtype\": \"torch.float32\", \"numel\": 4768, \"shape\": [1, 149, 32], \"stride\": [4768, 32, 1]}}, \"association_calls\": 1, \"config\": {\"secondary_detection_weight\": 0.8, \"secondary_edge_weight\": 0.15, \"secondary_link_mode\": \"low_margin_consensus\"}, \"consumed_features\": {\"primary\": {\"all_finite\": true, \"delta_vs_single_pass\": {\"sample_elements\": 65536, \"sample_equal\": false, \"sample_max_abs_delta\": 1.9800727367401123, \"sample_mean_abs_delta\": 0.34195613861083984, \"sample_stride\": 256}, \"device\": \"cuda:0\", \"dtype\": \"torch.float32\", \"numel\": 16777216, \"original_encoded_feature_sample_unchanged\": true, \"same_storage_as_original\": false, \"shape\": [1, 2, 32, 64, 64, 64], \"single_pass\": {\"device\": \"cuda:0\", \"dtype\": \"torch.float32\", \"numel\": 16777216, \"shape\": [1, 2, 32, 64, 64, 64], \"stride\": [16777216, 8388608, 262144, 4096, 64, 1]}, \"stride\": [16777216, 8388608, 262144, 4096, 64, 1]}, \"secondary\": {\"all_finite\": true, \"delta_vs_single_pass\": {\"sample_elements\": 65536, \"sample_equal\": false, \"sample_max_abs_delta\": 1.2761400938034058, \"sample_mean_abs_delta\": 0.2964685559272766, \"sample_stride\": 256}, \"device\": \"cuda:0\", \"dtype\": \"torch.float32\", \"numel\": 16777216, \"original_encoded_feature_sample_unchanged\": true, \"same_storage_as_original\": false, \"shape\": [1, 2, 32, 64, 64, 64], \"single_pass\": {\"device\": \"cuda:0\", \"dtype\": \"torch.float32\", \"numel\": 16777216, \"shape\": [1, 2, 32, 64, 64, 64], \"stride\": [16777216, 8388608, 262144, 4096, 64, 1]}, \"stride\": [16777216, 8388608, 262144, 4096, 64, 1]}}, \"consumed_heatmaps\": [{\"all_finite\": true, \"device\": \"cuda:0\", \"dtype\": \"torch.float32\", \"numel\": 262144, \"shape\": [1, 1, 64, 64, 64], \"stride\": [262144, 262144, 4096, 64, 1]}, {\"all_finite\": true, \"device\": \"cuda:0\", \"dtype\": \"torch.float32\", \"numel\": 262144, \"shape\": [1, 1, 64, 64, 64], \"stride\": [262144, 262144, 4096, 64, 1]}], \"cuda_peak_allocated_bytes_process\": 728221696, \"cuda_peak_reserved_bytes_process\": 981467136, \"dataset\": \"6bba_085bf656\", \"encode_calls\": {\"primary\": 8, \"secondary\": 8}, \"encode_seconds\": {\"primary\": 1.0751019150002321, \"secondary\": 1.0299115819998406}, \"encode_views\": [{\"feature\": {\"device\": \"cuda:0\", \"dtype\": \"torch.float32\", \"numel\": 16777216, \"shape\": [1, 2, 32, 64, 64, 64], \"stride\": [16777216, 8388608, 262144, 4096, 64, 1]}, \"heatmap0\": {\"device\": \"cuda:0\", \"dtype\": \"torch.float32\", \"numel\": 262144, \"shape\": [1, 1, 64, 64, 64], \"stride\": [262144, 262144, 4096, 64, 1]}, \"input\": {\"device\": \"cuda:0\", \"dtype\": \"torch.float32\", \"numel\": 524288, \"shape\": [1, 2, 64, 64, 64], \"stride\": [524288, 262144, 4096, 64, 1]}, \"pass\": 1, \"role\": \"primary\"}, {\"feature\": {\"device\": \"cuda:0\", \"dtype\": \"torch.float32\", \"numel\": 16777216, \"shape\": [1, 2, 32, 64, 64, 64], \"stride\": [16777216, 8388608, 262144, 4096, 64, 1]}, \"heatmap0\": {\"device\": \"cuda:0\", \"dtype\": \"torch.float32\", \"numel\": 262144, \"shape\": [1, 1, 64, 64, 64], \"stride\": [262144, 262144, 4096, 64, 1]}, \"input\": {\"device\": \"cuda:0\", \"dtype\": \"torch.float32\", \"numel\": 524288, \"shape\": [1, 2, 64, 64, 64], \"stride\": [524288, 262144, 4096, 64, 1]}, \"pass\": 2, \"role\": \"primary\"}, {\"feature\": {\"device\": \"cuda:0\", \"dtype\": \"torch.float32\", \"numel\": 16777216, \"shape\": [1, 2, 32, 64, 64, 64], \"stride\": [16777216, 8388608, 262144, 4096, 64, 1]}, \"heatmap0\": {\"device\": \"cuda:0\", \"dtype\": \"torch.float32\", \"numel\": 262144, \"shape\": [1, 1, 64, 64, 64], \"stride\": [262144, 262144, 4096, 64, 1]}, \"input\": {\"device\": \"cuda:0\", \"dtype\": \"torch.float32\", \"numel\": 524288, \"shape\": [1, 2, 64, 64, 64], \"stride\": [524288, 262144, 4096, 64, 1]}, \"pass\": 3, \"role\": \"primary\"}, {\"feature\": {\"device\": \"cuda:0\", \"dtype\": \"torch.float32\", \"numel\": 16777216, \"shape\": [1, 2, 32, 64, 64, 64], \"stride\": [16777216, 8388608, 262144, 4096, 64, 1]}, \"heatmap0\": {\"device\": \"cuda:0\", \"dtype\": \"torch.float32\", \"numel\": 262144, \"shape\": [1, 1, 64, 64, 64], \"stride\": [262144, 262144, 4096, 64, 1]}, \"input\": {\"device\": \"cuda:0\", \"dtype\": \"torch.float32\", \"numel\": 524288, \"shape\": [1, 2, 64, 64, 64], \"stride\": [524288, 262144, 4096, 64, 1]}, \"pass\": 4, \"role\": \"primary\"}, {\"feature\": {\"device\": \"cuda:0\", \"dtype\": \"torch.float32\", \"numel\": 16777216, \"shape\": [1, 2, 32, 64, 64, 64], \"stride\": [16777216, 8388608, 262144, 4096, 64, 1]}, \"heatmap0\": {\"device\": \"cuda:0\", \"dtype\": \"torch.float32\", \"numel\": 262144, \"shape\": [1, 1, 64, 64, 64], \"stride\": [262144, 262144, 4096, 64, 1]}, \"input\": {\"device\": \"cuda:0\", \"dtype\": \"torch.float32\", \"numel\": 524288, \"shape\": [1, 2, 64, 64, 64], \"stride\": [524288, 262144, 4096, 1, 64]}, \"pass\": 5, \"role\": \"primary\"}, {\"feature\": {\"device\": \"cuda:0\", \"dtype\": \"torch.float32\", \"numel\": 16777216, \"shape\": [1, 2, 32, 64, 64, 64], \"stride\": [16777216, 8388608, 262144, 4096, 64, 1]}, \"heatmap0\": {\"device\": \"cuda:0\", \"dtype\": \"torch.float32\", \"numel\": 262144, \"shape\": [1, 1, 64, 64, 64], \"stride\": [262144, 262144, 4096, 64, 1]}, \"input\": {\"device\": \"cuda:0\", \"dtype\": \"torch.float32\", \"numel\": 524288, \"shape\": [1, 2, 64, 64, 64], \"stride\": [524288, 262144, 4096, 1, 64]}, \"pass\": 6, \"role\": \"primary\"}, {\"feature\": {\"device\": \"cuda:0\", \"dtype\": \"torch.float32\", \"numel\": 16777216, \"shape\": [1, 2, 32, 64, 64, 64], \"stride\": [16777216, 8388608, 262144, 4096, 64, 1]}, \"heatmap0\": {\"device\": \"cuda:0\", \"dtype\": \"torch.float32\", \"numel\": 262144, \"shape\": [1, 1, 64, 64, 64], \"stride\": [262144, 262144, 4096, 64, 1]}, \"input\": {\"device\": \"cuda:0\", \"dtype\": \"torch.float32\", \"numel\": 524288, \"shape\": [1, 2, 64, 64, 64], \"stride\": [524288, 262144, 4096, 1, 64]}, \"pass\": 7, \"role\": \"primary\"}, {\"feature\": {\"device\": \"cuda:0\", \"dtype\": \"torch.float32\", \"numel\": 16777216, \"shape\": [1, 2, 32, 64, 64, 64], \"stride\": [16777216, 8388608, 262144, 4096, 64, 1]}, \"heatmap0\": {\"device\": \"cuda:0\", \"dtype\": \"torch.float32\", \"numel\": 262144, \"shape\": [1, 1, 64, 64, 64], \"stride\": [262144, 262144, 4096, 64, 1]}, \"input\": {\"device\": \"cuda:0\", \"dtype\": \"torch.float32\", \"numel\": 524288, \"shape\": [1, 2, 64, 64, 64], \"stride\": [524288, 262144, 4096, 64, 1]}, \"pass\": 8, \"role\": \"primary\"}, {\"feature\": {\"device\": \"cuda:0\", \"dtype\": \"torch.float32\", \"numel\": 16777216, \"shape\": [1, 2, 32, 64, 64, 64], \"stride\": [16777216, 8388608, 262144, 4096, 64, 1]}, \"heatmap0\": {\"device\": \"cuda:0\", \"dtype\": \"torch.float32\", \"numel\": 262144, \"shape\": [1, 1, 64, 64, 64], \"stride\": [262144, 262144, 4096, 64, 1]}, \"input\": {\"device\": \"cuda:0\", \"dtype\": \"torch.float32\", \"numel\": 524288, \"shape\": [1, 2, 64, 64, 64], \"stride\": [524288, 262144, 4096, 64, 1]}, \"pass\": 1, \"role\": \"secondary\"}, {\"feature\": {\"device\": \"cuda:0\", \"dtype\": \"torch.float32\", \"numel\": 16777216, \"shape\": [1, 2, 32, 64, 64, 64], \"stride\": [16777216, 8388608, 262144, 4096, 64, 1]}, \"heatmap0\": {\"device\": \"cuda:0\", \"dtype\": \"torch.float32\", \"numel\": 262144, \"shape\": [1, 1, 64, 64, 64], \"stride\": [262144, 262144, 4096, 64, 1]}, \"input\": {\"device\": \"cuda:0\", \"dtype\": \"torch.float32\", \"numel\": 524288, \"shape\": [1, 2, 64, 64, 64], \"stride\": [524288, 262144, 4096, 64, 1]}, \"pass\": 2, \"role\": \"secondary\"}, {\"feature\": {\"device\": \"cuda:0\", \"dtype\": \"torch.float32\", \"numel\": 16777216, \"shape\": [1, 2, 32, 64, 64, 64], \"stride\": [16777216, 8388608, 262144, 4096, 64, 1]}, \"heatmap0\": {\"device\": \"cuda:0\", \"dtype\": \"torch.float32\", \"numel\": 262144, \"shape\": [1, 1, 64, 64, 64], \"stride\": [262144, 262144, 4096, 64, 1]}, \"input\": {\"device\": \"cuda:0\", \"dtype\": \"torch.float32\", \"numel\": 524288, \"shape\": [1, 2, 64, 64, 64], \"stride\": [524288, 262144, 4096, 64, 1]}, \"pass\": 3, \"role\": \"secondary\"}, {\"feature\": {\"device\": \"cuda:0\", \"dtype\": \"torch.float32\", \"numel\": 16777216, \"shape\": [1, 2, 32, 64, 64, 64], \"stride\": [16777216, 8388608, 262144, 4096, 64, 1]}, \"heatmap0\": {\"device\": \"cuda:0\", \"dtype\": \"torch.float32\", \"numel\": 262144, \"shape\": [1, 1, 64, 64, 64], \"stride\": [262144, 262144, 4096, 64, 1]}, \"input\": {\"device\": \"cuda:0\", \"dtype\": \"torch.float32\", \"numel\": 524288, \"shape\": [1, 2, 64, 64, 64], \"stride\": [524288, 262144, 4096, 64, 1]}, \"pass\": 4, \"role\": \"secondary\"}, {\"feature\": {\"device\": \"cuda:0\", \"dtype\": \"torch.float32\", \"numel\": 16777216, \"shape\": [1, 2, 32, 64, 64, 64], \"stride\": [16777216, 8388608, 262144, 4096, 64, 1]}, \"heatmap0\": {\"device\": \"cuda:0\", \"dtype\": \"torch.float32\", \"numel\": 262144, \"shape\": [1, 1, 64, 64, 64], \"stride\": [262144, 262144, 4096, 64, 1]}, \"input\": {\"device\": \"cuda:0\", \"dtype\": \"torch.float32\", \"numel\": 524288, \"shape\": [1, 2, 64, 64, 64], \"stride\": [524288, 262144, 4096, 1, 64]}, \"pass\": 5, \"role\": \"secondary\"}, {\"feature\": {\"device\": \"cuda:0\", \"dtype\": \"torch.float32\", \"numel\": 16777216, \"shape\": [1, 2, 32, 64, 64, 64], \"stride\": [16777216, 8388608, 262144, 4096, 64, 1]}, \"heatmap0\": {\"device\": \"cuda:0\", \"dtype\": \"torch.float32\", \"numel\": 262144, \"shape\": [1, 1, 64, 64, 64], \"stride\": [262144, 262144, 4096, 64, 1]}, \"input\": {\"device\": \"cuda:0\", \"dtype\": \"torch.float32\", \"numel\": 524288, \"shape\": [1, 2, 64, 64, 64], \"stride\": [524288, 262144, 4096, 1, 64]}, \"pass\": 6, \"role\": \"secondary\"}, {\"feature\": {\"device\": \"cuda:0\", \"dtype\": \"torch.float32\", \"numel\": 16777216, \"shape\": [1, 2, 32, 64, 64, 64], \"stride\": [16777216, 8388608, 262144, 4096, 64, 1]}, \"heatmap0\": {\"device\": \"cuda:0\", \"dtype\": \"torch.float32\", \"numel\": 262144, \"shape\": [1, 1, 64, 64, 64], \"stride\": [262144, 262144, 4096, 64, 1]}, \"input\": {\"device\": \"cuda:0\", \"dtype\": \"torch.float32\", \"numel\": 524288, \"shape\": [1, 2, 64, 64, 64], \"stride\": [524288, 262144, 4096, 1, 64]}, \"pass\": 7, \"role\": \"secondary\"}, {\"feature\": {\"device\": \"cuda:0\", \"dtype\": \"torch.float32\", \"numel\": 16777216, \"shape\": [1, 2, 32, 64, 64, 64], \"stride\": [16777216, 8388608, 262144, 4096, 64, 1]}, \"heatmap0\": {\"device\": \"cuda:0\", \"dtype\": \"torch.float32\", \"numel\": 262144, \"shape\": [1, 1, 64, 64, 64], \"stride\": [262144, 262144, 4096, 64, 1]}, \"input\": {\"device\": \"cuda:0\", \"dtype\": \"torch.float32\", \"numel\": 524288, \"shape\": [1, 2, 64, 64, 64], \"stride\": [524288, 262144, 4096, 64, 1]}, \"pass\": 8, \"role\": \"secondary\"}], \"event\": \"actual_predictor_window\", \"frames\": [0, 1], \"input\": {\"all_finite\": true, \"device\": \"cuda:0\", \"dtype\": \"torch.float32\", \"numel\": 524288, \"shape\": [1, 2, 64, 64, 64], \"stride\": [524288, 262144, 4096, 64, 1]}, \"input_parent\": \"/kaggle/input/competitions/biohub-cell-tracking-during-development/train\", \"seconds_including_common_audit\": 2.205134560999795, \"window_index\": 1, \"worker_execution_settings\": {\"autocast_enabled\": false, \"cuda_runtime\": \"12.8\", \"cudnn_allow_tf32\": true, \"cudnn_benchmark\": false, \"cudnn_deterministic\": false, \"default_dtype\": \"torch.float32\", \"deterministic_algorithms\": false, \"float32_matmul_precision\": \"highest\", \"gpu_name\": \"Tesla T4\", \"grad_enabled\": false, \"matmul_allow_tf32\": false, \"torch_initial_seed\": 16300768204951508060, \"torch_version\": \"2.10.0+cu128\"}}\n"}
,{"stream_name":"stdout","time":2354.164675712,"data":"PUBLIC946_GPU_SMOKE {\"arm\": \"C2\", \"association\": {\"actual_primary_logits_after_original_harmonic_fusion\": {\"all_finite\": true, \"device\": \"cuda:0\", \"dtype\": \"torch.float32\", \"numel\": 22499, \"shape\": [1, 151, 149], \"stride\": [22499, 149, 1]}, \"actual_secondary_feature_consumed\": true, \"actual_secondary_logits\": {\"all_finite\": true, \"device\": \"cuda:0\", \"dtype\": \"torch.float32\", \"numel\": 22499, \"shape\": [1, 151, 149], \"stride\": [22499, 149, 1]}, \"coordinate_grid\": {\"downsample\": [1.0, 4.0, 4.0], \"source\": {\"device\": \"cuda:0\", \"dtype\": \"torch.float32\", \"numel\": 453, \"shape\": [1, 151, 3], \"stride\": [151, 1, 151]}, \"target\": {\"device\": \"cuda:0\", \"dtype\": \"torch.float32\", \"numel\": 447, \"shape\": [1, 149, 3], \"stride\": [149, 1, 149]}}, \"diagnostic_edge_head_calls\": 1, \"diagnostic_encoder_calls\": 0, \"diagnostic_probabilities_used_in_production\": false, \"diagnostic_seconds\": 0.012647457999719336, \"frame_pair_index\": 0, \"primary_source_sampled_features\": {\"all_finite\": true, \"device\": \"cuda:0\", \"dtype\": \"torch.float32\", \"numel\": 4832, \"shape\": [1, 151, 32], \"stride\": [4832, 32, 1]}, \"primary_target_sampled_features\": {\"all_finite\": true, \"device\": \"cuda:0\", \"dtype\": \"torch.float32\", \"numel\": 4768, \"shape\": [1, 149, 32], \"stride\": [4768, 32, 1]}, \"probability_comparison_stage\": \"secondary edge-head softmax over parents, before original calibration and low-margin mixing\", \"probability_delta_vs_single_pass_same_coordinates\": {\"sample_elements\": 22499, \"sample_equal\": false, \"sample_max_abs_delta\": 0.4903956651687622, \"sample_mean_abs_delta\": 0.0007680580019950867, \"sample_stride\": 1}, \"production_calls\": 1, \"same_low_margin_config\": {\"secondary_detection_weight\": 0.8, \"secondary_edge_weight\": 0.15, \"secondary_link_mode\": \"low_margin_consensus\"}, \"source_delta_vs_single_pass\": {\"sample_elements\": 4832, \"sample_equal\": false, \"sample_max_abs_delta\": 0.6262509822845459, \"sample_mean_abs_delta\": 0.10799097269773483, \"sample_stride\": 1}, \"source_sampled_features\": {\"all_finite\": true, \"device\": \"cuda:0\", \"dtype\": \"torch.float32\", \"numel\": 4832, \"shape\": [1, 151, 32], \"stride\": [4832, 32, 1]}, \"target_delta_vs_single_pass\": {\"sample_elements\": 4768, \"sample_equal\": false, \"sample_max_abs_delta\": 0.707585334777832, \"sample_mean_abs_delta\": 0.111956387758255, \"sample_stride\": 1}, \"target_sampled_features\": {\"all_finite\": true, \"device\": \"cuda:0\", \"dtype\": \"torch.float32\", \"numel\": 4768, \"shape\": [1, 149, 32], \"stride\": [4768, 32, 1]}}, \"association_calls\": 1, \"config\": {\"secondary_detection_weight\": 0.8, \"secondary_edge_weight\": 0.15, \"secondary_link_mode\": \"low_margin_consensus\"}, \"consumed_features\": {\"primary\": {\"all_finite\": true, \"delta_vs_single_pass\": {\"sample_elements\": 65536, \"sample_equal\": false, \"sample_max_abs_delta\": 1.9800727367401123, \"sample_mean_abs_delta\": 0.34195613861083984, \"sample_stride\": 256}, \"device\": \"cuda:0\", \"dtype\": \"torch.float32\", \"numel\": 16777216, \"original_encoded_feature_sample_unchanged\": true, \"same_storage_as_original\": false, \"shape\": [1, 2, 32, 64, 64, 64], \"single_pass\": {\"device\": \"cuda:0\", \"dtype\": \"torch.float32\", \"numel\": 16777216, \"shape\": [1, 2, 32, 64, 64, 64], \"stride\": [16777216, 8388608, 262144, 4096, 64, 1]}, \"stride\": [16777216, 8388608, 262144, 4096, 64, 1]}, \"secondary\": {\"all_finite\": true, \"delta_vs_single_pass\": {\"sample_elements\": 65536, \"sample_equal\": false, \"sample_max_abs_delta\": 1.2761400938034058, \"sample_mean_abs_delta\": 0.2964685559272766, \"sample_stride\": 256}, \"device\": \"cuda:0\", \"dtype\": \"torch.float32\", \"numel\": 16777216, \"original_encoded_feature_sample_unchanged\": true, \"same_storage_as_original\": false, \"shape\": [1, 2, 32, 64, 64, 64], \"single_pass\": {\"device\": \"cuda:0\", \"dtype\": \"torch.float32\", \"numel\": 16777216, \"shape\": [1, 2, 32, 64, 64, 64], \"stride\": [16777216, 8388608, 262144, 4096, 64, 1]}, \"stride\": [16777216, 8388608, 262144, 4096, 64, 1]}}, \"consumed_heatmaps\": [{\"all_finite\": true, \"device\": \"cuda:0\", \"dtype\": \"torch.float32\", \"numel\": 262144, \"shape\": [1, 1, 64, 64, 64], \"stride\": [262144, 262144, 4096, 64, 1]}, {\"all_finite\": true, \"device\": \"cuda:0\", \"dtype\": \"torch.float32\", \"numel\": 262144, \"shape\": [1, 1, 64, 64, 64], \"stride\": [262144, 262144, 4096, 64, 1]}], \"cuda_peak_allocated_bytes_process\": 728221696, \"cuda_peak_reserved_bytes_process\": 981467136, \"dataset\": \"6bba_085bf656\", \"encode_calls\": {\"primary\": 8, \"secondary\": 8}, \"encode_seconds\": {\"primary\": 1.0751019150002321, \"secondary\": 1.0299115819998406}, \"encode_views\": [{\"feature\": {\"device\": \"cuda:0\", \"dtype\": \"torch.float32\", \"numel\": 16777216, \"shape\": [1, 2, 32, 64, 64, 64], \"stride\": [16777216, 8388608, 262144, 4096, 64, 1]}, \"heatmap0\": {\"device\": \"cuda:0\", \"dtype\": \"torch.float32\", \"numel\": 262144, \"shape\": [1, 1, 64, 64, 64], \"stride\": [262144, 262144, 4096, 64, 1]}, \"input\": {\"device\": \"cuda:0\", \"dtype\": \"torch.float32\", \"numel\": 524288, \"shape\": [1, 2, 64, 64, 64], \"stride\": [524288, 262144, 4096, 64, 1]}, \"pass\": 1, \"role\": \"primary\"}, {\"feature\": {\"device\": \"cuda:0\", \"dtype\": \"torch.float32\", \"numel\": 16777216, \"shape\": [1, 2, 32, 64, 64, 64], \"stride\": [16777216, 8388608, 262144, 4096, 64, 1]}, \"heatmap0\": {\"device\": \"cuda:0\", \"dtype\": \"torch.float32\", \"numel\": 262144, \"shape\": [1, 1, 64, 64, 64], \"stride\": [262144, 262144, 4096, 64, 1]}, \"input\": {\"device\": \"cuda:0\", \"dtype\": \"torch.float32\", \"numel\": 524288, \"shape\": [1, 2, 64, 64, 64], \"stride\": [524288, 262144, 4096, 64, 1]}, \"pass\": 2, \"role\": \"primary\"}, {\"feature\": {\"device\": \"cuda:0\", \"dtype\": \"torch.float32\", \"numel\": 16777216, \"shape\": [1, 2, 32, 64, 64, 64], \"stride\": [16777216, 8388608, 262144, 4096, 64, 1]}, \"heatmap0\": {\"device\": \"cuda:0\", \"dtype\": \"torch.float32\", \"numel\": 262144, \"shape\": [1, 1, 64, 64, 64], \"stride\": [262144, 262144, 4096, 64, 1]}, \"input\": {\"device\": \"cuda:0\", \"dtype\": \"torch.float32\", \"numel\": 524288, \"shape\": [1, 2, 64, 64, 64], \"stride\": [524288, 262144, 4096, 64, 1]}, \"pass\": 3, \"role\": \"primary\"}, {\"feature\": {\"device\": \"cuda:0\", \"dtype\": \"torch.float32\", \"numel\": 16777216, \"shape\": [1, 2, 32, 64, 64, 64], \"stride\": [16777216, 8388608, 262144, 4096, 64, 1]}, \"heatmap0\": {\"device\": \"cuda:0\", \"dtype\": \"torch.float32\", \"numel\": 262144, \"shape\": [1, 1, 64, 64, 64], \"stride\": [262144, 262144, 4096, 64, 1]}, \"input\": {\"device\": \"cuda:0\", \"dtype\": \"torch.float32\", \"numel\": 524288, \"shape\": [1, 2, 64, 64, 64], \"stride\": [524288, 262144, 4096, 64, 1]}, \"pass\": 4, \"role\": \"primary\"}, {\"feature\": {\"device\": \"cuda:0\", \"dtype\": \"torch.float32\", \"numel\": 16777216, \"shape\": [1, 2, 32, 64, 64, 64], \"stride\": [16777216, 8388608, 262144, 4096, 64, 1]}, \"heatmap0\": {\"device\": \"cuda:0\", \"dtype\": \"torch.float32\", \"numel\": 262144, \"shape\": [1, 1, 64, 64, 64], \"stride\": [262144, 262144, 4096, 64, 1]}, \"input\": {\"device\": \"cuda:0\", \"dtype\": \"torch.float32\", \"numel\": 524288, \"shape\": [1, 2, 64, 64, 64], \"stride\": [524288, 262144, 4096, 1, 64]}, \"pass\": 5, \"role\": \"primary\"}, {\"feature\": {\"device\": \"cuda:0\", \"dtype\": \"torch.float32\", \"numel\": 16777216, \"shape\": [1, 2, 32, 64, 64, 64], \"stride\": [16777216, 8388608, 262144, 4096, 64, 1]}, \"heatmap0\": {\"device\": \"cuda:0\", \"dtype\": \"torch.float32\", \"numel\": 262144, \"shape\": [1, 1, 64, 64, 64], \"stride\": [262144, 262144, 4096, 64, 1]}, \"input\": {\"device\": \"cuda:0\", \"dtype\": \"torch.float32\", \"numel\": 524288, \"shape\": [1, 2, 64, 64, 64], \"stride\": [524288, 262144, 4096, 1, 64]}, \"pass\": 6, \"role\": \"primary\"}, {\"feature\": {\"device\": \"cuda:0\", \"dtype\": \"torch.float32\", \"numel\": 16777216, \"shape\": [1, 2, 32, 64, 64, 64], \"stride\": [16777216, 8388608, 262144, 4096, 64, 1]}, \"heatmap0\": {\"device\": \"cuda:0\", \"dtype\": \"torch.float32\", \"numel\": 262144, \"shape\": [1, 1, 64, 64, 64], \"stride\": [262144, 262144, 4096, 64, 1]}, \"input\": {\"device\": \"cuda:0\", \"dtype\": \"torch.float32\", \"numel\": 524288, \"shape\": [1, 2, 64, 64, 64], \"stride\": [524288, 262144, 4096, 1, 64]}, \"pass\": 7, \"role\": \"primary\"}, {\"feature\": {\"device\": \"cuda:0\", \"dtype\": \"torch.float32\", \"numel\": 16777216, \"shape\": [1, 2, 32, 64, 64, 64], \"stride\": [16777216, 8388608, 262144, 4096, 64, 1]}, \"heatmap0\": {\"device\": \"cuda:0\", \"dtype\": \"torch.float32\", \"numel\": 262144, \"shape\": [1, 1, 64, 64, 64], \"stride\": [262144, 262144, 4096, 64, 1]}, \"input\": {\"device\": \"cuda:0\", \"dtype\": \"torch.float32\", \"numel\": 524288, \"shape\": [1, 2, 64, 64, 64], \"stride\": [524288, 262144, 4096, 64, 1]}, \"pass\": 8, \"role\": \"primary\"}, {\"feature\": {\"device\": \"cuda:0\", \"dtype\": \"torch.float32\", \"numel\": 16777216, \"shape\": [1, 2, 32, 64, 64, 64], \"stride\": [16777216, 8388608, 262144, 4096, 64, 1]}, \"heatmap0\": {\"device\": \"cuda:0\", \"dtype\": \"torch.float32\", \"numel\": 262144, \"shape\": [1, 1, 64, 64, 64], \"stride\": [262144, 262144, 4096, 64, 1]}, \"input\": {\"device\": \"cuda:0\", \"dtype\": \"torch.float32\", \"numel\": 524288, \"shape\": [1, 2, 64, 64, 64], \"stride\": [524288, 262144, 4096, 64, 1]}, \"pass\": 1, \"role\": \"secondary\"}, {\"feature\": {\"device\": \"cuda:0\", \"dtype\": \"torch.float32\", \"numel\": 16777216, \"shape\": [1, 2, 32, 64, 64, 64], \"stride\": [16777216, 8388608, 262144, 4096, 64, 1]}, \"heatmap0\": {\"device\": \"cuda:0\", \"dtype\": \"torch.float32\", \"numel\": 262144, \"shape\": [1, 1, 64, 64, 64], \"stride\": [262144, 262144, 4096, 64, 1]}, \"input\": {\"device\": \"cuda:0\", \"dtype\": \"torch.float32\", \"numel\": 524288, \"shape\": [1, 2, 64, 64, 64], \"stride\": [524288, 262144, 4096, 64, 1]}, \"pass\": 2, \"role\": \"secondary\"}, {\"feature\": {\"device\": \"cuda:0\", \"dtype\": \"torch.float32\", \"numel\": 16777216, \"shape\": [1, 2, 32, 64, 64, 64], \"stride\": [16777216, 8388608, 262144, 4096, 64, 1]}, \"heatmap0\": {\"device\": \"cuda:0\", \"dtype\": \"torch.float32\", \"numel\": 262144, \"shape\": [1, 1, 64, 64, 64], \"stride\": [262144, 262144, 4096, 64, 1]}, \"input\": {\"device\": \"cuda:0\", \"dtype\": \"torch.float32\", \"numel\": 524288, \"shape\": [1, 2, 64, 64, 64], \"stride\": [524288, 262144, 4096, 64, 1]}, \"pass\": 3, \"role\": \"secondary\"}, {\"feature\": {\"device\": \"cuda:0\", \"dtype\": \"torch.float32\", \"numel\": 16777216, \"shape\": [1, 2, 32, 64, 64, 64], \"stride\": [16777216, 8388608, 262144, 4096, 64, 1]}, \"heatmap0\": {\"device\": \"cuda:0\", \"dtype\": \"torch.float32\", \"numel\": 262144, \"shape\": [1, 1, 64, 64, 64], \"stride\": [262144, 262144, 4096, 64, 1]}, \"input\": {\"device\": \"cuda:0\", \"dtype\": \"torch.float32\", \"numel\": 524288, \"shape\": [1, 2, 64, 64, 64], \"stride\": [524288, 262144, 4096, 64, 1]}, \"pass\": 4, \"role\": \"secondary\"}, {\"feature\": {\"device\": \"cuda:0\", \"dtype\": \"torch.float32\", \"numel\": 16777216, \"shape\": [1, 2, 32, 64, 64, 64], \"stride\": [16777216, 8388608, 262144, 4096, 64, 1]}, \"heatmap0\": {\"device\": \"cuda:0\", \"dtype\": \"torch.float32\", \"numel\": 262144, \"shape\": [1, 1, 64, 64, 64], \"stride\": [262144, 262144, 4096, 64, 1]}, \"input\": {\"device\": \"cuda:0\", \"dtype\": \"torch.float32\", \"numel\": 524288, \"shape\": [1, 2, 64, 64, 64], \"stride\": [524288, 262144, 4096, 1, 64]}, \"pass\": 5, \"role\": \"secondary\"}, {\"feature\": {\"device\": \"cuda:0\", \"dtype\": \"torch.float32\", \"numel\": 16777216, \"shape\": [1, 2, 32, 64, 64, 64], \"stride\": [16777216, 8388608, 262144, 4096, 64, 1]}, \"heatmap0\": {\"device\": \"cuda:0\", \"dtype\": \"torch.float32\", \"numel\": 262144, \"shape\": [1, 1, 64, 64, 64], \"stride\": [262144, 262144, 4096, 64, 1]}, \"input\": {\"device\": \"cuda:0\", \"dtype\": \"torch.float32\", \"numel\": 524288, \"shape\": [1, 2, 64, 64, 64], \"stride\": [524288, 262144, 4096, 1, 64]}, \"pass\": 6, \"role\": \"secondary\"}, {\"feature\": {\"device\": \"cuda:0\", \"dtype\": \"torch.float32\", \"numel\": 16777216, \"shape\": [1, 2, 32, 64, 64, 64], \"stride\": [16777216, 8388608, 262144, 4096, 64, 1]}, \"heatmap0\": {\"device\": \"cuda:0\", \"dtype\": \"torch.float32\", \"numel\": 262144, \"shape\": [1, 1, 64, 64, 64], \"stride\": [262144, 262144, 4096, 64, 1]}, \"input\": {\"device\": \"cuda:0\", \"dtype\": \"torch.float32\", \"numel\": 524288, \"shape\": [1, 2, 64, 64, 64], \"stride\": [524288, 262144, 4096, 1, 64]}, \"pass\": 7, \"role\": \"secondary\"}, {\"feature\": {\"device\": \"cuda:0\", \"dtype\": \"torch.float32\", \"numel\": 16777216, \"shape\": [1, 2, 32, 64, 64, 64], \"stride\": [16777216, 8388608, 262144, 4096, 64, 1]}, \"heatmap0\": {\"device\": \"cuda:0\", \"dtype\": \"torch.float32\", \"numel\": 262144, \"shape\": [1, 1, 64, 64, 64], \"stride\": [262144, 262144, 4096, 64, 1]}, \"input\": {\"device\": \"cuda:0\", \"dtype\": \"torch.float32\", \"numel\": 524288, \"shape\": [1, 2, 64, 64, 64], \"stride\": [524288, 262144, 4096, 64, 1]}, \"pass\": 8, \"role\": \"secondary\"}], \"event\": \"actual_predictor_window\", \"frames\": [0, 1], \"input\": {\"all_finite\": true, \"device\": \"cuda:0\", \"dtype\": \"torch.float32\", \"numel\": 524288, \"shape\": [1, 2, 64, 64, 64], \"stride\": [524288, 262144, 4096, 64, 1]}, \"input_parent\": \"/kaggle/input/competitions/biohub-cell-tracking-during-development/train\", \"seconds_including_common_audit\": 2.205134560999795, \"window_index\": 1, \"worker_execution_settings\": {\"autocast_enabled\": false, \"cuda_runtime\": \"12.8\", \"cudnn_allow_tf32\": true, \"cudnn_benchmark\": false, \"cudnn_deterministic\": false, \"default_dtype\": \"torch.float32\", \"deterministic_algorithms\": false, \"float32_matmul_precision\": \"highest\", \"gpu_name\": \"Tesla T4\", \"grad_enabled\": false, \"matmul_allow_tf32\": false, \"torch_initial_seed\": 16300768204951508060, \"torch_version\": \"2.10.0+cu128\"}}\n"}
,{"stream_name":"stdout","time":2354.972185202,"data":"EDGE_TTA_ACTIVE views= 8 mean_abs_feat_delta= 0.283345\n"}
,{"stream_name":"stdout","time":2355.055525545,"data":"EDGE_TTA_ACTIVE views= 8 mean_abs_feat_delta= 0.338746\n"}
,{"stream_name":"stdout","time":2355.175030518,"data":"EDGE_TTA_ACTIVE views= 8 mean_abs_feat_delta= 0.283345\n"}
,{"stream_name":"stdout","time":2355.175065019,"data":"EDGE_TTA_ACTIVE views= 8 mean_abs_feat_delta= 0.338746\n"}
,{"stream_name":"stdout","time":2357.233486353,"data":"EDGE_TTA_ACTIVE views= 8 mean_abs_feat_delta= 0.282739\n"}
,{"stream_name":"stdout","time":2357.251785295,"data":"EDGE_TTA_ACTIVE views= 8 mean_abs_feat_delta= 0.340952\n"}
,{"stream_name":"stdout","time":2357.436052101,"data":"EDGE_TTA_ACTIVE views= 8 mean_abs_feat_delta= 0.282739\n"}
,{"stream_name":"stdout","time":2357.4361082,"data":"EDGE_TTA_ACTIVE views= 8 mean_abs_feat_delta= 0.340952\n"}
,{"stream_name":"stdout","time":2359.426295803,"data":"EDGE_TTA_ACTIVE views= 8 mean_abs_feat_delta= 0.342027\n"}
,{"stream_name":"stdout","time":2359.459914053,"data":"EDGE_TTA_ACTIVE views= 8 mean_abs_feat_delta= 0.280872\n"}
,{"stream_name":"stdout","time":2359.6289386,"data":"EDGE_TTA_ACTIVE views= 8 mean_abs_feat_delta= 0.342027\n"}
,{"stream_name":"stdout","time":2359.628976773,"data":"EDGE_TTA_ACTIVE views= 8 mean_abs_feat_delta= 0.280872\n"}
,{"stream_name":"stdout","time":2361.62063697,"data":"EDGE_TTA_ACTIVE views= 8 mean_abs_feat_delta= 0.339705\n"}
,{"stream_name":"stdout","time":2361.697277458,"data":"EDGE_TTA_ACTIVE views= 8 mean_abs_feat_delta= 0.281118\n"}
,{"stream_name":"stdout","time":2361.823012564,"data":"EDGE_TTA_ACTIVE views= 8 mean_abs_feat_delta= 0.339705\n"}
,{"stream_name":"stdout","time":2361.823053891,"data":"EDGE_TTA_ACTIVE views= 8 mean_abs_feat_delta= 0.281118\n"}
,{"stream_name":"stdout","time":2363.809837397,"data":"EDGE_TTA_ACTIVE views= 8 mean_abs_feat_delta= 0.340104\n"}
,{"stream_name":"stdout","time":2363.950309672,"data":"EDGE_TTA_ACTIVE views= 8 mean_abs_feat_delta= 0.281355\n"}
,{"stream_name":"stdout","time":2364.012410438,"data":"EDGE_TTA_ACTIVE views= 8 mean_abs_feat_delta= 0.340104\n"}
,{"stream_name":"stdout","time":2364.012435739,"data":"EDGE_TTA_ACTIVE views= 8 mean_abs_feat_delta= 0.281355\n"}
,{"stream_name":"stdout","time":2366.011344974,"data":"EDGE_TTA_ACTIVE views= 8 mean_abs_feat_delta= 0.339763\n"}
,{"stream_name":"stdout","time":2366.19233253,"data":"EDGE_TTA_ACTIVE views= 8 mean_abs_feat_delta= 0.279058\n"}
,{"stream_name":"stdout","time":2366.213998371,"data":"EDGE_TTA_ACTIVE views= 8 mean_abs_feat_delta= 0.339763\n"}
,{"stream_name":"stdout","time":2366.214022989,"data":"EDGE_TTA_ACTIVE views= 8 mean_abs_feat_delta= 0.279058\n"}
,{"stream_name":"stdout","time":2368.208138453,"data":"EDGE_TTA_ACTIVE views= 8 mean_abs_feat_delta= 0.333526\n"}
,{"stream_name":"stdout","time":2368.425367692,"data":"EDGE_TTA_ACTIVE views= 8 mean_abs_feat_delta= 0.271242\n"}
,{"stream_name":"stdout","time":2368.501362583,"data":"EDGE_TTA_ACTIVE views= 8 mean_abs_feat_delta= 0.333526\n"}
,{"stream_name":"stdout","time":2368.627911057,"data":"EDGE_TTA_ACTIVE views= 8 mean_abs_feat_delta= 0.271242\n"}
,{"stream_name":"stdout","time":2370.391689483,"data":"EDGE_TTA_ACTIVE views= 8 mean_abs_feat_delta= 0.336952\n"}
,{"stream_name":"stdout","time":2370.594285645,"data":"EDGE_TTA_ACTIVE views= 8 mean_abs_feat_delta= 0.336952\n"}
,{"stream_name":"stdout","time":2370.674704956,"data":"EDGE_TTA_ACTIVE views= 8 mean_abs_feat_delta= 0.278583\n"}
,{"stream_name":"stdout","time":2370.877512529,"data":"EDGE_TTA_ACTIVE views= 8 mean_abs_feat_delta= 0.278583\n"}
,{"stream_name":"stdout","time":2372.585225891,"data":"EDGE_TTA_ACTIVE views= 8 mean_abs_feat_delta= 0.345093\n"}
,{"stream_name":"stdout","time":2372.787993566,"data":"EDGE_TTA_ACTIVE views= 8 mean_abs_feat_delta= 0.345093\n"}
,{"stream_name":"stdout","time":2372.957082802,"data":"EDGE_TTA_ACTIVE views= 8 mean_abs_feat_delta= 0.280712\n"}
,{"stream_name":"stdout","time":2373.159533555,"data":"EDGE_TTA_ACTIVE views= 8 mean_abs_feat_delta= 0.280712\n"}
,{"stream_name":"stdout","time":2374.797984358,"data":"EDGE_TTA_ACTIVE views= 8 mean_abs_feat_delta= 0.34152\n"}
,{"stream_name":"stdout","time":2375.000368077,"data":"EDGE_TTA_ACTIVE views= 8 mean_abs_feat_delta= 0.34152\n"}
,{"stream_name":"stdout","time":2375.233009945,"data":"EDGE_TTA_ACTIVE views= 8 mean_abs_feat_delta= 0.281412\n"}
,{"stream_name":"stdout","time":2375.435651969,"data":"EDGE_TTA_ACTIVE views= 8 mean_abs_feat_delta= 0.281412\n"}
,{"stream_name":"stdout","time":2377.007262799,"data":"EDGE_TTA_ACTIVE views= 8 mean_abs_feat_delta= 0.341151\n"}
,{"stream_name":"stdout","time":2377.210252116,"data":"EDGE_TTA_ACTIVE views= 8 mean_abs_feat_delta= 0.341151\n"}
,{"stream_name":"stdout","time":2377.49990499,"data":"EDGE_TTA_ACTIVE views= 8 mean_abs_feat_delta= 0.283284\n"}
,{"stream_name":"stdout","time":2377.702726279,"data":"EDGE_TTA_ACTIVE views= 8 mean_abs_feat_delta= 0.283284\n"}
,{"stream_name":"stdout","time":2379.21515222,"data":"EDGE_TTA_ACTIVE views= 8 mean_abs_feat_delta= 0.34019\n"}
,{"stream_name":"stdout","time":2379.417739217,"data":"EDGE_TTA_ACTIVE views= 8 mean_abs_feat_delta= 0.34019\n"}
,{"stream_name":"stdout","time":2379.786787916,"data":"EDGE_TTA_ACTIVE views= 8 mean_abs_feat_delta= 0.285807\n"}
,{"stream_name":"stdout","time":2379.99014026,"data":"EDGE_TTA_ACTIVE views= 8 mean_abs_feat_delta= 0.285807\n"}
,{"stream_name":"stdout","time":2381.441697707,"data":"EDGE_TTA_ACTIVE views= 8 mean_abs_feat_delta= 0.344388\n"}
,{"stream_name":"stdout","time":2381.64464247,"data":"EDGE_TTA_ACTIVE views= 8 mean_abs_feat_delta= 0.344388\n"}
,{"stream_name":"stdout","time":2382.061808244,"data":"EDGE_TTA_ACTIVE views= 8 mean_abs_feat_delta= 0.284166\n"}
,{"stream_name":"stdout","time":2382.264341097,"data":"EDGE_TTA_ACTIVE views= 8 mean_abs_feat_delta= 0.284166\n"}
,{"stream_name":"stdout","time":2383.657342132,"data":"EDGE_TTA_ACTIVE views= 8 mean_abs_feat_delta= 0.343422\n"}
,{"stream_name":"stdout","time":2383.86002188,"data":"EDGE_TTA_ACTIVE views= 8 mean_abs_feat_delta= 0.343422\n"}
,{"stream_name":"stdout","time":2384.332395254,"data":"EDGE_TTA_ACTIVE views= 8 mean_abs_feat_delta= 0.284946\n"}
,{"stream_name":"stdout","time":2384.534933489,"data":"EDGE_TTA_ACTIVE views= 8 mean_abs_feat_delta= 0.284946\n"}
,{"stream_name":"stdout","time":2385.877659758,"data":"EDGE_TTA_ACTIVE views= 8 mean_abs_feat_delta= 0.340401\n"}
,{"stream_name":"stdout","time":2386.080191378,"data":"EDGE_TTA_ACTIVE views= 8 mean_abs_feat_delta= 0.340401\n"}
,{"stream_name":"stdout","time":2386.608884092,"data":"EDGE_TTA_ACTIVE views= 8 mean_abs_feat_delta= 0.277939\n"}
,{"stream_name":"stdout","time":2386.811647854,"data":"EDGE_TTA_ACTIVE views= 8 mean_abs_feat_delta= 0.277939\n"}
,{"stream_name":"stdout","time":2388.100076927,"data":"EDGE_TTA_ACTIVE views= 8 mean_abs_feat_delta= 0.339951\n"}
,{"stream_name":"stdout","time":2388.302832206,"data":"EDGE_TTA_ACTIVE views= 8 mean_abs_feat_delta= 0.339951\n"}
,{"stream_name":"stdout","time":2388.881444163,"data":"EDGE_TTA_ACTIVE views= 8 mean_abs_feat_delta= 0.282273\n"}
,{"stream_name":"stdout","time":2389.083842481,"data":"EDGE_TTA_ACTIVE views= 8 mean_abs_feat_delta= 0.282273\n"}
,{"stream_name":"stdout","time":2390.321907569,"data":"EDGE_TTA_ACTIVE views= 8 mean_abs_feat_delta= 0.34749\n"}
,{"stream_name":"stdout","time":2390.52453817,"data":"EDGE_TTA_ACTIVE views= 8 mean_abs_feat_delta= 0.34749\n"}
,{"stream_name":"stdout","time":2391.147045438,"data":"EDGE_TTA_ACTIVE views= 8 mean_abs_feat_delta= 0.284153\n"}
,{"stream_name":"stdout","time":2391.349737964,"data":"EDGE_TTA_ACTIVE views= 8 mean_abs_feat_delta= 0.284153\n"}
,{"stream_name":"stdout","time":2392.545281748,"data":"EDGE_TTA_ACTIVE views= 8 mean_abs_feat_delta= 0.348728\n"}
,{"stream_name":"stdout","time":2392.747973613,"data":"EDGE_TTA_ACTIVE views= 8 mean_abs_feat_delta= 0.348728\n"}
,{"stream_name":"stdout","time":2393.431065667,"data":"EDGE_TTA_ACTIVE views= 8 mean_abs_feat_delta= 0.284297\n"}
,{"stream_name":"stdout","time":2393.634171466,"data":"EDGE_TTA_ACTIVE views= 8 mean_abs_feat_delta= 0.284297\n"}
,{"stream_name":"stdout","time":2394.765740037,"data":"EDGE_TTA_ACTIVE views= 8 mean_abs_feat_delta= 0.348915\n"}
,{"stream_name":"stdout","time":2394.968246908,"data":"EDGE_TTA_ACTIVE views= 8 mean_abs_feat_delta= 0.348915\n"}
,{"stream_name":"stdout","time":2395.701179417,"data":"EDGE_TTA_ACTIVE views= 8 mean_abs_feat_delta= 0.276563\n"}
,{"stream_name":"stdout","time":2395.903553209,"data":"EDGE_TTA_ACTIVE views= 8 mean_abs_feat_delta= 0.276563\n"}
,{"stream_name":"stdout","time":2397.004981882,"data":"EDGE_TTA_ACTIVE views= 8 mean_abs_feat_delta= 0.34756\n"}
,{"stream_name":"stdout","time":2397.207623666,"data":"EDGE_TTA_ACTIVE views= 8 mean_abs_feat_delta= 0.34756\n"}
,{"stream_name":"stdout","time":2397.985493307,"data":"EDGE_TTA_ACTIVE views= 8 mean_abs_feat_delta= 0.277027\n"}
,{"stream_name":"stdout","time":2398.188975811,"data":"EDGE_TTA_ACTIVE views= 8 mean_abs_feat_delta= 0.277027\n"}
,{"stream_name":"stdout","time":2399.225645478,"data":"EDGE_TTA_ACTIVE views= 8 mean_abs_feat_delta= 0.341564\n"}
,{"stream_name":"stdout","time":2399.521937948,"data":"EDGE_TTA_ACTIVE views= 8 mean_abs_feat_delta= 0.341564\n"}
,{"stream_name":"stdout","time":2400.258546047,"data":"EDGE_TTA_ACTIVE views= 8 mean_abs_feat_delta= 0.279545\n"}
,{"stream_name":"stdout","time":2400.461269377,"data":"EDGE_TTA_ACTIVE views= 8 mean_abs_feat_delta= 0.279545\n"}
,{"stream_name":"stdout","time":2401.437491302,"data":"EDGE_TTA_ACTIVE views= 8 mean_abs_feat_delta= 0.339453\n"}
,{"stream_name":"stdout","time":2401.64099327,"data":"EDGE_TTA_ACTIVE views= 8 mean_abs_feat_delta= 0.339453\n"}
,{"stream_name":"stdout","time":2402.521158696,"data":"EDGE_TTA_ACTIVE views= 8 mean_abs_feat_delta= 0.281065\n"}
,{"stream_name":"stdout","time":2402.724244657,"data":"EDGE_TTA_ACTIVE views= 8 mean_abs_feat_delta= 0.281065\n"}
,{"stream_name":"stdout","time":2403.658128728,"data":"EDGE_TTA_ACTIVE views= 8 mean_abs_feat_delta= 0.34454\n"}
,{"stream_name":"stdout","time":2403.860837782,"data":"EDGE_TTA_ACTIVE views= 8 mean_abs_feat_delta= 0.34454\n"}
,{"stream_name":"stdout","time":2404.780667807,"data":"EDGE_TTA_ACTIVE views= 8 mean_abs_feat_delta= 0.285064\n"}
,{"stream_name":"stdout","time":2404.983132328,"data":"EDGE_TTA_ACTIVE views= 8 mean_abs_feat_delta= 0.285064\n"}
,{"stream_name":"stdout","time":2405.8731072,"data":"EDGE_TTA_ACTIVE views= 8 mean_abs_feat_delta= 0.34235\n"}
,{"stream_name":"stdout","time":2406.080010948,"data":"EDGE_TTA_ACTIVE views= 8 mean_abs_feat_delta= 0.34235\n"}
,{"stream_name":"stdout","time":2407.06098998,"data":"EDGE_TTA_ACTIVE views= 8 mean_abs_feat_delta= 0.284192\n"}
,{"stream_name":"stdout","time":2407.263004083,"data":"EDGE_TTA_ACTIVE views= 8 mean_abs_feat_delta= 0.284192\n"}
,{"stream_name":"stdout","time":2408.08259328,"data":"EDGE_TTA_ACTIVE views= 8 mean_abs_feat_delta= 0.339835\n"}
,{"stream_name":"stdout","time":2408.285165759,"data":"EDGE_TTA_ACTIVE views= 8 mean_abs_feat_delta= 0.339835\n"}
,{"stream_name":"stdout","time":2409.336419266,"data":"EDGE_TTA_ACTIVE views= 8 mean_abs_feat_delta= 0.28167\n"}
,{"stream_name":"stdout","time":2409.538857663,"data":"EDGE_TTA_ACTIVE views= 8 mean_abs_feat_delta= 0.28167\n"}
,{"stream_name":"stdout","time":2410.315479407,"data":"EDGE_TTA_ACTIVE views= 8 mean_abs_feat_delta= 0.343666\n"}
,{"stream_name":"stdout","time":2410.517605806,"data":"EDGE_TTA_ACTIVE views= 8 mean_abs_feat_delta= 0.343666\n"}
,{"stream_name":"stdout","time":2411.600469621,"data":"EDGE_TTA_ACTIVE views= 8 mean_abs_feat_delta= 0.28237\n"}
,{"stream_name":"stdout","time":2411.803192693,"data":"EDGE_TTA_ACTIVE views= 8 mean_abs_feat_delta= 0.28237\n"}
,{"stream_name":"stdout","time":2412.526111075,"data":"EDGE_TTA_ACTIVE views= 8 mean_abs_feat_delta= 0.345266\n"}
,{"stream_name":"stdout","time":2412.728472659,"data":"EDGE_TTA_ACTIVE views= 8 mean_abs_feat_delta= 0.345266\n"}
,{"stream_name":"stdout","time":2413.863315128,"data":"EDGE_TTA_ACTIVE views= 8 mean_abs_feat_delta= 0.282802\n"}
,{"stream_name":"stdout","time":2414.066007553,"data":"EDGE_TTA_ACTIVE views= 8 mean_abs_feat_delta= 0.282802\n"}
,{"stream_name":"stdout","time":2414.736372581,"data":"EDGE_TTA_ACTIVE views= 8 mean_abs_feat_delta= 0.347232\n"}
,{"stream_name":"stdout","time":2414.939002699,"data":"EDGE_TTA_ACTIVE views= 8 mean_abs_feat_delta= 0.347232\n"}
,{"stream_name":"stdout","time":2416.138727453,"data":"EDGE_TTA_ACTIVE views= 8 mean_abs_feat_delta= 0.285432\n"}
,{"stream_name":"stdout","time":2416.341431717,"data":"EDGE_TTA_ACTIVE views= 8 mean_abs_feat_delta= 0.285432\n"}
,{"stream_name":"stdout","time":2416.928857622,"data":"EDGE_TTA_ACTIVE views= 8 mean_abs_feat_delta= 0.344073\n"}
,{"stream_name":"stdout","time":2417.131812189,"data":"EDGE_TTA_ACTIVE views= 8 mean_abs_feat_delta= 0.344073\n"}
,{"stream_name":"stdout","time":2418.396277971,"data":"EDGE_TTA_ACTIVE views= 8 mean_abs_feat_delta= 0.281029\n"}
,{"stream_name":"stdout","time":2418.598442793,"data":"EDGE_TTA_ACTIVE views= 8 mean_abs_feat_delta= 0.281029\n"}
,{"stream_name":"stdout","time":2419.130670375,"data":"EDGE_TTA_ACTIVE views= 8 mean_abs_feat_delta= 0.342224\n"}
,{"stream_name":"stdout","time":2419.333571376,"data":"EDGE_TTA_ACTIVE views= 8 mean_abs_feat_delta= 0.342224\n"}
,{"stream_name":"stdout","time":2420.665986822,"data":"EDGE_TTA_ACTIVE views= 8 mean_abs_feat_delta= 0.272919\n"}
,{"stream_name":"stdout","time":2420.868193061,"data":"EDGE_TTA_ACTIVE views= 8 mean_abs_feat_delta= 0.272919\n"}
,{"stream_name":"stdout","time":2421.337714731,"data":"EDGE_TTA_ACTIVE views= 8 mean_abs_feat_delta= 0.340766\n"}
,{"stream_name":"stdout","time":2421.540095488,"data":"EDGE_TTA_ACTIVE views= 8 mean_abs_feat_delta= 0.340766\n"}
,{"stream_name":"stdout","time":2422.924213006,"data":"EDGE_TTA_ACTIVE views= 8 mean_abs_feat_delta= 0.279365\n"}
,{"stream_name":"stdout","time":2423.126661836,"data":"EDGE_TTA_ACTIVE views= 8 mean_abs_feat_delta= 0.279365\n"}
,{"stream_name":"stdout","time":2423.526131891,"data":"EDGE_TTA_ACTIVE views= 8 mean_abs_feat_delta= 0.342603\n"}
,{"stream_name":"stdout","time":2423.72877577,"data":"EDGE_TTA_ACTIVE views= 8 mean_abs_feat_delta= 0.342603\n"}
,{"stream_name":"stdout","time":2425.181131427,"data":"EDGE_TTA_ACTIVE views= 8 mean_abs_feat_delta= 0.282084\n"}
,{"stream_name":"stdout","time":2425.383408547,"data":"EDGE_TTA_ACTIVE views= 8 mean_abs_feat_delta= 0.282084\n"}
,{"stream_name":"stdout","time":2425.728387855,"data":"EDGE_TTA_ACTIVE views= 8 mean_abs_feat_delta= 0.341082\n"}
,{"stream_name":"stdout","time":2425.930963469,"data":"EDGE_TTA_ACTIVE views= 8 mean_abs_feat_delta= 0.341082\n"}
,{"stream_name":"stdout","time":2427.439921609,"data":"EDGE_TTA_ACTIVE views= 8 mean_abs_feat_delta= 0.283885\n"}
,{"stream_name":"stdout","time":2427.642296461,"data":"EDGE_TTA_ACTIVE views= 8 mean_abs_feat_delta= 0.283885\n"}
,{"stream_name":"stdout","time":2427.919704974,"data":"EDGE_TTA_ACTIVE views= 8 mean_abs_feat_delta= 0.342531\n"}
,{"stream_name":"stdout","time":2428.122485483,"data":"EDGE_TTA_ACTIVE views= 8 mean_abs_feat_delta= 0.342531\n"}
,{"stream_name":"stdout","time":2429.699732728,"data":"EDGE_TTA_ACTIVE views= 8 mean_abs_feat_delta= 0.284012\n"}
,{"stream_name":"stdout","time":2429.996779406,"data":"EDGE_TTA_ACTIVE views= 8 mean_abs_feat_delta= 0.284012\n"}
,{"stream_name":"stdout","time":2430.103019187,"data":"EDGE_TTA_ACTIVE views= 8 mean_abs_feat_delta= 0.338261\n"}
,{"stream_name":"stdout","time":2430.305729384,"data":"EDGE_TTA_ACTIVE views= 8 mean_abs_feat_delta= 0.338261\n"}
,{"stream_name":"stdout","time":2431.942712738,"data":"EDGE_TTA_ACTIVE views= 8 mean_abs_feat_delta= 0.28661\n"}
,{"stream_name":"stdout","time":2432.145272294,"data":"EDGE_TTA_ACTIVE views= 8 mean_abs_feat_delta= 0.28661\n"}
,{"stream_name":"stdout","time":2432.29220606,"data":"EDGE_TTA_ACTIVE views= 8 mean_abs_feat_delta= 0.331504\n"}
,{"stream_name":"stdout","time":2432.494619984,"data":"EDGE_TTA_ACTIVE views= 8 mean_abs_feat_delta= 0.331504\n"}
,{"stream_name":"stdout","time":2434.190349048,"data":"EDGE_TTA_ACTIVE views= 8 mean_abs_feat_delta= 0.287228\n"}
,{"stream_name":"stdout","time":2434.393080264,"data":"EDGE_TTA_ACTIVE views= 8 mean_abs_feat_delta= 0.287228\n"}
,{"stream_name":"stdout","time":2434.476641878,"data":"EDGE_TTA_ACTIVE views= 8 mean_abs_feat_delta= 0.331413\n"}
,{"stream_name":"stdout","time":2434.679255143,"data":"EDGE_TTA_ACTIVE views= 8 mean_abs_feat_delta= 0.331413\n"}
,{"stream_name":"stdout","time":2436.437435614,"data":"EDGE_TTA_ACTIVE views= 8 mean_abs_feat_delta= 0.285405\n"}
,{"stream_name":"stdout","time":2436.6398919,"data":"EDGE_TTA_ACTIVE views= 8 mean_abs_feat_delta= 0.285405\n"}
,{"stream_name":"stdout","time":2436.662547267,"data":"EDGE_TTA_ACTIVE views= 8 mean_abs_feat_delta= 0.329218\n"}
,{"stream_name":"stdout","time":2436.864940381,"data":"EDGE_TTA_ACTIVE views= 8 mean_abs_feat_delta= 0.329218\n"}
,{"stream_name":"stdout","time":2438.687040965,"data":"EDGE_TTA_ACTIVE views= 8 mean_abs_feat_delta= 0.28492\n"}
,{"stream_name":"stdout","time":2438.835650866,"data":"EDGE_TTA_ACTIVE views= 8 mean_abs_feat_delta= 0.328908\n"}
,{"stream_name":"stdout","time":2438.889662164,"data":"EDGE_TTA_ACTIVE views= 8 mean_abs_feat_delta= 0.28492\n"}
,{"stream_name":"stdout","time":2438.889726422,"data":"EDGE_TTA_ACTIVE views= 8 mean_abs_feat_delta= 0.328908\n"}
,{"stream_name":"stdout","time":2440.957313049,"data":"EDGE_TTA_ACTIVE views= 8 mean_abs_feat_delta= 0.283264\n"}
,{"stream_name":"stdout","time":2441.017032761,"data":"EDGE_TTA_ACTIVE views= 8 mean_abs_feat_delta= 0.327794\n"}
,{"stream_name":"stdout","time":2441.160646694,"data":"EDGE_TTA_ACTIVE views= 8 mean_abs_feat_delta= 0.283264\n"}
,{"stream_name":"stdout","time":2441.160692086,"data":"EDGE_TTA_ACTIVE views= 8 mean_abs_feat_delta= 0.327794\n"}
,{"stream_name":"stdout","time":2443.204402349,"data":"EDGE_TTA_ACTIVE views= 8 mean_abs_feat_delta= 0.283715\n"}
,{"stream_name":"stdout","time":2443.20830085,"data":"EDGE_TTA_ACTIVE views= 8 mean_abs_feat_delta= 0.325619\n"}
,{"stream_name":"stdout","time":2443.407316465,"data":"EDGE_TTA_ACTIVE views= 8 mean_abs_feat_delta= 0.283715\n"}
,{"stream_name":"stdout","time":2443.40735583,"data":"EDGE_TTA_ACTIVE views= 8 mean_abs_feat_delta= 0.325619\n"}
,{"stream_name":"stdout","time":2445.381127289,"data":"EDGE_TTA_ACTIVE views= 8 mean_abs_feat_delta= 0.326224\n"}
,{"stream_name":"stdout","time":2445.45368193,"data":"EDGE_TTA_ACTIVE views= 8 mean_abs_feat_delta= 0.283294\n"}
,{"stream_name":"stdout","time":2445.583959693,"data":"EDGE_TTA_ACTIVE views= 8 mean_abs_feat_delta= 0.326224\n"}
,{"stream_name":"stdout","time":2445.584016661,"data":"EDGE_TTA_ACTIVE views= 8 mean_abs_feat_delta= 0.283294\n"}
,{"stream_name":"stdout","time":2447.5680873,"data":"EDGE_TTA_ACTIVE views= 8 mean_abs_feat_delta= 0.321245\n"}
,{"stream_name":"stdout","time":2447.721834369,"data":"EDGE_TTA_ACTIVE views= 8 mean_abs_feat_delta= 0.286449\n"}
,{"stream_name":"stdout","time":2447.77065603,"data":"EDGE_TTA_ACTIVE views= 8 mean_abs_feat_delta= 0.321245\n"}
,{"stream_name":"stdout","time":2447.770682949,"data":"EDGE_TTA_ACTIVE views= 8 mean_abs_feat_delta= 0.286449\n"}
,{"stream_name":"stdout","time":2449.759362277,"data":"EDGE_TTA_ACTIVE views= 8 mean_abs_feat_delta= 0.319781\n"}
,{"stream_name":"stdout","time":2449.962042963,"data":"EDGE_TTA_ACTIVE views= 8 mean_abs_feat_delta= 0.319781\n"}
,{"stream_name":"stdout","time":2449.968376737,"data":"EDGE_TTA_ACTIVE views= 8 mean_abs_feat_delta= 0.290051\n"}
,{"stream_name":"stdout","time":2450.171029304,"data":"EDGE_TTA_ACTIVE views= 8 mean_abs_feat_delta= 0.290051\n"}
,{"stream_name":"stdout","time":2451.947020061,"data":"EDGE_TTA_ACTIVE views= 8 mean_abs_feat_delta= 0.322829\n"}
,{"stream_name":"stdout","time":2452.149449125,"data":"EDGE_TTA_ACTIVE views= 8 mean_abs_feat_delta= 0.322829\n"}
,{"stream_name":"stdout","time":2452.224300553,"data":"EDGE_TTA_ACTIVE views= 8 mean_abs_feat_delta= 0.289497\n"}
,{"stream_name":"stdout","time":2452.426921486,"data":"EDGE_TTA_ACTIVE views= 8 mean_abs_feat_delta= 0.289497\n"}
,{"stream_name":"stdout","time":2454.127551382,"data":"EDGE_TTA_ACTIVE views= 8 mean_abs_feat_delta= 0.326443\n"}
,{"stream_name":"stdout","time":2454.33007193,"data":"EDGE_TTA_ACTIVE views= 8 mean_abs_feat_delta= 0.326443\n"}
,{"stream_name":"stdout","time":2454.480511558,"data":"EDGE_TTA_ACTIVE views= 8 mean_abs_feat_delta= 0.282987\n"}
,{"stream_name":"stdout","time":2454.682825529,"data":"EDGE_TTA_ACTIVE views= 8 mean_abs_feat_delta= 0.282987\n"}
,{"stream_name":"stdout","time":2456.318233882,"data":"EDGE_TTA_ACTIVE views= 8 mean_abs_feat_delta= 0.326852\n"}
,{"stream_name":"stdout","time":2456.520594364,"data":"EDGE_TTA_ACTIVE views= 8 mean_abs_feat_delta= 0.326852\n"}
,{"stream_name":"stdout","time":2456.72185488,"data":"EDGE_TTA_ACTIVE views= 8 mean_abs_feat_delta= 0.285694\n"}
,{"stream_name":"stdout","time":2456.924314558,"data":"EDGE_TTA_ACTIVE views= 8 mean_abs_feat_delta= 0.285694\n"}
,{"stream_name":"stdout","time":2458.506313704,"data":"EDGE_TTA_ACTIVE views= 8 mean_abs_feat_delta= 0.329914\n"}
,{"stream_name":"stdout","time":2458.708966054,"data":"EDGE_TTA_ACTIVE views= 8 mean_abs_feat_delta= 0.329914\n"}
,{"stream_name":"stdout","time":2458.973853699,"data":"EDGE_TTA_ACTIVE views= 8 mean_abs_feat_delta= 0.282414\n"}
,{"stream_name":"stdout","time":2459.176457056,"data":"EDGE_TTA_ACTIVE views= 8 mean_abs_feat_delta= 0.282414\n"}
,{"stream_name":"stdout","time":2460.691066993,"data":"EDGE_TTA_ACTIVE views= 8 mean_abs_feat_delta= 0.3332\n"}
,{"stream_name":"stdout","time":2460.9947495,"data":"EDGE_TTA_ACTIVE views= 8 mean_abs_feat_delta= 0.3332\n"}
,{"stream_name":"stdout","time":2461.225919726,"data":"EDGE_TTA_ACTIVE views= 8 mean_abs_feat_delta= 0.285759\n"}
,{"stream_name":"stdout","time":2461.428276458,"data":"EDGE_TTA_ACTIVE views= 8 mean_abs_feat_delta= 0.285759\n"}
,{"stream_name":"stdout","time":2462.896438494,"data":"EDGE_TTA_ACTIVE views= 8 mean_abs_feat_delta= 0.326396\n"}
,{"stream_name":"stdout","time":2463.099197061,"data":"EDGE_TTA_ACTIVE views= 8 mean_abs_feat_delta= 0.326396\n"}
,{"stream_name":"stdout","time":2463.511939941,"data":"EDGE_TTA_ACTIVE views= 8 mean_abs_feat_delta= 0.283365\n"}
,{"stream_name":"stdout","time":2463.714652281,"data":"EDGE_TTA_ACTIVE views= 8 mean_abs_feat_delta= 0.283365\n"}
,{"stream_name":"stdout","time":2465.082733135,"data":"EDGE_TTA_ACTIVE views= 8 mean_abs_feat_delta= 0.327676\n"}
,{"stream_name":"stdout","time":2465.284977226,"data":"EDGE_TTA_ACTIVE views= 8 mean_abs_feat_delta= 0.327676\n"}
,{"stream_name":"stdout","time":2465.762614204,"data":"EDGE_TTA_ACTIVE views= 8 mean_abs_feat_delta= 0.283423\n"}
,{"stream_name":"stdout","time":2465.965197897,"data":"EDGE_TTA_ACTIVE views= 8 mean_abs_feat_delta= 0.283423\n"}
,{"stream_name":"stdout","time":2467.270252767,"data":"EDGE_TTA_ACTIVE views= 8 mean_abs_feat_delta= 0.330541\n"}
,{"stream_name":"stdout","time":2467.47276349,"data":"EDGE_TTA_ACTIVE views= 8 mean_abs_feat_delta= 0.330541\n"}
,{"stream_name":"stdout","time":2468.046971445,"data":"EDGE_TTA_ACTIVE views= 8 mean_abs_feat_delta= 0.280705\n"}
,{"stream_name":"stdout","time":2468.249474676,"data":"EDGE_TTA_ACTIVE views= 8 mean_abs_feat_delta= 0.280705\n"}
,{"stream_name":"stdout","time":2469.46954116,"data":"EDGE_TTA_ACTIVE views= 8 mean_abs_feat_delta= 0.335217\n"}
,{"stream_name":"stdout","time":2469.671838658,"data":"EDGE_TTA_ACTIVE views= 8 mean_abs_feat_delta= 0.335217\n"}
,{"stream_name":"stdout","time":2470.309811621,"data":"EDGE_TTA_ACTIVE views= 8 mean_abs_feat_delta= 0.284385\n"}
,{"stream_name":"stdout","time":2470.512481278,"data":"EDGE_TTA_ACTIVE views= 8 mean_abs_feat_delta= 0.284385\n"}
,{"stream_name":"stdout","time":2471.651146736,"data":"EDGE_TTA_ACTIVE views= 8 mean_abs_feat_delta= 0.33513\n"}
,{"stream_name":"stdout","time":2471.853705771,"data":"EDGE_TTA_ACTIVE views= 8 mean_abs_feat_delta= 0.33513\n"}
,{"stream_name":"stdout","time":2472.578480602,"data":"EDGE_TTA_ACTIVE views= 8 mean_abs_feat_delta= 0.285391\n"}
,{"stream_name":"stdout","time":2472.781606376,"data":"EDGE_TTA_ACTIVE views= 8 mean_abs_feat_delta= 0.285391\n"}
,{"stream_name":"stdout","time":2473.841277204,"data":"EDGE_TTA_ACTIVE views= 8 mean_abs_feat_delta= 0.328111\n"}
,{"stream_name":"stdout","time":2474.043981081,"data":"EDGE_TTA_ACTIVE views= 8 mean_abs_feat_delta= 0.328111\n"}
,{"stream_name":"stdout","time":2474.847905716,"data":"EDGE_TTA_ACTIVE views= 8 mean_abs_feat_delta= 0.282606\n"}
,{"stream_name":"stdout","time":2475.050594407,"data":"EDGE_TTA_ACTIVE views= 8 mean_abs_feat_delta= 0.282606\n"}
,{"stream_name":"stdout","time":2476.033946129,"data":"EDGE_TTA_ACTIVE views= 8 mean_abs_feat_delta= 0.326627\n"}
,{"stream_name":"stdout","time":2476.236551576,"data":"EDGE_TTA_ACTIVE views= 8 mean_abs_feat_delta= 0.326627\n"}
,{"stream_name":"stdout","time":2477.12633703,"data":"EDGE_TTA_ACTIVE views= 8 mean_abs_feat_delta= 0.275618\n"}
,{"stream_name":"stdout","time":2477.328715533,"data":"EDGE_TTA_ACTIVE views= 8 mean_abs_feat_delta= 0.275618\n"}
,{"stream_name":"stdout","time":2478.22517207,"data":"EDGE_TTA_ACTIVE views= 8 mean_abs_feat_delta= 0.329018\n"}
,{"stream_name":"stdout","time":2478.427936511,"data":"EDGE_TTA_ACTIVE views= 8 mean_abs_feat_delta= 0.329018\n"}
,{"stream_name":"stdout","time":2479.392152248,"data":"EDGE_TTA_ACTIVE views= 8 mean_abs_feat_delta= 0.28438\n"}
,{"stream_name":"stdout","time":2479.596520963,"data":"EDGE_TTA_ACTIVE views= 8 mean_abs_feat_delta= 0.28438\n"}
,{"stream_name":"stdout","time":2480.417599586,"data":"EDGE_TTA_ACTIVE views= 8 mean_abs_feat_delta= 0.333443\n"}
,{"stream_name":"stdout","time":2480.620791578,"data":"EDGE_TTA_ACTIVE views= 8 mean_abs_feat_delta= 0.333443\n"}
,{"stream_name":"stdout","time":2481.664744365,"data":"EDGE_TTA_ACTIVE views= 8 mean_abs_feat_delta= 0.289699\n"}
,{"stream_name":"stdout","time":2481.867000452,"data":"EDGE_TTA_ACTIVE views= 8 mean_abs_feat_delta= 0.289699\n"}
,{"stream_name":"stdout","time":2482.600360529,"data":"EDGE_TTA_ACTIVE views= 8 mean_abs_feat_delta= 0.336707\n"}
,{"stream_name":"stdout","time":2482.803078124,"data":"EDGE_TTA_ACTIVE views= 8 mean_abs_feat_delta= 0.336707\n"}
,{"stream_name":"stdout","time":2483.93543969,"data":"EDGE_TTA_ACTIVE views= 8 mean_abs_feat_delta= 0.289712\n"}
,{"stream_name":"stdout","time":2484.138178896,"data":"EDGE_TTA_ACTIVE views= 8 mean_abs_feat_delta= 0.289712\n"}
,{"stream_name":"stdout","time":2484.786163371,"data":"EDGE_TTA_ACTIVE views= 8 mean_abs_feat_delta= 0.335779\n"}
,{"stream_name":"stdout","time":2484.989491131,"data":"EDGE_TTA_ACTIVE views= 8 mean_abs_feat_delta= 0.335779\n"}
,{"stream_name":"stdout","time":2486.191897183,"data":"EDGE_TTA_ACTIVE views= 8 mean_abs_feat_delta= 0.28685\n"}
,{"stream_name":"stdout","time":2486.394743181,"data":"EDGE_TTA_ACTIVE views= 8 mean_abs_feat_delta= 0.28685\n"}
,{"stream_name":"stdout","time":2486.980101663,"data":"EDGE_TTA_ACTIVE views= 8 mean_abs_feat_delta= 0.328211\n"}
,{"stream_name":"stdout","time":2487.182806469,"data":"EDGE_TTA_ACTIVE views= 8 mean_abs_feat_delta= 0.328211\n"}
,{"stream_name":"stdout","time":2488.462328532,"data":"EDGE_TTA_ACTIVE views= 8 mean_abs_feat_delta= 0.276535\n"}
,{"stream_name":"stdout","time":2488.665040702,"data":"EDGE_TTA_ACTIVE views= 8 mean_abs_feat_delta= 0.276535\n"}
,{"stream_name":"stdout","time":2489.165082288,"data":"EDGE_TTA_ACTIVE views= 8 mean_abs_feat_delta= 0.323615\n"}
,{"stream_name":"stdout","time":2489.367431699,"data":"EDGE_TTA_ACTIVE views= 8 mean_abs_feat_delta= 0.323615\n"}
,{"stream_name":"stdout","time":2490.727477599,"data":"EDGE_TTA_ACTIVE views= 8 mean_abs_feat_delta= 0.287692\n"}
,{"stream_name":"stdout","time":2490.930131166,"data":"EDGE_TTA_ACTIVE views= 8 mean_abs_feat_delta= 0.287692\n"}
,{"stream_name":"stdout","time":2491.360370669,"data":"EDGE_TTA_ACTIVE views= 8 mean_abs_feat_delta= 0.324693\n"}
,{"stream_name":"stdout","time":2491.65964416,"data":"EDGE_TTA_ACTIVE views= 8 mean_abs_feat_delta= 0.324693\n"}
,{"stream_name":"stdout","time":2493.00323559,"data":"EDGE_TTA_ACTIVE views= 8 mean_abs_feat_delta= 0.280114\n"}
,{"stream_name":"stdout","time":2493.205724276,"data":"EDGE_TTA_ACTIVE views= 8 mean_abs_feat_delta= 0.280114\n"}
,{"stream_name":"stdout","time":2493.550885867,"data":"EDGE_TTA_ACTIVE views= 8 mean_abs_feat_delta= 0.32651\n"}
,{"stream_name":"stdout","time":2493.753652258,"data":"EDGE_TTA_ACTIVE views= 8 mean_abs_feat_delta= 0.32651\n"}
,{"stream_name":"stdout","time":2495.288172019,"data":"EDGE_TTA_ACTIVE views= 8 mean_abs_feat_delta= 0.287119\n"}
,{"stream_name":"stdout","time":2495.490721363,"data":"EDGE_TTA_ACTIVE views= 8 mean_abs_feat_delta= 0.287119\n"}
,{"stream_name":"stdout","time":2495.747167735,"data":"EDGE_TTA_ACTIVE views= 8 mean_abs_feat_delta= 0.328408\n"}
,{"stream_name":"stdout","time":2495.949753484,"data":"EDGE_TTA_ACTIVE views= 8 mean_abs_feat_delta= 0.328408\n"}
,{"stream_name":"stdout","time":2497.552390623,"data":"EDGE_TTA_ACTIVE views= 8 mean_abs_feat_delta= 0.282418\n"}
,{"stream_name":"stdout","time":2497.755274922,"data":"EDGE_TTA_ACTIVE views= 8 mean_abs_feat_delta= 0.282418\n"}
,{"stream_name":"stdout","time":2497.93330719,"data":"EDGE_TTA_ACTIVE views= 8 mean_abs_feat_delta= 0.328975\n"}
,{"stream_name":"stdout","time":2498.135619764,"data":"EDGE_TTA_ACTIVE views= 8 mean_abs_feat_delta= 0.328975\n"}
,{"stream_name":"stdout","time":2499.820969262,"data":"EDGE_TTA_ACTIVE views= 8 mean_abs_feat_delta= 0.275023\n"}
,{"stream_name":"stdout","time":2500.023663909,"data":"EDGE_TTA_ACTIVE views= 8 mean_abs_feat_delta= 0.275023\n"}
,{"stream_name":"stdout","time":2500.122712512,"data":"EDGE_TTA_ACTIVE views= 8 mean_abs_feat_delta= 0.329898\n"}
,{"stream_name":"stdout","time":2500.325461705,"data":"EDGE_TTA_ACTIVE views= 8 mean_abs_feat_delta= 0.329898\n"}
,{"stream_name":"stdout","time":2502.104074761,"data":"EDGE_TTA_ACTIVE views= 8 mean_abs_feat_delta= 0.279236\n"}
,{"stream_name":"stdout","time":2502.305306969,"data":"EDGE_TTA_ACTIVE views= 8 mean_abs_feat_delta= 0.327894\n"}
,{"stream_name":"stdout","time":2502.3072068,"data":"EDGE_TTA_ACTIVE views= 8 mean_abs_feat_delta= 0.279236\n"}
,{"stream_name":"stdout","time":2502.508200118,"data":"EDGE_TTA_ACTIVE views= 8 mean_abs_feat_delta= 0.327894\n"}
,{"stream_name":"stdout","time":2504.363630165,"data":"EDGE_TTA_ACTIVE views= 8 mean_abs_feat_delta= 0.280951\n"}
,{"stream_name":"stdout","time":2504.491634758,"data":"EDGE_TTA_ACTIVE views= 8 mean_abs_feat_delta= 0.327075\n"}
,{"stream_name":"stdout","time":2504.566018681,"data":"EDGE_TTA_ACTIVE views= 8 mean_abs_feat_delta= 0.280951\n"}
,{"stream_name":"stdout","time":2504.566048848,"data":"EDGE_TTA_ACTIVE views= 8 mean_abs_feat_delta= 0.327075\n"}
,{"stream_name":"stdout","time":2506.616375845,"data":"EDGE_TTA_ACTIVE views= 8 mean_abs_feat_delta= 0.282683\n"}
,{"stream_name":"stdout","time":2506.677716359,"data":"EDGE_TTA_ACTIVE views= 8 mean_abs_feat_delta= 0.325235\n"}
,{"stream_name":"stdout","time":2506.81899119,"data":"EDGE_TTA_ACTIVE views= 8 mean_abs_feat_delta= 0.282683\n"}
,{"stream_name":"stdout","time":2506.819025136,"data":"EDGE_TTA_ACTIVE views= 8 mean_abs_feat_delta= 0.325235\n"}
,{"stream_name":"stdout","time":2508.862728555,"data":"EDGE_TTA_ACTIVE views= 8 mean_abs_feat_delta= 0.322041\n"}
,{"stream_name":"stdout","time":2508.887898629,"data":"EDGE_TTA_ACTIVE views= 8 mean_abs_feat_delta= 0.279078\n"}
,{"stream_name":"stdout","time":2509.065631725,"data":"EDGE_TTA_ACTIVE views= 8 mean_abs_feat_delta= 0.322041\n"}
,{"stream_name":"stdout","time":2509.06567585,"data":"EDGE_TTA_ACTIVE views= 8 mean_abs_feat_delta= 0.279078\n"}
,{"stream_name":"stdout","time":2511.047819232,"data":"EDGE_TTA_ACTIVE views= 8 mean_abs_feat_delta= 0.322646\n"}
,{"stream_name":"stdout","time":2511.157755526,"data":"EDGE_TTA_ACTIVE views= 8 mean_abs_feat_delta= 0.283394\n"}
,{"stream_name":"stdout","time":2511.250630743,"data":"EDGE_TTA_ACTIVE views= 8 mean_abs_feat_delta= 0.322646\n"}
,{"stream_name":"stdout","time":2511.250714152,"data":"EDGE_TTA_ACTIVE views= 8 mean_abs_feat_delta= 0.283394\n"}
,{"stream_name":"stdout","time":2513.246326374,"data":"EDGE_TTA_ACTIVE views= 8 mean_abs_feat_delta= 0.321154\n"}
,{"stream_name":"stdout","time":2513.433994644,"data":"EDGE_TTA_ACTIVE views= 8 mean_abs_feat_delta= 0.281801\n"}
,{"stream_name":"stdout","time":2513.448961735,"data":"EDGE_TTA_ACTIVE views= 8 mean_abs_feat_delta= 0.321154\n"}
,{"stream_name":"stdout","time":2513.449095283,"data":"EDGE_TTA_ACTIVE views= 8 mean_abs_feat_delta= 0.281801\n"}
,{"stream_name":"stdout","time":2515.432460254,"data":"EDGE_TTA_ACTIVE views= 8 mean_abs_feat_delta= 0.323674\n"}
,{"stream_name":"stdout","time":2515.635238835,"data":"EDGE_TTA_ACTIVE views= 8 mean_abs_feat_delta= 0.323674\n"}
,{"stream_name":"stdout","time":2515.719591497,"data":"EDGE_TTA_ACTIVE views= 8 mean_abs_feat_delta= 0.283172\n"}
,{"stream_name":"stdout","time":2515.922337668,"data":"EDGE_TTA_ACTIVE views= 8 mean_abs_feat_delta= 0.283172\n"}
,{"stream_name":"stdout","time":2517.625552136,"data":"EDGE_TTA_ACTIVE views= 8 mean_abs_feat_delta= 0.323378\n"}
,{"stream_name":"stdout","time":2517.828234229,"data":"EDGE_TTA_ACTIVE views= 8 mean_abs_feat_delta= 0.323378\n"}
,{"stream_name":"stdout","time":2517.973259962,"data":"EDGE_TTA_ACTIVE views= 8 mean_abs_feat_delta= 0.281577\n"}
,{"stream_name":"stdout","time":2518.175972167,"data":"EDGE_TTA_ACTIVE views= 8 mean_abs_feat_delta= 0.281577\n"}
,{"stream_name":"stdout","time":2519.803603476,"data":"EDGE_TTA_ACTIVE views= 8 mean_abs_feat_delta= 0.321629\n"}
,{"stream_name":"stdout","time":2520.006433804,"data":"EDGE_TTA_ACTIVE views= 8 mean_abs_feat_delta= 0.321629\n"}
,{"stream_name":"stdout","time":2520.23268913,"data":"EDGE_TTA_ACTIVE views= 8 mean_abs_feat_delta= 0.286587\n"}
,{"stream_name":"stdout","time":2520.435002945,"data":"EDGE_TTA_ACTIVE views= 8 mean_abs_feat_delta= 0.286587\n"}
,{"stream_name":"stdout","time":2521.98700879,"data":"EDGE_TTA_ACTIVE views= 8 mean_abs_feat_delta= 0.318921\n"}
,{"stream_name":"stdout","time":2522.287473313,"data":"EDGE_TTA_ACTIVE views= 8 mean_abs_feat_delta= 0.318921\n"}
,{"stream_name":"stdout","time":2522.489451032,"data":"EDGE_TTA_ACTIVE views= 8 mean_abs_feat_delta= 0.290972\n"}
,{"stream_name":"stdout","time":2522.691925728,"data":"EDGE_TTA_ACTIVE views= 8 mean_abs_feat_delta= 0.290972\n"}
,{"stream_name":"stdout","time":2524.184775071,"data":"EDGE_TTA_ACTIVE views= 8 mean_abs_feat_delta= 0.320734\n"}
,{"stream_name":"stdout","time":2524.387181301,"data":"EDGE_TTA_ACTIVE views= 8 mean_abs_feat_delta= 0.320734\n"}
,{"stream_name":"stdout","time":2524.748014118,"data":"EDGE_TTA_ACTIVE views= 8 mean_abs_feat_delta= 0.288332\n"}
,{"stream_name":"stdout","time":2524.951170784,"data":"EDGE_TTA_ACTIVE views= 8 mean_abs_feat_delta= 0.288332\n"}
,{"stream_name":"stdout","time":2526.357776866,"data":"EDGE_TTA_ACTIVE views= 8 mean_abs_feat_delta= 0.323839\n"}
,{"stream_name":"stdout","time":2526.560166678,"data":"EDGE_TTA_ACTIVE views= 8 mean_abs_feat_delta= 0.323839\n"}
,{"stream_name":"stdout","time":2527.005787238,"data":"EDGE_TTA_ACTIVE views= 8 mean_abs_feat_delta= 0.29016\n"}
,{"stream_name":"stdout","time":2527.208453947,"data":"EDGE_TTA_ACTIVE views= 8 mean_abs_feat_delta= 0.29016\n"}
,{"stream_name":"stdout","time":2528.539687275,"data":"EDGE_TTA_ACTIVE views= 8 mean_abs_feat_delta= 0.322788\n"}
,{"stream_name":"stdout","time":2528.742372567,"data":"EDGE_TTA_ACTIVE views= 8 mean_abs_feat_delta= 0.322788\n"}
,{"stream_name":"stdout","time":2529.272081762,"data":"EDGE_TTA_ACTIVE views= 8 mean_abs_feat_delta= 0.292393\n"}
,{"stream_name":"stdout","time":2529.474738329,"data":"EDGE_TTA_ACTIVE views= 8 mean_abs_feat_delta= 0.292393\n"}
,{"stream_name":"stdout","time":2530.716100958,"data":"EDGE_TTA_ACTIVE views= 8 mean_abs_feat_delta= 0.32248\n"}
,{"stream_name":"stdout","time":2530.918771465,"data":"EDGE_TTA_ACTIVE views= 8 mean_abs_feat_delta= 0.32248\n"}
,{"stream_name":"stdout","time":2531.541979829,"data":"EDGE_TTA_ACTIVE views= 8 mean_abs_feat_delta= 0.284525\n"}
,{"stream_name":"stdout","time":2531.744632352,"data":"EDGE_TTA_ACTIVE views= 8 mean_abs_feat_delta= 0.284525\n"}
,{"stream_name":"stdout","time":2532.898768479,"data":"EDGE_TTA_ACTIVE views= 8 mean_abs_feat_delta= 0.319289\n"}
,{"stream_name":"stdout","time":2533.101389209,"data":"EDGE_TTA_ACTIVE views= 8 mean_abs_feat_delta= 0.319289\n"}
,{"stream_name":"stdout","time":2535.130324352,"data":"EDGE_TTA_ACTIVE views= 8 mean_abs_feat_delta= 0.321281\n"}
,{"stream_name":"stdout","time":2535.33348208,"data":"EDGE_TTA_ACTIVE views= 8 mean_abs_feat_delta= 0.321281\n"}
,{"stream_name":"stdout","time":2537.365993223,"data":"EDGE_TTA_ACTIVE views= 8 mean_abs_feat_delta= 0.320096\n"}
,{"stream_name":"stdout","time":2537.568097752,"data":"EDGE_TTA_ACTIVE views= 8 mean_abs_feat_delta= 0.320096\n"}
,{"stream_name":"stdout","time":2539.609252454,"data":"EDGE_TTA_ACTIVE views= 8 mean_abs_feat_delta= 0.322533\n"}
,{"stream_name":"stdout","time":2539.811739603,"data":"EDGE_TTA_ACTIVE views= 8 mean_abs_feat_delta= 0.322533\n"}
,{"stream_name":"stdout","time":2541.854421588,"data":"EDGE_TTA_ACTIVE views= 8 mean_abs_feat_delta= 0.324871\n"}
,{"stream_name":"stdout","time":2542.057109326,"data":"EDGE_TTA_ACTIVE views= 8 mean_abs_feat_delta= 0.324871\n"}
,{"stream_name":"stdout","time":2544.117013514,"data":"EDGE_TTA_ACTIVE views= 8 mean_abs_feat_delta= 0.322556\n"}
,{"stream_name":"stdout","time":2544.319411139,"data":"EDGE_TTA_ACTIVE views= 8 mean_abs_feat_delta= 0.322556\n"}
,{"stream_name":"stdout","time":2546.305529806,"data":"EDGE_TTA_ACTIVE views= 8 mean_abs_feat_delta= 0.320114\n"}
,{"stream_name":"stdout","time":2546.508223055,"data":"EDGE_TTA_ACTIVE views= 8 mean_abs_feat_delta= 0.320114\n"}
,{"stream_name":"stdout","time":2548.51555261,"data":"EDGE_TTA_ACTIVE views= 8 mean_abs_feat_delta= 0.318514\n"}
,{"stream_name":"stdout","time":2548.718775972,"data":"EDGE_TTA_ACTIVE views= 8 mean_abs_feat_delta= 0.318514\n"}
,{"stream_name":"stdout","time":2550.7186331,"data":"EDGE_TTA_ACTIVE views= 8 mean_abs_feat_delta= 0.322403\n"}
,{"stream_name":"stdout","time":2550.921370439,"data":"EDGE_TTA_ACTIVE views= 8 mean_abs_feat_delta= 0.322403\n"}
,{"stream_name":"stdout","time":2552.929193597,"data":"EDGE_TTA_ACTIVE views= 8 mean_abs_feat_delta= 0.320312\n"}
,{"stream_name":"stdout","time":2553.234734003,"data":"EDGE_TTA_ACTIVE views= 8 mean_abs_feat_delta= 0.320312\n"}
,{"stream_name":"stdout","time":2555.168334918,"data":"EDGE_TTA_ACTIVE views= 8 mean_abs_feat_delta= 0.324015\n"}
,{"stream_name":"stdout","time":2555.37089657,"data":"EDGE_TTA_ACTIVE views= 8 mean_abs_feat_delta= 0.324015\n"}
,{"stream_name":"stdout","time":2557.397405014,"data":"EDGE_TTA_ACTIVE views= 8 mean_abs_feat_delta= 0.326506\n"}
,{"stream_name":"stdout","time":2557.600174683,"data":"EDGE_TTA_ACTIVE views= 8 mean_abs_feat_delta= 0.326506\n"}
,{"stream_name":"stdout","time":2559.629804086,"data":"EDGE_TTA_ACTIVE views= 8 mean_abs_feat_delta= 0.326088\n"}
,{"stream_name":"stdout","time":2559.832615725,"data":"EDGE_TTA_ACTIVE views= 8 mean_abs_feat_delta= 0.326088\n"}
,{"stream_name":"stdout","time":2561.864426015,"data":"EDGE_TTA_ACTIVE views= 8 mean_abs_feat_delta= 0.325667\n"}
,{"stream_name":"stdout","time":2562.067229348,"data":"EDGE_TTA_ACTIVE views= 8 mean_abs_feat_delta= 0.325667\n"}
,{"stream_name":"stdout","time":2563.789939752,"data":"Saved 4 predictions to /kaggle/working/tracking_repo/predictions/unknown/unet_transformer_val_gpu1/split_0\n"}
,{"stream_name":"stdout","time":2563.992485602,"data":"Saved 4 predictions to /kaggle/working/tracking_repo/predictions/unknown/unet_transformer_val_gpu1/split_0\n"}
,{"stream_name":"stdout","time":2564.095509292,"data":"EDGE_TTA_ACTIVE views= 8 mean_abs_feat_delta= 0.328685\n"}
,{"stream_name":"stdout","time":2564.298481105,"data":"EDGE_TTA_ACTIVE views= 8 mean_abs_feat_delta= 0.328685\n"}
,{"stream_name":"stdout","time":2566.320252561,"data":"EDGE_TTA_ACTIVE views= 8 mean_abs_feat_delta= 0.327838\n"}
,{"stream_name":"stdout","time":2566.522853758,"data":"EDGE_TTA_ACTIVE views= 8 mean_abs_feat_delta= 0.327838\n"}
,{"stream_name":"stdout","time":2568.537314014,"data":"EDGE_TTA_ACTIVE views= 8 mean_abs_feat_delta= 0.330718\n"}
,{"stream_name":"stdout","time":2568.739819015,"data":"EDGE_TTA_ACTIVE views= 8 mean_abs_feat_delta= 0.330718\n"}
,{"stream_name":"stdout","time":2576.626185468,"data":"Saved 4 predictions to /kaggle/working/tracking_repo/predictions/unknown/unet_transformer_val_gpu0/split_0\n"}
,{"stream_name":"stdout","time":2576.828917945,"data":"Saved 4 predictions to /kaggle/working/tracking_repo/predictions/unknown/unet_transformer_val_gpu0/split_0\n"}
,{"stream_name":"stdout","time":2578.09077226,"data":"VALIDATOR: merged 8 prediction graphs into /kaggle/working/tracking_repo/predictions/unknown/unet_transformer_val/split_0\n"}
,{"stream_name":"stdout","time":2578.090807354,"data":"VALIDATOR: prediction completed in 16.40 minutes\n"}
,{"stream_name":"stdout","time":2578.584032594,"data":"Post-process base configuration (public 0.939):\n"}
,{"stream_name":"stdout","time":2578.58407393,"data":"  SAFE_DIV_MAX_UM                          9.0\n"}
,{"stream_name":"stdout","time":2578.584078887,"data":"  SAFE_DIV_SISTER_MAX_UM                   14.0\n"}
,{"stream_name":"stdout","time":2578.584082694,"data":"  SAFE_DIV_DIVERGE_UM                      2.25\n"}
,{"stream_name":"stdout","time":2578.584086118,"data":"  SAFE_DIV_SISTER_SYMMETRY_TAU             0.6\n"}
,{"stream_name":"stdout","time":2578.584089391,"data":"  SAFE_DIV_EXISTING_CHILD_MAX_UM           10.0\n"}
,{"stream_name":"stdout","time":2578.584092666,"data":"  SAFE_DIV_FRAME_FRAC_CAP                  0.0076\n"}
,{"stream_name":"stdout","time":2578.584095966,"data":"  SAFE_DIV_GLOBAL_FRAC_CAP                 0.00375\n"}
,{"stream_name":"stdout","time":2578.584099346,"data":"  DEEPCENTER_SAFE_DIV_THRESHOLD            0.25\n"}
,{"stream_name":"stdout","time":2578.584114964,"data":"  DEEPCENTER_GAP_THRESHOLD                 0.25\n"}
,{"stream_name":"stdout","time":2578.584117978,"data":"  GAP_CLOSE_UM                             5.0\n"}
,{"stream_name":"stdout","time":2578.584120486,"data":"  OUTPUT_MIN_TRACK_LEN                     6\n"}
,{"stream_name":"stdout","time":2578.584123021,"data":"  SHORT_TRACK_RESCUE_MIN_MEAN_EDGE_PROB    0.88\n"}
,{"stream_name":"stdout","time":2578.584126019,"data":"  MOTION_RELINK_TIGHT_UM                   6.0\n"}
,{"stream_name":"stdout","time":2578.584128507,"data":"  MOTION_RELINK_RELAXED_UM                 10.0\n"}
,{"stream_name":"stdout","time":2578.584130967,"data":"  GAP2_MAX_STEP_UM                         4.4\n"}
,{"stream_name":"stdout","time":2578.584133516,"data":"  GAP2_MAX_TOTAL_UM                        10.2\n"}
,{"stream_name":"stdout","time":2578.584136003,"data":"  MOTION_RELINK_LEARNED_BONUS              1.0\n"}
,{"stream_name":"stdout","time":2578.584138513,"data":"  MOTION_RELINK_VELOCITY_WEIGHT            0.5\n"}
,{"stream_name":"stdout","time":2578.584140991,"data":"  GAP_CLOSE_REUSE_UM                       3.2\n"}
,{"stream_name":"stdout","time":2578.584143562,"data":"  OUTPUT_EDGE_MAX_UM                       14.0\n"}
,{"stream_name":"stdout","time":2583.332551708,"data":"VALIDATOR: cached 8 raw prediction graphs + GT\n"}
,{"stream_name":"stdout","time":2583.332722283,"data":"\n"}
,{"stream_name":"stdout","time":2583.332737074,"data":"==============================================================================\n"}
,{"stream_name":"stdout","time":2583.332742044,"data":"LOCAL VALIDATOR -- base configuration (public 0.939), official metric formula\n"}
,{"stream_name":"stdout","time":2583.332754136,"data":"(https://github.com/royerlab/kaggle-cell-tracking-competition/blob/main/metrics.md)\n"}
,{"stream_name":"stdout","time":2583.332765642,"data":"==============================================================================\n"}
,{"stream_name":"stdout","time":2650.418068077,"data":"  [44b6_12dfb391] after edge-filter+motion-relink: 45351 nodes, 43045 edges\n"}
,{"stream_name":"stdout","time":2658.57874221,"data":"  [44b6_12dfb391] after gap-closing (single-frame + gap2): 46009 nodes, 44290 edges\n"}
,{"stream_name":"stdout","time":2665.86312265,"data":"  [44b6_12dfb391] after safe-division repair: 46009 nodes, 44310 edges (geometric_candidates=149, deepcenter_rejected=129, post_veto_candidates=20, added=20, cap_skipped=0, mutual_nn_rejected=59, divergence_rejected=1550)\n"}
,{"stream_name":"stdout","time":2665.86316818,"data":"  [44b6_12dfb391] after division-geometry-filter+prune-isolated: 46007 nodes, 44310 edges\n"}
,{"stream_name":"stdout","time":2665.863174871,"data":"  [44b6_12dfb391] after short-track filtering: 44963 nodes, 43502 edges (components_removed=236)\n"}
,{"stream_name":"stdout","time":2675.793482218,"data":"  [44b6_12dfb391] FINAL: 44963 nodes, 43502 edges\n"}
,{"stream_name":"stdout","time":2694.218598976,"data":"  [44b6_267148e4] after edge-filter+motion-relink: 22815 nodes, 21433 edges\n"}
,{"stream_name":"stdout","time":2700.178481582,"data":"  [44b6_267148e4] after gap-closing (single-frame + gap2): 23060 nodes, 21875 edges\n"}
,{"stream_name":"stdout","time":2706.571983761,"data":"  [44b6_267148e4] after safe-division repair: 23060 nodes, 21894 edges (geometric_candidates=208, deepcenter_rejected=182, post_veto_candidates=26, added=19, cap_skipped=0, mutual_nn_rejected=132, divergence_rejected=1060)\n"}
,{"stream_name":"stdout","time":2706.572038738,"data":"  [44b6_267148e4] after division-geometry-filter+prune-isolated: 23000 nodes, 21894 edges\n"}
,{"stream_name":"stdout","time":2706.572047813,"data":"  [44b6_267148e4] after short-track filtering: 22247 nodes, 21323 edges (components_removed=182)\n"}
,{"stream_name":"stdout","time":2711.592449957,"data":"  [44b6_267148e4] FINAL: 22247 nodes, 21323 edges\n"}
,{"stream_name":"stdout","time":2766.176851523,"data":"  [44b6_2a2eff9f] after edge-filter+motion-relink: 40930 nodes, 38434 edges\n"}
,{"stream_name":"stdout","time":2774.56743205,"data":"  [44b6_2a2eff9f] after gap-closing (single-frame + gap2): 41458 nodes, 39415 edges\n"}
,{"stream_name":"stdout","time":2782.549740865,"data":"  [44b6_2a2eff9f] after safe-division repair: 41458 nodes, 39445 edges (geometric_candidates=291, deepcenter_rejected=261, post_veto_candidates=30, added=30, cap_skipped=0, mutual_nn_rejected=74, divergence_rejected=1656)\n"}
,{"stream_name":"stdout","time":2782.549798681,"data":"  [44b6_2a2eff9f] after division-geometry-filter+prune-isolated: 41454 nodes, 39445 edges\n"}
,{"stream_name":"stdout","time":2782.549807871,"data":"  [44b6_2a2eff9f] after short-track filtering: 40145 nodes, 38431 edges (components_removed=295)\n"}
,{"stream_name":"stdout","time":2791.415330872,"data":"  [44b6_2a2eff9f] FINAL: 40145 nodes, 38431 edges\n"}
,{"stream_name":"stdout","time":2794.144136415,"data":"  [44b6_341df25f] after edge-filter+motion-relink: 8525 nodes, 8212 edges\n"}
,{"stream_name":"stdout","time":2795.395371395,"data":"  [44b6_341df25f] after gap-closing (single-frame + gap2): 8571 nodes, 8292 edges\n"}
,{"stream_name":"stdout","time":2798.358254273,"data":"  [44b6_341df25f] after safe-division repair: 8571 nodes, 8303 edges (geometric_candidates=36, deepcenter_rejected=23, post_veto_candidates=13, added=11, cap_skipped=0, mutual_nn_rejected=3, divergence_rejected=140)\n"}
,{"stream_name":"stdout","time":2798.35833998,"data":"  [44b6_341df25f] after division-geometry-filter+prune-isolated: 8571 nodes, 8303 edges\n"}
,{"stream_name":"stdout","time":2798.358348989,"data":"  [44b6_341df25f] after short-track filtering: 8415 nodes, 8181 edges (components_removed=34)\n"}
,{"stream_name":"stdout","time":2800.08993394,"data":"  [44b6_341df25f] FINAL: 8415 nodes, 8181 edges\n"}
,{"stream_name":"stdout","time":2801.528917954,"data":"  [6bba_062c8d37] after edge-filter+motion-relink: 5997 nodes, 5645 edges\n"}
,{"stream_name":"stdout","time":2802.387584796,"data":"  [6bba_062c8d37] after gap-closing (single-frame + gap2): 6048 nodes, 5740 edges\n"}
,{"stream_name":"stdout","time":2803.67242255,"data":"  [6bba_062c8d37] after safe-division repair: 6048 nodes, 5744 edges (geometric_candidates=15, deepcenter_rejected=11, post_veto_candidates=4, added=4, cap_skipped=0, mutual_nn_rejected=3, divergence_rejected=66)\n"}
,{"stream_name":"stdout","time":2803.672572274,"data":"  [6bba_062c8d37] after division-geometry-filter+prune-isolated: 6022 nodes, 5744 edges\n"}
,{"stream_name":"stdout","time":2803.673558421,"data":"  [6bba_062c8d37] after short-track filtering: 5853 nodes, 5620 edges (components_removed=45)\n"}
,{"stream_name":"stdout","time":2804.987384913,"data":"  [6bba_062c8d37] FINAL: 5853 nodes, 5620 edges\n"}
,{"stream_name":"stdout","time":2834.992131349,"data":"  [6bba_07e24132] after edge-filter+motion-relink: 29750 nodes, 28212 edges\n"}
,{"stream_name":"stdout","time":2841.231660952,"data":"  [6bba_07e24132] after gap-closing (single-frame + gap2): 30085 nodes, 28824 edges\n"}
,{"stream_name":"stdout","time":2846.474402897,"data":"  [6bba_07e24132] after safe-division repair: 30085 nodes, 28828 edges (geometric_candidates=119, deepcenter_rejected=114, post_veto_candidates=5, added=4, cap_skipped=0, mutual_nn_rejected=68, divergence_rejected=1005)\n"}
,{"stream_name":"stdout","time":2846.474598387,"data":"  [6bba_07e24132] after division-geometry-filter+prune-isolated: 30079 nodes, 28828 edges\n"}
,{"stream_name":"stdout","time":2846.47574015,"data":"  [6bba_07e24132] after short-track filtering: 29174 nodes, 28132 edges (components_removed=209)\n"}
,{"stream_name":"stdout","time":2852.924982732,"data":"  [6bba_07e24132] FINAL: 29174 nodes, 28132 edges\n"}
,{"stream_name":"stdout","time":2855.680751175,"data":"  [6bba_085bf656] after edge-filter+motion-relink: 8411 nodes, 8087 edges\n"}
,{"stream_name":"stdout","time":2856.407509016,"data":"  [6bba_085bf656] after gap-closing (single-frame + gap2): 8432 nodes, 8126 edges\n"}
,{"stream_name":"stdout","time":2858.255599632,"data":"  [6bba_085bf656] after safe-division repair: 8432 nodes, 8129 edges (geometric_candidates=21, deepcenter_rejected=18, post_veto_candidates=3, added=3, cap_skipped=0, mutual_nn_rejected=4, divergence_rejected=101)\n"}
,{"stream_name":"stdout","time":2858.255657993,"data":"  [6bba_085bf656] after division-geometry-filter+prune-isolated: 8429 nodes, 8129 edges\n"}
,{"stream_name":"stdout","time":2858.255668171,"data":"  [6bba_085bf656] after short-track filtering: 8299 nodes, 8028 edges (components_removed=29)\n"}
,{"stream_name":"stdout","time":2860.052308579,"data":"  [6bba_085bf656] FINAL: 8299 nodes, 8028 edges\n"}
,{"stream_name":"stdout","time":2890.035163225,"data":"  [6bba_09961292] after edge-filter+motion-relink: 29958 nodes, 28816 edges\n"}
,{"stream_name":"stdout","time":2895.202610912,"data":"  [6bba_09961292] after gap-closing (single-frame + gap2): 30176 nodes, 29212 edges\n"}
,{"stream_name":"stdout","time":2900.021610878,"data":"  [6bba_09961292] after safe-division repair: 30176 nodes, 29236 edges (geometric_candidates=97, deepcenter_rejected=68, post_veto_candidates=29, added=24, cap_skipped=0, mutual_nn_rejected=73, divergence_rejected=991)\n"}
,{"stream_name":"stdout","time":2900.021659968,"data":"  [6bba_09961292] after division-geometry-filter+prune-isolated: 30170 nodes, 29236 edges\n"}
,{"stream_name":"stdout","time":2900.021665307,"data":"  [6bba_09961292] after short-track filtering: 29754 nodes, 28919 edges (components_removed=99)\n"}
,{"stream_name":"stdout","time":2906.754975536,"data":"  [6bba_09961292] FINAL: 29754 nodes, 28919 edges\n"}
,{"stream_name":"stdout","time":2906.812239694,"data":"  44b6_12dfb391                edge_jaccard=0.9256 adj=0.9472 T_pred=44963 T_true=58672.0 div(tp/fp/fn)=(0/0/1) safe_div_added=20\n"}
,{"stream_name":"stdout","time":2906.812287914,"data":"  44b6_267148e4                edge_jaccard=0.8182 adj=0.8049 T_pred=22247 T_true=19130.0 div(tp/fp/fn)=(0/0/1) safe_div_added=19\n"}
,{"stream_name":"stdout","time":2906.812296026,"data":"  44b6_2a2eff9f                edge_jaccard=0.8571 adj=0.8818 T_pred=40145 T_true=56367.0 div(tp/fp/fn)=(1/1/0) safe_div_added=30\n"}
,{"stream_name":"stdout","time":2906.812302179,"data":"  44b6_341df25f                edge_jaccard=0.9904 adj=0.9774 T_pred=8415 T_true=7436.0 div(tp/fp/fn)=(1/0/0) safe_div_added=11\n"}
,{"stream_name":"stdout","time":2906.812307537,"data":"  6bba_062c8d37                edge_jaccard=0.9801 adj=0.9830 T_pred=5853 T_true=6030.0 div(tp/fp/fn)=(1/0/0) safe_div_added=4\n"}
,{"stream_name":"stdout","time":2906.812313087,"data":"  6bba_07e24132                edge_jaccard=0.8384 adj=0.8084 T_pred=29174 T_true=21485.0 div(tp/fp/fn)=(0/0/2) safe_div_added=4\n"}
,{"stream_name":"stdout","time":2906.812318641,"data":"  6bba_085bf656                edge_jaccard=0.9932 adj=0.9951 T_pred=8299 T_true=8463.0 div(tp/fp/fn)=(0/0/1) safe_div_added=3\n"}
,{"stream_name":"stdout","time":2906.812323997,"data":"  6bba_09961292                edge_jaccard=0.8872 adj=0.8911 T_pred=29754 T_true=31117.0 div(tp/fp/fn)=(0/0/4) safe_div_added=24\n"}
,{"stream_name":"stdout","time":2906.812329905,"data":"[base] n=8 adjusted_edge_jaccard=0.9260 division_jaccard=0.2308 (tp/fp/fn=3/1/9) PROXY_SCORE=0.9490  [5.4 min]\n"}
,{"stream_name":"stdout","time":2906.812335237,"data":"Per-sample validator rows written to /kaggle/working/validator_results.csv\n"}
,{"stream_name":"stdout","time":2907.047778079,"data":"==============================================================================\n"}
,{"stream_name":"stdout","time":2907.047826176,"data":"POST-PROCESS SWEEP -- 7 candidates x 8 held-out videos\n"}
,{"stream_name":"stdout","time":2907.047831669,"data":"==============================================================================\n"}
,{"stream_name":"stdout","time":2974.513079141,"data":"  [44b6_12dfb391] after edge-filter+motion-relink: 45351 nodes, 43045 edges\n"}
,{"stream_name":"stdout","time":2981.492941859,"data":"  [44b6_12dfb391] after gap-closing (single-frame + gap2): 46003 nodes, 44277 edges\n"}
,{"stream_name":"stdout","time":2989.216709715,"data":"  [44b6_12dfb391] after safe-division repair: 46003 nodes, 44297 edges (geometric_candidates=152, deepcenter_rejected=132, post_veto_candidates=20, added=20, cap_skipped=0, mutual_nn_rejected=60, divergence_rejected=1563)\n"}
,{"stream_name":"stdout","time":2989.21676187,"data":"  [44b6_12dfb391] after division-geometry-filter+prune-isolated: 46001 nodes, 44297 edges\n"}
,{"stream_name":"stdout","time":2989.216767762,"data":"  [44b6_12dfb391] after short-track filtering: 44944 nodes, 43479 edges (components_removed=239)\n"}
,{"stream_name":"stdout","time":2999.344006879,"data":"  [44b6_12dfb391] FINAL: 44944 nodes, 43479 edges\n"}
,{"stream_name":"stdout","time":3018.080070598,"data":"  [44b6_267148e4] after edge-filter+motion-relink: 22815 nodes, 21433 edges\n"}
,{"stream_name":"stdout","time":3022.498375475,"data":"  [44b6_267148e4] after gap-closing (single-frame + gap2): 23049 nodes, 21853 edges\n"}
,{"stream_name":"stdout","time":3028.928697915,"data":"  [44b6_267148e4] after safe-division repair: 23049 nodes, 21873 edges (geometric_candidates=211, deepcenter_rejected=184, post_veto_candidates=27, added=20, cap_skipped=0, mutual_nn_rejected=137, divergence_rejected=1069)\n"}
,{"stream_name":"stdout","time":3028.928758463,"data":"  [44b6_267148e4] after division-geometry-filter+prune-isolated: 22989 nodes, 21873 edges\n"}
,{"stream_name":"stdout","time":3028.928768066,"data":"  [44b6_267148e4] after short-track filtering: 22221 nodes, 21290 edges (components_removed=185)\n"}
,{"stream_name":"stdout","time":3033.853776462,"data":"  [44b6_267148e4] FINAL: 22221 nodes, 21290 edges\n"}
,{"stream_name":"stdout","time":3089.117258538,"data":"  [44b6_2a2eff9f] after edge-filter+motion-relink: 40930 nodes, 38434 edges\n"}
,{"stream_name":"stdout","time":3096.095595674,"data":"  [44b6_2a2eff9f] after gap-closing (single-frame + gap2): 41446 nodes, 39391 edges\n"}
,{"stream_name":"stdout","time":3104.228012734,"data":"  [44b6_2a2eff9f] after safe-division repair: 41446 nodes, 39422 edges (geometric_candidates=294, deepcenter_rejected=263, post_veto_candidates=31, added=31, cap_skipped=0, mutual_nn_rejected=75, divergence_rejected=1672)\n"}
,{"stream_name":"stdout","time":3104.228088347,"data":"  [44b6_2a2eff9f] after division-geometry-filter+prune-isolated: 41442 nodes, 39422 edges\n"}
,{"stream_name":"stdout","time":3104.228096433,"data":"  [44b6_2a2eff9f] after short-track filtering: 40115 nodes, 38394 edges (components_removed=299)\n"}
,{"stream_name":"stdout","time":3113.188469838,"data":"  [44b6_2a2eff9f] FINAL: 40115 nodes, 38394 edges\n"}
,{"stream_name":"stdout","time":3115.886506745,"data":"  [44b6_341df25f] after edge-filter+motion-relink: 8525 nodes, 8212 edges\n"}
,{"stream_name":"stdout","time":3116.91786276,"data":"  [44b6_341df25f] after gap-closing (single-frame + gap2): 8570 nodes, 8290 edges\n"}
,{"stream_name":"stdout","time":3119.896225047,"data":"  [44b6_341df25f] after safe-division repair: 8570 nodes, 8301 edges (geometric_candidates=36, deepcenter_rejected=23, post_veto_candidates=13, added=11, cap_skipped=0, mutual_nn_rejected=3, divergence_rejected=141)\n"}
,{"stream_name":"stdout","time":3119.896282295,"data":"  [44b6_341df25f] after division-geometry-filter+prune-isolated: 8570 nodes, 8301 edges\n"}
,{"stream_name":"stdout","time":3119.896290666,"data":"  [44b6_341df25f] after short-track filtering: 8411 nodes, 8177 edges (components_removed=35)\n"}
,{"stream_name":"stdout","time":3121.750039953,"data":"  [44b6_341df25f] FINAL: 8411 nodes, 8177 edges\n"}
,{"stream_name":"stdout","time":3123.18984321,"data":"  [6bba_062c8d37] after edge-filter+motion-relink: 5997 nodes, 5645 edges\n"}
,{"stream_name":"stdout","time":3124.040799469,"data":"  [6bba_062c8d37] after gap-closing (single-frame + gap2): 6048 nodes, 5740 edges\n"}
,{"stream_name":"stdout","time":3125.362388429,"data":"  [6bba_062c8d37] after safe-division repair: 6048 nodes, 5744 edges (geometric_candidates=15, deepcenter_rejected=11, post_veto_candidates=4, added=4, cap_skipped=0, mutual_nn_rejected=3, divergence_rejected=66)\n"}
,{"stream_name":"stdout","time":3125.362432293,"data":"  [6bba_062c8d37] after division-geometry-filter+prune-isolated: 6022 nodes, 5744 edges\n"}
,{"stream_name":"stdout","time":3125.362440726,"data":"  [6bba_062c8d37] after short-track filtering: 5853 nodes, 5620 edges (components_removed=45)\n"}
,{"stream_name":"stdout","time":3126.637531546,"data":"  [6bba_062c8d37] FINAL: 5853 nodes, 5620 edges\n"}
,{"stream_name":"stdout","time":3155.995647693,"data":"  [6bba_07e24132] after edge-filter+motion-relink: 29750 nodes, 28212 edges\n"}
,{"stream_name":"stdout","time":3161.553112285,"data":"  [6bba_07e24132] after gap-closing (single-frame + gap2): 30085 nodes, 28824 edges\n"}
,{"stream_name":"stdout","time":3166.624554306,"data":"  [6bba_07e24132] after safe-division repair: 30085 nodes, 28828 edges (geometric_candidates=119, deepcenter_rejected=114, post_veto_candidates=5, added=4, cap_skipped=0, mutual_nn_rejected=68, divergence_rejected=1005)\n"}
,{"stream_name":"stdout","time":3166.624628992,"data":"  [6bba_07e24132] after division-geometry-filter+prune-isolated: 30079 nodes, 28828 edges\n"}
,{"stream_name":"stdout","time":3166.624642243,"data":"  [6bba_07e24132] after short-track filtering: 29174 nodes, 28132 edges (components_removed=209)\n"}
,{"stream_name":"stdout","time":3173.067496511,"data":"  [6bba_07e24132] FINAL: 29174 nodes, 28132 edges\n"}
,{"stream_name":"stdout","time":3175.792242481,"data":"  [6bba_085bf656] after edge-filter+motion-relink: 8411 nodes, 8087 edges\n"}
,{"stream_name":"stdout","time":3176.480407346,"data":"  [6bba_085bf656] after gap-closing (single-frame + gap2): 8432 nodes, 8126 edges\n"}
,{"stream_name":"stdout","time":3178.30015707,"data":"  [6bba_085bf656] after safe-division repair: 8432 nodes, 8129 edges (geometric_candidates=21, deepcenter_rejected=18, post_veto_candidates=3, added=3, cap_skipped=0, mutual_nn_rejected=4, divergence_rejected=101)\n"}
,{"stream_name":"stdout","time":3178.300218598,"data":"  [6bba_085bf656] after division-geometry-filter+prune-isolated: 8429 nodes, 8129 edges\n"}
,{"stream_name":"stdout","time":3178.300227711,"data":"  [6bba_085bf656] after short-track filtering: 8299 nodes, 8028 edges (components_removed=29)\n"}
,{"stream_name":"stdout","time":3180.100648446,"data":"  [6bba_085bf656] FINAL: 8299 nodes, 8028 edges\n"}
,{"stream_name":"stdout","time":3210.058529959,"data":"  [6bba_09961292] after edge-filter+motion-relink: 29958 nodes, 28816 edges\n"}
,{"stream_name":"stdout","time":3214.010511139,"data":"  [6bba_09961292] after gap-closing (single-frame + gap2): 30169 nodes, 29198 edges\n"}
,{"stream_name":"stdout","time":3218.511258897,"data":"  [6bba_09961292] after safe-division repair: 30169 nodes, 29224 edges (geometric_candidates=98, deepcenter_rejected=67, post_veto_candidates=31, added=26, cap_skipped=0, mutual_nn_rejected=76, divergence_rejected=1006)\n"}
,{"stream_name":"stdout","time":3218.5113729,"data":"  [6bba_09961292] after division-geometry-filter+prune-isolated: 30163 nodes, 29224 edges\n"}
,{"stream_name":"stdout","time":3218.51138081,"data":"  [6bba_09961292] after short-track filtering: 29747 nodes, 28907 edges (components_removed=99)\n"}
,{"stream_name":"stdout","time":3225.226803257,"data":"  [6bba_09961292] FINAL: 29747 nodes, 28907 edges\n"}
,{"stream_name":"stdout","time":3225.515446382,"data":"[gap45] n=8 adjusted_edge_jaccard=0.9260 division_jaccard=0.2308 (tp/fp/fn=3/1/9) PROXY_SCORE=0.9491  [5.3 min]\n"}
,{"stream_name":"stdout","time":3292.366932032,"data":"  [44b6_12dfb391] after edge-filter+motion-relink: 45351 nodes, 43042 edges\n"}
,{"stream_name":"stdout","time":3300.267603901,"data":"  [44b6_12dfb391] after gap-closing (single-frame + gap2): 46010 nodes, 44289 edges\n"}
,{"stream_name":"stdout","time":3307.364808742,"data":"  [44b6_12dfb391] after safe-division repair: 46010 nodes, 44309 edges (geometric_candidates=149, deepcenter_rejected=129, post_veto_candidates=20, added=20, cap_skipped=0, mutual_nn_rejected=59, divergence_rejected=1559)\n"}
,{"stream_name":"stdout","time":3307.364860843,"data":"  [44b6_12dfb391] after division-geometry-filter+prune-isolated: 46008 nodes, 44309 edges\n"}
,{"stream_name":"stdout","time":3307.364886034,"data":"  [44b6_12dfb391] after short-track filtering: 44969 nodes, 43505 edges (components_removed=235)\n"}
,{"stream_name":"stdout","time":3317.144361428,"data":"  [44b6_12dfb391] FINAL: 44969 nodes, 43505 edges\n"}
,{"stream_name":"stdout","time":3335.542248573,"data":"  [44b6_267148e4] after edge-filter+motion-relink: 22815 nodes, 21449 edges\n"}
,{"stream_name":"stdout","time":3341.333241893,"data":"  [44b6_267148e4] after gap-closing (single-frame + gap2): 23052 nodes, 21878 edges\n"}
,{"stream_name":"stdout","time":3347.733287403,"data":"  [44b6_267148e4] after safe-division repair: 23052 nodes, 21899 edges (geometric_candidates=209, deepcenter_rejected=182, post_veto_candidates=27, added=21, cap_skipped=0, mutual_nn_rejected=118, divergence_rejected=1053)\n"}
,{"stream_name":"stdout","time":3347.733359627,"data":"  [44b6_267148e4] after division-geometry-filter+prune-isolated: 22998 nodes, 21899 edges\n"}
,{"stream_name":"stdout","time":3347.733368458,"data":"  [44b6_267148e4] after short-track filtering: 22271 nodes, 21350 edges (components_removed=178)\n"}
,{"stream_name":"stdout","time":3352.584316013,"data":"  [44b6_267148e4] FINAL: 22271 nodes, 21350 edges\n"}
,{"stream_name":"stdout","time":3406.82531215,"data":"  [44b6_2a2eff9f] after edge-filter+motion-relink: 40930 nodes, 38431 edges\n"}
,{"stream_name":"stdout","time":3415.290746923,"data":"  [44b6_2a2eff9f] after gap-closing (single-frame + gap2): 41460 nodes, 39416 edges\n"}
,{"stream_name":"stdout","time":3423.545615858,"data":"  [44b6_2a2eff9f] after safe-division repair: 41460 nodes, 39446 edges (geometric_candidates=293, deepcenter_rejected=263, post_veto_candidates=30, added=30, cap_skipped=0, mutual_nn_rejected=74, divergence_rejected=1660)\n"}
,{"stream_name":"stdout","time":3423.54568629,"data":"  [44b6_2a2eff9f] after division-geometry-filter+prune-isolated: 41456 nodes, 39446 edges\n"}
,{"stream_name":"stdout","time":3423.545694654,"data":"  [44b6_2a2eff9f] after short-track filtering: 40132 nodes, 38421 edges (components_removed=299)\n"}
,{"stream_name":"stdout","time":3432.454290104,"data":"  [44b6_2a2eff9f] FINAL: 40132 nodes, 38421 edges\n"}
,{"stream_name":"stdout","time":3435.123013755,"data":"  [44b6_341df25f] after edge-filter+motion-relink: 8525 nodes, 8212 edges\n"}
,{"stream_name":"stdout","time":3436.33935282,"data":"  [44b6_341df25f] after gap-closing (single-frame + gap2): 8571 nodes, 8292 edges\n"}
,{"stream_name":"stdout","time":3439.221251292,"data":"  [44b6_341df25f] after safe-division repair: 8571 nodes, 8303 edges (geometric_candidates=36, deepcenter_rejected=23, post_veto_candidates=13, added=11, cap_skipped=0, mutual_nn_rejected=3, divergence_rejected=140)\n"}
,{"stream_name":"stdout","time":3439.22128514,"data":"  [44b6_341df25f] after division-geometry-filter+prune-isolated: 8571 nodes, 8303 edges\n"}
,{"stream_name":"stdout","time":3439.22129103,"data":"  [44b6_341df25f] after short-track filtering: 8415 nodes, 8181 edges (components_removed=34)\n"}
,{"stream_name":"stdout","time":3440.952526886,"data":"  [44b6_341df25f] FINAL: 8415 nodes, 8181 edges\n"}
,{"stream_name":"stdout","time":3442.402298621,"data":"  [6bba_062c8d37] after edge-filter+motion-relink: 5997 nodes, 5648 edges\n"}
,{"stream_name":"stdout","time":3443.272966591,"data":"  [6bba_062c8d37] after gap-closing (single-frame + gap2): 6048 nodes, 5743 edges\n"}
,{"stream_name":"stdout","time":3444.574509471,"data":"  [6bba_062c8d37] after safe-division repair: 6048 nodes, 5747 edges (geometric_candidates=15, deepcenter_rejected=11, post_veto_candidates=4, added=4, cap_skipped=0, mutual_nn_rejected=3, divergence_rejected=63)\n"}
,{"stream_name":"stdout","time":3444.574590839,"data":"  [6bba_062c8d37] after division-geometry-filter+prune-isolated: 6022 nodes, 5747 edges\n"}
,{"stream_name":"stdout","time":3444.575855152,"data":"  [6bba_062c8d37] after short-track filtering: 5853 nodes, 5623 edges (components_removed=45)\n"}
,{"stream_name":"stdout","time":3445.863536138,"data":"  [6bba_062c8d37] FINAL: 5853 nodes, 5623 edges\n"}
,{"stream_name":"stdout","time":3475.140336203,"data":"  [6bba_07e24132] after edge-filter+motion-relink: 29750 nodes, 28210 edges\n"}
,{"stream_name":"stdout","time":3481.271236845,"data":"  [6bba_07e24132] after gap-closing (single-frame + gap2): 30086 nodes, 28824 edges\n"}
,{"stream_name":"stdout","time":3486.335378019,"data":"  [6bba_07e24132] after safe-division repair: 30086 nodes, 28827 edges (geometric_candidates=117, deepcenter_rejected=114, post_veto_candidates=3, added=3, cap_skipped=0, mutual_nn_rejected=68, divergence_rejected=1010)\n"}
,{"stream_name":"stdout","time":3486.335433299,"data":"  [6bba_07e24132] after division-geometry-filter+prune-isolated: 30078 nodes, 28827 edges\n"}
,{"stream_name":"stdout","time":3486.335462297,"data":"  [6bba_07e24132] after short-track filtering: 29172 nodes, 28130 edges (components_removed=209)\n"}
,{"stream_name":"stdout","time":3492.55466298,"data":"  [6bba_07e24132] FINAL: 29172 nodes, 28130 edges\n"}
,{"stream_name":"stdout","time":3495.197050936,"data":"  [6bba_085bf656] after edge-filter+motion-relink: 8411 nodes, 8087 edges\n"}
,{"stream_name":"stdout","time":3495.875240805,"data":"  [6bba_085bf656] after gap-closing (single-frame + gap2): 8432 nodes, 8126 edges\n"}
,{"stream_name":"stdout","time":3497.711351658,"data":"  [6bba_085bf656] after safe-division repair: 8432 nodes, 8129 edges (geometric_candidates=21, deepcenter_rejected=18, post_veto_candidates=3, added=3, cap_skipped=0, mutual_nn_rejected=4, divergence_rejected=101)\n"}
,{"stream_name":"stdout","time":3497.711415385,"data":"  [6bba_085bf656] after division-geometry-filter+prune-isolated: 8429 nodes, 8129 edges\n"}
,{"stream_name":"stdout","time":3497.712554527,"data":"  [6bba_085bf656] after short-track filtering: 8299 nodes, 8028 edges (components_removed=29)\n"}
,{"stream_name":"stdout","time":3499.514112171,"data":"  [6bba_085bf656] FINAL: 8299 nodes, 8028 edges\n"}
,{"stream_name":"stdout","time":3529.253262955,"data":"  [6bba_09961292] after edge-filter+motion-relink: 29958 nodes, 28829 edges\n"}
,{"stream_name":"stdout","time":3534.014092865,"data":"  [6bba_09961292] after gap-closing (single-frame + gap2): 30172 nodes, 29217 edges\n"}
,{"stream_name":"stdout","time":3538.624105373,"data":"  [6bba_09961292] after safe-division repair: 30172 nodes, 29241 edges (geometric_candidates=92, deepcenter_rejected=67, post_veto_candidates=25, added=24, cap_skipped=0, mutual_nn_rejected=66, divergence_rejected=974)\n"}
,{"stream_name":"stdout","time":3538.624162329,"data":"  [6bba_09961292] after division-geometry-filter+prune-isolated: 30168 nodes, 29241 edges\n"}
,{"stream_name":"stdout","time":3538.624172278,"data":"  [6bba_09961292] after short-track filtering: 29743 nodes, 28917 edges (components_removed=101)\n"}
,{"stream_name":"stdout","time":3545.191590595,"data":"  [6bba_09961292] FINAL: 29743 nodes, 28917 edges\n"}
,{"stream_name":"stdout","time":3545.191643438,"data":"[tight55] n=8 adjusted_edge_jaccard=0.9280 division_jaccard=0.2308 (tp/fp/fn=3/1/9) PROXY_SCORE=0.9511  [5.3 min]\n"}
,{"stream_name":"stdout","time":3612.15230586,"data":"  [44b6_12dfb391] after edge-filter+motion-relink: 45351 nodes, 43008 edges\n"}
,{"stream_name":"stdout","time":3620.142857842,"data":"  [44b6_12dfb391] after gap-closing (single-frame + gap2): 46034 nodes, 44300 edges\n"}
,{"stream_name":"stdout","time":3627.240581428,"data":"  [44b6_12dfb391] after safe-division repair: 46034 nodes, 44320 edges (geometric_candidates=151, deepcenter_rejected=131, post_veto_candidates=20, added=20, cap_skipped=0, mutual_nn_rejected=58, divergence_rejected=1555)\n"}
,{"stream_name":"stdout","time":3627.240655967,"data":"  [44b6_12dfb391] after division-geometry-filter+prune-isolated: 46032 nodes, 44320 edges\n"}
,{"stream_name":"stdout","time":3627.240665212,"data":"  [44b6_12dfb391] after short-track filtering: 44956 nodes, 43488 edges (components_removed=244)\n"}
,{"stream_name":"stdout","time":3637.003738892,"data":"  [44b6_12dfb391] FINAL: 44956 nodes, 43488 edges\n"}
,{"stream_name":"stdout","time":3655.197543008,"data":"  [44b6_267148e4] after edge-filter+motion-relink: 22815 nodes, 21367 edges\n"}
,{"stream_name":"stdout","time":3661.092179265,"data":"  [44b6_267148e4] after gap-closing (single-frame + gap2): 23082 nodes, 21853 edges\n"}
,{"stream_name":"stdout","time":3667.315412708,"data":"  [44b6_267148e4] after safe-division repair: 23082 nodes, 21873 edges (geometric_candidates=210, deepcenter_rejected=184, post_veto_candidates=26, added=20, cap_skipped=0, mutual_nn_rejected=146, divergence_rejected=1097)\n"}
,{"stream_name":"stdout","time":3667.315469963,"data":"  [44b6_267148e4] after division-geometry-filter+prune-isolated: 23017 nodes, 21873 edges\n"}
,{"stream_name":"stdout","time":3667.315479678,"data":"  [44b6_267148e4] after short-track filtering: 22244 nodes, 21290 edges (components_removed=190)\n"}
,{"stream_name":"stdout","time":3672.260804755,"data":"  [44b6_267148e4] FINAL: 22244 nodes, 21290 edges\n"}
,{"stream_name":"stdout","time":3726.777611932,"data":"  [44b6_2a2eff9f] after edge-filter+motion-relink: 40930 nodes, 38396 edges\n"}
,{"stream_name":"stdout","time":3735.284152062,"data":"  [44b6_2a2eff9f] after gap-closing (single-frame + gap2): 41473 nodes, 39407 edges\n"}
,{"stream_name":"stdout","time":3743.205708361,"data":"  [44b6_2a2eff9f] after safe-division repair: 41473 nodes, 39437 edges (geometric_candidates=292, deepcenter_rejected=262, post_veto_candidates=30, added=30, cap_skipped=0, mutual_nn_rejected=72, divergence_rejected=1690)\n"}
,{"stream_name":"stdout","time":3743.205782285,"data":"  [44b6_2a2eff9f] after division-geometry-filter+prune-isolated: 41468 nodes, 39437 edges\n"}
,{"stream_name":"stdout","time":3743.205791046,"data":"  [44b6_2a2eff9f] after short-track filtering: 40122 nodes, 38395 edges (components_removed=304)\n"}
,{"stream_name":"stdout","time":3752.044414757,"data":"  [44b6_2a2eff9f] FINAL: 40122 nodes, 38395 edges\n"}
,{"stream_name":"stdout","time":3754.832110016,"data":"  [44b6_341df25f] after edge-filter+motion-relink: 8525 nodes, 8210 edges\n"}
,{"stream_name":"stdout","time":3756.093815145,"data":"  [44b6_341df25f] after gap-closing (single-frame + gap2): 8573 nodes, 8293 edges\n"}
,{"stream_name":"stdout","time":3759.287360415,"data":"  [44b6_341df25f] after safe-division repair: 8573 nodes, 8304 edges (geometric_candidates=37, deepcenter_rejected=24, post_veto_candidates=13, added=11, cap_skipped=0, mutual_nn_rejected=3, divergence_rejected=140)\n"}
,{"stream_name":"stdout","time":3759.287428839,"data":"  [44b6_341df25f] after division-geometry-filter+prune-isolated: 8573 nodes, 8304 edges\n"}
,{"stream_name":"stdout","time":3759.287439435,"data":"  [44b6_341df25f] after short-track filtering: 8413 nodes, 8179 edges (components_removed=35)\n"}
,{"stream_name":"stdout","time":3760.994676572,"data":"  [44b6_341df25f] FINAL: 8413 nodes, 8179 edges\n"}
,{"stream_name":"stdout","time":3762.393676007,"data":"  [6bba_062c8d37] after edge-filter+motion-relink: 5997 nodes, 5618 edges\n"}
,{"stream_name":"stdout","time":3763.557040373,"data":"  [6bba_062c8d37] after gap-closing (single-frame + gap2): 6054 nodes, 5723 edges\n"}
,{"stream_name":"stdout","time":3764.809039721,"data":"  [6bba_062c8d37] after safe-division repair: 6054 nodes, 5726 edges (geometric_candidates=14, deepcenter_rejected=11, post_veto_candidates=3, added=3, cap_skipped=0, mutual_nn_rejected=3, divergence_rejected=67)\n"}
,{"stream_name":"stdout","time":3764.809112587,"data":"  [6bba_062c8d37] after division-geometry-filter+prune-isolated: 6029 nodes, 5726 edges\n"}
,{"stream_name":"stdout","time":3764.809127385,"data":"  [6bba_062c8d37] after short-track filtering: 5829 nodes, 5581 edges (components_removed=55)\n"}
,{"stream_name":"stdout","time":3766.065722007,"data":"  [6bba_062c8d37] FINAL: 5829 nodes, 5581 edges\n"}
,{"stream_name":"stdout","time":3794.8319079,"data":"  [6bba_07e24132] after edge-filter+motion-relink: 29750 nodes, 28152 edges\n"}
,{"stream_name":"stdout","time":3801.04957774,"data":"  [6bba_07e24132] after gap-closing (single-frame + gap2): 30100 nodes, 28794 edges\n"}
,{"stream_name":"stdout","time":3806.135609041,"data":"  [6bba_07e24132] after safe-division repair: 30100 nodes, 28802 edges (geometric_candidates=126, deepcenter_rejected=114, post_veto_candidates=12, added=8, cap_skipped=0, mutual_nn_rejected=80, divergence_rejected=1018)\n"}
,{"stream_name":"stdout","time":3806.135695036,"data":"  [6bba_07e24132] after division-geometry-filter+prune-isolated: 30089 nodes, 28802 edges\n"}
,{"stream_name":"stdout","time":3806.135707165,"data":"  [6bba_07e24132] after short-track filtering: 29185 nodes, 28108 edges (components_removed=210)\n"}
,{"stream_name":"stdout","time":3812.464017752,"data":"  [6bba_07e24132] FINAL: 29185 nodes, 28108 edges\n"}
,{"stream_name":"stdout","time":3815.134158267,"data":"  [6bba_085bf656] after edge-filter+motion-relink: 8411 nodes, 8080 edges\n"}
,{"stream_name":"stdout","time":3815.881554689,"data":"  [6bba_085bf656] after gap-closing (single-frame + gap2): 8436 nodes, 8125 edges\n"}
,{"stream_name":"stdout","time":3817.62300603,"data":"  [6bba_085bf656] after safe-division repair: 8436 nodes, 8127 edges (geometric_candidates=20, deepcenter_rejected=18, post_veto_candidates=2, added=2, cap_skipped=0, mutual_nn_rejected=4, divergence_rejected=101)\n"}
,{"stream_name":"stdout","time":3817.6230757,"data":"  [6bba_085bf656] after division-geometry-filter+prune-isolated: 8432 nodes, 8127 edges\n"}
,{"stream_name":"stdout","time":3817.623087315,"data":"  [6bba_085bf656] after short-track filtering: 8289 nodes, 8018 edges (components_removed=34)\n"}
,{"stream_name":"stdout","time":3819.388582981,"data":"  [6bba_085bf656] FINAL: 8289 nodes, 8018 edges\n"}
,{"stream_name":"stdout","time":3848.753048488,"data":"  [6bba_09961292] after edge-filter+motion-relink: 29958 nodes, 28782 edges\n"}
,{"stream_name":"stdout","time":3853.890408913,"data":"  [6bba_09961292] after gap-closing (single-frame + gap2): 30191 nodes, 29207 edges\n"}
,{"stream_name":"stdout","time":3858.229014242,"data":"  [6bba_09961292] after safe-division repair: 30191 nodes, 29233 edges (geometric_candidates=101, deepcenter_rejected=68, post_veto_candidates=33, added=26, cap_skipped=0, mutual_nn_rejected=80, divergence_rejected=1019)\n"}
,{"stream_name":"stdout","time":3858.229067349,"data":"  [6bba_09961292] after division-geometry-filter+prune-isolated: 30183 nodes, 29233 edges\n"}
,{"stream_name":"stdout","time":3858.229075121,"data":"  [6bba_09961292] after short-track filtering: 29755 nodes, 28906 edges (components_removed=101)\n"}
,{"stream_name":"stdout","time":3864.841952956,"data":"  [6bba_09961292] FINAL: 29755 nodes, 28906 edges\n"}
,{"stream_name":"stdout","time":3865.110483484,"data":"[relaxed9] n=8 adjusted_edge_jaccard=0.9266 division_jaccard=0.2143 (tp/fp/fn=3/2/9) PROXY_SCORE=0.9481  [5.3 min]\n"}
,{"stream_name":"stdout","time":3931.217003851,"data":"  [44b6_12dfb391] after edge-filter+motion-relink: 45351 nodes, 43045 edges\n"}
,{"stream_name":"stdout","time":3938.701108003,"data":"  [44b6_12dfb391] after gap-closing (single-frame + gap2): 46009 nodes, 44290 edges\n"}
,{"stream_name":"stdout","time":3945.703635538,"data":"  [44b6_12dfb391] after safe-division repair: 46009 nodes, 44310 edges (geometric_candidates=149, deepcenter_rejected=129, post_veto_candidates=20, added=20, cap_skipped=0, mutual_nn_rejected=58, divergence_rejected=1550)\n"}
,{"stream_name":"stdout","time":3945.703701506,"data":"  [44b6_12dfb391] after division-geometry-filter+prune-isolated: 46007 nodes, 44310 edges\n"}
,{"stream_name":"stdout","time":3945.703711971,"data":"  [44b6_12dfb391] after short-track filtering: 44958 nodes, 43498 edges (components_removed=237)\n"}
,{"stream_name":"stdout","time":3955.417642263,"data":"  [44b6_12dfb391] FINAL: 44958 nodes, 43498 edges\n"}
,{"stream_name":"stdout","time":3973.430780863,"data":"  [44b6_267148e4] after edge-filter+motion-relink: 22815 nodes, 21437 edges\n"}
,{"stream_name":"stdout","time":3979.416288946,"data":"  [44b6_267148e4] after gap-closing (single-frame + gap2): 23061 nodes, 21881 edges\n"}
,{"stream_name":"stdout","time":3985.676553736,"data":"  [44b6_267148e4] after safe-division repair: 23061 nodes, 21900 edges (geometric_candidates=206, deepcenter_rejected=180, post_veto_candidates=26, added=19, cap_skipped=0, mutual_nn_rejected=132, divergence_rejected=1055)\n"}
,{"stream_name":"stdout","time":3985.676616372,"data":"  [44b6_267148e4] after division-geometry-filter+prune-isolated: 23001 nodes, 21900 edges\n"}
,{"stream_name":"stdout","time":3985.67662501,"data":"  [44b6_267148e4] after short-track filtering: 22236 nodes, 21319 edges (components_removed=184)\n"}
,{"stream_name":"stdout","time":3990.413298918,"data":"  [44b6_267148e4] FINAL: 22236 nodes, 21319 edges\n"}
,{"stream_name":"stdout","time":4044.338269235,"data":"  [44b6_2a2eff9f] after edge-filter+motion-relink: 40930 nodes, 38434 edges\n"}
,{"stream_name":"stdout","time":4052.473602771,"data":"  [44b6_2a2eff9f] after gap-closing (single-frame + gap2): 41462 nodes, 39422 edges\n"}
,{"stream_name":"stdout","time":4060.4014446,"data":"  [44b6_2a2eff9f] after safe-division repair: 41462 nodes, 39452 edges (geometric_candidates=290, deepcenter_rejected=260, post_veto_candidates=30, added=30, cap_skipped=0, mutual_nn_rejected=74, divergence_rejected=1652)\n"}
,{"stream_name":"stdout","time":4060.401532349,"data":"  [44b6_2a2eff9f] after division-geometry-filter+prune-isolated: 41458 nodes, 39452 edges\n"}
,{"stream_name":"stdout","time":4060.401560819,"data":"  [44b6_2a2eff9f] after short-track filtering: 40157 nodes, 38444 edges (components_removed=293)\n"}
,{"stream_name":"stdout","time":4069.224937964,"data":"  [44b6_2a2eff9f] FINAL: 40157 nodes, 38444 edges\n"}
,{"stream_name":"stdout","time":4072.013615028,"data":"  [44b6_341df25f] after edge-filter+motion-relink: 8525 nodes, 8212 edges\n"}
,{"stream_name":"stdout","time":4073.23607978,"data":"  [44b6_341df25f] after gap-closing (single-frame + gap2): 8571 nodes, 8292 edges\n"}
,{"stream_name":"stdout","time":4076.18126564,"data":"  [44b6_341df25f] after safe-division repair: 8571 nodes, 8303 edges (geometric_candidates=36, deepcenter_rejected=23, post_veto_candidates=13, added=11, cap_skipped=0, mutual_nn_rejected=3, divergence_rejected=140)\n"}
,{"stream_name":"stdout","time":4076.181306581,"data":"  [44b6_341df25f] after division-geometry-filter+prune-isolated: 8571 nodes, 8303 edges\n"}
,{"stream_name":"stdout","time":4076.181313071,"data":"  [44b6_341df25f] after short-track filtering: 8415 nodes, 8181 edges (components_removed=34)\n"}
,{"stream_name":"stdout","time":4077.886266856,"data":"  [44b6_341df25f] FINAL: 8415 nodes, 8181 edges\n"}
,{"stream_name":"stdout","time":4079.27797895,"data":"  [6bba_062c8d37] after edge-filter+motion-relink: 5997 nodes, 5645 edges\n"}
,{"stream_name":"stdout","time":4080.140576415,"data":"  [6bba_062c8d37] after gap-closing (single-frame + gap2): 6048 nodes, 5740 edges\n"}
,{"stream_name":"stdout","time":4081.492316413,"data":"  [6bba_062c8d37] after safe-division repair: 6048 nodes, 5744 edges (geometric_candidates=15, deepcenter_rejected=11, post_veto_candidates=4, added=4, cap_skipped=0, mutual_nn_rejected=3, divergence_rejected=66)\n"}
,{"stream_name":"stdout","time":4081.492386502,"data":"  [6bba_062c8d37] after division-geometry-filter+prune-isolated: 6022 nodes, 5744 edges\n"}
,{"stream_name":"stdout","time":4081.493374162,"data":"  [6bba_062c8d37] after short-track filtering: 5853 nodes, 5620 edges (components_removed=45)\n"}
,{"stream_name":"stdout","time":4082.775461586,"data":"  [6bba_062c8d37] FINAL: 5853 nodes, 5620 edges\n"}
,{"stream_name":"stdout","time":4111.399269322,"data":"  [6bba_07e24132] after edge-filter+motion-relink: 29750 nodes, 28212 edges\n"}
,{"stream_name":"stdout","time":4117.455206834,"data":"  [6bba_07e24132] after gap-closing (single-frame + gap2): 30084 nodes, 28822 edges\n"}
,{"stream_name":"stdout","time":4122.712150169,"data":"  [6bba_07e24132] after safe-division repair: 30084 nodes, 28827 edges (geometric_candidates=119, deepcenter_rejected=113, post_veto_candidates=6, added=5, cap_skipped=0, mutual_nn_rejected=71, divergence_rejected=1007)\n"}
,{"stream_name":"stdout","time":4122.7122189,"data":"  [6bba_07e24132] after division-geometry-filter+prune-isolated: 30079 nodes, 28827 edges\n"}
,{"stream_name":"stdout","time":4122.712231973,"data":"  [6bba_07e24132] after short-track filtering: 29184 nodes, 28139 edges (components_removed=207)\n"}
,{"stream_name":"stdout","time":4128.879688293,"data":"  [6bba_07e24132] FINAL: 29184 nodes, 28139 edges\n"}
,{"stream_name":"stdout","time":4131.599178738,"data":"  [6bba_085bf656] after edge-filter+motion-relink: 8411 nodes, 8087 edges\n"}
,{"stream_name":"stdout","time":4132.29651214,"data":"  [6bba_085bf656] after gap-closing (single-frame + gap2): 8432 nodes, 8126 edges\n"}
,{"stream_name":"stdout","time":4134.148060411,"data":"  [6bba_085bf656] after safe-division repair: 8432 nodes, 8129 edges (geometric_candidates=21, deepcenter_rejected=18, post_veto_candidates=3, added=3, cap_skipped=0, mutual_nn_rejected=4, divergence_rejected=101)\n"}
,{"stream_name":"stdout","time":4134.148136097,"data":"  [6bba_085bf656] after division-geometry-filter+prune-isolated: 8429 nodes, 8129 edges\n"}
,{"stream_name":"stdout","time":4134.149383052,"data":"  [6bba_085bf656] after short-track filtering: 8299 nodes, 8028 edges (components_removed=29)\n"}
,{"stream_name":"stdout","time":4135.927808355,"data":"  [6bba_085bf656] FINAL: 8299 nodes, 8028 edges\n"}
,{"stream_name":"stdout","time":4165.108219426,"data":"  [6bba_09961292] after edge-filter+motion-relink: 29958 nodes, 28816 edges\n"}
,{"stream_name":"stdout","time":4170.036345053,"data":"  [6bba_09961292] after gap-closing (single-frame + gap2): 30176 nodes, 29212 edges\n"}
,{"stream_name":"stdout","time":4174.489590997,"data":"  [6bba_09961292] after safe-division repair: 30176 nodes, 29236 edges (geometric_candidates=97, deepcenter_rejected=68, post_veto_candidates=29, added=24, cap_skipped=0, mutual_nn_rejected=72, divergence_rejected=991)\n"}
,{"stream_name":"stdout","time":4174.489642501,"data":"  [6bba_09961292] after division-geometry-filter+prune-isolated: 30170 nodes, 29236 edges\n"}
,{"stream_name":"stdout","time":4174.489650588,"data":"  [6bba_09961292] after short-track filtering: 29746 nodes, 28913 edges (components_removed=101)\n"}
,{"stream_name":"stdout","time":4180.738451709,"data":"  [6bba_09961292] FINAL: 29746 nodes, 28913 edges\n"}
,{"stream_name":"stdout","time":4180.738491062,"data":"[bonus125] n=8 adjusted_edge_jaccard=0.9260 division_jaccard=0.2308 (tp/fp/fn=3/1/9) PROXY_SCORE=0.9490  [5.3 min]\n"}
,{"stream_name":"stdout","time":4246.580436077,"data":"  [44b6_12dfb391] after edge-filter+motion-relink: 45351 nodes, 43045 edges\n"}
,{"stream_name":"stdout","time":4254.592386998,"data":"  [44b6_12dfb391] after gap-closing (single-frame + gap2): 46009 nodes, 44290 edges\n"}
,{"stream_name":"stdout","time":4262.112710122,"data":"  [44b6_12dfb391] after safe-division repair: 46009 nodes, 44310 edges (geometric_candidates=149, deepcenter_rejected=129, post_veto_candidates=20, added=20, cap_skipped=0, mutual_nn_rejected=59, divergence_rejected=1550)\n"}
,{"stream_name":"stdout","time":4262.112761625,"data":"  [44b6_12dfb391] after division-geometry-filter+prune-isolated: 46007 nodes, 44310 edges\n"}
,{"stream_name":"stdout","time":4262.112767136,"data":"  [44b6_12dfb391] after short-track filtering: 44963 nodes, 43502 edges (components_removed=236)\n"}
,{"stream_name":"stdout","time":4272.068122752,"data":"  [44b6_12dfb391] FINAL: 44963 nodes, 43502 edges\n"}
,{"stream_name":"stdout","time":4290.436640321,"data":"  [44b6_267148e4] after edge-filter+motion-relink: 22815 nodes, 21433 edges\n"}
,{"stream_name":"stdout","time":4296.203867617,"data":"  [44b6_267148e4] after gap-closing (single-frame + gap2): 23060 nodes, 21875 edges\n"}
,{"stream_name":"stdout","time":4302.488656957,"data":"  [44b6_267148e4] after safe-division repair: 23060 nodes, 21894 edges (geometric_candidates=208, deepcenter_rejected=182, post_veto_candidates=26, added=19, cap_skipped=0, mutual_nn_rejected=132, divergence_rejected=1060)\n"}
,{"stream_name":"stdout","time":4302.488714661,"data":"  [44b6_267148e4] after division-geometry-filter+prune-isolated: 23000 nodes, 21894 edges\n"}
,{"stream_name":"stdout","time":4302.488722455,"data":"  [44b6_267148e4] after short-track filtering: 22247 nodes, 21323 edges (components_removed=182)\n"}
,{"stream_name":"stdout","time":4307.353652904,"data":"  [44b6_267148e4] FINAL: 22247 nodes, 21323 edges\n"}
,{"stream_name":"stdout","time":4362.521509537,"data":"  [44b6_2a2eff9f] after edge-filter+motion-relink: 40930 nodes, 38434 edges\n"}
,{"stream_name":"stdout","time":4371.029713912,"data":"  [44b6_2a2eff9f] after gap-closing (single-frame + gap2): 41458 nodes, 39415 edges\n"}
,{"stream_name":"stdout","time":4379.309358848,"data":"  [44b6_2a2eff9f] after safe-division repair: 41458 nodes, 39445 edges (geometric_candidates=291, deepcenter_rejected=261, post_veto_candidates=30, added=30, cap_skipped=0, mutual_nn_rejected=74, divergence_rejected=1656)\n"}
,{"stream_name":"stdout","time":4379.309439297,"data":"  [44b6_2a2eff9f] after division-geometry-filter+prune-isolated: 41454 nodes, 39445 edges\n"}
,{"stream_name":"stdout","time":4379.30944709,"data":"  [44b6_2a2eff9f] after short-track filtering: 40145 nodes, 38431 edges (components_removed=295)\n"}
,{"stream_name":"stdout","time":4388.540864842,"data":"  [44b6_2a2eff9f] FINAL: 40145 nodes, 38431 edges\n"}
,{"stream_name":"stdout","time":4391.426074181,"data":"  [44b6_341df25f] after edge-filter+motion-relink: 8525 nodes, 8212 edges\n"}
,{"stream_name":"stdout","time":4392.739728681,"data":"  [44b6_341df25f] after gap-closing (single-frame + gap2): 8571 nodes, 8292 edges\n"}
,{"stream_name":"stdout","time":4395.560940447,"data":"  [44b6_341df25f] after safe-division repair: 8571 nodes, 8303 edges (geometric_candidates=36, deepcenter_rejected=23, post_veto_candidates=13, added=11, cap_skipped=0, mutual_nn_rejected=3, divergence_rejected=140)\n"}
,{"stream_name":"stdout","time":4395.561025606,"data":"  [44b6_341df25f] after division-geometry-filter+prune-isolated: 8571 nodes, 8303 edges\n"}
,{"stream_name":"stdout","time":4395.561038824,"data":"  [44b6_341df25f] after short-track filtering: 8415 nodes, 8181 edges (components_removed=34)\n"}
,{"stream_name":"stdout","time":4397.385528224,"data":"  [44b6_341df25f] FINAL: 8415 nodes, 8181 edges\n"}
,{"stream_name":"stdout","time":4398.800283321,"data":"  [6bba_062c8d37] after edge-filter+motion-relink: 5997 nodes, 5645 edges\n"}
,{"stream_name":"stdout","time":4399.649723804,"data":"  [6bba_062c8d37] after gap-closing (single-frame + gap2): 6048 nodes, 5740 edges\n"}
,{"stream_name":"stdout","time":4400.943286815,"data":"  [6bba_062c8d37] after safe-division repair: 6048 nodes, 5744 edges (geometric_candidates=15, deepcenter_rejected=11, post_veto_candidates=4, added=4, cap_skipped=0, mutual_nn_rejected=3, divergence_rejected=66)\n"}
,{"stream_name":"stdout","time":4400.943463089,"data":"  [6bba_062c8d37] after division-geometry-filter+prune-isolated: 6022 nodes, 5744 edges\n"}
,{"stream_name":"stdout","time":4400.944445413,"data":"  [6bba_062c8d37] after short-track filtering: 5853 nodes, 5620 edges (components_removed=45)\n"}
,{"stream_name":"stdout","time":4402.344431037,"data":"  [6bba_062c8d37] FINAL: 5853 nodes, 5620 edges\n"}
,{"stream_name":"stdout","time":4432.030536384,"data":"  [6bba_07e24132] after edge-filter+motion-relink: 29750 nodes, 28212 edges\n"}
,{"stream_name":"stdout","time":4438.224043839,"data":"  [6bba_07e24132] after gap-closing (single-frame + gap2): 30085 nodes, 28824 edges\n"}
,{"stream_name":"stdout","time":4443.546965135,"data":"  [6bba_07e24132] after safe-division repair: 30085 nodes, 28828 edges (geometric_candidates=119, deepcenter_rejected=114, post_veto_candidates=5, added=4, cap_skipped=0, mutual_nn_rejected=68, divergence_rejected=1005)\n"}
,{"stream_name":"stdout","time":4443.547112075,"data":"  [6bba_07e24132] after division-geometry-filter+prune-isolated: 30079 nodes, 28828 edges\n"}
,{"stream_name":"stdout","time":4443.548259772,"data":"  [6bba_07e24132] after short-track filtering: 29174 nodes, 28132 edges (components_removed=209)\n"}
,{"stream_name":"stdout","time":4449.976682508,"data":"  [6bba_07e24132] FINAL: 29174 nodes, 28132 edges\n"}
,{"stream_name":"stdout","time":4452.790368244,"data":"  [6bba_085bf656] after edge-filter+motion-relink: 8411 nodes, 8087 edges\n"}
,{"stream_name":"stdout","time":4453.479037759,"data":"  [6bba_085bf656] after gap-closing (single-frame + gap2): 8432 nodes, 8126 edges\n"}
,{"stream_name":"stdout","time":4455.336822927,"data":"  [6bba_085bf656] after safe-division repair: 8432 nodes, 8129 edges (geometric_candidates=21, deepcenter_rejected=18, post_veto_candidates=3, added=3, cap_skipped=0, mutual_nn_rejected=4, divergence_rejected=101)\n"}
,{"stream_name":"stdout","time":4455.336913226,"data":"  [6bba_085bf656] after division-geometry-filter+prune-isolated: 8429 nodes, 8129 edges\n"}
,{"stream_name":"stdout","time":4455.336924535,"data":"  [6bba_085bf656] after short-track filtering: 8299 nodes, 8028 edges (components_removed=29)\n"}
,{"stream_name":"stdout","time":4457.159170798,"data":"  [6bba_085bf656] FINAL: 8299 nodes, 8028 edges\n"}
,{"stream_name":"stdout","time":4487.045280353,"data":"  [6bba_09961292] after edge-filter+motion-relink: 29958 nodes, 28816 edges\n"}
,{"stream_name":"stdout","time":4492.109937731,"data":"  [6bba_09961292] after gap-closing (single-frame + gap2): 30176 nodes, 29212 edges\n"}
,{"stream_name":"stdout","time":4496.531312215,"data":"  [6bba_09961292] after safe-division repair: 30176 nodes, 29236 edges (geometric_candidates=97, deepcenter_rejected=68, post_veto_candidates=29, added=24, cap_skipped=0, mutual_nn_rejected=73, divergence_rejected=991)\n"}
,{"stream_name":"stdout","time":4496.531365438,"data":"  [6bba_09961292] after division-geometry-filter+prune-isolated: 30170 nodes, 29236 edges\n"}
,{"stream_name":"stdout","time":4496.531375174,"data":"  [6bba_09961292] after short-track filtering: 29754 nodes, 28919 edges (components_removed=99)\n"}
,{"stream_name":"stdout","time":4502.949639406,"data":"  [6bba_09961292] FINAL: 29754 nodes, 28919 edges\n"}
,{"stream_name":"stdout","time":4502.94969128,"data":"[gap2step40] n=8 adjusted_edge_jaccard=0.9260 division_jaccard=0.2308 (tp/fp/fn=3/1/9) PROXY_SCORE=0.9490  [5.4 min]\n"}
,{"stream_name":"stdout","time":4569.375266781,"data":"  [44b6_12dfb391] after edge-filter+motion-relink: 45351 nodes, 43045 edges\n"}
,{"stream_name":"stdout","time":4577.34813623,"data":"  [44b6_12dfb391] after gap-closing (single-frame + gap2): 46009 nodes, 44290 edges\n"}
,{"stream_name":"stdout","time":4584.894742733,"data":"  [44b6_12dfb391] after safe-division repair: 46009 nodes, 44310 edges (geometric_candidates=149, deepcenter_rejected=129, post_veto_candidates=20, added=20, cap_skipped=0, mutual_nn_rejected=59, divergence_rejected=1550)\n"}
,{"stream_name":"stdout","time":4584.894795453,"data":"  [44b6_12dfb391] after division-geometry-filter+prune-isolated: 46007 nodes, 44310 edges\n"}
,{"stream_name":"stdout","time":4584.89480173,"data":"  [44b6_12dfb391] after short-track filtering: 44963 nodes, 43502 edges (components_removed=236)\n"}
,{"stream_name":"stdout","time":4594.714508958,"data":"  [44b6_12dfb391] FINAL: 44963 nodes, 43502 edges\n"}
,{"stream_name":"stdout","time":4612.75250972,"data":"  [44b6_267148e4] after edge-filter+motion-relink: 22815 nodes, 21433 edges\n"}
,{"stream_name":"stdout","time":4618.473600289,"data":"  [44b6_267148e4] after gap-closing (single-frame + gap2): 23060 nodes, 21875 edges\n"}
,{"stream_name":"stdout","time":4624.778347045,"data":"  [44b6_267148e4] after safe-division repair: 23060 nodes, 21894 edges (geometric_candidates=208, deepcenter_rejected=182, post_veto_candidates=26, added=19, cap_skipped=0, mutual_nn_rejected=132, divergence_rejected=1060)\n"}
,{"stream_name":"stdout","time":4624.778399676,"data":"  [44b6_267148e4] after division-geometry-filter+prune-isolated: 23000 nodes, 21894 edges\n"}
,{"stream_name":"stdout","time":4624.778408818,"data":"  [44b6_267148e4] after short-track filtering: 22247 nodes, 21323 edges (components_removed=182)\n"}
,{"stream_name":"stdout","time":4629.612294667,"data":"  [44b6_267148e4] FINAL: 22247 nodes, 21323 edges\n"}
,{"stream_name":"stdout","time":4684.261651504,"data":"  [44b6_2a2eff9f] after edge-filter+motion-relink: 40930 nodes, 38434 edges\n"}
,{"stream_name":"stdout","time":4693.010785326,"data":"  [44b6_2a2eff9f] after gap-closing (single-frame + gap2): 41458 nodes, 39415 edges\n"}
,{"stream_name":"stdout","time":4701.004478589,"data":"  [44b6_2a2eff9f] after safe-division repair: 41458 nodes, 39445 edges (geometric_candidates=291, deepcenter_rejected=261, post_veto_candidates=30, added=30, cap_skipped=0, mutual_nn_rejected=74, divergence_rejected=1656)\n"}
,{"stream_name":"stdout","time":4701.004527132,"data":"  [44b6_2a2eff9f] after division-geometry-filter+prune-isolated: 41454 nodes, 39445 edges\n"}
,{"stream_name":"stdout","time":4701.00453512,"data":"  [44b6_2a2eff9f] after short-track filtering: 40145 nodes, 38431 edges (components_removed=295)\n"}
,{"stream_name":"stdout","time":4709.773084268,"data":"  [44b6_2a2eff9f] FINAL: 40145 nodes, 38431 edges\n"}
,{"stream_name":"stdout","time":4712.528626037,"data":"  [44b6_341df25f] after edge-filter+motion-relink: 8525 nodes, 8212 edges\n"}
,{"stream_name":"stdout","time":4713.886028407,"data":"  [44b6_341df25f] after gap-closing (single-frame + gap2): 8571 nodes, 8292 edges\n"}
,{"stream_name":"stdout","time":4717.062626943,"data":"  [44b6_341df25f] after safe-division repair: 8571 nodes, 8303 edges (geometric_candidates=36, deepcenter_rejected=23, post_veto_candidates=13, added=11, cap_skipped=0, mutual_nn_rejected=3, divergence_rejected=140)\n"}
,{"stream_name":"stdout","time":4717.062664283,"data":"  [44b6_341df25f] after division-geometry-filter+prune-isolated: 8571 nodes, 8303 edges\n"}
,{"stream_name":"stdout","time":4717.062671129,"data":"  [44b6_341df25f] after short-track filtering: 8415 nodes, 8181 edges (components_removed=34)\n"}
,{"stream_name":"stdout","time":4718.760931726,"data":"  [44b6_341df25f] FINAL: 8415 nodes, 8181 edges\n"}
,{"stream_name":"stdout","time":4720.12757668,"data":"  [6bba_062c8d37] after edge-filter+motion-relink: 5997 nodes, 5645 edges\n"}
,{"stream_name":"stdout","time":4721.085303401,"data":"  [6bba_062c8d37] after gap-closing (single-frame + gap2): 6048 nodes, 5740 edges\n"}
,{"stream_name":"stdout","time":4722.459946339,"data":"  [6bba_062c8d37] after safe-division repair: 6048 nodes, 5744 edges (geometric_candidates=15, deepcenter_rejected=11, post_veto_candidates=4, added=4, cap_skipped=0, mutual_nn_rejected=3, divergence_rejected=66)\n"}
,{"stream_name":"stdout","time":4722.459991151,"data":"  [6bba_062c8d37] after division-geometry-filter+prune-isolated: 6022 nodes, 5744 edges\n"}
,{"stream_name":"stdout","time":4722.459996082,"data":"  [6bba_062c8d37] after short-track filtering: 5853 nodes, 5620 edges (components_removed=45)\n"}
,{"stream_name":"stdout","time":4723.658276228,"data":"  [6bba_062c8d37] FINAL: 5853 nodes, 5620 edges\n"}
,{"stream_name":"stdout","time":4752.866543815,"data":"  [6bba_07e24132] after edge-filter+motion-relink: 29750 nodes, 28212 edges\n"}
,{"stream_name":"stdout","time":4759.041670568,"data":"  [6bba_07e24132] after gap-closing (single-frame + gap2): 30085 nodes, 28824 edges\n"}
,{"stream_name":"stdout","time":4764.373238224,"data":"  [6bba_07e24132] after safe-division repair: 30085 nodes, 28828 edges (geometric_candidates=119, deepcenter_rejected=114, post_veto_candidates=5, added=4, cap_skipped=0, mutual_nn_rejected=68, divergence_rejected=1005)\n"}
,{"stream_name":"stdout","time":4764.373298751,"data":"  [6bba_07e24132] after division-geometry-filter+prune-isolated: 30079 nodes, 28828 edges\n"}
,{"stream_name":"stdout","time":4764.373313276,"data":"  [6bba_07e24132] after short-track filtering: 29174 nodes, 28132 edges (components_removed=209)\n"}
,{"stream_name":"stdout","time":4770.638719253,"data":"  [6bba_07e24132] FINAL: 29174 nodes, 28132 edges\n"}
,{"stream_name":"stdout","time":4773.402647596,"data":"  [6bba_085bf656] after edge-filter+motion-relink: 8411 nodes, 8087 edges\n"}
,{"stream_name":"stdout","time":4774.072808597,"data":"  [6bba_085bf656] after gap-closing (single-frame + gap2): 8432 nodes, 8126 edges\n"}
,{"stream_name":"stdout","time":4775.858511596,"data":"  [6bba_085bf656] after safe-division repair: 8432 nodes, 8129 edges (geometric_candidates=21, deepcenter_rejected=18, post_veto_candidates=3, added=3, cap_skipped=0, mutual_nn_rejected=4, divergence_rejected=101)\n"}
,{"stream_name":"stdout","time":4775.85865305,"data":"  [6bba_085bf656] after division-geometry-filter+prune-isolated: 8429 nodes, 8129 edges\n"}
,{"stream_name":"stdout","time":4775.858660694,"data":"  [6bba_085bf656] after short-track filtering: 8299 nodes, 8028 edges (components_removed=29)\n"}
,{"stream_name":"stdout","time":4777.679598939,"data":"  [6bba_085bf656] FINAL: 8299 nodes, 8028 edges\n"}
,{"stream_name":"stdout","time":4807.245697982,"data":"  [6bba_09961292] after edge-filter+motion-relink: 29958 nodes, 28816 edges\n"}
,{"stream_name":"stdout","time":4812.419340717,"data":"  [6bba_09961292] after gap-closing (single-frame + gap2): 30176 nodes, 29212 edges\n"}
,{"stream_name":"stdout","time":4816.999147309,"data":"  [6bba_09961292] after safe-division repair: 30176 nodes, 29236 edges (geometric_candidates=97, deepcenter_rejected=68, post_veto_candidates=29, added=24, cap_skipped=0, mutual_nn_rejected=73, divergence_rejected=991)\n"}
,{"stream_name":"stdout","time":4816.999187493,"data":"  [6bba_09961292] after division-geometry-filter+prune-isolated: 30170 nodes, 29236 edges\n"}
,{"stream_name":"stdout","time":4816.999192086,"data":"  [6bba_09961292] after short-track filtering: 29754 nodes, 28919 edges (components_removed=99)\n"}
,{"stream_name":"stdout","time":4823.382913249,"data":"  [6bba_09961292] FINAL: 29754 nodes, 28919 edges\n"}
,{"stream_name":"stdout","time":4823.382966413,"data":"[reuse28] n=8 adjusted_edge_jaccard=0.9260 division_jaccard=0.2308 (tp/fp/fn=3/1/9) PROXY_SCORE=0.9490  [5.3 min]\n"}
,{"stream_name":"stdout","time":4889.855287162,"data":"  [44b6_12dfb391] after edge-filter+motion-relink: 45351 nodes, 43045 edges\n"}
,{"stream_name":"stdout","time":4897.678389526,"data":"  [44b6_12dfb391] after gap-closing (single-frame + gap2): 45995 nodes, 44261 edges\n"}
,{"stream_name":"stdout","time":4905.062425635,"data":"  [44b6_12dfb391] after safe-division repair: 45995 nodes, 44282 edges (geometric_candidates=152, deepcenter_rejected=131, post_veto_candidates=21, added=21, cap_skipped=0, mutual_nn_rejected=59, divergence_rejected=1567)\n"}
,{"stream_name":"stdout","time":4905.062482013,"data":"  [44b6_12dfb391] after division-geometry-filter+prune-isolated: 45993 nodes, 44282 edges\n"}
,{"stream_name":"stdout","time":4905.062503801,"data":"  [44b6_12dfb391] after short-track filtering: 44927 nodes, 43457 edges (components_removed=241)\n"}
,{"stream_name":"stdout","time":4914.910243193,"data":"  [44b6_12dfb391] FINAL: 44927 nodes, 43457 edges\n"}
,{"stream_name":"stdout","time":4933.081431911,"data":"  [44b6_267148e4] after edge-filter+motion-relink: 22815 nodes, 21433 edges\n"}
,{"stream_name":"stdout","time":4938.811246638,"data":"  [44b6_267148e4] after gap-closing (single-frame + gap2): 23053 nodes, 21861 edges\n"}
,{"stream_name":"stdout","time":4945.060045352,"data":"  [44b6_267148e4] after safe-division repair: 23053 nodes, 21880 edges (geometric_candidates=210, deepcenter_rejected=184, post_veto_candidates=26, added=19, cap_skipped=0, mutual_nn_rejected=132, divergence_rejected=1070)\n"}
,{"stream_name":"stdout","time":4945.060102724,"data":"  [44b6_267148e4] after division-geometry-filter+prune-isolated: 22992 nodes, 21880 edges\n"}
,{"stream_name":"stdout","time":4945.060112099,"data":"  [44b6_267148e4] after short-track filtering: 22230 nodes, 21302 edges (components_removed=184)\n"}
,{"stream_name":"stdout","time":4949.802849138,"data":"  [44b6_267148e4] FINAL: 22230 nodes, 21302 edges\n"}
,{"stream_name":"stdout","time":5003.488047155,"data":"  [44b6_2a2eff9f] after edge-filter+motion-relink: 40930 nodes, 38434 edges\n"}
,{"stream_name":"stdout","time":5011.643433442,"data":"  [44b6_2a2eff9f] after gap-closing (single-frame + gap2): 41443 nodes, 39385 edges\n"}
,{"stream_name":"stdout","time":5019.522079631,"data":"  [44b6_2a2eff9f] after safe-division repair: 41443 nodes, 39416 edges (geometric_candidates=295, deepcenter_rejected=264, post_veto_candidates=31, added=31, cap_skipped=0, mutual_nn_rejected=75, divergence_rejected=1677)\n"}
,{"stream_name":"stdout","time":5019.522134981,"data":"  [44b6_2a2eff9f] after division-geometry-filter+prune-isolated: 41439 nodes, 39416 edges\n"}
,{"stream_name":"stdout","time":5019.522142708,"data":"  [44b6_2a2eff9f] after short-track filtering: 40107 nodes, 38384 edges (components_removed=300)\n"}
,{"stream_name":"stdout","time":5028.310679327,"data":"  [44b6_2a2eff9f] FINAL: 40107 nodes, 38384 edges\n"}
,{"stream_name":"stdout","time":5031.09265377,"data":"  [44b6_341df25f] after edge-filter+motion-relink: 8525 nodes, 8212 edges\n"}
,{"stream_name":"stdout","time":5032.335026401,"data":"  [44b6_341df25f] after gap-closing (single-frame + gap2): 8571 nodes, 8292 edges\n"}
,{"stream_name":"stdout","time":5035.256737559,"data":"  [44b6_341df25f] after safe-division repair: 8571 nodes, 8303 edges (geometric_candidates=36, deepcenter_rejected=23, post_veto_candidates=13, added=11, cap_skipped=0, mutual_nn_rejected=3, divergence_rejected=140)\n"}
,{"stream_name":"stdout","time":5035.256802874,"data":"  [44b6_341df25f] after division-geometry-filter+prune-isolated: 8571 nodes, 8303 edges\n"}
,{"stream_name":"stdout","time":5035.256813096,"data":"  [44b6_341df25f] after short-track filtering: 8415 nodes, 8181 edges (components_removed=34)\n"}
,{"stream_name":"stdout","time":5036.954604699,"data":"  [44b6_341df25f] FINAL: 8415 nodes, 8181 edges\n"}
,{"stream_name":"stdout","time":5038.325857565,"data":"  [6bba_062c8d37] after edge-filter+motion-relink: 5997 nodes, 5645 edges\n"}
,{"stream_name":"stdout","time":5039.176222793,"data":"  [6bba_062c8d37] after gap-closing (single-frame + gap2): 6048 nodes, 5740 edges\n"}
,{"stream_name":"stdout","time":5040.472018034,"data":"  [6bba_062c8d37] after safe-division repair: 6048 nodes, 5744 edges (geometric_candidates=15, deepcenter_rejected=11, post_veto_candidates=4, added=4, cap_skipped=0, mutual_nn_rejected=3, divergence_rejected=66)\n"}
,{"stream_name":"stdout","time":5040.472092989,"data":"  [6bba_062c8d37] after division-geometry-filter+prune-isolated: 6022 nodes, 5744 edges\n"}
,{"stream_name":"stdout","time":5040.472101756,"data":"  [6bba_062c8d37] after short-track filtering: 5853 nodes, 5620 edges (components_removed=45)\n"}
,{"stream_name":"stdout","time":5041.811222999,"data":"  [6bba_062c8d37] FINAL: 5853 nodes, 5620 edges\n"}
,{"stream_name":"stdout","time":5070.523772997,"data":"  [6bba_07e24132] after edge-filter+motion-relink: 29750 nodes, 28212 edges\n"}
,{"stream_name":"stdout","time":5076.568567585,"data":"  [6bba_07e24132] after gap-closing (single-frame + gap2): 30084 nodes, 28822 edges\n"}
,{"stream_name":"stdout","time":5081.857887672,"data":"  [6bba_07e24132] after safe-division repair: 30084 nodes, 28826 edges (geometric_candidates=119, deepcenter_rejected=114, post_veto_candidates=5, added=4, cap_skipped=0, mutual_nn_rejected=68, divergence_rejected=1005)\n"}
,{"stream_name":"stdout","time":5081.857968724,"data":"  [6bba_07e24132] after division-geometry-filter+prune-isolated: 30078 nodes, 28826 edges\n"}
,{"stream_name":"stdout","time":5081.85798675,"data":"  [6bba_07e24132] after short-track filtering: 29173 nodes, 28130 edges (components_removed=209)\n"}
,{"stream_name":"stdout","time":5088.102335937,"data":"  [6bba_07e24132] FINAL: 29173 nodes, 28130 edges\n"}
,{"stream_name":"stdout","time":5090.787509716,"data":"  [6bba_085bf656] after edge-filter+motion-relink: 8411 nodes, 8087 edges\n"}
,{"stream_name":"stdout","time":5091.48035426,"data":"  [6bba_085bf656] after gap-closing (single-frame + gap2): 8432 nodes, 8126 edges\n"}
,{"stream_name":"stdout","time":5093.238831873,"data":"  [6bba_085bf656] after safe-division repair: 8432 nodes, 8129 edges (geometric_candidates=21, deepcenter_rejected=18, post_veto_candidates=3, added=3, cap_skipped=0, mutual_nn_rejected=4, divergence_rejected=101)\n"}
,{"stream_name":"stdout","time":5093.239023417,"data":"  [6bba_085bf656] after division-geometry-filter+prune-isolated: 8429 nodes, 8129 edges\n"}
,{"stream_name":"stdout","time":5093.240245673,"data":"  [6bba_085bf656] after short-track filtering: 8299 nodes, 8028 edges (components_removed=29)\n"}
,{"stream_name":"stdout","time":5094.995202121,"data":"  [6bba_085bf656] FINAL: 8299 nodes, 8028 edges\n"}
,{"stream_name":"stdout","time":5124.283003486,"data":"  [6bba_09961292] after edge-filter+motion-relink: 29958 nodes, 28816 edges\n"}
,{"stream_name":"stdout","time":5129.320526059,"data":"  [6bba_09961292] after gap-closing (single-frame + gap2): 30171 nodes, 29202 edges\n"}
,{"stream_name":"stdout","time":5133.787567666,"data":"  [6bba_09961292] after safe-division repair: 30171 nodes, 29226 edges (geometric_candidates=97, deepcenter_rejected=68, post_veto_candidates=29, added=24, cap_skipped=0, mutual_nn_rejected=73, divergence_rejected=1001)\n"}
,{"stream_name":"stdout","time":5133.787642535,"data":"  [6bba_09961292] after division-geometry-filter+prune-isolated: 30165 nodes, 29226 edges\n"}
,{"stream_name":"stdout","time":5133.787653578,"data":"  [6bba_09961292] after short-track filtering: 29747 nodes, 28908 edges (components_removed=100)\n"}
,{"stream_name":"stdout","time":5140.284313208,"data":"  [6bba_09961292] FINAL: 29747 nodes, 28908 edges\n"}
,{"stream_name":"stdout","time":5140.555849585,"data":"[dcgap035] n=8 adjusted_edge_jaccard=0.9260 division_jaccard=0.2308 (tp/fp/fn=3/1/9) PROXY_SCORE=0.9491  [5.3 min]\n"}
,{"stream_name":"stdout","time":5140.555930666,"data":"\n"}
,{"stream_name":"stdout","time":5140.555940312,"data":"==============================================================================\n"}
,{"stream_name":"stdout","time":5140.555945494,"data":"SWEEP TABLE (sorted by PROXY_SCORE)\n"}
,{"stream_name":"stdout","time":5140.55595021,"data":"==============================================================================\n"}
,{"stream_name":"stdout","time":5140.555955041,"data":"  tight55                                  proxy=0.9511 (+0.0021)  adj=0.9280  divJ=0.2308 (tp/fp/fn=3/1/9)\n"}
,{"stream_name":"stdout","time":5140.55596587,"data":"  dcgap035                                 proxy=0.9491 (+0.0000)  adj=0.9260  divJ=0.2308 (tp/fp/fn=3/1/9)\n"}
,{"stream_name":"stdout","time":5140.555970974,"data":"  gap45                                    proxy=0.9491 (+0.0000)  adj=0.9260  divJ=0.2308 (tp/fp/fn=3/1/9)\n"}
,{"stream_name":"stdout","time":5140.555988991,"data":"  bonus125                                 proxy=0.9490 (+0.0000)  adj=0.9260  divJ=0.2308 (tp/fp/fn=3/1/9)\n"}
,{"stream_name":"stdout","time":5140.555995057,"data":"  base                                     proxy=0.9490 (+0.0000)  adj=0.9260  divJ=0.2308 (tp/fp/fn=3/1/9)\n"}
,{"stream_name":"stdout","time":5140.556000285,"data":"  gap2step40                               proxy=0.9490 (+0.0000)  adj=0.9260  divJ=0.2308 (tp/fp/fn=3/1/9)\n"}
,{"stream_name":"stdout","time":5140.5560058,"data":"  reuse28                                  proxy=0.9490 (+0.0000)  adj=0.9260  divJ=0.2308 (tp/fp/fn=3/1/9)\n"}
,{"stream_name":"stdout","time":5140.556011182,"data":"  relaxed9                                 proxy=0.9481 (-0.0010)  adj=0.9266  divJ=0.2143 (tp/fp/fn=3/2/9)\n"}
,{"stream_name":"stdout","time":5140.556035049,"data":"\n"}
,{"stream_name":"stdout","time":5140.556039294,"data":"SELECTED: tight55  overrides={'MOTION_RELINK_TIGHT_UM': 5.5}  (margin rule: \u003e= +0.001 proxy and adj loss \u003c= 0.0005)\n"}
,{"stream_name":"stdout","time":5140.556043662,"data":"  base     proxy=0.9490 adj=0.9260 divJ=0.2308\n"}
,{"stream_name":"stdout","time":5140.556047234,"data":"  selected proxy=0.9511 adj=0.9280 divJ=0.2308\n"}
,{"stream_name":"stdout","time":5140.556051352,"data":"\n"}
,{"stream_name":"stdout","time":5140.556157228,"data":"Re-writing submission.csv with the selected post-process configuration: tight55\n"}
,{"stream_name":"stdout","time":5140.556183354,"data":"Found 4 prediction graphs\n"}
,{"stream_name":"stdout","time":5163.02318651,"data":"  [44b6_0113de3b] after edge-filter+motion-relink: 25822 nodes, 24951 edges\n"}
,{"stream_name":"stdout","time":5164.928077306,"data":"  [44b6_0113de3b] after gap-closing (single-frame + gap2): 25882 nodes, 25063 edges\n"}
,{"stream_name":"stdout","time":5172.447583734,"data":"  [44b6_0113de3b] after safe-division repair: 25882 nodes, 25114 edges (geometric_candidates=172, deepcenter_rejected=112, post_veto_candidates=60, added=51, cap_skipped=0, mutual_nn_rejected=60, divergence_rejected=535)\n"}
,{"stream_name":"stdout","time":5172.447639266,"data":"  [44b6_0113de3b] after division-geometry-filter+prune-isolated: 25877 nodes, 25114 edges\n"}
,{"stream_name":"stdout","time":5172.44764586,"data":"  [44b6_0113de3b] after short-track filtering: 25637 nodes, 24929 edges (components_removed=55)\n"}
,{"stream_name":"stdout","time":5178.105833399,"data":"  [44b6_0113de3b] FINAL: 25637 nodes, 24929 edges\n"}
,{"stream_name":"stdout","time":5195.625909711,"data":"  [44b6_0b24845f] after edge-filter+motion-relink: 22493 nodes, 20374 edges\n"}
,{"stream_name":"stdout","time":5203.993212183,"data":"  [44b6_0b24845f] after gap-closing (single-frame + gap2): 22880 nodes, 21076 edges\n"}
,{"stream_name":"stdout","time":5210.471404443,"data":"  [44b6_0b24845f] after safe-division repair: 22880 nodes, 21091 edges (geometric_candidates=229, deepcenter_rejected=212, post_veto_candidates=17, added=15, cap_skipped=0, mutual_nn_rejected=58, divergence_rejected=910)\n"}
,{"stream_name":"stdout","time":5210.471461136,"data":"  [44b6_0b24845f] after division-geometry-filter+prune-isolated: 22864 nodes, 21091 edges\n"}
,{"stream_name":"stdout","time":5210.471470604,"data":"  [44b6_0b24845f] after short-track filtering: 20744 nodes, 19456 edges (components_removed=485)\n"}
,{"stream_name":"stdout","time":5214.923863444,"data":"  [44b6_0b24845f] FINAL: 20744 nodes, 19456 edges\n"}
,{"stream_name":"stdout","time":5216.715485676,"data":"  [6bba_05b6850b] after edge-filter+motion-relink: 6304 nodes, 6032 edges\n"}
,{"stream_name":"stdout","time":5217.522471449,"data":"  [6bba_05b6850b] after gap-closing (single-frame + gap2): 6335 nodes, 6088 edges\n"}
,{"stream_name":"stdout","time":5219.288561253,"data":"  [6bba_05b6850b] after safe-division repair: 6335 nodes, 6097 edges (geometric_candidates=22, deepcenter_rejected=13, post_veto_candidates=9, added=9, cap_skipped=0, mutual_nn_rejected=5, divergence_rejected=81)\n"}
,{"stream_name":"stdout","time":5219.288616624,"data":"  [6bba_05b6850b] after division-geometry-filter+prune-isolated: 6334 nodes, 6097 edges\n"}
,{"stream_name":"stdout","time":5219.288626246,"data":"  [6bba_05b6850b] after short-track filtering: 6151 nodes, 5957 edges (components_removed=43)\n"}
,{"stream_name":"stdout","time":5220.614545027,"data":"  [6bba_05b6850b] FINAL: 6151 nodes, 5957 edges\n"}
,{"stream_name":"stdout","time":5383.474575201,"data":"  [6bba_05db0fb1] after edge-filter+motion-relink: 70673 nodes, 67975 edges\n"}
,{"stream_name":"stdout","time":5392.845739006,"data":"  [6bba_05db0fb1] after gap-closing (single-frame + gap2): 71095 nodes, 68762 edges\n"}
,{"stream_name":"stdout","time":5402.019110966,"data":"  [6bba_05db0fb1] after safe-division repair: 71095 nodes, 68788 edges (geometric_candidates=304, deepcenter_rejected=273, post_veto_candidates=31, added=26, cap_skipped=0, mutual_nn_rejected=264, divergence_rejected=2655)\n"}
,{"stream_name":"stdout","time":5402.019178487,"data":"  [6bba_05db0fb1] after division-geometry-filter+prune-isolated: 71068 nodes, 68788 edges\n"}
,{"stream_name":"stdout","time":5402.2464259,"data":"  [6bba_05db0fb1] after short-track filtering: 70259 nodes, 68167 edges (components_removed=188)\n"}
,{"stream_name":"stdout","time":5417.316913202,"data":"  [6bba_05db0fb1] FINAL: 70259 nodes, 68167 edges\n"}
,{"stream_name":"stdout","time":5417.697038494,"data":"Wrote /kaggle/working/submission.csv with 241,300 rows\n"}
,{"stream_name":"stdout","time":5417.697070074,"data":"Node rows: 122,791 | edge rows: 118,509\n"}
,{"stream_name":"stdout","time":5417.697075896,"data":"Wrote /kaggle/working/run_stats.csv\n"}
,{"stream_name":"stdout","time":5418.134423787,"data":"  44b6_0113de3b: nodes=25637 edges=24929 divisions=51\n"}
,{"stream_name":"stdout","time":5418.134464406,"data":"  44b6_0b24845f: nodes=20744 edges=19456 divisions=15\n"}
,{"stream_name":"stdout","time":5418.134471409,"data":"  6bba_05b6850b: nodes=6151 edges=5957 divisions=9\n"}
,{"stream_name":"stdout","time":5418.134476543,"data":"  6bba_05db0fb1: nodes=70259 edges=68167 divisions=26\n"}
,{"stream_name":"stdout","time":5418.134481584,"data":"Final submission.csv rows=241300  config=tight55\n"}
,{"stream_name":"stdout","time":5418.29694544,"data":"==============================================================================\n"}
,{"stream_name":"stdout","time":5418.297001815,"data":"PIPELINE MANIFEST -- resolved state, not just config\n"}
,{"stream_name":"stdout","time":5418.297008946,"data":"==============================================================================\n"}
,{"stream_name":"stdout","time":5418.297014617,"data":"Dual-seed ensemble:      requested=True  weights_found=True\n"}
,{"stream_name":"stdout","time":5418.297019832,"data":"Bidirectional fusion:    weight=0.15  active=True  mode=harmonic_probability\n"}
,{"stream_name":"stdout","time":5418.297025743,"data":"DeepCenter veto:         requested=True  loaded=True\n"}
,{"stream_name":"stdout","time":5418.297031359,"data":"  - checkpoint file:     /kaggle/input/datasets/pilkwang/biohub-deepcenter-unet3d-center-prior-v1/weights/full_frame_center/best.pt\n"}
,{"stream_name":"stdout","time":5418.297036964,"data":"  - expected epoch:      2\n"}
,{"stream_name":"stdout","time":5418.297042901,"data":"  - gap veto:            True\n"}
,{"stream_name":"stdout","time":5418.297048412,"data":"  - safe-div veto:       True\n"}
,{"stream_name":"stdout","time":5418.297053908,"data":"Safe-div thresholds:     parent\u003c=9.0um  sister\u003c=14.0um  global_cap=0.00375  frame_cap=0.0076\n"}
,{"stream_name":"stdout","time":5418.297060479,"data":"Validator:               enabled=True  held_out_samples=8  match_radius=7.0um\n"}
,{"stream_name":"stdout","time":5418.297066291,"data":"==============================================================================\n"}
,{"stream_name":"stdout","time":5420.790852452,"data":"PUBLIC946_FINAL_AUDIT_PASS {\"receipt\": \"public946_final_audit.json\", \"rows\": 241300, \"selected\": \"tight55\", \"sha256\": \"8e0d91777cb1303ddeed68184debe14c260c6ad75a63b9ec2337a8f578c981bf\"}\n"}
,{"stream_name":"stderr","time":5426.124426376,"data":"/usr/local/lib/python3.12/dist-packages/mistune.py:435: SyntaxWarning: invalid escape sequence '\\|'\n"}
,{"stream_name":"stderr","time":5426.124473687,"data":"  cells[i][c] = re.sub('\\\\\\\\\\|', '|', cell)\n"}
,{"stream_name":"stderr","time":5426.272184503,"data":"/usr/local/lib/python3.12/dist-packages/nbconvert/filters/filter_links.py:36: SyntaxWarning: invalid escape sequence '\\_'\n"}
,{"stream_name":"stderr","time":5426.272215149,"data":"  text = re.sub(r'_', '\\_', text) # Escape underscores in display text\n"}
,{"stream_name":"stderr","time":5426.999106865,"data":"[NbConvertApp] Converting notebook __notebook__.ipynb to notebook\n"}
,{"stream_name":"stderr","time":5427.544434216,"data":"[NbConvertApp] Writing 717058 bytes to __notebook__.ipynb\n"}
,{"stream_name":"stderr","time":5430.169721527,"data":"[NbConvertApp] Converting notebook __notebook__.ipynb to html\n"}
,{"stream_name":"stderr","time":5431.926939463,"data":"[NbConvertApp] Writing 1734625 bytes to __results__.html\n"}
]