[{"stream_name":"stderr","time":7.830260151,"data":"0.00s - Debugger warning: It seems that frozen modules are being used, which may\n"}
,{"stream_name":"stderr","time":7.830341391,"data":"0.00s - make the debugger miss breakpoints. Please pass -Xfrozen_modules=off\n"}
,{"stream_name":"stderr","time":7.830346135,"data":"0.00s - to python to disable frozen modules.\n"}
,{"stream_name":"stderr","time":7.830348733,"data":"0.00s - Note: Debugging will proceed. Set PYDEVD_DISABLE_FILE_VALIDATION=1 to disable this validation.\n"}
,{"stream_name":"stderr","time":8.452210231,"data":"0.00s - Debugger warning: It seems that frozen modules are being used, which may\n"}
,{"stream_name":"stderr","time":8.45224154,"data":"0.00s - make the debugger miss breakpoints. Please pass -Xfrozen_modules=off\n"}
,{"stream_name":"stderr","time":8.45224727,"data":"0.00s - to python to disable frozen modules.\n"}
,{"stream_name":"stderr","time":8.452251628,"data":"0.00s - Note: Debugging will proceed. Set PYDEVD_DISABLE_FILE_VALIDATION=1 to disable this validation.\n"}
,{"stream_name":"stdout","time":9.576002803,"data":"BIOHUB_PRESET: harmonic_v3_division_wide\n"}
,{"stream_name":"stdout","time":9.576049567,"data":"BIOHUB_SCORE_AXIS: public 0.939 base + holdout-selected post-process configuration\n"}
,{"stream_name":"stdout","time":9.597213982,"data":"Configuration guard: PASS\n"}
,{"stream_name":"stdout","time":9.597235963,"data":"Baseline: fixed-90 dual-seed clean pipeline (public LB 0.913)\n"}
,{"stream_name":"stdout","time":9.597241172,"data":"Single model-level change: harmonic mutual-support association fusion\n"}
,{"stream_name":"stdout","time":9.597245033,"data":"Reverse-time association weight: 0.200\n"}
,{"stream_name":"stdout","time":10.470508151,"data":"Biohub learned UNet + node-transformer + ILP submission\n"}
,{"stream_name":"stdout","time":10.470537787,"data":"COMP_DIR: /kaggle/input/competitions/biohub-cell-tracking-during-development exists: True\n"}
,{"stream_name":"stdout","time":10.470541994,"data":"TEST_DIR: /kaggle/input/competitions/biohub-cell-tracking-during-development/test exists: True\n"}
,{"stream_name":"stdout","time":10.4705457,"data":"{\n"}
,{"stream_name":"stdout","time":10.470550677,"data":"  \"adaptive_short_track_rescue\": true,\n"}
,{"stream_name":"stdout","time":10.470558211,"data":"  \"allow_artifact_fallback\": false,\n"}
,{"stream_name":"stdout","time":10.470560825,"data":"  \"allow_pip_install\": false,\n"}
,{"stream_name":"stdout","time":10.470563221,"data":"  \"deepcenter_checkpoint_default\": \"/kaggle/input/biohub-deepcenter-unet3d-center-prior-v1/weights/full_frame_center/best.pt\",\n"}
,{"stream_name":"stdout","time":10.470565817,"data":"  \"deepcenter_expected_epoch\": 2,\n"}
,{"stream_name":"stdout","time":10.470585975,"data":"  \"deepcenter_gap_add_gate\": true,\n"}
,{"stream_name":"stdout","time":10.470590156,"data":"  \"deepcenter_gap_confirm_min_span_um\": 8.5,\n"}
,{"stream_name":"stdout","time":10.470594302,"data":"  \"deepcenter_gap_threshold\": 0.25,\n"}
,{"stream_name":"stdout","time":10.470598658,"data":"  \"deepcenter_safe_div_add_gate\": true,\n"}
,{"stream_name":"stdout","time":10.470602446000001,"data":"  \"deepcenter_safe_div_threshold\": 0.25,\n"}
,{"stream_name":"stdout","time":10.470606565,"data":"  \"det_threshold\": 0.965,\n"}
,{"stream_name":"stdout","time":10.470610449,"data":"  \"div_drop_to_single_if_bad\": true,\n"}
,{"stream_name":"stdout","time":10.470614337,"data":"  \"div_parent_max_um\": 10.5,\n"}
,{"stream_name":"stdout","time":10.47061779,"data":"  \"div_sister_max_um\": 8.0,\n"}
,{"stream_name":"stdout","time":10.470621179,"data":"  \"experiment_tag\": \"selected_101_dual_seed_near_balanced_center_confirmed_synthetic_gap\",\n"}
,{"stream_name":"stdout","time":10.470637744,"data":"  \"gap2_frame_frac_cap\": 0.006,\n"}
,{"stream_name":"stdout","time":10.470641259,"data":"  \"gap2_max_links_abs\": 180,\n"}
,{"stream_name":"stdout","time":10.470644728,"data":"  \"gap2_max_links_frac\": 0.0045,\n"}
,{"stream_name":"stdout","time":10.470648111,"data":"  \"gap2_max_step_um\": 4.4,\n"}
,{"stream_name":"stdout","time":10.470651498,"data":"  \"gap2_max_total_um\": 10.2,\n"}
,{"stream_name":"stdout","time":10.470654861,"data":"  \"gap2_require_context\": true,\n"}
,{"stream_name":"stdout","time":10.470658269,"data":"  \"gap_close_effective_max_gap\": 1,\n"}
,{"stream_name":"stdout","time":10.470661591,"data":"  \"gap_close_max_added_abs\": 2000,\n"}
,{"stream_name":"stdout","time":10.470665014,"data":"  \"gap_close_max_added_frac\": 0.05,\n"}
,{"stream_name":"stdout","time":10.470668561,"data":"  \"gap_close_max_gap\": 2,\n"}
,{"stream_name":"stdout","time":10.470689656,"data":"  \"gap_close_reuse_existing\": true,\n"}
,{"stream_name":"stdout","time":10.470693782,"data":"  \"gap_close_reuse_um\": 3.2,\n"}
,{"stream_name":"stdout","time":10.470698147,"data":"  \"gap_close_um\": 5.0,\n"}
,{"stream_name":"stdout","time":10.470701476,"data":"  \"gap_density_adaptive\": true,\n"}
,{"stream_name":"stdout","time":10.470705556,"data":"  \"gap_density_gain\": 0.04,\n"}
,{"stream_name":"stdout","time":10.470709602,"data":"  \"gap_density_max_step_delta_um\": 0.125,\n"}
,{"stream_name":"stdout","time":10.470713609,"data":"  \"gap_density_neighbors\": 3,\n"}
,{"stream_name":"stdout","time":10.470717975,"data":"  \"gap_density_reference_um\": 6.5,\n"}
,{"stream_name":"stdout","time":10.470721432,"data":"  \"gap_refine_max_shift_um\": 3.2,\n"}
,{"stream_name":"stdout","time":10.470724992,"data":"  \"gap_refine_synthetic\": true,\n"}
,{"stream_name":"stdout","time":10.470728835,"data":"  \"gap_refine_win_yx\": 3,\n"}
,{"stream_name":"stdout","time":10.470732911,"data":"  \"gap_refine_win_z\": 1,\n"}
,{"stream_name":"stdout","time":10.47073633,"data":"  \"ilp_appearance_weight\": 0.0,\n"}
,{"stream_name":"stdout","time":10.470739777,"data":"  \"ilp_disappearance_weight\": 2.0,\n"}
,{"stream_name":"stdout","time":10.470743173,"data":"  \"ilp_division_weight\": 1.2,\n"}
,{"stream_name":"stdout","time":10.470746516,"data":"  \"ilp_edge_weight\": -1.0,\n"}
,{"stream_name":"stdout","time":10.470750051,"data":"  \"method\": \"unet_transformer\",\n"}
,{"stream_name":"stdout","time":10.470753536,"data":"  \"motion_relink_learned_bonus\": 1.0,\n"}
,{"stream_name":"stdout","time":10.470756826,"data":"  \"motion_relink_max_frame_nodes\": 2600,\n"}
,{"stream_name":"stdout","time":10.470760036,"data":"  \"motion_relink_relaxed_um\": 10.0,\n"}
,{"stream_name":"stdout","time":10.470763463,"data":"  \"motion_relink_tight_um\": 6.0,\n"}
,{"stream_name":"stdout","time":10.470878189,"data":"  \"motion_relink_velocity_weight\": 0.5,\n"}
,{"stream_name":"stdout","time":10.470890702,"data":"  \"output_division_geometry_filter\": false,\n"}
,{"stream_name":"stdout","time":10.47089506,"data":"  \"output_edge_max_um\": 14.0,\n"}
,{"stream_name":"stdout","time":10.470902763,"data":"  \"output_enforce_next_frame\": true,\n"}
,{"stream_name":"stdout","time":10.470906667,"data":"  \"output_filter_short_tracks\": true,\n"}
,{"stream_name":"stdout","time":10.470910109,"data":"  \"output_gap2_recovery\": true,\n"}
,{"stream_name":"stdout","time":10.470913417,"data":"  \"output_gap_close\": true,\n"}
,{"stream_name":"stdout","time":10.470916885,"data":"  \"output_keep_division_components\": true,\n"}
,{"stream_name":"stdout","time":10.470928727,"data":"  \"output_linefit_smooth\": true,\n"}
,{"stream_name":"stdout","time":10.470933961,"data":"  \"output_linefit_weight\": 0.8,\n"}
,{"stream_name":"stdout","time":10.470952611,"data":"  \"output_linefit_window\": 2,\n"}
,{"stream_name":"stdout","time":10.47095687,"data":"  \"output_min_track_len\": 6,\n"}
,{"stream_name":"stdout","time":10.470961085999999,"data":"  \"output_motion_relink\": true,\n"}
,{"stream_name":"stdout","time":10.470964712,"data":"  \"output_prune_isolated\": true,\n"}
,{"stream_name":"stdout","time":10.470968769,"data":"  \"output_safe_divisions\": true,\n"}
,{"stream_name":"stdout","time":10.470972742,"data":"  \"output_single_child_repair\": false,\n"}
,{"stream_name":"stdout","time":10.470976199,"data":"  \"output_single_parent_repair\": true,\n"}
,{"stream_name":"stdout","time":10.470979707,"data":"  \"primary_artifact_manifest\": \"/kaggle/input/datasets/pilkwang/biohub-tracking-support-pack-50ep-v1/ARTIFACT_MANIFEST.json\",\n"}
,{"stream_name":"stdout","time":10.47098361,"data":"  \"safe_div_existing_child_max_um\": 10.0,\n"}
,{"stream_name":"stdout","time":10.470987067,"data":"  \"safe_div_frame_frac_cap\": 0.0076,\n"}
,{"stream_name":"stdout","time":10.470990475,"data":"  \"safe_div_global_frac_cap\": 0.00375,\n"}
,{"stream_name":"stdout","time":10.470993956,"data":"  \"safe_div_max_um\": 9.0,\n"}
,{"stream_name":"stdout","time":10.470997306,"data":"  \"safe_div_sister_max_um\": 14.0,\n"}
,{"stream_name":"stdout","time":10.471000661,"data":"  \"short_track_rescue_max_mean_edge_dist_um\": 3.0,\n"}
,{"stream_name":"stdout","time":10.471004086,"data":"  \"short_track_rescue_max_nodes_abs\": 120,\n"}
,{"stream_name":"stdout","time":10.47100758,"data":"  \"short_track_rescue_max_nodes_frac\": 0.012,\n"}
,{"stream_name":"stdout","time":10.471017199,"data":"  \"short_track_rescue_min_len\": 4,\n"}
,{"stream_name":"stdout","time":10.471020584,"data":"  \"short_track_rescue_min_mean_edge_prob\": 0.88,\n"}
,{"stream_name":"stdout","time":10.471024051,"data":"  \"short_track_rescue_trigger_removed_frac\": 0.1,\n"}
,{"stream_name":"stdout","time":10.471029145,"data":"  \"slice\": \"\",\n"}
,{"stream_name":"stdout","time":10.471036249,"data":"  \"target_artifact_slug\": \"biohub-tracking-support-pack-50ep-v1\",\n"}
,{"stream_name":"stdout","time":10.471051856,"data":"  \"unet_batch_size\": 4,\n"}
,{"stream_name":"stdout","time":10.471056137,"data":"  \"use_deepcenter_add_only_gate\": true,\n"}
,{"stream_name":"stdout","time":10.471059981,"data":"  \"use_ilp\": true,\n"}
,{"stream_name":"stdout","time":10.471063613,"data":"  \"weights\": \"weights/unet_transformer/split_0/edge_predictor_best.pth\"\n"}
,{"stream_name":"stdout","time":10.471067992,"data":"}\n"}
,{"stream_name":"stdout","time":10.674743106,"data":"ARTIFACTS: /kaggle/input/datasets/pilkwang/biohub-tracking-support-pack-50ep-v1\n"}
,{"stream_name":"stdout","time":10.674770129,"data":"Has offline wheels: True\n"}
,{"stream_name":"stdout","time":10.67477986,"data":"Artifact name: biohub-tracking-support-pack-400ep-snapshot-v1\n"}
,{"stream_name":"stdout","time":10.674783157,"data":"Weight sha256: 12f6881ee3620a831697ca098ff8f48e687a24225f4e048b538deec3562fe771\n"}
,{"stream_name":"stdout","time":10.674831321,"data":"Weight path: weights/unet_transformer/split_0/edge_predictor_best.pth\n"}
,{"stream_name":"stdout","time":11.447984858,"data":"Installing missing packages from offline package dirs: ['polars']\n"}
,{"stream_name":"stdout","time":11.448019203,"data":"Dependency resolver is disabled with --no-deps to avoid replacing Kaggle numpy/scipy in a live kernel.\n"}
,{"stream_name":"stdout","time":11.448035794,"data":"Offline package dirs: ['/kaggle/input/datasets/pilkwang/biohub-tracking-support-pack-50ep-v1/wheels']\n"}
,{"stream_name":"stdout","time":17.598276542,"data":"Offline dependency install succeeded.\n"}
,{"stream_name":"stdout","time":17.598311008,"data":"Installing missing packages from offline package dirs: ['tracksdata', 'zarr', 'pyscipopt', 'geff', 'geff_spec', 'ilpy', 'imagecodecs', 'rustworkx', 'numcodecs', 'donfig', 'bidict']\n"}
,{"stream_name":"stdout","time":17.598317959,"data":"Dependency resolver is disabled with --no-deps to avoid replacing Kaggle numpy/scipy in a live kernel.\n"}
,{"stream_name":"stdout","time":17.598323494,"data":"Offline package dirs: ['/kaggle/input/datasets/pilkwang/biohub-tracking-support-pack-50ep-v1/wheels']\n"}
,{"stream_name":"stdout","time":44.326346405,"data":"Offline dependency install succeeded.\n"}
,{"stream_name":"stderr","time":52.037135304,"data":"/usr/local/lib/python3.12/dist-packages/dask/array/image.py:7: FutureWarning: `find_available_plugins` is deprecated since version 0.25 and will be removed in version 0.27. The plugin infrastructure of `skimage.io` is deprecated. Instead, use `imageio` or other I/O packages directly.\n"}
,{"stream_name":"stderr","time":52.03716574,"data":"  from skimage.io import imread as sk_imread\n"}
,{"stream_name":"stderr","time":52.03717128,"data":"/usr/lib/python3.12/importlib/__init__.py:90: FutureWarning: `reset_plugins` is deprecated since version 0.25 and will be removed in version 0.27. The plugin infrastructure of `skimage.io` is deprecated. Instead, use `imageio` or other I/O packages directly.\n"}
,{"stream_name":"stderr","time":52.037176654,"data":"  return _bootstrap._gcd_import(name[level:], package, level)\n"}
,{"stream_name":"stderr","time":52.037183044,"data":"\n"}
,{"stream_name":"stderr","time":52.037191272,"data":"/usr/local/lib/python3.12/dist-packages/dask/array/image.py:7: FutureWarning: `find_available_plugins` is deprecated since version 0.25 and will be removed in version 0.27. The plugin infrastructure of `skimage.io` is deprecated. Instead, use `imageio` or other I/O packages directly.\n"}
,{"stream_name":"stderr","time":52.037195263,"data":"  from skimage.io import imread as sk_imread\n"}
,{"stream_name":"stderr","time":52.037198434,"data":"/usr/lib/python3.12/importlib/__init__.py:90: FutureWarning: `reset_plugins` is deprecated since version 0.25 and will be removed in version 0.27. The plugin infrastructure of `skimage.io` is deprecated. Instead, use `imageio` or other I/O packages directly.\n"}
,{"stream_name":"stderr","time":52.037201965,"data":"  return _bootstrap._gcd_import(name[level:], package, level)\n"}
,{"stream_name":"stdout","time":52.287159253,"data":"Required graph/Zarr/ILP packages import successfully.\n"}
,{"stream_name":"stdout","time":52.287194895,"data":"Inference repo: /kaggle/working/tracking_repo\n"}
,{"stream_name":"stdout","time":52.287201415,"data":"Weights: /kaggle/working/tracking_repo/weights/unet_transformer/split_0/edge_predictor_best.pth\n"}
,{"stream_name":"stdout","time":53.043735298,"data":"Support repo Python manifest SHA256: 978b626d1fd1e7397435a437dfe68691defe1572fc3c20e61012d7c9b52ed029\n"}
,{"stream_name":"stdout","time":53.043776576,"data":"Primary materialized SHA256: 12f6881ee3620a831697ca098ff8f48e687a24225f4e048b538deec3562fe771\n"}
,{"stream_name":"stdout","time":53.043783485,"data":"DeepCenter materialized SHA256: 8040999a92f6b7bbd98fa8cf458141e045c0f9ad7c936bdb3b18e1f7edafe2a0\n"}
,{"stream_name":"stdout","time":466.147601362,"data":"Secondary artifact: /kaggle/input/datasets/pilkwang/biohub-temporal-unet3d-seed314159-v1\n"}
,{"stream_name":"stdout","time":466.147672833,"data":"Secondary weight: /kaggle/working/secondary_seed_weights/unet_transformer/split_0/edge_predictor_best.pth\n"}
,{"stream_name":"stdout","time":466.147690272,"data":"Secondary SHA256: 9bac2fa0dadc4a6fc1899e0caf187f4b553e0a7cd90ba1261a68b35ffe9e305f\n"}
,{"stream_name":"stdout","time":466.147695423,"data":"Secondary edge-logit weight: 0.15\n"}
,{"stream_name":"stdout","time":466.147699672,"data":"Runtime integrity receipt: /kaggle/working/bidirectional_production_runtime_integrity.json\n"}
,{"stream_name":"stdout","time":470.901364318,"data":"CUDA device: Tesla T4\n"}
,{"stream_name":"stdout","time":470.901393753,"data":"TTA patch applied (400ep spatial D4-style)\n"}
,{"stream_name":"stdout","time":470.901398336,"data":"Calibrated dual-seed runtime patch applied\n"}
,{"stream_name":"stdout","time":470.901401816,"data":"Frozen frame retention guard applied at 0.90\n"}
,{"stream_name":"stdout","time":470.901405294,"data":"Bidirectional harmonic-probability association fusion applied | weight= 0.15\n"}
,{"stream_name":"stdout","time":470.901409312,"data":"Pre-ILP detector-coordinate manifest hook applied\n"}
,{"stream_name":"stdout","time":470.901414502,"data":"EDGE_TTA patch installed and enabled in /kaggle/working/tracking_repo/scripts/predict_unet_transformer.py\n"}
,{"stream_name":"stdout","time":470.901422791,"data":"Found 4 test videos\n"}
,{"stream_name":"stdout","time":470.90142519,"data":"['44b6_0113de3b', '44b6_0b24845f', '6bba_05b6850b', '6bba_05db0fb1']\n"}
,{"stream_name":"stdout","time":470.901427728,"data":"Launching 2 independent video shards on CUDA devices ['0', '1']\n"}
,{"stream_name":"stdout","time":470.901430473,"data":"GPU shard 0: CUDA_VISIBLE_DEVICES=0 | /usr/bin/python3 scripts/predict_unet_transformer.py --data-dir /kaggle/input/competitions/biohub-cell-tracking-during-development/test --splits kaggle_test_splits_50ep.json --split 0 --weights weights/unet_transformer/split_0/edge_predictor_best.pth --unet-batch-size 4 --det-threshold 0.965 --ilp-edge-weight -1.0 --ilp-appearance-weight 0.0 --ilp-disappearance-weight 2.0 --ilp-division-weight 1.2 --use-ilp --method unet_transformer_gpu0 --slice 0::2\n"}
,{"stream_name":"stdout","time":470.902776725,"data":"GPU shard 1: CUDA_VISIBLE_DEVICES=1 | /usr/bin/python3 scripts/predict_unet_transformer.py --data-dir /kaggle/input/competitions/biohub-cell-tracking-during-development/test --splits kaggle_test_splits_50ep.json --split 0 --weights weights/unet_transformer/split_0/edge_predictor_best.pth --unet-batch-size 4 --det-threshold 0.965 --ilp-edge-weight -1.0 --ilp-appearance-weight 0.0 --ilp-disappearance-weight 2.0 --ilp-division-weight 1.2 --use-ilp --method unet_transformer_gpu1 --slice 1::2\n"}
,{"stream_name":"stderr","time":476.329951139,"data":"/usr/local/lib/python3.12/dist-packages/dask/array/image.py:7: FutureWarning: `find_available_plugins` is deprecated since version 0.25 and will be removed in version 0.27. The plugin infrastructure of `skimage.io` is deprecated. Instead, use `imageio` or other I/O packages directly.\n"}
,{"stream_name":"stderr","time":476.33001492,"data":"  from skimage.io import imread as sk_imread\n"}
,{"stream_name":"stderr","time":476.334701574,"data":"/usr/lib/python3.12/importlib/__init__.py:90: FutureWarning: `reset_plugins` is deprecated since version 0.25 and will be removed in version 0.27. The plugin infrastructure of `skimage.io` is deprecated. Instead, use `imageio` or other I/O packages directly.\n"}
,{"stream_name":"stderr","time":476.334723586,"data":"  return _bootstrap._gcd_import(name[level:], package, level)\n"}
,{"stream_name":"stderr","time":476.375564748,"data":"/usr/local/lib/python3.12/dist-packages/dask/array/image.py:7: FutureWarning: `find_available_plugins` is deprecated since version 0.25 and will be removed in version 0.27. The plugin infrastructure of `skimage.io` is deprecated. Instead, use `imageio` or other I/O packages directly.\n"}
,{"stream_name":"stderr","time":476.375633618,"data":"  from skimage.io import imread as sk_imread\n"}
,{"stream_name":"stderr","time":476.380731594,"data":"/usr/lib/python3.12/importlib/__init__.py:90: FutureWarning: `reset_plugins` is deprecated since version 0.25 and will be removed in version 0.27. The plugin infrastructure of `skimage.io` is deprecated. Instead, use `imageio` or other I/O packages directly.\n"}
,{"stream_name":"stderr","time":476.380751483,"data":"  return _bootstrap._gcd_import(name[level:], package, level)\n"}
,{"stream_name":"stderr","time":476.532915947,"data":"/usr/local/lib/python3.12/dist-packages/dask/array/image.py:7: FutureWarning: `find_available_plugins` is deprecated since version 0.25 and will be removed in version 0.27. The plugin infrastructure of `skimage.io` is deprecated. Instead, use `imageio` or other I/O packages directly.\n"}
,{"stream_name":"stderr","time":476.532945875,"data":"  from skimage.io import imread as sk_imread\n"}
,{"stream_name":"stderr","time":476.532974674,"data":"/usr/lib/python3.12/importlib/__init__.py:90: FutureWarning: `reset_plugins` is deprecated since version 0.25 and will be removed in version 0.27. The plugin infrastructure of `skimage.io` is deprecated. Instead, use `imageio` or other I/O packages directly.\n"}
,{"stream_name":"stderr","time":476.532980853,"data":"  return _bootstrap._gcd_import(name[level:], package, level)\n"}
,{"stream_name":"stderr","time":476.53298562,"data":"/usr/local/lib/python3.12/dist-packages/dask/array/image.py:7: FutureWarning: `find_available_plugins` is deprecated since version 0.25 and will be removed in version 0.27. The plugin infrastructure of `skimage.io` is deprecated. Instead, use `imageio` or other I/O packages directly.\n"}
,{"stream_name":"stderr","time":476.532990606,"data":"  from skimage.io import imread as sk_imread\n"}
,{"stream_name":"stderr","time":476.532994989,"data":"/usr/lib/python3.12/importlib/__init__.py:90: FutureWarning: `reset_plugins` is deprecated since version 0.25 and will be removed in version 0.27. The plugin infrastructure of `skimage.io` is deprecated. Instead, use `imageio` or other I/O packages directly.\n"}
,{"stream_name":"stderr","time":476.533000355,"data":"  return _bootstrap._gcd_import(name[level:], package, level)\n"}
,{"stream_name":"stderr","time":476.533004378,"data":"\n"}
,{"stream_name":"stderr","time":476.533008255,"data":"/usr/local/lib/python3.12/dist-packages/dask/array/image.py:7: FutureWarning: `find_available_plugins` is deprecated since version 0.25 and will be removed in version 0.27. The plugin infrastructure of `skimage.io` is deprecated. Instead, use `imageio` or other I/O packages directly.\n"}
,{"stream_name":"stderr","time":476.533013817,"data":"  from skimage.io import imread as sk_imread\n"}
,{"stream_name":"stderr","time":476.533017825,"data":"/usr/lib/python3.12/importlib/__init__.py:90: FutureWarning: `reset_plugins` is deprecated since version 0.25 and will be removed in version 0.27. The plugin infrastructure of `skimage.io` is deprecated. Instead, use `imageio` or other I/O packages directly.\n"}
,{"stream_name":"stderr","time":476.533022598,"data":"  return _bootstrap._gcd_import(name[level:], package, level)\n"}
,{"stream_name":"stderr","time":476.533027652,"data":"/usr/local/lib/python3.12/dist-packages/dask/array/image.py:7: FutureWarning: `find_available_plugins` is deprecated since version 0.25 and will be removed in version 0.27. The plugin infrastructure of `skimage.io` is deprecated. Instead, use `imageio` or other I/O packages directly.\n"}
,{"stream_name":"stderr","time":476.533033038,"data":"  from skimage.io import imread as sk_imread\n"}
,{"stream_name":"stderr","time":476.533037008,"data":"/usr/lib/python3.12/importlib/__init__.py:90: FutureWarning: `reset_plugins` is deprecated since version 0.25 and will be removed in version 0.27. The plugin infrastructure of `skimage.io` is deprecated. Instead, use `imageio` or other I/O packages directly.\n"}
,{"stream_name":"stderr","time":476.533053262,"data":"  return _bootstrap._gcd_import(name[level:], package, level)\n"}
,{"stream_name":"stdout","time":477.064315676,"data":"Secondary model: /kaggle/working/secondary_seed_weights/unet_transformer/split_0/edge_predictor_best.pth | edge weight=0.150 | detection weight=0.800 | link mode=low_margin_consensus | temperature=1.000 | low-margin max=0.350 | edge threshold=0.480\n"}
,{"stream_name":"stdout","time":477.064350485,"data":"Fold 0: 2 datasets | weights=weights/unet_transformer/split_0/edge_predictor_best.pth | device=cuda | window_size=2 | pool_kernel_um=3.0\n"}
,{"stream_name":"stdout","time":477.064355425,"data":"Secondary model: /kaggle/working/secondary_seed_weights/unet_transformer/split_0/edge_predictor_best.pth | edge weight=0.150 | detection weight=0.800 | link mode=low_margin_consensus | temperature=1.000 | low-margin max=0.350 | edge threshold=0.480\n"}
,{"stream_name":"stdout","time":477.064359656,"data":"Fold 0: 2 datasets | weights=weights/unet_transformer/split_0/edge_predictor_best.pth | device=cuda | window_size=2 | pool_kernel_um=3.0\n"}
,{"stream_name":"stdout","time":477.266454388,"data":"Secondary model: /kaggle/working/secondary_seed_weights/unet_transformer/split_0/edge_predictor_best.pth | edge weight=0.150 | detection weight=0.800 | link mode=low_margin_consensus | temperature=1.000 | low-margin max=0.350 | edge threshold=0.480\n"}
,{"stream_name":"stdout","time":477.26648693,"data":"Fold 0: 2 datasets | weights=weights/unet_transformer/split_0/edge_predictor_best.pth | device=cuda | window_size=2 | pool_kernel_um=3.0\n"}
,{"stream_name":"stdout","time":477.266491855,"data":"Secondary model: /kaggle/working/secondary_seed_weights/unet_transformer/split_0/edge_predictor_best.pth | edge weight=0.150 | detection weight=0.800 | link mode=low_margin_consensus | temperature=1.000 | low-margin max=0.350 | edge threshold=0.480\n"}
,{"stream_name":"stdout","time":477.266496083,"data":"Fold 0: 2 datasets | weights=weights/unet_transformer/split_0/edge_predictor_best.pth | device=cuda | window_size=2 | pool_kernel_um=3.0\n"}
,{"stream_name":"stdout","time":479.072367556,"data":"EDGE_TTA_ACTIVE views= 8 mean_abs_feat_delta= 0.323238\n"}
,{"stream_name":"stdout","time":479.081085754,"data":"EDGE_TTA_ACTIVE views= 8 mean_abs_feat_delta= 0.360585\n"}
,{"stream_name":"stdout","time":479.274875638,"data":"EDGE_TTA_ACTIVE views= 8 mean_abs_feat_delta= 0.323238\n"}
,{"stream_name":"stdout","time":479.274903985,"data":"EDGE_TTA_ACTIVE views= 8 mean_abs_feat_delta= 0.360585\n"}
,{"stream_name":"stdout","time":480.023745789,"data":"BIOHUB_RETENTION_GUARD {\"blended_candidates\": 387, \"dataset\": \"44b6_0b24845f\", \"frame\": 0, \"minimum_retention\": 0.9, \"primary_candidates\": 465, \"retention\": 0.832258064516129, \"use_primary\": true}\n"}
,{"stream_name":"stdout","time":480.025311904,"data":"BIOHUB_RETENTION_GUARD {\"blended_candidates\": 391, \"dataset\": \"44b6_0b24845f\", \"frame\": 1, \"minimum_retention\": 0.9, \"primary_candidates\": 444, \"retention\": 0.8806306306306306, \"use_primary\": true}\n"}
,{"stream_name":"stdout","time":480.22697014,"data":"BIOHUB_RETENTION_GUARD {\"blended_candidates\": 387, \"dataset\": \"44b6_0b24845f\", \"frame\": 0, \"minimum_retention\": 0.9, \"primary_candidates\": 465, \"retention\": 0.832258064516129, \"use_primary\": true}\n"}
,{"stream_name":"stdout","time":480.22701323,"data":"BIOHUB_RETENTION_GUARD {\"blended_candidates\": 391, \"dataset\": \"44b6_0b24845f\", \"frame\": 1, \"minimum_retention\": 0.9, \"primary_candidates\": 444, \"retention\": 0.8806306306306306, \"use_primary\": true}\n"}
,{"stream_name":"stdout","time":484.111048413,"data":"EDGE_TTA_ACTIVE views= 8 mean_abs_feat_delta= 0.328294\n"}
,{"stream_name":"stdout","time":484.160753746,"data":"EDGE_TTA_ACTIVE views= 8 mean_abs_feat_delta= 0.361891\n"}
,{"stream_name":"stdout","time":484.313731686,"data":"EDGE_TTA_ACTIVE views= 8 mean_abs_feat_delta= 0.328294\n"}
,{"stream_name":"stdout","time":484.313769114,"data":"EDGE_TTA_ACTIVE views= 8 mean_abs_feat_delta= 0.361891\n"}
,{"stream_name":"stdout","time":485.008479366,"data":"BIOHUB_RETENTION_GUARD {\"blended_candidates\": 333, \"dataset\": \"44b6_0b24845f\", \"frame\": 2, \"minimum_retention\": 0.9, \"primary_candidates\": 390, \"retention\": 0.8538461538461538, \"use_primary\": true}\n"}
,{"stream_name":"stdout","time":485.210961956,"data":"BIOHUB_RETENTION_GUARD {\"blended_candidates\": 333, \"dataset\": \"44b6_0b24845f\", \"frame\": 2, \"minimum_retention\": 0.9, \"primary_candidates\": 390, \"retention\": 0.8538461538461538, \"use_primary\": true}\n"}
,{"stream_name":"stdout","time":485.972576214,"data":"EDGE_TTA_ACTIVE views= 8 mean_abs_feat_delta= 0.326314\n"}
,{"stream_name":"stdout","time":486.00682768,"data":"EDGE_TTA_ACTIVE views= 8 mean_abs_feat_delta= 0.354206\n"}
,{"stream_name":"stdout","time":486.175201635,"data":"EDGE_TTA_ACTIVE views= 8 mean_abs_feat_delta= 0.326314\n"}
,{"stream_name":"stdout","time":486.175229084,"data":"EDGE_TTA_ACTIVE views= 8 mean_abs_feat_delta= 0.354206\n"}
,{"stream_name":"stdout","time":486.857324349,"data":"BIOHUB_RETENTION_GUARD {\"blended_candidates\": 362, \"dataset\": \"44b6_0b24845f\", \"frame\": 3, \"minimum_retention\": 0.9, \"primary_candidates\": 421, \"retention\": 0.8598574821852731, \"use_primary\": true}\n"}
,{"stream_name":"stdout","time":487.060954107,"data":"BIOHUB_RETENTION_GUARD {\"blended_candidates\": 362, \"dataset\": \"44b6_0b24845f\", \"frame\": 3, \"minimum_retention\": 0.9, \"primary_candidates\": 421, \"retention\": 0.8598574821852731, \"use_primary\": true}\n"}
,{"stream_name":"stdout","time":487.788124499,"data":"EDGE_TTA_ACTIVE views= 8 mean_abs_feat_delta= 0.32686\n"}
,{"stream_name":"stdout","time":487.904204386,"data":"EDGE_TTA_ACTIVE views= 8 mean_abs_feat_delta= 0.358867\n"}
,{"stream_name":"stdout","time":487.990414613,"data":"EDGE_TTA_ACTIVE views= 8 mean_abs_feat_delta= 0.32686\n"}
,{"stream_name":"stdout","time":487.990440375,"data":"EDGE_TTA_ACTIVE views= 8 mean_abs_feat_delta= 0.358867\n"}
,{"stream_name":"stdout","time":488.757343483,"data":"BIOHUB_RETENTION_GUARD {\"blended_candidates\": 341, \"dataset\": \"44b6_0b24845f\", \"frame\": 4, \"minimum_retention\": 0.9, \"primary_candidates\": 404, \"retention\": 0.844059405940594, \"use_primary\": true}\n"}
,{"stream_name":"stdout","time":488.959971989,"data":"BIOHUB_RETENTION_GUARD {\"blended_candidates\": 341, \"dataset\": \"44b6_0b24845f\", \"frame\": 4, \"minimum_retention\": 0.9, \"primary_candidates\": 404, \"retention\": 0.844059405940594, \"use_primary\": true}\n"}
,{"stream_name":"stdout","time":489.631772452,"data":"EDGE_TTA_ACTIVE views= 8 mean_abs_feat_delta= 0.327781\n"}
,{"stream_name":"stdout","time":489.767527309,"data":"EDGE_TTA_ACTIVE views= 8 mean_abs_feat_delta= 0.362463\n"}
,{"stream_name":"stdout","time":489.834498055,"data":"EDGE_TTA_ACTIVE views= 8 mean_abs_feat_delta= 0.327781\n"}
,{"stream_name":"stdout","time":489.834523984,"data":"EDGE_TTA_ACTIVE views= 8 mean_abs_feat_delta= 0.362463\n"}
,{"stream_name":"stdout","time":490.619849778,"data":"BIOHUB_RETENTION_GUARD {\"blended_candidates\": 326, \"dataset\": \"44b6_0b24845f\", \"frame\": 5, \"minimum_retention\": 0.9, \"primary_candidates\": 383, \"retention\": 0.8511749347258486, \"use_primary\": true}\n"}
,{"stream_name":"stdout","time":490.822381952,"data":"BIOHUB_RETENTION_GUARD {\"blended_candidates\": 326, \"dataset\": \"44b6_0b24845f\", \"frame\": 5, \"minimum_retention\": 0.9, \"primary_candidates\": 383, \"retention\": 0.8511749347258486, \"use_primary\": true}\n"}
,{"stream_name":"stdout","time":491.495158819,"data":"EDGE_TTA_ACTIVE views= 8 mean_abs_feat_delta= 0.332086\n"}
,{"stream_name":"stdout","time":491.643988724,"data":"EDGE_TTA_ACTIVE views= 8 mean_abs_feat_delta= 0.363112\n"}
,{"stream_name":"stdout","time":491.697311025,"data":"EDGE_TTA_ACTIVE views= 8 mean_abs_feat_delta= 0.332086\n"}
,{"stream_name":"stdout","time":491.697333687,"data":"EDGE_TTA_ACTIVE views= 8 mean_abs_feat_delta= 0.363112\n"}
,{"stream_name":"stdout","time":492.502509448,"data":"BIOHUB_RETENTION_GUARD {\"blended_candidates\": 333, \"dataset\": \"44b6_0b24845f\", \"frame\": 6, \"minimum_retention\": 0.9, \"primary_candidates\": 403, \"retention\": 0.826302729528536, \"use_primary\": true}\n"}
,{"stream_name":"stdout","time":492.705092585,"data":"BIOHUB_RETENTION_GUARD {\"blended_candidates\": 333, \"dataset\": \"44b6_0b24845f\", \"frame\": 6, \"minimum_retention\": 0.9, \"primary_candidates\": 403, \"retention\": 0.826302729528536, \"use_primary\": true}\n"}
,{"stream_name":"stdout","time":493.359246114,"data":"EDGE_TTA_ACTIVE views= 8 mean_abs_feat_delta= 0.337311\n"}
,{"stream_name":"stdout","time":493.503214748,"data":"EDGE_TTA_ACTIVE views= 8 mean_abs_feat_delta= 0.363947\n"}
,{"stream_name":"stdout","time":493.561576161,"data":"EDGE_TTA_ACTIVE views= 8 mean_abs_feat_delta= 0.337311\n"}
,{"stream_name":"stdout","time":493.561598657,"data":"EDGE_TTA_ACTIVE views= 8 mean_abs_feat_delta= 0.363947\n"}
,{"stream_name":"stdout","time":494.365779514,"data":"BIOHUB_RETENTION_GUARD {\"blended_candidates\": 309, \"dataset\": \"44b6_0b24845f\", \"frame\": 7, \"minimum_retention\": 0.9, \"primary_candidates\": 390, \"retention\": 0.7923076923076923, \"use_primary\": true}\n"}
,{"stream_name":"stdout","time":494.56824647,"data":"BIOHUB_RETENTION_GUARD {\"blended_candidates\": 309, \"dataset\": \"44b6_0b24845f\", \"frame\": 7, \"minimum_retention\": 0.9, \"primary_candidates\": 390, \"retention\": 0.7923076923076923, \"use_primary\": true}\n"}
,{"stream_name":"stdout","time":495.257200017,"data":"EDGE_TTA_ACTIVE views= 8 mean_abs_feat_delta= 0.336476\n"}
,{"stream_name":"stdout","time":495.423181621,"data":"EDGE_TTA_ACTIVE views= 8 mean_abs_feat_delta= 0.368841\n"}
,{"stream_name":"stdout","time":495.459689607,"data":"EDGE_TTA_ACTIVE views= 8 mean_abs_feat_delta= 0.336476\n"}
,{"stream_name":"stdout","time":495.459710986,"data":"EDGE_TTA_ACTIVE views= 8 mean_abs_feat_delta= 0.368841\n"}
,{"stream_name":"stdout","time":496.285150861,"data":"BIOHUB_RETENTION_GUARD {\"blended_candidates\": 378, \"dataset\": \"44b6_0b24845f\", \"frame\": 8, \"minimum_retention\": 0.9, \"primary_candidates\": 443, \"retention\": 0.8532731376975169, \"use_primary\": true}\n"}
,{"stream_name":"stdout","time":496.498334211,"data":"BIOHUB_RETENTION_GUARD {\"blended_candidates\": 378, \"dataset\": \"44b6_0b24845f\", \"frame\": 8, \"minimum_retention\": 0.9, \"primary_candidates\": 443, \"retention\": 0.8532731376975169, \"use_primary\": true}\n"}
,{"stream_name":"stdout","time":497.091372375,"data":"EDGE_TTA_ACTIVE views= 8 mean_abs_feat_delta= 0.33307\n"}
,{"stream_name":"stdout","time":497.293711054,"data":"EDGE_TTA_ACTIVE views= 8 mean_abs_feat_delta= 0.33307\n"}
,{"stream_name":"stdout","time":497.35748876,"data":"EDGE_TTA_ACTIVE views= 8 mean_abs_feat_delta= 0.372442\n"}
,{"stream_name":"stdout","time":497.559846112,"data":"EDGE_TTA_ACTIVE views= 8 mean_abs_feat_delta= 0.372442\n"}
,{"stream_name":"stdout","time":498.222094253,"data":"BIOHUB_RETENTION_GUARD {\"blended_candidates\": 362, \"dataset\": \"44b6_0b24845f\", \"frame\": 9, \"minimum_retention\": 0.9, \"primary_candidates\": 429, \"retention\": 0.8438228438228438, \"use_primary\": true}\n"}
,{"stream_name":"stdout","time":498.424331497,"data":"BIOHUB_RETENTION_GUARD {\"blended_candidates\": 362, \"dataset\": \"44b6_0b24845f\", \"frame\": 9, \"minimum_retention\": 0.9, \"primary_candidates\": 429, \"retention\": 0.8438228438228438, \"use_primary\": true}\n"}
,{"stream_name":"stdout","time":498.961032951,"data":"EDGE_TTA_ACTIVE views= 8 mean_abs_feat_delta= 0.333216\n"}
,{"stream_name":"stdout","time":499.16356309,"data":"EDGE_TTA_ACTIVE views= 8 mean_abs_feat_delta= 0.333216\n"}
,{"stream_name":"stdout","time":499.308402115,"data":"EDGE_TTA_ACTIVE views= 8 mean_abs_feat_delta= 0.36599\n"}
,{"stream_name":"stdout","time":499.510709056,"data":"EDGE_TTA_ACTIVE views= 8 mean_abs_feat_delta= 0.36599\n"}
,{"stream_name":"stdout","time":500.17575331,"data":"BIOHUB_RETENTION_GUARD {\"blended_candidates\": 331, \"dataset\": \"44b6_0b24845f\", \"frame\": 10, \"minimum_retention\": 0.9, \"primary_candidates\": 419, \"retention\": 0.7899761336515513, \"use_primary\": true}\n"}
,{"stream_name":"stdout","time":500.377940492,"data":"BIOHUB_RETENTION_GUARD {\"blended_candidates\": 331, \"dataset\": \"44b6_0b24845f\", \"frame\": 10, \"minimum_retention\": 0.9, \"primary_candidates\": 419, \"retention\": 0.7899761336515513, \"use_primary\": true}\n"}
,{"stream_name":"stdout","time":500.834577025,"data":"EDGE_TTA_ACTIVE views= 8 mean_abs_feat_delta= 0.341654\n"}
,{"stream_name":"stdout","time":501.03711493,"data":"EDGE_TTA_ACTIVE views= 8 mean_abs_feat_delta= 0.341654\n"}
,{"stream_name":"stdout","time":501.285223824,"data":"EDGE_TTA_ACTIVE views= 8 mean_abs_feat_delta= 0.358411\n"}
,{"stream_name":"stdout","time":501.487512619,"data":"EDGE_TTA_ACTIVE views= 8 mean_abs_feat_delta= 0.358411\n"}
,{"stream_name":"stdout","time":502.154032813,"data":"BIOHUB_RETENTION_GUARD {\"blended_candidates\": 376, \"dataset\": \"44b6_0b24845f\", \"frame\": 11, \"minimum_retention\": 0.9, \"primary_candidates\": 441, \"retention\": 0.8526077097505669, \"use_primary\": true}\n"}
,{"stream_name":"stdout","time":502.357387382,"data":"BIOHUB_RETENTION_GUARD {\"blended_candidates\": 376, \"dataset\": \"44b6_0b24845f\", \"frame\": 11, \"minimum_retention\": 0.9, \"primary_candidates\": 441, \"retention\": 0.8526077097505669, \"use_primary\": true}\n"}
,{"stream_name":"stdout","time":502.742968873,"data":"EDGE_TTA_ACTIVE views= 8 mean_abs_feat_delta= 0.334228\n"}
,{"stream_name":"stdout","time":502.945634807,"data":"EDGE_TTA_ACTIVE views= 8 mean_abs_feat_delta= 0.334228\n"}
,{"stream_name":"stdout","time":503.210549818,"data":"EDGE_TTA_ACTIVE views= 8 mean_abs_feat_delta= 0.361758\n"}
,{"stream_name":"stdout","time":503.412746047,"data":"EDGE_TTA_ACTIVE views= 8 mean_abs_feat_delta= 0.361758\n"}
,{"stream_name":"stdout","time":504.083710907,"data":"BIOHUB_RETENTION_GUARD {\"blended_candidates\": 304, \"dataset\": \"44b6_0b24845f\", \"frame\": 12, \"minimum_retention\": 0.9, \"primary_candidates\": 361, \"retention\": 0.8421052631578947, \"use_primary\": true}\n"}
,{"stream_name":"stdout","time":504.286471138,"data":"BIOHUB_RETENTION_GUARD {\"blended_candidates\": 304, \"dataset\": \"44b6_0b24845f\", \"frame\": 12, \"minimum_retention\": 0.9, \"primary_candidates\": 361, \"retention\": 0.8421052631578947, \"use_primary\": true}\n"}
,{"stream_name":"stdout","time":504.628538859,"data":"EDGE_TTA_ACTIVE views= 8 mean_abs_feat_delta= 0.335161\n"}
,{"stream_name":"stdout","time":504.830921178,"data":"EDGE_TTA_ACTIVE views= 8 mean_abs_feat_delta= 0.335161\n"}
,{"stream_name":"stdout","time":505.143448298,"data":"EDGE_TTA_ACTIVE views= 8 mean_abs_feat_delta= 0.368237\n"}
,{"stream_name":"stdout","time":505.345860804,"data":"EDGE_TTA_ACTIVE views= 8 mean_abs_feat_delta= 0.368237\n"}
,{"stream_name":"stdout","time":506.022191246,"data":"BIOHUB_RETENTION_GUARD {\"blended_candidates\": 314, \"dataset\": \"44b6_0b24845f\", \"frame\": 13, \"minimum_retention\": 0.9, \"primary_candidates\": 382, \"retention\": 0.8219895287958116, \"use_primary\": true}\n"}
,{"stream_name":"stdout","time":506.22459795,"data":"BIOHUB_RETENTION_GUARD {\"blended_candidates\": 314, \"dataset\": \"44b6_0b24845f\", \"frame\": 13, \"minimum_retention\": 0.9, \"primary_candidates\": 382, \"retention\": 0.8219895287958116, \"use_primary\": true}\n"}
,{"stream_name":"stdout","time":506.52415624,"data":"EDGE_TTA_ACTIVE views= 8 mean_abs_feat_delta= 0.330752\n"}
,{"stream_name":"stdout","time":506.726758873,"data":"EDGE_TTA_ACTIVE views= 8 mean_abs_feat_delta= 0.330752\n"}
,{"stream_name":"stdout","time":507.037528776,"data":"EDGE_TTA_ACTIVE views= 8 mean_abs_feat_delta= 0.366311\n"}
,{"stream_name":"stdout","time":507.239943062,"data":"EDGE_TTA_ACTIVE views= 8 mean_abs_feat_delta= 0.366311\n"}
,{"stream_name":"stdout","time":507.917756183,"data":"BIOHUB_RETENTION_GUARD {\"blended_candidates\": 330, \"dataset\": \"44b6_0b24845f\", \"frame\": 14, \"minimum_retention\": 0.9, \"primary_candidates\": 378, \"retention\": 0.873015873015873, \"use_primary\": true}\n"}
,{"stream_name":"stdout","time":508.12015967,"data":"BIOHUB_RETENTION_GUARD {\"blended_candidates\": 330, \"dataset\": \"44b6_0b24845f\", \"frame\": 14, \"minimum_retention\": 0.9, \"primary_candidates\": 378, \"retention\": 0.873015873015873, \"use_primary\": true}\n"}
,{"stream_name":"stdout","time":508.515878144,"data":"EDGE_TTA_ACTIVE views= 8 mean_abs_feat_delta= 0.32964\n"}
,{"stream_name":"stdout","time":508.718029237,"data":"EDGE_TTA_ACTIVE views= 8 mean_abs_feat_delta= 0.32964\n"}
,{"stream_name":"stdout","time":508.958192049,"data":"EDGE_TTA_ACTIVE views= 8 mean_abs_feat_delta= 0.362666\n"}
,{"stream_name":"stdout","time":509.160623378,"data":"EDGE_TTA_ACTIVE views= 8 mean_abs_feat_delta= 0.362666\n"}
,{"stream_name":"stdout","time":510.40541648,"data":"EDGE_TTA_ACTIVE views= 8 mean_abs_feat_delta= 0.32447\n"}
,{"stream_name":"stdout","time":510.60794354,"data":"EDGE_TTA_ACTIVE views= 8 mean_abs_feat_delta= 0.32447\n"}
,{"stream_name":"stdout","time":510.965477156,"data":"EDGE_TTA_ACTIVE views= 8 mean_abs_feat_delta= 0.368515\n"}
,{"stream_name":"stdout","time":511.167929531,"data":"EDGE_TTA_ACTIVE views= 8 mean_abs_feat_delta= 0.368515\n"}
,{"stream_name":"stdout","time":512.312016186,"data":"EDGE_TTA_ACTIVE views= 8 mean_abs_feat_delta= 0.325522\n"}
,{"stream_name":"stdout","time":512.514557718,"data":"EDGE_TTA_ACTIVE views= 8 mean_abs_feat_delta= 0.325522\n"}
,{"stream_name":"stdout","time":512.938315127,"data":"EDGE_TTA_ACTIVE views= 8 mean_abs_feat_delta= 0.37163\n"}
,{"stream_name":"stdout","time":513.140874075,"data":"EDGE_TTA_ACTIVE views= 8 mean_abs_feat_delta= 0.37163\n"}
,{"stream_name":"stdout","time":514.241735323,"data":"EDGE_TTA_ACTIVE views= 8 mean_abs_feat_delta= 0.319866\n"}
,{"stream_name":"stdout","time":514.444375287,"data":"EDGE_TTA_ACTIVE views= 8 mean_abs_feat_delta= 0.319866\n"}
,{"stream_name":"stdout","time":514.963395369,"data":"EDGE_TTA_ACTIVE views= 8 mean_abs_feat_delta= 0.367306\n"}
,{"stream_name":"stdout","time":515.165842823,"data":"EDGE_TTA_ACTIVE views= 8 mean_abs_feat_delta= 0.367306\n"}
,{"stream_name":"stdout","time":516.129234421,"data":"EDGE_TTA_ACTIVE views= 8 mean_abs_feat_delta= 0.323582\n"}
,{"stream_name":"stdout","time":516.331608359,"data":"EDGE_TTA_ACTIVE views= 8 mean_abs_feat_delta= 0.323582\n"}
,{"stream_name":"stdout","time":516.967522666,"data":"EDGE_TTA_ACTIVE views= 8 mean_abs_feat_delta= 0.356982\n"}
,{"stream_name":"stdout","time":517.169530884,"data":"EDGE_TTA_ACTIVE views= 8 mean_abs_feat_delta= 0.356982\n"}
,{"stream_name":"stdout","time":518.080317843,"data":"EDGE_TTA_ACTIVE views= 8 mean_abs_feat_delta= 0.326415\n"}
,{"stream_name":"stdout","time":518.282746803,"data":"EDGE_TTA_ACTIVE views= 8 mean_abs_feat_delta= 0.326415\n"}
,{"stream_name":"stdout","time":518.920402824,"data":"EDGE_TTA_ACTIVE views= 8 mean_abs_feat_delta= 0.354988\n"}
,{"stream_name":"stdout","time":519.122780333,"data":"EDGE_TTA_ACTIVE views= 8 mean_abs_feat_delta= 0.354988\n"}
,{"stream_name":"stdout","time":519.8118926,"data":"BIOHUB_RETENTION_GUARD {\"blended_candidates\": 285, \"dataset\": \"44b6_0b24845f\", \"frame\": 20, \"minimum_retention\": 0.9, \"primary_candidates\": 317, \"retention\": 0.8990536277602523, \"use_primary\": true}\n"}
,{"stream_name":"stdout","time":520.014403275,"data":"BIOHUB_RETENTION_GUARD {\"blended_candidates\": 285, \"dataset\": \"44b6_0b24845f\", \"frame\": 20, \"minimum_retention\": 0.9, \"primary_candidates\": 317, \"retention\": 0.8990536277602523, \"use_primary\": true}\n"}
,{"stream_name":"stdout","time":520.043930626,"data":"EDGE_TTA_ACTIVE views= 8 mean_abs_feat_delta= 0.32326\n"}
,{"stream_name":"stdout","time":520.246216528,"data":"EDGE_TTA_ACTIVE views= 8 mean_abs_feat_delta= 0.32326\n"}
,{"stream_name":"stdout","time":520.914310611,"data":"EDGE_TTA_ACTIVE views= 8 mean_abs_feat_delta= 0.355885\n"}
,{"stream_name":"stdout","time":521.116814423,"data":"EDGE_TTA_ACTIVE views= 8 mean_abs_feat_delta= 0.355885\n"}
,{"stream_name":"stdout","time":521.810868588,"data":"BIOHUB_RETENTION_GUARD {\"blended_candidates\": 265, \"dataset\": \"44b6_0b24845f\", \"frame\": 21, \"minimum_retention\": 0.9, \"primary_candidates\": 325, \"retention\": 0.8153846153846154, \"use_primary\": true}\n"}
,{"stream_name":"stdout","time":522.012883682,"data":"BIOHUB_RETENTION_GUARD {\"blended_candidates\": 265, \"dataset\": \"44b6_0b24845f\", \"frame\": 21, \"minimum_retention\": 0.9, \"primary_candidates\": 325, \"retention\": 0.8153846153846154, \"use_primary\": true}\n"}
,{"stream_name":"stdout","time":522.049138029,"data":"EDGE_TTA_ACTIVE views= 8 mean_abs_feat_delta= 0.324888\n"}
,{"stream_name":"stdout","time":522.251470796,"data":"EDGE_TTA_ACTIVE views= 8 mean_abs_feat_delta= 0.324888\n"}
,{"stream_name":"stdout","time":522.834191968,"data":"EDGE_TTA_ACTIVE views= 8 mean_abs_feat_delta= 0.357492\n"}
,{"stream_name":"stdout","time":523.036560007,"data":"EDGE_TTA_ACTIVE views= 8 mean_abs_feat_delta= 0.357492\n"}
,{"stream_name":"stdout","time":523.73120136,"data":"BIOHUB_RETENTION_GUARD {\"blended_candidates\": 286, \"dataset\": \"44b6_0b24845f\", \"frame\": 22, \"minimum_retention\": 0.9, \"primary_candidates\": 326, \"retention\": 0.8773006134969326, \"use_primary\": true}\n"}
,{"stream_name":"stdout","time":523.933765696,"data":"BIOHUB_RETENTION_GUARD {\"blended_candidates\": 286, \"dataset\": \"44b6_0b24845f\", \"frame\": 22, \"minimum_retention\": 0.9, \"primary_candidates\": 326, \"retention\": 0.8773006134969326, \"use_primary\": true}\n"}
,{"stream_name":"stdout","time":524.043722764,"data":"EDGE_TTA_ACTIVE views= 8 mean_abs_feat_delta= 0.325752\n"}
,{"stream_name":"stdout","time":524.245973202,"data":"EDGE_TTA_ACTIVE views= 8 mean_abs_feat_delta= 0.325752\n"}
,{"stream_name":"stdout","time":524.811510869,"data":"EDGE_TTA_ACTIVE views= 8 mean_abs_feat_delta= 0.361386\n"}
,{"stream_name":"stdout","time":525.014061414,"data":"EDGE_TTA_ACTIVE views= 8 mean_abs_feat_delta= 0.361386\n"}
,{"stream_name":"stdout","time":526.06218216,"data":"EDGE_TTA_ACTIVE views= 8 mean_abs_feat_delta= 0.330364\n"}
,{"stream_name":"stdout","time":526.2645602,"data":"EDGE_TTA_ACTIVE views= 8 mean_abs_feat_delta= 0.330364\n"}
,{"stream_name":"stdout","time":526.829742738,"data":"EDGE_TTA_ACTIVE views= 8 mean_abs_feat_delta= 0.361052\n"}
,{"stream_name":"stdout","time":527.046245654,"data":"EDGE_TTA_ACTIVE views= 8 mean_abs_feat_delta= 0.361052\n"}
,{"stream_name":"stdout","time":527.732608939,"data":"BIOHUB_RETENTION_GUARD {\"blended_candidates\": 261, \"dataset\": \"44b6_0b24845f\", \"frame\": 24, \"minimum_retention\": 0.9, \"primary_candidates\": 306, \"retention\": 0.8529411764705882, \"use_primary\": true}\n"}
,{"stream_name":"stdout","time":527.935198028,"data":"BIOHUB_RETENTION_GUARD {\"blended_candidates\": 261, \"dataset\": \"44b6_0b24845f\", \"frame\": 24, \"minimum_retention\": 0.9, \"primary_candidates\": 306, \"retention\": 0.8529411764705882, \"use_primary\": true}\n"}
,{"stream_name":"stdout","time":528.001638824,"data":"EDGE_TTA_ACTIVE views= 8 mean_abs_feat_delta= 0.329773\n"}
,{"stream_name":"stdout","time":528.204050981,"data":"EDGE_TTA_ACTIVE views= 8 mean_abs_feat_delta= 0.329773\n"}
,{"stream_name":"stdout","time":528.837536915,"data":"EDGE_TTA_ACTIVE views= 8 mean_abs_feat_delta= 0.36198\n"}
,{"stream_name":"stdout","time":529.039879893,"data":"EDGE_TTA_ACTIVE views= 8 mean_abs_feat_delta= 0.36198\n"}
,{"stream_name":"stdout","time":529.967200639,"data":"EDGE_TTA_ACTIVE views= 8 mean_abs_feat_delta= 0.325156\n"}
,{"stream_name":"stdout","time":530.169991034,"data":"EDGE_TTA_ACTIVE views= 8 mean_abs_feat_delta= 0.325156\n"}
,{"stream_name":"stdout","time":530.826657437,"data":"EDGE_TTA_ACTIVE views= 8 mean_abs_feat_delta= 0.365963\n"}
,{"stream_name":"stdout","time":531.029226813,"data":"EDGE_TTA_ACTIVE views= 8 mean_abs_feat_delta= 0.365963\n"}
,{"stream_name":"stdout","time":531.738752301,"data":"BIOHUB_RETENTION_GUARD {\"blended_candidates\": 273, \"dataset\": \"44b6_0b24845f\", \"frame\": 26, \"minimum_retention\": 0.9, \"primary_candidates\": 309, \"retention\": 0.883495145631068, \"use_primary\": true}\n"}
,{"stream_name":"stdout","time":531.945368083,"data":"BIOHUB_RETENTION_GUARD {\"blended_candidates\": 273, \"dataset\": \"44b6_0b24845f\", \"frame\": 26, \"minimum_retention\": 0.9, \"primary_candidates\": 309, \"retention\": 0.883495145631068, \"use_primary\": true}\n"}
,{"stream_name":"stdout","time":532.032508725,"data":"EDGE_TTA_ACTIVE views= 8 mean_abs_feat_delta= 0.328005\n"}
,{"stream_name":"stdout","time":532.234782256,"data":"EDGE_TTA_ACTIVE views= 8 mean_abs_feat_delta= 0.328005\n"}
,{"stream_name":"stdout","time":532.826658489,"data":"EDGE_TTA_ACTIVE views= 8 mean_abs_feat_delta= 0.369614\n"}
,{"stream_name":"stdout","time":533.029070974,"data":"EDGE_TTA_ACTIVE views= 8 mean_abs_feat_delta= 0.369614\n"}
,{"stream_name":"stdout","time":533.752686765,"data":"BIOHUB_RETENTION_GUARD {\"blended_candidates\": 258, \"dataset\": \"44b6_0b24845f\", \"frame\": 27, \"minimum_retention\": 0.9, \"primary_candidates\": 302, \"retention\": 0.8543046357615894, \"use_primary\": true}\n"}
,{"stream_name":"stdout","time":533.955337304,"data":"BIOHUB_RETENTION_GUARD {\"blended_candidates\": 258, \"dataset\": \"44b6_0b24845f\", \"frame\": 27, \"minimum_retention\": 0.9, \"primary_candidates\": 302, \"retention\": 0.8543046357615894, \"use_primary\": true}\n"}
,{"stream_name":"stdout","time":534.04565609,"data":"EDGE_TTA_ACTIVE views= 8 mean_abs_feat_delta= 0.332057\n"}
,{"stream_name":"stdout","time":534.247696439,"data":"EDGE_TTA_ACTIVE views= 8 mean_abs_feat_delta= 0.332057\n"}
,{"stream_name":"stdout","time":534.843458487,"data":"EDGE_TTA_ACTIVE views= 8 mean_abs_feat_delta= 0.365619\n"}
,{"stream_name":"stdout","time":535.045463504,"data":"EDGE_TTA_ACTIVE views= 8 mean_abs_feat_delta= 0.365619\n"}
,{"stream_name":"stdout","time":536.088880014,"data":"EDGE_TTA_ACTIVE views= 8 mean_abs_feat_delta= 0.327244\n"}
,{"stream_name":"stdout","time":536.29124546,"data":"EDGE_TTA_ACTIVE views= 8 mean_abs_feat_delta= 0.327244\n"}
,{"stream_name":"stdout","time":536.826923609,"data":"EDGE_TTA_ACTIVE views= 8 mean_abs_feat_delta= 0.366332\n"}
,{"stream_name":"stdout","time":537.029597909,"data":"EDGE_TTA_ACTIVE views= 8 mean_abs_feat_delta= 0.366332\n"}
,{"stream_name":"stdout","time":538.120673142,"data":"EDGE_TTA_ACTIVE views= 8 mean_abs_feat_delta= 0.331491\n"}
,{"stream_name":"stdout","time":538.322839183,"data":"EDGE_TTA_ACTIVE views= 8 mean_abs_feat_delta= 0.331491\n"}
,{"stream_name":"stdout","time":538.851308885,"data":"EDGE_TTA_ACTIVE views= 8 mean_abs_feat_delta= 0.364134\n"}
,{"stream_name":"stdout","time":539.053779688,"data":"EDGE_TTA_ACTIVE views= 8 mean_abs_feat_delta= 0.364134\n"}
,{"stream_name":"stdout","time":540.183024377,"data":"EDGE_TTA_ACTIVE views= 8 mean_abs_feat_delta= 0.332767\n"}
,{"stream_name":"stdout","time":540.385338802,"data":"EDGE_TTA_ACTIVE views= 8 mean_abs_feat_delta= 0.332767\n"}
,{"stream_name":"stdout","time":540.87972904,"data":"EDGE_TTA_ACTIVE views= 8 mean_abs_feat_delta= 0.359711\n"}
,{"stream_name":"stdout","time":541.082468484,"data":"EDGE_TTA_ACTIVE views= 8 mean_abs_feat_delta= 0.359711\n"}
,{"stream_name":"stdout","time":542.239532295,"data":"EDGE_TTA_ACTIVE views= 8 mean_abs_feat_delta= 0.333532\n"}
,{"stream_name":"stdout","time":542.441903105,"data":"EDGE_TTA_ACTIVE views= 8 mean_abs_feat_delta= 0.333532\n"}
,{"stream_name":"stdout","time":542.989887229,"data":"EDGE_TTA_ACTIVE views= 8 mean_abs_feat_delta= 0.362505\n"}
,{"stream_name":"stdout","time":543.192190261,"data":"EDGE_TTA_ACTIVE views= 8 mean_abs_feat_delta= 0.362505\n"}
,{"stream_name":"stdout","time":543.920741534,"data":"BIOHUB_RETENTION_GUARD {\"blended_candidates\": 249, \"dataset\": \"44b6_0b24845f\", \"frame\": 32, \"minimum_retention\": 0.9, \"primary_candidates\": 293, \"retention\": 0.8498293515358362, \"use_primary\": true}\n"}
,{"stream_name":"stdout","time":544.12352458,"data":"BIOHUB_RETENTION_GUARD {\"blended_candidates\": 249, \"dataset\": \"44b6_0b24845f\", \"frame\": 32, \"minimum_retention\": 0.9, \"primary_candidates\": 293, \"retention\": 0.8498293515358362, \"use_primary\": true}\n"}
,{"stream_name":"stdout","time":544.299524204,"data":"EDGE_TTA_ACTIVE views= 8 mean_abs_feat_delta= 0.339086\n"}
,{"stream_name":"stdout","time":544.501782078,"data":"EDGE_TTA_ACTIVE views= 8 mean_abs_feat_delta= 0.339086\n"}
,{"stream_name":"stdout","time":545.027937032,"data":"EDGE_TTA_ACTIVE views= 8 mean_abs_feat_delta= 0.364903\n"}
,{"stream_name":"stdout","time":545.230575439,"data":"EDGE_TTA_ACTIVE views= 8 mean_abs_feat_delta= 0.364903\n"}
,{"stream_name":"stdout","time":545.964362619,"data":"BIOHUB_RETENTION_GUARD {\"blended_candidates\": 234, \"dataset\": \"44b6_0b24845f\", \"frame\": 33, \"minimum_retention\": 0.9, \"primary_candidates\": 276, \"retention\": 0.8478260869565217, \"use_primary\": true}\n"}
,{"stream_name":"stdout","time":546.166560875,"data":"BIOHUB_RETENTION_GUARD {\"blended_candidates\": 234, \"dataset\": \"44b6_0b24845f\", \"frame\": 33, \"minimum_retention\": 0.9, \"primary_candidates\": 276, \"retention\": 0.8478260869565217, \"use_primary\": true}\n"}
,{"stream_name":"stdout","time":546.351096134,"data":"EDGE_TTA_ACTIVE views= 8 mean_abs_feat_delta= 0.336421\n"}
,{"stream_name":"stdout","time":546.553571713,"data":"EDGE_TTA_ACTIVE views= 8 mean_abs_feat_delta= 0.336421\n"}
,{"stream_name":"stdout","time":547.150186913,"data":"EDGE_TTA_ACTIVE views= 8 mean_abs_feat_delta= 0.364198\n"}
,{"stream_name":"stdout","time":547.353358008,"data":"EDGE_TTA_ACTIVE views= 8 mean_abs_feat_delta= 0.364198\n"}
,{"stream_name":"stdout","time":548.496710015,"data":"EDGE_TTA_ACTIVE views= 8 mean_abs_feat_delta= 0.329875\n"}
,{"stream_name":"stdout","time":548.699573658,"data":"EDGE_TTA_ACTIVE views= 8 mean_abs_feat_delta= 0.329875\n"}
,{"stream_name":"stdout","time":549.162240373,"data":"EDGE_TTA_ACTIVE views= 8 mean_abs_feat_delta= 0.362852\n"}
,{"stream_name":"stdout","time":549.364626759,"data":"EDGE_TTA_ACTIVE views= 8 mean_abs_feat_delta= 0.362852\n"}
,{"stream_name":"stdout","time":550.56102068,"data":"EDGE_TTA_ACTIVE views= 8 mean_abs_feat_delta= 0.328572\n"}
,{"stream_name":"stdout","time":550.76322208,"data":"EDGE_TTA_ACTIVE views= 8 mean_abs_feat_delta= 0.328572\n"}
,{"stream_name":"stdout","time":551.247712862,"data":"EDGE_TTA_ACTIVE views= 8 mean_abs_feat_delta= 0.373852\n"}
,{"stream_name":"stdout","time":551.450359483,"data":"EDGE_TTA_ACTIVE views= 8 mean_abs_feat_delta= 0.373852\n"}
,{"stream_name":"stdout","time":552.640919814,"data":"EDGE_TTA_ACTIVE views= 8 mean_abs_feat_delta= 0.326071\n"}
,{"stream_name":"stdout","time":552.843552427,"data":"EDGE_TTA_ACTIVE views= 8 mean_abs_feat_delta= 0.326071\n"}
,{"stream_name":"stdout","time":553.290450904,"data":"EDGE_TTA_ACTIVE views= 8 mean_abs_feat_delta= 0.368966\n"}
,{"stream_name":"stdout","time":553.492846494,"data":"EDGE_TTA_ACTIVE views= 8 mean_abs_feat_delta= 0.368966\n"}
,{"stream_name":"stdout","time":554.795194829,"data":"EDGE_TTA_ACTIVE views= 8 mean_abs_feat_delta= 0.328178\n"}
,{"stream_name":"stdout","time":554.997707831,"data":"EDGE_TTA_ACTIVE views= 8 mean_abs_feat_delta= 0.328178\n"}
,{"stream_name":"stdout","time":555.431097455,"data":"EDGE_TTA_ACTIVE views= 8 mean_abs_feat_delta= 0.366559\n"}
,{"stream_name":"stdout","time":555.63383255,"data":"EDGE_TTA_ACTIVE views= 8 mean_abs_feat_delta= 0.366559\n"}
,{"stream_name":"stdout","time":556.921405109,"data":"EDGE_TTA_ACTIVE views= 8 mean_abs_feat_delta= 0.331242\n"}
,{"stream_name":"stdout","time":557.138869723,"data":"EDGE_TTA_ACTIVE views= 8 mean_abs_feat_delta= 0.331242\n"}
,{"stream_name":"stdout","time":557.512258074,"data":"EDGE_TTA_ACTIVE views= 8 mean_abs_feat_delta= 0.370597\n"}
,{"stream_name":"stdout","time":557.714920779,"data":"EDGE_TTA_ACTIVE views= 8 mean_abs_feat_delta= 0.370597\n"}
,{"stream_name":"stdout","time":558.987926188,"data":"EDGE_TTA_ACTIVE views= 8 mean_abs_feat_delta= 0.332742\n"}
,{"stream_name":"stdout","time":559.190144105,"data":"EDGE_TTA_ACTIVE views= 8 mean_abs_feat_delta= 0.332742\n"}
,{"stream_name":"stdout","time":559.558302547,"data":"EDGE_TTA_ACTIVE views= 8 mean_abs_feat_delta= 0.372674\n"}
,{"stream_name":"stdout","time":559.760722839,"data":"EDGE_TTA_ACTIVE views= 8 mean_abs_feat_delta= 0.372674\n"}
,{"stream_name":"stdout","time":561.09621515,"data":"EDGE_TTA_ACTIVE views= 8 mean_abs_feat_delta= 0.325998\n"}
,{"stream_name":"stdout","time":561.29852853,"data":"EDGE_TTA_ACTIVE views= 8 mean_abs_feat_delta= 0.325998\n"}
,{"stream_name":"stdout","time":561.643314761,"data":"EDGE_TTA_ACTIVE views= 8 mean_abs_feat_delta= 0.367938\n"}
,{"stream_name":"stdout","time":561.845798614,"data":"EDGE_TTA_ACTIVE views= 8 mean_abs_feat_delta= 0.367938\n"}
,{"stream_name":"stdout","time":563.167772111,"data":"EDGE_TTA_ACTIVE views= 8 mean_abs_feat_delta= 0.326187\n"}
,{"stream_name":"stdout","time":563.370313833,"data":"EDGE_TTA_ACTIVE views= 8 mean_abs_feat_delta= 0.326187\n"}
,{"stream_name":"stdout","time":563.74701694,"data":"EDGE_TTA_ACTIVE views= 8 mean_abs_feat_delta= 0.364834\n"}
,{"stream_name":"stdout","time":563.949676722,"data":"EDGE_TTA_ACTIVE views= 8 mean_abs_feat_delta= 0.364834\n"}
,{"stream_name":"stdout","time":565.27690763,"data":"EDGE_TTA_ACTIVE views= 8 mean_abs_feat_delta= 0.329641\n"}
,{"stream_name":"stdout","time":565.479387507,"data":"EDGE_TTA_ACTIVE views= 8 mean_abs_feat_delta= 0.329641\n"}
,{"stream_name":"stdout","time":565.820012221,"data":"EDGE_TTA_ACTIVE views= 8 mean_abs_feat_delta= 0.36801\n"}
,{"stream_name":"stdout","time":566.02263189,"data":"EDGE_TTA_ACTIVE views= 8 mean_abs_feat_delta= 0.36801\n"}
,{"stream_name":"stdout","time":567.382161994,"data":"EDGE_TTA_ACTIVE views= 8 mean_abs_feat_delta= 0.331184\n"}
,{"stream_name":"stdout","time":567.584552897,"data":"EDGE_TTA_ACTIVE views= 8 mean_abs_feat_delta= 0.331184\n"}
,{"stream_name":"stdout","time":567.885638893,"data":"EDGE_TTA_ACTIVE views= 8 mean_abs_feat_delta= 0.367877\n"}
,{"stream_name":"stdout","time":568.087901553,"data":"EDGE_TTA_ACTIVE views= 8 mean_abs_feat_delta= 0.367877\n"}
,{"stream_name":"stdout","time":569.559497877,"data":"EDGE_TTA_ACTIVE views= 8 mean_abs_feat_delta= 0.330506\n"}
,{"stream_name":"stdout","time":569.76189964,"data":"EDGE_TTA_ACTIVE views= 8 mean_abs_feat_delta= 0.330506\n"}
,{"stream_name":"stdout","time":569.993368858,"data":"EDGE_TTA_ACTIVE views= 8 mean_abs_feat_delta= 0.368248\n"}
,{"stream_name":"stdout","time":570.195996176,"data":"EDGE_TTA_ACTIVE views= 8 mean_abs_feat_delta= 0.368248\n"}
,{"stream_name":"stdout","time":571.695130672,"data":"EDGE_TTA_ACTIVE views= 8 mean_abs_feat_delta= 0.326851\n"}
,{"stream_name":"stdout","time":571.897593621,"data":"EDGE_TTA_ACTIVE views= 8 mean_abs_feat_delta= 0.326851\n"}
,{"stream_name":"stdout","time":572.100000536,"data":"EDGE_TTA_ACTIVE views= 8 mean_abs_feat_delta= 0.366473\n"}
,{"stream_name":"stdout","time":572.302737584,"data":"EDGE_TTA_ACTIVE views= 8 mean_abs_feat_delta= 0.366473\n"}
,{"stream_name":"stdout","time":573.873114969,"data":"EDGE_TTA_ACTIVE views= 8 mean_abs_feat_delta= 0.32759\n"}
,{"stream_name":"stdout","time":574.075795552,"data":"EDGE_TTA_ACTIVE views= 8 mean_abs_feat_delta= 0.32759\n"}
,{"stream_name":"stdout","time":574.218780608,"data":"EDGE_TTA_ACTIVE views= 8 mean_abs_feat_delta= 0.369227\n"}
,{"stream_name":"stdout","time":574.420991008,"data":"EDGE_TTA_ACTIVE views= 8 mean_abs_feat_delta= 0.369227\n"}
,{"stream_name":"stdout","time":575.197602571,"data":"BIOHUB_RETENTION_GUARD {\"blended_candidates\": 264, \"dataset\": \"44b6_0b24845f\", \"frame\": 47, \"minimum_retention\": 0.9, \"primary_candidates\": 307, \"retention\": 0.8599348534201955, \"use_primary\": true}\n"}
,{"stream_name":"stdout","time":575.399887516,"data":"BIOHUB_RETENTION_GUARD {\"blended_candidates\": 264, \"dataset\": \"44b6_0b24845f\", \"frame\": 47, \"minimum_retention\": 0.9, \"primary_candidates\": 307, \"retention\": 0.8599348534201955, \"use_primary\": true}\n"}
,{"stream_name":"stdout","time":576.05437179,"data":"EDGE_TTA_ACTIVE views= 8 mean_abs_feat_delta= 0.323605\n"}
,{"stream_name":"stdout","time":576.256902834,"data":"EDGE_TTA_ACTIVE views= 8 mean_abs_feat_delta= 0.323605\n"}
,{"stream_name":"stdout","time":576.319080925,"data":"EDGE_TTA_ACTIVE views= 8 mean_abs_feat_delta= 0.376915\n"}
,{"stream_name":"stdout","time":576.521347532,"data":"EDGE_TTA_ACTIVE views= 8 mean_abs_feat_delta= 0.376915\n"}
,{"stream_name":"stdout","time":578.219428945,"data":"EDGE_TTA_ACTIVE views= 8 mean_abs_feat_delta= 0.332571\n"}
,{"stream_name":"stdout","time":578.421733113,"data":"EDGE_TTA_ACTIVE views= 8 mean_abs_feat_delta= 0.332571\n"}
,{"stream_name":"stdout","time":578.442141612,"data":"EDGE_TTA_ACTIVE views= 8 mean_abs_feat_delta= 0.373149\n"}
,{"stream_name":"stdout","time":578.644943329,"data":"EDGE_TTA_ACTIVE views= 8 mean_abs_feat_delta= 0.373149\n"}
,{"stream_name":"stdout","time":580.422913481,"data":"EDGE_TTA_ACTIVE views= 8 mean_abs_feat_delta= 0.328319\n"}
,{"stream_name":"stdout","time":580.529236187,"data":"EDGE_TTA_ACTIVE views= 8 mean_abs_feat_delta= 0.373289\n"}
,{"stream_name":"stdout","time":580.625440605,"data":"EDGE_TTA_ACTIVE views= 8 mean_abs_feat_delta= 0.328319\n"}
,{"stream_name":"stdout","time":580.625475355,"data":"EDGE_TTA_ACTIVE views= 8 mean_abs_feat_delta= 0.373289\n"}
,{"stream_name":"stdout","time":581.525032701,"data":"BIOHUB_RETENTION_GUARD {\"blended_candidates\": 253, \"dataset\": \"44b6_0b24845f\", \"frame\": 50, \"minimum_retention\": 0.9, \"primary_candidates\": 285, \"retention\": 0.887719298245614, \"use_primary\": true}\n"}
,{"stream_name":"stdout","time":581.727558383,"data":"BIOHUB_RETENTION_GUARD {\"blended_candidates\": 253, \"dataset\": \"44b6_0b24845f\", \"frame\": 50, \"minimum_retention\": 0.9, \"primary_candidates\": 285, \"retention\": 0.887719298245614, \"use_primary\": true}\n"}
,{"stream_name":"stdout","time":582.639376531,"data":"EDGE_TTA_ACTIVE views= 8 mean_abs_feat_delta= 0.327289\n"}
,{"stream_name":"stdout","time":582.662556968,"data":"EDGE_TTA_ACTIVE views= 8 mean_abs_feat_delta= 0.372374\n"}
,{"stream_name":"stdout","time":582.84199468,"data":"EDGE_TTA_ACTIVE views= 8 mean_abs_feat_delta= 0.327289\n"}
,{"stream_name":"stdout","time":582.842059004,"data":"EDGE_TTA_ACTIVE views= 8 mean_abs_feat_delta= 0.372374\n"}
,{"stream_name":"stdout","time":583.680332261,"data":"BIOHUB_RETENTION_GUARD {\"blended_candidates\": 321, \"dataset\": \"44b6_0b24845f\", \"frame\": 51, \"minimum_retention\": 0.9, \"primary_candidates\": 361, \"retention\": 0.889196675900277, \"use_primary\": true}\n"}
,{"stream_name":"stdout","time":583.882972743,"data":"BIOHUB_RETENTION_GUARD {\"blended_candidates\": 321, \"dataset\": \"44b6_0b24845f\", \"frame\": 51, \"minimum_retention\": 0.9, \"primary_candidates\": 361, \"retention\": 0.889196675900277, \"use_primary\": true}\n"}
,{"stream_name":"stdout","time":584.861441272,"data":"EDGE_TTA_ACTIVE views= 8 mean_abs_feat_delta= 0.36791\n"}
,{"stream_name":"stdout","time":584.875112076,"data":"EDGE_TTA_ACTIVE views= 8 mean_abs_feat_delta= 0.337614\n"}
,{"stream_name":"stdout","time":585.064163043,"data":"EDGE_TTA_ACTIVE views= 8 mean_abs_feat_delta= 0.36791\n"}
,{"stream_name":"stdout","time":585.064223021,"data":"EDGE_TTA_ACTIVE views= 8 mean_abs_feat_delta= 0.337614\n"}
,{"stream_name":"stdout","time":587.059340011,"data":"EDGE_TTA_ACTIVE views= 8 mean_abs_feat_delta= 0.370709\n"}
,{"stream_name":"stdout","time":587.092414681,"data":"EDGE_TTA_ACTIVE views= 8 mean_abs_feat_delta= 0.338693\n"}
,{"stream_name":"stdout","time":587.278928434,"data":"EDGE_TTA_ACTIVE views= 8 mean_abs_feat_delta= 0.370709\n"}
,{"stream_name":"stdout","time":587.278948016,"data":"EDGE_TTA_ACTIVE views= 8 mean_abs_feat_delta= 0.338693\n"}
,{"stream_name":"stdout","time":588.067916727,"data":"BIOHUB_RETENTION_GUARD {\"blended_candidates\": 305, \"dataset\": \"44b6_0b24845f\", \"frame\": 53, \"minimum_retention\": 0.9, \"primary_candidates\": 342, \"retention\": 0.8918128654970761, \"use_primary\": true}\n"}
,{"stream_name":"stdout","time":588.270465009,"data":"BIOHUB_RETENTION_GUARD {\"blended_candidates\": 305, \"dataset\": \"44b6_0b24845f\", \"frame\": 53, \"minimum_retention\": 0.9, \"primary_candidates\": 342, \"retention\": 0.8918128654970761, \"use_primary\": true}\n"}
,{"stream_name":"stdout","time":589.236870924,"data":"EDGE_TTA_ACTIVE views= 8 mean_abs_feat_delta= 0.369503\n"}
,{"stream_name":"stdout","time":589.418594516,"data":"EDGE_TTA_ACTIVE views= 8 mean_abs_feat_delta= 0.338257\n"}
,{"stream_name":"stdout","time":589.439306774,"data":"EDGE_TTA_ACTIVE views= 8 mean_abs_feat_delta= 0.369503\n"}
,{"stream_name":"stdout","time":589.439326811,"data":"EDGE_TTA_ACTIVE views= 8 mean_abs_feat_delta= 0.338257\n"}
,{"stream_name":"stdout","time":590.250500544,"data":"BIOHUB_RETENTION_GUARD {\"blended_candidates\": 321, \"dataset\": \"44b6_0b24845f\", \"frame\": 54, \"minimum_retention\": 0.9, \"primary_candidates\": 362, \"retention\": 0.8867403314917127, \"use_primary\": true}\n"}
,{"stream_name":"stdout","time":590.452890603,"data":"BIOHUB_RETENTION_GUARD {\"blended_candidates\": 321, \"dataset\": \"44b6_0b24845f\", \"frame\": 54, \"minimum_retention\": 0.9, \"primary_candidates\": 362, \"retention\": 0.8867403314917127, \"use_primary\": true}\n"}
,{"stream_name":"stdout","time":591.390217894,"data":"EDGE_TTA_ACTIVE views= 8 mean_abs_feat_delta= 0.3697\n"}
,{"stream_name":"stdout","time":591.592832421,"data":"EDGE_TTA_ACTIVE views= 8 mean_abs_feat_delta= 0.3697\n"}
,{"stream_name":"stdout","time":591.676239667,"data":"EDGE_TTA_ACTIVE views= 8 mean_abs_feat_delta= 0.33887\n"}
,{"stream_name":"stdout","time":591.878755188,"data":"EDGE_TTA_ACTIVE views= 8 mean_abs_feat_delta= 0.33887\n"}
,{"stream_name":"stdout","time":593.627401101,"data":"EDGE_TTA_ACTIVE views= 8 mean_abs_feat_delta= 0.37301\n"}
,{"stream_name":"stdout","time":593.82967062,"data":"EDGE_TTA_ACTIVE views= 8 mean_abs_feat_delta= 0.37301\n"}
,{"stream_name":"stdout","time":593.922299047,"data":"EDGE_TTA_ACTIVE views= 8 mean_abs_feat_delta= 0.339106\n"}
,{"stream_name":"stdout","time":594.124923477,"data":"EDGE_TTA_ACTIVE views= 8 mean_abs_feat_delta= 0.339106\n"}
,{"stream_name":"stdout","time":595.791667673,"data":"EDGE_TTA_ACTIVE views= 8 mean_abs_feat_delta= 0.367347\n"}
,{"stream_name":"stdout","time":595.994408623,"data":"EDGE_TTA_ACTIVE views= 8 mean_abs_feat_delta= 0.367347\n"}
,{"stream_name":"stdout","time":596.142059607,"data":"EDGE_TTA_ACTIVE views= 8 mean_abs_feat_delta= 0.341611\n"}
,{"stream_name":"stdout","time":596.344797187,"data":"EDGE_TTA_ACTIVE views= 8 mean_abs_feat_delta= 0.341611\n"}
,{"stream_name":"stdout","time":597.956539847,"data":"EDGE_TTA_ACTIVE views= 8 mean_abs_feat_delta= 0.36398\n"}
,{"stream_name":"stdout","time":598.159103098,"data":"EDGE_TTA_ACTIVE views= 8 mean_abs_feat_delta= 0.36398\n"}
,{"stream_name":"stdout","time":598.410085522,"data":"EDGE_TTA_ACTIVE views= 8 mean_abs_feat_delta= 0.346143\n"}
,{"stream_name":"stdout","time":598.612854438,"data":"EDGE_TTA_ACTIVE views= 8 mean_abs_feat_delta= 0.346143\n"}
,{"stream_name":"stdout","time":598.962925238,"data":"BIOHUB_RETENTION_GUARD {\"blended_candidates\": 263, \"dataset\": \"44b6_0b24845f\", \"frame\": 58, \"minimum_retention\": 0.9, \"primary_candidates\": 312, \"retention\": 0.842948717948718, \"use_primary\": true}\n"}
,{"stream_name":"stdout","time":599.165733024,"data":"BIOHUB_RETENTION_GUARD {\"blended_candidates\": 263, \"dataset\": \"44b6_0b24845f\", \"frame\": 58, \"minimum_retention\": 0.9, \"primary_candidates\": 312, \"retention\": 0.842948717948718, \"use_primary\": true}\n"}
,{"stream_name":"stdout","time":600.086423971,"data":"EDGE_TTA_ACTIVE views= 8 mean_abs_feat_delta= 0.366206\n"}
,{"stream_name":"stdout","time":600.288959361,"data":"EDGE_TTA_ACTIVE views= 8 mean_abs_feat_delta= 0.366206\n"}
,{"stream_name":"stdout","time":600.604874091,"data":"EDGE_TTA_ACTIVE views= 8 mean_abs_feat_delta= 0.340083\n"}
,{"stream_name":"stdout","time":600.807268687,"data":"EDGE_TTA_ACTIVE views= 8 mean_abs_feat_delta= 0.340083\n"}
,{"stream_name":"stdout","time":601.088345606,"data":"BIOHUB_RETENTION_GUARD {\"blended_candidates\": 303, \"dataset\": \"44b6_0b24845f\", \"frame\": 59, \"minimum_retention\": 0.9, \"primary_candidates\": 346, \"retention\": 0.8757225433526011, \"use_primary\": true}\n"}
,{"stream_name":"stdout","time":601.290653055,"data":"BIOHUB_RETENTION_GUARD {\"blended_candidates\": 303, \"dataset\": \"44b6_0b24845f\", \"frame\": 59, \"minimum_retention\": 0.9, \"primary_candidates\": 346, \"retention\": 0.8757225433526011, \"use_primary\": true}\n"}
,{"stream_name":"stdout","time":602.284703852,"data":"EDGE_TTA_ACTIVE views= 8 mean_abs_feat_delta= 0.36887\n"}
,{"stream_name":"stdout","time":602.487202427,"data":"EDGE_TTA_ACTIVE views= 8 mean_abs_feat_delta= 0.36887\n"}
,{"stream_name":"stdout","time":602.858702611,"data":"EDGE_TTA_ACTIVE views= 8 mean_abs_feat_delta= 0.339203\n"}
,{"stream_name":"stdout","time":603.061075897,"data":"EDGE_TTA_ACTIVE views= 8 mean_abs_feat_delta= 0.339203\n"}
,{"stream_name":"stdout","time":603.285585301,"data":"BIOHUB_RETENTION_GUARD {\"blended_candidates\": 335, \"dataset\": \"44b6_0b24845f\", \"frame\": 60, \"minimum_retention\": 0.9, \"primary_candidates\": 393, \"retention\": 0.8524173027989822, \"use_primary\": true}\n"}
,{"stream_name":"stdout","time":603.487892229,"data":"BIOHUB_RETENTION_GUARD {\"blended_candidates\": 335, \"dataset\": \"44b6_0b24845f\", \"frame\": 60, \"minimum_retention\": 0.9, \"primary_candidates\": 393, \"retention\": 0.8524173027989822, \"use_primary\": true}\n"}
,{"stream_name":"stdout","time":604.47176059,"data":"EDGE_TTA_ACTIVE views= 8 mean_abs_feat_delta= 0.365386\n"}
,{"stream_name":"stdout","time":604.674088172,"data":"EDGE_TTA_ACTIVE views= 8 mean_abs_feat_delta= 0.365386\n"}
,{"stream_name":"stdout","time":605.119460528,"data":"EDGE_TTA_ACTIVE views= 8 mean_abs_feat_delta= 0.336994\n"}
,{"stream_name":"stdout","time":605.321906076,"data":"EDGE_TTA_ACTIVE views= 8 mean_abs_feat_delta= 0.336994\n"}
,{"stream_name":"stdout","time":605.465130737,"data":"BIOHUB_RETENTION_GUARD {\"blended_candidates\": 275, \"dataset\": \"44b6_0b24845f\", \"frame\": 61, \"minimum_retention\": 0.9, \"primary_candidates\": 333, \"retention\": 0.8258258258258259, \"use_primary\": true}\n"}
,{"stream_name":"stdout","time":605.667586293,"data":"BIOHUB_RETENTION_GUARD {\"blended_candidates\": 275, \"dataset\": \"44b6_0b24845f\", \"frame\": 61, \"minimum_retention\": 0.9, \"primary_candidates\": 333, \"retention\": 0.8258258258258259, \"use_primary\": true}\n"}
,{"stream_name":"stdout","time":606.591990222,"data":"EDGE_TTA_ACTIVE views= 8 mean_abs_feat_delta= 0.366621\n"}
,{"stream_name":"stdout","time":606.794467043,"data":"EDGE_TTA_ACTIVE views= 8 mean_abs_feat_delta= 0.366621\n"}
,{"stream_name":"stdout","time":607.343072191,"data":"EDGE_TTA_ACTIVE views= 8 mean_abs_feat_delta= 0.342499\n"}
,{"stream_name":"stdout","time":607.545511527,"data":"EDGE_TTA_ACTIVE views= 8 mean_abs_feat_delta= 0.342499\n"}
,{"stream_name":"stdout","time":607.586389515,"data":"BIOHUB_RETENTION_GUARD {\"blended_candidates\": 298, \"dataset\": \"44b6_0b24845f\", \"frame\": 62, \"minimum_retention\": 0.9, \"primary_candidates\": 345, \"retention\": 0.863768115942029, \"use_primary\": true}\n"}
,{"stream_name":"stdout","time":607.788797394,"data":"BIOHUB_RETENTION_GUARD {\"blended_candidates\": 298, \"dataset\": \"44b6_0b24845f\", \"frame\": 62, \"minimum_retention\": 0.9, \"primary_candidates\": 345, \"retention\": 0.863768115942029, \"use_primary\": true}\n"}
,{"stream_name":"stdout","time":608.721593609,"data":"EDGE_TTA_ACTIVE views= 8 mean_abs_feat_delta= 0.373908\n"}
,{"stream_name":"stdout","time":608.923994864,"data":"EDGE_TTA_ACTIVE views= 8 mean_abs_feat_delta= 0.373908\n"}
,{"stream_name":"stdout","time":609.584459145,"data":"EDGE_TTA_ACTIVE views= 8 mean_abs_feat_delta= 0.346059\n"}
,{"stream_name":"stdout","time":609.787162057,"data":"EDGE_TTA_ACTIVE views= 8 mean_abs_feat_delta= 0.346059\n"}
,{"stream_name":"stdout","time":610.797855202,"data":"EDGE_TTA_ACTIVE views= 8 mean_abs_feat_delta= 0.368494\n"}
,{"stream_name":"stdout","time":611.000284264,"data":"EDGE_TTA_ACTIVE views= 8 mean_abs_feat_delta= 0.368494\n"}
,{"stream_name":"stdout","time":611.721685879,"data":"EDGE_TTA_ACTIVE views= 8 mean_abs_feat_delta= 0.346159\n"}
,{"stream_name":"stdout","time":611.780776913,"data":"BIOHUB_RETENTION_GUARD {\"blended_candidates\": 295, \"dataset\": \"44b6_0b24845f\", \"frame\": 64, \"minimum_retention\": 0.9, \"primary_candidates\": 344, \"retention\": 0.8575581395348837, \"use_primary\": true}\n"}
,{"stream_name":"stdout","time":611.924734574,"data":"EDGE_TTA_ACTIVE views= 8 mean_abs_feat_delta= 0.346159\n"}
,{"stream_name":"stdout","time":611.92475628,"data":"BIOHUB_RETENTION_GUARD {\"blended_candidates\": 295, \"dataset\": \"44b6_0b24845f\", \"frame\": 64, \"minimum_retention\": 0.9, \"primary_candidates\": 344, \"retention\": 0.8575581395348837, \"use_primary\": true}\n"}
,{"stream_name":"stdout","time":612.994429913,"data":"EDGE_TTA_ACTIVE views= 8 mean_abs_feat_delta= 0.370026\n"}
,{"stream_name":"stdout","time":613.197093671,"data":"EDGE_TTA_ACTIVE views= 8 mean_abs_feat_delta= 0.370026\n"}
,{"stream_name":"stdout","time":613.879922811,"data":"EDGE_TTA_ACTIVE views= 8 mean_abs_feat_delta= 0.345426\n"}
,{"stream_name":"stdout","time":613.968438394,"data":"BIOHUB_RETENTION_GUARD {\"blended_candidates\": 335, \"dataset\": \"44b6_0b24845f\", \"frame\": 65, \"minimum_retention\": 0.9, \"primary_candidates\": 378, \"retention\": 0.8862433862433863, \"use_primary\": true}\n"}
,{"stream_name":"stdout","time":614.082347518,"data":"EDGE_TTA_ACTIVE views= 8 mean_abs_feat_delta= 0.345426\n"}
,{"stream_name":"stdout","time":614.082378744,"data":"BIOHUB_RETENTION_GUARD {\"blended_candidates\": 335, \"dataset\": \"44b6_0b24845f\", \"frame\": 65, \"minimum_retention\": 0.9, \"primary_candidates\": 378, \"retention\": 0.8862433862433863, \"use_primary\": true}\n"}
,{"stream_name":"stdout","time":615.066271535,"data":"EDGE_TTA_ACTIVE views= 8 mean_abs_feat_delta= 0.369253\n"}
,{"stream_name":"stdout","time":615.268906755,"data":"EDGE_TTA_ACTIVE views= 8 mean_abs_feat_delta= 0.369253\n"}
,{"stream_name":"stdout","time":616.03148857,"data":"EDGE_TTA_ACTIVE views= 8 mean_abs_feat_delta= 0.344989\n"}
,{"stream_name":"stdout","time":616.049790944,"data":"BIOHUB_RETENTION_GUARD {\"blended_candidates\": 324, \"dataset\": \"44b6_0b24845f\", \"frame\": 66, \"minimum_retention\": 0.9, \"primary_candidates\": 375, \"retention\": 0.864, \"use_primary\": true}\n"}
,{"stream_name":"stdout","time":616.233929899,"data":"EDGE_TTA_ACTIVE views= 8 mean_abs_feat_delta= 0.344989\n"}
,{"stream_name":"stdout","time":616.234047395,"data":"BIOHUB_RETENTION_GUARD {\"blended_candidates\": 324, \"dataset\": \"44b6_0b24845f\", \"frame\": 66, \"minimum_retention\": 0.9, \"primary_candidates\": 375, \"retention\": 0.864, \"use_primary\": true}\n"}
,{"stream_name":"stdout","time":617.213862519,"data":"EDGE_TTA_ACTIVE views= 8 mean_abs_feat_delta= 0.365768\n"}
,{"stream_name":"stdout","time":617.434875252,"data":"EDGE_TTA_ACTIVE views= 8 mean_abs_feat_delta= 0.365768\n"}
,{"stream_name":"stdout","time":618.171005161,"data":"EDGE_TTA_ACTIVE views= 8 mean_abs_feat_delta= 0.343404\n"}
,{"stream_name":"stdout","time":618.373739047,"data":"EDGE_TTA_ACTIVE views= 8 mean_abs_feat_delta= 0.343404\n"}
,{"stream_name":"stdout","time":619.29821467,"data":"EDGE_TTA_ACTIVE views= 8 mean_abs_feat_delta= 0.365075\n"}
,{"stream_name":"stdout","time":619.500763364,"data":"EDGE_TTA_ACTIVE views= 8 mean_abs_feat_delta= 0.365075\n"}
,{"stream_name":"stdout","time":620.278634546,"data":"EDGE_TTA_ACTIVE views= 8 mean_abs_feat_delta= 0.341221\n"}
,{"stream_name":"stdout","time":620.481315962,"data":"EDGE_TTA_ACTIVE views= 8 mean_abs_feat_delta= 0.341221\n"}
,{"stream_name":"stdout","time":621.365843429,"data":"EDGE_TTA_ACTIVE views= 8 mean_abs_feat_delta= 0.366016\n"}
,{"stream_name":"stdout","time":621.568414966,"data":"EDGE_TTA_ACTIVE views= 8 mean_abs_feat_delta= 0.366016\n"}
,{"stream_name":"stdout","time":622.376837978,"data":"EDGE_TTA_ACTIVE views= 8 mean_abs_feat_delta= 0.343003\n"}
,{"stream_name":"stdout","time":622.57939327,"data":"EDGE_TTA_ACTIVE views= 8 mean_abs_feat_delta= 0.343003\n"}
,{"stream_name":"stdout","time":623.429974204,"data":"EDGE_TTA_ACTIVE views= 8 mean_abs_feat_delta= 0.365231\n"}
,{"stream_name":"stdout","time":623.632396095,"data":"EDGE_TTA_ACTIVE views= 8 mean_abs_feat_delta= 0.365231\n"}
,{"stream_name":"stdout","time":624.400174287,"data":"BIOHUB_RETENTION_GUARD {\"blended_candidates\": 260, \"dataset\": \"44b6_0b24845f\", \"frame\": 70, \"minimum_retention\": 0.9, \"primary_candidates\": 305, \"retention\": 0.8524590163934426, \"use_primary\": true}\n"}
,{"stream_name":"stdout","time":624.473657019,"data":"EDGE_TTA_ACTIVE views= 8 mean_abs_feat_delta= 0.343125\n"}
,{"stream_name":"stdout","time":624.602722402,"data":"BIOHUB_RETENTION_GUARD {\"blended_candidates\": 260, \"dataset\": \"44b6_0b24845f\", \"frame\": 70, \"minimum_retention\": 0.9, \"primary_candidates\": 305, \"retention\": 0.8524590163934426, \"use_primary\": true}\n"}
,{"stream_name":"stdout","time":624.602767801,"data":"EDGE_TTA_ACTIVE views= 8 mean_abs_feat_delta= 0.343125\n"}
,{"stream_name":"stdout","time":625.494455289,"data":"EDGE_TTA_ACTIVE views= 8 mean_abs_feat_delta= 0.36009\n"}
,{"stream_name":"stdout","time":625.696995319,"data":"EDGE_TTA_ACTIVE views= 8 mean_abs_feat_delta= 0.36009\n"}
,{"stream_name":"stdout","time":626.565053296,"data":"EDGE_TTA_ACTIVE views= 8 mean_abs_feat_delta= 0.337095\n"}
,{"stream_name":"stdout","time":626.767695089,"data":"EDGE_TTA_ACTIVE views= 8 mean_abs_feat_delta= 0.337095\n"}
,{"stream_name":"stdout","time":627.55738771,"data":"EDGE_TTA_ACTIVE views= 8 mean_abs_feat_delta= 0.360462\n"}
,{"stream_name":"stdout","time":627.759747285,"data":"EDGE_TTA_ACTIVE views= 8 mean_abs_feat_delta= 0.360462\n"}
,{"stream_name":"stdout","time":628.679367493,"data":"EDGE_TTA_ACTIVE views= 8 mean_abs_feat_delta= 0.337123\n"}
,{"stream_name":"stdout","time":628.881681621,"data":"EDGE_TTA_ACTIVE views= 8 mean_abs_feat_delta= 0.337123\n"}
,{"stream_name":"stdout","time":629.608308931,"data":"EDGE_TTA_ACTIVE views= 8 mean_abs_feat_delta= 0.359757\n"}
,{"stream_name":"stdout","time":629.810730109,"data":"EDGE_TTA_ACTIVE views= 8 mean_abs_feat_delta= 0.359757\n"}
,{"stream_name":"stdout","time":630.576649694,"data":"BIOHUB_RETENTION_GUARD {\"blended_candidates\": 197, \"dataset\": \"44b6_0b24845f\", \"frame\": 73, \"minimum_retention\": 0.9, \"primary_candidates\": 262, \"retention\": 0.7519083969465649, \"use_primary\": true}\n"}
,{"stream_name":"stdout","time":630.760729936,"data":"EDGE_TTA_ACTIVE views= 8 mean_abs_feat_delta= 0.338112\n"}
,{"stream_name":"stdout","time":630.779648685,"data":"BIOHUB_RETENTION_GUARD {\"blended_candidates\": 197, \"dataset\": \"44b6_0b24845f\", \"frame\": 73, \"minimum_retention\": 0.9, \"primary_candidates\": 262, \"retention\": 0.7519083969465649, \"use_primary\": true}\n"}
,{"stream_name":"stdout","time":630.779672211,"data":"EDGE_TTA_ACTIVE views= 8 mean_abs_feat_delta= 0.338112\n"}
,{"stream_name":"stdout","time":631.651573726,"data":"EDGE_TTA_ACTIVE views= 8 mean_abs_feat_delta= 0.368022\n"}
,{"stream_name":"stdout","time":631.853847644,"data":"EDGE_TTA_ACTIVE views= 8 mean_abs_feat_delta= 0.368022\n"}
,{"stream_name":"stdout","time":632.620307345,"data":"BIOHUB_RETENTION_GUARD {\"blended_candidates\": 224, \"dataset\": \"44b6_0b24845f\", \"frame\": 74, \"minimum_retention\": 0.9, \"primary_candidates\": 291, \"retention\": 0.7697594501718213, \"use_primary\": true}\n"}
,{"stream_name":"stdout","time":632.822837744,"data":"BIOHUB_RETENTION_GUARD {\"blended_candidates\": 224, \"dataset\": \"44b6_0b24845f\", \"frame\": 74, \"minimum_retention\": 0.9, \"primary_candidates\": 291, \"retention\": 0.7697594501718213, \"use_primary\": true}\n"}
,{"stream_name":"stdout","time":632.846930965,"data":"EDGE_TTA_ACTIVE views= 8 mean_abs_feat_delta= 0.338704\n"}
,{"stream_name":"stdout","time":633.049261685,"data":"EDGE_TTA_ACTIVE views= 8 mean_abs_feat_delta= 0.338704\n"}
,{"stream_name":"stdout","time":633.698631216,"data":"EDGE_TTA_ACTIVE views= 8 mean_abs_feat_delta= 0.358754\n"}
,{"stream_name":"stdout","time":633.900693566,"data":"EDGE_TTA_ACTIVE views= 8 mean_abs_feat_delta= 0.358754\n"}
,{"stream_name":"stdout","time":634.669186662,"data":"BIOHUB_RETENTION_GUARD {\"blended_candidates\": 325, \"dataset\": \"44b6_0b24845f\", \"frame\": 75, \"minimum_retention\": 0.9, \"primary_candidates\": 374, \"retention\": 0.8689839572192514, \"use_primary\": true}\n"}
,{"stream_name":"stdout","time":634.872522433,"data":"BIOHUB_RETENTION_GUARD {\"blended_candidates\": 325, \"dataset\": \"44b6_0b24845f\", \"frame\": 75, \"minimum_retention\": 0.9, \"primary_candidates\": 374, \"retention\": 0.8689839572192514, \"use_primary\": true}\n"}
,{"stream_name":"stdout","time":634.939695964,"data":"EDGE_TTA_ACTIVE views= 8 mean_abs_feat_delta= 0.340176\n"}
,{"stream_name":"stdout","time":635.14208917,"data":"EDGE_TTA_ACTIVE views= 8 mean_abs_feat_delta= 0.340176\n"}
,{"stream_name":"stdout","time":635.805501139,"data":"EDGE_TTA_ACTIVE views= 8 mean_abs_feat_delta= 0.358919\n"}
,{"stream_name":"stdout","time":636.00766058,"data":"EDGE_TTA_ACTIVE views= 8 mean_abs_feat_delta= 0.358919\n"}
,{"stream_name":"stdout","time":636.774098218,"data":"BIOHUB_RETENTION_GUARD {\"blended_candidates\": 321, \"dataset\": \"44b6_0b24845f\", \"frame\": 76, \"minimum_retention\": 0.9, \"primary_candidates\": 379, \"retention\": 0.8469656992084432, \"use_primary\": true}\n"}
,{"stream_name":"stdout","time":636.976969499,"data":"BIOHUB_RETENTION_GUARD {\"blended_candidates\": 321, \"dataset\": \"44b6_0b24845f\", \"frame\": 76, \"minimum_retention\": 0.9, \"primary_candidates\": 379, \"retention\": 0.8469656992084432, \"use_primary\": true}\n"}
,{"stream_name":"stdout","time":637.022919015,"data":"EDGE_TTA_ACTIVE views= 8 mean_abs_feat_delta= 0.346094\n"}
,{"stream_name":"stdout","time":637.225134356,"data":"EDGE_TTA_ACTIVE views= 8 mean_abs_feat_delta= 0.346094\n"}
,{"stream_name":"stdout","time":637.870231359,"data":"EDGE_TTA_ACTIVE views= 8 mean_abs_feat_delta= 0.361097\n"}
,{"stream_name":"stdout","time":638.07240849,"data":"EDGE_TTA_ACTIVE views= 8 mean_abs_feat_delta= 0.361097\n"}
,{"stream_name":"stdout","time":638.840591731,"data":"BIOHUB_RETENTION_GUARD {\"blended_candidates\": 243, \"dataset\": \"44b6_0b24845f\", \"frame\": 77, \"minimum_retention\": 0.9, \"primary_candidates\": 331, \"retention\": 0.7341389728096677, \"use_primary\": true}\n"}
,{"stream_name":"stdout","time":639.042837998,"data":"BIOHUB_RETENTION_GUARD {\"blended_candidates\": 243, \"dataset\": \"44b6_0b24845f\", \"frame\": 77, \"minimum_retention\": 0.9, \"primary_candidates\": 331, \"retention\": 0.7341389728096677, \"use_primary\": true}\n"}
,{"stream_name":"stdout","time":639.135532667,"data":"EDGE_TTA_ACTIVE views= 8 mean_abs_feat_delta= 0.348292\n"}
,{"stream_name":"stdout","time":639.337622105,"data":"EDGE_TTA_ACTIVE views= 8 mean_abs_feat_delta= 0.348292\n"}
,{"stream_name":"stdout","time":639.936126766,"data":"EDGE_TTA_ACTIVE views= 8 mean_abs_feat_delta= 0.36529\n"}
,{"stream_name":"stdout","time":640.138693977,"data":"EDGE_TTA_ACTIVE views= 8 mean_abs_feat_delta= 0.36529\n"}
,{"stream_name":"stdout","time":640.905738101,"data":"BIOHUB_RETENTION_GUARD {\"blended_candidates\": 284, \"dataset\": \"44b6_0b24845f\", \"frame\": 78, \"minimum_retention\": 0.9, \"primary_candidates\": 392, \"retention\": 0.7244897959183674, \"use_primary\": true}\n"}
,{"stream_name":"stdout","time":641.108276511,"data":"BIOHUB_RETENTION_GUARD {\"blended_candidates\": 284, \"dataset\": \"44b6_0b24845f\", \"frame\": 78, \"minimum_retention\": 0.9, \"primary_candidates\": 392, \"retention\": 0.7244897959183674, \"use_primary\": true}\n"}
,{"stream_name":"stdout","time":641.27912919,"data":"EDGE_TTA_ACTIVE views= 8 mean_abs_feat_delta= 0.344312\n"}
,{"stream_name":"stdout","time":641.481285003,"data":"EDGE_TTA_ACTIVE views= 8 mean_abs_feat_delta= 0.344312\n"}
,{"stream_name":"stdout","time":642.037943847,"data":"EDGE_TTA_ACTIVE views= 8 mean_abs_feat_delta= 0.365892\n"}
,{"stream_name":"stdout","time":642.240371044,"data":"EDGE_TTA_ACTIVE views= 8 mean_abs_feat_delta= 0.365892\n"}
,{"stream_name":"stdout","time":643.010646604,"data":"BIOHUB_RETENTION_GUARD {\"blended_candidates\": 298, \"dataset\": \"44b6_0b24845f\", \"frame\": 79, \"minimum_retention\": 0.9, \"primary_candidates\": 424, \"retention\": 0.7028301886792453, \"use_primary\": true}\n"}
,{"stream_name":"stdout","time":643.213098453,"data":"BIOHUB_RETENTION_GUARD {\"blended_candidates\": 298, \"dataset\": \"44b6_0b24845f\", \"frame\": 79, \"minimum_retention\": 0.9, \"primary_candidates\": 424, \"retention\": 0.7028301886792453, \"use_primary\": true}\n"}
,{"stream_name":"stdout","time":643.403709,"data":"EDGE_TTA_ACTIVE views= 8 mean_abs_feat_delta= 0.341477\n"}
,{"stream_name":"stdout","time":643.605938451,"data":"EDGE_TTA_ACTIVE views= 8 mean_abs_feat_delta= 0.341477\n"}
,{"stream_name":"stdout","time":644.147286396,"data":"EDGE_TTA_ACTIVE views= 8 mean_abs_feat_delta= 0.365633\n"}
,{"stream_name":"stdout","time":644.349565692,"data":"EDGE_TTA_ACTIVE views= 8 mean_abs_feat_delta= 0.365633\n"}
,{"stream_name":"stdout","time":645.115671077,"data":"BIOHUB_RETENTION_GUARD {\"blended_candidates\": 291, \"dataset\": \"44b6_0b24845f\", \"frame\": 80, \"minimum_retention\": 0.9, \"primary_candidates\": 388, \"retention\": 0.75, \"use_primary\": true}\n"}
,{"stream_name":"stdout","time":645.317903845,"data":"BIOHUB_RETENTION_GUARD {\"blended_candidates\": 291, \"dataset\": \"44b6_0b24845f\", \"frame\": 80, \"minimum_retention\": 0.9, \"primary_candidates\": 388, \"retention\": 0.75, \"use_primary\": true}\n"}
,{"stream_name":"stdout","time":645.493662532,"data":"EDGE_TTA_ACTIVE views= 8 mean_abs_feat_delta= 0.34091\n"}
,{"stream_name":"stdout","time":645.696075961,"data":"EDGE_TTA_ACTIVE views= 8 mean_abs_feat_delta= 0.34091\n"}
,{"stream_name":"stdout","time":646.2458332,"data":"EDGE_TTA_ACTIVE views= 8 mean_abs_feat_delta= 0.369442\n"}
,{"stream_name":"stdout","time":646.447898676,"data":"EDGE_TTA_ACTIVE views= 8 mean_abs_feat_delta= 0.369442\n"}
,{"stream_name":"stdout","time":647.221315673,"data":"BIOHUB_RETENTION_GUARD {\"blended_candidates\": 294, \"dataset\": \"44b6_0b24845f\", \"frame\": 81, \"minimum_retention\": 0.9, \"primary_candidates\": 382, \"retention\": 0.7696335078534031, \"use_primary\": true}\n"}
,{"stream_name":"stdout","time":647.423731121,"data":"BIOHUB_RETENTION_GUARD {\"blended_candidates\": 294, \"dataset\": \"44b6_0b24845f\", \"frame\": 81, \"minimum_retention\": 0.9, \"primary_candidates\": 382, \"retention\": 0.7696335078534031, \"use_primary\": true}\n"}
,{"stream_name":"stdout","time":647.580560892,"data":"EDGE_TTA_ACTIVE views= 8 mean_abs_feat_delta= 0.337156\n"}
,{"stream_name":"stdout","time":647.804190872,"data":"EDGE_TTA_ACTIVE views= 8 mean_abs_feat_delta= 0.337156\n"}
,{"stream_name":"stdout","time":648.31868663,"data":"EDGE_TTA_ACTIVE views= 8 mean_abs_feat_delta= 0.373979\n"}
,{"stream_name":"stdout","time":648.52123061,"data":"EDGE_TTA_ACTIVE views= 8 mean_abs_feat_delta= 0.373979\n"}
,{"stream_name":"stdout","time":649.288834527,"data":"BIOHUB_RETENTION_GUARD {\"blended_candidates\": 277, \"dataset\": \"44b6_0b24845f\", \"frame\": 82, \"minimum_retention\": 0.9, \"primary_candidates\": 385, \"retention\": 0.7194805194805195, \"use_primary\": true}\n"}
,{"stream_name":"stdout","time":649.491355512,"data":"BIOHUB_RETENTION_GUARD {\"blended_candidates\": 277, \"dataset\": \"44b6_0b24845f\", \"frame\": 82, \"minimum_retention\": 0.9, \"primary_candidates\": 385, \"retention\": 0.7194805194805195, \"use_primary\": true}\n"}
,{"stream_name":"stdout","time":649.681193598,"data":"EDGE_TTA_ACTIVE views= 8 mean_abs_feat_delta= 0.339841\n"}
,{"stream_name":"stdout","time":649.883618392,"data":"EDGE_TTA_ACTIVE views= 8 mean_abs_feat_delta= 0.339841\n"}
,{"stream_name":"stdout","time":650.405400725,"data":"EDGE_TTA_ACTIVE views= 8 mean_abs_feat_delta= 0.365009\n"}
,{"stream_name":"stdout","time":650.607749879,"data":"EDGE_TTA_ACTIVE views= 8 mean_abs_feat_delta= 0.365009\n"}
,{"stream_name":"stdout","time":651.37550573,"data":"BIOHUB_RETENTION_GUARD {\"blended_candidates\": 268, \"dataset\": \"44b6_0b24845f\", \"frame\": 83, \"minimum_retention\": 0.9, \"primary_candidates\": 379, \"retention\": 0.7071240105540897, \"use_primary\": true}\n"}
,{"stream_name":"stdout","time":651.577932435,"data":"BIOHUB_RETENTION_GUARD {\"blended_candidates\": 268, \"dataset\": \"44b6_0b24845f\", \"frame\": 83, \"minimum_retention\": 0.9, \"primary_candidates\": 379, \"retention\": 0.7071240105540897, \"use_primary\": true}\n"}
,{"stream_name":"stdout","time":651.795280916,"data":"EDGE_TTA_ACTIVE views= 8 mean_abs_feat_delta= 0.34054\n"}
,{"stream_name":"stdout","time":651.997738438,"data":"EDGE_TTA_ACTIVE views= 8 mean_abs_feat_delta= 0.34054\n"}
,{"stream_name":"stdout","time":652.493261543,"data":"EDGE_TTA_ACTIVE views= 8 mean_abs_feat_delta= 0.36654\n"}
,{"stream_name":"stdout","time":652.695655044,"data":"EDGE_TTA_ACTIVE views= 8 mean_abs_feat_delta= 0.36654\n"}
,{"stream_name":"stdout","time":653.46483741,"data":"BIOHUB_RETENTION_GUARD {\"blended_candidates\": 287, \"dataset\": \"44b6_0b24845f\", \"frame\": 84, \"minimum_retention\": 0.9, \"primary_candidates\": 361, \"retention\": 0.7950138504155124, \"use_primary\": true}\n"}
,{"stream_name":"stdout","time":653.667027616,"data":"BIOHUB_RETENTION_GUARD {\"blended_candidates\": 287, \"dataset\": \"44b6_0b24845f\", \"frame\": 84, \"minimum_retention\": 0.9, \"primary_candidates\": 361, \"retention\": 0.7950138504155124, \"use_primary\": true}\n"}
,{"stream_name":"stdout","time":653.924908618,"data":"EDGE_TTA_ACTIVE views= 8 mean_abs_feat_delta= 0.345761\n"}
,{"stream_name":"stdout","time":654.127408242,"data":"EDGE_TTA_ACTIVE views= 8 mean_abs_feat_delta= 0.345761\n"}
,{"stream_name":"stdout","time":654.600159073,"data":"EDGE_TTA_ACTIVE views= 8 mean_abs_feat_delta= 0.364996\n"}
,{"stream_name":"stdout","time":654.803000558,"data":"EDGE_TTA_ACTIVE views= 8 mean_abs_feat_delta= 0.364996\n"}
,{"stream_name":"stdout","time":655.573073462,"data":"BIOHUB_RETENTION_GUARD {\"blended_candidates\": 198, \"dataset\": \"44b6_0b24845f\", \"frame\": 85, \"minimum_retention\": 0.9, \"primary_candidates\": 294, \"retention\": 0.673469387755102, \"use_primary\": true}\n"}
,{"stream_name":"stdout","time":655.77541049,"data":"BIOHUB_RETENTION_GUARD {\"blended_candidates\": 198, \"dataset\": \"44b6_0b24845f\", \"frame\": 85, \"minimum_retention\": 0.9, \"primary_candidates\": 294, \"retention\": 0.673469387755102, \"use_primary\": true}\n"}
,{"stream_name":"stdout","time":656.019058457,"data":"EDGE_TTA_ACTIVE views= 8 mean_abs_feat_delta= 0.34535\n"}
,{"stream_name":"stdout","time":656.221417117,"data":"EDGE_TTA_ACTIVE views= 8 mean_abs_feat_delta= 0.34535\n"}
,{"stream_name":"stdout","time":656.692444174,"data":"EDGE_TTA_ACTIVE views= 8 mean_abs_feat_delta= 0.364819\n"}
,{"stream_name":"stdout","time":656.894597668,"data":"EDGE_TTA_ACTIVE views= 8 mean_abs_feat_delta= 0.364819\n"}
,{"stream_name":"stdout","time":657.66326412,"data":"BIOHUB_RETENTION_GUARD {\"blended_candidates\": 169, \"dataset\": \"44b6_0b24845f\", \"frame\": 86, \"minimum_retention\": 0.9, \"primary_candidates\": 282, \"retention\": 0.599290780141844, \"use_primary\": true}\n"}
,{"stream_name":"stdout","time":657.865683379,"data":"BIOHUB_RETENTION_GUARD {\"blended_candidates\": 169, \"dataset\": \"44b6_0b24845f\", \"frame\": 86, \"minimum_retention\": 0.9, \"primary_candidates\": 282, \"retention\": 0.599290780141844, \"use_primary\": true}\n"}
,{"stream_name":"stdout","time":658.168156015,"data":"EDGE_TTA_ACTIVE views= 8 mean_abs_feat_delta= 0.345018\n"}
,{"stream_name":"stdout","time":658.370649144,"data":"EDGE_TTA_ACTIVE views= 8 mean_abs_feat_delta= 0.345018\n"}
,{"stream_name":"stdout","time":658.778535356,"data":"EDGE_TTA_ACTIVE views= 8 mean_abs_feat_delta= 0.360555\n"}
,{"stream_name":"stdout","time":658.981270047,"data":"EDGE_TTA_ACTIVE views= 8 mean_abs_feat_delta= 0.360555\n"}
,{"stream_name":"stdout","time":659.751996126,"data":"BIOHUB_RETENTION_GUARD {\"blended_candidates\": 232, \"dataset\": \"44b6_0b24845f\", \"frame\": 87, \"minimum_retention\": 0.9, \"primary_candidates\": 323, \"retention\": 0.718266253869969, \"use_primary\": true}\n"}
,{"stream_name":"stdout","time":659.954302945,"data":"BIOHUB_RETENTION_GUARD {\"blended_candidates\": 232, \"dataset\": \"44b6_0b24845f\", \"frame\": 87, \"minimum_retention\": 0.9, \"primary_candidates\": 323, \"retention\": 0.718266253869969, \"use_primary\": true}\n"}
,{"stream_name":"stdout","time":660.322722219,"data":"EDGE_TTA_ACTIVE views= 8 mean_abs_feat_delta= 0.339492\n"}
,{"stream_name":"stdout","time":660.524863784,"data":"EDGE_TTA_ACTIVE views= 8 mean_abs_feat_delta= 0.339492\n"}
,{"stream_name":"stdout","time":660.890101944,"data":"EDGE_TTA_ACTIVE views= 8 mean_abs_feat_delta= 0.367991\n"}
,{"stream_name":"stdout","time":661.092497563,"data":"EDGE_TTA_ACTIVE views= 8 mean_abs_feat_delta= 0.367991\n"}
,{"stream_name":"stdout","time":661.880624342,"data":"BIOHUB_RETENTION_GUARD {\"blended_candidates\": 287, \"dataset\": \"44b6_0b24845f\", \"frame\": 88, \"minimum_retention\": 0.9, \"primary_candidates\": 363, \"retention\": 0.790633608815427, \"use_primary\": true}\n"}
,{"stream_name":"stdout","time":662.083096359,"data":"BIOHUB_RETENTION_GUARD {\"blended_candidates\": 287, \"dataset\": \"44b6_0b24845f\", \"frame\": 88, \"minimum_retention\": 0.9, \"primary_candidates\": 363, \"retention\": 0.790633608815427, \"use_primary\": true}\n"}
,{"stream_name":"stdout","time":662.491698224,"data":"EDGE_TTA_ACTIVE views= 8 mean_abs_feat_delta= 0.333718\n"}
,{"stream_name":"stdout","time":662.694135901,"data":"EDGE_TTA_ACTIVE views= 8 mean_abs_feat_delta= 0.333718\n"}
,{"stream_name":"stdout","time":663.042839544,"data":"EDGE_TTA_ACTIVE views= 8 mean_abs_feat_delta= 0.374613\n"}
,{"stream_name":"stdout","time":663.245398672,"data":"EDGE_TTA_ACTIVE views= 8 mean_abs_feat_delta= 0.374613\n"}
,{"stream_name":"stdout","time":664.032191237,"data":"BIOHUB_RETENTION_GUARD {\"blended_candidates\": 219, \"dataset\": \"44b6_0b24845f\", \"frame\": 89, \"minimum_retention\": 0.9, \"primary_candidates\": 322, \"retention\": 0.6801242236024845, \"use_primary\": true}\n"}
,{"stream_name":"stdout","time":664.234309793,"data":"BIOHUB_RETENTION_GUARD {\"blended_candidates\": 219, \"dataset\": \"44b6_0b24845f\", \"frame\": 89, \"minimum_retention\": 0.9, \"primary_candidates\": 322, \"retention\": 0.6801242236024845, \"use_primary\": true}\n"}
,{"stream_name":"stdout","time":664.63132172,"data":"EDGE_TTA_ACTIVE views= 8 mean_abs_feat_delta= 0.334199\n"}
,{"stream_name":"stdout","time":664.833719925,"data":"EDGE_TTA_ACTIVE views= 8 mean_abs_feat_delta= 0.334199\n"}
,{"stream_name":"stdout","time":665.221615617,"data":"EDGE_TTA_ACTIVE views= 8 mean_abs_feat_delta= 0.362102\n"}
,{"stream_name":"stdout","time":665.4239459,"data":"EDGE_TTA_ACTIVE views= 8 mean_abs_feat_delta= 0.362102\n"}
,{"stream_name":"stdout","time":666.202208512,"data":"BIOHUB_RETENTION_GUARD {\"blended_candidates\": 175, \"dataset\": \"44b6_0b24845f\", \"frame\": 90, \"minimum_retention\": 0.9, \"primary_candidates\": 269, \"retention\": 0.6505576208178439, \"use_primary\": true}\n"}
,{"stream_name":"stdout","time":666.404623297,"data":"BIOHUB_RETENTION_GUARD {\"blended_candidates\": 175, \"dataset\": \"44b6_0b24845f\", \"frame\": 90, \"minimum_retention\": 0.9, \"primary_candidates\": 269, \"retention\": 0.6505576208178439, \"use_primary\": true}\n"}
,{"stream_name":"stdout","time":666.768239613,"data":"EDGE_TTA_ACTIVE views= 8 mean_abs_feat_delta= 0.338008\n"}
,{"stream_name":"stdout","time":666.970628935,"data":"EDGE_TTA_ACTIVE views= 8 mean_abs_feat_delta= 0.338008\n"}
,{"stream_name":"stdout","time":667.322514501,"data":"EDGE_TTA_ACTIVE views= 8 mean_abs_feat_delta= 0.362535\n"}
,{"stream_name":"stdout","time":667.524836047,"data":"EDGE_TTA_ACTIVE views= 8 mean_abs_feat_delta= 0.362535\n"}
,{"stream_name":"stdout","time":668.310743635,"data":"BIOHUB_RETENTION_GUARD {\"blended_candidates\": 136, \"dataset\": \"44b6_0b24845f\", \"frame\": 91, \"minimum_retention\": 0.9, \"primary_candidates\": 237, \"retention\": 0.5738396624472574, \"use_primary\": true}\n"}
,{"stream_name":"stdout","time":668.513356455,"data":"BIOHUB_RETENTION_GUARD {\"blended_candidates\": 136, \"dataset\": \"44b6_0b24845f\", \"frame\": 91, \"minimum_retention\": 0.9, \"primary_candidates\": 237, \"retention\": 0.5738396624472574, \"use_primary\": true}\n"}
,{"stream_name":"stdout","time":668.940396166,"data":"EDGE_TTA_ACTIVE views= 8 mean_abs_feat_delta= 0.338144\n"}
,{"stream_name":"stdout","time":669.14298118,"data":"EDGE_TTA_ACTIVE views= 8 mean_abs_feat_delta= 0.338144\n"}
,{"stream_name":"stdout","time":669.396898276,"data":"EDGE_TTA_ACTIVE views= 8 mean_abs_feat_delta= 0.36442\n"}
,{"stream_name":"stdout","time":669.598111239,"data":"EDGE_TTA_ACTIVE views= 8 mean_abs_feat_delta= 0.36442\n"}
,{"stream_name":"stdout","time":670.380328668,"data":"BIOHUB_RETENTION_GUARD {\"blended_candidates\": 151, \"dataset\": \"44b6_0b24845f\", \"frame\": 92, \"minimum_retention\": 0.9, \"primary_candidates\": 286, \"retention\": 0.527972027972028, \"use_primary\": true}\n"}
,{"stream_name":"stdout","time":670.583175471,"data":"BIOHUB_RETENTION_GUARD {\"blended_candidates\": 151, \"dataset\": \"44b6_0b24845f\", \"frame\": 92, \"minimum_retention\": 0.9, \"primary_candidates\": 286, \"retention\": 0.527972027972028, \"use_primary\": true}\n"}
,{"stream_name":"stdout","time":671.064075944,"data":"EDGE_TTA_ACTIVE views= 8 mean_abs_feat_delta= 0.336404\n"}
,{"stream_name":"stdout","time":671.266035886,"data":"EDGE_TTA_ACTIVE views= 8 mean_abs_feat_delta= 0.336404\n"}
,{"stream_name":"stdout","time":671.531778708,"data":"EDGE_TTA_ACTIVE views= 8 mean_abs_feat_delta= 0.357811\n"}
,{"stream_name":"stdout","time":671.734113505,"data":"EDGE_TTA_ACTIVE views= 8 mean_abs_feat_delta= 0.357811\n"}
,{"stream_name":"stdout","time":672.521035701,"data":"BIOHUB_RETENTION_GUARD {\"blended_candidates\": 133, \"dataset\": \"44b6_0b24845f\", \"frame\": 93, \"minimum_retention\": 0.9, \"primary_candidates\": 253, \"retention\": 0.525691699604743, \"use_primary\": true}\n"}
,{"stream_name":"stdout","time":672.723624989,"data":"BIOHUB_RETENTION_GUARD {\"blended_candidates\": 133, \"dataset\": \"44b6_0b24845f\", \"frame\": 93, \"minimum_retention\": 0.9, \"primary_candidates\": 253, \"retention\": 0.525691699604743, \"use_primary\": true}\n"}
,{"stream_name":"stdout","time":673.217180747,"data":"EDGE_TTA_ACTIVE views= 8 mean_abs_feat_delta= 0.336923\n"}
,{"stream_name":"stdout","time":673.419816425,"data":"EDGE_TTA_ACTIVE views= 8 mean_abs_feat_delta= 0.336923\n"}
,{"stream_name":"stdout","time":673.690747102,"data":"EDGE_TTA_ACTIVE views= 8 mean_abs_feat_delta= 0.3551\n"}
,{"stream_name":"stdout","time":673.893499207,"data":"EDGE_TTA_ACTIVE views= 8 mean_abs_feat_delta= 0.3551\n"}
,{"stream_name":"stdout","time":674.679441222,"data":"BIOHUB_RETENTION_GUARD {\"blended_candidates\": 168, \"dataset\": \"44b6_0b24845f\", \"frame\": 94, \"minimum_retention\": 0.9, \"primary_candidates\": 290, \"retention\": 0.5793103448275863, \"use_primary\": true}\n"}
,{"stream_name":"stdout","time":674.882441955,"data":"BIOHUB_RETENTION_GUARD {\"blended_candidates\": 168, \"dataset\": \"44b6_0b24845f\", \"frame\": 94, \"minimum_retention\": 0.9, \"primary_candidates\": 290, \"retention\": 0.5793103448275863, \"use_primary\": true}\n"}
,{"stream_name":"stdout","time":675.411042425,"data":"EDGE_TTA_ACTIVE views= 8 mean_abs_feat_delta= 0.340204\n"}
,{"stream_name":"stdout","time":675.613619322,"data":"EDGE_TTA_ACTIVE views= 8 mean_abs_feat_delta= 0.340204\n"}
,{"stream_name":"stdout","time":675.832522015,"data":"EDGE_TTA_ACTIVE views= 8 mean_abs_feat_delta= 0.362482\n"}
,{"stream_name":"stdout","time":676.035008302,"data":"EDGE_TTA_ACTIVE views= 8 mean_abs_feat_delta= 0.362482\n"}
,{"stream_name":"stdout","time":676.820744587,"data":"BIOHUB_RETENTION_GUARD {\"blended_candidates\": 140, \"dataset\": \"44b6_0b24845f\", \"frame\": 95, \"minimum_retention\": 0.9, \"primary_candidates\": 309, \"retention\": 0.45307443365695793, \"use_primary\": true}\n"}
,{"stream_name":"stdout","time":677.02323778,"data":"BIOHUB_RETENTION_GUARD {\"blended_candidates\": 140, \"dataset\": \"44b6_0b24845f\", \"frame\": 95, \"minimum_retention\": 0.9, \"primary_candidates\": 309, \"retention\": 0.45307443365695793, \"use_primary\": true}\n"}
,{"stream_name":"stdout","time":677.637789568,"data":"EDGE_TTA_ACTIVE views= 8 mean_abs_feat_delta= 0.343273\n"}
,{"stream_name":"stdout","time":677.864375469,"data":"EDGE_TTA_ACTIVE views= 8 mean_abs_feat_delta= 0.343273\n"}
,{"stream_name":"stdout","time":677.952293888,"data":"EDGE_TTA_ACTIVE views= 8 mean_abs_feat_delta= 0.358614\n"}
,{"stream_name":"stdout","time":678.154427747,"data":"EDGE_TTA_ACTIVE views= 8 mean_abs_feat_delta= 0.358614\n"}
,{"stream_name":"stdout","time":678.939495184,"data":"BIOHUB_RETENTION_GUARD {\"blended_candidates\": 124, \"dataset\": \"44b6_0b24845f\", \"frame\": 96, \"minimum_retention\": 0.9, \"primary_candidates\": 273, \"retention\": 0.4542124542124542, \"use_primary\": true}\n"}
,{"stream_name":"stdout","time":679.141827292,"data":"BIOHUB_RETENTION_GUARD {\"blended_candidates\": 124, \"dataset\": \"44b6_0b24845f\", \"frame\": 96, \"minimum_retention\": 0.9, \"primary_candidates\": 273, \"retention\": 0.4542124542124542, \"use_primary\": true}\n"}
,{"stream_name":"stdout","time":679.826448651,"data":"EDGE_TTA_ACTIVE views= 8 mean_abs_feat_delta= 0.340039\n"}
,{"stream_name":"stdout","time":680.028832187,"data":"EDGE_TTA_ACTIVE views= 8 mean_abs_feat_delta= 0.340039\n"}
,{"stream_name":"stdout","time":680.129853141,"data":"EDGE_TTA_ACTIVE views= 8 mean_abs_feat_delta= 0.354717\n"}
,{"stream_name":"stdout","time":680.332237461,"data":"EDGE_TTA_ACTIVE views= 8 mean_abs_feat_delta= 0.354717\n"}
,{"stream_name":"stdout","time":681.11582016,"data":"BIOHUB_RETENTION_GUARD {\"blended_candidates\": 181, \"dataset\": \"44b6_0b24845f\", \"frame\": 97, \"minimum_retention\": 0.9, \"primary_candidates\": 328, \"retention\": 0.551829268292683, \"use_primary\": true}\n"}
,{"stream_name":"stdout","time":681.318202759,"data":"BIOHUB_RETENTION_GUARD {\"blended_candidates\": 181, \"dataset\": \"44b6_0b24845f\", \"frame\": 97, \"minimum_retention\": 0.9, \"primary_candidates\": 328, \"retention\": 0.551829268292683, \"use_primary\": true}\n"}
,{"stream_name":"stdout","time":682.018910607,"data":"EDGE_TTA_ACTIVE views= 8 mean_abs_feat_delta= 0.338922\n"}
,{"stream_name":"stdout","time":682.221559466,"data":"EDGE_TTA_ACTIVE views= 8 mean_abs_feat_delta= 0.338922\n"}
,{"stream_name":"stdout","time":682.300536835,"data":"EDGE_TTA_ACTIVE views= 8 mean_abs_feat_delta= 0.362901\n"}
,{"stream_name":"stdout","time":682.502911288,"data":"EDGE_TTA_ACTIVE views= 8 mean_abs_feat_delta= 0.362901\n"}
,{"stream_name":"stdout","time":683.288716361,"data":"BIOHUB_RETENTION_GUARD {\"blended_candidates\": 153, \"dataset\": \"44b6_0b24845f\", \"frame\": 98, \"minimum_retention\": 0.9, \"primary_candidates\": 295, \"retention\": 0.5186440677966102, \"use_primary\": true}\n"}
,{"stream_name":"stdout","time":683.491188089,"data":"BIOHUB_RETENTION_GUARD {\"blended_candidates\": 153, \"dataset\": \"44b6_0b24845f\", \"frame\": 98, \"minimum_retention\": 0.9, \"primary_candidates\": 295, \"retention\": 0.5186440677966102, \"use_primary\": true}\n"}
,{"stream_name":"stdout","time":684.188283322,"data":"EDGE_TTA_ACTIVE views= 8 mean_abs_feat_delta= 0.342488\n"}
,{"stream_name":"stdout","time":684.390712948,"data":"EDGE_TTA_ACTIVE views= 8 mean_abs_feat_delta= 0.342488\n"}
,{"stream_name":"stdout","time":684.448985746,"data":"EDGE_TTA_ACTIVE views= 8 mean_abs_feat_delta= 0.362405\n"}
,{"stream_name":"stdout","time":684.650892411,"data":"EDGE_TTA_ACTIVE views= 8 mean_abs_feat_delta= 0.362405\n"}
,{"stream_name":"stdout","time":685.43585821,"data":"BIOHUB_RETENTION_GUARD {\"blended_candidates\": 111, \"dataset\": \"44b6_0b24845f\", \"frame\": 99, \"minimum_retention\": 0.9, \"primary_candidates\": 224, \"retention\": 0.4955357142857143, \"use_primary\": true}\n"}
,{"stream_name":"stdout","time":685.638387823,"data":"BIOHUB_RETENTION_GUARD {\"blended_candidates\": 111, \"dataset\": \"44b6_0b24845f\", \"frame\": 99, \"minimum_retention\": 0.9, \"primary_candidates\": 224, \"retention\": 0.4955357142857143, \"use_primary\": true}\n"}
,{"stream_name":"stdout","time":686.340442303,"data":"EDGE_TTA_ACTIVE views= 8 mean_abs_feat_delta= 0.341683\n"}
,{"stream_name":"stdout","time":686.54333242,"data":"EDGE_TTA_ACTIVE views= 8 mean_abs_feat_delta= 0.341683\n"}
,{"stream_name":"stdout","time":707.875731242,"data":"EDGE_TTA_ACTIVE views= 8 mean_abs_feat_delta= 0.336457\n"}
,{"stream_name":"stdout","time":708.10291301,"data":"EDGE_TTA_ACTIVE views= 8 mean_abs_feat_delta= 0.336457\n"}
,{"stream_name":"stdout","time":710.183454714,"data":"EDGE_TTA_ACTIVE views= 8 mean_abs_feat_delta= 0.33652\n"}
,{"stream_name":"stdout","time":710.386103923,"data":"EDGE_TTA_ACTIVE views= 8 mean_abs_feat_delta= 0.33652\n"}
,{"stream_name":"stdout","time":712.534667886,"data":"EDGE_TTA_ACTIVE views= 8 mean_abs_feat_delta= 0.334504\n"}
,{"stream_name":"stdout","time":712.737234406,"data":"EDGE_TTA_ACTIVE views= 8 mean_abs_feat_delta= 0.334504\n"}
,{"stream_name":"stdout","time":714.801284908,"data":"EDGE_TTA_ACTIVE views= 8 mean_abs_feat_delta= 0.353265\n"}
,{"stream_name":"stdout","time":714.902249381,"data":"EDGE_TTA_ACTIVE views= 8 mean_abs_feat_delta= 0.331503\n"}
,{"stream_name":"stdout","time":715.003797262,"data":"EDGE_TTA_ACTIVE views= 8 mean_abs_feat_delta= 0.353265\n"}
,{"stream_name":"stdout","time":715.003835165,"data":"EDGE_TTA_ACTIVE views= 8 mean_abs_feat_delta= 0.331503\n"}
,{"stream_name":"stdout","time":716.872549832,"data":"EDGE_TTA_ACTIVE views= 8 mean_abs_feat_delta= 0.356556\n"}
,{"stream_name":"stdout","time":717.074970727,"data":"EDGE_TTA_ACTIVE views= 8 mean_abs_feat_delta= 0.356556\n"}
,{"stream_name":"stdout","time":717.256744936,"data":"EDGE_TTA_ACTIVE views= 8 mean_abs_feat_delta= 0.334571\n"}
,{"stream_name":"stdout","time":717.458836703,"data":"EDGE_TTA_ACTIVE views= 8 mean_abs_feat_delta= 0.334571\n"}
,{"stream_name":"stdout","time":718.948268624,"data":"EDGE_TTA_ACTIVE views= 8 mean_abs_feat_delta= 0.359353\n"}
,{"stream_name":"stdout","time":719.150767816,"data":"EDGE_TTA_ACTIVE views= 8 mean_abs_feat_delta= 0.359353\n"}
,{"stream_name":"stdout","time":719.606660123,"data":"EDGE_TTA_ACTIVE views= 8 mean_abs_feat_delta= 0.333844\n"}
,{"stream_name":"stdout","time":719.808981609,"data":"EDGE_TTA_ACTIVE views= 8 mean_abs_feat_delta= 0.333844\n"}
,{"stream_name":"stdout","time":721.096781029,"data":"EDGE_TTA_ACTIVE views= 8 mean_abs_feat_delta= 0.361838\n"}
,{"stream_name":"stdout","time":721.299166335,"data":"EDGE_TTA_ACTIVE views= 8 mean_abs_feat_delta= 0.361838\n"}
,{"stream_name":"stdout","time":721.957552772,"data":"EDGE_TTA_ACTIVE views= 8 mean_abs_feat_delta= 0.333957\n"}
,{"stream_name":"stdout","time":722.159489072,"data":"EDGE_TTA_ACTIVE views= 8 mean_abs_feat_delta= 0.333957\n"}
,{"stream_name":"stdout","time":723.23803639,"data":"EDGE_TTA_ACTIVE views= 8 mean_abs_feat_delta= 0.349332\n"}
,{"stream_name":"stdout","time":723.440552642,"data":"EDGE_TTA_ACTIVE views= 8 mean_abs_feat_delta= 0.349332\n"}
,{"stream_name":"stdout","time":724.332918787,"data":"EDGE_TTA_ACTIVE views= 8 mean_abs_feat_delta= 0.333005\n"}
,{"stream_name":"stdout","time":724.53529707,"data":"EDGE_TTA_ACTIVE views= 8 mean_abs_feat_delta= 0.333005\n"}
,{"stream_name":"stdout","time":725.401571607,"data":"EDGE_TTA_ACTIVE views= 8 mean_abs_feat_delta= 0.36765\n"}
,{"stream_name":"stdout","time":725.604323893,"data":"EDGE_TTA_ACTIVE views= 8 mean_abs_feat_delta= 0.36765\n"}
,{"stream_name":"stdout","time":726.754663615,"data":"EDGE_TTA_ACTIVE views= 8 mean_abs_feat_delta= 0.335609\n"}
,{"stream_name":"stdout","time":726.957176621,"data":"EDGE_TTA_ACTIVE views= 8 mean_abs_feat_delta= 0.335609\n"}
,{"stream_name":"stdout","time":727.603090441,"data":"EDGE_TTA_ACTIVE views= 8 mean_abs_feat_delta= 0.37095\n"}
,{"stream_name":"stdout","time":727.805211305,"data":"EDGE_TTA_ACTIVE views= 8 mean_abs_feat_delta= 0.37095\n"}
,{"stream_name":"stdout","time":729.224093399,"data":"EDGE_TTA_ACTIVE views= 8 mean_abs_feat_delta= 0.338411\n"}
,{"stream_name":"stdout","time":729.426345231,"data":"EDGE_TTA_ACTIVE views= 8 mean_abs_feat_delta= 0.338411\n"}
,{"stream_name":"stdout","time":729.824472201,"data":"EDGE_TTA_ACTIVE views= 8 mean_abs_feat_delta= 0.362298\n"}
,{"stream_name":"stdout","time":730.027179973,"data":"EDGE_TTA_ACTIVE views= 8 mean_abs_feat_delta= 0.362298\n"}
,{"stream_name":"stdout","time":731.692327883,"data":"EDGE_TTA_ACTIVE views= 8 mean_abs_feat_delta= 0.33357\n"}
,{"stream_name":"stdout","time":731.894731956,"data":"EDGE_TTA_ACTIVE views= 8 mean_abs_feat_delta= 0.33357\n"}
,{"stream_name":"stdout","time":732.000078133,"data":"EDGE_TTA_ACTIVE views= 8 mean_abs_feat_delta= 0.357762\n"}
,{"stream_name":"stdout","time":732.202258409,"data":"EDGE_TTA_ACTIVE views= 8 mean_abs_feat_delta= 0.357762\n"}
,{"stream_name":"stdout","time":734.13630358,"data":"EDGE_TTA_ACTIVE views= 8 mean_abs_feat_delta= 0.328392\n"}
,{"stream_name":"stdout","time":734.189862841,"data":"EDGE_TTA_ACTIVE views= 8 mean_abs_feat_delta= 0.360193\n"}
,{"stream_name":"stdout","time":734.33873805,"data":"EDGE_TTA_ACTIVE views= 8 mean_abs_feat_delta= 0.328392\n"}
,{"stream_name":"stdout","time":734.338760881,"data":"EDGE_TTA_ACTIVE views= 8 mean_abs_feat_delta= 0.360193\n"}
,{"stream_name":"stdout","time":736.430628348,"data":"EDGE_TTA_ACTIVE views= 8 mean_abs_feat_delta= 0.35856\n"}
,{"stream_name":"stdout","time":736.63334656,"data":"EDGE_TTA_ACTIVE views= 8 mean_abs_feat_delta= 0.35856\n"}
,{"stream_name":"stdout","time":736.66429189,"data":"EDGE_TTA_ACTIVE views= 8 mean_abs_feat_delta= 0.329088\n"}
,{"stream_name":"stdout","time":736.866489853,"data":"EDGE_TTA_ACTIVE views= 8 mean_abs_feat_delta= 0.329088\n"}
,{"stream_name":"stdout","time":738.704737061,"data":"EDGE_TTA_ACTIVE views= 8 mean_abs_feat_delta= 0.365065\n"}
,{"stream_name":"stdout","time":738.934066727,"data":"EDGE_TTA_ACTIVE views= 8 mean_abs_feat_delta= 0.365065\n"}
,{"stream_name":"stdout","time":739.08429101,"data":"EDGE_TTA_ACTIVE views= 8 mean_abs_feat_delta= 0.331454\n"}
,{"stream_name":"stdout","time":739.286657997,"data":"EDGE_TTA_ACTIVE views= 8 mean_abs_feat_delta= 0.331454\n"}
,{"stream_name":"stdout","time":740.947694478,"data":"EDGE_TTA_ACTIVE views= 8 mean_abs_feat_delta= 0.353373\n"}
,{"stream_name":"stdout","time":741.150258954,"data":"EDGE_TTA_ACTIVE views= 8 mean_abs_feat_delta= 0.353373\n"}
,{"stream_name":"stdout","time":741.552409907,"data":"EDGE_TTA_ACTIVE views= 8 mean_abs_feat_delta= 0.332081\n"}
,{"stream_name":"stdout","time":741.754938111,"data":"EDGE_TTA_ACTIVE views= 8 mean_abs_feat_delta= 0.332081\n"}
,{"stream_name":"stdout","time":743.242762626,"data":"EDGE_TTA_ACTIVE views= 8 mean_abs_feat_delta= 0.366767\n"}
,{"stream_name":"stdout","time":743.445047823,"data":"EDGE_TTA_ACTIVE views= 8 mean_abs_feat_delta= 0.366767\n"}
,{"stream_name":"stdout","time":744.086897032,"data":"EDGE_TTA_ACTIVE views= 8 mean_abs_feat_delta= 0.331331\n"}
,{"stream_name":"stdout","time":744.289411169,"data":"EDGE_TTA_ACTIVE views= 8 mean_abs_feat_delta= 0.331331\n"}
,{"stream_name":"stdout","time":745.508504335,"data":"EDGE_TTA_ACTIVE views= 8 mean_abs_feat_delta= 0.360859\n"}
,{"stream_name":"stdout","time":745.710925142,"data":"EDGE_TTA_ACTIVE views= 8 mean_abs_feat_delta= 0.360859\n"}
,{"stream_name":"stdout","time":746.632904684,"data":"EDGE_TTA_ACTIVE views= 8 mean_abs_feat_delta= 0.331316\n"}
,{"stream_name":"stdout","time":746.835404915,"data":"EDGE_TTA_ACTIVE views= 8 mean_abs_feat_delta= 0.331316\n"}
,{"stream_name":"stdout","time":747.758825975,"data":"EDGE_TTA_ACTIVE views= 8 mean_abs_feat_delta= 0.358711\n"}
,{"stream_name":"stdout","time":747.960954991,"data":"EDGE_TTA_ACTIVE views= 8 mean_abs_feat_delta= 0.358711\n"}
,{"stream_name":"stdout","time":749.131338271,"data":"EDGE_TTA_ACTIVE views= 8 mean_abs_feat_delta= 0.331281\n"}
,{"stream_name":"stdout","time":749.333639631,"data":"EDGE_TTA_ACTIVE views= 8 mean_abs_feat_delta= 0.331281\n"}
,{"stream_name":"stdout","time":750.010218597,"data":"EDGE_TTA_ACTIVE views= 8 mean_abs_feat_delta= 0.357908\n"}
,{"stream_name":"stdout","time":750.212562001,"data":"EDGE_TTA_ACTIVE views= 8 mean_abs_feat_delta= 0.357908\n"}
,{"stream_name":"stdout","time":751.58518582,"data":"EDGE_TTA_ACTIVE views= 8 mean_abs_feat_delta= 0.332495\n"}
,{"stream_name":"stdout","time":751.787638963,"data":"EDGE_TTA_ACTIVE views= 8 mean_abs_feat_delta= 0.332495\n"}
,{"stream_name":"stdout","time":752.155153125,"data":"EDGE_TTA_ACTIVE views= 8 mean_abs_feat_delta= 0.36076\n"}
,{"stream_name":"stdout","time":752.357471653,"data":"EDGE_TTA_ACTIVE views= 8 mean_abs_feat_delta= 0.36076\n"}
,{"stream_name":"stdout","time":753.992239156,"data":"EDGE_TTA_ACTIVE views= 8 mean_abs_feat_delta= 0.326164\n"}
,{"stream_name":"stdout","time":754.194688793,"data":"EDGE_TTA_ACTIVE views= 8 mean_abs_feat_delta= 0.326164\n"}
,{"stream_name":"stdout","time":754.346124253,"data":"EDGE_TTA_ACTIVE views= 8 mean_abs_feat_delta= 0.363026\n"}
,{"stream_name":"stdout","time":754.548211211,"data":"EDGE_TTA_ACTIVE views= 8 mean_abs_feat_delta= 0.363026\n"}
,{"stream_name":"stdout","time":756.440013938,"data":"EDGE_TTA_ACTIVE views= 8 mean_abs_feat_delta= 0.3318\n"}
,{"stream_name":"stdout","time":756.466212442,"data":"EDGE_TTA_ACTIVE views= 8 mean_abs_feat_delta= 0.36528\n"}
,{"stream_name":"stdout","time":756.642291739,"data":"EDGE_TTA_ACTIVE views= 8 mean_abs_feat_delta= 0.3318\n"}
,{"stream_name":"stdout","time":756.64232935,"data":"EDGE_TTA_ACTIVE views= 8 mean_abs_feat_delta= 0.36528\n"}
,{"stream_name":"stdout","time":758.641061072,"data":"EDGE_TTA_ACTIVE views= 8 mean_abs_feat_delta= 0.365255\n"}
,{"stream_name":"stdout","time":758.825839562,"data":"EDGE_TTA_ACTIVE views= 8 mean_abs_feat_delta= 0.332454\n"}
,{"stream_name":"stdout","time":758.843540438,"data":"EDGE_TTA_ACTIVE views= 8 mean_abs_feat_delta= 0.365255\n"}
,{"stream_name":"stdout","time":758.843566747,"data":"EDGE_TTA_ACTIVE views= 8 mean_abs_feat_delta= 0.332454\n"}
,{"stream_name":"stdout","time":760.73661506,"data":"EDGE_TTA_ACTIVE views= 8 mean_abs_feat_delta= 0.364292\n"}
,{"stream_name":"stdout","time":760.939095117,"data":"EDGE_TTA_ACTIVE views= 8 mean_abs_feat_delta= 0.364292\n"}
,{"stream_name":"stdout","time":761.224744013,"data":"EDGE_TTA_ACTIVE views= 8 mean_abs_feat_delta= 0.329795\n"}
,{"stream_name":"stdout","time":761.427106491,"data":"EDGE_TTA_ACTIVE views= 8 mean_abs_feat_delta= 0.329795\n"}
,{"stream_name":"stdout","time":762.884642808,"data":"EDGE_TTA_ACTIVE views= 8 mean_abs_feat_delta= 0.369457\n"}
,{"stream_name":"stdout","time":763.086866268,"data":"EDGE_TTA_ACTIVE views= 8 mean_abs_feat_delta= 0.369457\n"}
,{"stream_name":"stdout","time":763.599003561,"data":"EDGE_TTA_ACTIVE views= 8 mean_abs_feat_delta= 0.330008\n"}
,{"stream_name":"stdout","time":763.801613683,"data":"EDGE_TTA_ACTIVE views= 8 mean_abs_feat_delta= 0.330008\n"}
,{"stream_name":"stdout","time":765.021712166,"data":"EDGE_TTA_ACTIVE views= 8 mean_abs_feat_delta= 0.366989\n"}
,{"stream_name":"stdout","time":765.224240557,"data":"EDGE_TTA_ACTIVE views= 8 mean_abs_feat_delta= 0.366989\n"}
,{"stream_name":"stdout","time":766.035449281,"data":"EDGE_TTA_ACTIVE views= 8 mean_abs_feat_delta= 0.327924\n"}
,{"stream_name":"stdout","time":766.23799214,"data":"EDGE_TTA_ACTIVE views= 8 mean_abs_feat_delta= 0.327924\n"}
,{"stream_name":"stdout","time":767.117584628,"data":"EDGE_TTA_ACTIVE views= 8 mean_abs_feat_delta= 0.364738\n"}
,{"stream_name":"stdout","time":767.319928444,"data":"EDGE_TTA_ACTIVE views= 8 mean_abs_feat_delta= 0.364738\n"}
,{"stream_name":"stdout","time":768.343785571,"data":"EDGE_TTA_ACTIVE views= 8 mean_abs_feat_delta= 0.324294\n"}
,{"stream_name":"stdout","time":768.546080611,"data":"EDGE_TTA_ACTIVE views= 8 mean_abs_feat_delta= 0.324294\n"}
,{"stream_name":"stdout","time":769.240400366,"data":"EDGE_TTA_ACTIVE views= 8 mean_abs_feat_delta= 0.368159\n"}
,{"stream_name":"stdout","time":769.470636582,"data":"EDGE_TTA_ACTIVE views= 8 mean_abs_feat_delta= 0.368159\n"}
,{"stream_name":"stdout","time":770.690842108,"data":"EDGE_TTA_ACTIVE views= 8 mean_abs_feat_delta= 0.329966\n"}
,{"stream_name":"stdout","time":770.893475844,"data":"EDGE_TTA_ACTIVE views= 8 mean_abs_feat_delta= 0.329966\n"}
,{"stream_name":"stdout","time":771.323344547,"data":"EDGE_TTA_ACTIVE views= 8 mean_abs_feat_delta= 0.370711\n"}
,{"stream_name":"stdout","time":771.525691368,"data":"EDGE_TTA_ACTIVE views= 8 mean_abs_feat_delta= 0.370711\n"}
,{"stream_name":"stdout","time":773.101265076,"data":"EDGE_TTA_ACTIVE views= 8 mean_abs_feat_delta= 0.322964\n"}
,{"stream_name":"stdout","time":773.303416497,"data":"EDGE_TTA_ACTIVE views= 8 mean_abs_feat_delta= 0.322964\n"}
,{"stream_name":"stdout","time":773.37447872,"data":"EDGE_TTA_ACTIVE views= 8 mean_abs_feat_delta= 0.360618\n"}
,{"stream_name":"stdout","time":773.576643554,"data":"EDGE_TTA_ACTIVE views= 8 mean_abs_feat_delta= 0.360618\n"}
,{"stream_name":"stdout","time":775.439017487,"data":"EDGE_TTA_ACTIVE views= 8 mean_abs_feat_delta= 0.372812\n"}
,{"stream_name":"stdout","time":775.484897747,"data":"EDGE_TTA_ACTIVE views= 8 mean_abs_feat_delta= 0.329623\n"}
,{"stream_name":"stdout","time":775.641671392,"data":"EDGE_TTA_ACTIVE views= 8 mean_abs_feat_delta= 0.372812\n"}
,{"stream_name":"stdout","time":775.641708497,"data":"EDGE_TTA_ACTIVE views= 8 mean_abs_feat_delta= 0.329623\n"}
,{"stream_name":"stdout","time":777.524798597,"data":"EDGE_TTA_ACTIVE views= 8 mean_abs_feat_delta= 0.374406\n"}
,{"stream_name":"stdout","time":777.727146015,"data":"EDGE_TTA_ACTIVE views= 8 mean_abs_feat_delta= 0.374406\n"}
,{"stream_name":"stdout","time":777.835642407,"data":"EDGE_TTA_ACTIVE views= 8 mean_abs_feat_delta= 0.33189\n"}
,{"stream_name":"stdout","time":778.038214321,"data":"EDGE_TTA_ACTIVE views= 8 mean_abs_feat_delta= 0.33189\n"}
,{"stream_name":"stdout","time":779.586404038,"data":"EDGE_TTA_ACTIVE views= 8 mean_abs_feat_delta= 0.3777\n"}
,{"stream_name":"stdout","time":779.788696142,"data":"EDGE_TTA_ACTIVE views= 8 mean_abs_feat_delta= 0.3777\n"}
,{"stream_name":"stdout","time":780.202174912,"data":"EDGE_TTA_ACTIVE views= 8 mean_abs_feat_delta= 0.328077\n"}
,{"stream_name":"stdout","time":780.404743541,"data":"EDGE_TTA_ACTIVE views= 8 mean_abs_feat_delta= 0.328077\n"}
,{"stream_name":"stdout","time":781.65921754,"data":"EDGE_TTA_ACTIVE views= 8 mean_abs_feat_delta= 0.376339\n"}
,{"stream_name":"stdout","time":781.861910675,"data":"EDGE_TTA_ACTIVE views= 8 mean_abs_feat_delta= 0.376339\n"}
,{"stream_name":"stdout","time":782.567937429,"data":"EDGE_TTA_ACTIVE views= 8 mean_abs_feat_delta= 0.330658\n"}
,{"stream_name":"stdout","time":782.770163259,"data":"EDGE_TTA_ACTIVE views= 8 mean_abs_feat_delta= 0.330658\n"}
,{"stream_name":"stdout","time":783.812182443,"data":"EDGE_TTA_ACTIVE views= 8 mean_abs_feat_delta= 0.369146\n"}
,{"stream_name":"stdout","time":784.014708987,"data":"EDGE_TTA_ACTIVE views= 8 mean_abs_feat_delta= 0.369146\n"}
,{"stream_name":"stdout","time":784.936853629,"data":"EDGE_TTA_ACTIVE views= 8 mean_abs_feat_delta= 0.330195\n"}
,{"stream_name":"stdout","time":785.139375444,"data":"EDGE_TTA_ACTIVE views= 8 mean_abs_feat_delta= 0.330195\n"}
,{"stream_name":"stdout","time":785.853788105,"data":"EDGE_TTA_ACTIVE views= 8 mean_abs_feat_delta= 0.367025\n"}
,{"stream_name":"stdout","time":786.056549657,"data":"EDGE_TTA_ACTIVE views= 8 mean_abs_feat_delta= 0.367025\n"}
,{"stream_name":"stdout","time":787.244412261,"data":"EDGE_TTA_ACTIVE views= 8 mean_abs_feat_delta= 0.332086\n"}
,{"stream_name":"stdout","time":787.446751998,"data":"EDGE_TTA_ACTIVE views= 8 mean_abs_feat_delta= 0.332086\n"}
,{"stream_name":"stdout","time":787.888881866,"data":"EDGE_TTA_ACTIVE views= 8 mean_abs_feat_delta= 0.371094\n"}
,{"stream_name":"stdout","time":788.091460119,"data":"EDGE_TTA_ACTIVE views= 8 mean_abs_feat_delta= 0.371094\n"}
,{"stream_name":"stdout","time":789.574779589,"data":"EDGE_TTA_ACTIVE views= 8 mean_abs_feat_delta= 0.334902\n"}
,{"stream_name":"stdout","time":789.77727111,"data":"EDGE_TTA_ACTIVE views= 8 mean_abs_feat_delta= 0.334902\n"}
,{"stream_name":"stdout","time":789.975886176,"data":"EDGE_TTA_ACTIVE views= 8 mean_abs_feat_delta= 0.375255\n"}
,{"stream_name":"stdout","time":790.17843658,"data":"EDGE_TTA_ACTIVE views= 8 mean_abs_feat_delta= 0.375255\n"}
,{"stream_name":"stdout","time":791.889326247,"data":"EDGE_TTA_ACTIVE views= 8 mean_abs_feat_delta= 0.331026\n"}
,{"stream_name":"stdout","time":792.091785515,"data":"EDGE_TTA_ACTIVE views= 8 mean_abs_feat_delta= 0.331026\n"}
,{"stream_name":"stdout","time":792.094103721,"data":"EDGE_TTA_ACTIVE views= 8 mean_abs_feat_delta= 0.373994\n"}
,{"stream_name":"stdout","time":792.296278938,"data":"EDGE_TTA_ACTIVE views= 8 mean_abs_feat_delta= 0.373994\n"}
,{"stream_name":"stdout","time":794.168003128,"data":"EDGE_TTA_ACTIVE views= 8 mean_abs_feat_delta= 0.366011\n"}
,{"stream_name":"stdout","time":794.255241875,"data":"EDGE_TTA_ACTIVE views= 8 mean_abs_feat_delta= 0.33352\n"}
,{"stream_name":"stdout","time":794.370092429,"data":"EDGE_TTA_ACTIVE views= 8 mean_abs_feat_delta= 0.366011\n"}
,{"stream_name":"stdout","time":794.370113806,"data":"EDGE_TTA_ACTIVE views= 8 mean_abs_feat_delta= 0.33352\n"}
,{"stream_name":"stdout","time":796.245699333,"data":"EDGE_TTA_ACTIVE views= 8 mean_abs_feat_delta= 0.364698\n"}
,{"stream_name":"stdout","time":796.447992884,"data":"EDGE_TTA_ACTIVE views= 8 mean_abs_feat_delta= 0.364698\n"}
,{"stream_name":"stdout","time":796.628228122,"data":"EDGE_TTA_ACTIVE views= 8 mean_abs_feat_delta= 0.333668\n"}
,{"stream_name":"stdout","time":796.830448201,"data":"EDGE_TTA_ACTIVE views= 8 mean_abs_feat_delta= 0.333668\n"}
,{"stream_name":"stdout","time":798.384158341,"data":"EDGE_TTA_ACTIVE views= 8 mean_abs_feat_delta= 0.366732\n"}
,{"stream_name":"stdout","time":798.586639195,"data":"EDGE_TTA_ACTIVE views= 8 mean_abs_feat_delta= 0.366732\n"}
,{"stream_name":"stdout","time":798.958357071,"data":"EDGE_TTA_ACTIVE views= 8 mean_abs_feat_delta= 0.326117\n"}
,{"stream_name":"stdout","time":799.160886334,"data":"EDGE_TTA_ACTIVE views= 8 mean_abs_feat_delta= 0.326117\n"}
,{"stream_name":"stdout","time":800.439172025,"data":"EDGE_TTA_ACTIVE views= 8 mean_abs_feat_delta= 0.370041\n"}
,{"stream_name":"stdout","time":800.669935841,"data":"EDGE_TTA_ACTIVE views= 8 mean_abs_feat_delta= 0.370041\n"}
,{"stream_name":"stdout","time":801.271602574,"data":"EDGE_TTA_ACTIVE views= 8 mean_abs_feat_delta= 0.327201\n"}
,{"stream_name":"stdout","time":801.474067616,"data":"EDGE_TTA_ACTIVE views= 8 mean_abs_feat_delta= 0.327201\n"}
,{"stream_name":"stdout","time":802.552219929,"data":"EDGE_TTA_ACTIVE views= 8 mean_abs_feat_delta= 0.367914\n"}
,{"stream_name":"stdout","time":802.754543512,"data":"EDGE_TTA_ACTIVE views= 8 mean_abs_feat_delta= 0.367914\n"}
,{"stream_name":"stdout","time":803.621273665,"data":"EDGE_TTA_ACTIVE views= 8 mean_abs_feat_delta= 0.330095\n"}
,{"stream_name":"stdout","time":803.82386055,"data":"EDGE_TTA_ACTIVE views= 8 mean_abs_feat_delta= 0.330095\n"}
,{"stream_name":"stdout","time":804.65603397,"data":"EDGE_TTA_ACTIVE views= 8 mean_abs_feat_delta= 0.352519\n"}
,{"stream_name":"stdout","time":804.858907351,"data":"EDGE_TTA_ACTIVE views= 8 mean_abs_feat_delta= 0.352519\n"}
,{"stream_name":"stdout","time":805.653861258,"data":"BIOHUB_RETENTION_GUARD {\"blended_candidates\": 66, \"dataset\": \"6bba_05b6850b\", \"frame\": 43, \"minimum_retention\": 0.9, \"primary_candidates\": 74, \"retention\": 0.8918918918918919, \"use_primary\": true}\n"}
,{"stream_name":"stdout","time":805.856642906,"data":"BIOHUB_RETENTION_GUARD {\"blended_candidates\": 66, \"dataset\": \"6bba_05b6850b\", \"frame\": 43, \"minimum_retention\": 0.9, \"primary_candidates\": 74, \"retention\": 0.8918918918918919, \"use_primary\": true}\n"}
,{"stream_name":"stdout","time":805.932328838,"data":"EDGE_TTA_ACTIVE views= 8 mean_abs_feat_delta= 0.333419\n"}
,{"stream_name":"stdout","time":806.134786483,"data":"EDGE_TTA_ACTIVE views= 8 mean_abs_feat_delta= 0.333419\n"}
,{"stream_name":"stdout","time":806.737695952,"data":"EDGE_TTA_ACTIVE views= 8 mean_abs_feat_delta= 0.36891\n"}
,{"stream_name":"stdout","time":806.940277989,"data":"EDGE_TTA_ACTIVE views= 8 mean_abs_feat_delta= 0.36891\n"}
,{"stream_name":"stdout","time":808.232624204,"data":"EDGE_TTA_ACTIVE views= 8 mean_abs_feat_delta= 0.338616\n"}
,{"stream_name":"stdout","time":808.43494724,"data":"EDGE_TTA_ACTIVE views= 8 mean_abs_feat_delta= 0.338616\n"}
,{"stream_name":"stdout","time":808.838244544,"data":"EDGE_TTA_ACTIVE views= 8 mean_abs_feat_delta= 0.372785\n"}
,{"stream_name":"stdout","time":809.040945172,"data":"EDGE_TTA_ACTIVE views= 8 mean_abs_feat_delta= 0.372785\n"}
,{"stream_name":"stdout","time":810.572438994,"data":"EDGE_TTA_ACTIVE views= 8 mean_abs_feat_delta= 0.335349\n"}
,{"stream_name":"stdout","time":810.774821827,"data":"EDGE_TTA_ACTIVE views= 8 mean_abs_feat_delta= 0.335349\n"}
,{"stream_name":"stdout","time":810.932970359,"data":"EDGE_TTA_ACTIVE views= 8 mean_abs_feat_delta= 0.372432\n"}
,{"stream_name":"stdout","time":811.135444673,"data":"EDGE_TTA_ACTIVE views= 8 mean_abs_feat_delta= 0.372432\n"}
,{"stream_name":"stdout","time":812.902858924,"data":"EDGE_TTA_ACTIVE views= 8 mean_abs_feat_delta= 0.337635\n"}
,{"stream_name":"stdout","time":813.051389566,"data":"EDGE_TTA_ACTIVE views= 8 mean_abs_feat_delta= 0.371331\n"}
,{"stream_name":"stdout","time":813.105308029,"data":"EDGE_TTA_ACTIVE views= 8 mean_abs_feat_delta= 0.337635\n"}
,{"stream_name":"stdout","time":813.105330801,"data":"EDGE_TTA_ACTIVE views= 8 mean_abs_feat_delta= 0.371331\n"}
,{"stream_name":"stdout","time":815.166682802,"data":"EDGE_TTA_ACTIVE views= 8 mean_abs_feat_delta= 0.369641\n"}
,{"stream_name":"stdout","time":815.243849497,"data":"EDGE_TTA_ACTIVE views= 8 mean_abs_feat_delta= 0.336677\n"}
,{"stream_name":"stdout","time":815.369080263,"data":"EDGE_TTA_ACTIVE views= 8 mean_abs_feat_delta= 0.369641\n"}
,{"stream_name":"stdout","time":815.369105198,"data":"EDGE_TTA_ACTIVE views= 8 mean_abs_feat_delta= 0.336677\n"}
,{"stream_name":"stdout","time":817.27190612,"data":"EDGE_TTA_ACTIVE views= 8 mean_abs_feat_delta= 0.371647\n"}
,{"stream_name":"stdout","time":817.474539976,"data":"EDGE_TTA_ACTIVE views= 8 mean_abs_feat_delta= 0.371647\n"}
,{"stream_name":"stdout","time":817.586308872,"data":"EDGE_TTA_ACTIVE views= 8 mean_abs_feat_delta= 0.334169\n"}
,{"stream_name":"stdout","time":817.788619892,"data":"EDGE_TTA_ACTIVE views= 8 mean_abs_feat_delta= 0.334169\n"}
,{"stream_name":"stdout","time":819.389124975,"data":"EDGE_TTA_ACTIVE views= 8 mean_abs_feat_delta= 0.368025\n"}
,{"stream_name":"stdout","time":819.591466709,"data":"EDGE_TTA_ACTIVE views= 8 mean_abs_feat_delta= 0.368025\n"}
,{"stream_name":"stdout","time":819.889501266,"data":"EDGE_TTA_ACTIVE views= 8 mean_abs_feat_delta= 0.334586\n"}
,{"stream_name":"stdout","time":820.091838103,"data":"EDGE_TTA_ACTIVE views= 8 mean_abs_feat_delta= 0.334586\n"}
,{"stream_name":"stdout","time":821.515840169,"data":"EDGE_TTA_ACTIVE views= 8 mean_abs_feat_delta= 0.362922\n"}
,{"stream_name":"stdout","time":821.71828966,"data":"EDGE_TTA_ACTIVE views= 8 mean_abs_feat_delta= 0.362922\n"}
,{"stream_name":"stdout","time":822.196945295,"data":"EDGE_TTA_ACTIVE views= 8 mean_abs_feat_delta= 0.333591\n"}
,{"stream_name":"stdout","time":822.399377272,"data":"EDGE_TTA_ACTIVE views= 8 mean_abs_feat_delta= 0.333591\n"}
,{"stream_name":"stdout","time":823.6393829,"data":"EDGE_TTA_ACTIVE views= 8 mean_abs_feat_delta= 0.352705\n"}
,{"stream_name":"stdout","time":823.841904173,"data":"EDGE_TTA_ACTIVE views= 8 mean_abs_feat_delta= 0.352705\n"}
,{"stream_name":"stdout","time":824.507156575,"data":"EDGE_TTA_ACTIVE views= 8 mean_abs_feat_delta= 0.333424\n"}
,{"stream_name":"stdout","time":824.709338778,"data":"EDGE_TTA_ACTIVE views= 8 mean_abs_feat_delta= 0.333424\n"}
,{"stream_name":"stdout","time":825.759781405,"data":"EDGE_TTA_ACTIVE views= 8 mean_abs_feat_delta= 0.336896\n"}
,{"stream_name":"stdout","time":825.962241279,"data":"EDGE_TTA_ACTIVE views= 8 mean_abs_feat_delta= 0.336896\n"}
,{"stream_name":"stdout","time":826.843885983,"data":"EDGE_TTA_ACTIVE views= 8 mean_abs_feat_delta= 0.329672\n"}
,{"stream_name":"stdout","time":827.046513593,"data":"EDGE_TTA_ACTIVE views= 8 mean_abs_feat_delta= 0.329672\n"}
,{"stream_name":"stdout","time":827.882433804,"data":"EDGE_TTA_ACTIVE views= 8 mean_abs_feat_delta= 0.34476\n"}
,{"stream_name":"stdout","time":828.085127322,"data":"EDGE_TTA_ACTIVE views= 8 mean_abs_feat_delta= 0.34476\n"}
,{"stream_name":"stdout","time":829.159322416,"data":"EDGE_TTA_ACTIVE views= 8 mean_abs_feat_delta= 0.330847\n"}
,{"stream_name":"stdout","time":829.361606007,"data":"EDGE_TTA_ACTIVE views= 8 mean_abs_feat_delta= 0.330847\n"}
,{"stream_name":"stdout","time":830.015939125,"data":"EDGE_TTA_ACTIVE views= 8 mean_abs_feat_delta= 0.351291\n"}
,{"stream_name":"stdout","time":830.218344106,"data":"EDGE_TTA_ACTIVE views= 8 mean_abs_feat_delta= 0.351291\n"}
,{"stream_name":"stdout","time":831.472618591,"data":"EDGE_TTA_ACTIVE views= 8 mean_abs_feat_delta= 0.332545\n"}
,{"stream_name":"stdout","time":831.70703243,"data":"EDGE_TTA_ACTIVE views= 8 mean_abs_feat_delta= 0.332545\n"}
,{"stream_name":"stdout","time":832.141896201,"data":"EDGE_TTA_ACTIVE views= 8 mean_abs_feat_delta= 0.350787\n"}
,{"stream_name":"stdout","time":832.344321016,"data":"EDGE_TTA_ACTIVE views= 8 mean_abs_feat_delta= 0.350787\n"}
,{"stream_name":"stdout","time":833.767904608,"data":"EDGE_TTA_ACTIVE views= 8 mean_abs_feat_delta= 0.333406\n"}
,{"stream_name":"stdout","time":833.970524483,"data":"EDGE_TTA_ACTIVE views= 8 mean_abs_feat_delta= 0.333406\n"}
,{"stream_name":"stdout","time":834.276420567,"data":"EDGE_TTA_ACTIVE views= 8 mean_abs_feat_delta= 0.352459\n"}
,{"stream_name":"stdout","time":834.47885666,"data":"EDGE_TTA_ACTIVE views= 8 mean_abs_feat_delta= 0.352459\n"}
,{"stream_name":"stdout","time":836.096298727,"data":"EDGE_TTA_ACTIVE views= 8 mean_abs_feat_delta= 0.33416\n"}
,{"stream_name":"stdout","time":836.298686168,"data":"EDGE_TTA_ACTIVE views= 8 mean_abs_feat_delta= 0.33416\n"}
,{"stream_name":"stdout","time":836.405461149,"data":"EDGE_TTA_ACTIVE views= 8 mean_abs_feat_delta= 0.343926\n"}
,{"stream_name":"stdout","time":836.607782561,"data":"EDGE_TTA_ACTIVE views= 8 mean_abs_feat_delta= 0.343926\n"}
,{"stream_name":"stdout","time":838.397182855,"data":"EDGE_TTA_ACTIVE views= 8 mean_abs_feat_delta= 0.335015\n"}
,{"stream_name":"stdout","time":838.538592863,"data":"EDGE_TTA_ACTIVE views= 8 mean_abs_feat_delta= 0.361961\n"}
,{"stream_name":"stdout","time":838.599788481,"data":"EDGE_TTA_ACTIVE views= 8 mean_abs_feat_delta= 0.335015\n"}
,{"stream_name":"stdout","time":838.599829251,"data":"EDGE_TTA_ACTIVE views= 8 mean_abs_feat_delta= 0.361961\n"}
,{"stream_name":"stdout","time":840.667361591,"data":"EDGE_TTA_ACTIVE views= 8 mean_abs_feat_delta= 0.359198\n"}
,{"stream_name":"stdout","time":840.705088432,"data":"EDGE_TTA_ACTIVE views= 8 mean_abs_feat_delta= 0.342511\n"}
,{"stream_name":"stdout","time":840.869846165,"data":"EDGE_TTA_ACTIVE views= 8 mean_abs_feat_delta= 0.359198\n"}
,{"stream_name":"stdout","time":840.869874481,"data":"EDGE_TTA_ACTIVE views= 8 mean_abs_feat_delta= 0.342511\n"}
,{"stream_name":"stdout","time":842.801209232,"data":"EDGE_TTA_ACTIVE views= 8 mean_abs_feat_delta= 0.364122\n"}
,{"stream_name":"stdout","time":843.003643419,"data":"EDGE_TTA_ACTIVE views= 8 mean_abs_feat_delta= 0.364122\n"}
,{"stream_name":"stdout","time":843.048050345,"data":"EDGE_TTA_ACTIVE views= 8 mean_abs_feat_delta= 0.342159\n"}
,{"stream_name":"stdout","time":843.250321659,"data":"EDGE_TTA_ACTIVE views= 8 mean_abs_feat_delta= 0.342159\n"}
,{"stream_name":"stdout","time":844.918588316,"data":"EDGE_TTA_ACTIVE views= 8 mean_abs_feat_delta= 0.357428\n"}
,{"stream_name":"stdout","time":845.12111052,"data":"EDGE_TTA_ACTIVE views= 8 mean_abs_feat_delta= 0.357428\n"}
,{"stream_name":"stdout","time":845.344971697,"data":"EDGE_TTA_ACTIVE views= 8 mean_abs_feat_delta= 0.340811\n"}
,{"stream_name":"stdout","time":845.547544894,"data":"EDGE_TTA_ACTIVE views= 8 mean_abs_feat_delta= 0.340811\n"}
,{"stream_name":"stdout","time":847.032841604,"data":"EDGE_TTA_ACTIVE views= 8 mean_abs_feat_delta= 0.343652\n"}
,{"stream_name":"stdout","time":847.235594502,"data":"EDGE_TTA_ACTIVE views= 8 mean_abs_feat_delta= 0.343652\n"}
,{"stream_name":"stdout","time":847.634174533,"data":"EDGE_TTA_ACTIVE views= 8 mean_abs_feat_delta= 0.349582\n"}
,{"stream_name":"stdout","time":847.836956786,"data":"EDGE_TTA_ACTIVE views= 8 mean_abs_feat_delta= 0.349582\n"}
,{"stream_name":"stdout","time":849.151336926,"data":"EDGE_TTA_ACTIVE views= 8 mean_abs_feat_delta= 0.355033\n"}
,{"stream_name":"stdout","time":849.35410335,"data":"EDGE_TTA_ACTIVE views= 8 mean_abs_feat_delta= 0.355033\n"}
,{"stream_name":"stdout","time":849.940709443,"data":"EDGE_TTA_ACTIVE views= 8 mean_abs_feat_delta= 0.350508\n"}
,{"stream_name":"stdout","time":850.143402522,"data":"EDGE_TTA_ACTIVE views= 8 mean_abs_feat_delta= 0.350508\n"}
,{"stream_name":"stdout","time":851.257086072,"data":"EDGE_TTA_ACTIVE views= 8 mean_abs_feat_delta= 0.351347\n"}
,{"stream_name":"stdout","time":851.460082383,"data":"EDGE_TTA_ACTIVE views= 8 mean_abs_feat_delta= 0.351347\n"}
,{"stream_name":"stdout","time":852.218269124,"data":"EDGE_TTA_ACTIVE views= 8 mean_abs_feat_delta= 0.347721\n"}
,{"stream_name":"stdout","time":852.420974226,"data":"EDGE_TTA_ACTIVE views= 8 mean_abs_feat_delta= 0.347721\n"}
,{"stream_name":"stdout","time":853.366445116,"data":"EDGE_TTA_ACTIVE views= 8 mean_abs_feat_delta= 0.353252\n"}
,{"stream_name":"stdout","time":853.56932718,"data":"EDGE_TTA_ACTIVE views= 8 mean_abs_feat_delta= 0.353252\n"}
,{"stream_name":"stdout","time":854.521661163,"data":"EDGE_TTA_ACTIVE views= 8 mean_abs_feat_delta= 0.347752\n"}
,{"stream_name":"stdout","time":854.724292865,"data":"EDGE_TTA_ACTIVE views= 8 mean_abs_feat_delta= 0.347752\n"}
,{"stream_name":"stdout","time":855.48147911,"data":"EDGE_TTA_ACTIVE views= 8 mean_abs_feat_delta= 0.33905\n"}
,{"stream_name":"stdout","time":855.684050544,"data":"EDGE_TTA_ACTIVE views= 8 mean_abs_feat_delta= 0.33905\n"}
,{"stream_name":"stdout","time":856.801665444,"data":"EDGE_TTA_ACTIVE views= 8 mean_abs_feat_delta= 0.347648\n"}
,{"stream_name":"stdout","time":857.004056593,"data":"EDGE_TTA_ACTIVE views= 8 mean_abs_feat_delta= 0.347648\n"}
,{"stream_name":"stdout","time":857.572795164,"data":"EDGE_TTA_ACTIVE views= 8 mean_abs_feat_delta= 0.354422\n"}
,{"stream_name":"stdout","time":857.775445939,"data":"EDGE_TTA_ACTIVE views= 8 mean_abs_feat_delta= 0.354422\n"}
,{"stream_name":"stdout","time":859.088118266,"data":"EDGE_TTA_ACTIVE views= 8 mean_abs_feat_delta= 0.350568\n"}
,{"stream_name":"stdout","time":859.290691012,"data":"EDGE_TTA_ACTIVE views= 8 mean_abs_feat_delta= 0.350568\n"}
,{"stream_name":"stdout","time":859.682479276,"data":"EDGE_TTA_ACTIVE views= 8 mean_abs_feat_delta= 0.359708\n"}
,{"stream_name":"stdout","time":859.885287641,"data":"EDGE_TTA_ACTIVE views= 8 mean_abs_feat_delta= 0.359708\n"}
,{"stream_name":"stdout","time":861.381897088,"data":"EDGE_TTA_ACTIVE views= 8 mean_abs_feat_delta= 0.339277\n"}
,{"stream_name":"stdout","time":861.584311765,"data":"EDGE_TTA_ACTIVE views= 8 mean_abs_feat_delta= 0.339277\n"}
,{"stream_name":"stdout","time":861.778185325,"data":"EDGE_TTA_ACTIVE views= 8 mean_abs_feat_delta= 0.359515\n"}
,{"stream_name":"stdout","time":862.015499923,"data":"EDGE_TTA_ACTIVE views= 8 mean_abs_feat_delta= 0.359515\n"}
,{"stream_name":"stdout","time":863.651450821,"data":"EDGE_TTA_ACTIVE views= 8 mean_abs_feat_delta= 0.341866\n"}
,{"stream_name":"stdout","time":863.854026758,"data":"EDGE_TTA_ACTIVE views= 8 mean_abs_feat_delta= 0.341866\n"}
,{"stream_name":"stdout","time":863.861059297,"data":"EDGE_TTA_ACTIVE views= 8 mean_abs_feat_delta= 0.356987\n"}
,{"stream_name":"stdout","time":864.063469279,"data":"EDGE_TTA_ACTIVE views= 8 mean_abs_feat_delta= 0.356987\n"}
,{"stream_name":"stdout","time":865.922346912,"data":"EDGE_TTA_ACTIVE views= 8 mean_abs_feat_delta= 0.344401\n"}
,{"stream_name":"stdout","time":865.95589305,"data":"EDGE_TTA_ACTIVE views= 8 mean_abs_feat_delta= 0.358806\n"}
,{"stream_name":"stdout","time":866.125213638,"data":"EDGE_TTA_ACTIVE views= 8 mean_abs_feat_delta= 0.344401\n"}
,{"stream_name":"stdout","time":866.125274296,"data":"EDGE_TTA_ACTIVE views= 8 mean_abs_feat_delta= 0.358806\n"}
,{"stream_name":"stdout","time":868.079337283,"data":"EDGE_TTA_ACTIVE views= 8 mean_abs_feat_delta= 0.360605\n"}
,{"stream_name":"stdout","time":868.171421256,"data":"EDGE_TTA_ACTIVE views= 8 mean_abs_feat_delta= 0.341738\n"}
,{"stream_name":"stdout","time":868.281931072,"data":"EDGE_TTA_ACTIVE views= 8 mean_abs_feat_delta= 0.360605\n"}
,{"stream_name":"stdout","time":868.281963893,"data":"EDGE_TTA_ACTIVE views= 8 mean_abs_feat_delta= 0.341738\n"}
,{"stream_name":"stdout","time":870.169724687,"data":"EDGE_TTA_ACTIVE views= 8 mean_abs_feat_delta= 0.35888\n"}
,{"stream_name":"stdout","time":870.372180663,"data":"EDGE_TTA_ACTIVE views= 8 mean_abs_feat_delta= 0.35888\n"}
,{"stream_name":"stdout","time":870.440494832,"data":"EDGE_TTA_ACTIVE views= 8 mean_abs_feat_delta= 0.339738\n"}
,{"stream_name":"stdout","time":870.642870266,"data":"EDGE_TTA_ACTIVE views= 8 mean_abs_feat_delta= 0.339738\n"}
,{"stream_name":"stdout","time":872.247190666,"data":"EDGE_TTA_ACTIVE views= 8 mean_abs_feat_delta= 0.364525\n"}
,{"stream_name":"stdout","time":872.449924352,"data":"EDGE_TTA_ACTIVE views= 8 mean_abs_feat_delta= 0.364525\n"}
,{"stream_name":"stdout","time":872.692491325,"data":"EDGE_TTA_ACTIVE views= 8 mean_abs_feat_delta= 0.336334\n"}
,{"stream_name":"stdout","time":872.895146279,"data":"EDGE_TTA_ACTIVE views= 8 mean_abs_feat_delta= 0.336334\n"}
,{"stream_name":"stdout","time":874.334725232,"data":"EDGE_TTA_ACTIVE views= 8 mean_abs_feat_delta= 0.367055\n"}
,{"stream_name":"stdout","time":874.537126109,"data":"EDGE_TTA_ACTIVE views= 8 mean_abs_feat_delta= 0.367055\n"}
,{"stream_name":"stdout","time":874.94260248,"data":"EDGE_TTA_ACTIVE views= 8 mean_abs_feat_delta= 0.336552\n"}
,{"stream_name":"stdout","time":875.145281028,"data":"EDGE_TTA_ACTIVE views= 8 mean_abs_feat_delta= 0.336552\n"}
,{"stream_name":"stdout","time":876.424906782,"data":"EDGE_TTA_ACTIVE views= 8 mean_abs_feat_delta= 0.351417\n"}
,{"stream_name":"stdout","time":876.627496199,"data":"EDGE_TTA_ACTIVE views= 8 mean_abs_feat_delta= 0.351417\n"}
,{"stream_name":"stdout","time":877.191616967,"data":"EDGE_TTA_ACTIVE views= 8 mean_abs_feat_delta= 0.336751\n"}
,{"stream_name":"stdout","time":877.394075167,"data":"EDGE_TTA_ACTIVE views= 8 mean_abs_feat_delta= 0.336751\n"}
,{"stream_name":"stdout","time":878.510325893,"data":"EDGE_TTA_ACTIVE views= 8 mean_abs_feat_delta= 0.363487\n"}
,{"stream_name":"stdout","time":878.713013031,"data":"EDGE_TTA_ACTIVE views= 8 mean_abs_feat_delta= 0.363487\n"}
,{"stream_name":"stdout","time":879.458629292,"data":"EDGE_TTA_ACTIVE views= 8 mean_abs_feat_delta= 0.342229\n"}
,{"stream_name":"stdout","time":879.661333504,"data":"EDGE_TTA_ACTIVE views= 8 mean_abs_feat_delta= 0.342229\n"}
,{"stream_name":"stdout","time":880.595654521,"data":"EDGE_TTA_ACTIVE views= 8 mean_abs_feat_delta= 0.361591\n"}
,{"stream_name":"stdout","time":880.798220422,"data":"EDGE_TTA_ACTIVE views= 8 mean_abs_feat_delta= 0.361591\n"}
,{"stream_name":"stdout","time":881.746617568,"data":"EDGE_TTA_ACTIVE views= 8 mean_abs_feat_delta= 0.34433\n"}
,{"stream_name":"stdout","time":881.950294981,"data":"EDGE_TTA_ACTIVE views= 8 mean_abs_feat_delta= 0.34433\n"}
,{"stream_name":"stdout","time":882.679195841,"data":"EDGE_TTA_ACTIVE views= 8 mean_abs_feat_delta= 0.35878\n"}
,{"stream_name":"stdout","time":882.881879466,"data":"EDGE_TTA_ACTIVE views= 8 mean_abs_feat_delta= 0.35878\n"}
,{"stream_name":"stdout","time":883.976236944,"data":"EDGE_TTA_ACTIVE views= 8 mean_abs_feat_delta= 0.338919\n"}
,{"stream_name":"stdout","time":884.178628579,"data":"EDGE_TTA_ACTIVE views= 8 mean_abs_feat_delta= 0.338919\n"}
,{"stream_name":"stdout","time":884.765813545,"data":"EDGE_TTA_ACTIVE views= 8 mean_abs_feat_delta= 0.361252\n"}
,{"stream_name":"stdout","time":884.968067394,"data":"EDGE_TTA_ACTIVE views= 8 mean_abs_feat_delta= 0.361252\n"}
,{"stream_name":"stdout","time":886.22521929,"data":"EDGE_TTA_ACTIVE views= 8 mean_abs_feat_delta= 0.334467\n"}
,{"stream_name":"stdout","time":886.427637635,"data":"EDGE_TTA_ACTIVE views= 8 mean_abs_feat_delta= 0.334467\n"}
,{"stream_name":"stdout","time":886.860132237,"data":"EDGE_TTA_ACTIVE views= 8 mean_abs_feat_delta= 0.357825\n"}
,{"stream_name":"stdout","time":887.062861236,"data":"EDGE_TTA_ACTIVE views= 8 mean_abs_feat_delta= 0.357825\n"}
,{"stream_name":"stdout","time":888.490313786,"data":"EDGE_TTA_ACTIVE views= 8 mean_abs_feat_delta= 0.334048\n"}
,{"stream_name":"stdout","time":888.692887662,"data":"EDGE_TTA_ACTIVE views= 8 mean_abs_feat_delta= 0.334048\n"}
,{"stream_name":"stdout","time":888.949349867,"data":"EDGE_TTA_ACTIVE views= 8 mean_abs_feat_delta= 0.356818\n"}
,{"stream_name":"stdout","time":889.15194263,"data":"EDGE_TTA_ACTIVE views= 8 mean_abs_feat_delta= 0.356818\n"}
,{"stream_name":"stdout","time":890.734759449,"data":"EDGE_TTA_ACTIVE views= 8 mean_abs_feat_delta= 0.334845\n"}
,{"stream_name":"stdout","time":890.937348484,"data":"EDGE_TTA_ACTIVE views= 8 mean_abs_feat_delta= 0.334845\n"}
,{"stream_name":"stdout","time":891.061407859,"data":"EDGE_TTA_ACTIVE views= 8 mean_abs_feat_delta= 0.358323\n"}
,{"stream_name":"stdout","time":891.263903967,"data":"EDGE_TTA_ACTIVE views= 8 mean_abs_feat_delta= 0.358323\n"}
,{"stream_name":"stdout","time":893.005950161,"data":"EDGE_TTA_ACTIVE views= 8 mean_abs_feat_delta= 0.334767\n"}
,{"stream_name":"stdout","time":893.149229632,"data":"EDGE_TTA_ACTIVE views= 8 mean_abs_feat_delta= 0.352135\n"}
,{"stream_name":"stdout","time":893.241987936,"data":"EDGE_TTA_ACTIVE views= 8 mean_abs_feat_delta= 0.334767\n"}
,{"stream_name":"stdout","time":893.242013642,"data":"EDGE_TTA_ACTIVE views= 8 mean_abs_feat_delta= 0.352135\n"}
,{"stream_name":"stdout","time":895.234033881,"data":"EDGE_TTA_ACTIVE views= 8 mean_abs_feat_delta= 0.330452\n"}
,{"stream_name":"stdout","time":895.245231707,"data":"EDGE_TTA_ACTIVE views= 8 mean_abs_feat_delta= 0.351911\n"}
,{"stream_name":"stdout","time":895.436542657,"data":"EDGE_TTA_ACTIVE views= 8 mean_abs_feat_delta= 0.330452\n"}
,{"stream_name":"stdout","time":895.436565337,"data":"EDGE_TTA_ACTIVE views= 8 mean_abs_feat_delta= 0.351911\n"}
,{"stream_name":"stdout","time":897.338291642,"data":"EDGE_TTA_ACTIVE views= 8 mean_abs_feat_delta= 0.356519\n"}
,{"stream_name":"stdout","time":897.479243368,"data":"EDGE_TTA_ACTIVE views= 8 mean_abs_feat_delta= 0.33197\n"}
,{"stream_name":"stdout","time":897.540718707,"data":"EDGE_TTA_ACTIVE views= 8 mean_abs_feat_delta= 0.356519\n"}
,{"stream_name":"stdout","time":897.54075054,"data":"EDGE_TTA_ACTIVE views= 8 mean_abs_feat_delta= 0.33197\n"}
,{"stream_name":"stdout","time":899.469190671,"data":"EDGE_TTA_ACTIVE views= 8 mean_abs_feat_delta= 0.353385\n"}
,{"stream_name":"stdout","time":899.671510798,"data":"EDGE_TTA_ACTIVE views= 8 mean_abs_feat_delta= 0.353385\n"}
,{"stream_name":"stdout","time":899.711983991,"data":"EDGE_TTA_ACTIVE views= 8 mean_abs_feat_delta= 0.33369\n"}
,{"stream_name":"stdout","time":899.914183568,"data":"EDGE_TTA_ACTIVE views= 8 mean_abs_feat_delta= 0.33369\n"}
,{"stream_name":"stdout","time":901.552308441,"data":"EDGE_TTA_ACTIVE views= 8 mean_abs_feat_delta= 0.351229\n"}
,{"stream_name":"stdout","time":901.754831981,"data":"EDGE_TTA_ACTIVE views= 8 mean_abs_feat_delta= 0.351229\n"}
,{"stream_name":"stdout","time":901.95712273,"data":"EDGE_TTA_ACTIVE views= 8 mean_abs_feat_delta= 0.335249\n"}
,{"stream_name":"stdout","time":902.161343755,"data":"EDGE_TTA_ACTIVE views= 8 mean_abs_feat_delta= 0.335249\n"}
,{"stream_name":"stdout","time":903.636194438,"data":"EDGE_TTA_ACTIVE views= 8 mean_abs_feat_delta= 0.350705\n"}
,{"stream_name":"stdout","time":903.8385944,"data":"EDGE_TTA_ACTIVE views= 8 mean_abs_feat_delta= 0.350705\n"}
,{"stream_name":"stdout","time":904.190181145,"data":"EDGE_TTA_ACTIVE views= 8 mean_abs_feat_delta= 0.33665\n"}
,{"stream_name":"stdout","time":904.392248713,"data":"EDGE_TTA_ACTIVE views= 8 mean_abs_feat_delta= 0.33665\n"}
,{"stream_name":"stdout","time":905.716002747,"data":"EDGE_TTA_ACTIVE views= 8 mean_abs_feat_delta= 0.353278\n"}
,{"stream_name":"stdout","time":905.918685958,"data":"EDGE_TTA_ACTIVE views= 8 mean_abs_feat_delta= 0.353278\n"}
,{"stream_name":"stdout","time":906.443037625,"data":"EDGE_TTA_ACTIVE views= 8 mean_abs_feat_delta= 0.338336\n"}
,{"stream_name":"stdout","time":906.645526601,"data":"EDGE_TTA_ACTIVE views= 8 mean_abs_feat_delta= 0.338336\n"}
,{"stream_name":"stdout","time":907.856973737,"data":"EDGE_TTA_ACTIVE views= 8 mean_abs_feat_delta= 0.358064\n"}
,{"stream_name":"stdout","time":908.059508585,"data":"EDGE_TTA_ACTIVE views= 8 mean_abs_feat_delta= 0.358064\n"}
,{"stream_name":"stdout","time":908.694064407,"data":"EDGE_TTA_ACTIVE views= 8 mean_abs_feat_delta= 0.337788\n"}
,{"stream_name":"stdout","time":908.896318546,"data":"EDGE_TTA_ACTIVE views= 8 mean_abs_feat_delta= 0.337788\n"}
,{"stream_name":"stdout","time":909.960125495,"data":"EDGE_TTA_ACTIVE views= 8 mean_abs_feat_delta= 0.35946\n"}
,{"stream_name":"stdout","time":910.162482299,"data":"EDGE_TTA_ACTIVE views= 8 mean_abs_feat_delta= 0.35946\n"}
,{"stream_name":"stdout","time":910.953153163,"data":"EDGE_TTA_ACTIVE views= 8 mean_abs_feat_delta= 0.325091\n"}
,{"stream_name":"stdout","time":911.155626826,"data":"EDGE_TTA_ACTIVE views= 8 mean_abs_feat_delta= 0.325091\n"}
,{"stream_name":"stdout","time":912.049229498,"data":"EDGE_TTA_ACTIVE views= 8 mean_abs_feat_delta= 0.357537\n"}
,{"stream_name":"stdout","time":912.252867322,"data":"EDGE_TTA_ACTIVE views= 8 mean_abs_feat_delta= 0.357537\n"}
,{"stream_name":"stdout","time":913.213994764,"data":"EDGE_TTA_ACTIVE views= 8 mean_abs_feat_delta= 0.32712\n"}
,{"stream_name":"stdout","time":913.416485559,"data":"EDGE_TTA_ACTIVE views= 8 mean_abs_feat_delta= 0.32712\n"}
,{"stream_name":"stdout","time":914.19687031,"data":"EDGE_TTA_ACTIVE views= 8 mean_abs_feat_delta= 0.357561\n"}
,{"stream_name":"stdout","time":914.399628797,"data":"EDGE_TTA_ACTIVE views= 8 mean_abs_feat_delta= 0.357561\n"}
,{"stream_name":"stdout","time":915.451987291,"data":"EDGE_TTA_ACTIVE views= 8 mean_abs_feat_delta= 0.323213\n"}
,{"stream_name":"stdout","time":915.654852087,"data":"EDGE_TTA_ACTIVE views= 8 mean_abs_feat_delta= 0.323213\n"}
,{"stream_name":"stdout","time":916.290919226,"data":"EDGE_TTA_ACTIVE views= 8 mean_abs_feat_delta= 0.356691\n"}
,{"stream_name":"stdout","time":916.493452455,"data":"EDGE_TTA_ACTIVE views= 8 mean_abs_feat_delta= 0.356691\n"}
,{"stream_name":"stdout","time":917.705998983,"data":"EDGE_TTA_ACTIVE views= 8 mean_abs_feat_delta= 0.321976\n"}
,{"stream_name":"stdout","time":917.908600283,"data":"EDGE_TTA_ACTIVE views= 8 mean_abs_feat_delta= 0.321976\n"}
,{"stream_name":"stdout","time":918.385325364,"data":"EDGE_TTA_ACTIVE views= 8 mean_abs_feat_delta= 0.360713\n"}
,{"stream_name":"stdout","time":918.587847061,"data":"EDGE_TTA_ACTIVE views= 8 mean_abs_feat_delta= 0.360713\n"}
,{"stream_name":"stdout","time":919.996154799,"data":"EDGE_TTA_ACTIVE views= 8 mean_abs_feat_delta= 0.323768\n"}
,{"stream_name":"stdout","time":920.198998422,"data":"EDGE_TTA_ACTIVE views= 8 mean_abs_feat_delta= 0.323768\n"}
,{"stream_name":"stdout","time":920.485182131,"data":"EDGE_TTA_ACTIVE views= 8 mean_abs_feat_delta= 0.361191\n"}
,{"stream_name":"stdout","time":920.687547853,"data":"EDGE_TTA_ACTIVE views= 8 mean_abs_feat_delta= 0.361191\n"}
,{"stream_name":"stdout","time":922.24010109,"data":"EDGE_TTA_ACTIVE views= 8 mean_abs_feat_delta= 0.324838\n"}
,{"stream_name":"stdout","time":922.44272634,"data":"EDGE_TTA_ACTIVE views= 8 mean_abs_feat_delta= 0.324838\n"}
,{"stream_name":"stdout","time":922.574232373,"data":"EDGE_TTA_ACTIVE views= 8 mean_abs_feat_delta= 0.363957\n"}
,{"stream_name":"stdout","time":922.776442982,"data":"EDGE_TTA_ACTIVE views= 8 mean_abs_feat_delta= 0.363957\n"}
,{"stream_name":"stdout","time":924.49079634,"data":"EDGE_TTA_ACTIVE views= 8 mean_abs_feat_delta= 0.323094\n"}
,{"stream_name":"stdout","time":924.735864571,"data":"EDGE_TTA_ACTIVE views= 8 mean_abs_feat_delta= 0.323094\n"}
,{"stream_name":"stdout","time":926.824791784,"data":"EDGE_TTA_ACTIVE views= 8 mean_abs_feat_delta= 0.322603\n"}
,{"stream_name":"stdout","time":927.027537212,"data":"EDGE_TTA_ACTIVE views= 8 mean_abs_feat_delta= 0.322603\n"}
,{"stream_name":"stdout","time":928.394404543,"data":"Saved 2 predictions to /kaggle/working/tracking_repo/predictions/unknown/unet_transformer_gpu0/split_0\n"}
,{"stream_name":"stdout","time":928.597069259,"data":"Saved 2 predictions to /kaggle/working/tracking_repo/predictions/unknown/unet_transformer_gpu0/split_0\n"}
,{"stream_name":"stdout","time":929.074914549,"data":"EDGE_TTA_ACTIVE views= 8 mean_abs_feat_delta= 0.325152\n"}
,{"stream_name":"stdout","time":929.277419482,"data":"EDGE_TTA_ACTIVE views= 8 mean_abs_feat_delta= 0.325152\n"}
,{"stream_name":"stdout","time":931.324083406,"data":"EDGE_TTA_ACTIVE views= 8 mean_abs_feat_delta= 0.328347\n"}
,{"stream_name":"stdout","time":931.526403438,"data":"EDGE_TTA_ACTIVE views= 8 mean_abs_feat_delta= 0.328347\n"}
,{"stream_name":"stdout","time":933.55192846,"data":"EDGE_TTA_ACTIVE views= 8 mean_abs_feat_delta= 0.328262\n"}
,{"stream_name":"stdout","time":933.754003105,"data":"EDGE_TTA_ACTIVE views= 8 mean_abs_feat_delta= 0.328262\n"}
,{"stream_name":"stdout","time":935.794365425,"data":"EDGE_TTA_ACTIVE views= 8 mean_abs_feat_delta= 0.327618\n"}
,{"stream_name":"stdout","time":935.996669544,"data":"EDGE_TTA_ACTIVE views= 8 mean_abs_feat_delta= 0.327618\n"}
,{"stream_name":"stdout","time":1021.851271199,"data":"Saved 2 predictions to /kaggle/working/tracking_repo/predictions/unknown/unet_transformer_gpu1/split_0\n"}
,{"stream_name":"stdout","time":1022.080782598,"data":"Saved 2 predictions to /kaggle/working/tracking_repo/predictions/unknown/unet_transformer_gpu1/split_0\n"}
,{"stream_name":"stdout","time":1023.997065196,"data":"Merged 4 prediction graphs into /kaggle/working/tracking_repo/predictions/unknown/unet_transformer/split_0\n"}
,{"stream_name":"stdout","time":1023.997097312,"data":"Prediction completed in 9.22 minutes\n"}
,{"stream_name":"stdout","time":1252.465971856,"data":"Trying DeepCenter add-only gate checkpoint: /kaggle/input/datasets/pilkwang/biohub-deepcenter-unet3d-center-prior-v1/weights/full_frame_center/best.pt\n"}
,{"stream_name":"stdout","time":1252.738459462,"data":"Loaded DeepCenter add-only gate checkpoint: /kaggle/input/datasets/pilkwang/biohub-deepcenter-unet3d-center-prior-v1/weights/full_frame_center/best.pt\n"}
,{"stream_name":"stdout","time":1252.738499629,"data":"DeepCenter checkpoint epoch: 2 best_score: -0.04500306242456039\n"}
,{"stream_name":"stdout","time":1252.738508581,"data":"Found 4 prediction graphs\n"}
,{"stream_name":"stdout","time":1273.543401725,"data":"  [44b6_0113de3b] after edge-filter+motion-relink: 25821 nodes, 24935 edges\n"}
,{"stream_name":"stdout","time":1276.137371893,"data":"  [44b6_0113de3b] after gap-closing (single-frame + gap2): 25883 nodes, 25050 edges\n"}
,{"stream_name":"stdout","time":1283.327634177,"data":"  [44b6_0113de3b] after safe-division repair: 25883 nodes, 25099 edges (geometric_candidates=172, deepcenter_rejected=110, post_veto_candidates=62, added=49, cap_skipped=0, mutual_nn_rejected=61, divergence_rejected=546)\n"}
,{"stream_name":"stdout","time":1283.32768033,"data":"  [44b6_0113de3b] after division-geometry-filter+prune-isolated: 25877 nodes, 25099 edges\n"}
,{"stream_name":"stdout","time":1283.327689692,"data":"  [44b6_0113de3b] after short-track filtering: 25621 nodes, 24901 edges (components_removed=58)\n"}
,{"stream_name":"stdout","time":1288.315080369,"data":"  [44b6_0113de3b] FINAL: 25621 nodes, 24901 edges\n"}
,{"stream_name":"stdout","time":1304.81910341,"data":"  [44b6_0b24845f] after edge-filter+motion-relink: 22507 nodes, 20386 edges\n"}
,{"stream_name":"stdout","time":1312.771299128,"data":"  [44b6_0b24845f] after gap-closing (single-frame + gap2): 22898 nodes, 21096 edges\n"}
,{"stream_name":"stdout","time":1318.958236525,"data":"  [44b6_0b24845f] after safe-division repair: 22898 nodes, 21111 edges (geometric_candidates=232, deepcenter_rejected=215, post_veto_candidates=17, added=15, cap_skipped=0, mutual_nn_rejected=62, divergence_rejected=902)\n"}
,{"stream_name":"stdout","time":1318.958279671,"data":"  [44b6_0b24845f] after division-geometry-filter+prune-isolated: 22885 nodes, 21111 edges\n"}
,{"stream_name":"stdout","time":1318.958288185,"data":"  [44b6_0b24845f] after short-track filtering: 20744 nodes, 19458 edges (components_removed=488)\n"}
,{"stream_name":"stdout","time":1323.055118979,"data":"  [44b6_0b24845f] FINAL: 20744 nodes, 19458 edges\n"}
,{"stream_name":"stdout","time":1324.756549867,"data":"  [6bba_05b6850b] after edge-filter+motion-relink: 6303 nodes, 6030 edges\n"}
,{"stream_name":"stdout","time":1325.501169358,"data":"  [6bba_05b6850b] after gap-closing (single-frame + gap2): 6334 nodes, 6086 edges\n"}
,{"stream_name":"stdout","time":1327.164967763,"data":"  [6bba_05b6850b] after safe-division repair: 6334 nodes, 6095 edges (geometric_candidates=22, deepcenter_rejected=13, post_veto_candidates=9, added=9, cap_skipped=0, mutual_nn_rejected=5, divergence_rejected=82)\n"}
,{"stream_name":"stdout","time":1327.165005997,"data":"  [6bba_05b6850b] after division-geometry-filter+prune-isolated: 6333 nodes, 6095 edges\n"}
,{"stream_name":"stdout","time":1327.165013364,"data":"  [6bba_05b6850b] after short-track filtering: 6150 nodes, 5955 edges (components_removed=43)\n"}
,{"stream_name":"stdout","time":1328.398902504,"data":"  [6bba_05b6850b] FINAL: 6150 nodes, 5955 edges\n"}
,{"stream_name":"stdout","time":1480.230371694,"data":"  [6bba_05db0fb1] after edge-filter+motion-relink: 70697 nodes, 67986 edges\n"}
,{"stream_name":"stdout","time":1488.957923219,"data":"  [6bba_05db0fb1] after gap-closing (single-frame + gap2): 71121 nodes, 68779 edges\n"}
,{"stream_name":"stdout","time":1497.516863551,"data":"  [6bba_05db0fb1] after safe-division repair: 71121 nodes, 68807 edges (geometric_candidates=302, deepcenter_rejected=267, post_veto_candidates=35, added=28, cap_skipped=0, mutual_nn_rejected=271, divergence_rejected=2635)\n"}
,{"stream_name":"stdout","time":1497.516946746,"data":"  [6bba_05db0fb1] after division-geometry-filter+prune-isolated: 71098 nodes, 68807 edges\n"}
,{"stream_name":"stdout","time":1497.817788584,"data":"  [6bba_05db0fb1] after short-track filtering: 70276 nodes, 68177 edges (components_removed=192)\n"}
,{"stream_name":"stdout","time":1511.716424859,"data":"  [6bba_05db0fb1] FINAL: 70276 nodes, 68177 edges\n"}
,{"stream_name":"stdout","time":1512.153535963,"data":"Wrote /kaggle/working/submission.csv with 241,282 rows\n"}
,{"stream_name":"stdout","time":1512.153561609,"data":"Node rows: 122,791 | edge rows: 118,491\n"}
,{"stream_name":"stdout","time":1512.153573278,"data":"Wrote /kaggle/working/run_stats.csv\n"}
,{"stream_name":"stdout","time":1512.90860747,"data":"{\n"}
,{"stream_name":"stdout","time":1512.908642118,"data":"  \"configuration\": {\n"}
,{"stream_name":"stdout","time":1512.908648253,"data":"    \"bidirectional_primary_weight\": 0.3,\n"}
,{"stream_name":"stdout","time":1512.908653243,"data":"    \"deepcenter_gap_confirm_min_span_um\": 8.5,\n"}
,{"stream_name":"stdout","time":1512.908657943,"data":"    \"deepcenter_gap_threshold\": 0.25,\n"}
,{"stream_name":"stdout","time":1512.908662591,"data":"    \"detector_threshold\": 0.96875,\n"}
,{"stream_name":"stdout","time":1512.908667266,"data":"    \"edge_candidate_threshold\": 0.48,\n"}
,{"stream_name":"stdout","time":1512.908671876,"data":"    \"fallback_scope\": \"individual_frame\",\n"}
,{"stream_name":"stdout","time":1512.908676747,"data":"    \"gap_close_um\": 5.8,\n"}
,{"stream_name":"stdout","time":1512.908681321,"data":"    \"ilp_appearance_weight\": 0.0,\n"}
,{"stream_name":"stdout","time":1512.908685863,"data":"    \"ilp_disappearance_weight\": 1.5,\n"}
,{"stream_name":"stdout","time":1512.908691981,"data":"    \"minimum_candidate_retention\": 0.9,\n"}
,{"stream_name":"stdout","time":1512.908700593,"data":"    \"secondary_detection_weight\": 0.475,\n"}
,{"stream_name":"stdout","time":1512.908704659,"data":"    \"secondary_edge_weight\": 0.15,\n"}
,{"stream_name":"stdout","time":1512.908709027,"data":"    \"secondary_link_mode\": \"low_margin_consensus\",\n"}
,{"stream_name":"stdout","time":1512.908733862,"data":"    \"secondary_low_margin_max\": 0.35\n"}
,{"stream_name":"stdout","time":1512.908739781,"data":"  },\n"}
,{"stream_name":"stdout","time":1512.90874455,"data":"  \"diagnostics\": {\n"}
,{"stream_name":"stdout","time":1512.908749977,"data":"    \"by_movie\": {\n"}
,{"stream_name":"stdout","time":1512.90875452,"data":"      \"44b6_0113de3b\": {\n"}
,{"stream_name":"stdout","time":1512.908759167,"data":"        \"fallback_frames\": 0,\n"}
,{"stream_name":"stdout","time":1512.908763801,"data":"        \"frames\": 100,\n"}
,{"stream_name":"stdout","time":1512.908768309,"data":"        \"median_retention\": 1.0118578927634045,\n"}
,{"stream_name":"stdout","time":1512.908773095,"data":"        \"minimum_retention\": 0.9926739926739927\n"}
,{"stream_name":"stdout","time":1512.908777777,"data":"      },\n"}
,{"stream_name":"stdout","time":1512.908782146,"data":"      \"44b6_0b24845f\": {\n"}
,{"stream_name":"stdout","time":1512.908786619,"data":"        \"fallback_frames\": 64,\n"}
,{"stream_name":"stdout","time":1512.908791233,"data":"        \"frames\": 100,\n"}
,{"stream_name":"stdout","time":1512.908795785,"data":"        \"median_retention\": 0.8618514846811123,\n"}
,{"stream_name":"stdout","time":1512.908800554,"data":"        \"minimum_retention\": 0.45307443365695793\n"}
,{"stream_name":"stdout","time":1512.908863613,"data":"      },\n"}
,{"stream_name":"stdout","time":1512.908868468,"data":"      \"6bba_05b6850b\": {\n"}
,{"stream_name":"stdout","time":1512.908872143,"data":"        \"fallback_frames\": 1,\n"}
,{"stream_name":"stdout","time":1512.908875797,"data":"        \"frames\": 100,\n"}
,{"stream_name":"stdout","time":1512.908879353,"data":"        \"median_retention\": 1.0137012012012012,\n"}
,{"stream_name":"stdout","time":1512.908894573,"data":"        \"minimum_retention\": 0.8918918918918919\n"}
,{"stream_name":"stdout","time":1512.908898191,"data":"      },\n"}
,{"stream_name":"stdout","time":1512.908906587,"data":"      \"6bba_05db0fb1\": {\n"}
,{"stream_name":"stdout","time":1512.908909948,"data":"        \"fallback_frames\": 0,\n"}
,{"stream_name":"stdout","time":1512.908926329,"data":"        \"frames\": 100,\n"}
,{"stream_name":"stdout","time":1512.908930212,"data":"        \"median_retention\": 1.0110725229826354,\n"}
,{"stream_name":"stdout","time":1512.908934407,"data":"        \"minimum_retention\": 0.9715142428785607\n"}
,{"stream_name":"stdout","time":1512.908961953,"data":"      }\n"}
,{"stream_name":"stdout","time":1512.90896653,"data":"    },\n"}
,{"stream_name":"stdout","time":1512.908971158,"data":"    \"fallback_frames\": 65,\n"}
,{"stream_name":"stdout","time":1512.908975299,"data":"    \"rows\": 400\n"}
,{"stream_name":"stdout","time":1512.908979199,"data":"  },\n"}
,{"stream_name":"stdout","time":1512.908983054,"data":"  \"experiment\": \"harmonic_bidirectional_association_v1\",\n"}
,{"stream_name":"stdout","time":1512.908987362,"data":"  \"hardware\": {\n"}
,{"stream_name":"stdout","time":1512.908991377,"data":"    \"visible_gpu_count\": 2\n"}
,{"stream_name":"stdout","time":1512.90899531,"data":"  },\n"}
,{"stream_name":"stdout","time":1512.908999124,"data":"  \"leaderboard_feedback_used_for_configuration\": true,\n"}
,{"stream_name":"stdout","time":1512.90900327,"data":"  \"method_attribution\": \"fixed-90 dual-seed baseline with harmonic mutual-support association fusion (rule from public CC0 notebook yusuketogashi/no-hack-biohub-cell-another-approch-3rd v18)\",\n"}
,{"stream_name":"stdout","time":1512.909015762,"data":"  \"metric_hack_used\": false,\n"}
,{"stream_name":"stdout","time":1512.909020136,"data":"  \"organizer_labels_used_for_configuration\": false,\n"}
,{"stream_name":"stdout","time":1512.90902429,"data":"  \"parent_experiment\": \"paired_bidirectional_primary_weight020_vs_forward_v1\",\n"}
,{"stream_name":"stdout","time":1512.909030776,"data":"  \"public_output_used\": false,\n"}
,{"stream_name":"stdout","time":1512.909034923,"data":"  \"quality_promotion\": {\n"}
,{"stream_name":"stdout","time":1512.909041055,"data":"    \"execute_push_submit\": \"FORBIDDEN_UNTIL_REQUIRED_CONDITION\",\n"}
,{"stream_name":"stdout","time":1512.909048051,"data":"    \"required_condition\": \"promote=true\",\n"}
,{"stream_name":"stdout","time":1512.909053211,"data":"    \"required_receipt\": \"bidirectional_blend_union13_receipt.json\",\n"}
,{"stream_name":"stdout","time":1512.909058047,"data":"    \"status\": \"candidate_unverified\",\n"}
,{"stream_name":"stdout","time":1512.909063023,"data":"    \"validated_receipt_sha256\": null\n"}
,{"stream_name":"stdout","time":1512.909067861,"data":"  },\n"}
,{"stream_name":"stdout","time":1512.909071726,"data":"  \"source_kernel\": \"raykkretzschmar/biohub-bidirectional-primary-union13-diagnostic-v1\",\n"}
,{"stream_name":"stdout","time":1512.9090761,"data":"  \"source_notebook_sha256\": \"3e65ca691941949196bf417030ea84fccafe16baaec174b2a63540451bb937e8\",\n"}
,{"stream_name":"stdout","time":1512.909080325,"data":"  \"status\": \"clean_graph_audit_pass_candidate_unverified_quality\",\n"}
,{"stream_name":"stdout","time":1512.909089817,"data":"  \"submission\": {\n"}
,{"stream_name":"stdout","time":1512.909093845,"data":"    \"datasets\": [\n"}
,{"stream_name":"stdout","time":1512.909097774,"data":"      \"44b6_0113de3b\",\n"}
,{"stream_name":"stdout","time":1512.909101685,"data":"      \"44b6_0b24845f\",\n"}
,{"stream_name":"stdout","time":1512.909105579,"data":"      \"6bba_05b6850b\",\n"}
,{"stream_name":"stdout","time":1512.909109449,"data":"      \"6bba_05db0fb1\"\n"}
,{"stream_name":"stdout","time":1512.909113423,"data":"    ],\n"}
,{"stream_name":"stdout","time":1512.909117249,"data":"    \"rows\": 241282,\n"}
,{"stream_name":"stdout","time":1512.909121446,"data":"    \"sha256\": \"0319ba6d8e864335d3573f6b1a6227c546f17e9247a0c2858fa09b6c2422db3f\"\n"}
,{"stream_name":"stdout","time":1512.909144419,"data":"  },\n"}
,{"stream_name":"stdout","time":1512.909149746,"data":"  \"topology\": {\n"}
,{"stream_name":"stdout","time":1512.909154683,"data":"    \"44b6_0113de3b\": {\n"}
,{"stream_name":"stdout","time":1512.90915934,"data":"      \"division_parents\": 49,\n"}
,{"stream_name":"stdout","time":1512.909164077,"data":"      \"edges\": 24901,\n"}
,{"stream_name":"stdout","time":1512.909168432,"data":"      \"max_indegree\": 1,\n"}
,{"stream_name":"stdout","time":1512.909172538,"data":"      \"max_outdegree\": 2,\n"}
,{"stream_name":"stdout","time":1512.909176507,"data":"      \"nodes\": 25621\n"}
,{"stream_name":"stdout","time":1512.909180443,"data":"    },\n"}
,{"stream_name":"stdout","time":1512.909184259,"data":"    \"44b6_0b24845f\": {\n"}
,{"stream_name":"stdout","time":1512.909188088,"data":"      \"division_parents\": 15,\n"}
,{"stream_name":"stdout","time":1512.909192026,"data":"      \"edges\": 19458,\n"}
,{"stream_name":"stdout","time":1512.909195972,"data":"      \"max_indegree\": 1,\n"}
,{"stream_name":"stdout","time":1512.909199954,"data":"      \"max_outdegree\": 2,\n"}
,{"stream_name":"stdout","time":1512.909203929,"data":"      \"nodes\": 20744\n"}
,{"stream_name":"stdout","time":1512.909207876,"data":"    },\n"}
,{"stream_name":"stdout","time":1512.909211657,"data":"    \"6bba_05b6850b\": {\n"}
,{"stream_name":"stdout","time":1512.909215507,"data":"      \"division_parents\": 9,\n"}
,{"stream_name":"stdout","time":1512.90921964,"data":"      \"edges\": 5955,\n"}
,{"stream_name":"stdout","time":1512.909240971,"data":"      \"max_indegree\": 1,\n"}
,{"stream_name":"stdout","time":1512.909246691,"data":"      \"max_outdegree\": 2,\n"}
,{"stream_name":"stdout","time":1512.909251865,"data":"      \"nodes\": 6150\n"}
,{"stream_name":"stdout","time":1512.909256552,"data":"    },\n"}
,{"stream_name":"stdout","time":1512.909260983,"data":"    \"6bba_05db0fb1\": {\n"}
,{"stream_name":"stdout","time":1512.90926498,"data":"      \"division_parents\": 28,\n"}
,{"stream_name":"stdout","time":1512.909269016,"data":"      \"edges\": 68177,\n"}
,{"stream_name":"stdout","time":1512.909272963,"data":"      \"max_indegree\": 1,\n"}
,{"stream_name":"stdout","time":1512.909276931,"data":"      \"max_outdegree\": 2,\n"}
,{"stream_name":"stdout","time":1512.909280902,"data":"      \"nodes\": 70276\n"}
,{"stream_name":"stdout","time":1512.909284826,"data":"    }\n"}
,{"stream_name":"stdout","time":1512.909288673,"data":"  }\n"}
,{"stream_name":"stdout","time":1512.909292514,"data":"}\n"}
,{"stream_name":"stdout","time":1513.109327157,"data":"VALIDATOR: excluding 4 TRAIN stem(s) that also appear in TEST_DIR: ['44b6_0113de3b', '44b6_0b24845f', '6bba_05b6850b', '6bba_05db0fb1']\n"}
,{"stream_name":"stdout","time":1548.363264257,"data":"VALIDATOR: selected 8 held-out TRAIN samples (4 per embryo-type prefix, 2 prefixes found, 8 contain a GT division)\n"}
,{"stream_name":"stdout","time":1548.363323771,"data":"['44b6_12dfb391', '44b6_267148e4', '44b6_2a2eff9f', '44b6_341df25f', '6bba_062c8d37', '6bba_07e24132', '6bba_085bf656', '6bba_09961292']\n"}
,{"stream_name":"stdout","time":1548.363333313,"data":"VALIDATOR: launching 2 shards on CUDA devices ['0', '1']\n"}
,{"stream_name":"stderr","time":1552.971714067,"data":"/usr/local/lib/python3.12/dist-packages/dask/array/image.py:7: FutureWarning: `find_available_plugins` is deprecated since version 0.25 and will be removed in version 0.27. The plugin infrastructure of `skimage.io` is deprecated. Instead, use `imageio` or other I/O packages directly.\n"}
,{"stream_name":"stderr","time":1552.971750119,"data":"  from skimage.io import imread as sk_imread\n"}
,{"stream_name":"stderr","time":1552.976905429,"data":"/usr/lib/python3.12/importlib/__init__.py:90: FutureWarning: `reset_plugins` is deprecated since version 0.25 and will be removed in version 0.27. The plugin infrastructure of `skimage.io` is deprecated. Instead, use `imageio` or other I/O packages directly.\n"}
,{"stream_name":"stderr","time":1552.976929992,"data":"  return _bootstrap._gcd_import(name[level:], package, level)\n"}
,{"stream_name":"stderr","time":1553.035211056,"data":"/usr/local/lib/python3.12/dist-packages/dask/array/image.py:7: FutureWarning: `find_available_plugins` is deprecated since version 0.25 and will be removed in version 0.27. The plugin infrastructure of `skimage.io` is deprecated. Instead, use `imageio` or other I/O packages directly.\n"}
,{"stream_name":"stderr","time":1553.035238721,"data":"  from skimage.io import imread as sk_imread\n"}
,{"stream_name":"stderr","time":1553.040591616,"data":"/usr/lib/python3.12/importlib/__init__.py:90: FutureWarning: `reset_plugins` is deprecated since version 0.25 and will be removed in version 0.27. The plugin infrastructure of `skimage.io` is deprecated. Instead, use `imageio` or other I/O packages directly.\n"}
,{"stream_name":"stderr","time":1553.040612926,"data":"  return _bootstrap._gcd_import(name[level:], package, level)\n"}
,{"stream_name":"stderr","time":1553.174860754,"data":"/usr/local/lib/python3.12/dist-packages/dask/array/image.py:7: FutureWarning: `find_available_plugins` is deprecated since version 0.25 and will be removed in version 0.27. The plugin infrastructure of `skimage.io` is deprecated. Instead, use `imageio` or other I/O packages directly.\n"}
,{"stream_name":"stderr","time":1553.174907192,"data":"  from skimage.io import imread as sk_imread\n"}
,{"stream_name":"stderr","time":1553.174913498,"data":"/usr/lib/python3.12/importlib/__init__.py:90: FutureWarning: `reset_plugins` is deprecated since version 0.25 and will be removed in version 0.27. The plugin infrastructure of `skimage.io` is deprecated. Instead, use `imageio` or other I/O packages directly.\n"}
,{"stream_name":"stderr","time":1553.174919634,"data":"  return _bootstrap._gcd_import(name[level:], package, level)\n"}
,{"stream_name":"stderr","time":1553.174924629,"data":"/usr/local/lib/python3.12/dist-packages/dask/array/image.py:7: FutureWarning: `find_available_plugins` is deprecated since version 0.25 and will be removed in version 0.27. The plugin infrastructure of `skimage.io` is deprecated. Instead, use `imageio` or other I/O packages directly.\n"}
,{"stream_name":"stderr","time":1553.174930059,"data":"  from skimage.io import imread as sk_imread\n"}
,{"stream_name":"stderr","time":1553.174934833,"data":"/usr/lib/python3.12/importlib/__init__.py:90: FutureWarning: `reset_plugins` is deprecated since version 0.25 and will be removed in version 0.27. The plugin infrastructure of `skimage.io` is deprecated. Instead, use `imageio` or other I/O packages directly.\n"}
,{"stream_name":"stderr","time":1553.174957719,"data":"  return _bootstrap._gcd_import(name[level:], package, level)\n"}
,{"stream_name":"stderr","time":1553.174962239,"data":"\n"}
,{"stream_name":"stderr","time":1553.17496587,"data":"/usr/local/lib/python3.12/dist-packages/dask/array/image.py:7: FutureWarning: `find_available_plugins` is deprecated since version 0.25 and will be removed in version 0.27. The plugin infrastructure of `skimage.io` is deprecated. Instead, use `imageio` or other I/O packages directly.\n"}
,{"stream_name":"stderr","time":1553.174970248,"data":"  from skimage.io import imread as sk_imread\n"}
,{"stream_name":"stderr","time":1553.174974035,"data":"/usr/lib/python3.12/importlib/__init__.py:90: FutureWarning: `reset_plugins` is deprecated since version 0.25 and will be removed in version 0.27. The plugin infrastructure of `skimage.io` is deprecated. Instead, use `imageio` or other I/O packages directly.\n"}
,{"stream_name":"stderr","time":1553.174978359,"data":"  return _bootstrap._gcd_import(name[level:], package, level)\n"}
,{"stream_name":"stderr","time":1553.174983812,"data":"/usr/local/lib/python3.12/dist-packages/dask/array/image.py:7: FutureWarning: `find_available_plugins` is deprecated since version 0.25 and will be removed in version 0.27. The plugin infrastructure of `skimage.io` is deprecated. Instead, use `imageio` or other I/O packages directly.\n"}
,{"stream_name":"stderr","time":1553.174988452,"data":"  from skimage.io import imread as sk_imread\n"}
,{"stream_name":"stderr","time":1553.174992252,"data":"/usr/lib/python3.12/importlib/__init__.py:90: FutureWarning: `reset_plugins` is deprecated since version 0.25 and will be removed in version 0.27. The plugin infrastructure of `skimage.io` is deprecated. Instead, use `imageio` or other I/O packages directly.\n"}
,{"stream_name":"stderr","time":1553.174996459,"data":"  return _bootstrap._gcd_import(name[level:], package, level)\n"}
,{"stream_name":"stdout","time":1553.565605289,"data":"Secondary model: /kaggle/working/secondary_seed_weights/unet_transformer/split_0/edge_predictor_best.pth | edge weight=0.150 | detection weight=0.800 | link mode=low_margin_consensus | temperature=1.000 | low-margin max=0.350 | edge threshold=0.480\n"}
,{"stream_name":"stdout","time":1553.565772818,"data":"Fold 0: 4 datasets | weights=weights/unet_transformer/split_0/edge_predictor_best.pth | device=cuda | window_size=2 | pool_kernel_um=3.0\n"}
,{"stream_name":"stdout","time":1553.595427982,"data":"Secondary model: /kaggle/working/secondary_seed_weights/unet_transformer/split_0/edge_predictor_best.pth | edge weight=0.150 | detection weight=0.800 | link mode=low_margin_consensus | temperature=1.000 | low-margin max=0.350 | edge threshold=0.480\n"}
,{"stream_name":"stdout","time":1553.595453987,"data":"Fold 0: 4 datasets | weights=weights/unet_transformer/split_0/edge_predictor_best.pth | device=cuda | window_size=2 | pool_kernel_um=3.0\n"}
,{"stream_name":"stdout","time":1553.76791138,"data":"Secondary model: /kaggle/working/secondary_seed_weights/unet_transformer/split_0/edge_predictor_best.pth | edge weight=0.150 | detection weight=0.800 | link mode=low_margin_consensus | temperature=1.000 | low-margin max=0.350 | edge threshold=0.480\n"}
,{"stream_name":"stdout","time":1553.767951038,"data":"Fold 0: 4 datasets | weights=weights/unet_transformer/split_0/edge_predictor_best.pth | device=cuda | window_size=2 | pool_kernel_um=3.0\n"}
,{"stream_name":"stdout","time":1553.767961775,"data":"Secondary model: /kaggle/working/secondary_seed_weights/unet_transformer/split_0/edge_predictor_best.pth | edge weight=0.150 | detection weight=0.800 | link mode=low_margin_consensus | temperature=1.000 | low-margin max=0.350 | edge threshold=0.480\n"}
,{"stream_name":"stdout","time":1553.76796566,"data":"Fold 0: 4 datasets | weights=weights/unet_transformer/split_0/edge_predictor_best.pth | device=cuda | window_size=2 | pool_kernel_um=3.0\n"}
,{"stream_name":"stdout","time":1555.092564273,"data":"EDGE_TTA_ACTIVE views= 8 mean_abs_feat_delta= 0.34981\n"}
,{"stream_name":"stdout","time":1555.115662669,"data":"EDGE_TTA_ACTIVE views= 8 mean_abs_feat_delta= 0.392767\n"}
,{"stream_name":"stdout","time":1555.29512596,"data":"EDGE_TTA_ACTIVE views= 8 mean_abs_feat_delta= 0.34981\n"}
,{"stream_name":"stdout","time":1555.295162381,"data":"EDGE_TTA_ACTIVE views= 8 mean_abs_feat_delta= 0.392767\n"}
,{"stream_name":"stdout","time":1557.535634676,"data":"EDGE_TTA_ACTIVE views= 8 mean_abs_feat_delta= 0.399438\n"}
,{"stream_name":"stdout","time":1557.738422464,"data":"EDGE_TTA_ACTIVE views= 8 mean_abs_feat_delta= 0.399438\n"}
,{"stream_name":"stdout","time":1557.869858059,"data":"EDGE_TTA_ACTIVE views= 8 mean_abs_feat_delta= 0.348323\n"}
,{"stream_name":"stdout","time":1558.072529156,"data":"EDGE_TTA_ACTIVE views= 8 mean_abs_feat_delta= 0.348323\n"}
,{"stream_name":"stdout","time":1559.344322886,"data":"EDGE_TTA_ACTIVE views= 8 mean_abs_feat_delta= 0.403568\n"}
,{"stream_name":"stdout","time":1559.546615976,"data":"EDGE_TTA_ACTIVE views= 8 mean_abs_feat_delta= 0.403568\n"}
,{"stream_name":"stdout","time":1560.064203669,"data":"EDGE_TTA_ACTIVE views= 8 mean_abs_feat_delta= 0.347872\n"}
,{"stream_name":"stdout","time":1560.266435808,"data":"EDGE_TTA_ACTIVE views= 8 mean_abs_feat_delta= 0.347872\n"}
,{"stream_name":"stdout","time":1561.182495432,"data":"EDGE_TTA_ACTIVE views= 8 mean_abs_feat_delta= 0.396848\n"}
,{"stream_name":"stdout","time":1561.38501473,"data":"EDGE_TTA_ACTIVE views= 8 mean_abs_feat_delta= 0.396848\n"}
,{"stream_name":"stdout","time":1562.232933267,"data":"EDGE_TTA_ACTIVE views= 8 mean_abs_feat_delta= 0.351487\n"}
,{"stream_name":"stdout","time":1562.434763342,"data":"EDGE_TTA_ACTIVE views= 8 mean_abs_feat_delta= 0.351487\n"}
,{"stream_name":"stdout","time":1563.007296379,"data":"EDGE_TTA_ACTIVE views= 8 mean_abs_feat_delta= 0.405804\n"}
,{"stream_name":"stdout","time":1563.209624439,"data":"EDGE_TTA_ACTIVE views= 8 mean_abs_feat_delta= 0.405804\n"}
,{"stream_name":"stdout","time":1564.448257974,"data":"EDGE_TTA_ACTIVE views= 8 mean_abs_feat_delta= 0.349843\n"}
,{"stream_name":"stdout","time":1564.650375833,"data":"EDGE_TTA_ACTIVE views= 8 mean_abs_feat_delta= 0.349843\n"}
,{"stream_name":"stdout","time":1564.842202579,"data":"EDGE_TTA_ACTIVE views= 8 mean_abs_feat_delta= 0.406637\n"}
,{"stream_name":"stdout","time":1565.044755962,"data":"EDGE_TTA_ACTIVE views= 8 mean_abs_feat_delta= 0.406637\n"}
,{"stream_name":"stdout","time":1566.738357636,"data":"EDGE_TTA_ACTIVE views= 8 mean_abs_feat_delta= 0.406976\n"}
,{"stream_name":"stdout","time":1566.773132789,"data":"EDGE_TTA_ACTIVE views= 8 mean_abs_feat_delta= 0.348101\n"}
,{"stream_name":"stdout","time":1566.940792491,"data":"EDGE_TTA_ACTIVE views= 8 mean_abs_feat_delta= 0.406976\n"}
,{"stream_name":"stdout","time":1566.940836854,"data":"EDGE_TTA_ACTIVE views= 8 mean_abs_feat_delta= 0.348101\n"}
,{"stream_name":"stdout","time":1568.654907198,"data":"EDGE_TTA_ACTIVE views= 8 mean_abs_feat_delta= 0.402713\n"}
,{"stream_name":"stdout","time":1568.857462355,"data":"EDGE_TTA_ACTIVE views= 8 mean_abs_feat_delta= 0.402713\n"}
,{"stream_name":"stdout","time":1569.112314163,"data":"EDGE_TTA_ACTIVE views= 8 mean_abs_feat_delta= 0.351882\n"}
,{"stream_name":"stdout","time":1569.314674241,"data":"EDGE_TTA_ACTIVE views= 8 mean_abs_feat_delta= 0.351882\n"}
,{"stream_name":"stdout","time":1570.587933346,"data":"EDGE_TTA_ACTIVE views= 8 mean_abs_feat_delta= 0.409078\n"}
,{"stream_name":"stdout","time":1570.790392663,"data":"EDGE_TTA_ACTIVE views= 8 mean_abs_feat_delta= 0.409078\n"}
,{"stream_name":"stdout","time":1571.438242996,"data":"EDGE_TTA_ACTIVE views= 8 mean_abs_feat_delta= 0.352461\n"}
,{"stream_name":"stdout","time":1571.640441445,"data":"EDGE_TTA_ACTIVE views= 8 mean_abs_feat_delta= 0.352461\n"}
,{"stream_name":"stdout","time":1572.527952216,"data":"EDGE_TTA_ACTIVE views= 8 mean_abs_feat_delta= 0.408625\n"}
,{"stream_name":"stdout","time":1572.730510415,"data":"EDGE_TTA_ACTIVE views= 8 mean_abs_feat_delta= 0.408625\n"}
,{"stream_name":"stdout","time":1573.850053456,"data":"EDGE_TTA_ACTIVE views= 8 mean_abs_feat_delta= 0.352873\n"}
,{"stream_name":"stdout","time":1574.052867498,"data":"EDGE_TTA_ACTIVE views= 8 mean_abs_feat_delta= 0.352873\n"}
,{"stream_name":"stdout","time":1574.477942069,"data":"EDGE_TTA_ACTIVE views= 8 mean_abs_feat_delta= 0.39904\n"}
,{"stream_name":"stdout","time":1574.680342883,"data":"EDGE_TTA_ACTIVE views= 8 mean_abs_feat_delta= 0.39904\n"}
,{"stream_name":"stdout","time":1576.222155579,"data":"EDGE_TTA_ACTIVE views= 8 mean_abs_feat_delta= 0.354101\n"}
,{"stream_name":"stdout","time":1576.42109769,"data":"EDGE_TTA_ACTIVE views= 8 mean_abs_feat_delta= 0.400016\n"}
,{"stream_name":"stdout","time":1576.424646228,"data":"EDGE_TTA_ACTIVE views= 8 mean_abs_feat_delta= 0.354101\n"}
,{"stream_name":"stdout","time":1576.424669298,"data":"EDGE_TTA_ACTIVE views= 8 mean_abs_feat_delta= 0.400016\n"}
,{"stream_name":"stdout","time":1578.322735127,"data":"EDGE_TTA_ACTIVE views= 8 mean_abs_feat_delta= 0.392897\n"}
,{"stream_name":"stdout","time":1578.564437051,"data":"EDGE_TTA_ACTIVE views= 8 mean_abs_feat_delta= 0.392897\n"}
,{"stream_name":"stdout","time":1578.615377893,"data":"EDGE_TTA_ACTIVE views= 8 mean_abs_feat_delta= 0.353493\n"}
,{"stream_name":"stdout","time":1578.817530846,"data":"EDGE_TTA_ACTIVE views= 8 mean_abs_feat_delta= 0.353493\n"}
,{"stream_name":"stdout","time":1580.286521923,"data":"EDGE_TTA_ACTIVE views= 8 mean_abs_feat_delta= 0.386155\n"}
,{"stream_name":"stdout","time":1580.488891525,"data":"EDGE_TTA_ACTIVE views= 8 mean_abs_feat_delta= 0.386155\n"}
,{"stream_name":"stdout","time":1581.04193859,"data":"EDGE_TTA_ACTIVE views= 8 mean_abs_feat_delta= 0.351325\n"}
,{"stream_name":"stdout","time":1581.244388721,"data":"EDGE_TTA_ACTIVE views= 8 mean_abs_feat_delta= 0.351325\n"}
,{"stream_name":"stdout","time":1582.240357951,"data":"EDGE_TTA_ACTIVE views= 8 mean_abs_feat_delta= 0.384551\n"}
,{"stream_name":"stdout","time":1582.442939346,"data":"EDGE_TTA_ACTIVE views= 8 mean_abs_feat_delta= 0.384551\n"}
,{"stream_name":"stdout","time":1583.396118099,"data":"EDGE_TTA_ACTIVE views= 8 mean_abs_feat_delta= 0.348177\n"}
,{"stream_name":"stdout","time":1583.598573141,"data":"EDGE_TTA_ACTIVE views= 8 mean_abs_feat_delta= 0.348177\n"}
,{"stream_name":"stdout","time":1584.18551231,"data":"EDGE_TTA_ACTIVE views= 8 mean_abs_feat_delta= 0.380346\n"}
,{"stream_name":"stdout","time":1584.388074188,"data":"EDGE_TTA_ACTIVE views= 8 mean_abs_feat_delta= 0.380346\n"}
,{"stream_name":"stdout","time":1585.763274328,"data":"EDGE_TTA_ACTIVE views= 8 mean_abs_feat_delta= 0.350577\n"}
,{"stream_name":"stdout","time":1585.965620517,"data":"EDGE_TTA_ACTIVE views= 8 mean_abs_feat_delta= 0.350577\n"}
,{"stream_name":"stdout","time":1586.068837393,"data":"EDGE_TTA_ACTIVE views= 8 mean_abs_feat_delta= 0.37911\n"}
,{"stream_name":"stdout","time":1586.271207964,"data":"EDGE_TTA_ACTIVE views= 8 mean_abs_feat_delta= 0.37911\n"}
,{"stream_name":"stdout","time":1588.024865869,"data":"EDGE_TTA_ACTIVE views= 8 mean_abs_feat_delta= 0.388444\n"}
,{"stream_name":"stdout","time":1588.057228211,"data":"EDGE_TTA_ACTIVE views= 8 mean_abs_feat_delta= 0.351302\n"}
,{"stream_name":"stdout","time":1588.227410877,"data":"EDGE_TTA_ACTIVE views= 8 mean_abs_feat_delta= 0.388444\n"}
,{"stream_name":"stdout","time":1588.227454205,"data":"EDGE_TTA_ACTIVE views= 8 mean_abs_feat_delta= 0.351302\n"}
,{"stream_name":"stdout","time":1589.976624473,"data":"EDGE_TTA_ACTIVE views= 8 mean_abs_feat_delta= 0.38137\n"}
,{"stream_name":"stdout","time":1590.179432959,"data":"EDGE_TTA_ACTIVE views= 8 mean_abs_feat_delta= 0.38137\n"}
,{"stream_name":"stdout","time":1590.34096422,"data":"EDGE_TTA_ACTIVE views= 8 mean_abs_feat_delta= 0.349328\n"}
,{"stream_name":"stdout","time":1590.543515706,"data":"EDGE_TTA_ACTIVE views= 8 mean_abs_feat_delta= 0.349328\n"}
,{"stream_name":"stdout","time":1591.9660545,"data":"EDGE_TTA_ACTIVE views= 8 mean_abs_feat_delta= 0.380845\n"}
,{"stream_name":"stdout","time":1592.168723977,"data":"EDGE_TTA_ACTIVE views= 8 mean_abs_feat_delta= 0.380845\n"}
,{"stream_name":"stdout","time":1592.653476468,"data":"EDGE_TTA_ACTIVE views= 8 mean_abs_feat_delta= 0.347529\n"}
,{"stream_name":"stdout","time":1592.85598047,"data":"EDGE_TTA_ACTIVE views= 8 mean_abs_feat_delta= 0.347529\n"}
,{"stream_name":"stdout","time":1593.951542412,"data":"EDGE_TTA_ACTIVE views= 8 mean_abs_feat_delta= 0.378817\n"}
,{"stream_name":"stdout","time":1594.154118242,"data":"EDGE_TTA_ACTIVE views= 8 mean_abs_feat_delta= 0.378817\n"}
,{"stream_name":"stdout","time":1594.916022085,"data":"EDGE_TTA_ACTIVE views= 8 mean_abs_feat_delta= 0.34733\n"}
,{"stream_name":"stdout","time":1595.11871595,"data":"EDGE_TTA_ACTIVE views= 8 mean_abs_feat_delta= 0.34733\n"}
,{"stream_name":"stdout","time":1595.988086507,"data":"EDGE_TTA_ACTIVE views= 8 mean_abs_feat_delta= 0.370246\n"}
,{"stream_name":"stdout","time":1596.190964005,"data":"EDGE_TTA_ACTIVE views= 8 mean_abs_feat_delta= 0.370246\n"}
,{"stream_name":"stdout","time":1597.166105249,"data":"EDGE_TTA_ACTIVE views= 8 mean_abs_feat_delta= 0.346983\n"}
,{"stream_name":"stdout","time":1597.368733626,"data":"EDGE_TTA_ACTIVE views= 8 mean_abs_feat_delta= 0.346983\n"}
,{"stream_name":"stdout","time":1597.941052741,"data":"EDGE_TTA_ACTIVE views= 8 mean_abs_feat_delta= 0.364454\n"}
,{"stream_name":"stdout","time":1598.143731457,"data":"EDGE_TTA_ACTIVE views= 8 mean_abs_feat_delta= 0.364454\n"}
,{"stream_name":"stdout","time":1599.414497272,"data":"EDGE_TTA_ACTIVE views= 8 mean_abs_feat_delta= 0.343153\n"}
,{"stream_name":"stdout","time":1599.61679498,"data":"EDGE_TTA_ACTIVE views= 8 mean_abs_feat_delta= 0.343153\n"}
,{"stream_name":"stdout","time":1599.859000553,"data":"EDGE_TTA_ACTIVE views= 8 mean_abs_feat_delta= 0.372022\n"}
,{"stream_name":"stdout","time":1600.061439921,"data":"EDGE_TTA_ACTIVE views= 8 mean_abs_feat_delta= 0.372022\n"}
,{"stream_name":"stdout","time":1601.622997205,"data":"EDGE_TTA_ACTIVE views= 8 mean_abs_feat_delta= 0.343379\n"}
,{"stream_name":"stdout","time":1601.808177529,"data":"EDGE_TTA_ACTIVE views= 8 mean_abs_feat_delta= 0.367153\n"}
,{"stream_name":"stdout","time":1601.825462505,"data":"EDGE_TTA_ACTIVE views= 8 mean_abs_feat_delta= 0.343379\n"}
,{"stream_name":"stdout","time":1601.825485979,"data":"EDGE_TTA_ACTIVE views= 8 mean_abs_feat_delta= 0.367153\n"}
,{"stream_name":"stdout","time":1603.767963173,"data":"EDGE_TTA_ACTIVE views= 8 mean_abs_feat_delta= 0.366124\n"}
,{"stream_name":"stdout","time":1603.862857779,"data":"EDGE_TTA_ACTIVE views= 8 mean_abs_feat_delta= 0.345181\n"}
,{"stream_name":"stdout","time":1603.970537292,"data":"EDGE_TTA_ACTIVE views= 8 mean_abs_feat_delta= 0.366124\n"}
,{"stream_name":"stdout","time":1603.970565582,"data":"EDGE_TTA_ACTIVE views= 8 mean_abs_feat_delta= 0.345181\n"}
,{"stream_name":"stdout","time":1604.858682481,"data":"BIOHUB_RETENTION_GUARD {\"blended_candidates\": 431, \"dataset\": \"44b6_12dfb391\", \"frame\": 22, \"minimum_retention\": 0.9, \"primary_candidates\": 484, \"retention\": 0.890495867768595, \"use_primary\": true}\n"}
,{"stream_name":"stdout","time":1605.060866977,"data":"BIOHUB_RETENTION_GUARD {\"blended_candidates\": 431, \"dataset\": \"44b6_12dfb391\", \"frame\": 22, \"minimum_retention\": 0.9, \"primary_candidates\": 484, \"retention\": 0.890495867768595, \"use_primary\": true}\n"}
,{"stream_name":"stdout","time":1605.700330382,"data":"EDGE_TTA_ACTIVE views= 8 mean_abs_feat_delta= 0.36912\n"}
,{"stream_name":"stdout","time":1605.903040819,"data":"EDGE_TTA_ACTIVE views= 8 mean_abs_feat_delta= 0.36912\n"}
,{"stream_name":"stdout","time":1606.091590814,"data":"EDGE_TTA_ACTIVE views= 8 mean_abs_feat_delta= 0.343644\n"}
,{"stream_name":"stdout","time":1606.294192786,"data":"EDGE_TTA_ACTIVE views= 8 mean_abs_feat_delta= 0.343644\n"}
,{"stream_name":"stdout","time":1607.072526882,"data":"BIOHUB_RETENTION_GUARD {\"blended_candidates\": 433, \"dataset\": \"44b6_12dfb391\", \"frame\": 23, \"minimum_retention\": 0.9, \"primary_candidates\": 484, \"retention\": 0.8946280991735537, \"use_primary\": true}\n"}
,{"stream_name":"stdout","time":1607.274536099,"data":"BIOHUB_RETENTION_GUARD {\"blended_candidates\": 433, \"dataset\": \"44b6_12dfb391\", \"frame\": 23, \"minimum_retention\": 0.9, \"primary_candidates\": 484, \"retention\": 0.8946280991735537, \"use_primary\": true}\n"}
,{"stream_name":"stdout","time":1607.686079659,"data":"EDGE_TTA_ACTIVE views= 8 mean_abs_feat_delta= 0.364666\n"}
,{"stream_name":"stdout","time":1607.888573643,"data":"EDGE_TTA_ACTIVE views= 8 mean_abs_feat_delta= 0.364666\n"}
,{"stream_name":"stdout","time":1608.256500427,"data":"EDGE_TTA_ACTIVE views= 8 mean_abs_feat_delta= 0.346576\n"}
,{"stream_name":"stdout","time":1608.458890572,"data":"EDGE_TTA_ACTIVE views= 8 mean_abs_feat_delta= 0.346576\n"}
,{"stream_name":"stdout","time":1609.670052935,"data":"EDGE_TTA_ACTIVE views= 8 mean_abs_feat_delta= 0.35307\n"}
,{"stream_name":"stdout","time":1609.913098956,"data":"EDGE_TTA_ACTIVE views= 8 mean_abs_feat_delta= 0.35307\n"}
,{"stream_name":"stdout","time":1610.447264891,"data":"EDGE_TTA_ACTIVE views= 8 mean_abs_feat_delta= 0.351385\n"}
,{"stream_name":"stdout","time":1610.649633272,"data":"EDGE_TTA_ACTIVE views= 8 mean_abs_feat_delta= 0.351385\n"}
,{"stream_name":"stdout","time":1611.597997481,"data":"EDGE_TTA_ACTIVE views= 8 mean_abs_feat_delta= 0.342104\n"}
,{"stream_name":"stdout","time":1611.800541125,"data":"EDGE_TTA_ACTIVE views= 8 mean_abs_feat_delta= 0.342104\n"}
,{"stream_name":"stdout","time":1612.591352181,"data":"EDGE_TTA_ACTIVE views= 8 mean_abs_feat_delta= 0.352556\n"}
,{"stream_name":"stdout","time":1612.793852996,"data":"EDGE_TTA_ACTIVE views= 8 mean_abs_feat_delta= 0.352556\n"}
,{"stream_name":"stdout","time":1613.492270737,"data":"EDGE_TTA_ACTIVE views= 8 mean_abs_feat_delta= 0.340484\n"}
,{"stream_name":"stdout","time":1613.694652463,"data":"EDGE_TTA_ACTIVE views= 8 mean_abs_feat_delta= 0.340484\n"}
,{"stream_name":"stdout","time":1614.749584047,"data":"EDGE_TTA_ACTIVE views= 8 mean_abs_feat_delta= 0.350435\n"}
,{"stream_name":"stdout","time":1614.952072998,"data":"EDGE_TTA_ACTIVE views= 8 mean_abs_feat_delta= 0.350435\n"}
,{"stream_name":"stdout","time":1615.474415344,"data":"EDGE_TTA_ACTIVE views= 8 mean_abs_feat_delta= 0.356776\n"}
,{"stream_name":"stdout","time":1615.676748575,"data":"EDGE_TTA_ACTIVE views= 8 mean_abs_feat_delta= 0.356776\n"}
,{"stream_name":"stdout","time":1615.735731165,"data":"BIOHUB_RETENTION_GUARD {\"blended_candidates\": 451, \"dataset\": \"44b6_12dfb391\", \"frame\": 27, \"minimum_retention\": 0.9, \"primary_candidates\": 504, \"retention\": 0.8948412698412699, \"use_primary\": true}\n"}
,{"stream_name":"stdout","time":1615.937726062,"data":"BIOHUB_RETENTION_GUARD {\"blended_candidates\": 451, \"dataset\": \"44b6_12dfb391\", \"frame\": 27, \"minimum_retention\": 0.9, \"primary_candidates\": 504, \"retention\": 0.8948412698412699, \"use_primary\": true}\n"}
,{"stream_name":"stdout","time":1616.938704914,"data":"EDGE_TTA_ACTIVE views= 8 mean_abs_feat_delta= 0.351638\n"}
,{"stream_name":"stdout","time":1617.14143241,"data":"EDGE_TTA_ACTIVE views= 8 mean_abs_feat_delta= 0.351638\n"}
,{"stream_name":"stdout","time":1617.424520769,"data":"EDGE_TTA_ACTIVE views= 8 mean_abs_feat_delta= 0.355165\n"}
,{"stream_name":"stdout","time":1617.62668292,"data":"EDGE_TTA_ACTIVE views= 8 mean_abs_feat_delta= 0.355165\n"}
,{"stream_name":"stdout","time":1619.207856028,"data":"EDGE_TTA_ACTIVE views= 8 mean_abs_feat_delta= 0.3532\n"}
,{"stream_name":"stdout","time":1619.380159098,"data":"EDGE_TTA_ACTIVE views= 8 mean_abs_feat_delta= 0.355677\n"}
,{"stream_name":"stdout","time":1619.410271798,"data":"EDGE_TTA_ACTIVE views= 8 mean_abs_feat_delta= 0.3532\n"}
,{"stream_name":"stdout","time":1619.410291254,"data":"EDGE_TTA_ACTIVE views= 8 mean_abs_feat_delta= 0.355677\n"}
,{"stream_name":"stdout","time":1621.345682648,"data":"EDGE_TTA_ACTIVE views= 8 mean_abs_feat_delta= 0.358773\n"}
,{"stream_name":"stdout","time":1621.39705296,"data":"EDGE_TTA_ACTIVE views= 8 mean_abs_feat_delta= 0.350487\n"}
,{"stream_name":"stdout","time":1621.548059873,"data":"EDGE_TTA_ACTIVE views= 8 mean_abs_feat_delta= 0.358773\n"}
,{"stream_name":"stdout","time":1621.548081661,"data":"EDGE_TTA_ACTIVE views= 8 mean_abs_feat_delta= 0.350487\n"}
,{"stream_name":"stdout","time":1623.317869379,"data":"EDGE_TTA_ACTIVE views= 8 mean_abs_feat_delta= 0.357316\n"}
,{"stream_name":"stdout","time":1623.520494275,"data":"EDGE_TTA_ACTIVE views= 8 mean_abs_feat_delta= 0.357316\n"}
,{"stream_name":"stdout","time":1623.58365787,"data":"EDGE_TTA_ACTIVE views= 8 mean_abs_feat_delta= 0.348036\n"}
,{"stream_name":"stdout","time":1623.786082881,"data":"EDGE_TTA_ACTIVE views= 8 mean_abs_feat_delta= 0.348036\n"}
,{"stream_name":"stdout","time":1625.345128345,"data":"EDGE_TTA_ACTIVE views= 8 mean_abs_feat_delta= 0.358984\n"}
,{"stream_name":"stdout","time":1625.547443992,"data":"EDGE_TTA_ACTIVE views= 8 mean_abs_feat_delta= 0.358984\n"}
,{"stream_name":"stdout","time":1625.769790687,"data":"EDGE_TTA_ACTIVE views= 8 mean_abs_feat_delta= 0.346153\n"}
,{"stream_name":"stdout","time":1625.97251674,"data":"EDGE_TTA_ACTIVE views= 8 mean_abs_feat_delta= 0.346153\n"}
,{"stream_name":"stdout","time":1627.298850146,"data":"EDGE_TTA_ACTIVE views= 8 mean_abs_feat_delta= 0.372369\n"}
,{"stream_name":"stdout","time":1627.501361591,"data":"EDGE_TTA_ACTIVE views= 8 mean_abs_feat_delta= 0.372369\n"}
,{"stream_name":"stdout","time":1627.927632404,"data":"EDGE_TTA_ACTIVE views= 8 mean_abs_feat_delta= 0.343208\n"}
,{"stream_name":"stdout","time":1628.129889322,"data":"EDGE_TTA_ACTIVE views= 8 mean_abs_feat_delta= 0.343208\n"}
,{"stream_name":"stdout","time":1629.250516401,"data":"EDGE_TTA_ACTIVE views= 8 mean_abs_feat_delta= 0.382121\n"}
,{"stream_name":"stdout","time":1629.452877515,"data":"EDGE_TTA_ACTIVE views= 8 mean_abs_feat_delta= 0.382121\n"}
,{"stream_name":"stdout","time":1630.087087912,"data":"EDGE_TTA_ACTIVE views= 8 mean_abs_feat_delta= 0.345655\n"}
,{"stream_name":"stdout","time":1630.289051122,"data":"EDGE_TTA_ACTIVE views= 8 mean_abs_feat_delta= 0.345655\n"}
,{"stream_name":"stdout","time":1631.237507043,"data":"EDGE_TTA_ACTIVE views= 8 mean_abs_feat_delta= 0.389142\n"}
,{"stream_name":"stdout","time":1631.44013655,"data":"EDGE_TTA_ACTIVE views= 8 mean_abs_feat_delta= 0.389142\n"}
,{"stream_name":"stdout","time":1632.318364637,"data":"EDGE_TTA_ACTIVE views= 8 mean_abs_feat_delta= 0.348487\n"}
,{"stream_name":"stdout","time":1632.520894179,"data":"EDGE_TTA_ACTIVE views= 8 mean_abs_feat_delta= 0.348487\n"}
,{"stream_name":"stdout","time":1633.167579273,"data":"EDGE_TTA_ACTIVE views= 8 mean_abs_feat_delta= 0.415695\n"}
,{"stream_name":"stdout","time":1633.303022248,"data":"BIOHUB_RETENTION_GUARD {\"blended_candidates\": 449, \"dataset\": \"44b6_12dfb391\", \"frame\": 35, \"minimum_retention\": 0.9, \"primary_candidates\": 506, \"retention\": 0.8873517786561265, \"use_primary\": true}\n"}
,{"stream_name":"stdout","time":1633.370194535,"data":"EDGE_TTA_ACTIVE views= 8 mean_abs_feat_delta= 0.415695\n"}
,{"stream_name":"stdout","time":1633.370220243,"data":"BIOHUB_RETENTION_GUARD {\"blended_candidates\": 449, \"dataset\": \"44b6_12dfb391\", \"frame\": 35, \"minimum_retention\": 0.9, \"primary_candidates\": 506, \"retention\": 0.8873517786561265, \"use_primary\": true}\n"}
,{"stream_name":"stdout","time":1634.520096147,"data":"EDGE_TTA_ACTIVE views= 8 mean_abs_feat_delta= 0.348239\n"}
,{"stream_name":"stdout","time":1634.723365878,"data":"EDGE_TTA_ACTIVE views= 8 mean_abs_feat_delta= 0.348239\n"}
,{"stream_name":"stdout","time":1635.192540931,"data":"EDGE_TTA_ACTIVE views= 8 mean_abs_feat_delta= 0.401917\n"}
,{"stream_name":"stdout","time":1635.394930906,"data":"EDGE_TTA_ACTIVE views= 8 mean_abs_feat_delta= 0.401917\n"}
,{"stream_name":"stdout","time":1635.51053639,"data":"BIOHUB_RETENTION_GUARD {\"blended_candidates\": 452, \"dataset\": \"44b6_12dfb391\", \"frame\": 36, \"minimum_retention\": 0.9, \"primary_candidates\": 510, \"retention\": 0.8862745098039215, \"use_primary\": true}\n"}
,{"stream_name":"stdout","time":1635.713237754,"data":"BIOHUB_RETENTION_GUARD {\"blended_candidates\": 452, \"dataset\": \"44b6_12dfb391\", \"frame\": 36, \"minimum_retention\": 0.9, \"primary_candidates\": 510, \"retention\": 0.8862745098039215, \"use_primary\": true}\n"}
,{"stream_name":"stdout","time":1636.706464053,"data":"EDGE_TTA_ACTIVE views= 8 mean_abs_feat_delta= 0.347637\n"}
,{"stream_name":"stdout","time":1636.908977751,"data":"EDGE_TTA_ACTIVE views= 8 mean_abs_feat_delta= 0.347637\n"}
,{"stream_name":"stdout","time":1637.186431962,"data":"EDGE_TTA_ACTIVE views= 8 mean_abs_feat_delta= 0.408829\n"}
,{"stream_name":"stdout","time":1637.388887559,"data":"EDGE_TTA_ACTIVE views= 8 mean_abs_feat_delta= 0.408829\n"}
,{"stream_name":"stdout","time":1637.698568474,"data":"BIOHUB_RETENTION_GUARD {\"blended_candidates\": 459, \"dataset\": \"44b6_12dfb391\", \"frame\": 37, \"minimum_retention\": 0.9, \"primary_candidates\": 517, \"retention\": 0.8878143133462283, \"use_primary\": true}\n"}
,{"stream_name":"stdout","time":1637.900912775,"data":"BIOHUB_RETENTION_GUARD {\"blended_candidates\": 459, \"dataset\": \"44b6_12dfb391\", \"frame\": 37, \"minimum_retention\": 0.9, \"primary_candidates\": 517, \"retention\": 0.8878143133462283, \"use_primary\": true}\n"}
,{"stream_name":"stdout","time":1638.930682942,"data":"EDGE_TTA_ACTIVE views= 8 mean_abs_feat_delta= 0.347183\n"}
,{"stream_name":"stdout","time":1639.132902349,"data":"EDGE_TTA_ACTIVE views= 8 mean_abs_feat_delta= 0.347183\n"}
,{"stream_name":"stdout","time":1639.18772691,"data":"EDGE_TTA_ACTIVE views= 8 mean_abs_feat_delta= 0.405254\n"}
,{"stream_name":"stdout","time":1639.389971187,"data":"EDGE_TTA_ACTIVE views= 8 mean_abs_feat_delta= 0.405254\n"}
,{"stream_name":"stdout","time":1641.133442256,"data":"EDGE_TTA_ACTIVE views= 8 mean_abs_feat_delta= 0.414187\n"}
,{"stream_name":"stdout","time":1641.152891018,"data":"EDGE_TTA_ACTIVE views= 8 mean_abs_feat_delta= 0.347762\n"}
,{"stream_name":"stdout","time":1641.379767674,"data":"EDGE_TTA_ACTIVE views= 8 mean_abs_feat_delta= 0.414187\n"}
,{"stream_name":"stdout","time":1641.379789051,"data":"EDGE_TTA_ACTIVE views= 8 mean_abs_feat_delta= 0.347762\n"}
,{"stream_name":"stdout","time":1643.106380214,"data":"EDGE_TTA_ACTIVE views= 8 mean_abs_feat_delta= 0.407156\n"}
,{"stream_name":"stdout","time":1643.308916076,"data":"EDGE_TTA_ACTIVE views= 8 mean_abs_feat_delta= 0.407156\n"}
,{"stream_name":"stdout","time":1643.348152938,"data":"EDGE_TTA_ACTIVE views= 8 mean_abs_feat_delta= 0.349684\n"}
,{"stream_name":"stdout","time":1643.550226055,"data":"EDGE_TTA_ACTIVE views= 8 mean_abs_feat_delta= 0.349684\n"}
,{"stream_name":"stdout","time":1645.089845305,"data":"EDGE_TTA_ACTIVE views= 8 mean_abs_feat_delta= 0.390532\n"}
,{"stream_name":"stdout","time":1645.292364286,"data":"EDGE_TTA_ACTIVE views= 8 mean_abs_feat_delta= 0.390532\n"}
,{"stream_name":"stdout","time":1645.614448891,"data":"EDGE_TTA_ACTIVE views= 8 mean_abs_feat_delta= 0.352443\n"}
,{"stream_name":"stdout","time":1645.816683819,"data":"EDGE_TTA_ACTIVE views= 8 mean_abs_feat_delta= 0.352443\n"}
,{"stream_name":"stdout","time":1647.068437134,"data":"EDGE_TTA_ACTIVE views= 8 mean_abs_feat_delta= 0.375064\n"}
,{"stream_name":"stdout","time":1647.270852981,"data":"EDGE_TTA_ACTIVE views= 8 mean_abs_feat_delta= 0.375064\n"}
,{"stream_name":"stdout","time":1647.815486169,"data":"EDGE_TTA_ACTIVE views= 8 mean_abs_feat_delta= 0.352904\n"}
,{"stream_name":"stdout","time":1648.018270162,"data":"EDGE_TTA_ACTIVE views= 8 mean_abs_feat_delta= 0.352904\n"}
,{"stream_name":"stdout","time":1649.055324113,"data":"EDGE_TTA_ACTIVE views= 8 mean_abs_feat_delta= 0.357722\n"}
,{"stream_name":"stdout","time":1649.257645589,"data":"EDGE_TTA_ACTIVE views= 8 mean_abs_feat_delta= 0.357722\n"}
,{"stream_name":"stdout","time":1650.061140204,"data":"EDGE_TTA_ACTIVE views= 8 mean_abs_feat_delta= 0.355994\n"}
,{"stream_name":"stdout","time":1650.263871197,"data":"EDGE_TTA_ACTIVE views= 8 mean_abs_feat_delta= 0.355994\n"}
,{"stream_name":"stdout","time":1651.046439874,"data":"EDGE_TTA_ACTIVE views= 8 mean_abs_feat_delta= 0.377175\n"}
,{"stream_name":"stdout","time":1651.248794791,"data":"EDGE_TTA_ACTIVE views= 8 mean_abs_feat_delta= 0.377175\n"}
,{"stream_name":"stdout","time":1652.30017531,"data":"EDGE_TTA_ACTIVE views= 8 mean_abs_feat_delta= 0.362223\n"}
,{"stream_name":"stdout","time":1652.502744142,"data":"EDGE_TTA_ACTIVE views= 8 mean_abs_feat_delta= 0.362223\n"}
,{"stream_name":"stdout","time":1653.059139076,"data":"EDGE_TTA_ACTIVE views= 8 mean_abs_feat_delta= 0.370458\n"}
,{"stream_name":"stdout","time":1653.261646038,"data":"EDGE_TTA_ACTIVE views= 8 mean_abs_feat_delta= 0.370458\n"}
,{"stream_name":"stdout","time":1654.572928614,"data":"EDGE_TTA_ACTIVE views= 8 mean_abs_feat_delta= 0.364163\n"}
,{"stream_name":"stdout","time":1654.775417782,"data":"EDGE_TTA_ACTIVE views= 8 mean_abs_feat_delta= 0.364163\n"}
,{"stream_name":"stdout","time":1655.03740357,"data":"EDGE_TTA_ACTIVE views= 8 mean_abs_feat_delta= 0.358848\n"}
,{"stream_name":"stdout","time":1655.239778117,"data":"EDGE_TTA_ACTIVE views= 8 mean_abs_feat_delta= 0.358848\n"}
,{"stream_name":"stdout","time":1656.769356396,"data":"EDGE_TTA_ACTIVE views= 8 mean_abs_feat_delta= 0.360264\n"}
,{"stream_name":"stdout","time":1656.971748158,"data":"EDGE_TTA_ACTIVE views= 8 mean_abs_feat_delta= 0.360264\n"}
,{"stream_name":"stdout","time":1657.07020314,"data":"EDGE_TTA_ACTIVE views= 8 mean_abs_feat_delta= 0.382742\n"}
,{"stream_name":"stdout","time":1657.272695409,"data":"EDGE_TTA_ACTIVE views= 8 mean_abs_feat_delta= 0.382742\n"}
,{"stream_name":"stdout","time":1659.008076731,"data":"EDGE_TTA_ACTIVE views= 8 mean_abs_feat_delta= 0.356608\n"}
,{"stream_name":"stdout","time":1659.164124735,"data":"EDGE_TTA_ACTIVE views= 8 mean_abs_feat_delta= 0.415987\n"}
,{"stream_name":"stdout","time":1659.210503808,"data":"EDGE_TTA_ACTIVE views= 8 mean_abs_feat_delta= 0.356608\n"}
,{"stream_name":"stdout","time":1659.210531131,"data":"EDGE_TTA_ACTIVE views= 8 mean_abs_feat_delta= 0.415987\n"}
,{"stream_name":"stdout","time":1661.179842289,"data":"EDGE_TTA_ACTIVE views= 8 mean_abs_feat_delta= 0.378636\n"}
,{"stream_name":"stdout","time":1661.275738508,"data":"EDGE_TTA_ACTIVE views= 8 mean_abs_feat_delta= 0.354367\n"}
,{"stream_name":"stdout","time":1661.38240549,"data":"EDGE_TTA_ACTIVE views= 8 mean_abs_feat_delta= 0.378636\n"}
,{"stream_name":"stdout","time":1661.382467355,"data":"EDGE_TTA_ACTIVE views= 8 mean_abs_feat_delta= 0.354367\n"}
,{"stream_name":"stdout","time":1663.157686714,"data":"EDGE_TTA_ACTIVE views= 8 mean_abs_feat_delta= 0.374978\n"}
,{"stream_name":"stdout","time":1663.360175878,"data":"EDGE_TTA_ACTIVE views= 8 mean_abs_feat_delta= 0.374978\n"}
,{"stream_name":"stdout","time":1663.514211673,"data":"EDGE_TTA_ACTIVE views= 8 mean_abs_feat_delta= 0.354144\n"}
,{"stream_name":"stdout","time":1663.716561353,"data":"EDGE_TTA_ACTIVE views= 8 mean_abs_feat_delta= 0.354144\n"}
,{"stream_name":"stdout","time":1665.184578087,"data":"EDGE_TTA_ACTIVE views= 8 mean_abs_feat_delta= 0.383634\n"}
,{"stream_name":"stdout","time":1665.387025813,"data":"EDGE_TTA_ACTIVE views= 8 mean_abs_feat_delta= 0.383634\n"}
,{"stream_name":"stdout","time":1665.737715196,"data":"EDGE_TTA_ACTIVE views= 8 mean_abs_feat_delta= 0.352179\n"}
,{"stream_name":"stdout","time":1665.940366983,"data":"EDGE_TTA_ACTIVE views= 8 mean_abs_feat_delta= 0.352179\n"}
,{"stream_name":"stdout","time":1667.256361442,"data":"EDGE_TTA_ACTIVE views= 8 mean_abs_feat_delta= 0.382868\n"}
,{"stream_name":"stdout","time":1667.459108928,"data":"EDGE_TTA_ACTIVE views= 8 mean_abs_feat_delta= 0.382868\n"}
,{"stream_name":"stdout","time":1668.044108099,"data":"EDGE_TTA_ACTIVE views= 8 mean_abs_feat_delta= 0.354896\n"}
,{"stream_name":"stdout","time":1668.246961411,"data":"EDGE_TTA_ACTIVE views= 8 mean_abs_feat_delta= 0.354896\n"}
,{"stream_name":"stdout","time":1669.285738409,"data":"EDGE_TTA_ACTIVE views= 8 mean_abs_feat_delta= 0.371306\n"}
,{"stream_name":"stdout","time":1669.488119838,"data":"EDGE_TTA_ACTIVE views= 8 mean_abs_feat_delta= 0.371306\n"}
,{"stream_name":"stdout","time":1670.358622994,"data":"EDGE_TTA_ACTIVE views= 8 mean_abs_feat_delta= 0.350365\n"}
,{"stream_name":"stdout","time":1670.561365544,"data":"EDGE_TTA_ACTIVE views= 8 mean_abs_feat_delta= 0.350365\n"}
,{"stream_name":"stdout","time":1671.310479204,"data":"EDGE_TTA_ACTIVE views= 8 mean_abs_feat_delta= 0.370302\n"}
,{"stream_name":"stdout","time":1671.549601004,"data":"EDGE_TTA_ACTIVE views= 8 mean_abs_feat_delta= 0.370302\n"}
,{"stream_name":"stdout","time":1672.66052325,"data":"EDGE_TTA_ACTIVE views= 8 mean_abs_feat_delta= 0.347874\n"}
,{"stream_name":"stdout","time":1672.86314545,"data":"EDGE_TTA_ACTIVE views= 8 mean_abs_feat_delta= 0.347874\n"}
,{"stream_name":"stdout","time":1673.336368137,"data":"EDGE_TTA_ACTIVE views= 8 mean_abs_feat_delta= 0.37583\n"}
,{"stream_name":"stdout","time":1673.538855302,"data":"EDGE_TTA_ACTIVE views= 8 mean_abs_feat_delta= 0.37583\n"}
,{"stream_name":"stdout","time":1674.947973054,"data":"EDGE_TTA_ACTIVE views= 8 mean_abs_feat_delta= 0.349339\n"}
,{"stream_name":"stdout","time":1675.146699525,"data":"EDGE_TTA_ACTIVE views= 8 mean_abs_feat_delta= 0.349339\n"}
,{"stream_name":"stdout","time":1675.328902455,"data":"EDGE_TTA_ACTIVE views= 8 mean_abs_feat_delta= 0.368756\n"}
,{"stream_name":"stdout","time":1675.531365535,"data":"EDGE_TTA_ACTIVE views= 8 mean_abs_feat_delta= 0.368756\n"}
,{"stream_name":"stdout","time":1677.196917934,"data":"EDGE_TTA_ACTIVE views= 8 mean_abs_feat_delta= 0.350442\n"}
,{"stream_name":"stdout","time":1677.343254865,"data":"EDGE_TTA_ACTIVE views= 8 mean_abs_feat_delta= 0.352766\n"}
,{"stream_name":"stdout","time":1677.399378501,"data":"EDGE_TTA_ACTIVE views= 8 mean_abs_feat_delta= 0.350442\n"}
,{"stream_name":"stdout","time":1677.39941764,"data":"EDGE_TTA_ACTIVE views= 8 mean_abs_feat_delta= 0.352766\n"}
,{"stream_name":"stdout","time":1678.22455477,"data":"BIOHUB_RETENTION_GUARD {\"blended_candidates\": 471, \"dataset\": \"44b6_12dfb391\", \"frame\": 55, \"minimum_retention\": 0.9, \"primary_candidates\": 525, \"retention\": 0.8971428571428571, \"use_primary\": true}\n"}
,{"stream_name":"stdout","time":1678.427105599,"data":"BIOHUB_RETENTION_GUARD {\"blended_candidates\": 471, \"dataset\": \"44b6_12dfb391\", \"frame\": 55, \"minimum_retention\": 0.9, \"primary_candidates\": 525, \"retention\": 0.8971428571428571, \"use_primary\": true}\n"}
,{"stream_name":"stdout","time":1679.378461769,"data":"EDGE_TTA_ACTIVE views= 8 mean_abs_feat_delta= 0.366005\n"}
,{"stream_name":"stdout","time":1679.521776265,"data":"EDGE_TTA_ACTIVE views= 8 mean_abs_feat_delta= 0.350606\n"}
,{"stream_name":"stdout","time":1679.58089662,"data":"EDGE_TTA_ACTIVE views= 8 mean_abs_feat_delta= 0.366005\n"}
,{"stream_name":"stdout","time":1679.580920133,"data":"EDGE_TTA_ACTIVE views= 8 mean_abs_feat_delta= 0.350606\n"}
,{"stream_name":"stdout","time":1680.542183078,"data":"BIOHUB_RETENTION_GUARD {\"blended_candidates\": 466, \"dataset\": \"44b6_12dfb391\", \"frame\": 56, \"minimum_retention\": 0.9, \"primary_candidates\": 529, \"retention\": 0.8809073724007561, \"use_primary\": true}\n"}
,{"stream_name":"stdout","time":1680.744681813,"data":"BIOHUB_RETENTION_GUARD {\"blended_candidates\": 466, \"dataset\": \"44b6_12dfb391\", \"frame\": 56, \"minimum_retention\": 0.9, \"primary_candidates\": 529, \"retention\": 0.8809073724007561, \"use_primary\": true}\n"}
,{"stream_name":"stdout","time":1681.429490385,"data":"EDGE_TTA_ACTIVE views= 8 mean_abs_feat_delta= 0.365954\n"}
,{"stream_name":"stdout","time":1681.631714375,"data":"EDGE_TTA_ACTIVE views= 8 mean_abs_feat_delta= 0.365954\n"}
,{"stream_name":"stdout","time":1681.744441892,"data":"EDGE_TTA_ACTIVE views= 8 mean_abs_feat_delta= 0.351002\n"}
,{"stream_name":"stdout","time":1681.948674828,"data":"EDGE_TTA_ACTIVE views= 8 mean_abs_feat_delta= 0.351002\n"}
,{"stream_name":"stdout","time":1682.763663729,"data":"BIOHUB_RETENTION_GUARD {\"blended_candidates\": 463, \"dataset\": \"44b6_12dfb391\", \"frame\": 57, \"minimum_retention\": 0.9, \"primary_candidates\": 525, \"retention\": 0.8819047619047619, \"use_primary\": true}\n"}
,{"stream_name":"stdout","time":1682.966212806,"data":"BIOHUB_RETENTION_GUARD {\"blended_candidates\": 463, \"dataset\": \"44b6_12dfb391\", \"frame\": 57, \"minimum_retention\": 0.9, \"primary_candidates\": 525, \"retention\": 0.8819047619047619, \"use_primary\": true}\n"}
,{"stream_name":"stdout","time":1683.481026418,"data":"EDGE_TTA_ACTIVE views= 8 mean_abs_feat_delta= 0.362198\n"}
,{"stream_name":"stdout","time":1683.683645017,"data":"EDGE_TTA_ACTIVE views= 8 mean_abs_feat_delta= 0.362198\n"}
,{"stream_name":"stdout","time":1684.064957985,"data":"EDGE_TTA_ACTIVE views= 8 mean_abs_feat_delta= 0.351435\n"}
,{"stream_name":"stdout","time":1684.26758376,"data":"EDGE_TTA_ACTIVE views= 8 mean_abs_feat_delta= 0.351435\n"}
,{"stream_name":"stdout","time":1685.083869582,"data":"BIOHUB_RETENTION_GUARD {\"blended_candidates\": 462, \"dataset\": \"44b6_12dfb391\", \"frame\": 58, \"minimum_retention\": 0.9, \"primary_candidates\": 524, \"retention\": 0.8816793893129771, \"use_primary\": true}\n"}
,{"stream_name":"stdout","time":1685.28586793,"data":"BIOHUB_RETENTION_GUARD {\"blended_candidates\": 462, \"dataset\": \"44b6_12dfb391\", \"frame\": 58, \"minimum_retention\": 0.9, \"primary_candidates\": 524, \"retention\": 0.8816793893129771, \"use_primary\": true}\n"}
,{"stream_name":"stdout","time":1685.536859522,"data":"EDGE_TTA_ACTIVE views= 8 mean_abs_feat_delta= 0.35614\n"}
,{"stream_name":"stdout","time":1685.739505241,"data":"EDGE_TTA_ACTIVE views= 8 mean_abs_feat_delta= 0.35614\n"}
,{"stream_name":"stdout","time":1686.374189614,"data":"EDGE_TTA_ACTIVE views= 8 mean_abs_feat_delta= 0.350102\n"}
,{"stream_name":"stdout","time":1686.576494442,"data":"EDGE_TTA_ACTIVE views= 8 mean_abs_feat_delta= 0.350102\n"}
,{"stream_name":"stdout","time":1687.387915024,"data":"BIOHUB_RETENTION_GUARD {\"blended_candidates\": 458, \"dataset\": \"44b6_12dfb391\", \"frame\": 59, \"minimum_retention\": 0.9, \"primary_candidates\": 532, \"retention\": 0.8609022556390977, \"use_primary\": true}\n"}
,{"stream_name":"stdout","time":1687.583418676,"data":"EDGE_TTA_ACTIVE views= 8 mean_abs_feat_delta= 0.360441\n"}
,{"stream_name":"stdout","time":1687.590417922,"data":"BIOHUB_RETENTION_GUARD {\"blended_candidates\": 458, \"dataset\": \"44b6_12dfb391\", \"frame\": 59, \"minimum_retention\": 0.9, \"primary_candidates\": 532, \"retention\": 0.8609022556390977, \"use_primary\": true}\n"}
,{"stream_name":"stdout","time":1687.590444823,"data":"EDGE_TTA_ACTIVE views= 8 mean_abs_feat_delta= 0.360441\n"}
,{"stream_name":"stdout","time":1688.621616334,"data":"EDGE_TTA_ACTIVE views= 8 mean_abs_feat_delta= 0.347603\n"}
,{"stream_name":"stdout","time":1688.824039046,"data":"EDGE_TTA_ACTIVE views= 8 mean_abs_feat_delta= 0.347603\n"}
,{"stream_name":"stdout","time":1689.60816841,"data":"EDGE_TTA_ACTIVE views= 8 mean_abs_feat_delta= 0.346937\n"}
,{"stream_name":"stdout","time":1689.810518062,"data":"EDGE_TTA_ACTIVE views= 8 mean_abs_feat_delta= 0.346937\n"}
,{"stream_name":"stdout","time":1690.878982295,"data":"EDGE_TTA_ACTIVE views= 8 mean_abs_feat_delta= 0.347903\n"}
,{"stream_name":"stdout","time":1691.081461915,"data":"EDGE_TTA_ACTIVE views= 8 mean_abs_feat_delta= 0.347903\n"}
,{"stream_name":"stdout","time":1691.628537242,"data":"EDGE_TTA_ACTIVE views= 8 mean_abs_feat_delta= 0.351835\n"}
,{"stream_name":"stdout","time":1691.83083768,"data":"EDGE_TTA_ACTIVE views= 8 mean_abs_feat_delta= 0.351835\n"}
,{"stream_name":"stdout","time":1691.887883582,"data":"BIOHUB_RETENTION_GUARD {\"blended_candidates\": 462, \"dataset\": \"44b6_12dfb391\", \"frame\": 61, \"minimum_retention\": 0.9, \"primary_candidates\": 543, \"retention\": 0.850828729281768, \"use_primary\": true}\n"}
,{"stream_name":"stdout","time":1692.090396996,"data":"BIOHUB_RETENTION_GUARD {\"blended_candidates\": 462, \"dataset\": \"44b6_12dfb391\", \"frame\": 61, \"minimum_retention\": 0.9, \"primary_candidates\": 543, \"retention\": 0.850828729281768, \"use_primary\": true}\n"}
,{"stream_name":"stdout","time":1693.101465972,"data":"EDGE_TTA_ACTIVE views= 8 mean_abs_feat_delta= 0.346794\n"}
,{"stream_name":"stdout","time":1693.303878225,"data":"EDGE_TTA_ACTIVE views= 8 mean_abs_feat_delta= 0.346794\n"}
,{"stream_name":"stdout","time":1693.653895076,"data":"EDGE_TTA_ACTIVE views= 8 mean_abs_feat_delta= 0.354093\n"}
,{"stream_name":"stdout","time":1693.856446122,"data":"EDGE_TTA_ACTIVE views= 8 mean_abs_feat_delta= 0.354093\n"}
,{"stream_name":"stdout","time":1695.331636061,"data":"EDGE_TTA_ACTIVE views= 8 mean_abs_feat_delta= 0.347265\n"}
,{"stream_name":"stdout","time":1695.534137611,"data":"EDGE_TTA_ACTIVE views= 8 mean_abs_feat_delta= 0.347265\n"}
,{"stream_name":"stdout","time":1695.708366252,"data":"EDGE_TTA_ACTIVE views= 8 mean_abs_feat_delta= 0.359817\n"}
,{"stream_name":"stdout","time":1695.910851584,"data":"EDGE_TTA_ACTIVE views= 8 mean_abs_feat_delta= 0.359817\n"}
,{"stream_name":"stdout","time":1696.341534313,"data":"BIOHUB_RETENTION_GUARD {\"blended_candidates\": 491, \"dataset\": \"44b6_12dfb391\", \"frame\": 63, \"minimum_retention\": 0.9, \"primary_candidates\": 548, \"retention\": 0.8959854014598541, \"use_primary\": true}\n"}
,{"stream_name":"stdout","time":1696.543719958,"data":"BIOHUB_RETENTION_GUARD {\"blended_candidates\": 491, \"dataset\": \"44b6_12dfb391\", \"frame\": 63, \"minimum_retention\": 0.9, \"primary_candidates\": 548, \"retention\": 0.8959854014598541, \"use_primary\": true}\n"}
,{"stream_name":"stdout","time":1697.589830306,"data":"EDGE_TTA_ACTIVE views= 8 mean_abs_feat_delta= 0.354895\n"}
,{"stream_name":"stdout","time":1697.728350421,"data":"EDGE_TTA_ACTIVE views= 8 mean_abs_feat_delta= 0.357588\n"}
,{"stream_name":"stdout","time":1697.791866654,"data":"EDGE_TTA_ACTIVE views= 8 mean_abs_feat_delta= 0.354895\n"}
,{"stream_name":"stdout","time":1697.791886487,"data":"EDGE_TTA_ACTIVE views= 8 mean_abs_feat_delta= 0.357588\n"}
,{"stream_name":"stdout","time":1699.726425359,"data":"EDGE_TTA_ACTIVE views= 8 mean_abs_feat_delta= 0.349183\n"}
,{"stream_name":"stdout","time":1699.814774799,"data":"EDGE_TTA_ACTIVE views= 8 mean_abs_feat_delta= 0.354989\n"}
,{"stream_name":"stdout","time":1699.928668622,"data":"EDGE_TTA_ACTIVE views= 8 mean_abs_feat_delta= 0.349183\n"}
,{"stream_name":"stdout","time":1699.928701359,"data":"EDGE_TTA_ACTIVE views= 8 mean_abs_feat_delta= 0.354989\n"}
,{"stream_name":"stdout","time":1701.769516064,"data":"EDGE_TTA_ACTIVE views= 8 mean_abs_feat_delta= 0.36472\n"}
,{"stream_name":"stdout","time":1702.024788185,"data":"EDGE_TTA_ACTIVE views= 8 mean_abs_feat_delta= 0.36472\n"}
,{"stream_name":"stdout","time":1702.101322076,"data":"EDGE_TTA_ACTIVE views= 8 mean_abs_feat_delta= 0.351351\n"}
,{"stream_name":"stdout","time":1702.30394332,"data":"EDGE_TTA_ACTIVE views= 8 mean_abs_feat_delta= 0.351351\n"}
,{"stream_name":"stdout","time":1703.815232494,"data":"EDGE_TTA_ACTIVE views= 8 mean_abs_feat_delta= 0.367291\n"}
,{"stream_name":"stdout","time":1704.017951057,"data":"EDGE_TTA_ACTIVE views= 8 mean_abs_feat_delta= 0.367291\n"}
,{"stream_name":"stdout","time":1704.409398972,"data":"EDGE_TTA_ACTIVE views= 8 mean_abs_feat_delta= 0.35502\n"}
,{"stream_name":"stdout","time":1704.611788717,"data":"EDGE_TTA_ACTIVE views= 8 mean_abs_feat_delta= 0.35502\n"}
,{"stream_name":"stdout","time":1705.8916235679999,"data":"EDGE_TTA_ACTIVE views= 8 mean_abs_feat_delta= 0.353095\n"}
,{"stream_name":"stdout","time":1706.094074715,"data":"EDGE_TTA_ACTIVE views= 8 mean_abs_feat_delta= 0.353095\n"}
,{"stream_name":"stdout","time":1706.679377152,"data":"EDGE_TTA_ACTIVE views= 8 mean_abs_feat_delta= 0.359205\n"}
,{"stream_name":"stdout","time":1706.881648964,"data":"EDGE_TTA_ACTIVE views= 8 mean_abs_feat_delta= 0.359205\n"}
,{"stream_name":"stdout","time":1707.68322509,"data":"BIOHUB_RETENTION_GUARD {\"blended_candidates\": 500, \"dataset\": \"44b6_12dfb391\", \"frame\": 68, \"minimum_retention\": 0.9, \"primary_candidates\": 560, \"retention\": 0.8928571428571429, \"use_primary\": true}\n"}
,{"stream_name":"stdout","time":1707.885604418,"data":"BIOHUB_RETENTION_GUARD {\"blended_candidates\": 500, \"dataset\": \"44b6_12dfb391\", \"frame\": 68, \"minimum_retention\": 0.9, \"primary_candidates\": 560, \"retention\": 0.8928571428571429, \"use_primary\": true}\n"}
,{"stream_name":"stdout","time":1707.918048706,"data":"EDGE_TTA_ACTIVE views= 8 mean_abs_feat_delta= 0.338254\n"}
,{"stream_name":"stdout","time":1708.12055882,"data":"EDGE_TTA_ACTIVE views= 8 mean_abs_feat_delta= 0.338254\n"}
,{"stream_name":"stdout","time":1708.958955307,"data":"EDGE_TTA_ACTIVE views= 8 mean_abs_feat_delta= 0.360613\n"}
,{"stream_name":"stdout","time":1709.161307621,"data":"EDGE_TTA_ACTIVE views= 8 mean_abs_feat_delta= 0.360613\n"}
,{"stream_name":"stdout","time":1709.909471997,"data":"EDGE_TTA_ACTIVE views= 8 mean_abs_feat_delta= 0.335377\n"}
,{"stream_name":"stdout","time":1709.956035574,"data":"BIOHUB_RETENTION_GUARD {\"blended_candidates\": 482, \"dataset\": \"44b6_12dfb391\", \"frame\": 69, \"minimum_retention\": 0.9, \"primary_candidates\": 570, \"retention\": 0.8456140350877193, \"use_primary\": true}\n"}
,{"stream_name":"stdout","time":1710.111763341,"data":"EDGE_TTA_ACTIVE views= 8 mean_abs_feat_delta= 0.335377\n"}
,{"stream_name":"stdout","time":1710.111792687,"data":"BIOHUB_RETENTION_GUARD {\"blended_candidates\": 482, \"dataset\": \"44b6_12dfb391\", \"frame\": 69, \"minimum_retention\": 0.9, \"primary_candidates\": 570, \"retention\": 0.8456140350877193, \"use_primary\": true}\n"}
,{"stream_name":"stdout","time":1711.25968483,"data":"EDGE_TTA_ACTIVE views= 8 mean_abs_feat_delta= 0.361421\n"}
,{"stream_name":"stdout","time":1711.462139488,"data":"EDGE_TTA_ACTIVE views= 8 mean_abs_feat_delta= 0.361421\n"}
,{"stream_name":"stdout","time":1711.9588901,"data":"EDGE_TTA_ACTIVE views= 8 mean_abs_feat_delta= 0.332103\n"}
,{"stream_name":"stdout","time":1712.161602818,"data":"EDGE_TTA_ACTIVE views= 8 mean_abs_feat_delta= 0.332103\n"}
,{"stream_name":"stdout","time":1712.251890987,"data":"BIOHUB_RETENTION_GUARD {\"blended_candidates\": 471, \"dataset\": \"44b6_12dfb391\", \"frame\": 70, \"minimum_retention\": 0.9, \"primary_candidates\": 545, \"retention\": 0.8642201834862385, \"use_primary\": true}\n"}
,{"stream_name":"stdout","time":1712.454008135,"data":"BIOHUB_RETENTION_GUARD {\"blended_candidates\": 471, \"dataset\": \"44b6_12dfb391\", \"frame\": 70, \"minimum_retention\": 0.9, \"primary_candidates\": 545, \"retention\": 0.8642201834862385, \"use_primary\": true}\n"}
,{"stream_name":"stdout","time":1713.541303653,"data":"EDGE_TTA_ACTIVE views= 8 mean_abs_feat_delta= 0.357184\n"}
,{"stream_name":"stdout","time":1713.743756969,"data":"EDGE_TTA_ACTIVE views= 8 mean_abs_feat_delta= 0.357184\n"}
,{"stream_name":"stdout","time":1713.960573699,"data":"EDGE_TTA_ACTIVE views= 8 mean_abs_feat_delta= 0.336056\n"}
,{"stream_name":"stdout","time":1714.163029726,"data":"EDGE_TTA_ACTIVE views= 8 mean_abs_feat_delta= 0.336056\n"}
,{"stream_name":"stdout","time":1714.538566917,"data":"BIOHUB_RETENTION_GUARD {\"blended_candidates\": 488, \"dataset\": \"44b6_12dfb391\", \"frame\": 71, \"minimum_retention\": 0.9, \"primary_candidates\": 555, \"retention\": 0.8792792792792793, \"use_primary\": true}\n"}
,{"stream_name":"stdout","time":1714.741129623,"data":"BIOHUB_RETENTION_GUARD {\"blended_candidates\": 488, \"dataset\": \"44b6_12dfb391\", \"frame\": 71, \"minimum_retention\": 0.9, \"primary_candidates\": 555, \"retention\": 0.8792792792792793, \"use_primary\": true}\n"}
,{"stream_name":"stdout","time":1715.833403781,"data":"EDGE_TTA_ACTIVE views= 8 mean_abs_feat_delta= 0.360613\n"}
,{"stream_name":"stdout","time":1716.03148825,"data":"EDGE_TTA_ACTIVE views= 8 mean_abs_feat_delta= 0.338817\n"}
,{"stream_name":"stdout","time":1716.036111696,"data":"EDGE_TTA_ACTIVE views= 8 mean_abs_feat_delta= 0.360613\n"}
,{"stream_name":"stdout","time":1716.036133891,"data":"EDGE_TTA_ACTIVE views= 8 mean_abs_feat_delta= 0.338817\n"}
,{"stream_name":"stdout","time":1716.831907728,"data":"BIOHUB_RETENTION_GUARD {\"blended_candidates\": 487, \"dataset\": \"44b6_12dfb391\", \"frame\": 72, \"minimum_retention\": 0.9, \"primary_candidates\": 555, \"retention\": 0.8774774774774775, \"use_primary\": true}\n"}
,{"stream_name":"stdout","time":1717.034386682,"data":"BIOHUB_RETENTION_GUARD {\"blended_candidates\": 487, \"dataset\": \"44b6_12dfb391\", \"frame\": 72, \"minimum_retention\": 0.9, \"primary_candidates\": 555, \"retention\": 0.8774774774774775, \"use_primary\": true}\n"}
,{"stream_name":"stdout","time":1718.018726668,"data":"EDGE_TTA_ACTIVE views= 8 mean_abs_feat_delta= 0.334961\n"}
,{"stream_name":"stdout","time":1718.142186447,"data":"EDGE_TTA_ACTIVE views= 8 mean_abs_feat_delta= 0.361988\n"}
,{"stream_name":"stdout","time":1718.221241978,"data":"EDGE_TTA_ACTIVE views= 8 mean_abs_feat_delta= 0.334961\n"}
,{"stream_name":"stdout","time":1718.22130676,"data":"EDGE_TTA_ACTIVE views= 8 mean_abs_feat_delta= 0.361988\n"}
,{"stream_name":"stdout","time":1720.094218284,"data":"EDGE_TTA_ACTIVE views= 8 mean_abs_feat_delta= 0.344979\n"}
,{"stream_name":"stdout","time":1720.296646386,"data":"EDGE_TTA_ACTIVE views= 8 mean_abs_feat_delta= 0.344979\n"}
,{"stream_name":"stdout","time":1720.416186013,"data":"EDGE_TTA_ACTIVE views= 8 mean_abs_feat_delta= 0.361343\n"}
,{"stream_name":"stdout","time":1720.618597527,"data":"EDGE_TTA_ACTIVE views= 8 mean_abs_feat_delta= 0.361343\n"}
,{"stream_name":"stdout","time":1721.416416994,"data":"BIOHUB_RETENTION_GUARD {\"blended_candidates\": 504, \"dataset\": \"44b6_12dfb391\", \"frame\": 74, \"minimum_retention\": 0.9, \"primary_candidates\": 564, \"retention\": 0.8936170212765957, \"use_primary\": true}\n"}
,{"stream_name":"stdout","time":1721.618826428,"data":"BIOHUB_RETENTION_GUARD {\"blended_candidates\": 504, \"dataset\": \"44b6_12dfb391\", \"frame\": 74, \"minimum_retention\": 0.9, \"primary_candidates\": 564, \"retention\": 0.8936170212765957, \"use_primary\": true}\n"}
,{"stream_name":"stdout","time":1722.149714067,"data":"EDGE_TTA_ACTIVE views= 8 mean_abs_feat_delta= 0.347989\n"}
,{"stream_name":"stdout","time":1722.352103333,"data":"EDGE_TTA_ACTIVE views= 8 mean_abs_feat_delta= 0.347989\n"}
,{"stream_name":"stdout","time":1722.685401092,"data":"EDGE_TTA_ACTIVE views= 8 mean_abs_feat_delta= 0.364735\n"}
,{"stream_name":"stdout","time":1722.887612603,"data":"EDGE_TTA_ACTIVE views= 8 mean_abs_feat_delta= 0.364735\n"}
,{"stream_name":"stdout","time":1723.682418992,"data":"BIOHUB_RETENTION_GUARD {\"blended_candidates\": 468, \"dataset\": \"44b6_12dfb391\", \"frame\": 75, \"minimum_retention\": 0.9, \"primary_candidates\": 565, \"retention\": 0.8283185840707965, \"use_primary\": true}\n"}
,{"stream_name":"stdout","time":1723.885080597,"data":"BIOHUB_RETENTION_GUARD {\"blended_candidates\": 468, \"dataset\": \"44b6_12dfb391\", \"frame\": 75, \"minimum_retention\": 0.9, \"primary_candidates\": 565, \"retention\": 0.8283185840707965, \"use_primary\": true}\n"}
,{"stream_name":"stdout","time":1724.181672268,"data":"EDGE_TTA_ACTIVE views= 8 mean_abs_feat_delta= 0.350829\n"}
,{"stream_name":"stdout","time":1724.384257143,"data":"EDGE_TTA_ACTIVE views= 8 mean_abs_feat_delta= 0.350829\n"}
,{"stream_name":"stdout","time":1725.007788659,"data":"EDGE_TTA_ACTIVE views= 8 mean_abs_feat_delta= 0.359082\n"}
,{"stream_name":"stdout","time":1725.210080092,"data":"EDGE_TTA_ACTIVE views= 8 mean_abs_feat_delta= 0.359082\n"}
,{"stream_name":"stdout","time":1726.004183345,"data":"BIOHUB_RETENTION_GUARD {\"blended_candidates\": 507, \"dataset\": \"44b6_12dfb391\", \"frame\": 76, \"minimum_retention\": 0.9, \"primary_candidates\": 579, \"retention\": 0.8756476683937824, \"use_primary\": true}\n"}
,{"stream_name":"stdout","time":1726.205393501,"data":"EDGE_TTA_ACTIVE views= 8 mean_abs_feat_delta= 0.344987\n"}
,{"stream_name":"stdout","time":1726.206606529,"data":"BIOHUB_RETENTION_GUARD {\"blended_candidates\": 507, \"dataset\": \"44b6_12dfb391\", \"frame\": 76, \"minimum_retention\": 0.9, \"primary_candidates\": 579, \"retention\": 0.8756476683937824, \"use_primary\": true}\n"}
,{"stream_name":"stdout","time":1726.407665577,"data":"EDGE_TTA_ACTIVE views= 8 mean_abs_feat_delta= 0.344987\n"}
,{"stream_name":"stdout","time":1727.239145859,"data":"EDGE_TTA_ACTIVE views= 8 mean_abs_feat_delta= 0.356314\n"}
,{"stream_name":"stdout","time":1727.441658946,"data":"EDGE_TTA_ACTIVE views= 8 mean_abs_feat_delta= 0.356314\n"}
,{"stream_name":"stdout","time":1728.236474853,"data":"BIOHUB_RETENTION_GUARD {\"blended_candidates\": 503, \"dataset\": \"44b6_12dfb391\", \"frame\": 77, \"minimum_retention\": 0.9, \"primary_candidates\": 582, \"retention\": 0.8642611683848798, \"use_primary\": true}\n"}
,{"stream_name":"stdout","time":1728.273856528,"data":"EDGE_TTA_ACTIVE views= 8 mean_abs_feat_delta= 0.329788\n"}
,{"stream_name":"stdout","time":1728.438896318,"data":"BIOHUB_RETENTION_GUARD {\"blended_candidates\": 503, \"dataset\": \"44b6_12dfb391\", \"frame\": 77, \"minimum_retention\": 0.9, \"primary_candidates\": 582, \"retention\": 0.8642611683848798, \"use_primary\": true}\n"}
,{"stream_name":"stdout","time":1728.438922482,"data":"EDGE_TTA_ACTIVE views= 8 mean_abs_feat_delta= 0.329788\n"}
,{"stream_name":"stdout","time":1729.530179024,"data":"EDGE_TTA_ACTIVE views= 8 mean_abs_feat_delta= 0.35617\n"}
,{"stream_name":"stdout","time":1729.732622393,"data":"EDGE_TTA_ACTIVE views= 8 mean_abs_feat_delta= 0.35617\n"}
,{"stream_name":"stdout","time":1730.320503308,"data":"EDGE_TTA_ACTIVE views= 8 mean_abs_feat_delta= 0.329665\n"}
,{"stream_name":"stdout","time":1730.522733546,"data":"EDGE_TTA_ACTIVE views= 8 mean_abs_feat_delta= 0.329665\n"}
,{"stream_name":"stdout","time":1730.52715054,"data":"BIOHUB_RETENTION_GUARD {\"blended_candidates\": 519, \"dataset\": \"44b6_12dfb391\", \"frame\": 78, \"minimum_retention\": 0.9, \"primary_candidates\": 585, \"retention\": 0.8871794871794871, \"use_primary\": true}\n"}
,{"stream_name":"stdout","time":1730.729217563,"data":"BIOHUB_RETENTION_GUARD {\"blended_candidates\": 519, \"dataset\": \"44b6_12dfb391\", \"frame\": 78, \"minimum_retention\": 0.9, \"primary_candidates\": 585, \"retention\": 0.8871794871794871, \"use_primary\": true}\n"}
,{"stream_name":"stdout","time":1731.80008395,"data":"EDGE_TTA_ACTIVE views= 8 mean_abs_feat_delta= 0.351982\n"}
,{"stream_name":"stdout","time":1732.002629357,"data":"EDGE_TTA_ACTIVE views= 8 mean_abs_feat_delta= 0.351982\n"}
,{"stream_name":"stdout","time":1732.355798076,"data":"EDGE_TTA_ACTIVE views= 8 mean_abs_feat_delta= 0.325406\n"}
,{"stream_name":"stdout","time":1732.605584691,"data":"EDGE_TTA_ACTIVE views= 8 mean_abs_feat_delta= 0.325406\n"}
,{"stream_name":"stdout","time":1734.078323223,"data":"EDGE_TTA_ACTIVE views= 8 mean_abs_feat_delta= 0.35395\n"}
,{"stream_name":"stdout","time":1734.280917856,"data":"EDGE_TTA_ACTIVE views= 8 mean_abs_feat_delta= 0.35395\n"}
,{"stream_name":"stdout","time":1734.396411941,"data":"EDGE_TTA_ACTIVE views= 8 mean_abs_feat_delta= 0.337377\n"}
,{"stream_name":"stdout","time":1734.599019673,"data":"EDGE_TTA_ACTIVE views= 8 mean_abs_feat_delta= 0.337377\n"}
,{"stream_name":"stdout","time":1736.408036538,"data":"EDGE_TTA_ACTIVE views= 8 mean_abs_feat_delta= 0.35797\n"}
,{"stream_name":"stdout","time":1736.451206962,"data":"EDGE_TTA_ACTIVE views= 8 mean_abs_feat_delta= 0.336612\n"}
,{"stream_name":"stdout","time":1736.610475595,"data":"EDGE_TTA_ACTIVE views= 8 mean_abs_feat_delta= 0.35797\n"}
,{"stream_name":"stdout","time":1736.610498746,"data":"EDGE_TTA_ACTIVE views= 8 mean_abs_feat_delta= 0.336612\n"}
,{"stream_name":"stdout","time":1738.539849494,"data":"EDGE_TTA_ACTIVE views= 8 mean_abs_feat_delta= 0.340573\n"}
,{"stream_name":"stdout","time":1738.620732803,"data":"EDGE_TTA_ACTIVE views= 8 mean_abs_feat_delta= 0.358939\n"}
,{"stream_name":"stdout","time":1738.74255085,"data":"EDGE_TTA_ACTIVE views= 8 mean_abs_feat_delta= 0.340573\n"}
,{"stream_name":"stdout","time":1738.742585149,"data":"EDGE_TTA_ACTIVE views= 8 mean_abs_feat_delta= 0.358939\n"}
,{"stream_name":"stdout","time":1740.583305414,"data":"EDGE_TTA_ACTIVE views= 8 mean_abs_feat_delta= 0.34851\n"}
,{"stream_name":"stdout","time":1740.785934724,"data":"EDGE_TTA_ACTIVE views= 8 mean_abs_feat_delta= 0.34851\n"}
,{"stream_name":"stdout","time":1740.962760141,"data":"EDGE_TTA_ACTIVE views= 8 mean_abs_feat_delta= 0.362662\n"}
,{"stream_name":"stdout","time":1741.165162013,"data":"EDGE_TTA_ACTIVE views= 8 mean_abs_feat_delta= 0.362662\n"}
,{"stream_name":"stdout","time":1741.967567126,"data":"BIOHUB_RETENTION_GUARD {\"blended_candidates\": 478, \"dataset\": \"44b6_12dfb391\", \"frame\": 83, \"minimum_retention\": 0.9, \"primary_candidates\": 555, \"retention\": 0.8612612612612612, \"use_primary\": true}\n"}
,{"stream_name":"stdout","time":1742.169949107,"data":"BIOHUB_RETENTION_GUARD {\"blended_candidates\": 478, \"dataset\": \"44b6_12dfb391\", \"frame\": 83, \"minimum_retention\": 0.9, \"primary_candidates\": 555, \"retention\": 0.8612612612612612, \"use_primary\": true}\n"}
,{"stream_name":"stdout","time":1742.659173692,"data":"EDGE_TTA_ACTIVE views= 8 mean_abs_feat_delta= 0.344922\n"}
,{"stream_name":"stdout","time":1742.861910941,"data":"EDGE_TTA_ACTIVE views= 8 mean_abs_feat_delta= 0.344922\n"}
,{"stream_name":"stdout","time":1743.322520409,"data":"EDGE_TTA_ACTIVE views= 8 mean_abs_feat_delta= 0.363086\n"}
,{"stream_name":"stdout","time":1743.525026549,"data":"EDGE_TTA_ACTIVE views= 8 mean_abs_feat_delta= 0.363086\n"}
,{"stream_name":"stdout","time":1744.331762253,"data":"BIOHUB_RETENTION_GUARD {\"blended_candidates\": 501, \"dataset\": \"44b6_12dfb391\", \"frame\": 84, \"minimum_retention\": 0.9, \"primary_candidates\": 566, \"retention\": 0.8851590106007067, \"use_primary\": true}\n"}
,{"stream_name":"stdout","time":1744.533885027,"data":"BIOHUB_RETENTION_GUARD {\"blended_candidates\": 501, \"dataset\": \"44b6_12dfb391\", \"frame\": 84, \"minimum_retention\": 0.9, \"primary_candidates\": 566, \"retention\": 0.8851590106007067, \"use_primary\": true}\n"}
,{"stream_name":"stdout","time":1744.748587247,"data":"EDGE_TTA_ACTIVE views= 8 mean_abs_feat_delta= 0.345806\n"}
,{"stream_name":"stdout","time":1744.951155062,"data":"EDGE_TTA_ACTIVE views= 8 mean_abs_feat_delta= 0.345806\n"}
,{"stream_name":"stdout","time":1745.587920556,"data":"EDGE_TTA_ACTIVE views= 8 mean_abs_feat_delta= 0.364785\n"}
,{"stream_name":"stdout","time":1745.790039303,"data":"EDGE_TTA_ACTIVE views= 8 mean_abs_feat_delta= 0.364785\n"}
,{"stream_name":"stdout","time":1746.836590869,"data":"EDGE_TTA_ACTIVE views= 8 mean_abs_feat_delta= 0.333012\n"}
,{"stream_name":"stdout","time":1747.039161528,"data":"EDGE_TTA_ACTIVE views= 8 mean_abs_feat_delta= 0.333012\n"}
,{"stream_name":"stdout","time":1747.865884603,"data":"EDGE_TTA_ACTIVE views= 8 mean_abs_feat_delta= 0.363892\n"}
,{"stream_name":"stdout","time":1748.068459961,"data":"EDGE_TTA_ACTIVE views= 8 mean_abs_feat_delta= 0.363892\n"}
,{"stream_name":"stdout","time":1748.841215229,"data":"EDGE_TTA_ACTIVE views= 8 mean_abs_feat_delta= 0.332183\n"}
,{"stream_name":"stdout","time":1749.043636932,"data":"EDGE_TTA_ACTIVE views= 8 mean_abs_feat_delta= 0.332183\n"}
,{"stream_name":"stdout","time":1750.113264827,"data":"EDGE_TTA_ACTIVE views= 8 mean_abs_feat_delta= 0.362041\n"}
,{"stream_name":"stdout","time":1750.315591175,"data":"EDGE_TTA_ACTIVE views= 8 mean_abs_feat_delta= 0.362041\n"}
,{"stream_name":"stdout","time":1750.886221233,"data":"EDGE_TTA_ACTIVE views= 8 mean_abs_feat_delta= 0.322487\n"}
,{"stream_name":"stdout","time":1751.088832204,"data":"EDGE_TTA_ACTIVE views= 8 mean_abs_feat_delta= 0.322487\n"}
,{"stream_name":"stdout","time":1752.325233693,"data":"EDGE_TTA_ACTIVE views= 8 mean_abs_feat_delta= 0.364393\n"}
,{"stream_name":"stdout","time":1752.527893019,"data":"EDGE_TTA_ACTIVE views= 8 mean_abs_feat_delta= 0.364393\n"}
,{"stream_name":"stdout","time":1754.832340979,"data":"EDGE_TTA_ACTIVE views= 8 mean_abs_feat_delta= 0.36832\n"}
,{"stream_name":"stdout","time":1755.034892798,"data":"EDGE_TTA_ACTIVE views= 8 mean_abs_feat_delta= 0.36832\n"}
,{"stream_name":"stdout","time":1755.847125762,"data":"BIOHUB_RETENTION_GUARD {\"blended_candidates\": 539, \"dataset\": \"44b6_12dfb391\", \"frame\": 89, \"minimum_retention\": 0.9, \"primary_candidates\": 618, \"retention\": 0.872168284789644, \"use_primary\": true}\n"}
,{"stream_name":"stdout","time":1756.049644763,"data":"BIOHUB_RETENTION_GUARD {\"blended_candidates\": 539, \"dataset\": \"44b6_12dfb391\", \"frame\": 89, \"minimum_retention\": 0.9, \"primary_candidates\": 618, \"retention\": 0.872168284789644, \"use_primary\": true}\n"}
,{"stream_name":"stdout","time":1757.283370344,"data":"EDGE_TTA_ACTIVE views= 8 mean_abs_feat_delta= 0.372337\n"}
,{"stream_name":"stdout","time":1757.486125014,"data":"EDGE_TTA_ACTIVE views= 8 mean_abs_feat_delta= 0.372337\n"}
,{"stream_name":"stdout","time":1758.295053902,"data":"BIOHUB_RETENTION_GUARD {\"blended_candidates\": 532, \"dataset\": \"44b6_12dfb391\", \"frame\": 90, \"minimum_retention\": 0.9, \"primary_candidates\": 595, \"retention\": 0.8941176470588236, \"use_primary\": true}\n"}
,{"stream_name":"stdout","time":1758.497601055,"data":"BIOHUB_RETENTION_GUARD {\"blended_candidates\": 532, \"dataset\": \"44b6_12dfb391\", \"frame\": 90, \"minimum_retention\": 0.9, \"primary_candidates\": 595, \"retention\": 0.8941176470588236, \"use_primary\": true}\n"}
,{"stream_name":"stdout","time":1759.710878061,"data":"EDGE_TTA_ACTIVE views= 8 mean_abs_feat_delta= 0.372351\n"}
,{"stream_name":"stdout","time":1759.913893124,"data":"EDGE_TTA_ACTIVE views= 8 mean_abs_feat_delta= 0.372351\n"}
,{"stream_name":"stdout","time":1762.002907562,"data":"EDGE_TTA_ACTIVE views= 8 mean_abs_feat_delta= 0.376977\n"}
,{"stream_name":"stdout","time":1762.203499887,"data":"EDGE_TTA_ACTIVE views= 8 mean_abs_feat_delta= 0.376977\n"}
,{"stream_name":"stdout","time":1764.385980064,"data":"EDGE_TTA_ACTIVE views= 8 mean_abs_feat_delta= 0.379308\n"}
,{"stream_name":"stdout","time":1764.644823192,"data":"EDGE_TTA_ACTIVE views= 8 mean_abs_feat_delta= 0.379308\n"}
,{"stream_name":"stdout","time":1766.642153123,"data":"EDGE_TTA_ACTIVE views= 8 mean_abs_feat_delta= 0.375447\n"}
,{"stream_name":"stdout","time":1766.845365005,"data":"EDGE_TTA_ACTIVE views= 8 mean_abs_feat_delta= 0.375447\n"}
,{"stream_name":"stdout","time":1767.652311669,"data":"BIOHUB_RETENTION_GUARD {\"blended_candidates\": 520, \"dataset\": \"44b6_12dfb391\", \"frame\": 94, \"minimum_retention\": 0.9, \"primary_candidates\": 583, \"retention\": 0.8919382504288165, \"use_primary\": true}\n"}
,{"stream_name":"stdout","time":1767.8549712,"data":"BIOHUB_RETENTION_GUARD {\"blended_candidates\": 520, \"dataset\": \"44b6_12dfb391\", \"frame\": 94, \"minimum_retention\": 0.9, \"primary_candidates\": 583, \"retention\": 0.8919382504288165, \"use_primary\": true}\n"}
,{"stream_name":"stdout","time":1769.0141635,"data":"EDGE_TTA_ACTIVE views= 8 mean_abs_feat_delta= 0.369974\n"}
,{"stream_name":"stdout","time":1769.217007202,"data":"EDGE_TTA_ACTIVE views= 8 mean_abs_feat_delta= 0.369974\n"}
,{"stream_name":"stdout","time":1770.771585428,"data":"EDGE_TTA_ACTIVE views= 8 mean_abs_feat_delta= 0.311164\n"}
,{"stream_name":"stdout","time":1770.974174853,"data":"EDGE_TTA_ACTIVE views= 8 mean_abs_feat_delta= 0.311164\n"}
,{"stream_name":"stdout","time":1771.333625205,"data":"EDGE_TTA_ACTIVE views= 8 mean_abs_feat_delta= 0.373122\n"}
,{"stream_name":"stdout","time":1771.536023916,"data":"EDGE_TTA_ACTIVE views= 8 mean_abs_feat_delta= 0.373122\n"}
,{"stream_name":"stdout","time":1772.777104972,"data":"EDGE_TTA_ACTIVE views= 8 mean_abs_feat_delta= 0.314772\n"}
,{"stream_name":"stdout","time":1772.979307083,"data":"EDGE_TTA_ACTIVE views= 8 mean_abs_feat_delta= 0.314772\n"}
,{"stream_name":"stdout","time":1773.546710786,"data":"EDGE_TTA_ACTIVE views= 8 mean_abs_feat_delta= 0.371747\n"}
,{"stream_name":"stdout","time":1773.749170686,"data":"EDGE_TTA_ACTIVE views= 8 mean_abs_feat_delta= 0.371747\n"}
,{"stream_name":"stdout","time":1774.866145768,"data":"EDGE_TTA_ACTIVE views= 8 mean_abs_feat_delta= 0.32\n"}
,{"stream_name":"stdout","time":1775.068553258,"data":"EDGE_TTA_ACTIVE views= 8 mean_abs_feat_delta= 0.32\n"}
,{"stream_name":"stdout","time":1775.814612058,"data":"EDGE_TTA_ACTIVE views= 8 mean_abs_feat_delta= 0.369424\n"}
,{"stream_name":"stdout","time":1776.017172803,"data":"EDGE_TTA_ACTIVE views= 8 mean_abs_feat_delta= 0.369424\n"}
,{"stream_name":"stdout","time":1776.901281372,"data":"EDGE_TTA_ACTIVE views= 8 mean_abs_feat_delta= 0.316482\n"}
,{"stream_name":"stdout","time":1777.103703092,"data":"EDGE_TTA_ACTIVE views= 8 mean_abs_feat_delta= 0.316482\n"}
,{"stream_name":"stdout","time":1778.024291292,"data":"EDGE_TTA_ACTIVE views= 8 mean_abs_feat_delta= 0.372871\n"}
,{"stream_name":"stdout","time":1778.226638967,"data":"EDGE_TTA_ACTIVE views= 8 mean_abs_feat_delta= 0.372871\n"}
,{"stream_name":"stdout","time":1778.910146628,"data":"EDGE_TTA_ACTIVE views= 8 mean_abs_feat_delta= 0.312516\n"}
,{"stream_name":"stdout","time":1779.112710355,"data":"EDGE_TTA_ACTIVE views= 8 mean_abs_feat_delta= 0.312516\n"}
,{"stream_name":"stdout","time":1780.956010702,"data":"EDGE_TTA_ACTIVE views= 8 mean_abs_feat_delta= 0.310284\n"}
,{"stream_name":"stdout","time":1781.159306293,"data":"EDGE_TTA_ACTIVE views= 8 mean_abs_feat_delta= 0.310284\n"}
,{"stream_name":"stdout","time":1783.037285521,"data":"EDGE_TTA_ACTIVE views= 8 mean_abs_feat_delta= 0.315039\n"}
,{"stream_name":"stdout","time":1783.240193034,"data":"EDGE_TTA_ACTIVE views= 8 mean_abs_feat_delta= 0.315039\n"}
,{"stream_name":"stdout","time":1785.111021588,"data":"EDGE_TTA_ACTIVE views= 8 mean_abs_feat_delta= 0.322123\n"}
,{"stream_name":"stdout","time":1785.31372744,"data":"EDGE_TTA_ACTIVE views= 8 mean_abs_feat_delta= 0.322123\n"}
,{"stream_name":"stdout","time":1787.235837283,"data":"EDGE_TTA_ACTIVE views= 8 mean_abs_feat_delta= 0.315226\n"}
,{"stream_name":"stdout","time":1787.438539047,"data":"EDGE_TTA_ACTIVE views= 8 mean_abs_feat_delta= 0.315226\n"}
,{"stream_name":"stdout","time":1789.340199985,"data":"EDGE_TTA_ACTIVE views= 8 mean_abs_feat_delta= 0.313017\n"}
,{"stream_name":"stdout","time":1789.542878156,"data":"EDGE_TTA_ACTIVE views= 8 mean_abs_feat_delta= 0.313017\n"}
,{"stream_name":"stdout","time":1791.453147375,"data":"EDGE_TTA_ACTIVE views= 8 mean_abs_feat_delta= 0.312427\n"}
,{"stream_name":"stdout","time":1791.65592337,"data":"EDGE_TTA_ACTIVE views= 8 mean_abs_feat_delta= 0.312427\n"}
,{"stream_name":"stdout","time":1793.642824357,"data":"EDGE_TTA_ACTIVE views= 8 mean_abs_feat_delta= 0.312244\n"}
,{"stream_name":"stdout","time":1793.845171022,"data":"EDGE_TTA_ACTIVE views= 8 mean_abs_feat_delta= 0.312244\n"}
,{"stream_name":"stdout","time":1795.771830099,"data":"EDGE_TTA_ACTIVE views= 8 mean_abs_feat_delta= 0.312161\n"}
,{"stream_name":"stdout","time":1796.0264956,"data":"EDGE_TTA_ACTIVE views= 8 mean_abs_feat_delta= 0.312161\n"}
,{"stream_name":"stdout","time":1797.915300486,"data":"EDGE_TTA_ACTIVE views= 8 mean_abs_feat_delta= 0.311033\n"}
,{"stream_name":"stdout","time":1798.117912984,"data":"EDGE_TTA_ACTIVE views= 8 mean_abs_feat_delta= 0.311033\n"}
,{"stream_name":"stdout","time":1800.050224318,"data":"EDGE_TTA_ACTIVE views= 8 mean_abs_feat_delta= 0.322725\n"}
,{"stream_name":"stdout","time":1800.252862219,"data":"EDGE_TTA_ACTIVE views= 8 mean_abs_feat_delta= 0.322725\n"}
,{"stream_name":"stdout","time":1802.126247575,"data":"EDGE_TTA_ACTIVE views= 8 mean_abs_feat_delta= 0.325293\n"}
,{"stream_name":"stdout","time":1802.328763515,"data":"EDGE_TTA_ACTIVE views= 8 mean_abs_feat_delta= 0.325293\n"}
,{"stream_name":"stdout","time":1804.277289152,"data":"EDGE_TTA_ACTIVE views= 8 mean_abs_feat_delta= 0.323346\n"}
,{"stream_name":"stdout","time":1804.479594981,"data":"EDGE_TTA_ACTIVE views= 8 mean_abs_feat_delta= 0.323346\n"}
,{"stream_name":"stdout","time":1806.388237379,"data":"EDGE_TTA_ACTIVE views= 8 mean_abs_feat_delta= 0.325491\n"}
,{"stream_name":"stdout","time":1806.590538118,"data":"EDGE_TTA_ACTIVE views= 8 mean_abs_feat_delta= 0.325491\n"}
,{"stream_name":"stdout","time":1808.549737302,"data":"EDGE_TTA_ACTIVE views= 8 mean_abs_feat_delta= 0.330746\n"}
,{"stream_name":"stdout","time":1808.752356076,"data":"EDGE_TTA_ACTIVE views= 8 mean_abs_feat_delta= 0.330746\n"}
,{"stream_name":"stdout","time":1810.649652686,"data":"EDGE_TTA_ACTIVE views= 8 mean_abs_feat_delta= 0.322777\n"}
,{"stream_name":"stdout","time":1810.852343872,"data":"EDGE_TTA_ACTIVE views= 8 mean_abs_feat_delta= 0.322777\n"}
,{"stream_name":"stdout","time":1812.788351936,"data":"EDGE_TTA_ACTIVE views= 8 mean_abs_feat_delta= 0.325178\n"}
,{"stream_name":"stdout","time":1812.991014708,"data":"EDGE_TTA_ACTIVE views= 8 mean_abs_feat_delta= 0.325178\n"}
,{"stream_name":"stdout","time":1814.922618274,"data":"EDGE_TTA_ACTIVE views= 8 mean_abs_feat_delta= 0.329767\n"}
,{"stream_name":"stdout","time":1815.125189989,"data":"EDGE_TTA_ACTIVE views= 8 mean_abs_feat_delta= 0.329767\n"}
,{"stream_name":"stdout","time":1817.031938786,"data":"EDGE_TTA_ACTIVE views= 8 mean_abs_feat_delta= 0.326202\n"}
,{"stream_name":"stdout","time":1817.234505229,"data":"EDGE_TTA_ACTIVE views= 8 mean_abs_feat_delta= 0.326202\n"}
,{"stream_name":"stdout","time":1819.222365585,"data":"EDGE_TTA_ACTIVE views= 8 mean_abs_feat_delta= 0.317502\n"}
,{"stream_name":"stdout","time":1819.425233546,"data":"EDGE_TTA_ACTIVE views= 8 mean_abs_feat_delta= 0.317502\n"}
,{"stream_name":"stdout","time":1821.453594918,"data":"EDGE_TTA_ACTIVE views= 8 mean_abs_feat_delta= 0.323159\n"}
,{"stream_name":"stdout","time":1821.65611252,"data":"EDGE_TTA_ACTIVE views= 8 mean_abs_feat_delta= 0.323159\n"}
,{"stream_name":"stdout","time":1823.657359299,"data":"EDGE_TTA_ACTIVE views= 8 mean_abs_feat_delta= 0.330965\n"}
,{"stream_name":"stdout","time":1823.860219403,"data":"EDGE_TTA_ACTIVE views= 8 mean_abs_feat_delta= 0.330965\n"}
,{"stream_name":"stdout","time":1825.890382651,"data":"EDGE_TTA_ACTIVE views= 8 mean_abs_feat_delta= 0.32822\n"}
,{"stream_name":"stdout","time":1826.146657579,"data":"EDGE_TTA_ACTIVE views= 8 mean_abs_feat_delta= 0.32822\n"}
,{"stream_name":"stdout","time":1826.32612524,"data":"EDGE_TTA_ACTIVE views= 8 mean_abs_feat_delta= 0.354264\n"}
,{"stream_name":"stdout","time":1826.528519591,"data":"EDGE_TTA_ACTIVE views= 8 mean_abs_feat_delta= 0.354264\n"}
,{"stream_name":"stdout","time":1826.92485289,"data":"BIOHUB_RETENTION_GUARD {\"blended_candidates\": 93, \"dataset\": \"44b6_341df25f\", \"frame\": 27, \"minimum_retention\": 0.9, \"primary_candidates\": 104, \"retention\": 0.8942307692307693, \"use_primary\": true}\n"}
,{"stream_name":"stdout","time":1827.127771374,"data":"BIOHUB_RETENTION_GUARD {\"blended_candidates\": 93, \"dataset\": \"44b6_341df25f\", \"frame\": 27, \"minimum_retention\": 0.9, \"primary_candidates\": 104, \"retention\": 0.8942307692307693, \"use_primary\": true}\n"}
,{"stream_name":"stdout","time":1827.298663175,"data":"BIOHUB_RETENTION_GUARD {\"blended_candidates\": 460, \"dataset\": \"44b6_2a2eff9f\", \"frame\": 0, \"minimum_retention\": 0.9, \"primary_candidates\": 559, \"retention\": 0.8228980322003577, \"use_primary\": true}\n"}
,{"stream_name":"stdout","time":1827.299975975,"data":"BIOHUB_RETENTION_GUARD {\"blended_candidates\": 460, \"dataset\": \"44b6_2a2eff9f\", \"frame\": 1, \"minimum_retention\": 0.9, \"primary_candidates\": 536, \"retention\": 0.8582089552238806, \"use_primary\": true}\n"}
,{"stream_name":"stdout","time":1827.501087612,"data":"BIOHUB_RETENTION_GUARD {\"blended_candidates\": 460, \"dataset\": \"44b6_2a2eff9f\", \"frame\": 0, \"minimum_retention\": 0.9, \"primary_candidates\": 559, \"retention\": 0.8228980322003577, \"use_primary\": true}\n"}
,{"stream_name":"stdout","time":1827.501153752,"data":"BIOHUB_RETENTION_GUARD {\"blended_candidates\": 460, \"dataset\": \"44b6_2a2eff9f\", \"frame\": 1, \"minimum_retention\": 0.9, \"primary_candidates\": 536, \"retention\": 0.8582089552238806, \"use_primary\": true}\n"}
,{"stream_name":"stdout","time":1828.142269186,"data":"EDGE_TTA_ACTIVE views= 8 mean_abs_feat_delta= 0.333586\n"}
,{"stream_name":"stdout","time":1828.344707203,"data":"EDGE_TTA_ACTIVE views= 8 mean_abs_feat_delta= 0.333586\n"}
,{"stream_name":"stdout","time":1828.592155098,"data":"EDGE_TTA_ACTIVE views= 8 mean_abs_feat_delta= 0.353629\n"}
,{"stream_name":"stdout","time":1828.794465043,"data":"EDGE_TTA_ACTIVE views= 8 mean_abs_feat_delta= 0.353629\n"}
,{"stream_name":"stdout","time":1829.592410417,"data":"BIOHUB_RETENTION_GUARD {\"blended_candidates\": 448, \"dataset\": \"44b6_2a2eff9f\", \"frame\": 2, \"minimum_retention\": 0.9, \"primary_candidates\": 529, \"retention\": 0.8468809073724007, \"use_primary\": true}\n"}
,{"stream_name":"stdout","time":1829.794850187,"data":"BIOHUB_RETENTION_GUARD {\"blended_candidates\": 448, \"dataset\": \"44b6_2a2eff9f\", \"frame\": 2, \"minimum_retention\": 0.9, \"primary_candidates\": 529, \"retention\": 0.8468809073724007, \"use_primary\": true}\n"}
,{"stream_name":"stdout","time":1830.33614883,"data":"EDGE_TTA_ACTIVE views= 8 mean_abs_feat_delta= 0.335857\n"}
,{"stream_name":"stdout","time":1830.538752078,"data":"EDGE_TTA_ACTIVE views= 8 mean_abs_feat_delta= 0.335857\n"}
,{"stream_name":"stdout","time":1830.828215157,"data":"EDGE_TTA_ACTIVE views= 8 mean_abs_feat_delta= 0.354199\n"}
,{"stream_name":"stdout","time":1831.030940842,"data":"EDGE_TTA_ACTIVE views= 8 mean_abs_feat_delta= 0.354199\n"}
,{"stream_name":"stdout","time":1831.818700511,"data":"BIOHUB_RETENTION_GUARD {\"blended_candidates\": 428, \"dataset\": \"44b6_2a2eff9f\", \"frame\": 3, \"minimum_retention\": 0.9, \"primary_candidates\": 515, \"retention\": 0.8310679611650486, \"use_primary\": true}\n"}
,{"stream_name":"stdout","time":1832.021620732,"data":"BIOHUB_RETENTION_GUARD {\"blended_candidates\": 428, \"dataset\": \"44b6_2a2eff9f\", \"frame\": 3, \"minimum_retention\": 0.9, \"primary_candidates\": 515, \"retention\": 0.8310679611650486, \"use_primary\": true}\n"}
,{"stream_name":"stdout","time":1832.572813808,"data":"EDGE_TTA_ACTIVE views= 8 mean_abs_feat_delta= 0.332258\n"}
,{"stream_name":"stdout","time":1832.775331266,"data":"EDGE_TTA_ACTIVE views= 8 mean_abs_feat_delta= 0.332258\n"}
,{"stream_name":"stdout","time":1833.180772931,"data":"EDGE_TTA_ACTIVE views= 8 mean_abs_feat_delta= 0.351342\n"}
,{"stream_name":"stdout","time":1833.383120995,"data":"EDGE_TTA_ACTIVE views= 8 mean_abs_feat_delta= 0.351342\n"}
,{"stream_name":"stdout","time":1834.179205656,"data":"BIOHUB_RETENTION_GUARD {\"blended_candidates\": 456, \"dataset\": \"44b6_2a2eff9f\", \"frame\": 4, \"minimum_retention\": 0.9, \"primary_candidates\": 542, \"retention\": 0.8413284132841329, \"use_primary\": true}\n"}
,{"stream_name":"stdout","time":1834.381610431,"data":"BIOHUB_RETENTION_GUARD {\"blended_candidates\": 456, \"dataset\": \"44b6_2a2eff9f\", \"frame\": 4, \"minimum_retention\": 0.9, \"primary_candidates\": 542, \"retention\": 0.8413284132841329, \"use_primary\": true}\n"}
,{"stream_name":"stdout","time":1834.800633747,"data":"EDGE_TTA_ACTIVE views= 8 mean_abs_feat_delta= 0.331192\n"}
,{"stream_name":"stdout","time":1835.003090814,"data":"EDGE_TTA_ACTIVE views= 8 mean_abs_feat_delta= 0.331192\n"}
,{"stream_name":"stdout","time":1835.504882614,"data":"EDGE_TTA_ACTIVE views= 8 mean_abs_feat_delta= 0.353535\n"}
,{"stream_name":"stdout","time":1835.706949748,"data":"EDGE_TTA_ACTIVE views= 8 mean_abs_feat_delta= 0.353535\n"}
,{"stream_name":"stdout","time":1836.50302153,"data":"BIOHUB_RETENTION_GUARD {\"blended_candidates\": 451, \"dataset\": \"44b6_2a2eff9f\", \"frame\": 5, \"minimum_retention\": 0.9, \"primary_candidates\": 542, \"retention\": 0.8321033210332104, \"use_primary\": true}\n"}
,{"stream_name":"stdout","time":1836.705223471,"data":"BIOHUB_RETENTION_GUARD {\"blended_candidates\": 451, \"dataset\": \"44b6_2a2eff9f\", \"frame\": 5, \"minimum_retention\": 0.9, \"primary_candidates\": 542, \"retention\": 0.8321033210332104, \"use_primary\": true}\n"}
,{"stream_name":"stdout","time":1837.055099768,"data":"EDGE_TTA_ACTIVE views= 8 mean_abs_feat_delta= 0.331813\n"}
,{"stream_name":"stdout","time":1837.25745477,"data":"EDGE_TTA_ACTIVE views= 8 mean_abs_feat_delta= 0.331813\n"}
,{"stream_name":"stdout","time":1837.775659161,"data":"EDGE_TTA_ACTIVE views= 8 mean_abs_feat_delta= 0.355109\n"}
,{"stream_name":"stdout","time":1837.978221467,"data":"EDGE_TTA_ACTIVE views= 8 mean_abs_feat_delta= 0.355109\n"}
,{"stream_name":"stdout","time":1838.77173689,"data":"BIOHUB_RETENTION_GUARD {\"blended_candidates\": 449, \"dataset\": \"44b6_2a2eff9f\", \"frame\": 6, \"minimum_retention\": 0.9, \"primary_candidates\": 544, \"retention\": 0.8253676470588235, \"use_primary\": true}\n"}
,{"stream_name":"stdout","time":1838.973780378,"data":"BIOHUB_RETENTION_GUARD {\"blended_candidates\": 449, \"dataset\": \"44b6_2a2eff9f\", \"frame\": 6, \"minimum_retention\": 0.9, \"primary_candidates\": 544, \"retention\": 0.8253676470588235, \"use_primary\": true}\n"}
,{"stream_name":"stdout","time":1839.318467167,"data":"EDGE_TTA_ACTIVE views= 8 mean_abs_feat_delta= 0.327911\n"}
,{"stream_name":"stdout","time":1839.520894552,"data":"EDGE_TTA_ACTIVE views= 8 mean_abs_feat_delta= 0.327911\n"}
,{"stream_name":"stdout","time":1840.112260569,"data":"EDGE_TTA_ACTIVE views= 8 mean_abs_feat_delta= 0.359732\n"}
,{"stream_name":"stdout","time":1840.315007359,"data":"EDGE_TTA_ACTIVE views= 8 mean_abs_feat_delta= 0.359732\n"}
,{"stream_name":"stdout","time":1841.105247166,"data":"BIOHUB_RETENTION_GUARD {\"blended_candidates\": 419, \"dataset\": \"44b6_2a2eff9f\", \"frame\": 7, \"minimum_retention\": 0.9, \"primary_candidates\": 531, \"retention\": 0.7890772128060264, \"use_primary\": true}\n"}
,{"stream_name":"stdout","time":1841.307383939,"data":"BIOHUB_RETENTION_GUARD {\"blended_candidates\": 419, \"dataset\": \"44b6_2a2eff9f\", \"frame\": 7, \"minimum_retention\": 0.9, \"primary_candidates\": 531, \"retention\": 0.7890772128060264, \"use_primary\": true}\n"}
,{"stream_name":"stdout","time":1841.492109164,"data":"EDGE_TTA_ACTIVE views= 8 mean_abs_feat_delta= 0.330714\n"}
,{"stream_name":"stdout","time":1841.694355331,"data":"EDGE_TTA_ACTIVE views= 8 mean_abs_feat_delta= 0.330714\n"}
,{"stream_name":"stdout","time":1842.388967997,"data":"EDGE_TTA_ACTIVE views= 8 mean_abs_feat_delta= 0.367188\n"}
,{"stream_name":"stdout","time":1842.591271872,"data":"EDGE_TTA_ACTIVE views= 8 mean_abs_feat_delta= 0.367188\n"}
,{"stream_name":"stdout","time":1843.36778974,"data":"BIOHUB_RETENTION_GUARD {\"blended_candidates\": 426, \"dataset\": \"44b6_2a2eff9f\", \"frame\": 8, \"minimum_retention\": 0.9, \"primary_candidates\": 524, \"retention\": 0.8129770992366412, \"use_primary\": true}\n"}
,{"stream_name":"stdout","time":1843.57014035,"data":"BIOHUB_RETENTION_GUARD {\"blended_candidates\": 426, \"dataset\": \"44b6_2a2eff9f\", \"frame\": 8, \"minimum_retention\": 0.9, \"primary_candidates\": 524, \"retention\": 0.8129770992366412, \"use_primary\": true}\n"}
,{"stream_name":"stdout","time":1843.642887743,"data":"EDGE_TTA_ACTIVE views= 8 mean_abs_feat_delta= 0.32934\n"}
,{"stream_name":"stdout","time":1843.845472219,"data":"EDGE_TTA_ACTIVE views= 8 mean_abs_feat_delta= 0.32934\n"}
,{"stream_name":"stdout","time":1844.649714409,"data":"EDGE_TTA_ACTIVE views= 8 mean_abs_feat_delta= 0.367144\n"}
,{"stream_name":"stdout","time":1844.852247155,"data":"EDGE_TTA_ACTIVE views= 8 mean_abs_feat_delta= 0.367144\n"}
,{"stream_name":"stdout","time":1845.635679109,"data":"BIOHUB_RETENTION_GUARD {\"blended_candidates\": 432, \"dataset\": \"44b6_2a2eff9f\", \"frame\": 9, \"minimum_retention\": 0.9, \"primary_candidates\": 530, \"retention\": 0.8150943396226416, \"use_primary\": true}\n"}
,{"stream_name":"stdout","time":1845.802621644,"data":"EDGE_TTA_ACTIVE views= 8 mean_abs_feat_delta= 0.333566\n"}
,{"stream_name":"stdout","time":1845.839266996,"data":"BIOHUB_RETENTION_GUARD {\"blended_candidates\": 432, \"dataset\": \"44b6_2a2eff9f\", \"frame\": 9, \"minimum_retention\": 0.9, \"primary_candidates\": 530, \"retention\": 0.8150943396226416, \"use_primary\": true}\n"}
,{"stream_name":"stdout","time":1845.839300708,"data":"EDGE_TTA_ACTIVE views= 8 mean_abs_feat_delta= 0.333566\n"}
,{"stream_name":"stdout","time":1846.859643017,"data":"EDGE_TTA_ACTIVE views= 8 mean_abs_feat_delta= 0.36704\n"}
,{"stream_name":"stdout","time":1847.062045208,"data":"EDGE_TTA_ACTIVE views= 8 mean_abs_feat_delta= 0.36704\n"}
,{"stream_name":"stdout","time":1847.842683173,"data":"BIOHUB_RETENTION_GUARD {\"blended_candidates\": 412, \"dataset\": \"44b6_2a2eff9f\", \"frame\": 10, \"minimum_retention\": 0.9, \"primary_candidates\": 516, \"retention\": 0.7984496124031008, \"use_primary\": true}\n"}
,{"stream_name":"stdout","time":1847.985973057,"data":"EDGE_TTA_ACTIVE views= 8 mean_abs_feat_delta= 0.336507\n"}
,{"stream_name":"stdout","time":1848.045111627,"data":"BIOHUB_RETENTION_GUARD {\"blended_candidates\": 412, \"dataset\": \"44b6_2a2eff9f\", \"frame\": 10, \"minimum_retention\": 0.9, \"primary_candidates\": 516, \"retention\": 0.7984496124031008, \"use_primary\": true}\n"}
,{"stream_name":"stdout","time":1848.045154274,"data":"EDGE_TTA_ACTIVE views= 8 mean_abs_feat_delta= 0.336507\n"}
,{"stream_name":"stdout","time":1849.144097083,"data":"EDGE_TTA_ACTIVE views= 8 mean_abs_feat_delta= 0.361712\n"}
,{"stream_name":"stdout","time":1849.346767658,"data":"EDGE_TTA_ACTIVE views= 8 mean_abs_feat_delta= 0.361712\n"}
,{"stream_name":"stdout","time":1850.128435236,"data":"BIOHUB_RETENTION_GUARD {\"blended_candidates\": 456, \"dataset\": \"44b6_2a2eff9f\", \"frame\": 11, \"minimum_retention\": 0.9, \"primary_candidates\": 534, \"retention\": 0.8539325842696629, \"use_primary\": true}\n"}
,{"stream_name":"stdout","time":1850.156269495,"data":"EDGE_TTA_ACTIVE views= 8 mean_abs_feat_delta= 0.3358\n"}
,{"stream_name":"stdout","time":1850.330642977,"data":"BIOHUB_RETENTION_GUARD {\"blended_candidates\": 456, \"dataset\": \"44b6_2a2eff9f\", \"frame\": 11, \"minimum_retention\": 0.9, \"primary_candidates\": 534, \"retention\": 0.8539325842696629, \"use_primary\": true}\n"}
,{"stream_name":"stdout","time":1850.330676115,"data":"EDGE_TTA_ACTIVE views= 8 mean_abs_feat_delta= 0.3358\n"}
,{"stream_name":"stdout","time":1851.368259005,"data":"EDGE_TTA_ACTIVE views= 8 mean_abs_feat_delta= 0.36232\n"}
,{"stream_name":"stdout","time":1851.570884192,"data":"EDGE_TTA_ACTIVE views= 8 mean_abs_feat_delta= 0.36232\n"}
,{"stream_name":"stdout","time":1852.259149289,"data":"EDGE_TTA_ACTIVE views= 8 mean_abs_feat_delta= 0.32024\n"}
,{"stream_name":"stdout","time":1852.355991035,"data":"BIOHUB_RETENTION_GUARD {\"blended_candidates\": 425, \"dataset\": \"44b6_2a2eff9f\", \"frame\": 12, \"minimum_retention\": 0.9, \"primary_candidates\": 508, \"retention\": 0.8366141732283464, \"use_primary\": true}\n"}
,{"stream_name":"stdout","time":1852.461789012,"data":"EDGE_TTA_ACTIVE views= 8 mean_abs_feat_delta= 0.32024\n"}
,{"stream_name":"stdout","time":1852.461827899,"data":"BIOHUB_RETENTION_GUARD {\"blended_candidates\": 425, \"dataset\": \"44b6_2a2eff9f\", \"frame\": 12, \"minimum_retention\": 0.9, \"primary_candidates\": 508, \"retention\": 0.8366141732283464, \"use_primary\": true}\n"}
,{"stream_name":"stdout","time":1853.597330769,"data":"EDGE_TTA_ACTIVE views= 8 mean_abs_feat_delta= 0.361858\n"}
,{"stream_name":"stdout","time":1853.799736722,"data":"EDGE_TTA_ACTIVE views= 8 mean_abs_feat_delta= 0.361858\n"}
,{"stream_name":"stdout","time":1854.410674026,"data":"EDGE_TTA_ACTIVE views= 8 mean_abs_feat_delta= 0.325944\n"}
,{"stream_name":"stdout","time":1854.585210516,"data":"BIOHUB_RETENTION_GUARD {\"blended_candidates\": 407, \"dataset\": \"44b6_2a2eff9f\", \"frame\": 13, \"minimum_retention\": 0.9, \"primary_candidates\": 504, \"retention\": 0.8075396825396826, \"use_primary\": true}\n"}
,{"stream_name":"stdout","time":1854.613304399,"data":"EDGE_TTA_ACTIVE views= 8 mean_abs_feat_delta= 0.325944\n"}
,{"stream_name":"stdout","time":1854.613359059,"data":"BIOHUB_RETENTION_GUARD {\"blended_candidates\": 407, \"dataset\": \"44b6_2a2eff9f\", \"frame\": 13, \"minimum_retention\": 0.9, \"primary_candidates\": 504, \"retention\": 0.8075396825396826, \"use_primary\": true}\n"}
,{"stream_name":"stdout","time":1855.786557256,"data":"EDGE_TTA_ACTIVE views= 8 mean_abs_feat_delta= 0.358521\n"}
,{"stream_name":"stdout","time":1855.989247143,"data":"EDGE_TTA_ACTIVE views= 8 mean_abs_feat_delta= 0.358521\n"}
,{"stream_name":"stdout","time":1856.541688442,"data":"EDGE_TTA_ACTIVE views= 8 mean_abs_feat_delta= 0.328686\n"}
,{"stream_name":"stdout","time":1856.767866082,"data":"BIOHUB_RETENTION_GUARD {\"blended_candidates\": 403, \"dataset\": \"44b6_2a2eff9f\", \"frame\": 14, \"minimum_retention\": 0.9, \"primary_candidates\": 499, \"retention\": 0.8076152304609219, \"use_primary\": true}\n"}
,{"stream_name":"stdout","time":1856.797729236,"data":"EDGE_TTA_ACTIVE views= 8 mean_abs_feat_delta= 0.328686\n"}
,{"stream_name":"stdout","time":1856.970329506,"data":"BIOHUB_RETENTION_GUARD {\"blended_candidates\": 403, \"dataset\": \"44b6_2a2eff9f\", \"frame\": 14, \"minimum_retention\": 0.9, \"primary_candidates\": 499, \"retention\": 0.8076152304609219, \"use_primary\": true}\n"}
,{"stream_name":"stdout","time":1857.972553571,"data":"EDGE_TTA_ACTIVE views= 8 mean_abs_feat_delta= 0.360482\n"}
,{"stream_name":"stdout","time":1858.174973418,"data":"EDGE_TTA_ACTIVE views= 8 mean_abs_feat_delta= 0.360482\n"}
,{"stream_name":"stdout","time":1858.654157338,"data":"EDGE_TTA_ACTIVE views= 8 mean_abs_feat_delta= 0.327204\n"}
,{"stream_name":"stdout","time":1858.8566721,"data":"EDGE_TTA_ACTIVE views= 8 mean_abs_feat_delta= 0.327204\n"}
,{"stream_name":"stdout","time":1858.943542548,"data":"BIOHUB_RETENTION_GUARD {\"blended_candidates\": 388, \"dataset\": \"44b6_2a2eff9f\", \"frame\": 15, \"minimum_retention\": 0.9, \"primary_candidates\": 479, \"retention\": 0.8100208768267223, \"use_primary\": true}\n"}
,{"stream_name":"stdout","time":1859.145869138,"data":"BIOHUB_RETENTION_GUARD {\"blended_candidates\": 388, \"dataset\": \"44b6_2a2eff9f\", \"frame\": 15, \"minimum_retention\": 0.9, \"primary_candidates\": 479, \"retention\": 0.8100208768267223, \"use_primary\": true}\n"}
,{"stream_name":"stdout","time":1860.202415341,"data":"EDGE_TTA_ACTIVE views= 8 mean_abs_feat_delta= 0.362679\n"}
,{"stream_name":"stdout","time":1860.404988774,"data":"EDGE_TTA_ACTIVE views= 8 mean_abs_feat_delta= 0.362679\n"}
,{"stream_name":"stdout","time":1860.820190092,"data":"EDGE_TTA_ACTIVE views= 8 mean_abs_feat_delta= 0.333242\n"}
,{"stream_name":"stdout","time":1861.022748665,"data":"EDGE_TTA_ACTIVE views= 8 mean_abs_feat_delta= 0.333242\n"}
,{"stream_name":"stdout","time":1861.171464394,"data":"BIOHUB_RETENTION_GUARD {\"blended_candidates\": 357, \"dataset\": \"44b6_2a2eff9f\", \"frame\": 16, \"minimum_retention\": 0.9, \"primary_candidates\": 478, \"retention\": 0.7468619246861925, \"use_primary\": true}\n"}
,{"stream_name":"stdout","time":1861.373918791,"data":"BIOHUB_RETENTION_GUARD {\"blended_candidates\": 357, \"dataset\": \"44b6_2a2eff9f\", \"frame\": 16, \"minimum_retention\": 0.9, \"primary_candidates\": 478, \"retention\": 0.7468619246861925, \"use_primary\": true}\n"}
,{"stream_name":"stdout","time":1862.391833612,"data":"EDGE_TTA_ACTIVE views= 8 mean_abs_feat_delta= 0.361583\n"}
,{"stream_name":"stdout","time":1862.594440197,"data":"EDGE_TTA_ACTIVE views= 8 mean_abs_feat_delta= 0.361583\n"}
,{"stream_name":"stdout","time":1862.905442027,"data":"EDGE_TTA_ACTIVE views= 8 mean_abs_feat_delta= 0.335356\n"}
,{"stream_name":"stdout","time":1863.108137619,"data":"EDGE_TTA_ACTIVE views= 8 mean_abs_feat_delta= 0.335356\n"}
,{"stream_name":"stdout","time":1863.360378748,"data":"BIOHUB_RETENTION_GUARD {\"blended_candidates\": 328, \"dataset\": \"44b6_2a2eff9f\", \"frame\": 17, \"minimum_retention\": 0.9, \"primary_candidates\": 458, \"retention\": 0.7161572052401747, \"use_primary\": true}\n"}
,{"stream_name":"stdout","time":1863.562936865,"data":"BIOHUB_RETENTION_GUARD {\"blended_candidates\": 328, \"dataset\": \"44b6_2a2eff9f\", \"frame\": 17, \"minimum_retention\": 0.9, \"primary_candidates\": 458, \"retention\": 0.7161572052401747, \"use_primary\": true}\n"}
,{"stream_name":"stdout","time":1864.641248718,"data":"EDGE_TTA_ACTIVE views= 8 mean_abs_feat_delta= 0.359303\n"}
,{"stream_name":"stdout","time":1864.843620347,"data":"EDGE_TTA_ACTIVE views= 8 mean_abs_feat_delta= 0.359303\n"}
,{"stream_name":"stdout","time":1864.994497026,"data":"EDGE_TTA_ACTIVE views= 8 mean_abs_feat_delta= 0.333142\n"}
,{"stream_name":"stdout","time":1865.196679488,"data":"EDGE_TTA_ACTIVE views= 8 mean_abs_feat_delta= 0.333142\n"}
,{"stream_name":"stdout","time":1865.611439726,"data":"BIOHUB_RETENTION_GUARD {\"blended_candidates\": 408, \"dataset\": \"44b6_2a2eff9f\", \"frame\": 18, \"minimum_retention\": 0.9, \"primary_candidates\": 486, \"retention\": 0.8395061728395061, \"use_primary\": true}\n"}
,{"stream_name":"stdout","time":1865.813978361,"data":"BIOHUB_RETENTION_GUARD {\"blended_candidates\": 408, \"dataset\": \"44b6_2a2eff9f\", \"frame\": 18, \"minimum_retention\": 0.9, \"primary_candidates\": 486, \"retention\": 0.8395061728395061, \"use_primary\": true}\n"}
,{"stream_name":"stdout","time":1866.891431198,"data":"EDGE_TTA_ACTIVE views= 8 mean_abs_feat_delta= 0.357931\n"}
,{"stream_name":"stdout","time":1867.087490161,"data":"EDGE_TTA_ACTIVE views= 8 mean_abs_feat_delta= 0.328461\n"}
,{"stream_name":"stdout","time":1867.094359739,"data":"EDGE_TTA_ACTIVE views= 8 mean_abs_feat_delta= 0.357931\n"}
,{"stream_name":"stdout","time":1867.094381798,"data":"EDGE_TTA_ACTIVE views= 8 mean_abs_feat_delta= 0.328461\n"}
,{"stream_name":"stdout","time":1867.860082534,"data":"BIOHUB_RETENTION_GUARD {\"blended_candidates\": 382, \"dataset\": \"44b6_2a2eff9f\", \"frame\": 19, \"minimum_retention\": 0.9, \"primary_candidates\": 474, \"retention\": 0.8059071729957806, \"use_primary\": true}\n"}
,{"stream_name":"stdout","time":1868.06299576,"data":"BIOHUB_RETENTION_GUARD {\"blended_candidates\": 382, \"dataset\": \"44b6_2a2eff9f\", \"frame\": 19, \"minimum_retention\": 0.9, \"primary_candidates\": 474, \"retention\": 0.8059071729957806, \"use_primary\": true}\n"}
,{"stream_name":"stdout","time":1869.11999789,"data":"EDGE_TTA_ACTIVE views= 8 mean_abs_feat_delta= 0.35399\n"}
,{"stream_name":"stdout","time":1869.173682941,"data":"EDGE_TTA_ACTIVE views= 8 mean_abs_feat_delta= 0.328834\n"}
,{"stream_name":"stdout","time":1869.322693031,"data":"EDGE_TTA_ACTIVE views= 8 mean_abs_feat_delta= 0.35399\n"}
,{"stream_name":"stdout","time":1869.32271781,"data":"EDGE_TTA_ACTIVE views= 8 mean_abs_feat_delta= 0.328834\n"}
,{"stream_name":"stdout","time":1870.089935873,"data":"BIOHUB_RETENTION_GUARD {\"blended_candidates\": 404, \"dataset\": \"44b6_2a2eff9f\", \"frame\": 20, \"minimum_retention\": 0.9, \"primary_candidates\": 504, \"retention\": 0.8015873015873016, \"use_primary\": true}\n"}
,{"stream_name":"stdout","time":1870.292349849,"data":"BIOHUB_RETENTION_GUARD {\"blended_candidates\": 404, \"dataset\": \"44b6_2a2eff9f\", \"frame\": 20, \"minimum_retention\": 0.9, \"primary_candidates\": 504, \"retention\": 0.8015873015873016, \"use_primary\": true}\n"}
,{"stream_name":"stdout","time":1871.224402357,"data":"EDGE_TTA_ACTIVE views= 8 mean_abs_feat_delta= 0.33524\n"}
,{"stream_name":"stdout","time":1871.309078308,"data":"EDGE_TTA_ACTIVE views= 8 mean_abs_feat_delta= 0.354644\n"}
,{"stream_name":"stdout","time":1871.427031095,"data":"EDGE_TTA_ACTIVE views= 8 mean_abs_feat_delta= 0.33524\n"}
,{"stream_name":"stdout","time":1871.427050985,"data":"EDGE_TTA_ACTIVE views= 8 mean_abs_feat_delta= 0.354644\n"}
,{"stream_name":"stdout","time":1872.278508935,"data":"BIOHUB_RETENTION_GUARD {\"blended_candidates\": 413, \"dataset\": \"44b6_2a2eff9f\", \"frame\": 21, \"minimum_retention\": 0.9, \"primary_candidates\": 491, \"retention\": 0.8411405295315683, \"use_primary\": true}\n"}
,{"stream_name":"stdout","time":1872.481248384,"data":"BIOHUB_RETENTION_GUARD {\"blended_candidates\": 413, \"dataset\": \"44b6_2a2eff9f\", \"frame\": 21, \"minimum_retention\": 0.9, \"primary_candidates\": 491, \"retention\": 0.8411405295315683, \"use_primary\": true}\n"}
,{"stream_name":"stdout","time":1873.331136322,"data":"EDGE_TTA_ACTIVE views= 8 mean_abs_feat_delta= 0.330644\n"}
,{"stream_name":"stdout","time":1873.436550625,"data":"EDGE_TTA_ACTIVE views= 8 mean_abs_feat_delta= 0.354923\n"}
,{"stream_name":"stdout","time":1873.533613554,"data":"EDGE_TTA_ACTIVE views= 8 mean_abs_feat_delta= 0.330644\n"}
,{"stream_name":"stdout","time":1873.533638728,"data":"EDGE_TTA_ACTIVE views= 8 mean_abs_feat_delta= 0.354923\n"}
,{"stream_name":"stdout","time":1874.408041924,"data":"BIOHUB_RETENTION_GUARD {\"blended_candidates\": 362, \"dataset\": \"44b6_2a2eff9f\", \"frame\": 22, \"minimum_retention\": 0.9, \"primary_candidates\": 470, \"retention\": 0.7702127659574468, \"use_primary\": true}\n"}
,{"stream_name":"stdout","time":1874.609404005,"data":"BIOHUB_RETENTION_GUARD {\"blended_candidates\": 362, \"dataset\": \"44b6_2a2eff9f\", \"frame\": 22, \"minimum_retention\": 0.9, \"primary_candidates\": 470, \"retention\": 0.7702127659574468, \"use_primary\": true}\n"}
,{"stream_name":"stdout","time":1875.360357349,"data":"EDGE_TTA_ACTIVE views= 8 mean_abs_feat_delta= 0.329724\n"}
,{"stream_name":"stdout","time":1875.562747503,"data":"EDGE_TTA_ACTIVE views= 8 mean_abs_feat_delta= 0.329724\n"}
,{"stream_name":"stdout","time":1875.603140015,"data":"EDGE_TTA_ACTIVE views= 8 mean_abs_feat_delta= 0.354804\n"}
,{"stream_name":"stdout","time":1875.805319616,"data":"EDGE_TTA_ACTIVE views= 8 mean_abs_feat_delta= 0.354804\n"}
,{"stream_name":"stdout","time":1876.577163708,"data":"BIOHUB_RETENTION_GUARD {\"blended_candidates\": 377, \"dataset\": \"44b6_2a2eff9f\", \"frame\": 23, \"minimum_retention\": 0.9, \"primary_candidates\": 467, \"retention\": 0.8072805139186295, \"use_primary\": true}\n"}
,{"stream_name":"stdout","time":1876.779354084,"data":"BIOHUB_RETENTION_GUARD {\"blended_candidates\": 377, \"dataset\": \"44b6_2a2eff9f\", \"frame\": 23, \"minimum_retention\": 0.9, \"primary_candidates\": 467, \"retention\": 0.8072805139186295, \"use_primary\": true}\n"}
,{"stream_name":"stdout","time":1877.410718199,"data":"EDGE_TTA_ACTIVE views= 8 mean_abs_feat_delta= 0.328509\n"}
,{"stream_name":"stdout","time":1877.613136801,"data":"EDGE_TTA_ACTIVE views= 8 mean_abs_feat_delta= 0.328509\n"}
,{"stream_name":"stdout","time":1877.73694426,"data":"EDGE_TTA_ACTIVE views= 8 mean_abs_feat_delta= 0.354254\n"}
,{"stream_name":"stdout","time":1877.939369196,"data":"EDGE_TTA_ACTIVE views= 8 mean_abs_feat_delta= 0.354254\n"}
,{"stream_name":"stdout","time":1878.706979144,"data":"BIOHUB_RETENTION_GUARD {\"blended_candidates\": 378, \"dataset\": \"44b6_2a2eff9f\", \"frame\": 24, \"minimum_retention\": 0.9, \"primary_candidates\": 467, \"retention\": 0.8094218415417559, \"use_primary\": true}\n"}
,{"stream_name":"stdout","time":1878.909489509,"data":"BIOHUB_RETENTION_GUARD {\"blended_candidates\": 378, \"dataset\": \"44b6_2a2eff9f\", \"frame\": 24, \"minimum_retention\": 0.9, \"primary_candidates\": 467, \"retention\": 0.8094218415417559, \"use_primary\": true}\n"}
,{"stream_name":"stdout","time":1879.560411923,"data":"EDGE_TTA_ACTIVE views= 8 mean_abs_feat_delta= 0.328824\n"}
,{"stream_name":"stdout","time":1879.762815738,"data":"EDGE_TTA_ACTIVE views= 8 mean_abs_feat_delta= 0.328824\n"}
,{"stream_name":"stdout","time":1879.864494282,"data":"EDGE_TTA_ACTIVE views= 8 mean_abs_feat_delta= 0.361493\n"}
,{"stream_name":"stdout","time":1880.066871928,"data":"EDGE_TTA_ACTIVE views= 8 mean_abs_feat_delta= 0.361493\n"}
,{"stream_name":"stdout","time":1880.835271088,"data":"BIOHUB_RETENTION_GUARD {\"blended_candidates\": 363, \"dataset\": \"44b6_2a2eff9f\", \"frame\": 25, \"minimum_retention\": 0.9, \"primary_candidates\": 449, \"retention\": 0.8084632516703786, \"use_primary\": true}\n"}
,{"stream_name":"stdout","time":1881.037849847,"data":"BIOHUB_RETENTION_GUARD {\"blended_candidates\": 363, \"dataset\": \"44b6_2a2eff9f\", \"frame\": 25, \"minimum_retention\": 0.9, \"primary_candidates\": 449, \"retention\": 0.8084632516703786, \"use_primary\": true}\n"}
,{"stream_name":"stdout","time":1881.709725909,"data":"EDGE_TTA_ACTIVE views= 8 mean_abs_feat_delta= 0.333453\n"}
,{"stream_name":"stdout","time":1881.913129005,"data":"EDGE_TTA_ACTIVE views= 8 mean_abs_feat_delta= 0.333453\n"}
,{"stream_name":"stdout","time":1882.133425735,"data":"EDGE_TTA_ACTIVE views= 8 mean_abs_feat_delta= 0.367501\n"}
,{"stream_name":"stdout","time":1882.335789291,"data":"EDGE_TTA_ACTIVE views= 8 mean_abs_feat_delta= 0.367501\n"}
,{"stream_name":"stdout","time":1883.102822725,"data":"BIOHUB_RETENTION_GUARD {\"blended_candidates\": 348, \"dataset\": \"44b6_2a2eff9f\", \"frame\": 26, \"minimum_retention\": 0.9, \"primary_candidates\": 438, \"retention\": 0.7945205479452054, \"use_primary\": true}\n"}
,{"stream_name":"stdout","time":1883.304928827,"data":"BIOHUB_RETENTION_GUARD {\"blended_candidates\": 348, \"dataset\": \"44b6_2a2eff9f\", \"frame\": 26, \"minimum_retention\": 0.9, \"primary_candidates\": 438, \"retention\": 0.7945205479452054, \"use_primary\": true}\n"}
,{"stream_name":"stdout","time":1883.804218338,"data":"EDGE_TTA_ACTIVE views= 8 mean_abs_feat_delta= 0.33049\n"}
,{"stream_name":"stdout","time":1884.006868849,"data":"EDGE_TTA_ACTIVE views= 8 mean_abs_feat_delta= 0.33049\n"}
,{"stream_name":"stdout","time":1884.319931485,"data":"EDGE_TTA_ACTIVE views= 8 mean_abs_feat_delta= 0.364694\n"}
,{"stream_name":"stdout","time":1884.522454784,"data":"EDGE_TTA_ACTIVE views= 8 mean_abs_feat_delta= 0.364694\n"}
,{"stream_name":"stdout","time":1885.290335446,"data":"BIOHUB_RETENTION_GUARD {\"blended_candidates\": 357, \"dataset\": \"44b6_2a2eff9f\", \"frame\": 27, \"minimum_retention\": 0.9, \"primary_candidates\": 475, \"retention\": 0.751578947368421, \"use_primary\": true}\n"}
,{"stream_name":"stdout","time":1885.492501474,"data":"BIOHUB_RETENTION_GUARD {\"blended_candidates\": 357, \"dataset\": \"44b6_2a2eff9f\", \"frame\": 27, \"minimum_retention\": 0.9, \"primary_candidates\": 475, \"retention\": 0.751578947368421, \"use_primary\": true}\n"}
,{"stream_name":"stdout","time":1885.843860667,"data":"EDGE_TTA_ACTIVE views= 8 mean_abs_feat_delta= 0.330532\n"}
,{"stream_name":"stdout","time":1886.046580309,"data":"EDGE_TTA_ACTIVE views= 8 mean_abs_feat_delta= 0.330532\n"}
,{"stream_name":"stdout","time":1886.526560106,"data":"EDGE_TTA_ACTIVE views= 8 mean_abs_feat_delta= 0.36466\n"}
,{"stream_name":"stdout","time":1886.728758645,"data":"EDGE_TTA_ACTIVE views= 8 mean_abs_feat_delta= 0.36466\n"}
,{"stream_name":"stdout","time":1887.496787894,"data":"BIOHUB_RETENTION_GUARD {\"blended_candidates\": 349, \"dataset\": \"44b6_2a2eff9f\", \"frame\": 28, \"minimum_retention\": 0.9, \"primary_candidates\": 461, \"retention\": 0.7570498915401301, \"use_primary\": true}\n"}
,{"stream_name":"stdout","time":1887.73964595,"data":"BIOHUB_RETENTION_GUARD {\"blended_candidates\": 349, \"dataset\": \"44b6_2a2eff9f\", \"frame\": 28, \"minimum_retention\": 0.9, \"primary_candidates\": 461, \"retention\": 0.7570498915401301, \"use_primary\": true}\n"}
,{"stream_name":"stdout","time":1887.999062963,"data":"EDGE_TTA_ACTIVE views= 8 mean_abs_feat_delta= 0.336898\n"}
,{"stream_name":"stdout","time":1888.201494977,"data":"EDGE_TTA_ACTIVE views= 8 mean_abs_feat_delta= 0.336898\n"}
,{"stream_name":"stdout","time":1888.696050551,"data":"EDGE_TTA_ACTIVE views= 8 mean_abs_feat_delta= 0.364232\n"}
,{"stream_name":"stdout","time":1888.898343592,"data":"EDGE_TTA_ACTIVE views= 8 mean_abs_feat_delta= 0.364232\n"}
,{"stream_name":"stdout","time":1889.678527617,"data":"BIOHUB_RETENTION_GUARD {\"blended_candidates\": 352, \"dataset\": \"44b6_2a2eff9f\", \"frame\": 29, \"minimum_retention\": 0.9, \"primary_candidates\": 467, \"retention\": 0.7537473233404711, \"use_primary\": true}\n"}
,{"stream_name":"stdout","time":1889.881010441,"data":"BIOHUB_RETENTION_GUARD {\"blended_candidates\": 352, \"dataset\": \"44b6_2a2eff9f\", \"frame\": 29, \"minimum_retention\": 0.9, \"primary_candidates\": 467, \"retention\": 0.7537473233404711, \"use_primary\": true}\n"}
,{"stream_name":"stdout","time":1890.076440859,"data":"EDGE_TTA_ACTIVE views= 8 mean_abs_feat_delta= 0.339093\n"}
,{"stream_name":"stdout","time":1890.278885674,"data":"EDGE_TTA_ACTIVE views= 8 mean_abs_feat_delta= 0.339093\n"}
,{"stream_name":"stdout","time":1890.942243414,"data":"EDGE_TTA_ACTIVE views= 8 mean_abs_feat_delta= 0.369005\n"}
,{"stream_name":"stdout","time":1891.144481187,"data":"EDGE_TTA_ACTIVE views= 8 mean_abs_feat_delta= 0.369005\n"}
,{"stream_name":"stdout","time":1891.915615171,"data":"BIOHUB_RETENTION_GUARD {\"blended_candidates\": 342, \"dataset\": \"44b6_2a2eff9f\", \"frame\": 30, \"minimum_retention\": 0.9, \"primary_candidates\": 460, \"retention\": 0.7434782608695653, \"use_primary\": true}\n"}
,{"stream_name":"stdout","time":1892.118309392,"data":"BIOHUB_RETENTION_GUARD {\"blended_candidates\": 342, \"dataset\": \"44b6_2a2eff9f\", \"frame\": 30, \"minimum_retention\": 0.9, \"primary_candidates\": 460, \"retention\": 0.7434782608695653, \"use_primary\": true}\n"}
,{"stream_name":"stdout","time":1892.221205423,"data":"EDGE_TTA_ACTIVE views= 8 mean_abs_feat_delta= 0.334928\n"}
,{"stream_name":"stdout","time":1892.423304491,"data":"EDGE_TTA_ACTIVE views= 8 mean_abs_feat_delta= 0.334928\n"}
,{"stream_name":"stdout","time":1893.15360486,"data":"EDGE_TTA_ACTIVE views= 8 mean_abs_feat_delta= 0.371568\n"}
,{"stream_name":"stdout","time":1893.356109631,"data":"EDGE_TTA_ACTIVE views= 8 mean_abs_feat_delta= 0.371568\n"}
,{"stream_name":"stdout","time":1894.140948807,"data":"BIOHUB_RETENTION_GUARD {\"blended_candidates\": 360, \"dataset\": \"44b6_2a2eff9f\", \"frame\": 31, \"minimum_retention\": 0.9, \"primary_candidates\": 457, \"retention\": 0.787746170678337, \"use_primary\": true}\n"}
,{"stream_name":"stdout","time":1894.335278407,"data":"EDGE_TTA_ACTIVE views= 8 mean_abs_feat_delta= 0.334762\n"}
,{"stream_name":"stdout","time":1894.343501446,"data":"BIOHUB_RETENTION_GUARD {\"blended_candidates\": 360, \"dataset\": \"44b6_2a2eff9f\", \"frame\": 31, \"minimum_retention\": 0.9, \"primary_candidates\": 457, \"retention\": 0.787746170678337, \"use_primary\": true}\n"}
,{"stream_name":"stdout","time":1894.343542267,"data":"EDGE_TTA_ACTIVE views= 8 mean_abs_feat_delta= 0.334762\n"}
,{"stream_name":"stdout","time":1895.362575098,"data":"EDGE_TTA_ACTIVE views= 8 mean_abs_feat_delta= 0.373964\n"}
,{"stream_name":"stdout","time":1895.56499418,"data":"EDGE_TTA_ACTIVE views= 8 mean_abs_feat_delta= 0.373964\n"}
,{"stream_name":"stdout","time":1896.349660275,"data":"BIOHUB_RETENTION_GUARD {\"blended_candidates\": 361, \"dataset\": \"44b6_2a2eff9f\", \"frame\": 32, \"minimum_retention\": 0.9, \"primary_candidates\": 461, \"retention\": 0.7830802603036876, \"use_primary\": true}\n"}
,{"stream_name":"stdout","time":1896.410749638,"data":"EDGE_TTA_ACTIVE views= 8 mean_abs_feat_delta= 0.343229\n"}
,{"stream_name":"stdout","time":1896.551938693,"data":"BIOHUB_RETENTION_GUARD {\"blended_candidates\": 361, \"dataset\": \"44b6_2a2eff9f\", \"frame\": 32, \"minimum_retention\": 0.9, \"primary_candidates\": 461, \"retention\": 0.7830802603036876, \"use_primary\": true}\n"}
,{"stream_name":"stdout","time":1896.551965556,"data":"EDGE_TTA_ACTIVE views= 8 mean_abs_feat_delta= 0.343229\n"}
,{"stream_name":"stdout","time":1897.576798872,"data":"EDGE_TTA_ACTIVE views= 8 mean_abs_feat_delta= 0.375985\n"}
,{"stream_name":"stdout","time":1897.779231174,"data":"EDGE_TTA_ACTIVE views= 8 mean_abs_feat_delta= 0.375985\n"}
,{"stream_name":"stdout","time":1898.519834925,"data":"EDGE_TTA_ACTIVE views= 8 mean_abs_feat_delta= 0.34071\n"}
,{"stream_name":"stdout","time":1898.558542063,"data":"BIOHUB_RETENTION_GUARD {\"blended_candidates\": 336, \"dataset\": \"44b6_2a2eff9f\", \"frame\": 33, \"minimum_retention\": 0.9, \"primary_candidates\": 455, \"retention\": 0.7384615384615385, \"use_primary\": true}\n"}
,{"stream_name":"stdout","time":1898.722003541,"data":"EDGE_TTA_ACTIVE views= 8 mean_abs_feat_delta= 0.34071\n"}
,{"stream_name":"stdout","time":1898.722037949,"data":"BIOHUB_RETENTION_GUARD {\"blended_candidates\": 336, \"dataset\": \"44b6_2a2eff9f\", \"frame\": 33, \"minimum_retention\": 0.9, \"primary_candidates\": 455, \"retention\": 0.7384615384615385, \"use_primary\": true}\n"}
,{"stream_name":"stdout","time":1899.773533731,"data":"EDGE_TTA_ACTIVE views= 8 mean_abs_feat_delta= 0.370885\n"}
,{"stream_name":"stdout","time":1899.975879265,"data":"EDGE_TTA_ACTIVE views= 8 mean_abs_feat_delta= 0.370885\n"}
,{"stream_name":"stdout","time":1900.639468305,"data":"EDGE_TTA_ACTIVE views= 8 mean_abs_feat_delta= 0.337284\n"}
,{"stream_name":"stdout","time":1900.75987937,"data":"BIOHUB_RETENTION_GUARD {\"blended_candidates\": 344, \"dataset\": \"44b6_2a2eff9f\", \"frame\": 34, \"minimum_retention\": 0.9, \"primary_candidates\": 470, \"retention\": 0.7319148936170212, \"use_primary\": true}\n"}
,{"stream_name":"stdout","time":1900.841993241,"data":"EDGE_TTA_ACTIVE views= 8 mean_abs_feat_delta= 0.337284\n"}
,{"stream_name":"stdout","time":1900.842018085,"data":"BIOHUB_RETENTION_GUARD {\"blended_candidates\": 344, \"dataset\": \"44b6_2a2eff9f\", \"frame\": 34, \"minimum_retention\": 0.9, \"primary_candidates\": 470, \"retention\": 0.7319148936170212, \"use_primary\": true}\n"}
,{"stream_name":"stdout","time":1901.963442979,"data":"EDGE_TTA_ACTIVE views= 8 mean_abs_feat_delta= 0.36672\n"}
,{"stream_name":"stdout","time":1902.166038036,"data":"EDGE_TTA_ACTIVE views= 8 mean_abs_feat_delta= 0.36672\n"}
,{"stream_name":"stdout","time":1902.760718082,"data":"EDGE_TTA_ACTIVE views= 8 mean_abs_feat_delta= 0.340637\n"}
,{"stream_name":"stdout","time":1902.955648283,"data":"BIOHUB_RETENTION_GUARD {\"blended_candidates\": 339, \"dataset\": \"44b6_2a2eff9f\", \"frame\": 35, \"minimum_retention\": 0.9, \"primary_candidates\": 461, \"retention\": 0.735357917570499, \"use_primary\": true}\n"}
,{"stream_name":"stdout","time":1902.963601304,"data":"EDGE_TTA_ACTIVE views= 8 mean_abs_feat_delta= 0.340637\n"}
,{"stream_name":"stdout","time":1902.963641308,"data":"BIOHUB_RETENTION_GUARD {\"blended_candidates\": 339, \"dataset\": \"44b6_2a2eff9f\", \"frame\": 35, \"minimum_retention\": 0.9, \"primary_candidates\": 461, \"retention\": 0.735357917570499, \"use_primary\": true}\n"}
,{"stream_name":"stdout","time":1904.195055329,"data":"EDGE_TTA_ACTIVE views= 8 mean_abs_feat_delta= 0.364845\n"}
,{"stream_name":"stdout","time":1904.397493563,"data":"EDGE_TTA_ACTIVE views= 8 mean_abs_feat_delta= 0.364845\n"}
,{"stream_name":"stdout","time":1904.865419768,"data":"EDGE_TTA_ACTIVE views= 8 mean_abs_feat_delta= 0.338061\n"}
,{"stream_name":"stdout","time":1905.067998853,"data":"EDGE_TTA_ACTIVE views= 8 mean_abs_feat_delta= 0.338061\n"}
,{"stream_name":"stdout","time":1905.186017193,"data":"BIOHUB_RETENTION_GUARD {\"blended_candidates\": 344, \"dataset\": \"44b6_2a2eff9f\", \"frame\": 36, \"minimum_retention\": 0.9, \"primary_candidates\": 451, \"retention\": 0.7627494456762749, \"use_primary\": true}\n"}
,{"stream_name":"stdout","time":1905.388574521,"data":"BIOHUB_RETENTION_GUARD {\"blended_candidates\": 344, \"dataset\": \"44b6_2a2eff9f\", \"frame\": 36, \"minimum_retention\": 0.9, \"primary_candidates\": 451, \"retention\": 0.7627494456762749, \"use_primary\": true}\n"}
,{"stream_name":"stdout","time":1906.339565247,"data":"EDGE_TTA_ACTIVE views= 8 mean_abs_feat_delta= 0.365471\n"}
,{"stream_name":"stdout","time":1906.54207266,"data":"EDGE_TTA_ACTIVE views= 8 mean_abs_feat_delta= 0.365471\n"}
,{"stream_name":"stdout","time":1907.055478444,"data":"EDGE_TTA_ACTIVE views= 8 mean_abs_feat_delta= 0.345326\n"}
,{"stream_name":"stdout","time":1907.257842358,"data":"EDGE_TTA_ACTIVE views= 8 mean_abs_feat_delta= 0.345326\n"}
,{"stream_name":"stdout","time":1907.332906744,"data":"BIOHUB_RETENTION_GUARD {\"blended_candidates\": 329, \"dataset\": \"44b6_2a2eff9f\", \"frame\": 37, \"minimum_retention\": 0.9, \"primary_candidates\": 430, \"retention\": 0.7651162790697674, \"use_primary\": true}\n"}
,{"stream_name":"stdout","time":1907.53531201,"data":"BIOHUB_RETENTION_GUARD {\"blended_candidates\": 329, \"dataset\": \"44b6_2a2eff9f\", \"frame\": 37, \"minimum_retention\": 0.9, \"primary_candidates\": 430, \"retention\": 0.7651162790697674, \"use_primary\": true}\n"}
,{"stream_name":"stdout","time":1908.484655922,"data":"EDGE_TTA_ACTIVE views= 8 mean_abs_feat_delta= 0.367895\n"}
,{"stream_name":"stdout","time":1908.687125921,"data":"EDGE_TTA_ACTIVE views= 8 mean_abs_feat_delta= 0.367895\n"}
,{"stream_name":"stdout","time":1909.207293045,"data":"EDGE_TTA_ACTIVE views= 8 mean_abs_feat_delta= 0.349698\n"}
,{"stream_name":"stdout","time":1909.409873997,"data":"EDGE_TTA_ACTIVE views= 8 mean_abs_feat_delta= 0.349698\n"}
,{"stream_name":"stdout","time":1909.473292512,"data":"BIOHUB_RETENTION_GUARD {\"blended_candidates\": 321, \"dataset\": \"44b6_2a2eff9f\", \"frame\": 38, \"minimum_retention\": 0.9, \"primary_candidates\": 432, \"retention\": 0.7430555555555556, \"use_primary\": true}\n"}
,{"stream_name":"stdout","time":1909.675552072,"data":"BIOHUB_RETENTION_GUARD {\"blended_candidates\": 321, \"dataset\": \"44b6_2a2eff9f\", \"frame\": 38, \"minimum_retention\": 0.9, \"primary_candidates\": 432, \"retention\": 0.7430555555555556, \"use_primary\": true}\n"}
,{"stream_name":"stdout","time":1910.678846007,"data":"EDGE_TTA_ACTIVE views= 8 mean_abs_feat_delta= 0.369509\n"}
,{"stream_name":"stdout","time":1910.881266183,"data":"EDGE_TTA_ACTIVE views= 8 mean_abs_feat_delta= 0.369509\n"}
,{"stream_name":"stdout","time":1911.343711247,"data":"EDGE_TTA_ACTIVE views= 8 mean_abs_feat_delta= 0.349809\n"}
,{"stream_name":"stdout","time":1911.546316813,"data":"EDGE_TTA_ACTIVE views= 8 mean_abs_feat_delta= 0.349809\n"}
,{"stream_name":"stdout","time":1911.679741146,"data":"BIOHUB_RETENTION_GUARD {\"blended_candidates\": 347, \"dataset\": \"44b6_2a2eff9f\", \"frame\": 39, \"minimum_retention\": 0.9, \"primary_candidates\": 430, \"retention\": 0.8069767441860465, \"use_primary\": true}\n"}
,{"stream_name":"stdout","time":1911.884519235,"data":"BIOHUB_RETENTION_GUARD {\"blended_candidates\": 347, \"dataset\": \"44b6_2a2eff9f\", \"frame\": 39, \"minimum_retention\": 0.9, \"primary_candidates\": 430, \"retention\": 0.8069767441860465, \"use_primary\": true}\n"}
,{"stream_name":"stdout","time":1912.866357027,"data":"EDGE_TTA_ACTIVE views= 8 mean_abs_feat_delta= 0.369407\n"}
,{"stream_name":"stdout","time":1913.06902315,"data":"EDGE_TTA_ACTIVE views= 8 mean_abs_feat_delta= 0.369407\n"}
,{"stream_name":"stdout","time":1913.448207643,"data":"EDGE_TTA_ACTIVE views= 8 mean_abs_feat_delta= 0.338556\n"}
,{"stream_name":"stdout","time":1913.650656826,"data":"EDGE_TTA_ACTIVE views= 8 mean_abs_feat_delta= 0.338556\n"}
,{"stream_name":"stdout","time":1913.8687362,"data":"BIOHUB_RETENTION_GUARD {\"blended_candidates\": 338, \"dataset\": \"44b6_2a2eff9f\", \"frame\": 40, \"minimum_retention\": 0.9, \"primary_candidates\": 423, \"retention\": 0.7990543735224587, \"use_primary\": true}\n"}
,{"stream_name":"stdout","time":1914.071177259,"data":"BIOHUB_RETENTION_GUARD {\"blended_candidates\": 338, \"dataset\": \"44b6_2a2eff9f\", \"frame\": 40, \"minimum_retention\": 0.9, \"primary_candidates\": 423, \"retention\": 0.7990543735224587, \"use_primary\": true}\n"}
,{"stream_name":"stdout","time":1915.166040328,"data":"EDGE_TTA_ACTIVE views= 8 mean_abs_feat_delta= 0.366559\n"}
,{"stream_name":"stdout","time":1915.36855683,"data":"EDGE_TTA_ACTIVE views= 8 mean_abs_feat_delta= 0.366559\n"}
,{"stream_name":"stdout","time":1915.627013157,"data":"EDGE_TTA_ACTIVE views= 8 mean_abs_feat_delta= 0.340267\n"}
,{"stream_name":"stdout","time":1915.829280599,"data":"EDGE_TTA_ACTIVE views= 8 mean_abs_feat_delta= 0.340267\n"}
,{"stream_name":"stdout","time":1916.166220156,"data":"BIOHUB_RETENTION_GUARD {\"blended_candidates\": 356, \"dataset\": \"44b6_2a2eff9f\", \"frame\": 41, \"minimum_retention\": 0.9, \"primary_candidates\": 439, \"retention\": 0.8109339407744874, \"use_primary\": true}\n"}
,{"stream_name":"stdout","time":1916.368730321,"data":"BIOHUB_RETENTION_GUARD {\"blended_candidates\": 356, \"dataset\": \"44b6_2a2eff9f\", \"frame\": 41, \"minimum_retention\": 0.9, \"primary_candidates\": 439, \"retention\": 0.8109339407744874, \"use_primary\": true}\n"}
,{"stream_name":"stdout","time":1917.379645966,"data":"EDGE_TTA_ACTIVE views= 8 mean_abs_feat_delta= 0.365076\n"}
,{"stream_name":"stdout","time":1917.581775934,"data":"EDGE_TTA_ACTIVE views= 8 mean_abs_feat_delta= 0.365076\n"}
,{"stream_name":"stdout","time":1917.705483557,"data":"EDGE_TTA_ACTIVE views= 8 mean_abs_feat_delta= 0.344133\n"}
,{"stream_name":"stdout","time":1917.96819474,"data":"EDGE_TTA_ACTIVE views= 8 mean_abs_feat_delta= 0.344133\n"}
,{"stream_name":"stdout","time":1918.382721576,"data":"BIOHUB_RETENTION_GUARD {\"blended_candidates\": 348, \"dataset\": \"44b6_2a2eff9f\", \"frame\": 42, \"minimum_retention\": 0.9, \"primary_candidates\": 424, \"retention\": 0.8207547169811321, \"use_primary\": true}\n"}
,{"stream_name":"stdout","time":1918.585326283,"data":"BIOHUB_RETENTION_GUARD {\"blended_candidates\": 348, \"dataset\": \"44b6_2a2eff9f\", \"frame\": 42, \"minimum_retention\": 0.9, \"primary_candidates\": 424, \"retention\": 0.8207547169811321, \"use_primary\": true}\n"}
,{"stream_name":"stdout","time":1919.596382392,"data":"EDGE_TTA_ACTIVE views= 8 mean_abs_feat_delta= 0.363489\n"}
,{"stream_name":"stdout","time":1919.798939897,"data":"EDGE_TTA_ACTIVE views= 8 mean_abs_feat_delta= 0.363489\n"}
,{"stream_name":"stdout","time":1919.815932183,"data":"EDGE_TTA_ACTIVE views= 8 mean_abs_feat_delta= 0.337296\n"}
,{"stream_name":"stdout","time":1920.020624878,"data":"EDGE_TTA_ACTIVE views= 8 mean_abs_feat_delta= 0.337296\n"}
,{"stream_name":"stdout","time":1920.602402665,"data":"BIOHUB_RETENTION_GUARD {\"blended_candidates\": 325, \"dataset\": \"44b6_2a2eff9f\", \"frame\": 43, \"minimum_retention\": 0.9, \"primary_candidates\": 418, \"retention\": 0.777511961722488, \"use_primary\": true}\n"}
,{"stream_name":"stdout","time":1920.804606168,"data":"BIOHUB_RETENTION_GUARD {\"blended_candidates\": 325, \"dataset\": \"44b6_2a2eff9f\", \"frame\": 43, \"minimum_retention\": 0.9, \"primary_candidates\": 418, \"retention\": 0.777511961722488, \"use_primary\": true}\n"}
,{"stream_name":"stdout","time":1921.902630445,"data":"EDGE_TTA_ACTIVE views= 8 mean_abs_feat_delta= 0.365601\n"}
,{"stream_name":"stdout","time":1921.955912461,"data":"EDGE_TTA_ACTIVE views= 8 mean_abs_feat_delta= 0.340359\n"}
,{"stream_name":"stdout","time":1922.104996625,"data":"EDGE_TTA_ACTIVE views= 8 mean_abs_feat_delta= 0.365601\n"}
,{"stream_name":"stdout","time":1922.105021371,"data":"EDGE_TTA_ACTIVE views= 8 mean_abs_feat_delta= 0.340359\n"}
,{"stream_name":"stdout","time":1922.908734222,"data":"BIOHUB_RETENTION_GUARD {\"blended_candidates\": 329, \"dataset\": \"44b6_2a2eff9f\", \"frame\": 44, \"minimum_retention\": 0.9, \"primary_candidates\": 441, \"retention\": 0.746031746031746, \"use_primary\": true}\n"}
,{"stream_name":"stdout","time":1923.110990973,"data":"BIOHUB_RETENTION_GUARD {\"blended_candidates\": 329, \"dataset\": \"44b6_2a2eff9f\", \"frame\": 44, \"minimum_retention\": 0.9, \"primary_candidates\": 441, \"retention\": 0.746031746031746, \"use_primary\": true}\n"}
,{"stream_name":"stdout","time":1924.062976082,"data":"EDGE_TTA_ACTIVE views= 8 mean_abs_feat_delta= 0.328718\n"}
,{"stream_name":"stdout","time":1924.128633887,"data":"EDGE_TTA_ACTIVE views= 8 mean_abs_feat_delta= 0.366265\n"}
,{"stream_name":"stdout","time":1924.265676732,"data":"EDGE_TTA_ACTIVE views= 8 mean_abs_feat_delta= 0.328718\n"}
,{"stream_name":"stdout","time":1924.265719279,"data":"EDGE_TTA_ACTIVE views= 8 mean_abs_feat_delta= 0.366265\n"}
,{"stream_name":"stdout","time":1925.138072098,"data":"BIOHUB_RETENTION_GUARD {\"blended_candidates\": 318, \"dataset\": \"44b6_2a2eff9f\", \"frame\": 45, \"minimum_retention\": 0.9, \"primary_candidates\": 424, \"retention\": 0.75, \"use_primary\": true}\n"}
,{"stream_name":"stdout","time":1925.340210253,"data":"BIOHUB_RETENTION_GUARD {\"blended_candidates\": 318, \"dataset\": \"44b6_2a2eff9f\", \"frame\": 45, \"minimum_retention\": 0.9, \"primary_candidates\": 424, \"retention\": 0.75, \"use_primary\": true}\n"}
,{"stream_name":"stdout","time":1926.200693119,"data":"EDGE_TTA_ACTIVE views= 8 mean_abs_feat_delta= 0.332662\n"}
,{"stream_name":"stdout","time":1926.381132975,"data":"EDGE_TTA_ACTIVE views= 8 mean_abs_feat_delta= 0.362606\n"}
,{"stream_name":"stdout","time":1926.403603114,"data":"EDGE_TTA_ACTIVE views= 8 mean_abs_feat_delta= 0.332662\n"}
,{"stream_name":"stdout","time":1926.40362457,"data":"EDGE_TTA_ACTIVE views= 8 mean_abs_feat_delta= 0.362606\n"}
,{"stream_name":"stdout","time":1927.390666956,"data":"BIOHUB_RETENTION_GUARD {\"blended_candidates\": 329, \"dataset\": \"44b6_2a2eff9f\", \"frame\": 46, \"minimum_retention\": 0.9, \"primary_candidates\": 435, \"retention\": 0.7563218390804598, \"use_primary\": true}\n"}
,{"stream_name":"stdout","time":1927.59329977,"data":"BIOHUB_RETENTION_GUARD {\"blended_candidates\": 329, \"dataset\": \"44b6_2a2eff9f\", \"frame\": 46, \"minimum_retention\": 0.9, \"primary_candidates\": 435, \"retention\": 0.7563218390804598, \"use_primary\": true}\n"}
,{"stream_name":"stdout","time":1928.370590595,"data":"EDGE_TTA_ACTIVE views= 8 mean_abs_feat_delta= 0.336965\n"}
,{"stream_name":"stdout","time":1928.55458684,"data":"EDGE_TTA_ACTIVE views= 8 mean_abs_feat_delta= 0.353238\n"}
,{"stream_name":"stdout","time":1928.573086281,"data":"EDGE_TTA_ACTIVE views= 8 mean_abs_feat_delta= 0.336965\n"}
,{"stream_name":"stdout","time":1928.573106953,"data":"EDGE_TTA_ACTIVE views= 8 mean_abs_feat_delta= 0.353238\n"}
,{"stream_name":"stdout","time":1929.559280604,"data":"BIOHUB_RETENTION_GUARD {\"blended_candidates\": 410, \"dataset\": \"44b6_2a2eff9f\", \"frame\": 47, \"minimum_retention\": 0.9, \"primary_candidates\": 487, \"retention\": 0.8418891170431212, \"use_primary\": true}\n"}
,{"stream_name":"stdout","time":1929.76185204,"data":"BIOHUB_RETENTION_GUARD {\"blended_candidates\": 410, \"dataset\": \"44b6_2a2eff9f\", \"frame\": 47, \"minimum_retention\": 0.9, \"primary_candidates\": 487, \"retention\": 0.8418891170431212, \"use_primary\": true}\n"}
,{"stream_name":"stdout","time":1930.487627299,"data":"EDGE_TTA_ACTIVE views= 8 mean_abs_feat_delta= 0.33779\n"}
,{"stream_name":"stdout","time":1930.690232001,"data":"EDGE_TTA_ACTIVE views= 8 mean_abs_feat_delta= 0.33779\n"}
,{"stream_name":"stdout","time":1930.837101221,"data":"EDGE_TTA_ACTIVE views= 8 mean_abs_feat_delta= 0.360268\n"}
,{"stream_name":"stdout","time":1931.039757668,"data":"EDGE_TTA_ACTIVE views= 8 mean_abs_feat_delta= 0.360268\n"}
,{"stream_name":"stdout","time":1931.838863439,"data":"BIOHUB_RETENTION_GUARD {\"blended_candidates\": 294, \"dataset\": \"44b6_2a2eff9f\", \"frame\": 48, \"minimum_retention\": 0.9, \"primary_candidates\": 419, \"retention\": 0.7016706443914081, \"use_primary\": true}\n"}
,{"stream_name":"stdout","time":1932.041150745,"data":"BIOHUB_RETENTION_GUARD {\"blended_candidates\": 294, \"dataset\": \"44b6_2a2eff9f\", \"frame\": 48, \"minimum_retention\": 0.9, \"primary_candidates\": 419, \"retention\": 0.7016706443914081, \"use_primary\": true}\n"}
,{"stream_name":"stdout","time":1932.56555379,"data":"EDGE_TTA_ACTIVE views= 8 mean_abs_feat_delta= 0.342767\n"}
,{"stream_name":"stdout","time":1932.76802965,"data":"EDGE_TTA_ACTIVE views= 8 mean_abs_feat_delta= 0.342767\n"}
,{"stream_name":"stdout","time":1933.166416251,"data":"EDGE_TTA_ACTIVE views= 8 mean_abs_feat_delta= 0.366748\n"}
,{"stream_name":"stdout","time":1933.368893365,"data":"EDGE_TTA_ACTIVE views= 8 mean_abs_feat_delta= 0.366748\n"}
,{"stream_name":"stdout","time":1934.17055247,"data":"BIOHUB_RETENTION_GUARD {\"blended_candidates\": 266, \"dataset\": \"44b6_2a2eff9f\", \"frame\": 49, \"minimum_retention\": 0.9, \"primary_candidates\": 410, \"retention\": 0.6487804878048781, \"use_primary\": true}\n"}
,{"stream_name":"stdout","time":1934.372555408,"data":"BIOHUB_RETENTION_GUARD {\"blended_candidates\": 266, \"dataset\": \"44b6_2a2eff9f\", \"frame\": 49, \"minimum_retention\": 0.9, \"primary_candidates\": 410, \"retention\": 0.6487804878048781, \"use_primary\": true}\n"}
,{"stream_name":"stdout","time":1934.760403989,"data":"EDGE_TTA_ACTIVE views= 8 mean_abs_feat_delta= 0.341057\n"}
,{"stream_name":"stdout","time":1934.962674183,"data":"EDGE_TTA_ACTIVE views= 8 mean_abs_feat_delta= 0.341057\n"}
,{"stream_name":"stdout","time":1935.385568198,"data":"EDGE_TTA_ACTIVE views= 8 mean_abs_feat_delta= 0.370945\n"}
,{"stream_name":"stdout","time":1935.588107891,"data":"EDGE_TTA_ACTIVE views= 8 mean_abs_feat_delta= 0.370945\n"}
,{"stream_name":"stdout","time":1936.386737562,"data":"BIOHUB_RETENTION_GUARD {\"blended_candidates\": 264, \"dataset\": \"44b6_2a2eff9f\", \"frame\": 50, \"minimum_retention\": 0.9, \"primary_candidates\": 409, \"retention\": 0.6454767726161369, \"use_primary\": true}\n"}
,{"stream_name":"stdout","time":1936.589881728,"data":"BIOHUB_RETENTION_GUARD {\"blended_candidates\": 264, \"dataset\": \"44b6_2a2eff9f\", \"frame\": 50, \"minimum_retention\": 0.9, \"primary_candidates\": 409, \"retention\": 0.6454767726161369, \"use_primary\": true}\n"}
,{"stream_name":"stdout","time":1936.897751025,"data":"EDGE_TTA_ACTIVE views= 8 mean_abs_feat_delta= 0.336331\n"}
,{"stream_name":"stdout","time":1937.100414241,"data":"EDGE_TTA_ACTIVE views= 8 mean_abs_feat_delta= 0.336331\n"}
,{"stream_name":"stdout","time":1937.563137816,"data":"EDGE_TTA_ACTIVE views= 8 mean_abs_feat_delta= 0.366217\n"}
,{"stream_name":"stdout","time":1937.765558678,"data":"EDGE_TTA_ACTIVE views= 8 mean_abs_feat_delta= 0.366217\n"}
,{"stream_name":"stdout","time":1938.569174173,"data":"BIOHUB_RETENTION_GUARD {\"blended_candidates\": 284, \"dataset\": \"44b6_2a2eff9f\", \"frame\": 51, \"minimum_retention\": 0.9, \"primary_candidates\": 407, \"retention\": 0.6977886977886978, \"use_primary\": true}\n"}
,{"stream_name":"stdout","time":1938.771459998,"data":"BIOHUB_RETENTION_GUARD {\"blended_candidates\": 284, \"dataset\": \"44b6_2a2eff9f\", \"frame\": 51, \"minimum_retention\": 0.9, \"primary_candidates\": 407, \"retention\": 0.6977886977886978, \"use_primary\": true}\n"}
,{"stream_name":"stdout","time":1939.058553412,"data":"EDGE_TTA_ACTIVE views= 8 mean_abs_feat_delta= 0.334957\n"}
,{"stream_name":"stdout","time":1939.261177896,"data":"EDGE_TTA_ACTIVE views= 8 mean_abs_feat_delta= 0.334957\n"}
,{"stream_name":"stdout","time":1939.840027691,"data":"EDGE_TTA_ACTIVE views= 8 mean_abs_feat_delta= 0.362563\n"}
,{"stream_name":"stdout","time":1940.042328549,"data":"EDGE_TTA_ACTIVE views= 8 mean_abs_feat_delta= 0.362563\n"}
,{"stream_name":"stdout","time":1940.843491253,"data":"BIOHUB_RETENTION_GUARD {\"blended_candidates\": 269, \"dataset\": \"44b6_2a2eff9f\", \"frame\": 52, \"minimum_retention\": 0.9, \"primary_candidates\": 406, \"retention\": 0.6625615763546798, \"use_primary\": true}\n"}
,{"stream_name":"stdout","time":1941.045767555,"data":"BIOHUB_RETENTION_GUARD {\"blended_candidates\": 269, \"dataset\": \"44b6_2a2eff9f\", \"frame\": 52, \"minimum_retention\": 0.9, \"primary_candidates\": 406, \"retention\": 0.6625615763546798, \"use_primary\": true}\n"}
,{"stream_name":"stdout","time":1941.161285884,"data":"EDGE_TTA_ACTIVE views= 8 mean_abs_feat_delta= 0.341619\n"}
,{"stream_name":"stdout","time":1941.363751985,"data":"EDGE_TTA_ACTIVE views= 8 mean_abs_feat_delta= 0.341619\n"}
,{"stream_name":"stdout","time":1942.075943628,"data":"EDGE_TTA_ACTIVE views= 8 mean_abs_feat_delta= 0.366037\n"}
,{"stream_name":"stdout","time":1942.27842232,"data":"EDGE_TTA_ACTIVE views= 8 mean_abs_feat_delta= 0.366037\n"}
,{"stream_name":"stdout","time":1943.073612165,"data":"BIOHUB_RETENTION_GUARD {\"blended_candidates\": 288, \"dataset\": \"44b6_2a2eff9f\", \"frame\": 53, \"minimum_retention\": 0.9, \"primary_candidates\": 418, \"retention\": 0.6889952153110048, \"use_primary\": true}\n"}
,{"stream_name":"stdout","time":1943.276338379,"data":"BIOHUB_RETENTION_GUARD {\"blended_candidates\": 288, \"dataset\": \"44b6_2a2eff9f\", \"frame\": 53, \"minimum_retention\": 0.9, \"primary_candidates\": 418, \"retention\": 0.6889952153110048, \"use_primary\": true}\n"}
,{"stream_name":"stdout","time":1943.296684182,"data":"EDGE_TTA_ACTIVE views= 8 mean_abs_feat_delta= 0.337701\n"}
,{"stream_name":"stdout","time":1943.499288656,"data":"EDGE_TTA_ACTIVE views= 8 mean_abs_feat_delta= 0.337701\n"}
,{"stream_name":"stdout","time":1944.312380859,"data":"EDGE_TTA_ACTIVE views= 8 mean_abs_feat_delta= 0.364649\n"}
,{"stream_name":"stdout","time":1944.514933184,"data":"EDGE_TTA_ACTIVE views= 8 mean_abs_feat_delta= 0.364649\n"}
,{"stream_name":"stdout","time":1945.313346896,"data":"BIOHUB_RETENTION_GUARD {\"blended_candidates\": 243, \"dataset\": \"44b6_2a2eff9f\", \"frame\": 54, \"minimum_retention\": 0.9, \"primary_candidates\": 392, \"retention\": 0.6198979591836735, \"use_primary\": true}\n"}
,{"stream_name":"stdout","time":1945.425765623,"data":"EDGE_TTA_ACTIVE views= 8 mean_abs_feat_delta= 0.333193\n"}
,{"stream_name":"stdout","time":1945.516497796,"data":"BIOHUB_RETENTION_GUARD {\"blended_candidates\": 243, \"dataset\": \"44b6_2a2eff9f\", \"frame\": 54, \"minimum_retention\": 0.9, \"primary_candidates\": 392, \"retention\": 0.6198979591836735, \"use_primary\": true}\n"}
,{"stream_name":"stdout","time":1945.516531558,"data":"EDGE_TTA_ACTIVE views= 8 mean_abs_feat_delta= 0.333193\n"}
,{"stream_name":"stdout","time":1946.489188387,"data":"EDGE_TTA_ACTIVE views= 8 mean_abs_feat_delta= 0.361135\n"}
,{"stream_name":"stdout","time":1946.691861498,"data":"EDGE_TTA_ACTIVE views= 8 mean_abs_feat_delta= 0.361135\n"}
,{"stream_name":"stdout","time":1947.487791095,"data":"BIOHUB_RETENTION_GUARD {\"blended_candidates\": 255, \"dataset\": \"44b6_2a2eff9f\", \"frame\": 55, \"minimum_retention\": 0.9, \"primary_candidates\": 409, \"retention\": 0.6234718826405868, \"use_primary\": true}\n"}
,{"stream_name":"stdout","time":1947.600308974,"data":"EDGE_TTA_ACTIVE views= 8 mean_abs_feat_delta= 0.336337\n"}
,{"stream_name":"stdout","time":1947.689975563,"data":"BIOHUB_RETENTION_GUARD {\"blended_candidates\": 255, \"dataset\": \"44b6_2a2eff9f\", \"frame\": 55, \"minimum_retention\": 0.9, \"primary_candidates\": 409, \"retention\": 0.6234718826405868, \"use_primary\": true}\n"}
,{"stream_name":"stdout","time":1947.690003919,"data":"EDGE_TTA_ACTIVE views= 8 mean_abs_feat_delta= 0.336337\n"}
,{"stream_name":"stdout","time":1948.724161782,"data":"EDGE_TTA_ACTIVE views= 8 mean_abs_feat_delta= 0.359041\n"}
,{"stream_name":"stdout","time":1948.986773997,"data":"EDGE_TTA_ACTIVE views= 8 mean_abs_feat_delta= 0.359041\n"}
,{"stream_name":"stdout","time":1949.69102926,"data":"EDGE_TTA_ACTIVE views= 8 mean_abs_feat_delta= 0.340775\n"}
,{"stream_name":"stdout","time":1949.72067643,"data":"BIOHUB_RETENTION_GUARD {\"blended_candidates\": 271, \"dataset\": \"44b6_2a2eff9f\", \"frame\": 56, \"minimum_retention\": 0.9, \"primary_candidates\": 424, \"retention\": 0.6391509433962265, \"use_primary\": true}\n"}
,{"stream_name":"stdout","time":1949.893526772,"data":"EDGE_TTA_ACTIVE views= 8 mean_abs_feat_delta= 0.340775\n"}
,{"stream_name":"stdout","time":1949.893561561,"data":"BIOHUB_RETENTION_GUARD {\"blended_candidates\": 271, \"dataset\": \"44b6_2a2eff9f\", \"frame\": 56, \"minimum_retention\": 0.9, \"primary_candidates\": 424, \"retention\": 0.6391509433962265, \"use_primary\": true}\n"}
,{"stream_name":"stdout","time":1950.91890638,"data":"EDGE_TTA_ACTIVE views= 8 mean_abs_feat_delta= 0.360113\n"}
,{"stream_name":"stdout","time":1951.121446727,"data":"EDGE_TTA_ACTIVE views= 8 mean_abs_feat_delta= 0.360113\n"}
,{"stream_name":"stdout","time":1951.814759455,"data":"EDGE_TTA_ACTIVE views= 8 mean_abs_feat_delta= 0.340687\n"}
,{"stream_name":"stdout","time":1951.915049839,"data":"BIOHUB_RETENTION_GUARD {\"blended_candidates\": 282, \"dataset\": \"44b6_2a2eff9f\", \"frame\": 57, \"minimum_retention\": 0.9, \"primary_candidates\": 451, \"retention\": 0.6252771618625277, \"use_primary\": true}\n"}
,{"stream_name":"stdout","time":1952.016922609,"data":"EDGE_TTA_ACTIVE views= 8 mean_abs_feat_delta= 0.340687\n"}
,{"stream_name":"stdout","time":1952.016945225,"data":"BIOHUB_RETENTION_GUARD {\"blended_candidates\": 282, \"dataset\": \"44b6_2a2eff9f\", \"frame\": 57, \"minimum_retention\": 0.9, \"primary_candidates\": 451, \"retention\": 0.6252771618625277, \"use_primary\": true}\n"}
,{"stream_name":"stdout","time":1953.203643313,"data":"EDGE_TTA_ACTIVE views= 8 mean_abs_feat_delta= 0.365191\n"}
,{"stream_name":"stdout","time":1953.406097059,"data":"EDGE_TTA_ACTIVE views= 8 mean_abs_feat_delta= 0.365191\n"}
,{"stream_name":"stdout","time":1953.878082684,"data":"EDGE_TTA_ACTIVE views= 8 mean_abs_feat_delta= 0.335059\n"}
,{"stream_name":"stdout","time":1954.080870127,"data":"EDGE_TTA_ACTIVE views= 8 mean_abs_feat_delta= 0.335059\n"}
,{"stream_name":"stdout","time":1954.199248165,"data":"BIOHUB_RETENTION_GUARD {\"blended_candidates\": 270, \"dataset\": \"44b6_2a2eff9f\", \"frame\": 58, \"minimum_retention\": 0.9, \"primary_candidates\": 429, \"retention\": 0.6293706293706294, \"use_primary\": true}\n"}
,{"stream_name":"stdout","time":1954.401596609,"data":"BIOHUB_RETENTION_GUARD {\"blended_candidates\": 270, \"dataset\": \"44b6_2a2eff9f\", \"frame\": 58, \"minimum_retention\": 0.9, \"primary_candidates\": 429, \"retention\": 0.6293706293706294, \"use_primary\": true}\n"}
,{"stream_name":"stdout","time":1955.394985773,"data":"EDGE_TTA_ACTIVE views= 8 mean_abs_feat_delta= 0.369054\n"}
,{"stream_name":"stdout","time":1955.597489253,"data":"EDGE_TTA_ACTIVE views= 8 mean_abs_feat_delta= 0.369054\n"}
,{"stream_name":"stdout","time":1956.001911874,"data":"EDGE_TTA_ACTIVE views= 8 mean_abs_feat_delta= 0.332462\n"}
,{"stream_name":"stdout","time":1956.204296567,"data":"EDGE_TTA_ACTIVE views= 8 mean_abs_feat_delta= 0.332462\n"}
,{"stream_name":"stdout","time":1956.389361185,"data":"BIOHUB_RETENTION_GUARD {\"blended_candidates\": 335, \"dataset\": \"44b6_2a2eff9f\", \"frame\": 59, \"minimum_retention\": 0.9, \"primary_candidates\": 469, \"retention\": 0.7142857142857143, \"use_primary\": true}\n"}
,{"stream_name":"stdout","time":1956.591960034,"data":"BIOHUB_RETENTION_GUARD {\"blended_candidates\": 335, \"dataset\": \"44b6_2a2eff9f\", \"frame\": 59, \"minimum_retention\": 0.9, \"primary_candidates\": 469, \"retention\": 0.7142857142857143, \"use_primary\": true}\n"}
,{"stream_name":"stdout","time":1957.624149309,"data":"EDGE_TTA_ACTIVE views= 8 mean_abs_feat_delta= 0.371614\n"}
,{"stream_name":"stdout","time":1957.826543846,"data":"EDGE_TTA_ACTIVE views= 8 mean_abs_feat_delta= 0.371614\n"}
,{"stream_name":"stdout","time":1958.111865313,"data":"EDGE_TTA_ACTIVE views= 8 mean_abs_feat_delta= 0.330292\n"}
,{"stream_name":"stdout","time":1958.314193483,"data":"EDGE_TTA_ACTIVE views= 8 mean_abs_feat_delta= 0.330292\n"}
,{"stream_name":"stdout","time":1958.619559355,"data":"BIOHUB_RETENTION_GUARD {\"blended_candidates\": 284, \"dataset\": \"44b6_2a2eff9f\", \"frame\": 60, \"minimum_retention\": 0.9, \"primary_candidates\": 436, \"retention\": 0.6513761467889908, \"use_primary\": true}\n"}
,{"stream_name":"stdout","time":1958.821776162,"data":"BIOHUB_RETENTION_GUARD {\"blended_candidates\": 284, \"dataset\": \"44b6_2a2eff9f\", \"frame\": 60, \"minimum_retention\": 0.9, \"primary_candidates\": 436, \"retention\": 0.6513761467889908, \"use_primary\": true}\n"}
,{"stream_name":"stdout","time":1959.850301274,"data":"EDGE_TTA_ACTIVE views= 8 mean_abs_feat_delta= 0.368199\n"}
,{"stream_name":"stdout","time":1960.052859937,"data":"EDGE_TTA_ACTIVE views= 8 mean_abs_feat_delta= 0.368199\n"}
,{"stream_name":"stdout","time":1960.193837133,"data":"EDGE_TTA_ACTIVE views= 8 mean_abs_feat_delta= 0.330247\n"}
,{"stream_name":"stdout","time":1960.396142797,"data":"EDGE_TTA_ACTIVE views= 8 mean_abs_feat_delta= 0.330247\n"}
,{"stream_name":"stdout","time":1960.844606974,"data":"BIOHUB_RETENTION_GUARD {\"blended_candidates\": 321, \"dataset\": \"44b6_2a2eff9f\", \"frame\": 61, \"minimum_retention\": 0.9, \"primary_candidates\": 451, \"retention\": 0.7117516629711752, \"use_primary\": true}\n"}
,{"stream_name":"stdout","time":1961.046602084,"data":"BIOHUB_RETENTION_GUARD {\"blended_candidates\": 321, \"dataset\": \"44b6_2a2eff9f\", \"frame\": 61, \"minimum_retention\": 0.9, \"primary_candidates\": 451, \"retention\": 0.7117516629711752, \"use_primary\": true}\n"}
,{"stream_name":"stdout","time":1962.112580615,"data":"EDGE_TTA_ACTIVE views= 8 mean_abs_feat_delta= 0.36467\n"}
,{"stream_name":"stdout","time":1962.266725305,"data":"EDGE_TTA_ACTIVE views= 8 mean_abs_feat_delta= 0.330898\n"}
,{"stream_name":"stdout","time":1962.315459949,"data":"EDGE_TTA_ACTIVE views= 8 mean_abs_feat_delta= 0.36467\n"}
,{"stream_name":"stdout","time":1962.315499913,"data":"EDGE_TTA_ACTIVE views= 8 mean_abs_feat_delta= 0.330898\n"}
,{"stream_name":"stdout","time":1963.097180713,"data":"BIOHUB_RETENTION_GUARD {\"blended_candidates\": 420, \"dataset\": \"44b6_2a2eff9f\", \"frame\": 62, \"minimum_retention\": 0.9, \"primary_candidates\": 490, \"retention\": 0.8571428571428571, \"use_primary\": true}\n"}
,{"stream_name":"stdout","time":1963.299683859,"data":"BIOHUB_RETENTION_GUARD {\"blended_candidates\": 420, \"dataset\": \"44b6_2a2eff9f\", \"frame\": 62, \"minimum_retention\": 0.9, \"primary_candidates\": 490, \"retention\": 0.8571428571428571, \"use_primary\": true}\n"}
,{"stream_name":"stdout","time":1964.286155305,"data":"EDGE_TTA_ACTIVE views= 8 mean_abs_feat_delta= 0.365175\n"}
,{"stream_name":"stdout","time":1964.377064899,"data":"EDGE_TTA_ACTIVE views= 8 mean_abs_feat_delta= 0.328729\n"}
,{"stream_name":"stdout","time":1964.488473162,"data":"EDGE_TTA_ACTIVE views= 8 mean_abs_feat_delta= 0.365175\n"}
,{"stream_name":"stdout","time":1964.488491075,"data":"EDGE_TTA_ACTIVE views= 8 mean_abs_feat_delta= 0.328729\n"}
,{"stream_name":"stdout","time":1965.278023058,"data":"BIOHUB_RETENTION_GUARD {\"blended_candidates\": 337, \"dataset\": \"44b6_2a2eff9f\", \"frame\": 63, \"minimum_retention\": 0.9, \"primary_candidates\": 473, \"retention\": 0.7124735729386892, \"use_primary\": true}\n"}
,{"stream_name":"stdout","time":1965.480457129,"data":"BIOHUB_RETENTION_GUARD {\"blended_candidates\": 337, \"dataset\": \"44b6_2a2eff9f\", \"frame\": 63, \"minimum_retention\": 0.9, \"primary_candidates\": 473, \"retention\": 0.7124735729386892, \"use_primary\": true}\n"}
,{"stream_name":"stdout","time":1966.475365621,"data":"EDGE_TTA_ACTIVE views= 8 mean_abs_feat_delta= 0.363902\n"}
,{"stream_name":"stdout","time":1966.502510317,"data":"EDGE_TTA_ACTIVE views= 8 mean_abs_feat_delta= 0.332801\n"}
,{"stream_name":"stdout","time":1966.678003402,"data":"EDGE_TTA_ACTIVE views= 8 mean_abs_feat_delta= 0.363902\n"}
,{"stream_name":"stdout","time":1966.67804028,"data":"EDGE_TTA_ACTIVE views= 8 mean_abs_feat_delta= 0.332801\n"}
,{"stream_name":"stdout","time":1967.468234541,"data":"BIOHUB_RETENTION_GUARD {\"blended_candidates\": 333, \"dataset\": \"44b6_2a2eff9f\", \"frame\": 64, \"minimum_retention\": 0.9, \"primary_candidates\": 464, \"retention\": 0.7176724137931034, \"use_primary\": true}\n"}
,{"stream_name":"stdout","time":1967.670504322,"data":"BIOHUB_RETENTION_GUARD {\"blended_candidates\": 333, \"dataset\": \"44b6_2a2eff9f\", \"frame\": 64, \"minimum_retention\": 0.9, \"primary_candidates\": 464, \"retention\": 0.7176724137931034, \"use_primary\": true}\n"}
,{"stream_name":"stdout","time":1968.56657643,"data":"EDGE_TTA_ACTIVE views= 8 mean_abs_feat_delta= 0.336225\n"}
,{"stream_name":"stdout","time":1968.714427606,"data":"EDGE_TTA_ACTIVE views= 8 mean_abs_feat_delta= 0.365061\n"}
,{"stream_name":"stdout","time":1968.76916822,"data":"EDGE_TTA_ACTIVE views= 8 mean_abs_feat_delta= 0.336225\n"}
,{"stream_name":"stdout","time":1968.769213922,"data":"EDGE_TTA_ACTIVE views= 8 mean_abs_feat_delta= 0.365061\n"}
,{"stream_name":"stdout","time":1969.701031185,"data":"BIOHUB_RETENTION_GUARD {\"blended_candidates\": 363, \"dataset\": \"44b6_2a2eff9f\", \"frame\": 65, \"minimum_retention\": 0.9, \"primary_candidates\": 495, \"retention\": 0.7333333333333333, \"use_primary\": true}\n"}
,{"stream_name":"stdout","time":1969.903379618,"data":"BIOHUB_RETENTION_GUARD {\"blended_candidates\": 363, \"dataset\": \"44b6_2a2eff9f\", \"frame\": 65, \"minimum_retention\": 0.9, \"primary_candidates\": 495, \"retention\": 0.7333333333333333, \"use_primary\": true}\n"}
,{"stream_name":"stdout","time":1970.702603165,"data":"EDGE_TTA_ACTIVE views= 8 mean_abs_feat_delta= 0.333529\n"}
,{"stream_name":"stdout","time":1970.905152235,"data":"EDGE_TTA_ACTIVE views= 8 mean_abs_feat_delta= 0.333529\n"}
,{"stream_name":"stdout","time":1970.953304125,"data":"EDGE_TTA_ACTIVE views= 8 mean_abs_feat_delta= 0.365762\n"}
,{"stream_name":"stdout","time":1971.155616362,"data":"EDGE_TTA_ACTIVE views= 8 mean_abs_feat_delta= 0.365762\n"}
,{"stream_name":"stdout","time":1971.945705112,"data":"BIOHUB_RETENTION_GUARD {\"blended_candidates\": 341, \"dataset\": \"44b6_2a2eff9f\", \"frame\": 66, \"minimum_retention\": 0.9, \"primary_candidates\": 457, \"retention\": 0.7461706783369803, \"use_primary\": true}\n"}
,{"stream_name":"stdout","time":1972.148470312,"data":"BIOHUB_RETENTION_GUARD {\"blended_candidates\": 341, \"dataset\": \"44b6_2a2eff9f\", \"frame\": 66, \"minimum_retention\": 0.9, \"primary_candidates\": 457, \"retention\": 0.7461706783369803, \"use_primary\": true}\n"}
,{"stream_name":"stdout","time":1972.839915521,"data":"EDGE_TTA_ACTIVE views= 8 mean_abs_feat_delta= 0.334563\n"}
,{"stream_name":"stdout","time":1973.042210415,"data":"EDGE_TTA_ACTIVE views= 8 mean_abs_feat_delta= 0.334563\n"}
,{"stream_name":"stdout","time":1973.141591095,"data":"EDGE_TTA_ACTIVE views= 8 mean_abs_feat_delta= 0.367265\n"}
,{"stream_name":"stdout","time":1973.343756494,"data":"EDGE_TTA_ACTIVE views= 8 mean_abs_feat_delta= 0.367265\n"}
,{"stream_name":"stdout","time":1974.134274202,"data":"BIOHUB_RETENTION_GUARD {\"blended_candidates\": 360, \"dataset\": \"44b6_2a2eff9f\", \"frame\": 67, \"minimum_retention\": 0.9, \"primary_candidates\": 460, \"retention\": 0.782608695652174, \"use_primary\": true}\n"}
,{"stream_name":"stdout","time":1974.336328699,"data":"BIOHUB_RETENTION_GUARD {\"blended_candidates\": 360, \"dataset\": \"44b6_2a2eff9f\", \"frame\": 67, \"minimum_retention\": 0.9, \"primary_candidates\": 460, \"retention\": 0.782608695652174, \"use_primary\": true}\n"}
,{"stream_name":"stdout","time":1974.989313758,"data":"EDGE_TTA_ACTIVE views= 8 mean_abs_feat_delta= 0.333359\n"}
,{"stream_name":"stdout","time":1975.191912241,"data":"EDGE_TTA_ACTIVE views= 8 mean_abs_feat_delta= 0.333359\n"}
,{"stream_name":"stdout","time":1975.374408185,"data":"EDGE_TTA_ACTIVE views= 8 mean_abs_feat_delta= 0.368968\n"}
,{"stream_name":"stdout","time":1975.576738105,"data":"EDGE_TTA_ACTIVE views= 8 mean_abs_feat_delta= 0.368968\n"}
,{"stream_name":"stdout","time":1976.363694438,"data":"BIOHUB_RETENTION_GUARD {\"blended_candidates\": 333, \"dataset\": \"44b6_2a2eff9f\", \"frame\": 68, \"minimum_retention\": 0.9, \"primary_candidates\": 457, \"retention\": 0.7286652078774617, \"use_primary\": true}\n"}
,{"stream_name":"stdout","time":1976.566237705,"data":"BIOHUB_RETENTION_GUARD {\"blended_candidates\": 333, \"dataset\": \"44b6_2a2eff9f\", \"frame\": 68, \"minimum_retention\": 0.9, \"primary_candidates\": 457, \"retention\": 0.7286652078774617, \"use_primary\": true}\n"}
,{"stream_name":"stdout","time":1977.137282622,"data":"EDGE_TTA_ACTIVE views= 8 mean_abs_feat_delta= 0.329517\n"}
,{"stream_name":"stdout","time":1977.339573312,"data":"EDGE_TTA_ACTIVE views= 8 mean_abs_feat_delta= 0.329517\n"}
,{"stream_name":"stdout","time":1977.515342954,"data":"EDGE_TTA_ACTIVE views= 8 mean_abs_feat_delta= 0.371411\n"}
,{"stream_name":"stdout","time":1977.717921843,"data":"EDGE_TTA_ACTIVE views= 8 mean_abs_feat_delta= 0.371411\n"}
,{"stream_name":"stdout","time":1978.511724412,"data":"BIOHUB_RETENTION_GUARD {\"blended_candidates\": 343, \"dataset\": \"44b6_2a2eff9f\", \"frame\": 69, \"minimum_retention\": 0.9, \"primary_candidates\": 458, \"retention\": 0.7489082969432315, \"use_primary\": true}\n"}
,{"stream_name":"stdout","time":1978.714450182,"data":"BIOHUB_RETENTION_GUARD {\"blended_candidates\": 343, \"dataset\": \"44b6_2a2eff9f\", \"frame\": 69, \"minimum_retention\": 0.9, \"primary_candidates\": 458, \"retention\": 0.7489082969432315, \"use_primary\": true}\n"}
,{"stream_name":"stdout","time":1979.289476972,"data":"EDGE_TTA_ACTIVE views= 8 mean_abs_feat_delta= 0.327674\n"}
,{"stream_name":"stdout","time":1979.555600331,"data":"EDGE_TTA_ACTIVE views= 8 mean_abs_feat_delta= 0.327674\n"}
,{"stream_name":"stdout","time":1979.696206903,"data":"EDGE_TTA_ACTIVE views= 8 mean_abs_feat_delta= 0.367712\n"}
,{"stream_name":"stdout","time":1979.89855561,"data":"EDGE_TTA_ACTIVE views= 8 mean_abs_feat_delta= 0.367712\n"}
,{"stream_name":"stdout","time":1980.695010608,"data":"BIOHUB_RETENTION_GUARD {\"blended_candidates\": 392, \"dataset\": \"44b6_2a2eff9f\", \"frame\": 70, \"minimum_retention\": 0.9, \"primary_candidates\": 501, \"retention\": 0.782435129740519, \"use_primary\": true}\n"}
,{"stream_name":"stdout","time":1980.899157274,"data":"BIOHUB_RETENTION_GUARD {\"blended_candidates\": 392, \"dataset\": \"44b6_2a2eff9f\", \"frame\": 70, \"minimum_retention\": 0.9, \"primary_candidates\": 501, \"retention\": 0.782435129740519, \"use_primary\": true}\n"}
,{"stream_name":"stdout","time":1982.094062913,"data":"EDGE_TTA_ACTIVE views= 8 mean_abs_feat_delta= 0.369529\n"}
,{"stream_name":"stdout","time":1982.297132337,"data":"EDGE_TTA_ACTIVE views= 8 mean_abs_feat_delta= 0.369529\n"}
,{"stream_name":"stdout","time":1983.090547698,"data":"BIOHUB_RETENTION_GUARD {\"blended_candidates\": 325, \"dataset\": \"44b6_2a2eff9f\", \"frame\": 71, \"minimum_retention\": 0.9, \"primary_candidates\": 454, \"retention\": 0.7158590308370044, \"use_primary\": true}\n"}
,{"stream_name":"stdout","time":1983.292798624,"data":"BIOHUB_RETENTION_GUARD {\"blended_candidates\": 325, \"dataset\": \"44b6_2a2eff9f\", \"frame\": 71, \"minimum_retention\": 0.9, \"primary_candidates\": 454, \"retention\": 0.7158590308370044, \"use_primary\": true}\n"}
,{"stream_name":"stdout","time":1984.302419095,"data":"EDGE_TTA_ACTIVE views= 8 mean_abs_feat_delta= 0.372852\n"}
,{"stream_name":"stdout","time":1984.505283731,"data":"EDGE_TTA_ACTIVE views= 8 mean_abs_feat_delta= 0.372852\n"}
,{"stream_name":"stdout","time":1985.296880387,"data":"BIOHUB_RETENTION_GUARD {\"blended_candidates\": 319, \"dataset\": \"44b6_2a2eff9f\", \"frame\": 72, \"minimum_retention\": 0.9, \"primary_candidates\": 479, \"retention\": 0.6659707724425887, \"use_primary\": true}\n"}
,{"stream_name":"stdout","time":1985.499573299,"data":"BIOHUB_RETENTION_GUARD {\"blended_candidates\": 319, \"dataset\": \"44b6_2a2eff9f\", \"frame\": 72, \"minimum_retention\": 0.9, \"primary_candidates\": 479, \"retention\": 0.6659707724425887, \"use_primary\": true}\n"}
,{"stream_name":"stdout","time":1986.510750079,"data":"EDGE_TTA_ACTIVE views= 8 mean_abs_feat_delta= 0.372623\n"}
,{"stream_name":"stdout","time":1986.713194391,"data":"EDGE_TTA_ACTIVE views= 8 mean_abs_feat_delta= 0.372623\n"}
,{"stream_name":"stdout","time":1987.508948076,"data":"BIOHUB_RETENTION_GUARD {\"blended_candidates\": 267, \"dataset\": \"44b6_2a2eff9f\", \"frame\": 73, \"minimum_retention\": 0.9, \"primary_candidates\": 429, \"retention\": 0.6223776223776224, \"use_primary\": true}\n"}
,{"stream_name":"stdout","time":1987.711060403,"data":"BIOHUB_RETENTION_GUARD {\"blended_candidates\": 267, \"dataset\": \"44b6_2a2eff9f\", \"frame\": 73, \"minimum_retention\": 0.9, \"primary_candidates\": 429, \"retention\": 0.6223776223776224, \"use_primary\": true}\n"}
,{"stream_name":"stdout","time":1987.951235325,"data":"EDGE_TTA_ACTIVE views= 8 mean_abs_feat_delta= 0.354392\n"}
,{"stream_name":"stdout","time":1988.153640112,"data":"EDGE_TTA_ACTIVE views= 8 mean_abs_feat_delta= 0.354392\n"}
,{"stream_name":"stdout","time":1988.778190152,"data":"EDGE_TTA_ACTIVE views= 8 mean_abs_feat_delta= 0.372378\n"}
,{"stream_name":"stdout","time":1988.980540243,"data":"EDGE_TTA_ACTIVE views= 8 mean_abs_feat_delta= 0.372378\n"}
,{"stream_name":"stdout","time":1989.775702636,"data":"BIOHUB_RETENTION_GUARD {\"blended_candidates\": 299, \"dataset\": \"44b6_2a2eff9f\", \"frame\": 74, \"minimum_retention\": 0.9, \"primary_candidates\": 451, \"retention\": 0.6629711751662971, \"use_primary\": true}\n"}
,{"stream_name":"stdout","time":1989.978173534,"data":"BIOHUB_RETENTION_GUARD {\"blended_candidates\": 299, \"dataset\": \"44b6_2a2eff9f\", \"frame\": 74, \"minimum_retention\": 0.9, \"primary_candidates\": 451, \"retention\": 0.6629711751662971, \"use_primary\": true}\n"}
,{"stream_name":"stdout","time":1990.118940184,"data":"EDGE_TTA_ACTIVE views= 8 mean_abs_feat_delta= 0.354989\n"}
,{"stream_name":"stdout","time":1990.321028121,"data":"EDGE_TTA_ACTIVE views= 8 mean_abs_feat_delta= 0.354989\n"}
,{"stream_name":"stdout","time":1990.928312962,"data":"EDGE_TTA_ACTIVE views= 8 mean_abs_feat_delta= 0.373635\n"}
,{"stream_name":"stdout","time":1991.130779881,"data":"EDGE_TTA_ACTIVE views= 8 mean_abs_feat_delta= 0.373635\n"}
,{"stream_name":"stdout","time":1991.926534539,"data":"BIOHUB_RETENTION_GUARD {\"blended_candidates\": 272, \"dataset\": \"44b6_2a2eff9f\", \"frame\": 75, \"minimum_retention\": 0.9, \"primary_candidates\": 452, \"retention\": 0.6017699115044248, \"use_primary\": true}\n"}
,{"stream_name":"stdout","time":1992.129264738,"data":"BIOHUB_RETENTION_GUARD {\"blended_candidates\": 272, \"dataset\": \"44b6_2a2eff9f\", \"frame\": 75, \"minimum_retention\": 0.9, \"primary_candidates\": 452, \"retention\": 0.6017699115044248, \"use_primary\": true}\n"}
,{"stream_name":"stdout","time":1992.206574035,"data":"EDGE_TTA_ACTIVE views= 8 mean_abs_feat_delta= 0.348797\n"}
,{"stream_name":"stdout","time":1992.408784413,"data":"EDGE_TTA_ACTIVE views= 8 mean_abs_feat_delta= 0.348797\n"}
,{"stream_name":"stdout","time":1993.158207156,"data":"EDGE_TTA_ACTIVE views= 8 mean_abs_feat_delta= 0.373002\n"}
,{"stream_name":"stdout","time":1993.360716746,"data":"EDGE_TTA_ACTIVE views= 8 mean_abs_feat_delta= 0.373002\n"}
,{"stream_name":"stdout","time":1994.155474533,"data":"BIOHUB_RETENTION_GUARD {\"blended_candidates\": 249, \"dataset\": \"44b6_2a2eff9f\", \"frame\": 76, \"minimum_retention\": 0.9, \"primary_candidates\": 455, \"retention\": 0.5472527472527473, \"use_primary\": true}\n"}
,{"stream_name":"stdout","time":1994.333994758,"data":"EDGE_TTA_ACTIVE views= 8 mean_abs_feat_delta= 0.344096\n"}
,{"stream_name":"stdout","time":1994.358158774,"data":"BIOHUB_RETENTION_GUARD {\"blended_candidates\": 249, \"dataset\": \"44b6_2a2eff9f\", \"frame\": 76, \"minimum_retention\": 0.9, \"primary_candidates\": 455, \"retention\": 0.5472527472527473, \"use_primary\": true}\n"}
,{"stream_name":"stdout","time":1994.358188313,"data":"EDGE_TTA_ACTIVE views= 8 mean_abs_feat_delta= 0.344096\n"}
,{"stream_name":"stdout","time":1995.345268178,"data":"EDGE_TTA_ACTIVE views= 8 mean_abs_feat_delta= 0.37058\n"}
,{"stream_name":"stdout","time":1995.547853267,"data":"EDGE_TTA_ACTIVE views= 8 mean_abs_feat_delta= 0.37058\n"}
,{"stream_name":"stdout","time":1996.343429684,"data":"BIOHUB_RETENTION_GUARD {\"blended_candidates\": 268, \"dataset\": \"44b6_2a2eff9f\", \"frame\": 77, \"minimum_retention\": 0.9, \"primary_candidates\": 447, \"retention\": 0.5995525727069351, \"use_primary\": true}\n"}
,{"stream_name":"stdout","time":1996.481574409,"data":"EDGE_TTA_ACTIVE views= 8 mean_abs_feat_delta= 0.343236\n"}
,{"stream_name":"stdout","time":1996.545711942,"data":"BIOHUB_RETENTION_GUARD {\"blended_candidates\": 268, \"dataset\": \"44b6_2a2eff9f\", \"frame\": 77, \"minimum_retention\": 0.9, \"primary_candidates\": 447, \"retention\": 0.5995525727069351, \"use_primary\": true}\n"}
,{"stream_name":"stdout","time":1996.54574296,"data":"EDGE_TTA_ACTIVE views= 8 mean_abs_feat_delta= 0.343236\n"}
,{"stream_name":"stdout","time":1997.581520987,"data":"EDGE_TTA_ACTIVE views= 8 mean_abs_feat_delta= 0.364196\n"}
,{"stream_name":"stdout","time":1997.783979052,"data":"EDGE_TTA_ACTIVE views= 8 mean_abs_feat_delta= 0.364196\n"}
,{"stream_name":"stdout","time":1998.586857574,"data":"BIOHUB_RETENTION_GUARD {\"blended_candidates\": 363, \"dataset\": \"44b6_2a2eff9f\", \"frame\": 78, \"minimum_retention\": 0.9, \"primary_candidates\": 496, \"retention\": 0.7318548387096774, \"use_primary\": true}\n"}
,{"stream_name":"stdout","time":1998.652439592,"data":"EDGE_TTA_ACTIVE views= 8 mean_abs_feat_delta= 0.346139\n"}
,{"stream_name":"stdout","time":1998.789163561,"data":"BIOHUB_RETENTION_GUARD {\"blended_candidates\": 363, \"dataset\": \"44b6_2a2eff9f\", \"frame\": 78, \"minimum_retention\": 0.9, \"primary_candidates\": 496, \"retention\": 0.7318548387096774, \"use_primary\": true}\n"}
,{"stream_name":"stdout","time":1998.789198195,"data":"EDGE_TTA_ACTIVE views= 8 mean_abs_feat_delta= 0.346139\n"}
,{"stream_name":"stdout","time":1999.793326295,"data":"EDGE_TTA_ACTIVE views= 8 mean_abs_feat_delta= 0.362629\n"}
,{"stream_name":"stdout","time":1999.995906265,"data":"EDGE_TTA_ACTIVE views= 8 mean_abs_feat_delta= 0.362629\n"}
,{"stream_name":"stdout","time":2000.798422841,"data":"BIOHUB_RETENTION_GUARD {\"blended_candidates\": 380, \"dataset\": \"44b6_2a2eff9f\", \"frame\": 79, \"minimum_retention\": 0.9, \"primary_candidates\": 504, \"retention\": 0.753968253968254, \"use_primary\": true}\n"}
,{"stream_name":"stdout","time":2000.843269225,"data":"EDGE_TTA_ACTIVE views= 8 mean_abs_feat_delta= 0.345393\n"}
,{"stream_name":"stdout","time":2001.000492411,"data":"BIOHUB_RETENTION_GUARD {\"blended_candidates\": 380, \"dataset\": \"44b6_2a2eff9f\", \"frame\": 79, \"minimum_retention\": 0.9, \"primary_candidates\": 504, \"retention\": 0.753968253968254, \"use_primary\": true}\n"}
,{"stream_name":"stdout","time":2001.00052394,"data":"EDGE_TTA_ACTIVE views= 8 mean_abs_feat_delta= 0.345393\n"}
,{"stream_name":"stdout","time":2002.069523873,"data":"EDGE_TTA_ACTIVE views= 8 mean_abs_feat_delta= 0.368271\n"}
,{"stream_name":"stdout","time":2002.271714318,"data":"EDGE_TTA_ACTIVE views= 8 mean_abs_feat_delta= 0.368271\n"}
,{"stream_name":"stdout","time":2003.076292673,"data":"BIOHUB_RETENTION_GUARD {\"blended_candidates\": 305, \"dataset\": \"44b6_2a2eff9f\", \"frame\": 80, \"minimum_retention\": 0.9, \"primary_candidates\": 469, \"retention\": 0.650319829424307, \"use_primary\": true}\n"}
,{"stream_name":"stdout","time":2003.08258563,"data":"EDGE_TTA_ACTIVE views= 8 mean_abs_feat_delta= 0.343626\n"}
,{"stream_name":"stdout","time":2003.278781814,"data":"BIOHUB_RETENTION_GUARD {\"blended_candidates\": 305, \"dataset\": \"44b6_2a2eff9f\", \"frame\": 80, \"minimum_retention\": 0.9, \"primary_candidates\": 469, \"retention\": 0.650319829424307, \"use_primary\": true}\n"}
,{"stream_name":"stdout","time":2003.278827042,"data":"EDGE_TTA_ACTIVE views= 8 mean_abs_feat_delta= 0.343626\n"}
,{"stream_name":"stdout","time":2004.340394364,"data":"EDGE_TTA_ACTIVE views= 8 mean_abs_feat_delta= 0.364769\n"}
,{"stream_name":"stdout","time":2004.542764156,"data":"EDGE_TTA_ACTIVE views= 8 mean_abs_feat_delta= 0.364769\n"}
,{"stream_name":"stdout","time":2005.266161079,"data":"EDGE_TTA_ACTIVE views= 8 mean_abs_feat_delta= 0.347614\n"}
,{"stream_name":"stdout","time":2005.349696561,"data":"BIOHUB_RETENTION_GUARD {\"blended_candidates\": 316, \"dataset\": \"44b6_2a2eff9f\", \"frame\": 81, \"minimum_retention\": 0.9, \"primary_candidates\": 463, \"retention\": 0.6825053995680346, \"use_primary\": true}\n"}
,{"stream_name":"stdout","time":2005.468419358,"data":"EDGE_TTA_ACTIVE views= 8 mean_abs_feat_delta= 0.347614\n"}
,{"stream_name":"stdout","time":2005.468444147,"data":"BIOHUB_RETENTION_GUARD {\"blended_candidates\": 316, \"dataset\": \"44b6_2a2eff9f\", \"frame\": 81, \"minimum_retention\": 0.9, \"primary_candidates\": 463, \"retention\": 0.6825053995680346, \"use_primary\": true}\n"}
,{"stream_name":"stdout","time":2006.560606939,"data":"EDGE_TTA_ACTIVE views= 8 mean_abs_feat_delta= 0.365921\n"}
,{"stream_name":"stdout","time":2006.763073424,"data":"EDGE_TTA_ACTIVE views= 8 mean_abs_feat_delta= 0.365921\n"}
,{"stream_name":"stdout","time":2007.403197245,"data":"EDGE_TTA_ACTIVE views= 8 mean_abs_feat_delta= 0.350892\n"}
,{"stream_name":"stdout","time":2007.567621756,"data":"BIOHUB_RETENTION_GUARD {\"blended_candidates\": 303, \"dataset\": \"44b6_2a2eff9f\", \"frame\": 82, \"minimum_retention\": 0.9, \"primary_candidates\": 462, \"retention\": 0.6558441558441559, \"use_primary\": true}\n"}
,{"stream_name":"stdout","time":2007.605860927,"data":"EDGE_TTA_ACTIVE views= 8 mean_abs_feat_delta= 0.350892\n"}
,{"stream_name":"stdout","time":2007.605882218,"data":"BIOHUB_RETENTION_GUARD {\"blended_candidates\": 303, \"dataset\": \"44b6_2a2eff9f\", \"frame\": 82, \"minimum_retention\": 0.9, \"primary_candidates\": 462, \"retention\": 0.6558441558441559, \"use_primary\": true}\n"}
,{"stream_name":"stdout","time":2008.767670169,"data":"EDGE_TTA_ACTIVE views= 8 mean_abs_feat_delta= 0.368883\n"}
,{"stream_name":"stdout","time":2008.97018595,"data":"EDGE_TTA_ACTIVE views= 8 mean_abs_feat_delta= 0.368883\n"}
,{"stream_name":"stdout","time":2009.595960156,"data":"EDGE_TTA_ACTIVE views= 8 mean_abs_feat_delta= 0.351945\n"}
,{"stream_name":"stdout","time":2009.77245916,"data":"BIOHUB_RETENTION_GUARD {\"blended_candidates\": 264, \"dataset\": \"44b6_2a2eff9f\", \"frame\": 83, \"minimum_retention\": 0.9, \"primary_candidates\": 434, \"retention\": 0.6082949308755761, \"use_primary\": true}\n"}
,{"stream_name":"stdout","time":2009.873755206,"data":"EDGE_TTA_ACTIVE views= 8 mean_abs_feat_delta= 0.351945\n"}
,{"stream_name":"stdout","time":2009.873779676,"data":"BIOHUB_RETENTION_GUARD {\"blended_candidates\": 264, \"dataset\": \"44b6_2a2eff9f\", \"frame\": 83, \"minimum_retention\": 0.9, \"primary_candidates\": 434, \"retention\": 0.6082949308755761, \"use_primary\": true}\n"}
,{"stream_name":"stdout","time":2011.00349529,"data":"EDGE_TTA_ACTIVE views= 8 mean_abs_feat_delta= 0.368343\n"}
,{"stream_name":"stdout","time":2011.206062908,"data":"EDGE_TTA_ACTIVE views= 8 mean_abs_feat_delta= 0.368343\n"}
,{"stream_name":"stdout","time":2011.829038189,"data":"EDGE_TTA_ACTIVE views= 8 mean_abs_feat_delta= 0.349374\n"}
,{"stream_name":"stdout","time":2012.013697212,"data":"BIOHUB_RETENTION_GUARD {\"blended_candidates\": 290, \"dataset\": \"44b6_2a2eff9f\", \"frame\": 84, \"minimum_retention\": 0.9, \"primary_candidates\": 458, \"retention\": 0.6331877729257642, \"use_primary\": true}\n"}
,{"stream_name":"stdout","time":2012.031759675,"data":"EDGE_TTA_ACTIVE views= 8 mean_abs_feat_delta= 0.349374\n"}
,{"stream_name":"stdout","time":2012.031793103,"data":"BIOHUB_RETENTION_GUARD {\"blended_candidates\": 290, \"dataset\": \"44b6_2a2eff9f\", \"frame\": 84, \"minimum_retention\": 0.9, \"primary_candidates\": 458, \"retention\": 0.6331877729257642, \"use_primary\": true}\n"}
,{"stream_name":"stdout","time":2013.276441056,"data":"EDGE_TTA_ACTIVE views= 8 mean_abs_feat_delta= 0.365564\n"}
,{"stream_name":"stdout","time":2013.479013173,"data":"EDGE_TTA_ACTIVE views= 8 mean_abs_feat_delta= 0.365564\n"}
,{"stream_name":"stdout","time":2014.0787453,"data":"EDGE_TTA_ACTIVE views= 8 mean_abs_feat_delta= 0.351376\n"}
,{"stream_name":"stdout","time":2014.281387644,"data":"EDGE_TTA_ACTIVE views= 8 mean_abs_feat_delta= 0.351376\n"}
,{"stream_name":"stdout","time":2014.2861285,"data":"BIOHUB_RETENTION_GUARD {\"blended_candidates\": 328, \"dataset\": \"44b6_2a2eff9f\", \"frame\": 85, \"minimum_retention\": 0.9, \"primary_candidates\": 478, \"retention\": 0.6861924686192469, \"use_primary\": true}\n"}
,{"stream_name":"stdout","time":2014.488313001,"data":"BIOHUB_RETENTION_GUARD {\"blended_candidates\": 328, \"dataset\": \"44b6_2a2eff9f\", \"frame\": 85, \"minimum_retention\": 0.9, \"primary_candidates\": 478, \"retention\": 0.6861924686192469, \"use_primary\": true}\n"}
,{"stream_name":"stdout","time":2015.549515032,"data":"EDGE_TTA_ACTIVE views= 8 mean_abs_feat_delta= 0.362074\n"}
,{"stream_name":"stdout","time":2015.751926742,"data":"EDGE_TTA_ACTIVE views= 8 mean_abs_feat_delta= 0.362074\n"}
,{"stream_name":"stdout","time":2016.213500888,"data":"EDGE_TTA_ACTIVE views= 8 mean_abs_feat_delta= 0.35564\n"}
,{"stream_name":"stdout","time":2016.415862171,"data":"EDGE_TTA_ACTIVE views= 8 mean_abs_feat_delta= 0.35564\n"}
,{"stream_name":"stdout","time":2016.559284809,"data":"BIOHUB_RETENTION_GUARD {\"blended_candidates\": 362, \"dataset\": \"44b6_2a2eff9f\", \"frame\": 86, \"minimum_retention\": 0.9, \"primary_candidates\": 489, \"retention\": 0.7402862985685071, \"use_primary\": true}\n"}
,{"stream_name":"stdout","time":2016.761660079,"data":"BIOHUB_RETENTION_GUARD {\"blended_candidates\": 362, \"dataset\": \"44b6_2a2eff9f\", \"frame\": 86, \"minimum_retention\": 0.9, \"primary_candidates\": 489, \"retention\": 0.7402862985685071, \"use_primary\": true}\n"}
,{"stream_name":"stdout","time":2017.816039851,"data":"EDGE_TTA_ACTIVE views= 8 mean_abs_feat_delta= 0.362517\n"}
,{"stream_name":"stdout","time":2018.018842906,"data":"EDGE_TTA_ACTIVE views= 8 mean_abs_feat_delta= 0.362517\n"}
,{"stream_name":"stdout","time":2018.413262713,"data":"EDGE_TTA_ACTIVE views= 8 mean_abs_feat_delta= 0.352377\n"}
,{"stream_name":"stdout","time":2018.615899363,"data":"EDGE_TTA_ACTIVE views= 8 mean_abs_feat_delta= 0.352377\n"}
,{"stream_name":"stdout","time":2018.830370594,"data":"BIOHUB_RETENTION_GUARD {\"blended_candidates\": 343, \"dataset\": \"44b6_2a2eff9f\", \"frame\": 87, \"minimum_retention\": 0.9, \"primary_candidates\": 480, \"retention\": 0.7145833333333333, \"use_primary\": true}\n"}
,{"stream_name":"stdout","time":2019.032558036,"data":"BIOHUB_RETENTION_GUARD {\"blended_candidates\": 343, \"dataset\": \"44b6_2a2eff9f\", \"frame\": 87, \"minimum_retention\": 0.9, \"primary_candidates\": 480, \"retention\": 0.7145833333333333, \"use_primary\": true}\n"}
,{"stream_name":"stdout","time":2020.101074184,"data":"EDGE_TTA_ACTIVE views= 8 mean_abs_feat_delta= 0.359453\n"}
,{"stream_name":"stdout","time":2020.30349996,"data":"EDGE_TTA_ACTIVE views= 8 mean_abs_feat_delta= 0.359453\n"}
,{"stream_name":"stdout","time":2020.52420362,"data":"EDGE_TTA_ACTIVE views= 8 mean_abs_feat_delta= 0.352809\n"}
,{"stream_name":"stdout","time":2020.726696425,"data":"EDGE_TTA_ACTIVE views= 8 mean_abs_feat_delta= 0.352809\n"}
,{"stream_name":"stdout","time":2021.114309963,"data":"BIOHUB_RETENTION_GUARD {\"blended_candidates\": 254, \"dataset\": \"44b6_2a2eff9f\", \"frame\": 88, \"minimum_retention\": 0.9, \"primary_candidates\": 444, \"retention\": 0.5720720720720721, \"use_primary\": true}\n"}
,{"stream_name":"stdout","time":2021.316423969,"data":"BIOHUB_RETENTION_GUARD {\"blended_candidates\": 254, \"dataset\": \"44b6_2a2eff9f\", \"frame\": 88, \"minimum_retention\": 0.9, \"primary_candidates\": 444, \"retention\": 0.5720720720720721, \"use_primary\": true}\n"}
,{"stream_name":"stdout","time":2022.403747718,"data":"EDGE_TTA_ACTIVE views= 8 mean_abs_feat_delta= 0.360125\n"}
,{"stream_name":"stdout","time":2022.606162382,"data":"EDGE_TTA_ACTIVE views= 8 mean_abs_feat_delta= 0.360125\n"}
,{"stream_name":"stdout","time":2022.714865313,"data":"EDGE_TTA_ACTIVE views= 8 mean_abs_feat_delta= 0.347118\n"}
,{"stream_name":"stdout","time":2022.917324693,"data":"EDGE_TTA_ACTIVE views= 8 mean_abs_feat_delta= 0.347118\n"}
,{"stream_name":"stdout","time":2023.417275665,"data":"BIOHUB_RETENTION_GUARD {\"blended_candidates\": 285, \"dataset\": \"44b6_2a2eff9f\", \"frame\": 89, \"minimum_retention\": 0.9, \"primary_candidates\": 472, \"retention\": 0.6038135593220338, \"use_primary\": true}\n"}
,{"stream_name":"stdout","time":2023.619869855,"data":"BIOHUB_RETENTION_GUARD {\"blended_candidates\": 285, \"dataset\": \"44b6_2a2eff9f\", \"frame\": 89, \"minimum_retention\": 0.9, \"primary_candidates\": 472, \"retention\": 0.6038135593220338, \"use_primary\": true}\n"}
,{"stream_name":"stdout","time":2024.619338422,"data":"EDGE_TTA_ACTIVE views= 8 mean_abs_feat_delta= 0.35614\n"}
,{"stream_name":"stdout","time":2024.821813617,"data":"EDGE_TTA_ACTIVE views= 8 mean_abs_feat_delta= 0.35614\n"}
,{"stream_name":"stdout","time":2024.877063624,"data":"EDGE_TTA_ACTIVE views= 8 mean_abs_feat_delta= 0.353642\n"}
,{"stream_name":"stdout","time":2025.079772776,"data":"EDGE_TTA_ACTIVE views= 8 mean_abs_feat_delta= 0.353642\n"}
,{"stream_name":"stdout","time":2025.629434206,"data":"BIOHUB_RETENTION_GUARD {\"blended_candidates\": 340, \"dataset\": \"44b6_2a2eff9f\", \"frame\": 90, \"minimum_retention\": 0.9, \"primary_candidates\": 473, \"retention\": 0.718816067653277, \"use_primary\": true}\n"}
,{"stream_name":"stdout","time":2025.8320556,"data":"BIOHUB_RETENTION_GUARD {\"blended_candidates\": 340, \"dataset\": \"44b6_2a2eff9f\", \"frame\": 90, \"minimum_retention\": 0.9, \"primary_candidates\": 473, \"retention\": 0.718816067653277, \"use_primary\": true}\n"}
,{"stream_name":"stdout","time":2026.893468462,"data":"EDGE_TTA_ACTIVE views= 8 mean_abs_feat_delta= 0.356719\n"}
,{"stream_name":"stdout","time":2027.048830439,"data":"EDGE_TTA_ACTIVE views= 8 mean_abs_feat_delta= 0.351185\n"}
,{"stream_name":"stdout","time":2027.095961258,"data":"EDGE_TTA_ACTIVE views= 8 mean_abs_feat_delta= 0.356719\n"}
,{"stream_name":"stdout","time":2027.095982715,"data":"EDGE_TTA_ACTIVE views= 8 mean_abs_feat_delta= 0.351185\n"}
,{"stream_name":"stdout","time":2027.897786034,"data":"BIOHUB_RETENTION_GUARD {\"blended_candidates\": 348, \"dataset\": \"44b6_2a2eff9f\", \"frame\": 91, \"minimum_retention\": 0.9, \"primary_candidates\": 476, \"retention\": 0.7310924369747899, \"use_primary\": true}\n"}
,{"stream_name":"stdout","time":2028.10030324,"data":"BIOHUB_RETENTION_GUARD {\"blended_candidates\": 348, \"dataset\": \"44b6_2a2eff9f\", \"frame\": 91, \"minimum_retention\": 0.9, \"primary_candidates\": 476, \"retention\": 0.7310924369747899, \"use_primary\": true}\n"}
,{"stream_name":"stdout","time":2029.147780154,"data":"EDGE_TTA_ACTIVE views= 8 mean_abs_feat_delta= 0.359241\n"}
,{"stream_name":"stdout","time":2029.220028025,"data":"EDGE_TTA_ACTIVE views= 8 mean_abs_feat_delta= 0.348389\n"}
,{"stream_name":"stdout","time":2029.350560173,"data":"EDGE_TTA_ACTIVE views= 8 mean_abs_feat_delta= 0.359241\n"}
,{"stream_name":"stdout","time":2029.350584162,"data":"EDGE_TTA_ACTIVE views= 8 mean_abs_feat_delta= 0.348389\n"}
,{"stream_name":"stdout","time":2030.157516032,"data":"BIOHUB_RETENTION_GUARD {\"blended_candidates\": 340, \"dataset\": \"44b6_2a2eff9f\", \"frame\": 92, \"minimum_retention\": 0.9, \"primary_candidates\": 467, \"retention\": 0.728051391862955, \"use_primary\": true}\n"}
,{"stream_name":"stdout","time":2030.360076699,"data":"BIOHUB_RETENTION_GUARD {\"blended_candidates\": 340, \"dataset\": \"44b6_2a2eff9f\", \"frame\": 92, \"minimum_retention\": 0.9, \"primary_candidates\": 467, \"retention\": 0.728051391862955, \"use_primary\": true}\n"}
,{"stream_name":"stdout","time":2031.325835024,"data":"EDGE_TTA_ACTIVE views= 8 mean_abs_feat_delta= 0.351443\n"}
,{"stream_name":"stdout","time":2031.383475611,"data":"EDGE_TTA_ACTIVE views= 8 mean_abs_feat_delta= 0.357767\n"}
,{"stream_name":"stdout","time":2031.528301887,"data":"EDGE_TTA_ACTIVE views= 8 mean_abs_feat_delta= 0.351443\n"}
,{"stream_name":"stdout","time":2031.52832899,"data":"EDGE_TTA_ACTIVE views= 8 mean_abs_feat_delta= 0.357767\n"}
,{"stream_name":"stdout","time":2032.393767144,"data":"BIOHUB_RETENTION_GUARD {\"blended_candidates\": 344, \"dataset\": \"44b6_2a2eff9f\", \"frame\": 93, \"minimum_retention\": 0.9, \"primary_candidates\": 489, \"retention\": 0.7034764826175869, \"use_primary\": true}\n"}
,{"stream_name":"stdout","time":2032.596134942,"data":"BIOHUB_RETENTION_GUARD {\"blended_candidates\": 344, \"dataset\": \"44b6_2a2eff9f\", \"frame\": 93, \"minimum_retention\": 0.9, \"primary_candidates\": 489, \"retention\": 0.7034764826175869, \"use_primary\": true}\n"}
,{"stream_name":"stdout","time":2033.503816076,"data":"EDGE_TTA_ACTIVE views= 8 mean_abs_feat_delta= 0.355512\n"}
,{"stream_name":"stdout","time":2033.685386956,"data":"EDGE_TTA_ACTIVE views= 8 mean_abs_feat_delta= 0.358418\n"}
,{"stream_name":"stdout","time":2033.706545251,"data":"EDGE_TTA_ACTIVE views= 8 mean_abs_feat_delta= 0.355512\n"}
,{"stream_name":"stdout","time":2033.706566346,"data":"EDGE_TTA_ACTIVE views= 8 mean_abs_feat_delta= 0.358418\n"}
,{"stream_name":"stdout","time":2034.698722226,"data":"BIOHUB_RETENTION_GUARD {\"blended_candidates\": 360, \"dataset\": \"44b6_2a2eff9f\", \"frame\": 94, \"minimum_retention\": 0.9, \"primary_candidates\": 495, \"retention\": 0.7272727272727273, \"use_primary\": true}\n"}
,{"stream_name":"stdout","time":2034.901352476,"data":"BIOHUB_RETENTION_GUARD {\"blended_candidates\": 360, \"dataset\": \"44b6_2a2eff9f\", \"frame\": 94, \"minimum_retention\": 0.9, \"primary_candidates\": 495, \"retention\": 0.7272727272727273, \"use_primary\": true}\n"}
,{"stream_name":"stdout","time":2035.68200716,"data":"EDGE_TTA_ACTIVE views= 8 mean_abs_feat_delta= 0.348668\n"}
,{"stream_name":"stdout","time":2035.884690462,"data":"EDGE_TTA_ACTIVE views= 8 mean_abs_feat_delta= 0.348668\n"}
,{"stream_name":"stdout","time":2035.970623701,"data":"EDGE_TTA_ACTIVE views= 8 mean_abs_feat_delta= 0.359717\n"}
,{"stream_name":"stdout","time":2036.173142302,"data":"EDGE_TTA_ACTIVE views= 8 mean_abs_feat_delta= 0.359717\n"}
,{"stream_name":"stdout","time":2036.98350669,"data":"BIOHUB_RETENTION_GUARD {\"blended_candidates\": 351, \"dataset\": \"44b6_2a2eff9f\", \"frame\": 95, \"minimum_retention\": 0.9, \"primary_candidates\": 480, \"retention\": 0.73125, \"use_primary\": true}\n"}
,{"stream_name":"stdout","time":2037.185917095,"data":"BIOHUB_RETENTION_GUARD {\"blended_candidates\": 351, \"dataset\": \"44b6_2a2eff9f\", \"frame\": 95, \"minimum_retention\": 0.9, \"primary_candidates\": 480, \"retention\": 0.73125, \"use_primary\": true}\n"}
,{"stream_name":"stdout","time":2037.866196331,"data":"EDGE_TTA_ACTIVE views= 8 mean_abs_feat_delta= 0.346939\n"}
,{"stream_name":"stdout","time":2038.068828837,"data":"EDGE_TTA_ACTIVE views= 8 mean_abs_feat_delta= 0.346939\n"}
,{"stream_name":"stdout","time":2038.211121049,"data":"EDGE_TTA_ACTIVE views= 8 mean_abs_feat_delta= 0.362555\n"}
,{"stream_name":"stdout","time":2038.413355704,"data":"EDGE_TTA_ACTIVE views= 8 mean_abs_feat_delta= 0.362555\n"}
,{"stream_name":"stdout","time":2039.21598259,"data":"BIOHUB_RETENTION_GUARD {\"blended_candidates\": 323, \"dataset\": \"44b6_2a2eff9f\", \"frame\": 96, \"minimum_retention\": 0.9, \"primary_candidates\": 467, \"retention\": 0.6916488222698073, \"use_primary\": true}\n"}
,{"stream_name":"stdout","time":2039.418386301,"data":"BIOHUB_RETENTION_GUARD {\"blended_candidates\": 323, \"dataset\": \"44b6_2a2eff9f\", \"frame\": 96, \"minimum_retention\": 0.9, \"primary_candidates\": 467, \"retention\": 0.6916488222698073, \"use_primary\": true}\n"}
,{"stream_name":"stdout","time":2040.050503841,"data":"EDGE_TTA_ACTIVE views= 8 mean_abs_feat_delta= 0.342592\n"}
,{"stream_name":"stdout","time":2040.320578878,"data":"EDGE_TTA_ACTIVE views= 8 mean_abs_feat_delta= 0.342592\n"}
,{"stream_name":"stdout","time":2040.445410116,"data":"EDGE_TTA_ACTIVE views= 8 mean_abs_feat_delta= 0.361436\n"}
,{"stream_name":"stdout","time":2040.648039878,"data":"EDGE_TTA_ACTIVE views= 8 mean_abs_feat_delta= 0.361436\n"}
,{"stream_name":"stdout","time":2041.44756817,"data":"BIOHUB_RETENTION_GUARD {\"blended_candidates\": 285, \"dataset\": \"44b6_2a2eff9f\", \"frame\": 97, \"minimum_retention\": 0.9, \"primary_candidates\": 446, \"retention\": 0.6390134529147982, \"use_primary\": true}\n"}
,{"stream_name":"stdout","time":2041.649941374,"data":"BIOHUB_RETENTION_GUARD {\"blended_candidates\": 285, \"dataset\": \"44b6_2a2eff9f\", \"frame\": 97, \"minimum_retention\": 0.9, \"primary_candidates\": 446, \"retention\": 0.6390134529147982, \"use_primary\": true}\n"}
,{"stream_name":"stdout","time":2042.224150827,"data":"EDGE_TTA_ACTIVE views= 8 mean_abs_feat_delta= 0.347841\n"}
,{"stream_name":"stdout","time":2042.426548311,"data":"EDGE_TTA_ACTIVE views= 8 mean_abs_feat_delta= 0.347841\n"}
,{"stream_name":"stdout","time":2042.662572064,"data":"EDGE_TTA_ACTIVE views= 8 mean_abs_feat_delta= 0.35858\n"}
,{"stream_name":"stdout","time":2042.865167548,"data":"EDGE_TTA_ACTIVE views= 8 mean_abs_feat_delta= 0.35858\n"}
,{"stream_name":"stdout","time":2043.67113425,"data":"BIOHUB_RETENTION_GUARD {\"blended_candidates\": 333, \"dataset\": \"44b6_2a2eff9f\", \"frame\": 98, \"minimum_retention\": 0.9, \"primary_candidates\": 495, \"retention\": 0.6727272727272727, \"use_primary\": true}\n"}
,{"stream_name":"stdout","time":2043.873940329,"data":"BIOHUB_RETENTION_GUARD {\"blended_candidates\": 333, \"dataset\": \"44b6_2a2eff9f\", \"frame\": 98, \"minimum_retention\": 0.9, \"primary_candidates\": 495, \"retention\": 0.6727272727272727, \"use_primary\": true}\n"}
,{"stream_name":"stdout","time":2044.404709873,"data":"EDGE_TTA_ACTIVE views= 8 mean_abs_feat_delta= 0.345072\n"}
,{"stream_name":"stdout","time":2044.607038651,"data":"EDGE_TTA_ACTIVE views= 8 mean_abs_feat_delta= 0.345072\n"}
,{"stream_name":"stdout","time":2044.949734921,"data":"EDGE_TTA_ACTIVE views= 8 mean_abs_feat_delta= 0.354435\n"}
,{"stream_name":"stdout","time":2045.152165379,"data":"EDGE_TTA_ACTIVE views= 8 mean_abs_feat_delta= 0.354435\n"}
,{"stream_name":"stdout","time":2045.952507342,"data":"BIOHUB_RETENTION_GUARD {\"blended_candidates\": 268, \"dataset\": \"44b6_2a2eff9f\", \"frame\": 99, \"minimum_retention\": 0.9, \"primary_candidates\": 455, \"retention\": 0.589010989010989, \"use_primary\": true}\n"}
,{"stream_name":"stdout","time":2046.155003847,"data":"BIOHUB_RETENTION_GUARD {\"blended_candidates\": 268, \"dataset\": \"44b6_2a2eff9f\", \"frame\": 99, \"minimum_retention\": 0.9, \"primary_candidates\": 455, \"retention\": 0.589010989010989, \"use_primary\": true}\n"}
,{"stream_name":"stdout","time":2046.577283582,"data":"EDGE_TTA_ACTIVE views= 8 mean_abs_feat_delta= 0.344896\n"}
,{"stream_name":"stdout","time":2046.780197671,"data":"EDGE_TTA_ACTIVE views= 8 mean_abs_feat_delta= 0.344896\n"}
,{"stream_name":"stdout","time":2048.843664749,"data":"EDGE_TTA_ACTIVE views= 8 mean_abs_feat_delta= 0.348324\n"}
,{"stream_name":"stdout","time":2049.04728092,"data":"EDGE_TTA_ACTIVE views= 8 mean_abs_feat_delta= 0.348324\n"}
,{"stream_name":"stdout","time":2051.143154059,"data":"EDGE_TTA_ACTIVE views= 8 mean_abs_feat_delta= 0.346953\n"}
,{"stream_name":"stdout","time":2051.345726919,"data":"EDGE_TTA_ACTIVE views= 8 mean_abs_feat_delta= 0.346953\n"}
,{"stream_name":"stdout","time":2053.376963249,"data":"EDGE_TTA_ACTIVE views= 8 mean_abs_feat_delta= 0.344214\n"}
,{"stream_name":"stdout","time":2053.579904836,"data":"EDGE_TTA_ACTIVE views= 8 mean_abs_feat_delta= 0.344214\n"}
,{"stream_name":"stdout","time":2055.577173152,"data":"EDGE_TTA_ACTIVE views= 8 mean_abs_feat_delta= 0.345782\n"}
,{"stream_name":"stdout","time":2055.779998888,"data":"EDGE_TTA_ACTIVE views= 8 mean_abs_feat_delta= 0.345782\n"}
,{"stream_name":"stdout","time":2056.558658734,"data":"BIOHUB_RETENTION_GUARD {\"blended_candidates\": 342, \"dataset\": \"6bba_07e24132\", \"frame\": 32, \"minimum_retention\": 0.9, \"primary_candidates\": 392, \"retention\": 0.8724489795918368, \"use_primary\": true}\n"}
,{"stream_name":"stdout","time":2056.760957295,"data":"BIOHUB_RETENTION_GUARD {\"blended_candidates\": 342, \"dataset\": \"6bba_07e24132\", \"frame\": 32, \"minimum_retention\": 0.9, \"primary_candidates\": 392, \"retention\": 0.8724489795918368, \"use_primary\": true}\n"}
,{"stream_name":"stdout","time":2057.867270841,"data":"EDGE_TTA_ACTIVE views= 8 mean_abs_feat_delta= 0.345884\n"}
,{"stream_name":"stdout","time":2058.069382246,"data":"EDGE_TTA_ACTIVE views= 8 mean_abs_feat_delta= 0.345884\n"}
,{"stream_name":"stdout","time":2060.060644435,"data":"EDGE_TTA_ACTIVE views= 8 mean_abs_feat_delta= 0.349488\n"}
,{"stream_name":"stdout","time":2060.264854578,"data":"EDGE_TTA_ACTIVE views= 8 mean_abs_feat_delta= 0.349488\n"}
,{"stream_name":"stdout","time":2062.228043285,"data":"EDGE_TTA_ACTIVE views= 8 mean_abs_feat_delta= 0.344998\n"}
,{"stream_name":"stdout","time":2062.430865601,"data":"EDGE_TTA_ACTIVE views= 8 mean_abs_feat_delta= 0.344998\n"}
,{"stream_name":"stdout","time":2064.354141065,"data":"EDGE_TTA_ACTIVE views= 8 mean_abs_feat_delta= 0.344112\n"}
,{"stream_name":"stdout","time":2064.556165656,"data":"EDGE_TTA_ACTIVE views= 8 mean_abs_feat_delta= 0.344112\n"}
,{"stream_name":"stdout","time":2066.519500777,"data":"EDGE_TTA_ACTIVE views= 8 mean_abs_feat_delta= 0.344058\n"}
,{"stream_name":"stdout","time":2066.721982518,"data":"EDGE_TTA_ACTIVE views= 8 mean_abs_feat_delta= 0.344058\n"}
,{"stream_name":"stdout","time":2068.659906714,"data":"EDGE_TTA_ACTIVE views= 8 mean_abs_feat_delta= 0.342413\n"}
,{"stream_name":"stdout","time":2068.86259629,"data":"EDGE_TTA_ACTIVE views= 8 mean_abs_feat_delta= 0.342413\n"}
,{"stream_name":"stdout","time":2070.867341171,"data":"EDGE_TTA_ACTIVE views= 8 mean_abs_feat_delta= 0.339014\n"}
,{"stream_name":"stdout","time":2071.142288901,"data":"EDGE_TTA_ACTIVE views= 8 mean_abs_feat_delta= 0.339014\n"}
,{"stream_name":"stdout","time":2073.101793451,"data":"EDGE_TTA_ACTIVE views= 8 mean_abs_feat_delta= 0.331895\n"}
,{"stream_name":"stdout","time":2073.304542679,"data":"EDGE_TTA_ACTIVE views= 8 mean_abs_feat_delta= 0.331895\n"}
,{"stream_name":"stdout","time":2075.314366365,"data":"EDGE_TTA_ACTIVE views= 8 mean_abs_feat_delta= 0.34071\n"}
,{"stream_name":"stdout","time":2075.516923489,"data":"EDGE_TTA_ACTIVE views= 8 mean_abs_feat_delta= 0.34071\n"}
,{"stream_name":"stdout","time":2077.558904573,"data":"EDGE_TTA_ACTIVE views= 8 mean_abs_feat_delta= 0.344597\n"}
,{"stream_name":"stdout","time":2077.761403583,"data":"EDGE_TTA_ACTIVE views= 8 mean_abs_feat_delta= 0.344597\n"}
,{"stream_name":"stdout","time":2079.697302195,"data":"EDGE_TTA_ACTIVE views= 8 mean_abs_feat_delta= 0.347949\n"}
,{"stream_name":"stdout","time":2079.89991502,"data":"EDGE_TTA_ACTIVE views= 8 mean_abs_feat_delta= 0.347949\n"}
,{"stream_name":"stdout","time":2081.87167821,"data":"EDGE_TTA_ACTIVE views= 8 mean_abs_feat_delta= 0.343395\n"}
,{"stream_name":"stdout","time":2082.074538274,"data":"EDGE_TTA_ACTIVE views= 8 mean_abs_feat_delta= 0.343395\n"}
,{"stream_name":"stdout","time":2082.223818422,"data":"EDGE_TTA_ACTIVE views= 8 mean_abs_feat_delta= 0.288475\n"}
,{"stream_name":"stdout","time":2082.426187572,"data":"EDGE_TTA_ACTIVE views= 8 mean_abs_feat_delta= 0.288475\n"}
,{"stream_name":"stdout","time":2084.036751483,"data":"EDGE_TTA_ACTIVE views= 8 mean_abs_feat_delta= 0.342938\n"}
,{"stream_name":"stdout","time":2084.239184609,"data":"EDGE_TTA_ACTIVE views= 8 mean_abs_feat_delta= 0.342938\n"}
,{"stream_name":"stdout","time":2084.240515645,"data":"EDGE_TTA_ACTIVE views= 8 mean_abs_feat_delta= 0.287561\n"}
,{"stream_name":"stdout","time":2084.442845597,"data":"EDGE_TTA_ACTIVE views= 8 mean_abs_feat_delta= 0.287561\n"}
,{"stream_name":"stdout","time":2086.23234065,"data":"EDGE_TTA_ACTIVE views= 8 mean_abs_feat_delta= 0.34073\n"}
,{"stream_name":"stdout","time":2086.271410548,"data":"EDGE_TTA_ACTIVE views= 8 mean_abs_feat_delta= 0.288963\n"}
,{"stream_name":"stdout","time":2086.434887254,"data":"EDGE_TTA_ACTIVE views= 8 mean_abs_feat_delta= 0.34073\n"}
,{"stream_name":"stdout","time":2086.434907792,"data":"EDGE_TTA_ACTIVE views= 8 mean_abs_feat_delta= 0.288963\n"}
,{"stream_name":"stdout","time":2088.305295231,"data":"EDGE_TTA_ACTIVE views= 8 mean_abs_feat_delta= 0.284378\n"}
,{"stream_name":"stdout","time":2088.393993215,"data":"EDGE_TTA_ACTIVE views= 8 mean_abs_feat_delta= 0.337223\n"}
,{"stream_name":"stdout","time":2088.507706093,"data":"EDGE_TTA_ACTIVE views= 8 mean_abs_feat_delta= 0.284378\n"}
,{"stream_name":"stdout","time":2088.507750793,"data":"EDGE_TTA_ACTIVE views= 8 mean_abs_feat_delta= 0.337223\n"}
,{"stream_name":"stdout","time":2090.313602583,"data":"EDGE_TTA_ACTIVE views= 8 mean_abs_feat_delta= 0.287813\n"}
,{"stream_name":"stdout","time":2090.516139709,"data":"EDGE_TTA_ACTIVE views= 8 mean_abs_feat_delta= 0.287813\n"}
,{"stream_name":"stdout","time":2090.557359637,"data":"EDGE_TTA_ACTIVE views= 8 mean_abs_feat_delta= 0.338214\n"}
,{"stream_name":"stdout","time":2090.759779061,"data":"EDGE_TTA_ACTIVE views= 8 mean_abs_feat_delta= 0.338214\n"}
,{"stream_name":"stdout","time":2092.36189775,"data":"EDGE_TTA_ACTIVE views= 8 mean_abs_feat_delta= 0.287261\n"}
,{"stream_name":"stdout","time":2092.564445597,"data":"EDGE_TTA_ACTIVE views= 8 mean_abs_feat_delta= 0.287261\n"}
,{"stream_name":"stdout","time":2092.748981053,"data":"EDGE_TTA_ACTIVE views= 8 mean_abs_feat_delta= 0.343058\n"}
,{"stream_name":"stdout","time":2092.95144435,"data":"EDGE_TTA_ACTIVE views= 8 mean_abs_feat_delta= 0.343058\n"}
,{"stream_name":"stdout","time":2094.385262913,"data":"EDGE_TTA_ACTIVE views= 8 mean_abs_feat_delta= 0.28741\n"}
,{"stream_name":"stdout","time":2094.588138748,"data":"EDGE_TTA_ACTIVE views= 8 mean_abs_feat_delta= 0.28741\n"}
,{"stream_name":"stdout","time":2094.976327645,"data":"EDGE_TTA_ACTIVE views= 8 mean_abs_feat_delta= 0.343211\n"}
,{"stream_name":"stdout","time":2095.178842761,"data":"EDGE_TTA_ACTIVE views= 8 mean_abs_feat_delta= 0.343211\n"}
,{"stream_name":"stdout","time":2096.446026812,"data":"EDGE_TTA_ACTIVE views= 8 mean_abs_feat_delta= 0.291909\n"}
,{"stream_name":"stdout","time":2096.648356349,"data":"EDGE_TTA_ACTIVE views= 8 mean_abs_feat_delta= 0.291909\n"}
,{"stream_name":"stdout","time":2097.149815212,"data":"EDGE_TTA_ACTIVE views= 8 mean_abs_feat_delta= 0.340682\n"}
,{"stream_name":"stdout","time":2097.352411286,"data":"EDGE_TTA_ACTIVE views= 8 mean_abs_feat_delta= 0.340682\n"}
,{"stream_name":"stdout","time":2098.501228222,"data":"EDGE_TTA_ACTIVE views= 8 mean_abs_feat_delta= 0.291947\n"}
,{"stream_name":"stdout","time":2098.703988494,"data":"EDGE_TTA_ACTIVE views= 8 mean_abs_feat_delta= 0.291947\n"}
,{"stream_name":"stdout","time":2099.309658747,"data":"EDGE_TTA_ACTIVE views= 8 mean_abs_feat_delta= 0.338135\n"}
,{"stream_name":"stdout","time":2099.511762824,"data":"EDGE_TTA_ACTIVE views= 8 mean_abs_feat_delta= 0.338135\n"}
,{"stream_name":"stdout","time":2100.501891049,"data":"EDGE_TTA_ACTIVE views= 8 mean_abs_feat_delta= 0.291055\n"}
,{"stream_name":"stdout","time":2100.704883128,"data":"EDGE_TTA_ACTIVE views= 8 mean_abs_feat_delta= 0.291055\n"}
,{"stream_name":"stdout","time":2101.480745657,"data":"EDGE_TTA_ACTIVE views= 8 mean_abs_feat_delta= 0.333565\n"}
,{"stream_name":"stdout","time":2101.769058835,"data":"EDGE_TTA_ACTIVE views= 8 mean_abs_feat_delta= 0.333565\n"}
,{"stream_name":"stdout","time":2102.601098021,"data":"EDGE_TTA_ACTIVE views= 8 mean_abs_feat_delta= 0.28982\n"}
,{"stream_name":"stdout","time":2102.803583031,"data":"EDGE_TTA_ACTIVE views= 8 mean_abs_feat_delta= 0.28982\n"}
,{"stream_name":"stdout","time":2103.663012769,"data":"EDGE_TTA_ACTIVE views= 8 mean_abs_feat_delta= 0.337448\n"}
,{"stream_name":"stdout","time":2103.865816836,"data":"EDGE_TTA_ACTIVE views= 8 mean_abs_feat_delta= 0.337448\n"}
,{"stream_name":"stdout","time":2104.651518337,"data":"EDGE_TTA_ACTIVE views= 8 mean_abs_feat_delta= 0.288198\n"}
,{"stream_name":"stdout","time":2104.853861183,"data":"EDGE_TTA_ACTIVE views= 8 mean_abs_feat_delta= 0.288198\n"}
,{"stream_name":"stdout","time":2105.900040091,"data":"EDGE_TTA_ACTIVE views= 8 mean_abs_feat_delta= 0.337377\n"}
,{"stream_name":"stdout","time":2106.102724607,"data":"EDGE_TTA_ACTIVE views= 8 mean_abs_feat_delta= 0.337377\n"}
,{"stream_name":"stdout","time":2106.659943234,"data":"EDGE_TTA_ACTIVE views= 8 mean_abs_feat_delta= 0.280635\n"}
,{"stream_name":"stdout","time":2106.862151488,"data":"EDGE_TTA_ACTIVE views= 8 mean_abs_feat_delta= 0.280635\n"}
,{"stream_name":"stdout","time":2108.129001721,"data":"EDGE_TTA_ACTIVE views= 8 mean_abs_feat_delta= 0.334616\n"}
,{"stream_name":"stdout","time":2108.331286653,"data":"EDGE_TTA_ACTIVE views= 8 mean_abs_feat_delta= 0.334616\n"}
,{"stream_name":"stdout","time":2108.764239905,"data":"EDGE_TTA_ACTIVE views= 8 mean_abs_feat_delta= 0.283807\n"}
,{"stream_name":"stdout","time":2108.966759197,"data":"EDGE_TTA_ACTIVE views= 8 mean_abs_feat_delta= 0.283807\n"}
,{"stream_name":"stdout","time":2110.265937986,"data":"EDGE_TTA_ACTIVE views= 8 mean_abs_feat_delta= 0.333661\n"}
,{"stream_name":"stdout","time":2110.468312592,"data":"EDGE_TTA_ACTIVE views= 8 mean_abs_feat_delta= 0.333661\n"}
,{"stream_name":"stdout","time":2110.832861465,"data":"EDGE_TTA_ACTIVE views= 8 mean_abs_feat_delta= 0.288234\n"}
,{"stream_name":"stdout","time":2111.035331801,"data":"EDGE_TTA_ACTIVE views= 8 mean_abs_feat_delta= 0.288234\n"}
,{"stream_name":"stdout","time":2112.492289252,"data":"EDGE_TTA_ACTIVE views= 8 mean_abs_feat_delta= 0.339485\n"}
,{"stream_name":"stdout","time":2112.694637602,"data":"EDGE_TTA_ACTIVE views= 8 mean_abs_feat_delta= 0.339485\n"}
,{"stream_name":"stdout","time":2112.918750482,"data":"EDGE_TTA_ACTIVE views= 8 mean_abs_feat_delta= 0.286344\n"}
,{"stream_name":"stdout","time":2113.121319954,"data":"EDGE_TTA_ACTIVE views= 8 mean_abs_feat_delta= 0.286344\n"}
,{"stream_name":"stdout","time":2114.69813154,"data":"EDGE_TTA_ACTIVE views= 8 mean_abs_feat_delta= 0.337706\n"}
,{"stream_name":"stdout","time":2114.900612101,"data":"EDGE_TTA_ACTIVE views= 8 mean_abs_feat_delta= 0.337706\n"}
,{"stream_name":"stdout","time":2115.024182106,"data":"EDGE_TTA_ACTIVE views= 8 mean_abs_feat_delta= 0.281856\n"}
,{"stream_name":"stdout","time":2115.226727993,"data":"EDGE_TTA_ACTIVE views= 8 mean_abs_feat_delta= 0.281856\n"}
,{"stream_name":"stdout","time":2116.906475978,"data":"EDGE_TTA_ACTIVE views= 8 mean_abs_feat_delta= 0.337246\n"}
,{"stream_name":"stdout","time":2117.109063122,"data":"EDGE_TTA_ACTIVE views= 8 mean_abs_feat_delta= 0.337246\n"}
,{"stream_name":"stdout","time":2117.150574209,"data":"EDGE_TTA_ACTIVE views= 8 mean_abs_feat_delta= 0.277556\n"}
,{"stream_name":"stdout","time":2117.352730128,"data":"EDGE_TTA_ACTIVE views= 8 mean_abs_feat_delta= 0.277556\n"}
,{"stream_name":"stdout","time":2119.106250429,"data":"EDGE_TTA_ACTIVE views= 8 mean_abs_feat_delta= 0.339272\n"}
,{"stream_name":"stdout","time":2119.215179739,"data":"EDGE_TTA_ACTIVE views= 8 mean_abs_feat_delta= 0.277451\n"}
,{"stream_name":"stdout","time":2119.308825687,"data":"EDGE_TTA_ACTIVE views= 8 mean_abs_feat_delta= 0.339272\n"}
,{"stream_name":"stdout","time":2119.308846571,"data":"EDGE_TTA_ACTIVE views= 8 mean_abs_feat_delta= 0.277451\n"}
,{"stream_name":"stdout","time":2121.222377634,"data":"EDGE_TTA_ACTIVE views= 8 mean_abs_feat_delta= 0.278448\n"}
,{"stream_name":"stdout","time":2121.26354161,"data":"EDGE_TTA_ACTIVE views= 8 mean_abs_feat_delta= 0.342159\n"}
,{"stream_name":"stdout","time":2121.424871389,"data":"EDGE_TTA_ACTIVE views= 8 mean_abs_feat_delta= 0.278448\n"}
,{"stream_name":"stdout","time":2121.424893433,"data":"EDGE_TTA_ACTIVE views= 8 mean_abs_feat_delta= 0.342159\n"}
,{"stream_name":"stdout","time":2123.325620525,"data":"EDGE_TTA_ACTIVE views= 8 mean_abs_feat_delta= 0.279406\n"}
,{"stream_name":"stdout","time":2123.490071827,"data":"EDGE_TTA_ACTIVE views= 8 mean_abs_feat_delta= 0.343625\n"}
,{"stream_name":"stdout","time":2123.528043485,"data":"EDGE_TTA_ACTIVE views= 8 mean_abs_feat_delta= 0.279406\n"}
,{"stream_name":"stdout","time":2123.528061194,"data":"EDGE_TTA_ACTIVE views= 8 mean_abs_feat_delta= 0.343625\n"}
,{"stream_name":"stdout","time":2125.433095933,"data":"EDGE_TTA_ACTIVE views= 8 mean_abs_feat_delta= 0.28314\n"}
,{"stream_name":"stdout","time":2125.635492595,"data":"EDGE_TTA_ACTIVE views= 8 mean_abs_feat_delta= 0.28314\n"}
,{"stream_name":"stdout","time":2125.696304006,"data":"EDGE_TTA_ACTIVE views= 8 mean_abs_feat_delta= 0.343102\n"}
,{"stream_name":"stdout","time":2125.898872006,"data":"EDGE_TTA_ACTIVE views= 8 mean_abs_feat_delta= 0.343102\n"}
,{"stream_name":"stdout","time":2127.481852521,"data":"EDGE_TTA_ACTIVE views= 8 mean_abs_feat_delta= 0.290562\n"}
,{"stream_name":"stdout","time":2127.683989587,"data":"EDGE_TTA_ACTIVE views= 8 mean_abs_feat_delta= 0.290562\n"}
,{"stream_name":"stdout","time":2127.928265292,"data":"EDGE_TTA_ACTIVE views= 8 mean_abs_feat_delta= 0.338878\n"}
,{"stream_name":"stdout","time":2128.130659405,"data":"EDGE_TTA_ACTIVE views= 8 mean_abs_feat_delta= 0.338878\n"}
,{"stream_name":"stdout","time":2129.610497075,"data":"EDGE_TTA_ACTIVE views= 8 mean_abs_feat_delta= 0.288456\n"}
,{"stream_name":"stdout","time":2129.813086038,"data":"EDGE_TTA_ACTIVE views= 8 mean_abs_feat_delta= 0.288456\n"}
,{"stream_name":"stdout","time":2130.141690554,"data":"EDGE_TTA_ACTIVE views= 8 mean_abs_feat_delta= 0.344788\n"}
,{"stream_name":"stdout","time":2130.344134959,"data":"EDGE_TTA_ACTIVE views= 8 mean_abs_feat_delta= 0.344788\n"}
,{"stream_name":"stdout","time":2131.71766244,"data":"EDGE_TTA_ACTIVE views= 8 mean_abs_feat_delta= 0.286395\n"}
,{"stream_name":"stdout","time":2132.009118202,"data":"EDGE_TTA_ACTIVE views= 8 mean_abs_feat_delta= 0.286395\n"}
,{"stream_name":"stdout","time":2132.229033803,"data":"EDGE_TTA_ACTIVE views= 8 mean_abs_feat_delta= 0.33784\n"}
,{"stream_name":"stdout","time":2132.43141362,"data":"EDGE_TTA_ACTIVE views= 8 mean_abs_feat_delta= 0.33784\n"}
,{"stream_name":"stdout","time":2133.828512023,"data":"EDGE_TTA_ACTIVE views= 8 mean_abs_feat_delta= 0.294338\n"}
,{"stream_name":"stdout","time":2134.030673658,"data":"EDGE_TTA_ACTIVE views= 8 mean_abs_feat_delta= 0.294338\n"}
,{"stream_name":"stdout","time":2134.381956026,"data":"EDGE_TTA_ACTIVE views= 8 mean_abs_feat_delta= 0.339211\n"}
,{"stream_name":"stdout","time":2134.584556088,"data":"EDGE_TTA_ACTIVE views= 8 mean_abs_feat_delta= 0.339211\n"}
,{"stream_name":"stdout","time":2135.955819554,"data":"EDGE_TTA_ACTIVE views= 8 mean_abs_feat_delta= 0.290596\n"}
,{"stream_name":"stdout","time":2136.158419965,"data":"EDGE_TTA_ACTIVE views= 8 mean_abs_feat_delta= 0.290596\n"}
,{"stream_name":"stdout","time":2136.62074196,"data":"EDGE_TTA_ACTIVE views= 8 mean_abs_feat_delta= 0.339533\n"}
,{"stream_name":"stdout","time":2136.823008791,"data":"EDGE_TTA_ACTIVE views= 8 mean_abs_feat_delta= 0.339533\n"}
,{"stream_name":"stdout","time":2138.085883182,"data":"EDGE_TTA_ACTIVE views= 8 mean_abs_feat_delta= 0.288951\n"}
,{"stream_name":"stdout","time":2138.288601549,"data":"EDGE_TTA_ACTIVE views= 8 mean_abs_feat_delta= 0.288951\n"}
,{"stream_name":"stdout","time":2138.852120453,"data":"EDGE_TTA_ACTIVE views= 8 mean_abs_feat_delta= 0.333552\n"}
,{"stream_name":"stdout","time":2139.054409423,"data":"EDGE_TTA_ACTIVE views= 8 mean_abs_feat_delta= 0.333552\n"}
,{"stream_name":"stdout","time":2140.214013287,"data":"EDGE_TTA_ACTIVE views= 8 mean_abs_feat_delta= 0.287622\n"}
,{"stream_name":"stdout","time":2140.416544013,"data":"EDGE_TTA_ACTIVE views= 8 mean_abs_feat_delta= 0.287622\n"}
,{"stream_name":"stdout","time":2140.93751808,"data":"EDGE_TTA_ACTIVE views= 8 mean_abs_feat_delta= 0.342836\n"}
,{"stream_name":"stdout","time":2141.139892865,"data":"EDGE_TTA_ACTIVE views= 8 mean_abs_feat_delta= 0.342836\n"}
,{"stream_name":"stdout","time":2142.322873503,"data":"EDGE_TTA_ACTIVE views= 8 mean_abs_feat_delta= 0.288395\n"}
,{"stream_name":"stdout","time":2142.525314566,"data":"EDGE_TTA_ACTIVE views= 8 mean_abs_feat_delta= 0.288395\n"}
,{"stream_name":"stdout","time":2143.122934718,"data":"EDGE_TTA_ACTIVE views= 8 mean_abs_feat_delta= 0.340752\n"}
,{"stream_name":"stdout","time":2143.325507461,"data":"EDGE_TTA_ACTIVE views= 8 mean_abs_feat_delta= 0.340752\n"}
,{"stream_name":"stdout","time":2144.391314515,"data":"EDGE_TTA_ACTIVE views= 8 mean_abs_feat_delta= 0.286202\n"}
,{"stream_name":"stdout","time":2144.593768961,"data":"EDGE_TTA_ACTIVE views= 8 mean_abs_feat_delta= 0.286202\n"}
,{"stream_name":"stdout","time":2145.337361592,"data":"EDGE_TTA_ACTIVE views= 8 mean_abs_feat_delta= 0.33721\n"}
,{"stream_name":"stdout","time":2145.540458269,"data":"EDGE_TTA_ACTIVE views= 8 mean_abs_feat_delta= 0.33721\n"}
,{"stream_name":"stdout","time":2146.500055806,"data":"EDGE_TTA_ACTIVE views= 8 mean_abs_feat_delta= 0.287794\n"}
,{"stream_name":"stdout","time":2146.702410274,"data":"EDGE_TTA_ACTIVE views= 8 mean_abs_feat_delta= 0.287794\n"}
,{"stream_name":"stdout","time":2147.492746811,"data":"EDGE_TTA_ACTIVE views= 8 mean_abs_feat_delta= 0.331794\n"}
,{"stream_name":"stdout","time":2147.695179126,"data":"EDGE_TTA_ACTIVE views= 8 mean_abs_feat_delta= 0.331794\n"}
,{"stream_name":"stdout","time":2148.570112931,"data":"EDGE_TTA_ACTIVE views= 8 mean_abs_feat_delta= 0.288107\n"}
,{"stream_name":"stdout","time":2148.772626625,"data":"EDGE_TTA_ACTIVE views= 8 mean_abs_feat_delta= 0.288107\n"}
,{"stream_name":"stdout","time":2149.707601929,"data":"EDGE_TTA_ACTIVE views= 8 mean_abs_feat_delta= 0.328009\n"}
,{"stream_name":"stdout","time":2149.910271223,"data":"EDGE_TTA_ACTIVE views= 8 mean_abs_feat_delta= 0.328009\n"}
,{"stream_name":"stdout","time":2150.723723219,"data":"EDGE_TTA_ACTIVE views= 8 mean_abs_feat_delta= 0.292464\n"}
,{"stream_name":"stdout","time":2150.925955781,"data":"EDGE_TTA_ACTIVE views= 8 mean_abs_feat_delta= 0.292464\n"}
,{"stream_name":"stdout","time":2151.92434719,"data":"EDGE_TTA_ACTIVE views= 8 mean_abs_feat_delta= 0.334781\n"}
,{"stream_name":"stdout","time":2152.127539713,"data":"EDGE_TTA_ACTIVE views= 8 mean_abs_feat_delta= 0.334781\n"}
,{"stream_name":"stdout","time":2152.764822967,"data":"EDGE_TTA_ACTIVE views= 8 mean_abs_feat_delta= 0.292965\n"}
,{"stream_name":"stdout","time":2152.966910551,"data":"EDGE_TTA_ACTIVE views= 8 mean_abs_feat_delta= 0.292965\n"}
,{"stream_name":"stdout","time":2154.140318973,"data":"EDGE_TTA_ACTIVE views= 8 mean_abs_feat_delta= 0.331889\n"}
,{"stream_name":"stdout","time":2154.342773535,"data":"EDGE_TTA_ACTIVE views= 8 mean_abs_feat_delta= 0.331889\n"}
,{"stream_name":"stdout","time":2154.917034748,"data":"EDGE_TTA_ACTIVE views= 8 mean_abs_feat_delta= 0.287195\n"}
,{"stream_name":"stdout","time":2155.119777014,"data":"EDGE_TTA_ACTIVE views= 8 mean_abs_feat_delta= 0.287195\n"}
,{"stream_name":"stdout","time":2156.362832843,"data":"EDGE_TTA_ACTIVE views= 8 mean_abs_feat_delta= 0.324439\n"}
,{"stream_name":"stdout","time":2156.56553978,"data":"EDGE_TTA_ACTIVE views= 8 mean_abs_feat_delta= 0.324439\n"}
,{"stream_name":"stdout","time":2156.994427934,"data":"EDGE_TTA_ACTIVE views= 8 mean_abs_feat_delta= 0.283498\n"}
,{"stream_name":"stdout","time":2157.196629766,"data":"EDGE_TTA_ACTIVE views= 8 mean_abs_feat_delta= 0.283498\n"}
,{"stream_name":"stdout","time":2158.550843989,"data":"EDGE_TTA_ACTIVE views= 8 mean_abs_feat_delta= 0.320074\n"}
,{"stream_name":"stdout","time":2158.753323867,"data":"EDGE_TTA_ACTIVE views= 8 mean_abs_feat_delta= 0.320074\n"}
,{"stream_name":"stdout","time":2159.110964894,"data":"EDGE_TTA_ACTIVE views= 8 mean_abs_feat_delta= 0.283498\n"}
,{"stream_name":"stdout","time":2159.313426014,"data":"EDGE_TTA_ACTIVE views= 8 mean_abs_feat_delta= 0.283498\n"}
,{"stream_name":"stdout","time":2160.792324171,"data":"EDGE_TTA_ACTIVE views= 8 mean_abs_feat_delta= 0.322734\n"}
,{"stream_name":"stdout","time":2160.995116186,"data":"EDGE_TTA_ACTIVE views= 8 mean_abs_feat_delta= 0.322734\n"}
,{"stream_name":"stdout","time":2161.235447376,"data":"EDGE_TTA_ACTIVE views= 8 mean_abs_feat_delta= 0.283498\n"}
,{"stream_name":"stdout","time":2161.437921717,"data":"EDGE_TTA_ACTIVE views= 8 mean_abs_feat_delta= 0.283498\n"}
,{"stream_name":"stdout","time":2163.033790486,"data":"EDGE_TTA_ACTIVE views= 8 mean_abs_feat_delta= 0.326182\n"}
,{"stream_name":"stdout","time":2163.309502499,"data":"EDGE_TTA_ACTIVE views= 8 mean_abs_feat_delta= 0.326182\n"}
,{"stream_name":"stdout","time":2163.354743532,"data":"EDGE_TTA_ACTIVE views= 8 mean_abs_feat_delta= 0.315338\n"}
,{"stream_name":"stdout","time":2163.55711353,"data":"EDGE_TTA_ACTIVE views= 8 mean_abs_feat_delta= 0.315338\n"}
,{"stream_name":"stdout","time":2165.234102088,"data":"EDGE_TTA_ACTIVE views= 8 mean_abs_feat_delta= 0.327903\n"}
,{"stream_name":"stdout","time":2165.43626378,"data":"EDGE_TTA_ACTIVE views= 8 mean_abs_feat_delta= 0.327903\n"}
,{"stream_name":"stdout","time":2165.439062699,"data":"EDGE_TTA_ACTIVE views= 8 mean_abs_feat_delta= 0.316057\n"}
,{"stream_name":"stdout","time":2165.641492618,"data":"EDGE_TTA_ACTIVE views= 8 mean_abs_feat_delta= 0.316057\n"}
,{"stream_name":"stdout","time":2167.411514413,"data":"EDGE_TTA_ACTIVE views= 8 mean_abs_feat_delta= 0.336297\n"}
,{"stream_name":"stdout","time":2167.509920003,"data":"EDGE_TTA_ACTIVE views= 8 mean_abs_feat_delta= 0.289165\n"}
,{"stream_name":"stdout","time":2167.6138884,"data":"EDGE_TTA_ACTIVE views= 8 mean_abs_feat_delta= 0.336297\n"}
,{"stream_name":"stdout","time":2167.613916249,"data":"EDGE_TTA_ACTIVE views= 8 mean_abs_feat_delta= 0.289165\n"}
,{"stream_name":"stdout","time":2169.574587485,"data":"EDGE_TTA_ACTIVE views= 8 mean_abs_feat_delta= 0.339382\n"}
,{"stream_name":"stdout","time":2169.709190915,"data":"EDGE_TTA_ACTIVE views= 8 mean_abs_feat_delta= 0.28309\n"}
,{"stream_name":"stdout","time":2169.777092809,"data":"EDGE_TTA_ACTIVE views= 8 mean_abs_feat_delta= 0.339382\n"}
,{"stream_name":"stdout","time":2169.777118278,"data":"EDGE_TTA_ACTIVE views= 8 mean_abs_feat_delta= 0.28309\n"}
,{"stream_name":"stdout","time":2171.802993988,"data":"EDGE_TTA_ACTIVE views= 8 mean_abs_feat_delta= 0.333216\n"}
,{"stream_name":"stdout","time":2171.876435031,"data":"EDGE_TTA_ACTIVE views= 8 mean_abs_feat_delta= 0.28861\n"}
,{"stream_name":"stdout","time":2172.005526961,"data":"EDGE_TTA_ACTIVE views= 8 mean_abs_feat_delta= 0.333216\n"}
,{"stream_name":"stdout","time":2172.005549223,"data":"EDGE_TTA_ACTIVE views= 8 mean_abs_feat_delta= 0.28861\n"}
,{"stream_name":"stdout","time":2173.972077423,"data":"EDGE_TTA_ACTIVE views= 8 mean_abs_feat_delta= 0.287751\n"}
,{"stream_name":"stdout","time":2174.02238253,"data":"EDGE_TTA_ACTIVE views= 8 mean_abs_feat_delta= 0.335556\n"}
,{"stream_name":"stdout","time":2174.174483316,"data":"EDGE_TTA_ACTIVE views= 8 mean_abs_feat_delta= 0.287751\n"}
,{"stream_name":"stdout","time":2174.174508781,"data":"EDGE_TTA_ACTIVE views= 8 mean_abs_feat_delta= 0.335556\n"}
,{"stream_name":"stdout","time":2176.087603698,"data":"EDGE_TTA_ACTIVE views= 8 mean_abs_feat_delta= 0.285257\n"}
,{"stream_name":"stdout","time":2176.234356248,"data":"EDGE_TTA_ACTIVE views= 8 mean_abs_feat_delta= 0.337468\n"}
,{"stream_name":"stdout","time":2176.28977634,"data":"EDGE_TTA_ACTIVE views= 8 mean_abs_feat_delta= 0.285257\n"}
,{"stream_name":"stdout","time":2176.28979849,"data":"EDGE_TTA_ACTIVE views= 8 mean_abs_feat_delta= 0.337468\n"}
,{"stream_name":"stdout","time":2178.25749555,"data":"EDGE_TTA_ACTIVE views= 8 mean_abs_feat_delta= 0.288217\n"}
,{"stream_name":"stdout","time":2178.448001281,"data":"EDGE_TTA_ACTIVE views= 8 mean_abs_feat_delta= 0.334122\n"}
,{"stream_name":"stdout","time":2178.460229516,"data":"EDGE_TTA_ACTIVE views= 8 mean_abs_feat_delta= 0.288217\n"}
,{"stream_name":"stdout","time":2178.460253114,"data":"EDGE_TTA_ACTIVE views= 8 mean_abs_feat_delta= 0.334122\n"}
,{"stream_name":"stdout","time":2180.365047728,"data":"EDGE_TTA_ACTIVE views= 8 mean_abs_feat_delta= 0.293359\n"}
,{"stream_name":"stdout","time":2180.567719288,"data":"EDGE_TTA_ACTIVE views= 8 mean_abs_feat_delta= 0.293359\n"}
,{"stream_name":"stdout","time":2180.670353494,"data":"EDGE_TTA_ACTIVE views= 8 mean_abs_feat_delta= 0.328651\n"}
,{"stream_name":"stdout","time":2180.872609335,"data":"EDGE_TTA_ACTIVE views= 8 mean_abs_feat_delta= 0.328651\n"}
,{"stream_name":"stdout","time":2182.550978804,"data":"EDGE_TTA_ACTIVE views= 8 mean_abs_feat_delta= 0.288773\n"}
,{"stream_name":"stdout","time":2182.753468425,"data":"EDGE_TTA_ACTIVE views= 8 mean_abs_feat_delta= 0.288773\n"}
,{"stream_name":"stdout","time":2182.862430917,"data":"EDGE_TTA_ACTIVE views= 8 mean_abs_feat_delta= 0.336868\n"}
,{"stream_name":"stdout","time":2183.065011143,"data":"EDGE_TTA_ACTIVE views= 8 mean_abs_feat_delta= 0.336868\n"}
,{"stream_name":"stdout","time":2184.720509056,"data":"EDGE_TTA_ACTIVE views= 8 mean_abs_feat_delta= 0.2831\n"}
,{"stream_name":"stdout","time":2184.92290033,"data":"EDGE_TTA_ACTIVE views= 8 mean_abs_feat_delta= 0.2831\n"}
,{"stream_name":"stdout","time":2185.126351826,"data":"EDGE_TTA_ACTIVE views= 8 mean_abs_feat_delta= 0.335702\n"}
,{"stream_name":"stdout","time":2185.328710791,"data":"EDGE_TTA_ACTIVE views= 8 mean_abs_feat_delta= 0.335702\n"}
,{"stream_name":"stdout","time":2186.885657783,"data":"EDGE_TTA_ACTIVE views= 8 mean_abs_feat_delta= 0.28566\n"}
,{"stream_name":"stdout","time":2187.088100826,"data":"EDGE_TTA_ACTIVE views= 8 mean_abs_feat_delta= 0.28566\n"}
,{"stream_name":"stdout","time":2187.351475523,"data":"EDGE_TTA_ACTIVE views= 8 mean_abs_feat_delta= 0.334886\n"}
,{"stream_name":"stdout","time":2187.554050079,"data":"EDGE_TTA_ACTIVE views= 8 mean_abs_feat_delta= 0.334886\n"}
,{"stream_name":"stdout","time":2189.058660532,"data":"EDGE_TTA_ACTIVE views= 8 mean_abs_feat_delta= 0.288947\n"}
,{"stream_name":"stdout","time":2189.261099898,"data":"EDGE_TTA_ACTIVE views= 8 mean_abs_feat_delta= 0.288947\n"}
,{"stream_name":"stdout","time":2189.488545414,"data":"EDGE_TTA_ACTIVE views= 8 mean_abs_feat_delta= 0.337301\n"}
,{"stream_name":"stdout","time":2189.690892756,"data":"EDGE_TTA_ACTIVE views= 8 mean_abs_feat_delta= 0.337301\n"}
,{"stream_name":"stdout","time":2191.222889697,"data":"EDGE_TTA_ACTIVE views= 8 mean_abs_feat_delta= 0.290047\n"}
,{"stream_name":"stdout","time":2191.425380876,"data":"EDGE_TTA_ACTIVE views= 8 mean_abs_feat_delta= 0.290047\n"}
,{"stream_name":"stdout","time":2191.71841568,"data":"EDGE_TTA_ACTIVE views= 8 mean_abs_feat_delta= 0.342168\n"}
,{"stream_name":"stdout","time":2191.921228711,"data":"EDGE_TTA_ACTIVE views= 8 mean_abs_feat_delta= 0.342168\n"}
,{"stream_name":"stdout","time":2193.414635604,"data":"EDGE_TTA_ACTIVE views= 8 mean_abs_feat_delta= 0.293125\n"}
,{"stream_name":"stdout","time":2193.694606397,"data":"EDGE_TTA_ACTIVE views= 8 mean_abs_feat_delta= 0.293125\n"}
,{"stream_name":"stdout","time":2193.937497438,"data":"EDGE_TTA_ACTIVE views= 8 mean_abs_feat_delta= 0.343137\n"}
,{"stream_name":"stdout","time":2194.139945694,"data":"EDGE_TTA_ACTIVE views= 8 mean_abs_feat_delta= 0.343137\n"}
,{"stream_name":"stdout","time":2195.594287446,"data":"EDGE_TTA_ACTIVE views= 8 mean_abs_feat_delta= 0.295461\n"}
,{"stream_name":"stdout","time":2195.796951951,"data":"EDGE_TTA_ACTIVE views= 8 mean_abs_feat_delta= 0.295461\n"}
,{"stream_name":"stdout","time":2196.199141264,"data":"EDGE_TTA_ACTIVE views= 8 mean_abs_feat_delta= 0.338761\n"}
,{"stream_name":"stdout","time":2196.40186009,"data":"EDGE_TTA_ACTIVE views= 8 mean_abs_feat_delta= 0.338761\n"}
,{"stream_name":"stdout","time":2197.773923242,"data":"EDGE_TTA_ACTIVE views= 8 mean_abs_feat_delta= 0.294354\n"}
,{"stream_name":"stdout","time":2197.976113892,"data":"EDGE_TTA_ACTIVE views= 8 mean_abs_feat_delta= 0.294354\n"}
,{"stream_name":"stdout","time":2198.449165717,"data":"EDGE_TTA_ACTIVE views= 8 mean_abs_feat_delta= 0.338145\n"}
,{"stream_name":"stdout","time":2198.651707854,"data":"EDGE_TTA_ACTIVE views= 8 mean_abs_feat_delta= 0.338145\n"}
,{"stream_name":"stdout","time":2199.923306884,"data":"EDGE_TTA_ACTIVE views= 8 mean_abs_feat_delta= 0.290361\n"}
,{"stream_name":"stdout","time":2200.12583122,"data":"EDGE_TTA_ACTIVE views= 8 mean_abs_feat_delta= 0.290361\n"}
,{"stream_name":"stdout","time":2200.649055032,"data":"EDGE_TTA_ACTIVE views= 8 mean_abs_feat_delta= 0.334551\n"}
,{"stream_name":"stdout","time":2200.851525642,"data":"EDGE_TTA_ACTIVE views= 8 mean_abs_feat_delta= 0.334551\n"}
,{"stream_name":"stdout","time":2202.077111389,"data":"EDGE_TTA_ACTIVE views= 8 mean_abs_feat_delta= 0.290141\n"}
,{"stream_name":"stdout","time":2202.279405832,"data":"EDGE_TTA_ACTIVE views= 8 mean_abs_feat_delta= 0.290141\n"}
,{"stream_name":"stdout","time":2202.899756721,"data":"EDGE_TTA_ACTIVE views= 8 mean_abs_feat_delta= 0.331854\n"}
,{"stream_name":"stdout","time":2203.102899462,"data":"EDGE_TTA_ACTIVE views= 8 mean_abs_feat_delta= 0.331854\n"}
,{"stream_name":"stdout","time":2204.251857999,"data":"EDGE_TTA_ACTIVE views= 8 mean_abs_feat_delta= 0.292561\n"}
,{"stream_name":"stdout","time":2204.454890126,"data":"EDGE_TTA_ACTIVE views= 8 mean_abs_feat_delta= 0.292561\n"}
,{"stream_name":"stdout","time":2206.397227292,"data":"EDGE_TTA_ACTIVE views= 8 mean_abs_feat_delta= 0.288988\n"}
,{"stream_name":"stdout","time":2206.599873211,"data":"EDGE_TTA_ACTIVE views= 8 mean_abs_feat_delta= 0.288988\n"}
,{"stream_name":"stdout","time":2208.601417353,"data":"EDGE_TTA_ACTIVE views= 8 mean_abs_feat_delta= 0.294653\n"}
,{"stream_name":"stdout","time":2208.8040986,"data":"EDGE_TTA_ACTIVE views= 8 mean_abs_feat_delta= 0.294653\n"}
,{"stream_name":"stdout","time":2210.821949548,"data":"EDGE_TTA_ACTIVE views= 8 mean_abs_feat_delta= 0.296121\n"}
,{"stream_name":"stdout","time":2211.02315468,"data":"EDGE_TTA_ACTIVE views= 8 mean_abs_feat_delta= 0.296121\n"}
,{"stream_name":"stdout","time":2213.038898122,"data":"EDGE_TTA_ACTIVE views= 8 mean_abs_feat_delta= 0.296872\n"}
,{"stream_name":"stdout","time":2213.241263318,"data":"EDGE_TTA_ACTIVE views= 8 mean_abs_feat_delta= 0.296872\n"}
,{"stream_name":"stdout","time":2215.215053523,"data":"EDGE_TTA_ACTIVE views= 8 mean_abs_feat_delta= 0.294509\n"}
,{"stream_name":"stdout","time":2215.417740039,"data":"EDGE_TTA_ACTIVE views= 8 mean_abs_feat_delta= 0.294509\n"}
,{"stream_name":"stdout","time":2217.407302544,"data":"EDGE_TTA_ACTIVE views= 8 mean_abs_feat_delta= 0.288279\n"}
,{"stream_name":"stdout","time":2217.609947592,"data":"EDGE_TTA_ACTIVE views= 8 mean_abs_feat_delta= 0.288279\n"}
,{"stream_name":"stdout","time":2219.612317306,"data":"EDGE_TTA_ACTIVE views= 8 mean_abs_feat_delta= 0.289803\n"}
,{"stream_name":"stdout","time":2219.81457709,"data":"EDGE_TTA_ACTIVE views= 8 mean_abs_feat_delta= 0.289803\n"}
,{"stream_name":"stdout","time":2221.78566702,"data":"EDGE_TTA_ACTIVE views= 8 mean_abs_feat_delta= 0.292365\n"}
,{"stream_name":"stdout","time":2221.989340028,"data":"EDGE_TTA_ACTIVE views= 8 mean_abs_feat_delta= 0.292365\n"}
,{"stream_name":"stdout","time":2223.967671011,"data":"EDGE_TTA_ACTIVE views= 8 mean_abs_feat_delta= 0.29779\n"}
,{"stream_name":"stdout","time":2224.24441565,"data":"EDGE_TTA_ACTIVE views= 8 mean_abs_feat_delta= 0.29779\n"}
,{"stream_name":"stdout","time":2226.112576724,"data":"EDGE_TTA_ACTIVE views= 8 mean_abs_feat_delta= 0.294017\n"}
,{"stream_name":"stdout","time":2226.31519562,"data":"EDGE_TTA_ACTIVE views= 8 mean_abs_feat_delta= 0.294017\n"}
,{"stream_name":"stdout","time":2228.298680424,"data":"EDGE_TTA_ACTIVE views= 8 mean_abs_feat_delta= 0.297003\n"}
,{"stream_name":"stdout","time":2228.501137699,"data":"EDGE_TTA_ACTIVE views= 8 mean_abs_feat_delta= 0.297003\n"}
,{"stream_name":"stdout","time":2230.443172383,"data":"EDGE_TTA_ACTIVE views= 8 mean_abs_feat_delta= 0.301009\n"}
,{"stream_name":"stdout","time":2230.645550328,"data":"EDGE_TTA_ACTIVE views= 8 mean_abs_feat_delta= 0.301009\n"}
,{"stream_name":"stdout","time":2231.101047476,"data":"EDGE_TTA_ACTIVE views= 8 mean_abs_feat_delta= 0.293417\n"}
,{"stream_name":"stdout","time":2231.303496099,"data":"EDGE_TTA_ACTIVE views= 8 mean_abs_feat_delta= 0.293417\n"}
,{"stream_name":"stdout","time":2232.639869808,"data":"EDGE_TTA_ACTIVE views= 8 mean_abs_feat_delta= 0.301776\n"}
,{"stream_name":"stdout","time":2232.842216048,"data":"EDGE_TTA_ACTIVE views= 8 mean_abs_feat_delta= 0.301776\n"}
,{"stream_name":"stdout","time":2233.208573899,"data":"EDGE_TTA_ACTIVE views= 8 mean_abs_feat_delta= 0.292063\n"}
,{"stream_name":"stdout","time":2233.410955755,"data":"EDGE_TTA_ACTIVE views= 8 mean_abs_feat_delta= 0.292063\n"}
,{"stream_name":"stdout","time":2234.766852203,"data":"EDGE_TTA_ACTIVE views= 8 mean_abs_feat_delta= 0.299256\n"}
,{"stream_name":"stdout","time":2234.969499586,"data":"EDGE_TTA_ACTIVE views= 8 mean_abs_feat_delta= 0.299256\n"}
,{"stream_name":"stdout","time":2235.36058615,"data":"EDGE_TTA_ACTIVE views= 8 mean_abs_feat_delta= 0.290893\n"}
,{"stream_name":"stdout","time":2235.563283257,"data":"EDGE_TTA_ACTIVE views= 8 mean_abs_feat_delta= 0.290893\n"}
,{"stream_name":"stdout","time":2235.78133662,"data":"BIOHUB_RETENTION_GUARD {\"blended_candidates\": 59, \"dataset\": \"6bba_062c8d37\", \"frame\": 73, \"minimum_retention\": 0.9, \"primary_candidates\": 68, \"retention\": 0.8676470588235294, \"use_primary\": true}\n"}
,{"stream_name":"stdout","time":2235.983824309,"data":"BIOHUB_RETENTION_GUARD {\"blended_candidates\": 59, \"dataset\": \"6bba_062c8d37\", \"frame\": 73, \"minimum_retention\": 0.9, \"primary_candidates\": 68, \"retention\": 0.8676470588235294, \"use_primary\": true}\n"}
,{"stream_name":"stdout","time":2236.928856745,"data":"EDGE_TTA_ACTIVE views= 8 mean_abs_feat_delta= 0.298114\n"}
,{"stream_name":"stdout","time":2237.131204639,"data":"EDGE_TTA_ACTIVE views= 8 mean_abs_feat_delta= 0.298114\n"}
,{"stream_name":"stdout","time":2237.527631385,"data":"EDGE_TTA_ACTIVE views= 8 mean_abs_feat_delta= 0.289035\n"}
,{"stream_name":"stdout","time":2237.729921959,"data":"EDGE_TTA_ACTIVE views= 8 mean_abs_feat_delta= 0.289035\n"}
,{"stream_name":"stdout","time":2237.938478031,"data":"BIOHUB_RETENTION_GUARD {\"blended_candidates\": 62, \"dataset\": \"6bba_062c8d37\", \"frame\": 74, \"minimum_retention\": 0.9, \"primary_candidates\": 69, \"retention\": 0.8985507246376812, \"use_primary\": true}\n"}
,{"stream_name":"stdout","time":2238.140969261,"data":"BIOHUB_RETENTION_GUARD {\"blended_candidates\": 62, \"dataset\": \"6bba_062c8d37\", \"frame\": 74, \"minimum_retention\": 0.9, \"primary_candidates\": 69, \"retention\": 0.8985507246376812, \"use_primary\": true}\n"}
,{"stream_name":"stdout","time":2239.074579887,"data":"EDGE_TTA_ACTIVE views= 8 mean_abs_feat_delta= 0.292995\n"}
,{"stream_name":"stdout","time":2239.276922093,"data":"EDGE_TTA_ACTIVE views= 8 mean_abs_feat_delta= 0.292995\n"}
,{"stream_name":"stdout","time":2239.633356982,"data":"EDGE_TTA_ACTIVE views= 8 mean_abs_feat_delta= 0.292802\n"}
,{"stream_name":"stdout","time":2239.835768106,"data":"EDGE_TTA_ACTIVE views= 8 mean_abs_feat_delta= 0.292802\n"}
,{"stream_name":"stdout","time":2241.173406266,"data":"EDGE_TTA_ACTIVE views= 8 mean_abs_feat_delta= 0.29277\n"}
,{"stream_name":"stdout","time":2241.376032288,"data":"EDGE_TTA_ACTIVE views= 8 mean_abs_feat_delta= 0.29277\n"}
,{"stream_name":"stdout","time":2241.778272679,"data":"EDGE_TTA_ACTIVE views= 8 mean_abs_feat_delta= 0.289692\n"}
,{"stream_name":"stdout","time":2241.982414725,"data":"EDGE_TTA_ACTIVE views= 8 mean_abs_feat_delta= 0.289692\n"}
,{"stream_name":"stdout","time":2243.383145941,"data":"EDGE_TTA_ACTIVE views= 8 mean_abs_feat_delta= 0.293275\n"}
,{"stream_name":"stdout","time":2243.58564754,"data":"EDGE_TTA_ACTIVE views= 8 mean_abs_feat_delta= 0.293275\n"}
,{"stream_name":"stdout","time":2243.885211713,"data":"EDGE_TTA_ACTIVE views= 8 mean_abs_feat_delta= 0.288981\n"}
,{"stream_name":"stdout","time":2244.087476341,"data":"EDGE_TTA_ACTIVE views= 8 mean_abs_feat_delta= 0.288981\n"}
,{"stream_name":"stdout","time":2245.527741611,"data":"EDGE_TTA_ACTIVE views= 8 mean_abs_feat_delta= 0.291368\n"}
,{"stream_name":"stdout","time":2245.730323641,"data":"EDGE_TTA_ACTIVE views= 8 mean_abs_feat_delta= 0.291368\n"}
,{"stream_name":"stdout","time":2246.051862558,"data":"EDGE_TTA_ACTIVE views= 8 mean_abs_feat_delta= 0.294024\n"}
,{"stream_name":"stdout","time":2246.254294154,"data":"EDGE_TTA_ACTIVE views= 8 mean_abs_feat_delta= 0.294024\n"}
,{"stream_name":"stdout","time":2247.653547983,"data":"EDGE_TTA_ACTIVE views= 8 mean_abs_feat_delta= 0.291014\n"}
,{"stream_name":"stdout","time":2247.855906196,"data":"EDGE_TTA_ACTIVE views= 8 mean_abs_feat_delta= 0.291014\n"}
,{"stream_name":"stdout","time":2248.127892783,"data":"EDGE_TTA_ACTIVE views= 8 mean_abs_feat_delta= 0.291402\n"}
,{"stream_name":"stdout","time":2248.330580696,"data":"EDGE_TTA_ACTIVE views= 8 mean_abs_feat_delta= 0.291402\n"}
,{"stream_name":"stdout","time":2249.774677,"data":"EDGE_TTA_ACTIVE views= 8 mean_abs_feat_delta= 0.295994\n"}
,{"stream_name":"stdout","time":2249.977071855,"data":"EDGE_TTA_ACTIVE views= 8 mean_abs_feat_delta= 0.295994\n"}
,{"stream_name":"stdout","time":2250.188727584,"data":"EDGE_TTA_ACTIVE views= 8 mean_abs_feat_delta= 0.293367\n"}
,{"stream_name":"stdout","time":2250.390992015,"data":"EDGE_TTA_ACTIVE views= 8 mean_abs_feat_delta= 0.293367\n"}
,{"stream_name":"stdout","time":2251.953380947,"data":"EDGE_TTA_ACTIVE views= 8 mean_abs_feat_delta= 0.297096\n"}
,{"stream_name":"stdout","time":2252.155227281,"data":"EDGE_TTA_ACTIVE views= 8 mean_abs_feat_delta= 0.297096\n"}
,{"stream_name":"stdout","time":2252.334266813,"data":"EDGE_TTA_ACTIVE views= 8 mean_abs_feat_delta= 0.286361\n"}
,{"stream_name":"stdout","time":2252.536565532,"data":"EDGE_TTA_ACTIVE views= 8 mean_abs_feat_delta= 0.286361\n"}
,{"stream_name":"stdout","time":2254.140819479,"data":"EDGE_TTA_ACTIVE views= 8 mean_abs_feat_delta= 0.299033\n"}
,{"stream_name":"stdout","time":2254.418268019,"data":"EDGE_TTA_ACTIVE views= 8 mean_abs_feat_delta= 0.299033\n"}
,{"stream_name":"stdout","time":2254.479378787,"data":"EDGE_TTA_ACTIVE views= 8 mean_abs_feat_delta= 0.284801\n"}
,{"stream_name":"stdout","time":2254.681887346,"data":"EDGE_TTA_ACTIVE views= 8 mean_abs_feat_delta= 0.284801\n"}
,{"stream_name":"stdout","time":2256.314861717,"data":"EDGE_TTA_ACTIVE views= 8 mean_abs_feat_delta= 0.297557\n"}
,{"stream_name":"stdout","time":2256.517174232,"data":"EDGE_TTA_ACTIVE views= 8 mean_abs_feat_delta= 0.297557\n"}
,{"stream_name":"stdout","time":2256.585639522,"data":"EDGE_TTA_ACTIVE views= 8 mean_abs_feat_delta= 0.287875\n"}
,{"stream_name":"stdout","time":2256.78802124,"data":"EDGE_TTA_ACTIVE views= 8 mean_abs_feat_delta= 0.287875\n"}
,{"stream_name":"stdout","time":2258.458978483,"data":"EDGE_TTA_ACTIVE views= 8 mean_abs_feat_delta= 0.293406\n"}
,{"stream_name":"stdout","time":2258.661245039,"data":"EDGE_TTA_ACTIVE views= 8 mean_abs_feat_delta= 0.293406\n"}
,{"stream_name":"stdout","time":2258.690785906,"data":"EDGE_TTA_ACTIVE views= 8 mean_abs_feat_delta= 0.285114\n"}
,{"stream_name":"stdout","time":2258.89339981,"data":"EDGE_TTA_ACTIVE views= 8 mean_abs_feat_delta= 0.285114\n"}
,{"stream_name":"stdout","time":2259.466396189,"data":"BIOHUB_RETENTION_GUARD {\"blended_candidates\": 64, \"dataset\": \"6bba_062c8d37\", \"frame\": 84, \"minimum_retention\": 0.9, \"primary_candidates\": 73, \"retention\": 0.8767123287671232, \"use_primary\": true}\n"}
,{"stream_name":"stdout","time":2259.669242136,"data":"BIOHUB_RETENTION_GUARD {\"blended_candidates\": 64, \"dataset\": \"6bba_062c8d37\", \"frame\": 84, \"minimum_retention\": 0.9, \"primary_candidates\": 73, \"retention\": 0.8767123287671232, \"use_primary\": true}\n"}
,{"stream_name":"stdout","time":2260.586379108,"data":"EDGE_TTA_ACTIVE views= 8 mean_abs_feat_delta= 0.295509\n"}
,{"stream_name":"stdout","time":2260.7889309,"data":"EDGE_TTA_ACTIVE views= 8 mean_abs_feat_delta= 0.295509\n"}
,{"stream_name":"stdout","time":2260.799034283,"data":"EDGE_TTA_ACTIVE views= 8 mean_abs_feat_delta= 0.284821\n"}
,{"stream_name":"stdout","time":2261.001348248,"data":"EDGE_TTA_ACTIVE views= 8 mean_abs_feat_delta= 0.284821\n"}
,{"stream_name":"stdout","time":2262.728912856,"data":"EDGE_TTA_ACTIVE views= 8 mean_abs_feat_delta= 0.29737\n"}
,{"stream_name":"stdout","time":2262.931498986,"data":"EDGE_TTA_ACTIVE views= 8 mean_abs_feat_delta= 0.29737\n"}
,{"stream_name":"stdout","time":2262.945052057,"data":"EDGE_TTA_ACTIVE views= 8 mean_abs_feat_delta= 0.287327\n"}
,{"stream_name":"stdout","time":2263.147261176,"data":"EDGE_TTA_ACTIVE views= 8 mean_abs_feat_delta= 0.287327\n"}
,{"stream_name":"stdout","time":2264.86895673,"data":"EDGE_TTA_ACTIVE views= 8 mean_abs_feat_delta= 0.297734\n"}
,{"stream_name":"stdout","time":2265.052281423,"data":"EDGE_TTA_ACTIVE views= 8 mean_abs_feat_delta= 0.285857\n"}
,{"stream_name":"stdout","time":2265.07146328,"data":"EDGE_TTA_ACTIVE views= 8 mean_abs_feat_delta= 0.297734\n"}
,{"stream_name":"stdout","time":2265.071484142,"data":"EDGE_TTA_ACTIVE views= 8 mean_abs_feat_delta= 0.285857\n"}
,{"stream_name":"stdout","time":2266.989547458,"data":"EDGE_TTA_ACTIVE views= 8 mean_abs_feat_delta= 0.297749\n"}
,{"stream_name":"stdout","time":2267.137423044,"data":"EDGE_TTA_ACTIVE views= 8 mean_abs_feat_delta= 0.283107\n"}
,{"stream_name":"stdout","time":2267.19209959,"data":"EDGE_TTA_ACTIVE views= 8 mean_abs_feat_delta= 0.297749\n"}
,{"stream_name":"stdout","time":2267.19214979,"data":"EDGE_TTA_ACTIVE views= 8 mean_abs_feat_delta= 0.283107\n"}
,{"stream_name":"stdout","time":2269.102179599,"data":"EDGE_TTA_ACTIVE views= 8 mean_abs_feat_delta= 0.299556\n"}
,{"stream_name":"stdout","time":2269.186270497,"data":"EDGE_TTA_ACTIVE views= 8 mean_abs_feat_delta= 0.285156\n"}
,{"stream_name":"stdout","time":2269.30447776,"data":"EDGE_TTA_ACTIVE views= 8 mean_abs_feat_delta= 0.299556\n"}
,{"stream_name":"stdout","time":2269.304502617,"data":"EDGE_TTA_ACTIVE views= 8 mean_abs_feat_delta= 0.285156\n"}
,{"stream_name":"stdout","time":2271.293958796,"data":"EDGE_TTA_ACTIVE views= 8 mean_abs_feat_delta= 0.298104\n"}
,{"stream_name":"stdout","time":2271.293996797,"data":"EDGE_TTA_ACTIVE views= 8 mean_abs_feat_delta= 0.281307\n"}
,{"stream_name":"stdout","time":2271.494440299,"data":"EDGE_TTA_ACTIVE views= 8 mean_abs_feat_delta= 0.298104\n"}
,{"stream_name":"stdout","time":2271.494467452,"data":"EDGE_TTA_ACTIVE views= 8 mean_abs_feat_delta= 0.281307\n"}
,{"stream_name":"stdout","time":2273.439311958,"data":"EDGE_TTA_ACTIVE views= 8 mean_abs_feat_delta= 0.296443\n"}
,{"stream_name":"stdout","time":2273.479444158,"data":"EDGE_TTA_ACTIVE views= 8 mean_abs_feat_delta= 0.283345\n"}
,{"stream_name":"stdout","time":2273.641666882,"data":"EDGE_TTA_ACTIVE views= 8 mean_abs_feat_delta= 0.296443\n"}
,{"stream_name":"stdout","time":2273.641692918,"data":"EDGE_TTA_ACTIVE views= 8 mean_abs_feat_delta= 0.283345\n"}
,{"stream_name":"stdout","time":2275.553991975,"data":"EDGE_TTA_ACTIVE views= 8 mean_abs_feat_delta= 0.282739\n"}
,{"stream_name":"stdout","time":2275.598591067,"data":"EDGE_TTA_ACTIVE views= 8 mean_abs_feat_delta= 0.293984\n"}
,{"stream_name":"stdout","time":2275.756184429,"data":"EDGE_TTA_ACTIVE views= 8 mean_abs_feat_delta= 0.282739\n"}
,{"stream_name":"stdout","time":2275.756206032,"data":"EDGE_TTA_ACTIVE views= 8 mean_abs_feat_delta= 0.293984\n"}
,{"stream_name":"stdout","time":2277.679153364,"data":"EDGE_TTA_ACTIVE views= 8 mean_abs_feat_delta= 0.280872\n"}
,{"stream_name":"stdout","time":2277.714894012,"data":"EDGE_TTA_ACTIVE views= 8 mean_abs_feat_delta= 0.293061\n"}
,{"stream_name":"stdout","time":2277.881720475,"data":"EDGE_TTA_ACTIVE views= 8 mean_abs_feat_delta= 0.280872\n"}
,{"stream_name":"stdout","time":2277.881764703,"data":"EDGE_TTA_ACTIVE views= 8 mean_abs_feat_delta= 0.293061\n"}
,{"stream_name":"stdout","time":2279.793677993,"data":"EDGE_TTA_ACTIVE views= 8 mean_abs_feat_delta= 0.297154\n"}
,{"stream_name":"stdout","time":2279.807631365,"data":"EDGE_TTA_ACTIVE views= 8 mean_abs_feat_delta= 0.281118\n"}
,{"stream_name":"stdout","time":2279.996178626,"data":"EDGE_TTA_ACTIVE views= 8 mean_abs_feat_delta= 0.297154\n"}
,{"stream_name":"stdout","time":2279.996242649,"data":"EDGE_TTA_ACTIVE views= 8 mean_abs_feat_delta= 0.281118\n"}
,{"stream_name":"stdout","time":2281.892277936,"data":"EDGE_TTA_ACTIVE views= 8 mean_abs_feat_delta= 0.281355\n"}
,{"stream_name":"stdout","time":2281.927266655,"data":"EDGE_TTA_ACTIVE views= 8 mean_abs_feat_delta= 0.301446\n"}
,{"stream_name":"stdout","time":2282.094820093,"data":"EDGE_TTA_ACTIVE views= 8 mean_abs_feat_delta= 0.281355\n"}
,{"stream_name":"stdout","time":2282.094846332,"data":"EDGE_TTA_ACTIVE views= 8 mean_abs_feat_delta= 0.301446\n"}
,{"stream_name":"stdout","time":2283.942606226,"data":"EDGE_TTA_ACTIVE views= 8 mean_abs_feat_delta= 0.279058\n"}
,{"stream_name":"stdout","time":2284.117298696,"data":"EDGE_TTA_ACTIVE views= 8 mean_abs_feat_delta= 0.301117\n"}
,{"stream_name":"stdout","time":2284.145049037,"data":"EDGE_TTA_ACTIVE views= 8 mean_abs_feat_delta= 0.279058\n"}
,{"stream_name":"stdout","time":2284.145099459,"data":"EDGE_TTA_ACTIVE views= 8 mean_abs_feat_delta= 0.301117\n"}
,{"stream_name":"stdout","time":2286.050359598,"data":"EDGE_TTA_ACTIVE views= 8 mean_abs_feat_delta= 0.271242\n"}
,{"stream_name":"stdout","time":2286.244611224,"data":"EDGE_TTA_ACTIVE views= 8 mean_abs_feat_delta= 0.301563\n"}
,{"stream_name":"stdout","time":2286.331345203,"data":"EDGE_TTA_ACTIVE views= 8 mean_abs_feat_delta= 0.271242\n"}
,{"stream_name":"stdout","time":2286.331367826,"data":"EDGE_TTA_ACTIVE views= 8 mean_abs_feat_delta= 0.301563\n"}
,{"stream_name":"stdout","time":2288.153380387,"data":"EDGE_TTA_ACTIVE views= 8 mean_abs_feat_delta= 0.278583\n"}
,{"stream_name":"stdout","time":2288.355879829,"data":"EDGE_TTA_ACTIVE views= 8 mean_abs_feat_delta= 0.278583\n"}
,{"stream_name":"stdout","time":2288.407683164,"data":"EDGE_TTA_ACTIVE views= 8 mean_abs_feat_delta= 0.298981\n"}
,{"stream_name":"stdout","time":2288.610042692,"data":"EDGE_TTA_ACTIVE views= 8 mean_abs_feat_delta= 0.298981\n"}
,{"stream_name":"stdout","time":2290.259919255,"data":"EDGE_TTA_ACTIVE views= 8 mean_abs_feat_delta= 0.280712\n"}
,{"stream_name":"stdout","time":2290.46224516,"data":"EDGE_TTA_ACTIVE views= 8 mean_abs_feat_delta= 0.280712\n"}
,{"stream_name":"stdout","time":2290.567202942,"data":"EDGE_TTA_ACTIVE views= 8 mean_abs_feat_delta= 0.297101\n"}
,{"stream_name":"stdout","time":2290.769461427,"data":"EDGE_TTA_ACTIVE views= 8 mean_abs_feat_delta= 0.297101\n"}
,{"stream_name":"stdout","time":2292.424790488,"data":"EDGE_TTA_ACTIVE views= 8 mean_abs_feat_delta= 0.281412\n"}
,{"stream_name":"stdout","time":2292.629216587,"data":"EDGE_TTA_ACTIVE views= 8 mean_abs_feat_delta= 0.281412\n"}
,{"stream_name":"stdout","time":2294.544516695,"data":"EDGE_TTA_ACTIVE views= 8 mean_abs_feat_delta= 0.283284\n"}
,{"stream_name":"stdout","time":2294.747156897,"data":"EDGE_TTA_ACTIVE views= 8 mean_abs_feat_delta= 0.283284\n"}
,{"stream_name":"stdout","time":2296.697044965,"data":"EDGE_TTA_ACTIVE views= 8 mean_abs_feat_delta= 0.336571\n"}
,{"stream_name":"stdout","time":2296.720288238,"data":"EDGE_TTA_ACTIVE views= 8 mean_abs_feat_delta= 0.285807\n"}
,{"stream_name":"stdout","time":2296.89930307,"data":"EDGE_TTA_ACTIVE views= 8 mean_abs_feat_delta= 0.336571\n"}
,{"stream_name":"stdout","time":2296.899328032,"data":"EDGE_TTA_ACTIVE views= 8 mean_abs_feat_delta= 0.285807\n"}
,{"stream_name":"stdout","time":2298.821772545,"data":"EDGE_TTA_ACTIVE views= 8 mean_abs_feat_delta= 0.338746\n"}
,{"stream_name":"stdout","time":2298.846966024,"data":"EDGE_TTA_ACTIVE views= 8 mean_abs_feat_delta= 0.284166\n"}
,{"stream_name":"stdout","time":2299.024292376,"data":"EDGE_TTA_ACTIVE views= 8 mean_abs_feat_delta= 0.338746\n"}
,{"stream_name":"stdout","time":2299.024314413,"data":"EDGE_TTA_ACTIVE views= 8 mean_abs_feat_delta= 0.284166\n"}
,{"stream_name":"stdout","time":2300.951182178,"data":"EDGE_TTA_ACTIVE views= 8 mean_abs_feat_delta= 0.284946\n"}
,{"stream_name":"stdout","time":2300.951438432,"data":"EDGE_TTA_ACTIVE views= 8 mean_abs_feat_delta= 0.340952\n"}
,{"stream_name":"stdout","time":2301.153564899,"data":"EDGE_TTA_ACTIVE views= 8 mean_abs_feat_delta= 0.284946\n"}
,{"stream_name":"stdout","time":2301.15360999,"data":"EDGE_TTA_ACTIVE views= 8 mean_abs_feat_delta= 0.340952\n"}
,{"stream_name":"stdout","time":2303.118469967,"data":"EDGE_TTA_ACTIVE views= 8 mean_abs_feat_delta= 0.277939\n"}
,{"stream_name":"stdout","time":2303.129685742,"data":"EDGE_TTA_ACTIVE views= 8 mean_abs_feat_delta= 0.342027\n"}
,{"stream_name":"stdout","time":2303.320865259,"data":"EDGE_TTA_ACTIVE views= 8 mean_abs_feat_delta= 0.277939\n"}
,{"stream_name":"stdout","time":2303.320892319,"data":"EDGE_TTA_ACTIVE views= 8 mean_abs_feat_delta= 0.342027\n"}
,{"stream_name":"stdout","time":2305.262076992,"data":"EDGE_TTA_ACTIVE views= 8 mean_abs_feat_delta= 0.282273\n"}
,{"stream_name":"stdout","time":2305.270203409,"data":"EDGE_TTA_ACTIVE views= 8 mean_abs_feat_delta= 0.339705\n"}
,{"stream_name":"stdout","time":2305.464696519,"data":"EDGE_TTA_ACTIVE views= 8 mean_abs_feat_delta= 0.282273\n"}
,{"stream_name":"stdout","time":2305.464719228,"data":"EDGE_TTA_ACTIVE views= 8 mean_abs_feat_delta= 0.339705\n"}
,{"stream_name":"stdout","time":2307.413751901,"data":"EDGE_TTA_ACTIVE views= 8 mean_abs_feat_delta= 0.340104\n"}
,{"stream_name":"stdout","time":2307.429102469,"data":"EDGE_TTA_ACTIVE views= 8 mean_abs_feat_delta= 0.284153\n"}
,{"stream_name":"stdout","time":2307.615857094,"data":"EDGE_TTA_ACTIVE views= 8 mean_abs_feat_delta= 0.340104\n"}
,{"stream_name":"stdout","time":2307.615878827,"data":"EDGE_TTA_ACTIVE views= 8 mean_abs_feat_delta= 0.284153\n"}
,{"stream_name":"stdout","time":2309.518196605,"data":"EDGE_TTA_ACTIVE views= 8 mean_abs_feat_delta= 0.284297\n"}
,{"stream_name":"stdout","time":2309.604616998,"data":"EDGE_TTA_ACTIVE views= 8 mean_abs_feat_delta= 0.339763\n"}
,{"stream_name":"stdout","time":2309.720609277,"data":"EDGE_TTA_ACTIVE views= 8 mean_abs_feat_delta= 0.284297\n"}
,{"stream_name":"stdout","time":2309.720630532,"data":"EDGE_TTA_ACTIVE views= 8 mean_abs_feat_delta= 0.339763\n"}
,{"stream_name":"stdout","time":2311.683276935,"data":"EDGE_TTA_ACTIVE views= 8 mean_abs_feat_delta= 0.276563\n"}
,{"stream_name":"stdout","time":2311.723122049,"data":"EDGE_TTA_ACTIVE views= 8 mean_abs_feat_delta= 0.333526\n"}
,{"stream_name":"stdout","time":2311.885652191,"data":"EDGE_TTA_ACTIVE views= 8 mean_abs_feat_delta= 0.276563\n"}
,{"stream_name":"stdout","time":2311.885678262,"data":"EDGE_TTA_ACTIVE views= 8 mean_abs_feat_delta= 0.333526\n"}
,{"stream_name":"stdout","time":2313.885555264,"data":"EDGE_TTA_ACTIVE views= 8 mean_abs_feat_delta= 0.277027\n"}
,{"stream_name":"stdout","time":2313.915886362,"data":"EDGE_TTA_ACTIVE views= 8 mean_abs_feat_delta= 0.336952\n"}
,{"stream_name":"stdout","time":2314.087820523,"data":"EDGE_TTA_ACTIVE views= 8 mean_abs_feat_delta= 0.277027\n"}
,{"stream_name":"stdout","time":2314.08785129,"data":"EDGE_TTA_ACTIVE views= 8 mean_abs_feat_delta= 0.336952\n"}
,{"stream_name":"stdout","time":2315.99341506,"data":"EDGE_TTA_ACTIVE views= 8 mean_abs_feat_delta= 0.279545\n"}
,{"stream_name":"stdout","time":2316.100661724,"data":"EDGE_TTA_ACTIVE views= 8 mean_abs_feat_delta= 0.345093\n"}
,{"stream_name":"stdout","time":2316.195874583,"data":"EDGE_TTA_ACTIVE views= 8 mean_abs_feat_delta= 0.279545\n"}
,{"stream_name":"stdout","time":2316.195897485,"data":"EDGE_TTA_ACTIVE views= 8 mean_abs_feat_delta= 0.345093\n"}
,{"stream_name":"stdout","time":2318.127915659,"data":"EDGE_TTA_ACTIVE views= 8 mean_abs_feat_delta= 0.281065\n"}
,{"stream_name":"stdout","time":2318.356572222,"data":"EDGE_TTA_ACTIVE views= 8 mean_abs_feat_delta= 0.34152\n"}
,{"stream_name":"stdout","time":2318.414773356,"data":"EDGE_TTA_ACTIVE views= 8 mean_abs_feat_delta= 0.281065\n"}
,{"stream_name":"stdout","time":2318.558567734,"data":"EDGE_TTA_ACTIVE views= 8 mean_abs_feat_delta= 0.34152\n"}
,{"stream_name":"stdout","time":2320.23318112,"data":"EDGE_TTA_ACTIVE views= 8 mean_abs_feat_delta= 0.285064\n"}
,{"stream_name":"stdout","time":2320.435769094,"data":"EDGE_TTA_ACTIVE views= 8 mean_abs_feat_delta= 0.285064\n"}
,{"stream_name":"stdout","time":2320.565756845,"data":"EDGE_TTA_ACTIVE views= 8 mean_abs_feat_delta= 0.341151\n"}
,{"stream_name":"stdout","time":2320.768385913,"data":"EDGE_TTA_ACTIVE views= 8 mean_abs_feat_delta= 0.341151\n"}
,{"stream_name":"stdout","time":2322.423241311,"data":"EDGE_TTA_ACTIVE views= 8 mean_abs_feat_delta= 0.284192\n"}
,{"stream_name":"stdout","time":2322.626032411,"data":"EDGE_TTA_ACTIVE views= 8 mean_abs_feat_delta= 0.284192\n"}
,{"stream_name":"stdout","time":2322.753035263,"data":"EDGE_TTA_ACTIVE views= 8 mean_abs_feat_delta= 0.34019\n"}
,{"stream_name":"stdout","time":2322.95549728,"data":"EDGE_TTA_ACTIVE views= 8 mean_abs_feat_delta= 0.34019\n"}
,{"stream_name":"stdout","time":2324.59866838,"data":"EDGE_TTA_ACTIVE views= 8 mean_abs_feat_delta= 0.28167\n"}
,{"stream_name":"stdout","time":2324.801050655,"data":"EDGE_TTA_ACTIVE views= 8 mean_abs_feat_delta= 0.28167\n"}
,{"stream_name":"stdout","time":2324.98061024,"data":"EDGE_TTA_ACTIVE views= 8 mean_abs_feat_delta= 0.344388\n"}
,{"stream_name":"stdout","time":2325.183195643,"data":"EDGE_TTA_ACTIVE views= 8 mean_abs_feat_delta= 0.344388\n"}
,{"stream_name":"stdout","time":2326.765061849,"data":"EDGE_TTA_ACTIVE views= 8 mean_abs_feat_delta= 0.28237\n"}
,{"stream_name":"stdout","time":2326.96772268,"data":"EDGE_TTA_ACTIVE views= 8 mean_abs_feat_delta= 0.28237\n"}
,{"stream_name":"stdout","time":2327.099476591,"data":"EDGE_TTA_ACTIVE views= 8 mean_abs_feat_delta= 0.343422\n"}
,{"stream_name":"stdout","time":2327.301901938,"data":"EDGE_TTA_ACTIVE views= 8 mean_abs_feat_delta= 0.343422\n"}
,{"stream_name":"stdout","time":2328.940421821,"data":"EDGE_TTA_ACTIVE views= 8 mean_abs_feat_delta= 0.282802\n"}
,{"stream_name":"stdout","time":2329.142773606,"data":"EDGE_TTA_ACTIVE views= 8 mean_abs_feat_delta= 0.282802\n"}
,{"stream_name":"stdout","time":2329.286149048,"data":"EDGE_TTA_ACTIVE views= 8 mean_abs_feat_delta= 0.340401\n"}
,{"stream_name":"stdout","time":2329.488414395,"data":"EDGE_TTA_ACTIVE views= 8 mean_abs_feat_delta= 0.340401\n"}
,{"stream_name":"stdout","time":2331.096635403,"data":"EDGE_TTA_ACTIVE views= 8 mean_abs_feat_delta= 0.285432\n"}
,{"stream_name":"stdout","time":2331.299053639,"data":"EDGE_TTA_ACTIVE views= 8 mean_abs_feat_delta= 0.285432\n"}
,{"stream_name":"stdout","time":2331.484150824,"data":"EDGE_TTA_ACTIVE views= 8 mean_abs_feat_delta= 0.339951\n"}
,{"stream_name":"stdout","time":2331.687689418,"data":"EDGE_TTA_ACTIVE views= 8 mean_abs_feat_delta= 0.339951\n"}
,{"stream_name":"stdout","time":2333.211084889,"data":"EDGE_TTA_ACTIVE views= 8 mean_abs_feat_delta= 0.281029\n"}
,{"stream_name":"stdout","time":2333.413566126,"data":"EDGE_TTA_ACTIVE views= 8 mean_abs_feat_delta= 0.281029\n"}
,{"stream_name":"stdout","time":2333.64296041,"data":"EDGE_TTA_ACTIVE views= 8 mean_abs_feat_delta= 0.34749\n"}
,{"stream_name":"stdout","time":2333.845307386,"data":"EDGE_TTA_ACTIVE views= 8 mean_abs_feat_delta= 0.34749\n"}
,{"stream_name":"stdout","time":2335.422116776,"data":"EDGE_TTA_ACTIVE views= 8 mean_abs_feat_delta= 0.272919\n"}
,{"stream_name":"stdout","time":2335.624610589,"data":"EDGE_TTA_ACTIVE views= 8 mean_abs_feat_delta= 0.272919\n"}
,{"stream_name":"stdout","time":2335.820539159,"data":"EDGE_TTA_ACTIVE views= 8 mean_abs_feat_delta= 0.348728\n"}
,{"stream_name":"stdout","time":2336.022850793,"data":"EDGE_TTA_ACTIVE views= 8 mean_abs_feat_delta= 0.348728\n"}
,{"stream_name":"stdout","time":2337.615837617,"data":"EDGE_TTA_ACTIVE views= 8 mean_abs_feat_delta= 0.279365\n"}
,{"stream_name":"stdout","time":2337.818437549,"data":"EDGE_TTA_ACTIVE views= 8 mean_abs_feat_delta= 0.279365\n"}
,{"stream_name":"stdout","time":2337.980859472,"data":"EDGE_TTA_ACTIVE views= 8 mean_abs_feat_delta= 0.348915\n"}
,{"stream_name":"stdout","time":2338.182919777,"data":"EDGE_TTA_ACTIVE views= 8 mean_abs_feat_delta= 0.348915\n"}
,{"stream_name":"stdout","time":2339.740124232,"data":"EDGE_TTA_ACTIVE views= 8 mean_abs_feat_delta= 0.282084\n"}
,{"stream_name":"stdout","time":2339.942283671,"data":"EDGE_TTA_ACTIVE views= 8 mean_abs_feat_delta= 0.282084\n"}
,{"stream_name":"stdout","time":2340.201435548,"data":"EDGE_TTA_ACTIVE views= 8 mean_abs_feat_delta= 0.34756\n"}
,{"stream_name":"stdout","time":2340.403516601,"data":"EDGE_TTA_ACTIVE views= 8 mean_abs_feat_delta= 0.34756\n"}
,{"stream_name":"stdout","time":2341.916541777,"data":"EDGE_TTA_ACTIVE views= 8 mean_abs_feat_delta= 0.283885\n"}
,{"stream_name":"stdout","time":2342.118788036,"data":"EDGE_TTA_ACTIVE views= 8 mean_abs_feat_delta= 0.283885\n"}
,{"stream_name":"stdout","time":2342.394137216,"data":"EDGE_TTA_ACTIVE views= 8 mean_abs_feat_delta= 0.341564\n"}
,{"stream_name":"stdout","time":2342.596220359,"data":"EDGE_TTA_ACTIVE views= 8 mean_abs_feat_delta= 0.341564\n"}
,{"stream_name":"stdout","time":2344.022526652,"data":"EDGE_TTA_ACTIVE views= 8 mean_abs_feat_delta= 0.284012\n"}
,{"stream_name":"stdout","time":2344.225094258,"data":"EDGE_TTA_ACTIVE views= 8 mean_abs_feat_delta= 0.284012\n"}
,{"stream_name":"stdout","time":2344.563535557,"data":"EDGE_TTA_ACTIVE views= 8 mean_abs_feat_delta= 0.339453\n"}
,{"stream_name":"stdout","time":2344.765948531,"data":"EDGE_TTA_ACTIVE views= 8 mean_abs_feat_delta= 0.339453\n"}
,{"stream_name":"stdout","time":2346.200920041,"data":"EDGE_TTA_ACTIVE views= 8 mean_abs_feat_delta= 0.28661\n"}
,{"stream_name":"stdout","time":2346.403401727,"data":"EDGE_TTA_ACTIVE views= 8 mean_abs_feat_delta= 0.28661\n"}
,{"stream_name":"stdout","time":2346.753198125,"data":"EDGE_TTA_ACTIVE views= 8 mean_abs_feat_delta= 0.34454\n"}
,{"stream_name":"stdout","time":2346.9556482,"data":"EDGE_TTA_ACTIVE views= 8 mean_abs_feat_delta= 0.34454\n"}
,{"stream_name":"stdout","time":2348.396115743,"data":"EDGE_TTA_ACTIVE views= 8 mean_abs_feat_delta= 0.287228\n"}
,{"stream_name":"stdout","time":2348.682593437,"data":"EDGE_TTA_ACTIVE views= 8 mean_abs_feat_delta= 0.287228\n"}
,{"stream_name":"stdout","time":2348.947891272,"data":"EDGE_TTA_ACTIVE views= 8 mean_abs_feat_delta= 0.34235\n"}
,{"stream_name":"stdout","time":2349.150146451,"data":"EDGE_TTA_ACTIVE views= 8 mean_abs_feat_delta= 0.34235\n"}
,{"stream_name":"stdout","time":2350.55122602,"data":"EDGE_TTA_ACTIVE views= 8 mean_abs_feat_delta= 0.285405\n"}
,{"stream_name":"stdout","time":2350.753562846,"data":"EDGE_TTA_ACTIVE views= 8 mean_abs_feat_delta= 0.285405\n"}
,{"stream_name":"stdout","time":2351.131407801,"data":"EDGE_TTA_ACTIVE views= 8 mean_abs_feat_delta= 0.339835\n"}
,{"stream_name":"stdout","time":2351.333540182,"data":"EDGE_TTA_ACTIVE views= 8 mean_abs_feat_delta= 0.339835\n"}
,{"stream_name":"stdout","time":2352.812499817,"data":"EDGE_TTA_ACTIVE views= 8 mean_abs_feat_delta= 0.28492\n"}
,{"stream_name":"stdout","time":2353.014882632,"data":"EDGE_TTA_ACTIVE views= 8 mean_abs_feat_delta= 0.28492\n"}
,{"stream_name":"stdout","time":2353.314659576,"data":"EDGE_TTA_ACTIVE views= 8 mean_abs_feat_delta= 0.343666\n"}
,{"stream_name":"stdout","time":2353.516991489,"data":"EDGE_TTA_ACTIVE views= 8 mean_abs_feat_delta= 0.343666\n"}
,{"stream_name":"stdout","time":2354.98169949,"data":"EDGE_TTA_ACTIVE views= 8 mean_abs_feat_delta= 0.283264\n"}
,{"stream_name":"stdout","time":2355.184251755,"data":"EDGE_TTA_ACTIVE views= 8 mean_abs_feat_delta= 0.283264\n"}
,{"stream_name":"stdout","time":2355.490030478,"data":"EDGE_TTA_ACTIVE views= 8 mean_abs_feat_delta= 0.345266\n"}
,{"stream_name":"stdout","time":2355.692278463,"data":"EDGE_TTA_ACTIVE views= 8 mean_abs_feat_delta= 0.345266\n"}
,{"stream_name":"stdout","time":2357.124583993,"data":"EDGE_TTA_ACTIVE views= 8 mean_abs_feat_delta= 0.283715\n"}
,{"stream_name":"stdout","time":2357.32692896,"data":"EDGE_TTA_ACTIVE views= 8 mean_abs_feat_delta= 0.283715\n"}
,{"stream_name":"stdout","time":2357.63366497,"data":"EDGE_TTA_ACTIVE views= 8 mean_abs_feat_delta= 0.347232\n"}
,{"stream_name":"stdout","time":2357.836153418,"data":"EDGE_TTA_ACTIVE views= 8 mean_abs_feat_delta= 0.347232\n"}
,{"stream_name":"stdout","time":2359.292059385,"data":"EDGE_TTA_ACTIVE views= 8 mean_abs_feat_delta= 0.283294\n"}
,{"stream_name":"stdout","time":2359.494502285,"data":"EDGE_TTA_ACTIVE views= 8 mean_abs_feat_delta= 0.283294\n"}
,{"stream_name":"stdout","time":2359.809903755,"data":"EDGE_TTA_ACTIVE views= 8 mean_abs_feat_delta= 0.344073\n"}
,{"stream_name":"stdout","time":2360.012292254,"data":"EDGE_TTA_ACTIVE views= 8 mean_abs_feat_delta= 0.344073\n"}
,{"stream_name":"stdout","time":2361.400360027,"data":"EDGE_TTA_ACTIVE views= 8 mean_abs_feat_delta= 0.286449\n"}
,{"stream_name":"stdout","time":2361.602977853,"data":"EDGE_TTA_ACTIVE views= 8 mean_abs_feat_delta= 0.286449\n"}
,{"stream_name":"stdout","time":2362.005858364,"data":"EDGE_TTA_ACTIVE views= 8 mean_abs_feat_delta= 0.342224\n"}
,{"stream_name":"stdout","time":2362.20837297,"data":"EDGE_TTA_ACTIVE views= 8 mean_abs_feat_delta= 0.342224\n"}
,{"stream_name":"stdout","time":2363.569413261,"data":"EDGE_TTA_ACTIVE views= 8 mean_abs_feat_delta= 0.290051\n"}
,{"stream_name":"stdout","time":2363.771741424,"data":"EDGE_TTA_ACTIVE views= 8 mean_abs_feat_delta= 0.290051\n"}
,{"stream_name":"stdout","time":2364.202447595,"data":"EDGE_TTA_ACTIVE views= 8 mean_abs_feat_delta= 0.340766\n"}
,{"stream_name":"stdout","time":2364.404958129,"data":"EDGE_TTA_ACTIVE views= 8 mean_abs_feat_delta= 0.340766\n"}
,{"stream_name":"stdout","time":2365.795272494,"data":"EDGE_TTA_ACTIVE views= 8 mean_abs_feat_delta= 0.289497\n"}
,{"stream_name":"stdout","time":2365.997832196,"data":"EDGE_TTA_ACTIVE views= 8 mean_abs_feat_delta= 0.289497\n"}
,{"stream_name":"stdout","time":2366.347994228,"data":"EDGE_TTA_ACTIVE views= 8 mean_abs_feat_delta= 0.342603\n"}
,{"stream_name":"stdout","time":2366.550721949,"data":"EDGE_TTA_ACTIVE views= 8 mean_abs_feat_delta= 0.342603\n"}
,{"stream_name":"stdout","time":2367.901520361,"data":"EDGE_TTA_ACTIVE views= 8 mean_abs_feat_delta= 0.282987\n"}
,{"stream_name":"stdout","time":2368.103942666,"data":"EDGE_TTA_ACTIVE views= 8 mean_abs_feat_delta= 0.282987\n"}
,{"stream_name":"stdout","time":2368.54050306,"data":"EDGE_TTA_ACTIVE views= 8 mean_abs_feat_delta= 0.341082\n"}
,{"stream_name":"stdout","time":2368.742838915,"data":"EDGE_TTA_ACTIVE views= 8 mean_abs_feat_delta= 0.341082\n"}
,{"stream_name":"stdout","time":2370.064243628,"data":"EDGE_TTA_ACTIVE views= 8 mean_abs_feat_delta= 0.285694\n"}
,{"stream_name":"stdout","time":2370.266813231,"data":"EDGE_TTA_ACTIVE views= 8 mean_abs_feat_delta= 0.285694\n"}
,{"stream_name":"stdout","time":2370.707567388,"data":"EDGE_TTA_ACTIVE views= 8 mean_abs_feat_delta= 0.342531\n"}
,{"stream_name":"stdout","time":2370.910075663,"data":"EDGE_TTA_ACTIVE views= 8 mean_abs_feat_delta= 0.342531\n"}
,{"stream_name":"stdout","time":2372.212967467,"data":"EDGE_TTA_ACTIVE views= 8 mean_abs_feat_delta= 0.282414\n"}
,{"stream_name":"stdout","time":2372.415220046,"data":"EDGE_TTA_ACTIVE views= 8 mean_abs_feat_delta= 0.282414\n"}
,{"stream_name":"stdout","time":2372.871135205,"data":"EDGE_TTA_ACTIVE views= 8 mean_abs_feat_delta= 0.338261\n"}
,{"stream_name":"stdout","time":2373.073210412,"data":"EDGE_TTA_ACTIVE views= 8 mean_abs_feat_delta= 0.338261\n"}
,{"stream_name":"stdout","time":2374.29836569,"data":"EDGE_TTA_ACTIVE views= 8 mean_abs_feat_delta= 0.285759\n"}
,{"stream_name":"stdout","time":2374.500989093,"data":"EDGE_TTA_ACTIVE views= 8 mean_abs_feat_delta= 0.285759\n"}
,{"stream_name":"stdout","time":2374.973356949,"data":"EDGE_TTA_ACTIVE views= 8 mean_abs_feat_delta= 0.331504\n"}
,{"stream_name":"stdout","time":2375.175788308,"data":"EDGE_TTA_ACTIVE views= 8 mean_abs_feat_delta= 0.331504\n"}
,{"stream_name":"stdout","time":2376.444736683,"data":"EDGE_TTA_ACTIVE views= 8 mean_abs_feat_delta= 0.283365\n"}
,{"stream_name":"stdout","time":2376.647151754,"data":"EDGE_TTA_ACTIVE views= 8 mean_abs_feat_delta= 0.283365\n"}
,{"stream_name":"stdout","time":2377.102824656,"data":"EDGE_TTA_ACTIVE views= 8 mean_abs_feat_delta= 0.331413\n"}
,{"stream_name":"stdout","time":2377.305091584,"data":"EDGE_TTA_ACTIVE views= 8 mean_abs_feat_delta= 0.331413\n"}
,{"stream_name":"stdout","time":2378.528306897,"data":"EDGE_TTA_ACTIVE views= 8 mean_abs_feat_delta= 0.283423\n"}
,{"stream_name":"stdout","time":2378.811974511,"data":"EDGE_TTA_ACTIVE views= 8 mean_abs_feat_delta= 0.283423\n"}
,{"stream_name":"stdout","time":2379.171940962,"data":"EDGE_TTA_ACTIVE views= 8 mean_abs_feat_delta= 0.329218\n"}
,{"stream_name":"stdout","time":2379.374242422,"data":"EDGE_TTA_ACTIVE views= 8 mean_abs_feat_delta= 0.329218\n"}
,{"stream_name":"stdout","time":2380.595820651,"data":"EDGE_TTA_ACTIVE views= 8 mean_abs_feat_delta= 0.280705\n"}
,{"stream_name":"stdout","time":2380.798240313,"data":"EDGE_TTA_ACTIVE views= 8 mean_abs_feat_delta= 0.280705\n"}
,{"stream_name":"stdout","time":2381.240652251,"data":"EDGE_TTA_ACTIVE views= 8 mean_abs_feat_delta= 0.328908\n"}
,{"stream_name":"stdout","time":2381.443013227,"data":"EDGE_TTA_ACTIVE views= 8 mean_abs_feat_delta= 0.328908\n"}
,{"stream_name":"stdout","time":2382.682263053,"data":"EDGE_TTA_ACTIVE views= 8 mean_abs_feat_delta= 0.284385\n"}
,{"stream_name":"stdout","time":2382.884472925,"data":"EDGE_TTA_ACTIVE views= 8 mean_abs_feat_delta= 0.284385\n"}
,{"stream_name":"stdout","time":2383.327013693,"data":"EDGE_TTA_ACTIVE views= 8 mean_abs_feat_delta= 0.327794\n"}
,{"stream_name":"stdout","time":2383.529516699,"data":"EDGE_TTA_ACTIVE views= 8 mean_abs_feat_delta= 0.327794\n"}
,{"stream_name":"stdout","time":2384.747347486,"data":"EDGE_TTA_ACTIVE views= 8 mean_abs_feat_delta= 0.285391\n"}
,{"stream_name":"stdout","time":2384.950053088,"data":"EDGE_TTA_ACTIVE views= 8 mean_abs_feat_delta= 0.285391\n"}
,{"stream_name":"stdout","time":2385.445190563,"data":"EDGE_TTA_ACTIVE views= 8 mean_abs_feat_delta= 0.325619\n"}
,{"stream_name":"stdout","time":2385.647543023,"data":"EDGE_TTA_ACTIVE views= 8 mean_abs_feat_delta= 0.325619\n"}
,{"stream_name":"stdout","time":2386.81442014,"data":"EDGE_TTA_ACTIVE views= 8 mean_abs_feat_delta= 0.282606\n"}
,{"stream_name":"stdout","time":2387.016817707,"data":"EDGE_TTA_ACTIVE views= 8 mean_abs_feat_delta= 0.282606\n"}
,{"stream_name":"stdout","time":2387.558622666,"data":"EDGE_TTA_ACTIVE views= 8 mean_abs_feat_delta= 0.326224\n"}
,{"stream_name":"stdout","time":2387.761075364,"data":"EDGE_TTA_ACTIVE views= 8 mean_abs_feat_delta= 0.326224\n"}
,{"stream_name":"stdout","time":2388.902122032,"data":"EDGE_TTA_ACTIVE views= 8 mean_abs_feat_delta= 0.275618\n"}
,{"stream_name":"stdout","time":2389.104485594,"data":"EDGE_TTA_ACTIVE views= 8 mean_abs_feat_delta= 0.275618\n"}
,{"stream_name":"stdout","time":2389.628877261,"data":"EDGE_TTA_ACTIVE views= 8 mean_abs_feat_delta= 0.321245\n"}
,{"stream_name":"stdout","time":2389.831122507,"data":"EDGE_TTA_ACTIVE views= 8 mean_abs_feat_delta= 0.321245\n"}
,{"stream_name":"stdout","time":2390.971127361,"data":"EDGE_TTA_ACTIVE views= 8 mean_abs_feat_delta= 0.28438\n"}
,{"stream_name":"stdout","time":2391.173649923,"data":"EDGE_TTA_ACTIVE views= 8 mean_abs_feat_delta= 0.28438\n"}
,{"stream_name":"stdout","time":2391.737190388,"data":"EDGE_TTA_ACTIVE views= 8 mean_abs_feat_delta= 0.319781\n"}
,{"stream_name":"stdout","time":2391.940655864,"data":"EDGE_TTA_ACTIVE views= 8 mean_abs_feat_delta= 0.319781\n"}
,{"stream_name":"stdout","time":2393.055484105,"data":"EDGE_TTA_ACTIVE views= 8 mean_abs_feat_delta= 0.289699\n"}
,{"stream_name":"stdout","time":2393.257726105,"data":"EDGE_TTA_ACTIVE views= 8 mean_abs_feat_delta= 0.289699\n"}
,{"stream_name":"stdout","time":2393.827155916,"data":"EDGE_TTA_ACTIVE views= 8 mean_abs_feat_delta= 0.322829\n"}
,{"stream_name":"stdout","time":2394.029935462,"data":"EDGE_TTA_ACTIVE views= 8 mean_abs_feat_delta= 0.322829\n"}
,{"stream_name":"stdout","time":2395.104444876,"data":"EDGE_TTA_ACTIVE views= 8 mean_abs_feat_delta= 0.289712\n"}
,{"stream_name":"stdout","time":2395.30671179,"data":"EDGE_TTA_ACTIVE views= 8 mean_abs_feat_delta= 0.289712\n"}
,{"stream_name":"stdout","time":2395.914604722,"data":"EDGE_TTA_ACTIVE views= 8 mean_abs_feat_delta= 0.326443\n"}
,{"stream_name":"stdout","time":2396.11713581,"data":"EDGE_TTA_ACTIVE views= 8 mean_abs_feat_delta= 0.326443\n"}
,{"stream_name":"stdout","time":2397.169878054,"data":"EDGE_TTA_ACTIVE views= 8 mean_abs_feat_delta= 0.28685\n"}
,{"stream_name":"stdout","time":2397.372597007,"data":"EDGE_TTA_ACTIVE views= 8 mean_abs_feat_delta= 0.28685\n"}
,{"stream_name":"stdout","time":2397.995523806,"data":"EDGE_TTA_ACTIVE views= 8 mean_abs_feat_delta= 0.326852\n"}
,{"stream_name":"stdout","time":2398.198374963,"data":"EDGE_TTA_ACTIVE views= 8 mean_abs_feat_delta= 0.326852\n"}
,{"stream_name":"stdout","time":2399.238406944,"data":"EDGE_TTA_ACTIVE views= 8 mean_abs_feat_delta= 0.276535\n"}
,{"stream_name":"stdout","time":2399.441050835,"data":"EDGE_TTA_ACTIVE views= 8 mean_abs_feat_delta= 0.276535\n"}
,{"stream_name":"stdout","time":2400.087970457,"data":"EDGE_TTA_ACTIVE views= 8 mean_abs_feat_delta= 0.329914\n"}
,{"stream_name":"stdout","time":2400.290345154,"data":"EDGE_TTA_ACTIVE views= 8 mean_abs_feat_delta= 0.329914\n"}
,{"stream_name":"stdout","time":2401.314790888,"data":"EDGE_TTA_ACTIVE views= 8 mean_abs_feat_delta= 0.287692\n"}
,{"stream_name":"stdout","time":2401.517248769,"data":"EDGE_TTA_ACTIVE views= 8 mean_abs_feat_delta= 0.287692\n"}
,{"stream_name":"stdout","time":2402.182408797,"data":"EDGE_TTA_ACTIVE views= 8 mean_abs_feat_delta= 0.3332\n"}
,{"stream_name":"stdout","time":2402.384871798,"data":"EDGE_TTA_ACTIVE views= 8 mean_abs_feat_delta= 0.3332\n"}
,{"stream_name":"stdout","time":2403.395947509,"data":"EDGE_TTA_ACTIVE views= 8 mean_abs_feat_delta= 0.280114\n"}
,{"stream_name":"stdout","time":2403.598351543,"data":"EDGE_TTA_ACTIVE views= 8 mean_abs_feat_delta= 0.280114\n"}
,{"stream_name":"stdout","time":2404.304219721,"data":"EDGE_TTA_ACTIVE views= 8 mean_abs_feat_delta= 0.326396\n"}
,{"stream_name":"stdout","time":2404.50651009,"data":"EDGE_TTA_ACTIVE views= 8 mean_abs_feat_delta= 0.326396\n"}
,{"stream_name":"stdout","time":2405.466398247,"data":"EDGE_TTA_ACTIVE views= 8 mean_abs_feat_delta= 0.287119\n"}
,{"stream_name":"stdout","time":2405.669006795,"data":"EDGE_TTA_ACTIVE views= 8 mean_abs_feat_delta= 0.287119\n"}
,{"stream_name":"stdout","time":2406.392886049,"data":"EDGE_TTA_ACTIVE views= 8 mean_abs_feat_delta= 0.327676\n"}
,{"stream_name":"stdout","time":2406.595111977,"data":"EDGE_TTA_ACTIVE views= 8 mean_abs_feat_delta= 0.327676\n"}
,{"stream_name":"stdout","time":2407.590335322,"data":"EDGE_TTA_ACTIVE views= 8 mean_abs_feat_delta= 0.282418\n"}
,{"stream_name":"stdout","time":2407.792658826,"data":"EDGE_TTA_ACTIVE views= 8 mean_abs_feat_delta= 0.282418\n"}
,{"stream_name":"stdout","time":2408.545152631,"data":"EDGE_TTA_ACTIVE views= 8 mean_abs_feat_delta= 0.330541\n"}
,{"stream_name":"stdout","time":2408.747847308,"data":"EDGE_TTA_ACTIVE views= 8 mean_abs_feat_delta= 0.330541\n"}
,{"stream_name":"stdout","time":2409.684525516,"data":"EDGE_TTA_ACTIVE views= 8 mean_abs_feat_delta= 0.275023\n"}
,{"stream_name":"stdout","time":2409.970715545,"data":"EDGE_TTA_ACTIVE views= 8 mean_abs_feat_delta= 0.275023\n"}
,{"stream_name":"stdout","time":2410.657297963,"data":"EDGE_TTA_ACTIVE views= 8 mean_abs_feat_delta= 0.335217\n"}
,{"stream_name":"stdout","time":2410.859605557,"data":"EDGE_TTA_ACTIVE views= 8 mean_abs_feat_delta= 0.335217\n"}
,{"stream_name":"stdout","time":2411.762676249,"data":"EDGE_TTA_ACTIVE views= 8 mean_abs_feat_delta= 0.279236\n"}
,{"stream_name":"stdout","time":2411.966750585,"data":"EDGE_TTA_ACTIVE views= 8 mean_abs_feat_delta= 0.279236\n"}
,{"stream_name":"stdout","time":2412.787914359,"data":"EDGE_TTA_ACTIVE views= 8 mean_abs_feat_delta= 0.33513\n"}
,{"stream_name":"stdout","time":2412.990425863,"data":"EDGE_TTA_ACTIVE views= 8 mean_abs_feat_delta= 0.33513\n"}
,{"stream_name":"stdout","time":2413.844431043,"data":"EDGE_TTA_ACTIVE views= 8 mean_abs_feat_delta= 0.280951\n"}
,{"stream_name":"stdout","time":2414.04666925,"data":"EDGE_TTA_ACTIVE views= 8 mean_abs_feat_delta= 0.280951\n"}
,{"stream_name":"stdout","time":2414.918172381,"data":"EDGE_TTA_ACTIVE views= 8 mean_abs_feat_delta= 0.328111\n"}
,{"stream_name":"stdout","time":2415.120664255,"data":"EDGE_TTA_ACTIVE views= 8 mean_abs_feat_delta= 0.328111\n"}
,{"stream_name":"stdout","time":2415.931767899,"data":"EDGE_TTA_ACTIVE views= 8 mean_abs_feat_delta= 0.282683\n"}
,{"stream_name":"stdout","time":2416.134318339,"data":"EDGE_TTA_ACTIVE views= 8 mean_abs_feat_delta= 0.282683\n"}
,{"stream_name":"stdout","time":2417.075638116,"data":"EDGE_TTA_ACTIVE views= 8 mean_abs_feat_delta= 0.326627\n"}
,{"stream_name":"stdout","time":2417.277754225,"data":"EDGE_TTA_ACTIVE views= 8 mean_abs_feat_delta= 0.326627\n"}
,{"stream_name":"stdout","time":2418.034894073,"data":"EDGE_TTA_ACTIVE views= 8 mean_abs_feat_delta= 0.279078\n"}
,{"stream_name":"stdout","time":2418.239230772,"data":"EDGE_TTA_ACTIVE views= 8 mean_abs_feat_delta= 0.279078\n"}
,{"stream_name":"stdout","time":2419.237010125,"data":"EDGE_TTA_ACTIVE views= 8 mean_abs_feat_delta= 0.329018\n"}
,{"stream_name":"stdout","time":2419.439405026,"data":"EDGE_TTA_ACTIVE views= 8 mean_abs_feat_delta= 0.329018\n"}
,{"stream_name":"stdout","time":2420.115712201,"data":"EDGE_TTA_ACTIVE views= 8 mean_abs_feat_delta= 0.283394\n"}
,{"stream_name":"stdout","time":2420.317720558,"data":"EDGE_TTA_ACTIVE views= 8 mean_abs_feat_delta= 0.283394\n"}
,{"stream_name":"stdout","time":2421.348460033,"data":"EDGE_TTA_ACTIVE views= 8 mean_abs_feat_delta= 0.333443\n"}
,{"stream_name":"stdout","time":2421.550712289,"data":"EDGE_TTA_ACTIVE views= 8 mean_abs_feat_delta= 0.333443\n"}
,{"stream_name":"stdout","time":2422.195675655,"data":"EDGE_TTA_ACTIVE views= 8 mean_abs_feat_delta= 0.281801\n"}
,{"stream_name":"stdout","time":2422.397756187,"data":"EDGE_TTA_ACTIVE views= 8 mean_abs_feat_delta= 0.281801\n"}
,{"stream_name":"stdout","time":2423.457157729,"data":"EDGE_TTA_ACTIVE views= 8 mean_abs_feat_delta= 0.336707\n"}
,{"stream_name":"stdout","time":2423.659691516,"data":"EDGE_TTA_ACTIVE views= 8 mean_abs_feat_delta= 0.336707\n"}
,{"stream_name":"stdout","time":2424.278522166,"data":"EDGE_TTA_ACTIVE views= 8 mean_abs_feat_delta= 0.283172\n"}
,{"stream_name":"stdout","time":2424.480998074,"data":"EDGE_TTA_ACTIVE views= 8 mean_abs_feat_delta= 0.283172\n"}
,{"stream_name":"stdout","time":2425.582125008,"data":"EDGE_TTA_ACTIVE views= 8 mean_abs_feat_delta= 0.335779\n"}
,{"stream_name":"stdout","time":2425.784299012,"data":"EDGE_TTA_ACTIVE views= 8 mean_abs_feat_delta= 0.335779\n"}
,{"stream_name":"stdout","time":2426.404269481,"data":"EDGE_TTA_ACTIVE views= 8 mean_abs_feat_delta= 0.281577\n"}
,{"stream_name":"stdout","time":2426.606867219,"data":"EDGE_TTA_ACTIVE views= 8 mean_abs_feat_delta= 0.281577\n"}
,{"stream_name":"stdout","time":2427.715311931,"data":"EDGE_TTA_ACTIVE views= 8 mean_abs_feat_delta= 0.328211\n"}
,{"stream_name":"stdout","time":2427.917605313,"data":"EDGE_TTA_ACTIVE views= 8 mean_abs_feat_delta= 0.328211\n"}
,{"stream_name":"stdout","time":2428.537231185,"data":"EDGE_TTA_ACTIVE views= 8 mean_abs_feat_delta= 0.286587\n"}
,{"stream_name":"stdout","time":2428.740104436,"data":"EDGE_TTA_ACTIVE views= 8 mean_abs_feat_delta= 0.286587\n"}
,{"stream_name":"stdout","time":2429.902039603,"data":"EDGE_TTA_ACTIVE views= 8 mean_abs_feat_delta= 0.323615\n"}
,{"stream_name":"stdout","time":2430.101950933,"data":"EDGE_TTA_ACTIVE views= 8 mean_abs_feat_delta= 0.323615\n"}
,{"stream_name":"stdout","time":2430.661350676,"data":"EDGE_TTA_ACTIVE views= 8 mean_abs_feat_delta= 0.290972\n"}
,{"stream_name":"stdout","time":2430.863966584,"data":"EDGE_TTA_ACTIVE views= 8 mean_abs_feat_delta= 0.290972\n"}
,{"stream_name":"stdout","time":2432.08892982,"data":"EDGE_TTA_ACTIVE views= 8 mean_abs_feat_delta= 0.324693\n"}
,{"stream_name":"stdout","time":2432.291414534,"data":"EDGE_TTA_ACTIVE views= 8 mean_abs_feat_delta= 0.324693\n"}
,{"stream_name":"stdout","time":2432.837033533,"data":"EDGE_TTA_ACTIVE views= 8 mean_abs_feat_delta= 0.288332\n"}
,{"stream_name":"stdout","time":2433.039320047,"data":"EDGE_TTA_ACTIVE views= 8 mean_abs_feat_delta= 0.288332\n"}
,{"stream_name":"stdout","time":2434.256059276,"data":"EDGE_TTA_ACTIVE views= 8 mean_abs_feat_delta= 0.32651\n"}
,{"stream_name":"stdout","time":2434.458883333,"data":"EDGE_TTA_ACTIVE views= 8 mean_abs_feat_delta= 0.32651\n"}
,{"stream_name":"stdout","time":2434.951896751,"data":"EDGE_TTA_ACTIVE views= 8 mean_abs_feat_delta= 0.29016\n"}
,{"stream_name":"stdout","time":2435.154191109,"data":"EDGE_TTA_ACTIVE views= 8 mean_abs_feat_delta= 0.29016\n"}
,{"stream_name":"stdout","time":2436.405264138,"data":"EDGE_TTA_ACTIVE views= 8 mean_abs_feat_delta= 0.328408\n"}
,{"stream_name":"stdout","time":2436.6075328,"data":"EDGE_TTA_ACTIVE views= 8 mean_abs_feat_delta= 0.328408\n"}
,{"stream_name":"stdout","time":2437.134699788,"data":"EDGE_TTA_ACTIVE views= 8 mean_abs_feat_delta= 0.292393\n"}
,{"stream_name":"stdout","time":2437.337234244,"data":"EDGE_TTA_ACTIVE views= 8 mean_abs_feat_delta= 0.292393\n"}
,{"stream_name":"stdout","time":2438.568265504,"data":"EDGE_TTA_ACTIVE views= 8 mean_abs_feat_delta= 0.328975\n"}
,{"stream_name":"stdout","time":2438.770920512,"data":"EDGE_TTA_ACTIVE views= 8 mean_abs_feat_delta= 0.328975\n"}
,{"stream_name":"stdout","time":2439.324706946,"data":"EDGE_TTA_ACTIVE views= 8 mean_abs_feat_delta= 0.284525\n"}
,{"stream_name":"stdout","time":2439.527259249,"data":"EDGE_TTA_ACTIVE views= 8 mean_abs_feat_delta= 0.284525\n"}
,{"stream_name":"stdout","time":2440.692302957,"data":"EDGE_TTA_ACTIVE views= 8 mean_abs_feat_delta= 0.329898\n"}
,{"stream_name":"stdout","time":2440.982907319,"data":"EDGE_TTA_ACTIVE views= 8 mean_abs_feat_delta= 0.329898\n"}
,{"stream_name":"stdout","time":2442.924050299,"data":"EDGE_TTA_ACTIVE views= 8 mean_abs_feat_delta= 0.327894\n"}
,{"stream_name":"stdout","time":2443.1269696,"data":"EDGE_TTA_ACTIVE views= 8 mean_abs_feat_delta= 0.327894\n"}
,{"stream_name":"stdout","time":2445.091519455,"data":"EDGE_TTA_ACTIVE views= 8 mean_abs_feat_delta= 0.327075\n"}
,{"stream_name":"stdout","time":2445.293416457,"data":"EDGE_TTA_ACTIVE views= 8 mean_abs_feat_delta= 0.327075\n"}
,{"stream_name":"stdout","time":2447.263443987,"data":"EDGE_TTA_ACTIVE views= 8 mean_abs_feat_delta= 0.325235\n"}
,{"stream_name":"stdout","time":2447.465897796,"data":"EDGE_TTA_ACTIVE views= 8 mean_abs_feat_delta= 0.325235\n"}
,{"stream_name":"stdout","time":2449.396696685,"data":"EDGE_TTA_ACTIVE views= 8 mean_abs_feat_delta= 0.322041\n"}
,{"stream_name":"stdout","time":2449.599477544,"data":"EDGE_TTA_ACTIVE views= 8 mean_abs_feat_delta= 0.322041\n"}
,{"stream_name":"stdout","time":2451.599270902,"data":"EDGE_TTA_ACTIVE views= 8 mean_abs_feat_delta= 0.322646\n"}
,{"stream_name":"stdout","time":2451.801522379,"data":"EDGE_TTA_ACTIVE views= 8 mean_abs_feat_delta= 0.322646\n"}
,{"stream_name":"stdout","time":2453.802983314,"data":"EDGE_TTA_ACTIVE views= 8 mean_abs_feat_delta= 0.321154\n"}
,{"stream_name":"stdout","time":2454.005584927,"data":"EDGE_TTA_ACTIVE views= 8 mean_abs_feat_delta= 0.321154\n"}
,{"stream_name":"stdout","time":2455.970796956,"data":"EDGE_TTA_ACTIVE views= 8 mean_abs_feat_delta= 0.323674\n"}
,{"stream_name":"stdout","time":2456.173627416,"data":"EDGE_TTA_ACTIVE views= 8 mean_abs_feat_delta= 0.323674\n"}
,{"stream_name":"stdout","time":2458.164708192,"data":"EDGE_TTA_ACTIVE views= 8 mean_abs_feat_delta= 0.323378\n"}
,{"stream_name":"stdout","time":2458.367630928,"data":"EDGE_TTA_ACTIVE views= 8 mean_abs_feat_delta= 0.323378\n"}
,{"stream_name":"stdout","time":2460.354370867,"data":"EDGE_TTA_ACTIVE views= 8 mean_abs_feat_delta= 0.321629\n"}
,{"stream_name":"stdout","time":2460.556988083,"data":"EDGE_TTA_ACTIVE views= 8 mean_abs_feat_delta= 0.321629\n"}
,{"stream_name":"stdout","time":2462.460653832,"data":"EDGE_TTA_ACTIVE views= 8 mean_abs_feat_delta= 0.318921\n"}
,{"stream_name":"stdout","time":2462.663168677,"data":"EDGE_TTA_ACTIVE views= 8 mean_abs_feat_delta= 0.318921\n"}
,{"stream_name":"stdout","time":2464.628303997,"data":"EDGE_TTA_ACTIVE views= 8 mean_abs_feat_delta= 0.320734\n"}
,{"stream_name":"stdout","time":2464.830883288,"data":"EDGE_TTA_ACTIVE views= 8 mean_abs_feat_delta= 0.320734\n"}
,{"stream_name":"stdout","time":2466.794794246,"data":"EDGE_TTA_ACTIVE views= 8 mean_abs_feat_delta= 0.323839\n"}
,{"stream_name":"stdout","time":2466.997233541,"data":"EDGE_TTA_ACTIVE views= 8 mean_abs_feat_delta= 0.323839\n"}
,{"stream_name":"stdout","time":2468.932957084,"data":"EDGE_TTA_ACTIVE views= 8 mean_abs_feat_delta= 0.322788\n"}
,{"stream_name":"stdout","time":2468.986529248,"data":"Saved 4 predictions to /kaggle/working/tracking_repo/predictions/unknown/unet_transformer_val_gpu1/split_0\n"}
,{"stream_name":"stdout","time":2469.135411069,"data":"EDGE_TTA_ACTIVE views= 8 mean_abs_feat_delta= 0.322788\n"}
,{"stream_name":"stdout","time":2469.135496586,"data":"Saved 4 predictions to /kaggle/working/tracking_repo/predictions/unknown/unet_transformer_val_gpu1/split_0\n"}
,{"stream_name":"stdout","time":2471.091535433,"data":"EDGE_TTA_ACTIVE views= 8 mean_abs_feat_delta= 0.32248\n"}
,{"stream_name":"stdout","time":2471.344464985,"data":"EDGE_TTA_ACTIVE views= 8 mean_abs_feat_delta= 0.32248\n"}
,{"stream_name":"stdout","time":2473.251959217,"data":"EDGE_TTA_ACTIVE views= 8 mean_abs_feat_delta= 0.319289\n"}
,{"stream_name":"stdout","time":2473.454505711,"data":"EDGE_TTA_ACTIVE views= 8 mean_abs_feat_delta= 0.319289\n"}
,{"stream_name":"stdout","time":2475.408298253,"data":"EDGE_TTA_ACTIVE views= 8 mean_abs_feat_delta= 0.321281\n"}
,{"stream_name":"stdout","time":2475.610791416,"data":"EDGE_TTA_ACTIVE views= 8 mean_abs_feat_delta= 0.321281\n"}
,{"stream_name":"stdout","time":2477.567214266,"data":"EDGE_TTA_ACTIVE views= 8 mean_abs_feat_delta= 0.320096\n"}
,{"stream_name":"stdout","time":2477.769755803,"data":"EDGE_TTA_ACTIVE views= 8 mean_abs_feat_delta= 0.320096\n"}
,{"stream_name":"stdout","time":2479.725943387,"data":"EDGE_TTA_ACTIVE views= 8 mean_abs_feat_delta= 0.322533\n"}
,{"stream_name":"stdout","time":2479.928233624,"data":"EDGE_TTA_ACTIVE views= 8 mean_abs_feat_delta= 0.322533\n"}
,{"stream_name":"stdout","time":2481.895900901,"data":"EDGE_TTA_ACTIVE views= 8 mean_abs_feat_delta= 0.324871\n"}
,{"stream_name":"stdout","time":2482.098265283,"data":"EDGE_TTA_ACTIVE views= 8 mean_abs_feat_delta= 0.324871\n"}
,{"stream_name":"stdout","time":2484.027437325,"data":"EDGE_TTA_ACTIVE views= 8 mean_abs_feat_delta= 0.322556\n"}
,{"stream_name":"stdout","time":2484.229715155,"data":"EDGE_TTA_ACTIVE views= 8 mean_abs_feat_delta= 0.322556\n"}
,{"stream_name":"stdout","time":2486.10355856,"data":"EDGE_TTA_ACTIVE views= 8 mean_abs_feat_delta= 0.320114\n"}
,{"stream_name":"stdout","time":2486.306064675,"data":"EDGE_TTA_ACTIVE views= 8 mean_abs_feat_delta= 0.320114\n"}
,{"stream_name":"stdout","time":2488.242492022,"data":"EDGE_TTA_ACTIVE views= 8 mean_abs_feat_delta= 0.318514\n"}
,{"stream_name":"stdout","time":2488.444526136,"data":"EDGE_TTA_ACTIVE views= 8 mean_abs_feat_delta= 0.318514\n"}
,{"stream_name":"stdout","time":2490.406525393,"data":"EDGE_TTA_ACTIVE views= 8 mean_abs_feat_delta= 0.322403\n"}
,{"stream_name":"stdout","time":2490.608870241,"data":"EDGE_TTA_ACTIVE views= 8 mean_abs_feat_delta= 0.322403\n"}
,{"stream_name":"stdout","time":2492.595632459,"data":"EDGE_TTA_ACTIVE views= 8 mean_abs_feat_delta= 0.320312\n"}
,{"stream_name":"stdout","time":2492.797930711,"data":"EDGE_TTA_ACTIVE views= 8 mean_abs_feat_delta= 0.320312\n"}
,{"stream_name":"stdout","time":2494.762971392,"data":"EDGE_TTA_ACTIVE views= 8 mean_abs_feat_delta= 0.324015\n"}
,{"stream_name":"stdout","time":2494.965247466,"data":"EDGE_TTA_ACTIVE views= 8 mean_abs_feat_delta= 0.324015\n"}
,{"stream_name":"stdout","time":2496.905953316,"data":"EDGE_TTA_ACTIVE views= 8 mean_abs_feat_delta= 0.326506\n"}
,{"stream_name":"stdout","time":2497.108031866,"data":"EDGE_TTA_ACTIVE views= 8 mean_abs_feat_delta= 0.326506\n"}
,{"stream_name":"stdout","time":2499.016664077,"data":"EDGE_TTA_ACTIVE views= 8 mean_abs_feat_delta= 0.326088\n"}
,{"stream_name":"stdout","time":2499.218784398,"data":"EDGE_TTA_ACTIVE views= 8 mean_abs_feat_delta= 0.326088\n"}
,{"stream_name":"stdout","time":2501.179938412,"data":"EDGE_TTA_ACTIVE views= 8 mean_abs_feat_delta= 0.325667\n"}
,{"stream_name":"stdout","time":2501.432862695,"data":"EDGE_TTA_ACTIVE views= 8 mean_abs_feat_delta= 0.325667\n"}
,{"stream_name":"stdout","time":2503.280015187,"data":"EDGE_TTA_ACTIVE views= 8 mean_abs_feat_delta= 0.328685\n"}
,{"stream_name":"stdout","time":2503.482596715,"data":"EDGE_TTA_ACTIVE views= 8 mean_abs_feat_delta= 0.328685\n"}
,{"stream_name":"stdout","time":2505.479427479,"data":"EDGE_TTA_ACTIVE views= 8 mean_abs_feat_delta= 0.327838\n"}
,{"stream_name":"stdout","time":2505.681891769,"data":"EDGE_TTA_ACTIVE views= 8 mean_abs_feat_delta= 0.327838\n"}
,{"stream_name":"stdout","time":2507.591473662,"data":"EDGE_TTA_ACTIVE views= 8 mean_abs_feat_delta= 0.330718\n"}
,{"stream_name":"stdout","time":2507.793678356,"data":"EDGE_TTA_ACTIVE views= 8 mean_abs_feat_delta= 0.330718\n"}
,{"stream_name":"stdout","time":2515.262908913,"data":"Saved 4 predictions to /kaggle/working/tracking_repo/predictions/unknown/unet_transformer_val_gpu0/split_0\n"}
,{"stream_name":"stdout","time":2515.46533358,"data":"Saved 4 predictions to /kaggle/working/tracking_repo/predictions/unknown/unet_transformer_val_gpu0/split_0\n"}
,{"stream_name":"stdout","time":2517.212884293,"data":"VALIDATOR: merged 8 prediction graphs into /kaggle/working/tracking_repo/predictions/unknown/unet_transformer_val/split_0\n"}
,{"stream_name":"stdout","time":2517.212917083,"data":"VALIDATOR: prediction completed in 16.15 minutes\n"}
,{"stream_name":"stdout","time":2517.762050184,"data":"Post-process base configuration (public 0.939):\n"}
,{"stream_name":"stdout","time":2517.762079646,"data":"  SAFE_DIV_MAX_UM                          9.0\n"}
,{"stream_name":"stdout","time":2517.76208412,"data":"  SAFE_DIV_SISTER_MAX_UM                   14.0\n"}
,{"stream_name":"stdout","time":2517.762087677,"data":"  SAFE_DIV_DIVERGE_UM                      2.25\n"}
,{"stream_name":"stdout","time":2517.762091827,"data":"  SAFE_DIV_SISTER_SYMMETRY_TAU             0.6\n"}
,{"stream_name":"stdout","time":2517.762095176,"data":"  SAFE_DIV_EXISTING_CHILD_MAX_UM           10.0\n"}
,{"stream_name":"stdout","time":2517.762100276,"data":"  SAFE_DIV_FRAME_FRAC_CAP                  0.0076\n"}
,{"stream_name":"stdout","time":2517.762107411,"data":"  SAFE_DIV_GLOBAL_FRAC_CAP                 0.00375\n"}
,{"stream_name":"stdout","time":2517.762110193,"data":"  DEEPCENTER_SAFE_DIV_THRESHOLD            0.25\n"}
,{"stream_name":"stdout","time":2517.762112476,"data":"  DEEPCENTER_GAP_THRESHOLD                 0.25\n"}
,{"stream_name":"stdout","time":2517.762114659,"data":"  GAP_CLOSE_UM                             5.0\n"}
,{"stream_name":"stdout","time":2517.762116831,"data":"  OUTPUT_MIN_TRACK_LEN                     6\n"}
,{"stream_name":"stdout","time":2517.762119291,"data":"  SHORT_TRACK_RESCUE_MIN_MEAN_EDGE_PROB    0.88\n"}
,{"stream_name":"stdout","time":2517.762121481,"data":"  MOTION_RELINK_TIGHT_UM                   6.0\n"}
,{"stream_name":"stdout","time":2517.762123658,"data":"  MOTION_RELINK_RELAXED_UM                 10.0\n"}
,{"stream_name":"stdout","time":2517.762125839,"data":"  GAP2_MAX_STEP_UM                         4.4\n"}
,{"stream_name":"stdout","time":2517.762128098,"data":"  GAP2_MAX_TOTAL_UM                        10.2\n"}
,{"stream_name":"stdout","time":2517.762130286,"data":"  MOTION_RELINK_LEARNED_BONUS              1.0\n"}
,{"stream_name":"stdout","time":2517.762132459,"data":"  MOTION_RELINK_VELOCITY_WEIGHT            0.5\n"}
,{"stream_name":"stdout","time":2517.762134627,"data":"  GAP_CLOSE_REUSE_UM                       3.2\n"}
,{"stream_name":"stdout","time":2517.762136902,"data":"  OUTPUT_EDGE_MAX_UM                       14.0\n"}
,{"stream_name":"stdout","time":2522.018463414,"data":"VALIDATOR: cached 8 raw prediction graphs + GT\n"}
,{"stream_name":"stdout","time":2522.018498141,"data":"\n"}
,{"stream_name":"stdout","time":2522.018504086,"data":"==============================================================================\n"}
,{"stream_name":"stdout","time":2522.018509341,"data":"LOCAL VALIDATOR -- base configuration (public 0.939), official metric formula\n"}
,{"stream_name":"stdout","time":2522.018514631,"data":"(https://github.com/royerlab/kaggle-cell-tracking-competition/blob/main/metrics.md)\n"}
,{"stream_name":"stdout","time":2522.018520664,"data":"==============================================================================\n"}
,{"stream_name":"stdout","time":2584.224636065,"data":"  [44b6_12dfb391] after edge-filter+motion-relink: 45360 nodes, 43055 edges\n"}
,{"stream_name":"stdout","time":2591.59485182,"data":"  [44b6_12dfb391] after gap-closing (single-frame + gap2): 46016 nodes, 44296 edges\n"}
,{"stream_name":"stdout","time":2598.180867523,"data":"  [44b6_12dfb391] after safe-division repair: 46016 nodes, 44316 edges (geometric_candidates=147, deepcenter_rejected=127, post_veto_candidates=20, added=20, cap_skipped=0, mutual_nn_rejected=62, divergence_rejected=1557)\n"}
,{"stream_name":"stdout","time":2598.180937395,"data":"  [44b6_12dfb391] after division-geometry-filter+prune-isolated: 46014 nodes, 44316 edges\n"}
,{"stream_name":"stdout","time":2598.180944859,"data":"  [44b6_12dfb391] after short-track filtering: 44958 nodes, 43498 edges (components_removed=238)\n"}
,{"stream_name":"stdout","time":2607.068318374,"data":"  [44b6_12dfb391] FINAL: 44958 nodes, 43498 edges\n"}
,{"stream_name":"stdout","time":2624.14333101,"data":"  [44b6_267148e4] after edge-filter+motion-relink: 22857 nodes, 21465 edges\n"}
,{"stream_name":"stdout","time":2629.912069827,"data":"  [44b6_267148e4] after gap-closing (single-frame + gap2): 23105 nodes, 21915 edges\n"}
,{"stream_name":"stdout","time":2635.974382154,"data":"  [44b6_267148e4] after safe-division repair: 23105 nodes, 21934 edges (geometric_candidates=206, deepcenter_rejected=181, post_veto_candidates=25, added=19, cap_skipped=0, mutual_nn_rejected=128, divergence_rejected=1069)\n"}
,{"stream_name":"stdout","time":2635.974452419,"data":"  [44b6_267148e4] after division-geometry-filter+prune-isolated: 23044 nodes, 21934 edges\n"}
,{"stream_name":"stdout","time":2635.974461075,"data":"  [44b6_267148e4] after short-track filtering: 22298 nodes, 21369 edges (components_removed=181)\n"}
,{"stream_name":"stdout","time":2640.34741087,"data":"  [44b6_267148e4] FINAL: 22298 nodes, 21369 edges\n"}
,{"stream_name":"stdout","time":2691.554202602,"data":"  [44b6_2a2eff9f] after edge-filter+motion-relink: 40951 nodes, 38456 edges\n"}
,{"stream_name":"stdout","time":2699.970342514,"data":"  [44b6_2a2eff9f] after gap-closing (single-frame + gap2): 41479 nodes, 39437 edges\n"}
,{"stream_name":"stdout","time":2707.761558019,"data":"  [44b6_2a2eff9f] after safe-division repair: 41479 nodes, 39467 edges (geometric_candidates=296, deepcenter_rejected=266, post_veto_candidates=30, added=30, cap_skipped=0, mutual_nn_rejected=74, divergence_rejected=1656)\n"}
,{"stream_name":"stdout","time":2707.761606859,"data":"  [44b6_2a2eff9f] after division-geometry-filter+prune-isolated: 41476 nodes, 39467 edges\n"}
,{"stream_name":"stdout","time":2707.76161239,"data":"  [44b6_2a2eff9f] after short-track filtering: 40163 nodes, 38450 edges (components_removed=296)\n"}
,{"stream_name":"stdout","time":2715.632381441,"data":"  [44b6_2a2eff9f] FINAL: 40163 nodes, 38450 edges\n"}
,{"stream_name":"stdout","time":2718.118753174,"data":"  [44b6_341df25f] after edge-filter+motion-relink: 8525 nodes, 8213 edges\n"}
,{"stream_name":"stdout","time":2719.362167901,"data":"  [44b6_341df25f] after gap-closing (single-frame + gap2): 8571 nodes, 8293 edges\n"}
,{"stream_name":"stdout","time":2722.154850215,"data":"  [44b6_341df25f] after safe-division repair: 8571 nodes, 8304 edges (geometric_candidates=36, deepcenter_rejected=23, post_veto_candidates=13, added=11, cap_skipped=0, mutual_nn_rejected=3, divergence_rejected=137)\n"}
,{"stream_name":"stdout","time":2722.154899054,"data":"  [44b6_341df25f] after division-geometry-filter+prune-isolated: 8571 nodes, 8304 edges\n"}
,{"stream_name":"stdout","time":2722.154905637,"data":"  [44b6_341df25f] after short-track filtering: 8419 nodes, 8185 edges (components_removed=33)\n"}
,{"stream_name":"stdout","time":2723.721535177,"data":"  [44b6_341df25f] FINAL: 8419 nodes, 8185 edges\n"}
,{"stream_name":"stdout","time":2725.010529701,"data":"  [6bba_062c8d37] after edge-filter+motion-relink: 5995 nodes, 5645 edges\n"}
,{"stream_name":"stdout","time":2725.781894478,"data":"  [6bba_062c8d37] after gap-closing (single-frame + gap2): 6045 nodes, 5738 edges\n"}
,{"stream_name":"stdout","time":2727.020929846,"data":"  [6bba_062c8d37] after safe-division repair: 6045 nodes, 5742 edges (geometric_candidates=15, deepcenter_rejected=11, post_veto_candidates=4, added=4, cap_skipped=0, mutual_nn_rejected=3, divergence_rejected=66)\n"}
,{"stream_name":"stdout","time":2727.02096869,"data":"  [6bba_062c8d37] after division-geometry-filter+prune-isolated: 6020 nodes, 5742 edges\n"}
,{"stream_name":"stdout","time":2727.02097601,"data":"  [6bba_062c8d37] after short-track filtering: 5851 nodes, 5618 edges (components_removed=45)\n"}
,{"stream_name":"stdout","time":2728.143152086,"data":"  [6bba_062c8d37] FINAL: 5851 nodes, 5618 edges\n"}
,{"stream_name":"stdout","time":2755.222368737,"data":"  [6bba_07e24132] after edge-filter+motion-relink: 29760 nodes, 28221 edges\n"}
,{"stream_name":"stdout","time":2761.229919402,"data":"  [6bba_07e24132] after gap-closing (single-frame + gap2): 30098 nodes, 28839 edges\n"}
,{"stream_name":"stdout","time":2765.92855154,"data":"  [6bba_07e24132] after safe-division repair: 30098 nodes, 28843 edges (geometric_candidates=115, deepcenter_rejected=110, post_veto_candidates=5, added=4, cap_skipped=0, mutual_nn_rejected=69, divergence_rejected=1012)\n"}
,{"stream_name":"stdout","time":2765.928590725,"data":"  [6bba_07e24132] after division-geometry-filter+prune-isolated: 30090 nodes, 28843 edges\n"}
,{"stream_name":"stdout","time":2765.928597762,"data":"  [6bba_07e24132] after short-track filtering: 29209 nodes, 28166 edges (components_removed=204)\n"}
,{"stream_name":"stdout","time":2771.558516334,"data":"  [6bba_07e24132] FINAL: 29209 nodes, 28166 edges\n"}
,{"stream_name":"stdout","time":2774.092069881,"data":"  [6bba_085bf656] after edge-filter+motion-relink: 8422 nodes, 8097 edges\n"}
,{"stream_name":"stdout","time":2774.704863089,"data":"  [6bba_085bf656] after gap-closing (single-frame + gap2): 8443 nodes, 8136 edges\n"}
,{"stream_name":"stdout","time":2776.390597807,"data":"  [6bba_085bf656] after safe-division repair: 8443 nodes, 8139 edges (geometric_candidates=21, deepcenter_rejected=18, post_veto_candidates=3, added=3, cap_skipped=0, mutual_nn_rejected=4, divergence_rejected=102)\n"}
,{"stream_name":"stdout","time":2776.390638131,"data":"  [6bba_085bf656] after division-geometry-filter+prune-isolated: 8440 nodes, 8139 edges\n"}
,{"stream_name":"stdout","time":2776.390642627,"data":"  [6bba_085bf656] after short-track filtering: 8305 nodes, 8034 edges (components_removed=30)\n"}
,{"stream_name":"stdout","time":2778.164843154,"data":"  [6bba_085bf656] FINAL: 8305 nodes, 8034 edges\n"}
,{"stream_name":"stdout","time":2805.274828167,"data":"  [6bba_09961292] after edge-filter+motion-relink: 29961 nodes, 28819 edges\n"}
,{"stream_name":"stdout","time":2809.697727581,"data":"  [6bba_09961292] after gap-closing (single-frame + gap2): 30179 nodes, 29216 edges\n"}
,{"stream_name":"stdout","time":2813.881726361,"data":"  [6bba_09961292] after safe-division repair: 30179 nodes, 29240 edges (geometric_candidates=94, deepcenter_rejected=65, post_veto_candidates=29, added=24, cap_skipped=0, mutual_nn_rejected=73, divergence_rejected=992)\n"}
,{"stream_name":"stdout","time":2813.881776366,"data":"  [6bba_09961292] after division-geometry-filter+prune-isolated: 30173 nodes, 29240 edges\n"}
,{"stream_name":"stdout","time":2813.881781691,"data":"  [6bba_09961292] after short-track filtering: 29756 nodes, 28922 edges (components_removed=99)\n"}
,{"stream_name":"stdout","time":2819.606783152,"data":"  [6bba_09961292] FINAL: 29756 nodes, 28922 edges\n"}
,{"stream_name":"stdout","time":2819.608173389,"data":"  44b6_12dfb391                edge_jaccard=0.9256 adj=0.9472 T_pred=44958 T_true=58672.0 div(tp/fp/fn)=(0/0/1) safe_div_added=20\n"}
,{"stream_name":"stdout","time":2819.608194961,"data":"  44b6_267148e4                edge_jaccard=0.8135 adj=0.8000 T_pred=22298 T_true=19130.0 div(tp/fp/fn)=(0/0/1) safe_div_added=19\n"}
,{"stream_name":"stdout","time":2819.608200349,"data":"  44b6_2a2eff9f                edge_jaccard=0.8571 adj=0.8818 T_pred=40163 T_true=56367.0 div(tp/fp/fn)=(1/1/0) safe_div_added=30\n"}
,{"stream_name":"stdout","time":2819.608204933,"data":"  44b6_341df25f                edge_jaccard=1.0000 adj=0.9868 T_pred=8419 T_true=7436.0 div(tp/fp/fn)=(1/0/0) safe_div_added=11\n"}
,{"stream_name":"stdout","time":2819.608234222,"data":"  6bba_062c8d37                edge_jaccard=0.9801 adj=0.9830 T_pred=5851 T_true=6030.0 div(tp/fp/fn)=(1/0/0) safe_div_added=4\n"}
,{"stream_name":"stdout","time":2819.608238575,"data":"  6bba_07e24132                edge_jaccard=0.8384 adj=0.8082 T_pred=29209 T_true=21485.0 div(tp/fp/fn)=(0/0/2) safe_div_added=4\n"}
,{"stream_name":"stdout","time":2819.608242154,"data":"  6bba_085bf656                edge_jaccard=0.9932 adj=0.9950 T_pred=8305 T_true=8463.0 div(tp/fp/fn)=(0/0/1) safe_div_added=3\n"}
,{"stream_name":"stdout","time":2819.608245639,"data":"  6bba_09961292                edge_jaccard=0.8876 adj=0.8915 T_pred=29756 T_true=31117.0 div(tp/fp/fn)=(0/0/4) safe_div_added=24\n"}
,{"stream_name":"stdout","time":2819.608249654,"data":"[base] n=8 adjusted_edge_jaccard=0.9261 division_jaccard=0.2308 (tp/fp/fn=3/1/9) PROXY_SCORE=0.9492  [5.0 min]\n"}
,{"stream_name":"stdout","time":2819.608253112,"data":"Per-sample validator rows written to /kaggle/working/validator_results.csv\n"}
,{"stream_name":"stdout","time":2819.968993457,"data":"==============================================================================\n"}
,{"stream_name":"stdout","time":2819.969035142,"data":"POST-PROCESS SWEEP -- 7 candidates x 8 held-out videos\n"}
,{"stream_name":"stdout","time":2819.969039365,"data":"==============================================================================\n"}
,{"stream_name":"stdout","time":2882.275427596,"data":"  [44b6_12dfb391] after edge-filter+motion-relink: 45360 nodes, 43055 edges\n"}
,{"stream_name":"stdout","time":2889.660362507,"data":"  [44b6_12dfb391] after gap-closing (single-frame + gap2): 46010 nodes, 44283 edges\n"}
,{"stream_name":"stdout","time":2896.400297462,"data":"  [44b6_12dfb391] after safe-division repair: 46010 nodes, 44303 edges (geometric_candidates=150, deepcenter_rejected=130, post_veto_candidates=20, added=20, cap_skipped=0, mutual_nn_rejected=63, divergence_rejected=1570)\n"}
,{"stream_name":"stdout","time":2896.400342273,"data":"  [44b6_12dfb391] after division-geometry-filter+prune-isolated: 46008 nodes, 44303 edges\n"}
,{"stream_name":"stdout","time":2896.400349324,"data":"  [44b6_12dfb391] after short-track filtering: 44939 nodes, 43475 edges (components_removed=241)\n"}
,{"stream_name":"stdout","time":2905.043897566,"data":"  [44b6_12dfb391] FINAL: 44939 nodes, 43475 edges\n"}
,{"stream_name":"stdout","time":2922.095887016,"data":"  [44b6_267148e4] after edge-filter+motion-relink: 22857 nodes, 21465 edges\n"}
,{"stream_name":"stdout","time":2926.621922564,"data":"  [44b6_267148e4] after gap-closing (single-frame + gap2): 23094 nodes, 21893 edges\n"}
,{"stream_name":"stdout","time":2932.938344708,"data":"  [44b6_267148e4] after safe-division repair: 23094 nodes, 21913 edges (geometric_candidates=209, deepcenter_rejected=183, post_veto_candidates=26, added=20, cap_skipped=0, mutual_nn_rejected=133, divergence_rejected=1078)\n"}
,{"stream_name":"stdout","time":2932.938386157,"data":"  [44b6_267148e4] after division-geometry-filter+prune-isolated: 23033 nodes, 21913 edges\n"}
,{"stream_name":"stdout","time":2932.938390424,"data":"  [44b6_267148e4] after short-track filtering: 22272 nodes, 21336 edges (components_removed=184)\n"}
,{"stream_name":"stdout","time":2937.239502151,"data":"  [44b6_267148e4] FINAL: 22272 nodes, 21336 edges\n"}
,{"stream_name":"stdout","time":2987.91258693,"data":"  [44b6_2a2eff9f] after edge-filter+motion-relink: 40951 nodes, 38456 edges\n"}
,{"stream_name":"stdout","time":2994.60195734,"data":"  [44b6_2a2eff9f] after gap-closing (single-frame + gap2): 41467 nodes, 39413 edges\n"}
,{"stream_name":"stdout","time":3002.137686377,"data":"  [44b6_2a2eff9f] after safe-division repair: 41467 nodes, 39444 edges (geometric_candidates=299, deepcenter_rejected=268, post_veto_candidates=31, added=31, cap_skipped=0, mutual_nn_rejected=75, divergence_rejected=1672)\n"}
,{"stream_name":"stdout","time":3002.137773737,"data":"  [44b6_2a2eff9f] after division-geometry-filter+prune-isolated: 41464 nodes, 39444 edges\n"}
,{"stream_name":"stdout","time":3002.137780732,"data":"  [44b6_2a2eff9f] after short-track filtering: 40133 nodes, 38413 edges (components_removed=300)\n"}
,{"stream_name":"stdout","time":3010.009696478,"data":"  [44b6_2a2eff9f] FINAL: 40133 nodes, 38413 edges\n"}
,{"stream_name":"stdout","time":3012.626579931,"data":"  [44b6_341df25f] after edge-filter+motion-relink: 8525 nodes, 8213 edges\n"}
,{"stream_name":"stdout","time":3013.633744415,"data":"  [44b6_341df25f] after gap-closing (single-frame + gap2): 8570 nodes, 8291 edges\n"}
,{"stream_name":"stdout","time":3016.432616907,"data":"  [44b6_341df25f] after safe-division repair: 8570 nodes, 8302 edges (geometric_candidates=36, deepcenter_rejected=23, post_veto_candidates=13, added=11, cap_skipped=0, mutual_nn_rejected=3, divergence_rejected=138)\n"}
,{"stream_name":"stdout","time":3016.432667875,"data":"  [44b6_341df25f] after division-geometry-filter+prune-isolated: 8570 nodes, 8302 edges\n"}
,{"stream_name":"stdout","time":3016.432675494,"data":"  [44b6_341df25f] after short-track filtering: 8415 nodes, 8181 edges (components_removed=34)\n"}
,{"stream_name":"stdout","time":3018.115325946,"data":"  [44b6_341df25f] FINAL: 8415 nodes, 8181 edges\n"}
,{"stream_name":"stdout","time":3019.334109743,"data":"  [6bba_062c8d37] after edge-filter+motion-relink: 5995 nodes, 5645 edges\n"}
,{"stream_name":"stdout","time":3020.400786106,"data":"  [6bba_062c8d37] after gap-closing (single-frame + gap2): 6045 nodes, 5738 edges\n"}
,{"stream_name":"stdout","time":3021.733407527,"data":"  [6bba_062c8d37] after safe-division repair: 6045 nodes, 5742 edges (geometric_candidates=15, deepcenter_rejected=11, post_veto_candidates=4, added=4, cap_skipped=0, mutual_nn_rejected=3, divergence_rejected=66)\n"}
,{"stream_name":"stdout","time":3021.73345877,"data":"  [6bba_062c8d37] after division-geometry-filter+prune-isolated: 6020 nodes, 5742 edges\n"}
,{"stream_name":"stdout","time":3021.7334687,"data":"  [6bba_062c8d37] after short-track filtering: 5851 nodes, 5618 edges (components_removed=45)\n"}
,{"stream_name":"stdout","time":3022.917360208,"data":"  [6bba_062c8d37] FINAL: 5851 nodes, 5618 edges\n"}
,{"stream_name":"stdout","time":3050.131104758,"data":"  [6bba_07e24132] after edge-filter+motion-relink: 29760 nodes, 28221 edges\n"}
,{"stream_name":"stdout","time":3055.31778967,"data":"  [6bba_07e24132] after gap-closing (single-frame + gap2): 30098 nodes, 28839 edges\n"}
,{"stream_name":"stdout","time":3060.020902135,"data":"  [6bba_07e24132] after safe-division repair: 30098 nodes, 28843 edges (geometric_candidates=115, deepcenter_rejected=110, post_veto_candidates=5, added=4, cap_skipped=0, mutual_nn_rejected=69, divergence_rejected=1012)\n"}
,{"stream_name":"stdout","time":3060.020941468,"data":"  [6bba_07e24132] after division-geometry-filter+prune-isolated: 30090 nodes, 28843 edges\n"}
,{"stream_name":"stdout","time":3060.020948071,"data":"  [6bba_07e24132] after short-track filtering: 29209 nodes, 28166 edges (components_removed=204)\n"}
,{"stream_name":"stdout","time":3065.617485216,"data":"  [6bba_07e24132] FINAL: 29209 nodes, 28166 edges\n"}
,{"stream_name":"stdout","time":3068.14560271,"data":"  [6bba_085bf656] after edge-filter+motion-relink: 8422 nodes, 8097 edges\n"}
,{"stream_name":"stdout","time":3069.038029937,"data":"  [6bba_085bf656] after gap-closing (single-frame + gap2): 8443 nodes, 8136 edges\n"}
,{"stream_name":"stdout","time":3070.962368008,"data":"  [6bba_085bf656] after safe-division repair: 8443 nodes, 8139 edges (geometric_candidates=21, deepcenter_rejected=18, post_veto_candidates=3, added=3, cap_skipped=0, mutual_nn_rejected=4, divergence_rejected=102)\n"}
,{"stream_name":"stdout","time":3070.962443062,"data":"  [6bba_085bf656] after division-geometry-filter+prune-isolated: 8440 nodes, 8139 edges\n"}
,{"stream_name":"stdout","time":3070.962449977,"data":"  [6bba_085bf656] after short-track filtering: 8305 nodes, 8034 edges (components_removed=30)\n"}
,{"stream_name":"stdout","time":3072.619330368,"data":"  [6bba_085bf656] FINAL: 8305 nodes, 8034 edges\n"}
,{"stream_name":"stdout","time":3099.982649054,"data":"  [6bba_09961292] after edge-filter+motion-relink: 29961 nodes, 28819 edges\n"}
,{"stream_name":"stdout","time":3103.59027783,"data":"  [6bba_09961292] after gap-closing (single-frame + gap2): 30172 nodes, 29202 edges\n"}
,{"stream_name":"stdout","time":3107.802068475,"data":"  [6bba_09961292] after safe-division repair: 30172 nodes, 29228 edges (geometric_candidates=95, deepcenter_rejected=64, post_veto_candidates=31, added=26, cap_skipped=0, mutual_nn_rejected=76, divergence_rejected=1007)\n"}
,{"stream_name":"stdout","time":3107.802117265,"data":"  [6bba_09961292] after division-geometry-filter+prune-isolated: 30166 nodes, 29228 edges\n"}
,{"stream_name":"stdout","time":3107.802122089,"data":"  [6bba_09961292] after short-track filtering: 29749 nodes, 28910 edges (components_removed=99)\n"}
,{"stream_name":"stdout","time":3113.702264609,"data":"  [6bba_09961292] FINAL: 29749 nodes, 28910 edges\n"}
,{"stream_name":"stdout","time":3113.961928207,"data":"[gap45] n=8 adjusted_edge_jaccard=0.9261 division_jaccard=0.2308 (tp/fp/fn=3/1/9) PROXY_SCORE=0.9492  [4.9 min]\n"}
,{"stream_name":"stdout","time":3176.309789182,"data":"  [44b6_12dfb391] after edge-filter+motion-relink: 45360 nodes, 43052 edges\n"}
,{"stream_name":"stdout","time":3183.939176101,"data":"  [44b6_12dfb391] after gap-closing (single-frame + gap2): 46017 nodes, 44295 edges\n"}
,{"stream_name":"stdout","time":3190.594254204,"data":"  [44b6_12dfb391] after safe-division repair: 46017 nodes, 44315 edges (geometric_candidates=147, deepcenter_rejected=127, post_veto_candidates=20, added=20, cap_skipped=0, mutual_nn_rejected=62, divergence_rejected=1566)\n"}
,{"stream_name":"stdout","time":3190.594298617,"data":"  [44b6_12dfb391] after division-geometry-filter+prune-isolated: 46015 nodes, 44315 edges\n"}
,{"stream_name":"stdout","time":3190.594303081,"data":"  [44b6_12dfb391] after short-track filtering: 44964 nodes, 43501 edges (components_removed=237)\n"}
,{"stream_name":"stdout","time":3199.473815705,"data":"  [44b6_12dfb391] FINAL: 44964 nodes, 43501 edges\n"}
,{"stream_name":"stdout","time":3216.656524827,"data":"  [44b6_267148e4] after edge-filter+motion-relink: 22857 nodes, 21481 edges\n"}
,{"stream_name":"stdout","time":3222.105595292,"data":"  [44b6_267148e4] after gap-closing (single-frame + gap2): 23098 nodes, 21920 edges\n"}
,{"stream_name":"stdout","time":3228.131363224,"data":"  [44b6_267148e4] after safe-division repair: 23098 nodes, 21940 edges (geometric_candidates=208, deepcenter_rejected=183, post_veto_candidates=25, added=20, cap_skipped=0, mutual_nn_rejected=114, divergence_rejected=1060)\n"}
,{"stream_name":"stdout","time":3228.131411967,"data":"  [44b6_267148e4] after division-geometry-filter+prune-isolated: 23042 nodes, 21940 edges\n"}
,{"stream_name":"stdout","time":3228.131419281,"data":"  [44b6_267148e4] after short-track filtering: 22320 nodes, 21395 edges (components_removed=177)\n"}
,{"stream_name":"stdout","time":3232.446384805,"data":"  [44b6_267148e4] FINAL: 22320 nodes, 21395 edges\n"}
,{"stream_name":"stdout","time":3283.066631732,"data":"  [44b6_2a2eff9f] after edge-filter+motion-relink: 40951 nodes, 38453 edges\n"}
,{"stream_name":"stdout","time":3291.132469759,"data":"  [44b6_2a2eff9f] after gap-closing (single-frame + gap2): 41481 nodes, 39438 edges\n"}
,{"stream_name":"stdout","time":3298.614911065,"data":"  [44b6_2a2eff9f] after safe-division repair: 41481 nodes, 39468 edges (geometric_candidates=298, deepcenter_rejected=268, post_veto_candidates=30, added=30, cap_skipped=0, mutual_nn_rejected=74, divergence_rejected=1660)\n"}
,{"stream_name":"stdout","time":3298.614961959,"data":"  [44b6_2a2eff9f] after division-geometry-filter+prune-isolated: 41478 nodes, 39468 edges\n"}
,{"stream_name":"stdout","time":3298.614971157,"data":"  [44b6_2a2eff9f] after short-track filtering: 40150 nodes, 38440 edges (components_removed=300)\n"}
,{"stream_name":"stdout","time":3306.609728213,"data":"  [44b6_2a2eff9f] FINAL: 40150 nodes, 38440 edges\n"}
,{"stream_name":"stdout","time":3309.242502833,"data":"  [44b6_341df25f] after edge-filter+motion-relink: 8525 nodes, 8213 edges\n"}
,{"stream_name":"stdout","time":3310.574380839,"data":"  [44b6_341df25f] after gap-closing (single-frame + gap2): 8571 nodes, 8293 edges\n"}
,{"stream_name":"stdout","time":3313.241577336,"data":"  [44b6_341df25f] after safe-division repair: 8571 nodes, 8304 edges (geometric_candidates=36, deepcenter_rejected=23, post_veto_candidates=13, added=11, cap_skipped=0, mutual_nn_rejected=3, divergence_rejected=137)\n"}
,{"stream_name":"stdout","time":3313.241610761,"data":"  [44b6_341df25f] after division-geometry-filter+prune-isolated: 8571 nodes, 8304 edges\n"}
,{"stream_name":"stdout","time":3313.241616066,"data":"  [44b6_341df25f] after short-track filtering: 8419 nodes, 8185 edges (components_removed=33)\n"}
,{"stream_name":"stdout","time":3314.79498111,"data":"  [44b6_341df25f] FINAL: 8419 nodes, 8185 edges\n"}
,{"stream_name":"stdout","time":3316.124407551,"data":"  [6bba_062c8d37] after edge-filter+motion-relink: 5995 nodes, 5648 edges\n"}
,{"stream_name":"stdout","time":3316.887473561,"data":"  [6bba_062c8d37] after gap-closing (single-frame + gap2): 6045 nodes, 5741 edges\n"}
,{"stream_name":"stdout","time":3318.117900606,"data":"  [6bba_062c8d37] after safe-division repair: 6045 nodes, 5745 edges (geometric_candidates=15, deepcenter_rejected=11, post_veto_candidates=4, added=4, cap_skipped=0, mutual_nn_rejected=3, divergence_rejected=63)\n"}
,{"stream_name":"stdout","time":3318.11793997,"data":"  [6bba_062c8d37] after division-geometry-filter+prune-isolated: 6020 nodes, 5745 edges\n"}
,{"stream_name":"stdout","time":3318.117953654,"data":"  [6bba_062c8d37] after short-track filtering: 5851 nodes, 5621 edges (components_removed=45)\n"}
,{"stream_name":"stdout","time":3319.252393432,"data":"  [6bba_062c8d37] FINAL: 5851 nodes, 5621 edges\n"}
,{"stream_name":"stdout","time":3346.435286714,"data":"  [6bba_07e24132] after edge-filter+motion-relink: 29760 nodes, 28219 edges\n"}
,{"stream_name":"stdout","time":3352.192781849,"data":"  [6bba_07e24132] after gap-closing (single-frame + gap2): 30099 nodes, 28839 edges\n"}
,{"stream_name":"stdout","time":3357.042391488,"data":"  [6bba_07e24132] after safe-division repair: 30099 nodes, 28842 edges (geometric_candidates=114, deepcenter_rejected=111, post_veto_candidates=3, added=3, cap_skipped=0, mutual_nn_rejected=68, divergence_rejected=1017)\n"}
,{"stream_name":"stdout","time":3357.042434503,"data":"  [6bba_07e24132] after division-geometry-filter+prune-isolated: 30089 nodes, 28842 edges\n"}
,{"stream_name":"stdout","time":3357.042442275,"data":"  [6bba_07e24132] after short-track filtering: 29207 nodes, 28164 edges (components_removed=204)\n"}
,{"stream_name":"stdout","time":3362.735857255,"data":"  [6bba_07e24132] FINAL: 29207 nodes, 28164 edges\n"}
,{"stream_name":"stdout","time":3365.278371732,"data":"  [6bba_085bf656] after edge-filter+motion-relink: 8422 nodes, 8097 edges\n"}
,{"stream_name":"stdout","time":3365.878212687,"data":"  [6bba_085bf656] after gap-closing (single-frame + gap2): 8443 nodes, 8136 edges\n"}
,{"stream_name":"stdout","time":3367.527308619,"data":"  [6bba_085bf656] after safe-division repair: 8443 nodes, 8139 edges (geometric_candidates=21, deepcenter_rejected=18, post_veto_candidates=3, added=3, cap_skipped=0, mutual_nn_rejected=4, divergence_rejected=102)\n"}
,{"stream_name":"stdout","time":3367.527346039,"data":"  [6bba_085bf656] after division-geometry-filter+prune-isolated: 8440 nodes, 8139 edges\n"}
,{"stream_name":"stdout","time":3367.527352324,"data":"  [6bba_085bf656] after short-track filtering: 8305 nodes, 8034 edges (components_removed=30)\n"}
,{"stream_name":"stdout","time":3369.170494829,"data":"  [6bba_085bf656] FINAL: 8305 nodes, 8034 edges\n"}
,{"stream_name":"stdout","time":3396.645738473,"data":"  [6bba_09961292] after edge-filter+motion-relink: 29961 nodes, 28832 edges\n"}
,{"stream_name":"stdout","time":3401.211577622,"data":"  [6bba_09961292] after gap-closing (single-frame + gap2): 30175 nodes, 29221 edges\n"}
,{"stream_name":"stdout","time":3405.194282634,"data":"  [6bba_09961292] after safe-division repair: 30175 nodes, 29245 edges (geometric_candidates=89, deepcenter_rejected=64, post_veto_candidates=25, added=24, cap_skipped=0, mutual_nn_rejected=66, divergence_rejected=975)\n"}
,{"stream_name":"stdout","time":3405.194329951,"data":"  [6bba_09961292] after division-geometry-filter+prune-isolated: 30171 nodes, 29245 edges\n"}
,{"stream_name":"stdout","time":3405.194338814,"data":"  [6bba_09961292] after short-track filtering: 29745 nodes, 28920 edges (components_removed=101)\n"}
,{"stream_name":"stdout","time":3411.074601556,"data":"  [6bba_09961292] FINAL: 29745 nodes, 28920 edges\n"}
,{"stream_name":"stdout","time":3411.336340094,"data":"[tight55] n=8 adjusted_edge_jaccard=0.9282 division_jaccard=0.2308 (tp/fp/fn=3/1/9) PROXY_SCORE=0.9512  [5.0 min]\n"}
,{"stream_name":"stdout","time":3473.159206924,"data":"  [44b6_12dfb391] after edge-filter+motion-relink: 45360 nodes, 43016 edges\n"}
,{"stream_name":"stdout","time":3480.608406717,"data":"  [44b6_12dfb391] after gap-closing (single-frame + gap2): 46041 nodes, 44304 edges\n"}
,{"stream_name":"stdout","time":3487.462314459,"data":"  [44b6_12dfb391] after safe-division repair: 46041 nodes, 44324 edges (geometric_candidates=149, deepcenter_rejected=129, post_veto_candidates=20, added=20, cap_skipped=0, mutual_nn_rejected=61, divergence_rejected=1564)\n"}
,{"stream_name":"stdout","time":3487.462383187,"data":"  [44b6_12dfb391] after division-geometry-filter+prune-isolated: 46039 nodes, 44324 edges\n"}
,{"stream_name":"stdout","time":3487.462390607,"data":"  [44b6_12dfb391] after short-track filtering: 44951 nodes, 43482 edges (components_removed=246)\n"}
,{"stream_name":"stdout","time":3496.250578814,"data":"  [44b6_12dfb391] FINAL: 44951 nodes, 43482 edges\n"}
,{"stream_name":"stdout","time":3513.332966408,"data":"  [44b6_267148e4] after edge-filter+motion-relink: 22857 nodes, 21398 edges\n"}
,{"stream_name":"stdout","time":3519.098617983,"data":"  [44b6_267148e4] after gap-closing (single-frame + gap2): 23126 nodes, 21890 edges\n"}
,{"stream_name":"stdout","time":3524.972896722,"data":"  [44b6_267148e4] after safe-division repair: 23126 nodes, 21910 edges (geometric_candidates=210, deepcenter_rejected=183, post_veto_candidates=27, added=20, cap_skipped=0, mutual_nn_rejected=142, divergence_rejected=1109)\n"}
,{"stream_name":"stdout","time":3524.972941933,"data":"  [44b6_267148e4] after division-geometry-filter+prune-isolated: 23059 nodes, 21910 edges\n"}
,{"stream_name":"stdout","time":3524.972948544,"data":"  [44b6_267148e4] after short-track filtering: 22279 nodes, 21322 edges (components_removed=192)\n"}
,{"stream_name":"stdout","time":3529.376781059,"data":"  [44b6_267148e4] FINAL: 22279 nodes, 21322 edges\n"}
,{"stream_name":"stdout","time":3580.208761972,"data":"  [44b6_2a2eff9f] after edge-filter+motion-relink: 40951 nodes, 38419 edges\n"}
,{"stream_name":"stdout","time":3588.152008614,"data":"  [44b6_2a2eff9f] after gap-closing (single-frame + gap2): 41494 nodes, 39430 edges\n"}
,{"stream_name":"stdout","time":3595.678044541,"data":"  [44b6_2a2eff9f] after safe-division repair: 41494 nodes, 39460 edges (geometric_candidates=297, deepcenter_rejected=267, post_veto_candidates=30, added=30, cap_skipped=0, mutual_nn_rejected=72, divergence_rejected=1689)\n"}
,{"stream_name":"stdout","time":3595.678123094,"data":"  [44b6_2a2eff9f] after division-geometry-filter+prune-isolated: 41491 nodes, 39460 edges\n"}
,{"stream_name":"stdout","time":3595.678130548,"data":"  [44b6_2a2eff9f] after short-track filtering: 40146 nodes, 38419 edges (components_removed=304)\n"}
,{"stream_name":"stdout","time":3603.637331615,"data":"  [44b6_2a2eff9f] FINAL: 40146 nodes, 38419 edges\n"}
,{"stream_name":"stdout","time":3606.230846352,"data":"  [44b6_341df25f] after edge-filter+motion-relink: 8525 nodes, 8211 edges\n"}
,{"stream_name":"stdout","time":3607.464678316,"data":"  [44b6_341df25f] after gap-closing (single-frame + gap2): 8573 nodes, 8294 edges\n"}
,{"stream_name":"stdout","time":3610.140391654,"data":"  [44b6_341df25f] after safe-division repair: 8573 nodes, 8305 edges (geometric_candidates=37, deepcenter_rejected=24, post_veto_candidates=13, added=11, cap_skipped=0, mutual_nn_rejected=3, divergence_rejected=137)\n"}
,{"stream_name":"stdout","time":3610.140434795,"data":"  [44b6_341df25f] after division-geometry-filter+prune-isolated: 8573 nodes, 8305 edges\n"}
,{"stream_name":"stdout","time":3610.140440915,"data":"  [44b6_341df25f] after short-track filtering: 8417 nodes, 8183 edges (components_removed=34)\n"}
,{"stream_name":"stdout","time":3611.767568785,"data":"  [44b6_341df25f] FINAL: 8417 nodes, 8183 edges\n"}
,{"stream_name":"stdout","time":3613.045006727,"data":"  [6bba_062c8d37] after edge-filter+motion-relink: 5995 nodes, 5618 edges\n"}
,{"stream_name":"stdout","time":3614.126635264,"data":"  [6bba_062c8d37] after gap-closing (single-frame + gap2): 6051 nodes, 5721 edges\n"}
,{"stream_name":"stdout","time":3615.274558636,"data":"  [6bba_062c8d37] after safe-division repair: 6051 nodes, 5724 edges (geometric_candidates=14, deepcenter_rejected=11, post_veto_candidates=3, added=3, cap_skipped=0, mutual_nn_rejected=3, divergence_rejected=67)\n"}
,{"stream_name":"stdout","time":3615.274608234,"data":"  [6bba_062c8d37] after division-geometry-filter+prune-isolated: 6027 nodes, 5724 edges\n"}
,{"stream_name":"stdout","time":3615.275595165,"data":"  [6bba_062c8d37] after short-track filtering: 5827 nodes, 5579 edges (components_removed=55)\n"}
,{"stream_name":"stdout","time":3616.395519814,"data":"  [6bba_062c8d37] FINAL: 5827 nodes, 5579 edges\n"}
,{"stream_name":"stdout","time":3643.41787559,"data":"  [6bba_07e24132] after edge-filter+motion-relink: 29760 nodes, 28159 edges\n"}
,{"stream_name":"stdout","time":3649.237632375,"data":"  [6bba_07e24132] after gap-closing (single-frame + gap2): 30115 nodes, 28811 edges\n"}
,{"stream_name":"stdout","time":3654.061212223,"data":"  [6bba_07e24132] after safe-division repair: 30115 nodes, 28819 edges (geometric_candidates=124, deepcenter_rejected=112, post_veto_candidates=12, added=8, cap_skipped=0, mutual_nn_rejected=81, divergence_rejected=1022)\n"}
,{"stream_name":"stdout","time":3654.061257678,"data":"  [6bba_07e24132] after division-geometry-filter+prune-isolated: 30102 nodes, 28819 edges\n"}
,{"stream_name":"stdout","time":3654.061262307,"data":"  [6bba_07e24132] after short-track filtering: 29216 nodes, 28139 edges (components_removed=206)\n"}
,{"stream_name":"stdout","time":3659.71093082,"data":"  [6bba_07e24132] FINAL: 29216 nodes, 28139 edges\n"}
,{"stream_name":"stdout","time":3662.284510657,"data":"  [6bba_085bf656] after edge-filter+motion-relink: 8422 nodes, 8090 edges\n"}
,{"stream_name":"stdout","time":3662.967254835,"data":"  [6bba_085bf656] after gap-closing (single-frame + gap2): 8447 nodes, 8135 edges\n"}
,{"stream_name":"stdout","time":3664.622401957,"data":"  [6bba_085bf656] after safe-division repair: 8447 nodes, 8137 edges (geometric_candidates=20, deepcenter_rejected=18, post_veto_candidates=2, added=2, cap_skipped=0, mutual_nn_rejected=4, divergence_rejected=102)\n"}
,{"stream_name":"stdout","time":3664.622438424,"data":"  [6bba_085bf656] after division-geometry-filter+prune-isolated: 8443 nodes, 8137 edges\n"}
,{"stream_name":"stdout","time":3664.622442611,"data":"  [6bba_085bf656] after short-track filtering: 8295 nodes, 8024 edges (components_removed=35)\n"}
,{"stream_name":"stdout","time":3666.231357803,"data":"  [6bba_085bf656] FINAL: 8295 nodes, 8024 edges\n"}
,{"stream_name":"stdout","time":3693.570342284,"data":"  [6bba_09961292] after edge-filter+motion-relink: 29961 nodes, 28785 edges\n"}
,{"stream_name":"stdout","time":3698.349118402,"data":"  [6bba_09961292] after gap-closing (single-frame + gap2): 30194 nodes, 29211 edges\n"}
,{"stream_name":"stdout","time":3702.333890574,"data":"  [6bba_09961292] after safe-division repair: 30194 nodes, 29237 edges (geometric_candidates=98, deepcenter_rejected=65, post_veto_candidates=33, added=26, cap_skipped=0, mutual_nn_rejected=80, divergence_rejected=1020)\n"}
,{"stream_name":"stdout","time":3702.333940968,"data":"  [6bba_09961292] after division-geometry-filter+prune-isolated: 30186 nodes, 29237 edges\n"}
,{"stream_name":"stdout","time":3702.333946323,"data":"  [6bba_09961292] after short-track filtering: 29757 nodes, 28909 edges (components_removed=101)\n"}
,{"stream_name":"stdout","time":3708.138314352,"data":"  [6bba_09961292] FINAL: 29757 nodes, 28909 edges\n"}
,{"stream_name":"stdout","time":3708.436724817,"data":"[relaxed9] n=8 adjusted_edge_jaccard=0.9268 division_jaccard=0.2143 (tp/fp/fn=3/2/9) PROXY_SCORE=0.9482  [5.0 min]\n"}
,{"stream_name":"stdout","time":3770.564016807,"data":"  [44b6_12dfb391] after edge-filter+motion-relink: 45360 nodes, 43055 edges\n"}
,{"stream_name":"stdout","time":3777.904298245,"data":"  [44b6_12dfb391] after gap-closing (single-frame + gap2): 46016 nodes, 44296 edges\n"}
,{"stream_name":"stdout","time":3784.601192872,"data":"  [44b6_12dfb391] after safe-division repair: 46016 nodes, 44316 edges (geometric_candidates=147, deepcenter_rejected=127, post_veto_candidates=20, added=20, cap_skipped=0, mutual_nn_rejected=61, divergence_rejected=1557)\n"}
,{"stream_name":"stdout","time":3784.60124323,"data":"  [44b6_12dfb391] after division-geometry-filter+prune-isolated: 46014 nodes, 44316 edges\n"}
,{"stream_name":"stdout","time":3784.601248461,"data":"  [44b6_12dfb391] after short-track filtering: 44953 nodes, 43494 edges (components_removed=239)\n"}
,{"stream_name":"stdout","time":3793.29659964,"data":"  [44b6_12dfb391] FINAL: 44953 nodes, 43494 edges\n"}
,{"stream_name":"stdout","time":3810.344400588,"data":"  [44b6_267148e4] after edge-filter+motion-relink: 22857 nodes, 21468 edges\n"}
,{"stream_name":"stdout","time":3815.586329487,"data":"  [44b6_267148e4] after gap-closing (single-frame + gap2): 23106 nodes, 21920 edges\n"}
,{"stream_name":"stdout","time":3821.678323505,"data":"  [44b6_267148e4] after safe-division repair: 23106 nodes, 21939 edges (geometric_candidates=205, deepcenter_rejected=180, post_veto_candidates=25, added=19, cap_skipped=0, mutual_nn_rejected=127, divergence_rejected=1065)\n"}
,{"stream_name":"stdout","time":3821.678492619,"data":"  [44b6_267148e4] after division-geometry-filter+prune-isolated: 23045 nodes, 21939 edges\n"}
,{"stream_name":"stdout","time":3821.678503391,"data":"  [44b6_267148e4] after short-track filtering: 22280 nodes, 21359 edges (components_removed=185)\n"}
,{"stream_name":"stdout","time":3825.990852778,"data":"  [44b6_267148e4] FINAL: 22280 nodes, 21359 edges\n"}
,{"stream_name":"stdout","time":3876.883068536,"data":"  [44b6_2a2eff9f] after edge-filter+motion-relink: 40951 nodes, 38456 edges\n"}
,{"stream_name":"stdout","time":3884.973682598,"data":"  [44b6_2a2eff9f] after gap-closing (single-frame + gap2): 41483 nodes, 39444 edges\n"}
,{"stream_name":"stdout","time":3892.536748613,"data":"  [44b6_2a2eff9f] after safe-division repair: 41483 nodes, 39474 edges (geometric_candidates=295, deepcenter_rejected=265, post_veto_candidates=30, added=30, cap_skipped=0, mutual_nn_rejected=74, divergence_rejected=1652)\n"}
,{"stream_name":"stdout","time":3892.536791769,"data":"  [44b6_2a2eff9f] after division-geometry-filter+prune-isolated: 41480 nodes, 39474 edges\n"}
,{"stream_name":"stdout","time":3892.536820391,"data":"  [44b6_2a2eff9f] after short-track filtering: 40175 nodes, 38463 edges (components_removed=294)\n"}
,{"stream_name":"stdout","time":3900.506916455,"data":"  [44b6_2a2eff9f] FINAL: 40175 nodes, 38463 edges\n"}
,{"stream_name":"stdout","time":3903.183066322,"data":"  [44b6_341df25f] after edge-filter+motion-relink: 8525 nodes, 8213 edges\n"}
,{"stream_name":"stdout","time":3904.444289697,"data":"  [44b6_341df25f] after gap-closing (single-frame + gap2): 8571 nodes, 8293 edges\n"}
,{"stream_name":"stdout","time":3907.139728488,"data":"  [44b6_341df25f] after safe-division repair: 8571 nodes, 8304 edges (geometric_candidates=36, deepcenter_rejected=23, post_veto_candidates=13, added=11, cap_skipped=0, mutual_nn_rejected=3, divergence_rejected=137)\n"}
,{"stream_name":"stdout","time":3907.139761253,"data":"  [44b6_341df25f] after division-geometry-filter+prune-isolated: 8571 nodes, 8304 edges\n"}
,{"stream_name":"stdout","time":3907.139776078,"data":"  [44b6_341df25f] after short-track filtering: 8419 nodes, 8185 edges (components_removed=33)\n"}
,{"stream_name":"stdout","time":3908.724226592,"data":"  [44b6_341df25f] FINAL: 8419 nodes, 8185 edges\n"}
,{"stream_name":"stdout","time":3910.020893731,"data":"  [6bba_062c8d37] after edge-filter+motion-relink: 5995 nodes, 5645 edges\n"}
,{"stream_name":"stdout","time":3910.763638335,"data":"  [6bba_062c8d37] after gap-closing (single-frame + gap2): 6045 nodes, 5738 edges\n"}
,{"stream_name":"stdout","time":3912.010313514,"data":"  [6bba_062c8d37] after safe-division repair: 6045 nodes, 5742 edges (geometric_candidates=15, deepcenter_rejected=11, post_veto_candidates=4, added=4, cap_skipped=0, mutual_nn_rejected=3, divergence_rejected=66)\n"}
,{"stream_name":"stdout","time":3912.010341596,"data":"  [6bba_062c8d37] after division-geometry-filter+prune-isolated: 6020 nodes, 5742 edges\n"}
,{"stream_name":"stdout","time":3912.010347771,"data":"  [6bba_062c8d37] after short-track filtering: 5851 nodes, 5618 edges (components_removed=45)\n"}
,{"stream_name":"stdout","time":3913.179451373,"data":"  [6bba_062c8d37] FINAL: 5851 nodes, 5618 edges\n"}
,{"stream_name":"stdout","time":3940.207901331,"data":"  [6bba_07e24132] after edge-filter+motion-relink: 29760 nodes, 28221 edges\n"}
,{"stream_name":"stdout","time":3945.848390432,"data":"  [6bba_07e24132] after gap-closing (single-frame + gap2): 30097 nodes, 28837 edges\n"}
,{"stream_name":"stdout","time":3950.671179343,"data":"  [6bba_07e24132] after safe-division repair: 30097 nodes, 28842 edges (geometric_candidates=116, deepcenter_rejected=110, post_veto_candidates=6, added=5, cap_skipped=0, mutual_nn_rejected=73, divergence_rejected=1010)\n"}
,{"stream_name":"stdout","time":3950.671225753,"data":"  [6bba_07e24132] after division-geometry-filter+prune-isolated: 30090 nodes, 28842 edges\n"}
,{"stream_name":"stdout","time":3950.671253715,"data":"  [6bba_07e24132] after short-track filtering: 29219 nodes, 28173 edges (components_removed=202)\n"}
,{"stream_name":"stdout","time":3956.334630414,"data":"  [6bba_07e24132] FINAL: 29219 nodes, 28173 edges\n"}
,{"stream_name":"stdout","time":3958.856767682,"data":"  [6bba_085bf656] after edge-filter+motion-relink: 8422 nodes, 8097 edges\n"}
,{"stream_name":"stdout","time":3959.450501942,"data":"  [6bba_085bf656] after gap-closing (single-frame + gap2): 8443 nodes, 8136 edges\n"}
,{"stream_name":"stdout","time":3961.160306382,"data":"  [6bba_085bf656] after safe-division repair: 8443 nodes, 8139 edges (geometric_candidates=21, deepcenter_rejected=18, post_veto_candidates=3, added=3, cap_skipped=0, mutual_nn_rejected=4, divergence_rejected=102)\n"}
,{"stream_name":"stdout","time":3961.160345703,"data":"  [6bba_085bf656] after division-geometry-filter+prune-isolated: 8440 nodes, 8139 edges\n"}
,{"stream_name":"stdout","time":3961.160351578,"data":"  [6bba_085bf656] after short-track filtering: 8305 nodes, 8034 edges (components_removed=30)\n"}
,{"stream_name":"stdout","time":3962.762847655,"data":"  [6bba_085bf656] FINAL: 8305 nodes, 8034 edges\n"}
,{"stream_name":"stdout","time":3989.942865183,"data":"  [6bba_09961292] after edge-filter+motion-relink: 29961 nodes, 28819 edges\n"}
,{"stream_name":"stdout","time":3994.551134785,"data":"  [6bba_09961292] after gap-closing (single-frame + gap2): 30179 nodes, 29216 edges\n"}
,{"stream_name":"stdout","time":3998.567046481,"data":"  [6bba_09961292] after safe-division repair: 30179 nodes, 29240 edges (geometric_candidates=94, deepcenter_rejected=65, post_veto_candidates=29, added=24, cap_skipped=0, mutual_nn_rejected=72, divergence_rejected=992)\n"}
,{"stream_name":"stdout","time":3998.567089993,"data":"  [6bba_09961292] after division-geometry-filter+prune-isolated: 30173 nodes, 29240 edges\n"}
,{"stream_name":"stdout","time":3998.567098079,"data":"  [6bba_09961292] after short-track filtering: 29748 nodes, 28916 edges (components_removed=101)\n"}
,{"stream_name":"stdout","time":4004.52453145,"data":"  [6bba_09961292] FINAL: 29748 nodes, 28916 edges\n"}
,{"stream_name":"stdout","time":4004.806733684,"data":"[bonus125] n=8 adjusted_edge_jaccard=0.9261 division_jaccard=0.2308 (tp/fp/fn=3/1/9) PROXY_SCORE=0.9492  [4.9 min]\n"}
,{"stream_name":"stdout","time":4066.584598777,"data":"  [44b6_12dfb391] after edge-filter+motion-relink: 45360 nodes, 43055 edges\n"}
,{"stream_name":"stdout","time":4073.602466123,"data":"  [44b6_12dfb391] after gap-closing (single-frame + gap2): 46016 nodes, 44296 edges\n"}
,{"stream_name":"stdout","time":4080.195362292,"data":"  [44b6_12dfb391] after safe-division repair: 46016 nodes, 44316 edges (geometric_candidates=147, deepcenter_rejected=127, post_veto_candidates=20, added=20, cap_skipped=0, mutual_nn_rejected=62, divergence_rejected=1557)\n"}
,{"stream_name":"stdout","time":4080.195409362,"data":"  [44b6_12dfb391] after division-geometry-filter+prune-isolated: 46014 nodes, 44316 edges\n"}
,{"stream_name":"stdout","time":4080.195414437,"data":"  [44b6_12dfb391] after short-track filtering: 44958 nodes, 43498 edges (components_removed=238)\n"}
,{"stream_name":"stdout","time":4088.901978207,"data":"  [44b6_12dfb391] FINAL: 44958 nodes, 43498 edges\n"}
,{"stream_name":"stdout","time":4105.943343074,"data":"  [44b6_267148e4] after edge-filter+motion-relink: 22857 nodes, 21465 edges\n"}
,{"stream_name":"stdout","time":4111.255510522,"data":"  [44b6_267148e4] after gap-closing (single-frame + gap2): 23105 nodes, 21915 edges\n"}
,{"stream_name":"stdout","time":4117.203194742,"data":"  [44b6_267148e4] after safe-division repair: 23105 nodes, 21934 edges (geometric_candidates=206, deepcenter_rejected=181, post_veto_candidates=25, added=19, cap_skipped=0, mutual_nn_rejected=128, divergence_rejected=1069)\n"}
,{"stream_name":"stdout","time":4117.203254107,"data":"  [44b6_267148e4] after division-geometry-filter+prune-isolated: 23044 nodes, 21934 edges\n"}
,{"stream_name":"stdout","time":4117.203261002,"data":"  [44b6_267148e4] after short-track filtering: 22298 nodes, 21369 edges (components_removed=181)\n"}
,{"stream_name":"stdout","time":4121.666588154,"data":"  [44b6_267148e4] FINAL: 22298 nodes, 21369 edges\n"}
,{"stream_name":"stdout","time":4172.214427009,"data":"  [44b6_2a2eff9f] after edge-filter+motion-relink: 40951 nodes, 38456 edges\n"}
,{"stream_name":"stdout","time":4179.903592096,"data":"  [44b6_2a2eff9f] after gap-closing (single-frame + gap2): 41479 nodes, 39437 edges\n"}
,{"stream_name":"stdout","time":4187.424399725,"data":"  [44b6_2a2eff9f] after safe-division repair: 41479 nodes, 39467 edges (geometric_candidates=296, deepcenter_rejected=266, post_veto_candidates=30, added=30, cap_skipped=0, mutual_nn_rejected=74, divergence_rejected=1656)\n"}
,{"stream_name":"stdout","time":4187.424442606,"data":"  [44b6_2a2eff9f] after division-geometry-filter+prune-isolated: 41476 nodes, 39467 edges\n"}
,{"stream_name":"stdout","time":4187.424447223,"data":"  [44b6_2a2eff9f] after short-track filtering: 40163 nodes, 38450 edges (components_removed=296)\n"}
,{"stream_name":"stdout","time":4195.426095462,"data":"  [44b6_2a2eff9f] FINAL: 40163 nodes, 38450 edges\n"}
,{"stream_name":"stdout","time":4198.004564512,"data":"  [44b6_341df25f] after edge-filter+motion-relink: 8525 nodes, 8213 edges\n"}
,{"stream_name":"stdout","time":4199.205433388,"data":"  [44b6_341df25f] after gap-closing (single-frame + gap2): 8571 nodes, 8293 edges\n"}
,{"stream_name":"stdout","time":4201.836590938,"data":"  [44b6_341df25f] after safe-division repair: 8571 nodes, 8304 edges (geometric_candidates=36, deepcenter_rejected=23, post_veto_candidates=13, added=11, cap_skipped=0, mutual_nn_rejected=3, divergence_rejected=137)\n"}
,{"stream_name":"stdout","time":4201.83662672,"data":"  [44b6_341df25f] after division-geometry-filter+prune-isolated: 8571 nodes, 8304 edges\n"}
,{"stream_name":"stdout","time":4201.836633871,"data":"  [44b6_341df25f] after short-track filtering: 8419 nodes, 8185 edges (components_removed=33)\n"}
,{"stream_name":"stdout","time":4203.610653819,"data":"  [44b6_341df25f] FINAL: 8419 nodes, 8185 edges\n"}
,{"stream_name":"stdout","time":4204.864926731,"data":"  [6bba_062c8d37] after edge-filter+motion-relink: 5995 nodes, 5645 edges\n"}
,{"stream_name":"stdout","time":4205.603466728,"data":"  [6bba_062c8d37] after gap-closing (single-frame + gap2): 6045 nodes, 5738 edges\n"}
,{"stream_name":"stdout","time":4206.815171176,"data":"  [6bba_062c8d37] after safe-division repair: 6045 nodes, 5742 edges (geometric_candidates=15, deepcenter_rejected=11, post_veto_candidates=4, added=4, cap_skipped=0, mutual_nn_rejected=3, divergence_rejected=66)\n"}
,{"stream_name":"stdout","time":4206.815214388,"data":"  [6bba_062c8d37] after division-geometry-filter+prune-isolated: 6020 nodes, 5742 edges\n"}
,{"stream_name":"stdout","time":4206.815230532,"data":"  [6bba_062c8d37] after short-track filtering: 5851 nodes, 5618 edges (components_removed=45)\n"}
,{"stream_name":"stdout","time":4207.932231386,"data":"  [6bba_062c8d37] FINAL: 5851 nodes, 5618 edges\n"}
,{"stream_name":"stdout","time":4235.192506889,"data":"  [6bba_07e24132] after edge-filter+motion-relink: 29760 nodes, 28221 edges\n"}
,{"stream_name":"stdout","time":4240.782507711,"data":"  [6bba_07e24132] after gap-closing (single-frame + gap2): 30098 nodes, 28839 edges\n"}
,{"stream_name":"stdout","time":4245.593448346,"data":"  [6bba_07e24132] after safe-division repair: 30098 nodes, 28843 edges (geometric_candidates=115, deepcenter_rejected=110, post_veto_candidates=5, added=4, cap_skipped=0, mutual_nn_rejected=69, divergence_rejected=1012)\n"}
,{"stream_name":"stdout","time":4245.593508182,"data":"  [6bba_07e24132] after division-geometry-filter+prune-isolated: 30090 nodes, 28843 edges\n"}
,{"stream_name":"stdout","time":4245.593515848,"data":"  [6bba_07e24132] after short-track filtering: 29209 nodes, 28166 edges (components_removed=204)\n"}
,{"stream_name":"stdout","time":4251.286569533,"data":"  [6bba_07e24132] FINAL: 29209 nodes, 28166 edges\n"}
,{"stream_name":"stdout","time":4253.855978837,"data":"  [6bba_085bf656] after edge-filter+motion-relink: 8422 nodes, 8097 edges\n"}
,{"stream_name":"stdout","time":4254.484594727,"data":"  [6bba_085bf656] after gap-closing (single-frame + gap2): 8443 nodes, 8136 edges\n"}
,{"stream_name":"stdout","time":4256.196389796,"data":"  [6bba_085bf656] after safe-division repair: 8443 nodes, 8139 edges (geometric_candidates=21, deepcenter_rejected=18, post_veto_candidates=3, added=3, cap_skipped=0, mutual_nn_rejected=4, divergence_rejected=102)\n"}
,{"stream_name":"stdout","time":4256.196429882,"data":"  [6bba_085bf656] after division-geometry-filter+prune-isolated: 8440 nodes, 8139 edges\n"}
,{"stream_name":"stdout","time":4256.19643564,"data":"  [6bba_085bf656] after short-track filtering: 8305 nodes, 8034 edges (components_removed=30)\n"}
,{"stream_name":"stdout","time":4257.830382305,"data":"  [6bba_085bf656] FINAL: 8305 nodes, 8034 edges\n"}
,{"stream_name":"stdout","time":4285.264870827,"data":"  [6bba_09961292] after edge-filter+motion-relink: 29961 nodes, 28819 edges\n"}
,{"stream_name":"stdout","time":4289.955537828,"data":"  [6bba_09961292] after gap-closing (single-frame + gap2): 30179 nodes, 29216 edges\n"}
,{"stream_name":"stdout","time":4294.037838543,"data":"  [6bba_09961292] after safe-division repair: 30179 nodes, 29240 edges (geometric_candidates=94, deepcenter_rejected=65, post_veto_candidates=29, added=24, cap_skipped=0, mutual_nn_rejected=73, divergence_rejected=992)\n"}
,{"stream_name":"stdout","time":4294.037883137,"data":"  [6bba_09961292] after division-geometry-filter+prune-isolated: 30173 nodes, 29240 edges\n"}
,{"stream_name":"stdout","time":4294.037890959,"data":"  [6bba_09961292] after short-track filtering: 29756 nodes, 28922 edges (components_removed=99)\n"}
,{"stream_name":"stdout","time":4299.794539608,"data":"  [6bba_09961292] FINAL: 29756 nodes, 28922 edges\n"}
,{"stream_name":"stdout","time":4299.794585018,"data":"[gap2step40] n=8 adjusted_edge_jaccard=0.9261 division_jaccard=0.2308 (tp/fp/fn=3/1/9) PROXY_SCORE=0.9492  [4.9 min]\n"}
,{"stream_name":"stdout","time":4361.916388072,"data":"  [44b6_12dfb391] after edge-filter+motion-relink: 45360 nodes, 43055 edges\n"}
,{"stream_name":"stdout","time":4369.278913491,"data":"  [44b6_12dfb391] after gap-closing (single-frame + gap2): 46016 nodes, 44296 edges\n"}
,{"stream_name":"stdout","time":4376.12546684,"data":"  [44b6_12dfb391] after safe-division repair: 46016 nodes, 44316 edges (geometric_candidates=147, deepcenter_rejected=127, post_veto_candidates=20, added=20, cap_skipped=0, mutual_nn_rejected=62, divergence_rejected=1557)\n"}
,{"stream_name":"stdout","time":4376.125512695,"data":"  [44b6_12dfb391] after division-geometry-filter+prune-isolated: 46014 nodes, 44316 edges\n"}
,{"stream_name":"stdout","time":4376.125518398,"data":"  [44b6_12dfb391] after short-track filtering: 44958 nodes, 43498 edges (components_removed=238)\n"}
,{"stream_name":"stdout","time":4384.854335387,"data":"  [44b6_12dfb391] FINAL: 44958 nodes, 43498 edges\n"}
,{"stream_name":"stdout","time":4401.781231488,"data":"  [44b6_267148e4] after edge-filter+motion-relink: 22857 nodes, 21465 edges\n"}
,{"stream_name":"stdout","time":4407.142127117,"data":"  [44b6_267148e4] after gap-closing (single-frame + gap2): 23105 nodes, 21915 edges\n"}
,{"stream_name":"stdout","time":4412.985825286,"data":"  [44b6_267148e4] after safe-division repair: 23105 nodes, 21934 edges (geometric_candidates=206, deepcenter_rejected=181, post_veto_candidates=25, added=19, cap_skipped=0, mutual_nn_rejected=128, divergence_rejected=1069)\n"}
,{"stream_name":"stdout","time":4412.98586851,"data":"  [44b6_267148e4] after division-geometry-filter+prune-isolated: 23044 nodes, 21934 edges\n"}
,{"stream_name":"stdout","time":4412.985876166,"data":"  [44b6_267148e4] after short-track filtering: 22298 nodes, 21369 edges (components_removed=181)\n"}
,{"stream_name":"stdout","time":4417.277719896,"data":"  [44b6_267148e4] FINAL: 22298 nodes, 21369 edges\n"}
,{"stream_name":"stdout","time":4468.026787116,"data":"  [44b6_2a2eff9f] after edge-filter+motion-relink: 40951 nodes, 38456 edges\n"}
,{"stream_name":"stdout","time":4475.855646788,"data":"  [44b6_2a2eff9f] after gap-closing (single-frame + gap2): 41479 nodes, 39437 edges\n"}
,{"stream_name":"stdout","time":4483.422832386,"data":"  [44b6_2a2eff9f] after safe-division repair: 41479 nodes, 39467 edges (geometric_candidates=296, deepcenter_rejected=266, post_veto_candidates=30, added=30, cap_skipped=0, mutual_nn_rejected=74, divergence_rejected=1656)\n"}
,{"stream_name":"stdout","time":4483.422897431,"data":"  [44b6_2a2eff9f] after division-geometry-filter+prune-isolated: 41476 nodes, 39467 edges\n"}
,{"stream_name":"stdout","time":4483.422904748,"data":"  [44b6_2a2eff9f] after short-track filtering: 40163 nodes, 38450 edges (components_removed=296)\n"}
,{"stream_name":"stdout","time":4491.244078285,"data":"  [44b6_2a2eff9f] FINAL: 40163 nodes, 38450 edges\n"}
,{"stream_name":"stdout","time":4493.85894688,"data":"  [44b6_341df25f] after edge-filter+motion-relink: 8525 nodes, 8213 edges\n"}
,{"stream_name":"stdout","time":4495.062980043,"data":"  [44b6_341df25f] after gap-closing (single-frame + gap2): 8571 nodes, 8293 edges\n"}
,{"stream_name":"stdout","time":4497.662221942,"data":"  [44b6_341df25f] after safe-division repair: 8571 nodes, 8304 edges (geometric_candidates=36, deepcenter_rejected=23, post_veto_candidates=13, added=11, cap_skipped=0, mutual_nn_rejected=3, divergence_rejected=137)\n"}
,{"stream_name":"stdout","time":4497.662270214,"data":"  [44b6_341df25f] after division-geometry-filter+prune-isolated: 8571 nodes, 8304 edges\n"}
,{"stream_name":"stdout","time":4497.662277644,"data":"  [44b6_341df25f] after short-track filtering: 8419 nodes, 8185 edges (components_removed=33)\n"}
,{"stream_name":"stdout","time":4499.333305562,"data":"  [44b6_341df25f] FINAL: 8419 nodes, 8185 edges\n"}
,{"stream_name":"stdout","time":4500.537095346,"data":"  [6bba_062c8d37] after edge-filter+motion-relink: 5995 nodes, 5645 edges\n"}
,{"stream_name":"stdout","time":4501.272385854,"data":"  [6bba_062c8d37] after gap-closing (single-frame + gap2): 6045 nodes, 5738 edges\n"}
,{"stream_name":"stdout","time":4502.520542279,"data":"  [6bba_062c8d37] after safe-division repair: 6045 nodes, 5742 edges (geometric_candidates=15, deepcenter_rejected=11, post_veto_candidates=4, added=4, cap_skipped=0, mutual_nn_rejected=3, divergence_rejected=66)\n"}
,{"stream_name":"stdout","time":4502.52058204,"data":"  [6bba_062c8d37] after division-geometry-filter+prune-isolated: 6020 nodes, 5742 edges\n"}
,{"stream_name":"stdout","time":4502.520589201,"data":"  [6bba_062c8d37] after short-track filtering: 5851 nodes, 5618 edges (components_removed=45)\n"}
,{"stream_name":"stdout","time":4503.633528299,"data":"  [6bba_062c8d37] FINAL: 5851 nodes, 5618 edges\n"}
,{"stream_name":"stdout","time":4530.448681001,"data":"  [6bba_07e24132] after edge-filter+motion-relink: 29760 nodes, 28221 edges\n"}
,{"stream_name":"stdout","time":4536.099693382,"data":"  [6bba_07e24132] after gap-closing (single-frame + gap2): 30098 nodes, 28839 edges\n"}
,{"stream_name":"stdout","time":4540.822866419,"data":"  [6bba_07e24132] after safe-division repair: 30098 nodes, 28843 edges (geometric_candidates=115, deepcenter_rejected=110, post_veto_candidates=5, added=4, cap_skipped=0, mutual_nn_rejected=69, divergence_rejected=1012)\n"}
,{"stream_name":"stdout","time":4540.822908516,"data":"  [6bba_07e24132] after division-geometry-filter+prune-isolated: 30090 nodes, 28843 edges\n"}
,{"stream_name":"stdout","time":4540.822913254,"data":"  [6bba_07e24132] after short-track filtering: 29209 nodes, 28166 edges (components_removed=204)\n"}
,{"stream_name":"stdout","time":4546.330382342,"data":"  [6bba_07e24132] FINAL: 29209 nodes, 28166 edges\n"}
,{"stream_name":"stdout","time":4548.83228564,"data":"  [6bba_085bf656] after edge-filter+motion-relink: 8422 nodes, 8097 edges\n"}
,{"stream_name":"stdout","time":4549.410412865,"data":"  [6bba_085bf656] after gap-closing (single-frame + gap2): 8443 nodes, 8136 edges\n"}
,{"stream_name":"stdout","time":4551.133636744,"data":"  [6bba_085bf656] after safe-division repair: 8443 nodes, 8139 edges (geometric_candidates=21, deepcenter_rejected=18, post_veto_candidates=3, added=3, cap_skipped=0, mutual_nn_rejected=4, divergence_rejected=102)\n"}
,{"stream_name":"stdout","time":4551.133676313,"data":"  [6bba_085bf656] after division-geometry-filter+prune-isolated: 8440 nodes, 8139 edges\n"}
,{"stream_name":"stdout","time":4551.133682844,"data":"  [6bba_085bf656] after short-track filtering: 8305 nodes, 8034 edges (components_removed=30)\n"}
,{"stream_name":"stdout","time":4552.751494675,"data":"  [6bba_085bf656] FINAL: 8305 nodes, 8034 edges\n"}
,{"stream_name":"stdout","time":4579.933081327,"data":"  [6bba_09961292] after edge-filter+motion-relink: 29961 nodes, 28819 edges\n"}
,{"stream_name":"stdout","time":4584.630725023,"data":"  [6bba_09961292] after gap-closing (single-frame + gap2): 30179 nodes, 29216 edges\n"}
,{"stream_name":"stdout","time":4588.622016696,"data":"  [6bba_09961292] after safe-division repair: 30179 nodes, 29240 edges (geometric_candidates=94, deepcenter_rejected=65, post_veto_candidates=29, added=24, cap_skipped=0, mutual_nn_rejected=73, divergence_rejected=992)\n"}
,{"stream_name":"stdout","time":4588.622062038,"data":"  [6bba_09961292] after division-geometry-filter+prune-isolated: 30173 nodes, 29240 edges\n"}
,{"stream_name":"stdout","time":4588.62207219,"data":"  [6bba_09961292] after short-track filtering: 29756 nodes, 28922 edges (components_removed=99)\n"}
,{"stream_name":"stdout","time":4594.289608301,"data":"  [6bba_09961292] FINAL: 29756 nodes, 28922 edges\n"}
,{"stream_name":"stdout","time":4594.289657583,"data":"[reuse28] n=8 adjusted_edge_jaccard=0.9261 division_jaccard=0.2308 (tp/fp/fn=3/1/9) PROXY_SCORE=0.9492  [4.9 min]\n"}
,{"stream_name":"stdout","time":4655.993060354,"data":"  [44b6_12dfb391] after edge-filter+motion-relink: 45360 nodes, 43055 edges\n"}
,{"stream_name":"stdout","time":4663.616580424,"data":"  [44b6_12dfb391] after gap-closing (single-frame + gap2): 46002 nodes, 44267 edges\n"}
,{"stream_name":"stdout","time":4670.36410773,"data":"  [44b6_12dfb391] after safe-division repair: 46002 nodes, 44288 edges (geometric_candidates=150, deepcenter_rejected=129, post_veto_candidates=21, added=21, cap_skipped=0, mutual_nn_rejected=62, divergence_rejected=1574)\n"}
,{"stream_name":"stdout","time":4670.364154739,"data":"  [44b6_12dfb391] after division-geometry-filter+prune-isolated: 46000 nodes, 44288 edges\n"}
,{"stream_name":"stdout","time":4670.364162368,"data":"  [44b6_12dfb391] after short-track filtering: 44922 nodes, 43453 edges (components_removed=243)\n"}
,{"stream_name":"stdout","time":4679.052777411,"data":"  [44b6_12dfb391] FINAL: 44922 nodes, 43453 edges\n"}
,{"stream_name":"stdout","time":4696.016400636,"data":"  [44b6_267148e4] after edge-filter+motion-relink: 22857 nodes, 21465 edges\n"}
,{"stream_name":"stdout","time":4702.027376101,"data":"  [44b6_267148e4] after gap-closing (single-frame + gap2): 23098 nodes, 21901 edges\n"}
,{"stream_name":"stdout","time":4707.928441552,"data":"  [44b6_267148e4] after safe-division repair: 23098 nodes, 21920 edges (geometric_candidates=208, deepcenter_rejected=183, post_veto_candidates=25, added=19, cap_skipped=0, mutual_nn_rejected=129, divergence_rejected=1078)\n"}
,{"stream_name":"stdout","time":4707.928488239,"data":"  [44b6_267148e4] after division-geometry-filter+prune-isolated: 23036 nodes, 21920 edges\n"}
,{"stream_name":"stdout","time":4707.928495837,"data":"  [44b6_267148e4] after short-track filtering: 22281 nodes, 21348 edges (components_removed=183)\n"}
,{"stream_name":"stdout","time":4712.104891567,"data":"  [44b6_267148e4] FINAL: 22281 nodes, 21348 edges\n"}
,{"stream_name":"stdout","time":4762.827051351,"data":"  [44b6_2a2eff9f] after edge-filter+motion-relink: 40951 nodes, 38456 edges\n"}
,{"stream_name":"stdout","time":4770.561916666,"data":"  [44b6_2a2eff9f] after gap-closing (single-frame + gap2): 41464 nodes, 39407 edges\n"}
,{"stream_name":"stdout","time":4778.020492261,"data":"  [44b6_2a2eff9f] after safe-division repair: 41464 nodes, 39438 edges (geometric_candidates=300, deepcenter_rejected=269, post_veto_candidates=31, added=31, cap_skipped=0, mutual_nn_rejected=75, divergence_rejected=1677)\n"}
,{"stream_name":"stdout","time":4778.020540195,"data":"  [44b6_2a2eff9f] after division-geometry-filter+prune-isolated: 41461 nodes, 39438 edges\n"}
,{"stream_name":"stdout","time":4778.020548503,"data":"  [44b6_2a2eff9f] after short-track filtering: 40125 nodes, 38403 edges (components_removed=301)\n"}
,{"stream_name":"stdout","time":4785.729913538,"data":"  [44b6_2a2eff9f] FINAL: 40125 nodes, 38403 edges\n"}
,{"stream_name":"stdout","time":4788.313643861,"data":"  [44b6_341df25f] after edge-filter+motion-relink: 8525 nodes, 8213 edges\n"}
,{"stream_name":"stdout","time":4789.498666125,"data":"  [44b6_341df25f] after gap-closing (single-frame + gap2): 8571 nodes, 8293 edges\n"}
,{"stream_name":"stdout","time":4792.126417387,"data":"  [44b6_341df25f] after safe-division repair: 8571 nodes, 8304 edges (geometric_candidates=36, deepcenter_rejected=23, post_veto_candidates=13, added=11, cap_skipped=0, mutual_nn_rejected=3, divergence_rejected=137)\n"}
,{"stream_name":"stdout","time":4792.126477875,"data":"  [44b6_341df25f] after division-geometry-filter+prune-isolated: 8571 nodes, 8304 edges\n"}
,{"stream_name":"stdout","time":4792.126485159,"data":"  [44b6_341df25f] after short-track filtering: 8419 nodes, 8185 edges (components_removed=33)\n"}
,{"stream_name":"stdout","time":4793.851353855,"data":"  [44b6_341df25f] FINAL: 8419 nodes, 8185 edges\n"}
,{"stream_name":"stdout","time":4795.087758595,"data":"  [6bba_062c8d37] after edge-filter+motion-relink: 5995 nodes, 5645 edges\n"}
,{"stream_name":"stdout","time":4795.824093492,"data":"  [6bba_062c8d37] after gap-closing (single-frame + gap2): 6045 nodes, 5738 edges\n"}
,{"stream_name":"stdout","time":4797.070217899,"data":"  [6bba_062c8d37] after safe-division repair: 6045 nodes, 5742 edges (geometric_candidates=15, deepcenter_rejected=11, post_veto_candidates=4, added=4, cap_skipped=0, mutual_nn_rejected=3, divergence_rejected=66)\n"}
,{"stream_name":"stdout","time":4797.070255422,"data":"  [6bba_062c8d37] after division-geometry-filter+prune-isolated: 6020 nodes, 5742 edges\n"}
,{"stream_name":"stdout","time":4797.070261327,"data":"  [6bba_062c8d37] after short-track filtering: 5851 nodes, 5618 edges (components_removed=45)\n"}
,{"stream_name":"stdout","time":4798.184828698,"data":"  [6bba_062c8d37] FINAL: 5851 nodes, 5618 edges\n"}
,{"stream_name":"stdout","time":4825.142478168,"data":"  [6bba_07e24132] after edge-filter+motion-relink: 29760 nodes, 28221 edges\n"}
,{"stream_name":"stdout","time":4830.917604526,"data":"  [6bba_07e24132] after gap-closing (single-frame + gap2): 30097 nodes, 28837 edges\n"}
,{"stream_name":"stdout","time":4835.527724169,"data":"  [6bba_07e24132] after safe-division repair: 30097 nodes, 28841 edges (geometric_candidates=115, deepcenter_rejected=110, post_veto_candidates=5, added=4, cap_skipped=0, mutual_nn_rejected=69, divergence_rejected=1012)\n"}
,{"stream_name":"stdout","time":4835.527780795,"data":"  [6bba_07e24132] after division-geometry-filter+prune-isolated: 30089 nodes, 28841 edges\n"}
,{"stream_name":"stdout","time":4835.527787803,"data":"  [6bba_07e24132] after short-track filtering: 29208 nodes, 28164 edges (components_removed=204)\n"}
,{"stream_name":"stdout","time":4841.050031816,"data":"  [6bba_07e24132] FINAL: 29208 nodes, 28164 edges\n"}
,{"stream_name":"stdout","time":4843.61820608,"data":"  [6bba_085bf656] after edge-filter+motion-relink: 8422 nodes, 8097 edges\n"}
,{"stream_name":"stdout","time":4844.205470655,"data":"  [6bba_085bf656] after gap-closing (single-frame + gap2): 8443 nodes, 8136 edges\n"}
,{"stream_name":"stdout","time":4845.83926024,"data":"  [6bba_085bf656] after safe-division repair: 8443 nodes, 8139 edges (geometric_candidates=21, deepcenter_rejected=18, post_veto_candidates=3, added=3, cap_skipped=0, mutual_nn_rejected=4, divergence_rejected=102)\n"}
,{"stream_name":"stdout","time":4845.83930551,"data":"  [6bba_085bf656] after division-geometry-filter+prune-isolated: 8440 nodes, 8139 edges\n"}
,{"stream_name":"stdout","time":4845.839311231,"data":"  [6bba_085bf656] after short-track filtering: 8305 nodes, 8034 edges (components_removed=30)\n"}
,{"stream_name":"stdout","time":4847.376306438,"data":"  [6bba_085bf656] FINAL: 8305 nodes, 8034 edges\n"}
,{"stream_name":"stdout","time":4874.715427006,"data":"  [6bba_09961292] after edge-filter+motion-relink: 29961 nodes, 28819 edges\n"}
,{"stream_name":"stdout","time":4879.389038811,"data":"  [6bba_09961292] after gap-closing (single-frame + gap2): 30174 nodes, 29206 edges\n"}
,{"stream_name":"stdout","time":4883.444152952,"data":"  [6bba_09961292] after safe-division repair: 30174 nodes, 29230 edges (geometric_candidates=94, deepcenter_rejected=65, post_veto_candidates=29, added=24, cap_skipped=0, mutual_nn_rejected=73, divergence_rejected=1002)\n"}
,{"stream_name":"stdout","time":4883.444202478,"data":"  [6bba_09961292] after division-geometry-filter+prune-isolated: 30168 nodes, 29230 edges\n"}
,{"stream_name":"stdout","time":4883.444222156,"data":"  [6bba_09961292] after short-track filtering: 29749 nodes, 28911 edges (components_removed=100)\n"}
,{"stream_name":"stdout","time":4889.12856508,"data":"  [6bba_09961292] FINAL: 29749 nodes, 28911 edges\n"}
,{"stream_name":"stdout","time":4889.428489498,"data":"[dcgap035] n=8 adjusted_edge_jaccard=0.9261 division_jaccard=0.2308 (tp/fp/fn=3/1/9) PROXY_SCORE=0.9492  [4.9 min]\n"}
,{"stream_name":"stdout","time":4889.428528864,"data":"\n"}
,{"stream_name":"stdout","time":4889.428539511,"data":"==============================================================================\n"}
,{"stream_name":"stdout","time":4889.428543165,"data":"SWEEP TABLE (sorted by PROXY_SCORE)\n"}
,{"stream_name":"stdout","time":4889.428546313,"data":"==============================================================================\n"}
,{"stream_name":"stdout","time":4889.428549514,"data":"  tight55                                  proxy=0.9512 (+0.0021)  adj=0.9282  divJ=0.2308 (tp/fp/fn=3/1/9)\n"}
,{"stream_name":"stdout","time":4889.428552819,"data":"  dcgap035                                 proxy=0.9492 (+0.0000)  adj=0.9261  divJ=0.2308 (tp/fp/fn=3/1/9)\n"}
,{"stream_name":"stdout","time":4889.428556159,"data":"  gap45                                    proxy=0.9492 (+0.0000)  adj=0.9261  divJ=0.2308 (tp/fp/fn=3/1/9)\n"}
,{"stream_name":"stdout","time":4889.428574227,"data":"  bonus125                                 proxy=0.9492 (+0.0000)  adj=0.9261  divJ=0.2308 (tp/fp/fn=3/1/9)\n"}
,{"stream_name":"stdout","time":4889.428576868,"data":"  base                                     proxy=0.9492 (+0.0000)  adj=0.9261  divJ=0.2308 (tp/fp/fn=3/1/9)\n"}
,{"stream_name":"stdout","time":4889.428579151,"data":"  gap2step40                               proxy=0.9492 (+0.0000)  adj=0.9261  divJ=0.2308 (tp/fp/fn=3/1/9)\n"}
,{"stream_name":"stdout","time":4889.4285815,"data":"  reuse28                                  proxy=0.9492 (+0.0000)  adj=0.9261  divJ=0.2308 (tp/fp/fn=3/1/9)\n"}
,{"stream_name":"stdout","time":4889.428583781,"data":"  relaxed9                                 proxy=0.9482 (-0.0010)  adj=0.9268  divJ=0.2143 (tp/fp/fn=3/2/9)\n"}
,{"stream_name":"stdout","time":4889.428586076,"data":"\n"}
,{"stream_name":"stdout","time":4889.428588244,"data":"SELECTED: tight55  overrides={'MOTION_RELINK_TIGHT_UM': 5.5}  (margin rule: \u003e= +0.001 proxy and adj loss \u003c= 0.0005)\n"}
,{"stream_name":"stdout","time":4889.42859117,"data":"  base     proxy=0.9492 adj=0.9261 divJ=0.2308\n"}
,{"stream_name":"stdout","time":4889.428593481,"data":"  selected proxy=0.9512 adj=0.9282 divJ=0.2308\n"}
,{"stream_name":"stdout","time":4889.428595737,"data":"\n"}
,{"stream_name":"stdout","time":4889.428597846,"data":"Re-writing submission.csv with the selected post-process configuration: tight55\n"}
,{"stream_name":"stdout","time":4889.428600128,"data":"Found 4 prediction graphs\n"}
,{"stream_name":"stdout","time":4910.289598802,"data":"  [44b6_0113de3b] after edge-filter+motion-relink: 25821 nodes, 24949 edges\n"}
,{"stream_name":"stdout","time":4912.260610211,"data":"  [44b6_0113de3b] after gap-closing (single-frame + gap2): 25881 nodes, 25061 edges\n"}
,{"stream_name":"stdout","time":4919.644782511,"data":"  [44b6_0113de3b] after safe-division repair: 25881 nodes, 25112 edges (geometric_candidates=173, deepcenter_rejected=113, post_veto_candidates=60, added=51, cap_skipped=0, mutual_nn_rejected=59, divergence_rejected=536)\n"}
,{"stream_name":"stdout","time":4919.644849064,"data":"  [44b6_0113de3b] after division-geometry-filter+prune-isolated: 25876 nodes, 25112 edges\n"}
,{"stream_name":"stdout","time":4919.644857662,"data":"  [44b6_0113de3b] after short-track filtering: 25636 nodes, 24927 edges (components_removed=55)\n"}
,{"stream_name":"stdout","time":4924.692189293,"data":"  [44b6_0113de3b] FINAL: 25636 nodes, 24927 edges\n"}
,{"stream_name":"stdout","time":4941.244994572,"data":"  [44b6_0b24845f] after edge-filter+motion-relink: 22507 nodes, 20388 edges\n"}
,{"stream_name":"stdout","time":4948.981289345,"data":"  [44b6_0b24845f] after gap-closing (single-frame + gap2): 22892 nodes, 21087 edges\n"}
,{"stream_name":"stdout","time":4955.077573162,"data":"  [44b6_0b24845f] after safe-division repair: 22892 nodes, 21102 edges (geometric_candidates=231, deepcenter_rejected=214, post_veto_candidates=17, added=15, cap_skipped=0, mutual_nn_rejected=61, divergence_rejected=912)\n"}
,{"stream_name":"stdout","time":4955.077624994,"data":"  [44b6_0b24845f] after division-geometry-filter+prune-isolated: 22877 nodes, 21102 edges\n"}
,{"stream_name":"stdout","time":4955.077633847,"data":"  [44b6_0b24845f] after short-track filtering: 20754 nodes, 19464 edges (components_removed=485)\n"}
,{"stream_name":"stdout","time":4959.007614619,"data":"  [44b6_0b24845f] FINAL: 20754 nodes, 19464 edges\n"}
,{"stream_name":"stdout","time":4960.686371502,"data":"  [6bba_05b6850b] after edge-filter+motion-relink: 6303 nodes, 6031 edges\n"}
,{"stream_name":"stdout","time":4961.676561366,"data":"  [6bba_05b6850b] after gap-closing (single-frame + gap2): 6334 nodes, 6087 edges\n"}
,{"stream_name":"stdout","time":4963.356167124,"data":"  [6bba_05b6850b] after safe-division repair: 6334 nodes, 6096 edges (geometric_candidates=22, deepcenter_rejected=13, post_veto_candidates=9, added=9, cap_skipped=0, mutual_nn_rejected=5, divergence_rejected=81)\n"}
,{"stream_name":"stdout","time":4963.35620836,"data":"  [6bba_05b6850b] after division-geometry-filter+prune-isolated: 6333 nodes, 6096 edges\n"}
,{"stream_name":"stdout","time":4963.356214369,"data":"  [6bba_05b6850b] after short-track filtering: 6150 nodes, 5956 edges (components_removed=43)\n"}
,{"stream_name":"stdout","time":4964.546501128,"data":"  [6bba_05b6850b] FINAL: 6150 nodes, 5956 edges\n"}
,{"stream_name":"stdout","time":5116.208204182,"data":"  [6bba_05db0fb1] after edge-filter+motion-relink: 70697 nodes, 68001 edges\n"}
,{"stream_name":"stdout","time":5125.124945082,"data":"  [6bba_05db0fb1] after gap-closing (single-frame + gap2): 71123 nodes, 68795 edges\n"}
,{"stream_name":"stdout","time":5133.712271854,"data":"  [6bba_05db0fb1] after safe-division repair: 71123 nodes, 68822 edges (geometric_candidates=304, deepcenter_rejected=271, post_veto_candidates=33, added=27, cap_skipped=0, mutual_nn_rejected=258, divergence_rejected=2628)\n"}
,{"stream_name":"stdout","time":5133.712323101,"data":"  [6bba_05db0fb1] after division-geometry-filter+prune-isolated: 71097 nodes, 68822 edges\n"}
,{"stream_name":"stdout","time":5133.939500846,"data":"  [6bba_05db0fb1] after short-track filtering: 70301 nodes, 68212 edges (components_removed=186)\n"}
,{"stream_name":"stdout","time":5147.714074017,"data":"  [6bba_05db0fb1] FINAL: 70301 nodes, 68212 edges\n"}
,{"stream_name":"stdout","time":5147.764065183,"data":"Wrote /kaggle/working/submission.csv with 241,400 rows\n"}
,{"stream_name":"stdout","time":5147.764094166,"data":"Node rows: 122,841 | edge rows: 118,559\n"}
,{"stream_name":"stdout","time":5147.764099842,"data":"Wrote /kaggle/working/run_stats.csv\n"}
,{"stream_name":"stdout","time":5148.18687041,"data":"  44b6_0113de3b: nodes=25636 edges=24927 divisions=51\n"}
,{"stream_name":"stdout","time":5148.186911816,"data":"  44b6_0b24845f: nodes=20754 edges=19464 divisions=15\n"}
,{"stream_name":"stdout","time":5148.186916613,"data":"  6bba_05b6850b: nodes=6150 edges=5956 divisions=9\n"}
,{"stream_name":"stdout","time":5148.186919896,"data":"  6bba_05db0fb1: nodes=70301 edges=68212 divisions=27\n"}
,{"stream_name":"stdout","time":5148.186923017,"data":"Final submission.csv rows=241400  config=tight55\n"}
,{"stream_name":"stdout","time":5148.318306477,"data":"==============================================================================\n"}
,{"stream_name":"stdout","time":5148.318341729,"data":"PIPELINE MANIFEST -- resolved state, not just config\n"}
,{"stream_name":"stdout","time":5148.318349979,"data":"==============================================================================\n"}
,{"stream_name":"stdout","time":5148.318357014,"data":"Dual-seed ensemble:      requested=True  weights_found=True\n"}
,{"stream_name":"stdout","time":5148.318363546,"data":"Bidirectional fusion:    weight=0.15  active=True  mode=harmonic_probability\n"}
,{"stream_name":"stdout","time":5148.318368571,"data":"DeepCenter veto:         requested=True  loaded=True\n"}
,{"stream_name":"stdout","time":5148.318373639,"data":"  - checkpoint file:     /kaggle/input/datasets/pilkwang/biohub-deepcenter-unet3d-center-prior-v1/weights/full_frame_center/best.pt\n"}
,{"stream_name":"stdout","time":5148.318379262,"data":"  - expected epoch:      2\n"}
,{"stream_name":"stdout","time":5148.318384386,"data":"  - gap veto:            True\n"}
,{"stream_name":"stdout","time":5148.318389761,"data":"  - safe-div veto:       True\n"}
,{"stream_name":"stdout","time":5148.318408168,"data":"Safe-div thresholds:     parent\u003c=9.0um  sister\u003c=14.0um  global_cap=0.00375  frame_cap=0.0076\n"}
,{"stream_name":"stdout","time":5148.318413295,"data":"Validator:               enabled=True  held_out_samples=8  match_radius=7.0um\n"}
,{"stream_name":"stdout","time":5148.318418103,"data":"==============================================================================\n"}
,{"stream_name":"stderr","time":5153.356191552,"data":"/usr/local/lib/python3.12/dist-packages/mistune.py:435: SyntaxWarning: invalid escape sequence '\\|'\n"}
,{"stream_name":"stderr","time":5153.356221343,"data":"  cells[i][c] = re.sub('\\\\\\\\\\|', '|', cell)\n"}
,{"stream_name":"stderr","time":5153.488691601,"data":"/usr/local/lib/python3.12/dist-packages/nbconvert/filters/filter_links.py:36: SyntaxWarning: invalid escape sequence '\\_'\n"}
,{"stream_name":"stderr","time":5153.488717107,"data":"  text = re.sub(r'_', '\\_', text) # Escape underscores in display text\n"}
,{"stream_name":"stderr","time":5154.366922449,"data":"[NbConvertApp] Converting notebook __notebook__.ipynb to notebook\n"}
,{"stream_name":"stderr","time":5154.877095764,"data":"[NbConvertApp] Writing 457598 bytes to __notebook__.ipynb\n"}
,{"stream_name":"stderr","time":5157.379741632,"data":"[NbConvertApp] Converting notebook __notebook__.ipynb to html\n"}
,{"stream_name":"stderr","time":5158.92303081,"data":"[NbConvertApp] Writing 1338547 bytes to __results__.html\n"}
]