0.00s - Debugger warning: It seems that frozen modules are being used, which may
0.00s - make the debugger miss breakpoints. Please pass -Xfrozen_modules=off
0.00s - to python to disable frozen modules.
0.00s - Note: Debugging will proceed. Set PYDEVD_DISABLE_FILE_VALIDATION=1 to disable this validation.
0.00s - Debugger warning: It seems that frozen modules are being used, which may
0.00s - make the debugger miss breakpoints. Please pass -Xfrozen_modules=off
0.00s - to python to disable frozen modules.
0.00s - Note: Debugging will proceed. Set PYDEVD_DISABLE_FILE_VALIDATION=1 to disable this validation.
BIOHUB_PRESET: harmonic_v3_division_wide
BIOHUB_SCORE_AXIS: public 0.939 base + holdout-selected post-process configuration
Configuration guard: PASS
Baseline: fixed-90 dual-seed clean pipeline (public LB 0.913)
Single model-level change: harmonic mutual-support association fusion
Reverse-time association weight: 0.200
Biohub learned UNet + node-transformer + ILP submission
COMP_DIR: /kaggle/input/competitions/biohub-cell-tracking-during-development exists: True
TEST_DIR: /kaggle/input/competitions/biohub-cell-tracking-during-development/test exists: True
{
  "adaptive_short_track_rescue": true,
  "allow_artifact_fallback": false,
  "allow_pip_install": false,
  "deepcenter_checkpoint_default": "/kaggle/input/biohub-deepcenter-unet3d-center-prior-v1/weights/full_frame_center/best.pt",
  "deepcenter_expected_epoch": 2,
  "deepcenter_gap_add_gate": true,
  "deepcenter_gap_confirm_min_span_um": 8.5,
  "deepcenter_gap_threshold": 0.25,
  "deepcenter_safe_div_add_gate": true,
  "deepcenter_safe_div_threshold": 0.25,
  "det_threshold": 0.965,
  "div_drop_to_single_if_bad": true,
  "div_parent_max_um": 10.5,
  "div_sister_max_um": 8.0,
  "experiment_tag": "selected_101_dual_seed_near_balanced_center_confirmed_synthetic_gap",
  "gap2_frame_frac_cap": 0.006,
  "gap2_max_links_abs": 180,
  "gap2_max_links_frac": 0.0045,
  "gap2_max_step_um": 4.4,
  "gap2_max_total_um": 10.2,
  "gap2_require_context": true,
  "gap_close_effective_max_gap": 1,
  "gap_close_max_added_abs": 2000,
  "gap_close_max_added_frac": 0.05,
  "gap_close_max_gap": 2,
  "gap_close_reuse_existing": true,
  "gap_close_reuse_um": 3.2,
  "gap_close_um": 5.0,
  "gap_density_adaptive": true,
  "gap_density_gain": 0.04,
  "gap_density_max_step_delta_um": 0.125,
  "gap_density_neighbors": 3,
  "gap_density_reference_um": 6.5,
  "gap_refine_max_shift_um": 3.2,
  "gap_refine_synthetic": true,
  "gap_refine_win_yx": 3,
  "gap_refine_win_z": 1,
  "ilp_appearance_weight": 0.0,
  "ilp_disappearance_weight": 2.0,
  "ilp_division_weight": 1.2,
  "ilp_edge_weight": -1.0,
  "method": "unet_transformer",
  "motion_relink_learned_bonus": 1.0,
  "motion_relink_max_frame_nodes": 2600,
  "motion_relink_relaxed_um": 10.0,
  "motion_relink_tight_um": 6.0,
  "motion_relink_velocity_weight": 0.5,
  "output_division_geometry_filter": false,
  "output_edge_max_um": 14.0,
  "output_enforce_next_frame": true,
  "output_filter_short_tracks": true,
  "output_gap2_recovery": true,
  "output_gap_close": true,
  "output_keep_division_components": true,
  "output_linefit_smooth": true,
  "output_linefit_weight": 0.8,
  "output_linefit_window": 2,
  "output_min_track_len": 6,
  "output_motion_relink": true,
  "output_prune_isolated": true,
  "output_safe_divisions": true,
  "output_single_child_repair": false,
  "output_single_parent_repair": true,
  "primary_artifact_manifest": "/kaggle/input/datasets/pilkwang/biohub-tracking-support-pack-50ep-v1/ARTIFACT_MANIFEST.json",
  "safe_div_existing_child_max_um": 10.0,
  "safe_div_frame_frac_cap": 0.0076,
  "safe_div_global_frac_cap": 0.00375,
  "safe_div_max_um": 9.0,
  "safe_div_sister_max_um": 14.0,
  "short_track_rescue_max_mean_edge_dist_um": 3.0,
  "short_track_rescue_max_nodes_abs": 120,
  "short_track_rescue_max_nodes_frac": 0.012,
  "short_track_rescue_min_len": 4,
  "short_track_rescue_min_mean_edge_prob": 0.88,
  "short_track_rescue_trigger_removed_frac": 0.1,
  "slice": "",
  "target_artifact_slug": "biohub-tracking-support-pack-50ep-v1",
  "unet_batch_size": 4,
  "use_deepcenter_add_only_gate": true,
  "use_ilp": true,
  "weights": "weights/unet_transformer/split_0/edge_predictor_best.pth"
}
ARTIFACTS: /kaggle/input/datasets/pilkwang/biohub-tracking-support-pack-50ep-v1
Has offline wheels: True
Artifact name: biohub-tracking-support-pack-400ep-snapshot-v1
Weight sha256: 12f6881ee3620a831697ca098ff8f48e687a24225f4e048b538deec3562fe771
Weight path: weights/unet_transformer/split_0/edge_predictor_best.pth
Installing missing packages from offline package dirs: ['polars']
Dependency resolver is disabled with --no-deps to avoid replacing Kaggle numpy/scipy in a live kernel.
Offline package dirs: ['/kaggle/input/datasets/pilkwang/biohub-tracking-support-pack-50ep-v1/wheels']
Offline dependency install succeeded.
Installing missing packages from offline package dirs: ['tracksdata', 'zarr', 'pyscipopt', 'geff', 'geff_spec', 'ilpy', 'imagecodecs', 'rustworkx', 'numcodecs', 'donfig', 'bidict']
Dependency resolver is disabled with --no-deps to avoid replacing Kaggle numpy/scipy in a live kernel.
Offline package dirs: ['/kaggle/input/datasets/pilkwang/biohub-tracking-support-pack-50ep-v1/wheels']
Offline dependency install succeeded.
/usr/local/lib/python3.12/dist-packages/dask/array/image.py:7: FutureWarning: `find_available_plugins` is deprecated since version 0.25 and will be removed in version 0.27. The plugin infrastructure of `skimage.io` is deprecated. Instead, use `imageio` or other I/O packages directly.
  from skimage.io import imread as sk_imread
/usr/lib/python3.12/importlib/__init__.py:90: FutureWarning: `reset_plugins` is deprecated since version 0.25 and will be removed in version 0.27. The plugin infrastructure of `skimage.io` is deprecated. Instead, use `imageio` or other I/O packages directly.
  return _bootstrap._gcd_import(name[level:], package, level)

/usr/local/lib/python3.12/dist-packages/dask/array/image.py:7: FutureWarning: `find_available_plugins` is deprecated since version 0.25 and will be removed in version 0.27. The plugin infrastructure of `skimage.io` is deprecated. Instead, use `imageio` or other I/O packages directly.
  from skimage.io import imread as sk_imread
/usr/lib/python3.12/importlib/__init__.py:90: FutureWarning: `reset_plugins` is deprecated since version 0.25 and will be removed in version 0.27. The plugin infrastructure of `skimage.io` is deprecated. Instead, use `imageio` or other I/O packages directly.
  return _bootstrap._gcd_import(name[level:], package, level)
Required graph/Zarr/ILP packages import successfully.
Inference repo: /kaggle/working/tracking_repo
Weights: /kaggle/working/tracking_repo/weights/unet_transformer/split_0/edge_predictor_best.pth
Support repo Python manifest SHA256: 978b626d1fd1e7397435a437dfe68691defe1572fc3c20e61012d7c9b52ed029
Primary materialized SHA256: 12f6881ee3620a831697ca098ff8f48e687a24225f4e048b538deec3562fe771
DeepCenter materialized SHA256: 8040999a92f6b7bbd98fa8cf458141e045c0f9ad7c936bdb3b18e1f7edafe2a0
Secondary artifact: /kaggle/input/datasets/pilkwang/biohub-temporal-unet3d-seed314159-v1
Secondary weight: /kaggle/working/secondary_seed_weights/unet_transformer/split_0/edge_predictor_best.pth
Secondary SHA256: 9bac2fa0dadc4a6fc1899e0caf187f4b553e0a7cd90ba1261a68b35ffe9e305f
Secondary edge-logit weight: 0.15
Runtime integrity receipt: /kaggle/working/bidirectional_production_runtime_integrity.json
CUDA device: Tesla T4
TTA patch applied (400ep spatial D4-style)
Calibrated dual-seed runtime patch applied
Frozen frame retention guard applied at 0.90
Bidirectional harmonic-probability association fusion applied | weight= 0.15
Pre-ILP detector-coordinate manifest hook applied
EDGE_TTA patch installed and enabled in /kaggle/working/tracking_repo/scripts/predict_unet_transformer.py
Found 4 test videos
['44b6_0113de3b', '44b6_0b24845f', '6bba_05b6850b', '6bba_05db0fb1']
Launching 2 independent video shards on CUDA devices ['0', '1']
GPU shard 0: CUDA_VISIBLE_DEVICES=0 | /usr/bin/python3 scripts/predict_unet_transformer.py --data-dir /kaggle/input/competitions/biohub-cell-tracking-during-development/test --splits kaggle_test_splits_50ep.json --split 0 --weights weights/unet_transformer/split_0/edge_predictor_best.pth --unet-batch-size 4 --det-threshold 0.965 --ilp-edge-weight -1.0 --ilp-appearance-weight 0.0 --ilp-disappearance-weight 2.0 --ilp-division-weight 1.2 --use-ilp --method unet_transformer_gpu0 --slice 0::2
GPU shard 1: CUDA_VISIBLE_DEVICES=1 | /usr/bin/python3 scripts/predict_unet_transformer.py --data-dir /kaggle/input/competitions/biohub-cell-tracking-during-development/test --splits kaggle_test_splits_50ep.json --split 0 --weights weights/unet_transformer/split_0/edge_predictor_best.pth --unet-batch-size 4 --det-threshold 0.965 --ilp-edge-weight -1.0 --ilp-appearance-weight 0.0 --ilp-disappearance-weight 2.0 --ilp-division-weight 1.2 --use-ilp --method unet_transformer_gpu1 --slice 1::2
/usr/local/lib/python3.12/dist-packages/dask/array/image.py:7: FutureWarning: `find_available_plugins` is deprecated since version 0.25 and will be removed in version 0.27. The plugin infrastructure of `skimage.io` is deprecated. Instead, use `imageio` or other I/O packages directly.
  from skimage.io import imread as sk_imread
/usr/lib/python3.12/importlib/__init__.py:90: FutureWarning: `reset_plugins` is deprecated since version 0.25 and will be removed in version 0.27. The plugin infrastructure of `skimage.io` is deprecated. Instead, use `imageio` or other I/O packages directly.
  return _bootstrap._gcd_import(name[level:], package, level)
/usr/local/lib/python3.12/dist-packages/dask/array/image.py:7: FutureWarning: `find_available_plugins` is deprecated since version 0.25 and will be removed in version 0.27. The plugin infrastructure of `skimage.io` is deprecated. Instead, use `imageio` or other I/O packages directly.
  from skimage.io import imread as sk_imread
/usr/lib/python3.12/importlib/__init__.py:90: FutureWarning: `reset_plugins` is deprecated since version 0.25 and will be removed in version 0.27. The plugin infrastructure of `skimage.io` is deprecated. Instead, use `imageio` or other I/O packages directly.
  return _bootstrap._gcd_import(name[level:], package, level)
/usr/local/lib/python3.12/dist-packages/dask/array/image.py:7: FutureWarning: `find_available_plugins` is deprecated since version 0.25 and will be removed in version 0.27. The plugin infrastructure of `skimage.io` is deprecated. Instead, use `imageio` or other I/O packages directly.
  from skimage.io import imread as sk_imread
/usr/lib/python3.12/importlib/__init__.py:90: FutureWarning: `reset_plugins` is deprecated since version 0.25 and will be removed in version 0.27. The plugin infrastructure of `skimage.io` is deprecated. Instead, use `imageio` or other I/O packages directly.
  return _bootstrap._gcd_import(name[level:], package, level)
/usr/local/lib/python3.12/dist-packages/dask/array/image.py:7: FutureWarning: `find_available_plugins` is deprecated since version 0.25 and will be removed in version 0.27. The plugin infrastructure of `skimage.io` is deprecated. Instead, use `imageio` or other I/O packages directly.
  from skimage.io import imread as sk_imread
/usr/lib/python3.12/importlib/__init__.py:90: FutureWarning: `reset_plugins` is deprecated since version 0.25 and will be removed in version 0.27. The plugin infrastructure of `skimage.io` is deprecated. Instead, use `imageio` or other I/O packages directly.
  return _bootstrap._gcd_import(name[level:], package, level)

/usr/local/lib/python3.12/dist-packages/dask/array/image.py:7: FutureWarning: `find_available_plugins` is deprecated since version 0.25 and will be removed in version 0.27. The plugin infrastructure of `skimage.io` is deprecated. Instead, use `imageio` or other I/O packages directly.
  from skimage.io import imread as sk_imread
/usr/lib/python3.12/importlib/__init__.py:90: FutureWarning: `reset_plugins` is deprecated since version 0.25 and will be removed in version 0.27. The plugin infrastructure of `skimage.io` is deprecated. Instead, use `imageio` or other I/O packages directly.
  return _bootstrap._gcd_import(name[level:], package, level)
/usr/local/lib/python3.12/dist-packages/dask/array/image.py:7: FutureWarning: `find_available_plugins` is deprecated since version 0.25 and will be removed in version 0.27. The plugin infrastructure of `skimage.io` is deprecated. Instead, use `imageio` or other I/O packages directly.
  from skimage.io import imread as sk_imread
/usr/lib/python3.12/importlib/__init__.py:90: FutureWarning: `reset_plugins` is deprecated since version 0.25 and will be removed in version 0.27. The plugin infrastructure of `skimage.io` is deprecated. Instead, use `imageio` or other I/O packages directly.
  return _bootstrap._gcd_import(name[level:], package, level)
Secondary model: /kaggle/working/secondary_seed_weights/unet_transformer/split_0/edge_predictor_best.pth | edge weight=0.150 | detection weight=0.800 | link mode=low_margin_consensus | temperature=1.000 | low-margin max=0.350 | edge threshold=0.480
Fold 0: 2 datasets | weights=weights/unet_transformer/split_0/edge_predictor_best.pth | device=cuda | window_size=2 | pool_kernel_um=3.0
Secondary model: /kaggle/working/secondary_seed_weights/unet_transformer/split_0/edge_predictor_best.pth | edge weight=0.150 | detection weight=0.800 | link mode=low_margin_consensus | temperature=1.000 | low-margin max=0.350 | edge threshold=0.480
Fold 0: 2 datasets | weights=weights/unet_transformer/split_0/edge_predictor_best.pth | device=cuda | window_size=2 | pool_kernel_um=3.0
Secondary model: /kaggle/working/secondary_seed_weights/unet_transformer/split_0/edge_predictor_best.pth | edge weight=0.150 | detection weight=0.800 | link mode=low_margin_consensus | temperature=1.000 | low-margin max=0.350 | edge threshold=0.480
Fold 0: 2 datasets | weights=weights/unet_transformer/split_0/edge_predictor_best.pth | device=cuda | window_size=2 | pool_kernel_um=3.0
Secondary model: /kaggle/working/secondary_seed_weights/unet_transformer/split_0/edge_predictor_best.pth | edge weight=0.150 | detection weight=0.800 | link mode=low_margin_consensus | temperature=1.000 | low-margin max=0.350 | edge threshold=0.480
Fold 0: 2 datasets | weights=weights/unet_transformer/split_0/edge_predictor_best.pth | device=cuda | window_size=2 | pool_kernel_um=3.0
EDGE_TTA_ACTIVE views= 8 mean_abs_feat_delta= 0.323238
EDGE_TTA_ACTIVE views= 8 mean_abs_feat_delta= 0.360585
EDGE_TTA_ACTIVE views= 8 mean_abs_feat_delta= 0.323238
EDGE_TTA_ACTIVE views= 8 mean_abs_feat_delta= 0.360585
BIOHUB_RETENTION_GUARD {"blended_candidates": 387, "dataset": "44b6_0b24845f", "frame": 0, "minimum_retention": 0.9, "primary_candidates": 465, "retention": 0.832258064516129, "use_primary": true}
BIOHUB_RETENTION_GUARD {"blended_candidates": 391, "dataset": "44b6_0b24845f", "frame": 1, "minimum_retention": 0.9, "primary_candidates": 444, "retention": 0.8806306306306306, "use_primary": true}
BIOHUB_RETENTION_GUARD {"blended_candidates": 387, "dataset": "44b6_0b24845f", "frame": 0, "minimum_retention": 0.9, "primary_candidates": 465, "retention": 0.832258064516129, "use_primary": true}
BIOHUB_RETENTION_GUARD {"blended_candidates": 391, "dataset": "44b6_0b24845f", "frame": 1, "minimum_retention": 0.9, "primary_candidates": 444, "retention": 0.8806306306306306, "use_primary": true}
EDGE_TTA_ACTIVE views= 8 mean_abs_feat_delta= 0.328294
EDGE_TTA_ACTIVE views= 8 mean_abs_feat_delta= 0.361891
EDGE_TTA_ACTIVE views= 8 mean_abs_feat_delta= 0.328294
EDGE_TTA_ACTIVE views= 8 mean_abs_feat_delta= 0.361891
BIOHUB_RETENTION_GUARD {"blended_candidates": 333, "dataset": "44b6_0b24845f", "frame": 2, "minimum_retention": 0.9, "primary_candidates": 390, "retention": 0.8538461538461538, "use_primary": true}
BIOHUB_RETENTION_GUARD {"blended_candidates": 333, "dataset": "44b6_0b24845f", "frame": 2, "minimum_retention": 0.9, "primary_candidates": 390, "retention": 0.8538461538461538, "use_primary": true}
EDGE_TTA_ACTIVE views= 8 mean_abs_feat_delta= 0.326314
EDGE_TTA_ACTIVE views= 8 mean_abs_feat_delta= 0.354206
EDGE_TTA_ACTIVE views= 8 mean_abs_feat_delta= 0.326314
EDGE_TTA_ACTIVE views= 8 mean_abs_feat_delta= 0.354206
BIOHUB_RETENTION_GUARD {"blended_candidates": 362, "dataset": "44b6_0b24845f", "frame": 3, "minimum_retention": 0.9, "primary_candidates": 421, "retention": 0.8598574821852731, "use_primary": true}
BIOHUB_RETENTION_GUARD {"blended_candidates": 362, "dataset": "44b6_0b24845f", "frame": 3, "minimum_retention": 0.9, "primary_candidates": 421, "retention": 0.8598574821852731, "use_primary": true}
EDGE_TTA_ACTIVE views= 8 mean_abs_feat_delta= 0.32686
EDGE_TTA_ACTIVE views= 8 mean_abs_feat_delta= 0.358867
EDGE_TTA_ACTIVE views= 8 mean_abs_feat_delta= 0.32686
EDGE_TTA_ACTIVE views= 8 mean_abs_feat_delta= 0.358867
BIOHUB_RETENTION_GUARD {"blended_candidates": 341, "dataset": "44b6_0b24845f", "frame": 4, "minimum_retention": 0.9, "primary_candidates": 404, "retention": 0.844059405940594, "use_primary": true}
BIOHUB_RETENTION_GUARD {"blended_candidates": 341, "dataset": "44b6_0b24845f", "frame": 4, "minimum_retention": 0.9, "primary_candidates": 404, "retention": 0.844059405940594, "use_primary": true}
EDGE_TTA_ACTIVE views= 8 mean_abs_feat_delta= 0.327781
EDGE_TTA_ACTIVE views= 8 mean_abs_feat_delta= 0.362463
EDGE_TTA_ACTIVE views= 8 mean_abs_feat_delta= 0.327781
EDGE_TTA_ACTIVE views= 8 mean_abs_feat_delta= 0.362463
BIOHUB_RETENTION_GUARD {"blended_candidates": 326, "dataset": "44b6_0b24845f", "frame": 5, "minimum_retention": 0.9, "primary_candidates": 383, "retention": 0.8511749347258486, "use_primary": true}
BIOHUB_RETENTION_GUARD {"blended_candidates": 326, "dataset": "44b6_0b24845f", "frame": 5, "minimum_retention": 0.9, "primary_candidates": 383, "retention": 0.8511749347258486, "use_primary": true}
EDGE_TTA_ACTIVE views= 8 mean_abs_feat_delta= 0.332086
EDGE_TTA_ACTIVE views= 8 mean_abs_feat_delta= 0.363112
EDGE_TTA_ACTIVE views= 8 mean_abs_feat_delta= 0.332086
EDGE_TTA_ACTIVE views= 8 mean_abs_feat_delta= 0.363112
BIOHUB_RETENTION_GUARD {"blended_candidates": 333, "dataset": "44b6_0b24845f", "frame": 6, "minimum_retention": 0.9, "primary_candidates": 403, "retention": 0.826302729528536, "use_primary": true}
BIOHUB_RETENTION_GUARD {"blended_candidates": 333, "dataset": "44b6_0b24845f", "frame": 6, "minimum_retention": 0.9, "primary_candidates": 403, "retention": 0.826302729528536, "use_primary": true}
EDGE_TTA_ACTIVE views= 8 mean_abs_feat_delta= 0.337311
EDGE_TTA_ACTIVE views= 8 mean_abs_feat_delta= 0.363947
EDGE_TTA_ACTIVE views= 8 mean_abs_feat_delta= 0.337311
EDGE_TTA_ACTIVE views= 8 mean_abs_feat_delta= 0.363947
BIOHUB_RETENTION_GUARD {"blended_candidates": 309, "dataset": "44b6_0b24845f", "frame": 7, "minimum_retention": 0.9, "primary_candidates": 390, "retention": 0.7923076923076923, "use_primary": true}
BIOHUB_RETENTION_GUARD {"blended_candidates": 309, "dataset": "44b6_0b24845f", "frame": 7, "minimum_retention": 0.9, "primary_candidates": 390, "retention": 0.7923076923076923, "use_primary": true}
EDGE_TTA_ACTIVE views= 8 mean_abs_feat_delta= 0.336476
EDGE_TTA_ACTIVE views= 8 mean_abs_feat_delta= 0.368841
EDGE_TTA_ACTIVE views= 8 mean_abs_feat_delta= 0.336476
EDGE_TTA_ACTIVE views= 8 mean_abs_feat_delta= 0.368841
BIOHUB_RETENTION_GUARD {"blended_candidates": 378, "dataset": "44b6_0b24845f", "frame": 8, "minimum_retention": 0.9, "primary_candidates": 443, "retention": 0.8532731376975169, "use_primary": true}
BIOHUB_RETENTION_GUARD {"blended_candidates": 378, "dataset": "44b6_0b24845f", "frame": 8, "minimum_retention": 0.9, "primary_candidates": 443, "retention": 0.8532731376975169, "use_primary": true}
EDGE_TTA_ACTIVE views= 8 mean_abs_feat_delta= 0.33307
EDGE_TTA_ACTIVE views= 8 mean_abs_feat_delta= 0.33307
EDGE_TTA_ACTIVE views= 8 mean_abs_feat_delta= 0.372442
EDGE_TTA_ACTIVE views= 8 mean_abs_feat_delta= 0.372442
BIOHUB_RETENTION_GUARD {"blended_candidates": 362, "dataset": "44b6_0b24845f", "frame": 9, "minimum_retention": 0.9, "primary_candidates": 429, "retention": 0.8438228438228438, "use_primary": true}
BIOHUB_RETENTION_GUARD {"blended_candidates": 362, "dataset": "44b6_0b24845f", "frame": 9, "minimum_retention": 0.9, "primary_candidates": 429, "retention": 0.8438228438228438, "use_primary": true}
EDGE_TTA_ACTIVE views= 8 mean_abs_feat_delta= 0.333216
EDGE_TTA_ACTIVE views= 8 mean_abs_feat_delta= 0.333216
EDGE_TTA_ACTIVE views= 8 mean_abs_feat_delta= 0.36599
EDGE_TTA_ACTIVE views= 8 mean_abs_feat_delta= 0.36599
BIOHUB_RETENTION_GUARD {"blended_candidates": 331, "dataset": "44b6_0b24845f", "frame": 10, "minimum_retention": 0.9, "primary_candidates": 419, "retention": 0.7899761336515513, "use_primary": true}
BIOHUB_RETENTION_GUARD {"blended_candidates": 331, "dataset": "44b6_0b24845f", "frame": 10, "minimum_retention": 0.9, "primary_candidates": 419, "retention": 0.7899761336515513, "use_primary": true}
EDGE_TTA_ACTIVE views= 8 mean_abs_feat_delta= 0.341654
EDGE_TTA_ACTIVE views= 8 mean_abs_feat_delta= 0.341654
EDGE_TTA_ACTIVE views= 8 mean_abs_feat_delta= 0.358411
EDGE_TTA_ACTIVE views= 8 mean_abs_feat_delta= 0.358411
BIOHUB_RETENTION_GUARD {"blended_candidates": 376, "dataset": "44b6_0b24845f", "frame": 11, "minimum_retention": 0.9, "primary_candidates": 441, "retention": 0.8526077097505669, "use_primary": true}
BIOHUB_RETENTION_GUARD {"blended_candidates": 376, "dataset": "44b6_0b24845f", "frame": 11, "minimum_retention": 0.9, "primary_candidates": 441, "retention": 0.8526077097505669, "use_primary": true}
EDGE_TTA_ACTIVE views= 8 mean_abs_feat_delta= 0.334228
EDGE_TTA_ACTIVE views= 8 mean_abs_feat_delta= 0.334228
EDGE_TTA_ACTIVE views= 8 mean_abs_feat_delta= 0.361758
EDGE_TTA_ACTIVE views= 8 mean_abs_feat_delta= 0.361758
BIOHUB_RETENTION_GUARD {"blended_candidates": 304, "dataset": "44b6_0b24845f", "frame": 12, "minimum_retention": 0.9, "primary_candidates": 361, "retention": 0.8421052631578947, "use_primary": true}
BIOHUB_RETENTION_GUARD {"blended_candidates": 304, "dataset": "44b6_0b24845f", "frame": 12, "minimum_retention": 0.9, "primary_candidates": 361, "retention": 0.8421052631578947, "use_primary": true}
EDGE_TTA_ACTIVE views= 8 mean_abs_feat_delta= 0.335161
EDGE_TTA_ACTIVE views= 8 mean_abs_feat_delta= 0.335161
EDGE_TTA_ACTIVE views= 8 mean_abs_feat_delta= 0.368237
EDGE_TTA_ACTIVE views= 8 mean_abs_feat_delta= 0.368237
BIOHUB_RETENTION_GUARD {"blended_candidates": 314, "dataset": "44b6_0b24845f", "frame": 13, "minimum_retention": 0.9, "primary_candidates": 382, "retention": 0.8219895287958116, "use_primary": true}
BIOHUB_RETENTION_GUARD {"blended_candidates": 314, "dataset": "44b6_0b24845f", "frame": 13, "minimum_retention": 0.9, "primary_candidates": 382, "retention": 0.8219895287958116, "use_primary": true}
EDGE_TTA_ACTIVE views= 8 mean_abs_feat_delta= 0.330752
EDGE_TTA_ACTIVE views= 8 mean_abs_feat_delta= 0.330752
EDGE_TTA_ACTIVE views= 8 mean_abs_feat_delta= 0.366311
EDGE_TTA_ACTIVE views= 8 mean_abs_feat_delta= 0.366311
BIOHUB_RETENTION_GUARD {"blended_candidates": 330, "dataset": "44b6_0b24845f", "frame": 14, "minimum_retention": 0.9, "primary_candidates": 378, "retention": 0.873015873015873, "use_primary": true}
BIOHUB_RETENTION_GUARD {"blended_candidates": 330, "dataset": "44b6_0b24845f", "frame": 14, "minimum_retention": 0.9, "primary_candidates": 378, "retention": 0.873015873015873, "use_primary": true}
EDGE_TTA_ACTIVE views= 8 mean_abs_feat_delta= 0.32964
EDGE_TTA_ACTIVE views= 8 mean_abs_feat_delta= 0.32964
EDGE_TTA_ACTIVE views= 8 mean_abs_feat_delta= 0.362666
EDGE_TTA_ACTIVE views= 8 mean_abs_feat_delta= 0.362666
EDGE_TTA_ACTIVE views= 8 mean_abs_feat_delta= 0.32447
EDGE_TTA_ACTIVE views= 8 mean_abs_feat_delta= 0.32447
EDGE_TTA_ACTIVE views= 8 mean_abs_feat_delta= 0.368515
EDGE_TTA_ACTIVE views= 8 mean_abs_feat_delta= 0.368515
EDGE_TTA_ACTIVE views= 8 mean_abs_feat_delta= 0.325522
EDGE_TTA_ACTIVE views= 8 mean_abs_feat_delta= 0.325522
EDGE_TTA_ACTIVE views= 8 mean_abs_feat_delta= 0.37163
EDGE_TTA_ACTIVE views= 8 mean_abs_feat_delta= 0.37163
EDGE_TTA_ACTIVE views= 8 mean_abs_feat_delta= 0.319866
EDGE_TTA_ACTIVE views= 8 mean_abs_feat_delta= 0.319866
EDGE_TTA_ACTIVE views= 8 mean_abs_feat_delta= 0.367306
EDGE_TTA_ACTIVE views= 8 mean_abs_feat_delta= 0.367306
EDGE_TTA_ACTIVE views= 8 mean_abs_feat_delta= 0.323582
EDGE_TTA_ACTIVE views= 8 mean_abs_feat_delta= 0.323582
EDGE_TTA_ACTIVE views= 8 mean_abs_feat_delta= 0.356982
EDGE_TTA_ACTIVE views= 8 mean_abs_feat_delta= 0.356982
EDGE_TTA_ACTIVE views= 8 mean_abs_feat_delta= 0.326415
EDGE_TTA_ACTIVE views= 8 mean_abs_feat_delta= 0.326415
EDGE_TTA_ACTIVE views= 8 mean_abs_feat_delta= 0.354988
EDGE_TTA_ACTIVE views= 8 mean_abs_feat_delta= 0.354988
BIOHUB_RETENTION_GUARD {"blended_candidates": 285, "dataset": "44b6_0b24845f", "frame": 20, "minimum_retention": 0.9, "primary_candidates": 317, "retention": 0.8990536277602523, "use_primary": true}
BIOHUB_RETENTION_GUARD {"blended_candidates": 285, "dataset": "44b6_0b24845f", "frame": 20, "minimum_retention": 0.9, "primary_candidates": 317, "retention": 0.8990536277602523, "use_primary": true}
EDGE_TTA_ACTIVE views= 8 mean_abs_feat_delta= 0.32326
EDGE_TTA_ACTIVE views= 8 mean_abs_feat_delta= 0.32326
EDGE_TTA_ACTIVE views= 8 mean_abs_feat_delta= 0.355885
EDGE_TTA_ACTIVE views= 8 mean_abs_feat_delta= 0.355885
BIOHUB_RETENTION_GUARD {"blended_candidates": 265, "dataset": "44b6_0b24845f", "frame": 21, "minimum_retention": 0.9, "primary_candidates": 325, "retention": 0.8153846153846154, "use_primary": true}
BIOHUB_RETENTION_GUARD {"blended_candidates": 265, "dataset": "44b6_0b24845f", "frame": 21, "minimum_retention": 0.9, "primary_candidates": 325, "retention": 0.8153846153846154, "use_primary": true}
EDGE_TTA_ACTIVE views= 8 mean_abs_feat_delta= 0.324888
EDGE_TTA_ACTIVE views= 8 mean_abs_feat_delta= 0.324888
EDGE_TTA_ACTIVE views= 8 mean_abs_feat_delta= 0.357492
EDGE_TTA_ACTIVE views= 8 mean_abs_feat_delta= 0.357492
BIOHUB_RETENTION_GUARD {"blended_candidates": 286, "dataset": "44b6_0b24845f", "frame": 22, "minimum_retention": 0.9, "primary_candidates": 326, "retention": 0.8773006134969326, "use_primary": true}
BIOHUB_RETENTION_GUARD {"blended_candidates": 286, "dataset": "44b6_0b24845f", "frame": 22, "minimum_retention": 0.9, "primary_candidates": 326, "retention": 0.8773006134969326, "use_primary": true}
EDGE_TTA_ACTIVE views= 8 mean_abs_feat_delta= 0.325752
EDGE_TTA_ACTIVE views= 8 mean_abs_feat_delta= 0.325752
EDGE_TTA_ACTIVE views= 8 mean_abs_feat_delta= 0.361386
EDGE_TTA_ACTIVE views= 8 mean_abs_feat_delta= 0.361386
EDGE_TTA_ACTIVE views= 8 mean_abs_feat_delta= 0.330364
EDGE_TTA_ACTIVE views= 8 mean_abs_feat_delta= 0.330364
EDGE_TTA_ACTIVE views= 8 mean_abs_feat_delta= 0.361052
EDGE_TTA_ACTIVE views= 8 mean_abs_feat_delta= 0.361052
BIOHUB_RETENTION_GUARD {"blended_candidates": 261, "dataset": "44b6_0b24845f", "frame": 24, "minimum_retention": 0.9, "primary_candidates": 306, "retention": 0.8529411764705882, "use_primary": true}
BIOHUB_RETENTION_GUARD {"blended_candidates": 261, "dataset": "44b6_0b24845f", "frame": 24, "minimum_retention": 0.9, "primary_candidates": 306, "retention": 0.8529411764705882, "use_primary": true}
EDGE_TTA_ACTIVE views= 8 mean_abs_feat_delta= 0.329773
EDGE_TTA_ACTIVE views= 8 mean_abs_feat_delta= 0.329773
EDGE_TTA_ACTIVE views= 8 mean_abs_feat_delta= 0.36198
EDGE_TTA_ACTIVE views= 8 mean_abs_feat_delta= 0.36198
EDGE_TTA_ACTIVE views= 8 mean_abs_feat_delta= 0.325156
EDGE_TTA_ACTIVE views= 8 mean_abs_feat_delta= 0.325156
EDGE_TTA_ACTIVE views= 8 mean_abs_feat_delta= 0.365963
EDGE_TTA_ACTIVE views= 8 mean_abs_feat_delta= 0.365963
BIOHUB_RETENTION_GUARD {"blended_candidates": 273, "dataset": "44b6_0b24845f", "frame": 26, "minimum_retention": 0.9, "primary_candidates": 309, "retention": 0.883495145631068, "use_primary": true}
BIOHUB_RETENTION_GUARD {"blended_candidates": 273, "dataset": "44b6_0b24845f", "frame": 26, "minimum_retention": 0.9, "primary_candidates": 309, "retention": 0.883495145631068, "use_primary": true}
EDGE_TTA_ACTIVE views= 8 mean_abs_feat_delta= 0.328005
EDGE_TTA_ACTIVE views= 8 mean_abs_feat_delta= 0.328005
EDGE_TTA_ACTIVE views= 8 mean_abs_feat_delta= 0.369614
EDGE_TTA_ACTIVE views= 8 mean_abs_feat_delta= 0.369614
BIOHUB_RETENTION_GUARD {"blended_candidates": 258, "dataset": "44b6_0b24845f", "frame": 27, "minimum_retention": 0.9, "primary_candidates": 302, "retention": 0.8543046357615894, "use_primary": true}
BIOHUB_RETENTION_GUARD {"blended_candidates": 258, "dataset": "44b6_0b24845f", "frame": 27, "minimum_retention": 0.9, "primary_candidates": 302, "retention": 0.8543046357615894, "use_primary": true}
EDGE_TTA_ACTIVE views= 8 mean_abs_feat_delta= 0.332057
EDGE_TTA_ACTIVE views= 8 mean_abs_feat_delta= 0.332057
EDGE_TTA_ACTIVE views= 8 mean_abs_feat_delta= 0.365619
EDGE_TTA_ACTIVE views= 8 mean_abs_feat_delta= 0.365619
EDGE_TTA_ACTIVE views= 8 mean_abs_feat_delta= 0.327244
EDGE_TTA_ACTIVE views= 8 mean_abs_feat_delta= 0.327244
EDGE_TTA_ACTIVE views= 8 mean_abs_feat_delta= 0.366332
EDGE_TTA_ACTIVE views= 8 mean_abs_feat_delta= 0.366332
EDGE_TTA_ACTIVE views= 8 mean_abs_feat_delta= 0.331491
EDGE_TTA_ACTIVE views= 8 mean_abs_feat_delta= 0.331491
EDGE_TTA_ACTIVE views= 8 mean_abs_feat_delta= 0.364134
EDGE_TTA_ACTIVE views= 8 mean_abs_feat_delta= 0.364134
EDGE_TTA_ACTIVE views= 8 mean_abs_feat_delta= 0.332767
EDGE_TTA_ACTIVE views= 8 mean_abs_feat_delta= 0.332767
EDGE_TTA_ACTIVE views= 8 mean_abs_feat_delta= 0.359711
EDGE_TTA_ACTIVE views= 8 mean_abs_feat_delta= 0.359711
EDGE_TTA_ACTIVE views= 8 mean_abs_feat_delta= 0.333532
EDGE_TTA_ACTIVE views= 8 mean_abs_feat_delta= 0.333532
EDGE_TTA_ACTIVE views= 8 mean_abs_feat_delta= 0.362505
EDGE_TTA_ACTIVE views= 8 mean_abs_feat_delta= 0.362505
BIOHUB_RETENTION_GUARD {"blended_candidates": 249, "dataset": "44b6_0b24845f", "frame": 32, "minimum_retention": 0.9, "primary_candidates": 293, "retention": 0.8498293515358362, "use_primary": true}
BIOHUB_RETENTION_GUARD {"blended_candidates": 249, "dataset": "44b6_0b24845f", "frame": 32, "minimum_retention": 0.9, "primary_candidates": 293, "retention": 0.8498293515358362, "use_primary": true}
EDGE_TTA_ACTIVE views= 8 mean_abs_feat_delta= 0.339086
EDGE_TTA_ACTIVE views= 8 mean_abs_feat_delta= 0.339086
EDGE_TTA_ACTIVE views= 8 mean_abs_feat_delta= 0.364903
EDGE_TTA_ACTIVE views= 8 mean_abs_feat_delta= 0.364903
BIOHUB_RETENTION_GUARD {"blended_candidates": 234, "dataset": "44b6_0b24845f", "frame": 33, "minimum_retention": 0.9, "primary_candidates": 276, "retention": 0.8478260869565217, "use_primary": true}
BIOHUB_RETENTION_GUARD {"blended_candidates": 234, "dataset": "44b6_0b24845f", "frame": 33, "minimum_retention": 0.9, "primary_candidates": 276, "retention": 0.8478260869565217, "use_primary": true}
EDGE_TTA_ACTIVE views= 8 mean_abs_feat_delta= 0.336421
EDGE_TTA_ACTIVE views= 8 mean_abs_feat_delta= 0.336421
EDGE_TTA_ACTIVE views= 8 mean_abs_feat_delta= 0.364198
EDGE_TTA_ACTIVE views= 8 mean_abs_feat_delta= 0.364198
EDGE_TTA_ACTIVE views= 8 mean_abs_feat_delta= 0.329875
EDGE_TTA_ACTIVE views= 8 mean_abs_feat_delta= 0.329875
EDGE_TTA_ACTIVE views= 8 mean_abs_feat_delta= 0.362852
EDGE_TTA_ACTIVE views= 8 mean_abs_feat_delta= 0.362852
EDGE_TTA_ACTIVE views= 8 mean_abs_feat_delta= 0.328572
EDGE_TTA_ACTIVE views= 8 mean_abs_feat_delta= 0.328572
EDGE_TTA_ACTIVE views= 8 mean_abs_feat_delta= 0.373852
EDGE_TTA_ACTIVE views= 8 mean_abs_feat_delta= 0.373852
EDGE_TTA_ACTIVE views= 8 mean_abs_feat_delta= 0.326071
EDGE_TTA_ACTIVE views= 8 mean_abs_feat_delta= 0.326071
EDGE_TTA_ACTIVE views= 8 mean_abs_feat_delta= 0.368966
EDGE_TTA_ACTIVE views= 8 mean_abs_feat_delta= 0.368966
EDGE_TTA_ACTIVE views= 8 mean_abs_feat_delta= 0.328178
EDGE_TTA_ACTIVE views= 8 mean_abs_feat_delta= 0.328178
EDGE_TTA_ACTIVE views= 8 mean_abs_feat_delta= 0.366559
EDGE_TTA_ACTIVE views= 8 mean_abs_feat_delta= 0.366559
EDGE_TTA_ACTIVE views= 8 mean_abs_feat_delta= 0.331242
EDGE_TTA_ACTIVE views= 8 mean_abs_feat_delta= 0.331242
EDGE_TTA_ACTIVE views= 8 mean_abs_feat_delta= 0.370597
EDGE_TTA_ACTIVE views= 8 mean_abs_feat_delta= 0.370597
EDGE_TTA_ACTIVE views= 8 mean_abs_feat_delta= 0.332742
EDGE_TTA_ACTIVE views= 8 mean_abs_feat_delta= 0.332742
EDGE_TTA_ACTIVE views= 8 mean_abs_feat_delta= 0.372674
EDGE_TTA_ACTIVE views= 8 mean_abs_feat_delta= 0.372674
EDGE_TTA_ACTIVE views= 8 mean_abs_feat_delta= 0.325998
EDGE_TTA_ACTIVE views= 8 mean_abs_feat_delta= 0.325998
EDGE_TTA_ACTIVE views= 8 mean_abs_feat_delta= 0.367938
EDGE_TTA_ACTIVE views= 8 mean_abs_feat_delta= 0.367938
EDGE_TTA_ACTIVE views= 8 mean_abs_feat_delta= 0.326187
EDGE_TTA_ACTIVE views= 8 mean_abs_feat_delta= 0.326187
EDGE_TTA_ACTIVE views= 8 mean_abs_feat_delta= 0.364834
EDGE_TTA_ACTIVE views= 8 mean_abs_feat_delta= 0.364834
EDGE_TTA_ACTIVE views= 8 mean_abs_feat_delta= 0.329641
EDGE_TTA_ACTIVE views= 8 mean_abs_feat_delta= 0.329641
EDGE_TTA_ACTIVE views= 8 mean_abs_feat_delta= 0.36801
EDGE_TTA_ACTIVE views= 8 mean_abs_feat_delta= 0.36801
EDGE_TTA_ACTIVE views= 8 mean_abs_feat_delta= 0.331184
EDGE_TTA_ACTIVE views= 8 mean_abs_feat_delta= 0.331184
EDGE_TTA_ACTIVE views= 8 mean_abs_feat_delta= 0.367877
EDGE_TTA_ACTIVE views= 8 mean_abs_feat_delta= 0.367877
EDGE_TTA_ACTIVE views= 8 mean_abs_feat_delta= 0.330506
EDGE_TTA_ACTIVE views= 8 mean_abs_feat_delta= 0.330506
EDGE_TTA_ACTIVE views= 8 mean_abs_feat_delta= 0.368248
EDGE_TTA_ACTIVE views= 8 mean_abs_feat_delta= 0.368248
EDGE_TTA_ACTIVE views= 8 mean_abs_feat_delta= 0.326851
EDGE_TTA_ACTIVE views= 8 mean_abs_feat_delta= 0.326851
EDGE_TTA_ACTIVE views= 8 mean_abs_feat_delta= 0.366473
EDGE_TTA_ACTIVE views= 8 mean_abs_feat_delta= 0.366473
EDGE_TTA_ACTIVE views= 8 mean_abs_feat_delta= 0.32759
EDGE_TTA_ACTIVE views= 8 mean_abs_feat_delta= 0.32759
EDGE_TTA_ACTIVE views= 8 mean_abs_feat_delta= 0.369227
EDGE_TTA_ACTIVE views= 8 mean_abs_feat_delta= 0.369227
BIOHUB_RETENTION_GUARD {"blended_candidates": 264, "dataset": "44b6_0b24845f", "frame": 47, "minimum_retention": 0.9, "primary_candidates": 307, "retention": 0.8599348534201955, "use_primary": true}
BIOHUB_RETENTION_GUARD {"blended_candidates": 264, "dataset": "44b6_0b24845f", "frame": 47, "minimum_retention": 0.9, "primary_candidates": 307, "retention": 0.8599348534201955, "use_primary": true}
EDGE_TTA_ACTIVE views= 8 mean_abs_feat_delta= 0.323605
EDGE_TTA_ACTIVE views= 8 mean_abs_feat_delta= 0.323605
EDGE_TTA_ACTIVE views= 8 mean_abs_feat_delta= 0.376915
EDGE_TTA_ACTIVE views= 8 mean_abs_feat_delta= 0.376915
EDGE_TTA_ACTIVE views= 8 mean_abs_feat_delta= 0.332571
EDGE_TTA_ACTIVE views= 8 mean_abs_feat_delta= 0.332571
EDGE_TTA_ACTIVE views= 8 mean_abs_feat_delta= 0.373149
EDGE_TTA_ACTIVE views= 8 mean_abs_feat_delta= 0.373149
EDGE_TTA_ACTIVE views= 8 mean_abs_feat_delta= 0.328319
EDGE_TTA_ACTIVE views= 8 mean_abs_feat_delta= 0.373289
EDGE_TTA_ACTIVE views= 8 mean_abs_feat_delta= 0.328319
EDGE_TTA_ACTIVE views= 8 mean_abs_feat_delta= 0.373289
BIOHUB_RETENTION_GUARD {"blended_candidates": 253, "dataset": "44b6_0b24845f", "frame": 50, "minimum_retention": 0.9, "primary_candidates": 285, "retention": 0.887719298245614, "use_primary": true}
BIOHUB_RETENTION_GUARD {"blended_candidates": 253, "dataset": "44b6_0b24845f", "frame": 50, "minimum_retention": 0.9, "primary_candidates": 285, "retention": 0.887719298245614, "use_primary": true}
EDGE_TTA_ACTIVE views= 8 mean_abs_feat_delta= 0.327289
EDGE_TTA_ACTIVE views= 8 mean_abs_feat_delta= 0.372374
EDGE_TTA_ACTIVE views= 8 mean_abs_feat_delta= 0.327289
EDGE_TTA_ACTIVE views= 8 mean_abs_feat_delta= 0.372374
BIOHUB_RETENTION_GUARD {"blended_candidates": 321, "dataset": "44b6_0b24845f", "frame": 51, "minimum_retention": 0.9, "primary_candidates": 361, "retention": 0.889196675900277, "use_primary": true}
BIOHUB_RETENTION_GUARD {"blended_candidates": 321, "dataset": "44b6_0b24845f", "frame": 51, "minimum_retention": 0.9, "primary_candidates": 361, "retention": 0.889196675900277, "use_primary": true}
EDGE_TTA_ACTIVE views= 8 mean_abs_feat_delta= 0.36791
EDGE_TTA_ACTIVE views= 8 mean_abs_feat_delta= 0.337614
EDGE_TTA_ACTIVE views= 8 mean_abs_feat_delta= 0.36791
EDGE_TTA_ACTIVE views= 8 mean_abs_feat_delta= 0.337614
EDGE_TTA_ACTIVE views= 8 mean_abs_feat_delta= 0.370709
EDGE_TTA_ACTIVE views= 8 mean_abs_feat_delta= 0.338693
EDGE_TTA_ACTIVE views= 8 mean_abs_feat_delta= 0.370709
EDGE_TTA_ACTIVE views= 8 mean_abs_feat_delta= 0.338693
BIOHUB_RETENTION_GUARD {"blended_candidates": 305, "dataset": "44b6_0b24845f", "frame": 53, "minimum_retention": 0.9, "primary_candidates": 342, "retention": 0.8918128654970761, "use_primary": true}
BIOHUB_RETENTION_GUARD {"blended_candidates": 305, "dataset": "44b6_0b24845f", "frame": 53, "minimum_retention": 0.9, "primary_candidates": 342, "retention": 0.8918128654970761, "use_primary": true}
EDGE_TTA_ACTIVE views= 8 mean_abs_feat_delta= 0.369503
EDGE_TTA_ACTIVE views= 8 mean_abs_feat_delta= 0.338257
EDGE_TTA_ACTIVE views= 8 mean_abs_feat_delta= 0.369503
EDGE_TTA_ACTIVE views= 8 mean_abs_feat_delta= 0.338257
BIOHUB_RETENTION_GUARD {"blended_candidates": 321, "dataset": "44b6_0b24845f", "frame": 54, "minimum_retention": 0.9, "primary_candidates": 362, "retention": 0.8867403314917127, "use_primary": true}
BIOHUB_RETENTION_GUARD {"blended_candidates": 321, "dataset": "44b6_0b24845f", "frame": 54, "minimum_retention": 0.9, "primary_candidates": 362, "retention": 0.8867403314917127, "use_primary": true}
EDGE_TTA_ACTIVE views= 8 mean_abs_feat_delta= 0.3697
EDGE_TTA_ACTIVE views= 8 mean_abs_feat_delta= 0.3697
EDGE_TTA_ACTIVE views= 8 mean_abs_feat_delta= 0.33887
EDGE_TTA_ACTIVE views= 8 mean_abs_feat_delta= 0.33887
EDGE_TTA_ACTIVE views= 8 mean_abs_feat_delta= 0.37301
EDGE_TTA_ACTIVE views= 8 mean_abs_feat_delta= 0.37301
EDGE_TTA_ACTIVE views= 8 mean_abs_feat_delta= 0.339106
EDGE_TTA_ACTIVE views= 8 mean_abs_feat_delta= 0.339106
EDGE_TTA_ACTIVE views= 8 mean_abs_feat_delta= 0.367347
EDGE_TTA_ACTIVE views= 8 mean_abs_feat_delta= 0.367347
EDGE_TTA_ACTIVE views= 8 mean_abs_feat_delta= 0.341611
EDGE_TTA_ACTIVE views= 8 mean_abs_feat_delta= 0.341611
EDGE_TTA_ACTIVE views= 8 mean_abs_feat_delta= 0.36398
EDGE_TTA_ACTIVE views= 8 mean_abs_feat_delta= 0.36398
EDGE_TTA_ACTIVE views= 8 mean_abs_feat_delta= 0.346143
EDGE_TTA_ACTIVE views= 8 mean_abs_feat_delta= 0.346143
BIOHUB_RETENTION_GUARD {"blended_candidates": 263, "dataset": "44b6_0b24845f", "frame": 58, "minimum_retention": 0.9, "primary_candidates": 312, "retention": 0.842948717948718, "use_primary": true}
BIOHUB_RETENTION_GUARD {"blended_candidates": 263, "dataset": "44b6_0b24845f", "frame": 58, "minimum_retention": 0.9, "primary_candidates": 312, "retention": 0.842948717948718, "use_primary": true}
EDGE_TTA_ACTIVE views= 8 mean_abs_feat_delta= 0.366206
EDGE_TTA_ACTIVE views= 8 mean_abs_feat_delta= 0.366206
EDGE_TTA_ACTIVE views= 8 mean_abs_feat_delta= 0.340083
EDGE_TTA_ACTIVE views= 8 mean_abs_feat_delta= 0.340083
BIOHUB_RETENTION_GUARD {"blended_candidates": 303, "dataset": "44b6_0b24845f", "frame": 59, "minimum_retention": 0.9, "primary_candidates": 346, "retention": 0.8757225433526011, "use_primary": true}
BIOHUB_RETENTION_GUARD {"blended_candidates": 303, "dataset": "44b6_0b24845f", "frame": 59, "minimum_retention": 0.9, "primary_candidates": 346, "retention": 0.8757225433526011, "use_primary": true}
EDGE_TTA_ACTIVE views= 8 mean_abs_feat_delta= 0.36887
EDGE_TTA_ACTIVE views= 8 mean_abs_feat_delta= 0.36887
EDGE_TTA_ACTIVE views= 8 mean_abs_feat_delta= 0.339203
EDGE_TTA_ACTIVE views= 8 mean_abs_feat_delta= 0.339203
BIOHUB_RETENTION_GUARD {"blended_candidates": 335, "dataset": "44b6_0b24845f", "frame": 60, "minimum_retention": 0.9, "primary_candidates": 393, "retention": 0.8524173027989822, "use_primary": true}
BIOHUB_RETENTION_GUARD {"blended_candidates": 335, "dataset": "44b6_0b24845f", "frame": 60, "minimum_retention": 0.9, "primary_candidates": 393, "retention": 0.8524173027989822, "use_primary": true}
EDGE_TTA_ACTIVE views= 8 mean_abs_feat_delta= 0.365386
EDGE_TTA_ACTIVE views= 8 mean_abs_feat_delta= 0.365386
EDGE_TTA_ACTIVE views= 8 mean_abs_feat_delta= 0.336994
EDGE_TTA_ACTIVE views= 8 mean_abs_feat_delta= 0.336994
BIOHUB_RETENTION_GUARD {"blended_candidates": 275, "dataset": "44b6_0b24845f", "frame": 61, "minimum_retention": 0.9, "primary_candidates": 333, "retention": 0.8258258258258259, "use_primary": true}
BIOHUB_RETENTION_GUARD {"blended_candidates": 275, "dataset": "44b6_0b24845f", "frame": 61, "minimum_retention": 0.9, "primary_candidates": 333, "retention": 0.8258258258258259, "use_primary": true}
EDGE_TTA_ACTIVE views= 8 mean_abs_feat_delta= 0.366621
EDGE_TTA_ACTIVE views= 8 mean_abs_feat_delta= 0.366621
EDGE_TTA_ACTIVE views= 8 mean_abs_feat_delta= 0.342499
EDGE_TTA_ACTIVE views= 8 mean_abs_feat_delta= 0.342499
BIOHUB_RETENTION_GUARD {"blended_candidates": 298, "dataset": "44b6_0b24845f", "frame": 62, "minimum_retention": 0.9, "primary_candidates": 345, "retention": 0.863768115942029, "use_primary": true}
BIOHUB_RETENTION_GUARD {"blended_candidates": 298, "dataset": "44b6_0b24845f", "frame": 62, "minimum_retention": 0.9, "primary_candidates": 345, "retention": 0.863768115942029, "use_primary": true}
EDGE_TTA_ACTIVE views= 8 mean_abs_feat_delta= 0.373908
EDGE_TTA_ACTIVE views= 8 mean_abs_feat_delta= 0.373908
EDGE_TTA_ACTIVE views= 8 mean_abs_feat_delta= 0.346059
EDGE_TTA_ACTIVE views= 8 mean_abs_feat_delta= 0.346059
EDGE_TTA_ACTIVE views= 8 mean_abs_feat_delta= 0.368494
EDGE_TTA_ACTIVE views= 8 mean_abs_feat_delta= 0.368494
EDGE_TTA_ACTIVE views= 8 mean_abs_feat_delta= 0.346159
BIOHUB_RETENTION_GUARD {"blended_candidates": 295, "dataset": "44b6_0b24845f", "frame": 64, "minimum_retention": 0.9, "primary_candidates": 344, "retention": 0.8575581395348837, "use_primary": true}
EDGE_TTA_ACTIVE views= 8 mean_abs_feat_delta= 0.346159
BIOHUB_RETENTION_GUARD {"blended_candidates": 295, "dataset": "44b6_0b24845f", "frame": 64, "minimum_retention": 0.9, "primary_candidates": 344, "retention": 0.8575581395348837, "use_primary": true}
EDGE_TTA_ACTIVE views= 8 mean_abs_feat_delta= 0.370026
EDGE_TTA_ACTIVE views= 8 mean_abs_feat_delta= 0.370026
EDGE_TTA_ACTIVE views= 8 mean_abs_feat_delta= 0.345426
BIOHUB_RETENTION_GUARD {"blended_candidates": 335, "dataset": "44b6_0b24845f", "frame": 65, "minimum_retention": 0.9, "primary_candidates": 378, "retention": 0.8862433862433863, "use_primary": true}
EDGE_TTA_ACTIVE views= 8 mean_abs_feat_delta= 0.345426
BIOHUB_RETENTION_GUARD {"blended_candidates": 335, "dataset": "44b6_0b24845f", "frame": 65, "minimum_retention": 0.9, "primary_candidates": 378, "retention": 0.8862433862433863, "use_primary": true}
EDGE_TTA_ACTIVE views= 8 mean_abs_feat_delta= 0.369253
EDGE_TTA_ACTIVE views= 8 mean_abs_feat_delta= 0.369253
EDGE_TTA_ACTIVE views= 8 mean_abs_feat_delta= 0.344989
BIOHUB_RETENTION_GUARD {"blended_candidates": 324, "dataset": "44b6_0b24845f", "frame": 66, "minimum_retention": 0.9, "primary_candidates": 375, "retention": 0.864, "use_primary": true}
EDGE_TTA_ACTIVE views= 8 mean_abs_feat_delta= 0.344989
BIOHUB_RETENTION_GUARD {"blended_candidates": 324, "dataset": "44b6_0b24845f", "frame": 66, "minimum_retention": 0.9, "primary_candidates": 375, "retention": 0.864, "use_primary": true}
EDGE_TTA_ACTIVE views= 8 mean_abs_feat_delta= 0.365768
EDGE_TTA_ACTIVE views= 8 mean_abs_feat_delta= 0.365768
EDGE_TTA_ACTIVE views= 8 mean_abs_feat_delta= 0.343404
EDGE_TTA_ACTIVE views= 8 mean_abs_feat_delta= 0.343404
EDGE_TTA_ACTIVE views= 8 mean_abs_feat_delta= 0.365075
EDGE_TTA_ACTIVE views= 8 mean_abs_feat_delta= 0.365075
EDGE_TTA_ACTIVE views= 8 mean_abs_feat_delta= 0.341221
EDGE_TTA_ACTIVE views= 8 mean_abs_feat_delta= 0.341221
EDGE_TTA_ACTIVE views= 8 mean_abs_feat_delta= 0.366016
EDGE_TTA_ACTIVE views= 8 mean_abs_feat_delta= 0.366016
EDGE_TTA_ACTIVE views= 8 mean_abs_feat_delta= 0.343003
EDGE_TTA_ACTIVE views= 8 mean_abs_feat_delta= 0.343003
EDGE_TTA_ACTIVE views= 8 mean_abs_feat_delta= 0.365231
EDGE_TTA_ACTIVE views= 8 mean_abs_feat_delta= 0.365231
BIOHUB_RETENTION_GUARD {"blended_candidates": 260, "dataset": "44b6_0b24845f", "frame": 70, "minimum_retention": 0.9, "primary_candidates": 305, "retention": 0.8524590163934426, "use_primary": true}
EDGE_TTA_ACTIVE views= 8 mean_abs_feat_delta= 0.343125
BIOHUB_RETENTION_GUARD {"blended_candidates": 260, "dataset": "44b6_0b24845f", "frame": 70, "minimum_retention": 0.9, "primary_candidates": 305, "retention": 0.8524590163934426, "use_primary": true}
EDGE_TTA_ACTIVE views= 8 mean_abs_feat_delta= 0.343125
EDGE_TTA_ACTIVE views= 8 mean_abs_feat_delta= 0.36009
EDGE_TTA_ACTIVE views= 8 mean_abs_feat_delta= 0.36009
EDGE_TTA_ACTIVE views= 8 mean_abs_feat_delta= 0.337095
EDGE_TTA_ACTIVE views= 8 mean_abs_feat_delta= 0.337095
EDGE_TTA_ACTIVE views= 8 mean_abs_feat_delta= 0.360462
EDGE_TTA_ACTIVE views= 8 mean_abs_feat_delta= 0.360462
EDGE_TTA_ACTIVE views= 8 mean_abs_feat_delta= 0.337123
EDGE_TTA_ACTIVE views= 8 mean_abs_feat_delta= 0.337123
EDGE_TTA_ACTIVE views= 8 mean_abs_feat_delta= 0.359757
EDGE_TTA_ACTIVE views= 8 mean_abs_feat_delta= 0.359757
BIOHUB_RETENTION_GUARD {"blended_candidates": 197, "dataset": "44b6_0b24845f", "frame": 73, "minimum_retention": 0.9, "primary_candidates": 262, "retention": 0.7519083969465649, "use_primary": true}
EDGE_TTA_ACTIVE views= 8 mean_abs_feat_delta= 0.338112
BIOHUB_RETENTION_GUARD {"blended_candidates": 197, "dataset": "44b6_0b24845f", "frame": 73, "minimum_retention": 0.9, "primary_candidates": 262, "retention": 0.7519083969465649, "use_primary": true}
EDGE_TTA_ACTIVE views= 8 mean_abs_feat_delta= 0.338112
EDGE_TTA_ACTIVE views= 8 mean_abs_feat_delta= 0.368022
EDGE_TTA_ACTIVE views= 8 mean_abs_feat_delta= 0.368022
BIOHUB_RETENTION_GUARD {"blended_candidates": 224, "dataset": "44b6_0b24845f", "frame": 74, "minimum_retention": 0.9, "primary_candidates": 291, "retention": 0.7697594501718213, "use_primary": true}
BIOHUB_RETENTION_GUARD {"blended_candidates": 224, "dataset": "44b6_0b24845f", "frame": 74, "minimum_retention": 0.9, "primary_candidates": 291, "retention": 0.7697594501718213, "use_primary": true}
EDGE_TTA_ACTIVE views= 8 mean_abs_feat_delta= 0.338704
EDGE_TTA_ACTIVE views= 8 mean_abs_feat_delta= 0.338704
EDGE_TTA_ACTIVE views= 8 mean_abs_feat_delta= 0.358754
EDGE_TTA_ACTIVE views= 8 mean_abs_feat_delta= 0.358754
BIOHUB_RETENTION_GUARD {"blended_candidates": 325, "dataset": "44b6_0b24845f", "frame": 75, "minimum_retention": 0.9, "primary_candidates": 374, "retention": 0.8689839572192514, "use_primary": true}
BIOHUB_RETENTION_GUARD {"blended_candidates": 325, "dataset": "44b6_0b24845f", "frame": 75, "minimum_retention": 0.9, "primary_candidates": 374, "retention": 0.8689839572192514, "use_primary": true}
EDGE_TTA_ACTIVE views= 8 mean_abs_feat_delta= 0.340176
EDGE_TTA_ACTIVE views= 8 mean_abs_feat_delta= 0.340176
EDGE_TTA_ACTIVE views= 8 mean_abs_feat_delta= 0.358919
EDGE_TTA_ACTIVE views= 8 mean_abs_feat_delta= 0.358919
BIOHUB_RETENTION_GUARD {"blended_candidates": 321, "dataset": "44b6_0b24845f", "frame": 76, "minimum_retention": 0.9, "primary_candidates": 379, "retention": 0.8469656992084432, "use_primary": true}
BIOHUB_RETENTION_GUARD {"blended_candidates": 321, "dataset": "44b6_0b24845f", "frame": 76, "minimum_retention": 0.9, "primary_candidates": 379, "retention": 0.8469656992084432, "use_primary": true}
EDGE_TTA_ACTIVE views= 8 mean_abs_feat_delta= 0.346094
EDGE_TTA_ACTIVE views= 8 mean_abs_feat_delta= 0.346094
EDGE_TTA_ACTIVE views= 8 mean_abs_feat_delta= 0.361097
EDGE_TTA_ACTIVE views= 8 mean_abs_feat_delta= 0.361097
BIOHUB_RETENTION_GUARD {"blended_candidates": 243, "dataset": "44b6_0b24845f", "frame": 77, "minimum_retention": 0.9, "primary_candidates": 331, "retention": 0.7341389728096677, "use_primary": true}
BIOHUB_RETENTION_GUARD {"blended_candidates": 243, "dataset": "44b6_0b24845f", "frame": 77, "minimum_retention": 0.9, "primary_candidates": 331, "retention": 0.7341389728096677, "use_primary": true}
EDGE_TTA_ACTIVE views= 8 mean_abs_feat_delta= 0.348292
EDGE_TTA_ACTIVE views= 8 mean_abs_feat_delta= 0.348292
EDGE_TTA_ACTIVE views= 8 mean_abs_feat_delta= 0.36529
EDGE_TTA_ACTIVE views= 8 mean_abs_feat_delta= 0.36529
BIOHUB_RETENTION_GUARD {"blended_candidates": 284, "dataset": "44b6_0b24845f", "frame": 78, "minimum_retention": 0.9, "primary_candidates": 392, "retention": 0.7244897959183674, "use_primary": true}
BIOHUB_RETENTION_GUARD {"blended_candidates": 284, "dataset": "44b6_0b24845f", "frame": 78, "minimum_retention": 0.9, "primary_candidates": 392, "retention": 0.7244897959183674, "use_primary": true}
EDGE_TTA_ACTIVE views= 8 mean_abs_feat_delta= 0.344312
EDGE_TTA_ACTIVE views= 8 mean_abs_feat_delta= 0.344312
EDGE_TTA_ACTIVE views= 8 mean_abs_feat_delta= 0.365892
EDGE_TTA_ACTIVE views= 8 mean_abs_feat_delta= 0.365892
BIOHUB_RETENTION_GUARD {"blended_candidates": 298, "dataset": "44b6_0b24845f", "frame": 79, "minimum_retention": 0.9, "primary_candidates": 424, "retention": 0.7028301886792453, "use_primary": true}
BIOHUB_RETENTION_GUARD {"blended_candidates": 298, "dataset": "44b6_0b24845f", "frame": 79, "minimum_retention": 0.9, "primary_candidates": 424, "retention": 0.7028301886792453, "use_primary": true}
EDGE_TTA_ACTIVE views= 8 mean_abs_feat_delta= 0.341477
EDGE_TTA_ACTIVE views= 8 mean_abs_feat_delta= 0.341477
EDGE_TTA_ACTIVE views= 8 mean_abs_feat_delta= 0.365633
EDGE_TTA_ACTIVE views= 8 mean_abs_feat_delta= 0.365633
BIOHUB_RETENTION_GUARD {"blended_candidates": 291, "dataset": "44b6_0b24845f", "frame": 80, "minimum_retention": 0.9, "primary_candidates": 388, "retention": 0.75, "use_primary": true}
BIOHUB_RETENTION_GUARD {"blended_candidates": 291, "dataset": "44b6_0b24845f", "frame": 80, "minimum_retention": 0.9, "primary_candidates": 388, "retention": 0.75, "use_primary": true}
EDGE_TTA_ACTIVE views= 8 mean_abs_feat_delta= 0.34091
EDGE_TTA_ACTIVE views= 8 mean_abs_feat_delta= 0.34091
EDGE_TTA_ACTIVE views= 8 mean_abs_feat_delta= 0.369442
EDGE_TTA_ACTIVE views= 8 mean_abs_feat_delta= 0.369442
BIOHUB_RETENTION_GUARD {"blended_candidates": 294, "dataset": "44b6_0b24845f", "frame": 81, "minimum_retention": 0.9, "primary_candidates": 382, "retention": 0.7696335078534031, "use_primary": true}
BIOHUB_RETENTION_GUARD {"blended_candidates": 294, "dataset": "44b6_0b24845f", "frame": 81, "minimum_retention": 0.9, "primary_candidates": 382, "retention": 0.7696335078534031, "use_primary": true}
EDGE_TTA_ACTIVE views= 8 mean_abs_feat_delta= 0.337156
EDGE_TTA_ACTIVE views= 8 mean_abs_feat_delta= 0.337156
EDGE_TTA_ACTIVE views= 8 mean_abs_feat_delta= 0.373979
EDGE_TTA_ACTIVE views= 8 mean_abs_feat_delta= 0.373979
BIOHUB_RETENTION_GUARD {"blended_candidates": 277, "dataset": "44b6_0b24845f", "frame": 82, "minimum_retention": 0.9, "primary_candidates": 385, "retention": 0.7194805194805195, "use_primary": true}
BIOHUB_RETENTION_GUARD {"blended_candidates": 277, "dataset": "44b6_0b24845f", "frame": 82, "minimum_retention": 0.9, "primary_candidates": 385, "retention": 0.7194805194805195, "use_primary": true}
EDGE_TTA_ACTIVE views= 8 mean_abs_feat_delta= 0.339841
EDGE_TTA_ACTIVE views= 8 mean_abs_feat_delta= 0.339841
EDGE_TTA_ACTIVE views= 8 mean_abs_feat_delta= 0.365009
EDGE_TTA_ACTIVE views= 8 mean_abs_feat_delta= 0.365009
BIOHUB_RETENTION_GUARD {"blended_candidates": 268, "dataset": "44b6_0b24845f", "frame": 83, "minimum_retention": 0.9, "primary_candidates": 379, "retention": 0.7071240105540897, "use_primary": true}
BIOHUB_RETENTION_GUARD {"blended_candidates": 268, "dataset": "44b6_0b24845f", "frame": 83, "minimum_retention": 0.9, "primary_candidates": 379, "retention": 0.7071240105540897, "use_primary": true}
EDGE_TTA_ACTIVE views= 8 mean_abs_feat_delta= 0.34054
EDGE_TTA_ACTIVE views= 8 mean_abs_feat_delta= 0.34054
EDGE_TTA_ACTIVE views= 8 mean_abs_feat_delta= 0.36654
EDGE_TTA_ACTIVE views= 8 mean_abs_feat_delta= 0.36654
BIOHUB_RETENTION_GUARD {"blended_candidates": 287, "dataset": "44b6_0b24845f", "frame": 84, "minimum_retention": 0.9, "primary_candidates": 361, "retention": 0.7950138504155124, "use_primary": true}
BIOHUB_RETENTION_GUARD {"blended_candidates": 287, "dataset": "44b6_0b24845f", "frame": 84, "minimum_retention": 0.9, "primary_candidates": 361, "retention": 0.7950138504155124, "use_primary": true}
EDGE_TTA_ACTIVE views= 8 mean_abs_feat_delta= 0.345761
EDGE_TTA_ACTIVE views= 8 mean_abs_feat_delta= 0.345761
EDGE_TTA_ACTIVE views= 8 mean_abs_feat_delta= 0.364996
EDGE_TTA_ACTIVE views= 8 mean_abs_feat_delta= 0.364996
BIOHUB_RETENTION_GUARD {"blended_candidates": 198, "dataset": "44b6_0b24845f", "frame": 85, "minimum_retention": 0.9, "primary_candidates": 294, "retention": 0.673469387755102, "use_primary": true}
BIOHUB_RETENTION_GUARD {"blended_candidates": 198, "dataset": "44b6_0b24845f", "frame": 85, "minimum_retention": 0.9, "primary_candidates": 294, "retention": 0.673469387755102, "use_primary": true}
EDGE_TTA_ACTIVE views= 8 mean_abs_feat_delta= 0.34535
EDGE_TTA_ACTIVE views= 8 mean_abs_feat_delta= 0.34535
EDGE_TTA_ACTIVE views= 8 mean_abs_feat_delta= 0.364819
EDGE_TTA_ACTIVE views= 8 mean_abs_feat_delta= 0.364819
BIOHUB_RETENTION_GUARD {"blended_candidates": 169, "dataset": "44b6_0b24845f", "frame": 86, "minimum_retention": 0.9, "primary_candidates": 282, "retention": 0.599290780141844, "use_primary": true}
BIOHUB_RETENTION_GUARD {"blended_candidates": 169, "dataset": "44b6_0b24845f", "frame": 86, "minimum_retention": 0.9, "primary_candidates": 282, "retention": 0.599290780141844, "use_primary": true}
EDGE_TTA_ACTIVE views= 8 mean_abs_feat_delta= 0.345018
EDGE_TTA_ACTIVE views= 8 mean_abs_feat_delta= 0.345018
EDGE_TTA_ACTIVE views= 8 mean_abs_feat_delta= 0.360555
EDGE_TTA_ACTIVE views= 8 mean_abs_feat_delta= 0.360555
BIOHUB_RETENTION_GUARD {"blended_candidates": 232, "dataset": "44b6_0b24845f", "frame": 87, "minimum_retention": 0.9, "primary_candidates": 323, "retention": 0.718266253869969, "use_primary": true}
BIOHUB_RETENTION_GUARD {"blended_candidates": 232, "dataset": "44b6_0b24845f", "frame": 87, "minimum_retention": 0.9, "primary_candidates": 323, "retention": 0.718266253869969, "use_primary": true}
EDGE_TTA_ACTIVE views= 8 mean_abs_feat_delta= 0.339492
EDGE_TTA_ACTIVE views= 8 mean_abs_feat_delta= 0.339492
EDGE_TTA_ACTIVE views= 8 mean_abs_feat_delta= 0.367991
EDGE_TTA_ACTIVE views= 8 mean_abs_feat_delta= 0.367991
BIOHUB_RETENTION_GUARD {"blended_candidates": 287, "dataset": "44b6_0b24845f", "frame": 88, "minimum_retention": 0.9, "primary_candidates": 363, "retention": 0.790633608815427, "use_primary": true}
BIOHUB_RETENTION_GUARD {"blended_candidates": 287, "dataset": "44b6_0b24845f", "frame": 88, "minimum_retention": 0.9, "primary_candidates": 363, "retention": 0.790633608815427, "use_primary": true}
EDGE_TTA_ACTIVE views= 8 mean_abs_feat_delta= 0.333718
EDGE_TTA_ACTIVE views= 8 mean_abs_feat_delta= 0.333718
EDGE_TTA_ACTIVE views= 8 mean_abs_feat_delta= 0.374613
EDGE_TTA_ACTIVE views= 8 mean_abs_feat_delta= 0.374613
BIOHUB_RETENTION_GUARD {"blended_candidates": 219, "dataset": "44b6_0b24845f", "frame": 89, "minimum_retention": 0.9, "primary_candidates": 322, "retention": 0.6801242236024845, "use_primary": true}
BIOHUB_RETENTION_GUARD {"blended_candidates": 219, "dataset": "44b6_0b24845f", "frame": 89, "minimum_retention": 0.9, "primary_candidates": 322, "retention": 0.6801242236024845, "use_primary": true}
EDGE_TTA_ACTIVE views= 8 mean_abs_feat_delta= 0.334199
EDGE_TTA_ACTIVE views= 8 mean_abs_feat_delta= 0.334199
EDGE_TTA_ACTIVE views= 8 mean_abs_feat_delta= 0.362102
EDGE_TTA_ACTIVE views= 8 mean_abs_feat_delta= 0.362102
BIOHUB_RETENTION_GUARD {"blended_candidates": 175, "dataset": "44b6_0b24845f", "frame": 90, "minimum_retention": 0.9, "primary_candidates": 269, "retention": 0.6505576208178439, "use_primary": true}
BIOHUB_RETENTION_GUARD {"blended_candidates": 175, "dataset": "44b6_0b24845f", "frame": 90, "minimum_retention": 0.9, "primary_candidates": 269, "retention": 0.6505576208178439, "use_primary": true}
EDGE_TTA_ACTIVE views= 8 mean_abs_feat_delta= 0.338008
EDGE_TTA_ACTIVE views= 8 mean_abs_feat_delta= 0.338008
EDGE_TTA_ACTIVE views= 8 mean_abs_feat_delta= 0.362535
EDGE_TTA_ACTIVE views= 8 mean_abs_feat_delta= 0.362535
BIOHUB_RETENTION_GUARD {"blended_candidates": 136, "dataset": "44b6_0b24845f", "frame": 91, "minimum_retention": 0.9, "primary_candidates": 237, "retention": 0.5738396624472574, "use_primary": true}
BIOHUB_RETENTION_GUARD {"blended_candidates": 136, "dataset": "44b6_0b24845f", "frame": 91, "minimum_retention": 0.9, "primary_candidates": 237, "retention": 0.5738396624472574, "use_primary": true}
EDGE_TTA_ACTIVE views= 8 mean_abs_feat_delta= 0.338144
EDGE_TTA_ACTIVE views= 8 mean_abs_feat_delta= 0.338144
EDGE_TTA_ACTIVE views= 8 mean_abs_feat_delta= 0.36442
EDGE_TTA_ACTIVE views= 8 mean_abs_feat_delta= 0.36442
BIOHUB_RETENTION_GUARD {"blended_candidates": 151, "dataset": "44b6_0b24845f", "frame": 92, "minimum_retention": 0.9, "primary_candidates": 286, "retention": 0.527972027972028, "use_primary": true}
BIOHUB_RETENTION_GUARD {"blended_candidates": 151, "dataset": "44b6_0b24845f", "frame": 92, "minimum_retention": 0.9, "primary_candidates": 286, "retention": 0.527972027972028, "use_primary": true}
EDGE_TTA_ACTIVE views= 8 mean_abs_feat_delta= 0.336404
EDGE_TTA_ACTIVE views= 8 mean_abs_feat_delta= 0.336404
EDGE_TTA_ACTIVE views= 8 mean_abs_feat_delta= 0.357811
EDGE_TTA_ACTIVE views= 8 mean_abs_feat_delta= 0.357811
BIOHUB_RETENTION_GUARD {"blended_candidates": 133, "dataset": "44b6_0b24845f", "frame": 93, "minimum_retention": 0.9, "primary_candidates": 253, "retention": 0.525691699604743, "use_primary": true}
BIOHUB_RETENTION_GUARD {"blended_candidates": 133, "dataset": "44b6_0b24845f", "frame": 93, "minimum_retention": 0.9, "primary_candidates": 253, "retention": 0.525691699604743, "use_primary": true}
EDGE_TTA_ACTIVE views= 8 mean_abs_feat_delta= 0.336923
EDGE_TTA_ACTIVE views= 8 mean_abs_feat_delta= 0.336923
EDGE_TTA_ACTIVE views= 8 mean_abs_feat_delta= 0.3551
EDGE_TTA_ACTIVE views= 8 mean_abs_feat_delta= 0.3551
BIOHUB_RETENTION_GUARD {"blended_candidates": 168, "dataset": "44b6_0b24845f", "frame": 94, "minimum_retention": 0.9, "primary_candidates": 290, "retention": 0.5793103448275863, "use_primary": true}
BIOHUB_RETENTION_GUARD {"blended_candidates": 168, "dataset": "44b6_0b24845f", "frame": 94, "minimum_retention": 0.9, "primary_candidates": 290, "retention": 0.5793103448275863, "use_primary": true}
EDGE_TTA_ACTIVE views= 8 mean_abs_feat_delta= 0.340204
EDGE_TTA_ACTIVE views= 8 mean_abs_feat_delta= 0.340204
EDGE_TTA_ACTIVE views= 8 mean_abs_feat_delta= 0.362482
EDGE_TTA_ACTIVE views= 8 mean_abs_feat_delta= 0.362482
BIOHUB_RETENTION_GUARD {"blended_candidates": 140, "dataset": "44b6_0b24845f", "frame": 95, "minimum_retention": 0.9, "primary_candidates": 309, "retention": 0.45307443365695793, "use_primary": true}
BIOHUB_RETENTION_GUARD {"blended_candidates": 140, "dataset": "44b6_0b24845f", "frame": 95, "minimum_retention": 0.9, "primary_candidates": 309, "retention": 0.45307443365695793, "use_primary": true}
EDGE_TTA_ACTIVE views= 8 mean_abs_feat_delta= 0.343273
EDGE_TTA_ACTIVE views= 8 mean_abs_feat_delta= 0.343273
EDGE_TTA_ACTIVE views= 8 mean_abs_feat_delta= 0.358614
EDGE_TTA_ACTIVE views= 8 mean_abs_feat_delta= 0.358614
BIOHUB_RETENTION_GUARD {"blended_candidates": 124, "dataset": "44b6_0b24845f", "frame": 96, "minimum_retention": 0.9, "primary_candidates": 273, "retention": 0.4542124542124542, "use_primary": true}
BIOHUB_RETENTION_GUARD {"blended_candidates": 124, "dataset": "44b6_0b24845f", "frame": 96, "minimum_retention": 0.9, "primary_candidates": 273, "retention": 0.4542124542124542, "use_primary": true}
EDGE_TTA_ACTIVE views= 8 mean_abs_feat_delta= 0.340039
EDGE_TTA_ACTIVE views= 8 mean_abs_feat_delta= 0.340039
EDGE_TTA_ACTIVE views= 8 mean_abs_feat_delta= 0.354717
EDGE_TTA_ACTIVE views= 8 mean_abs_feat_delta= 0.354717
BIOHUB_RETENTION_GUARD {"blended_candidates": 181, "dataset": "44b6_0b24845f", "frame": 97, "minimum_retention": 0.9, "primary_candidates": 328, "retention": 0.551829268292683, "use_primary": true}
BIOHUB_RETENTION_GUARD {"blended_candidates": 181, "dataset": "44b6_0b24845f", "frame": 97, "minimum_retention": 0.9, "primary_candidates": 328, "retention": 0.551829268292683, "use_primary": true}
EDGE_TTA_ACTIVE views= 8 mean_abs_feat_delta= 0.338922
EDGE_TTA_ACTIVE views= 8 mean_abs_feat_delta= 0.338922
EDGE_TTA_ACTIVE views= 8 mean_abs_feat_delta= 0.362901
EDGE_TTA_ACTIVE views= 8 mean_abs_feat_delta= 0.362901
BIOHUB_RETENTION_GUARD {"blended_candidates": 153, "dataset": "44b6_0b24845f", "frame": 98, "minimum_retention": 0.9, "primary_candidates": 295, "retention": 0.5186440677966102, "use_primary": true}
BIOHUB_RETENTION_GUARD {"blended_candidates": 153, "dataset": "44b6_0b24845f", "frame": 98, "minimum_retention": 0.9, "primary_candidates": 295, "retention": 0.5186440677966102, "use_primary": true}
EDGE_TTA_ACTIVE views= 8 mean_abs_feat_delta= 0.342488
EDGE_TTA_ACTIVE views= 8 mean_abs_feat_delta= 0.342488
EDGE_TTA_ACTIVE views= 8 mean_abs_feat_delta= 0.362405
EDGE_TTA_ACTIVE views= 8 mean_abs_feat_delta= 0.362405
BIOHUB_RETENTION_GUARD {"blended_candidates": 111, "dataset": "44b6_0b24845f", "frame": 99, "minimum_retention": 0.9, "primary_candidates": 224, "retention": 0.4955357142857143, "use_primary": true}
BIOHUB_RETENTION_GUARD {"blended_candidates": 111, "dataset": "44b6_0b24845f", "frame": 99, "minimum_retention": 0.9, "primary_candidates": 224, "retention": 0.4955357142857143, "use_primary": true}
EDGE_TTA_ACTIVE views= 8 mean_abs_feat_delta= 0.341683
EDGE_TTA_ACTIVE views= 8 mean_abs_feat_delta= 0.341683
EDGE_TTA_ACTIVE views= 8 mean_abs_feat_delta= 0.336457
EDGE_TTA_ACTIVE views= 8 mean_abs_feat_delta= 0.336457
EDGE_TTA_ACTIVE views= 8 mean_abs_feat_delta= 0.33652
EDGE_TTA_ACTIVE views= 8 mean_abs_feat_delta= 0.33652
EDGE_TTA_ACTIVE views= 8 mean_abs_feat_delta= 0.334504
EDGE_TTA_ACTIVE views= 8 mean_abs_feat_delta= 0.334504
EDGE_TTA_ACTIVE views= 8 mean_abs_feat_delta= 0.353265
EDGE_TTA_ACTIVE views= 8 mean_abs_feat_delta= 0.331503
EDGE_TTA_ACTIVE views= 8 mean_abs_feat_delta= 0.353265
EDGE_TTA_ACTIVE views= 8 mean_abs_feat_delta= 0.331503
EDGE_TTA_ACTIVE views= 8 mean_abs_feat_delta= 0.356556
EDGE_TTA_ACTIVE views= 8 mean_abs_feat_delta= 0.356556
EDGE_TTA_ACTIVE views= 8 mean_abs_feat_delta= 0.334571
EDGE_TTA_ACTIVE views= 8 mean_abs_feat_delta= 0.334571
EDGE_TTA_ACTIVE views= 8 mean_abs_feat_delta= 0.359353
EDGE_TTA_ACTIVE views= 8 mean_abs_feat_delta= 0.359353
EDGE_TTA_ACTIVE views= 8 mean_abs_feat_delta= 0.333844
EDGE_TTA_ACTIVE views= 8 mean_abs_feat_delta= 0.333844
EDGE_TTA_ACTIVE views= 8 mean_abs_feat_delta= 0.361838
EDGE_TTA_ACTIVE views= 8 mean_abs_feat_delta= 0.361838
EDGE_TTA_ACTIVE views= 8 mean_abs_feat_delta= 0.333957
EDGE_TTA_ACTIVE views= 8 mean_abs_feat_delta= 0.333957
EDGE_TTA_ACTIVE views= 8 mean_abs_feat_delta= 0.349332
EDGE_TTA_ACTIVE views= 8 mean_abs_feat_delta= 0.349332
EDGE_TTA_ACTIVE views= 8 mean_abs_feat_delta= 0.333005
EDGE_TTA_ACTIVE views= 8 mean_abs_feat_delta= 0.333005
EDGE_TTA_ACTIVE views= 8 mean_abs_feat_delta= 0.36765
EDGE_TTA_ACTIVE views= 8 mean_abs_feat_delta= 0.36765
EDGE_TTA_ACTIVE views= 8 mean_abs_feat_delta= 0.335609
EDGE_TTA_ACTIVE views= 8 mean_abs_feat_delta= 0.335609
EDGE_TTA_ACTIVE views= 8 mean_abs_feat_delta= 0.37095
EDGE_TTA_ACTIVE views= 8 mean_abs_feat_delta= 0.37095
EDGE_TTA_ACTIVE views= 8 mean_abs_feat_delta= 0.338411
EDGE_TTA_ACTIVE views= 8 mean_abs_feat_delta= 0.338411
EDGE_TTA_ACTIVE views= 8 mean_abs_feat_delta= 0.362298
EDGE_TTA_ACTIVE views= 8 mean_abs_feat_delta= 0.362298
EDGE_TTA_ACTIVE views= 8 mean_abs_feat_delta= 0.33357
EDGE_TTA_ACTIVE views= 8 mean_abs_feat_delta= 0.33357
EDGE_TTA_ACTIVE views= 8 mean_abs_feat_delta= 0.357762
EDGE_TTA_ACTIVE views= 8 mean_abs_feat_delta= 0.357762
EDGE_TTA_ACTIVE views= 8 mean_abs_feat_delta= 0.328392
EDGE_TTA_ACTIVE views= 8 mean_abs_feat_delta= 0.360193
EDGE_TTA_ACTIVE views= 8 mean_abs_feat_delta= 0.328392
EDGE_TTA_ACTIVE views= 8 mean_abs_feat_delta= 0.360193
EDGE_TTA_ACTIVE views= 8 mean_abs_feat_delta= 0.35856
EDGE_TTA_ACTIVE views= 8 mean_abs_feat_delta= 0.35856
EDGE_TTA_ACTIVE views= 8 mean_abs_feat_delta= 0.329088
EDGE_TTA_ACTIVE views= 8 mean_abs_feat_delta= 0.329088
EDGE_TTA_ACTIVE views= 8 mean_abs_feat_delta= 0.365065
EDGE_TTA_ACTIVE views= 8 mean_abs_feat_delta= 0.365065
EDGE_TTA_ACTIVE views= 8 mean_abs_feat_delta= 0.331454
EDGE_TTA_ACTIVE views= 8 mean_abs_feat_delta= 0.331454
EDGE_TTA_ACTIVE views= 8 mean_abs_feat_delta= 0.353373
EDGE_TTA_ACTIVE views= 8 mean_abs_feat_delta= 0.353373
EDGE_TTA_ACTIVE views= 8 mean_abs_feat_delta= 0.332081
EDGE_TTA_ACTIVE views= 8 mean_abs_feat_delta= 0.332081
EDGE_TTA_ACTIVE views= 8 mean_abs_feat_delta= 0.366767
EDGE_TTA_ACTIVE views= 8 mean_abs_feat_delta= 0.366767
EDGE_TTA_ACTIVE views= 8 mean_abs_feat_delta= 0.331331
EDGE_TTA_ACTIVE views= 8 mean_abs_feat_delta= 0.331331
EDGE_TTA_ACTIVE views= 8 mean_abs_feat_delta= 0.360859
EDGE_TTA_ACTIVE views= 8 mean_abs_feat_delta= 0.360859
EDGE_TTA_ACTIVE views= 8 mean_abs_feat_delta= 0.331316
EDGE_TTA_ACTIVE views= 8 mean_abs_feat_delta= 0.331316
EDGE_TTA_ACTIVE views= 8 mean_abs_feat_delta= 0.358711
EDGE_TTA_ACTIVE views= 8 mean_abs_feat_delta= 0.358711
EDGE_TTA_ACTIVE views= 8 mean_abs_feat_delta= 0.331281
EDGE_TTA_ACTIVE views= 8 mean_abs_feat_delta= 0.331281
EDGE_TTA_ACTIVE views= 8 mean_abs_feat_delta= 0.357908
EDGE_TTA_ACTIVE views= 8 mean_abs_feat_delta= 0.357908
EDGE_TTA_ACTIVE views= 8 mean_abs_feat_delta= 0.332495
EDGE_TTA_ACTIVE views= 8 mean_abs_feat_delta= 0.332495
EDGE_TTA_ACTIVE views= 8 mean_abs_feat_delta= 0.36076
EDGE_TTA_ACTIVE views= 8 mean_abs_feat_delta= 0.36076
EDGE_TTA_ACTIVE views= 8 mean_abs_feat_delta= 0.326164
EDGE_TTA_ACTIVE views= 8 mean_abs_feat_delta= 0.326164
EDGE_TTA_ACTIVE views= 8 mean_abs_feat_delta= 0.363026
EDGE_TTA_ACTIVE views= 8 mean_abs_feat_delta= 0.363026
EDGE_TTA_ACTIVE views= 8 mean_abs_feat_delta= 0.3318
EDGE_TTA_ACTIVE views= 8 mean_abs_feat_delta= 0.36528
EDGE_TTA_ACTIVE views= 8 mean_abs_feat_delta= 0.3318
EDGE_TTA_ACTIVE views= 8 mean_abs_feat_delta= 0.36528
EDGE_TTA_ACTIVE views= 8 mean_abs_feat_delta= 0.365255
EDGE_TTA_ACTIVE views= 8 mean_abs_feat_delta= 0.332454
EDGE_TTA_ACTIVE views= 8 mean_abs_feat_delta= 0.365255
EDGE_TTA_ACTIVE views= 8 mean_abs_feat_delta= 0.332454
EDGE_TTA_ACTIVE views= 8 mean_abs_feat_delta= 0.364292
EDGE_TTA_ACTIVE views= 8 mean_abs_feat_delta= 0.364292
EDGE_TTA_ACTIVE views= 8 mean_abs_feat_delta= 0.329795
EDGE_TTA_ACTIVE views= 8 mean_abs_feat_delta= 0.329795
EDGE_TTA_ACTIVE views= 8 mean_abs_feat_delta= 0.369457
EDGE_TTA_ACTIVE views= 8 mean_abs_feat_delta= 0.369457
EDGE_TTA_ACTIVE views= 8 mean_abs_feat_delta= 0.330008
EDGE_TTA_ACTIVE views= 8 mean_abs_feat_delta= 0.330008
EDGE_TTA_ACTIVE views= 8 mean_abs_feat_delta= 0.366989
EDGE_TTA_ACTIVE views= 8 mean_abs_feat_delta= 0.366989
EDGE_TTA_ACTIVE views= 8 mean_abs_feat_delta= 0.327924
EDGE_TTA_ACTIVE views= 8 mean_abs_feat_delta= 0.327924
EDGE_TTA_ACTIVE views= 8 mean_abs_feat_delta= 0.364738
EDGE_TTA_ACTIVE views= 8 mean_abs_feat_delta= 0.364738
EDGE_TTA_ACTIVE views= 8 mean_abs_feat_delta= 0.324294
EDGE_TTA_ACTIVE views= 8 mean_abs_feat_delta= 0.324294
EDGE_TTA_ACTIVE views= 8 mean_abs_feat_delta= 0.368159
EDGE_TTA_ACTIVE views= 8 mean_abs_feat_delta= 0.368159
EDGE_TTA_ACTIVE views= 8 mean_abs_feat_delta= 0.329966
EDGE_TTA_ACTIVE views= 8 mean_abs_feat_delta= 0.329966
EDGE_TTA_ACTIVE views= 8 mean_abs_feat_delta= 0.370711
EDGE_TTA_ACTIVE views= 8 mean_abs_feat_delta= 0.370711
EDGE_TTA_ACTIVE views= 8 mean_abs_feat_delta= 0.322964
EDGE_TTA_ACTIVE views= 8 mean_abs_feat_delta= 0.322964
EDGE_TTA_ACTIVE views= 8 mean_abs_feat_delta= 0.360618
EDGE_TTA_ACTIVE views= 8 mean_abs_feat_delta= 0.360618
EDGE_TTA_ACTIVE views= 8 mean_abs_feat_delta= 0.372812
EDGE_TTA_ACTIVE views= 8 mean_abs_feat_delta= 0.329623
EDGE_TTA_ACTIVE views= 8 mean_abs_feat_delta= 0.372812
EDGE_TTA_ACTIVE views= 8 mean_abs_feat_delta= 0.329623
EDGE_TTA_ACTIVE views= 8 mean_abs_feat_delta= 0.374406
EDGE_TTA_ACTIVE views= 8 mean_abs_feat_delta= 0.374406
EDGE_TTA_ACTIVE views= 8 mean_abs_feat_delta= 0.33189
EDGE_TTA_ACTIVE views= 8 mean_abs_feat_delta= 0.33189
EDGE_TTA_ACTIVE views= 8 mean_abs_feat_delta= 0.3777
EDGE_TTA_ACTIVE views= 8 mean_abs_feat_delta= 0.3777
EDGE_TTA_ACTIVE views= 8 mean_abs_feat_delta= 0.328077
EDGE_TTA_ACTIVE views= 8 mean_abs_feat_delta= 0.328077
EDGE_TTA_ACTIVE views= 8 mean_abs_feat_delta= 0.376339
EDGE_TTA_ACTIVE views= 8 mean_abs_feat_delta= 0.376339
EDGE_TTA_ACTIVE views= 8 mean_abs_feat_delta= 0.330658
EDGE_TTA_ACTIVE views= 8 mean_abs_feat_delta= 0.330658
EDGE_TTA_ACTIVE views= 8 mean_abs_feat_delta= 0.369146
EDGE_TTA_ACTIVE views= 8 mean_abs_feat_delta= 0.369146
EDGE_TTA_ACTIVE views= 8 mean_abs_feat_delta= 0.330195
EDGE_TTA_ACTIVE views= 8 mean_abs_feat_delta= 0.330195
EDGE_TTA_ACTIVE views= 8 mean_abs_feat_delta= 0.367025
EDGE_TTA_ACTIVE views= 8 mean_abs_feat_delta= 0.367025
EDGE_TTA_ACTIVE views= 8 mean_abs_feat_delta= 0.332086
EDGE_TTA_ACTIVE views= 8 mean_abs_feat_delta= 0.332086
EDGE_TTA_ACTIVE views= 8 mean_abs_feat_delta= 0.371094
EDGE_TTA_ACTIVE views= 8 mean_abs_feat_delta= 0.371094
EDGE_TTA_ACTIVE views= 8 mean_abs_feat_delta= 0.334902
EDGE_TTA_ACTIVE views= 8 mean_abs_feat_delta= 0.334902
EDGE_TTA_ACTIVE views= 8 mean_abs_feat_delta= 0.375255
EDGE_TTA_ACTIVE views= 8 mean_abs_feat_delta= 0.375255
EDGE_TTA_ACTIVE views= 8 mean_abs_feat_delta= 0.331026
EDGE_TTA_ACTIVE views= 8 mean_abs_feat_delta= 0.331026
EDGE_TTA_ACTIVE views= 8 mean_abs_feat_delta= 0.373994
EDGE_TTA_ACTIVE views= 8 mean_abs_feat_delta= 0.373994
EDGE_TTA_ACTIVE views= 8 mean_abs_feat_delta= 0.366011
EDGE_TTA_ACTIVE views= 8 mean_abs_feat_delta= 0.33352
EDGE_TTA_ACTIVE views= 8 mean_abs_feat_delta= 0.366011
EDGE_TTA_ACTIVE views= 8 mean_abs_feat_delta= 0.33352
EDGE_TTA_ACTIVE views= 8 mean_abs_feat_delta= 0.364698
EDGE_TTA_ACTIVE views= 8 mean_abs_feat_delta= 0.364698
EDGE_TTA_ACTIVE views= 8 mean_abs_feat_delta= 0.333668
EDGE_TTA_ACTIVE views= 8 mean_abs_feat_delta= 0.333668
EDGE_TTA_ACTIVE views= 8 mean_abs_feat_delta= 0.366732
EDGE_TTA_ACTIVE views= 8 mean_abs_feat_delta= 0.366732
EDGE_TTA_ACTIVE views= 8 mean_abs_feat_delta= 0.326117
EDGE_TTA_ACTIVE views= 8 mean_abs_feat_delta= 0.326117
EDGE_TTA_ACTIVE views= 8 mean_abs_feat_delta= 0.370041
EDGE_TTA_ACTIVE views= 8 mean_abs_feat_delta= 0.370041
EDGE_TTA_ACTIVE views= 8 mean_abs_feat_delta= 0.327201
EDGE_TTA_ACTIVE views= 8 mean_abs_feat_delta= 0.327201
EDGE_TTA_ACTIVE views= 8 mean_abs_feat_delta= 0.367914
EDGE_TTA_ACTIVE views= 8 mean_abs_feat_delta= 0.367914
EDGE_TTA_ACTIVE views= 8 mean_abs_feat_delta= 0.330095
EDGE_TTA_ACTIVE views= 8 mean_abs_feat_delta= 0.330095
EDGE_TTA_ACTIVE views= 8 mean_abs_feat_delta= 0.352519
EDGE_TTA_ACTIVE views= 8 mean_abs_feat_delta= 0.352519
BIOHUB_RETENTION_GUARD {"blended_candidates": 66, "dataset": "6bba_05b6850b", "frame": 43, "minimum_retention": 0.9, "primary_candidates": 74, "retention": 0.8918918918918919, "use_primary": true}
BIOHUB_RETENTION_GUARD {"blended_candidates": 66, "dataset": "6bba_05b6850b", "frame": 43, "minimum_retention": 0.9, "primary_candidates": 74, "retention": 0.8918918918918919, "use_primary": true}
EDGE_TTA_ACTIVE views= 8 mean_abs_feat_delta= 0.333419
EDGE_TTA_ACTIVE views= 8 mean_abs_feat_delta= 0.333419
EDGE_TTA_ACTIVE views= 8 mean_abs_feat_delta= 0.36891
EDGE_TTA_ACTIVE views= 8 mean_abs_feat_delta= 0.36891
EDGE_TTA_ACTIVE views= 8 mean_abs_feat_delta= 0.338616
EDGE_TTA_ACTIVE views= 8 mean_abs_feat_delta= 0.338616
EDGE_TTA_ACTIVE views= 8 mean_abs_feat_delta= 0.372785
EDGE_TTA_ACTIVE views= 8 mean_abs_feat_delta= 0.372785
EDGE_TTA_ACTIVE views= 8 mean_abs_feat_delta= 0.335349
EDGE_TTA_ACTIVE views= 8 mean_abs_feat_delta= 0.335349
EDGE_TTA_ACTIVE views= 8 mean_abs_feat_delta= 0.372432
EDGE_TTA_ACTIVE views= 8 mean_abs_feat_delta= 0.372432
EDGE_TTA_ACTIVE views= 8 mean_abs_feat_delta= 0.337635
EDGE_TTA_ACTIVE views= 8 mean_abs_feat_delta= 0.371331
EDGE_TTA_ACTIVE views= 8 mean_abs_feat_delta= 0.337635
EDGE_TTA_ACTIVE views= 8 mean_abs_feat_delta= 0.371331
EDGE_TTA_ACTIVE views= 8 mean_abs_feat_delta= 0.369641
EDGE_TTA_ACTIVE views= 8 mean_abs_feat_delta= 0.336677
EDGE_TTA_ACTIVE views= 8 mean_abs_feat_delta= 0.369641
EDGE_TTA_ACTIVE views= 8 mean_abs_feat_delta= 0.336677
EDGE_TTA_ACTIVE views= 8 mean_abs_feat_delta= 0.371647
EDGE_TTA_ACTIVE views= 8 mean_abs_feat_delta= 0.371647
EDGE_TTA_ACTIVE views= 8 mean_abs_feat_delta= 0.334169
EDGE_TTA_ACTIVE views= 8 mean_abs_feat_delta= 0.334169
EDGE_TTA_ACTIVE views= 8 mean_abs_feat_delta= 0.368025
EDGE_TTA_ACTIVE views= 8 mean_abs_feat_delta= 0.368025
EDGE_TTA_ACTIVE views= 8 mean_abs_feat_delta= 0.334586
EDGE_TTA_ACTIVE views= 8 mean_abs_feat_delta= 0.334586
EDGE_TTA_ACTIVE views= 8 mean_abs_feat_delta= 0.362922
EDGE_TTA_ACTIVE views= 8 mean_abs_feat_delta= 0.362922
EDGE_TTA_ACTIVE views= 8 mean_abs_feat_delta= 0.333591
EDGE_TTA_ACTIVE views= 8 mean_abs_feat_delta= 0.333591
EDGE_TTA_ACTIVE views= 8 mean_abs_feat_delta= 0.352705
EDGE_TTA_ACTIVE views= 8 mean_abs_feat_delta= 0.352705
EDGE_TTA_ACTIVE views= 8 mean_abs_feat_delta= 0.333424
EDGE_TTA_ACTIVE views= 8 mean_abs_feat_delta= 0.333424
EDGE_TTA_ACTIVE views= 8 mean_abs_feat_delta= 0.336896
EDGE_TTA_ACTIVE views= 8 mean_abs_feat_delta= 0.336896
EDGE_TTA_ACTIVE views= 8 mean_abs_feat_delta= 0.329672
EDGE_TTA_ACTIVE views= 8 mean_abs_feat_delta= 0.329672
EDGE_TTA_ACTIVE views= 8 mean_abs_feat_delta= 0.34476
EDGE_TTA_ACTIVE views= 8 mean_abs_feat_delta= 0.34476
EDGE_TTA_ACTIVE views= 8 mean_abs_feat_delta= 0.330847
EDGE_TTA_ACTIVE views= 8 mean_abs_feat_delta= 0.330847
EDGE_TTA_ACTIVE views= 8 mean_abs_feat_delta= 0.351291
EDGE_TTA_ACTIVE views= 8 mean_abs_feat_delta= 0.351291
EDGE_TTA_ACTIVE views= 8 mean_abs_feat_delta= 0.332545
EDGE_TTA_ACTIVE views= 8 mean_abs_feat_delta= 0.332545
EDGE_TTA_ACTIVE views= 8 mean_abs_feat_delta= 0.350787
EDGE_TTA_ACTIVE views= 8 mean_abs_feat_delta= 0.350787
EDGE_TTA_ACTIVE views= 8 mean_abs_feat_delta= 0.333406
EDGE_TTA_ACTIVE views= 8 mean_abs_feat_delta= 0.333406
EDGE_TTA_ACTIVE views= 8 mean_abs_feat_delta= 0.352459
EDGE_TTA_ACTIVE views= 8 mean_abs_feat_delta= 0.352459
EDGE_TTA_ACTIVE views= 8 mean_abs_feat_delta= 0.33416
EDGE_TTA_ACTIVE views= 8 mean_abs_feat_delta= 0.33416
EDGE_TTA_ACTIVE views= 8 mean_abs_feat_delta= 0.343926
EDGE_TTA_ACTIVE views= 8 mean_abs_feat_delta= 0.343926
EDGE_TTA_ACTIVE views= 8 mean_abs_feat_delta= 0.335015
EDGE_TTA_ACTIVE views= 8 mean_abs_feat_delta= 0.361961
EDGE_TTA_ACTIVE views= 8 mean_abs_feat_delta= 0.335015
EDGE_TTA_ACTIVE views= 8 mean_abs_feat_delta= 0.361961
EDGE_TTA_ACTIVE views= 8 mean_abs_feat_delta= 0.359198
EDGE_TTA_ACTIVE views= 8 mean_abs_feat_delta= 0.342511
EDGE_TTA_ACTIVE views= 8 mean_abs_feat_delta= 0.359198
EDGE_TTA_ACTIVE views= 8 mean_abs_feat_delta= 0.342511
EDGE_TTA_ACTIVE views= 8 mean_abs_feat_delta= 0.364122
EDGE_TTA_ACTIVE views= 8 mean_abs_feat_delta= 0.364122
EDGE_TTA_ACTIVE views= 8 mean_abs_feat_delta= 0.342159
EDGE_TTA_ACTIVE views= 8 mean_abs_feat_delta= 0.342159
EDGE_TTA_ACTIVE views= 8 mean_abs_feat_delta= 0.357428
EDGE_TTA_ACTIVE views= 8 mean_abs_feat_delta= 0.357428
EDGE_TTA_ACTIVE views= 8 mean_abs_feat_delta= 0.340811
EDGE_TTA_ACTIVE views= 8 mean_abs_feat_delta= 0.340811
EDGE_TTA_ACTIVE views= 8 mean_abs_feat_delta= 0.343652
EDGE_TTA_ACTIVE views= 8 mean_abs_feat_delta= 0.343652
EDGE_TTA_ACTIVE views= 8 mean_abs_feat_delta= 0.349582
EDGE_TTA_ACTIVE views= 8 mean_abs_feat_delta= 0.349582
EDGE_TTA_ACTIVE views= 8 mean_abs_feat_delta= 0.355033
EDGE_TTA_ACTIVE views= 8 mean_abs_feat_delta= 0.355033
EDGE_TTA_ACTIVE views= 8 mean_abs_feat_delta= 0.350508
EDGE_TTA_ACTIVE views= 8 mean_abs_feat_delta= 0.350508
EDGE_TTA_ACTIVE views= 8 mean_abs_feat_delta= 0.351347
EDGE_TTA_ACTIVE views= 8 mean_abs_feat_delta= 0.351347
EDGE_TTA_ACTIVE views= 8 mean_abs_feat_delta= 0.347721
EDGE_TTA_ACTIVE views= 8 mean_abs_feat_delta= 0.347721
EDGE_TTA_ACTIVE views= 8 mean_abs_feat_delta= 0.353252
EDGE_TTA_ACTIVE views= 8 mean_abs_feat_delta= 0.353252
EDGE_TTA_ACTIVE views= 8 mean_abs_feat_delta= 0.347752
EDGE_TTA_ACTIVE views= 8 mean_abs_feat_delta= 0.347752
EDGE_TTA_ACTIVE views= 8 mean_abs_feat_delta= 0.33905
EDGE_TTA_ACTIVE views= 8 mean_abs_feat_delta= 0.33905
EDGE_TTA_ACTIVE views= 8 mean_abs_feat_delta= 0.347648
EDGE_TTA_ACTIVE views= 8 mean_abs_feat_delta= 0.347648
EDGE_TTA_ACTIVE views= 8 mean_abs_feat_delta= 0.354422
EDGE_TTA_ACTIVE views= 8 mean_abs_feat_delta= 0.354422
EDGE_TTA_ACTIVE views= 8 mean_abs_feat_delta= 0.350568
EDGE_TTA_ACTIVE views= 8 mean_abs_feat_delta= 0.350568
EDGE_TTA_ACTIVE views= 8 mean_abs_feat_delta= 0.359708
EDGE_TTA_ACTIVE views= 8 mean_abs_feat_delta= 0.359708
EDGE_TTA_ACTIVE views= 8 mean_abs_feat_delta= 0.339277
EDGE_TTA_ACTIVE views= 8 mean_abs_feat_delta= 0.339277
EDGE_TTA_ACTIVE views= 8 mean_abs_feat_delta= 0.359515
EDGE_TTA_ACTIVE views= 8 mean_abs_feat_delta= 0.359515
EDGE_TTA_ACTIVE views= 8 mean_abs_feat_delta= 0.341866
EDGE_TTA_ACTIVE views= 8 mean_abs_feat_delta= 0.341866
EDGE_TTA_ACTIVE views= 8 mean_abs_feat_delta= 0.356987
EDGE_TTA_ACTIVE views= 8 mean_abs_feat_delta= 0.356987
EDGE_TTA_ACTIVE views= 8 mean_abs_feat_delta= 0.344401
EDGE_TTA_ACTIVE views= 8 mean_abs_feat_delta= 0.358806
EDGE_TTA_ACTIVE views= 8 mean_abs_feat_delta= 0.344401
EDGE_TTA_ACTIVE views= 8 mean_abs_feat_delta= 0.358806
EDGE_TTA_ACTIVE views= 8 mean_abs_feat_delta= 0.360605
EDGE_TTA_ACTIVE views= 8 mean_abs_feat_delta= 0.341738
EDGE_TTA_ACTIVE views= 8 mean_abs_feat_delta= 0.360605
EDGE_TTA_ACTIVE views= 8 mean_abs_feat_delta= 0.341738
EDGE_TTA_ACTIVE views= 8 mean_abs_feat_delta= 0.35888
EDGE_TTA_ACTIVE views= 8 mean_abs_feat_delta= 0.35888
EDGE_TTA_ACTIVE views= 8 mean_abs_feat_delta= 0.339738
EDGE_TTA_ACTIVE views= 8 mean_abs_feat_delta= 0.339738
EDGE_TTA_ACTIVE views= 8 mean_abs_feat_delta= 0.364525
EDGE_TTA_ACTIVE views= 8 mean_abs_feat_delta= 0.364525
EDGE_TTA_ACTIVE views= 8 mean_abs_feat_delta= 0.336334
EDGE_TTA_ACTIVE views= 8 mean_abs_feat_delta= 0.336334
EDGE_TTA_ACTIVE views= 8 mean_abs_feat_delta= 0.367055
EDGE_TTA_ACTIVE views= 8 mean_abs_feat_delta= 0.367055
EDGE_TTA_ACTIVE views= 8 mean_abs_feat_delta= 0.336552
EDGE_TTA_ACTIVE views= 8 mean_abs_feat_delta= 0.336552
EDGE_TTA_ACTIVE views= 8 mean_abs_feat_delta= 0.351417
EDGE_TTA_ACTIVE views= 8 mean_abs_feat_delta= 0.351417
EDGE_TTA_ACTIVE views= 8 mean_abs_feat_delta= 0.336751
EDGE_TTA_ACTIVE views= 8 mean_abs_feat_delta= 0.336751
EDGE_TTA_ACTIVE views= 8 mean_abs_feat_delta= 0.363487
EDGE_TTA_ACTIVE views= 8 mean_abs_feat_delta= 0.363487
EDGE_TTA_ACTIVE views= 8 mean_abs_feat_delta= 0.342229
EDGE_TTA_ACTIVE views= 8 mean_abs_feat_delta= 0.342229
EDGE_TTA_ACTIVE views= 8 mean_abs_feat_delta= 0.361591
EDGE_TTA_ACTIVE views= 8 mean_abs_feat_delta= 0.361591
EDGE_TTA_ACTIVE views= 8 mean_abs_feat_delta= 0.34433
EDGE_TTA_ACTIVE views= 8 mean_abs_feat_delta= 0.34433
EDGE_TTA_ACTIVE views= 8 mean_abs_feat_delta= 0.35878
EDGE_TTA_ACTIVE views= 8 mean_abs_feat_delta= 0.35878
EDGE_TTA_ACTIVE views= 8 mean_abs_feat_delta= 0.338919
EDGE_TTA_ACTIVE views= 8 mean_abs_feat_delta= 0.338919
EDGE_TTA_ACTIVE views= 8 mean_abs_feat_delta= 0.361252
EDGE_TTA_ACTIVE views= 8 mean_abs_feat_delta= 0.361252
EDGE_TTA_ACTIVE views= 8 mean_abs_feat_delta= 0.334467
EDGE_TTA_ACTIVE views= 8 mean_abs_feat_delta= 0.334467
EDGE_TTA_ACTIVE views= 8 mean_abs_feat_delta= 0.357825
EDGE_TTA_ACTIVE views= 8 mean_abs_feat_delta= 0.357825
EDGE_TTA_ACTIVE views= 8 mean_abs_feat_delta= 0.334048
EDGE_TTA_ACTIVE views= 8 mean_abs_feat_delta= 0.334048
EDGE_TTA_ACTIVE views= 8 mean_abs_feat_delta= 0.356818
EDGE_TTA_ACTIVE views= 8 mean_abs_feat_delta= 0.356818
EDGE_TTA_ACTIVE views= 8 mean_abs_feat_delta= 0.334845
EDGE_TTA_ACTIVE views= 8 mean_abs_feat_delta= 0.334845
EDGE_TTA_ACTIVE views= 8 mean_abs_feat_delta= 0.358323
EDGE_TTA_ACTIVE views= 8 mean_abs_feat_delta= 0.358323
EDGE_TTA_ACTIVE views= 8 mean_abs_feat_delta= 0.334767
EDGE_TTA_ACTIVE views= 8 mean_abs_feat_delta= 0.352135
EDGE_TTA_ACTIVE views= 8 mean_abs_feat_delta= 0.334767
EDGE_TTA_ACTIVE views= 8 mean_abs_feat_delta= 0.352135
EDGE_TTA_ACTIVE views= 8 mean_abs_feat_delta= 0.330452
EDGE_TTA_ACTIVE views= 8 mean_abs_feat_delta= 0.351911
EDGE_TTA_ACTIVE views= 8 mean_abs_feat_delta= 0.330452
EDGE_TTA_ACTIVE views= 8 mean_abs_feat_delta= 0.351911
EDGE_TTA_ACTIVE views= 8 mean_abs_feat_delta= 0.356519
EDGE_TTA_ACTIVE views= 8 mean_abs_feat_delta= 0.33197
EDGE_TTA_ACTIVE views= 8 mean_abs_feat_delta= 0.356519
EDGE_TTA_ACTIVE views= 8 mean_abs_feat_delta= 0.33197
EDGE_TTA_ACTIVE views= 8 mean_abs_feat_delta= 0.353385
EDGE_TTA_ACTIVE views= 8 mean_abs_feat_delta= 0.353385
EDGE_TTA_ACTIVE views= 8 mean_abs_feat_delta= 0.33369
EDGE_TTA_ACTIVE views= 8 mean_abs_feat_delta= 0.33369
EDGE_TTA_ACTIVE views= 8 mean_abs_feat_delta= 0.351229
EDGE_TTA_ACTIVE views= 8 mean_abs_feat_delta= 0.351229
EDGE_TTA_ACTIVE views= 8 mean_abs_feat_delta= 0.335249
EDGE_TTA_ACTIVE views= 8 mean_abs_feat_delta= 0.335249
EDGE_TTA_ACTIVE views= 8 mean_abs_feat_delta= 0.350705
EDGE_TTA_ACTIVE views= 8 mean_abs_feat_delta= 0.350705
EDGE_TTA_ACTIVE views= 8 mean_abs_feat_delta= 0.33665
EDGE_TTA_ACTIVE views= 8 mean_abs_feat_delta= 0.33665
EDGE_TTA_ACTIVE views= 8 mean_abs_feat_delta= 0.353278
EDGE_TTA_ACTIVE views= 8 mean_abs_feat_delta= 0.353278
EDGE_TTA_ACTIVE views= 8 mean_abs_feat_delta= 0.338336
EDGE_TTA_ACTIVE views= 8 mean_abs_feat_delta= 0.338336
EDGE_TTA_ACTIVE views= 8 mean_abs_feat_delta= 0.358064
EDGE_TTA_ACTIVE views= 8 mean_abs_feat_delta= 0.358064
EDGE_TTA_ACTIVE views= 8 mean_abs_feat_delta= 0.337788
EDGE_TTA_ACTIVE views= 8 mean_abs_feat_delta= 0.337788
EDGE_TTA_ACTIVE views= 8 mean_abs_feat_delta= 0.35946
EDGE_TTA_ACTIVE views= 8 mean_abs_feat_delta= 0.35946
EDGE_TTA_ACTIVE views= 8 mean_abs_feat_delta= 0.325091
EDGE_TTA_ACTIVE views= 8 mean_abs_feat_delta= 0.325091
EDGE_TTA_ACTIVE views= 8 mean_abs_feat_delta= 0.357537
EDGE_TTA_ACTIVE views= 8 mean_abs_feat_delta= 0.357537
EDGE_TTA_ACTIVE views= 8 mean_abs_feat_delta= 0.32712
EDGE_TTA_ACTIVE views= 8 mean_abs_feat_delta= 0.32712
EDGE_TTA_ACTIVE views= 8 mean_abs_feat_delta= 0.357561
EDGE_TTA_ACTIVE views= 8 mean_abs_feat_delta= 0.357561
EDGE_TTA_ACTIVE views= 8 mean_abs_feat_delta= 0.323213
EDGE_TTA_ACTIVE views= 8 mean_abs_feat_delta= 0.323213
EDGE_TTA_ACTIVE views= 8 mean_abs_feat_delta= 0.356691
EDGE_TTA_ACTIVE views= 8 mean_abs_feat_delta= 0.356691
EDGE_TTA_ACTIVE views= 8 mean_abs_feat_delta= 0.321976
EDGE_TTA_ACTIVE views= 8 mean_abs_feat_delta= 0.321976
EDGE_TTA_ACTIVE views= 8 mean_abs_feat_delta= 0.360713
EDGE_TTA_ACTIVE views= 8 mean_abs_feat_delta= 0.360713
EDGE_TTA_ACTIVE views= 8 mean_abs_feat_delta= 0.323768
EDGE_TTA_ACTIVE views= 8 mean_abs_feat_delta= 0.323768
EDGE_TTA_ACTIVE views= 8 mean_abs_feat_delta= 0.361191
EDGE_TTA_ACTIVE views= 8 mean_abs_feat_delta= 0.361191
EDGE_TTA_ACTIVE views= 8 mean_abs_feat_delta= 0.324838
EDGE_TTA_ACTIVE views= 8 mean_abs_feat_delta= 0.324838
EDGE_TTA_ACTIVE views= 8 mean_abs_feat_delta= 0.363957
EDGE_TTA_ACTIVE views= 8 mean_abs_feat_delta= 0.363957
EDGE_TTA_ACTIVE views= 8 mean_abs_feat_delta= 0.323094
EDGE_TTA_ACTIVE views= 8 mean_abs_feat_delta= 0.323094
EDGE_TTA_ACTIVE views= 8 mean_abs_feat_delta= 0.322603
EDGE_TTA_ACTIVE views= 8 mean_abs_feat_delta= 0.322603
Saved 2 predictions to /kaggle/working/tracking_repo/predictions/unknown/unet_transformer_gpu0/split_0
Saved 2 predictions to /kaggle/working/tracking_repo/predictions/unknown/unet_transformer_gpu0/split_0
EDGE_TTA_ACTIVE views= 8 mean_abs_feat_delta= 0.325152
EDGE_TTA_ACTIVE views= 8 mean_abs_feat_delta= 0.325152
EDGE_TTA_ACTIVE views= 8 mean_abs_feat_delta= 0.328347
EDGE_TTA_ACTIVE views= 8 mean_abs_feat_delta= 0.328347
EDGE_TTA_ACTIVE views= 8 mean_abs_feat_delta= 0.328262
EDGE_TTA_ACTIVE views= 8 mean_abs_feat_delta= 0.328262
EDGE_TTA_ACTIVE views= 8 mean_abs_feat_delta= 0.327618
EDGE_TTA_ACTIVE views= 8 mean_abs_feat_delta= 0.327618
Saved 2 predictions to /kaggle/working/tracking_repo/predictions/unknown/unet_transformer_gpu1/split_0
Saved 2 predictions to /kaggle/working/tracking_repo/predictions/unknown/unet_transformer_gpu1/split_0
Merged 4 prediction graphs into /kaggle/working/tracking_repo/predictions/unknown/unet_transformer/split_0
Prediction completed in 9.22 minutes
Trying DeepCenter add-only gate checkpoint: /kaggle/input/datasets/pilkwang/biohub-deepcenter-unet3d-center-prior-v1/weights/full_frame_center/best.pt
Loaded DeepCenter add-only gate checkpoint: /kaggle/input/datasets/pilkwang/biohub-deepcenter-unet3d-center-prior-v1/weights/full_frame_center/best.pt
DeepCenter checkpoint epoch: 2 best_score: -0.04500306242456039
Found 4 prediction graphs
  [44b6_0113de3b] after edge-filter+motion-relink: 25821 nodes, 24935 edges
  [44b6_0113de3b] after gap-closing (single-frame + gap2): 25883 nodes, 25050 edges
  [44b6_0113de3b] after safe-division repair: 25883 nodes, 25099 edges (geometric_candidates=172, deepcenter_rejected=110, post_veto_candidates=62, added=49, cap_skipped=0, mutual_nn_rejected=61, divergence_rejected=546)
  [44b6_0113de3b] after division-geometry-filter+prune-isolated: 25877 nodes, 25099 edges
  [44b6_0113de3b] after short-track filtering: 25621 nodes, 24901 edges (components_removed=58)
  [44b6_0113de3b] FINAL: 25621 nodes, 24901 edges
  [44b6_0b24845f] after edge-filter+motion-relink: 22507 nodes, 20386 edges
  [44b6_0b24845f] after gap-closing (single-frame + gap2): 22898 nodes, 21096 edges
  [44b6_0b24845f] after safe-division repair: 22898 nodes, 21111 edges (geometric_candidates=232, deepcenter_rejected=215, post_veto_candidates=17, added=15, cap_skipped=0, mutual_nn_rejected=62, divergence_rejected=902)
  [44b6_0b24845f] after division-geometry-filter+prune-isolated: 22885 nodes, 21111 edges
  [44b6_0b24845f] after short-track filtering: 20744 nodes, 19458 edges (components_removed=488)
  [44b6_0b24845f] FINAL: 20744 nodes, 19458 edges
  [6bba_05b6850b] after edge-filter+motion-relink: 6303 nodes, 6030 edges
  [6bba_05b6850b] after gap-closing (single-frame + gap2): 6334 nodes, 6086 edges
  [6bba_05b6850b] after safe-division repair: 6334 nodes, 6095 edges (geometric_candidates=22, deepcenter_rejected=13, post_veto_candidates=9, added=9, cap_skipped=0, mutual_nn_rejected=5, divergence_rejected=82)
  [6bba_05b6850b] after division-geometry-filter+prune-isolated: 6333 nodes, 6095 edges
  [6bba_05b6850b] after short-track filtering: 6150 nodes, 5955 edges (components_removed=43)
  [6bba_05b6850b] FINAL: 6150 nodes, 5955 edges
  [6bba_05db0fb1] after edge-filter+motion-relink: 70697 nodes, 67986 edges
  [6bba_05db0fb1] after gap-closing (single-frame + gap2): 71121 nodes, 68779 edges
  [6bba_05db0fb1] after safe-division repair: 71121 nodes, 68807 edges (geometric_candidates=302, deepcenter_rejected=267, post_veto_candidates=35, added=28, cap_skipped=0, mutual_nn_rejected=271, divergence_rejected=2635)
  [6bba_05db0fb1] after division-geometry-filter+prune-isolated: 71098 nodes, 68807 edges
  [6bba_05db0fb1] after short-track filtering: 70276 nodes, 68177 edges (components_removed=192)
  [6bba_05db0fb1] FINAL: 70276 nodes, 68177 edges
Wrote /kaggle/working/submission.csv with 241,282 rows
Node rows: 122,791 | edge rows: 118,491
Wrote /kaggle/working/run_stats.csv
{
  "configuration": {
    "bidirectional_primary_weight": 0.3,
    "deepcenter_gap_confirm_min_span_um": 8.5,
    "deepcenter_gap_threshold": 0.25,
    "detector_threshold": 0.96875,
    "edge_candidate_threshold": 0.48,
    "fallback_scope": "individual_frame",
    "gap_close_um": 5.8,
    "ilp_appearance_weight": 0.0,
    "ilp_disappearance_weight": 1.5,
    "minimum_candidate_retention": 0.9,
    "secondary_detection_weight": 0.475,
    "secondary_edge_weight": 0.15,
    "secondary_link_mode": "low_margin_consensus",
    "secondary_low_margin_max": 0.35
  },
  "diagnostics": {
    "by_movie": {
      "44b6_0113de3b": {
        "fallback_frames": 0,
        "frames": 100,
        "median_retention": 1.0118578927634045,
        "minimum_retention": 0.9926739926739927
      },
      "44b6_0b24845f": {
        "fallback_frames": 64,
        "frames": 100,
        "median_retention": 0.8618514846811123,
        "minimum_retention": 0.45307443365695793
      },
      "6bba_05b6850b": {
        "fallback_frames": 1,
        "frames": 100,
        "median_retention": 1.0137012012012012,
        "minimum_retention": 0.8918918918918919
      },
      "6bba_05db0fb1": {
        "fallback_frames": 0,
        "frames": 100,
        "median_retention": 1.0110725229826354,
        "minimum_retention": 0.9715142428785607
      }
    },
    "fallback_frames": 65,
    "rows": 400
  },
  "experiment": "harmonic_bidirectional_association_v1",
  "hardware": {
    "visible_gpu_count": 2
  },
  "leaderboard_feedback_used_for_configuration": true,
  "method_attribution": "fixed-90 dual-seed baseline with harmonic mutual-support association fusion (rule from public CC0 notebook yusuketogashi/no-hack-biohub-cell-another-approch-3rd v18)",
  "metric_hack_used": false,
  "organizer_labels_used_for_configuration": false,
  "parent_experiment": "paired_bidirectional_primary_weight020_vs_forward_v1",
  "public_output_used": false,
  "quality_promotion": {
    "execute_push_submit": "FORBIDDEN_UNTIL_REQUIRED_CONDITION",
    "required_condition": "promote=true",
    "required_receipt": "bidirectional_blend_union13_receipt.json",
    "status": "candidate_unverified",
    "validated_receipt_sha256": null
  },
  "source_kernel": "raykkretzschmar/biohub-bidirectional-primary-union13-diagnostic-v1",
  "source_notebook_sha256": "3e65ca691941949196bf417030ea84fccafe16baaec174b2a63540451bb937e8",
  "status": "clean_graph_audit_pass_candidate_unverified_quality",
  "submission": {
    "datasets": [
      "44b6_0113de3b",
      "44b6_0b24845f",
      "6bba_05b6850b",
      "6bba_05db0fb1"
    ],
    "rows": 241282,
    "sha256": "0319ba6d8e864335d3573f6b1a6227c546f17e9247a0c2858fa09b6c2422db3f"
  },
  "topology": {
    "44b6_0113de3b": {
      "division_parents": 49,
      "edges": 24901,
      "max_indegree": 1,
      "max_outdegree": 2,
      "nodes": 25621
    },
    "44b6_0b24845f": {
      "division_parents": 15,
      "edges": 19458,
      "max_indegree": 1,
      "max_outdegree": 2,
      "nodes": 20744
    },
    "6bba_05b6850b": {
      "division_parents": 9,
      "edges": 5955,
      "max_indegree": 1,
      "max_outdegree": 2,
      "nodes": 6150
    },
    "6bba_05db0fb1": {
      "division_parents": 28,
      "edges": 68177,
      "max_indegree": 1,
      "max_outdegree": 2,
      "nodes": 70276
    }
  }
}
VALIDATOR: excluding 4 TRAIN stem(s) that also appear in TEST_DIR: ['44b6_0113de3b', '44b6_0b24845f', '6bba_05b6850b', '6bba_05db0fb1']
VALIDATOR: selected 8 held-out TRAIN samples (4 per embryo-type prefix, 2 prefixes found, 8 contain a GT division)
['44b6_12dfb391', '44b6_267148e4', '44b6_2a2eff9f', '44b6_341df25f', '6bba_062c8d37', '6bba_07e24132', '6bba_085bf656', '6bba_09961292']
VALIDATOR: launching 2 shards on CUDA devices ['0', '1']
/usr/local/lib/python3.12/dist-packages/dask/array/image.py:7: FutureWarning: `find_available_plugins` is deprecated since version 0.25 and will be removed in version 0.27. The plugin infrastructure of `skimage.io` is deprecated. Instead, use `imageio` or other I/O packages directly.
  from skimage.io import imread as sk_imread
/usr/lib/python3.12/importlib/__init__.py:90: FutureWarning: `reset_plugins` is deprecated since version 0.25 and will be removed in version 0.27. The plugin infrastructure of `skimage.io` is deprecated. Instead, use `imageio` or other I/O packages directly.
  return _bootstrap._gcd_import(name[level:], package, level)
/usr/local/lib/python3.12/dist-packages/dask/array/image.py:7: FutureWarning: `find_available_plugins` is deprecated since version 0.25 and will be removed in version 0.27. The plugin infrastructure of `skimage.io` is deprecated. Instead, use `imageio` or other I/O packages directly.
  from skimage.io import imread as sk_imread
/usr/lib/python3.12/importlib/__init__.py:90: FutureWarning: `reset_plugins` is deprecated since version 0.25 and will be removed in version 0.27. The plugin infrastructure of `skimage.io` is deprecated. Instead, use `imageio` or other I/O packages directly.
  return _bootstrap._gcd_import(name[level:], package, level)
/usr/local/lib/python3.12/dist-packages/dask/array/image.py:7: FutureWarning: `find_available_plugins` is deprecated since version 0.25 and will be removed in version 0.27. The plugin infrastructure of `skimage.io` is deprecated. Instead, use `imageio` or other I/O packages directly.
  from skimage.io import imread as sk_imread
/usr/lib/python3.12/importlib/__init__.py:90: FutureWarning: `reset_plugins` is deprecated since version 0.25 and will be removed in version 0.27. The plugin infrastructure of `skimage.io` is deprecated. Instead, use `imageio` or other I/O packages directly.
  return _bootstrap._gcd_import(name[level:], package, level)
/usr/local/lib/python3.12/dist-packages/dask/array/image.py:7: FutureWarning: `find_available_plugins` is deprecated since version 0.25 and will be removed in version 0.27. The plugin infrastructure of `skimage.io` is deprecated. Instead, use `imageio` or other I/O packages directly.
  from skimage.io import imread as sk_imread
/usr/lib/python3.12/importlib/__init__.py:90: FutureWarning: `reset_plugins` is deprecated since version 0.25 and will be removed in version 0.27. The plugin infrastructure of `skimage.io` is deprecated. Instead, use `imageio` or other I/O packages directly.
  return _bootstrap._gcd_import(name[level:], package, level)

/usr/local/lib/python3.12/dist-packages/dask/array/image.py:7: FutureWarning: `find_available_plugins` is deprecated since version 0.25 and will be removed in version 0.27. The plugin infrastructure of `skimage.io` is deprecated. Instead, use `imageio` or other I/O packages directly.
  from skimage.io import imread as sk_imread
/usr/lib/python3.12/importlib/__init__.py:90: FutureWarning: `reset_plugins` is deprecated since version 0.25 and will be removed in version 0.27. The plugin infrastructure of `skimage.io` is deprecated. Instead, use `imageio` or other I/O packages directly.
  return _bootstrap._gcd_import(name[level:], package, level)
/usr/local/lib/python3.12/dist-packages/dask/array/image.py:7: FutureWarning: `find_available_plugins` is deprecated since version 0.25 and will be removed in version 0.27. The plugin infrastructure of `skimage.io` is deprecated. Instead, use `imageio` or other I/O packages directly.
  from skimage.io import imread as sk_imread
/usr/lib/python3.12/importlib/__init__.py:90: FutureWarning: `reset_plugins` is deprecated since version 0.25 and will be removed in version 0.27. The plugin infrastructure of `skimage.io` is deprecated. Instead, use `imageio` or other I/O packages directly.
  return _bootstrap._gcd_import(name[level:], package, level)
Secondary model: /kaggle/working/secondary_seed_weights/unet_transformer/split_0/edge_predictor_best.pth | edge weight=0.150 | detection weight=0.800 | link mode=low_margin_consensus | temperature=1.000 | low-margin max=0.350 | edge threshold=0.480
Fold 0: 4 datasets | weights=weights/unet_transformer/split_0/edge_predictor_best.pth | device=cuda | window_size=2 | pool_kernel_um=3.0
Secondary model: /kaggle/working/secondary_seed_weights/unet_transformer/split_0/edge_predictor_best.pth | edge weight=0.150 | detection weight=0.800 | link mode=low_margin_consensus | temperature=1.000 | low-margin max=0.350 | edge threshold=0.480
Fold 0: 4 datasets | weights=weights/unet_transformer/split_0/edge_predictor_best.pth | device=cuda | window_size=2 | pool_kernel_um=3.0
Secondary model: /kaggle/working/secondary_seed_weights/unet_transformer/split_0/edge_predictor_best.pth | edge weight=0.150 | detection weight=0.800 | link mode=low_margin_consensus | temperature=1.000 | low-margin max=0.350 | edge threshold=0.480
Fold 0: 4 datasets | weights=weights/unet_transformer/split_0/edge_predictor_best.pth | device=cuda | window_size=2 | pool_kernel_um=3.0
Secondary model: /kaggle/working/secondary_seed_weights/unet_transformer/split_0/edge_predictor_best.pth | edge weight=0.150 | detection weight=0.800 | link mode=low_margin_consensus | temperature=1.000 | low-margin max=0.350 | edge threshold=0.480
Fold 0: 4 datasets | weights=weights/unet_transformer/split_0/edge_predictor_best.pth | device=cuda | window_size=2 | pool_kernel_um=3.0
EDGE_TTA_ACTIVE views= 8 mean_abs_feat_delta= 0.34981
EDGE_TTA_ACTIVE views= 8 mean_abs_feat_delta= 0.392767
EDGE_TTA_ACTIVE views= 8 mean_abs_feat_delta= 0.34981
EDGE_TTA_ACTIVE views= 8 mean_abs_feat_delta= 0.392767
EDGE_TTA_ACTIVE views= 8 mean_abs_feat_delta= 0.399438
EDGE_TTA_ACTIVE views= 8 mean_abs_feat_delta= 0.399438
EDGE_TTA_ACTIVE views= 8 mean_abs_feat_delta= 0.348323
EDGE_TTA_ACTIVE views= 8 mean_abs_feat_delta= 0.348323
EDGE_TTA_ACTIVE views= 8 mean_abs_feat_delta= 0.403568
EDGE_TTA_ACTIVE views= 8 mean_abs_feat_delta= 0.403568
EDGE_TTA_ACTIVE views= 8 mean_abs_feat_delta= 0.347872
EDGE_TTA_ACTIVE views= 8 mean_abs_feat_delta= 0.347872
EDGE_TTA_ACTIVE views= 8 mean_abs_feat_delta= 0.396848
EDGE_TTA_ACTIVE views= 8 mean_abs_feat_delta= 0.396848
EDGE_TTA_ACTIVE views= 8 mean_abs_feat_delta= 0.351487
EDGE_TTA_ACTIVE views= 8 mean_abs_feat_delta= 0.351487
EDGE_TTA_ACTIVE views= 8 mean_abs_feat_delta= 0.405804
EDGE_TTA_ACTIVE views= 8 mean_abs_feat_delta= 0.405804
EDGE_TTA_ACTIVE views= 8 mean_abs_feat_delta= 0.349843
EDGE_TTA_ACTIVE views= 8 mean_abs_feat_delta= 0.349843
EDGE_TTA_ACTIVE views= 8 mean_abs_feat_delta= 0.406637
EDGE_TTA_ACTIVE views= 8 mean_abs_feat_delta= 0.406637
EDGE_TTA_ACTIVE views= 8 mean_abs_feat_delta= 0.406976
EDGE_TTA_ACTIVE views= 8 mean_abs_feat_delta= 0.348101
EDGE_TTA_ACTIVE views= 8 mean_abs_feat_delta= 0.406976
EDGE_TTA_ACTIVE views= 8 mean_abs_feat_delta= 0.348101
EDGE_TTA_ACTIVE views= 8 mean_abs_feat_delta= 0.402713
EDGE_TTA_ACTIVE views= 8 mean_abs_feat_delta= 0.402713
EDGE_TTA_ACTIVE views= 8 mean_abs_feat_delta= 0.351882
EDGE_TTA_ACTIVE views= 8 mean_abs_feat_delta= 0.351882
EDGE_TTA_ACTIVE views= 8 mean_abs_feat_delta= 0.409078
EDGE_TTA_ACTIVE views= 8 mean_abs_feat_delta= 0.409078
EDGE_TTA_ACTIVE views= 8 mean_abs_feat_delta= 0.352461
EDGE_TTA_ACTIVE views= 8 mean_abs_feat_delta= 0.352461
EDGE_TTA_ACTIVE views= 8 mean_abs_feat_delta= 0.408625
EDGE_TTA_ACTIVE views= 8 mean_abs_feat_delta= 0.408625
EDGE_TTA_ACTIVE views= 8 mean_abs_feat_delta= 0.352873
EDGE_TTA_ACTIVE views= 8 mean_abs_feat_delta= 0.352873
EDGE_TTA_ACTIVE views= 8 mean_abs_feat_delta= 0.39904
EDGE_TTA_ACTIVE views= 8 mean_abs_feat_delta= 0.39904
EDGE_TTA_ACTIVE views= 8 mean_abs_feat_delta= 0.354101
EDGE_TTA_ACTIVE views= 8 mean_abs_feat_delta= 0.400016
EDGE_TTA_ACTIVE views= 8 mean_abs_feat_delta= 0.354101
EDGE_TTA_ACTIVE views= 8 mean_abs_feat_delta= 0.400016
EDGE_TTA_ACTIVE views= 8 mean_abs_feat_delta= 0.392897
EDGE_TTA_ACTIVE views= 8 mean_abs_feat_delta= 0.392897
EDGE_TTA_ACTIVE views= 8 mean_abs_feat_delta= 0.353493
EDGE_TTA_ACTIVE views= 8 mean_abs_feat_delta= 0.353493
EDGE_TTA_ACTIVE views= 8 mean_abs_feat_delta= 0.386155
EDGE_TTA_ACTIVE views= 8 mean_abs_feat_delta= 0.386155
EDGE_TTA_ACTIVE views= 8 mean_abs_feat_delta= 0.351325
EDGE_TTA_ACTIVE views= 8 mean_abs_feat_delta= 0.351325
EDGE_TTA_ACTIVE views= 8 mean_abs_feat_delta= 0.384551
EDGE_TTA_ACTIVE views= 8 mean_abs_feat_delta= 0.384551
EDGE_TTA_ACTIVE views= 8 mean_abs_feat_delta= 0.348177
EDGE_TTA_ACTIVE views= 8 mean_abs_feat_delta= 0.348177
EDGE_TTA_ACTIVE views= 8 mean_abs_feat_delta= 0.380346
EDGE_TTA_ACTIVE views= 8 mean_abs_feat_delta= 0.380346
EDGE_TTA_ACTIVE views= 8 mean_abs_feat_delta= 0.350577
EDGE_TTA_ACTIVE views= 8 mean_abs_feat_delta= 0.350577
EDGE_TTA_ACTIVE views= 8 mean_abs_feat_delta= 0.37911
EDGE_TTA_ACTIVE views= 8 mean_abs_feat_delta= 0.37911
EDGE_TTA_ACTIVE views= 8 mean_abs_feat_delta= 0.388444
EDGE_TTA_ACTIVE views= 8 mean_abs_feat_delta= 0.351302
EDGE_TTA_ACTIVE views= 8 mean_abs_feat_delta= 0.388444
EDGE_TTA_ACTIVE views= 8 mean_abs_feat_delta= 0.351302
EDGE_TTA_ACTIVE views= 8 mean_abs_feat_delta= 0.38137
EDGE_TTA_ACTIVE views= 8 mean_abs_feat_delta= 0.38137
EDGE_TTA_ACTIVE views= 8 mean_abs_feat_delta= 0.349328
EDGE_TTA_ACTIVE views= 8 mean_abs_feat_delta= 0.349328
EDGE_TTA_ACTIVE views= 8 mean_abs_feat_delta= 0.380845
EDGE_TTA_ACTIVE views= 8 mean_abs_feat_delta= 0.380845
EDGE_TTA_ACTIVE views= 8 mean_abs_feat_delta= 0.347529
EDGE_TTA_ACTIVE views= 8 mean_abs_feat_delta= 0.347529
EDGE_TTA_ACTIVE views= 8 mean_abs_feat_delta= 0.378817
EDGE_TTA_ACTIVE views= 8 mean_abs_feat_delta= 0.378817
EDGE_TTA_ACTIVE views= 8 mean_abs_feat_delta= 0.34733
EDGE_TTA_ACTIVE views= 8 mean_abs_feat_delta= 0.34733
EDGE_TTA_ACTIVE views= 8 mean_abs_feat_delta= 0.370246
EDGE_TTA_ACTIVE views= 8 mean_abs_feat_delta= 0.370246
EDGE_TTA_ACTIVE views= 8 mean_abs_feat_delta= 0.346983
EDGE_TTA_ACTIVE views= 8 mean_abs_feat_delta= 0.346983
EDGE_TTA_ACTIVE views= 8 mean_abs_feat_delta= 0.364454
EDGE_TTA_ACTIVE views= 8 mean_abs_feat_delta= 0.364454
EDGE_TTA_ACTIVE views= 8 mean_abs_feat_delta= 0.343153
EDGE_TTA_ACTIVE views= 8 mean_abs_feat_delta= 0.343153
EDGE_TTA_ACTIVE views= 8 mean_abs_feat_delta= 0.372022
EDGE_TTA_ACTIVE views= 8 mean_abs_feat_delta= 0.372022
EDGE_TTA_ACTIVE views= 8 mean_abs_feat_delta= 0.343379
EDGE_TTA_ACTIVE views= 8 mean_abs_feat_delta= 0.367153
EDGE_TTA_ACTIVE views= 8 mean_abs_feat_delta= 0.343379
EDGE_TTA_ACTIVE views= 8 mean_abs_feat_delta= 0.367153
EDGE_TTA_ACTIVE views= 8 mean_abs_feat_delta= 0.366124
EDGE_TTA_ACTIVE views= 8 mean_abs_feat_delta= 0.345181
EDGE_TTA_ACTIVE views= 8 mean_abs_feat_delta= 0.366124
EDGE_TTA_ACTIVE views= 8 mean_abs_feat_delta= 0.345181
BIOHUB_RETENTION_GUARD {"blended_candidates": 431, "dataset": "44b6_12dfb391", "frame": 22, "minimum_retention": 0.9, "primary_candidates": 484, "retention": 0.890495867768595, "use_primary": true}
BIOHUB_RETENTION_GUARD {"blended_candidates": 431, "dataset": "44b6_12dfb391", "frame": 22, "minimum_retention": 0.9, "primary_candidates": 484, "retention": 0.890495867768595, "use_primary": true}
EDGE_TTA_ACTIVE views= 8 mean_abs_feat_delta= 0.36912
EDGE_TTA_ACTIVE views= 8 mean_abs_feat_delta= 0.36912
EDGE_TTA_ACTIVE views= 8 mean_abs_feat_delta= 0.343644
EDGE_TTA_ACTIVE views= 8 mean_abs_feat_delta= 0.343644
BIOHUB_RETENTION_GUARD {"blended_candidates": 433, "dataset": "44b6_12dfb391", "frame": 23, "minimum_retention": 0.9, "primary_candidates": 484, "retention": 0.8946280991735537, "use_primary": true}
BIOHUB_RETENTION_GUARD {"blended_candidates": 433, "dataset": "44b6_12dfb391", "frame": 23, "minimum_retention": 0.9, "primary_candidates": 484, "retention": 0.8946280991735537, "use_primary": true}
EDGE_TTA_ACTIVE views= 8 mean_abs_feat_delta= 0.364666
EDGE_TTA_ACTIVE views= 8 mean_abs_feat_delta= 0.364666
EDGE_TTA_ACTIVE views= 8 mean_abs_feat_delta= 0.346576
EDGE_TTA_ACTIVE views= 8 mean_abs_feat_delta= 0.346576
EDGE_TTA_ACTIVE views= 8 mean_abs_feat_delta= 0.35307
EDGE_TTA_ACTIVE views= 8 mean_abs_feat_delta= 0.35307
EDGE_TTA_ACTIVE views= 8 mean_abs_feat_delta= 0.351385
EDGE_TTA_ACTIVE views= 8 mean_abs_feat_delta= 0.351385
EDGE_TTA_ACTIVE views= 8 mean_abs_feat_delta= 0.342104
EDGE_TTA_ACTIVE views= 8 mean_abs_feat_delta= 0.342104
EDGE_TTA_ACTIVE views= 8 mean_abs_feat_delta= 0.352556
EDGE_TTA_ACTIVE views= 8 mean_abs_feat_delta= 0.352556
EDGE_TTA_ACTIVE views= 8 mean_abs_feat_delta= 0.340484
EDGE_TTA_ACTIVE views= 8 mean_abs_feat_delta= 0.340484
EDGE_TTA_ACTIVE views= 8 mean_abs_feat_delta= 0.350435
EDGE_TTA_ACTIVE views= 8 mean_abs_feat_delta= 0.350435
EDGE_TTA_ACTIVE views= 8 mean_abs_feat_delta= 0.356776
EDGE_TTA_ACTIVE views= 8 mean_abs_feat_delta= 0.356776
BIOHUB_RETENTION_GUARD {"blended_candidates": 451, "dataset": "44b6_12dfb391", "frame": 27, "minimum_retention": 0.9, "primary_candidates": 504, "retention": 0.8948412698412699, "use_primary": true}
BIOHUB_RETENTION_GUARD {"blended_candidates": 451, "dataset": "44b6_12dfb391", "frame": 27, "minimum_retention": 0.9, "primary_candidates": 504, "retention": 0.8948412698412699, "use_primary": true}
EDGE_TTA_ACTIVE views= 8 mean_abs_feat_delta= 0.351638
EDGE_TTA_ACTIVE views= 8 mean_abs_feat_delta= 0.351638
EDGE_TTA_ACTIVE views= 8 mean_abs_feat_delta= 0.355165
EDGE_TTA_ACTIVE views= 8 mean_abs_feat_delta= 0.355165
EDGE_TTA_ACTIVE views= 8 mean_abs_feat_delta= 0.3532
EDGE_TTA_ACTIVE views= 8 mean_abs_feat_delta= 0.355677
EDGE_TTA_ACTIVE views= 8 mean_abs_feat_delta= 0.3532
EDGE_TTA_ACTIVE views= 8 mean_abs_feat_delta= 0.355677
EDGE_TTA_ACTIVE views= 8 mean_abs_feat_delta= 0.358773
EDGE_TTA_ACTIVE views= 8 mean_abs_feat_delta= 0.350487
EDGE_TTA_ACTIVE views= 8 mean_abs_feat_delta= 0.358773
EDGE_TTA_ACTIVE views= 8 mean_abs_feat_delta= 0.350487
EDGE_TTA_ACTIVE views= 8 mean_abs_feat_delta= 0.357316
EDGE_TTA_ACTIVE views= 8 mean_abs_feat_delta= 0.357316
EDGE_TTA_ACTIVE views= 8 mean_abs_feat_delta= 0.348036
EDGE_TTA_ACTIVE views= 8 mean_abs_feat_delta= 0.348036
EDGE_TTA_ACTIVE views= 8 mean_abs_feat_delta= 0.358984
EDGE_TTA_ACTIVE views= 8 mean_abs_feat_delta= 0.358984
EDGE_TTA_ACTIVE views= 8 mean_abs_feat_delta= 0.346153
EDGE_TTA_ACTIVE views= 8 mean_abs_feat_delta= 0.346153
EDGE_TTA_ACTIVE views= 8 mean_abs_feat_delta= 0.372369
EDGE_TTA_ACTIVE views= 8 mean_abs_feat_delta= 0.372369
EDGE_TTA_ACTIVE views= 8 mean_abs_feat_delta= 0.343208
EDGE_TTA_ACTIVE views= 8 mean_abs_feat_delta= 0.343208
EDGE_TTA_ACTIVE views= 8 mean_abs_feat_delta= 0.382121
EDGE_TTA_ACTIVE views= 8 mean_abs_feat_delta= 0.382121
EDGE_TTA_ACTIVE views= 8 mean_abs_feat_delta= 0.345655
EDGE_TTA_ACTIVE views= 8 mean_abs_feat_delta= 0.345655
EDGE_TTA_ACTIVE views= 8 mean_abs_feat_delta= 0.389142
EDGE_TTA_ACTIVE views= 8 mean_abs_feat_delta= 0.389142
EDGE_TTA_ACTIVE views= 8 mean_abs_feat_delta= 0.348487
EDGE_TTA_ACTIVE views= 8 mean_abs_feat_delta= 0.348487
EDGE_TTA_ACTIVE views= 8 mean_abs_feat_delta= 0.415695
BIOHUB_RETENTION_GUARD {"blended_candidates": 449, "dataset": "44b6_12dfb391", "frame": 35, "minimum_retention": 0.9, "primary_candidates": 506, "retention": 0.8873517786561265, "use_primary": true}
EDGE_TTA_ACTIVE views= 8 mean_abs_feat_delta= 0.415695
BIOHUB_RETENTION_GUARD {"blended_candidates": 449, "dataset": "44b6_12dfb391", "frame": 35, "minimum_retention": 0.9, "primary_candidates": 506, "retention": 0.8873517786561265, "use_primary": true}
EDGE_TTA_ACTIVE views= 8 mean_abs_feat_delta= 0.348239
EDGE_TTA_ACTIVE views= 8 mean_abs_feat_delta= 0.348239
EDGE_TTA_ACTIVE views= 8 mean_abs_feat_delta= 0.401917
EDGE_TTA_ACTIVE views= 8 mean_abs_feat_delta= 0.401917
BIOHUB_RETENTION_GUARD {"blended_candidates": 452, "dataset": "44b6_12dfb391", "frame": 36, "minimum_retention": 0.9, "primary_candidates": 510, "retention": 0.8862745098039215, "use_primary": true}
BIOHUB_RETENTION_GUARD {"blended_candidates": 452, "dataset": "44b6_12dfb391", "frame": 36, "minimum_retention": 0.9, "primary_candidates": 510, "retention": 0.8862745098039215, "use_primary": true}
EDGE_TTA_ACTIVE views= 8 mean_abs_feat_delta= 0.347637
EDGE_TTA_ACTIVE views= 8 mean_abs_feat_delta= 0.347637
EDGE_TTA_ACTIVE views= 8 mean_abs_feat_delta= 0.408829
EDGE_TTA_ACTIVE views= 8 mean_abs_feat_delta= 0.408829
BIOHUB_RETENTION_GUARD {"blended_candidates": 459, "dataset": "44b6_12dfb391", "frame": 37, "minimum_retention": 0.9, "primary_candidates": 517, "retention": 0.8878143133462283, "use_primary": true}
BIOHUB_RETENTION_GUARD {"blended_candidates": 459, "dataset": "44b6_12dfb391", "frame": 37, "minimum_retention": 0.9, "primary_candidates": 517, "retention": 0.8878143133462283, "use_primary": true}
EDGE_TTA_ACTIVE views= 8 mean_abs_feat_delta= 0.347183
EDGE_TTA_ACTIVE views= 8 mean_abs_feat_delta= 0.347183
EDGE_TTA_ACTIVE views= 8 mean_abs_feat_delta= 0.405254
EDGE_TTA_ACTIVE views= 8 mean_abs_feat_delta= 0.405254
EDGE_TTA_ACTIVE views= 8 mean_abs_feat_delta= 0.414187
EDGE_TTA_ACTIVE views= 8 mean_abs_feat_delta= 0.347762
EDGE_TTA_ACTIVE views= 8 mean_abs_feat_delta= 0.414187
EDGE_TTA_ACTIVE views= 8 mean_abs_feat_delta= 0.347762
EDGE_TTA_ACTIVE views= 8 mean_abs_feat_delta= 0.407156
EDGE_TTA_ACTIVE views= 8 mean_abs_feat_delta= 0.407156
EDGE_TTA_ACTIVE views= 8 mean_abs_feat_delta= 0.349684
EDGE_TTA_ACTIVE views= 8 mean_abs_feat_delta= 0.349684
EDGE_TTA_ACTIVE views= 8 mean_abs_feat_delta= 0.390532
EDGE_TTA_ACTIVE views= 8 mean_abs_feat_delta= 0.390532
EDGE_TTA_ACTIVE views= 8 mean_abs_feat_delta= 0.352443
EDGE_TTA_ACTIVE views= 8 mean_abs_feat_delta= 0.352443
EDGE_TTA_ACTIVE views= 8 mean_abs_feat_delta= 0.375064
EDGE_TTA_ACTIVE views= 8 mean_abs_feat_delta= 0.375064
EDGE_TTA_ACTIVE views= 8 mean_abs_feat_delta= 0.352904
EDGE_TTA_ACTIVE views= 8 mean_abs_feat_delta= 0.352904
EDGE_TTA_ACTIVE views= 8 mean_abs_feat_delta= 0.357722
EDGE_TTA_ACTIVE views= 8 mean_abs_feat_delta= 0.357722
EDGE_TTA_ACTIVE views= 8 mean_abs_feat_delta= 0.355994
EDGE_TTA_ACTIVE views= 8 mean_abs_feat_delta= 0.355994
EDGE_TTA_ACTIVE views= 8 mean_abs_feat_delta= 0.377175
EDGE_TTA_ACTIVE views= 8 mean_abs_feat_delta= 0.377175
EDGE_TTA_ACTIVE views= 8 mean_abs_feat_delta= 0.362223
EDGE_TTA_ACTIVE views= 8 mean_abs_feat_delta= 0.362223
EDGE_TTA_ACTIVE views= 8 mean_abs_feat_delta= 0.370458
EDGE_TTA_ACTIVE views= 8 mean_abs_feat_delta= 0.370458
EDGE_TTA_ACTIVE views= 8 mean_abs_feat_delta= 0.364163
EDGE_TTA_ACTIVE views= 8 mean_abs_feat_delta= 0.364163
EDGE_TTA_ACTIVE views= 8 mean_abs_feat_delta= 0.358848
EDGE_TTA_ACTIVE views= 8 mean_abs_feat_delta= 0.358848
EDGE_TTA_ACTIVE views= 8 mean_abs_feat_delta= 0.360264
EDGE_TTA_ACTIVE views= 8 mean_abs_feat_delta= 0.360264
EDGE_TTA_ACTIVE views= 8 mean_abs_feat_delta= 0.382742
EDGE_TTA_ACTIVE views= 8 mean_abs_feat_delta= 0.382742
EDGE_TTA_ACTIVE views= 8 mean_abs_feat_delta= 0.356608
EDGE_TTA_ACTIVE views= 8 mean_abs_feat_delta= 0.415987
EDGE_TTA_ACTIVE views= 8 mean_abs_feat_delta= 0.356608
EDGE_TTA_ACTIVE views= 8 mean_abs_feat_delta= 0.415987
EDGE_TTA_ACTIVE views= 8 mean_abs_feat_delta= 0.378636
EDGE_TTA_ACTIVE views= 8 mean_abs_feat_delta= 0.354367
EDGE_TTA_ACTIVE views= 8 mean_abs_feat_delta= 0.378636
EDGE_TTA_ACTIVE views= 8 mean_abs_feat_delta= 0.354367
EDGE_TTA_ACTIVE views= 8 mean_abs_feat_delta= 0.374978
EDGE_TTA_ACTIVE views= 8 mean_abs_feat_delta= 0.374978
EDGE_TTA_ACTIVE views= 8 mean_abs_feat_delta= 0.354144
EDGE_TTA_ACTIVE views= 8 mean_abs_feat_delta= 0.354144
EDGE_TTA_ACTIVE views= 8 mean_abs_feat_delta= 0.383634
EDGE_TTA_ACTIVE views= 8 mean_abs_feat_delta= 0.383634
EDGE_TTA_ACTIVE views= 8 mean_abs_feat_delta= 0.352179
EDGE_TTA_ACTIVE views= 8 mean_abs_feat_delta= 0.352179
EDGE_TTA_ACTIVE views= 8 mean_abs_feat_delta= 0.382868
EDGE_TTA_ACTIVE views= 8 mean_abs_feat_delta= 0.382868
EDGE_TTA_ACTIVE views= 8 mean_abs_feat_delta= 0.354896
EDGE_TTA_ACTIVE views= 8 mean_abs_feat_delta= 0.354896
EDGE_TTA_ACTIVE views= 8 mean_abs_feat_delta= 0.371306
EDGE_TTA_ACTIVE views= 8 mean_abs_feat_delta= 0.371306
EDGE_TTA_ACTIVE views= 8 mean_abs_feat_delta= 0.350365
EDGE_TTA_ACTIVE views= 8 mean_abs_feat_delta= 0.350365
EDGE_TTA_ACTIVE views= 8 mean_abs_feat_delta= 0.370302
EDGE_TTA_ACTIVE views= 8 mean_abs_feat_delta= 0.370302
EDGE_TTA_ACTIVE views= 8 mean_abs_feat_delta= 0.347874
EDGE_TTA_ACTIVE views= 8 mean_abs_feat_delta= 0.347874
EDGE_TTA_ACTIVE views= 8 mean_abs_feat_delta= 0.37583
EDGE_TTA_ACTIVE views= 8 mean_abs_feat_delta= 0.37583
EDGE_TTA_ACTIVE views= 8 mean_abs_feat_delta= 0.349339
EDGE_TTA_ACTIVE views= 8 mean_abs_feat_delta= 0.349339
EDGE_TTA_ACTIVE views= 8 mean_abs_feat_delta= 0.368756
EDGE_TTA_ACTIVE views= 8 mean_abs_feat_delta= 0.368756
EDGE_TTA_ACTIVE views= 8 mean_abs_feat_delta= 0.350442
EDGE_TTA_ACTIVE views= 8 mean_abs_feat_delta= 0.352766
EDGE_TTA_ACTIVE views= 8 mean_abs_feat_delta= 0.350442
EDGE_TTA_ACTIVE views= 8 mean_abs_feat_delta= 0.352766
BIOHUB_RETENTION_GUARD {"blended_candidates": 471, "dataset": "44b6_12dfb391", "frame": 55, "minimum_retention": 0.9, "primary_candidates": 525, "retention": 0.8971428571428571, "use_primary": true}
BIOHUB_RETENTION_GUARD {"blended_candidates": 471, "dataset": "44b6_12dfb391", "frame": 55, "minimum_retention": 0.9, "primary_candidates": 525, "retention": 0.8971428571428571, "use_primary": true}
EDGE_TTA_ACTIVE views= 8 mean_abs_feat_delta= 0.366005
EDGE_TTA_ACTIVE views= 8 mean_abs_feat_delta= 0.350606
EDGE_TTA_ACTIVE views= 8 mean_abs_feat_delta= 0.366005
EDGE_TTA_ACTIVE views= 8 mean_abs_feat_delta= 0.350606
BIOHUB_RETENTION_GUARD {"blended_candidates": 466, "dataset": "44b6_12dfb391", "frame": 56, "minimum_retention": 0.9, "primary_candidates": 529, "retention": 0.8809073724007561, "use_primary": true}
BIOHUB_RETENTION_GUARD {"blended_candidates": 466, "dataset": "44b6_12dfb391", "frame": 56, "minimum_retention": 0.9, "primary_candidates": 529, "retention": 0.8809073724007561, "use_primary": true}
EDGE_TTA_ACTIVE views= 8 mean_abs_feat_delta= 0.365954
EDGE_TTA_ACTIVE views= 8 mean_abs_feat_delta= 0.365954
EDGE_TTA_ACTIVE views= 8 mean_abs_feat_delta= 0.351002
EDGE_TTA_ACTIVE views= 8 mean_abs_feat_delta= 0.351002
BIOHUB_RETENTION_GUARD {"blended_candidates": 463, "dataset": "44b6_12dfb391", "frame": 57, "minimum_retention": 0.9, "primary_candidates": 525, "retention": 0.8819047619047619, "use_primary": true}
BIOHUB_RETENTION_GUARD {"blended_candidates": 463, "dataset": "44b6_12dfb391", "frame": 57, "minimum_retention": 0.9, "primary_candidates": 525, "retention": 0.8819047619047619, "use_primary": true}
EDGE_TTA_ACTIVE views= 8 mean_abs_feat_delta= 0.362198
EDGE_TTA_ACTIVE views= 8 mean_abs_feat_delta= 0.362198
EDGE_TTA_ACTIVE views= 8 mean_abs_feat_delta= 0.351435
EDGE_TTA_ACTIVE views= 8 mean_abs_feat_delta= 0.351435
BIOHUB_RETENTION_GUARD {"blended_candidates": 462, "dataset": "44b6_12dfb391", "frame": 58, "minimum_retention": 0.9, "primary_candidates": 524, "retention": 0.8816793893129771, "use_primary": true}
BIOHUB_RETENTION_GUARD {"blended_candidates": 462, "dataset": "44b6_12dfb391", "frame": 58, "minimum_retention": 0.9, "primary_candidates": 524, "retention": 0.8816793893129771, "use_primary": true}
EDGE_TTA_ACTIVE views= 8 mean_abs_feat_delta= 0.35614
EDGE_TTA_ACTIVE views= 8 mean_abs_feat_delta= 0.35614
EDGE_TTA_ACTIVE views= 8 mean_abs_feat_delta= 0.350102
EDGE_TTA_ACTIVE views= 8 mean_abs_feat_delta= 0.350102
BIOHUB_RETENTION_GUARD {"blended_candidates": 458, "dataset": "44b6_12dfb391", "frame": 59, "minimum_retention": 0.9, "primary_candidates": 532, "retention": 0.8609022556390977, "use_primary": true}
EDGE_TTA_ACTIVE views= 8 mean_abs_feat_delta= 0.360441
BIOHUB_RETENTION_GUARD {"blended_candidates": 458, "dataset": "44b6_12dfb391", "frame": 59, "minimum_retention": 0.9, "primary_candidates": 532, "retention": 0.8609022556390977, "use_primary": true}
EDGE_TTA_ACTIVE views= 8 mean_abs_feat_delta= 0.360441
EDGE_TTA_ACTIVE views= 8 mean_abs_feat_delta= 0.347603
EDGE_TTA_ACTIVE views= 8 mean_abs_feat_delta= 0.347603
EDGE_TTA_ACTIVE views= 8 mean_abs_feat_delta= 0.346937
EDGE_TTA_ACTIVE views= 8 mean_abs_feat_delta= 0.346937
EDGE_TTA_ACTIVE views= 8 mean_abs_feat_delta= 0.347903
EDGE_TTA_ACTIVE views= 8 mean_abs_feat_delta= 0.347903
EDGE_TTA_ACTIVE views= 8 mean_abs_feat_delta= 0.351835
EDGE_TTA_ACTIVE views= 8 mean_abs_feat_delta= 0.351835
BIOHUB_RETENTION_GUARD {"blended_candidates": 462, "dataset": "44b6_12dfb391", "frame": 61, "minimum_retention": 0.9, "primary_candidates": 543, "retention": 0.850828729281768, "use_primary": true}
BIOHUB_RETENTION_GUARD {"blended_candidates": 462, "dataset": "44b6_12dfb391", "frame": 61, "minimum_retention": 0.9, "primary_candidates": 543, "retention": 0.850828729281768, "use_primary": true}
EDGE_TTA_ACTIVE views= 8 mean_abs_feat_delta= 0.346794
EDGE_TTA_ACTIVE views= 8 mean_abs_feat_delta= 0.346794
EDGE_TTA_ACTIVE views= 8 mean_abs_feat_delta= 0.354093
EDGE_TTA_ACTIVE views= 8 mean_abs_feat_delta= 0.354093
EDGE_TTA_ACTIVE views= 8 mean_abs_feat_delta= 0.347265
EDGE_TTA_ACTIVE views= 8 mean_abs_feat_delta= 0.347265
EDGE_TTA_ACTIVE views= 8 mean_abs_feat_delta= 0.359817
EDGE_TTA_ACTIVE views= 8 mean_abs_feat_delta= 0.359817
BIOHUB_RETENTION_GUARD {"blended_candidates": 491, "dataset": "44b6_12dfb391", "frame": 63, "minimum_retention": 0.9, "primary_candidates": 548, "retention": 0.8959854014598541, "use_primary": true}
BIOHUB_RETENTION_GUARD {"blended_candidates": 491, "dataset": "44b6_12dfb391", "frame": 63, "minimum_retention": 0.9, "primary_candidates": 548, "retention": 0.8959854014598541, "use_primary": true}
EDGE_TTA_ACTIVE views= 8 mean_abs_feat_delta= 0.354895
EDGE_TTA_ACTIVE views= 8 mean_abs_feat_delta= 0.357588
EDGE_TTA_ACTIVE views= 8 mean_abs_feat_delta= 0.354895
EDGE_TTA_ACTIVE views= 8 mean_abs_feat_delta= 0.357588
EDGE_TTA_ACTIVE views= 8 mean_abs_feat_delta= 0.349183
EDGE_TTA_ACTIVE views= 8 mean_abs_feat_delta= 0.354989
EDGE_TTA_ACTIVE views= 8 mean_abs_feat_delta= 0.349183
EDGE_TTA_ACTIVE views= 8 mean_abs_feat_delta= 0.354989
EDGE_TTA_ACTIVE views= 8 mean_abs_feat_delta= 0.36472
EDGE_TTA_ACTIVE views= 8 mean_abs_feat_delta= 0.36472
EDGE_TTA_ACTIVE views= 8 mean_abs_feat_delta= 0.351351
EDGE_TTA_ACTIVE views= 8 mean_abs_feat_delta= 0.351351
EDGE_TTA_ACTIVE views= 8 mean_abs_feat_delta= 0.367291
EDGE_TTA_ACTIVE views= 8 mean_abs_feat_delta= 0.367291
EDGE_TTA_ACTIVE views= 8 mean_abs_feat_delta= 0.35502
EDGE_TTA_ACTIVE views= 8 mean_abs_feat_delta= 0.35502
EDGE_TTA_ACTIVE views= 8 mean_abs_feat_delta= 0.353095
EDGE_TTA_ACTIVE views= 8 mean_abs_feat_delta= 0.353095
EDGE_TTA_ACTIVE views= 8 mean_abs_feat_delta= 0.359205
EDGE_TTA_ACTIVE views= 8 mean_abs_feat_delta= 0.359205
BIOHUB_RETENTION_GUARD {"blended_candidates": 500, "dataset": "44b6_12dfb391", "frame": 68, "minimum_retention": 0.9, "primary_candidates": 560, "retention": 0.8928571428571429, "use_primary": true}
BIOHUB_RETENTION_GUARD {"blended_candidates": 500, "dataset": "44b6_12dfb391", "frame": 68, "minimum_retention": 0.9, "primary_candidates": 560, "retention": 0.8928571428571429, "use_primary": true}
EDGE_TTA_ACTIVE views= 8 mean_abs_feat_delta= 0.338254
EDGE_TTA_ACTIVE views= 8 mean_abs_feat_delta= 0.338254
EDGE_TTA_ACTIVE views= 8 mean_abs_feat_delta= 0.360613
EDGE_TTA_ACTIVE views= 8 mean_abs_feat_delta= 0.360613
EDGE_TTA_ACTIVE views= 8 mean_abs_feat_delta= 0.335377
BIOHUB_RETENTION_GUARD {"blended_candidates": 482, "dataset": "44b6_12dfb391", "frame": 69, "minimum_retention": 0.9, "primary_candidates": 570, "retention": 0.8456140350877193, "use_primary": true}
EDGE_TTA_ACTIVE views= 8 mean_abs_feat_delta= 0.335377
BIOHUB_RETENTION_GUARD {"blended_candidates": 482, "dataset": "44b6_12dfb391", "frame": 69, "minimum_retention": 0.9, "primary_candidates": 570, "retention": 0.8456140350877193, "use_primary": true}
EDGE_TTA_ACTIVE views= 8 mean_abs_feat_delta= 0.361421
EDGE_TTA_ACTIVE views= 8 mean_abs_feat_delta= 0.361421
EDGE_TTA_ACTIVE views= 8 mean_abs_feat_delta= 0.332103
EDGE_TTA_ACTIVE views= 8 mean_abs_feat_delta= 0.332103
BIOHUB_RETENTION_GUARD {"blended_candidates": 471, "dataset": "44b6_12dfb391", "frame": 70, "minimum_retention": 0.9, "primary_candidates": 545, "retention": 0.8642201834862385, "use_primary": true}
BIOHUB_RETENTION_GUARD {"blended_candidates": 471, "dataset": "44b6_12dfb391", "frame": 70, "minimum_retention": 0.9, "primary_candidates": 545, "retention": 0.8642201834862385, "use_primary": true}
EDGE_TTA_ACTIVE views= 8 mean_abs_feat_delta= 0.357184
EDGE_TTA_ACTIVE views= 8 mean_abs_feat_delta= 0.357184
EDGE_TTA_ACTIVE views= 8 mean_abs_feat_delta= 0.336056
EDGE_TTA_ACTIVE views= 8 mean_abs_feat_delta= 0.336056
BIOHUB_RETENTION_GUARD {"blended_candidates": 488, "dataset": "44b6_12dfb391", "frame": 71, "minimum_retention": 0.9, "primary_candidates": 555, "retention": 0.8792792792792793, "use_primary": true}
BIOHUB_RETENTION_GUARD {"blended_candidates": 488, "dataset": "44b6_12dfb391", "frame": 71, "minimum_retention": 0.9, "primary_candidates": 555, "retention": 0.8792792792792793, "use_primary": true}
EDGE_TTA_ACTIVE views= 8 mean_abs_feat_delta= 0.360613
EDGE_TTA_ACTIVE views= 8 mean_abs_feat_delta= 0.338817
EDGE_TTA_ACTIVE views= 8 mean_abs_feat_delta= 0.360613
EDGE_TTA_ACTIVE views= 8 mean_abs_feat_delta= 0.338817
BIOHUB_RETENTION_GUARD {"blended_candidates": 487, "dataset": "44b6_12dfb391", "frame": 72, "minimum_retention": 0.9, "primary_candidates": 555, "retention": 0.8774774774774775, "use_primary": true}
BIOHUB_RETENTION_GUARD {"blended_candidates": 487, "dataset": "44b6_12dfb391", "frame": 72, "minimum_retention": 0.9, "primary_candidates": 555, "retention": 0.8774774774774775, "use_primary": true}
EDGE_TTA_ACTIVE views= 8 mean_abs_feat_delta= 0.334961
EDGE_TTA_ACTIVE views= 8 mean_abs_feat_delta= 0.361988
EDGE_TTA_ACTIVE views= 8 mean_abs_feat_delta= 0.334961
EDGE_TTA_ACTIVE views= 8 mean_abs_feat_delta= 0.361988
EDGE_TTA_ACTIVE views= 8 mean_abs_feat_delta= 0.344979
EDGE_TTA_ACTIVE views= 8 mean_abs_feat_delta= 0.344979
EDGE_TTA_ACTIVE views= 8 mean_abs_feat_delta= 0.361343
EDGE_TTA_ACTIVE views= 8 mean_abs_feat_delta= 0.361343
BIOHUB_RETENTION_GUARD {"blended_candidates": 504, "dataset": "44b6_12dfb391", "frame": 74, "minimum_retention": 0.9, "primary_candidates": 564, "retention": 0.8936170212765957, "use_primary": true}
BIOHUB_RETENTION_GUARD {"blended_candidates": 504, "dataset": "44b6_12dfb391", "frame": 74, "minimum_retention": 0.9, "primary_candidates": 564, "retention": 0.8936170212765957, "use_primary": true}
EDGE_TTA_ACTIVE views= 8 mean_abs_feat_delta= 0.347989
EDGE_TTA_ACTIVE views= 8 mean_abs_feat_delta= 0.347989
EDGE_TTA_ACTIVE views= 8 mean_abs_feat_delta= 0.364735
EDGE_TTA_ACTIVE views= 8 mean_abs_feat_delta= 0.364735
BIOHUB_RETENTION_GUARD {"blended_candidates": 468, "dataset": "44b6_12dfb391", "frame": 75, "minimum_retention": 0.9, "primary_candidates": 565, "retention": 0.8283185840707965, "use_primary": true}
BIOHUB_RETENTION_GUARD {"blended_candidates": 468, "dataset": "44b6_12dfb391", "frame": 75, "minimum_retention": 0.9, "primary_candidates": 565, "retention": 0.8283185840707965, "use_primary": true}
EDGE_TTA_ACTIVE views= 8 mean_abs_feat_delta= 0.350829
EDGE_TTA_ACTIVE views= 8 mean_abs_feat_delta= 0.350829
EDGE_TTA_ACTIVE views= 8 mean_abs_feat_delta= 0.359082
EDGE_TTA_ACTIVE views= 8 mean_abs_feat_delta= 0.359082
BIOHUB_RETENTION_GUARD {"blended_candidates": 507, "dataset": "44b6_12dfb391", "frame": 76, "minimum_retention": 0.9, "primary_candidates": 579, "retention": 0.8756476683937824, "use_primary": true}
EDGE_TTA_ACTIVE views= 8 mean_abs_feat_delta= 0.344987
BIOHUB_RETENTION_GUARD {"blended_candidates": 507, "dataset": "44b6_12dfb391", "frame": 76, "minimum_retention": 0.9, "primary_candidates": 579, "retention": 0.8756476683937824, "use_primary": true}
EDGE_TTA_ACTIVE views= 8 mean_abs_feat_delta= 0.344987
EDGE_TTA_ACTIVE views= 8 mean_abs_feat_delta= 0.356314
EDGE_TTA_ACTIVE views= 8 mean_abs_feat_delta= 0.356314
BIOHUB_RETENTION_GUARD {"blended_candidates": 503, "dataset": "44b6_12dfb391", "frame": 77, "minimum_retention": 0.9, "primary_candidates": 582, "retention": 0.8642611683848798, "use_primary": true}
EDGE_TTA_ACTIVE views= 8 mean_abs_feat_delta= 0.329788
BIOHUB_RETENTION_GUARD {"blended_candidates": 503, "dataset": "44b6_12dfb391", "frame": 77, "minimum_retention": 0.9, "primary_candidates": 582, "retention": 0.8642611683848798, "use_primary": true}
EDGE_TTA_ACTIVE views= 8 mean_abs_feat_delta= 0.329788
EDGE_TTA_ACTIVE views= 8 mean_abs_feat_delta= 0.35617
EDGE_TTA_ACTIVE views= 8 mean_abs_feat_delta= 0.35617
EDGE_TTA_ACTIVE views= 8 mean_abs_feat_delta= 0.329665
EDGE_TTA_ACTIVE views= 8 mean_abs_feat_delta= 0.329665
BIOHUB_RETENTION_GUARD {"blended_candidates": 519, "dataset": "44b6_12dfb391", "frame": 78, "minimum_retention": 0.9, "primary_candidates": 585, "retention": 0.8871794871794871, "use_primary": true}
BIOHUB_RETENTION_GUARD {"blended_candidates": 519, "dataset": "44b6_12dfb391", "frame": 78, "minimum_retention": 0.9, "primary_candidates": 585, "retention": 0.8871794871794871, "use_primary": true}
EDGE_TTA_ACTIVE views= 8 mean_abs_feat_delta= 0.351982
EDGE_TTA_ACTIVE views= 8 mean_abs_feat_delta= 0.351982
EDGE_TTA_ACTIVE views= 8 mean_abs_feat_delta= 0.325406
EDGE_TTA_ACTIVE views= 8 mean_abs_feat_delta= 0.325406
EDGE_TTA_ACTIVE views= 8 mean_abs_feat_delta= 0.35395
EDGE_TTA_ACTIVE views= 8 mean_abs_feat_delta= 0.35395
EDGE_TTA_ACTIVE views= 8 mean_abs_feat_delta= 0.337377
EDGE_TTA_ACTIVE views= 8 mean_abs_feat_delta= 0.337377
EDGE_TTA_ACTIVE views= 8 mean_abs_feat_delta= 0.35797
EDGE_TTA_ACTIVE views= 8 mean_abs_feat_delta= 0.336612
EDGE_TTA_ACTIVE views= 8 mean_abs_feat_delta= 0.35797
EDGE_TTA_ACTIVE views= 8 mean_abs_feat_delta= 0.336612
EDGE_TTA_ACTIVE views= 8 mean_abs_feat_delta= 0.340573
EDGE_TTA_ACTIVE views= 8 mean_abs_feat_delta= 0.358939
EDGE_TTA_ACTIVE views= 8 mean_abs_feat_delta= 0.340573
EDGE_TTA_ACTIVE views= 8 mean_abs_feat_delta= 0.358939
EDGE_TTA_ACTIVE views= 8 mean_abs_feat_delta= 0.34851
EDGE_TTA_ACTIVE views= 8 mean_abs_feat_delta= 0.34851
EDGE_TTA_ACTIVE views= 8 mean_abs_feat_delta= 0.362662
EDGE_TTA_ACTIVE views= 8 mean_abs_feat_delta= 0.362662
BIOHUB_RETENTION_GUARD {"blended_candidates": 478, "dataset": "44b6_12dfb391", "frame": 83, "minimum_retention": 0.9, "primary_candidates": 555, "retention": 0.8612612612612612, "use_primary": true}
BIOHUB_RETENTION_GUARD {"blended_candidates": 478, "dataset": "44b6_12dfb391", "frame": 83, "minimum_retention": 0.9, "primary_candidates": 555, "retention": 0.8612612612612612, "use_primary": true}
EDGE_TTA_ACTIVE views= 8 mean_abs_feat_delta= 0.344922
EDGE_TTA_ACTIVE views= 8 mean_abs_feat_delta= 0.344922
EDGE_TTA_ACTIVE views= 8 mean_abs_feat_delta= 0.363086
EDGE_TTA_ACTIVE views= 8 mean_abs_feat_delta= 0.363086
BIOHUB_RETENTION_GUARD {"blended_candidates": 501, "dataset": "44b6_12dfb391", "frame": 84, "minimum_retention": 0.9, "primary_candidates": 566, "retention": 0.8851590106007067, "use_primary": true}
BIOHUB_RETENTION_GUARD {"blended_candidates": 501, "dataset": "44b6_12dfb391", "frame": 84, "minimum_retention": 0.9, "primary_candidates": 566, "retention": 0.8851590106007067, "use_primary": true}
EDGE_TTA_ACTIVE views= 8 mean_abs_feat_delta= 0.345806
EDGE_TTA_ACTIVE views= 8 mean_abs_feat_delta= 0.345806
EDGE_TTA_ACTIVE views= 8 mean_abs_feat_delta= 0.364785
EDGE_TTA_ACTIVE views= 8 mean_abs_feat_delta= 0.364785
EDGE_TTA_ACTIVE views= 8 mean_abs_feat_delta= 0.333012
EDGE_TTA_ACTIVE views= 8 mean_abs_feat_delta= 0.333012
EDGE_TTA_ACTIVE views= 8 mean_abs_feat_delta= 0.363892
EDGE_TTA_ACTIVE views= 8 mean_abs_feat_delta= 0.363892
EDGE_TTA_ACTIVE views= 8 mean_abs_feat_delta= 0.332183
EDGE_TTA_ACTIVE views= 8 mean_abs_feat_delta= 0.332183
EDGE_TTA_ACTIVE views= 8 mean_abs_feat_delta= 0.362041
EDGE_TTA_ACTIVE views= 8 mean_abs_feat_delta= 0.362041
EDGE_TTA_ACTIVE views= 8 mean_abs_feat_delta= 0.322487
EDGE_TTA_ACTIVE views= 8 mean_abs_feat_delta= 0.322487
EDGE_TTA_ACTIVE views= 8 mean_abs_feat_delta= 0.364393
EDGE_TTA_ACTIVE views= 8 mean_abs_feat_delta= 0.364393
EDGE_TTA_ACTIVE views= 8 mean_abs_feat_delta= 0.36832
EDGE_TTA_ACTIVE views= 8 mean_abs_feat_delta= 0.36832
BIOHUB_RETENTION_GUARD {"blended_candidates": 539, "dataset": "44b6_12dfb391", "frame": 89, "minimum_retention": 0.9, "primary_candidates": 618, "retention": 0.872168284789644, "use_primary": true}
BIOHUB_RETENTION_GUARD {"blended_candidates": 539, "dataset": "44b6_12dfb391", "frame": 89, "minimum_retention": 0.9, "primary_candidates": 618, "retention": 0.872168284789644, "use_primary": true}
EDGE_TTA_ACTIVE views= 8 mean_abs_feat_delta= 0.372337
EDGE_TTA_ACTIVE views= 8 mean_abs_feat_delta= 0.372337
BIOHUB_RETENTION_GUARD {"blended_candidates": 532, "dataset": "44b6_12dfb391", "frame": 90, "minimum_retention": 0.9, "primary_candidates": 595, "retention": 0.8941176470588236, "use_primary": true}
BIOHUB_RETENTION_GUARD {"blended_candidates": 532, "dataset": "44b6_12dfb391", "frame": 90, "minimum_retention": 0.9, "primary_candidates": 595, "retention": 0.8941176470588236, "use_primary": true}
EDGE_TTA_ACTIVE views= 8 mean_abs_feat_delta= 0.372351
EDGE_TTA_ACTIVE views= 8 mean_abs_feat_delta= 0.372351
EDGE_TTA_ACTIVE views= 8 mean_abs_feat_delta= 0.376977
EDGE_TTA_ACTIVE views= 8 mean_abs_feat_delta= 0.376977
EDGE_TTA_ACTIVE views= 8 mean_abs_feat_delta= 0.379308
EDGE_TTA_ACTIVE views= 8 mean_abs_feat_delta= 0.379308
EDGE_TTA_ACTIVE views= 8 mean_abs_feat_delta= 0.375447
EDGE_TTA_ACTIVE views= 8 mean_abs_feat_delta= 0.375447
BIOHUB_RETENTION_GUARD {"blended_candidates": 520, "dataset": "44b6_12dfb391", "frame": 94, "minimum_retention": 0.9, "primary_candidates": 583, "retention": 0.8919382504288165, "use_primary": true}
BIOHUB_RETENTION_GUARD {"blended_candidates": 520, "dataset": "44b6_12dfb391", "frame": 94, "minimum_retention": 0.9, "primary_candidates": 583, "retention": 0.8919382504288165, "use_primary": true}
EDGE_TTA_ACTIVE views= 8 mean_abs_feat_delta= 0.369974
EDGE_TTA_ACTIVE views= 8 mean_abs_feat_delta= 0.369974
EDGE_TTA_ACTIVE views= 8 mean_abs_feat_delta= 0.311164
EDGE_TTA_ACTIVE views= 8 mean_abs_feat_delta= 0.311164
EDGE_TTA_ACTIVE views= 8 mean_abs_feat_delta= 0.373122
EDGE_TTA_ACTIVE views= 8 mean_abs_feat_delta= 0.373122
EDGE_TTA_ACTIVE views= 8 mean_abs_feat_delta= 0.314772
EDGE_TTA_ACTIVE views= 8 mean_abs_feat_delta= 0.314772
EDGE_TTA_ACTIVE views= 8 mean_abs_feat_delta= 0.371747
EDGE_TTA_ACTIVE views= 8 mean_abs_feat_delta= 0.371747
EDGE_TTA_ACTIVE views= 8 mean_abs_feat_delta= 0.32
EDGE_TTA_ACTIVE views= 8 mean_abs_feat_delta= 0.32
EDGE_TTA_ACTIVE views= 8 mean_abs_feat_delta= 0.369424
EDGE_TTA_ACTIVE views= 8 mean_abs_feat_delta= 0.369424
EDGE_TTA_ACTIVE views= 8 mean_abs_feat_delta= 0.316482
EDGE_TTA_ACTIVE views= 8 mean_abs_feat_delta= 0.316482
EDGE_TTA_ACTIVE views= 8 mean_abs_feat_delta= 0.372871
EDGE_TTA_ACTIVE views= 8 mean_abs_feat_delta= 0.372871
EDGE_TTA_ACTIVE views= 8 mean_abs_feat_delta= 0.312516
EDGE_TTA_ACTIVE views= 8 mean_abs_feat_delta= 0.312516
EDGE_TTA_ACTIVE views= 8 mean_abs_feat_delta= 0.310284
EDGE_TTA_ACTIVE views= 8 mean_abs_feat_delta= 0.310284
EDGE_TTA_ACTIVE views= 8 mean_abs_feat_delta= 0.315039
EDGE_TTA_ACTIVE views= 8 mean_abs_feat_delta= 0.315039
EDGE_TTA_ACTIVE views= 8 mean_abs_feat_delta= 0.322123
EDGE_TTA_ACTIVE views= 8 mean_abs_feat_delta= 0.322123
EDGE_TTA_ACTIVE views= 8 mean_abs_feat_delta= 0.315226
EDGE_TTA_ACTIVE views= 8 mean_abs_feat_delta= 0.315226
EDGE_TTA_ACTIVE views= 8 mean_abs_feat_delta= 0.313017
EDGE_TTA_ACTIVE views= 8 mean_abs_feat_delta= 0.313017
EDGE_TTA_ACTIVE views= 8 mean_abs_feat_delta= 0.312427
EDGE_TTA_ACTIVE views= 8 mean_abs_feat_delta= 0.312427
EDGE_TTA_ACTIVE views= 8 mean_abs_feat_delta= 0.312244
EDGE_TTA_ACTIVE views= 8 mean_abs_feat_delta= 0.312244
EDGE_TTA_ACTIVE views= 8 mean_abs_feat_delta= 0.312161
EDGE_TTA_ACTIVE views= 8 mean_abs_feat_delta= 0.312161
EDGE_TTA_ACTIVE views= 8 mean_abs_feat_delta= 0.311033
EDGE_TTA_ACTIVE views= 8 mean_abs_feat_delta= 0.311033
EDGE_TTA_ACTIVE views= 8 mean_abs_feat_delta= 0.322725
EDGE_TTA_ACTIVE views= 8 mean_abs_feat_delta= 0.322725
EDGE_TTA_ACTIVE views= 8 mean_abs_feat_delta= 0.325293
EDGE_TTA_ACTIVE views= 8 mean_abs_feat_delta= 0.325293
EDGE_TTA_ACTIVE views= 8 mean_abs_feat_delta= 0.323346
EDGE_TTA_ACTIVE views= 8 mean_abs_feat_delta= 0.323346
EDGE_TTA_ACTIVE views= 8 mean_abs_feat_delta= 0.325491
EDGE_TTA_ACTIVE views= 8 mean_abs_feat_delta= 0.325491
EDGE_TTA_ACTIVE views= 8 mean_abs_feat_delta= 0.330746
EDGE_TTA_ACTIVE views= 8 mean_abs_feat_delta= 0.330746
EDGE_TTA_ACTIVE views= 8 mean_abs_feat_delta= 0.322777
EDGE_TTA_ACTIVE views= 8 mean_abs_feat_delta= 0.322777
EDGE_TTA_ACTIVE views= 8 mean_abs_feat_delta= 0.325178
EDGE_TTA_ACTIVE views= 8 mean_abs_feat_delta= 0.325178
EDGE_TTA_ACTIVE views= 8 mean_abs_feat_delta= 0.329767
EDGE_TTA_ACTIVE views= 8 mean_abs_feat_delta= 0.329767
EDGE_TTA_ACTIVE views= 8 mean_abs_feat_delta= 0.326202
EDGE_TTA_ACTIVE views= 8 mean_abs_feat_delta= 0.326202
EDGE_TTA_ACTIVE views= 8 mean_abs_feat_delta= 0.317502
EDGE_TTA_ACTIVE views= 8 mean_abs_feat_delta= 0.317502
EDGE_TTA_ACTIVE views= 8 mean_abs_feat_delta= 0.323159
EDGE_TTA_ACTIVE views= 8 mean_abs_feat_delta= 0.323159
EDGE_TTA_ACTIVE views= 8 mean_abs_feat_delta= 0.330965
EDGE_TTA_ACTIVE views= 8 mean_abs_feat_delta= 0.330965
EDGE_TTA_ACTIVE views= 8 mean_abs_feat_delta= 0.32822
EDGE_TTA_ACTIVE views= 8 mean_abs_feat_delta= 0.32822
EDGE_TTA_ACTIVE views= 8 mean_abs_feat_delta= 0.354264
EDGE_TTA_ACTIVE views= 8 mean_abs_feat_delta= 0.354264
BIOHUB_RETENTION_GUARD {"blended_candidates": 93, "dataset": "44b6_341df25f", "frame": 27, "minimum_retention": 0.9, "primary_candidates": 104, "retention": 0.8942307692307693, "use_primary": true}
BIOHUB_RETENTION_GUARD {"blended_candidates": 93, "dataset": "44b6_341df25f", "frame": 27, "minimum_retention": 0.9, "primary_candidates": 104, "retention": 0.8942307692307693, "use_primary": true}
BIOHUB_RETENTION_GUARD {"blended_candidates": 460, "dataset": "44b6_2a2eff9f", "frame": 0, "minimum_retention": 0.9, "primary_candidates": 559, "retention": 0.8228980322003577, "use_primary": true}
BIOHUB_RETENTION_GUARD {"blended_candidates": 460, "dataset": "44b6_2a2eff9f", "frame": 1, "minimum_retention": 0.9, "primary_candidates": 536, "retention": 0.8582089552238806, "use_primary": true}
BIOHUB_RETENTION_GUARD {"blended_candidates": 460, "dataset": "44b6_2a2eff9f", "frame": 0, "minimum_retention": 0.9, "primary_candidates": 559, "retention": 0.8228980322003577, "use_primary": true}
BIOHUB_RETENTION_GUARD {"blended_candidates": 460, "dataset": "44b6_2a2eff9f", "frame": 1, "minimum_retention": 0.9, "primary_candidates": 536, "retention": 0.8582089552238806, "use_primary": true}
EDGE_TTA_ACTIVE views= 8 mean_abs_feat_delta= 0.333586
EDGE_TTA_ACTIVE views= 8 mean_abs_feat_delta= 0.333586
EDGE_TTA_ACTIVE views= 8 mean_abs_feat_delta= 0.353629
EDGE_TTA_ACTIVE views= 8 mean_abs_feat_delta= 0.353629
BIOHUB_RETENTION_GUARD {"blended_candidates": 448, "dataset": "44b6_2a2eff9f", "frame": 2, "minimum_retention": 0.9, "primary_candidates": 529, "retention": 0.8468809073724007, "use_primary": true}
BIOHUB_RETENTION_GUARD {"blended_candidates": 448, "dataset": "44b6_2a2eff9f", "frame": 2, "minimum_retention": 0.9, "primary_candidates": 529, "retention": 0.8468809073724007, "use_primary": true}
EDGE_TTA_ACTIVE views= 8 mean_abs_feat_delta= 0.335857
EDGE_TTA_ACTIVE views= 8 mean_abs_feat_delta= 0.335857
EDGE_TTA_ACTIVE views= 8 mean_abs_feat_delta= 0.354199
EDGE_TTA_ACTIVE views= 8 mean_abs_feat_delta= 0.354199
BIOHUB_RETENTION_GUARD {"blended_candidates": 428, "dataset": "44b6_2a2eff9f", "frame": 3, "minimum_retention": 0.9, "primary_candidates": 515, "retention": 0.8310679611650486, "use_primary": true}
BIOHUB_RETENTION_GUARD {"blended_candidates": 428, "dataset": "44b6_2a2eff9f", "frame": 3, "minimum_retention": 0.9, "primary_candidates": 515, "retention": 0.8310679611650486, "use_primary": true}
EDGE_TTA_ACTIVE views= 8 mean_abs_feat_delta= 0.332258
EDGE_TTA_ACTIVE views= 8 mean_abs_feat_delta= 0.332258
EDGE_TTA_ACTIVE views= 8 mean_abs_feat_delta= 0.351342
EDGE_TTA_ACTIVE views= 8 mean_abs_feat_delta= 0.351342
BIOHUB_RETENTION_GUARD {"blended_candidates": 456, "dataset": "44b6_2a2eff9f", "frame": 4, "minimum_retention": 0.9, "primary_candidates": 542, "retention": 0.8413284132841329, "use_primary": true}
BIOHUB_RETENTION_GUARD {"blended_candidates": 456, "dataset": "44b6_2a2eff9f", "frame": 4, "minimum_retention": 0.9, "primary_candidates": 542, "retention": 0.8413284132841329, "use_primary": true}
EDGE_TTA_ACTIVE views= 8 mean_abs_feat_delta= 0.331192
EDGE_TTA_ACTIVE views= 8 mean_abs_feat_delta= 0.331192
EDGE_TTA_ACTIVE views= 8 mean_abs_feat_delta= 0.353535
EDGE_TTA_ACTIVE views= 8 mean_abs_feat_delta= 0.353535
BIOHUB_RETENTION_GUARD {"blended_candidates": 451, "dataset": "44b6_2a2eff9f", "frame": 5, "minimum_retention": 0.9, "primary_candidates": 542, "retention": 0.8321033210332104, "use_primary": true}
BIOHUB_RETENTION_GUARD {"blended_candidates": 451, "dataset": "44b6_2a2eff9f", "frame": 5, "minimum_retention": 0.9, "primary_candidates": 542, "retention": 0.8321033210332104, "use_primary": true}
EDGE_TTA_ACTIVE views= 8 mean_abs_feat_delta= 0.331813
EDGE_TTA_ACTIVE views= 8 mean_abs_feat_delta= 0.331813
EDGE_TTA_ACTIVE views= 8 mean_abs_feat_delta= 0.355109
EDGE_TTA_ACTIVE views= 8 mean_abs_feat_delta= 0.355109
BIOHUB_RETENTION_GUARD {"blended_candidates": 449, "dataset": "44b6_2a2eff9f", "frame": 6, "minimum_retention": 0.9, "primary_candidates": 544, "retention": 0.8253676470588235, "use_primary": true}
BIOHUB_RETENTION_GUARD {"blended_candidates": 449, "dataset": "44b6_2a2eff9f", "frame": 6, "minimum_retention": 0.9, "primary_candidates": 544, "retention": 0.8253676470588235, "use_primary": true}
EDGE_TTA_ACTIVE views= 8 mean_abs_feat_delta= 0.327911
EDGE_TTA_ACTIVE views= 8 mean_abs_feat_delta= 0.327911
EDGE_TTA_ACTIVE views= 8 mean_abs_feat_delta= 0.359732
EDGE_TTA_ACTIVE views= 8 mean_abs_feat_delta= 0.359732
BIOHUB_RETENTION_GUARD {"blended_candidates": 419, "dataset": "44b6_2a2eff9f", "frame": 7, "minimum_retention": 0.9, "primary_candidates": 531, "retention": 0.7890772128060264, "use_primary": true}
BIOHUB_RETENTION_GUARD {"blended_candidates": 419, "dataset": "44b6_2a2eff9f", "frame": 7, "minimum_retention": 0.9, "primary_candidates": 531, "retention": 0.7890772128060264, "use_primary": true}
EDGE_TTA_ACTIVE views= 8 mean_abs_feat_delta= 0.330714
EDGE_TTA_ACTIVE views= 8 mean_abs_feat_delta= 0.330714
EDGE_TTA_ACTIVE views= 8 mean_abs_feat_delta= 0.367188
EDGE_TTA_ACTIVE views= 8 mean_abs_feat_delta= 0.367188
BIOHUB_RETENTION_GUARD {"blended_candidates": 426, "dataset": "44b6_2a2eff9f", "frame": 8, "minimum_retention": 0.9, "primary_candidates": 524, "retention": 0.8129770992366412, "use_primary": true}
BIOHUB_RETENTION_GUARD {"blended_candidates": 426, "dataset": "44b6_2a2eff9f", "frame": 8, "minimum_retention": 0.9, "primary_candidates": 524, "retention": 0.8129770992366412, "use_primary": true}
EDGE_TTA_ACTIVE views= 8 mean_abs_feat_delta= 0.32934
EDGE_TTA_ACTIVE views= 8 mean_abs_feat_delta= 0.32934
EDGE_TTA_ACTIVE views= 8 mean_abs_feat_delta= 0.367144
EDGE_TTA_ACTIVE views= 8 mean_abs_feat_delta= 0.367144
BIOHUB_RETENTION_GUARD {"blended_candidates": 432, "dataset": "44b6_2a2eff9f", "frame": 9, "minimum_retention": 0.9, "primary_candidates": 530, "retention": 0.8150943396226416, "use_primary": true}
EDGE_TTA_ACTIVE views= 8 mean_abs_feat_delta= 0.333566
BIOHUB_RETENTION_GUARD {"blended_candidates": 432, "dataset": "44b6_2a2eff9f", "frame": 9, "minimum_retention": 0.9, "primary_candidates": 530, "retention": 0.8150943396226416, "use_primary": true}
EDGE_TTA_ACTIVE views= 8 mean_abs_feat_delta= 0.333566
EDGE_TTA_ACTIVE views= 8 mean_abs_feat_delta= 0.36704
EDGE_TTA_ACTIVE views= 8 mean_abs_feat_delta= 0.36704
BIOHUB_RETENTION_GUARD {"blended_candidates": 412, "dataset": "44b6_2a2eff9f", "frame": 10, "minimum_retention": 0.9, "primary_candidates": 516, "retention": 0.7984496124031008, "use_primary": true}
EDGE_TTA_ACTIVE views= 8 mean_abs_feat_delta= 0.336507
BIOHUB_RETENTION_GUARD {"blended_candidates": 412, "dataset": "44b6_2a2eff9f", "frame": 10, "minimum_retention": 0.9, "primary_candidates": 516, "retention": 0.7984496124031008, "use_primary": true}
EDGE_TTA_ACTIVE views= 8 mean_abs_feat_delta= 0.336507
EDGE_TTA_ACTIVE views= 8 mean_abs_feat_delta= 0.361712
EDGE_TTA_ACTIVE views= 8 mean_abs_feat_delta= 0.361712
BIOHUB_RETENTION_GUARD {"blended_candidates": 456, "dataset": "44b6_2a2eff9f", "frame": 11, "minimum_retention": 0.9, "primary_candidates": 534, "retention": 0.8539325842696629, "use_primary": true}
EDGE_TTA_ACTIVE views= 8 mean_abs_feat_delta= 0.3358
BIOHUB_RETENTION_GUARD {"blended_candidates": 456, "dataset": "44b6_2a2eff9f", "frame": 11, "minimum_retention": 0.9, "primary_candidates": 534, "retention": 0.8539325842696629, "use_primary": true}
EDGE_TTA_ACTIVE views= 8 mean_abs_feat_delta= 0.3358
EDGE_TTA_ACTIVE views= 8 mean_abs_feat_delta= 0.36232
EDGE_TTA_ACTIVE views= 8 mean_abs_feat_delta= 0.36232
EDGE_TTA_ACTIVE views= 8 mean_abs_feat_delta= 0.32024
BIOHUB_RETENTION_GUARD {"blended_candidates": 425, "dataset": "44b6_2a2eff9f", "frame": 12, "minimum_retention": 0.9, "primary_candidates": 508, "retention": 0.8366141732283464, "use_primary": true}
EDGE_TTA_ACTIVE views= 8 mean_abs_feat_delta= 0.32024
BIOHUB_RETENTION_GUARD {"blended_candidates": 425, "dataset": "44b6_2a2eff9f", "frame": 12, "minimum_retention": 0.9, "primary_candidates": 508, "retention": 0.8366141732283464, "use_primary": true}
EDGE_TTA_ACTIVE views= 8 mean_abs_feat_delta= 0.361858
EDGE_TTA_ACTIVE views= 8 mean_abs_feat_delta= 0.361858
EDGE_TTA_ACTIVE views= 8 mean_abs_feat_delta= 0.325944
BIOHUB_RETENTION_GUARD {"blended_candidates": 407, "dataset": "44b6_2a2eff9f", "frame": 13, "minimum_retention": 0.9, "primary_candidates": 504, "retention": 0.8075396825396826, "use_primary": true}
EDGE_TTA_ACTIVE views= 8 mean_abs_feat_delta= 0.325944
BIOHUB_RETENTION_GUARD {"blended_candidates": 407, "dataset": "44b6_2a2eff9f", "frame": 13, "minimum_retention": 0.9, "primary_candidates": 504, "retention": 0.8075396825396826, "use_primary": true}
EDGE_TTA_ACTIVE views= 8 mean_abs_feat_delta= 0.358521
EDGE_TTA_ACTIVE views= 8 mean_abs_feat_delta= 0.358521
EDGE_TTA_ACTIVE views= 8 mean_abs_feat_delta= 0.328686
BIOHUB_RETENTION_GUARD {"blended_candidates": 403, "dataset": "44b6_2a2eff9f", "frame": 14, "minimum_retention": 0.9, "primary_candidates": 499, "retention": 0.8076152304609219, "use_primary": true}
EDGE_TTA_ACTIVE views= 8 mean_abs_feat_delta= 0.328686
BIOHUB_RETENTION_GUARD {"blended_candidates": 403, "dataset": "44b6_2a2eff9f", "frame": 14, "minimum_retention": 0.9, "primary_candidates": 499, "retention": 0.8076152304609219, "use_primary": true}
EDGE_TTA_ACTIVE views= 8 mean_abs_feat_delta= 0.360482
EDGE_TTA_ACTIVE views= 8 mean_abs_feat_delta= 0.360482
EDGE_TTA_ACTIVE views= 8 mean_abs_feat_delta= 0.327204
EDGE_TTA_ACTIVE views= 8 mean_abs_feat_delta= 0.327204
BIOHUB_RETENTION_GUARD {"blended_candidates": 388, "dataset": "44b6_2a2eff9f", "frame": 15, "minimum_retention": 0.9, "primary_candidates": 479, "retention": 0.8100208768267223, "use_primary": true}
BIOHUB_RETENTION_GUARD {"blended_candidates": 388, "dataset": "44b6_2a2eff9f", "frame": 15, "minimum_retention": 0.9, "primary_candidates": 479, "retention": 0.8100208768267223, "use_primary": true}
EDGE_TTA_ACTIVE views= 8 mean_abs_feat_delta= 0.362679
EDGE_TTA_ACTIVE views= 8 mean_abs_feat_delta= 0.362679
EDGE_TTA_ACTIVE views= 8 mean_abs_feat_delta= 0.333242
EDGE_TTA_ACTIVE views= 8 mean_abs_feat_delta= 0.333242
BIOHUB_RETENTION_GUARD {"blended_candidates": 357, "dataset": "44b6_2a2eff9f", "frame": 16, "minimum_retention": 0.9, "primary_candidates": 478, "retention": 0.7468619246861925, "use_primary": true}
BIOHUB_RETENTION_GUARD {"blended_candidates": 357, "dataset": "44b6_2a2eff9f", "frame": 16, "minimum_retention": 0.9, "primary_candidates": 478, "retention": 0.7468619246861925, "use_primary": true}
EDGE_TTA_ACTIVE views= 8 mean_abs_feat_delta= 0.361583
EDGE_TTA_ACTIVE views= 8 mean_abs_feat_delta= 0.361583
EDGE_TTA_ACTIVE views= 8 mean_abs_feat_delta= 0.335356
EDGE_TTA_ACTIVE views= 8 mean_abs_feat_delta= 0.335356
BIOHUB_RETENTION_GUARD {"blended_candidates": 328, "dataset": "44b6_2a2eff9f", "frame": 17, "minimum_retention": 0.9, "primary_candidates": 458, "retention": 0.7161572052401747, "use_primary": true}
BIOHUB_RETENTION_GUARD {"blended_candidates": 328, "dataset": "44b6_2a2eff9f", "frame": 17, "minimum_retention": 0.9, "primary_candidates": 458, "retention": 0.7161572052401747, "use_primary": true}
EDGE_TTA_ACTIVE views= 8 mean_abs_feat_delta= 0.359303
EDGE_TTA_ACTIVE views= 8 mean_abs_feat_delta= 0.359303
EDGE_TTA_ACTIVE views= 8 mean_abs_feat_delta= 0.333142
EDGE_TTA_ACTIVE views= 8 mean_abs_feat_delta= 0.333142
BIOHUB_RETENTION_GUARD {"blended_candidates": 408, "dataset": "44b6_2a2eff9f", "frame": 18, "minimum_retention": 0.9, "primary_candidates": 486, "retention": 0.8395061728395061, "use_primary": true}
BIOHUB_RETENTION_GUARD {"blended_candidates": 408, "dataset": "44b6_2a2eff9f", "frame": 18, "minimum_retention": 0.9, "primary_candidates": 486, "retention": 0.8395061728395061, "use_primary": true}
EDGE_TTA_ACTIVE views= 8 mean_abs_feat_delta= 0.357931
EDGE_TTA_ACTIVE views= 8 mean_abs_feat_delta= 0.328461
EDGE_TTA_ACTIVE views= 8 mean_abs_feat_delta= 0.357931
EDGE_TTA_ACTIVE views= 8 mean_abs_feat_delta= 0.328461
BIOHUB_RETENTION_GUARD {"blended_candidates": 382, "dataset": "44b6_2a2eff9f", "frame": 19, "minimum_retention": 0.9, "primary_candidates": 474, "retention": 0.8059071729957806, "use_primary": true}
BIOHUB_RETENTION_GUARD {"blended_candidates": 382, "dataset": "44b6_2a2eff9f", "frame": 19, "minimum_retention": 0.9, "primary_candidates": 474, "retention": 0.8059071729957806, "use_primary": true}
EDGE_TTA_ACTIVE views= 8 mean_abs_feat_delta= 0.35399
EDGE_TTA_ACTIVE views= 8 mean_abs_feat_delta= 0.328834
EDGE_TTA_ACTIVE views= 8 mean_abs_feat_delta= 0.35399
EDGE_TTA_ACTIVE views= 8 mean_abs_feat_delta= 0.328834
BIOHUB_RETENTION_GUARD {"blended_candidates": 404, "dataset": "44b6_2a2eff9f", "frame": 20, "minimum_retention": 0.9, "primary_candidates": 504, "retention": 0.8015873015873016, "use_primary": true}
BIOHUB_RETENTION_GUARD {"blended_candidates": 404, "dataset": "44b6_2a2eff9f", "frame": 20, "minimum_retention": 0.9, "primary_candidates": 504, "retention": 0.8015873015873016, "use_primary": true}
EDGE_TTA_ACTIVE views= 8 mean_abs_feat_delta= 0.33524
EDGE_TTA_ACTIVE views= 8 mean_abs_feat_delta= 0.354644
EDGE_TTA_ACTIVE views= 8 mean_abs_feat_delta= 0.33524
EDGE_TTA_ACTIVE views= 8 mean_abs_feat_delta= 0.354644
BIOHUB_RETENTION_GUARD {"blended_candidates": 413, "dataset": "44b6_2a2eff9f", "frame": 21, "minimum_retention": 0.9, "primary_candidates": 491, "retention": 0.8411405295315683, "use_primary": true}
BIOHUB_RETENTION_GUARD {"blended_candidates": 413, "dataset": "44b6_2a2eff9f", "frame": 21, "minimum_retention": 0.9, "primary_candidates": 491, "retention": 0.8411405295315683, "use_primary": true}
EDGE_TTA_ACTIVE views= 8 mean_abs_feat_delta= 0.330644
EDGE_TTA_ACTIVE views= 8 mean_abs_feat_delta= 0.354923
EDGE_TTA_ACTIVE views= 8 mean_abs_feat_delta= 0.330644
EDGE_TTA_ACTIVE views= 8 mean_abs_feat_delta= 0.354923
BIOHUB_RETENTION_GUARD {"blended_candidates": 362, "dataset": "44b6_2a2eff9f", "frame": 22, "minimum_retention": 0.9, "primary_candidates": 470, "retention": 0.7702127659574468, "use_primary": true}
BIOHUB_RETENTION_GUARD {"blended_candidates": 362, "dataset": "44b6_2a2eff9f", "frame": 22, "minimum_retention": 0.9, "primary_candidates": 470, "retention": 0.7702127659574468, "use_primary": true}
EDGE_TTA_ACTIVE views= 8 mean_abs_feat_delta= 0.329724
EDGE_TTA_ACTIVE views= 8 mean_abs_feat_delta= 0.329724
EDGE_TTA_ACTIVE views= 8 mean_abs_feat_delta= 0.354804
EDGE_TTA_ACTIVE views= 8 mean_abs_feat_delta= 0.354804
BIOHUB_RETENTION_GUARD {"blended_candidates": 377, "dataset": "44b6_2a2eff9f", "frame": 23, "minimum_retention": 0.9, "primary_candidates": 467, "retention": 0.8072805139186295, "use_primary": true}
BIOHUB_RETENTION_GUARD {"blended_candidates": 377, "dataset": "44b6_2a2eff9f", "frame": 23, "minimum_retention": 0.9, "primary_candidates": 467, "retention": 0.8072805139186295, "use_primary": true}
EDGE_TTA_ACTIVE views= 8 mean_abs_feat_delta= 0.328509
EDGE_TTA_ACTIVE views= 8 mean_abs_feat_delta= 0.328509
EDGE_TTA_ACTIVE views= 8 mean_abs_feat_delta= 0.354254
EDGE_TTA_ACTIVE views= 8 mean_abs_feat_delta= 0.354254
BIOHUB_RETENTION_GUARD {"blended_candidates": 378, "dataset": "44b6_2a2eff9f", "frame": 24, "minimum_retention": 0.9, "primary_candidates": 467, "retention": 0.8094218415417559, "use_primary": true}
BIOHUB_RETENTION_GUARD {"blended_candidates": 378, "dataset": "44b6_2a2eff9f", "frame": 24, "minimum_retention": 0.9, "primary_candidates": 467, "retention": 0.8094218415417559, "use_primary": true}
EDGE_TTA_ACTIVE views= 8 mean_abs_feat_delta= 0.328824
EDGE_TTA_ACTIVE views= 8 mean_abs_feat_delta= 0.328824
EDGE_TTA_ACTIVE views= 8 mean_abs_feat_delta= 0.361493
EDGE_TTA_ACTIVE views= 8 mean_abs_feat_delta= 0.361493
BIOHUB_RETENTION_GUARD {"blended_candidates": 363, "dataset": "44b6_2a2eff9f", "frame": 25, "minimum_retention": 0.9, "primary_candidates": 449, "retention": 0.8084632516703786, "use_primary": true}
BIOHUB_RETENTION_GUARD {"blended_candidates": 363, "dataset": "44b6_2a2eff9f", "frame": 25, "minimum_retention": 0.9, "primary_candidates": 449, "retention": 0.8084632516703786, "use_primary": true}
EDGE_TTA_ACTIVE views= 8 mean_abs_feat_delta= 0.333453
EDGE_TTA_ACTIVE views= 8 mean_abs_feat_delta= 0.333453
EDGE_TTA_ACTIVE views= 8 mean_abs_feat_delta= 0.367501
EDGE_TTA_ACTIVE views= 8 mean_abs_feat_delta= 0.367501
BIOHUB_RETENTION_GUARD {"blended_candidates": 348, "dataset": "44b6_2a2eff9f", "frame": 26, "minimum_retention": 0.9, "primary_candidates": 438, "retention": 0.7945205479452054, "use_primary": true}
BIOHUB_RETENTION_GUARD {"blended_candidates": 348, "dataset": "44b6_2a2eff9f", "frame": 26, "minimum_retention": 0.9, "primary_candidates": 438, "retention": 0.7945205479452054, "use_primary": true}
EDGE_TTA_ACTIVE views= 8 mean_abs_feat_delta= 0.33049
EDGE_TTA_ACTIVE views= 8 mean_abs_feat_delta= 0.33049
EDGE_TTA_ACTIVE views= 8 mean_abs_feat_delta= 0.364694
EDGE_TTA_ACTIVE views= 8 mean_abs_feat_delta= 0.364694
BIOHUB_RETENTION_GUARD {"blended_candidates": 357, "dataset": "44b6_2a2eff9f", "frame": 27, "minimum_retention": 0.9, "primary_candidates": 475, "retention": 0.751578947368421, "use_primary": true}
BIOHUB_RETENTION_GUARD {"blended_candidates": 357, "dataset": "44b6_2a2eff9f", "frame": 27, "minimum_retention": 0.9, "primary_candidates": 475, "retention": 0.751578947368421, "use_primary": true}
EDGE_TTA_ACTIVE views= 8 mean_abs_feat_delta= 0.330532
EDGE_TTA_ACTIVE views= 8 mean_abs_feat_delta= 0.330532
EDGE_TTA_ACTIVE views= 8 mean_abs_feat_delta= 0.36466
EDGE_TTA_ACTIVE views= 8 mean_abs_feat_delta= 0.36466
BIOHUB_RETENTION_GUARD {"blended_candidates": 349, "dataset": "44b6_2a2eff9f", "frame": 28, "minimum_retention": 0.9, "primary_candidates": 461, "retention": 0.7570498915401301, "use_primary": true}
BIOHUB_RETENTION_GUARD {"blended_candidates": 349, "dataset": "44b6_2a2eff9f", "frame": 28, "minimum_retention": 0.9, "primary_candidates": 461, "retention": 0.7570498915401301, "use_primary": true}
EDGE_TTA_ACTIVE views= 8 mean_abs_feat_delta= 0.336898
EDGE_TTA_ACTIVE views= 8 mean_abs_feat_delta= 0.336898
EDGE_TTA_ACTIVE views= 8 mean_abs_feat_delta= 0.364232
EDGE_TTA_ACTIVE views= 8 mean_abs_feat_delta= 0.364232
BIOHUB_RETENTION_GUARD {"blended_candidates": 352, "dataset": "44b6_2a2eff9f", "frame": 29, "minimum_retention": 0.9, "primary_candidates": 467, "retention": 0.7537473233404711, "use_primary": true}
BIOHUB_RETENTION_GUARD {"blended_candidates": 352, "dataset": "44b6_2a2eff9f", "frame": 29, "minimum_retention": 0.9, "primary_candidates": 467, "retention": 0.7537473233404711, "use_primary": true}
EDGE_TTA_ACTIVE views= 8 mean_abs_feat_delta= 0.339093
EDGE_TTA_ACTIVE views= 8 mean_abs_feat_delta= 0.339093
EDGE_TTA_ACTIVE views= 8 mean_abs_feat_delta= 0.369005
EDGE_TTA_ACTIVE views= 8 mean_abs_feat_delta= 0.369005
BIOHUB_RETENTION_GUARD {"blended_candidates": 342, "dataset": "44b6_2a2eff9f", "frame": 30, "minimum_retention": 0.9, "primary_candidates": 460, "retention": 0.7434782608695653, "use_primary": true}
BIOHUB_RETENTION_GUARD {"blended_candidates": 342, "dataset": "44b6_2a2eff9f", "frame": 30, "minimum_retention": 0.9, "primary_candidates": 460, "retention": 0.7434782608695653, "use_primary": true}
EDGE_TTA_ACTIVE views= 8 mean_abs_feat_delta= 0.334928
EDGE_TTA_ACTIVE views= 8 mean_abs_feat_delta= 0.334928
EDGE_TTA_ACTIVE views= 8 mean_abs_feat_delta= 0.371568
EDGE_TTA_ACTIVE views= 8 mean_abs_feat_delta= 0.371568
BIOHUB_RETENTION_GUARD {"blended_candidates": 360, "dataset": "44b6_2a2eff9f", "frame": 31, "minimum_retention": 0.9, "primary_candidates": 457, "retention": 0.787746170678337, "use_primary": true}
EDGE_TTA_ACTIVE views= 8 mean_abs_feat_delta= 0.334762
BIOHUB_RETENTION_GUARD {"blended_candidates": 360, "dataset": "44b6_2a2eff9f", "frame": 31, "minimum_retention": 0.9, "primary_candidates": 457, "retention": 0.787746170678337, "use_primary": true}
EDGE_TTA_ACTIVE views= 8 mean_abs_feat_delta= 0.334762
EDGE_TTA_ACTIVE views= 8 mean_abs_feat_delta= 0.373964
EDGE_TTA_ACTIVE views= 8 mean_abs_feat_delta= 0.373964
BIOHUB_RETENTION_GUARD {"blended_candidates": 361, "dataset": "44b6_2a2eff9f", "frame": 32, "minimum_retention": 0.9, "primary_candidates": 461, "retention": 0.7830802603036876, "use_primary": true}
EDGE_TTA_ACTIVE views= 8 mean_abs_feat_delta= 0.343229
BIOHUB_RETENTION_GUARD {"blended_candidates": 361, "dataset": "44b6_2a2eff9f", "frame": 32, "minimum_retention": 0.9, "primary_candidates": 461, "retention": 0.7830802603036876, "use_primary": true}
EDGE_TTA_ACTIVE views= 8 mean_abs_feat_delta= 0.343229
EDGE_TTA_ACTIVE views= 8 mean_abs_feat_delta= 0.375985
EDGE_TTA_ACTIVE views= 8 mean_abs_feat_delta= 0.375985
EDGE_TTA_ACTIVE views= 8 mean_abs_feat_delta= 0.34071
BIOHUB_RETENTION_GUARD {"blended_candidates": 336, "dataset": "44b6_2a2eff9f", "frame": 33, "minimum_retention": 0.9, "primary_candidates": 455, "retention": 0.7384615384615385, "use_primary": true}
EDGE_TTA_ACTIVE views= 8 mean_abs_feat_delta= 0.34071
BIOHUB_RETENTION_GUARD {"blended_candidates": 336, "dataset": "44b6_2a2eff9f", "frame": 33, "minimum_retention": 0.9, "primary_candidates": 455, "retention": 0.7384615384615385, "use_primary": true}
EDGE_TTA_ACTIVE views= 8 mean_abs_feat_delta= 0.370885
EDGE_TTA_ACTIVE views= 8 mean_abs_feat_delta= 0.370885
EDGE_TTA_ACTIVE views= 8 mean_abs_feat_delta= 0.337284
BIOHUB_RETENTION_GUARD {"blended_candidates": 344, "dataset": "44b6_2a2eff9f", "frame": 34, "minimum_retention": 0.9, "primary_candidates": 470, "retention": 0.7319148936170212, "use_primary": true}
EDGE_TTA_ACTIVE views= 8 mean_abs_feat_delta= 0.337284
BIOHUB_RETENTION_GUARD {"blended_candidates": 344, "dataset": "44b6_2a2eff9f", "frame": 34, "minimum_retention": 0.9, "primary_candidates": 470, "retention": 0.7319148936170212, "use_primary": true}
EDGE_TTA_ACTIVE views= 8 mean_abs_feat_delta= 0.36672
EDGE_TTA_ACTIVE views= 8 mean_abs_feat_delta= 0.36672
EDGE_TTA_ACTIVE views= 8 mean_abs_feat_delta= 0.340637
BIOHUB_RETENTION_GUARD {"blended_candidates": 339, "dataset": "44b6_2a2eff9f", "frame": 35, "minimum_retention": 0.9, "primary_candidates": 461, "retention": 0.735357917570499, "use_primary": true}
EDGE_TTA_ACTIVE views= 8 mean_abs_feat_delta= 0.340637
BIOHUB_RETENTION_GUARD {"blended_candidates": 339, "dataset": "44b6_2a2eff9f", "frame": 35, "minimum_retention": 0.9, "primary_candidates": 461, "retention": 0.735357917570499, "use_primary": true}
EDGE_TTA_ACTIVE views= 8 mean_abs_feat_delta= 0.364845
EDGE_TTA_ACTIVE views= 8 mean_abs_feat_delta= 0.364845
EDGE_TTA_ACTIVE views= 8 mean_abs_feat_delta= 0.338061
EDGE_TTA_ACTIVE views= 8 mean_abs_feat_delta= 0.338061
BIOHUB_RETENTION_GUARD {"blended_candidates": 344, "dataset": "44b6_2a2eff9f", "frame": 36, "minimum_retention": 0.9, "primary_candidates": 451, "retention": 0.7627494456762749, "use_primary": true}
BIOHUB_RETENTION_GUARD {"blended_candidates": 344, "dataset": "44b6_2a2eff9f", "frame": 36, "minimum_retention": 0.9, "primary_candidates": 451, "retention": 0.7627494456762749, "use_primary": true}
EDGE_TTA_ACTIVE views= 8 mean_abs_feat_delta= 0.365471
EDGE_TTA_ACTIVE views= 8 mean_abs_feat_delta= 0.365471
EDGE_TTA_ACTIVE views= 8 mean_abs_feat_delta= 0.345326
EDGE_TTA_ACTIVE views= 8 mean_abs_feat_delta= 0.345326
BIOHUB_RETENTION_GUARD {"blended_candidates": 329, "dataset": "44b6_2a2eff9f", "frame": 37, "minimum_retention": 0.9, "primary_candidates": 430, "retention": 0.7651162790697674, "use_primary": true}
BIOHUB_RETENTION_GUARD {"blended_candidates": 329, "dataset": "44b6_2a2eff9f", "frame": 37, "minimum_retention": 0.9, "primary_candidates": 430, "retention": 0.7651162790697674, "use_primary": true}
EDGE_TTA_ACTIVE views= 8 mean_abs_feat_delta= 0.367895
EDGE_TTA_ACTIVE views= 8 mean_abs_feat_delta= 0.367895
EDGE_TTA_ACTIVE views= 8 mean_abs_feat_delta= 0.349698
EDGE_TTA_ACTIVE views= 8 mean_abs_feat_delta= 0.349698
BIOHUB_RETENTION_GUARD {"blended_candidates": 321, "dataset": "44b6_2a2eff9f", "frame": 38, "minimum_retention": 0.9, "primary_candidates": 432, "retention": 0.7430555555555556, "use_primary": true}
BIOHUB_RETENTION_GUARD {"blended_candidates": 321, "dataset": "44b6_2a2eff9f", "frame": 38, "minimum_retention": 0.9, "primary_candidates": 432, "retention": 0.7430555555555556, "use_primary": true}
EDGE_TTA_ACTIVE views= 8 mean_abs_feat_delta= 0.369509
EDGE_TTA_ACTIVE views= 8 mean_abs_feat_delta= 0.369509
EDGE_TTA_ACTIVE views= 8 mean_abs_feat_delta= 0.349809
EDGE_TTA_ACTIVE views= 8 mean_abs_feat_delta= 0.349809
BIOHUB_RETENTION_GUARD {"blended_candidates": 347, "dataset": "44b6_2a2eff9f", "frame": 39, "minimum_retention": 0.9, "primary_candidates": 430, "retention": 0.8069767441860465, "use_primary": true}
BIOHUB_RETENTION_GUARD {"blended_candidates": 347, "dataset": "44b6_2a2eff9f", "frame": 39, "minimum_retention": 0.9, "primary_candidates": 430, "retention": 0.8069767441860465, "use_primary": true}
EDGE_TTA_ACTIVE views= 8 mean_abs_feat_delta= 0.369407
EDGE_TTA_ACTIVE views= 8 mean_abs_feat_delta= 0.369407
EDGE_TTA_ACTIVE views= 8 mean_abs_feat_delta= 0.338556
EDGE_TTA_ACTIVE views= 8 mean_abs_feat_delta= 0.338556
BIOHUB_RETENTION_GUARD {"blended_candidates": 338, "dataset": "44b6_2a2eff9f", "frame": 40, "minimum_retention": 0.9, "primary_candidates": 423, "retention": 0.7990543735224587, "use_primary": true}
BIOHUB_RETENTION_GUARD {"blended_candidates": 338, "dataset": "44b6_2a2eff9f", "frame": 40, "minimum_retention": 0.9, "primary_candidates": 423, "retention": 0.7990543735224587, "use_primary": true}
EDGE_TTA_ACTIVE views= 8 mean_abs_feat_delta= 0.366559
EDGE_TTA_ACTIVE views= 8 mean_abs_feat_delta= 0.366559
EDGE_TTA_ACTIVE views= 8 mean_abs_feat_delta= 0.340267
EDGE_TTA_ACTIVE views= 8 mean_abs_feat_delta= 0.340267
BIOHUB_RETENTION_GUARD {"blended_candidates": 356, "dataset": "44b6_2a2eff9f", "frame": 41, "minimum_retention": 0.9, "primary_candidates": 439, "retention": 0.8109339407744874, "use_primary": true}
BIOHUB_RETENTION_GUARD {"blended_candidates": 356, "dataset": "44b6_2a2eff9f", "frame": 41, "minimum_retention": 0.9, "primary_candidates": 439, "retention": 0.8109339407744874, "use_primary": true}
EDGE_TTA_ACTIVE views= 8 mean_abs_feat_delta= 0.365076
EDGE_TTA_ACTIVE views= 8 mean_abs_feat_delta= 0.365076
EDGE_TTA_ACTIVE views= 8 mean_abs_feat_delta= 0.344133
EDGE_TTA_ACTIVE views= 8 mean_abs_feat_delta= 0.344133
BIOHUB_RETENTION_GUARD {"blended_candidates": 348, "dataset": "44b6_2a2eff9f", "frame": 42, "minimum_retention": 0.9, "primary_candidates": 424, "retention": 0.8207547169811321, "use_primary": true}
BIOHUB_RETENTION_GUARD {"blended_candidates": 348, "dataset": "44b6_2a2eff9f", "frame": 42, "minimum_retention": 0.9, "primary_candidates": 424, "retention": 0.8207547169811321, "use_primary": true}
EDGE_TTA_ACTIVE views= 8 mean_abs_feat_delta= 0.363489
EDGE_TTA_ACTIVE views= 8 mean_abs_feat_delta= 0.363489
EDGE_TTA_ACTIVE views= 8 mean_abs_feat_delta= 0.337296
EDGE_TTA_ACTIVE views= 8 mean_abs_feat_delta= 0.337296
BIOHUB_RETENTION_GUARD {"blended_candidates": 325, "dataset": "44b6_2a2eff9f", "frame": 43, "minimum_retention": 0.9, "primary_candidates": 418, "retention": 0.777511961722488, "use_primary": true}
BIOHUB_RETENTION_GUARD {"blended_candidates": 325, "dataset": "44b6_2a2eff9f", "frame": 43, "minimum_retention": 0.9, "primary_candidates": 418, "retention": 0.777511961722488, "use_primary": true}
EDGE_TTA_ACTIVE views= 8 mean_abs_feat_delta= 0.365601
EDGE_TTA_ACTIVE views= 8 mean_abs_feat_delta= 0.340359
EDGE_TTA_ACTIVE views= 8 mean_abs_feat_delta= 0.365601
EDGE_TTA_ACTIVE views= 8 mean_abs_feat_delta= 0.340359
BIOHUB_RETENTION_GUARD {"blended_candidates": 329, "dataset": "44b6_2a2eff9f", "frame": 44, "minimum_retention": 0.9, "primary_candidates": 441, "retention": 0.746031746031746, "use_primary": true}
BIOHUB_RETENTION_GUARD {"blended_candidates": 329, "dataset": "44b6_2a2eff9f", "frame": 44, "minimum_retention": 0.9, "primary_candidates": 441, "retention": 0.746031746031746, "use_primary": true}
EDGE_TTA_ACTIVE views= 8 mean_abs_feat_delta= 0.328718
EDGE_TTA_ACTIVE views= 8 mean_abs_feat_delta= 0.366265
EDGE_TTA_ACTIVE views= 8 mean_abs_feat_delta= 0.328718
EDGE_TTA_ACTIVE views= 8 mean_abs_feat_delta= 0.366265
BIOHUB_RETENTION_GUARD {"blended_candidates": 318, "dataset": "44b6_2a2eff9f", "frame": 45, "minimum_retention": 0.9, "primary_candidates": 424, "retention": 0.75, "use_primary": true}
BIOHUB_RETENTION_GUARD {"blended_candidates": 318, "dataset": "44b6_2a2eff9f", "frame": 45, "minimum_retention": 0.9, "primary_candidates": 424, "retention": 0.75, "use_primary": true}
EDGE_TTA_ACTIVE views= 8 mean_abs_feat_delta= 0.332662
EDGE_TTA_ACTIVE views= 8 mean_abs_feat_delta= 0.362606
EDGE_TTA_ACTIVE views= 8 mean_abs_feat_delta= 0.332662
EDGE_TTA_ACTIVE views= 8 mean_abs_feat_delta= 0.362606
BIOHUB_RETENTION_GUARD {"blended_candidates": 329, "dataset": "44b6_2a2eff9f", "frame": 46, "minimum_retention": 0.9, "primary_candidates": 435, "retention": 0.7563218390804598, "use_primary": true}
BIOHUB_RETENTION_GUARD {"blended_candidates": 329, "dataset": "44b6_2a2eff9f", "frame": 46, "minimum_retention": 0.9, "primary_candidates": 435, "retention": 0.7563218390804598, "use_primary": true}
EDGE_TTA_ACTIVE views= 8 mean_abs_feat_delta= 0.336965
EDGE_TTA_ACTIVE views= 8 mean_abs_feat_delta= 0.353238
EDGE_TTA_ACTIVE views= 8 mean_abs_feat_delta= 0.336965
EDGE_TTA_ACTIVE views= 8 mean_abs_feat_delta= 0.353238
BIOHUB_RETENTION_GUARD {"blended_candidates": 410, "dataset": "44b6_2a2eff9f", "frame": 47, "minimum_retention": 0.9, "primary_candidates": 487, "retention": 0.8418891170431212, "use_primary": true}
BIOHUB_RETENTION_GUARD {"blended_candidates": 410, "dataset": "44b6_2a2eff9f", "frame": 47, "minimum_retention": 0.9, "primary_candidates": 487, "retention": 0.8418891170431212, "use_primary": true}
EDGE_TTA_ACTIVE views= 8 mean_abs_feat_delta= 0.33779
EDGE_TTA_ACTIVE views= 8 mean_abs_feat_delta= 0.33779
EDGE_TTA_ACTIVE views= 8 mean_abs_feat_delta= 0.360268
EDGE_TTA_ACTIVE views= 8 mean_abs_feat_delta= 0.360268
BIOHUB_RETENTION_GUARD {"blended_candidates": 294, "dataset": "44b6_2a2eff9f", "frame": 48, "minimum_retention": 0.9, "primary_candidates": 419, "retention": 0.7016706443914081, "use_primary": true}
BIOHUB_RETENTION_GUARD {"blended_candidates": 294, "dataset": "44b6_2a2eff9f", "frame": 48, "minimum_retention": 0.9, "primary_candidates": 419, "retention": 0.7016706443914081, "use_primary": true}
EDGE_TTA_ACTIVE views= 8 mean_abs_feat_delta= 0.342767
EDGE_TTA_ACTIVE views= 8 mean_abs_feat_delta= 0.342767
EDGE_TTA_ACTIVE views= 8 mean_abs_feat_delta= 0.366748
EDGE_TTA_ACTIVE views= 8 mean_abs_feat_delta= 0.366748
BIOHUB_RETENTION_GUARD {"blended_candidates": 266, "dataset": "44b6_2a2eff9f", "frame": 49, "minimum_retention": 0.9, "primary_candidates": 410, "retention": 0.6487804878048781, "use_primary": true}
BIOHUB_RETENTION_GUARD {"blended_candidates": 266, "dataset": "44b6_2a2eff9f", "frame": 49, "minimum_retention": 0.9, "primary_candidates": 410, "retention": 0.6487804878048781, "use_primary": true}
EDGE_TTA_ACTIVE views= 8 mean_abs_feat_delta= 0.341057
EDGE_TTA_ACTIVE views= 8 mean_abs_feat_delta= 0.341057
EDGE_TTA_ACTIVE views= 8 mean_abs_feat_delta= 0.370945
EDGE_TTA_ACTIVE views= 8 mean_abs_feat_delta= 0.370945
BIOHUB_RETENTION_GUARD {"blended_candidates": 264, "dataset": "44b6_2a2eff9f", "frame": 50, "minimum_retention": 0.9, "primary_candidates": 409, "retention": 0.6454767726161369, "use_primary": true}
BIOHUB_RETENTION_GUARD {"blended_candidates": 264, "dataset": "44b6_2a2eff9f", "frame": 50, "minimum_retention": 0.9, "primary_candidates": 409, "retention": 0.6454767726161369, "use_primary": true}
EDGE_TTA_ACTIVE views= 8 mean_abs_feat_delta= 0.336331
EDGE_TTA_ACTIVE views= 8 mean_abs_feat_delta= 0.336331
EDGE_TTA_ACTIVE views= 8 mean_abs_feat_delta= 0.366217
EDGE_TTA_ACTIVE views= 8 mean_abs_feat_delta= 0.366217
BIOHUB_RETENTION_GUARD {"blended_candidates": 284, "dataset": "44b6_2a2eff9f", "frame": 51, "minimum_retention": 0.9, "primary_candidates": 407, "retention": 0.6977886977886978, "use_primary": true}
BIOHUB_RETENTION_GUARD {"blended_candidates": 284, "dataset": "44b6_2a2eff9f", "frame": 51, "minimum_retention": 0.9, "primary_candidates": 407, "retention": 0.6977886977886978, "use_primary": true}
EDGE_TTA_ACTIVE views= 8 mean_abs_feat_delta= 0.334957
EDGE_TTA_ACTIVE views= 8 mean_abs_feat_delta= 0.334957
EDGE_TTA_ACTIVE views= 8 mean_abs_feat_delta= 0.362563
EDGE_TTA_ACTIVE views= 8 mean_abs_feat_delta= 0.362563
BIOHUB_RETENTION_GUARD {"blended_candidates": 269, "dataset": "44b6_2a2eff9f", "frame": 52, "minimum_retention": 0.9, "primary_candidates": 406, "retention": 0.6625615763546798, "use_primary": true}
BIOHUB_RETENTION_GUARD {"blended_candidates": 269, "dataset": "44b6_2a2eff9f", "frame": 52, "minimum_retention": 0.9, "primary_candidates": 406, "retention": 0.6625615763546798, "use_primary": true}
EDGE_TTA_ACTIVE views= 8 mean_abs_feat_delta= 0.341619
EDGE_TTA_ACTIVE views= 8 mean_abs_feat_delta= 0.341619
EDGE_TTA_ACTIVE views= 8 mean_abs_feat_delta= 0.366037
EDGE_TTA_ACTIVE views= 8 mean_abs_feat_delta= 0.366037
BIOHUB_RETENTION_GUARD {"blended_candidates": 288, "dataset": "44b6_2a2eff9f", "frame": 53, "minimum_retention": 0.9, "primary_candidates": 418, "retention": 0.6889952153110048, "use_primary": true}
BIOHUB_RETENTION_GUARD {"blended_candidates": 288, "dataset": "44b6_2a2eff9f", "frame": 53, "minimum_retention": 0.9, "primary_candidates": 418, "retention": 0.6889952153110048, "use_primary": true}
EDGE_TTA_ACTIVE views= 8 mean_abs_feat_delta= 0.337701
EDGE_TTA_ACTIVE views= 8 mean_abs_feat_delta= 0.337701
EDGE_TTA_ACTIVE views= 8 mean_abs_feat_delta= 0.364649
EDGE_TTA_ACTIVE views= 8 mean_abs_feat_delta= 0.364649
BIOHUB_RETENTION_GUARD {"blended_candidates": 243, "dataset": "44b6_2a2eff9f", "frame": 54, "minimum_retention": 0.9, "primary_candidates": 392, "retention": 0.6198979591836735, "use_primary": true}
EDGE_TTA_ACTIVE views= 8 mean_abs_feat_delta= 0.333193
BIOHUB_RETENTION_GUARD {"blended_candidates": 243, "dataset": "44b6_2a2eff9f", "frame": 54, "minimum_retention": 0.9, "primary_candidates": 392, "retention": 0.6198979591836735, "use_primary": true}
EDGE_TTA_ACTIVE views= 8 mean_abs_feat_delta= 0.333193
EDGE_TTA_ACTIVE views= 8 mean_abs_feat_delta= 0.361135
EDGE_TTA_ACTIVE views= 8 mean_abs_feat_delta= 0.361135
BIOHUB_RETENTION_GUARD {"blended_candidates": 255, "dataset": "44b6_2a2eff9f", "frame": 55, "minimum_retention": 0.9, "primary_candidates": 409, "retention": 0.6234718826405868, "use_primary": true}
EDGE_TTA_ACTIVE views= 8 mean_abs_feat_delta= 0.336337
BIOHUB_RETENTION_GUARD {"blended_candidates": 255, "dataset": "44b6_2a2eff9f", "frame": 55, "minimum_retention": 0.9, "primary_candidates": 409, "retention": 0.6234718826405868, "use_primary": true}
EDGE_TTA_ACTIVE views= 8 mean_abs_feat_delta= 0.336337
EDGE_TTA_ACTIVE views= 8 mean_abs_feat_delta= 0.359041
EDGE_TTA_ACTIVE views= 8 mean_abs_feat_delta= 0.359041
EDGE_TTA_ACTIVE views= 8 mean_abs_feat_delta= 0.340775
BIOHUB_RETENTION_GUARD {"blended_candidates": 271, "dataset": "44b6_2a2eff9f", "frame": 56, "minimum_retention": 0.9, "primary_candidates": 424, "retention": 0.6391509433962265, "use_primary": true}
EDGE_TTA_ACTIVE views= 8 mean_abs_feat_delta= 0.340775
BIOHUB_RETENTION_GUARD {"blended_candidates": 271, "dataset": "44b6_2a2eff9f", "frame": 56, "minimum_retention": 0.9, "primary_candidates": 424, "retention": 0.6391509433962265, "use_primary": true}
EDGE_TTA_ACTIVE views= 8 mean_abs_feat_delta= 0.360113
EDGE_TTA_ACTIVE views= 8 mean_abs_feat_delta= 0.360113
EDGE_TTA_ACTIVE views= 8 mean_abs_feat_delta= 0.340687
BIOHUB_RETENTION_GUARD {"blended_candidates": 282, "dataset": "44b6_2a2eff9f", "frame": 57, "minimum_retention": 0.9, "primary_candidates": 451, "retention": 0.6252771618625277, "use_primary": true}
EDGE_TTA_ACTIVE views= 8 mean_abs_feat_delta= 0.340687
BIOHUB_RETENTION_GUARD {"blended_candidates": 282, "dataset": "44b6_2a2eff9f", "frame": 57, "minimum_retention": 0.9, "primary_candidates": 451, "retention": 0.6252771618625277, "use_primary": true}
EDGE_TTA_ACTIVE views= 8 mean_abs_feat_delta= 0.365191
EDGE_TTA_ACTIVE views= 8 mean_abs_feat_delta= 0.365191
EDGE_TTA_ACTIVE views= 8 mean_abs_feat_delta= 0.335059
EDGE_TTA_ACTIVE views= 8 mean_abs_feat_delta= 0.335059
BIOHUB_RETENTION_GUARD {"blended_candidates": 270, "dataset": "44b6_2a2eff9f", "frame": 58, "minimum_retention": 0.9, "primary_candidates": 429, "retention": 0.6293706293706294, "use_primary": true}
BIOHUB_RETENTION_GUARD {"blended_candidates": 270, "dataset": "44b6_2a2eff9f", "frame": 58, "minimum_retention": 0.9, "primary_candidates": 429, "retention": 0.6293706293706294, "use_primary": true}
EDGE_TTA_ACTIVE views= 8 mean_abs_feat_delta= 0.369054
EDGE_TTA_ACTIVE views= 8 mean_abs_feat_delta= 0.369054
EDGE_TTA_ACTIVE views= 8 mean_abs_feat_delta= 0.332462
EDGE_TTA_ACTIVE views= 8 mean_abs_feat_delta= 0.332462
BIOHUB_RETENTION_GUARD {"blended_candidates": 335, "dataset": "44b6_2a2eff9f", "frame": 59, "minimum_retention": 0.9, "primary_candidates": 469, "retention": 0.7142857142857143, "use_primary": true}
BIOHUB_RETENTION_GUARD {"blended_candidates": 335, "dataset": "44b6_2a2eff9f", "frame": 59, "minimum_retention": 0.9, "primary_candidates": 469, "retention": 0.7142857142857143, "use_primary": true}
EDGE_TTA_ACTIVE views= 8 mean_abs_feat_delta= 0.371614
EDGE_TTA_ACTIVE views= 8 mean_abs_feat_delta= 0.371614
EDGE_TTA_ACTIVE views= 8 mean_abs_feat_delta= 0.330292
EDGE_TTA_ACTIVE views= 8 mean_abs_feat_delta= 0.330292
BIOHUB_RETENTION_GUARD {"blended_candidates": 284, "dataset": "44b6_2a2eff9f", "frame": 60, "minimum_retention": 0.9, "primary_candidates": 436, "retention": 0.6513761467889908, "use_primary": true}
BIOHUB_RETENTION_GUARD {"blended_candidates": 284, "dataset": "44b6_2a2eff9f", "frame": 60, "minimum_retention": 0.9, "primary_candidates": 436, "retention": 0.6513761467889908, "use_primary": true}
EDGE_TTA_ACTIVE views= 8 mean_abs_feat_delta= 0.368199
EDGE_TTA_ACTIVE views= 8 mean_abs_feat_delta= 0.368199
EDGE_TTA_ACTIVE views= 8 mean_abs_feat_delta= 0.330247
EDGE_TTA_ACTIVE views= 8 mean_abs_feat_delta= 0.330247
BIOHUB_RETENTION_GUARD {"blended_candidates": 321, "dataset": "44b6_2a2eff9f", "frame": 61, "minimum_retention": 0.9, "primary_candidates": 451, "retention": 0.7117516629711752, "use_primary": true}
BIOHUB_RETENTION_GUARD {"blended_candidates": 321, "dataset": "44b6_2a2eff9f", "frame": 61, "minimum_retention": 0.9, "primary_candidates": 451, "retention": 0.7117516629711752, "use_primary": true}
EDGE_TTA_ACTIVE views= 8 mean_abs_feat_delta= 0.36467
EDGE_TTA_ACTIVE views= 8 mean_abs_feat_delta= 0.330898
EDGE_TTA_ACTIVE views= 8 mean_abs_feat_delta= 0.36467
EDGE_TTA_ACTIVE views= 8 mean_abs_feat_delta= 0.330898
BIOHUB_RETENTION_GUARD {"blended_candidates": 420, "dataset": "44b6_2a2eff9f", "frame": 62, "minimum_retention": 0.9, "primary_candidates": 490, "retention": 0.8571428571428571, "use_primary": true}
BIOHUB_RETENTION_GUARD {"blended_candidates": 420, "dataset": "44b6_2a2eff9f", "frame": 62, "minimum_retention": 0.9, "primary_candidates": 490, "retention": 0.8571428571428571, "use_primary": true}
EDGE_TTA_ACTIVE views= 8 mean_abs_feat_delta= 0.365175
EDGE_TTA_ACTIVE views= 8 mean_abs_feat_delta= 0.328729
EDGE_TTA_ACTIVE views= 8 mean_abs_feat_delta= 0.365175
EDGE_TTA_ACTIVE views= 8 mean_abs_feat_delta= 0.328729
BIOHUB_RETENTION_GUARD {"blended_candidates": 337, "dataset": "44b6_2a2eff9f", "frame": 63, "minimum_retention": 0.9, "primary_candidates": 473, "retention": 0.7124735729386892, "use_primary": true}
BIOHUB_RETENTION_GUARD {"blended_candidates": 337, "dataset": "44b6_2a2eff9f", "frame": 63, "minimum_retention": 0.9, "primary_candidates": 473, "retention": 0.7124735729386892, "use_primary": true}
EDGE_TTA_ACTIVE views= 8 mean_abs_feat_delta= 0.363902
EDGE_TTA_ACTIVE views= 8 mean_abs_feat_delta= 0.332801
EDGE_TTA_ACTIVE views= 8 mean_abs_feat_delta= 0.363902
EDGE_TTA_ACTIVE views= 8 mean_abs_feat_delta= 0.332801
BIOHUB_RETENTION_GUARD {"blended_candidates": 333, "dataset": "44b6_2a2eff9f", "frame": 64, "minimum_retention": 0.9, "primary_candidates": 464, "retention": 0.7176724137931034, "use_primary": true}
BIOHUB_RETENTION_GUARD {"blended_candidates": 333, "dataset": "44b6_2a2eff9f", "frame": 64, "minimum_retention": 0.9, "primary_candidates": 464, "retention": 0.7176724137931034, "use_primary": true}
EDGE_TTA_ACTIVE views= 8 mean_abs_feat_delta= 0.336225
EDGE_TTA_ACTIVE views= 8 mean_abs_feat_delta= 0.365061
EDGE_TTA_ACTIVE views= 8 mean_abs_feat_delta= 0.336225
EDGE_TTA_ACTIVE views= 8 mean_abs_feat_delta= 0.365061
BIOHUB_RETENTION_GUARD {"blended_candidates": 363, "dataset": "44b6_2a2eff9f", "frame": 65, "minimum_retention": 0.9, "primary_candidates": 495, "retention": 0.7333333333333333, "use_primary": true}
BIOHUB_RETENTION_GUARD {"blended_candidates": 363, "dataset": "44b6_2a2eff9f", "frame": 65, "minimum_retention": 0.9, "primary_candidates": 495, "retention": 0.7333333333333333, "use_primary": true}
EDGE_TTA_ACTIVE views= 8 mean_abs_feat_delta= 0.333529
EDGE_TTA_ACTIVE views= 8 mean_abs_feat_delta= 0.333529
EDGE_TTA_ACTIVE views= 8 mean_abs_feat_delta= 0.365762
EDGE_TTA_ACTIVE views= 8 mean_abs_feat_delta= 0.365762
BIOHUB_RETENTION_GUARD {"blended_candidates": 341, "dataset": "44b6_2a2eff9f", "frame": 66, "minimum_retention": 0.9, "primary_candidates": 457, "retention": 0.7461706783369803, "use_primary": true}
BIOHUB_RETENTION_GUARD {"blended_candidates": 341, "dataset": "44b6_2a2eff9f", "frame": 66, "minimum_retention": 0.9, "primary_candidates": 457, "retention": 0.7461706783369803, "use_primary": true}
EDGE_TTA_ACTIVE views= 8 mean_abs_feat_delta= 0.334563
EDGE_TTA_ACTIVE views= 8 mean_abs_feat_delta= 0.334563
EDGE_TTA_ACTIVE views= 8 mean_abs_feat_delta= 0.367265
EDGE_TTA_ACTIVE views= 8 mean_abs_feat_delta= 0.367265
BIOHUB_RETENTION_GUARD {"blended_candidates": 360, "dataset": "44b6_2a2eff9f", "frame": 67, "minimum_retention": 0.9, "primary_candidates": 460, "retention": 0.782608695652174, "use_primary": true}
BIOHUB_RETENTION_GUARD {"blended_candidates": 360, "dataset": "44b6_2a2eff9f", "frame": 67, "minimum_retention": 0.9, "primary_candidates": 460, "retention": 0.782608695652174, "use_primary": true}
EDGE_TTA_ACTIVE views= 8 mean_abs_feat_delta= 0.333359
EDGE_TTA_ACTIVE views= 8 mean_abs_feat_delta= 0.333359
EDGE_TTA_ACTIVE views= 8 mean_abs_feat_delta= 0.368968
EDGE_TTA_ACTIVE views= 8 mean_abs_feat_delta= 0.368968
BIOHUB_RETENTION_GUARD {"blended_candidates": 333, "dataset": "44b6_2a2eff9f", "frame": 68, "minimum_retention": 0.9, "primary_candidates": 457, "retention": 0.7286652078774617, "use_primary": true}
BIOHUB_RETENTION_GUARD {"blended_candidates": 333, "dataset": "44b6_2a2eff9f", "frame": 68, "minimum_retention": 0.9, "primary_candidates": 457, "retention": 0.7286652078774617, "use_primary": true}
EDGE_TTA_ACTIVE views= 8 mean_abs_feat_delta= 0.329517
EDGE_TTA_ACTIVE views= 8 mean_abs_feat_delta= 0.329517
EDGE_TTA_ACTIVE views= 8 mean_abs_feat_delta= 0.371411
EDGE_TTA_ACTIVE views= 8 mean_abs_feat_delta= 0.371411
BIOHUB_RETENTION_GUARD {"blended_candidates": 343, "dataset": "44b6_2a2eff9f", "frame": 69, "minimum_retention": 0.9, "primary_candidates": 458, "retention": 0.7489082969432315, "use_primary": true}
BIOHUB_RETENTION_GUARD {"blended_candidates": 343, "dataset": "44b6_2a2eff9f", "frame": 69, "minimum_retention": 0.9, "primary_candidates": 458, "retention": 0.7489082969432315, "use_primary": true}
EDGE_TTA_ACTIVE views= 8 mean_abs_feat_delta= 0.327674
EDGE_TTA_ACTIVE views= 8 mean_abs_feat_delta= 0.327674
EDGE_TTA_ACTIVE views= 8 mean_abs_feat_delta= 0.367712
EDGE_TTA_ACTIVE views= 8 mean_abs_feat_delta= 0.367712
BIOHUB_RETENTION_GUARD {"blended_candidates": 392, "dataset": "44b6_2a2eff9f", "frame": 70, "minimum_retention": 0.9, "primary_candidates": 501, "retention": 0.782435129740519, "use_primary": true}
BIOHUB_RETENTION_GUARD {"blended_candidates": 392, "dataset": "44b6_2a2eff9f", "frame": 70, "minimum_retention": 0.9, "primary_candidates": 501, "retention": 0.782435129740519, "use_primary": true}
EDGE_TTA_ACTIVE views= 8 mean_abs_feat_delta= 0.369529
EDGE_TTA_ACTIVE views= 8 mean_abs_feat_delta= 0.369529
BIOHUB_RETENTION_GUARD {"blended_candidates": 325, "dataset": "44b6_2a2eff9f", "frame": 71, "minimum_retention": 0.9, "primary_candidates": 454, "retention": 0.7158590308370044, "use_primary": true}
BIOHUB_RETENTION_GUARD {"blended_candidates": 325, "dataset": "44b6_2a2eff9f", "frame": 71, "minimum_retention": 0.9, "primary_candidates": 454, "retention": 0.7158590308370044, "use_primary": true}
EDGE_TTA_ACTIVE views= 8 mean_abs_feat_delta= 0.372852
EDGE_TTA_ACTIVE views= 8 mean_abs_feat_delta= 0.372852
BIOHUB_RETENTION_GUARD {"blended_candidates": 319, "dataset": "44b6_2a2eff9f", "frame": 72, "minimum_retention": 0.9, "primary_candidates": 479, "retention": 0.6659707724425887, "use_primary": true}
BIOHUB_RETENTION_GUARD {"blended_candidates": 319, "dataset": "44b6_2a2eff9f", "frame": 72, "minimum_retention": 0.9, "primary_candidates": 479, "retention": 0.6659707724425887, "use_primary": true}
EDGE_TTA_ACTIVE views= 8 mean_abs_feat_delta= 0.372623
EDGE_TTA_ACTIVE views= 8 mean_abs_feat_delta= 0.372623
BIOHUB_RETENTION_GUARD {"blended_candidates": 267, "dataset": "44b6_2a2eff9f", "frame": 73, "minimum_retention": 0.9, "primary_candidates": 429, "retention": 0.6223776223776224, "use_primary": true}
BIOHUB_RETENTION_GUARD {"blended_candidates": 267, "dataset": "44b6_2a2eff9f", "frame": 73, "minimum_retention": 0.9, "primary_candidates": 429, "retention": 0.6223776223776224, "use_primary": true}
EDGE_TTA_ACTIVE views= 8 mean_abs_feat_delta= 0.354392
EDGE_TTA_ACTIVE views= 8 mean_abs_feat_delta= 0.354392
EDGE_TTA_ACTIVE views= 8 mean_abs_feat_delta= 0.372378
EDGE_TTA_ACTIVE views= 8 mean_abs_feat_delta= 0.372378
BIOHUB_RETENTION_GUARD {"blended_candidates": 299, "dataset": "44b6_2a2eff9f", "frame": 74, "minimum_retention": 0.9, "primary_candidates": 451, "retention": 0.6629711751662971, "use_primary": true}
BIOHUB_RETENTION_GUARD {"blended_candidates": 299, "dataset": "44b6_2a2eff9f", "frame": 74, "minimum_retention": 0.9, "primary_candidates": 451, "retention": 0.6629711751662971, "use_primary": true}
EDGE_TTA_ACTIVE views= 8 mean_abs_feat_delta= 0.354989
EDGE_TTA_ACTIVE views= 8 mean_abs_feat_delta= 0.354989
EDGE_TTA_ACTIVE views= 8 mean_abs_feat_delta= 0.373635
EDGE_TTA_ACTIVE views= 8 mean_abs_feat_delta= 0.373635
BIOHUB_RETENTION_GUARD {"blended_candidates": 272, "dataset": "44b6_2a2eff9f", "frame": 75, "minimum_retention": 0.9, "primary_candidates": 452, "retention": 0.6017699115044248, "use_primary": true}
BIOHUB_RETENTION_GUARD {"blended_candidates": 272, "dataset": "44b6_2a2eff9f", "frame": 75, "minimum_retention": 0.9, "primary_candidates": 452, "retention": 0.6017699115044248, "use_primary": true}
EDGE_TTA_ACTIVE views= 8 mean_abs_feat_delta= 0.348797
EDGE_TTA_ACTIVE views= 8 mean_abs_feat_delta= 0.348797
EDGE_TTA_ACTIVE views= 8 mean_abs_feat_delta= 0.373002
EDGE_TTA_ACTIVE views= 8 mean_abs_feat_delta= 0.373002
BIOHUB_RETENTION_GUARD {"blended_candidates": 249, "dataset": "44b6_2a2eff9f", "frame": 76, "minimum_retention": 0.9, "primary_candidates": 455, "retention": 0.5472527472527473, "use_primary": true}
EDGE_TTA_ACTIVE views= 8 mean_abs_feat_delta= 0.344096
BIOHUB_RETENTION_GUARD {"blended_candidates": 249, "dataset": "44b6_2a2eff9f", "frame": 76, "minimum_retention": 0.9, "primary_candidates": 455, "retention": 0.5472527472527473, "use_primary": true}
EDGE_TTA_ACTIVE views= 8 mean_abs_feat_delta= 0.344096
EDGE_TTA_ACTIVE views= 8 mean_abs_feat_delta= 0.37058
EDGE_TTA_ACTIVE views= 8 mean_abs_feat_delta= 0.37058
BIOHUB_RETENTION_GUARD {"blended_candidates": 268, "dataset": "44b6_2a2eff9f", "frame": 77, "minimum_retention": 0.9, "primary_candidates": 447, "retention": 0.5995525727069351, "use_primary": true}
EDGE_TTA_ACTIVE views= 8 mean_abs_feat_delta= 0.343236
BIOHUB_RETENTION_GUARD {"blended_candidates": 268, "dataset": "44b6_2a2eff9f", "frame": 77, "minimum_retention": 0.9, "primary_candidates": 447, "retention": 0.5995525727069351, "use_primary": true}
EDGE_TTA_ACTIVE views= 8 mean_abs_feat_delta= 0.343236
EDGE_TTA_ACTIVE views= 8 mean_abs_feat_delta= 0.364196
EDGE_TTA_ACTIVE views= 8 mean_abs_feat_delta= 0.364196
BIOHUB_RETENTION_GUARD {"blended_candidates": 363, "dataset": "44b6_2a2eff9f", "frame": 78, "minimum_retention": 0.9, "primary_candidates": 496, "retention": 0.7318548387096774, "use_primary": true}
EDGE_TTA_ACTIVE views= 8 mean_abs_feat_delta= 0.346139
BIOHUB_RETENTION_GUARD {"blended_candidates": 363, "dataset": "44b6_2a2eff9f", "frame": 78, "minimum_retention": 0.9, "primary_candidates": 496, "retention": 0.7318548387096774, "use_primary": true}
EDGE_TTA_ACTIVE views= 8 mean_abs_feat_delta= 0.346139
EDGE_TTA_ACTIVE views= 8 mean_abs_feat_delta= 0.362629
EDGE_TTA_ACTIVE views= 8 mean_abs_feat_delta= 0.362629
BIOHUB_RETENTION_GUARD {"blended_candidates": 380, "dataset": "44b6_2a2eff9f", "frame": 79, "minimum_retention": 0.9, "primary_candidates": 504, "retention": 0.753968253968254, "use_primary": true}
EDGE_TTA_ACTIVE views= 8 mean_abs_feat_delta= 0.345393
BIOHUB_RETENTION_GUARD {"blended_candidates": 380, "dataset": "44b6_2a2eff9f", "frame": 79, "minimum_retention": 0.9, "primary_candidates": 504, "retention": 0.753968253968254, "use_primary": true}
EDGE_TTA_ACTIVE views= 8 mean_abs_feat_delta= 0.345393
EDGE_TTA_ACTIVE views= 8 mean_abs_feat_delta= 0.368271
EDGE_TTA_ACTIVE views= 8 mean_abs_feat_delta= 0.368271
BIOHUB_RETENTION_GUARD {"blended_candidates": 305, "dataset": "44b6_2a2eff9f", "frame": 80, "minimum_retention": 0.9, "primary_candidates": 469, "retention": 0.650319829424307, "use_primary": true}
EDGE_TTA_ACTIVE views= 8 mean_abs_feat_delta= 0.343626
BIOHUB_RETENTION_GUARD {"blended_candidates": 305, "dataset": "44b6_2a2eff9f", "frame": 80, "minimum_retention": 0.9, "primary_candidates": 469, "retention": 0.650319829424307, "use_primary": true}
EDGE_TTA_ACTIVE views= 8 mean_abs_feat_delta= 0.343626
EDGE_TTA_ACTIVE views= 8 mean_abs_feat_delta= 0.364769
EDGE_TTA_ACTIVE views= 8 mean_abs_feat_delta= 0.364769
EDGE_TTA_ACTIVE views= 8 mean_abs_feat_delta= 0.347614
BIOHUB_RETENTION_GUARD {"blended_candidates": 316, "dataset": "44b6_2a2eff9f", "frame": 81, "minimum_retention": 0.9, "primary_candidates": 463, "retention": 0.6825053995680346, "use_primary": true}
EDGE_TTA_ACTIVE views= 8 mean_abs_feat_delta= 0.347614
BIOHUB_RETENTION_GUARD {"blended_candidates": 316, "dataset": "44b6_2a2eff9f", "frame": 81, "minimum_retention": 0.9, "primary_candidates": 463, "retention": 0.6825053995680346, "use_primary": true}
EDGE_TTA_ACTIVE views= 8 mean_abs_feat_delta= 0.365921
EDGE_TTA_ACTIVE views= 8 mean_abs_feat_delta= 0.365921
EDGE_TTA_ACTIVE views= 8 mean_abs_feat_delta= 0.350892
BIOHUB_RETENTION_GUARD {"blended_candidates": 303, "dataset": "44b6_2a2eff9f", "frame": 82, "minimum_retention": 0.9, "primary_candidates": 462, "retention": 0.6558441558441559, "use_primary": true}
EDGE_TTA_ACTIVE views= 8 mean_abs_feat_delta= 0.350892
BIOHUB_RETENTION_GUARD {"blended_candidates": 303, "dataset": "44b6_2a2eff9f", "frame": 82, "minimum_retention": 0.9, "primary_candidates": 462, "retention": 0.6558441558441559, "use_primary": true}
EDGE_TTA_ACTIVE views= 8 mean_abs_feat_delta= 0.368883
EDGE_TTA_ACTIVE views= 8 mean_abs_feat_delta= 0.368883
EDGE_TTA_ACTIVE views= 8 mean_abs_feat_delta= 0.351945
BIOHUB_RETENTION_GUARD {"blended_candidates": 264, "dataset": "44b6_2a2eff9f", "frame": 83, "minimum_retention": 0.9, "primary_candidates": 434, "retention": 0.6082949308755761, "use_primary": true}
EDGE_TTA_ACTIVE views= 8 mean_abs_feat_delta= 0.351945
BIOHUB_RETENTION_GUARD {"blended_candidates": 264, "dataset": "44b6_2a2eff9f", "frame": 83, "minimum_retention": 0.9, "primary_candidates": 434, "retention": 0.6082949308755761, "use_primary": true}
EDGE_TTA_ACTIVE views= 8 mean_abs_feat_delta= 0.368343
EDGE_TTA_ACTIVE views= 8 mean_abs_feat_delta= 0.368343
EDGE_TTA_ACTIVE views= 8 mean_abs_feat_delta= 0.349374
BIOHUB_RETENTION_GUARD {"blended_candidates": 290, "dataset": "44b6_2a2eff9f", "frame": 84, "minimum_retention": 0.9, "primary_candidates": 458, "retention": 0.6331877729257642, "use_primary": true}
EDGE_TTA_ACTIVE views= 8 mean_abs_feat_delta= 0.349374
BIOHUB_RETENTION_GUARD {"blended_candidates": 290, "dataset": "44b6_2a2eff9f", "frame": 84, "minimum_retention": 0.9, "primary_candidates": 458, "retention": 0.6331877729257642, "use_primary": true}
EDGE_TTA_ACTIVE views= 8 mean_abs_feat_delta= 0.365564
EDGE_TTA_ACTIVE views= 8 mean_abs_feat_delta= 0.365564
EDGE_TTA_ACTIVE views= 8 mean_abs_feat_delta= 0.351376
EDGE_TTA_ACTIVE views= 8 mean_abs_feat_delta= 0.351376
BIOHUB_RETENTION_GUARD {"blended_candidates": 328, "dataset": "44b6_2a2eff9f", "frame": 85, "minimum_retention": 0.9, "primary_candidates": 478, "retention": 0.6861924686192469, "use_primary": true}
BIOHUB_RETENTION_GUARD {"blended_candidates": 328, "dataset": "44b6_2a2eff9f", "frame": 85, "minimum_retention": 0.9, "primary_candidates": 478, "retention": 0.6861924686192469, "use_primary": true}
EDGE_TTA_ACTIVE views= 8 mean_abs_feat_delta= 0.362074
EDGE_TTA_ACTIVE views= 8 mean_abs_feat_delta= 0.362074
EDGE_TTA_ACTIVE views= 8 mean_abs_feat_delta= 0.35564
EDGE_TTA_ACTIVE views= 8 mean_abs_feat_delta= 0.35564
BIOHUB_RETENTION_GUARD {"blended_candidates": 362, "dataset": "44b6_2a2eff9f", "frame": 86, "minimum_retention": 0.9, "primary_candidates": 489, "retention": 0.7402862985685071, "use_primary": true}
BIOHUB_RETENTION_GUARD {"blended_candidates": 362, "dataset": "44b6_2a2eff9f", "frame": 86, "minimum_retention": 0.9, "primary_candidates": 489, "retention": 0.7402862985685071, "use_primary": true}
EDGE_TTA_ACTIVE views= 8 mean_abs_feat_delta= 0.362517
EDGE_TTA_ACTIVE views= 8 mean_abs_feat_delta= 0.362517
EDGE_TTA_ACTIVE views= 8 mean_abs_feat_delta= 0.352377
EDGE_TTA_ACTIVE views= 8 mean_abs_feat_delta= 0.352377
BIOHUB_RETENTION_GUARD {"blended_candidates": 343, "dataset": "44b6_2a2eff9f", "frame": 87, "minimum_retention": 0.9, "primary_candidates": 480, "retention": 0.7145833333333333, "use_primary": true}
BIOHUB_RETENTION_GUARD {"blended_candidates": 343, "dataset": "44b6_2a2eff9f", "frame": 87, "minimum_retention": 0.9, "primary_candidates": 480, "retention": 0.7145833333333333, "use_primary": true}
EDGE_TTA_ACTIVE views= 8 mean_abs_feat_delta= 0.359453
EDGE_TTA_ACTIVE views= 8 mean_abs_feat_delta= 0.359453
EDGE_TTA_ACTIVE views= 8 mean_abs_feat_delta= 0.352809
EDGE_TTA_ACTIVE views= 8 mean_abs_feat_delta= 0.352809
BIOHUB_RETENTION_GUARD {"blended_candidates": 254, "dataset": "44b6_2a2eff9f", "frame": 88, "minimum_retention": 0.9, "primary_candidates": 444, "retention": 0.5720720720720721, "use_primary": true}
BIOHUB_RETENTION_GUARD {"blended_candidates": 254, "dataset": "44b6_2a2eff9f", "frame": 88, "minimum_retention": 0.9, "primary_candidates": 444, "retention": 0.5720720720720721, "use_primary": true}
EDGE_TTA_ACTIVE views= 8 mean_abs_feat_delta= 0.360125
EDGE_TTA_ACTIVE views= 8 mean_abs_feat_delta= 0.360125
EDGE_TTA_ACTIVE views= 8 mean_abs_feat_delta= 0.347118
EDGE_TTA_ACTIVE views= 8 mean_abs_feat_delta= 0.347118
BIOHUB_RETENTION_GUARD {"blended_candidates": 285, "dataset": "44b6_2a2eff9f", "frame": 89, "minimum_retention": 0.9, "primary_candidates": 472, "retention": 0.6038135593220338, "use_primary": true}
BIOHUB_RETENTION_GUARD {"blended_candidates": 285, "dataset": "44b6_2a2eff9f", "frame": 89, "minimum_retention": 0.9, "primary_candidates": 472, "retention": 0.6038135593220338, "use_primary": true}
EDGE_TTA_ACTIVE views= 8 mean_abs_feat_delta= 0.35614
EDGE_TTA_ACTIVE views= 8 mean_abs_feat_delta= 0.35614
EDGE_TTA_ACTIVE views= 8 mean_abs_feat_delta= 0.353642
EDGE_TTA_ACTIVE views= 8 mean_abs_feat_delta= 0.353642
BIOHUB_RETENTION_GUARD {"blended_candidates": 340, "dataset": "44b6_2a2eff9f", "frame": 90, "minimum_retention": 0.9, "primary_candidates": 473, "retention": 0.718816067653277, "use_primary": true}
BIOHUB_RETENTION_GUARD {"blended_candidates": 340, "dataset": "44b6_2a2eff9f", "frame": 90, "minimum_retention": 0.9, "primary_candidates": 473, "retention": 0.718816067653277, "use_primary": true}
EDGE_TTA_ACTIVE views= 8 mean_abs_feat_delta= 0.356719
EDGE_TTA_ACTIVE views= 8 mean_abs_feat_delta= 0.351185
EDGE_TTA_ACTIVE views= 8 mean_abs_feat_delta= 0.356719
EDGE_TTA_ACTIVE views= 8 mean_abs_feat_delta= 0.351185
BIOHUB_RETENTION_GUARD {"blended_candidates": 348, "dataset": "44b6_2a2eff9f", "frame": 91, "minimum_retention": 0.9, "primary_candidates": 476, "retention": 0.7310924369747899, "use_primary": true}
BIOHUB_RETENTION_GUARD {"blended_candidates": 348, "dataset": "44b6_2a2eff9f", "frame": 91, "minimum_retention": 0.9, "primary_candidates": 476, "retention": 0.7310924369747899, "use_primary": true}
EDGE_TTA_ACTIVE views= 8 mean_abs_feat_delta= 0.359241
EDGE_TTA_ACTIVE views= 8 mean_abs_feat_delta= 0.348389
EDGE_TTA_ACTIVE views= 8 mean_abs_feat_delta= 0.359241
EDGE_TTA_ACTIVE views= 8 mean_abs_feat_delta= 0.348389
BIOHUB_RETENTION_GUARD {"blended_candidates": 340, "dataset": "44b6_2a2eff9f", "frame": 92, "minimum_retention": 0.9, "primary_candidates": 467, "retention": 0.728051391862955, "use_primary": true}
BIOHUB_RETENTION_GUARD {"blended_candidates": 340, "dataset": "44b6_2a2eff9f", "frame": 92, "minimum_retention": 0.9, "primary_candidates": 467, "retention": 0.728051391862955, "use_primary": true}
EDGE_TTA_ACTIVE views= 8 mean_abs_feat_delta= 0.351443
EDGE_TTA_ACTIVE views= 8 mean_abs_feat_delta= 0.357767
EDGE_TTA_ACTIVE views= 8 mean_abs_feat_delta= 0.351443
EDGE_TTA_ACTIVE views= 8 mean_abs_feat_delta= 0.357767
BIOHUB_RETENTION_GUARD {"blended_candidates": 344, "dataset": "44b6_2a2eff9f", "frame": 93, "minimum_retention": 0.9, "primary_candidates": 489, "retention": 0.7034764826175869, "use_primary": true}
BIOHUB_RETENTION_GUARD {"blended_candidates": 344, "dataset": "44b6_2a2eff9f", "frame": 93, "minimum_retention": 0.9, "primary_candidates": 489, "retention": 0.7034764826175869, "use_primary": true}
EDGE_TTA_ACTIVE views= 8 mean_abs_feat_delta= 0.355512
EDGE_TTA_ACTIVE views= 8 mean_abs_feat_delta= 0.358418
EDGE_TTA_ACTIVE views= 8 mean_abs_feat_delta= 0.355512
EDGE_TTA_ACTIVE views= 8 mean_abs_feat_delta= 0.358418
BIOHUB_RETENTION_GUARD {"blended_candidates": 360, "dataset": "44b6_2a2eff9f", "frame": 94, "minimum_retention": 0.9, "primary_candidates": 495, "retention": 0.7272727272727273, "use_primary": true}
BIOHUB_RETENTION_GUARD {"blended_candidates": 360, "dataset": "44b6_2a2eff9f", "frame": 94, "minimum_retention": 0.9, "primary_candidates": 495, "retention": 0.7272727272727273, "use_primary": true}
EDGE_TTA_ACTIVE views= 8 mean_abs_feat_delta= 0.348668
EDGE_TTA_ACTIVE views= 8 mean_abs_feat_delta= 0.348668
EDGE_TTA_ACTIVE views= 8 mean_abs_feat_delta= 0.359717
EDGE_TTA_ACTIVE views= 8 mean_abs_feat_delta= 0.359717
BIOHUB_RETENTION_GUARD {"blended_candidates": 351, "dataset": "44b6_2a2eff9f", "frame": 95, "minimum_retention": 0.9, "primary_candidates": 480, "retention": 0.73125, "use_primary": true}
BIOHUB_RETENTION_GUARD {"blended_candidates": 351, "dataset": "44b6_2a2eff9f", "frame": 95, "minimum_retention": 0.9, "primary_candidates": 480, "retention": 0.73125, "use_primary": true}
EDGE_TTA_ACTIVE views= 8 mean_abs_feat_delta= 0.346939
EDGE_TTA_ACTIVE views= 8 mean_abs_feat_delta= 0.346939
EDGE_TTA_ACTIVE views= 8 mean_abs_feat_delta= 0.362555
EDGE_TTA_ACTIVE views= 8 mean_abs_feat_delta= 0.362555
BIOHUB_RETENTION_GUARD {"blended_candidates": 323, "dataset": "44b6_2a2eff9f", "frame": 96, "minimum_retention": 0.9, "primary_candidates": 467, "retention": 0.6916488222698073, "use_primary": true}
BIOHUB_RETENTION_GUARD {"blended_candidates": 323, "dataset": "44b6_2a2eff9f", "frame": 96, "minimum_retention": 0.9, "primary_candidates": 467, "retention": 0.6916488222698073, "use_primary": true}
EDGE_TTA_ACTIVE views= 8 mean_abs_feat_delta= 0.342592
EDGE_TTA_ACTIVE views= 8 mean_abs_feat_delta= 0.342592
EDGE_TTA_ACTIVE views= 8 mean_abs_feat_delta= 0.361436
EDGE_TTA_ACTIVE views= 8 mean_abs_feat_delta= 0.361436
BIOHUB_RETENTION_GUARD {"blended_candidates": 285, "dataset": "44b6_2a2eff9f", "frame": 97, "minimum_retention": 0.9, "primary_candidates": 446, "retention": 0.6390134529147982, "use_primary": true}
BIOHUB_RETENTION_GUARD {"blended_candidates": 285, "dataset": "44b6_2a2eff9f", "frame": 97, "minimum_retention": 0.9, "primary_candidates": 446, "retention": 0.6390134529147982, "use_primary": true}
EDGE_TTA_ACTIVE views= 8 mean_abs_feat_delta= 0.347841
EDGE_TTA_ACTIVE views= 8 mean_abs_feat_delta= 0.347841
EDGE_TTA_ACTIVE views= 8 mean_abs_feat_delta= 0.35858
EDGE_TTA_ACTIVE views= 8 mean_abs_feat_delta= 0.35858
BIOHUB_RETENTION_GUARD {"blended_candidates": 333, "dataset": "44b6_2a2eff9f", "frame": 98, "minimum_retention": 0.9, "primary_candidates": 495, "retention": 0.6727272727272727, "use_primary": true}
BIOHUB_RETENTION_GUARD {"blended_candidates": 333, "dataset": "44b6_2a2eff9f", "frame": 98, "minimum_retention": 0.9, "primary_candidates": 495, "retention": 0.6727272727272727, "use_primary": true}
EDGE_TTA_ACTIVE views= 8 mean_abs_feat_delta= 0.345072
EDGE_TTA_ACTIVE views= 8 mean_abs_feat_delta= 0.345072
EDGE_TTA_ACTIVE views= 8 mean_abs_feat_delta= 0.354435
EDGE_TTA_ACTIVE views= 8 mean_abs_feat_delta= 0.354435
BIOHUB_RETENTION_GUARD {"blended_candidates": 268, "dataset": "44b6_2a2eff9f", "frame": 99, "minimum_retention": 0.9, "primary_candidates": 455, "retention": 0.589010989010989, "use_primary": true}
BIOHUB_RETENTION_GUARD {"blended_candidates": 268, "dataset": "44b6_2a2eff9f", "frame": 99, "minimum_retention": 0.9, "primary_candidates": 455, "retention": 0.589010989010989, "use_primary": true}
EDGE_TTA_ACTIVE views= 8 mean_abs_feat_delta= 0.344896
EDGE_TTA_ACTIVE views= 8 mean_abs_feat_delta= 0.344896
EDGE_TTA_ACTIVE views= 8 mean_abs_feat_delta= 0.348324
EDGE_TTA_ACTIVE views= 8 mean_abs_feat_delta= 0.348324
EDGE_TTA_ACTIVE views= 8 mean_abs_feat_delta= 0.346953
EDGE_TTA_ACTIVE views= 8 mean_abs_feat_delta= 0.346953
EDGE_TTA_ACTIVE views= 8 mean_abs_feat_delta= 0.344214
EDGE_TTA_ACTIVE views= 8 mean_abs_feat_delta= 0.344214
EDGE_TTA_ACTIVE views= 8 mean_abs_feat_delta= 0.345782
EDGE_TTA_ACTIVE views= 8 mean_abs_feat_delta= 0.345782
BIOHUB_RETENTION_GUARD {"blended_candidates": 342, "dataset": "6bba_07e24132", "frame": 32, "minimum_retention": 0.9, "primary_candidates": 392, "retention": 0.8724489795918368, "use_primary": true}
BIOHUB_RETENTION_GUARD {"blended_candidates": 342, "dataset": "6bba_07e24132", "frame": 32, "minimum_retention": 0.9, "primary_candidates": 392, "retention": 0.8724489795918368, "use_primary": true}
EDGE_TTA_ACTIVE views= 8 mean_abs_feat_delta= 0.345884
EDGE_TTA_ACTIVE views= 8 mean_abs_feat_delta= 0.345884
EDGE_TTA_ACTIVE views= 8 mean_abs_feat_delta= 0.349488
EDGE_TTA_ACTIVE views= 8 mean_abs_feat_delta= 0.349488
EDGE_TTA_ACTIVE views= 8 mean_abs_feat_delta= 0.344998
EDGE_TTA_ACTIVE views= 8 mean_abs_feat_delta= 0.344998
EDGE_TTA_ACTIVE views= 8 mean_abs_feat_delta= 0.344112
EDGE_TTA_ACTIVE views= 8 mean_abs_feat_delta= 0.344112
EDGE_TTA_ACTIVE views= 8 mean_abs_feat_delta= 0.344058
EDGE_TTA_ACTIVE views= 8 mean_abs_feat_delta= 0.344058
EDGE_TTA_ACTIVE views= 8 mean_abs_feat_delta= 0.342413
EDGE_TTA_ACTIVE views= 8 mean_abs_feat_delta= 0.342413
EDGE_TTA_ACTIVE views= 8 mean_abs_feat_delta= 0.339014
EDGE_TTA_ACTIVE views= 8 mean_abs_feat_delta= 0.339014
EDGE_TTA_ACTIVE views= 8 mean_abs_feat_delta= 0.331895
EDGE_TTA_ACTIVE views= 8 mean_abs_feat_delta= 0.331895
EDGE_TTA_ACTIVE views= 8 mean_abs_feat_delta= 0.34071
EDGE_TTA_ACTIVE views= 8 mean_abs_feat_delta= 0.34071
EDGE_TTA_ACTIVE views= 8 mean_abs_feat_delta= 0.344597
EDGE_TTA_ACTIVE views= 8 mean_abs_feat_delta= 0.344597
EDGE_TTA_ACTIVE views= 8 mean_abs_feat_delta= 0.347949
EDGE_TTA_ACTIVE views= 8 mean_abs_feat_delta= 0.347949
EDGE_TTA_ACTIVE views= 8 mean_abs_feat_delta= 0.343395
EDGE_TTA_ACTIVE views= 8 mean_abs_feat_delta= 0.343395
EDGE_TTA_ACTIVE views= 8 mean_abs_feat_delta= 0.288475
EDGE_TTA_ACTIVE views= 8 mean_abs_feat_delta= 0.288475
EDGE_TTA_ACTIVE views= 8 mean_abs_feat_delta= 0.342938
EDGE_TTA_ACTIVE views= 8 mean_abs_feat_delta= 0.342938
EDGE_TTA_ACTIVE views= 8 mean_abs_feat_delta= 0.287561
EDGE_TTA_ACTIVE views= 8 mean_abs_feat_delta= 0.287561
EDGE_TTA_ACTIVE views= 8 mean_abs_feat_delta= 0.34073
EDGE_TTA_ACTIVE views= 8 mean_abs_feat_delta= 0.288963
EDGE_TTA_ACTIVE views= 8 mean_abs_feat_delta= 0.34073
EDGE_TTA_ACTIVE views= 8 mean_abs_feat_delta= 0.288963
EDGE_TTA_ACTIVE views= 8 mean_abs_feat_delta= 0.284378
EDGE_TTA_ACTIVE views= 8 mean_abs_feat_delta= 0.337223
EDGE_TTA_ACTIVE views= 8 mean_abs_feat_delta= 0.284378
EDGE_TTA_ACTIVE views= 8 mean_abs_feat_delta= 0.337223
EDGE_TTA_ACTIVE views= 8 mean_abs_feat_delta= 0.287813
EDGE_TTA_ACTIVE views= 8 mean_abs_feat_delta= 0.287813
EDGE_TTA_ACTIVE views= 8 mean_abs_feat_delta= 0.338214
EDGE_TTA_ACTIVE views= 8 mean_abs_feat_delta= 0.338214
EDGE_TTA_ACTIVE views= 8 mean_abs_feat_delta= 0.287261
EDGE_TTA_ACTIVE views= 8 mean_abs_feat_delta= 0.287261
EDGE_TTA_ACTIVE views= 8 mean_abs_feat_delta= 0.343058
EDGE_TTA_ACTIVE views= 8 mean_abs_feat_delta= 0.343058
EDGE_TTA_ACTIVE views= 8 mean_abs_feat_delta= 0.28741
EDGE_TTA_ACTIVE views= 8 mean_abs_feat_delta= 0.28741
EDGE_TTA_ACTIVE views= 8 mean_abs_feat_delta= 0.343211
EDGE_TTA_ACTIVE views= 8 mean_abs_feat_delta= 0.343211
EDGE_TTA_ACTIVE views= 8 mean_abs_feat_delta= 0.291909
EDGE_TTA_ACTIVE views= 8 mean_abs_feat_delta= 0.291909
EDGE_TTA_ACTIVE views= 8 mean_abs_feat_delta= 0.340682
EDGE_TTA_ACTIVE views= 8 mean_abs_feat_delta= 0.340682
EDGE_TTA_ACTIVE views= 8 mean_abs_feat_delta= 0.291947
EDGE_TTA_ACTIVE views= 8 mean_abs_feat_delta= 0.291947
EDGE_TTA_ACTIVE views= 8 mean_abs_feat_delta= 0.338135
EDGE_TTA_ACTIVE views= 8 mean_abs_feat_delta= 0.338135
EDGE_TTA_ACTIVE views= 8 mean_abs_feat_delta= 0.291055
EDGE_TTA_ACTIVE views= 8 mean_abs_feat_delta= 0.291055
EDGE_TTA_ACTIVE views= 8 mean_abs_feat_delta= 0.333565
EDGE_TTA_ACTIVE views= 8 mean_abs_feat_delta= 0.333565
EDGE_TTA_ACTIVE views= 8 mean_abs_feat_delta= 0.28982
EDGE_TTA_ACTIVE views= 8 mean_abs_feat_delta= 0.28982
EDGE_TTA_ACTIVE views= 8 mean_abs_feat_delta= 0.337448
EDGE_TTA_ACTIVE views= 8 mean_abs_feat_delta= 0.337448
EDGE_TTA_ACTIVE views= 8 mean_abs_feat_delta= 0.288198
EDGE_TTA_ACTIVE views= 8 mean_abs_feat_delta= 0.288198
EDGE_TTA_ACTIVE views= 8 mean_abs_feat_delta= 0.337377
EDGE_TTA_ACTIVE views= 8 mean_abs_feat_delta= 0.337377
EDGE_TTA_ACTIVE views= 8 mean_abs_feat_delta= 0.280635
EDGE_TTA_ACTIVE views= 8 mean_abs_feat_delta= 0.280635
EDGE_TTA_ACTIVE views= 8 mean_abs_feat_delta= 0.334616
EDGE_TTA_ACTIVE views= 8 mean_abs_feat_delta= 0.334616
EDGE_TTA_ACTIVE views= 8 mean_abs_feat_delta= 0.283807
EDGE_TTA_ACTIVE views= 8 mean_abs_feat_delta= 0.283807
EDGE_TTA_ACTIVE views= 8 mean_abs_feat_delta= 0.333661
EDGE_TTA_ACTIVE views= 8 mean_abs_feat_delta= 0.333661
EDGE_TTA_ACTIVE views= 8 mean_abs_feat_delta= 0.288234
EDGE_TTA_ACTIVE views= 8 mean_abs_feat_delta= 0.288234
EDGE_TTA_ACTIVE views= 8 mean_abs_feat_delta= 0.339485
EDGE_TTA_ACTIVE views= 8 mean_abs_feat_delta= 0.339485
EDGE_TTA_ACTIVE views= 8 mean_abs_feat_delta= 0.286344
EDGE_TTA_ACTIVE views= 8 mean_abs_feat_delta= 0.286344
EDGE_TTA_ACTIVE views= 8 mean_abs_feat_delta= 0.337706
EDGE_TTA_ACTIVE views= 8 mean_abs_feat_delta= 0.337706
EDGE_TTA_ACTIVE views= 8 mean_abs_feat_delta= 0.281856
EDGE_TTA_ACTIVE views= 8 mean_abs_feat_delta= 0.281856
EDGE_TTA_ACTIVE views= 8 mean_abs_feat_delta= 0.337246
EDGE_TTA_ACTIVE views= 8 mean_abs_feat_delta= 0.337246
EDGE_TTA_ACTIVE views= 8 mean_abs_feat_delta= 0.277556
EDGE_TTA_ACTIVE views= 8 mean_abs_feat_delta= 0.277556
EDGE_TTA_ACTIVE views= 8 mean_abs_feat_delta= 0.339272
EDGE_TTA_ACTIVE views= 8 mean_abs_feat_delta= 0.277451
EDGE_TTA_ACTIVE views= 8 mean_abs_feat_delta= 0.339272
EDGE_TTA_ACTIVE views= 8 mean_abs_feat_delta= 0.277451
EDGE_TTA_ACTIVE views= 8 mean_abs_feat_delta= 0.278448
EDGE_TTA_ACTIVE views= 8 mean_abs_feat_delta= 0.342159
EDGE_TTA_ACTIVE views= 8 mean_abs_feat_delta= 0.278448
EDGE_TTA_ACTIVE views= 8 mean_abs_feat_delta= 0.342159
EDGE_TTA_ACTIVE views= 8 mean_abs_feat_delta= 0.279406
EDGE_TTA_ACTIVE views= 8 mean_abs_feat_delta= 0.343625
EDGE_TTA_ACTIVE views= 8 mean_abs_feat_delta= 0.279406
EDGE_TTA_ACTIVE views= 8 mean_abs_feat_delta= 0.343625
EDGE_TTA_ACTIVE views= 8 mean_abs_feat_delta= 0.28314
EDGE_TTA_ACTIVE views= 8 mean_abs_feat_delta= 0.28314
EDGE_TTA_ACTIVE views= 8 mean_abs_feat_delta= 0.343102
EDGE_TTA_ACTIVE views= 8 mean_abs_feat_delta= 0.343102
EDGE_TTA_ACTIVE views= 8 mean_abs_feat_delta= 0.290562
EDGE_TTA_ACTIVE views= 8 mean_abs_feat_delta= 0.290562
EDGE_TTA_ACTIVE views= 8 mean_abs_feat_delta= 0.338878
EDGE_TTA_ACTIVE views= 8 mean_abs_feat_delta= 0.338878
EDGE_TTA_ACTIVE views= 8 mean_abs_feat_delta= 0.288456
EDGE_TTA_ACTIVE views= 8 mean_abs_feat_delta= 0.288456
EDGE_TTA_ACTIVE views= 8 mean_abs_feat_delta= 0.344788
EDGE_TTA_ACTIVE views= 8 mean_abs_feat_delta= 0.344788
EDGE_TTA_ACTIVE views= 8 mean_abs_feat_delta= 0.286395
EDGE_TTA_ACTIVE views= 8 mean_abs_feat_delta= 0.286395
EDGE_TTA_ACTIVE views= 8 mean_abs_feat_delta= 0.33784
EDGE_TTA_ACTIVE views= 8 mean_abs_feat_delta= 0.33784
EDGE_TTA_ACTIVE views= 8 mean_abs_feat_delta= 0.294338
EDGE_TTA_ACTIVE views= 8 mean_abs_feat_delta= 0.294338
EDGE_TTA_ACTIVE views= 8 mean_abs_feat_delta= 0.339211
EDGE_TTA_ACTIVE views= 8 mean_abs_feat_delta= 0.339211
EDGE_TTA_ACTIVE views= 8 mean_abs_feat_delta= 0.290596
EDGE_TTA_ACTIVE views= 8 mean_abs_feat_delta= 0.290596
EDGE_TTA_ACTIVE views= 8 mean_abs_feat_delta= 0.339533
EDGE_TTA_ACTIVE views= 8 mean_abs_feat_delta= 0.339533
EDGE_TTA_ACTIVE views= 8 mean_abs_feat_delta= 0.288951
EDGE_TTA_ACTIVE views= 8 mean_abs_feat_delta= 0.288951
EDGE_TTA_ACTIVE views= 8 mean_abs_feat_delta= 0.333552
EDGE_TTA_ACTIVE views= 8 mean_abs_feat_delta= 0.333552
EDGE_TTA_ACTIVE views= 8 mean_abs_feat_delta= 0.287622
EDGE_TTA_ACTIVE views= 8 mean_abs_feat_delta= 0.287622
EDGE_TTA_ACTIVE views= 8 mean_abs_feat_delta= 0.342836
EDGE_TTA_ACTIVE views= 8 mean_abs_feat_delta= 0.342836
EDGE_TTA_ACTIVE views= 8 mean_abs_feat_delta= 0.288395
EDGE_TTA_ACTIVE views= 8 mean_abs_feat_delta= 0.288395
EDGE_TTA_ACTIVE views= 8 mean_abs_feat_delta= 0.340752
EDGE_TTA_ACTIVE views= 8 mean_abs_feat_delta= 0.340752
EDGE_TTA_ACTIVE views= 8 mean_abs_feat_delta= 0.286202
EDGE_TTA_ACTIVE views= 8 mean_abs_feat_delta= 0.286202
EDGE_TTA_ACTIVE views= 8 mean_abs_feat_delta= 0.33721
EDGE_TTA_ACTIVE views= 8 mean_abs_feat_delta= 0.33721
EDGE_TTA_ACTIVE views= 8 mean_abs_feat_delta= 0.287794
EDGE_TTA_ACTIVE views= 8 mean_abs_feat_delta= 0.287794
EDGE_TTA_ACTIVE views= 8 mean_abs_feat_delta= 0.331794
EDGE_TTA_ACTIVE views= 8 mean_abs_feat_delta= 0.331794
EDGE_TTA_ACTIVE views= 8 mean_abs_feat_delta= 0.288107
EDGE_TTA_ACTIVE views= 8 mean_abs_feat_delta= 0.288107
EDGE_TTA_ACTIVE views= 8 mean_abs_feat_delta= 0.328009
EDGE_TTA_ACTIVE views= 8 mean_abs_feat_delta= 0.328009
EDGE_TTA_ACTIVE views= 8 mean_abs_feat_delta= 0.292464
EDGE_TTA_ACTIVE views= 8 mean_abs_feat_delta= 0.292464
EDGE_TTA_ACTIVE views= 8 mean_abs_feat_delta= 0.334781
EDGE_TTA_ACTIVE views= 8 mean_abs_feat_delta= 0.334781
EDGE_TTA_ACTIVE views= 8 mean_abs_feat_delta= 0.292965
EDGE_TTA_ACTIVE views= 8 mean_abs_feat_delta= 0.292965
EDGE_TTA_ACTIVE views= 8 mean_abs_feat_delta= 0.331889
EDGE_TTA_ACTIVE views= 8 mean_abs_feat_delta= 0.331889
EDGE_TTA_ACTIVE views= 8 mean_abs_feat_delta= 0.287195
EDGE_TTA_ACTIVE views= 8 mean_abs_feat_delta= 0.287195
EDGE_TTA_ACTIVE views= 8 mean_abs_feat_delta= 0.324439
EDGE_TTA_ACTIVE views= 8 mean_abs_feat_delta= 0.324439
EDGE_TTA_ACTIVE views= 8 mean_abs_feat_delta= 0.283498
EDGE_TTA_ACTIVE views= 8 mean_abs_feat_delta= 0.283498
EDGE_TTA_ACTIVE views= 8 mean_abs_feat_delta= 0.320074
EDGE_TTA_ACTIVE views= 8 mean_abs_feat_delta= 0.320074
EDGE_TTA_ACTIVE views= 8 mean_abs_feat_delta= 0.283498
EDGE_TTA_ACTIVE views= 8 mean_abs_feat_delta= 0.283498
EDGE_TTA_ACTIVE views= 8 mean_abs_feat_delta= 0.322734
EDGE_TTA_ACTIVE views= 8 mean_abs_feat_delta= 0.322734
EDGE_TTA_ACTIVE views= 8 mean_abs_feat_delta= 0.283498
EDGE_TTA_ACTIVE views= 8 mean_abs_feat_delta= 0.283498
EDGE_TTA_ACTIVE views= 8 mean_abs_feat_delta= 0.326182
EDGE_TTA_ACTIVE views= 8 mean_abs_feat_delta= 0.326182
EDGE_TTA_ACTIVE views= 8 mean_abs_feat_delta= 0.315338
EDGE_TTA_ACTIVE views= 8 mean_abs_feat_delta= 0.315338
EDGE_TTA_ACTIVE views= 8 mean_abs_feat_delta= 0.327903
EDGE_TTA_ACTIVE views= 8 mean_abs_feat_delta= 0.327903
EDGE_TTA_ACTIVE views= 8 mean_abs_feat_delta= 0.316057
EDGE_TTA_ACTIVE views= 8 mean_abs_feat_delta= 0.316057
EDGE_TTA_ACTIVE views= 8 mean_abs_feat_delta= 0.336297
EDGE_TTA_ACTIVE views= 8 mean_abs_feat_delta= 0.289165
EDGE_TTA_ACTIVE views= 8 mean_abs_feat_delta= 0.336297
EDGE_TTA_ACTIVE views= 8 mean_abs_feat_delta= 0.289165
EDGE_TTA_ACTIVE views= 8 mean_abs_feat_delta= 0.339382
EDGE_TTA_ACTIVE views= 8 mean_abs_feat_delta= 0.28309
EDGE_TTA_ACTIVE views= 8 mean_abs_feat_delta= 0.339382
EDGE_TTA_ACTIVE views= 8 mean_abs_feat_delta= 0.28309
EDGE_TTA_ACTIVE views= 8 mean_abs_feat_delta= 0.333216
EDGE_TTA_ACTIVE views= 8 mean_abs_feat_delta= 0.28861
EDGE_TTA_ACTIVE views= 8 mean_abs_feat_delta= 0.333216
EDGE_TTA_ACTIVE views= 8 mean_abs_feat_delta= 0.28861
EDGE_TTA_ACTIVE views= 8 mean_abs_feat_delta= 0.287751
EDGE_TTA_ACTIVE views= 8 mean_abs_feat_delta= 0.335556
EDGE_TTA_ACTIVE views= 8 mean_abs_feat_delta= 0.287751
EDGE_TTA_ACTIVE views= 8 mean_abs_feat_delta= 0.335556
EDGE_TTA_ACTIVE views= 8 mean_abs_feat_delta= 0.285257
EDGE_TTA_ACTIVE views= 8 mean_abs_feat_delta= 0.337468
EDGE_TTA_ACTIVE views= 8 mean_abs_feat_delta= 0.285257
EDGE_TTA_ACTIVE views= 8 mean_abs_feat_delta= 0.337468
EDGE_TTA_ACTIVE views= 8 mean_abs_feat_delta= 0.288217
EDGE_TTA_ACTIVE views= 8 mean_abs_feat_delta= 0.334122
EDGE_TTA_ACTIVE views= 8 mean_abs_feat_delta= 0.288217
EDGE_TTA_ACTIVE views= 8 mean_abs_feat_delta= 0.334122
EDGE_TTA_ACTIVE views= 8 mean_abs_feat_delta= 0.293359
EDGE_TTA_ACTIVE views= 8 mean_abs_feat_delta= 0.293359
EDGE_TTA_ACTIVE views= 8 mean_abs_feat_delta= 0.328651
EDGE_TTA_ACTIVE views= 8 mean_abs_feat_delta= 0.328651
EDGE_TTA_ACTIVE views= 8 mean_abs_feat_delta= 0.288773
EDGE_TTA_ACTIVE views= 8 mean_abs_feat_delta= 0.288773
EDGE_TTA_ACTIVE views= 8 mean_abs_feat_delta= 0.336868
EDGE_TTA_ACTIVE views= 8 mean_abs_feat_delta= 0.336868
EDGE_TTA_ACTIVE views= 8 mean_abs_feat_delta= 0.2831
EDGE_TTA_ACTIVE views= 8 mean_abs_feat_delta= 0.2831
EDGE_TTA_ACTIVE views= 8 mean_abs_feat_delta= 0.335702
EDGE_TTA_ACTIVE views= 8 mean_abs_feat_delta= 0.335702
EDGE_TTA_ACTIVE views= 8 mean_abs_feat_delta= 0.28566
EDGE_TTA_ACTIVE views= 8 mean_abs_feat_delta= 0.28566
EDGE_TTA_ACTIVE views= 8 mean_abs_feat_delta= 0.334886
EDGE_TTA_ACTIVE views= 8 mean_abs_feat_delta= 0.334886
EDGE_TTA_ACTIVE views= 8 mean_abs_feat_delta= 0.288947
EDGE_TTA_ACTIVE views= 8 mean_abs_feat_delta= 0.288947
EDGE_TTA_ACTIVE views= 8 mean_abs_feat_delta= 0.337301
EDGE_TTA_ACTIVE views= 8 mean_abs_feat_delta= 0.337301
EDGE_TTA_ACTIVE views= 8 mean_abs_feat_delta= 0.290047
EDGE_TTA_ACTIVE views= 8 mean_abs_feat_delta= 0.290047
EDGE_TTA_ACTIVE views= 8 mean_abs_feat_delta= 0.342168
EDGE_TTA_ACTIVE views= 8 mean_abs_feat_delta= 0.342168
EDGE_TTA_ACTIVE views= 8 mean_abs_feat_delta= 0.293125
EDGE_TTA_ACTIVE views= 8 mean_abs_feat_delta= 0.293125
EDGE_TTA_ACTIVE views= 8 mean_abs_feat_delta= 0.343137
EDGE_TTA_ACTIVE views= 8 mean_abs_feat_delta= 0.343137
EDGE_TTA_ACTIVE views= 8 mean_abs_feat_delta= 0.295461
EDGE_TTA_ACTIVE views= 8 mean_abs_feat_delta= 0.295461
EDGE_TTA_ACTIVE views= 8 mean_abs_feat_delta= 0.338761
EDGE_TTA_ACTIVE views= 8 mean_abs_feat_delta= 0.338761
EDGE_TTA_ACTIVE views= 8 mean_abs_feat_delta= 0.294354
EDGE_TTA_ACTIVE views= 8 mean_abs_feat_delta= 0.294354
EDGE_TTA_ACTIVE views= 8 mean_abs_feat_delta= 0.338145
EDGE_TTA_ACTIVE views= 8 mean_abs_feat_delta= 0.338145
EDGE_TTA_ACTIVE views= 8 mean_abs_feat_delta= 0.290361
EDGE_TTA_ACTIVE views= 8 mean_abs_feat_delta= 0.290361
EDGE_TTA_ACTIVE views= 8 mean_abs_feat_delta= 0.334551
EDGE_TTA_ACTIVE views= 8 mean_abs_feat_delta= 0.334551
EDGE_TTA_ACTIVE views= 8 mean_abs_feat_delta= 0.290141
EDGE_TTA_ACTIVE views= 8 mean_abs_feat_delta= 0.290141
EDGE_TTA_ACTIVE views= 8 mean_abs_feat_delta= 0.331854
EDGE_TTA_ACTIVE views= 8 mean_abs_feat_delta= 0.331854
EDGE_TTA_ACTIVE views= 8 mean_abs_feat_delta= 0.292561
EDGE_TTA_ACTIVE views= 8 mean_abs_feat_delta= 0.292561
EDGE_TTA_ACTIVE views= 8 mean_abs_feat_delta= 0.288988
EDGE_TTA_ACTIVE views= 8 mean_abs_feat_delta= 0.288988
EDGE_TTA_ACTIVE views= 8 mean_abs_feat_delta= 0.294653
EDGE_TTA_ACTIVE views= 8 mean_abs_feat_delta= 0.294653
EDGE_TTA_ACTIVE views= 8 mean_abs_feat_delta= 0.296121
EDGE_TTA_ACTIVE views= 8 mean_abs_feat_delta= 0.296121
EDGE_TTA_ACTIVE views= 8 mean_abs_feat_delta= 0.296872
EDGE_TTA_ACTIVE views= 8 mean_abs_feat_delta= 0.296872
EDGE_TTA_ACTIVE views= 8 mean_abs_feat_delta= 0.294509
EDGE_TTA_ACTIVE views= 8 mean_abs_feat_delta= 0.294509
EDGE_TTA_ACTIVE views= 8 mean_abs_feat_delta= 0.288279
EDGE_TTA_ACTIVE views= 8 mean_abs_feat_delta= 0.288279
EDGE_TTA_ACTIVE views= 8 mean_abs_feat_delta= 0.289803
EDGE_TTA_ACTIVE views= 8 mean_abs_feat_delta= 0.289803
EDGE_TTA_ACTIVE views= 8 mean_abs_feat_delta= 0.292365
EDGE_TTA_ACTIVE views= 8 mean_abs_feat_delta= 0.292365
EDGE_TTA_ACTIVE views= 8 mean_abs_feat_delta= 0.29779
EDGE_TTA_ACTIVE views= 8 mean_abs_feat_delta= 0.29779
EDGE_TTA_ACTIVE views= 8 mean_abs_feat_delta= 0.294017
EDGE_TTA_ACTIVE views= 8 mean_abs_feat_delta= 0.294017
EDGE_TTA_ACTIVE views= 8 mean_abs_feat_delta= 0.297003
EDGE_TTA_ACTIVE views= 8 mean_abs_feat_delta= 0.297003
EDGE_TTA_ACTIVE views= 8 mean_abs_feat_delta= 0.301009
EDGE_TTA_ACTIVE views= 8 mean_abs_feat_delta= 0.301009
EDGE_TTA_ACTIVE views= 8 mean_abs_feat_delta= 0.293417
EDGE_TTA_ACTIVE views= 8 mean_abs_feat_delta= 0.293417
EDGE_TTA_ACTIVE views= 8 mean_abs_feat_delta= 0.301776
EDGE_TTA_ACTIVE views= 8 mean_abs_feat_delta= 0.301776
EDGE_TTA_ACTIVE views= 8 mean_abs_feat_delta= 0.292063
EDGE_TTA_ACTIVE views= 8 mean_abs_feat_delta= 0.292063
EDGE_TTA_ACTIVE views= 8 mean_abs_feat_delta= 0.299256
EDGE_TTA_ACTIVE views= 8 mean_abs_feat_delta= 0.299256
EDGE_TTA_ACTIVE views= 8 mean_abs_feat_delta= 0.290893
EDGE_TTA_ACTIVE views= 8 mean_abs_feat_delta= 0.290893
BIOHUB_RETENTION_GUARD {"blended_candidates": 59, "dataset": "6bba_062c8d37", "frame": 73, "minimum_retention": 0.9, "primary_candidates": 68, "retention": 0.8676470588235294, "use_primary": true}
BIOHUB_RETENTION_GUARD {"blended_candidates": 59, "dataset": "6bba_062c8d37", "frame": 73, "minimum_retention": 0.9, "primary_candidates": 68, "retention": 0.8676470588235294, "use_primary": true}
EDGE_TTA_ACTIVE views= 8 mean_abs_feat_delta= 0.298114
EDGE_TTA_ACTIVE views= 8 mean_abs_feat_delta= 0.298114
EDGE_TTA_ACTIVE views= 8 mean_abs_feat_delta= 0.289035
EDGE_TTA_ACTIVE views= 8 mean_abs_feat_delta= 0.289035
BIOHUB_RETENTION_GUARD {"blended_candidates": 62, "dataset": "6bba_062c8d37", "frame": 74, "minimum_retention": 0.9, "primary_candidates": 69, "retention": 0.8985507246376812, "use_primary": true}
BIOHUB_RETENTION_GUARD {"blended_candidates": 62, "dataset": "6bba_062c8d37", "frame": 74, "minimum_retention": 0.9, "primary_candidates": 69, "retention": 0.8985507246376812, "use_primary": true}
EDGE_TTA_ACTIVE views= 8 mean_abs_feat_delta= 0.292995
EDGE_TTA_ACTIVE views= 8 mean_abs_feat_delta= 0.292995
EDGE_TTA_ACTIVE views= 8 mean_abs_feat_delta= 0.292802
EDGE_TTA_ACTIVE views= 8 mean_abs_feat_delta= 0.292802
EDGE_TTA_ACTIVE views= 8 mean_abs_feat_delta= 0.29277
EDGE_TTA_ACTIVE views= 8 mean_abs_feat_delta= 0.29277
EDGE_TTA_ACTIVE views= 8 mean_abs_feat_delta= 0.289692
EDGE_TTA_ACTIVE views= 8 mean_abs_feat_delta= 0.289692
EDGE_TTA_ACTIVE views= 8 mean_abs_feat_delta= 0.293275
EDGE_TTA_ACTIVE views= 8 mean_abs_feat_delta= 0.293275
EDGE_TTA_ACTIVE views= 8 mean_abs_feat_delta= 0.288981
EDGE_TTA_ACTIVE views= 8 mean_abs_feat_delta= 0.288981
EDGE_TTA_ACTIVE views= 8 mean_abs_feat_delta= 0.291368
EDGE_TTA_ACTIVE views= 8 mean_abs_feat_delta= 0.291368
EDGE_TTA_ACTIVE views= 8 mean_abs_feat_delta= 0.294024
EDGE_TTA_ACTIVE views= 8 mean_abs_feat_delta= 0.294024
EDGE_TTA_ACTIVE views= 8 mean_abs_feat_delta= 0.291014
EDGE_TTA_ACTIVE views= 8 mean_abs_feat_delta= 0.291014
EDGE_TTA_ACTIVE views= 8 mean_abs_feat_delta= 0.291402
EDGE_TTA_ACTIVE views= 8 mean_abs_feat_delta= 0.291402
EDGE_TTA_ACTIVE views= 8 mean_abs_feat_delta= 0.295994
EDGE_TTA_ACTIVE views= 8 mean_abs_feat_delta= 0.295994
EDGE_TTA_ACTIVE views= 8 mean_abs_feat_delta= 0.293367
EDGE_TTA_ACTIVE views= 8 mean_abs_feat_delta= 0.293367
EDGE_TTA_ACTIVE views= 8 mean_abs_feat_delta= 0.297096
EDGE_TTA_ACTIVE views= 8 mean_abs_feat_delta= 0.297096
EDGE_TTA_ACTIVE views= 8 mean_abs_feat_delta= 0.286361
EDGE_TTA_ACTIVE views= 8 mean_abs_feat_delta= 0.286361
EDGE_TTA_ACTIVE views= 8 mean_abs_feat_delta= 0.299033
EDGE_TTA_ACTIVE views= 8 mean_abs_feat_delta= 0.299033
EDGE_TTA_ACTIVE views= 8 mean_abs_feat_delta= 0.284801
EDGE_TTA_ACTIVE views= 8 mean_abs_feat_delta= 0.284801
EDGE_TTA_ACTIVE views= 8 mean_abs_feat_delta= 0.297557
EDGE_TTA_ACTIVE views= 8 mean_abs_feat_delta= 0.297557
EDGE_TTA_ACTIVE views= 8 mean_abs_feat_delta= 0.287875
EDGE_TTA_ACTIVE views= 8 mean_abs_feat_delta= 0.287875
EDGE_TTA_ACTIVE views= 8 mean_abs_feat_delta= 0.293406
EDGE_TTA_ACTIVE views= 8 mean_abs_feat_delta= 0.293406
EDGE_TTA_ACTIVE views= 8 mean_abs_feat_delta= 0.285114
EDGE_TTA_ACTIVE views= 8 mean_abs_feat_delta= 0.285114
BIOHUB_RETENTION_GUARD {"blended_candidates": 64, "dataset": "6bba_062c8d37", "frame": 84, "minimum_retention": 0.9, "primary_candidates": 73, "retention": 0.8767123287671232, "use_primary": true}
BIOHUB_RETENTION_GUARD {"blended_candidates": 64, "dataset": "6bba_062c8d37", "frame": 84, "minimum_retention": 0.9, "primary_candidates": 73, "retention": 0.8767123287671232, "use_primary": true}
EDGE_TTA_ACTIVE views= 8 mean_abs_feat_delta= 0.295509
EDGE_TTA_ACTIVE views= 8 mean_abs_feat_delta= 0.295509
EDGE_TTA_ACTIVE views= 8 mean_abs_feat_delta= 0.284821
EDGE_TTA_ACTIVE views= 8 mean_abs_feat_delta= 0.284821
EDGE_TTA_ACTIVE views= 8 mean_abs_feat_delta= 0.29737
EDGE_TTA_ACTIVE views= 8 mean_abs_feat_delta= 0.29737
EDGE_TTA_ACTIVE views= 8 mean_abs_feat_delta= 0.287327
EDGE_TTA_ACTIVE views= 8 mean_abs_feat_delta= 0.287327
EDGE_TTA_ACTIVE views= 8 mean_abs_feat_delta= 0.297734
EDGE_TTA_ACTIVE views= 8 mean_abs_feat_delta= 0.285857
EDGE_TTA_ACTIVE views= 8 mean_abs_feat_delta= 0.297734
EDGE_TTA_ACTIVE views= 8 mean_abs_feat_delta= 0.285857
EDGE_TTA_ACTIVE views= 8 mean_abs_feat_delta= 0.297749
EDGE_TTA_ACTIVE views= 8 mean_abs_feat_delta= 0.283107
EDGE_TTA_ACTIVE views= 8 mean_abs_feat_delta= 0.297749
EDGE_TTA_ACTIVE views= 8 mean_abs_feat_delta= 0.283107
EDGE_TTA_ACTIVE views= 8 mean_abs_feat_delta= 0.299556
EDGE_TTA_ACTIVE views= 8 mean_abs_feat_delta= 0.285156
EDGE_TTA_ACTIVE views= 8 mean_abs_feat_delta= 0.299556
EDGE_TTA_ACTIVE views= 8 mean_abs_feat_delta= 0.285156
EDGE_TTA_ACTIVE views= 8 mean_abs_feat_delta= 0.298104
EDGE_TTA_ACTIVE views= 8 mean_abs_feat_delta= 0.281307
EDGE_TTA_ACTIVE views= 8 mean_abs_feat_delta= 0.298104
EDGE_TTA_ACTIVE views= 8 mean_abs_feat_delta= 0.281307
EDGE_TTA_ACTIVE views= 8 mean_abs_feat_delta= 0.296443
EDGE_TTA_ACTIVE views= 8 mean_abs_feat_delta= 0.283345
EDGE_TTA_ACTIVE views= 8 mean_abs_feat_delta= 0.296443
EDGE_TTA_ACTIVE views= 8 mean_abs_feat_delta= 0.283345
EDGE_TTA_ACTIVE views= 8 mean_abs_feat_delta= 0.282739
EDGE_TTA_ACTIVE views= 8 mean_abs_feat_delta= 0.293984
EDGE_TTA_ACTIVE views= 8 mean_abs_feat_delta= 0.282739
EDGE_TTA_ACTIVE views= 8 mean_abs_feat_delta= 0.293984
EDGE_TTA_ACTIVE views= 8 mean_abs_feat_delta= 0.280872
EDGE_TTA_ACTIVE views= 8 mean_abs_feat_delta= 0.293061
EDGE_TTA_ACTIVE views= 8 mean_abs_feat_delta= 0.280872
EDGE_TTA_ACTIVE views= 8 mean_abs_feat_delta= 0.293061
EDGE_TTA_ACTIVE views= 8 mean_abs_feat_delta= 0.297154
EDGE_TTA_ACTIVE views= 8 mean_abs_feat_delta= 0.281118
EDGE_TTA_ACTIVE views= 8 mean_abs_feat_delta= 0.297154
EDGE_TTA_ACTIVE views= 8 mean_abs_feat_delta= 0.281118
EDGE_TTA_ACTIVE views= 8 mean_abs_feat_delta= 0.281355
EDGE_TTA_ACTIVE views= 8 mean_abs_feat_delta= 0.301446
EDGE_TTA_ACTIVE views= 8 mean_abs_feat_delta= 0.281355
EDGE_TTA_ACTIVE views= 8 mean_abs_feat_delta= 0.301446
EDGE_TTA_ACTIVE views= 8 mean_abs_feat_delta= 0.279058
EDGE_TTA_ACTIVE views= 8 mean_abs_feat_delta= 0.301117
EDGE_TTA_ACTIVE views= 8 mean_abs_feat_delta= 0.279058
EDGE_TTA_ACTIVE views= 8 mean_abs_feat_delta= 0.301117
EDGE_TTA_ACTIVE views= 8 mean_abs_feat_delta= 0.271242
EDGE_TTA_ACTIVE views= 8 mean_abs_feat_delta= 0.301563
EDGE_TTA_ACTIVE views= 8 mean_abs_feat_delta= 0.271242
EDGE_TTA_ACTIVE views= 8 mean_abs_feat_delta= 0.301563
EDGE_TTA_ACTIVE views= 8 mean_abs_feat_delta= 0.278583
EDGE_TTA_ACTIVE views= 8 mean_abs_feat_delta= 0.278583
EDGE_TTA_ACTIVE views= 8 mean_abs_feat_delta= 0.298981
EDGE_TTA_ACTIVE views= 8 mean_abs_feat_delta= 0.298981
EDGE_TTA_ACTIVE views= 8 mean_abs_feat_delta= 0.280712
EDGE_TTA_ACTIVE views= 8 mean_abs_feat_delta= 0.280712
EDGE_TTA_ACTIVE views= 8 mean_abs_feat_delta= 0.297101
EDGE_TTA_ACTIVE views= 8 mean_abs_feat_delta= 0.297101
EDGE_TTA_ACTIVE views= 8 mean_abs_feat_delta= 0.281412
EDGE_TTA_ACTIVE views= 8 mean_abs_feat_delta= 0.281412
EDGE_TTA_ACTIVE views= 8 mean_abs_feat_delta= 0.283284
EDGE_TTA_ACTIVE views= 8 mean_abs_feat_delta= 0.283284
EDGE_TTA_ACTIVE views= 8 mean_abs_feat_delta= 0.336571
EDGE_TTA_ACTIVE views= 8 mean_abs_feat_delta= 0.285807
EDGE_TTA_ACTIVE views= 8 mean_abs_feat_delta= 0.336571
EDGE_TTA_ACTIVE views= 8 mean_abs_feat_delta= 0.285807
EDGE_TTA_ACTIVE views= 8 mean_abs_feat_delta= 0.338746
EDGE_TTA_ACTIVE views= 8 mean_abs_feat_delta= 0.284166
EDGE_TTA_ACTIVE views= 8 mean_abs_feat_delta= 0.338746
EDGE_TTA_ACTIVE views= 8 mean_abs_feat_delta= 0.284166
EDGE_TTA_ACTIVE views= 8 mean_abs_feat_delta= 0.284946
EDGE_TTA_ACTIVE views= 8 mean_abs_feat_delta= 0.340952
EDGE_TTA_ACTIVE views= 8 mean_abs_feat_delta= 0.284946
EDGE_TTA_ACTIVE views= 8 mean_abs_feat_delta= 0.340952
EDGE_TTA_ACTIVE views= 8 mean_abs_feat_delta= 0.277939
EDGE_TTA_ACTIVE views= 8 mean_abs_feat_delta= 0.342027
EDGE_TTA_ACTIVE views= 8 mean_abs_feat_delta= 0.277939
EDGE_TTA_ACTIVE views= 8 mean_abs_feat_delta= 0.342027
EDGE_TTA_ACTIVE views= 8 mean_abs_feat_delta= 0.282273
EDGE_TTA_ACTIVE views= 8 mean_abs_feat_delta= 0.339705
EDGE_TTA_ACTIVE views= 8 mean_abs_feat_delta= 0.282273
EDGE_TTA_ACTIVE views= 8 mean_abs_feat_delta= 0.339705
EDGE_TTA_ACTIVE views= 8 mean_abs_feat_delta= 0.340104
EDGE_TTA_ACTIVE views= 8 mean_abs_feat_delta= 0.284153
EDGE_TTA_ACTIVE views= 8 mean_abs_feat_delta= 0.340104
EDGE_TTA_ACTIVE views= 8 mean_abs_feat_delta= 0.284153
EDGE_TTA_ACTIVE views= 8 mean_abs_feat_delta= 0.284297
EDGE_TTA_ACTIVE views= 8 mean_abs_feat_delta= 0.339763
EDGE_TTA_ACTIVE views= 8 mean_abs_feat_delta= 0.284297
EDGE_TTA_ACTIVE views= 8 mean_abs_feat_delta= 0.339763
EDGE_TTA_ACTIVE views= 8 mean_abs_feat_delta= 0.276563
EDGE_TTA_ACTIVE views= 8 mean_abs_feat_delta= 0.333526
EDGE_TTA_ACTIVE views= 8 mean_abs_feat_delta= 0.276563
EDGE_TTA_ACTIVE views= 8 mean_abs_feat_delta= 0.333526
EDGE_TTA_ACTIVE views= 8 mean_abs_feat_delta= 0.277027
EDGE_TTA_ACTIVE views= 8 mean_abs_feat_delta= 0.336952
EDGE_TTA_ACTIVE views= 8 mean_abs_feat_delta= 0.277027
EDGE_TTA_ACTIVE views= 8 mean_abs_feat_delta= 0.336952
EDGE_TTA_ACTIVE views= 8 mean_abs_feat_delta= 0.279545
EDGE_TTA_ACTIVE views= 8 mean_abs_feat_delta= 0.345093
EDGE_TTA_ACTIVE views= 8 mean_abs_feat_delta= 0.279545
EDGE_TTA_ACTIVE views= 8 mean_abs_feat_delta= 0.345093
EDGE_TTA_ACTIVE views= 8 mean_abs_feat_delta= 0.281065
EDGE_TTA_ACTIVE views= 8 mean_abs_feat_delta= 0.34152
EDGE_TTA_ACTIVE views= 8 mean_abs_feat_delta= 0.281065
EDGE_TTA_ACTIVE views= 8 mean_abs_feat_delta= 0.34152
EDGE_TTA_ACTIVE views= 8 mean_abs_feat_delta= 0.285064
EDGE_TTA_ACTIVE views= 8 mean_abs_feat_delta= 0.285064
EDGE_TTA_ACTIVE views= 8 mean_abs_feat_delta= 0.341151
EDGE_TTA_ACTIVE views= 8 mean_abs_feat_delta= 0.341151
EDGE_TTA_ACTIVE views= 8 mean_abs_feat_delta= 0.284192
EDGE_TTA_ACTIVE views= 8 mean_abs_feat_delta= 0.284192
EDGE_TTA_ACTIVE views= 8 mean_abs_feat_delta= 0.34019
EDGE_TTA_ACTIVE views= 8 mean_abs_feat_delta= 0.34019
EDGE_TTA_ACTIVE views= 8 mean_abs_feat_delta= 0.28167
EDGE_TTA_ACTIVE views= 8 mean_abs_feat_delta= 0.28167
EDGE_TTA_ACTIVE views= 8 mean_abs_feat_delta= 0.344388
EDGE_TTA_ACTIVE views= 8 mean_abs_feat_delta= 0.344388
EDGE_TTA_ACTIVE views= 8 mean_abs_feat_delta= 0.28237
EDGE_TTA_ACTIVE views= 8 mean_abs_feat_delta= 0.28237
EDGE_TTA_ACTIVE views= 8 mean_abs_feat_delta= 0.343422
EDGE_TTA_ACTIVE views= 8 mean_abs_feat_delta= 0.343422
EDGE_TTA_ACTIVE views= 8 mean_abs_feat_delta= 0.282802
EDGE_TTA_ACTIVE views= 8 mean_abs_feat_delta= 0.282802
EDGE_TTA_ACTIVE views= 8 mean_abs_feat_delta= 0.340401
EDGE_TTA_ACTIVE views= 8 mean_abs_feat_delta= 0.340401
EDGE_TTA_ACTIVE views= 8 mean_abs_feat_delta= 0.285432
EDGE_TTA_ACTIVE views= 8 mean_abs_feat_delta= 0.285432
EDGE_TTA_ACTIVE views= 8 mean_abs_feat_delta= 0.339951
EDGE_TTA_ACTIVE views= 8 mean_abs_feat_delta= 0.339951
EDGE_TTA_ACTIVE views= 8 mean_abs_feat_delta= 0.281029
EDGE_TTA_ACTIVE views= 8 mean_abs_feat_delta= 0.281029
EDGE_TTA_ACTIVE views= 8 mean_abs_feat_delta= 0.34749
EDGE_TTA_ACTIVE views= 8 mean_abs_feat_delta= 0.34749
EDGE_TTA_ACTIVE views= 8 mean_abs_feat_delta= 0.272919
EDGE_TTA_ACTIVE views= 8 mean_abs_feat_delta= 0.272919
EDGE_TTA_ACTIVE views= 8 mean_abs_feat_delta= 0.348728
EDGE_TTA_ACTIVE views= 8 mean_abs_feat_delta= 0.348728
EDGE_TTA_ACTIVE views= 8 mean_abs_feat_delta= 0.279365
EDGE_TTA_ACTIVE views= 8 mean_abs_feat_delta= 0.279365
EDGE_TTA_ACTIVE views= 8 mean_abs_feat_delta= 0.348915
EDGE_TTA_ACTIVE views= 8 mean_abs_feat_delta= 0.348915
EDGE_TTA_ACTIVE views= 8 mean_abs_feat_delta= 0.282084
EDGE_TTA_ACTIVE views= 8 mean_abs_feat_delta= 0.282084
EDGE_TTA_ACTIVE views= 8 mean_abs_feat_delta= 0.34756
EDGE_TTA_ACTIVE views= 8 mean_abs_feat_delta= 0.34756
EDGE_TTA_ACTIVE views= 8 mean_abs_feat_delta= 0.283885
EDGE_TTA_ACTIVE views= 8 mean_abs_feat_delta= 0.283885
EDGE_TTA_ACTIVE views= 8 mean_abs_feat_delta= 0.341564
EDGE_TTA_ACTIVE views= 8 mean_abs_feat_delta= 0.341564
EDGE_TTA_ACTIVE views= 8 mean_abs_feat_delta= 0.284012
EDGE_TTA_ACTIVE views= 8 mean_abs_feat_delta= 0.284012
EDGE_TTA_ACTIVE views= 8 mean_abs_feat_delta= 0.339453
EDGE_TTA_ACTIVE views= 8 mean_abs_feat_delta= 0.339453
EDGE_TTA_ACTIVE views= 8 mean_abs_feat_delta= 0.28661
EDGE_TTA_ACTIVE views= 8 mean_abs_feat_delta= 0.28661
EDGE_TTA_ACTIVE views= 8 mean_abs_feat_delta= 0.34454
EDGE_TTA_ACTIVE views= 8 mean_abs_feat_delta= 0.34454
EDGE_TTA_ACTIVE views= 8 mean_abs_feat_delta= 0.287228
EDGE_TTA_ACTIVE views= 8 mean_abs_feat_delta= 0.287228
EDGE_TTA_ACTIVE views= 8 mean_abs_feat_delta= 0.34235
EDGE_TTA_ACTIVE views= 8 mean_abs_feat_delta= 0.34235
EDGE_TTA_ACTIVE views= 8 mean_abs_feat_delta= 0.285405
EDGE_TTA_ACTIVE views= 8 mean_abs_feat_delta= 0.285405
EDGE_TTA_ACTIVE views= 8 mean_abs_feat_delta= 0.339835
EDGE_TTA_ACTIVE views= 8 mean_abs_feat_delta= 0.339835
EDGE_TTA_ACTIVE views= 8 mean_abs_feat_delta= 0.28492
EDGE_TTA_ACTIVE views= 8 mean_abs_feat_delta= 0.28492
EDGE_TTA_ACTIVE views= 8 mean_abs_feat_delta= 0.343666
EDGE_TTA_ACTIVE views= 8 mean_abs_feat_delta= 0.343666
EDGE_TTA_ACTIVE views= 8 mean_abs_feat_delta= 0.283264
EDGE_TTA_ACTIVE views= 8 mean_abs_feat_delta= 0.283264
EDGE_TTA_ACTIVE views= 8 mean_abs_feat_delta= 0.345266
EDGE_TTA_ACTIVE views= 8 mean_abs_feat_delta= 0.345266
EDGE_TTA_ACTIVE views= 8 mean_abs_feat_delta= 0.283715
EDGE_TTA_ACTIVE views= 8 mean_abs_feat_delta= 0.283715
EDGE_TTA_ACTIVE views= 8 mean_abs_feat_delta= 0.347232
EDGE_TTA_ACTIVE views= 8 mean_abs_feat_delta= 0.347232
EDGE_TTA_ACTIVE views= 8 mean_abs_feat_delta= 0.283294
EDGE_TTA_ACTIVE views= 8 mean_abs_feat_delta= 0.283294
EDGE_TTA_ACTIVE views= 8 mean_abs_feat_delta= 0.344073
EDGE_TTA_ACTIVE views= 8 mean_abs_feat_delta= 0.344073
EDGE_TTA_ACTIVE views= 8 mean_abs_feat_delta= 0.286449
EDGE_TTA_ACTIVE views= 8 mean_abs_feat_delta= 0.286449
EDGE_TTA_ACTIVE views= 8 mean_abs_feat_delta= 0.342224
EDGE_TTA_ACTIVE views= 8 mean_abs_feat_delta= 0.342224
EDGE_TTA_ACTIVE views= 8 mean_abs_feat_delta= 0.290051
EDGE_TTA_ACTIVE views= 8 mean_abs_feat_delta= 0.290051
EDGE_TTA_ACTIVE views= 8 mean_abs_feat_delta= 0.340766
EDGE_TTA_ACTIVE views= 8 mean_abs_feat_delta= 0.340766
EDGE_TTA_ACTIVE views= 8 mean_abs_feat_delta= 0.289497
EDGE_TTA_ACTIVE views= 8 mean_abs_feat_delta= 0.289497
EDGE_TTA_ACTIVE views= 8 mean_abs_feat_delta= 0.342603
EDGE_TTA_ACTIVE views= 8 mean_abs_feat_delta= 0.342603
EDGE_TTA_ACTIVE views= 8 mean_abs_feat_delta= 0.282987
EDGE_TTA_ACTIVE views= 8 mean_abs_feat_delta= 0.282987
EDGE_TTA_ACTIVE views= 8 mean_abs_feat_delta= 0.341082
EDGE_TTA_ACTIVE views= 8 mean_abs_feat_delta= 0.341082
EDGE_TTA_ACTIVE views= 8 mean_abs_feat_delta= 0.285694
EDGE_TTA_ACTIVE views= 8 mean_abs_feat_delta= 0.285694
EDGE_TTA_ACTIVE views= 8 mean_abs_feat_delta= 0.342531
EDGE_TTA_ACTIVE views= 8 mean_abs_feat_delta= 0.342531
EDGE_TTA_ACTIVE views= 8 mean_abs_feat_delta= 0.282414
EDGE_TTA_ACTIVE views= 8 mean_abs_feat_delta= 0.282414
EDGE_TTA_ACTIVE views= 8 mean_abs_feat_delta= 0.338261
EDGE_TTA_ACTIVE views= 8 mean_abs_feat_delta= 0.338261
EDGE_TTA_ACTIVE views= 8 mean_abs_feat_delta= 0.285759
EDGE_TTA_ACTIVE views= 8 mean_abs_feat_delta= 0.285759
EDGE_TTA_ACTIVE views= 8 mean_abs_feat_delta= 0.331504
EDGE_TTA_ACTIVE views= 8 mean_abs_feat_delta= 0.331504
EDGE_TTA_ACTIVE views= 8 mean_abs_feat_delta= 0.283365
EDGE_TTA_ACTIVE views= 8 mean_abs_feat_delta= 0.283365
EDGE_TTA_ACTIVE views= 8 mean_abs_feat_delta= 0.331413
EDGE_TTA_ACTIVE views= 8 mean_abs_feat_delta= 0.331413
EDGE_TTA_ACTIVE views= 8 mean_abs_feat_delta= 0.283423
EDGE_TTA_ACTIVE views= 8 mean_abs_feat_delta= 0.283423
EDGE_TTA_ACTIVE views= 8 mean_abs_feat_delta= 0.329218
EDGE_TTA_ACTIVE views= 8 mean_abs_feat_delta= 0.329218
EDGE_TTA_ACTIVE views= 8 mean_abs_feat_delta= 0.280705
EDGE_TTA_ACTIVE views= 8 mean_abs_feat_delta= 0.280705
EDGE_TTA_ACTIVE views= 8 mean_abs_feat_delta= 0.328908
EDGE_TTA_ACTIVE views= 8 mean_abs_feat_delta= 0.328908
EDGE_TTA_ACTIVE views= 8 mean_abs_feat_delta= 0.284385
EDGE_TTA_ACTIVE views= 8 mean_abs_feat_delta= 0.284385
EDGE_TTA_ACTIVE views= 8 mean_abs_feat_delta= 0.327794
EDGE_TTA_ACTIVE views= 8 mean_abs_feat_delta= 0.327794
EDGE_TTA_ACTIVE views= 8 mean_abs_feat_delta= 0.285391
EDGE_TTA_ACTIVE views= 8 mean_abs_feat_delta= 0.285391
EDGE_TTA_ACTIVE views= 8 mean_abs_feat_delta= 0.325619
EDGE_TTA_ACTIVE views= 8 mean_abs_feat_delta= 0.325619
EDGE_TTA_ACTIVE views= 8 mean_abs_feat_delta= 0.282606
EDGE_TTA_ACTIVE views= 8 mean_abs_feat_delta= 0.282606
EDGE_TTA_ACTIVE views= 8 mean_abs_feat_delta= 0.326224
EDGE_TTA_ACTIVE views= 8 mean_abs_feat_delta= 0.326224
EDGE_TTA_ACTIVE views= 8 mean_abs_feat_delta= 0.275618
EDGE_TTA_ACTIVE views= 8 mean_abs_feat_delta= 0.275618
EDGE_TTA_ACTIVE views= 8 mean_abs_feat_delta= 0.321245
EDGE_TTA_ACTIVE views= 8 mean_abs_feat_delta= 0.321245
EDGE_TTA_ACTIVE views= 8 mean_abs_feat_delta= 0.28438
EDGE_TTA_ACTIVE views= 8 mean_abs_feat_delta= 0.28438
EDGE_TTA_ACTIVE views= 8 mean_abs_feat_delta= 0.319781
EDGE_TTA_ACTIVE views= 8 mean_abs_feat_delta= 0.319781
EDGE_TTA_ACTIVE views= 8 mean_abs_feat_delta= 0.289699
EDGE_TTA_ACTIVE views= 8 mean_abs_feat_delta= 0.289699
EDGE_TTA_ACTIVE views= 8 mean_abs_feat_delta= 0.322829
EDGE_TTA_ACTIVE views= 8 mean_abs_feat_delta= 0.322829
EDGE_TTA_ACTIVE views= 8 mean_abs_feat_delta= 0.289712
EDGE_TTA_ACTIVE views= 8 mean_abs_feat_delta= 0.289712
EDGE_TTA_ACTIVE views= 8 mean_abs_feat_delta= 0.326443
EDGE_TTA_ACTIVE views= 8 mean_abs_feat_delta= 0.326443
EDGE_TTA_ACTIVE views= 8 mean_abs_feat_delta= 0.28685
EDGE_TTA_ACTIVE views= 8 mean_abs_feat_delta= 0.28685
EDGE_TTA_ACTIVE views= 8 mean_abs_feat_delta= 0.326852
EDGE_TTA_ACTIVE views= 8 mean_abs_feat_delta= 0.326852
EDGE_TTA_ACTIVE views= 8 mean_abs_feat_delta= 0.276535
EDGE_TTA_ACTIVE views= 8 mean_abs_feat_delta= 0.276535
EDGE_TTA_ACTIVE views= 8 mean_abs_feat_delta= 0.329914
EDGE_TTA_ACTIVE views= 8 mean_abs_feat_delta= 0.329914
EDGE_TTA_ACTIVE views= 8 mean_abs_feat_delta= 0.287692
EDGE_TTA_ACTIVE views= 8 mean_abs_feat_delta= 0.287692
EDGE_TTA_ACTIVE views= 8 mean_abs_feat_delta= 0.3332
EDGE_TTA_ACTIVE views= 8 mean_abs_feat_delta= 0.3332
EDGE_TTA_ACTIVE views= 8 mean_abs_feat_delta= 0.280114
EDGE_TTA_ACTIVE views= 8 mean_abs_feat_delta= 0.280114
EDGE_TTA_ACTIVE views= 8 mean_abs_feat_delta= 0.326396
EDGE_TTA_ACTIVE views= 8 mean_abs_feat_delta= 0.326396
EDGE_TTA_ACTIVE views= 8 mean_abs_feat_delta= 0.287119
EDGE_TTA_ACTIVE views= 8 mean_abs_feat_delta= 0.287119
EDGE_TTA_ACTIVE views= 8 mean_abs_feat_delta= 0.327676
EDGE_TTA_ACTIVE views= 8 mean_abs_feat_delta= 0.327676
EDGE_TTA_ACTIVE views= 8 mean_abs_feat_delta= 0.282418
EDGE_TTA_ACTIVE views= 8 mean_abs_feat_delta= 0.282418
EDGE_TTA_ACTIVE views= 8 mean_abs_feat_delta= 0.330541
EDGE_TTA_ACTIVE views= 8 mean_abs_feat_delta= 0.330541
EDGE_TTA_ACTIVE views= 8 mean_abs_feat_delta= 0.275023
EDGE_TTA_ACTIVE views= 8 mean_abs_feat_delta= 0.275023
EDGE_TTA_ACTIVE views= 8 mean_abs_feat_delta= 0.335217
EDGE_TTA_ACTIVE views= 8 mean_abs_feat_delta= 0.335217
EDGE_TTA_ACTIVE views= 8 mean_abs_feat_delta= 0.279236
EDGE_TTA_ACTIVE views= 8 mean_abs_feat_delta= 0.279236
EDGE_TTA_ACTIVE views= 8 mean_abs_feat_delta= 0.33513
EDGE_TTA_ACTIVE views= 8 mean_abs_feat_delta= 0.33513
EDGE_TTA_ACTIVE views= 8 mean_abs_feat_delta= 0.280951
EDGE_TTA_ACTIVE views= 8 mean_abs_feat_delta= 0.280951
EDGE_TTA_ACTIVE views= 8 mean_abs_feat_delta= 0.328111
EDGE_TTA_ACTIVE views= 8 mean_abs_feat_delta= 0.328111
EDGE_TTA_ACTIVE views= 8 mean_abs_feat_delta= 0.282683
EDGE_TTA_ACTIVE views= 8 mean_abs_feat_delta= 0.282683
EDGE_TTA_ACTIVE views= 8 mean_abs_feat_delta= 0.326627
EDGE_TTA_ACTIVE views= 8 mean_abs_feat_delta= 0.326627
EDGE_TTA_ACTIVE views= 8 mean_abs_feat_delta= 0.279078
EDGE_TTA_ACTIVE views= 8 mean_abs_feat_delta= 0.279078
EDGE_TTA_ACTIVE views= 8 mean_abs_feat_delta= 0.329018
EDGE_TTA_ACTIVE views= 8 mean_abs_feat_delta= 0.329018
EDGE_TTA_ACTIVE views= 8 mean_abs_feat_delta= 0.283394
EDGE_TTA_ACTIVE views= 8 mean_abs_feat_delta= 0.283394
EDGE_TTA_ACTIVE views= 8 mean_abs_feat_delta= 0.333443
EDGE_TTA_ACTIVE views= 8 mean_abs_feat_delta= 0.333443
EDGE_TTA_ACTIVE views= 8 mean_abs_feat_delta= 0.281801
EDGE_TTA_ACTIVE views= 8 mean_abs_feat_delta= 0.281801
EDGE_TTA_ACTIVE views= 8 mean_abs_feat_delta= 0.336707
EDGE_TTA_ACTIVE views= 8 mean_abs_feat_delta= 0.336707
EDGE_TTA_ACTIVE views= 8 mean_abs_feat_delta= 0.283172
EDGE_TTA_ACTIVE views= 8 mean_abs_feat_delta= 0.283172
EDGE_TTA_ACTIVE views= 8 mean_abs_feat_delta= 0.335779
EDGE_TTA_ACTIVE views= 8 mean_abs_feat_delta= 0.335779
EDGE_TTA_ACTIVE views= 8 mean_abs_feat_delta= 0.281577
EDGE_TTA_ACTIVE views= 8 mean_abs_feat_delta= 0.281577
EDGE_TTA_ACTIVE views= 8 mean_abs_feat_delta= 0.328211
EDGE_TTA_ACTIVE views= 8 mean_abs_feat_delta= 0.328211
EDGE_TTA_ACTIVE views= 8 mean_abs_feat_delta= 0.286587
EDGE_TTA_ACTIVE views= 8 mean_abs_feat_delta= 0.286587
EDGE_TTA_ACTIVE views= 8 mean_abs_feat_delta= 0.323615
EDGE_TTA_ACTIVE views= 8 mean_abs_feat_delta= 0.323615
EDGE_TTA_ACTIVE views= 8 mean_abs_feat_delta= 0.290972
EDGE_TTA_ACTIVE views= 8 mean_abs_feat_delta= 0.290972
EDGE_TTA_ACTIVE views= 8 mean_abs_feat_delta= 0.324693
EDGE_TTA_ACTIVE views= 8 mean_abs_feat_delta= 0.324693
EDGE_TTA_ACTIVE views= 8 mean_abs_feat_delta= 0.288332
EDGE_TTA_ACTIVE views= 8 mean_abs_feat_delta= 0.288332
EDGE_TTA_ACTIVE views= 8 mean_abs_feat_delta= 0.32651
EDGE_TTA_ACTIVE views= 8 mean_abs_feat_delta= 0.32651
EDGE_TTA_ACTIVE views= 8 mean_abs_feat_delta= 0.29016
EDGE_TTA_ACTIVE views= 8 mean_abs_feat_delta= 0.29016
EDGE_TTA_ACTIVE views= 8 mean_abs_feat_delta= 0.328408
EDGE_TTA_ACTIVE views= 8 mean_abs_feat_delta= 0.328408
EDGE_TTA_ACTIVE views= 8 mean_abs_feat_delta= 0.292393
EDGE_TTA_ACTIVE views= 8 mean_abs_feat_delta= 0.292393
EDGE_TTA_ACTIVE views= 8 mean_abs_feat_delta= 0.328975
EDGE_TTA_ACTIVE views= 8 mean_abs_feat_delta= 0.328975
EDGE_TTA_ACTIVE views= 8 mean_abs_feat_delta= 0.284525
EDGE_TTA_ACTIVE views= 8 mean_abs_feat_delta= 0.284525
EDGE_TTA_ACTIVE views= 8 mean_abs_feat_delta= 0.329898
EDGE_TTA_ACTIVE views= 8 mean_abs_feat_delta= 0.329898
EDGE_TTA_ACTIVE views= 8 mean_abs_feat_delta= 0.327894
EDGE_TTA_ACTIVE views= 8 mean_abs_feat_delta= 0.327894
EDGE_TTA_ACTIVE views= 8 mean_abs_feat_delta= 0.327075
EDGE_TTA_ACTIVE views= 8 mean_abs_feat_delta= 0.327075
EDGE_TTA_ACTIVE views= 8 mean_abs_feat_delta= 0.325235
EDGE_TTA_ACTIVE views= 8 mean_abs_feat_delta= 0.325235
EDGE_TTA_ACTIVE views= 8 mean_abs_feat_delta= 0.322041
EDGE_TTA_ACTIVE views= 8 mean_abs_feat_delta= 0.322041
EDGE_TTA_ACTIVE views= 8 mean_abs_feat_delta= 0.322646
EDGE_TTA_ACTIVE views= 8 mean_abs_feat_delta= 0.322646
EDGE_TTA_ACTIVE views= 8 mean_abs_feat_delta= 0.321154
EDGE_TTA_ACTIVE views= 8 mean_abs_feat_delta= 0.321154
EDGE_TTA_ACTIVE views= 8 mean_abs_feat_delta= 0.323674
EDGE_TTA_ACTIVE views= 8 mean_abs_feat_delta= 0.323674
EDGE_TTA_ACTIVE views= 8 mean_abs_feat_delta= 0.323378
EDGE_TTA_ACTIVE views= 8 mean_abs_feat_delta= 0.323378
EDGE_TTA_ACTIVE views= 8 mean_abs_feat_delta= 0.321629
EDGE_TTA_ACTIVE views= 8 mean_abs_feat_delta= 0.321629
EDGE_TTA_ACTIVE views= 8 mean_abs_feat_delta= 0.318921
EDGE_TTA_ACTIVE views= 8 mean_abs_feat_delta= 0.318921
EDGE_TTA_ACTIVE views= 8 mean_abs_feat_delta= 0.320734
EDGE_TTA_ACTIVE views= 8 mean_abs_feat_delta= 0.320734
EDGE_TTA_ACTIVE views= 8 mean_abs_feat_delta= 0.323839
EDGE_TTA_ACTIVE views= 8 mean_abs_feat_delta= 0.323839
EDGE_TTA_ACTIVE views= 8 mean_abs_feat_delta= 0.322788
Saved 4 predictions to /kaggle/working/tracking_repo/predictions/unknown/unet_transformer_val_gpu1/split_0
EDGE_TTA_ACTIVE views= 8 mean_abs_feat_delta= 0.322788
Saved 4 predictions to /kaggle/working/tracking_repo/predictions/unknown/unet_transformer_val_gpu1/split_0
EDGE_TTA_ACTIVE views= 8 mean_abs_feat_delta= 0.32248
EDGE_TTA_ACTIVE views= 8 mean_abs_feat_delta= 0.32248
EDGE_TTA_ACTIVE views= 8 mean_abs_feat_delta= 0.319289
EDGE_TTA_ACTIVE views= 8 mean_abs_feat_delta= 0.319289
EDGE_TTA_ACTIVE views= 8 mean_abs_feat_delta= 0.321281
EDGE_TTA_ACTIVE views= 8 mean_abs_feat_delta= 0.321281
EDGE_TTA_ACTIVE views= 8 mean_abs_feat_delta= 0.320096
EDGE_TTA_ACTIVE views= 8 mean_abs_feat_delta= 0.320096
EDGE_TTA_ACTIVE views= 8 mean_abs_feat_delta= 0.322533
EDGE_TTA_ACTIVE views= 8 mean_abs_feat_delta= 0.322533
EDGE_TTA_ACTIVE views= 8 mean_abs_feat_delta= 0.324871
EDGE_TTA_ACTIVE views= 8 mean_abs_feat_delta= 0.324871
EDGE_TTA_ACTIVE views= 8 mean_abs_feat_delta= 0.322556
EDGE_TTA_ACTIVE views= 8 mean_abs_feat_delta= 0.322556
EDGE_TTA_ACTIVE views= 8 mean_abs_feat_delta= 0.320114
EDGE_TTA_ACTIVE views= 8 mean_abs_feat_delta= 0.320114
EDGE_TTA_ACTIVE views= 8 mean_abs_feat_delta= 0.318514
EDGE_TTA_ACTIVE views= 8 mean_abs_feat_delta= 0.318514
EDGE_TTA_ACTIVE views= 8 mean_abs_feat_delta= 0.322403
EDGE_TTA_ACTIVE views= 8 mean_abs_feat_delta= 0.322403
EDGE_TTA_ACTIVE views= 8 mean_abs_feat_delta= 0.320312
EDGE_TTA_ACTIVE views= 8 mean_abs_feat_delta= 0.320312
EDGE_TTA_ACTIVE views= 8 mean_abs_feat_delta= 0.324015
EDGE_TTA_ACTIVE views= 8 mean_abs_feat_delta= 0.324015
EDGE_TTA_ACTIVE views= 8 mean_abs_feat_delta= 0.326506
EDGE_TTA_ACTIVE views= 8 mean_abs_feat_delta= 0.326506
EDGE_TTA_ACTIVE views= 8 mean_abs_feat_delta= 0.326088
EDGE_TTA_ACTIVE views= 8 mean_abs_feat_delta= 0.326088
EDGE_TTA_ACTIVE views= 8 mean_abs_feat_delta= 0.325667
EDGE_TTA_ACTIVE views= 8 mean_abs_feat_delta= 0.325667
EDGE_TTA_ACTIVE views= 8 mean_abs_feat_delta= 0.328685
EDGE_TTA_ACTIVE views= 8 mean_abs_feat_delta= 0.328685
EDGE_TTA_ACTIVE views= 8 mean_abs_feat_delta= 0.327838
EDGE_TTA_ACTIVE views= 8 mean_abs_feat_delta= 0.327838
EDGE_TTA_ACTIVE views= 8 mean_abs_feat_delta= 0.330718
EDGE_TTA_ACTIVE views= 8 mean_abs_feat_delta= 0.330718
Saved 4 predictions to /kaggle/working/tracking_repo/predictions/unknown/unet_transformer_val_gpu0/split_0
Saved 4 predictions to /kaggle/working/tracking_repo/predictions/unknown/unet_transformer_val_gpu0/split_0
VALIDATOR: merged 8 prediction graphs into /kaggle/working/tracking_repo/predictions/unknown/unet_transformer_val/split_0
VALIDATOR: prediction completed in 16.15 minutes
Post-process base configuration (public 0.939):
  SAFE_DIV_MAX_UM                          9.0
  SAFE_DIV_SISTER_MAX_UM                   14.0
  SAFE_DIV_DIVERGE_UM                      2.25
  SAFE_DIV_SISTER_SYMMETRY_TAU             0.6
  SAFE_DIV_EXISTING_CHILD_MAX_UM           10.0
  SAFE_DIV_FRAME_FRAC_CAP                  0.0076
  SAFE_DIV_GLOBAL_FRAC_CAP                 0.00375
  DEEPCENTER_SAFE_DIV_THRESHOLD            0.25
  DEEPCENTER_GAP_THRESHOLD                 0.25
  GAP_CLOSE_UM                             5.0
  OUTPUT_MIN_TRACK_LEN                     6
  SHORT_TRACK_RESCUE_MIN_MEAN_EDGE_PROB    0.88
  MOTION_RELINK_TIGHT_UM                   6.0
  MOTION_RELINK_RELAXED_UM                 10.0
  GAP2_MAX_STEP_UM                         4.4
  GAP2_MAX_TOTAL_UM                        10.2
  MOTION_RELINK_LEARNED_BONUS              1.0
  MOTION_RELINK_VELOCITY_WEIGHT            0.5
  GAP_CLOSE_REUSE_UM                       3.2
  OUTPUT_EDGE_MAX_UM                       14.0
VALIDATOR: cached 8 raw prediction graphs + GT

==============================================================================
LOCAL VALIDATOR -- base configuration (public 0.939), official metric formula
(https://github.com/royerlab/kaggle-cell-tracking-competition/blob/main/metrics.md)
==============================================================================
  [44b6_12dfb391] after edge-filter+motion-relink: 45360 nodes, 43055 edges
  [44b6_12dfb391] after gap-closing (single-frame + gap2): 46016 nodes, 44296 edges
  [44b6_12dfb391] after safe-division repair: 46016 nodes, 44316 edges (geometric_candidates=147, deepcenter_rejected=127, post_veto_candidates=20, added=20, cap_skipped=0, mutual_nn_rejected=62, divergence_rejected=1557)
  [44b6_12dfb391] after division-geometry-filter+prune-isolated: 46014 nodes, 44316 edges
  [44b6_12dfb391] after short-track filtering: 44958 nodes, 43498 edges (components_removed=238)
  [44b6_12dfb391] FINAL: 44958 nodes, 43498 edges
  [44b6_267148e4] after edge-filter+motion-relink: 22857 nodes, 21465 edges
  [44b6_267148e4] after gap-closing (single-frame + gap2): 23105 nodes, 21915 edges
  [44b6_267148e4] after safe-division repair: 23105 nodes, 21934 edges (geometric_candidates=206, deepcenter_rejected=181, post_veto_candidates=25, added=19, cap_skipped=0, mutual_nn_rejected=128, divergence_rejected=1069)
  [44b6_267148e4] after division-geometry-filter+prune-isolated: 23044 nodes, 21934 edges
  [44b6_267148e4] after short-track filtering: 22298 nodes, 21369 edges (components_removed=181)
  [44b6_267148e4] FINAL: 22298 nodes, 21369 edges
  [44b6_2a2eff9f] after edge-filter+motion-relink: 40951 nodes, 38456 edges
  [44b6_2a2eff9f] after gap-closing (single-frame + gap2): 41479 nodes, 39437 edges
  [44b6_2a2eff9f] after safe-division repair: 41479 nodes, 39467 edges (geometric_candidates=296, deepcenter_rejected=266, post_veto_candidates=30, added=30, cap_skipped=0, mutual_nn_rejected=74, divergence_rejected=1656)
  [44b6_2a2eff9f] after division-geometry-filter+prune-isolated: 41476 nodes, 39467 edges
  [44b6_2a2eff9f] after short-track filtering: 40163 nodes, 38450 edges (components_removed=296)
  [44b6_2a2eff9f] FINAL: 40163 nodes, 38450 edges
  [44b6_341df25f] after edge-filter+motion-relink: 8525 nodes, 8213 edges
  [44b6_341df25f] after gap-closing (single-frame + gap2): 8571 nodes, 8293 edges
  [44b6_341df25f] after safe-division repair: 8571 nodes, 8304 edges (geometric_candidates=36, deepcenter_rejected=23, post_veto_candidates=13, added=11, cap_skipped=0, mutual_nn_rejected=3, divergence_rejected=137)
  [44b6_341df25f] after division-geometry-filter+prune-isolated: 8571 nodes, 8304 edges
  [44b6_341df25f] after short-track filtering: 8419 nodes, 8185 edges (components_removed=33)
  [44b6_341df25f] FINAL: 8419 nodes, 8185 edges
  [6bba_062c8d37] after edge-filter+motion-relink: 5995 nodes, 5645 edges
  [6bba_062c8d37] after gap-closing (single-frame + gap2): 6045 nodes, 5738 edges
  [6bba_062c8d37] after safe-division repair: 6045 nodes, 5742 edges (geometric_candidates=15, deepcenter_rejected=11, post_veto_candidates=4, added=4, cap_skipped=0, mutual_nn_rejected=3, divergence_rejected=66)
  [6bba_062c8d37] after division-geometry-filter+prune-isolated: 6020 nodes, 5742 edges
  [6bba_062c8d37] after short-track filtering: 5851 nodes, 5618 edges (components_removed=45)
  [6bba_062c8d37] FINAL: 5851 nodes, 5618 edges
  [6bba_07e24132] after edge-filter+motion-relink: 29760 nodes, 28221 edges
  [6bba_07e24132] after gap-closing (single-frame + gap2): 30098 nodes, 28839 edges
  [6bba_07e24132] after safe-division repair: 30098 nodes, 28843 edges (geometric_candidates=115, deepcenter_rejected=110, post_veto_candidates=5, added=4, cap_skipped=0, mutual_nn_rejected=69, divergence_rejected=1012)
  [6bba_07e24132] after division-geometry-filter+prune-isolated: 30090 nodes, 28843 edges
  [6bba_07e24132] after short-track filtering: 29209 nodes, 28166 edges (components_removed=204)
  [6bba_07e24132] FINAL: 29209 nodes, 28166 edges
  [6bba_085bf656] after edge-filter+motion-relink: 8422 nodes, 8097 edges
  [6bba_085bf656] after gap-closing (single-frame + gap2): 8443 nodes, 8136 edges
  [6bba_085bf656] after safe-division repair: 8443 nodes, 8139 edges (geometric_candidates=21, deepcenter_rejected=18, post_veto_candidates=3, added=3, cap_skipped=0, mutual_nn_rejected=4, divergence_rejected=102)
  [6bba_085bf656] after division-geometry-filter+prune-isolated: 8440 nodes, 8139 edges
  [6bba_085bf656] after short-track filtering: 8305 nodes, 8034 edges (components_removed=30)
  [6bba_085bf656] FINAL: 8305 nodes, 8034 edges
  [6bba_09961292] after edge-filter+motion-relink: 29961 nodes, 28819 edges
  [6bba_09961292] after gap-closing (single-frame + gap2): 30179 nodes, 29216 edges
  [6bba_09961292] after safe-division repair: 30179 nodes, 29240 edges (geometric_candidates=94, deepcenter_rejected=65, post_veto_candidates=29, added=24, cap_skipped=0, mutual_nn_rejected=73, divergence_rejected=992)
  [6bba_09961292] after division-geometry-filter+prune-isolated: 30173 nodes, 29240 edges
  [6bba_09961292] after short-track filtering: 29756 nodes, 28922 edges (components_removed=99)
  [6bba_09961292] FINAL: 29756 nodes, 28922 edges
  44b6_12dfb391                edge_jaccard=0.9256 adj=0.9472 T_pred=44958 T_true=58672.0 div(tp/fp/fn)=(0/0/1) safe_div_added=20
  44b6_267148e4                edge_jaccard=0.8135 adj=0.8000 T_pred=22298 T_true=19130.0 div(tp/fp/fn)=(0/0/1) safe_div_added=19
  44b6_2a2eff9f                edge_jaccard=0.8571 adj=0.8818 T_pred=40163 T_true=56367.0 div(tp/fp/fn)=(1/1/0) safe_div_added=30
  44b6_341df25f                edge_jaccard=1.0000 adj=0.9868 T_pred=8419 T_true=7436.0 div(tp/fp/fn)=(1/0/0) safe_div_added=11
  6bba_062c8d37                edge_jaccard=0.9801 adj=0.9830 T_pred=5851 T_true=6030.0 div(tp/fp/fn)=(1/0/0) safe_div_added=4
  6bba_07e24132                edge_jaccard=0.8384 adj=0.8082 T_pred=29209 T_true=21485.0 div(tp/fp/fn)=(0/0/2) safe_div_added=4
  6bba_085bf656                edge_jaccard=0.9932 adj=0.9950 T_pred=8305 T_true=8463.0 div(tp/fp/fn)=(0/0/1) safe_div_added=3
  6bba_09961292                edge_jaccard=0.8876 adj=0.8915 T_pred=29756 T_true=31117.0 div(tp/fp/fn)=(0/0/4) safe_div_added=24
[base] n=8 adjusted_edge_jaccard=0.9261 division_jaccard=0.2308 (tp/fp/fn=3/1/9) PROXY_SCORE=0.9492  [5.0 min]
Per-sample validator rows written to /kaggle/working/validator_results.csv
==============================================================================
POST-PROCESS SWEEP -- 7 candidates x 8 held-out videos
==============================================================================
  [44b6_12dfb391] after edge-filter+motion-relink: 45360 nodes, 43055 edges
  [44b6_12dfb391] after gap-closing (single-frame + gap2): 46010 nodes, 44283 edges
  [44b6_12dfb391] after safe-division repair: 46010 nodes, 44303 edges (geometric_candidates=150, deepcenter_rejected=130, post_veto_candidates=20, added=20, cap_skipped=0, mutual_nn_rejected=63, divergence_rejected=1570)
  [44b6_12dfb391] after division-geometry-filter+prune-isolated: 46008 nodes, 44303 edges
  [44b6_12dfb391] after short-track filtering: 44939 nodes, 43475 edges (components_removed=241)
  [44b6_12dfb391] FINAL: 44939 nodes, 43475 edges
  [44b6_267148e4] after edge-filter+motion-relink: 22857 nodes, 21465 edges
  [44b6_267148e4] after gap-closing (single-frame + gap2): 23094 nodes, 21893 edges
  [44b6_267148e4] after safe-division repair: 23094 nodes, 21913 edges (geometric_candidates=209, deepcenter_rejected=183, post_veto_candidates=26, added=20, cap_skipped=0, mutual_nn_rejected=133, divergence_rejected=1078)
  [44b6_267148e4] after division-geometry-filter+prune-isolated: 23033 nodes, 21913 edges
  [44b6_267148e4] after short-track filtering: 22272 nodes, 21336 edges (components_removed=184)
  [44b6_267148e4] FINAL: 22272 nodes, 21336 edges
  [44b6_2a2eff9f] after edge-filter+motion-relink: 40951 nodes, 38456 edges
  [44b6_2a2eff9f] after gap-closing (single-frame + gap2): 41467 nodes, 39413 edges
  [44b6_2a2eff9f] after safe-division repair: 41467 nodes, 39444 edges (geometric_candidates=299, deepcenter_rejected=268, post_veto_candidates=31, added=31, cap_skipped=0, mutual_nn_rejected=75, divergence_rejected=1672)
  [44b6_2a2eff9f] after division-geometry-filter+prune-isolated: 41464 nodes, 39444 edges
  [44b6_2a2eff9f] after short-track filtering: 40133 nodes, 38413 edges (components_removed=300)
  [44b6_2a2eff9f] FINAL: 40133 nodes, 38413 edges
  [44b6_341df25f] after edge-filter+motion-relink: 8525 nodes, 8213 edges
  [44b6_341df25f] after gap-closing (single-frame + gap2): 8570 nodes, 8291 edges
  [44b6_341df25f] after safe-division repair: 8570 nodes, 8302 edges (geometric_candidates=36, deepcenter_rejected=23, post_veto_candidates=13, added=11, cap_skipped=0, mutual_nn_rejected=3, divergence_rejected=138)
  [44b6_341df25f] after division-geometry-filter+prune-isolated: 8570 nodes, 8302 edges
  [44b6_341df25f] after short-track filtering: 8415 nodes, 8181 edges (components_removed=34)
  [44b6_341df25f] FINAL: 8415 nodes, 8181 edges
  [6bba_062c8d37] after edge-filter+motion-relink: 5995 nodes, 5645 edges
  [6bba_062c8d37] after gap-closing (single-frame + gap2): 6045 nodes, 5738 edges
  [6bba_062c8d37] after safe-division repair: 6045 nodes, 5742 edges (geometric_candidates=15, deepcenter_rejected=11, post_veto_candidates=4, added=4, cap_skipped=0, mutual_nn_rejected=3, divergence_rejected=66)
  [6bba_062c8d37] after division-geometry-filter+prune-isolated: 6020 nodes, 5742 edges
  [6bba_062c8d37] after short-track filtering: 5851 nodes, 5618 edges (components_removed=45)
  [6bba_062c8d37] FINAL: 5851 nodes, 5618 edges
  [6bba_07e24132] after edge-filter+motion-relink: 29760 nodes, 28221 edges
  [6bba_07e24132] after gap-closing (single-frame + gap2): 30098 nodes, 28839 edges
  [6bba_07e24132] after safe-division repair: 30098 nodes, 28843 edges (geometric_candidates=115, deepcenter_rejected=110, post_veto_candidates=5, added=4, cap_skipped=0, mutual_nn_rejected=69, divergence_rejected=1012)
  [6bba_07e24132] after division-geometry-filter+prune-isolated: 30090 nodes, 28843 edges
  [6bba_07e24132] after short-track filtering: 29209 nodes, 28166 edges (components_removed=204)
  [6bba_07e24132] FINAL: 29209 nodes, 28166 edges
  [6bba_085bf656] after edge-filter+motion-relink: 8422 nodes, 8097 edges
  [6bba_085bf656] after gap-closing (single-frame + gap2): 8443 nodes, 8136 edges
  [6bba_085bf656] after safe-division repair: 8443 nodes, 8139 edges (geometric_candidates=21, deepcenter_rejected=18, post_veto_candidates=3, added=3, cap_skipped=0, mutual_nn_rejected=4, divergence_rejected=102)
  [6bba_085bf656] after division-geometry-filter+prune-isolated: 8440 nodes, 8139 edges
  [6bba_085bf656] after short-track filtering: 8305 nodes, 8034 edges (components_removed=30)
  [6bba_085bf656] FINAL: 8305 nodes, 8034 edges
  [6bba_09961292] after edge-filter+motion-relink: 29961 nodes, 28819 edges
  [6bba_09961292] after gap-closing (single-frame + gap2): 30172 nodes, 29202 edges
  [6bba_09961292] after safe-division repair: 30172 nodes, 29228 edges (geometric_candidates=95, deepcenter_rejected=64, post_veto_candidates=31, added=26, cap_skipped=0, mutual_nn_rejected=76, divergence_rejected=1007)
  [6bba_09961292] after division-geometry-filter+prune-isolated: 30166 nodes, 29228 edges
  [6bba_09961292] after short-track filtering: 29749 nodes, 28910 edges (components_removed=99)
  [6bba_09961292] FINAL: 29749 nodes, 28910 edges
[gap45] n=8 adjusted_edge_jaccard=0.9261 division_jaccard=0.2308 (tp/fp/fn=3/1/9) PROXY_SCORE=0.9492  [4.9 min]
  [44b6_12dfb391] after edge-filter+motion-relink: 45360 nodes, 43052 edges
  [44b6_12dfb391] after gap-closing (single-frame + gap2): 46017 nodes, 44295 edges
  [44b6_12dfb391] after safe-division repair: 46017 nodes, 44315 edges (geometric_candidates=147, deepcenter_rejected=127, post_veto_candidates=20, added=20, cap_skipped=0, mutual_nn_rejected=62, divergence_rejected=1566)
  [44b6_12dfb391] after division-geometry-filter+prune-isolated: 46015 nodes, 44315 edges
  [44b6_12dfb391] after short-track filtering: 44964 nodes, 43501 edges (components_removed=237)
  [44b6_12dfb391] FINAL: 44964 nodes, 43501 edges
  [44b6_267148e4] after edge-filter+motion-relink: 22857 nodes, 21481 edges
  [44b6_267148e4] after gap-closing (single-frame + gap2): 23098 nodes, 21920 edges
  [44b6_267148e4] after safe-division repair: 23098 nodes, 21940 edges (geometric_candidates=208, deepcenter_rejected=183, post_veto_candidates=25, added=20, cap_skipped=0, mutual_nn_rejected=114, divergence_rejected=1060)
  [44b6_267148e4] after division-geometry-filter+prune-isolated: 23042 nodes, 21940 edges
  [44b6_267148e4] after short-track filtering: 22320 nodes, 21395 edges (components_removed=177)
  [44b6_267148e4] FINAL: 22320 nodes, 21395 edges
  [44b6_2a2eff9f] after edge-filter+motion-relink: 40951 nodes, 38453 edges
  [44b6_2a2eff9f] after gap-closing (single-frame + gap2): 41481 nodes, 39438 edges
  [44b6_2a2eff9f] after safe-division repair: 41481 nodes, 39468 edges (geometric_candidates=298, deepcenter_rejected=268, post_veto_candidates=30, added=30, cap_skipped=0, mutual_nn_rejected=74, divergence_rejected=1660)
  [44b6_2a2eff9f] after division-geometry-filter+prune-isolated: 41478 nodes, 39468 edges
  [44b6_2a2eff9f] after short-track filtering: 40150 nodes, 38440 edges (components_removed=300)
  [44b6_2a2eff9f] FINAL: 40150 nodes, 38440 edges
  [44b6_341df25f] after edge-filter+motion-relink: 8525 nodes, 8213 edges
  [44b6_341df25f] after gap-closing (single-frame + gap2): 8571 nodes, 8293 edges
  [44b6_341df25f] after safe-division repair: 8571 nodes, 8304 edges (geometric_candidates=36, deepcenter_rejected=23, post_veto_candidates=13, added=11, cap_skipped=0, mutual_nn_rejected=3, divergence_rejected=137)
  [44b6_341df25f] after division-geometry-filter+prune-isolated: 8571 nodes, 8304 edges
  [44b6_341df25f] after short-track filtering: 8419 nodes, 8185 edges (components_removed=33)
  [44b6_341df25f] FINAL: 8419 nodes, 8185 edges
  [6bba_062c8d37] after edge-filter+motion-relink: 5995 nodes, 5648 edges
  [6bba_062c8d37] after gap-closing (single-frame + gap2): 6045 nodes, 5741 edges
  [6bba_062c8d37] after safe-division repair: 6045 nodes, 5745 edges (geometric_candidates=15, deepcenter_rejected=11, post_veto_candidates=4, added=4, cap_skipped=0, mutual_nn_rejected=3, divergence_rejected=63)
  [6bba_062c8d37] after division-geometry-filter+prune-isolated: 6020 nodes, 5745 edges
  [6bba_062c8d37] after short-track filtering: 5851 nodes, 5621 edges (components_removed=45)
  [6bba_062c8d37] FINAL: 5851 nodes, 5621 edges
  [6bba_07e24132] after edge-filter+motion-relink: 29760 nodes, 28219 edges
  [6bba_07e24132] after gap-closing (single-frame + gap2): 30099 nodes, 28839 edges
  [6bba_07e24132] after safe-division repair: 30099 nodes, 28842 edges (geometric_candidates=114, deepcenter_rejected=111, post_veto_candidates=3, added=3, cap_skipped=0, mutual_nn_rejected=68, divergence_rejected=1017)
  [6bba_07e24132] after division-geometry-filter+prune-isolated: 30089 nodes, 28842 edges
  [6bba_07e24132] after short-track filtering: 29207 nodes, 28164 edges (components_removed=204)
  [6bba_07e24132] FINAL: 29207 nodes, 28164 edges
  [6bba_085bf656] after edge-filter+motion-relink: 8422 nodes, 8097 edges
  [6bba_085bf656] after gap-closing (single-frame + gap2): 8443 nodes, 8136 edges
  [6bba_085bf656] after safe-division repair: 8443 nodes, 8139 edges (geometric_candidates=21, deepcenter_rejected=18, post_veto_candidates=3, added=3, cap_skipped=0, mutual_nn_rejected=4, divergence_rejected=102)
  [6bba_085bf656] after division-geometry-filter+prune-isolated: 8440 nodes, 8139 edges
  [6bba_085bf656] after short-track filtering: 8305 nodes, 8034 edges (components_removed=30)
  [6bba_085bf656] FINAL: 8305 nodes, 8034 edges
  [6bba_09961292] after edge-filter+motion-relink: 29961 nodes, 28832 edges
  [6bba_09961292] after gap-closing (single-frame + gap2): 30175 nodes, 29221 edges
  [6bba_09961292] after safe-division repair: 30175 nodes, 29245 edges (geometric_candidates=89, deepcenter_rejected=64, post_veto_candidates=25, added=24, cap_skipped=0, mutual_nn_rejected=66, divergence_rejected=975)
  [6bba_09961292] after division-geometry-filter+prune-isolated: 30171 nodes, 29245 edges
  [6bba_09961292] after short-track filtering: 29745 nodes, 28920 edges (components_removed=101)
  [6bba_09961292] FINAL: 29745 nodes, 28920 edges
[tight55] n=8 adjusted_edge_jaccard=0.9282 division_jaccard=0.2308 (tp/fp/fn=3/1/9) PROXY_SCORE=0.9512  [5.0 min]
  [44b6_12dfb391] after edge-filter+motion-relink: 45360 nodes, 43016 edges
  [44b6_12dfb391] after gap-closing (single-frame + gap2): 46041 nodes, 44304 edges
  [44b6_12dfb391] after safe-division repair: 46041 nodes, 44324 edges (geometric_candidates=149, deepcenter_rejected=129, post_veto_candidates=20, added=20, cap_skipped=0, mutual_nn_rejected=61, divergence_rejected=1564)
  [44b6_12dfb391] after division-geometry-filter+prune-isolated: 46039 nodes, 44324 edges
  [44b6_12dfb391] after short-track filtering: 44951 nodes, 43482 edges (components_removed=246)
  [44b6_12dfb391] FINAL: 44951 nodes, 43482 edges
  [44b6_267148e4] after edge-filter+motion-relink: 22857 nodes, 21398 edges
  [44b6_267148e4] after gap-closing (single-frame + gap2): 23126 nodes, 21890 edges
  [44b6_267148e4] after safe-division repair: 23126 nodes, 21910 edges (geometric_candidates=210, deepcenter_rejected=183, post_veto_candidates=27, added=20, cap_skipped=0, mutual_nn_rejected=142, divergence_rejected=1109)
  [44b6_267148e4] after division-geometry-filter+prune-isolated: 23059 nodes, 21910 edges
  [44b6_267148e4] after short-track filtering: 22279 nodes, 21322 edges (components_removed=192)
  [44b6_267148e4] FINAL: 22279 nodes, 21322 edges
  [44b6_2a2eff9f] after edge-filter+motion-relink: 40951 nodes, 38419 edges
  [44b6_2a2eff9f] after gap-closing (single-frame + gap2): 41494 nodes, 39430 edges
  [44b6_2a2eff9f] after safe-division repair: 41494 nodes, 39460 edges (geometric_candidates=297, deepcenter_rejected=267, post_veto_candidates=30, added=30, cap_skipped=0, mutual_nn_rejected=72, divergence_rejected=1689)
  [44b6_2a2eff9f] after division-geometry-filter+prune-isolated: 41491 nodes, 39460 edges
  [44b6_2a2eff9f] after short-track filtering: 40146 nodes, 38419 edges (components_removed=304)
  [44b6_2a2eff9f] FINAL: 40146 nodes, 38419 edges
  [44b6_341df25f] after edge-filter+motion-relink: 8525 nodes, 8211 edges
  [44b6_341df25f] after gap-closing (single-frame + gap2): 8573 nodes, 8294 edges
  [44b6_341df25f] after safe-division repair: 8573 nodes, 8305 edges (geometric_candidates=37, deepcenter_rejected=24, post_veto_candidates=13, added=11, cap_skipped=0, mutual_nn_rejected=3, divergence_rejected=137)
  [44b6_341df25f] after division-geometry-filter+prune-isolated: 8573 nodes, 8305 edges
  [44b6_341df25f] after short-track filtering: 8417 nodes, 8183 edges (components_removed=34)
  [44b6_341df25f] FINAL: 8417 nodes, 8183 edges
  [6bba_062c8d37] after edge-filter+motion-relink: 5995 nodes, 5618 edges
  [6bba_062c8d37] after gap-closing (single-frame + gap2): 6051 nodes, 5721 edges
  [6bba_062c8d37] after safe-division repair: 6051 nodes, 5724 edges (geometric_candidates=14, deepcenter_rejected=11, post_veto_candidates=3, added=3, cap_skipped=0, mutual_nn_rejected=3, divergence_rejected=67)
  [6bba_062c8d37] after division-geometry-filter+prune-isolated: 6027 nodes, 5724 edges
  [6bba_062c8d37] after short-track filtering: 5827 nodes, 5579 edges (components_removed=55)
  [6bba_062c8d37] FINAL: 5827 nodes, 5579 edges
  [6bba_07e24132] after edge-filter+motion-relink: 29760 nodes, 28159 edges
  [6bba_07e24132] after gap-closing (single-frame + gap2): 30115 nodes, 28811 edges
  [6bba_07e24132] after safe-division repair: 30115 nodes, 28819 edges (geometric_candidates=124, deepcenter_rejected=112, post_veto_candidates=12, added=8, cap_skipped=0, mutual_nn_rejected=81, divergence_rejected=1022)
  [6bba_07e24132] after division-geometry-filter+prune-isolated: 30102 nodes, 28819 edges
  [6bba_07e24132] after short-track filtering: 29216 nodes, 28139 edges (components_removed=206)
  [6bba_07e24132] FINAL: 29216 nodes, 28139 edges
  [6bba_085bf656] after edge-filter+motion-relink: 8422 nodes, 8090 edges
  [6bba_085bf656] after gap-closing (single-frame + gap2): 8447 nodes, 8135 edges
  [6bba_085bf656] after safe-division repair: 8447 nodes, 8137 edges (geometric_candidates=20, deepcenter_rejected=18, post_veto_candidates=2, added=2, cap_skipped=0, mutual_nn_rejected=4, divergence_rejected=102)
  [6bba_085bf656] after division-geometry-filter+prune-isolated: 8443 nodes, 8137 edges
  [6bba_085bf656] after short-track filtering: 8295 nodes, 8024 edges (components_removed=35)
  [6bba_085bf656] FINAL: 8295 nodes, 8024 edges
  [6bba_09961292] after edge-filter+motion-relink: 29961 nodes, 28785 edges
  [6bba_09961292] after gap-closing (single-frame + gap2): 30194 nodes, 29211 edges
  [6bba_09961292] after safe-division repair: 30194 nodes, 29237 edges (geometric_candidates=98, deepcenter_rejected=65, post_veto_candidates=33, added=26, cap_skipped=0, mutual_nn_rejected=80, divergence_rejected=1020)
  [6bba_09961292] after division-geometry-filter+prune-isolated: 30186 nodes, 29237 edges
  [6bba_09961292] after short-track filtering: 29757 nodes, 28909 edges (components_removed=101)
  [6bba_09961292] FINAL: 29757 nodes, 28909 edges
[relaxed9] n=8 adjusted_edge_jaccard=0.9268 division_jaccard=0.2143 (tp/fp/fn=3/2/9) PROXY_SCORE=0.9482  [5.0 min]
  [44b6_12dfb391] after edge-filter+motion-relink: 45360 nodes, 43055 edges
  [44b6_12dfb391] after gap-closing (single-frame + gap2): 46016 nodes, 44296 edges
  [44b6_12dfb391] after safe-division repair: 46016 nodes, 44316 edges (geometric_candidates=147, deepcenter_rejected=127, post_veto_candidates=20, added=20, cap_skipped=0, mutual_nn_rejected=61, divergence_rejected=1557)
  [44b6_12dfb391] after division-geometry-filter+prune-isolated: 46014 nodes, 44316 edges
  [44b6_12dfb391] after short-track filtering: 44953 nodes, 43494 edges (components_removed=239)
  [44b6_12dfb391] FINAL: 44953 nodes, 43494 edges
  [44b6_267148e4] after edge-filter+motion-relink: 22857 nodes, 21468 edges
  [44b6_267148e4] after gap-closing (single-frame + gap2): 23106 nodes, 21920 edges
  [44b6_267148e4] after safe-division repair: 23106 nodes, 21939 edges (geometric_candidates=205, deepcenter_rejected=180, post_veto_candidates=25, added=19, cap_skipped=0, mutual_nn_rejected=127, divergence_rejected=1065)
  [44b6_267148e4] after division-geometry-filter+prune-isolated: 23045 nodes, 21939 edges
  [44b6_267148e4] after short-track filtering: 22280 nodes, 21359 edges (components_removed=185)
  [44b6_267148e4] FINAL: 22280 nodes, 21359 edges
  [44b6_2a2eff9f] after edge-filter+motion-relink: 40951 nodes, 38456 edges
  [44b6_2a2eff9f] after gap-closing (single-frame + gap2): 41483 nodes, 39444 edges
  [44b6_2a2eff9f] after safe-division repair: 41483 nodes, 39474 edges (geometric_candidates=295, deepcenter_rejected=265, post_veto_candidates=30, added=30, cap_skipped=0, mutual_nn_rejected=74, divergence_rejected=1652)
  [44b6_2a2eff9f] after division-geometry-filter+prune-isolated: 41480 nodes, 39474 edges
  [44b6_2a2eff9f] after short-track filtering: 40175 nodes, 38463 edges (components_removed=294)
  [44b6_2a2eff9f] FINAL: 40175 nodes, 38463 edges
  [44b6_341df25f] after edge-filter+motion-relink: 8525 nodes, 8213 edges
  [44b6_341df25f] after gap-closing (single-frame + gap2): 8571 nodes, 8293 edges
  [44b6_341df25f] after safe-division repair: 8571 nodes, 8304 edges (geometric_candidates=36, deepcenter_rejected=23, post_veto_candidates=13, added=11, cap_skipped=0, mutual_nn_rejected=3, divergence_rejected=137)
  [44b6_341df25f] after division-geometry-filter+prune-isolated: 8571 nodes, 8304 edges
  [44b6_341df25f] after short-track filtering: 8419 nodes, 8185 edges (components_removed=33)
  [44b6_341df25f] FINAL: 8419 nodes, 8185 edges
  [6bba_062c8d37] after edge-filter+motion-relink: 5995 nodes, 5645 edges
  [6bba_062c8d37] after gap-closing (single-frame + gap2): 6045 nodes, 5738 edges
  [6bba_062c8d37] after safe-division repair: 6045 nodes, 5742 edges (geometric_candidates=15, deepcenter_rejected=11, post_veto_candidates=4, added=4, cap_skipped=0, mutual_nn_rejected=3, divergence_rejected=66)
  [6bba_062c8d37] after division-geometry-filter+prune-isolated: 6020 nodes, 5742 edges
  [6bba_062c8d37] after short-track filtering: 5851 nodes, 5618 edges (components_removed=45)
  [6bba_062c8d37] FINAL: 5851 nodes, 5618 edges
  [6bba_07e24132] after edge-filter+motion-relink: 29760 nodes, 28221 edges
  [6bba_07e24132] after gap-closing (single-frame + gap2): 30097 nodes, 28837 edges
  [6bba_07e24132] after safe-division repair: 30097 nodes, 28842 edges (geometric_candidates=116, deepcenter_rejected=110, post_veto_candidates=6, added=5, cap_skipped=0, mutual_nn_rejected=73, divergence_rejected=1010)
  [6bba_07e24132] after division-geometry-filter+prune-isolated: 30090 nodes, 28842 edges
  [6bba_07e24132] after short-track filtering: 29219 nodes, 28173 edges (components_removed=202)
  [6bba_07e24132] FINAL: 29219 nodes, 28173 edges
  [6bba_085bf656] after edge-filter+motion-relink: 8422 nodes, 8097 edges
  [6bba_085bf656] after gap-closing (single-frame + gap2): 8443 nodes, 8136 edges
  [6bba_085bf656] after safe-division repair: 8443 nodes, 8139 edges (geometric_candidates=21, deepcenter_rejected=18, post_veto_candidates=3, added=3, cap_skipped=0, mutual_nn_rejected=4, divergence_rejected=102)
  [6bba_085bf656] after division-geometry-filter+prune-isolated: 8440 nodes, 8139 edges
  [6bba_085bf656] after short-track filtering: 8305 nodes, 8034 edges (components_removed=30)
  [6bba_085bf656] FINAL: 8305 nodes, 8034 edges
  [6bba_09961292] after edge-filter+motion-relink: 29961 nodes, 28819 edges
  [6bba_09961292] after gap-closing (single-frame + gap2): 30179 nodes, 29216 edges
  [6bba_09961292] after safe-division repair: 30179 nodes, 29240 edges (geometric_candidates=94, deepcenter_rejected=65, post_veto_candidates=29, added=24, cap_skipped=0, mutual_nn_rejected=72, divergence_rejected=992)
  [6bba_09961292] after division-geometry-filter+prune-isolated: 30173 nodes, 29240 edges
  [6bba_09961292] after short-track filtering: 29748 nodes, 28916 edges (components_removed=101)
  [6bba_09961292] FINAL: 29748 nodes, 28916 edges
[bonus125] n=8 adjusted_edge_jaccard=0.9261 division_jaccard=0.2308 (tp/fp/fn=3/1/9) PROXY_SCORE=0.9492  [4.9 min]
  [44b6_12dfb391] after edge-filter+motion-relink: 45360 nodes, 43055 edges
  [44b6_12dfb391] after gap-closing (single-frame + gap2): 46016 nodes, 44296 edges
  [44b6_12dfb391] after safe-division repair: 46016 nodes, 44316 edges (geometric_candidates=147, deepcenter_rejected=127, post_veto_candidates=20, added=20, cap_skipped=0, mutual_nn_rejected=62, divergence_rejected=1557)
  [44b6_12dfb391] after division-geometry-filter+prune-isolated: 46014 nodes, 44316 edges
  [44b6_12dfb391] after short-track filtering: 44958 nodes, 43498 edges (components_removed=238)
  [44b6_12dfb391] FINAL: 44958 nodes, 43498 edges
  [44b6_267148e4] after edge-filter+motion-relink: 22857 nodes, 21465 edges
  [44b6_267148e4] after gap-closing (single-frame + gap2): 23105 nodes, 21915 edges
  [44b6_267148e4] after safe-division repair: 23105 nodes, 21934 edges (geometric_candidates=206, deepcenter_rejected=181, post_veto_candidates=25, added=19, cap_skipped=0, mutual_nn_rejected=128, divergence_rejected=1069)
  [44b6_267148e4] after division-geometry-filter+prune-isolated: 23044 nodes, 21934 edges
  [44b6_267148e4] after short-track filtering: 22298 nodes, 21369 edges (components_removed=181)
  [44b6_267148e4] FINAL: 22298 nodes, 21369 edges
  [44b6_2a2eff9f] after edge-filter+motion-relink: 40951 nodes, 38456 edges
  [44b6_2a2eff9f] after gap-closing (single-frame + gap2): 41479 nodes, 39437 edges
  [44b6_2a2eff9f] after safe-division repair: 41479 nodes, 39467 edges (geometric_candidates=296, deepcenter_rejected=266, post_veto_candidates=30, added=30, cap_skipped=0, mutual_nn_rejected=74, divergence_rejected=1656)
  [44b6_2a2eff9f] after division-geometry-filter+prune-isolated: 41476 nodes, 39467 edges
  [44b6_2a2eff9f] after short-track filtering: 40163 nodes, 38450 edges (components_removed=296)
  [44b6_2a2eff9f] FINAL: 40163 nodes, 38450 edges
  [44b6_341df25f] after edge-filter+motion-relink: 8525 nodes, 8213 edges
  [44b6_341df25f] after gap-closing (single-frame + gap2): 8571 nodes, 8293 edges
  [44b6_341df25f] after safe-division repair: 8571 nodes, 8304 edges (geometric_candidates=36, deepcenter_rejected=23, post_veto_candidates=13, added=11, cap_skipped=0, mutual_nn_rejected=3, divergence_rejected=137)
  [44b6_341df25f] after division-geometry-filter+prune-isolated: 8571 nodes, 8304 edges
  [44b6_341df25f] after short-track filtering: 8419 nodes, 8185 edges (components_removed=33)
  [44b6_341df25f] FINAL: 8419 nodes, 8185 edges
  [6bba_062c8d37] after edge-filter+motion-relink: 5995 nodes, 5645 edges
  [6bba_062c8d37] after gap-closing (single-frame + gap2): 6045 nodes, 5738 edges
  [6bba_062c8d37] after safe-division repair: 6045 nodes, 5742 edges (geometric_candidates=15, deepcenter_rejected=11, post_veto_candidates=4, added=4, cap_skipped=0, mutual_nn_rejected=3, divergence_rejected=66)
  [6bba_062c8d37] after division-geometry-filter+prune-isolated: 6020 nodes, 5742 edges
  [6bba_062c8d37] after short-track filtering: 5851 nodes, 5618 edges (components_removed=45)
  [6bba_062c8d37] FINAL: 5851 nodes, 5618 edges
  [6bba_07e24132] after edge-filter+motion-relink: 29760 nodes, 28221 edges
  [6bba_07e24132] after gap-closing (single-frame + gap2): 30098 nodes, 28839 edges
  [6bba_07e24132] after safe-division repair: 30098 nodes, 28843 edges (geometric_candidates=115, deepcenter_rejected=110, post_veto_candidates=5, added=4, cap_skipped=0, mutual_nn_rejected=69, divergence_rejected=1012)
  [6bba_07e24132] after division-geometry-filter+prune-isolated: 30090 nodes, 28843 edges
  [6bba_07e24132] after short-track filtering: 29209 nodes, 28166 edges (components_removed=204)
  [6bba_07e24132] FINAL: 29209 nodes, 28166 edges
  [6bba_085bf656] after edge-filter+motion-relink: 8422 nodes, 8097 edges
  [6bba_085bf656] after gap-closing (single-frame + gap2): 8443 nodes, 8136 edges
  [6bba_085bf656] after safe-division repair: 8443 nodes, 8139 edges (geometric_candidates=21, deepcenter_rejected=18, post_veto_candidates=3, added=3, cap_skipped=0, mutual_nn_rejected=4, divergence_rejected=102)
  [6bba_085bf656] after division-geometry-filter+prune-isolated: 8440 nodes, 8139 edges
  [6bba_085bf656] after short-track filtering: 8305 nodes, 8034 edges (components_removed=30)
  [6bba_085bf656] FINAL: 8305 nodes, 8034 edges
  [6bba_09961292] after edge-filter+motion-relink: 29961 nodes, 28819 edges
  [6bba_09961292] after gap-closing (single-frame + gap2): 30179 nodes, 29216 edges
  [6bba_09961292] after safe-division repair: 30179 nodes, 29240 edges (geometric_candidates=94, deepcenter_rejected=65, post_veto_candidates=29, added=24, cap_skipped=0, mutual_nn_rejected=73, divergence_rejected=992)
  [6bba_09961292] after division-geometry-filter+prune-isolated: 30173 nodes, 29240 edges
  [6bba_09961292] after short-track filtering: 29756 nodes, 28922 edges (components_removed=99)
  [6bba_09961292] FINAL: 29756 nodes, 28922 edges
[gap2step40] n=8 adjusted_edge_jaccard=0.9261 division_jaccard=0.2308 (tp/fp/fn=3/1/9) PROXY_SCORE=0.9492  [4.9 min]
  [44b6_12dfb391] after edge-filter+motion-relink: 45360 nodes, 43055 edges
  [44b6_12dfb391] after gap-closing (single-frame + gap2): 46016 nodes, 44296 edges
  [44b6_12dfb391] after safe-division repair: 46016 nodes, 44316 edges (geometric_candidates=147, deepcenter_rejected=127, post_veto_candidates=20, added=20, cap_skipped=0, mutual_nn_rejected=62, divergence_rejected=1557)
  [44b6_12dfb391] after division-geometry-filter+prune-isolated: 46014 nodes, 44316 edges
  [44b6_12dfb391] after short-track filtering: 44958 nodes, 43498 edges (components_removed=238)
  [44b6_12dfb391] FINAL: 44958 nodes, 43498 edges
  [44b6_267148e4] after edge-filter+motion-relink: 22857 nodes, 21465 edges
  [44b6_267148e4] after gap-closing (single-frame + gap2): 23105 nodes, 21915 edges
  [44b6_267148e4] after safe-division repair: 23105 nodes, 21934 edges (geometric_candidates=206, deepcenter_rejected=181, post_veto_candidates=25, added=19, cap_skipped=0, mutual_nn_rejected=128, divergence_rejected=1069)
  [44b6_267148e4] after division-geometry-filter+prune-isolated: 23044 nodes, 21934 edges
  [44b6_267148e4] after short-track filtering: 22298 nodes, 21369 edges (components_removed=181)
  [44b6_267148e4] FINAL: 22298 nodes, 21369 edges
  [44b6_2a2eff9f] after edge-filter+motion-relink: 40951 nodes, 38456 edges
  [44b6_2a2eff9f] after gap-closing (single-frame + gap2): 41479 nodes, 39437 edges
  [44b6_2a2eff9f] after safe-division repair: 41479 nodes, 39467 edges (geometric_candidates=296, deepcenter_rejected=266, post_veto_candidates=30, added=30, cap_skipped=0, mutual_nn_rejected=74, divergence_rejected=1656)
  [44b6_2a2eff9f] after division-geometry-filter+prune-isolated: 41476 nodes, 39467 edges
  [44b6_2a2eff9f] after short-track filtering: 40163 nodes, 38450 edges (components_removed=296)
  [44b6_2a2eff9f] FINAL: 40163 nodes, 38450 edges
  [44b6_341df25f] after edge-filter+motion-relink: 8525 nodes, 8213 edges
  [44b6_341df25f] after gap-closing (single-frame + gap2): 8571 nodes, 8293 edges
  [44b6_341df25f] after safe-division repair: 8571 nodes, 8304 edges (geometric_candidates=36, deepcenter_rejected=23, post_veto_candidates=13, added=11, cap_skipped=0, mutual_nn_rejected=3, divergence_rejected=137)
  [44b6_341df25f] after division-geometry-filter+prune-isolated: 8571 nodes, 8304 edges
  [44b6_341df25f] after short-track filtering: 8419 nodes, 8185 edges (components_removed=33)
  [44b6_341df25f] FINAL: 8419 nodes, 8185 edges
  [6bba_062c8d37] after edge-filter+motion-relink: 5995 nodes, 5645 edges
  [6bba_062c8d37] after gap-closing (single-frame + gap2): 6045 nodes, 5738 edges
  [6bba_062c8d37] after safe-division repair: 6045 nodes, 5742 edges (geometric_candidates=15, deepcenter_rejected=11, post_veto_candidates=4, added=4, cap_skipped=0, mutual_nn_rejected=3, divergence_rejected=66)
  [6bba_062c8d37] after division-geometry-filter+prune-isolated: 6020 nodes, 5742 edges
  [6bba_062c8d37] after short-track filtering: 5851 nodes, 5618 edges (components_removed=45)
  [6bba_062c8d37] FINAL: 5851 nodes, 5618 edges
  [6bba_07e24132] after edge-filter+motion-relink: 29760 nodes, 28221 edges
  [6bba_07e24132] after gap-closing (single-frame + gap2): 30098 nodes, 28839 edges
  [6bba_07e24132] after safe-division repair: 30098 nodes, 28843 edges (geometric_candidates=115, deepcenter_rejected=110, post_veto_candidates=5, added=4, cap_skipped=0, mutual_nn_rejected=69, divergence_rejected=1012)
  [6bba_07e24132] after division-geometry-filter+prune-isolated: 30090 nodes, 28843 edges
  [6bba_07e24132] after short-track filtering: 29209 nodes, 28166 edges (components_removed=204)
  [6bba_07e24132] FINAL: 29209 nodes, 28166 edges
  [6bba_085bf656] after edge-filter+motion-relink: 8422 nodes, 8097 edges
  [6bba_085bf656] after gap-closing (single-frame + gap2): 8443 nodes, 8136 edges
  [6bba_085bf656] after safe-division repair: 8443 nodes, 8139 edges (geometric_candidates=21, deepcenter_rejected=18, post_veto_candidates=3, added=3, cap_skipped=0, mutual_nn_rejected=4, divergence_rejected=102)
  [6bba_085bf656] after division-geometry-filter+prune-isolated: 8440 nodes, 8139 edges
  [6bba_085bf656] after short-track filtering: 8305 nodes, 8034 edges (components_removed=30)
  [6bba_085bf656] FINAL: 8305 nodes, 8034 edges
  [6bba_09961292] after edge-filter+motion-relink: 29961 nodes, 28819 edges
  [6bba_09961292] after gap-closing (single-frame + gap2): 30179 nodes, 29216 edges
  [6bba_09961292] after safe-division repair: 30179 nodes, 29240 edges (geometric_candidates=94, deepcenter_rejected=65, post_veto_candidates=29, added=24, cap_skipped=0, mutual_nn_rejected=73, divergence_rejected=992)
  [6bba_09961292] after division-geometry-filter+prune-isolated: 30173 nodes, 29240 edges
  [6bba_09961292] after short-track filtering: 29756 nodes, 28922 edges (components_removed=99)
  [6bba_09961292] FINAL: 29756 nodes, 28922 edges
[reuse28] n=8 adjusted_edge_jaccard=0.9261 division_jaccard=0.2308 (tp/fp/fn=3/1/9) PROXY_SCORE=0.9492  [4.9 min]
  [44b6_12dfb391] after edge-filter+motion-relink: 45360 nodes, 43055 edges
  [44b6_12dfb391] after gap-closing (single-frame + gap2): 46002 nodes, 44267 edges
  [44b6_12dfb391] after safe-division repair: 46002 nodes, 44288 edges (geometric_candidates=150, deepcenter_rejected=129, post_veto_candidates=21, added=21, cap_skipped=0, mutual_nn_rejected=62, divergence_rejected=1574)
  [44b6_12dfb391] after division-geometry-filter+prune-isolated: 46000 nodes, 44288 edges
  [44b6_12dfb391] after short-track filtering: 44922 nodes, 43453 edges (components_removed=243)
  [44b6_12dfb391] FINAL: 44922 nodes, 43453 edges
  [44b6_267148e4] after edge-filter+motion-relink: 22857 nodes, 21465 edges
  [44b6_267148e4] after gap-closing (single-frame + gap2): 23098 nodes, 21901 edges
  [44b6_267148e4] after safe-division repair: 23098 nodes, 21920 edges (geometric_candidates=208, deepcenter_rejected=183, post_veto_candidates=25, added=19, cap_skipped=0, mutual_nn_rejected=129, divergence_rejected=1078)
  [44b6_267148e4] after division-geometry-filter+prune-isolated: 23036 nodes, 21920 edges
  [44b6_267148e4] after short-track filtering: 22281 nodes, 21348 edges (components_removed=183)
  [44b6_267148e4] FINAL: 22281 nodes, 21348 edges
  [44b6_2a2eff9f] after edge-filter+motion-relink: 40951 nodes, 38456 edges
  [44b6_2a2eff9f] after gap-closing (single-frame + gap2): 41464 nodes, 39407 edges
  [44b6_2a2eff9f] after safe-division repair: 41464 nodes, 39438 edges (geometric_candidates=300, deepcenter_rejected=269, post_veto_candidates=31, added=31, cap_skipped=0, mutual_nn_rejected=75, divergence_rejected=1677)
  [44b6_2a2eff9f] after division-geometry-filter+prune-isolated: 41461 nodes, 39438 edges
  [44b6_2a2eff9f] after short-track filtering: 40125 nodes, 38403 edges (components_removed=301)
  [44b6_2a2eff9f] FINAL: 40125 nodes, 38403 edges
  [44b6_341df25f] after edge-filter+motion-relink: 8525 nodes, 8213 edges
  [44b6_341df25f] after gap-closing (single-frame + gap2): 8571 nodes, 8293 edges
  [44b6_341df25f] after safe-division repair: 8571 nodes, 8304 edges (geometric_candidates=36, deepcenter_rejected=23, post_veto_candidates=13, added=11, cap_skipped=0, mutual_nn_rejected=3, divergence_rejected=137)
  [44b6_341df25f] after division-geometry-filter+prune-isolated: 8571 nodes, 8304 edges
  [44b6_341df25f] after short-track filtering: 8419 nodes, 8185 edges (components_removed=33)
  [44b6_341df25f] FINAL: 8419 nodes, 8185 edges
  [6bba_062c8d37] after edge-filter+motion-relink: 5995 nodes, 5645 edges
  [6bba_062c8d37] after gap-closing (single-frame + gap2): 6045 nodes, 5738 edges
  [6bba_062c8d37] after safe-division repair: 6045 nodes, 5742 edges (geometric_candidates=15, deepcenter_rejected=11, post_veto_candidates=4, added=4, cap_skipped=0, mutual_nn_rejected=3, divergence_rejected=66)
  [6bba_062c8d37] after division-geometry-filter+prune-isolated: 6020 nodes, 5742 edges
  [6bba_062c8d37] after short-track filtering: 5851 nodes, 5618 edges (components_removed=45)
  [6bba_062c8d37] FINAL: 5851 nodes, 5618 edges
  [6bba_07e24132] after edge-filter+motion-relink: 29760 nodes, 28221 edges
  [6bba_07e24132] after gap-closing (single-frame + gap2): 30097 nodes, 28837 edges
  [6bba_07e24132] after safe-division repair: 30097 nodes, 28841 edges (geometric_candidates=115, deepcenter_rejected=110, post_veto_candidates=5, added=4, cap_skipped=0, mutual_nn_rejected=69, divergence_rejected=1012)
  [6bba_07e24132] after division-geometry-filter+prune-isolated: 30089 nodes, 28841 edges
  [6bba_07e24132] after short-track filtering: 29208 nodes, 28164 edges (components_removed=204)
  [6bba_07e24132] FINAL: 29208 nodes, 28164 edges
  [6bba_085bf656] after edge-filter+motion-relink: 8422 nodes, 8097 edges
  [6bba_085bf656] after gap-closing (single-frame + gap2): 8443 nodes, 8136 edges
  [6bba_085bf656] after safe-division repair: 8443 nodes, 8139 edges (geometric_candidates=21, deepcenter_rejected=18, post_veto_candidates=3, added=3, cap_skipped=0, mutual_nn_rejected=4, divergence_rejected=102)
  [6bba_085bf656] after division-geometry-filter+prune-isolated: 8440 nodes, 8139 edges
  [6bba_085bf656] after short-track filtering: 8305 nodes, 8034 edges (components_removed=30)
  [6bba_085bf656] FINAL: 8305 nodes, 8034 edges
  [6bba_09961292] after edge-filter+motion-relink: 29961 nodes, 28819 edges
  [6bba_09961292] after gap-closing (single-frame + gap2): 30174 nodes, 29206 edges
  [6bba_09961292] after safe-division repair: 30174 nodes, 29230 edges (geometric_candidates=94, deepcenter_rejected=65, post_veto_candidates=29, added=24, cap_skipped=0, mutual_nn_rejected=73, divergence_rejected=1002)
  [6bba_09961292] after division-geometry-filter+prune-isolated: 30168 nodes, 29230 edges
  [6bba_09961292] after short-track filtering: 29749 nodes, 28911 edges (components_removed=100)
  [6bba_09961292] FINAL: 29749 nodes, 28911 edges
[dcgap035] n=8 adjusted_edge_jaccard=0.9261 division_jaccard=0.2308 (tp/fp/fn=3/1/9) PROXY_SCORE=0.9492  [4.9 min]

==============================================================================
SWEEP TABLE (sorted by PROXY_SCORE)
==============================================================================
  tight55                                  proxy=0.9512 (+0.0021)  adj=0.9282  divJ=0.2308 (tp/fp/fn=3/1/9)
  dcgap035                                 proxy=0.9492 (+0.0000)  adj=0.9261  divJ=0.2308 (tp/fp/fn=3/1/9)
  gap45                                    proxy=0.9492 (+0.0000)  adj=0.9261  divJ=0.2308 (tp/fp/fn=3/1/9)
  bonus125                                 proxy=0.9492 (+0.0000)  adj=0.9261  divJ=0.2308 (tp/fp/fn=3/1/9)
  base                                     proxy=0.9492 (+0.0000)  adj=0.9261  divJ=0.2308 (tp/fp/fn=3/1/9)
  gap2step40                               proxy=0.9492 (+0.0000)  adj=0.9261  divJ=0.2308 (tp/fp/fn=3/1/9)
  reuse28                                  proxy=0.9492 (+0.0000)  adj=0.9261  divJ=0.2308 (tp/fp/fn=3/1/9)
  relaxed9                                 proxy=0.9482 (-0.0010)  adj=0.9268  divJ=0.2143 (tp/fp/fn=3/2/9)

SELECTED: tight55  overrides={'MOTION_RELINK_TIGHT_UM': 5.5}  (margin rule: >= +0.001 proxy and adj loss <= 0.0005)
  base     proxy=0.9492 adj=0.9261 divJ=0.2308
  selected proxy=0.9512 adj=0.9282 divJ=0.2308

Re-writing submission.csv with the selected post-process configuration: tight55
Found 4 prediction graphs
  [44b6_0113de3b] after edge-filter+motion-relink: 25821 nodes, 24949 edges
  [44b6_0113de3b] after gap-closing (single-frame + gap2): 25881 nodes, 25061 edges
  [44b6_0113de3b] after safe-division repair: 25881 nodes, 25112 edges (geometric_candidates=173, deepcenter_rejected=113, post_veto_candidates=60, added=51, cap_skipped=0, mutual_nn_rejected=59, divergence_rejected=536)
  [44b6_0113de3b] after division-geometry-filter+prune-isolated: 25876 nodes, 25112 edges
  [44b6_0113de3b] after short-track filtering: 25636 nodes, 24927 edges (components_removed=55)
  [44b6_0113de3b] FINAL: 25636 nodes, 24927 edges
  [44b6_0b24845f] after edge-filter+motion-relink: 22507 nodes, 20388 edges
  [44b6_0b24845f] after gap-closing (single-frame + gap2): 22892 nodes, 21087 edges
  [44b6_0b24845f] after safe-division repair: 22892 nodes, 21102 edges (geometric_candidates=231, deepcenter_rejected=214, post_veto_candidates=17, added=15, cap_skipped=0, mutual_nn_rejected=61, divergence_rejected=912)
  [44b6_0b24845f] after division-geometry-filter+prune-isolated: 22877 nodes, 21102 edges
  [44b6_0b24845f] after short-track filtering: 20754 nodes, 19464 edges (components_removed=485)
  [44b6_0b24845f] FINAL: 20754 nodes, 19464 edges
  [6bba_05b6850b] after edge-filter+motion-relink: 6303 nodes, 6031 edges
  [6bba_05b6850b] after gap-closing (single-frame + gap2): 6334 nodes, 6087 edges
  [6bba_05b6850b] after safe-division repair: 6334 nodes, 6096 edges (geometric_candidates=22, deepcenter_rejected=13, post_veto_candidates=9, added=9, cap_skipped=0, mutual_nn_rejected=5, divergence_rejected=81)
  [6bba_05b6850b] after division-geometry-filter+prune-isolated: 6333 nodes, 6096 edges
  [6bba_05b6850b] after short-track filtering: 6150 nodes, 5956 edges (components_removed=43)
  [6bba_05b6850b] FINAL: 6150 nodes, 5956 edges
  [6bba_05db0fb1] after edge-filter+motion-relink: 70697 nodes, 68001 edges
  [6bba_05db0fb1] after gap-closing (single-frame + gap2): 71123 nodes, 68795 edges
  [6bba_05db0fb1] after safe-division repair: 71123 nodes, 68822 edges (geometric_candidates=304, deepcenter_rejected=271, post_veto_candidates=33, added=27, cap_skipped=0, mutual_nn_rejected=258, divergence_rejected=2628)
  [6bba_05db0fb1] after division-geometry-filter+prune-isolated: 71097 nodes, 68822 edges
  [6bba_05db0fb1] after short-track filtering: 70301 nodes, 68212 edges (components_removed=186)
  [6bba_05db0fb1] FINAL: 70301 nodes, 68212 edges
Wrote /kaggle/working/submission.csv with 241,400 rows
Node rows: 122,841 | edge rows: 118,559
Wrote /kaggle/working/run_stats.csv
  44b6_0113de3b: nodes=25636 edges=24927 divisions=51
  44b6_0b24845f: nodes=20754 edges=19464 divisions=15
  6bba_05b6850b: nodes=6150 edges=5956 divisions=9
  6bba_05db0fb1: nodes=70301 edges=68212 divisions=27
Final submission.csv rows=241400  config=tight55
==============================================================================
PIPELINE MANIFEST -- resolved state, not just config
==============================================================================
Dual-seed ensemble:      requested=True  weights_found=True
Bidirectional fusion:    weight=0.15  active=True  mode=harmonic_probability
DeepCenter veto:         requested=True  loaded=True
  - checkpoint file:     /kaggle/input/datasets/pilkwang/biohub-deepcenter-unet3d-center-prior-v1/weights/full_frame_center/best.pt
  - expected epoch:      2
  - gap veto:            True
  - safe-div veto:       True
Safe-div thresholds:     parent<=9.0um  sister<=14.0um  global_cap=0.00375  frame_cap=0.0076
Validator:               enabled=True  held_out_samples=8  match_radius=7.0um
==============================================================================
/usr/local/lib/python3.12/dist-packages/mistune.py:435: SyntaxWarning: invalid escape sequence '\|'
  cells[i][c] = re.sub('\\\\\|', '|', cell)
/usr/local/lib/python3.12/dist-packages/nbconvert/filters/filter_links.py:36: SyntaxWarning: invalid escape sequence '\_'
  text = re.sub(r'_', '\_', text) # Escape underscores in display text
[NbConvertApp] Converting notebook __notebook__.ipynb to notebook
[NbConvertApp] Writing 457598 bytes to __notebook__.ipynb
[NbConvertApp] Converting notebook __notebook__.ipynb to html
[NbConvertApp] Writing 1338547 bytes to __results__.html
