sample,embryo,frame,parent,child1,child2,arm,old_eligible,old_reason,mutual_nn,divergence,symmetry,DeepCenter,old_selected,new_eligible,new_reason,old_selection_reason,frame_cap,global_cap,new_selected,classifier_score,held_out_model,context_complete,abstain,old_rank,new_rank,direct_filter_change,rank_change,selected_change,annotation,scope
44b6_12dfb391,44b6,1,630,1046,1078,G1,True,all original eligibility rules and DeepCenter passed,True,True,True,True,True,True,SELECTED,SELECTED,3,166,True,0.999964615549212,44b6,True,False,0,0,False,False,False,see event_attribution.json and safe_event_attribution.json; unassessed forks remain UNKNOWN,same eligible snapshot; subsequent short-track/smoothing effects reported separately
44b6_12dfb391,44b6,1,630,1046,1078,R1,True,all original eligibility rules and DeepCenter passed,True,True,True,True,True,True,SELECTED,SELECTED,3,166,True,0.999964615549212,44b6,True,False,0,0,False,False,False,see event_attribution.json and safe_event_attribution.json; unassessed forks remain UNKNOWN,same eligible snapshot; subsequent short-track/smoothing effects reported separately
44b6_12dfb391,44b6,6,2988,3442,3440,G1,True,all original eligibility rules and DeepCenter passed,True,True,True,True,True,True,SELECTED,SELECTED,3,166,True,0.9999202154021264,44b6,True,False,0,0,False,False,False,see event_attribution.json and safe_event_attribution.json; unassessed forks remain UNKNOWN,same eligible snapshot; subsequent short-track/smoothing effects reported separately
44b6_12dfb391,44b6,6,2988,3442,3440,R1,True,all original eligibility rules and DeepCenter passed,True,True,True,True,True,True,SELECTED,SELECTED,3,166,True,0.9999202154021264,44b6,True,False,0,0,False,False,False,see event_attribution.json and safe_event_attribution.json; unassessed forks remain UNKNOWN,same eligible snapshot; subsequent short-track/smoothing effects reported separately
44b6_12dfb391,44b6,18,8157,8594,8604,G1,True,all original eligibility rules and DeepCenter passed,True,True,True,True,True,True,SELECTED,SELECTED,3,166,True,0.9994180868629845,44b6,True,False,0,0,False,False,False,see event_attribution.json and safe_event_attribution.json; unassessed forks remain UNKNOWN,same eligible snapshot; subsequent short-track/smoothing effects reported separately
44b6_12dfb391,44b6,18,8157,8594,8604,R1,True,all original eligibility rules and DeepCenter passed,True,True,True,True,True,True,SELECTED,SELECTED,3,166,True,0.9994180868629845,44b6,True,False,0,0,False,False,False,see event_attribution.json and safe_event_attribution.json; unassessed forks remain UNKNOWN,same eligible snapshot; subsequent short-track/smoothing effects reported separately
44b6_12dfb391,44b6,19,8596,9021,9053,G1,True,all original eligibility rules and DeepCenter passed,True,True,True,True,True,True,SELECTED,SELECTED,3,166,True,0.9953687764400833,44b6,True,False,1,1,False,False,False,see event_attribution.json and safe_event_attribution.json; unassessed forks remain UNKNOWN,same eligible snapshot; subsequent short-track/smoothing effects reported separately
44b6_12dfb391,44b6,19,8596,9021,9053,R1,True,all original eligibility rules and DeepCenter passed,True,True,True,True,True,True,SELECTED,SELECTED,3,166,True,0.9953687764400833,44b6,True,False,1,0,False,True,False,see event_attribution.json and safe_event_attribution.json; unassessed forks remain UNKNOWN,same eligible snapshot; subsequent short-track/smoothing effects reported separately
44b6_12dfb391,44b6,19,8702,9152,9123,G1,True,all original eligibility rules and DeepCenter passed,True,True,True,True,True,True,SELECTED,SELECTED,3,166,True,0.9737239904116336,44b6,True,False,0,0,False,False,False,see event_attribution.json and safe_event_attribution.json; unassessed forks remain UNKNOWN,same eligible snapshot; subsequent short-track/smoothing effects reported separately
44b6_12dfb391,44b6,19,8702,9152,9123,R1,True,all original eligibility rules and DeepCenter passed,True,True,True,True,True,True,SELECTED,SELECTED,3,166,True,0.9737239904116336,44b6,True,False,0,1,False,True,False,see event_attribution.json and safe_event_attribution.json; unassessed forks remain UNKNOWN,same eligible snapshot; subsequent short-track/smoothing effects reported separately
44b6_12dfb391,44b6,20,8870,9327,9308,G1,True,all original eligibility rules and DeepCenter passed,True,True,True,True,True,True,SELECTED,SELECTED,3,166,True,0.9872471957058744,44b6,True,False,0,0,False,False,False,see event_attribution.json and safe_event_attribution.json; unassessed forks remain UNKNOWN,same eligible snapshot; subsequent short-track/smoothing effects reported separately
44b6_12dfb391,44b6,20,8870,9327,9308,R1,True,all original eligibility rules and DeepCenter passed,True,True,True,True,True,True,SELECTED,SELECTED,3,166,True,0.9872471957058744,44b6,True,False,0,0,False,False,False,see event_attribution.json and safe_event_attribution.json; unassessed forks remain UNKNOWN,same eligible snapshot; subsequent short-track/smoothing effects reported separately
44b6_12dfb391,44b6,25,11410,11863,11872,G1,True,all original eligibility rules and DeepCenter passed,True,True,True,True,True,True,SELECTED,SELECTED,3,166,True,0.9999809680000081,44b6,True,False,0,0,False,False,False,see event_attribution.json and safe_event_attribution.json; unassessed forks remain UNKNOWN,same eligible snapshot; subsequent short-track/smoothing effects reported separately
44b6_12dfb391,44b6,25,11410,11863,11872,R1,True,all original eligibility rules and DeepCenter passed,True,True,True,True,True,True,SELECTED,SELECTED,3,166,True,0.9999809680000081,44b6,True,False,0,0,False,False,False,see event_attribution.json and safe_event_attribution.json; unassessed forks remain UNKNOWN,same eligible snapshot; subsequent short-track/smoothing effects reported separately
44b6_12dfb391,44b6,26,11739,12207,12223,G1,True,all original eligibility rules and DeepCenter passed,True,True,True,True,True,True,SELECTED,SELECTED,3,166,True,0.9996548572597912,44b6,True,False,0,0,False,False,False,see event_attribution.json and safe_event_attribution.json; unassessed forks remain UNKNOWN,same eligible snapshot; subsequent short-track/smoothing effects reported separately
44b6_12dfb391,44b6,26,11739,12207,12223,R1,True,all original eligibility rules and DeepCenter passed,True,True,True,True,True,True,SELECTED,SELECTED,3,166,True,0.9996548572597912,44b6,True,False,0,0,False,False,False,see event_attribution.json and safe_event_attribution.json; unassessed forks remain UNKNOWN,same eligible snapshot; subsequent short-track/smoothing effects reported separately
44b6_12dfb391,44b6,38,17515,18025,17972,G1,True,all original eligibility rules and DeepCenter passed,True,True,True,True,True,True,SELECTED,SELECTED,3,166,True,0.9821439107609731,44b6,True,False,0,0,False,False,False,see event_attribution.json and safe_event_attribution.json; unassessed forks remain UNKNOWN,same eligible snapshot; subsequent short-track/smoothing effects reported separately
44b6_12dfb391,44b6,38,17515,18025,17972,R1,True,all original eligibility rules and DeepCenter passed,True,True,True,True,True,True,SELECTED,SELECTED,3,166,True,0.9821439107609731,44b6,True,False,0,0,False,False,False,see event_attribution.json and safe_event_attribution.json; unassessed forks remain UNKNOWN,same eligible snapshot; subsequent short-track/smoothing effects reported separately
44b6_12dfb391,44b6,40,18509,19033,19032,G1,True,all original eligibility rules and DeepCenter passed,True,True,True,True,True,True,SELECTED,SELECTED,4,166,True,0.9838695101582006,44b6,True,False,0,0,False,False,False,see event_attribution.json and safe_event_attribution.json; unassessed forks remain UNKNOWN,same eligible snapshot; subsequent short-track/smoothing effects reported separately
44b6_12dfb391,44b6,40,18509,19033,19032,R1,True,all original eligibility rules and DeepCenter passed,True,True,True,True,True,True,SELECTED,SELECTED,4,166,True,0.9838695101582006,44b6,True,False,0,0,False,False,False,see event_attribution.json and safe_event_attribution.json; unassessed forks remain UNKNOWN,same eligible snapshot; subsequent short-track/smoothing effects reported separately
44b6_12dfb391,44b6,42,19683,20217,20181,G1,True,all original eligibility rules and DeepCenter passed,True,True,True,True,True,True,SELECTED,SELECTED,4,166,True,0.9848245267597207,44b6,True,False,0,0,False,False,False,see event_attribution.json and safe_event_attribution.json; unassessed forks remain UNKNOWN,same eligible snapshot; subsequent short-track/smoothing effects reported separately
44b6_12dfb391,44b6,42,19683,20217,20181,R1,True,all original eligibility rules and DeepCenter passed,True,True,True,True,True,True,SELECTED,SELECTED,4,166,True,0.9848245267597207,44b6,True,False,0,0,False,False,False,see event_attribution.json and safe_event_attribution.json; unassessed forks remain UNKNOWN,same eligible snapshot; subsequent short-track/smoothing effects reported separately
44b6_12dfb391,44b6,51,24203,24725,24705,G1,True,all original eligibility rules and DeepCenter passed,True,True,True,True,True,True,SELECTED,SELECTED,3,166,True,0.997956988005677,44b6,True,False,0,0,False,False,False,see event_attribution.json and safe_event_attribution.json; unassessed forks remain UNKNOWN,same eligible snapshot; subsequent short-track/smoothing effects reported separately
44b6_12dfb391,44b6,51,24203,24725,24705,R1,True,all original eligibility rules and DeepCenter passed,True,True,True,True,True,True,SELECTED,SELECTED,3,166,True,0.997956988005677,44b6,True,False,0,0,False,False,False,see event_attribution.json and safe_event_attribution.json; unassessed forks remain UNKNOWN,same eligible snapshot; subsequent short-track/smoothing effects reported separately
44b6_12dfb391,44b6,54,25489,25975,25993,G1,True,all original eligibility rules and DeepCenter passed,True,True,True,True,True,True,SELECTED,SELECTED,3,166,True,0.997567442586147,44b6,True,False,0,0,False,False,False,see event_attribution.json and safe_event_attribution.json; unassessed forks remain UNKNOWN,same eligible snapshot; subsequent short-track/smoothing effects reported separately
44b6_12dfb391,44b6,54,25489,25975,25993,R1,True,all original eligibility rules and DeepCenter passed,True,True,True,True,True,True,SELECTED,SELECTED,3,166,True,0.997567442586147,44b6,True,False,0,0,False,False,False,see event_attribution.json and safe_event_attribution.json; unassessed forks remain UNKNOWN,same eligible snapshot; subsequent short-track/smoothing effects reported separately
44b6_12dfb391,44b6,57,27129,27661,27630,G1,True,all original eligibility rules and DeepCenter passed,True,True,True,True,True,True,SELECTED,SELECTED,4,166,True,0.989753939533466,44b6,True,False,0,0,False,False,False,see event_attribution.json and safe_event_attribution.json; unassessed forks remain UNKNOWN,same eligible snapshot; subsequent short-track/smoothing effects reported separately
44b6_12dfb391,44b6,57,27129,27661,27630,R1,True,all original eligibility rules and DeepCenter passed,True,True,True,True,True,True,SELECTED,SELECTED,4,166,True,0.989753939533466,44b6,True,False,0,0,False,False,False,see event_attribution.json and safe_event_attribution.json; unassessed forks remain UNKNOWN,same eligible snapshot; subsequent short-track/smoothing effects reported separately
44b6_12dfb391,44b6,58,27719,28225,28253,G1,True,all original eligibility rules and DeepCenter passed,True,True,True,True,True,True,SELECTED,SELECTED,4,166,True,0.9980629693523326,44b6,True,False,0,0,False,False,False,see event_attribution.json and safe_event_attribution.json; unassessed forks remain UNKNOWN,same eligible snapshot; subsequent short-track/smoothing effects reported separately
44b6_12dfb391,44b6,58,27719,28225,28253,R1,True,all original eligibility rules and DeepCenter passed,True,True,True,True,True,True,SELECTED,SELECTED,4,166,True,0.9980629693523326,44b6,True,False,0,0,False,False,False,see event_attribution.json and safe_event_attribution.json; unassessed forks remain UNKNOWN,same eligible snapshot; subsequent short-track/smoothing effects reported separately
44b6_12dfb391,44b6,60,28686,29162,29206,G1,True,all original eligibility rules and DeepCenter passed,True,True,True,True,True,True,SELECTED,SELECTED,3,166,True,0.9506272230845793,44b6,True,False,0,0,False,False,False,see event_attribution.json and safe_event_attribution.json; unassessed forks remain UNKNOWN,same eligible snapshot; subsequent short-track/smoothing effects reported separately
44b6_12dfb391,44b6,60,28686,29162,29206,R1,True,all original eligibility rules and DeepCenter passed,True,True,True,True,True,True,SELECTED,SELECTED,3,166,True,0.9506272230845793,44b6,True,False,0,0,False,False,False,see event_attribution.json and safe_event_attribution.json; unassessed forks remain UNKNOWN,same eligible snapshot; subsequent short-track/smoothing effects reported separately
44b6_12dfb391,44b6,62,29887,30441,30394,G1,True,all original eligibility rules and DeepCenter passed,True,True,True,True,True,True,SELECTED,SELECTED,3,166,True,0.9800861820066141,44b6,True,False,0,0,False,False,False,see event_attribution.json and safe_event_attribution.json; unassessed forks remain UNKNOWN,same eligible snapshot; subsequent short-track/smoothing effects reported separately
44b6_12dfb391,44b6,62,29887,30441,30394,R1,True,all original eligibility rules and DeepCenter passed,True,True,True,True,True,True,SELECTED,SELECTED,3,166,True,0.9800861820066141,44b6,True,False,0,0,False,False,False,see event_attribution.json and safe_event_attribution.json; unassessed forks remain UNKNOWN,same eligible snapshot; subsequent short-track/smoothing effects reported separately
44b6_12dfb391,44b6,67,32400,32937,32897,G1,True,all original eligibility rules and DeepCenter passed,True,True,True,True,True,True,SELECTED,SELECTED,3,166,True,0.9893849825518737,44b6,True,False,0,0,False,False,False,see event_attribution.json and safe_event_attribution.json; unassessed forks remain UNKNOWN,same eligible snapshot; subsequent short-track/smoothing effects reported separately
44b6_12dfb391,44b6,67,32400,32937,32897,R1,True,all original eligibility rules and DeepCenter passed,True,True,True,True,True,True,SELECTED,SELECTED,3,166,True,0.9893849825518737,44b6,True,False,0,0,False,False,False,see event_attribution.json and safe_event_attribution.json; unassessed forks remain UNKNOWN,same eligible snapshot; subsequent short-track/smoothing effects reported separately
44b6_12dfb391,44b6,69,33357,33929,33912,G1,True,all original eligibility rules and DeepCenter passed,True,True,True,True,True,True,SELECTED,SELECTED,4,166,True,0.9985536573862139,44b6,True,False,0,0,False,False,False,see event_attribution.json and safe_event_attribution.json; unassessed forks remain UNKNOWN,same eligible snapshot; subsequent short-track/smoothing effects reported separately
44b6_12dfb391,44b6,69,33357,33929,33912,R1,True,all original eligibility rules and DeepCenter passed,True,True,True,True,True,True,SELECTED,SELECTED,4,166,True,0.9985536573862139,44b6,True,False,0,0,False,False,False,see event_attribution.json and safe_event_attribution.json; unassessed forks remain UNKNOWN,same eligible snapshot; subsequent short-track/smoothing effects reported separately
44b6_12dfb391,44b6,74,36081,36655,36616,G1,True,all original eligibility rules and DeepCenter passed,True,True,True,True,True,True,SELECTED,SELECTED,4,166,True,0.9925377904587677,44b6,True,False,0,0,False,False,False,see event_attribution.json and safe_event_attribution.json; unassessed forks remain UNKNOWN,same eligible snapshot; subsequent short-track/smoothing effects reported separately
44b6_12dfb391,44b6,74,36081,36655,36616,R1,True,all original eligibility rules and DeepCenter passed,True,True,True,True,True,True,SELECTED,SELECTED,4,166,True,0.9925377904587677,44b6,True,False,0,0,False,False,False,see event_attribution.json and safe_event_attribution.json; unassessed forks remain UNKNOWN,same eligible snapshot; subsequent short-track/smoothing effects reported separately
44b6_12dfb391,44b6,75,36864,37448,37464,G1,True,all original eligibility rules and DeepCenter passed,True,True,True,True,True,True,SELECTED,SELECTED,4,166,True,0.9865521819670497,44b6,True,False,0,0,False,False,False,see event_attribution.json and safe_event_attribution.json; unassessed forks remain UNKNOWN,same eligible snapshot; subsequent short-track/smoothing effects reported separately
44b6_12dfb391,44b6,75,36864,37448,37464,R1,True,all original eligibility rules and DeepCenter passed,True,True,True,True,True,True,SELECTED,SELECTED,4,166,True,0.9865521819670497,44b6,True,False,0,0,False,False,False,see event_attribution.json and safe_event_attribution.json; unassessed forks remain UNKNOWN,same eligible snapshot; subsequent short-track/smoothing effects reported separately
44b6_12dfb391,44b6,76,37318,37927,37854,G1,True,all original eligibility rules and DeepCenter passed,True,True,True,True,True,True,SELECTED,SELECTED,4,166,True,0.9748032491503272,44b6,True,False,0,0,False,False,False,see event_attribution.json and safe_event_attribution.json; unassessed forks remain UNKNOWN,same eligible snapshot; subsequent short-track/smoothing effects reported separately
44b6_12dfb391,44b6,76,37318,37927,37854,R1,True,all original eligibility rules and DeepCenter passed,True,True,True,True,True,True,SELECTED,SELECTED,4,166,True,0.9748032491503272,44b6,True,False,0,0,False,False,False,see event_attribution.json and safe_event_attribution.json; unassessed forks remain UNKNOWN,same eligible snapshot; subsequent short-track/smoothing effects reported separately
44b6_12dfb391,44b6,84,41459,42036,42043,G1,True,all original eligibility rules and DeepCenter passed,True,True,True,True,True,True,SELECTED,SELECTED,3,166,True,0.9793294306583321,44b6,True,False,0,0,False,False,False,see event_attribution.json and safe_event_attribution.json; unassessed forks remain UNKNOWN,same eligible snapshot; subsequent short-track/smoothing effects reported separately
44b6_12dfb391,44b6,84,41459,42036,42043,R1,True,all original eligibility rules and DeepCenter passed,True,True,True,True,True,True,SELECTED,SELECTED,3,166,True,0.9793294306583321,44b6,True,False,0,0,False,False,False,see event_attribution.json and safe_event_attribution.json; unassessed forks remain UNKNOWN,same eligible snapshot; subsequent short-track/smoothing effects reported separately
44b6_12dfb391,44b6,86,42956,43506,43488,G1,True,all original eligibility rules and DeepCenter passed,True,True,True,True,True,False,LEARNED_FILTER,SELECTED,4,166,False,0.4737815447135133,44b6,True,False,0,,True,True,True,see event_attribution.json and safe_event_attribution.json; unassessed forks remain UNKNOWN,same eligible snapshot; subsequent short-track/smoothing effects reported separately
44b6_12dfb391,44b6,86,42956,43506,43488,R1,True,all original eligibility rules and DeepCenter passed,True,True,True,True,True,True,SELECTED,SELECTED,4,166,True,0.4737815447135133,44b6,True,False,0,0,False,False,False,see event_attribution.json and safe_event_attribution.json; unassessed forks remain UNKNOWN,same eligible snapshot; subsequent short-track/smoothing effects reported separately
44b6_267148e4,44b6,0,166,349,370,G1,True,all original eligibility rules and DeepCenter passed,True,True,True,True,True,True,SELECTED,SELECTED,1,82,True,0.9971865978807135,44b6,True,False,0,0,False,False,False,see event_attribution.json and safe_event_attribution.json; unassessed forks remain UNKNOWN,same eligible snapshot; subsequent short-track/smoothing effects reported separately
44b6_267148e4,44b6,0,166,349,370,R1,True,all original eligibility rules and DeepCenter passed,True,True,True,True,True,True,SELECTED,SELECTED,1,82,True,0.9971865978807135,44b6,True,False,0,0,False,False,False,see event_attribution.json and safe_event_attribution.json; unassessed forks remain UNKNOWN,same eligible snapshot; subsequent short-track/smoothing effects reported separately
44b6_267148e4,44b6,10,2054,2291,2301,G1,True,all original eligibility rules and DeepCenter passed,True,True,True,True,True,False,LEARNED_FILTER,SELECTED,1,82,False,0.6689289145968892,44b6,True,False,0,,True,True,True,see event_attribution.json and safe_event_attribution.json; unassessed forks remain UNKNOWN,same eligible snapshot; subsequent short-track/smoothing effects reported separately
44b6_267148e4,44b6,10,2054,2291,2301,R1,True,all original eligibility rules and DeepCenter passed,True,True,True,True,True,True,SELECTED,SELECTED,1,82,True,0.6689289145968892,44b6,True,False,0,0,False,False,False,see event_attribution.json and safe_event_attribution.json; unassessed forks remain UNKNOWN,same eligible snapshot; subsequent short-track/smoothing effects reported separately
44b6_267148e4,44b6,10,2215,2452,2469,G1,True,all original eligibility rules and DeepCenter passed,True,True,True,True,False,False,LEARNED_FILTER,FRAME_CAP,1,82,False,0.4342370725377857,44b6,True,False,1,,True,True,False,see event_attribution.json and safe_event_attribution.json; unassessed forks remain UNKNOWN,same eligible snapshot; subsequent short-track/smoothing effects reported separately
44b6_267148e4,44b6,10,2215,2452,2469,R1,True,all original eligibility rules and DeepCenter passed,True,True,True,True,False,True,FRAME_CAP,FRAME_CAP,1,82,False,0.4342370725377857,44b6,True,False,1,1,False,False,False,see event_attribution.json and safe_event_attribution.json; unassessed forks remain UNKNOWN,same eligible snapshot; subsequent short-track/smoothing effects reported separately
44b6_267148e4,44b6,13,2862,3098,3112,G1,True,all original eligibility rules and DeepCenter passed,True,True,True,True,True,False,LEARNED_FILTER,SELECTED,2,82,False,0.44474048624848106,44b6,True,False,1,,True,True,True,see event_attribution.json and safe_event_attribution.json; unassessed forks remain UNKNOWN,same eligible snapshot; subsequent short-track/smoothing effects reported separately
44b6_267148e4,44b6,13,2862,3098,3112,R1,True,all original eligibility rules and DeepCenter passed,True,True,True,True,True,True,SELECTED,SELECTED,2,82,True,0.44474048624848106,44b6,True,False,1,1,False,False,False,see event_attribution.json and safe_event_attribution.json; unassessed forks remain UNKNOWN,same eligible snapshot; subsequent short-track/smoothing effects reported separately
44b6_267148e4,44b6,13,2891,3147,3144,G1,True,all original eligibility rules and DeepCenter passed,True,True,True,True,True,False,LEARNED_FILTER,SELECTED,2,82,False,0.9300581021594118,44b6,True,False,0,,True,True,True,see event_attribution.json and safe_event_attribution.json; unassessed forks remain UNKNOWN,same eligible snapshot; subsequent short-track/smoothing effects reported separately
44b6_267148e4,44b6,13,2891,3147,3144,R1,True,all original eligibility rules and DeepCenter passed,True,True,True,True,True,True,SELECTED,SELECTED,2,82,True,0.9300581021594118,44b6,True,False,0,0,False,False,False,see event_attribution.json and safe_event_attribution.json; unassessed forks remain UNKNOWN,same eligible snapshot; subsequent short-track/smoothing effects reported separately
44b6_267148e4,44b6,14,3102,3351,3361,G1,True,all original eligibility rules and DeepCenter passed,True,True,True,True,True,True,SELECTED,SELECTED,2,82,True,0.9758493254586935,44b6,True,False,0,0,False,False,False,see event_attribution.json and safe_event_attribution.json; unassessed forks remain UNKNOWN,same eligible snapshot; subsequent short-track/smoothing effects reported separately
44b6_267148e4,44b6,14,3102,3351,3361,R1,True,all original eligibility rules and DeepCenter passed,True,True,True,True,True,True,SELECTED,SELECTED,2,82,True,0.9758493254586935,44b6,True,False,0,0,False,False,False,see event_attribution.json and safe_event_attribution.json; unassessed forks remain UNKNOWN,same eligible snapshot; subsequent short-track/smoothing effects reported separately
44b6_267148e4,44b6,16,3679,3957,3932,G1,True,all original eligibility rules and DeepCenter passed,True,True,True,True,True,True,SELECTED,SELECTED,2,82,True,0.9760352827120552,44b6,True,False,0,0,False,False,False,see event_attribution.json and safe_event_attribution.json; unassessed forks remain UNKNOWN,same eligible snapshot; subsequent short-track/smoothing effects reported separately
44b6_267148e4,44b6,16,3679,3957,3932,R1,True,all original eligibility rules and DeepCenter passed,True,True,True,True,True,True,SELECTED,SELECTED,2,82,True,0.9760352827120552,44b6,True,False,0,0,False,False,False,see event_attribution.json and safe_event_attribution.json; unassessed forks remain UNKNOWN,same eligible snapshot; subsequent short-track/smoothing effects reported separately
44b6_267148e4,44b6,17,3848,4109,4118,G1,True,all original eligibility rules and DeepCenter passed,True,True,True,True,True,True,SELECTED,SELECTED,2,82,True,0.9767801381011634,44b6,True,False,0,0,False,False,False,see event_attribution.json and safe_event_attribution.json; unassessed forks remain UNKNOWN,same eligible snapshot; subsequent short-track/smoothing effects reported separately
44b6_267148e4,44b6,17,3848,4109,4118,R1,True,all original eligibility rules and DeepCenter passed,True,True,True,True,True,True,SELECTED,SELECTED,2,82,True,0.9767801381011634,44b6,True,False,0,0,False,False,False,see event_attribution.json and safe_event_attribution.json; unassessed forks remain UNKNOWN,same eligible snapshot; subsequent short-track/smoothing effects reported separately
44b6_267148e4,44b6,20,4682,4944,4929,G1,True,all original eligibility rules and DeepCenter passed,True,True,True,True,True,False,LEARNED_FILTER,SELECTED,2,82,False,0.32905692569848793,44b6,True,False,0,,True,True,True,see event_attribution.json and safe_event_attribution.json; unassessed forks remain UNKNOWN,same eligible snapshot; subsequent short-track/smoothing effects reported separately
44b6_267148e4,44b6,20,4682,4944,4929,R1,True,all original eligibility rules and DeepCenter passed,True,True,True,True,True,True,SELECTED,SELECTED,2,82,True,0.32905692569848793,44b6,True,False,0,0,False,False,False,see event_attribution.json and safe_event_attribution.json; unassessed forks remain UNKNOWN,same eligible snapshot; subsequent short-track/smoothing effects reported separately
44b6_267148e4,44b6,25,5958,6252,6236,G1,True,all original eligibility rules and DeepCenter passed,True,True,True,True,True,False,LEARNED_FILTER,SELECTED,2,82,False,0.5436803249586653,44b6,True,False,0,,True,True,True,see event_attribution.json and safe_event_attribution.json; unassessed forks remain UNKNOWN,same eligible snapshot; subsequent short-track/smoothing effects reported separately
44b6_267148e4,44b6,25,5958,6252,6236,R1,True,all original eligibility rules and DeepCenter passed,True,True,True,True,True,True,SELECTED,SELECTED,2,82,True,0.5436803249586653,44b6,True,False,0,0,False,False,False,see event_attribution.json and safe_event_attribution.json; unassessed forks remain UNKNOWN,same eligible snapshot; subsequent short-track/smoothing effects reported separately
44b6_267148e4,44b6,26,6263,6557,6564,G1,True,all original eligibility rules and DeepCenter passed,True,True,True,True,True,True,SELECTED,SELECTED,2,82,True,0.983601383521469,44b6,True,False,0,0,False,False,False,see event_attribution.json and safe_event_attribution.json; unassessed forks remain UNKNOWN,same eligible snapshot; subsequent short-track/smoothing effects reported separately
44b6_267148e4,44b6,26,6263,6557,6564,R1,True,all original eligibility rules and DeepCenter passed,True,True,True,True,True,True,SELECTED,SELECTED,2,82,True,0.983601383521469,44b6,True,False,0,0,False,False,False,see event_attribution.json and safe_event_attribution.json; unassessed forks remain UNKNOWN,same eligible snapshot; subsequent short-track/smoothing effects reported separately
44b6_267148e4,44b6,28,6851,7142,7140,G1,True,all original eligibility rules and DeepCenter passed,True,True,True,True,True,False,LEARNED_FILTER,SELECTED,2,82,False,0.9426321764938,44b6,True,False,0,,True,True,True,see event_attribution.json and safe_event_attribution.json; unassessed forks remain UNKNOWN,same eligible snapshot; subsequent short-track/smoothing effects reported separately
44b6_267148e4,44b6,28,6851,7142,7140,R1,True,all original eligibility rules and DeepCenter passed,True,True,True,True,True,True,SELECTED,SELECTED,2,82,True,0.9426321764938,44b6,True,False,0,0,False,False,False,see event_attribution.json and safe_event_attribution.json; unassessed forks remain UNKNOWN,same eligible snapshot; subsequent short-track/smoothing effects reported separately
44b6_267148e4,44b6,29,7109,7415,7422,G1,True,all original eligibility rules and DeepCenter passed,True,True,True,True,False,False,LEARNED_FILTER,FRAME_CAP,2,82,False,0.892184161312406,44b6,True,False,3,,True,True,False,see event_attribution.json and safe_event_attribution.json; unassessed forks remain UNKNOWN,same eligible snapshot; subsequent short-track/smoothing effects reported separately
44b6_267148e4,44b6,29,7109,7415,7422,R1,True,all original eligibility rules and DeepCenter passed,True,True,True,True,False,True,FRAME_CAP,FRAME_CAP,2,82,False,0.892184161312406,44b6,True,False,3,6,False,True,False,see event_attribution.json and safe_event_attribution.json; unassessed forks remain UNKNOWN,same eligible snapshot; subsequent short-track/smoothing effects reported separately
44b6_267148e4,44b6,29,7133,7441,7432,G1,True,all original eligibility rules and DeepCenter passed,True,True,True,True,False,False,LEARNED_FILTER,FRAME_CAP,2,82,False,0.9280152689969798,44b6,True,False,7,,True,True,False,see event_attribution.json and safe_event_attribution.json; unassessed forks remain UNKNOWN,same eligible snapshot; subsequent short-track/smoothing effects reported separately
44b6_267148e4,44b6,29,7133,7441,7432,R1,True,all original eligibility rules and DeepCenter passed,True,True,True,True,False,True,FRAME_CAP,FRAME_CAP,2,82,False,0.9280152689969798,44b6,True,False,7,4,False,True,False,see event_attribution.json and safe_event_attribution.json; unassessed forks remain UNKNOWN,same eligible snapshot; subsequent short-track/smoothing effects reported separately
44b6_267148e4,44b6,29,7138,7468,7449,G1,True,all original eligibility rules and DeepCenter passed,True,True,True,True,False,True,FRAME_CAP,FRAME_CAP,2,82,False,0.9932437453748771,44b6,True,False,4,2,False,True,False,see event_attribution.json and safe_event_attribution.json; unassessed forks remain UNKNOWN,same eligible snapshot; subsequent short-track/smoothing effects reported separately
44b6_267148e4,44b6,29,7138,7468,7449,R1,True,all original eligibility rules and DeepCenter passed,True,True,True,True,False,True,FRAME_CAP,FRAME_CAP,2,82,False,0.9932437453748771,44b6,True,False,4,2,False,True,False,see event_attribution.json and safe_event_attribution.json; unassessed forks remain UNKNOWN,same eligible snapshot; subsequent short-track/smoothing effects reported separately
44b6_267148e4,44b6,29,7142,7453,7452,G1,True,all original eligibility rules and DeepCenter passed,True,True,True,True,False,True,SELECTED,FRAME_CAP,2,82,True,0.9954018070442654,44b6,True,False,2,1,False,True,True,see event_attribution.json and safe_event_attribution.json; unassessed forks remain UNKNOWN,same eligible snapshot; subsequent short-track/smoothing effects reported separately
44b6_267148e4,44b6,29,7142,7453,7452,R1,True,all original eligibility rules and DeepCenter passed,True,True,True,True,False,True,SELECTED,FRAME_CAP,2,82,True,0.9954018070442654,44b6,True,False,2,1,False,True,True,see event_attribution.json and safe_event_attribution.json; unassessed forks remain UNKNOWN,same eligible snapshot; subsequent short-track/smoothing effects reported separately
44b6_267148e4,44b6,29,7177,7497,7498,G1,True,all original eligibility rules and DeepCenter passed,True,True,True,True,True,False,LEARNED_FILTER,SELECTED,2,82,False,0.8963139671332098,44b6,True,False,1,,True,True,True,see event_attribution.json and safe_event_attribution.json; unassessed forks remain UNKNOWN,same eligible snapshot; subsequent short-track/smoothing effects reported separately
44b6_267148e4,44b6,29,7177,7497,7498,R1,True,all original eligibility rules and DeepCenter passed,True,True,True,True,True,True,FRAME_CAP,SELECTED,2,82,False,0.8963139671332098,44b6,True,False,1,5,False,True,True,see event_attribution.json and safe_event_attribution.json; unassessed forks remain UNKNOWN,same eligible snapshot; subsequent short-track/smoothing effects reported separately
44b6_267148e4,44b6,29,7203,7518,7535,G1,True,all original eligibility rules and DeepCenter passed,True,True,True,True,False,True,FRAME_CAP,FRAME_CAP,2,82,False,0.9699677444391314,44b6,True,False,6,3,False,True,False,see event_attribution.json and safe_event_attribution.json; unassessed forks remain UNKNOWN,same eligible snapshot; subsequent short-track/smoothing effects reported separately
44b6_267148e4,44b6,29,7203,7518,7535,R1,True,all original eligibility rules and DeepCenter passed,True,True,True,True,False,True,FRAME_CAP,FRAME_CAP,2,82,False,0.9699677444391314,44b6,True,False,6,3,False,True,False,see event_attribution.json and safe_event_attribution.json; unassessed forks remain UNKNOWN,same eligible snapshot; subsequent short-track/smoothing effects reported separately
44b6_267148e4,44b6,29,7228,7556,7544,G1,True,all original eligibility rules and DeepCenter passed,True,True,True,True,False,False,LEARNED_FILTER,FRAME_CAP,2,82,False,0.5973208557520212,44b6,True,False,5,,True,True,False,see event_attribution.json and safe_event_attribution.json; unassessed forks remain UNKNOWN,same eligible snapshot; subsequent short-track/smoothing effects reported separately
44b6_267148e4,44b6,29,7228,7556,7544,R1,True,all original eligibility rules and DeepCenter passed,True,True,True,True,False,True,FRAME_CAP,FRAME_CAP,2,82,False,0.5973208557520212,44b6,True,False,5,7,False,True,False,see event_attribution.json and safe_event_attribution.json; unassessed forks remain UNKNOWN,same eligible snapshot; subsequent short-track/smoothing effects reported separately
44b6_267148e4,44b6,29,7236,7546,7547,G1,True,all original eligibility rules and DeepCenter passed,True,True,True,True,True,True,SELECTED,SELECTED,2,82,True,0.9999045519983178,44b6,True,False,0,0,False,False,False,see event_attribution.json and safe_event_attribution.json; unassessed forks remain UNKNOWN,same eligible snapshot; subsequent short-track/smoothing effects reported separately
44b6_267148e4,44b6,29,7236,7546,7547,R1,True,all original eligibility rules and DeepCenter passed,True,True,True,True,True,True,SELECTED,SELECTED,2,82,True,0.9999045519983178,44b6,True,False,0,0,False,False,False,see event_attribution.json and safe_event_attribution.json; unassessed forks remain UNKNOWN,same eligible snapshot; subsequent short-track/smoothing effects reported separately
44b6_267148e4,44b6,36,9316,9632,9660,G1,True,all original eligibility rules and DeepCenter passed,True,True,True,True,True,False,LEARNED_FILTER,SELECTED,2,82,False,0.8475358782139254,44b6,True,False,1,,True,True,True,see event_attribution.json and safe_event_attribution.json; unassessed forks remain UNKNOWN,same eligible snapshot; subsequent short-track/smoothing effects reported separately
44b6_267148e4,44b6,36,9316,9632,9660,R1,True,all original eligibility rules and DeepCenter passed,True,True,True,True,True,True,SELECTED,SELECTED,2,82,True,0.8475358782139254,44b6,True,False,1,0,False,True,False,see event_attribution.json and safe_event_attribution.json; unassessed forks remain UNKNOWN,same eligible snapshot; subsequent short-track/smoothing effects reported separately
44b6_267148e4,44b6,36,9382,9695,9686,G1,True,all original eligibility rules and DeepCenter passed,True,True,True,True,True,False,LEARNED_FILTER,SELECTED,2,82,False,0.11796257907264321,44b6,True,False,0,,True,True,True,see event_attribution.json and safe_event_attribution.json; unassessed forks remain UNKNOWN,same eligible snapshot; subsequent short-track/smoothing effects reported separately
44b6_267148e4,44b6,36,9382,9695,9686,R1,True,all original eligibility rules and DeepCenter passed,True,True,True,True,True,True,SELECTED,SELECTED,2,82,True,0.11796257907264321,44b6,True,False,0,1,False,True,False,see event_attribution.json and safe_event_attribution.json; unassessed forks remain UNKNOWN,same eligible snapshot; subsequent short-track/smoothing effects reported separately
44b6_267148e4,44b6,38,10012,10336,10343,G1,True,all original eligibility rules and DeepCenter passed,True,True,True,True,True,False,LEARNED_FILTER,SELECTED,2,82,False,0.19822863769405188,44b6,True,False,0,,True,True,True,see event_attribution.json and safe_event_attribution.json; unassessed forks remain UNKNOWN,same eligible snapshot; subsequent short-track/smoothing effects reported separately
44b6_267148e4,44b6,38,10012,10336,10343,R1,True,all original eligibility rules and DeepCenter passed,True,True,True,True,True,True,SELECTED,SELECTED,2,82,True,0.19822863769405188,44b6,True,False,0,1,False,True,False,see event_attribution.json and safe_event_attribution.json; unassessed forks remain UNKNOWN,same eligible snapshot; subsequent short-track/smoothing effects reported separately
44b6_267148e4,44b6,38,10186,10512,10521,G1,True,all original eligibility rules and DeepCenter passed,True,True,True,True,True,True,SELECTED,SELECTED,2,82,True,0.9998181955993228,44b6,True,False,1,0,False,True,False,see event_attribution.json and safe_event_attribution.json; unassessed forks remain UNKNOWN,same eligible snapshot; subsequent short-track/smoothing effects reported separately
44b6_267148e4,44b6,38,10186,10512,10521,R1,True,all original eligibility rules and DeepCenter passed,True,True,True,True,True,True,SELECTED,SELECTED,2,82,True,0.9998181955993228,44b6,True,False,1,0,False,True,False,see event_attribution.json and safe_event_attribution.json; unassessed forks remain UNKNOWN,same eligible snapshot; subsequent short-track/smoothing effects reported separately
44b6_267148e4,44b6,39,10461,10800,10774,G1,True,all original eligibility rules and DeepCenter passed,True,True,True,True,True,True,SELECTED,SELECTED,2,82,True,0.9814191464505366,44b6,True,False,1,0,False,True,False,see event_attribution.json and safe_event_attribution.json; unassessed forks remain UNKNOWN,same eligible snapshot; subsequent short-track/smoothing effects reported separately
44b6_267148e4,44b6,39,10461,10800,10774,R1,True,all original eligibility rules and DeepCenter passed,True,True,True,True,True,True,SELECTED,SELECTED,2,82,True,0.9814191464505366,44b6,True,False,1,0,False,True,False,see event_attribution.json and safe_event_attribution.json; unassessed forks remain UNKNOWN,same eligible snapshot; subsequent short-track/smoothing effects reported separately
44b6_267148e4,44b6,39,10472,10798,10797,G1,True,all original eligibility rules and DeepCenter passed,True,True,True,True,True,False,LEARNED_FILTER,SELECTED,2,82,False,0.9446552627421965,44b6,True,False,0,,True,True,True,see event_attribution.json and safe_event_attribution.json; unassessed forks remain UNKNOWN,same eligible snapshot; subsequent short-track/smoothing effects reported separately
44b6_267148e4,44b6,39,10472,10798,10797,R1,True,all original eligibility rules and DeepCenter passed,True,True,True,True,True,True,SELECTED,SELECTED,2,82,True,0.9446552627421965,44b6,True,False,0,1,False,True,False,see event_attribution.json and safe_event_attribution.json; unassessed forks remain UNKNOWN,same eligible snapshot; subsequent short-track/smoothing effects reported separately
44b6_267148e4,44b6,43,11638,11961,11963,G1,True,all original eligibility rules and DeepCenter passed,True,True,True,True,True,True,SELECTED,SELECTED,2,82,True,0.9996002587771186,44b6,True,False,0,0,False,False,False,see event_attribution.json and safe_event_attribution.json; unassessed forks remain UNKNOWN,same eligible snapshot; subsequent short-track/smoothing effects reported separately
44b6_267148e4,44b6,43,11638,11961,11963,R1,True,all original eligibility rules and DeepCenter passed,True,True,True,True,True,True,SELECTED,SELECTED,2,82,True,0.9996002587771186,44b6,True,False,0,0,False,False,False,see event_attribution.json and safe_event_attribution.json; unassessed forks remain UNKNOWN,same eligible snapshot; subsequent short-track/smoothing effects reported separately
44b6_267148e4,44b6,45,12268,12548,12530,G1,True,all original eligibility rules and DeepCenter passed,True,True,True,True,True,False,LEARNED_FILTER,SELECTED,1,82,False,0.8806226406332579,44b6,True,False,0,,True,True,True,see event_attribution.json and safe_event_attribution.json; unassessed forks remain UNKNOWN,same eligible snapshot; subsequent short-track/smoothing effects reported separately
44b6_267148e4,44b6,45,12268,12548,12530,R1,True,all original eligibility rules and DeepCenter passed,True,True,True,True,True,True,SELECTED,SELECTED,1,82,True,0.8806226406332579,44b6,True,False,0,0,False,False,False,see event_attribution.json and safe_event_attribution.json; unassessed forks remain UNKNOWN,same eligible snapshot; subsequent short-track/smoothing effects reported separately
44b6_267148e4,44b6,48,13227,13570,13562,G1,True,all original eligibility rules and DeepCenter passed,True,True,True,True,True,True,SELECTED,SELECTED,1,82,True,0.9981555261710138,44b6,True,False,0,0,False,False,False,see event_attribution.json and safe_event_attribution.json; unassessed forks remain UNKNOWN,same eligible snapshot; subsequent short-track/smoothing effects reported separately
44b6_267148e4,44b6,48,13227,13570,13562,R1,True,all original eligibility rules and DeepCenter passed,True,True,True,True,True,True,SELECTED,SELECTED,1,82,True,0.9981555261710138,44b6,True,False,0,0,False,False,False,see event_attribution.json and safe_event_attribution.json; unassessed forks remain UNKNOWN,same eligible snapshot; subsequent short-track/smoothing effects reported separately
44b6_267148e4,44b6,51,14210,14529,14530,G1,True,all original eligibility rules and DeepCenter passed,True,True,True,True,True,False,LEARNED_FILTER,SELECTED,2,82,False,0.5830905415493253,44b6,True,False,0,,True,True,True,see event_attribution.json and safe_event_attribution.json; unassessed forks remain UNKNOWN,same eligible snapshot; subsequent short-track/smoothing effects reported separately
44b6_267148e4,44b6,51,14210,14529,14530,R1,True,all original eligibility rules and DeepCenter passed,True,True,True,True,True,True,SELECTED,SELECTED,2,82,True,0.5830905415493253,44b6,True,False,0,0,False,False,False,see event_attribution.json and safe_event_attribution.json; unassessed forks remain UNKNOWN,same eligible snapshot; subsequent short-track/smoothing effects reported separately
44b6_267148e4,44b6,56,15770,16094,16078,G1,True,all original eligibility rules and DeepCenter passed,True,True,True,True,True,True,SELECTED,SELECTED,2,82,True,0.9996947900828131,44b6,True,False,0,0,False,False,False,see event_attribution.json and safe_event_attribution.json; unassessed forks remain UNKNOWN,same eligible snapshot; subsequent short-track/smoothing effects reported separately
44b6_267148e4,44b6,56,15770,16094,16078,R1,True,all original eligibility rules and DeepCenter passed,True,True,True,True,True,True,SELECTED,SELECTED,2,82,True,0.9996947900828131,44b6,True,False,0,0,False,False,False,see event_attribution.json and safe_event_attribution.json; unassessed forks remain UNKNOWN,same eligible snapshot; subsequent short-track/smoothing effects reported separately
44b6_267148e4,44b6,59,16884,17194,17184,G1,True,all original eligibility rules and DeepCenter passed,True,True,True,True,True,True,SELECTED,SELECTED,2,82,True,0.9975401611684517,44b6,True,False,0,0,False,False,False,see event_attribution.json and safe_event_attribution.json; unassessed forks remain UNKNOWN,same eligible snapshot; subsequent short-track/smoothing effects reported separately
44b6_267148e4,44b6,59,16884,17194,17184,R1,True,all original eligibility rules and DeepCenter passed,True,True,True,True,True,True,SELECTED,SELECTED,2,82,True,0.9975401611684517,44b6,True,False,0,0,False,False,False,see event_attribution.json and safe_event_attribution.json; unassessed forks remain UNKNOWN,same eligible snapshot; subsequent short-track/smoothing effects reported separately
44b6_267148e4,44b6,72,20366,20633,20623,G1,True,all original eligibility rules and DeepCenter passed,True,True,True,True,True,True,SELECTED,SELECTED,2,82,True,0.9882512540173075,44b6,True,False,0,0,False,False,False,see event_attribution.json and safe_event_attribution.json; unassessed forks remain UNKNOWN,same eligible snapshot; subsequent short-track/smoothing effects reported separately
44b6_267148e4,44b6,72,20366,20633,20623,R1,True,all original eligibility rules and DeepCenter passed,True,True,True,True,True,True,SELECTED,SELECTED,2,82,True,0.9882512540173075,44b6,True,False,0,0,False,False,False,see event_attribution.json and safe_event_attribution.json; unassessed forks remain UNKNOWN,same eligible snapshot; subsequent short-track/smoothing effects reported separately
44b6_267148e4,44b6,75,21129,21374,21387,G1,True,all original eligibility rules and DeepCenter passed,True,True,True,True,True,False,LEARNED_FILTER,SELECTED,2,82,False,0.7301718729294873,44b6,True,False,0,,True,True,True,see event_attribution.json and safe_event_attribution.json; unassessed forks remain UNKNOWN,same eligible snapshot; subsequent short-track/smoothing effects reported separately
44b6_267148e4,44b6,75,21129,21374,21387,R1,True,all original eligibility rules and DeepCenter passed,True,True,True,True,True,True,SELECTED,SELECTED,2,82,True,0.7301718729294873,44b6,True,False,0,0,False,False,False,see event_attribution.json and safe_event_attribution.json; unassessed forks remain UNKNOWN,same eligible snapshot; subsequent short-track/smoothing effects reported separately
44b6_267148e4,44b6,76,21475,21732,21719,G1,True,all original eligibility rules and DeepCenter passed,True,True,True,True,True,False,LEARNED_FILTER,SELECTED,2,82,False,0.38983549980955606,44b6,True,False,1,,True,True,True,see event_attribution.json and safe_event_attribution.json; unassessed forks remain UNKNOWN,same eligible snapshot; subsequent short-track/smoothing effects reported separately
44b6_267148e4,44b6,76,21475,21732,21719,R1,True,all original eligibility rules and DeepCenter passed,True,True,True,True,True,True,SELECTED,SELECTED,2,82,True,0.38983549980955606,44b6,True,False,1,1,False,False,False,see event_attribution.json and safe_event_attribution.json; unassessed forks remain UNKNOWN,same eligible snapshot; subsequent short-track/smoothing effects reported separately
44b6_267148e4,44b6,76,21495,21751,21756,G1,True,all original eligibility rules and DeepCenter passed,True,True,True,True,True,False,LEARNED_FILTER,SELECTED,2,82,False,0.5242165723098456,44b6,True,False,0,,True,True,True,see event_attribution.json and safe_event_attribution.json; unassessed forks remain UNKNOWN,same eligible snapshot; subsequent short-track/smoothing effects reported separately
44b6_267148e4,44b6,76,21495,21751,21756,R1,True,all original eligibility rules and DeepCenter passed,True,True,True,True,True,True,SELECTED,SELECTED,2,82,True,0.5242165723098456,44b6,True,False,0,0,False,False,False,see event_attribution.json and safe_event_attribution.json; unassessed forks remain UNKNOWN,same eligible snapshot; subsequent short-track/smoothing effects reported separately
44b6_2a2eff9f,44b6,1,701,1220,1235,G1,True,all original eligibility rules and DeepCenter passed,True,True,True,True,True,False,LEARNED_FILTER,SELECTED,3,148,False,0.8622529857394418,44b6,True,False,1,,True,True,True,see event_attribution.json and safe_event_attribution.json; unassessed forks remain UNKNOWN,same eligible snapshot; subsequent short-track/smoothing effects reported separately
44b6_2a2eff9f,44b6,1,701,1220,1235,R1,True,all original eligibility rules and DeepCenter passed,True,True,True,True,True,True,SELECTED,SELECTED,3,148,True,0.8622529857394418,44b6,True,False,1,1,False,False,False,see event_attribution.json and safe_event_attribution.json; unassessed forks remain UNKNOWN,same eligible snapshot; subsequent short-track/smoothing effects reported separately
44b6_2a2eff9f,44b6,1,749,1278,1280,G1,True,all original eligibility rules and DeepCenter passed,True,True,True,True,True,True,SELECTED,SELECTED,3,148,True,0.999517581821797,44b6,True,False,0,0,False,False,False,see event_attribution.json and safe_event_attribution.json; unassessed forks remain UNKNOWN,same eligible snapshot; subsequent short-track/smoothing effects reported separately
44b6_2a2eff9f,44b6,1,749,1278,1280,R1,True,all original eligibility rules and DeepCenter passed,True,True,True,True,True,True,SELECTED,SELECTED,3,148,True,0.999517581821797,44b6,True,False,0,0,False,False,False,see event_attribution.json and safe_event_attribution.json; unassessed forks remain UNKNOWN,same eligible snapshot; subsequent short-track/smoothing effects reported separately
44b6_2a2eff9f,44b6,3,1704,2207,2181,G1,True,all original eligibility rules and DeepCenter passed,True,True,True,True,True,False,LEARNED_FILTER,SELECTED,4,148,False,0.6628244985966569,44b6,True,False,0,,True,True,True,see event_attribution.json and safe_event_attribution.json; unassessed forks remain UNKNOWN,same eligible snapshot; subsequent short-track/smoothing effects reported separately
44b6_2a2eff9f,44b6,3,1704,2207,2181,R1,True,all original eligibility rules and DeepCenter passed,True,True,True,True,True,True,SELECTED,SELECTED,4,148,True,0.6628244985966569,44b6,True,False,0,0,False,False,False,see event_attribution.json and safe_event_attribution.json; unassessed forks remain UNKNOWN,same eligible snapshot; subsequent short-track/smoothing effects reported separately
44b6_2a2eff9f,44b6,4,2342,2874,2884,G1,True,all original eligibility rules and DeepCenter passed,True,True,True,True,True,True,SELECTED,SELECTED,4,148,True,0.9962708417779386,44b6,True,False,0,0,False,False,False,see event_attribution.json and safe_event_attribution.json; unassessed forks remain UNKNOWN,same eligible snapshot; subsequent short-track/smoothing effects reported separately
44b6_2a2eff9f,44b6,4,2342,2874,2884,R1,True,all original eligibility rules and DeepCenter passed,True,True,True,True,True,True,SELECTED,SELECTED,4,148,True,0.9962708417779386,44b6,True,False,0,0,False,False,False,see event_attribution.json and safe_event_attribution.json; unassessed forks remain UNKNOWN,same eligible snapshot; subsequent short-track/smoothing effects reported separately
44b6_2a2eff9f,44b6,6,3335,3867,3892,G1,True,all original eligibility rules and DeepCenter passed,True,True,True,True,True,True,SELECTED,SELECTED,4,148,True,0.9983629219874928,44b6,True,False,0,0,False,False,False,see event_attribution.json and safe_event_attribution.json; unassessed forks remain UNKNOWN,same eligible snapshot; subsequent short-track/smoothing effects reported separately
44b6_2a2eff9f,44b6,6,3335,3867,3892,R1,True,all original eligibility rules and DeepCenter passed,True,True,True,True,True,True,SELECTED,SELECTED,4,148,True,0.9983629219874928,44b6,True,False,0,0,False,False,False,see event_attribution.json and safe_event_attribution.json; unassessed forks remain UNKNOWN,same eligible snapshot; subsequent short-track/smoothing effects reported separately
44b6_2a2eff9f,44b6,12,6609,7102,7103,G1,True,all original eligibility rules and DeepCenter passed,True,True,True,True,True,True,SELECTED,SELECTED,3,148,True,0.9746243881041817,44b6,True,False,0,0,False,False,False,see event_attribution.json and safe_event_attribution.json; unassessed forks remain UNKNOWN,same eligible snapshot; subsequent short-track/smoothing effects reported separately
44b6_2a2eff9f,44b6,12,6609,7102,7103,R1,True,all original eligibility rules and DeepCenter passed,True,True,True,True,True,True,SELECTED,SELECTED,3,148,True,0.9746243881041817,44b6,True,False,0,0,False,False,False,see event_attribution.json and safe_event_attribution.json; unassessed forks remain UNKNOWN,same eligible snapshot; subsequent short-track/smoothing effects reported separately
44b6_2a2eff9f,44b6,13,7103,7586,7602,G1,True,all original eligibility rules and DeepCenter passed,True,True,True,True,True,True,SELECTED,SELECTED,3,148,True,0.9537238197280474,44b6,True,False,1,1,False,False,False,see event_attribution.json and safe_event_attribution.json; unassessed forks remain UNKNOWN,same eligible snapshot; subsequent short-track/smoothing effects reported separately
44b6_2a2eff9f,44b6,13,7103,7586,7602,R1,True,all original eligibility rules and DeepCenter passed,True,True,True,True,True,True,SELECTED,SELECTED,3,148,True,0.9537238197280474,44b6,True,False,1,1,False,False,False,see event_attribution.json and safe_event_attribution.json; unassessed forks remain UNKNOWN,same eligible snapshot; subsequent short-track/smoothing effects reported separately
44b6_2a2eff9f,44b6,13,7408,7906,7907,G1,True,all original eligibility rules and DeepCenter passed,True,True,True,True,True,True,SELECTED,SELECTED,3,148,True,0.9913906449346254,44b6,True,False,0,0,False,False,False,see event_attribution.json and safe_event_attribution.json; unassessed forks remain UNKNOWN,same eligible snapshot; subsequent short-track/smoothing effects reported separately
44b6_2a2eff9f,44b6,13,7408,7906,7907,R1,True,all original eligibility rules and DeepCenter passed,True,True,True,True,True,True,SELECTED,SELECTED,3,148,True,0.9913906449346254,44b6,True,False,0,0,False,False,False,see event_attribution.json and safe_event_attribution.json; unassessed forks remain UNKNOWN,same eligible snapshot; subsequent short-track/smoothing effects reported separately
44b6_2a2eff9f,44b6,15,8079,8541,8567,G1,True,all original eligibility rules and DeepCenter passed,True,True,True,True,True,True,SELECTED,SELECTED,3,148,True,0.9900233973704327,44b6,True,False,0,0,False,False,False,see event_attribution.json and safe_event_attribution.json; unassessed forks remain UNKNOWN,same eligible snapshot; subsequent short-track/smoothing effects reported separately
44b6_2a2eff9f,44b6,15,8079,8541,8567,R1,True,all original eligibility rules and DeepCenter passed,True,True,True,True,True,True,SELECTED,SELECTED,3,148,True,0.9900233973704327,44b6,True,False,0,0,False,False,False,see event_attribution.json and safe_event_attribution.json; unassessed forks remain UNKNOWN,same eligible snapshot; subsequent short-track/smoothing effects reported separately
44b6_2a2eff9f,44b6,15,8183,8678,8652,G1,True,all original eligibility rules and DeepCenter passed,True,True,True,True,True,True,SELECTED,SELECTED,3,148,True,0.9799823035657156,44b6,True,False,1,1,False,False,False,see event_attribution.json and safe_event_attribution.json; unassessed forks remain UNKNOWN,same eligible snapshot; subsequent short-track/smoothing effects reported separately
44b6_2a2eff9f,44b6,15,8183,8678,8652,R1,True,all original eligibility rules and DeepCenter passed,True,True,True,True,True,True,SELECTED,SELECTED,3,148,True,0.9799823035657156,44b6,True,False,1,1,False,False,False,see event_attribution.json and safe_event_attribution.json; unassessed forks remain UNKNOWN,same eligible snapshot; subsequent short-track/smoothing effects reported separately
44b6_2a2eff9f,44b6,17,8922,9379,9371,G1,True,all original eligibility rules and DeepCenter passed,True,True,True,True,True,False,LEARNED_FILTER,SELECTED,3,148,False,0.7424250389433115,44b6,True,False,0,,True,True,True,see event_attribution.json and safe_event_attribution.json; unassessed forks remain UNKNOWN,same eligible snapshot; subsequent short-track/smoothing effects reported separately
44b6_2a2eff9f,44b6,17,8922,9379,9371,R1,True,all original eligibility rules and DeepCenter passed,True,True,True,True,True,True,SELECTED,SELECTED,3,148,True,0.7424250389433115,44b6,True,False,0,0,False,False,False,see event_attribution.json and safe_event_attribution.json; unassessed forks remain UNKNOWN,same eligible snapshot; subsequent short-track/smoothing effects reported separately
44b6_2a2eff9f,44b6,18,9444,9938,9944,G1,True,all original eligibility rules and DeepCenter passed,True,True,True,True,True,False,LEARNED_FILTER,SELECTED,3,148,False,0.41445151658467355,44b6,True,False,1,,True,True,True,see event_attribution.json and safe_event_attribution.json; unassessed forks remain UNKNOWN,same eligible snapshot; subsequent short-track/smoothing effects reported separately
44b6_2a2eff9f,44b6,18,9444,9938,9944,R1,True,all original eligibility rules and DeepCenter passed,True,True,True,True,True,True,SELECTED,SELECTED,3,148,True,0.41445151658467355,44b6,True,False,1,1,False,False,False,see event_attribution.json and safe_event_attribution.json; unassessed forks remain UNKNOWN,same eligible snapshot; subsequent short-track/smoothing effects reported separately
44b6_2a2eff9f,44b6,18,9576,10063,10064,G1,True,all original eligibility rules and DeepCenter passed,True,True,True,True,True,True,SELECTED,SELECTED,3,148,True,0.9983868945697206,44b6,True,False,0,0,False,False,False,see event_attribution.json and safe_event_attribution.json; unassessed forks remain UNKNOWN,same eligible snapshot; subsequent short-track/smoothing effects reported separately
44b6_2a2eff9f,44b6,18,9576,10063,10064,R1,True,all original eligibility rules and DeepCenter passed,True,True,True,True,True,True,SELECTED,SELECTED,3,148,True,0.9983868945697206,44b6,True,False,0,0,False,False,False,see event_attribution.json and safe_event_attribution.json; unassessed forks remain UNKNOWN,same eligible snapshot; subsequent short-track/smoothing effects reported separately
44b6_2a2eff9f,44b6,19,9914,10381,10402,G1,True,all original eligibility rules and DeepCenter passed,True,True,True,True,True,True,SELECTED,SELECTED,3,148,True,0.9869233083422602,44b6,True,False,0,0,False,False,False,see event_attribution.json and safe_event_attribution.json; unassessed forks remain UNKNOWN,same eligible snapshot; subsequent short-track/smoothing effects reported separately
44b6_2a2eff9f,44b6,19,9914,10381,10402,R1,True,all original eligibility rules and DeepCenter passed,True,True,True,True,True,True,SELECTED,SELECTED,3,148,True,0.9869233083422602,44b6,True,False,0,0,False,False,False,see event_attribution.json and safe_event_attribution.json; unassessed forks remain UNKNOWN,same eligible snapshot; subsequent short-track/smoothing effects reported separately
44b6_2a2eff9f,44b6,20,10625,11105,11108,G1,True,all original eligibility rules and DeepCenter passed,True,True,True,True,True,True,SELECTED,SELECTED,3,148,True,0.9917324671763128,44b6,True,False,0,0,False,False,False,see event_attribution.json and safe_event_attribution.json; unassessed forks remain UNKNOWN,same eligible snapshot; subsequent short-track/smoothing effects reported separately
44b6_2a2eff9f,44b6,20,10625,11105,11108,R1,True,all original eligibility rules and DeepCenter passed,True,True,True,True,True,True,SELECTED,SELECTED,3,148,True,0.9917324671763128,44b6,True,False,0,0,False,False,False,see event_attribution.json and safe_event_attribution.json; unassessed forks remain UNKNOWN,same eligible snapshot; subsequent short-track/smoothing effects reported separately
44b6_2a2eff9f,44b6,21,10985,11478,11467,G1,True,all original eligibility rules and DeepCenter passed,True,True,True,True,True,False,LEARNED_FILTER,SELECTED,3,148,False,0.2207848652990662,44b6,True,False,0,,True,True,True,see event_attribution.json and safe_event_attribution.json; unassessed forks remain UNKNOWN,same eligible snapshot; subsequent short-track/smoothing effects reported separately
44b6_2a2eff9f,44b6,21,10985,11478,11467,R1,True,all original eligibility rules and DeepCenter passed,True,True,True,True,True,True,SELECTED,SELECTED,3,148,True,0.2207848652990662,44b6,True,False,0,0,False,False,False,see event_attribution.json and safe_event_attribution.json; unassessed forks remain UNKNOWN,same eligible snapshot; subsequent short-track/smoothing effects reported separately
44b6_2a2eff9f,44b6,24,12282,12761,12733,G1,True,all original eligibility rules and DeepCenter passed,True,True,True,True,True,True,SELECTED,SELECTED,3,148,True,0.9677931095649597,44b6,True,False,0,0,False,False,False,see event_attribution.json and safe_event_attribution.json; unassessed forks remain UNKNOWN,same eligible snapshot; subsequent short-track/smoothing effects reported separately
44b6_2a2eff9f,44b6,24,12282,12761,12733,R1,True,all original eligibility rules and DeepCenter passed,True,True,True,True,True,True,SELECTED,SELECTED,3,148,True,0.9677931095649597,44b6,True,False,0,0,False,False,False,see event_attribution.json and safe_event_attribution.json; unassessed forks remain UNKNOWN,same eligible snapshot; subsequent short-track/smoothing effects reported separately
44b6_2a2eff9f,44b6,26,13437,13896,13897,G1,True,all original eligibility rules and DeepCenter passed,True,True,True,True,True,True,SELECTED,SELECTED,3,148,True,0.9719774408959008,44b6,True,False,0,0,False,False,False,see event_attribution.json and safe_event_attribution.json; unassessed forks remain UNKNOWN,same eligible snapshot; subsequent short-track/smoothing effects reported separately
44b6_2a2eff9f,44b6,26,13437,13896,13897,R1,True,all original eligibility rules and DeepCenter passed,True,True,True,True,True,True,SELECTED,SELECTED,3,148,True,0.9719774408959008,44b6,True,False,0,0,False,False,False,see event_attribution.json and safe_event_attribution.json; unassessed forks remain UNKNOWN,same eligible snapshot; subsequent short-track/smoothing effects reported separately
44b6_2a2eff9f,44b6,28,14313,14772,14765,G1,True,all original eligibility rules and DeepCenter passed,True,True,True,True,True,True,SELECTED,SELECTED,3,148,True,0.983514483399256,44b6,True,False,0,0,False,False,False,see event_attribution.json and safe_event_attribution.json; unassessed forks remain UNKNOWN,same eligible snapshot; subsequent short-track/smoothing effects reported separately
44b6_2a2eff9f,44b6,28,14313,14772,14765,R1,True,all original eligibility rules and DeepCenter passed,True,True,True,True,True,True,SELECTED,SELECTED,3,148,True,0.983514483399256,44b6,True,False,0,0,False,False,False,see event_attribution.json and safe_event_attribution.json; unassessed forks remain UNKNOWN,same eligible snapshot; subsequent short-track/smoothing effects reported separately
44b6_2a2eff9f,44b6,30,15383,15842,15825,G1,True,all original eligibility rules and DeepCenter passed,True,True,True,True,True,True,SELECTED,SELECTED,3,148,True,0.9637387822664405,44b6,True,False,0,0,False,False,False,see event_attribution.json and safe_event_attribution.json; unassessed forks remain UNKNOWN,same eligible snapshot; subsequent short-track/smoothing effects reported separately
44b6_2a2eff9f,44b6,30,15383,15842,15825,R1,True,all original eligibility rules and DeepCenter passed,True,True,True,True,True,True,SELECTED,SELECTED,3,148,True,0.9637387822664405,44b6,True,False,0,0,False,False,False,see event_attribution.json and safe_event_attribution.json; unassessed forks remain UNKNOWN,same eligible snapshot; subsequent short-track/smoothing effects reported separately
44b6_2a2eff9f,44b6,31,15684,16139,16154,G1,True,all original eligibility rules and DeepCenter passed,True,True,True,True,True,True,SELECTED,SELECTED,3,148,True,0.999134810076972,44b6,True,False,0,0,False,False,False,see event_attribution.json and safe_event_attribution.json; unassessed forks remain UNKNOWN,same eligible snapshot; subsequent short-track/smoothing effects reported separately
44b6_2a2eff9f,44b6,31,15684,16139,16154,R1,True,all original eligibility rules and DeepCenter passed,True,True,True,True,True,True,SELECTED,SELECTED,3,148,True,0.999134810076972,44b6,True,False,0,0,False,False,False,see event_attribution.json and safe_event_attribution.json; unassessed forks remain UNKNOWN,same eligible snapshot; subsequent short-track/smoothing effects reported separately
44b6_2a2eff9f,44b6,36,17800,18236,18246,G1,True,all original eligibility rules and DeepCenter passed,True,True,True,True,True,True,SELECTED,SELECTED,3,148,True,0.9995351131902334,44b6,True,False,0,0,False,False,False,see event_attribution.json and safe_event_attribution.json; unassessed forks remain UNKNOWN,same eligible snapshot; subsequent short-track/smoothing effects reported separately
44b6_2a2eff9f,44b6,36,17800,18236,18246,R1,True,all original eligibility rules and DeepCenter passed,True,True,True,True,True,True,SELECTED,SELECTED,3,148,True,0.9995351131902334,44b6,True,False,0,0,False,False,False,see event_attribution.json and safe_event_attribution.json; unassessed forks remain UNKNOWN,same eligible snapshot; subsequent short-track/smoothing effects reported separately
44b6_2a2eff9f,44b6,44,21575,21987,22006,G1,True,all original eligibility rules and DeepCenter passed,True,True,True,True,True,True,SELECTED,SELECTED,3,148,True,0.991233599885189,44b6,True,False,0,0,False,False,False,see event_attribution.json and safe_event_attribution.json; unassessed forks remain UNKNOWN,same eligible snapshot; subsequent short-track/smoothing effects reported separately
44b6_2a2eff9f,44b6,44,21575,21987,22006,R1,True,all original eligibility rules and DeepCenter passed,True,True,True,True,True,True,SELECTED,SELECTED,3,148,True,0.991233599885189,44b6,True,False,0,0,False,False,False,see event_attribution.json and safe_event_attribution.json; unassessed forks remain UNKNOWN,same eligible snapshot; subsequent short-track/smoothing effects reported separately
44b6_2a2eff9f,44b6,45,22042,22485,22464,G1,True,all original eligibility rules and DeepCenter passed,True,True,True,True,True,True,SELECTED,SELECTED,3,148,True,0.9959304277563059,44b6,True,False,0,0,False,False,False,see event_attribution.json and safe_event_attribution.json; unassessed forks remain UNKNOWN,same eligible snapshot; subsequent short-track/smoothing effects reported separately
44b6_2a2eff9f,44b6,45,22042,22485,22464,R1,True,all original eligibility rules and DeepCenter passed,True,True,True,True,True,True,SELECTED,SELECTED,3,148,True,0.9959304277563059,44b6,True,False,0,0,False,False,False,see event_attribution.json and safe_event_attribution.json; unassessed forks remain UNKNOWN,same eligible snapshot; subsequent short-track/smoothing effects reported separately
44b6_2a2eff9f,44b6,46,22150,22605,22582,G1,True,all original eligibility rules and DeepCenter passed,True,True,True,True,True,True,SELECTED,SELECTED,3,148,True,0.953313882402354,44b6,True,False,2,2,False,False,False,see event_attribution.json and safe_event_attribution.json; unassessed forks remain UNKNOWN,same eligible snapshot; subsequent short-track/smoothing effects reported separately
44b6_2a2eff9f,44b6,46,22150,22605,22582,R1,True,all original eligibility rules and DeepCenter passed,True,True,True,True,True,True,SELECTED,SELECTED,3,148,True,0.953313882402354,44b6,True,False,2,2,False,False,False,see event_attribution.json and safe_event_attribution.json; unassessed forks remain UNKNOWN,same eligible snapshot; subsequent short-track/smoothing effects reported separately
44b6_2a2eff9f,44b6,46,22160,22614,22591,G1,True,all original eligibility rules and DeepCenter passed,True,True,True,True,True,True,SELECTED,SELECTED,3,148,True,0.969326025067542,44b6,True,False,0,0,False,False,False,see event_attribution.json and safe_event_attribution.json; unassessed forks remain UNKNOWN,same eligible snapshot; subsequent short-track/smoothing effects reported separately
44b6_2a2eff9f,44b6,46,22160,22614,22591,R1,True,all original eligibility rules and DeepCenter passed,True,True,True,True,True,True,SELECTED,SELECTED,3,148,True,0.969326025067542,44b6,True,False,0,1,False,True,False,see event_attribution.json and safe_event_attribution.json; unassessed forks remain UNKNOWN,same eligible snapshot; subsequent short-track/smoothing effects reported separately
44b6_2a2eff9f,44b6,46,22216,22653,22682,G1,True,all original eligibility rules and DeepCenter passed,True,True,True,True,False,False,LEARNED_FILTER,FRAME_CAP,3,148,False,0.7698289934439453,44b6,True,False,3,,True,True,False,see event_attribution.json and safe_event_attribution.json; unassessed forks remain UNKNOWN,same eligible snapshot; subsequent short-track/smoothing effects reported separately
44b6_2a2eff9f,44b6,46,22216,22653,22682,R1,True,all original eligibility rules and DeepCenter passed,True,True,True,True,False,True,FRAME_CAP,FRAME_CAP,3,148,False,0.7698289934439453,44b6,True,False,3,3,False,False,False,see event_attribution.json and safe_event_attribution.json; unassessed forks remain UNKNOWN,same eligible snapshot; subsequent short-track/smoothing effects reported separately
44b6_2a2eff9f,44b6,46,22459,22926,22960,G1,True,all original eligibility rules and DeepCenter passed,True,True,True,True,True,True,SELECTED,SELECTED,3,148,True,0.999025178798407,44b6,True,False,1,1,False,False,False,see event_attribution.json and safe_event_attribution.json; unassessed forks remain UNKNOWN,same eligible snapshot; subsequent short-track/smoothing effects reported separately
44b6_2a2eff9f,44b6,46,22459,22926,22960,R1,True,all original eligibility rules and DeepCenter passed,True,True,True,True,True,True,SELECTED,SELECTED,3,148,True,0.999025178798407,44b6,True,False,1,0,False,True,False,see event_attribution.json and safe_event_attribution.json; unassessed forks remain UNKNOWN,same eligible snapshot; subsequent short-track/smoothing effects reported separately
44b6_2a2eff9f,44b6,51,24315,24716,24729,G1,True,all original eligibility rules and DeepCenter passed,True,True,True,True,True,True,SELECTED,SELECTED,3,148,True,0.9545580966737942,44b6,True,False,0,0,False,False,False,see event_attribution.json and safe_event_attribution.json; unassessed forks remain UNKNOWN,same eligible snapshot; subsequent short-track/smoothing effects reported separately
44b6_2a2eff9f,44b6,51,24315,24716,24729,R1,True,all original eligibility rules and DeepCenter passed,True,True,True,True,True,True,SELECTED,SELECTED,3,148,True,0.9545580966737942,44b6,True,False,0,0,False,False,False,see event_attribution.json and safe_event_attribution.json; unassessed forks remain UNKNOWN,same eligible snapshot; subsequent short-track/smoothing effects reported separately
44b6_2a2eff9f,44b6,52,24793,25222,25206,G1,True,all original eligibility rules and DeepCenter passed,True,True,True,True,True,True,SELECTED,SELECTED,3,148,True,0.9997815787402163,44b6,True,False,0,0,False,False,False,see event_attribution.json and safe_event_attribution.json; unassessed forks remain UNKNOWN,same eligible snapshot; subsequent short-track/smoothing effects reported separately
44b6_2a2eff9f,44b6,52,24793,25222,25206,R1,True,all original eligibility rules and DeepCenter passed,True,True,True,True,True,True,SELECTED,SELECTED,3,148,True,0.9997815787402163,44b6,True,False,0,0,False,False,False,see event_attribution.json and safe_event_attribution.json; unassessed forks remain UNKNOWN,same eligible snapshot; subsequent short-track/smoothing effects reported separately
44b6_2a2eff9f,44b6,59,27835,28277,28260,G1,True,all original eligibility rules and DeepCenter passed,True,True,True,True,True,False,LEARNED_FILTER,SELECTED,3,148,False,0.8358304357569334,44b6,True,False,1,,True,True,True,see event_attribution.json and safe_event_attribution.json; unassessed forks remain UNKNOWN,same eligible snapshot; subsequent short-track/smoothing effects reported separately
44b6_2a2eff9f,44b6,59,27835,28277,28260,R1,True,all original eligibility rules and DeepCenter passed,True,True,True,True,True,True,SELECTED,SELECTED,3,148,True,0.8358304357569334,44b6,True,False,1,1,False,False,False,see event_attribution.json and safe_event_attribution.json; unassessed forks remain UNKNOWN,same eligible snapshot; subsequent short-track/smoothing effects reported separately
44b6_2a2eff9f,44b6,59,27898,28331,28333,G1,True,all original eligibility rules and DeepCenter passed,True,True,True,True,True,True,SELECTED,SELECTED,3,148,True,0.9912372537292294,44b6,True,False,0,0,False,False,False,see event_attribution.json and safe_event_attribution.json; unassessed forks remain UNKNOWN,same eligible snapshot; subsequent short-track/smoothing effects reported separately
44b6_2a2eff9f,44b6,59,27898,28331,28333,R1,True,all original eligibility rules and DeepCenter passed,True,True,True,True,True,True,SELECTED,SELECTED,3,148,True,0.9912372537292294,44b6,True,False,0,0,False,False,False,see event_attribution.json and safe_event_attribution.json; unassessed forks remain UNKNOWN,same eligible snapshot; subsequent short-track/smoothing effects reported separately
44b6_2a2eff9f,44b6,65,30670,31128,31122,G1,True,all original eligibility rules and DeepCenter passed,True,True,True,True,True,True,SELECTED,SELECTED,3,148,True,0.973086112208095,44b6,True,False,0,0,False,False,False,see event_attribution.json and safe_event_attribution.json; unassessed forks remain UNKNOWN,same eligible snapshot; subsequent short-track/smoothing effects reported separately
44b6_2a2eff9f,44b6,65,30670,31128,31122,R1,True,all original eligibility rules and DeepCenter passed,True,True,True,True,True,True,SELECTED,SELECTED,3,148,True,0.973086112208095,44b6,True,False,0,0,False,False,False,see event_attribution.json and safe_event_attribution.json; unassessed forks remain UNKNOWN,same eligible snapshot; subsequent short-track/smoothing effects reported separately
44b6_2a2eff9f,44b6,70,33157,33609,33589,G1,True,all original eligibility rules and DeepCenter passed,True,True,True,True,True,True,SELECTED,SELECTED,3,148,True,0.9992453385340646,44b6,True,False,0,0,False,False,False,see event_attribution.json and safe_event_attribution.json; unassessed forks remain UNKNOWN,same eligible snapshot; subsequent short-track/smoothing effects reported separately
44b6_2a2eff9f,44b6,70,33157,33609,33589,R1,True,all original eligibility rules and DeepCenter passed,True,True,True,True,True,True,SELECTED,SELECTED,3,148,True,0.9992453385340646,44b6,True,False,0,0,False,False,False,see event_attribution.json and safe_event_attribution.json; unassessed forks remain UNKNOWN,same eligible snapshot; subsequent short-track/smoothing effects reported separately
44b6_2a2eff9f,44b6,71,33419,33877,33884,G1,True,all original eligibility rules and DeepCenter passed,True,True,True,True,True,True,SELECTED,SELECTED,3,148,True,0.9513759840381263,44b6,True,False,0,0,False,False,False,see event_attribution.json and safe_event_attribution.json; unassessed forks remain UNKNOWN,same eligible snapshot; subsequent short-track/smoothing effects reported separately
44b6_2a2eff9f,44b6,71,33419,33877,33884,R1,True,all original eligibility rules and DeepCenter passed,True,True,True,True,True,True,SELECTED,SELECTED,3,148,True,0.9513759840381263,44b6,True,False,0,0,False,False,False,see event_attribution.json and safe_event_attribution.json; unassessed forks remain UNKNOWN,same eligible snapshot; subsequent short-track/smoothing effects reported separately
44b6_2a2eff9f,44b6,73,34223,34652,34658,G1,True,all original eligibility rules and DeepCenter passed,True,True,True,True,True,True,SELECTED,SELECTED,3,148,True,0.9892963378433127,44b6,True,False,0,0,False,False,False,see event_attribution.json and safe_event_attribution.json; unassessed forks remain UNKNOWN,same eligible snapshot; subsequent short-track/smoothing effects reported separately
44b6_2a2eff9f,44b6,73,34223,34652,34658,R1,True,all original eligibility rules and DeepCenter passed,True,True,True,True,True,True,SELECTED,SELECTED,3,148,True,0.9892963378433127,44b6,True,False,0,0,False,False,False,see event_attribution.json and safe_event_attribution.json; unassessed forks remain UNKNOWN,same eligible snapshot; subsequent short-track/smoothing effects reported separately
44b6_2a2eff9f,44b6,77,36104,36580,36591,G1,True,all original eligibility rules and DeepCenter passed,True,True,True,True,True,True,SELECTED,SELECTED,3,148,True,0.9865140858618529,44b6,True,False,1,1,False,False,False,see event_attribution.json and safe_event_attribution.json; unassessed forks remain UNKNOWN,same eligible snapshot; subsequent short-track/smoothing effects reported separately
44b6_2a2eff9f,44b6,77,36104,36580,36591,R1,True,all original eligibility rules and DeepCenter passed,True,True,True,True,True,True,SELECTED,SELECTED,3,148,True,0.9865140858618529,44b6,True,False,1,0,False,True,False,see event_attribution.json and safe_event_attribution.json; unassessed forks remain UNKNOWN,same eligible snapshot; subsequent short-track/smoothing effects reported separately
44b6_2a2eff9f,44b6,77,36128,36605,36621,G1,True,all original eligibility rules and DeepCenter passed,True,True,True,True,True,True,SELECTED,SELECTED,3,148,True,0.9697780720483044,44b6,True,False,0,0,False,False,False,see event_attribution.json and safe_event_attribution.json; unassessed forks remain UNKNOWN,same eligible snapshot; subsequent short-track/smoothing effects reported separately
44b6_2a2eff9f,44b6,77,36128,36605,36621,R1,True,all original eligibility rules and DeepCenter passed,True,True,True,True,True,True,SELECTED,SELECTED,3,148,True,0.9697780720483044,44b6,True,False,0,1,False,True,False,see event_attribution.json and safe_event_attribution.json; unassessed forks remain UNKNOWN,same eligible snapshot; subsequent short-track/smoothing effects reported separately
44b6_2a2eff9f,44b6,87,40857,41328,41329,G1,True,all original eligibility rules and DeepCenter passed,True,True,True,True,True,True,SELECTED,SELECTED,3,148,True,0.9995192912433294,44b6,True,False,0,0,False,False,False,see event_attribution.json and safe_event_attribution.json; unassessed forks remain UNKNOWN,same eligible snapshot; subsequent short-track/smoothing effects reported separately
44b6_2a2eff9f,44b6,87,40857,41328,41329,R1,True,all original eligibility rules and DeepCenter passed,True,True,True,True,True,True,SELECTED,SELECTED,3,148,True,0.9995192912433294,44b6,True,False,0,0,False,False,False,see event_attribution.json and safe_event_attribution.json; unassessed forks remain UNKNOWN,same eligible snapshot; subsequent short-track/smoothing effects reported separately
44b6_2a2eff9f,44b6,92,43097,43563,43556,G1,True,all original eligibility rules and DeepCenter passed,True,True,True,True,True,True,SELECTED,SELECTED,3,148,True,0.9841844985854309,44b6,True,False,0,0,False,False,False,see event_attribution.json and safe_event_attribution.json; unassessed forks remain UNKNOWN,same eligible snapshot; subsequent short-track/smoothing effects reported separately
44b6_2a2eff9f,44b6,92,43097,43563,43556,R1,True,all original eligibility rules and DeepCenter passed,True,True,True,True,True,True,SELECTED,SELECTED,3,148,True,0.9841844985854309,44b6,True,False,0,0,False,False,False,see event_attribution.json and safe_event_attribution.json; unassessed forks remain UNKNOWN,same eligible snapshot; subsequent short-track/smoothing effects reported separately
44b6_2a2eff9f,44b6,93,43571,44067,44090,G1,True,all original eligibility rules and DeepCenter passed,True,True,True,True,True,True,SELECTED,SELECTED,3,148,True,0.9832583183651149,44b6,True,False,0,0,False,False,False,see event_attribution.json and safe_event_attribution.json; unassessed forks remain UNKNOWN,same eligible snapshot; subsequent short-track/smoothing effects reported separately
44b6_2a2eff9f,44b6,93,43571,44067,44090,R1,True,all original eligibility rules and DeepCenter passed,True,True,True,True,True,True,SELECTED,SELECTED,3,148,True,0.9832583183651149,44b6,True,False,0,0,False,False,False,see event_attribution.json and safe_event_attribution.json; unassessed forks remain UNKNOWN,same eligible snapshot; subsequent short-track/smoothing effects reported separately
44b6_341df25f,44b6,0,60,164,169,G1,True,all original eligibility rules and DeepCenter passed,True,True,True,True,False,True,FRAME_CAP,FRAME_CAP,1,31,False,0.9994624784937094,44b6,True,False,1,1,False,False,False,see event_attribution.json and safe_event_attribution.json; unassessed forks remain UNKNOWN,same eligible snapshot; subsequent short-track/smoothing effects reported separately
44b6_341df25f,44b6,0,60,164,169,R1,True,all original eligibility rules and DeepCenter passed,True,True,True,True,False,True,FRAME_CAP,FRAME_CAP,1,31,False,0.9994624784937094,44b6,True,False,1,1,False,False,False,see event_attribution.json and safe_event_attribution.json; unassessed forks remain UNKNOWN,same eligible snapshot; subsequent short-track/smoothing effects reported separately
44b6_341df25f,44b6,0,82,188,190,G1,True,all original eligibility rules and DeepCenter passed,True,True,True,True,True,True,SELECTED,SELECTED,1,31,True,0.9999399669102165,44b6,True,False,0,0,False,False,False,see event_attribution.json and safe_event_attribution.json; unassessed forks remain UNKNOWN,same eligible snapshot; subsequent short-track/smoothing effects reported separately
44b6_341df25f,44b6,0,82,188,190,R1,True,all original eligibility rules and DeepCenter passed,True,True,True,True,True,True,SELECTED,SELECTED,1,31,True,0.9999399669102165,44b6,True,False,0,0,False,False,False,see event_attribution.json and safe_event_attribution.json; unassessed forks remain UNKNOWN,same eligible snapshot; subsequent short-track/smoothing effects reported separately
44b6_341df25f,44b6,2,268,380,374,G1,True,all original eligibility rules and DeepCenter passed,True,True,True,True,True,True,SELECTED,SELECTED,1,31,True,0.9816241479358053,44b6,True,False,0,0,False,False,False,see event_attribution.json and safe_event_attribution.json; unassessed forks remain UNKNOWN,same eligible snapshot; subsequent short-track/smoothing effects reported separately
44b6_341df25f,44b6,2,268,380,374,R1,True,all original eligibility rules and DeepCenter passed,True,True,True,True,True,True,SELECTED,SELECTED,1,31,True,0.9816241479358053,44b6,True,False,0,0,False,False,False,see event_attribution.json and safe_event_attribution.json; unassessed forks remain UNKNOWN,same eligible snapshot; subsequent short-track/smoothing effects reported separately
44b6_341df25f,44b6,4,473,572,580,G1,True,all original eligibility rules and DeepCenter passed,True,True,True,True,False,False,LEARNED_FILTER,FRAME_CAP,1,31,False,0.611115880589686,44b6,True,False,1,,True,True,False,see event_attribution.json and safe_event_attribution.json; unassessed forks remain UNKNOWN,same eligible snapshot; subsequent short-track/smoothing effects reported separately
44b6_341df25f,44b6,4,473,572,580,R1,True,all original eligibility rules and DeepCenter passed,True,True,True,True,False,True,FRAME_CAP,FRAME_CAP,1,31,False,0.611115880589686,44b6,True,False,1,1,False,False,False,see event_attribution.json and safe_event_attribution.json; unassessed forks remain UNKNOWN,same eligible snapshot; subsequent short-track/smoothing effects reported separately
44b6_341df25f,44b6,4,476,582,580,G1,True,all original eligibility rules and DeepCenter passed,True,True,True,True,True,True,SELECTED,SELECTED,1,31,True,0.9728609978088374,44b6,True,False,0,0,False,False,False,see event_attribution.json and safe_event_attribution.json; unassessed forks remain UNKNOWN,same eligible snapshot; subsequent short-track/smoothing effects reported separately
44b6_341df25f,44b6,4,476,582,580,R1,True,all original eligibility rules and DeepCenter passed,True,True,True,True,True,True,SELECTED,SELECTED,1,31,True,0.9728609978088374,44b6,True,False,0,0,False,False,False,see event_attribution.json and safe_event_attribution.json; unassessed forks remain UNKNOWN,same eligible snapshot; subsequent short-track/smoothing effects reported separately
44b6_341df25f,44b6,9,1025,1137,1135,G1,True,all original eligibility rules and DeepCenter passed,True,True,True,True,True,True,SELECTED,SELECTED,1,31,True,0.9984684710341516,44b6,True,False,0,0,False,False,False,see event_attribution.json and safe_event_attribution.json; unassessed forks remain UNKNOWN,same eligible snapshot; subsequent short-track/smoothing effects reported separately
44b6_341df25f,44b6,9,1025,1137,1135,R1,True,all original eligibility rules and DeepCenter passed,True,True,True,True,True,True,SELECTED,SELECTED,1,31,True,0.9984684710341516,44b6,True,False,0,0,False,False,False,see event_attribution.json and safe_event_attribution.json; unassessed forks remain UNKNOWN,same eligible snapshot; subsequent short-track/smoothing effects reported separately
44b6_341df25f,44b6,22,2385,2486,2487,G1,True,all original eligibility rules and DeepCenter passed,True,True,True,True,True,True,SELECTED,SELECTED,1,31,True,0.9857211603893085,44b6,True,False,0,0,False,False,False,see event_attribution.json and safe_event_attribution.json; unassessed forks remain UNKNOWN,same eligible snapshot; subsequent short-track/smoothing effects reported separately
44b6_341df25f,44b6,22,2385,2486,2487,R1,True,all original eligibility rules and DeepCenter passed,True,True,True,True,True,True,SELECTED,SELECTED,1,31,True,0.9857211603893085,44b6,True,False,0,0,False,False,False,see event_attribution.json and safe_event_attribution.json; unassessed forks remain UNKNOWN,same eligible snapshot; subsequent short-track/smoothing effects reported separately
44b6_341df25f,44b6,24,2580,2673,2678,G1,True,all original eligibility rules and DeepCenter passed,True,True,True,True,True,True,SELECTED,SELECTED,1,31,True,0.9915681052936636,44b6,True,False,0,0,False,False,False,see event_attribution.json and safe_event_attribution.json; unassessed forks remain UNKNOWN,same eligible snapshot; subsequent short-track/smoothing effects reported separately
44b6_341df25f,44b6,24,2580,2673,2678,R1,True,all original eligibility rules and DeepCenter passed,True,True,True,True,True,True,SELECTED,SELECTED,1,31,True,0.9915681052936636,44b6,True,False,0,0,False,False,False,see event_attribution.json and safe_event_attribution.json; unassessed forks remain UNKNOWN,same eligible snapshot; subsequent short-track/smoothing effects reported separately
44b6_341df25f,44b6,45,4536,4632,4627,G1,True,all original eligibility rules and DeepCenter passed,True,True,True,True,True,False,LEARNED_FILTER,SELECTED,1,31,False,0.8748937168596685,44b6,True,False,0,,True,True,True,see event_attribution.json and safe_event_attribution.json; unassessed forks remain UNKNOWN,same eligible snapshot; subsequent short-track/smoothing effects reported separately
44b6_341df25f,44b6,45,4536,4632,4627,R1,True,all original eligibility rules and DeepCenter passed,True,True,True,True,True,True,SELECTED,SELECTED,1,31,True,0.8748937168596685,44b6,True,False,0,0,False,False,False,see event_attribution.json and safe_event_attribution.json; unassessed forks remain UNKNOWN,same eligible snapshot; subsequent short-track/smoothing effects reported separately
44b6_341df25f,44b6,51,5135,5226,5235,G1,True,all original eligibility rules and DeepCenter passed,True,True,True,True,True,False,LEARNED_FILTER,SELECTED,1,31,False,0.9113004672302193,44b6,True,False,0,,True,True,True,see event_attribution.json and safe_event_attribution.json; unassessed forks remain UNKNOWN,same eligible snapshot; subsequent short-track/smoothing effects reported separately
44b6_341df25f,44b6,51,5135,5226,5235,R1,True,all original eligibility rules and DeepCenter passed,True,True,True,True,True,True,SELECTED,SELECTED,1,31,True,0.9113004672302193,44b6,True,False,0,0,False,False,False,see event_attribution.json and safe_event_attribution.json; unassessed forks remain UNKNOWN,same eligible snapshot; subsequent short-track/smoothing effects reported separately
44b6_341df25f,44b6,61,6005,6088,6091,G1,True,all original eligibility rules and DeepCenter passed,True,True,True,True,True,False,LEARNED_FILTER,SELECTED,1,31,False,0.9388688049402394,44b6,True,False,0,,True,True,True,see event_attribution.json and safe_event_attribution.json; unassessed forks remain UNKNOWN,same eligible snapshot; subsequent short-track/smoothing effects reported separately
44b6_341df25f,44b6,61,6005,6088,6091,R1,True,all original eligibility rules and DeepCenter passed,True,True,True,True,True,True,SELECTED,SELECTED,1,31,True,0.9388688049402394,44b6,True,False,0,0,False,False,False,see event_attribution.json and safe_event_attribution.json; unassessed forks remain UNKNOWN,same eligible snapshot; subsequent short-track/smoothing effects reported separately
44b6_341df25f,44b6,70,6782,6871,6880,G1,True,all original eligibility rules and DeepCenter passed,True,True,True,True,True,True,SELECTED,SELECTED,1,31,True,0.9641825897244031,44b6,True,False,0,0,False,False,False,see event_attribution.json and safe_event_attribution.json; unassessed forks remain UNKNOWN,same eligible snapshot; subsequent short-track/smoothing effects reported separately
44b6_341df25f,44b6,70,6782,6871,6880,R1,True,all original eligibility rules and DeepCenter passed,True,True,True,True,True,True,SELECTED,SELECTED,1,31,True,0.9641825897244031,44b6,True,False,0,0,False,False,False,see event_attribution.json and safe_event_attribution.json; unassessed forks remain UNKNOWN,same eligible snapshot; subsequent short-track/smoothing effects reported separately
44b6_341df25f,44b6,79,7517,7605,7606,G1,True,all original eligibility rules and DeepCenter passed,True,True,True,True,True,True,SELECTED,SELECTED,1,31,True,0.9925147979902931,44b6,True,False,0,0,False,False,False,see event_attribution.json and safe_event_attribution.json; unassessed forks remain UNKNOWN,same eligible snapshot; subsequent short-track/smoothing effects reported separately
44b6_341df25f,44b6,79,7517,7605,7606,R1,True,all original eligibility rules and DeepCenter passed,True,True,True,True,True,True,SELECTED,SELECTED,1,31,True,0.9925147979902931,44b6,True,False,0,0,False,False,False,see event_attribution.json and safe_event_attribution.json; unassessed forks remain UNKNOWN,same eligible snapshot; subsequent short-track/smoothing effects reported separately
6bba_062c8d37,6bba,4,375,449,450,G1,True,all original eligibility rules and DeepCenter passed,True,True,True,True,True,False,LEARNED_FILTER,SELECTED,1,22,False,0.5362861310735599,6bba,True,False,0,,True,True,True,see event_attribution.json and safe_event_attribution.json; unassessed forks remain UNKNOWN,same eligible snapshot; subsequent short-track/smoothing effects reported separately
6bba_062c8d37,6bba,4,375,449,450,R1,True,all original eligibility rules and DeepCenter passed,True,True,True,True,True,True,SELECTED,SELECTED,1,22,True,0.5362861310735599,6bba,True,False,0,0,False,False,False,see event_attribution.json and safe_event_attribution.json; unassessed forks remain UNKNOWN,same eligible snapshot; subsequent short-track/smoothing effects reported separately
6bba_062c8d37,6bba,32,2194,2260,2257,G1,True,all original eligibility rules and DeepCenter passed,True,True,True,True,True,False,LEARNED_FILTER,SELECTED,1,22,False,0.4277052972123477,6bba,True,False,0,,True,True,True,see event_attribution.json and safe_event_attribution.json; unassessed forks remain UNKNOWN,same eligible snapshot; subsequent short-track/smoothing effects reported separately
6bba_062c8d37,6bba,32,2194,2260,2257,R1,True,all original eligibility rules and DeepCenter passed,True,True,True,True,True,True,SELECTED,SELECTED,1,22,True,0.4277052972123477,6bba,True,False,0,0,False,False,False,see event_attribution.json and safe_event_attribution.json; unassessed forks remain UNKNOWN,same eligible snapshot; subsequent short-track/smoothing effects reported separately
6bba_062c8d37,6bba,34,2356,2424,2425,G1,True,all original eligibility rules and DeepCenter passed,True,True,True,True,True,True,SELECTED,SELECTED,1,22,True,0.9932872397438585,6bba,True,False,0,0,False,False,False,see event_attribution.json and safe_event_attribution.json; unassessed forks remain UNKNOWN,same eligible snapshot; subsequent short-track/smoothing effects reported separately
6bba_062c8d37,6bba,34,2356,2424,2425,R1,True,all original eligibility rules and DeepCenter passed,True,True,True,True,True,True,SELECTED,SELECTED,1,22,True,0.9932872397438585,6bba,True,False,0,0,False,False,False,see event_attribution.json and safe_event_attribution.json; unassessed forks remain UNKNOWN,same eligible snapshot; subsequent short-track/smoothing effects reported separately
6bba_062c8d37,6bba,89,5968,6027,6031,G1,True,all original eligibility rules and DeepCenter passed,True,True,True,True,True,True,SELECTED,SELECTED,1,22,True,0.999551849816112,6bba,True,False,0,0,False,False,False,see event_attribution.json and safe_event_attribution.json; unassessed forks remain UNKNOWN,same eligible snapshot; subsequent short-track/smoothing effects reported separately
6bba_062c8d37,6bba,89,5968,6027,6031,R1,True,all original eligibility rules and DeepCenter passed,True,True,True,True,True,True,SELECTED,SELECTED,1,22,True,0.999551849816112,6bba,True,False,0,0,False,False,False,see event_attribution.json and safe_event_attribution.json; unassessed forks remain UNKNOWN,same eligible snapshot; subsequent short-track/smoothing effects reported separately
6bba_07e24132,6bba,20,8478,8883,8857,G1,True,all original eligibility rules and DeepCenter passed,True,True,True,True,True,False,LEARNED_FILTER,SELECTED,2,108,False,0.0005899099899031014,6bba,True,False,1,,True,True,True,see event_attribution.json and safe_event_attribution.json; unassessed forks remain UNKNOWN,same eligible snapshot; subsequent short-track/smoothing effects reported separately
6bba_07e24132,6bba,20,8478,8883,8857,R1,True,all original eligibility rules and DeepCenter passed,True,True,True,True,True,True,SELECTED,SELECTED,2,108,True,0.0005899099899031014,6bba,True,False,1,1,False,False,False,see event_attribution.json and safe_event_attribution.json; unassessed forks remain UNKNOWN,same eligible snapshot; subsequent short-track/smoothing effects reported separately
6bba_07e24132,6bba,20,8512,8919,8929,G1,True,all original eligibility rules and DeepCenter passed,True,True,True,True,True,False,LEARNED_FILTER,SELECTED,2,108,False,0.07816806757036819,6bba,True,False,0,,True,True,True,see event_attribution.json and safe_event_attribution.json; unassessed forks remain UNKNOWN,same eligible snapshot; subsequent short-track/smoothing effects reported separately
6bba_07e24132,6bba,20,8512,8919,8929,R1,True,all original eligibility rules and DeepCenter passed,True,True,True,True,True,True,SELECTED,SELECTED,2,108,True,0.07816806757036819,6bba,True,False,0,0,False,False,False,see event_attribution.json and safe_event_attribution.json; unassessed forks remain UNKNOWN,same eligible snapshot; subsequent short-track/smoothing effects reported separately
6bba_07e24132,6bba,32,13051,13409,13424,G1,True,all original eligibility rules and DeepCenter passed,True,True,True,True,True,True,SELECTED,SELECTED,2,108,True,0.9991678282022515,6bba,True,False,0,0,False,False,False,see event_attribution.json and safe_event_attribution.json; unassessed forks remain UNKNOWN,same eligible snapshot; subsequent short-track/smoothing effects reported separately
6bba_07e24132,6bba,32,13051,13409,13424,R1,True,all original eligibility rules and DeepCenter passed,True,True,True,True,True,True,SELECTED,SELECTED,2,108,True,0.9991678282022515,6bba,True,False,0,0,False,False,False,see event_attribution.json and safe_event_attribution.json; unassessed forks remain UNKNOWN,same eligible snapshot; subsequent short-track/smoothing effects reported separately
6bba_07e24132,6bba,82,30587,30989,30976,G1,True,all original eligibility rules and DeepCenter passed,True,True,True,True,True,True,SELECTED,SELECTED,2,108,True,0.9970155038038577,6bba,True,False,0,0,False,False,False,see event_attribution.json and safe_event_attribution.json; unassessed forks remain UNKNOWN,same eligible snapshot; subsequent short-track/smoothing effects reported separately
6bba_07e24132,6bba,82,30587,30989,30976,R1,True,all original eligibility rules and DeepCenter passed,True,True,True,True,True,True,SELECTED,SELECTED,2,108,True,0.9970155038038577,6bba,True,False,0,0,False,False,False,see event_attribution.json and safe_event_attribution.json; unassessed forks remain UNKNOWN,same eligible snapshot; subsequent short-track/smoothing effects reported separately
6bba_07e24132,6bba,83,30840,31210,31232,G1,True,all original eligibility rules and DeepCenter passed,True,True,True,True,True,True,SELECTED,SELECTED,2,108,True,0.9530233006117641,6bba,True,False,0,0,False,False,False,see event_attribution.json and safe_event_attribution.json; unassessed forks remain UNKNOWN,same eligible snapshot; subsequent short-track/smoothing effects reported separately
6bba_07e24132,6bba,83,30840,31210,31232,R1,True,all original eligibility rules and DeepCenter passed,True,True,True,True,True,True,SELECTED,SELECTED,2,108,True,0.9530233006117641,6bba,True,False,0,0,False,False,False,see event_attribution.json and safe_event_attribution.json; unassessed forks remain UNKNOWN,same eligible snapshot; subsequent short-track/smoothing effects reported separately
6bba_07e24132,6bba,90,33150,33498,33496,G1,True,all original eligibility rules and DeepCenter passed,True,True,True,True,True,True,SELECTED,SELECTED,2,108,True,0.9956719215953808,6bba,True,False,0,0,False,False,False,see event_attribution.json and safe_event_attribution.json; unassessed forks remain UNKNOWN,same eligible snapshot; subsequent short-track/smoothing effects reported separately
6bba_07e24132,6bba,90,33150,33498,33496,R1,True,all original eligibility rules and DeepCenter passed,True,True,True,True,True,True,SELECTED,SELECTED,2,108,True,0.9956719215953808,6bba,True,False,0,0,False,False,False,see event_attribution.json and safe_event_attribution.json; unassessed forks remain UNKNOWN,same eligible snapshot; subsequent short-track/smoothing effects reported separately
6bba_085bf656,6bba,1,262,408,407,G1,True,all original eligibility rules and DeepCenter passed,True,True,True,True,True,True,SELECTED,SELECTED,1,30,True,0.9988743391539054,6bba,True,False,0,0,False,False,False,see event_attribution.json and safe_event_attribution.json; unassessed forks remain UNKNOWN,same eligible snapshot; subsequent short-track/smoothing effects reported separately
6bba_085bf656,6bba,1,262,408,407,R1,True,all original eligibility rules and DeepCenter passed,True,True,True,True,True,True,SELECTED,SELECTED,1,30,True,0.9988743391539054,6bba,True,False,0,0,False,False,False,see event_attribution.json and safe_event_attribution.json; unassessed forks remain UNKNOWN,same eligible snapshot; subsequent short-track/smoothing effects reported separately
6bba_085bf656,6bba,10,1400,1527,1529,G1,True,all original eligibility rules and DeepCenter passed,True,True,True,True,True,True,SELECTED,SELECTED,1,30,True,0.9815862066934318,6bba,True,False,0,0,False,False,False,see event_attribution.json and safe_event_attribution.json; unassessed forks remain UNKNOWN,same eligible snapshot; subsequent short-track/smoothing effects reported separately
6bba_085bf656,6bba,10,1400,1527,1529,R1,True,all original eligibility rules and DeepCenter passed,True,True,True,True,True,True,SELECTED,SELECTED,1,30,True,0.9815862066934318,6bba,True,False,0,0,False,False,False,see event_attribution.json and safe_event_attribution.json; unassessed forks remain UNKNOWN,same eligible snapshot; subsequent short-track/smoothing effects reported separately
6bba_085bf656,6bba,43,5101,5195,5194,G1,True,all original eligibility rules and DeepCenter passed,True,True,True,True,True,True,SELECTED,SELECTED,1,30,True,0.9998346718009093,6bba,True,False,0,0,False,False,False,see event_attribution.json and safe_event_attribution.json; unassessed forks remain UNKNOWN,same eligible snapshot; subsequent short-track/smoothing effects reported separately
6bba_085bf656,6bba,43,5101,5195,5194,R1,True,all original eligibility rules and DeepCenter passed,True,True,True,True,True,True,SELECTED,SELECTED,1,30,True,0.9998346718009093,6bba,True,False,0,0,False,False,False,see event_attribution.json and safe_event_attribution.json; unassessed forks remain UNKNOWN,same eligible snapshot; subsequent short-track/smoothing effects reported separately
6bba_085bf656,6bba,52,5955,6039,6031,G1,True,all original eligibility rules and DeepCenter passed,True,True,True,True,True,True,SELECTED,SELECTED,1,30,True,0.9999267753072555,6bba,True,False,0,0,False,False,False,see event_attribution.json and safe_event_attribution.json; unassessed forks remain UNKNOWN,same eligible snapshot; subsequent short-track/smoothing effects reported separately
6bba_085bf656,6bba,52,5955,6039,6031,R1,True,all original eligibility rules and DeepCenter passed,True,True,True,True,True,True,SELECTED,SELECTED,1,30,True,0.9999267753072555,6bba,True,False,0,0,False,False,False,see event_attribution.json and safe_event_attribution.json; unassessed forks remain UNKNOWN,same eligible snapshot; subsequent short-track/smoothing effects reported separately
6bba_09961292,6bba,0,354,725,719,G1,True,all original eligibility rules and DeepCenter passed,True,True,True,True,True,True,SELECTED,SELECTED,2,110,True,0.9997486715143241,6bba,True,False,0,0,False,False,False,see event_attribution.json and safe_event_attribution.json; unassessed forks remain UNKNOWN,same eligible snapshot; subsequent short-track/smoothing effects reported separately
6bba_09961292,6bba,0,354,725,719,R1,True,all original eligibility rules and DeepCenter passed,True,True,True,True,True,True,SELECTED,SELECTED,2,110,True,0.9997486715143241,6bba,True,False,0,0,False,False,False,see event_attribution.json and safe_event_attribution.json; unassessed forks remain UNKNOWN,same eligible snapshot; subsequent short-track/smoothing effects reported separately
6bba_09961292,6bba,3,1252,1599,1627,G1,True,all original eligibility rules and DeepCenter passed,True,True,True,True,True,False,LEARNED_FILTER,SELECTED,2,110,False,0.920305807263638,6bba,True,False,0,,True,True,True,see event_attribution.json and safe_event_attribution.json; unassessed forks remain UNKNOWN,same eligible snapshot; subsequent short-track/smoothing effects reported separately
6bba_09961292,6bba,3,1252,1599,1627,R1,True,all original eligibility rules and DeepCenter passed,True,True,True,True,True,True,SELECTED,SELECTED,2,110,True,0.920305807263638,6bba,True,False,0,0,False,False,False,see event_attribution.json and safe_event_attribution.json; unassessed forks remain UNKNOWN,same eligible snapshot; subsequent short-track/smoothing effects reported separately
6bba_09961292,6bba,8,3176,3547,3502,G1,True,all original eligibility rules and DeepCenter passed,True,True,True,True,True,True,SELECTED,SELECTED,2,110,True,0.9972780422649046,6bba,True,False,0,0,False,False,False,see event_attribution.json and safe_event_attribution.json; unassessed forks remain UNKNOWN,same eligible snapshot; subsequent short-track/smoothing effects reported separately
6bba_09961292,6bba,8,3176,3547,3502,R1,True,all original eligibility rules and DeepCenter passed,True,True,True,True,True,True,SELECTED,SELECTED,2,110,True,0.9972780422649046,6bba,True,False,0,0,False,False,False,see event_attribution.json and safe_event_attribution.json; unassessed forks remain UNKNOWN,same eligible snapshot; subsequent short-track/smoothing effects reported separately
6bba_09961292,6bba,13,5078,5418,5428,G1,True,all original eligibility rules and DeepCenter passed,True,True,True,True,True,True,SELECTED,SELECTED,2,110,True,0.9975428703864373,6bba,True,False,0,0,False,False,False,see event_attribution.json and safe_event_attribution.json; unassessed forks remain UNKNOWN,same eligible snapshot; subsequent short-track/smoothing effects reported separately
6bba_09961292,6bba,13,5078,5418,5428,R1,True,all original eligibility rules and DeepCenter passed,True,True,True,True,True,True,SELECTED,SELECTED,2,110,True,0.9975428703864373,6bba,True,False,0,0,False,False,False,see event_attribution.json and safe_event_attribution.json; unassessed forks remain UNKNOWN,same eligible snapshot; subsequent short-track/smoothing effects reported separately
6bba_09961292,6bba,21,7785,8135,8106,G1,True,all original eligibility rules and DeepCenter passed,True,True,True,True,True,True,SELECTED,SELECTED,2,110,True,0.993861059937103,6bba,True,False,0,0,False,False,False,see event_attribution.json and safe_event_attribution.json; unassessed forks remain UNKNOWN,same eligible snapshot; subsequent short-track/smoothing effects reported separately
6bba_09961292,6bba,21,7785,8135,8106,R1,True,all original eligibility rules and DeepCenter passed,True,True,True,True,True,True,SELECTED,SELECTED,2,110,True,0.993861059937103,6bba,True,False,0,1,False,True,False,see event_attribution.json and safe_event_attribution.json; unassessed forks remain UNKNOWN,same eligible snapshot; subsequent short-track/smoothing effects reported separately
6bba_09961292,6bba,21,7827,8159,8179,G1,True,all original eligibility rules and DeepCenter passed,True,True,True,True,True,True,SELECTED,SELECTED,2,110,True,0.9994105735920836,6bba,True,False,1,1,False,False,False,see event_attribution.json and safe_event_attribution.json; unassessed forks remain UNKNOWN,same eligible snapshot; subsequent short-track/smoothing effects reported separately
6bba_09961292,6bba,21,7827,8159,8179,R1,True,all original eligibility rules and DeepCenter passed,True,True,True,True,True,True,SELECTED,SELECTED,2,110,True,0.9994105735920836,6bba,True,False,1,0,False,True,False,see event_attribution.json and safe_event_attribution.json; unassessed forks remain UNKNOWN,same eligible snapshot; subsequent short-track/smoothing effects reported separately
6bba_09961292,6bba,22,8138,8477,8451,G1,True,all original eligibility rules and DeepCenter passed,True,True,True,True,True,True,SELECTED,SELECTED,2,110,True,0.9999592471373207,6bba,True,False,0,0,False,False,False,see event_attribution.json and safe_event_attribution.json; unassessed forks remain UNKNOWN,same eligible snapshot; subsequent short-track/smoothing effects reported separately
6bba_09961292,6bba,22,8138,8477,8451,R1,True,all original eligibility rules and DeepCenter passed,True,True,True,True,True,True,SELECTED,SELECTED,2,110,True,0.9999592471373207,6bba,True,False,0,0,False,False,False,see event_attribution.json and safe_event_attribution.json; unassessed forks remain UNKNOWN,same eligible snapshot; subsequent short-track/smoothing effects reported separately
6bba_09961292,6bba,24,8854,9173,9172,G1,True,all original eligibility rules and DeepCenter passed,True,True,True,True,True,False,LEARNED_FILTER,SELECTED,2,110,False,0.00022517484759013954,6bba,True,False,0,,True,True,True,see event_attribution.json and safe_event_attribution.json; unassessed forks remain UNKNOWN,same eligible snapshot; subsequent short-track/smoothing effects reported separately
6bba_09961292,6bba,24,8854,9173,9172,R1,True,all original eligibility rules and DeepCenter passed,True,True,True,True,True,True,SELECTED,SELECTED,2,110,True,0.00022517484759013954,6bba,True,False,0,0,False,False,False,see event_attribution.json and safe_event_attribution.json; unassessed forks remain UNKNOWN,same eligible snapshot; subsequent short-track/smoothing effects reported separately
6bba_09961292,6bba,27,9732,10050,10040,G1,True,all original eligibility rules and DeepCenter passed,True,True,True,True,True,True,SELECTED,SELECTED,2,110,True,0.9778255928203069,6bba,True,False,0,0,False,False,False,see event_attribution.json and safe_event_attribution.json; unassessed forks remain UNKNOWN,same eligible snapshot; subsequent short-track/smoothing effects reported separately
6bba_09961292,6bba,27,9732,10050,10040,R1,True,all original eligibility rules and DeepCenter passed,True,True,True,True,True,True,SELECTED,SELECTED,2,110,True,0.9778255928203069,6bba,True,False,0,0,False,False,False,see event_attribution.json and safe_event_attribution.json; unassessed forks remain UNKNOWN,same eligible snapshot; subsequent short-track/smoothing effects reported separately
6bba_09961292,6bba,29,10351,10673,10702,G1,True,all original eligibility rules and DeepCenter passed,True,True,True,True,True,True,SELECTED,SELECTED,2,110,True,0.9666995829378376,6bba,True,False,0,0,False,False,False,see event_attribution.json and safe_event_attribution.json; unassessed forks remain UNKNOWN,same eligible snapshot; subsequent short-track/smoothing effects reported separately
6bba_09961292,6bba,29,10351,10673,10702,R1,True,all original eligibility rules and DeepCenter passed,True,True,True,True,True,True,SELECTED,SELECTED,2,110,True,0.9666995829378376,6bba,True,False,0,0,False,False,False,see event_attribution.json and safe_event_attribution.json; unassessed forks remain UNKNOWN,same eligible snapshot; subsequent short-track/smoothing effects reported separately
6bba_09961292,6bba,37,12852,13159,13167,G1,True,all original eligibility rules and DeepCenter passed,True,True,True,True,True,False,LEARNED_FILTER,SELECTED,2,110,False,0.27974613925774133,6bba,True,False,0,,True,True,True,see event_attribution.json and safe_event_attribution.json; unassessed forks remain UNKNOWN,same eligible snapshot; subsequent short-track/smoothing effects reported separately
6bba_09961292,6bba,37,12852,13159,13167,R1,True,all original eligibility rules and DeepCenter passed,True,True,True,True,True,True,SELECTED,SELECTED,2,110,True,0.27974613925774133,6bba,True,False,0,0,False,False,False,see event_attribution.json and safe_event_attribution.json; unassessed forks remain UNKNOWN,same eligible snapshot; subsequent short-track/smoothing effects reported separately
6bba_09961292,6bba,38,13027,13376,13377,G1,True,all original eligibility rules and DeepCenter passed,True,True,True,True,True,False,LEARNED_FILTER,SELECTED,2,110,False,0.2766722291174251,6bba,True,False,0,,True,True,True,see event_attribution.json and safe_event_attribution.json; unassessed forks remain UNKNOWN,same eligible snapshot; subsequent short-track/smoothing effects reported separately
6bba_09961292,6bba,38,13027,13376,13377,R1,True,all original eligibility rules and DeepCenter passed,True,True,True,True,True,True,SELECTED,SELECTED,2,110,True,0.2766722291174251,6bba,True,False,0,0,False,False,False,see event_attribution.json and safe_event_attribution.json; unassessed forks remain UNKNOWN,same eligible snapshot; subsequent short-track/smoothing effects reported separately
6bba_09961292,6bba,38,13118,13363,13448,G1,True,all original eligibility rules and DeepCenter passed,True,True,True,True,False,False,LEARNED_FILTER,FRAME_CAP,2,110,False,3.345377908269303e-08,6bba,True,False,2,,True,True,False,see event_attribution.json and safe_event_attribution.json; unassessed forks remain UNKNOWN,same eligible snapshot; subsequent short-track/smoothing effects reported separately
6bba_09961292,6bba,38,13118,13363,13448,R1,True,all original eligibility rules and DeepCenter passed,True,True,True,True,False,True,FRAME_CAP,FRAME_CAP,2,110,False,3.345377908269303e-08,6bba,True,False,2,2,False,False,False,see event_attribution.json and safe_event_attribution.json; unassessed forks remain UNKNOWN,same eligible snapshot; subsequent short-track/smoothing effects reported separately
6bba_09961292,6bba,38,13131,13392,13448,G1,True,all original eligibility rules and DeepCenter passed,True,True,True,True,True,False,LEARNED_FILTER,SELECTED,2,110,False,7.080692558198627e-08,6bba,True,False,1,,True,True,True,see event_attribution.json and safe_event_attribution.json; unassessed forks remain UNKNOWN,same eligible snapshot; subsequent short-track/smoothing effects reported separately
6bba_09961292,6bba,38,13131,13392,13448,R1,True,all original eligibility rules and DeepCenter passed,True,True,True,True,True,True,SELECTED,SELECTED,2,110,True,7.080692558198627e-08,6bba,True,False,1,1,False,False,False,see event_attribution.json and safe_event_attribution.json; unassessed forks remain UNKNOWN,same eligible snapshot; subsequent short-track/smoothing effects reported separately
6bba_09961292,6bba,39,13507,13763,13804,G1,True,all original eligibility rules and DeepCenter passed,True,True,True,True,True,False,LEARNED_FILTER,SELECTED,2,110,False,0.9412183762078465,6bba,True,False,0,,True,True,True,see event_attribution.json and safe_event_attribution.json; unassessed forks remain UNKNOWN,same eligible snapshot; subsequent short-track/smoothing effects reported separately
6bba_09961292,6bba,39,13507,13763,13804,R1,True,all original eligibility rules and DeepCenter passed,True,True,True,True,True,True,SELECTED,SELECTED,2,110,True,0.9412183762078465,6bba,True,False,0,0,False,False,False,see event_attribution.json and safe_event_attribution.json; unassessed forks remain UNKNOWN,same eligible snapshot; subsequent short-track/smoothing effects reported separately
6bba_09961292,6bba,45,15239,15528,15589,G1,True,all original eligibility rules and DeepCenter passed,True,True,True,True,True,True,SELECTED,SELECTED,2,110,True,0.9714246594762475,6bba,True,False,0,0,False,False,False,see event_attribution.json and safe_event_attribution.json; unassessed forks remain UNKNOWN,same eligible snapshot; subsequent short-track/smoothing effects reported separately
6bba_09961292,6bba,45,15239,15528,15589,R1,True,all original eligibility rules and DeepCenter passed,True,True,True,True,True,True,SELECTED,SELECTED,2,110,True,0.9714246594762475,6bba,True,False,0,1,False,True,False,see event_attribution.json and safe_event_attribution.json; unassessed forks remain UNKNOWN,same eligible snapshot; subsequent short-track/smoothing effects reported separately
6bba_09961292,6bba,45,15321,15655,15621,G1,True,all original eligibility rules and DeepCenter passed,True,True,True,True,True,True,SELECTED,SELECTED,2,110,True,0.9944623115087381,6bba,True,False,1,1,False,False,False,see event_attribution.json and safe_event_attribution.json; unassessed forks remain UNKNOWN,same eligible snapshot; subsequent short-track/smoothing effects reported separately
6bba_09961292,6bba,45,15321,15655,15621,R1,True,all original eligibility rules and DeepCenter passed,True,True,True,True,True,True,SELECTED,SELECTED,2,110,True,0.9944623115087381,6bba,True,False,1,0,False,True,False,see event_attribution.json and safe_event_attribution.json; unassessed forks remain UNKNOWN,same eligible snapshot; subsequent short-track/smoothing effects reported separately
6bba_09961292,6bba,46,15674,15989,15990,G1,True,all original eligibility rules and DeepCenter passed,True,True,True,True,True,False,LEARNED_FILTER,SELECTED,2,110,False,0.9423154887849874,6bba,True,False,0,,True,True,True,see event_attribution.json and safe_event_attribution.json; unassessed forks remain UNKNOWN,same eligible snapshot; subsequent short-track/smoothing effects reported separately
6bba_09961292,6bba,46,15674,15989,15990,R1,True,all original eligibility rules and DeepCenter passed,True,True,True,True,True,True,SELECTED,SELECTED,2,110,True,0.9423154887849874,6bba,True,False,0,0,False,False,False,see event_attribution.json and safe_event_attribution.json; unassessed forks remain UNKNOWN,same eligible snapshot; subsequent short-track/smoothing effects reported separately
6bba_09961292,6bba,54,18143,18462,18463,G1,True,all original eligibility rules and DeepCenter passed,True,True,True,True,True,True,SELECTED,SELECTED,2,110,True,0.9998787558971818,6bba,True,False,0,0,False,False,False,see event_attribution.json and safe_event_attribution.json; unassessed forks remain UNKNOWN,same eligible snapshot; subsequent short-track/smoothing effects reported separately
6bba_09961292,6bba,54,18143,18462,18463,R1,True,all original eligibility rules and DeepCenter passed,True,True,True,True,True,True,SELECTED,SELECTED,2,110,True,0.9998787558971818,6bba,True,False,0,0,False,False,False,see event_attribution.json and safe_event_attribution.json; unassessed forks remain UNKNOWN,same eligible snapshot; subsequent short-track/smoothing effects reported separately
6bba_09961292,6bba,67,22325,22643,22653,G1,True,all original eligibility rules and DeepCenter passed,True,True,True,True,True,True,SELECTED,SELECTED,2,110,True,0.9999853857688775,6bba,True,False,0,0,False,False,False,see event_attribution.json and safe_event_attribution.json; unassessed forks remain UNKNOWN,same eligible snapshot; subsequent short-track/smoothing effects reported separately
6bba_09961292,6bba,67,22325,22643,22653,R1,True,all original eligibility rules and DeepCenter passed,True,True,True,True,True,True,SELECTED,SELECTED,2,110,True,0.9999853857688775,6bba,True,False,0,0,False,False,False,see event_attribution.json and safe_event_attribution.json; unassessed forks remain UNKNOWN,same eligible snapshot; subsequent short-track/smoothing effects reported separately
6bba_09961292,6bba,71,23670,23982,23981,G1,True,all original eligibility rules and DeepCenter passed,True,True,True,True,True,True,SELECTED,SELECTED,2,110,True,0.9932731984155333,6bba,True,False,0,0,False,False,False,see event_attribution.json and safe_event_attribution.json; unassessed forks remain UNKNOWN,same eligible snapshot; subsequent short-track/smoothing effects reported separately
6bba_09961292,6bba,71,23670,23982,23981,R1,True,all original eligibility rules and DeepCenter passed,True,True,True,True,True,True,SELECTED,SELECTED,2,110,True,0.9932731984155333,6bba,True,False,0,0,False,False,False,see event_attribution.json and safe_event_attribution.json; unassessed forks remain UNKNOWN,same eligible snapshot; subsequent short-track/smoothing effects reported separately
6bba_09961292,6bba,72,23911,24198,24238,G1,True,all original eligibility rules and DeepCenter passed,True,True,True,True,True,True,SELECTED,SELECTED,2,110,True,0.9708907588218687,6bba,True,False,0,0,False,False,False,see event_attribution.json and safe_event_attribution.json; unassessed forks remain UNKNOWN,same eligible snapshot; subsequent short-track/smoothing effects reported separately
6bba_09961292,6bba,72,23911,24198,24238,R1,True,all original eligibility rules and DeepCenter passed,True,True,True,True,True,True,SELECTED,SELECTED,2,110,True,0.9708907588218687,6bba,True,False,0,0,False,False,False,see event_attribution.json and safe_event_attribution.json; unassessed forks remain UNKNOWN,same eligible snapshot; subsequent short-track/smoothing effects reported separately
6bba_09961292,6bba,85,27988,28270,28303,G1,True,all original eligibility rules and DeepCenter passed,True,True,True,True,True,True,SELECTED,SELECTED,2,110,True,0.9976650361121702,6bba,True,False,0,0,False,False,False,see event_attribution.json and safe_event_attribution.json; unassessed forks remain UNKNOWN,same eligible snapshot; subsequent short-track/smoothing effects reported separately
6bba_09961292,6bba,85,27988,28270,28303,R1,True,all original eligibility rules and DeepCenter passed,True,True,True,True,True,True,SELECTED,SELECTED,2,110,True,0.9976650361121702,6bba,True,False,0,0,False,False,False,see event_attribution.json and safe_event_attribution.json; unassessed forks remain UNKNOWN,same eligible snapshot; subsequent short-track/smoothing effects reported separately
6bba_09961292,6bba,92,30051,30361,30305,G1,True,all original eligibility rules and DeepCenter passed,True,True,True,True,True,True,SELECTED,SELECTED,2,110,True,0.9999776467726208,6bba,True,False,0,0,False,False,False,see event_attribution.json and safe_event_attribution.json; unassessed forks remain UNKNOWN,same eligible snapshot; subsequent short-track/smoothing effects reported separately
6bba_09961292,6bba,92,30051,30361,30305,R1,True,all original eligibility rules and DeepCenter passed,True,True,True,True,True,True,SELECTED,SELECTED,2,110,True,0.9999776467726208,6bba,True,False,0,0,False,False,False,see event_attribution.json and safe_event_attribution.json; unassessed forks remain UNKNOWN,same eligible snapshot; subsequent short-track/smoothing effects reported separately
6bba_09961292,6bba,93,30457,30741,30768,G1,True,all original eligibility rules and DeepCenter passed,True,True,True,True,True,True,SELECTED,SELECTED,2,110,True,0.999997747582667,6bba,True,False,0,0,False,False,False,see event_attribution.json and safe_event_attribution.json; unassessed forks remain UNKNOWN,same eligible snapshot; subsequent short-track/smoothing effects reported separately
6bba_09961292,6bba,93,30457,30741,30768,R1,True,all original eligibility rules and DeepCenter passed,True,True,True,True,True,True,SELECTED,SELECTED,2,110,True,0.999997747582667,6bba,True,False,0,0,False,False,False,see event_attribution.json and safe_event_attribution.json; unassessed forks remain UNKNOWN,same eligible snapshot; subsequent short-track/smoothing effects reported separately
6bba_09961292,6bba,95,31013,31339,31309,G1,True,all original eligibility rules and DeepCenter passed,True,True,True,True,True,True,SELECTED,SELECTED,2,110,True,0.9999002956116753,6bba,True,False,0,0,False,False,False,see event_attribution.json and safe_event_attribution.json; unassessed forks remain UNKNOWN,same eligible snapshot; subsequent short-track/smoothing effects reported separately
6bba_09961292,6bba,95,31013,31339,31309,R1,True,all original eligibility rules and DeepCenter passed,True,True,True,True,True,True,SELECTED,SELECTED,2,110,True,0.9999002956116753,6bba,True,False,0,0,False,False,False,see event_attribution.json and safe_event_attribution.json; unassessed forks remain UNKNOWN,same eligible snapshot; subsequent short-track/smoothing effects reported separately
