[{"stream_name":"stderr","time":7.056701325,"data":"0.00s - Debugger warning: It seems that frozen modules are being used, which may\n"}
,{"stream_name":"stderr","time":7.056780379,"data":"0.00s - make the debugger miss breakpoints. Please pass -Xfrozen_modules=off\n"}
,{"stream_name":"stderr","time":7.056788348,"data":"0.00s - to python to disable frozen modules.\n"}
,{"stream_name":"stderr","time":7.056792989,"data":"0.00s - Note: Debugging will proceed. Set PYDEVD_DISABLE_FILE_VALIDATION=1 to disable this validation.\n"}
,{"stream_name":"stderr","time":7.741249476,"data":"0.00s - Debugger warning: It seems that frozen modules are being used, which may\n"}
,{"stream_name":"stderr","time":7.741303477,"data":"0.00s - make the debugger miss breakpoints. Please pass -Xfrozen_modules=off\n"}
,{"stream_name":"stderr","time":7.74131016,"data":"0.00s - to python to disable frozen modules.\n"}
,{"stream_name":"stderr","time":7.741316187,"data":"0.00s - Note: Debugging will proceed. Set PYDEVD_DISABLE_FILE_VALIDATION=1 to disable this validation.\n"}
,{"stream_name":"stdout","time":8.899719303,"data":"BIOHUB_PRESET: harmonic_v3_division_wide\n"}
,{"stream_name":"stdout","time":8.899781177,"data":"BIOHUB_SCORE_AXIS: public 0.939 base + holdout-selected post-process configuration\n"}
,{"stream_name":"stdout","time":8.927972417,"data":"Configuration guard: PASS\n"}
,{"stream_name":"stdout","time":8.928017416,"data":"Baseline: fixed-90 dual-seed clean pipeline (public LB 0.913)\n"}
,{"stream_name":"stdout","time":8.928024798,"data":"Single model-level change: harmonic mutual-support association fusion\n"}
,{"stream_name":"stdout","time":8.928029075,"data":"Reverse-time association weight: 0.200\n"}
,{"stream_name":"stdout","time":9.709002422,"data":"Biohub learned UNet + node-transformer + ILP submission\n"}
,{"stream_name":"stdout","time":9.709038194,"data":"COMP_DIR: /kaggle/input/competitions/biohub-cell-tracking-during-development exists: True\n"}
,{"stream_name":"stdout","time":9.709044457,"data":"TEST_DIR: /kaggle/input/competitions/biohub-cell-tracking-during-development/test exists: True\n"}
,{"stream_name":"stdout","time":9.709048991,"data":"{\n"}
,{"stream_name":"stdout","time":9.709052923,"data":"  \"adaptive_short_track_rescue\": true,\n"}
,{"stream_name":"stdout","time":9.70907015,"data":"  \"allow_artifact_fallback\": false,\n"}
,{"stream_name":"stdout","time":9.709075751,"data":"  \"allow_pip_install\": false,\n"}
,{"stream_name":"stdout","time":9.709084606,"data":"  \"deepcenter_checkpoint_default\": \"/kaggle/input/biohub-deepcenter-unet3d-center-prior-v1/weights/full_frame_center/best.pt\",\n"}
,{"stream_name":"stdout","time":9.709088167,"data":"  \"deepcenter_expected_epoch\": 2,\n"}
,{"stream_name":"stdout","time":9.709090883,"data":"  \"deepcenter_gap_add_gate\": true,\n"}
,{"stream_name":"stdout","time":9.709093511,"data":"  \"deepcenter_gap_confirm_min_span_um\": 8.5,\n"}
,{"stream_name":"stdout","time":9.709096196,"data":"  \"deepcenter_gap_threshold\": 0.25,\n"}
,{"stream_name":"stdout","time":9.709098823,"data":"  \"deepcenter_safe_div_add_gate\": true,\n"}
,{"stream_name":"stdout","time":9.709101321,"data":"  \"deepcenter_safe_div_threshold\": 0.25,\n"}
,{"stream_name":"stdout","time":9.709103837,"data":"  \"det_threshold\": 0.965,\n"}
,{"stream_name":"stdout","time":9.709106403,"data":"  \"div_drop_to_single_if_bad\": true,\n"}
,{"stream_name":"stdout","time":9.709109,"data":"  \"div_parent_max_um\": 10.5,\n"}
,{"stream_name":"stdout","time":9.709111506,"data":"  \"div_sister_max_um\": 8.0,\n"}
,{"stream_name":"stdout","time":9.709114057,"data":"  \"experiment_tag\": \"selected_101_dual_seed_near_balanced_center_confirmed_synthetic_gap\",\n"}
,{"stream_name":"stdout","time":9.709132579,"data":"  \"gap2_frame_frac_cap\": 0.006,\n"}
,{"stream_name":"stdout","time":9.709135538,"data":"  \"gap2_max_links_abs\": 180,\n"}
,{"stream_name":"stdout","time":9.709138064,"data":"  \"gap2_max_links_frac\": 0.0045,\n"}
,{"stream_name":"stdout","time":9.709141083,"data":"  \"gap2_max_step_um\": 4.4,\n"}
,{"stream_name":"stdout","time":9.709164961,"data":"  \"gap2_max_total_um\": 10.2,\n"}
,{"stream_name":"stdout","time":9.709169201,"data":"  \"gap2_require_context\": true,\n"}
,{"stream_name":"stdout","time":9.709173701,"data":"  \"gap_close_effective_max_gap\": 1,\n"}
,{"stream_name":"stdout","time":9.709177864,"data":"  \"gap_close_max_added_abs\": 2000,\n"}
,{"stream_name":"stdout","time":9.709182471,"data":"  \"gap_close_max_added_frac\": 0.05,\n"}
,{"stream_name":"stdout","time":9.709187065,"data":"  \"gap_close_max_gap\": 2,\n"}
,{"stream_name":"stdout","time":9.709191379,"data":"  \"gap_close_reuse_existing\": true,\n"}
,{"stream_name":"stdout","time":9.709195274,"data":"  \"gap_close_reuse_um\": 3.2,\n"}
,{"stream_name":"stdout","time":9.709199037,"data":"  \"gap_close_um\": 5.0,\n"}
,{"stream_name":"stdout","time":9.709202863,"data":"  \"gap_density_adaptive\": true,\n"}
,{"stream_name":"stdout","time":9.709206593,"data":"  \"gap_density_gain\": 0.04,\n"}
,{"stream_name":"stdout","time":9.709210466,"data":"  \"gap_density_max_step_delta_um\": 0.125,\n"}
,{"stream_name":"stdout","time":9.709214425,"data":"  \"gap_density_neighbors\": 3,\n"}
,{"stream_name":"stdout","time":9.709220148,"data":"  \"gap_density_reference_um\": 6.5,\n"}
,{"stream_name":"stdout","time":9.709227438,"data":"  \"gap_refine_max_shift_um\": 3.2,\n"}
,{"stream_name":"stdout","time":9.709230118,"data":"  \"gap_refine_synthetic\": true,\n"}
,{"stream_name":"stdout","time":9.70923263,"data":"  \"gap_refine_win_yx\": 3,\n"}
,{"stream_name":"stdout","time":9.709235132,"data":"  \"gap_refine_win_z\": 1,\n"}
,{"stream_name":"stdout","time":9.70923761,"data":"  \"ilp_appearance_weight\": 0.0,\n"}
,{"stream_name":"stdout","time":9.709240131,"data":"  \"ilp_disappearance_weight\": 2.0,\n"}
,{"stream_name":"stdout","time":9.709242641,"data":"  \"ilp_division_weight\": 1.2,\n"}
,{"stream_name":"stdout","time":9.709245214,"data":"  \"ilp_edge_weight\": -1.0,\n"}
,{"stream_name":"stdout","time":9.709254368,"data":"  \"method\": \"unet_transformer\",\n"}
,{"stream_name":"stdout","time":9.709271865,"data":"  \"motion_relink_learned_bonus\": 1.0,\n"}
,{"stream_name":"stdout","time":9.709276142,"data":"  \"motion_relink_max_frame_nodes\": 2600,\n"}
,{"stream_name":"stdout","time":9.709280713,"data":"  \"motion_relink_relaxed_um\": 10.0,\n"}
,{"stream_name":"stdout","time":9.709285081,"data":"  \"motion_relink_tight_um\": 6.0,\n"}
,{"stream_name":"stdout","time":9.709289508,"data":"  \"motion_relink_velocity_weight\": 0.5,\n"}
,{"stream_name":"stdout","time":9.709293916,"data":"  \"output_division_geometry_filter\": false,\n"}
,{"stream_name":"stdout","time":9.709297844,"data":"  \"output_edge_max_um\": 14.0,\n"}
,{"stream_name":"stdout","time":9.709303163,"data":"  \"output_enforce_next_frame\": true,\n"}
,{"stream_name":"stdout","time":9.709307006,"data":"  \"output_filter_short_tracks\": true,\n"}
,{"stream_name":"stdout","time":9.709310959,"data":"  \"output_gap2_recovery\": true,\n"}
,{"stream_name":"stdout","time":9.709314726,"data":"  \"output_gap_close\": true,\n"}
,{"stream_name":"stdout","time":9.709318553,"data":"  \"output_keep_division_components\": true,\n"}
,{"stream_name":"stdout","time":9.709327481,"data":"  \"output_linefit_smooth\": true,\n"}
,{"stream_name":"stdout","time":9.709332043,"data":"  \"output_linefit_weight\": 0.8,\n"}
,{"stream_name":"stdout","time":9.709335891,"data":"  \"output_linefit_window\": 2,\n"}
,{"stream_name":"stdout","time":9.709341721,"data":"  \"output_min_track_len\": 6,\n"}
,{"stream_name":"stdout","time":9.70934932,"data":"  \"output_motion_relink\": true,\n"}
,{"stream_name":"stdout","time":9.709351961,"data":"  \"output_prune_isolated\": true,\n"}
,{"stream_name":"stdout","time":9.709354557,"data":"  \"output_safe_divisions\": true,\n"}
,{"stream_name":"stdout","time":9.709358066,"data":"  \"output_single_child_repair\": false,\n"}
,{"stream_name":"stdout","time":9.709375137,"data":"  \"output_single_parent_repair\": true,\n"}
,{"stream_name":"stdout","time":9.70937974,"data":"  \"primary_artifact_manifest\": \"/kaggle/input/datasets/pilkwang/biohub-tracking-support-pack-50ep-v1/ARTIFACT_MANIFEST.json\",\n"}
,{"stream_name":"stdout","time":9.709384828,"data":"  \"safe_div_existing_child_max_um\": 10.0,\n"}
,{"stream_name":"stdout","time":9.709389134,"data":"  \"safe_div_frame_frac_cap\": 0.0076,\n"}
,{"stream_name":"stdout","time":9.709393682,"data":"  \"safe_div_global_frac_cap\": 0.00375,\n"}
,{"stream_name":"stdout","time":9.709397633,"data":"  \"safe_div_max_um\": 9.0,\n"}
,{"stream_name":"stdout","time":9.709401421,"data":"  \"safe_div_sister_max_um\": 14.0,\n"}
,{"stream_name":"stdout","time":9.709405201,"data":"  \"short_track_rescue_max_mean_edge_dist_um\": 3.0,\n"}
,{"stream_name":"stdout","time":9.709409046,"data":"  \"short_track_rescue_max_nodes_abs\": 120,\n"}
,{"stream_name":"stdout","time":9.709412906,"data":"  \"short_track_rescue_max_nodes_frac\": 0.012,\n"}
,{"stream_name":"stdout","time":9.709416847,"data":"  \"short_track_rescue_min_len\": 4,\n"}
,{"stream_name":"stdout","time":9.709420614999999,"data":"  \"short_track_rescue_min_mean_edge_prob\": 0.88,\n"}
,{"stream_name":"stdout","time":9.709424466,"data":"  \"short_track_rescue_trigger_removed_frac\": 0.1,\n"}
,{"stream_name":"stdout","time":9.709429063,"data":"  \"slice\": \"\",\n"}
,{"stream_name":"stdout","time":9.709457653,"data":"  \"target_artifact_slug\": \"biohub-tracking-support-pack-50ep-v1\",\n"}
,{"stream_name":"stdout","time":9.709462371,"data":"  \"unet_batch_size\": 4,\n"}
,{"stream_name":"stdout","time":9.709466183,"data":"  \"use_deepcenter_add_only_gate\": true,\n"}
,{"stream_name":"stdout","time":9.709470069,"data":"  \"use_ilp\": true,\n"}
,{"stream_name":"stdout","time":9.709473868,"data":"  \"weights\": \"weights/unet_transformer/split_0/edge_predictor_best.pth\"\n"}
,{"stream_name":"stdout","time":9.709477896,"data":"}\n"}
,{"stream_name":"stdout","time":9.925000799,"data":"ARTIFACTS: /kaggle/input/datasets/pilkwang/biohub-tracking-support-pack-50ep-v1\n"}
,{"stream_name":"stdout","time":9.925042422,"data":"Has offline wheels: True\n"}
,{"stream_name":"stdout","time":9.925051706,"data":"Artifact name: biohub-tracking-support-pack-400ep-snapshot-v1\n"}
,{"stream_name":"stdout","time":9.925055169,"data":"Weight sha256: 12f6881ee3620a831697ca098ff8f48e687a24225f4e048b538deec3562fe771\n"}
,{"stream_name":"stdout","time":9.925058126,"data":"Weight path: weights/unet_transformer/split_0/edge_predictor_best.pth\n"}
,{"stream_name":"stdout","time":10.759555265,"data":"Installing missing packages from offline package dirs: ['polars']\n"}
,{"stream_name":"stdout","time":10.759601208,"data":"Dependency resolver is disabled with --no-deps to avoid replacing Kaggle numpy/scipy in a live kernel.\n"}
,{"stream_name":"stdout","time":10.759620166,"data":"Offline package dirs: ['/kaggle/input/datasets/pilkwang/biohub-tracking-support-pack-50ep-v1/wheels']\n"}
,{"stream_name":"stdout","time":17.436589874,"data":"Offline dependency install succeeded.\n"}
,{"stream_name":"stdout","time":17.436638315,"data":"Installing missing packages from offline package dirs: ['tracksdata', 'zarr', 'pyscipopt', 'geff', 'geff_spec', 'ilpy', 'imagecodecs', 'rustworkx', 'numcodecs', 'donfig', 'bidict']\n"}
,{"stream_name":"stdout","time":17.436646148,"data":"Dependency resolver is disabled with --no-deps to avoid replacing Kaggle numpy/scipy in a live kernel.\n"}
,{"stream_name":"stdout","time":17.436654017,"data":"Offline package dirs: ['/kaggle/input/datasets/pilkwang/biohub-tracking-support-pack-50ep-v1/wheels']\n"}
,{"stream_name":"stdout","time":42.042077386,"data":"Offline dependency install succeeded.\n"}
,{"stream_name":"stderr","time":50.041403774,"data":"/usr/local/lib/python3.12/dist-packages/dask/array/image.py:7: FutureWarning: `find_available_plugins` is deprecated since version 0.25 and will be removed in version 0.27. The plugin infrastructure of `skimage.io` is deprecated. Instead, use `imageio` or other I/O packages directly.\n"}
,{"stream_name":"stderr","time":50.04147685,"data":"  from skimage.io import imread as sk_imread\n"}
,{"stream_name":"stderr","time":50.041487131,"data":"/usr/lib/python3.12/importlib/__init__.py:90: FutureWarning: `reset_plugins` is deprecated since version 0.25 and will be removed in version 0.27. The plugin infrastructure of `skimage.io` is deprecated. Instead, use `imageio` or other I/O packages directly.\n"}
,{"stream_name":"stderr","time":50.04149391,"data":"  return _bootstrap._gcd_import(name[level:], package, level)\n"}
,{"stream_name":"stderr","time":50.041500149,"data":"\n"}
,{"stream_name":"stderr","time":50.041505026,"data":"/usr/local/lib/python3.12/dist-packages/dask/array/image.py:7: FutureWarning: `find_available_plugins` is deprecated since version 0.25 and will be removed in version 0.27. The plugin infrastructure of `skimage.io` is deprecated. Instead, use `imageio` or other I/O packages directly.\n"}
,{"stream_name":"stderr","time":50.041515322,"data":"  from skimage.io import imread as sk_imread\n"}
,{"stream_name":"stderr","time":50.04152095,"data":"/usr/lib/python3.12/importlib/__init__.py:90: FutureWarning: `reset_plugins` is deprecated since version 0.25 and will be removed in version 0.27. The plugin infrastructure of `skimage.io` is deprecated. Instead, use `imageio` or other I/O packages directly.\n"}
,{"stream_name":"stderr","time":50.041526819,"data":"  return _bootstrap._gcd_import(name[level:], package, level)\n"}
,{"stream_name":"stdout","time":50.267592043,"data":"Required graph/Zarr/ILP packages import successfully.\n"}
,{"stream_name":"stdout","time":50.267651166,"data":"Inference repo: /kaggle/working/tracking_repo\n"}
,{"stream_name":"stdout","time":50.267657579,"data":"Weights: /kaggle/working/tracking_repo/weights/unet_transformer/split_0/edge_predictor_best.pth\n"}
,{"stream_name":"stdout","time":51.472358388,"data":"Support repo Python manifest SHA256: 978b626d1fd1e7397435a437dfe68691defe1572fc3c20e61012d7c9b52ed029\n"}
,{"stream_name":"stdout","time":51.472447191,"data":"Primary materialized SHA256: 12f6881ee3620a831697ca098ff8f48e687a24225f4e048b538deec3562fe771\n"}
,{"stream_name":"stdout","time":51.472476221,"data":"DeepCenter materialized SHA256: 8040999a92f6b7bbd98fa8cf458141e045c0f9ad7c936bdb3b18e1f7edafe2a0\n"}
,{"stream_name":"stdout","time":330.718780113,"data":"Secondary artifact: /kaggle/input/datasets/pilkwang/biohub-temporal-unet3d-seed314159-v1\n"}
,{"stream_name":"stdout","time":330.718840381,"data":"Secondary weight: /kaggle/working/secondary_seed_weights/unet_transformer/split_0/edge_predictor_best.pth\n"}
,{"stream_name":"stdout","time":330.718858147,"data":"Secondary SHA256: 9bac2fa0dadc4a6fc1899e0caf187f4b553e0a7cd90ba1261a68b35ffe9e305f\n"}
,{"stream_name":"stdout","time":330.718863279,"data":"Secondary edge-logit weight: 0.15\n"}
,{"stream_name":"stdout","time":330.718867195,"data":"Runtime integrity receipt: /kaggle/working/bidirectional_production_runtime_integrity.json\n"}
,{"stream_name":"stdout","time":335.191255818,"data":"CUDA device: Tesla T4\n"}
,{"stream_name":"stdout","time":335.191316169,"data":"TTA patch applied (400ep spatial D4-style)\n"}
,{"stream_name":"stdout","time":335.19132318,"data":"Calibrated dual-seed runtime patch applied\n"}
,{"stream_name":"stdout","time":335.191328015,"data":"Frozen frame retention guard applied at 0.90\n"}
,{"stream_name":"stdout","time":335.191332753,"data":"Bidirectional harmonic-probability association fusion applied | weight= 0.15\n"}
,{"stream_name":"stdout","time":335.191337173,"data":"Pre-ILP detector-coordinate manifest hook applied\n"}
,{"stream_name":"stdout","time":335.191341165,"data":"EDGE_TTA patch installed and enabled in /kaggle/working/tracking_repo/scripts/predict_unet_transformer.py\n"}
,{"stream_name":"stdout","time":335.191348139,"data":"PUBLIC946_PATCH_RECEIPT {\"algorithm_sha256\": \"49613ad0b50ac90c3e07e3f8a803f2adf0926203be3f4a97d577c60b8f756178\", \"arm\": \"B0\", \"audit_enabled\": true, \"expanded_sha256\": \"7061abcc02b7c7201b34c6f7673fe4d38399a863cd2f25b08944ea496586b027\", \"parent_sha256\": \"49613ad0b50ac90c3e07e3f8a803f2adf0926203be3f4a97d577c60b8f756178\", \"replacements\": [{\"label\": \"audit_window_begin\", \"matches\": 1, \"new_sha256\": \"15a05fd983ee03bf3d1f321751671bfaabb777ce047768be312a863b9fff7594\", \"old_sha256\": \"e30e3c579178ffd9f888ad0c30d899f00429f09d20c6ee06a66ae1fa1cbae105\"}, {\"label\": \"audit_secondary_encode_sites\", \"matches\": 5}, {\"label\": \"audit_primary_encode_sites\", \"matches\": 5}, {\"label\": \"audit_encoding_output\", \"matches\": 1, \"new_sha256\": \"0060e0cadfcb04b86892e2d7548095fb168e0e64e823fa09f4567087933200ad\", \"old_sha256\": \"866643849d4d31edcdd7068dddd89da03943304de8bcc7832bd3fec6b829b4ec\"}, {\"label\": \"audit_actual_secondary_association\", \"matches\": 1, \"new_sha256\": \"0198e40d8c3ec9d49f371a65ebe2146833ea28cb9887c223ce595d9d4f3c726d\", \"old_sha256\": \"a2d59a65deaeef505b8579e262d959d8275740abe398741cada615a24423263c\"}, {\"label\": \"audit_window_end\", \"matches\": 1, \"new_sha256\": \"7944c4f5b5519d56b68a68ba63d8b0c3a090fce779862fd4c9111a1988b157de\", \"old_sha256\": \"0e5f87efdcfd12c404b23711e9b09e1fa5d02b421dc3bc098826407b0839595a\"}]}\n"}
,{"stream_name":"stdout","time":335.191368503,"data":"Found 4 test videos\n"}
,{"stream_name":"stdout","time":335.19137127,"data":"['44b6_0113de3b', '44b6_0b24845f', '6bba_05b6850b', '6bba_05db0fb1']\n"}
,{"stream_name":"stdout","time":335.191373961,"data":"Launching 2 independent video shards on CUDA devices ['0', '1']\n"}
,{"stream_name":"stdout","time":335.191378223,"data":"GPU shard 0: CUDA_VISIBLE_DEVICES=0 | /usr/bin/python3 scripts/predict_unet_transformer.py --data-dir /kaggle/input/competitions/biohub-cell-tracking-during-development/test --splits kaggle_test_splits_50ep.json --split 0 --weights weights/unet_transformer/split_0/edge_predictor_best.pth --unet-batch-size 4 --det-threshold 0.965 --ilp-edge-weight -1.0 --ilp-appearance-weight 0.0 --ilp-disappearance-weight 2.0 --ilp-division-weight 1.2 --use-ilp --method unet_transformer_gpu0 --slice 0::2\n"}
,{"stream_name":"stdout","time":335.193202888,"data":"GPU shard 1: CUDA_VISIBLE_DEVICES=1 | /usr/bin/python3 scripts/predict_unet_transformer.py --data-dir /kaggle/input/competitions/biohub-cell-tracking-during-development/test --splits kaggle_test_splits_50ep.json --split 0 --weights weights/unet_transformer/split_0/edge_predictor_best.pth --unet-batch-size 4 --det-threshold 0.965 --ilp-edge-weight -1.0 --ilp-appearance-weight 0.0 --ilp-disappearance-weight 2.0 --ilp-division-weight 1.2 --use-ilp --method unet_transformer_gpu1 --slice 1::2\n"}
,{"stream_name":"stderr","time":341.331521381,"data":"/usr/local/lib/python3.12/dist-packages/dask/array/image.py:7: FutureWarning: `find_available_plugins` is deprecated since version 0.25 and will be removed in version 0.27. The plugin infrastructure of `skimage.io` is deprecated. Instead, use `imageio` or other I/O packages directly.\n"}
,{"stream_name":"stderr","time":341.331589887,"data":"  from skimage.io import imread as sk_imread\n"}
,{"stream_name":"stderr","time":341.33735163,"data":"/usr/lib/python3.12/importlib/__init__.py:90: FutureWarning: `reset_plugins` is deprecated since version 0.25 and will be removed in version 0.27. The plugin infrastructure of `skimage.io` is deprecated. Instead, use `imageio` or other I/O packages directly.\n"}
,{"stream_name":"stderr","time":341.337385953,"data":"  return _bootstrap._gcd_import(name[level:], package, level)\n"}
,{"stream_name":"stderr","time":341.446378678,"data":"/usr/local/lib/python3.12/dist-packages/dask/array/image.py:7: FutureWarning: `find_available_plugins` is deprecated since version 0.25 and will be removed in version 0.27. The plugin infrastructure of `skimage.io` is deprecated. Instead, use `imageio` or other I/O packages directly.\n"}
,{"stream_name":"stderr","time":341.446441469,"data":"  from skimage.io import imread as sk_imread\n"}
,{"stream_name":"stderr","time":341.452547174,"data":"/usr/lib/python3.12/importlib/__init__.py:90: FutureWarning: `reset_plugins` is deprecated since version 0.25 and will be removed in version 0.27. The plugin infrastructure of `skimage.io` is deprecated. Instead, use `imageio` or other I/O packages directly.\n"}
,{"stream_name":"stderr","time":341.452581046,"data":"  return _bootstrap._gcd_import(name[level:], package, level)\n"}
,{"stream_name":"stderr","time":341.534222123,"data":"/usr/local/lib/python3.12/dist-packages/dask/array/image.py:7: FutureWarning: `find_available_plugins` is deprecated since version 0.25 and will be removed in version 0.27. The plugin infrastructure of `skimage.io` is deprecated. Instead, use `imageio` or other I/O packages directly.\n"}
,{"stream_name":"stderr","time":341.534311343,"data":"  from skimage.io import imread as sk_imread\n"}
,{"stream_name":"stderr","time":341.534322338,"data":"/usr/lib/python3.12/importlib/__init__.py:90: FutureWarning: `reset_plugins` is deprecated since version 0.25 and will be removed in version 0.27. The plugin infrastructure of `skimage.io` is deprecated. Instead, use `imageio` or other I/O packages directly.\n"}
,{"stream_name":"stderr","time":341.534329566,"data":"  return _bootstrap._gcd_import(name[level:], package, level)\n"}
,{"stream_name":"stderr","time":341.534335751,"data":"/usr/local/lib/python3.12/dist-packages/dask/array/image.py:7: FutureWarning: `find_available_plugins` is deprecated since version 0.25 and will be removed in version 0.27. The plugin infrastructure of `skimage.io` is deprecated. Instead, use `imageio` or other I/O packages directly.\n"}
,{"stream_name":"stderr","time":341.534342634,"data":"  from skimage.io import imread as sk_imread\n"}
,{"stream_name":"stderr","time":341.534348403,"data":"/usr/lib/python3.12/importlib/__init__.py:90: FutureWarning: `reset_plugins` is deprecated since version 0.25 and will be removed in version 0.27. The plugin infrastructure of `skimage.io` is deprecated. Instead, use `imageio` or other I/O packages directly.\n"}
,{"stream_name":"stderr","time":341.534355467,"data":"  return _bootstrap._gcd_import(name[level:], package, level)\n"}
,{"stream_name":"stderr","time":341.534379958,"data":"\n"}
,{"stream_name":"stderr","time":341.5344088,"data":"/usr/local/lib/python3.12/dist-packages/dask/array/image.py:7: FutureWarning: `find_available_plugins` is deprecated since version 0.25 and will be removed in version 0.27. The plugin infrastructure of `skimage.io` is deprecated. Instead, use `imageio` or other I/O packages directly.\n"}
,{"stream_name":"stderr","time":341.534414469,"data":"  from skimage.io import imread as sk_imread\n"}
,{"stream_name":"stderr","time":341.534585666,"data":"/usr/lib/python3.12/importlib/__init__.py:90: FutureWarning: `reset_plugins` is deprecated since version 0.25 and will be removed in version 0.27. The plugin infrastructure of `skimage.io` is deprecated. Instead, use `imageio` or other I/O packages directly.\n"}
,{"stream_name":"stderr","time":341.534596036,"data":"  return _bootstrap._gcd_import(name[level:], package, level)\n"}
,{"stream_name":"stderr","time":341.534603997,"data":"/usr/local/lib/python3.12/dist-packages/dask/array/image.py:7: FutureWarning: `find_available_plugins` is deprecated since version 0.25 and will be removed in version 0.27. The plugin infrastructure of `skimage.io` is deprecated. Instead, use `imageio` or other I/O packages directly.\n"}
,{"stream_name":"stderr","time":341.534609515,"data":"  from skimage.io import imread as sk_imread\n"}
,{"stream_name":"stderr","time":341.534615346,"data":"/usr/lib/python3.12/importlib/__init__.py:90: FutureWarning: `reset_plugins` is deprecated since version 0.25 and will be removed in version 0.27. The plugin infrastructure of `skimage.io` is deprecated. Instead, use `imageio` or other I/O packages directly.\n"}
,{"stream_name":"stderr","time":341.534621014,"data":"  return _bootstrap._gcd_import(name[level:], package, level)\n"}
,{"stream_name":"stdout","time":342.072331,"data":"Secondary model: /kaggle/working/secondary_seed_weights/unet_transformer/split_0/edge_predictor_best.pth | edge weight=0.150 | detection weight=0.800 | link mode=low_margin_consensus | temperature=1.000 | low-margin max=0.350 | edge threshold=0.480\n"}
,{"stream_name":"stdout","time":342.072382671,"data":"Fold 0: 2 datasets | weights=weights/unet_transformer/split_0/edge_predictor_best.pth | device=cuda | window_size=2 | pool_kernel_um=3.0\n"}
,{"stream_name":"stdout","time":342.072933991,"data":"Secondary model: /kaggle/working/secondary_seed_weights/unet_transformer/split_0/edge_predictor_best.pth | edge weight=0.150 | detection weight=0.800 | link mode=low_margin_consensus | temperature=1.000 | low-margin max=0.350 | edge threshold=0.480\n"}
,{"stream_name":"stdout","time":342.072966215,"data":"Fold 0: 2 datasets | weights=weights/unet_transformer/split_0/edge_predictor_best.pth | device=cuda | window_size=2 | pool_kernel_um=3.0\n"}
,{"stream_name":"stdout","time":342.275206967,"data":"Secondary model: /kaggle/working/secondary_seed_weights/unet_transformer/split_0/edge_predictor_best.pth | edge weight=0.150 | detection weight=0.800 | link mode=low_margin_consensus | temperature=1.000 | low-margin max=0.350 | edge threshold=0.480\n"}
,{"stream_name":"stdout","time":342.275264665,"data":"Fold 0: 2 datasets | weights=weights/unet_transformer/split_0/edge_predictor_best.pth | device=cuda | window_size=2 | pool_kernel_um=3.0\n"}
,{"stream_name":"stdout","time":342.27527115,"data":"Secondary model: /kaggle/working/secondary_seed_weights/unet_transformer/split_0/edge_predictor_best.pth | edge weight=0.150 | detection weight=0.800 | link mode=low_margin_consensus | temperature=1.000 | low-margin max=0.350 | edge threshold=0.480\n"}
,{"stream_name":"stdout","time":342.275275458,"data":"Fold 0: 2 datasets | weights=weights/unet_transformer/split_0/edge_predictor_best.pth | device=cuda | window_size=2 | pool_kernel_um=3.0\n"}
,{"stream_name":"stdout","time":343.99579467,"data":"EDGE_TTA_ACTIVE views= 8 mean_abs_feat_delta= 0.323238\n"}
,{"stream_name":"stdout","time":343.995844865,"data":"EDGE_TTA_ACTIVE views= 8 mean_abs_feat_delta= 0.360585\n"}
,{"stream_name":"stdout","time":344.198776945,"data":"EDGE_TTA_ACTIVE views= 8 mean_abs_feat_delta= 0.323238\n"}
,{"stream_name":"stdout","time":344.198867292,"data":"EDGE_TTA_ACTIVE views= 8 mean_abs_feat_delta= 0.360585\n"}
,{"stream_name":"stdout","time":344.931099782,"data":"BIOHUB_RETENTION_GUARD {\"blended_candidates\": 387, \"dataset\": \"44b6_0b24845f\", \"frame\": 0, \"minimum_retention\": 0.9, \"primary_candidates\": 465, \"retention\": 0.832258064516129, \"use_primary\": true}\n"}
,{"stream_name":"stdout","time":344.933482454,"data":"BIOHUB_RETENTION_GUARD {\"blended_candidates\": 391, \"dataset\": \"44b6_0b24845f\", \"frame\": 1, \"minimum_retention\": 0.9, \"primary_candidates\": 444, \"retention\": 0.8806306306306306, \"use_primary\": true}\n"}
,{"stream_name":"stdout","time":345.134463674,"data":"BIOHUB_RETENTION_GUARD {\"blended_candidates\": 387, \"dataset\": \"44b6_0b24845f\", \"frame\": 0, \"minimum_retention\": 0.9, \"primary_candidates\": 465, \"retention\": 0.832258064516129, \"use_primary\": true}\n"}
,{"stream_name":"stdout","time":345.134508426,"data":"BIOHUB_RETENTION_GUARD {\"blended_candidates\": 391, \"dataset\": \"44b6_0b24845f\", \"frame\": 1, \"minimum_retention\": 0.9, \"primary_candidates\": 444, \"retention\": 0.8806306306306306, \"use_primary\": true}\n"}
,{"stream_name":"stdout","time":348.28524374,"data":"PUBLIC946_GPU_SMOKE {\"arm\": \"B0\", \"association\": {\"actual_primary_logits_after_original_harmonic_fusion\": {\"all_finite\": true, \"device\": \"cuda:0\", \"dtype\": \"torch.float32\", \"numel\": 50176, \"shape\": [1, 224, 224], \"stride\": [50176, 224, 1]}, \"actual_secondary_feature_consumed\": true, \"actual_secondary_logits\": {\"all_finite\": true, \"device\": \"cuda:0\", \"dtype\": \"torch.float32\", \"numel\": 50176, \"shape\": [1, 224, 224], \"stride\": [50176, 224, 1]}, \"coordinate_grid\": {\"downsample\": [1.0, 4.0, 4.0], \"source\": {\"device\": \"cuda:0\", \"dtype\": \"torch.float32\", \"numel\": 672, \"shape\": [1, 224, 3], \"stride\": [224, 1, 224]}, \"target\": {\"device\": \"cuda:0\", \"dtype\": \"torch.float32\", \"numel\": 672, \"shape\": [1, 224, 3], \"stride\": [224, 1, 224]}}, \"diagnostic_edge_head_calls\": 1, \"diagnostic_encoder_calls\": 0, \"diagnostic_probabilities_used_in_production\": false, \"diagnostic_seconds\": 0.01342274500007079, \"frame_pair_index\": 0, \"primary_source_sampled_features\": {\"all_finite\": true, \"device\": \"cuda:0\", \"dtype\": \"torch.float32\", \"numel\": 7168, \"shape\": [1, 224, 32], \"stride\": [7168, 32, 1]}, \"primary_target_sampled_features\": {\"all_finite\": true, \"device\": \"cuda:0\", \"dtype\": \"torch.float32\", \"numel\": 7168, \"shape\": [1, 224, 32], \"stride\": [7168, 32, 1]}, \"probability_comparison_stage\": \"secondary edge-head softmax over parents, before original calibration and low-margin mixing\", \"probability_delta_vs_single_pass_same_coordinates\": {\"sample_elements\": 50176, \"sample_equal\": true, \"sample_max_abs_delta\": 0.0, \"sample_mean_abs_delta\": 0.0, \"sample_stride\": 1}, \"production_calls\": 1, \"same_low_margin_config\": {\"secondary_detection_weight\": 0.8, \"secondary_edge_weight\": 0.15, \"secondary_link_mode\": \"low_margin_consensus\"}, \"source_delta_vs_single_pass\": {\"sample_elements\": 7168, \"sample_equal\": true, \"sample_max_abs_delta\": 0.0, \"sample_mean_abs_delta\": 0.0, \"sample_stride\": 1}, \"source_sampled_features\": {\"all_finite\": true, \"device\": \"cuda:0\", \"dtype\": \"torch.float32\", \"numel\": 7168, \"shape\": [1, 224, 32], \"stride\": [7168, 32, 1]}, \"target_delta_vs_single_pass\": {\"sample_elements\": 7168, \"sample_equal\": true, \"sample_max_abs_delta\": 0.0, \"sample_mean_abs_delta\": 0.0, \"sample_stride\": 1}, \"target_sampled_features\": {\"all_finite\": true, \"device\": \"cuda:0\", \"dtype\": \"torch.float32\", \"numel\": 7168, \"shape\": [1, 224, 32], \"stride\": [7168, 32, 1]}}, \"association_calls\": 1, \"config\": {\"secondary_detection_weight\": 0.8, \"secondary_edge_weight\": 0.15, \"secondary_link_mode\": \"low_margin_consensus\"}, \"consumed_features\": {\"primary\": {\"all_finite\": true, \"delta_vs_single_pass\": {\"sample_elements\": 65536, \"sample_equal\": false, \"sample_max_abs_delta\": 1.697344183921814, \"sample_mean_abs_delta\": 0.2559409737586975, \"sample_stride\": 256}, \"device\": \"cuda:0\", \"dtype\": \"torch.float32\", \"numel\": 16777216, \"original_encoded_feature_sample_unchanged\": true, \"same_storage_as_original\": false, \"shape\": [1, 2, 32, 64, 64, 64], \"single_pass\": {\"device\": \"cuda:0\", \"dtype\": \"torch.float32\", \"numel\": 16777216, \"shape\": [1, 2, 32, 64, 64, 64], \"stride\": [16777216, 8388608, 262144, 4096, 64, 1]}, \"stride\": [16777216, 8388608, 262144, 4096, 64, 1]}, \"secondary\": {\"all_finite\": true, \"delta_vs_single_pass\": {\"sample_elements\": 65536, \"sample_equal\": true, \"sample_max_abs_delta\": 0.0, \"sample_mean_abs_delta\": 0.0, \"sample_stride\": 256}, \"device\": \"cuda:0\", \"dtype\": \"torch.float32\", \"numel\": 16777216, \"original_encoded_feature_sample_unchanged\": true, \"same_storage_as_original\": true, \"shape\": [1, 2, 32, 64, 64, 64], \"single_pass\": {\"device\": \"cuda:0\", \"dtype\": \"torch.float32\", \"numel\": 16777216, \"shape\": [1, 2, 32, 64, 64, 64], \"stride\": [16777216, 8388608, 262144, 4096, 64, 1]}, \"stride\": [16777216, 8388608, 262144, 4096, 64, 1]}}, \"consumed_heatmaps\": [{\"all_finite\": true, \"device\": \"cuda:0\", \"dtype\": \"torch.float32\", \"numel\": 262144, \"shape\": [1, 1, 64, 64, 64], \"stride\": [262144, 262144, 4096, 64, 1]}, {\"all_finite\": true, \"device\": \"cuda:0\", \"dtype\": \"torch.float32\", \"numel\": 262144, \"shape\": [1, 1, 64, 64, 64], \"stride\": [262144, 262144, 4096, 64, 1]}], \"cuda_peak_allocated_bytes_process\": 728221696, \"cuda_peak_reserved_bytes_process\": 966787072, \"dataset\": \"44b6_0113de3b\", \"encode_calls\": {\"primary\": 8, \"secondary\": 8}, \"encode_seconds\": {\"primary\": 1.5657904169997892, \"secondary\": 0.8283882589997802}, \"encode_views\": [{\"feature\": {\"device\": \"cuda:0\", \"dtype\": \"torch.float32\", \"numel\": 16777216, \"shape\": [1, 2, 32, 64, 64, 64], \"stride\": [16777216, 8388608, 262144, 4096, 64, 1]}, \"heatmap0\": {\"device\": \"cuda:0\", \"dtype\": \"torch.float32\", \"numel\": 262144, \"shape\": [1, 1, 64, 64, 64], \"stride\": [262144, 262144, 4096, 64, 1]}, \"input\": {\"device\": \"cuda:0\", \"dtype\": \"torch.float32\", \"numel\": 524288, \"shape\": [1, 2, 64, 64, 64], \"stride\": [524288, 262144, 4096, 64, 1]}, \"pass\": 1, \"role\": \"primary\"}, {\"feature\": {\"device\": \"cuda:0\", \"dtype\": \"torch.float32\", \"numel\": 16777216, \"shape\": [1, 2, 32, 64, 64, 64], \"stride\": [16777216, 8388608, 262144, 4096, 64, 1]}, \"heatmap0\": {\"device\": \"cuda:0\", \"dtype\": \"torch.float32\", \"numel\": 262144, \"shape\": [1, 1, 64, 64, 64], \"stride\": [262144, 262144, 4096, 64, 1]}, \"input\": {\"device\": \"cuda:0\", \"dtype\": \"torch.float32\", \"numel\": 524288, \"shape\": [1, 2, 64, 64, 64], \"stride\": [524288, 262144, 4096, 64, 1]}, \"pass\": 2, \"role\": \"primary\"}, {\"feature\": {\"device\": \"cuda:0\", \"dtype\": \"torch.float32\", \"numel\": 16777216, \"shape\": [1, 2, 32, 64, 64, 64], \"stride\": [16777216, 8388608, 262144, 4096, 64, 1]}, \"heatmap0\": {\"device\": \"cuda:0\", \"dtype\": \"torch.float32\", \"numel\": 262144, \"shape\": [1, 1, 64, 64, 64], \"stride\": [262144, 262144, 4096, 64, 1]}, \"input\": {\"device\": \"cuda:0\", \"dtype\": \"torch.float32\", \"numel\": 524288, \"shape\": [1, 2, 64, 64, 64], \"stride\": [524288, 262144, 4096, 64, 1]}, \"pass\": 3, \"role\": \"primary\"}, {\"feature\": {\"device\": \"cuda:0\", \"dtype\": \"torch.float32\", \"numel\": 16777216, \"shape\": [1, 2, 32, 64, 64, 64], \"stride\": [16777216, 8388608, 262144, 4096, 64, 1]}, \"heatmap0\": {\"device\": \"cuda:0\", \"dtype\": \"torch.float32\", \"numel\": 262144, \"shape\": [1, 1, 64, 64, 64], \"stride\": [262144, 262144, 4096, 64, 1]}, \"input\": {\"device\": \"cuda:0\", \"dtype\": \"torch.float32\", \"numel\": 524288, \"shape\": [1, 2, 64, 64, 64], \"stride\": [524288, 262144, 4096, 64, 1]}, \"pass\": 4, \"role\": \"primary\"}, {\"feature\": {\"device\": \"cuda:0\", \"dtype\": \"torch.float32\", \"numel\": 16777216, \"shape\": [1, 2, 32, 64, 64, 64], \"stride\": [16777216, 8388608, 262144, 4096, 64, 1]}, \"heatmap0\": {\"device\": \"cuda:0\", \"dtype\": \"torch.float32\", \"numel\": 262144, \"shape\": [1, 1, 64, 64, 64], \"stride\": [262144, 262144, 4096, 64, 1]}, \"input\": {\"device\": \"cuda:0\", \"dtype\": \"torch.float32\", \"numel\": 524288, \"shape\": [1, 2, 64, 64, 64], \"stride\": [524288, 262144, 4096, 1, 64]}, \"pass\": 5, \"role\": \"primary\"}, {\"feature\": {\"device\": \"cuda:0\", \"dtype\": \"torch.float32\", \"numel\": 16777216, \"shape\": [1, 2, 32, 64, 64, 64], \"stride\": [16777216, 8388608, 262144, 4096, 64, 1]}, \"heatmap0\": {\"device\": \"cuda:0\", \"dtype\": \"torch.float32\", \"numel\": 262144, \"shape\": [1, 1, 64, 64, 64], \"stride\": [262144, 262144, 4096, 64, 1]}, \"input\": {\"device\": \"cuda:0\", \"dtype\": \"torch.float32\", \"numel\": 524288, \"shape\": [1, 2, 64, 64, 64], \"stride\": [524288, 262144, 4096, 1, 64]}, \"pass\": 6, \"role\": \"primary\"}, {\"feature\": {\"device\": \"cuda:0\", \"dtype\": \"torch.float32\", \"numel\": 16777216, \"shape\": [1, 2, 32, 64, 64, 64], \"stride\": [16777216, 8388608, 262144, 4096, 64, 1]}, \"heatmap0\": {\"device\": \"cuda:0\", \"dtype\": \"torch.float32\", \"numel\": 262144, \"shape\": [1, 1, 64, 64, 64], \"stride\": [262144, 262144, 4096, 64, 1]}, \"input\": {\"device\": \"cuda:0\", \"dtype\": \"torch.float32\", \"numel\": 524288, \"shape\": [1, 2, 64, 64, 64], \"stride\": [524288, 262144, 4096, 1, 64]}, \"pass\": 7, \"role\": \"primary\"}, {\"feature\": {\"device\": \"cuda:0\", \"dtype\": \"torch.float32\", \"numel\": 16777216, \"shape\": [1, 2, 32, 64, 64, 64], \"stride\": [16777216, 8388608, 262144, 4096, 64, 1]}, \"heatmap0\": {\"device\": \"cuda:0\", \"dtype\": \"torch.float32\", \"numel\": 262144, \"shape\": [1, 1, 64, 64, 64], \"stride\": [262144, 262144, 4096, 64, 1]}, \"input\": {\"device\": \"cuda:0\", \"dtype\": \"torch.float32\", \"numel\": 524288, \"shape\": [1, 2, 64, 64, 64], \"stride\": [524288, 262144, 4096, 64, 1]}, \"pass\": 8, \"role\": \"primary\"}, {\"feature\": {\"device\": \"cuda:0\", \"dtype\": \"torch.float32\", \"numel\": 16777216, \"shape\": [1, 2, 32, 64, 64, 64], \"stride\": [16777216, 8388608, 262144, 4096, 64, 1]}, \"heatmap0\": {\"device\": \"cuda:0\", \"dtype\": \"torch.float32\", \"numel\": 262144, \"shape\": [1, 1, 64, 64, 64], \"stride\": [262144, 262144, 4096, 64, 1]}, \"input\": {\"device\": \"cuda:0\", \"dtype\": \"torch.float32\", \"numel\": 524288, \"shape\": [1, 2, 64, 64, 64], \"stride\": [524288, 262144, 4096, 64, 1]}, \"pass\": 1, \"role\": \"secondary\"}, {\"feature\": {\"device\": \"cuda:0\", \"dtype\": \"torch.float32\", \"numel\": 16777216, \"shape\": [1, 2, 32, 64, 64, 64], \"stride\": [16777216, 8388608, 262144, 4096, 64, 1]}, \"heatmap0\": {\"device\": \"cuda:0\", \"dtype\": \"torch.float32\", \"numel\": 262144, \"shape\": [1, 1, 64, 64, 64], \"stride\": [262144, 262144, 4096, 64, 1]}, \"input\": {\"device\": \"cuda:0\", \"dtype\": \"torch.float32\", \"numel\": 524288, \"shape\": [1, 2, 64, 64, 64], \"stride\": [524288, 262144, 4096, 64, 1]}, \"pass\": 2, \"role\": \"secondary\"}, {\"feature\": {\"device\": \"cuda:0\", \"dtype\": \"torch.float32\", \"numel\": 16777216, \"shape\": [1, 2, 32, 64, 64, 64], \"stride\": [16777216, 8388608, 262144, 4096, 64, 1]}, \"heatmap0\": {\"device\": \"cuda:0\", \"dtype\": \"torch.float32\", \"numel\": 262144, \"shape\": [1, 1, 64, 64, 64], \"stride\": [262144, 262144, 4096, 64, 1]}, \"input\": {\"device\": \"cuda:0\", \"dtype\": \"torch.float32\", \"numel\": 524288, \"shape\": [1, 2, 64, 64, 64], \"stride\": [524288, 262144, 4096, 64, 1]}, \"pass\": 3, \"role\": \"secondary\"}, {\"feature\": {\"device\": \"cuda:0\", \"dtype\": \"torch.float32\", \"numel\": 16777216, \"shape\": [1, 2, 32, 64, 64, 64], \"stride\": [16777216, 8388608, 262144, 4096, 64, 1]}, \"heatmap0\": {\"device\": \"cuda:0\", \"dtype\": \"torch.float32\", \"numel\": 262144, \"shape\": [1, 1, 64, 64, 64], \"stride\": [262144, 262144, 4096, 64, 1]}, \"input\": {\"device\": \"cuda:0\", \"dtype\": \"torch.float32\", \"numel\": 524288, \"shape\": [1, 2, 64, 64, 64], \"stride\": [524288, 262144, 4096, 64, 1]}, \"pass\": 4, \"role\": \"secondary\"}, {\"feature\": {\"device\": \"cuda:0\", \"dtype\": \"torch.float32\", \"numel\": 16777216, \"shape\": [1, 2, 32, 64, 64, 64], \"stride\": [16777216, 8388608, 262144, 4096, 64, 1]}, \"heatmap0\": {\"device\": \"cuda:0\", \"dtype\": \"torch.float32\", \"numel\": 262144, \"shape\": [1, 1, 64, 64, 64], \"stride\": [262144, 262144, 4096, 64, 1]}, \"input\": {\"device\": \"cuda:0\", \"dtype\": \"torch.float32\", \"numel\": 524288, \"shape\": [1, 2, 64, 64, 64], \"stride\": [524288, 262144, 4096, 1, 64]}, \"pass\": 5, \"role\": \"secondary\"}, {\"feature\": {\"device\": \"cuda:0\", \"dtype\": \"torch.float32\", \"numel\": 16777216, \"shape\": [1, 2, 32, 64, 64, 64], \"stride\": [16777216, 8388608, 262144, 4096, 64, 1]}, \"heatmap0\": {\"device\": \"cuda:0\", \"dtype\": \"torch.float32\", \"numel\": 262144, \"shape\": [1, 1, 64, 64, 64], \"stride\": [262144, 262144, 4096, 64, 1]}, \"input\": {\"device\": \"cuda:0\", \"dtype\": \"torch.float32\", \"numel\": 524288, \"shape\": [1, 2, 64, 64, 64], \"stride\": [524288, 262144, 4096, 1, 64]}, \"pass\": 6, \"role\": \"secondary\"}, {\"feature\": {\"device\": \"cuda:0\", \"dtype\": \"torch.float32\", \"numel\": 16777216, \"shape\": [1, 2, 32, 64, 64, 64], \"stride\": [16777216, 8388608, 262144, 4096, 64, 1]}, \"heatmap0\": {\"device\": \"cuda:0\", \"dtype\": \"torch.float32\", \"numel\": 262144, \"shape\": [1, 1, 64, 64, 64], \"stride\": [262144, 262144, 4096, 64, 1]}, \"input\": {\"device\": \"cuda:0\", \"dtype\": \"torch.float32\", \"numel\": 524288, \"shape\": [1, 2, 64, 64, 64], \"stride\": [524288, 262144, 4096, 1, 64]}, \"pass\": 7, \"role\": \"secondary\"}, {\"feature\": {\"device\": \"cuda:0\", \"dtype\": \"torch.float32\", \"numel\": 16777216, \"shape\": [1, 2, 32, 64, 64, 64], \"stride\": [16777216, 8388608, 262144, 4096, 64, 1]}, \"heatmap0\": {\"device\": \"cuda:0\", \"dtype\": \"torch.float32\", \"numel\": 262144, \"shape\": [1, 1, 64, 64, 64], \"stride\": [262144, 262144, 4096, 64, 1]}, \"input\": {\"device\": \"cuda:0\", \"dtype\": \"torch.float32\", \"numel\": 524288, \"shape\": [1, 2, 64, 64, 64], \"stride\": [524288, 262144, 4096, 64, 1]}, \"pass\": 8, \"role\": \"secondary\"}], \"event\": \"actual_predictor_window\", \"frames\": [0, 1], \"input\": {\"all_finite\": true, \"device\": \"cuda:0\", \"dtype\": \"torch.float32\", \"numel\": 524288, \"shape\": [1, 2, 64, 64, 64], \"stride\": [524288, 262144, 4096, 64, 1]}, \"input_parent\": \"/kaggle/input/competitions/biohub-cell-tracking-during-development/test\", \"seconds_including_common_audit\": 6.029893128000026, \"window_index\": 1, \"worker_execution_settings\": {\"autocast_enabled\": false, \"cuda_runtime\": \"12.8\", \"cudnn_allow_tf32\": true, \"cudnn_benchmark\": false, \"cudnn_deterministic\": false, \"default_dtype\": \"torch.float32\", \"deterministic_algorithms\": false, \"float32_matmul_precision\": \"highest\", \"gpu_name\": \"Tesla T4\", \"grad_enabled\": false, \"matmul_allow_tf32\": false, \"torch_initial_seed\": 18216512040490277954, \"torch_version\": \"2.10.0+cu128\"}}\n"}
,{"stream_name":"stdout","time":348.326223298,"data":"PUBLIC946_GPU_SMOKE {\"arm\": \"B0\", \"association\": {\"actual_primary_logits_after_original_harmonic_fusion\": {\"all_finite\": true, \"device\": \"cuda:0\", \"dtype\": \"torch.float32\", \"numel\": 206460, \"shape\": [1, 465, 444], \"stride\": [206460, 444, 1]}, \"actual_secondary_feature_consumed\": true, \"actual_secondary_logits\": {\"all_finite\": true, \"device\": \"cuda:0\", \"dtype\": \"torch.float32\", \"numel\": 206460, \"shape\": [1, 465, 444], \"stride\": [206460, 444, 1]}, \"coordinate_grid\": {\"downsample\": [1.0, 4.0, 4.0], \"source\": {\"device\": \"cuda:0\", \"dtype\": \"torch.float32\", \"numel\": 1395, \"shape\": [1, 465, 3], \"stride\": [465, 1, 465]}, \"target\": {\"device\": \"cuda:0\", \"dtype\": \"torch.float32\", \"numel\": 1332, \"shape\": [1, 444, 3], \"stride\": [444, 1, 444]}}, \"diagnostic_edge_head_calls\": 1, \"diagnostic_encoder_calls\": 0, \"diagnostic_probabilities_used_in_production\": false, \"diagnostic_seconds\": 0.025255345000005036, \"frame_pair_index\": 0, \"primary_source_sampled_features\": {\"all_finite\": true, \"device\": \"cuda:0\", \"dtype\": \"torch.float32\", \"numel\": 14880, \"shape\": [1, 465, 32], \"stride\": [14880, 32, 1]}, \"primary_target_sampled_features\": {\"all_finite\": true, \"device\": \"cuda:0\", \"dtype\": \"torch.float32\", \"numel\": 14208, \"shape\": [1, 444, 32], \"stride\": [14208, 32, 1]}, \"probability_comparison_stage\": \"secondary edge-head softmax over parents, before original calibration and low-margin mixing\", \"probability_delta_vs_single_pass_same_coordinates\": {\"sample_elements\": 65536, \"sample_equal\": true, \"sample_max_abs_delta\": 0.0, \"sample_mean_abs_delta\": 0.0, \"sample_stride\": 3}, \"production_calls\": 1, \"same_low_margin_config\": {\"secondary_detection_weight\": 0.8, \"secondary_edge_weight\": 0.15, \"secondary_link_mode\": \"low_margin_consensus\"}, \"source_delta_vs_single_pass\": {\"sample_elements\": 14880, \"sample_equal\": true, \"sample_max_abs_delta\": 0.0, \"sample_mean_abs_delta\": 0.0, \"sample_stride\": 1}, \"source_sampled_features\": {\"all_finite\": true, \"device\": \"cuda:0\", \"dtype\": \"torch.float32\", \"numel\": 14880, \"shape\": [1, 465, 32], \"stride\": [14880, 32, 1]}, \"target_delta_vs_single_pass\": {\"sample_elements\": 14208, \"sample_equal\": true, \"sample_max_abs_delta\": 0.0, \"sample_mean_abs_delta\": 0.0, \"sample_stride\": 1}, \"target_sampled_features\": {\"all_finite\": true, \"device\": \"cuda:0\", \"dtype\": \"torch.float32\", \"numel\": 14208, \"shape\": [1, 444, 32], \"stride\": [14208, 32, 1]}}, \"association_calls\": 1, \"config\": {\"secondary_detection_weight\": 0.8, \"secondary_edge_weight\": 0.15, \"secondary_link_mode\": \"low_margin_consensus\"}, \"consumed_features\": {\"primary\": {\"all_finite\": true, \"delta_vs_single_pass\": {\"sample_elements\": 65536, \"sample_equal\": false, \"sample_max_abs_delta\": 1.6868221759796143, \"sample_mean_abs_delta\": 0.3353176712989807, \"sample_stride\": 256}, \"device\": \"cuda:0\", \"dtype\": \"torch.float32\", \"numel\": 16777216, \"original_encoded_feature_sample_unchanged\": true, \"same_storage_as_original\": false, \"shape\": [1, 2, 32, 64, 64, 64], \"single_pass\": {\"device\": \"cuda:0\", \"dtype\": \"torch.float32\", \"numel\": 16777216, \"shape\": [1, 2, 32, 64, 64, 64], \"stride\": [16777216, 8388608, 262144, 4096, 64, 1]}, \"stride\": [16777216, 8388608, 262144, 4096, 64, 1]}, \"secondary\": {\"all_finite\": true, \"delta_vs_single_pass\": {\"sample_elements\": 65536, \"sample_equal\": true, \"sample_max_abs_delta\": 0.0, \"sample_mean_abs_delta\": 0.0, \"sample_stride\": 256}, \"device\": \"cuda:0\", \"dtype\": \"torch.float32\", \"numel\": 16777216, \"original_encoded_feature_sample_unchanged\": true, \"same_storage_as_original\": true, \"shape\": [1, 2, 32, 64, 64, 64], \"single_pass\": {\"device\": \"cuda:0\", \"dtype\": \"torch.float32\", \"numel\": 16777216, \"shape\": [1, 2, 32, 64, 64, 64], \"stride\": [16777216, 8388608, 262144, 4096, 64, 1]}, \"stride\": [16777216, 8388608, 262144, 4096, 64, 1]}}, \"consumed_heatmaps\": [{\"all_finite\": true, \"device\": \"cuda:0\", \"dtype\": \"torch.float32\", \"numel\": 262144, \"shape\": [1, 1, 64, 64, 64], \"stride\": [262144, 262144, 4096, 64, 1]}, {\"all_finite\": true, \"device\": \"cuda:0\", \"dtype\": \"torch.float32\", \"numel\": 262144, \"shape\": [1, 1, 64, 64, 64], \"stride\": [262144, 262144, 4096, 64, 1]}], \"cuda_peak_allocated_bytes_process\": 728221696, \"cuda_peak_reserved_bytes_process\": 970981376, \"dataset\": \"44b6_0b24845f\", \"encode_calls\": {\"primary\": 8, \"secondary\": 8}, \"encode_seconds\": {\"primary\": 1.5774323140000206, \"secondary\": 0.8152770240000109}, \"encode_views\": [{\"feature\": {\"device\": \"cuda:0\", \"dtype\": \"torch.float32\", \"numel\": 16777216, \"shape\": [1, 2, 32, 64, 64, 64], \"stride\": [16777216, 8388608, 262144, 4096, 64, 1]}, \"heatmap0\": {\"device\": \"cuda:0\", \"dtype\": \"torch.float32\", \"numel\": 262144, \"shape\": [1, 1, 64, 64, 64], \"stride\": [262144, 262144, 4096, 64, 1]}, \"input\": {\"device\": \"cuda:0\", \"dtype\": \"torch.float32\", \"numel\": 524288, \"shape\": [1, 2, 64, 64, 64], \"stride\": [524288, 262144, 4096, 64, 1]}, \"pass\": 1, \"role\": \"primary\"}, {\"feature\": {\"device\": \"cuda:0\", \"dtype\": \"torch.float32\", \"numel\": 16777216, \"shape\": [1, 2, 32, 64, 64, 64], \"stride\": [16777216, 8388608, 262144, 4096, 64, 1]}, \"heatmap0\": {\"device\": \"cuda:0\", \"dtype\": \"torch.float32\", \"numel\": 262144, \"shape\": [1, 1, 64, 64, 64], \"stride\": [262144, 262144, 4096, 64, 1]}, \"input\": {\"device\": \"cuda:0\", \"dtype\": \"torch.float32\", \"numel\": 524288, \"shape\": [1, 2, 64, 64, 64], \"stride\": [524288, 262144, 4096, 64, 1]}, \"pass\": 2, \"role\": \"primary\"}, {\"feature\": {\"device\": \"cuda:0\", \"dtype\": \"torch.float32\", \"numel\": 16777216, \"shape\": [1, 2, 32, 64, 64, 64], \"stride\": [16777216, 8388608, 262144, 4096, 64, 1]}, \"heatmap0\": {\"device\": \"cuda:0\", \"dtype\": \"torch.float32\", \"numel\": 262144, \"shape\": [1, 1, 64, 64, 64], \"stride\": [262144, 262144, 4096, 64, 1]}, \"input\": {\"device\": \"cuda:0\", \"dtype\": \"torch.float32\", \"numel\": 524288, \"shape\": [1, 2, 64, 64, 64], \"stride\": [524288, 262144, 4096, 64, 1]}, \"pass\": 3, \"role\": \"primary\"}, {\"feature\": {\"device\": \"cuda:0\", \"dtype\": \"torch.float32\", \"numel\": 16777216, \"shape\": [1, 2, 32, 64, 64, 64], \"stride\": [16777216, 8388608, 262144, 4096, 64, 1]}, \"heatmap0\": {\"device\": \"cuda:0\", \"dtype\": \"torch.float32\", \"numel\": 262144, \"shape\": [1, 1, 64, 64, 64], \"stride\": [262144, 262144, 4096, 64, 1]}, \"input\": {\"device\": \"cuda:0\", \"dtype\": \"torch.float32\", \"numel\": 524288, \"shape\": [1, 2, 64, 64, 64], \"stride\": [524288, 262144, 4096, 64, 1]}, \"pass\": 4, \"role\": \"primary\"}, {\"feature\": {\"device\": \"cuda:0\", \"dtype\": \"torch.float32\", \"numel\": 16777216, \"shape\": [1, 2, 32, 64, 64, 64], \"stride\": [16777216, 8388608, 262144, 4096, 64, 1]}, \"heatmap0\": {\"device\": \"cuda:0\", \"dtype\": \"torch.float32\", \"numel\": 262144, \"shape\": [1, 1, 64, 64, 64], \"stride\": [262144, 262144, 4096, 64, 1]}, \"input\": {\"device\": \"cuda:0\", \"dtype\": \"torch.float32\", \"numel\": 524288, \"shape\": [1, 2, 64, 64, 64], \"stride\": [524288, 262144, 4096, 1, 64]}, \"pass\": 5, \"role\": \"primary\"}, {\"feature\": {\"device\": \"cuda:0\", \"dtype\": \"torch.float32\", \"numel\": 16777216, \"shape\": [1, 2, 32, 64, 64, 64], \"stride\": [16777216, 8388608, 262144, 4096, 64, 1]}, \"heatmap0\": {\"device\": \"cuda:0\", \"dtype\": \"torch.float32\", \"numel\": 262144, \"shape\": [1, 1, 64, 64, 64], \"stride\": [262144, 262144, 4096, 64, 1]}, \"input\": {\"device\": \"cuda:0\", \"dtype\": \"torch.float32\", \"numel\": 524288, \"shape\": [1, 2, 64, 64, 64], \"stride\": [524288, 262144, 4096, 1, 64]}, \"pass\": 6, \"role\": \"primary\"}, {\"feature\": {\"device\": \"cuda:0\", \"dtype\": \"torch.float32\", \"numel\": 16777216, \"shape\": [1, 2, 32, 64, 64, 64], \"stride\": [16777216, 8388608, 262144, 4096, 64, 1]}, \"heatmap0\": {\"device\": \"cuda:0\", \"dtype\": \"torch.float32\", \"numel\": 262144, \"shape\": [1, 1, 64, 64, 64], \"stride\": [262144, 262144, 4096, 64, 1]}, \"input\": {\"device\": \"cuda:0\", \"dtype\": \"torch.float32\", \"numel\": 524288, \"shape\": [1, 2, 64, 64, 64], \"stride\": [524288, 262144, 4096, 1, 64]}, \"pass\": 7, \"role\": \"primary\"}, {\"feature\": {\"device\": \"cuda:0\", \"dtype\": \"torch.float32\", \"numel\": 16777216, \"shape\": [1, 2, 32, 64, 64, 64], \"stride\": [16777216, 8388608, 262144, 4096, 64, 1]}, \"heatmap0\": {\"device\": \"cuda:0\", \"dtype\": \"torch.float32\", \"numel\": 262144, \"shape\": [1, 1, 64, 64, 64], \"stride\": [262144, 262144, 4096, 64, 1]}, \"input\": {\"device\": \"cuda:0\", \"dtype\": \"torch.float32\", \"numel\": 524288, \"shape\": [1, 2, 64, 64, 64], \"stride\": [524288, 262144, 4096, 64, 1]}, \"pass\": 8, \"role\": \"primary\"}, {\"feature\": {\"device\": \"cuda:0\", \"dtype\": \"torch.float32\", \"numel\": 16777216, \"shape\": [1, 2, 32, 64, 64, 64], \"stride\": [16777216, 8388608, 262144, 4096, 64, 1]}, \"heatmap0\": {\"device\": \"cuda:0\", \"dtype\": \"torch.float32\", \"numel\": 262144, \"shape\": [1, 1, 64, 64, 64], \"stride\": [262144, 262144, 4096, 64, 1]}, \"input\": {\"device\": \"cuda:0\", \"dtype\": \"torch.float32\", \"numel\": 524288, \"shape\": [1, 2, 64, 64, 64], \"stride\": [524288, 262144, 4096, 64, 1]}, \"pass\": 1, \"role\": \"secondary\"}, {\"feature\": {\"device\": \"cuda:0\", \"dtype\": \"torch.float32\", \"numel\": 16777216, \"shape\": [1, 2, 32, 64, 64, 64], \"stride\": [16777216, 8388608, 262144, 4096, 64, 1]}, \"heatmap0\": {\"device\": \"cuda:0\", \"dtype\": \"torch.float32\", \"numel\": 262144, \"shape\": [1, 1, 64, 64, 64], \"stride\": [262144, 262144, 4096, 64, 1]}, \"input\": {\"device\": \"cuda:0\", \"dtype\": \"torch.float32\", \"numel\": 524288, \"shape\": [1, 2, 64, 64, 64], \"stride\": [524288, 262144, 4096, 64, 1]}, \"pass\": 2, \"role\": \"secondary\"}, {\"feature\": {\"device\": \"cuda:0\", \"dtype\": \"torch.float32\", \"numel\": 16777216, \"shape\": [1, 2, 32, 64, 64, 64], \"stride\": [16777216, 8388608, 262144, 4096, 64, 1]}, \"heatmap0\": {\"device\": \"cuda:0\", \"dtype\": \"torch.float32\", \"numel\": 262144, \"shape\": [1, 1, 64, 64, 64], \"stride\": [262144, 262144, 4096, 64, 1]}, \"input\": {\"device\": \"cuda:0\", \"dtype\": \"torch.float32\", \"numel\": 524288, \"shape\": [1, 2, 64, 64, 64], \"stride\": [524288, 262144, 4096, 64, 1]}, \"pass\": 3, \"role\": \"secondary\"}, {\"feature\": {\"device\": \"cuda:0\", \"dtype\": \"torch.float32\", \"numel\": 16777216, \"shape\": [1, 2, 32, 64, 64, 64], \"stride\": [16777216, 8388608, 262144, 4096, 64, 1]}, \"heatmap0\": {\"device\": \"cuda:0\", \"dtype\": \"torch.float32\", \"numel\": 262144, \"shape\": [1, 1, 64, 64, 64], \"stride\": [262144, 262144, 4096, 64, 1]}, \"input\": {\"device\": \"cuda:0\", \"dtype\": \"torch.float32\", \"numel\": 524288, \"shape\": [1, 2, 64, 64, 64], \"stride\": [524288, 262144, 4096, 64, 1]}, \"pass\": 4, \"role\": \"secondary\"}, {\"feature\": {\"device\": \"cuda:0\", \"dtype\": \"torch.float32\", \"numel\": 16777216, \"shape\": [1, 2, 32, 64, 64, 64], \"stride\": [16777216, 8388608, 262144, 4096, 64, 1]}, \"heatmap0\": {\"device\": \"cuda:0\", \"dtype\": \"torch.float32\", \"numel\": 262144, \"shape\": [1, 1, 64, 64, 64], \"stride\": [262144, 262144, 4096, 64, 1]}, \"input\": {\"device\": \"cuda:0\", \"dtype\": \"torch.float32\", \"numel\": 524288, \"shape\": [1, 2, 64, 64, 64], \"stride\": [524288, 262144, 4096, 1, 64]}, \"pass\": 5, \"role\": \"secondary\"}, {\"feature\": {\"device\": \"cuda:0\", \"dtype\": \"torch.float32\", \"numel\": 16777216, \"shape\": [1, 2, 32, 64, 64, 64], \"stride\": [16777216, 8388608, 262144, 4096, 64, 1]}, \"heatmap0\": {\"device\": \"cuda:0\", \"dtype\": \"torch.float32\", \"numel\": 262144, \"shape\": [1, 1, 64, 64, 64], \"stride\": [262144, 262144, 4096, 64, 1]}, \"input\": {\"device\": \"cuda:0\", \"dtype\": \"torch.float32\", \"numel\": 524288, \"shape\": [1, 2, 64, 64, 64], \"stride\": [524288, 262144, 4096, 1, 64]}, \"pass\": 6, \"role\": \"secondary\"}, {\"feature\": {\"device\": \"cuda:0\", \"dtype\": \"torch.float32\", \"numel\": 16777216, \"shape\": [1, 2, 32, 64, 64, 64], \"stride\": [16777216, 8388608, 262144, 4096, 64, 1]}, \"heatmap0\": {\"device\": \"cuda:0\", \"dtype\": \"torch.float32\", \"numel\": 262144, \"shape\": [1, 1, 64, 64, 64], \"stride\": [262144, 262144, 4096, 64, 1]}, \"input\": {\"device\": \"cuda:0\", \"dtype\": \"torch.float32\", \"numel\": 524288, \"shape\": [1, 2, 64, 64, 64], \"stride\": [524288, 262144, 4096, 1, 64]}, \"pass\": 7, \"role\": \"secondary\"}, {\"feature\": {\"device\": \"cuda:0\", \"dtype\": \"torch.float32\", \"numel\": 16777216, \"shape\": [1, 2, 32, 64, 64, 64], \"stride\": [16777216, 8388608, 262144, 4096, 64, 1]}, \"heatmap0\": {\"device\": \"cuda:0\", \"dtype\": \"torch.float32\", \"numel\": 262144, \"shape\": [1, 1, 64, 64, 64], \"stride\": [262144, 262144, 4096, 64, 1]}, \"input\": {\"device\": \"cuda:0\", \"dtype\": \"torch.float32\", \"numel\": 524288, \"shape\": [1, 2, 64, 64, 64], \"stride\": [524288, 262144, 4096, 64, 1]}, \"pass\": 8, \"role\": \"secondary\"}], \"event\": \"actual_predictor_window\", \"frames\": [0, 1], \"input\": {\"all_finite\": true, \"device\": \"cuda:0\", \"dtype\": \"torch.float32\", \"numel\": 524288, \"shape\": [1, 2, 64, 64, 64], \"stride\": [524288, 262144, 4096, 64, 1]}, \"input_parent\": \"/kaggle/input/competitions/biohub-cell-tracking-during-development/test\", \"seconds_including_common_audit\": 6.041469942999925, \"window_index\": 1, \"worker_execution_settings\": {\"autocast_enabled\": false, \"cuda_runtime\": \"12.8\", \"cudnn_allow_tf32\": true, \"cudnn_benchmark\": false, \"cudnn_deterministic\": false, \"default_dtype\": \"torch.float32\", \"deterministic_algorithms\": false, \"float32_matmul_precision\": \"highest\", \"gpu_name\": \"Tesla T4\", \"grad_enabled\": false, \"matmul_allow_tf32\": false, \"torch_initial_seed\": 1808465947083554680, \"torch_version\": \"2.10.0+cu128\"}}\n"}
,{"stream_name":"stdout","time":348.490001977,"data":"PUBLIC946_GPU_SMOKE {\"arm\": \"B0\", \"association\": {\"actual_primary_logits_after_original_harmonic_fusion\": {\"all_finite\": true, \"device\": \"cuda:0\", \"dtype\": \"torch.float32\", \"numel\": 50176, \"shape\": [1, 224, 224], \"stride\": [50176, 224, 1]}, \"actual_secondary_feature_consumed\": true, \"actual_secondary_logits\": {\"all_finite\": true, \"device\": \"cuda:0\", \"dtype\": \"torch.float32\", \"numel\": 50176, \"shape\": [1, 224, 224], \"stride\": [50176, 224, 1]}, \"coordinate_grid\": {\"downsample\": [1.0, 4.0, 4.0], \"source\": {\"device\": \"cuda:0\", \"dtype\": \"torch.float32\", \"numel\": 672, \"shape\": [1, 224, 3], \"stride\": [224, 1, 224]}, \"target\": {\"device\": \"cuda:0\", \"dtype\": \"torch.float32\", \"numel\": 672, \"shape\": [1, 224, 3], \"stride\": [224, 1, 224]}}, \"diagnostic_edge_head_calls\": 1, \"diagnostic_encoder_calls\": 0, \"diagnostic_probabilities_used_in_production\": false, \"diagnostic_seconds\": 0.01342274500007079, \"frame_pair_index\": 0, \"primary_source_sampled_features\": {\"all_finite\": true, \"device\": \"cuda:0\", \"dtype\": \"torch.float32\", \"numel\": 7168, \"shape\": [1, 224, 32], \"stride\": [7168, 32, 1]}, \"primary_target_sampled_features\": {\"all_finite\": true, \"device\": \"cuda:0\", \"dtype\": \"torch.float32\", \"numel\": 7168, \"shape\": [1, 224, 32], \"stride\": [7168, 32, 1]}, \"probability_comparison_stage\": \"secondary edge-head softmax over parents, before original calibration and low-margin mixing\", \"probability_delta_vs_single_pass_same_coordinates\": {\"sample_elements\": 50176, \"sample_equal\": true, \"sample_max_abs_delta\": 0.0, \"sample_mean_abs_delta\": 0.0, \"sample_stride\": 1}, \"production_calls\": 1, \"same_low_margin_config\": {\"secondary_detection_weight\": 0.8, \"secondary_edge_weight\": 0.15, \"secondary_link_mode\": \"low_margin_consensus\"}, \"source_delta_vs_single_pass\": {\"sample_elements\": 7168, \"sample_equal\": true, \"sample_max_abs_delta\": 0.0, \"sample_mean_abs_delta\": 0.0, \"sample_stride\": 1}, \"source_sampled_features\": {\"all_finite\": true, \"device\": \"cuda:0\", \"dtype\": \"torch.float32\", \"numel\": 7168, \"shape\": [1, 224, 32], \"stride\": [7168, 32, 1]}, \"target_delta_vs_single_pass\": {\"sample_elements\": 7168, \"sample_equal\": true, \"sample_max_abs_delta\": 0.0, \"sample_mean_abs_delta\": 0.0, \"sample_stride\": 1}, \"target_sampled_features\": {\"all_finite\": true, \"device\": \"cuda:0\", \"dtype\": \"torch.float32\", \"numel\": 7168, \"shape\": [1, 224, 32], \"stride\": [7168, 32, 1]}}, \"association_calls\": 1, \"config\": {\"secondary_detection_weight\": 0.8, \"secondary_edge_weight\": 0.15, \"secondary_link_mode\": \"low_margin_consensus\"}, \"consumed_features\": {\"primary\": {\"all_finite\": true, \"delta_vs_single_pass\": {\"sample_elements\": 65536, \"sample_equal\": false, \"sample_max_abs_delta\": 1.697344183921814, \"sample_mean_abs_delta\": 0.2559409737586975, \"sample_stride\": 256}, \"device\": \"cuda:0\", \"dtype\": \"torch.float32\", \"numel\": 16777216, \"original_encoded_feature_sample_unchanged\": true, \"same_storage_as_original\": false, \"shape\": [1, 2, 32, 64, 64, 64], \"single_pass\": {\"device\": \"cuda:0\", \"dtype\": \"torch.float32\", \"numel\": 16777216, \"shape\": [1, 2, 32, 64, 64, 64], \"stride\": [16777216, 8388608, 262144, 4096, 64, 1]}, \"stride\": [16777216, 8388608, 262144, 4096, 64, 1]}, \"secondary\": {\"all_finite\": true, \"delta_vs_single_pass\": {\"sample_elements\": 65536, \"sample_equal\": true, \"sample_max_abs_delta\": 0.0, \"sample_mean_abs_delta\": 0.0, \"sample_stride\": 256}, \"device\": \"cuda:0\", \"dtype\": \"torch.float32\", \"numel\": 16777216, \"original_encoded_feature_sample_unchanged\": true, \"same_storage_as_original\": true, \"shape\": [1, 2, 32, 64, 64, 64], \"single_pass\": {\"device\": \"cuda:0\", \"dtype\": \"torch.float32\", \"numel\": 16777216, \"shape\": [1, 2, 32, 64, 64, 64], \"stride\": [16777216, 8388608, 262144, 4096, 64, 1]}, \"stride\": [16777216, 8388608, 262144, 4096, 64, 1]}}, \"consumed_heatmaps\": [{\"all_finite\": true, \"device\": \"cuda:0\", \"dtype\": \"torch.float32\", \"numel\": 262144, \"shape\": [1, 1, 64, 64, 64], \"stride\": [262144, 262144, 4096, 64, 1]}, {\"all_finite\": true, \"device\": \"cuda:0\", \"dtype\": \"torch.float32\", \"numel\": 262144, \"shape\": [1, 1, 64, 64, 64], \"stride\": [262144, 262144, 4096, 64, 1]}], \"cuda_peak_allocated_bytes_process\": 728221696, \"cuda_peak_reserved_bytes_process\": 966787072, \"dataset\": \"44b6_0113de3b\", \"encode_calls\": {\"primary\": 8, \"secondary\": 8}, \"encode_seconds\": {\"primary\": 1.5657904169997892, \"secondary\": 0.8283882589997802}, \"encode_views\": [{\"feature\": {\"device\": \"cuda:0\", \"dtype\": \"torch.float32\", \"numel\": 16777216, \"shape\": [1, 2, 32, 64, 64, 64], \"stride\": [16777216, 8388608, 262144, 4096, 64, 1]}, \"heatmap0\": {\"device\": \"cuda:0\", \"dtype\": \"torch.float32\", \"numel\": 262144, \"shape\": [1, 1, 64, 64, 64], \"stride\": [262144, 262144, 4096, 64, 1]}, \"input\": {\"device\": \"cuda:0\", \"dtype\": \"torch.float32\", \"numel\": 524288, \"shape\": [1, 2, 64, 64, 64], \"stride\": [524288, 262144, 4096, 64, 1]}, \"pass\": 1, \"role\": \"primary\"}, {\"feature\": {\"device\": \"cuda:0\", \"dtype\": \"torch.float32\", \"numel\": 16777216, \"shape\": [1, 2, 32, 64, 64, 64], \"stride\": [16777216, 8388608, 262144, 4096, 64, 1]}, \"heatmap0\": {\"device\": \"cuda:0\", \"dtype\": \"torch.float32\", \"numel\": 262144, \"shape\": [1, 1, 64, 64, 64], \"stride\": [262144, 262144, 4096, 64, 1]}, \"input\": {\"device\": \"cuda:0\", \"dtype\": \"torch.float32\", \"numel\": 524288, \"shape\": [1, 2, 64, 64, 64], \"stride\": [524288, 262144, 4096, 64, 1]}, \"pass\": 2, \"role\": \"primary\"}, {\"feature\": {\"device\": \"cuda:0\", \"dtype\": \"torch.float32\", \"numel\": 16777216, \"shape\": [1, 2, 32, 64, 64, 64], \"stride\": [16777216, 8388608, 262144, 4096, 64, 1]}, \"heatmap0\": {\"device\": \"cuda:0\", \"dtype\": \"torch.float32\", \"numel\": 262144, \"shape\": [1, 1, 64, 64, 64], \"stride\": [262144, 262144, 4096, 64, 1]}, \"input\": {\"device\": \"cuda:0\", \"dtype\": \"torch.float32\", \"numel\": 524288, \"shape\": [1, 2, 64, 64, 64], \"stride\": [524288, 262144, 4096, 64, 1]}, \"pass\": 3, \"role\": \"primary\"}, {\"feature\": {\"device\": \"cuda:0\", \"dtype\": \"torch.float32\", \"numel\": 16777216, \"shape\": [1, 2, 32, 64, 64, 64], \"stride\": [16777216, 8388608, 262144, 4096, 64, 1]}, \"heatmap0\": {\"device\": \"cuda:0\", \"dtype\": \"torch.float32\", \"numel\": 262144, \"shape\": [1, 1, 64, 64, 64], \"stride\": [262144, 262144, 4096, 64, 1]}, \"input\": {\"device\": \"cuda:0\", \"dtype\": \"torch.float32\", \"numel\": 524288, \"shape\": [1, 2, 64, 64, 64], \"stride\": [524288, 262144, 4096, 64, 1]}, \"pass\": 4, \"role\": \"primary\"}, {\"feature\": {\"device\": \"cuda:0\", \"dtype\": \"torch.float32\", \"numel\": 16777216, \"shape\": [1, 2, 32, 64, 64, 64], \"stride\": [16777216, 8388608, 262144, 4096, 64, 1]}, \"heatmap0\": {\"device\": \"cuda:0\", \"dtype\": \"torch.float32\", \"numel\": 262144, \"shape\": [1, 1, 64, 64, 64], \"stride\": [262144, 262144, 4096, 64, 1]}, \"input\": {\"device\": \"cuda:0\", \"dtype\": \"torch.float32\", \"numel\": 524288, \"shape\": [1, 2, 64, 64, 64], \"stride\": [524288, 262144, 4096, 1, 64]}, \"pass\": 5, \"role\": \"primary\"}, {\"feature\": {\"device\": \"cuda:0\", \"dtype\": \"torch.float32\", \"numel\": 16777216, \"shape\": [1, 2, 32, 64, 64, 64], \"stride\": [16777216, 8388608, 262144, 4096, 64, 1]}, \"heatmap0\": {\"device\": \"cuda:0\", \"dtype\": \"torch.float32\", \"numel\": 262144, \"shape\": [1, 1, 64, 64, 64], \"stride\": [262144, 262144, 4096, 64, 1]}, \"input\": {\"device\": \"cuda:0\", \"dtype\": \"torch.float32\", \"numel\": 524288, \"shape\": [1, 2, 64, 64, 64], \"stride\": [524288, 262144, 4096, 1, 64]}, \"pass\": 6, \"role\": \"primary\"}, {\"feature\": {\"device\": \"cuda:0\", \"dtype\": \"torch.float32\", \"numel\": 16777216, \"shape\": [1, 2, 32, 64, 64, 64], \"stride\": [16777216, 8388608, 262144, 4096, 64, 1]}, \"heatmap0\": {\"device\": \"cuda:0\", \"dtype\": \"torch.float32\", \"numel\": 262144, \"shape\": [1, 1, 64, 64, 64], \"stride\": [262144, 262144, 4096, 64, 1]}, \"input\": {\"device\": \"cuda:0\", \"dtype\": \"torch.float32\", \"numel\": 524288, \"shape\": [1, 2, 64, 64, 64], \"stride\": [524288, 262144, 4096, 1, 64]}, \"pass\": 7, \"role\": \"primary\"}, {\"feature\": {\"device\": \"cuda:0\", \"dtype\": \"torch.float32\", \"numel\": 16777216, \"shape\": [1, 2, 32, 64, 64, 64], \"stride\": [16777216, 8388608, 262144, 4096, 64, 1]}, \"heatmap0\": {\"device\": \"cuda:0\", \"dtype\": \"torch.float32\", \"numel\": 262144, \"shape\": [1, 1, 64, 64, 64], \"stride\": [262144, 262144, 4096, 64, 1]}, \"input\": {\"device\": \"cuda:0\", \"dtype\": \"torch.float32\", \"numel\": 524288, \"shape\": [1, 2, 64, 64, 64], \"stride\": [524288, 262144, 4096, 64, 1]}, \"pass\": 8, \"role\": \"primary\"}, {\"feature\": {\"device\": \"cuda:0\", \"dtype\": \"torch.float32\", \"numel\": 16777216, \"shape\": [1, 2, 32, 64, 64, 64], \"stride\": [16777216, 8388608, 262144, 4096, 64, 1]}, \"heatmap0\": {\"device\": \"cuda:0\", \"dtype\": \"torch.float32\", \"numel\": 262144, \"shape\": [1, 1, 64, 64, 64], \"stride\": [262144, 262144, 4096, 64, 1]}, \"input\": {\"device\": \"cuda:0\", \"dtype\": \"torch.float32\", \"numel\": 524288, \"shape\": [1, 2, 64, 64, 64], \"stride\": [524288, 262144, 4096, 64, 1]}, \"pass\": 1, \"role\": \"secondary\"}, {\"feature\": {\"device\": \"cuda:0\", \"dtype\": \"torch.float32\", \"numel\": 16777216, \"shape\": [1, 2, 32, 64, 64, 64], \"stride\": [16777216, 8388608, 262144, 4096, 64, 1]}, \"heatmap0\": {\"device\": \"cuda:0\", \"dtype\": \"torch.float32\", \"numel\": 262144, \"shape\": [1, 1, 64, 64, 64], \"stride\": [262144, 262144, 4096, 64, 1]}, \"input\": {\"device\": \"cuda:0\", \"dtype\": \"torch.float32\", \"numel\": 524288, \"shape\": [1, 2, 64, 64, 64], \"stride\": [524288, 262144, 4096, 64, 1]}, \"pass\": 2, \"role\": \"secondary\"}, {\"feature\": {\"device\": \"cuda:0\", \"dtype\": \"torch.float32\", \"numel\": 16777216, \"shape\": [1, 2, 32, 64, 64, 64], \"stride\": [16777216, 8388608, 262144, 4096, 64, 1]}, \"heatmap0\": {\"device\": \"cuda:0\", \"dtype\": \"torch.float32\", \"numel\": 262144, \"shape\": [1, 1, 64, 64, 64], \"stride\": [262144, 262144, 4096, 64, 1]}, \"input\": {\"device\": \"cuda:0\", \"dtype\": \"torch.float32\", \"numel\": 524288, \"shape\": [1, 2, 64, 64, 64], \"stride\": [524288, 262144, 4096, 64, 1]}, \"pass\": 3, \"role\": \"secondary\"}, {\"feature\": {\"device\": \"cuda:0\", \"dtype\": \"torch.float32\", \"numel\": 16777216, \"shape\": [1, 2, 32, 64, 64, 64], \"stride\": [16777216, 8388608, 262144, 4096, 64, 1]}, \"heatmap0\": {\"device\": \"cuda:0\", \"dtype\": \"torch.float32\", \"numel\": 262144, \"shape\": [1, 1, 64, 64, 64], \"stride\": [262144, 262144, 4096, 64, 1]}, \"input\": {\"device\": \"cuda:0\", \"dtype\": \"torch.float32\", \"numel\": 524288, \"shape\": [1, 2, 64, 64, 64], \"stride\": [524288, 262144, 4096, 64, 1]}, \"pass\": 4, \"role\": \"secondary\"}, {\"feature\": {\"device\": \"cuda:0\", \"dtype\": \"torch.float32\", \"numel\": 16777216, \"shape\": [1, 2, 32, 64, 64, 64], \"stride\": [16777216, 8388608, 262144, 4096, 64, 1]}, \"heatmap0\": {\"device\": \"cuda:0\", \"dtype\": \"torch.float32\", \"numel\": 262144, \"shape\": [1, 1, 64, 64, 64], \"stride\": [262144, 262144, 4096, 64, 1]}, \"input\": {\"device\": \"cuda:0\", \"dtype\": \"torch.float32\", \"numel\": 524288, \"shape\": [1, 2, 64, 64, 64], \"stride\": [524288, 262144, 4096, 1, 64]}, \"pass\": 5, \"role\": \"secondary\"}, {\"feature\": {\"device\": \"cuda:0\", \"dtype\": \"torch.float32\", \"numel\": 16777216, \"shape\": [1, 2, 32, 64, 64, 64], \"stride\": [16777216, 8388608, 262144, 4096, 64, 1]}, \"heatmap0\": {\"device\": \"cuda:0\", \"dtype\": \"torch.float32\", \"numel\": 262144, \"shape\": [1, 1, 64, 64, 64], \"stride\": [262144, 262144, 4096, 64, 1]}, \"input\": {\"device\": \"cuda:0\", \"dtype\": \"torch.float32\", \"numel\": 524288, \"shape\": [1, 2, 64, 64, 64], \"stride\": [524288, 262144, 4096, 1, 64]}, \"pass\": 6, \"role\": \"secondary\"}, {\"feature\": {\"device\": \"cuda:0\", \"dtype\": \"torch.float32\", \"numel\": 16777216, \"shape\": [1, 2, 32, 64, 64, 64], \"stride\": [16777216, 8388608, 262144, 4096, 64, 1]}, \"heatmap0\": {\"device\": \"cuda:0\", \"dtype\": \"torch.float32\", \"numel\": 262144, \"shape\": [1, 1, 64, 64, 64], \"stride\": [262144, 262144, 4096, 64, 1]}, \"input\": {\"device\": \"cuda:0\", \"dtype\": \"torch.float32\", \"numel\": 524288, \"shape\": [1, 2, 64, 64, 64], \"stride\": [524288, 262144, 4096, 1, 64]}, \"pass\": 7, \"role\": \"secondary\"}, {\"feature\": {\"device\": \"cuda:0\", \"dtype\": \"torch.float32\", \"numel\": 16777216, \"shape\": [1, 2, 32, 64, 64, 64], \"stride\": [16777216, 8388608, 262144, 4096, 64, 1]}, \"heatmap0\": {\"device\": \"cuda:0\", \"dtype\": \"torch.float32\", \"numel\": 262144, \"shape\": [1, 1, 64, 64, 64], \"stride\": [262144, 262144, 4096, 64, 1]}, \"input\": {\"device\": \"cuda:0\", \"dtype\": \"torch.float32\", \"numel\": 524288, \"shape\": [1, 2, 64, 64, 64], \"stride\": [524288, 262144, 4096, 64, 1]}, \"pass\": 8, \"role\": \"secondary\"}], \"event\": \"actual_predictor_window\", \"frames\": [0, 1], \"input\": {\"all_finite\": true, \"device\": \"cuda:0\", \"dtype\": \"torch.float32\", \"numel\": 524288, \"shape\": [1, 2, 64, 64, 64], \"stride\": [524288, 262144, 4096, 64, 1]}, \"input_parent\": \"/kaggle/input/competitions/biohub-cell-tracking-during-development/test\", \"seconds_including_common_audit\": 6.029893128000026, \"window_index\": 1, \"worker_execution_settings\": {\"autocast_enabled\": false, \"cuda_runtime\": \"12.8\", \"cudnn_allow_tf32\": true, \"cudnn_benchmark\": false, \"cudnn_deterministic\": false, \"default_dtype\": \"torch.float32\", \"deterministic_algorithms\": false, \"float32_matmul_precision\": \"highest\", \"gpu_name\": \"Tesla T4\", \"grad_enabled\": false, \"matmul_allow_tf32\": false, \"torch_initial_seed\": 18216512040490277954, \"torch_version\": \"2.10.0+cu128\"}}\n"}
,{"stream_name":"stdout","time":348.490251438,"data":"PUBLIC946_GPU_SMOKE {\"arm\": \"B0\", \"association\": {\"actual_primary_logits_after_original_harmonic_fusion\": {\"all_finite\": true, \"device\": \"cuda:0\", \"dtype\": \"torch.float32\", \"numel\": 206460, \"shape\": [1, 465, 444], \"stride\": [206460, 444, 1]}, \"actual_secondary_feature_consumed\": true, \"actual_secondary_logits\": {\"all_finite\": true, \"device\": \"cuda:0\", \"dtype\": \"torch.float32\", \"numel\": 206460, \"shape\": [1, 465, 444], \"stride\": [206460, 444, 1]}, \"coordinate_grid\": {\"downsample\": [1.0, 4.0, 4.0], \"source\": {\"device\": \"cuda:0\", \"dtype\": \"torch.float32\", \"numel\": 1395, \"shape\": [1, 465, 3], \"stride\": [465, 1, 465]}, \"target\": {\"device\": \"cuda:0\", \"dtype\": \"torch.float32\", \"numel\": 1332, \"shape\": [1, 444, 3], \"stride\": [444, 1, 444]}}, \"diagnostic_edge_head_calls\": 1, \"diagnostic_encoder_calls\": 0, \"diagnostic_probabilities_used_in_production\": false, \"diagnostic_seconds\": 0.025255345000005036, \"frame_pair_index\": 0, \"primary_source_sampled_features\": {\"all_finite\": true, \"device\": \"cuda:0\", \"dtype\": \"torch.float32\", \"numel\": 14880, \"shape\": [1, 465, 32], \"stride\": [14880, 32, 1]}, \"primary_target_sampled_features\": {\"all_finite\": true, \"device\": \"cuda:0\", \"dtype\": \"torch.float32\", \"numel\": 14208, \"shape\": [1, 444, 32], \"stride\": [14208, 32, 1]}, \"probability_comparison_stage\": \"secondary edge-head softmax over parents, before original calibration and low-margin mixing\", \"probability_delta_vs_single_pass_same_coordinates\": {\"sample_elements\": 65536, \"sample_equal\": true, \"sample_max_abs_delta\": 0.0, \"sample_mean_abs_delta\": 0.0, \"sample_stride\": 3}, \"production_calls\": 1, \"same_low_margin_config\": {\"secondary_detection_weight\": 0.8, \"secondary_edge_weight\": 0.15, \"secondary_link_mode\": \"low_margin_consensus\"}, \"source_delta_vs_single_pass\": {\"sample_elements\": 14880, \"sample_equal\": true, \"sample_max_abs_delta\": 0.0, \"sample_mean_abs_delta\": 0.0, \"sample_stride\": 1}, \"source_sampled_features\": {\"all_finite\": true, \"device\": \"cuda:0\", \"dtype\": \"torch.float32\", \"numel\": 14880, \"shape\": [1, 465, 32], \"stride\": [14880, 32, 1]}, \"target_delta_vs_single_pass\": {\"sample_elements\": 14208, \"sample_equal\": true, \"sample_max_abs_delta\": 0.0, \"sample_mean_abs_delta\": 0.0, \"sample_stride\": 1}, \"target_sampled_features\": {\"all_finite\": true, \"device\": \"cuda:0\", \"dtype\": \"torch.float32\", \"numel\": 14208, \"shape\": [1, 444, 32], \"stride\": [14208, 32, 1]}}, \"association_calls\": 1, \"config\": {\"secondary_detection_weight\": 0.8, \"secondary_edge_weight\": 0.15, \"secondary_link_mode\": \"low_margin_consensus\"}, \"consumed_features\": {\"primary\": {\"all_finite\": true, \"delta_vs_single_pass\": {\"sample_elements\": 65536, \"sample_equal\": false, \"sample_max_abs_delta\": 1.6868221759796143, \"sample_mean_abs_delta\": 0.3353176712989807, \"sample_stride\": 256}, \"device\": \"cuda:0\", \"dtype\": \"torch.float32\", \"numel\": 16777216, \"original_encoded_feature_sample_unchanged\": true, \"same_storage_as_original\": false, \"shape\": [1, 2, 32, 64, 64, 64], \"single_pass\": {\"device\": \"cuda:0\", \"dtype\": \"torch.float32\", \"numel\": 16777216, \"shape\": [1, 2, 32, 64, 64, 64], \"stride\": [16777216, 8388608, 262144, 4096, 64, 1]}, \"stride\": [16777216, 8388608, 262144, 4096, 64, 1]}, \"secondary\": {\"all_finite\": true, \"delta_vs_single_pass\": {\"sample_elements\": 65536, \"sample_equal\": true, \"sample_max_abs_delta\": 0.0, \"sample_mean_abs_delta\": 0.0, \"sample_stride\": 256}, \"device\": \"cuda:0\", \"dtype\": \"torch.float32\", \"numel\": 16777216, \"original_encoded_feature_sample_unchanged\": true, \"same_storage_as_original\": true, \"shape\": [1, 2, 32, 64, 64, 64], \"single_pass\": {\"device\": \"cuda:0\", \"dtype\": \"torch.float32\", \"numel\": 16777216, \"shape\": [1, 2, 32, 64, 64, 64], \"stride\": [16777216, 8388608, 262144, 4096, 64, 1]}, \"stride\": [16777216, 8388608, 262144, 4096, 64, 1]}}, \"consumed_heatmaps\": [{\"all_finite\": true, \"device\": \"cuda:0\", \"dtype\": \"torch.float32\", \"numel\": 262144, \"shape\": [1, 1, 64, 64, 64], \"stride\": [262144, 262144, 4096, 64, 1]}, {\"all_finite\": true, \"device\": \"cuda:0\", \"dtype\": \"torch.float32\", \"numel\": 262144, \"shape\": [1, 1, 64, 64, 64], \"stride\": [262144, 262144, 4096, 64, 1]}], \"cuda_peak_allocated_bytes_process\": 728221696, \"cuda_peak_reserved_bytes_process\": 970981376, \"dataset\": \"44b6_0b24845f\", \"encode_calls\": {\"primary\": 8, \"secondary\": 8}, \"encode_seconds\": {\"primary\": 1.5774323140000206, \"secondary\": 0.8152770240000109}, \"encode_views\": [{\"feature\": {\"device\": \"cuda:0\", \"dtype\": \"torch.float32\", \"numel\": 16777216, \"shape\": [1, 2, 32, 64, 64, 64], \"stride\": [16777216, 8388608, 262144, 4096, 64, 1]}, \"heatmap0\": {\"device\": \"cuda:0\", \"dtype\": \"torch.float32\", \"numel\": 262144, \"shape\": [1, 1, 64, 64, 64], \"stride\": [262144, 262144, 4096, 64, 1]}, \"input\": {\"device\": \"cuda:0\", \"dtype\": \"torch.float32\", \"numel\": 524288, \"shape\": [1, 2, 64, 64, 64], \"stride\": [524288, 262144, 4096, 64, 1]}, \"pass\": 1, \"role\": \"primary\"}, {\"feature\": {\"device\": \"cuda:0\", \"dtype\": \"torch.float32\", \"numel\": 16777216, \"shape\": [1, 2, 32, 64, 64, 64], \"stride\": [16777216, 8388608, 262144, 4096, 64, 1]}, \"heatmap0\": {\"device\": \"cuda:0\", \"dtype\": \"torch.float32\", \"numel\": 262144, \"shape\": [1, 1, 64, 64, 64], \"stride\": [262144, 262144, 4096, 64, 1]}, \"input\": {\"device\": \"cuda:0\", \"dtype\": \"torch.float32\", \"numel\": 524288, \"shape\": [1, 2, 64, 64, 64], \"stride\": [524288, 262144, 4096, 64, 1]}, \"pass\": 2, \"role\": \"primary\"}, {\"feature\": {\"device\": \"cuda:0\", \"dtype\": \"torch.float32\", \"numel\": 16777216, \"shape\": [1, 2, 32, 64, 64, 64], \"stride\": [16777216, 8388608, 262144, 4096, 64, 1]}, \"heatmap0\": {\"device\": \"cuda:0\", \"dtype\": \"torch.float32\", \"numel\": 262144, \"shape\": [1, 1, 64, 64, 64], \"stride\": [262144, 262144, 4096, 64, 1]}, \"input\": {\"device\": \"cuda:0\", \"dtype\": \"torch.float32\", \"numel\": 524288, \"shape\": [1, 2, 64, 64, 64], \"stride\": [524288, 262144, 4096, 64, 1]}, \"pass\": 3, \"role\": \"primary\"}, {\"feature\": {\"device\": \"cuda:0\", \"dtype\": \"torch.float32\", \"numel\": 16777216, \"shape\": [1, 2, 32, 64, 64, 64], \"stride\": [16777216, 8388608, 262144, 4096, 64, 1]}, \"heatmap0\": {\"device\": \"cuda:0\", \"dtype\": \"torch.float32\", \"numel\": 262144, \"shape\": [1, 1, 64, 64, 64], \"stride\": [262144, 262144, 4096, 64, 1]}, \"input\": {\"device\": \"cuda:0\", \"dtype\": \"torch.float32\", \"numel\": 524288, \"shape\": [1, 2, 64, 64, 64], \"stride\": [524288, 262144, 4096, 64, 1]}, \"pass\": 4, \"role\": \"primary\"}, {\"feature\": {\"device\": \"cuda:0\", \"dtype\": \"torch.float32\", \"numel\": 16777216, \"shape\": [1, 2, 32, 64, 64, 64], \"stride\": [16777216, 8388608, 262144, 4096, 64, 1]}, \"heatmap0\": {\"device\": \"cuda:0\", \"dtype\": \"torch.float32\", \"numel\": 262144, \"shape\": [1, 1, 64, 64, 64], \"stride\": [262144, 262144, 4096, 64, 1]}, \"input\": {\"device\": \"cuda:0\", \"dtype\": \"torch.float32\", \"numel\": 524288, \"shape\": [1, 2, 64, 64, 64], \"stride\": [524288, 262144, 4096, 1, 64]}, \"pass\": 5, \"role\": \"primary\"}, {\"feature\": {\"device\": \"cuda:0\", \"dtype\": \"torch.float32\", \"numel\": 16777216, \"shape\": [1, 2, 32, 64, 64, 64], \"stride\": [16777216, 8388608, 262144, 4096, 64, 1]}, \"heatmap0\": {\"device\": \"cuda:0\", \"dtype\": \"torch.float32\", \"numel\": 262144, \"shape\": [1, 1, 64, 64, 64], \"stride\": [262144, 262144, 4096, 64, 1]}, \"input\": {\"device\": \"cuda:0\", \"dtype\": \"torch.float32\", \"numel\": 524288, \"shape\": [1, 2, 64, 64, 64], \"stride\": [524288, 262144, 4096, 1, 64]}, \"pass\": 6, \"role\": \"primary\"}, {\"feature\": {\"device\": \"cuda:0\", \"dtype\": \"torch.float32\", \"numel\": 16777216, \"shape\": [1, 2, 32, 64, 64, 64], \"stride\": [16777216, 8388608, 262144, 4096, 64, 1]}, \"heatmap0\": {\"device\": \"cuda:0\", \"dtype\": \"torch.float32\", \"numel\": 262144, \"shape\": [1, 1, 64, 64, 64], \"stride\": [262144, 262144, 4096, 64, 1]}, \"input\": {\"device\": \"cuda:0\", \"dtype\": \"torch.float32\", \"numel\": 524288, \"shape\": [1, 2, 64, 64, 64], \"stride\": [524288, 262144, 4096, 1, 64]}, \"pass\": 7, \"role\": \"primary\"}, {\"feature\": {\"device\": \"cuda:0\", \"dtype\": \"torch.float32\", \"numel\": 16777216, \"shape\": [1, 2, 32, 64, 64, 64], \"stride\": [16777216, 8388608, 262144, 4096, 64, 1]}, \"heatmap0\": {\"device\": \"cuda:0\", \"dtype\": \"torch.float32\", \"numel\": 262144, \"shape\": [1, 1, 64, 64, 64], \"stride\": [262144, 262144, 4096, 64, 1]}, \"input\": {\"device\": \"cuda:0\", \"dtype\": \"torch.float32\", \"numel\": 524288, \"shape\": [1, 2, 64, 64, 64], \"stride\": [524288, 262144, 4096, 64, 1]}, \"pass\": 8, \"role\": \"primary\"}, {\"feature\": {\"device\": \"cuda:0\", \"dtype\": \"torch.float32\", \"numel\": 16777216, \"shape\": [1, 2, 32, 64, 64, 64], \"stride\": [16777216, 8388608, 262144, 4096, 64, 1]}, \"heatmap0\": {\"device\": \"cuda:0\", \"dtype\": \"torch.float32\", \"numel\": 262144, \"shape\": [1, 1, 64, 64, 64], \"stride\": [262144, 262144, 4096, 64, 1]}, \"input\": {\"device\": \"cuda:0\", \"dtype\": \"torch.float32\", \"numel\": 524288, \"shape\": [1, 2, 64, 64, 64], \"stride\": [524288, 262144, 4096, 64, 1]}, \"pass\": 1, \"role\": \"secondary\"}, {\"feature\": {\"device\": \"cuda:0\", \"dtype\": \"torch.float32\", \"numel\": 16777216, \"shape\": [1, 2, 32, 64, 64, 64], \"stride\": [16777216, 8388608, 262144, 4096, 64, 1]}, \"heatmap0\": {\"device\": \"cuda:0\", \"dtype\": \"torch.float32\", \"numel\": 262144, \"shape\": [1, 1, 64, 64, 64], \"stride\": [262144, 262144, 4096, 64, 1]}, \"input\": {\"device\": \"cuda:0\", \"dtype\": \"torch.float32\", \"numel\": 524288, \"shape\": [1, 2, 64, 64, 64], \"stride\": [524288, 262144, 4096, 64, 1]}, \"pass\": 2, \"role\": \"secondary\"}, {\"feature\": {\"device\": \"cuda:0\", \"dtype\": \"torch.float32\", \"numel\": 16777216, \"shape\": [1, 2, 32, 64, 64, 64], \"stride\": [16777216, 8388608, 262144, 4096, 64, 1]}, \"heatmap0\": {\"device\": \"cuda:0\", \"dtype\": \"torch.float32\", \"numel\": 262144, \"shape\": [1, 1, 64, 64, 64], \"stride\": [262144, 262144, 4096, 64, 1]}, \"input\": {\"device\": \"cuda:0\", \"dtype\": \"torch.float32\", \"numel\": 524288, \"shape\": [1, 2, 64, 64, 64], \"stride\": [524288, 262144, 4096, 64, 1]}, \"pass\": 3, \"role\": \"secondary\"}, {\"feature\": {\"device\": \"cuda:0\", \"dtype\": \"torch.float32\", \"numel\": 16777216, \"shape\": [1, 2, 32, 64, 64, 64], \"stride\": [16777216, 8388608, 262144, 4096, 64, 1]}, \"heatmap0\": {\"device\": \"cuda:0\", \"dtype\": \"torch.float32\", \"numel\": 262144, \"shape\": [1, 1, 64, 64, 64], \"stride\": [262144, 262144, 4096, 64, 1]}, \"input\": {\"device\": \"cuda:0\", \"dtype\": \"torch.float32\", \"numel\": 524288, \"shape\": [1, 2, 64, 64, 64], \"stride\": [524288, 262144, 4096, 64, 1]}, \"pass\": 4, \"role\": \"secondary\"}, {\"feature\": {\"device\": \"cuda:0\", \"dtype\": \"torch.float32\", \"numel\": 16777216, \"shape\": [1, 2, 32, 64, 64, 64], \"stride\": [16777216, 8388608, 262144, 4096, 64, 1]}, \"heatmap0\": {\"device\": \"cuda:0\", \"dtype\": \"torch.float32\", \"numel\": 262144, \"shape\": [1, 1, 64, 64, 64], \"stride\": [262144, 262144, 4096, 64, 1]}, \"input\": {\"device\": \"cuda:0\", \"dtype\": \"torch.float32\", \"numel\": 524288, \"shape\": [1, 2, 64, 64, 64], \"stride\": [524288, 262144, 4096, 1, 64]}, \"pass\": 5, \"role\": \"secondary\"}, {\"feature\": {\"device\": \"cuda:0\", \"dtype\": \"torch.float32\", \"numel\": 16777216, \"shape\": [1, 2, 32, 64, 64, 64], \"stride\": [16777216, 8388608, 262144, 4096, 64, 1]}, \"heatmap0\": {\"device\": \"cuda:0\", \"dtype\": \"torch.float32\", \"numel\": 262144, \"shape\": [1, 1, 64, 64, 64], \"stride\": [262144, 262144, 4096, 64, 1]}, \"input\": {\"device\": \"cuda:0\", \"dtype\": \"torch.float32\", \"numel\": 524288, \"shape\": [1, 2, 64, 64, 64], \"stride\": [524288, 262144, 4096, 1, 64]}, \"pass\": 6, \"role\": \"secondary\"}, {\"feature\": {\"device\": \"cuda:0\", \"dtype\": \"torch.float32\", \"numel\": 16777216, \"shape\": [1, 2, 32, 64, 64, 64], \"stride\": [16777216, 8388608, 262144, 4096, 64, 1]}, \"heatmap0\": {\"device\": \"cuda:0\", \"dtype\": \"torch.float32\", \"numel\": 262144, \"shape\": [1, 1, 64, 64, 64], \"stride\": [262144, 262144, 4096, 64, 1]}, \"input\": {\"device\": \"cuda:0\", \"dtype\": \"torch.float32\", \"numel\": 524288, \"shape\": [1, 2, 64, 64, 64], \"stride\": [524288, 262144, 4096, 1, 64]}, \"pass\": 7, \"role\": \"secondary\"}, {\"feature\": {\"device\": \"cuda:0\", \"dtype\": \"torch.float32\", \"numel\": 16777216, \"shape\": [1, 2, 32, 64, 64, 64], \"stride\": [16777216, 8388608, 262144, 4096, 64, 1]}, \"heatmap0\": {\"device\": \"cuda:0\", \"dtype\": \"torch.float32\", \"numel\": 262144, \"shape\": [1, 1, 64, 64, 64], \"stride\": [262144, 262144, 4096, 64, 1]}, \"input\": {\"device\": \"cuda:0\", \"dtype\": \"torch.float32\", \"numel\": 524288, \"shape\": [1, 2, 64, 64, 64], \"stride\": [524288, 262144, 4096, 64, 1]}, \"pass\": 8, \"role\": \"secondary\"}], \"event\": \"actual_predictor_window\", \"frames\": [0, 1], \"input\": {\"all_finite\": true, \"device\": \"cuda:0\", \"dtype\": \"torch.float32\", \"numel\": 524288, \"shape\": [1, 2, 64, 64, 64], \"stride\": [524288, 262144, 4096, 64, 1]}, \"input_parent\": \"/kaggle/input/competitions/biohub-cell-tracking-during-development/test\", \"seconds_including_common_audit\": 6.041469942999925, \"window_index\": 1, \"worker_execution_settings\": {\"autocast_enabled\": false, \"cuda_runtime\": \"12.8\", \"cudnn_allow_tf32\": true, \"cudnn_benchmark\": false, \"cudnn_deterministic\": false, \"default_dtype\": \"torch.float32\", \"deterministic_algorithms\": false, \"float32_matmul_precision\": \"highest\", \"gpu_name\": \"Tesla T4\", \"grad_enabled\": false, \"matmul_allow_tf32\": false, \"torch_initial_seed\": 1808465947083554680, \"torch_version\": \"2.10.0+cu128\"}}\n"}
,{"stream_name":"stdout","time":349.328242993,"data":"EDGE_TTA_ACTIVE views= 8 mean_abs_feat_delta= 0.328294\n"}
,{"stream_name":"stdout","time":349.411016721,"data":"EDGE_TTA_ACTIVE views= 8 mean_abs_feat_delta= 0.361891\n"}
,{"stream_name":"stdout","time":349.531391798,"data":"EDGE_TTA_ACTIVE views= 8 mean_abs_feat_delta= 0.328294\n"}
,{"stream_name":"stdout","time":349.531449104,"data":"EDGE_TTA_ACTIVE views= 8 mean_abs_feat_delta= 0.361891\n"}
,{"stream_name":"stdout","time":350.248338139,"data":"BIOHUB_RETENTION_GUARD {\"blended_candidates\": 333, \"dataset\": \"44b6_0b24845f\", \"frame\": 2, \"minimum_retention\": 0.9, \"primary_candidates\": 390, \"retention\": 0.8538461538461538, \"use_primary\": true}\n"}
,{"stream_name":"stdout","time":350.450934843,"data":"BIOHUB_RETENTION_GUARD {\"blended_candidates\": 333, \"dataset\": \"44b6_0b24845f\", \"frame\": 2, \"minimum_retention\": 0.9, \"primary_candidates\": 390, \"retention\": 0.8538461538461538, \"use_primary\": true}\n"}
,{"stream_name":"stdout","time":351.236279394,"data":"EDGE_TTA_ACTIVE views= 8 mean_abs_feat_delta= 0.326314\n"}
,{"stream_name":"stdout","time":351.31035867,"data":"EDGE_TTA_ACTIVE views= 8 mean_abs_feat_delta= 0.354206\n"}
,{"stream_name":"stdout","time":351.439684585,"data":"EDGE_TTA_ACTIVE views= 8 mean_abs_feat_delta= 0.326314\n"}
,{"stream_name":"stdout","time":351.439726658,"data":"EDGE_TTA_ACTIVE views= 8 mean_abs_feat_delta= 0.354206\n"}
,{"stream_name":"stdout","time":352.148947685,"data":"BIOHUB_RETENTION_GUARD {\"blended_candidates\": 362, \"dataset\": \"44b6_0b24845f\", \"frame\": 3, \"minimum_retention\": 0.9, \"primary_candidates\": 421, \"retention\": 0.8598574821852731, \"use_primary\": true}\n"}
,{"stream_name":"stdout","time":352.351753385,"data":"BIOHUB_RETENTION_GUARD {\"blended_candidates\": 362, \"dataset\": \"44b6_0b24845f\", \"frame\": 3, \"minimum_retention\": 0.9, \"primary_candidates\": 421, \"retention\": 0.8598574821852731, \"use_primary\": true}\n"}
,{"stream_name":"stdout","time":353.169395651,"data":"EDGE_TTA_ACTIVE views= 8 mean_abs_feat_delta= 0.32686\n"}
,{"stream_name":"stdout","time":353.222560242,"data":"EDGE_TTA_ACTIVE views= 8 mean_abs_feat_delta= 0.358867\n"}
,{"stream_name":"stdout","time":353.372209843,"data":"EDGE_TTA_ACTIVE views= 8 mean_abs_feat_delta= 0.32686\n"}
,{"stream_name":"stdout","time":353.372248522,"data":"EDGE_TTA_ACTIVE views= 8 mean_abs_feat_delta= 0.358867\n"}
,{"stream_name":"stdout","time":354.066320327,"data":"BIOHUB_RETENTION_GUARD {\"blended_candidates\": 341, \"dataset\": \"44b6_0b24845f\", \"frame\": 4, \"minimum_retention\": 0.9, \"primary_candidates\": 404, \"retention\": 0.844059405940594, \"use_primary\": true}\n"}
,{"stream_name":"stdout","time":354.269074426,"data":"BIOHUB_RETENTION_GUARD {\"blended_candidates\": 341, \"dataset\": \"44b6_0b24845f\", \"frame\": 4, \"minimum_retention\": 0.9, \"primary_candidates\": 404, \"retention\": 0.844059405940594, \"use_primary\": true}\n"}
,{"stream_name":"stdout","time":355.081573174,"data":"EDGE_TTA_ACTIVE views= 8 mean_abs_feat_delta= 0.327781\n"}
,{"stream_name":"stdout","time":355.141870157,"data":"EDGE_TTA_ACTIVE views= 8 mean_abs_feat_delta= 0.362463\n"}
,{"stream_name":"stdout","time":355.284859343,"data":"EDGE_TTA_ACTIVE views= 8 mean_abs_feat_delta= 0.327781\n"}
,{"stream_name":"stdout","time":355.284907723,"data":"EDGE_TTA_ACTIVE views= 8 mean_abs_feat_delta= 0.362463\n"}
,{"stream_name":"stdout","time":355.990207482,"data":"BIOHUB_RETENTION_GUARD {\"blended_candidates\": 326, \"dataset\": \"44b6_0b24845f\", \"frame\": 5, \"minimum_retention\": 0.9, \"primary_candidates\": 383, \"retention\": 0.8511749347258486, \"use_primary\": true}\n"}
,{"stream_name":"stdout","time":356.192950904,"data":"BIOHUB_RETENTION_GUARD {\"blended_candidates\": 326, \"dataset\": \"44b6_0b24845f\", \"frame\": 5, \"minimum_retention\": 0.9, \"primary_candidates\": 383, \"retention\": 0.8511749347258486, \"use_primary\": true}\n"}
,{"stream_name":"stdout","time":357.013351162,"data":"EDGE_TTA_ACTIVE views= 8 mean_abs_feat_delta= 0.332086\n"}
,{"stream_name":"stdout","time":357.067923804,"data":"EDGE_TTA_ACTIVE views= 8 mean_abs_feat_delta= 0.363112\n"}
,{"stream_name":"stdout","time":357.216424571,"data":"EDGE_TTA_ACTIVE views= 8 mean_abs_feat_delta= 0.332086\n"}
,{"stream_name":"stdout","time":357.216527957,"data":"EDGE_TTA_ACTIVE views= 8 mean_abs_feat_delta= 0.363112\n"}
,{"stream_name":"stdout","time":357.932515105,"data":"BIOHUB_RETENTION_GUARD {\"blended_candidates\": 333, \"dataset\": \"44b6_0b24845f\", \"frame\": 6, \"minimum_retention\": 0.9, \"primary_candidates\": 403, \"retention\": 0.826302729528536, \"use_primary\": true}\n"}
,{"stream_name":"stdout","time":358.134792838,"data":"BIOHUB_RETENTION_GUARD {\"blended_candidates\": 333, \"dataset\": \"44b6_0b24845f\", \"frame\": 6, \"minimum_retention\": 0.9, \"primary_candidates\": 403, \"retention\": 0.826302729528536, \"use_primary\": true}\n"}
,{"stream_name":"stdout","time":358.889174856,"data":"EDGE_TTA_ACTIVE views= 8 mean_abs_feat_delta= 0.337311\n"}
,{"stream_name":"stdout","time":358.974542388,"data":"EDGE_TTA_ACTIVE views= 8 mean_abs_feat_delta= 0.363947\n"}
,{"stream_name":"stdout","time":359.091906235,"data":"EDGE_TTA_ACTIVE views= 8 mean_abs_feat_delta= 0.337311\n"}
,{"stream_name":"stdout","time":359.091955197,"data":"EDGE_TTA_ACTIVE views= 8 mean_abs_feat_delta= 0.363947\n"}
,{"stream_name":"stdout","time":359.825845752,"data":"BIOHUB_RETENTION_GUARD {\"blended_candidates\": 309, \"dataset\": \"44b6_0b24845f\", \"frame\": 7, \"minimum_retention\": 0.9, \"primary_candidates\": 390, \"retention\": 0.7923076923076923, \"use_primary\": true}\n"}
,{"stream_name":"stdout","time":360.028543258,"data":"BIOHUB_RETENTION_GUARD {\"blended_candidates\": 309, \"dataset\": \"44b6_0b24845f\", \"frame\": 7, \"minimum_retention\": 0.9, \"primary_candidates\": 390, \"retention\": 0.7923076923076923, \"use_primary\": true}\n"}
,{"stream_name":"stdout","time":360.793285287,"data":"EDGE_TTA_ACTIVE views= 8 mean_abs_feat_delta= 0.336476\n"}
,{"stream_name":"stdout","time":360.873530219,"data":"EDGE_TTA_ACTIVE views= 8 mean_abs_feat_delta= 0.368841\n"}
,{"stream_name":"stdout","time":361.01859233,"data":"EDGE_TTA_ACTIVE views= 8 mean_abs_feat_delta= 0.336476\n"}
,{"stream_name":"stdout","time":361.018662119,"data":"EDGE_TTA_ACTIVE views= 8 mean_abs_feat_delta= 0.368841\n"}
,{"stream_name":"stdout","time":361.725894262,"data":"BIOHUB_RETENTION_GUARD {\"blended_candidates\": 378, \"dataset\": \"44b6_0b24845f\", \"frame\": 8, \"minimum_retention\": 0.9, \"primary_candidates\": 443, \"retention\": 0.8532731376975169, \"use_primary\": true}\n"}
,{"stream_name":"stdout","time":361.928633046,"data":"BIOHUB_RETENTION_GUARD {\"blended_candidates\": 378, \"dataset\": \"44b6_0b24845f\", \"frame\": 8, \"minimum_retention\": 0.9, \"primary_candidates\": 443, \"retention\": 0.8532731376975169, \"use_primary\": true}\n"}
,{"stream_name":"stdout","time":362.666009371,"data":"EDGE_TTA_ACTIVE views= 8 mean_abs_feat_delta= 0.33307\n"}
,{"stream_name":"stdout","time":362.780014313,"data":"EDGE_TTA_ACTIVE views= 8 mean_abs_feat_delta= 0.372442\n"}
,{"stream_name":"stdout","time":362.868893618,"data":"EDGE_TTA_ACTIVE views= 8 mean_abs_feat_delta= 0.33307\n"}
,{"stream_name":"stdout","time":362.868965766,"data":"EDGE_TTA_ACTIVE views= 8 mean_abs_feat_delta= 0.372442\n"}
,{"stream_name":"stdout","time":363.636084779,"data":"BIOHUB_RETENTION_GUARD {\"blended_candidates\": 362, \"dataset\": \"44b6_0b24845f\", \"frame\": 9, \"minimum_retention\": 0.9, \"primary_candidates\": 429, \"retention\": 0.8438228438228438, \"use_primary\": true}\n"}
,{"stream_name":"stdout","time":363.838557763,"data":"BIOHUB_RETENTION_GUARD {\"blended_candidates\": 362, \"dataset\": \"44b6_0b24845f\", \"frame\": 9, \"minimum_retention\": 0.9, \"primary_candidates\": 429, \"retention\": 0.8438228438228438, \"use_primary\": true}\n"}
,{"stream_name":"stdout","time":364.592513632,"data":"EDGE_TTA_ACTIVE views= 8 mean_abs_feat_delta= 0.333216\n"}
,{"stream_name":"stdout","time":364.730649612,"data":"EDGE_TTA_ACTIVE views= 8 mean_abs_feat_delta= 0.36599\n"}
,{"stream_name":"stdout","time":364.79551979,"data":"EDGE_TTA_ACTIVE views= 8 mean_abs_feat_delta= 0.333216\n"}
,{"stream_name":"stdout","time":364.795600623,"data":"EDGE_TTA_ACTIVE views= 8 mean_abs_feat_delta= 0.36599\n"}
,{"stream_name":"stdout","time":365.588387803,"data":"BIOHUB_RETENTION_GUARD {\"blended_candidates\": 331, \"dataset\": \"44b6_0b24845f\", \"frame\": 10, \"minimum_retention\": 0.9, \"primary_candidates\": 419, \"retention\": 0.7899761336515513, \"use_primary\": true}\n"}
,{"stream_name":"stdout","time":365.791180106,"data":"BIOHUB_RETENTION_GUARD {\"blended_candidates\": 331, \"dataset\": \"44b6_0b24845f\", \"frame\": 10, \"minimum_retention\": 0.9, \"primary_candidates\": 419, \"retention\": 0.7899761336515513, \"use_primary\": true}\n"}
,{"stream_name":"stdout","time":366.481885462,"data":"EDGE_TTA_ACTIVE views= 8 mean_abs_feat_delta= 0.341654\n"}
,{"stream_name":"stdout","time":366.622111069,"data":"EDGE_TTA_ACTIVE views= 8 mean_abs_feat_delta= 0.358411\n"}
,{"stream_name":"stdout","time":366.684494652,"data":"EDGE_TTA_ACTIVE views= 8 mean_abs_feat_delta= 0.341654\n"}
,{"stream_name":"stdout","time":366.684533458,"data":"EDGE_TTA_ACTIVE views= 8 mean_abs_feat_delta= 0.358411\n"}
,{"stream_name":"stdout","time":367.48754636,"data":"BIOHUB_RETENTION_GUARD {\"blended_candidates\": 376, \"dataset\": \"44b6_0b24845f\", \"frame\": 11, \"minimum_retention\": 0.9, \"primary_candidates\": 441, \"retention\": 0.8526077097505669, \"use_primary\": true}\n"}
,{"stream_name":"stdout","time":367.690022125,"data":"BIOHUB_RETENTION_GUARD {\"blended_candidates\": 376, \"dataset\": \"44b6_0b24845f\", \"frame\": 11, \"minimum_retention\": 0.9, \"primary_candidates\": 441, \"retention\": 0.8526077097505669, \"use_primary\": true}\n"}
,{"stream_name":"stdout","time":368.432984509,"data":"EDGE_TTA_ACTIVE views= 8 mean_abs_feat_delta= 0.334228\n"}
,{"stream_name":"stdout","time":368.587830071,"data":"EDGE_TTA_ACTIVE views= 8 mean_abs_feat_delta= 0.361758\n"}
,{"stream_name":"stdout","time":368.635954401,"data":"EDGE_TTA_ACTIVE views= 8 mean_abs_feat_delta= 0.334228\n"}
,{"stream_name":"stdout","time":368.636025989,"data":"EDGE_TTA_ACTIVE views= 8 mean_abs_feat_delta= 0.361758\n"}
,{"stream_name":"stdout","time":369.454071349,"data":"BIOHUB_RETENTION_GUARD {\"blended_candidates\": 304, \"dataset\": \"44b6_0b24845f\", \"frame\": 12, \"minimum_retention\": 0.9, \"primary_candidates\": 361, \"retention\": 0.8421052631578947, \"use_primary\": true}\n"}
,{"stream_name":"stdout","time":369.657662867,"data":"BIOHUB_RETENTION_GUARD {\"blended_candidates\": 304, \"dataset\": \"44b6_0b24845f\", \"frame\": 12, \"minimum_retention\": 0.9, \"primary_candidates\": 361, \"retention\": 0.8421052631578947, \"use_primary\": true}\n"}
,{"stream_name":"stdout","time":370.377828675,"data":"EDGE_TTA_ACTIVE views= 8 mean_abs_feat_delta= 0.335161\n"}
,{"stream_name":"stdout","time":370.506640566,"data":"EDGE_TTA_ACTIVE views= 8 mean_abs_feat_delta= 0.368237\n"}
,{"stream_name":"stdout","time":370.580358136,"data":"EDGE_TTA_ACTIVE views= 8 mean_abs_feat_delta= 0.335161\n"}
,{"stream_name":"stdout","time":370.580393538,"data":"EDGE_TTA_ACTIVE views= 8 mean_abs_feat_delta= 0.368237\n"}
,{"stream_name":"stdout","time":371.373782423,"data":"BIOHUB_RETENTION_GUARD {\"blended_candidates\": 314, \"dataset\": \"44b6_0b24845f\", \"frame\": 13, \"minimum_retention\": 0.9, \"primary_candidates\": 382, \"retention\": 0.8219895287958116, \"use_primary\": true}\n"}
,{"stream_name":"stdout","time":371.5765497,"data":"BIOHUB_RETENTION_GUARD {\"blended_candidates\": 314, \"dataset\": \"44b6_0b24845f\", \"frame\": 13, \"minimum_retention\": 0.9, \"primary_candidates\": 382, \"retention\": 0.8219895287958116, \"use_primary\": true}\n"}
,{"stream_name":"stdout","time":372.295384305,"data":"EDGE_TTA_ACTIVE views= 8 mean_abs_feat_delta= 0.330752\n"}
,{"stream_name":"stdout","time":372.457133378,"data":"EDGE_TTA_ACTIVE views= 8 mean_abs_feat_delta= 0.366311\n"}
,{"stream_name":"stdout","time":372.498246558,"data":"EDGE_TTA_ACTIVE views= 8 mean_abs_feat_delta= 0.330752\n"}
,{"stream_name":"stdout","time":372.498283033,"data":"EDGE_TTA_ACTIVE views= 8 mean_abs_feat_delta= 0.366311\n"}
,{"stream_name":"stdout","time":373.326695141,"data":"BIOHUB_RETENTION_GUARD {\"blended_candidates\": 330, \"dataset\": \"44b6_0b24845f\", \"frame\": 14, \"minimum_retention\": 0.9, \"primary_candidates\": 378, \"retention\": 0.873015873015873, \"use_primary\": true}\n"}
,{"stream_name":"stdout","time":373.529538833,"data":"BIOHUB_RETENTION_GUARD {\"blended_candidates\": 330, \"dataset\": \"44b6_0b24845f\", \"frame\": 14, \"minimum_retention\": 0.9, \"primary_candidates\": 378, \"retention\": 0.873015873015873, \"use_primary\": true}\n"}
,{"stream_name":"stdout","time":374.220920883,"data":"EDGE_TTA_ACTIVE views= 8 mean_abs_feat_delta= 0.32964\n"}
,{"stream_name":"stdout","time":374.406334101,"data":"EDGE_TTA_ACTIVE views= 8 mean_abs_feat_delta= 0.362666\n"}
,{"stream_name":"stdout","time":374.42374697,"data":"EDGE_TTA_ACTIVE views= 8 mean_abs_feat_delta= 0.32964\n"}
,{"stream_name":"stdout","time":374.42377746,"data":"EDGE_TTA_ACTIVE views= 8 mean_abs_feat_delta= 0.362666\n"}
,{"stream_name":"stdout","time":376.127309226,"data":"EDGE_TTA_ACTIVE views= 8 mean_abs_feat_delta= 0.32447\n"}
,{"stream_name":"stdout","time":376.327072787,"data":"EDGE_TTA_ACTIVE views= 8 mean_abs_feat_delta= 0.368515\n"}
,{"stream_name":"stdout","time":376.32988734,"data":"EDGE_TTA_ACTIVE views= 8 mean_abs_feat_delta= 0.32447\n"}
,{"stream_name":"stdout","time":376.329944272,"data":"EDGE_TTA_ACTIVE views= 8 mean_abs_feat_delta= 0.368515\n"}
,{"stream_name":"stdout","time":378.095937259,"data":"EDGE_TTA_ACTIVE views= 8 mean_abs_feat_delta= 0.325522\n"}
,{"stream_name":"stdout","time":378.254958191,"data":"EDGE_TTA_ACTIVE views= 8 mean_abs_feat_delta= 0.37163\n"}
,{"stream_name":"stdout","time":378.298656023,"data":"EDGE_TTA_ACTIVE views= 8 mean_abs_feat_delta= 0.325522\n"}
,{"stream_name":"stdout","time":378.29868666,"data":"EDGE_TTA_ACTIVE views= 8 mean_abs_feat_delta= 0.37163\n"}
,{"stream_name":"stdout","time":380.063394206,"data":"EDGE_TTA_ACTIVE views= 8 mean_abs_feat_delta= 0.319866\n"}
,{"stream_name":"stdout","time":380.184148606,"data":"EDGE_TTA_ACTIVE views= 8 mean_abs_feat_delta= 0.367306\n"}
,{"stream_name":"stdout","time":380.266247147,"data":"EDGE_TTA_ACTIVE views= 8 mean_abs_feat_delta= 0.319866\n"}
,{"stream_name":"stdout","time":380.266287076,"data":"EDGE_TTA_ACTIVE views= 8 mean_abs_feat_delta= 0.367306\n"}
,{"stream_name":"stdout","time":382.084982891,"data":"EDGE_TTA_ACTIVE views= 8 mean_abs_feat_delta= 0.323582\n"}
,{"stream_name":"stdout","time":382.151874872,"data":"EDGE_TTA_ACTIVE views= 8 mean_abs_feat_delta= 0.356982\n"}
,{"stream_name":"stdout","time":382.287825573,"data":"EDGE_TTA_ACTIVE views= 8 mean_abs_feat_delta= 0.323582\n"}
,{"stream_name":"stdout","time":382.287864116,"data":"EDGE_TTA_ACTIVE views= 8 mean_abs_feat_delta= 0.356982\n"}
,{"stream_name":"stdout","time":384.09817119,"data":"EDGE_TTA_ACTIVE views= 8 mean_abs_feat_delta= 0.354988\n"}
,{"stream_name":"stdout","time":384.120717843,"data":"EDGE_TTA_ACTIVE views= 8 mean_abs_feat_delta= 0.326415\n"}
,{"stream_name":"stdout","time":384.300776364,"data":"EDGE_TTA_ACTIVE views= 8 mean_abs_feat_delta= 0.354988\n"}
,{"stream_name":"stdout","time":384.300813282,"data":"EDGE_TTA_ACTIVE views= 8 mean_abs_feat_delta= 0.326415\n"}
,{"stream_name":"stdout","time":384.987841432,"data":"BIOHUB_RETENTION_GUARD {\"blended_candidates\": 285, \"dataset\": \"44b6_0b24845f\", \"frame\": 20, \"minimum_retention\": 0.9, \"primary_candidates\": 317, \"retention\": 0.8990536277602523, \"use_primary\": true}\n"}
,{"stream_name":"stdout","time":385.190279447,"data":"BIOHUB_RETENTION_GUARD {\"blended_candidates\": 285, \"dataset\": \"44b6_0b24845f\", \"frame\": 20, \"minimum_retention\": 0.9, \"primary_candidates\": 317, \"retention\": 0.8990536277602523, \"use_primary\": true}\n"}
,{"stream_name":"stdout","time":386.08301881,"data":"EDGE_TTA_ACTIVE views= 8 mean_abs_feat_delta= 0.32326\n"}
,{"stream_name":"stdout","time":386.095954206,"data":"EDGE_TTA_ACTIVE views= 8 mean_abs_feat_delta= 0.355885\n"}
,{"stream_name":"stdout","time":386.285797681,"data":"EDGE_TTA_ACTIVE views= 8 mean_abs_feat_delta= 0.32326\n"}
,{"stream_name":"stdout","time":386.28586692,"data":"EDGE_TTA_ACTIVE views= 8 mean_abs_feat_delta= 0.355885\n"}
,{"stream_name":"stdout","time":386.986038027,"data":"BIOHUB_RETENTION_GUARD {\"blended_candidates\": 265, \"dataset\": \"44b6_0b24845f\", \"frame\": 21, \"minimum_retention\": 0.9, \"primary_candidates\": 325, \"retention\": 0.8153846153846154, \"use_primary\": true}\n"}
,{"stream_name":"stdout","time":387.188606691,"data":"BIOHUB_RETENTION_GUARD {\"blended_candidates\": 265, \"dataset\": \"44b6_0b24845f\", \"frame\": 21, \"minimum_retention\": 0.9, \"primary_candidates\": 325, \"retention\": 0.8153846153846154, \"use_primary\": true}\n"}
,{"stream_name":"stdout","time":388.087630361,"data":"EDGE_TTA_ACTIVE views= 8 mean_abs_feat_delta= 0.324888\n"}
,{"stream_name":"stdout","time":388.106395313,"data":"EDGE_TTA_ACTIVE views= 8 mean_abs_feat_delta= 0.357492\n"}
,{"stream_name":"stdout","time":388.290319507,"data":"EDGE_TTA_ACTIVE views= 8 mean_abs_feat_delta= 0.324888\n"}
,{"stream_name":"stdout","time":388.290358872,"data":"EDGE_TTA_ACTIVE views= 8 mean_abs_feat_delta= 0.357492\n"}
,{"stream_name":"stdout","time":389.012613928,"data":"BIOHUB_RETENTION_GUARD {\"blended_candidates\": 286, \"dataset\": \"44b6_0b24845f\", \"frame\": 22, \"minimum_retention\": 0.9, \"primary_candidates\": 326, \"retention\": 0.8773006134969326, \"use_primary\": true}\n"}
,{"stream_name":"stdout","time":389.215350497,"data":"BIOHUB_RETENTION_GUARD {\"blended_candidates\": 286, \"dataset\": \"44b6_0b24845f\", \"frame\": 22, \"minimum_retention\": 0.9, \"primary_candidates\": 326, \"retention\": 0.8773006134969326, \"use_primary\": true}\n"}
,{"stream_name":"stdout","time":390.126284502,"data":"EDGE_TTA_ACTIVE views= 8 mean_abs_feat_delta= 0.325752\n"}
,{"stream_name":"stdout","time":390.142482739,"data":"EDGE_TTA_ACTIVE views= 8 mean_abs_feat_delta= 0.361386\n"}
,{"stream_name":"stdout","time":390.329090185,"data":"EDGE_TTA_ACTIVE views= 8 mean_abs_feat_delta= 0.325752\n"}
,{"stream_name":"stdout","time":390.329270275,"data":"EDGE_TTA_ACTIVE views= 8 mean_abs_feat_delta= 0.361386\n"}
,{"stream_name":"stdout","time":392.144577178,"data":"EDGE_TTA_ACTIVE views= 8 mean_abs_feat_delta= 0.361052\n"}
,{"stream_name":"stdout","time":392.149783187,"data":"EDGE_TTA_ACTIVE views= 8 mean_abs_feat_delta= 0.330364\n"}
,{"stream_name":"stdout","time":392.365766344,"data":"EDGE_TTA_ACTIVE views= 8 mean_abs_feat_delta= 0.361052\n"}
,{"stream_name":"stdout","time":392.365799326,"data":"EDGE_TTA_ACTIVE views= 8 mean_abs_feat_delta= 0.330364\n"}
,{"stream_name":"stdout","time":393.039580629,"data":"BIOHUB_RETENTION_GUARD {\"blended_candidates\": 261, \"dataset\": \"44b6_0b24845f\", \"frame\": 24, \"minimum_retention\": 0.9, \"primary_candidates\": 306, \"retention\": 0.8529411764705882, \"use_primary\": true}\n"}
,{"stream_name":"stdout","time":393.24339382,"data":"BIOHUB_RETENTION_GUARD {\"blended_candidates\": 261, \"dataset\": \"44b6_0b24845f\", \"frame\": 24, \"minimum_retention\": 0.9, \"primary_candidates\": 306, \"retention\": 0.8529411764705882, \"use_primary\": true}\n"}
,{"stream_name":"stdout","time":394.111562296,"data":"EDGE_TTA_ACTIVE views= 8 mean_abs_feat_delta= 0.36198\n"}
,{"stream_name":"stdout","time":394.169922658,"data":"EDGE_TTA_ACTIVE views= 8 mean_abs_feat_delta= 0.329773\n"}
,{"stream_name":"stdout","time":394.314456403,"data":"EDGE_TTA_ACTIVE views= 8 mean_abs_feat_delta= 0.36198\n"}
,{"stream_name":"stdout","time":394.314499493,"data":"EDGE_TTA_ACTIVE views= 8 mean_abs_feat_delta= 0.329773\n"}
,{"stream_name":"stdout","time":396.084746602,"data":"EDGE_TTA_ACTIVE views= 8 mean_abs_feat_delta= 0.365963\n"}
,{"stream_name":"stdout","time":396.215729702,"data":"EDGE_TTA_ACTIVE views= 8 mean_abs_feat_delta= 0.325156\n"}
,{"stream_name":"stdout","time":396.287512835,"data":"EDGE_TTA_ACTIVE views= 8 mean_abs_feat_delta= 0.365963\n"}
,{"stream_name":"stdout","time":396.287554301,"data":"EDGE_TTA_ACTIVE views= 8 mean_abs_feat_delta= 0.325156\n"}
,{"stream_name":"stdout","time":396.989519446,"data":"BIOHUB_RETENTION_GUARD {\"blended_candidates\": 273, \"dataset\": \"44b6_0b24845f\", \"frame\": 26, \"minimum_retention\": 0.9, \"primary_candidates\": 309, \"retention\": 0.883495145631068, \"use_primary\": true}\n"}
,{"stream_name":"stdout","time":397.191859522,"data":"BIOHUB_RETENTION_GUARD {\"blended_candidates\": 273, \"dataset\": \"44b6_0b24845f\", \"frame\": 26, \"minimum_retention\": 0.9, \"primary_candidates\": 309, \"retention\": 0.883495145631068, \"use_primary\": true}\n"}
,{"stream_name":"stdout","time":398.09353918,"data":"EDGE_TTA_ACTIVE views= 8 mean_abs_feat_delta= 0.369614\n"}
,{"stream_name":"stdout","time":398.208837715,"data":"EDGE_TTA_ACTIVE views= 8 mean_abs_feat_delta= 0.328005\n"}
,{"stream_name":"stdout","time":398.296493198,"data":"EDGE_TTA_ACTIVE views= 8 mean_abs_feat_delta= 0.369614\n"}
,{"stream_name":"stdout","time":398.296615699,"data":"EDGE_TTA_ACTIVE views= 8 mean_abs_feat_delta= 0.328005\n"}
,{"stream_name":"stdout","time":399.001028328,"data":"BIOHUB_RETENTION_GUARD {\"blended_candidates\": 258, \"dataset\": \"44b6_0b24845f\", \"frame\": 27, \"minimum_retention\": 0.9, \"primary_candidates\": 302, \"retention\": 0.8543046357615894, \"use_primary\": true}\n"}
,{"stream_name":"stdout","time":399.203707537,"data":"BIOHUB_RETENTION_GUARD {\"blended_candidates\": 258, \"dataset\": \"44b6_0b24845f\", \"frame\": 27, \"minimum_retention\": 0.9, \"primary_candidates\": 302, \"retention\": 0.8543046357615894, \"use_primary\": true}\n"}
,{"stream_name":"stdout","time":400.114123468,"data":"EDGE_TTA_ACTIVE views= 8 mean_abs_feat_delta= 0.365619\n"}
,{"stream_name":"stdout","time":400.255005374,"data":"EDGE_TTA_ACTIVE views= 8 mean_abs_feat_delta= 0.332057\n"}
,{"stream_name":"stdout","time":400.316882089,"data":"EDGE_TTA_ACTIVE views= 8 mean_abs_feat_delta= 0.365619\n"}
,{"stream_name":"stdout","time":400.316951425,"data":"EDGE_TTA_ACTIVE views= 8 mean_abs_feat_delta= 0.332057\n"}
,{"stream_name":"stdout","time":402.171605016,"data":"EDGE_TTA_ACTIVE views= 8 mean_abs_feat_delta= 0.366332\n"}
,{"stream_name":"stdout","time":402.251009227,"data":"EDGE_TTA_ACTIVE views= 8 mean_abs_feat_delta= 0.327244\n"}
,{"stream_name":"stdout","time":402.374699153,"data":"EDGE_TTA_ACTIVE views= 8 mean_abs_feat_delta= 0.366332\n"}
,{"stream_name":"stdout","time":402.374738776,"data":"EDGE_TTA_ACTIVE views= 8 mean_abs_feat_delta= 0.327244\n"}
,{"stream_name":"stdout","time":404.169990486,"data":"EDGE_TTA_ACTIVE views= 8 mean_abs_feat_delta= 0.364134\n"}
,{"stream_name":"stdout","time":404.302579909,"data":"EDGE_TTA_ACTIVE views= 8 mean_abs_feat_delta= 0.331491\n"}
,{"stream_name":"stdout","time":404.373150519,"data":"EDGE_TTA_ACTIVE views= 8 mean_abs_feat_delta= 0.364134\n"}
,{"stream_name":"stdout","time":404.37322802,"data":"EDGE_TTA_ACTIVE views= 8 mean_abs_feat_delta= 0.331491\n"}
,{"stream_name":"stdout","time":406.166544298,"data":"EDGE_TTA_ACTIVE views= 8 mean_abs_feat_delta= 0.359711\n"}
,{"stream_name":"stdout","time":406.369755414,"data":"EDGE_TTA_ACTIVE views= 8 mean_abs_feat_delta= 0.359711\n"}
,{"stream_name":"stdout","time":406.386461363,"data":"EDGE_TTA_ACTIVE views= 8 mean_abs_feat_delta= 0.332767\n"}
,{"stream_name":"stdout","time":406.589236659,"data":"EDGE_TTA_ACTIVE views= 8 mean_abs_feat_delta= 0.332767\n"}
,{"stream_name":"stdout","time":408.135487867,"data":"EDGE_TTA_ACTIVE views= 8 mean_abs_feat_delta= 0.362505\n"}
,{"stream_name":"stdout","time":408.338397404,"data":"EDGE_TTA_ACTIVE views= 8 mean_abs_feat_delta= 0.362505\n"}
,{"stream_name":"stdout","time":408.449733426,"data":"EDGE_TTA_ACTIVE views= 8 mean_abs_feat_delta= 0.333532\n"}
,{"stream_name":"stdout","time":408.652456732,"data":"EDGE_TTA_ACTIVE views= 8 mean_abs_feat_delta= 0.333532\n"}
,{"stream_name":"stdout","time":409.074977915,"data":"BIOHUB_RETENTION_GUARD {\"blended_candidates\": 249, \"dataset\": \"44b6_0b24845f\", \"frame\": 32, \"minimum_retention\": 0.9, \"primary_candidates\": 293, \"retention\": 0.8498293515358362, \"use_primary\": true}\n"}
,{"stream_name":"stdout","time":409.277495533,"data":"BIOHUB_RETENTION_GUARD {\"blended_candidates\": 249, \"dataset\": \"44b6_0b24845f\", \"frame\": 32, \"minimum_retention\": 0.9, \"primary_candidates\": 293, \"retention\": 0.8498293515358362, \"use_primary\": true}\n"}
,{"stream_name":"stdout","time":410.214876048,"data":"EDGE_TTA_ACTIVE views= 8 mean_abs_feat_delta= 0.364903\n"}
,{"stream_name":"stdout","time":410.417563599,"data":"EDGE_TTA_ACTIVE views= 8 mean_abs_feat_delta= 0.364903\n"}
,{"stream_name":"stdout","time":410.560697236,"data":"EDGE_TTA_ACTIVE views= 8 mean_abs_feat_delta= 0.339086\n"}
,{"stream_name":"stdout","time":410.763505171,"data":"EDGE_TTA_ACTIVE views= 8 mean_abs_feat_delta= 0.339086\n"}
,{"stream_name":"stdout","time":411.138669801,"data":"BIOHUB_RETENTION_GUARD {\"blended_candidates\": 234, \"dataset\": \"44b6_0b24845f\", \"frame\": 33, \"minimum_retention\": 0.9, \"primary_candidates\": 276, \"retention\": 0.8478260869565217, \"use_primary\": true}\n"}
,{"stream_name":"stdout","time":411.341277165,"data":"BIOHUB_RETENTION_GUARD {\"blended_candidates\": 234, \"dataset\": \"44b6_0b24845f\", \"frame\": 33, \"minimum_retention\": 0.9, \"primary_candidates\": 276, \"retention\": 0.8478260869565217, \"use_primary\": true}\n"}
,{"stream_name":"stdout","time":412.277490203,"data":"EDGE_TTA_ACTIVE views= 8 mean_abs_feat_delta= 0.364198\n"}
,{"stream_name":"stdout","time":412.480387971,"data":"EDGE_TTA_ACTIVE views= 8 mean_abs_feat_delta= 0.364198\n"}
,{"stream_name":"stdout","time":412.732034914,"data":"EDGE_TTA_ACTIVE views= 8 mean_abs_feat_delta= 0.336421\n"}
,{"stream_name":"stdout","time":412.934747955,"data":"EDGE_TTA_ACTIVE views= 8 mean_abs_feat_delta= 0.336421\n"}
,{"stream_name":"stdout","time":414.348026761,"data":"EDGE_TTA_ACTIVE views= 8 mean_abs_feat_delta= 0.362852\n"}
,{"stream_name":"stdout","time":414.550868685,"data":"EDGE_TTA_ACTIVE views= 8 mean_abs_feat_delta= 0.362852\n"}
,{"stream_name":"stdout","time":414.817120463,"data":"EDGE_TTA_ACTIVE views= 8 mean_abs_feat_delta= 0.329875\n"}
,{"stream_name":"stdout","time":415.019884852,"data":"EDGE_TTA_ACTIVE views= 8 mean_abs_feat_delta= 0.329875\n"}
,{"stream_name":"stdout","time":416.376618419,"data":"EDGE_TTA_ACTIVE views= 8 mean_abs_feat_delta= 0.373852\n"}
,{"stream_name":"stdout","time":416.579342266,"data":"EDGE_TTA_ACTIVE views= 8 mean_abs_feat_delta= 0.373852\n"}
,{"stream_name":"stdout","time":416.926389008,"data":"EDGE_TTA_ACTIVE views= 8 mean_abs_feat_delta= 0.328572\n"}
,{"stream_name":"stdout","time":417.129015541,"data":"EDGE_TTA_ACTIVE views= 8 mean_abs_feat_delta= 0.328572\n"}
,{"stream_name":"stdout","time":418.419686683,"data":"EDGE_TTA_ACTIVE views= 8 mean_abs_feat_delta= 0.368966\n"}
,{"stream_name":"stdout","time":418.622457028,"data":"EDGE_TTA_ACTIVE views= 8 mean_abs_feat_delta= 0.368966\n"}
,{"stream_name":"stdout","time":419.035403835,"data":"EDGE_TTA_ACTIVE views= 8 mean_abs_feat_delta= 0.326071\n"}
,{"stream_name":"stdout","time":419.238219642,"data":"EDGE_TTA_ACTIVE views= 8 mean_abs_feat_delta= 0.326071\n"}
,{"stream_name":"stdout","time":420.488245346,"data":"EDGE_TTA_ACTIVE views= 8 mean_abs_feat_delta= 0.366559\n"}
,{"stream_name":"stdout","time":420.690921838,"data":"EDGE_TTA_ACTIVE views= 8 mean_abs_feat_delta= 0.366559\n"}
,{"stream_name":"stdout","time":421.130761265,"data":"EDGE_TTA_ACTIVE views= 8 mean_abs_feat_delta= 0.328178\n"}
,{"stream_name":"stdout","time":421.33379324,"data":"EDGE_TTA_ACTIVE views= 8 mean_abs_feat_delta= 0.328178\n"}
,{"stream_name":"stdout","time":422.579377194,"data":"EDGE_TTA_ACTIVE views= 8 mean_abs_feat_delta= 0.370597\n"}
,{"stream_name":"stdout","time":422.800374688,"data":"EDGE_TTA_ACTIVE views= 8 mean_abs_feat_delta= 0.370597\n"}
,{"stream_name":"stdout","time":423.213292226,"data":"EDGE_TTA_ACTIVE views= 8 mean_abs_feat_delta= 0.331242\n"}
,{"stream_name":"stdout","time":423.415955334,"data":"EDGE_TTA_ACTIVE views= 8 mean_abs_feat_delta= 0.331242\n"}
,{"stream_name":"stdout","time":424.681671171,"data":"EDGE_TTA_ACTIVE views= 8 mean_abs_feat_delta= 0.372674\n"}
,{"stream_name":"stdout","time":424.884566737,"data":"EDGE_TTA_ACTIVE views= 8 mean_abs_feat_delta= 0.372674\n"}
,{"stream_name":"stdout","time":425.382488883,"data":"EDGE_TTA_ACTIVE views= 8 mean_abs_feat_delta= 0.332742\n"}
,{"stream_name":"stdout","time":425.585577993,"data":"EDGE_TTA_ACTIVE views= 8 mean_abs_feat_delta= 0.332742\n"}
,{"stream_name":"stdout","time":426.756505944,"data":"EDGE_TTA_ACTIVE views= 8 mean_abs_feat_delta= 0.367938\n"}
,{"stream_name":"stdout","time":426.959361445,"data":"EDGE_TTA_ACTIVE views= 8 mean_abs_feat_delta= 0.367938\n"}
,{"stream_name":"stdout","time":427.574342194,"data":"EDGE_TTA_ACTIVE views= 8 mean_abs_feat_delta= 0.325998\n"}
,{"stream_name":"stdout","time":427.777015638,"data":"EDGE_TTA_ACTIVE views= 8 mean_abs_feat_delta= 0.325998\n"}
,{"stream_name":"stdout","time":428.843647758,"data":"EDGE_TTA_ACTIVE views= 8 mean_abs_feat_delta= 0.364834\n"}
,{"stream_name":"stdout","time":429.04648273,"data":"EDGE_TTA_ACTIVE views= 8 mean_abs_feat_delta= 0.364834\n"}
,{"stream_name":"stdout","time":429.698683741,"data":"EDGE_TTA_ACTIVE views= 8 mean_abs_feat_delta= 0.326187\n"}
,{"stream_name":"stdout","time":429.900860289,"data":"EDGE_TTA_ACTIVE views= 8 mean_abs_feat_delta= 0.326187\n"}
,{"stream_name":"stdout","time":430.956588037,"data":"EDGE_TTA_ACTIVE views= 8 mean_abs_feat_delta= 0.36801\n"}
,{"stream_name":"stdout","time":431.159369393,"data":"EDGE_TTA_ACTIVE views= 8 mean_abs_feat_delta= 0.36801\n"}
,{"stream_name":"stdout","time":431.843697405,"data":"EDGE_TTA_ACTIVE views= 8 mean_abs_feat_delta= 0.329641\n"}
,{"stream_name":"stdout","time":432.046945128,"data":"EDGE_TTA_ACTIVE views= 8 mean_abs_feat_delta= 0.329641\n"}
,{"stream_name":"stdout","time":433.007927812,"data":"EDGE_TTA_ACTIVE views= 8 mean_abs_feat_delta= 0.367877\n"}
,{"stream_name":"stdout","time":433.210670954,"data":"EDGE_TTA_ACTIVE views= 8 mean_abs_feat_delta= 0.367877\n"}
,{"stream_name":"stdout","time":433.9767071,"data":"EDGE_TTA_ACTIVE views= 8 mean_abs_feat_delta= 0.331184\n"}
,{"stream_name":"stdout","time":434.179444983,"data":"EDGE_TTA_ACTIVE views= 8 mean_abs_feat_delta= 0.331184\n"}
,{"stream_name":"stdout","time":435.076851262,"data":"EDGE_TTA_ACTIVE views= 8 mean_abs_feat_delta= 0.368248\n"}
,{"stream_name":"stdout","time":435.279598122,"data":"EDGE_TTA_ACTIVE views= 8 mean_abs_feat_delta= 0.368248\n"}
,{"stream_name":"stdout","time":436.140118406,"data":"EDGE_TTA_ACTIVE views= 8 mean_abs_feat_delta= 0.330506\n"}
,{"stream_name":"stdout","time":436.342932849,"data":"EDGE_TTA_ACTIVE views= 8 mean_abs_feat_delta= 0.330506\n"}
,{"stream_name":"stdout","time":437.208501238,"data":"EDGE_TTA_ACTIVE views= 8 mean_abs_feat_delta= 0.366473\n"}
,{"stream_name":"stdout","time":437.411623562,"data":"EDGE_TTA_ACTIVE views= 8 mean_abs_feat_delta= 0.366473\n"}
,{"stream_name":"stdout","time":438.291351108,"data":"EDGE_TTA_ACTIVE views= 8 mean_abs_feat_delta= 0.326851\n"}
,{"stream_name":"stdout","time":438.494243149,"data":"EDGE_TTA_ACTIVE views= 8 mean_abs_feat_delta= 0.326851\n"}
,{"stream_name":"stdout","time":439.340640234,"data":"EDGE_TTA_ACTIVE views= 8 mean_abs_feat_delta= 0.369227\n"}
,{"stream_name":"stdout","time":439.543315457,"data":"EDGE_TTA_ACTIVE views= 8 mean_abs_feat_delta= 0.369227\n"}
,{"stream_name":"stdout","time":440.311003967,"data":"BIOHUB_RETENTION_GUARD {\"blended_candidates\": 264, \"dataset\": \"44b6_0b24845f\", \"frame\": 47, \"minimum_retention\": 0.9, \"primary_candidates\": 307, \"retention\": 0.8599348534201955, \"use_primary\": true}\n"}
,{"stream_name":"stdout","time":440.513743319,"data":"BIOHUB_RETENTION_GUARD {\"blended_candidates\": 264, \"dataset\": \"44b6_0b24845f\", \"frame\": 47, \"minimum_retention\": 0.9, \"primary_candidates\": 307, \"retention\": 0.8599348534201955, \"use_primary\": true}\n"}
,{"stream_name":"stdout","time":440.53147226,"data":"EDGE_TTA_ACTIVE views= 8 mean_abs_feat_delta= 0.32759\n"}
,{"stream_name":"stdout","time":440.734121236,"data":"EDGE_TTA_ACTIVE views= 8 mean_abs_feat_delta= 0.32759\n"}
,{"stream_name":"stdout","time":441.429192791,"data":"EDGE_TTA_ACTIVE views= 8 mean_abs_feat_delta= 0.376915\n"}
,{"stream_name":"stdout","time":441.631735104,"data":"EDGE_TTA_ACTIVE views= 8 mean_abs_feat_delta= 0.376915\n"}
,{"stream_name":"stdout","time":442.776545496,"data":"EDGE_TTA_ACTIVE views= 8 mean_abs_feat_delta= 0.323605\n"}
,{"stream_name":"stdout","time":442.979376324,"data":"EDGE_TTA_ACTIVE views= 8 mean_abs_feat_delta= 0.323605\n"}
,{"stream_name":"stdout","time":443.599791853,"data":"EDGE_TTA_ACTIVE views= 8 mean_abs_feat_delta= 0.373149\n"}
,{"stream_name":"stdout","time":443.802521586,"data":"EDGE_TTA_ACTIVE views= 8 mean_abs_feat_delta= 0.373149\n"}
,{"stream_name":"stdout","time":445.003028819,"data":"EDGE_TTA_ACTIVE views= 8 mean_abs_feat_delta= 0.332571\n"}
,{"stream_name":"stdout","time":445.206084557,"data":"EDGE_TTA_ACTIVE views= 8 mean_abs_feat_delta= 0.332571\n"}
,{"stream_name":"stdout","time":445.805579083,"data":"EDGE_TTA_ACTIVE views= 8 mean_abs_feat_delta= 0.373289\n"}
,{"stream_name":"stdout","time":446.008546022,"data":"EDGE_TTA_ACTIVE views= 8 mean_abs_feat_delta= 0.373289\n"}
,{"stream_name":"stdout","time":446.804198438,"data":"BIOHUB_RETENTION_GUARD {\"blended_candidates\": 253, \"dataset\": \"44b6_0b24845f\", \"frame\": 50, \"minimum_retention\": 0.9, \"primary_candidates\": 285, \"retention\": 0.887719298245614, \"use_primary\": true}\n"}
,{"stream_name":"stdout","time":447.007283152,"data":"BIOHUB_RETENTION_GUARD {\"blended_candidates\": 253, \"dataset\": \"44b6_0b24845f\", \"frame\": 50, \"minimum_retention\": 0.9, \"primary_candidates\": 285, \"retention\": 0.887719298245614, \"use_primary\": true}\n"}
,{"stream_name":"stdout","time":447.286007271,"data":"EDGE_TTA_ACTIVE views= 8 mean_abs_feat_delta= 0.328319\n"}
,{"stream_name":"stdout","time":447.488773881,"data":"EDGE_TTA_ACTIVE views= 8 mean_abs_feat_delta= 0.328319\n"}
,{"stream_name":"stdout","time":447.955701212,"data":"EDGE_TTA_ACTIVE views= 8 mean_abs_feat_delta= 0.372374\n"}
,{"stream_name":"stdout","time":448.158509993,"data":"EDGE_TTA_ACTIVE views= 8 mean_abs_feat_delta= 0.372374\n"}
,{"stream_name":"stdout","time":448.959685783,"data":"BIOHUB_RETENTION_GUARD {\"blended_candidates\": 321, \"dataset\": \"44b6_0b24845f\", \"frame\": 51, \"minimum_retention\": 0.9, \"primary_candidates\": 361, \"retention\": 0.889196675900277, \"use_primary\": true}\n"}
,{"stream_name":"stdout","time":449.162408104,"data":"BIOHUB_RETENTION_GUARD {\"blended_candidates\": 321, \"dataset\": \"44b6_0b24845f\", \"frame\": 51, \"minimum_retention\": 0.9, \"primary_candidates\": 361, \"retention\": 0.889196675900277, \"use_primary\": true}\n"}
,{"stream_name":"stdout","time":449.6045048,"data":"EDGE_TTA_ACTIVE views= 8 mean_abs_feat_delta= 0.327289\n"}
,{"stream_name":"stdout","time":449.807535405,"data":"EDGE_TTA_ACTIVE views= 8 mean_abs_feat_delta= 0.327289\n"}
,{"stream_name":"stdout","time":450.125942628,"data":"EDGE_TTA_ACTIVE views= 8 mean_abs_feat_delta= 0.36791\n"}
,{"stream_name":"stdout","time":450.328771085,"data":"EDGE_TTA_ACTIVE views= 8 mean_abs_feat_delta= 0.36791\n"}
,{"stream_name":"stdout","time":451.876887272,"data":"EDGE_TTA_ACTIVE views= 8 mean_abs_feat_delta= 0.337614\n"}
,{"stream_name":"stdout","time":452.079582991,"data":"EDGE_TTA_ACTIVE views= 8 mean_abs_feat_delta= 0.337614\n"}
,{"stream_name":"stdout","time":452.295815571,"data":"EDGE_TTA_ACTIVE views= 8 mean_abs_feat_delta= 0.370709\n"}
,{"stream_name":"stdout","time":452.498408646,"data":"EDGE_TTA_ACTIVE views= 8 mean_abs_feat_delta= 0.370709\n"}
,{"stream_name":"stdout","time":453.310491997,"data":"BIOHUB_RETENTION_GUARD {\"blended_candidates\": 305, \"dataset\": \"44b6_0b24845f\", \"frame\": 53, \"minimum_retention\": 0.9, \"primary_candidates\": 342, \"retention\": 0.8918128654970761, \"use_primary\": true}\n"}
,{"stream_name":"stdout","time":453.535617075,"data":"BIOHUB_RETENTION_GUARD {\"blended_candidates\": 305, \"dataset\": \"44b6_0b24845f\", \"frame\": 53, \"minimum_retention\": 0.9, \"primary_candidates\": 342, \"retention\": 0.8918128654970761, \"use_primary\": true}\n"}
,{"stream_name":"stdout","time":454.16226067,"data":"EDGE_TTA_ACTIVE views= 8 mean_abs_feat_delta= 0.338693\n"}
,{"stream_name":"stdout","time":454.365335781,"data":"EDGE_TTA_ACTIVE views= 8 mean_abs_feat_delta= 0.338693\n"}
,{"stream_name":"stdout","time":454.500471224,"data":"EDGE_TTA_ACTIVE views= 8 mean_abs_feat_delta= 0.369503\n"}
,{"stream_name":"stdout","time":454.70355221,"data":"EDGE_TTA_ACTIVE views= 8 mean_abs_feat_delta= 0.369503\n"}
,{"stream_name":"stdout","time":455.542318884,"data":"BIOHUB_RETENTION_GUARD {\"blended_candidates\": 321, \"dataset\": \"44b6_0b24845f\", \"frame\": 54, \"minimum_retention\": 0.9, \"primary_candidates\": 362, \"retention\": 0.8867403314917127, \"use_primary\": true}\n"}
,{"stream_name":"stdout","time":455.745069766,"data":"BIOHUB_RETENTION_GUARD {\"blended_candidates\": 321, \"dataset\": \"44b6_0b24845f\", \"frame\": 54, \"minimum_retention\": 0.9, \"primary_candidates\": 362, \"retention\": 0.8867403314917127, \"use_primary\": true}\n"}
,{"stream_name":"stdout","time":456.424490302,"data":"EDGE_TTA_ACTIVE views= 8 mean_abs_feat_delta= 0.338257\n"}
,{"stream_name":"stdout","time":456.62719472,"data":"EDGE_TTA_ACTIVE views= 8 mean_abs_feat_delta= 0.338257\n"}
,{"stream_name":"stdout","time":456.755068072,"data":"EDGE_TTA_ACTIVE views= 8 mean_abs_feat_delta= 0.3697\n"}
,{"stream_name":"stdout","time":456.957789422,"data":"EDGE_TTA_ACTIVE views= 8 mean_abs_feat_delta= 0.3697\n"}
,{"stream_name":"stdout","time":458.768553052,"data":"EDGE_TTA_ACTIVE views= 8 mean_abs_feat_delta= 0.33887\n"}
,{"stream_name":"stdout","time":458.971086786,"data":"EDGE_TTA_ACTIVE views= 8 mean_abs_feat_delta= 0.33887\n"}
,{"stream_name":"stdout","time":459.035177639,"data":"EDGE_TTA_ACTIVE views= 8 mean_abs_feat_delta= 0.37301\n"}
,{"stream_name":"stdout","time":459.237808171,"data":"EDGE_TTA_ACTIVE views= 8 mean_abs_feat_delta= 0.37301\n"}
,{"stream_name":"stdout","time":461.093179032,"data":"EDGE_TTA_ACTIVE views= 8 mean_abs_feat_delta= 0.339106\n"}
,{"stream_name":"stdout","time":461.296421791,"data":"EDGE_TTA_ACTIVE views= 8 mean_abs_feat_delta= 0.339106\n"}
,{"stream_name":"stdout","time":461.324584394,"data":"EDGE_TTA_ACTIVE views= 8 mean_abs_feat_delta= 0.367347\n"}
,{"stream_name":"stdout","time":461.527567628,"data":"EDGE_TTA_ACTIVE views= 8 mean_abs_feat_delta= 0.367347\n"}
,{"stream_name":"stdout","time":463.393568277,"data":"EDGE_TTA_ACTIVE views= 8 mean_abs_feat_delta= 0.341611\n"}
,{"stream_name":"stdout","time":463.587473096,"data":"EDGE_TTA_ACTIVE views= 8 mean_abs_feat_delta= 0.36398\n"}
,{"stream_name":"stdout","time":463.59652986,"data":"EDGE_TTA_ACTIVE views= 8 mean_abs_feat_delta= 0.341611\n"}
,{"stream_name":"stdout","time":463.596561903,"data":"EDGE_TTA_ACTIVE views= 8 mean_abs_feat_delta= 0.36398\n"}
,{"stream_name":"stdout","time":464.642747435,"data":"BIOHUB_RETENTION_GUARD {\"blended_candidates\": 263, \"dataset\": \"44b6_0b24845f\", \"frame\": 58, \"minimum_retention\": 0.9, \"primary_candidates\": 312, \"retention\": 0.842948717948718, \"use_primary\": true}\n"}
,{"stream_name":"stdout","time":464.845379841,"data":"BIOHUB_RETENTION_GUARD {\"blended_candidates\": 263, \"dataset\": \"44b6_0b24845f\", \"frame\": 58, \"minimum_retention\": 0.9, \"primary_candidates\": 312, \"retention\": 0.842948717948718, \"use_primary\": true}\n"}
,{"stream_name":"stdout","time":465.723386352,"data":"EDGE_TTA_ACTIVE views= 8 mean_abs_feat_delta= 0.346143\n"}
,{"stream_name":"stdout","time":465.830887276,"data":"EDGE_TTA_ACTIVE views= 8 mean_abs_feat_delta= 0.366206\n"}
,{"stream_name":"stdout","time":465.926334081,"data":"EDGE_TTA_ACTIVE views= 8 mean_abs_feat_delta= 0.346143\n"}
,{"stream_name":"stdout","time":465.926406658,"data":"EDGE_TTA_ACTIVE views= 8 mean_abs_feat_delta= 0.366206\n"}
,{"stream_name":"stdout","time":466.889504857,"data":"BIOHUB_RETENTION_GUARD {\"blended_candidates\": 303, \"dataset\": \"44b6_0b24845f\", \"frame\": 59, \"minimum_retention\": 0.9, \"primary_candidates\": 346, \"retention\": 0.8757225433526011, \"use_primary\": true}\n"}
,{"stream_name":"stdout","time":467.092413823,"data":"BIOHUB_RETENTION_GUARD {\"blended_candidates\": 303, \"dataset\": \"44b6_0b24845f\", \"frame\": 59, \"minimum_retention\": 0.9, \"primary_candidates\": 346, \"retention\": 0.8757225433526011, \"use_primary\": true}\n"}
,{"stream_name":"stdout","time":468.03530468,"data":"EDGE_TTA_ACTIVE views= 8 mean_abs_feat_delta= 0.340083\n"}
,{"stream_name":"stdout","time":468.086493075,"data":"EDGE_TTA_ACTIVE views= 8 mean_abs_feat_delta= 0.36887\n"}
,{"stream_name":"stdout","time":468.238232617,"data":"EDGE_TTA_ACTIVE views= 8 mean_abs_feat_delta= 0.340083\n"}
,{"stream_name":"stdout","time":468.238279573,"data":"EDGE_TTA_ACTIVE views= 8 mean_abs_feat_delta= 0.36887\n"}
,{"stream_name":"stdout","time":469.141688872,"data":"BIOHUB_RETENTION_GUARD {\"blended_candidates\": 335, \"dataset\": \"44b6_0b24845f\", \"frame\": 60, \"minimum_retention\": 0.9, \"primary_candidates\": 393, \"retention\": 0.8524173027989822, \"use_primary\": true}\n"}
,{"stream_name":"stdout","time":469.344351237,"data":"BIOHUB_RETENTION_GUARD {\"blended_candidates\": 335, \"dataset\": \"44b6_0b24845f\", \"frame\": 60, \"minimum_retention\": 0.9, \"primary_candidates\": 393, \"retention\": 0.8524173027989822, \"use_primary\": true}\n"}
,{"stream_name":"stdout","time":470.335206754,"data":"EDGE_TTA_ACTIVE views= 8 mean_abs_feat_delta= 0.339203\n"}
,{"stream_name":"stdout","time":470.400506079,"data":"EDGE_TTA_ACTIVE views= 8 mean_abs_feat_delta= 0.365386\n"}
,{"stream_name":"stdout","time":470.537801913,"data":"EDGE_TTA_ACTIVE views= 8 mean_abs_feat_delta= 0.339203\n"}
,{"stream_name":"stdout","time":470.537879248,"data":"EDGE_TTA_ACTIVE views= 8 mean_abs_feat_delta= 0.365386\n"}
,{"stream_name":"stdout","time":471.450374802,"data":"BIOHUB_RETENTION_GUARD {\"blended_candidates\": 275, \"dataset\": \"44b6_0b24845f\", \"frame\": 61, \"minimum_retention\": 0.9, \"primary_candidates\": 333, \"retention\": 0.8258258258258259, \"use_primary\": true}\n"}
,{"stream_name":"stdout","time":471.652742238,"data":"BIOHUB_RETENTION_GUARD {\"blended_candidates\": 275, \"dataset\": \"44b6_0b24845f\", \"frame\": 61, \"minimum_retention\": 0.9, \"primary_candidates\": 333, \"retention\": 0.8258258258258259, \"use_primary\": true}\n"}
,{"stream_name":"stdout","time":472.618957966,"data":"EDGE_TTA_ACTIVE views= 8 mean_abs_feat_delta= 0.336994\n"}
,{"stream_name":"stdout","time":472.647389144,"data":"EDGE_TTA_ACTIVE views= 8 mean_abs_feat_delta= 0.366621\n"}
,{"stream_name":"stdout","time":472.821851358,"data":"EDGE_TTA_ACTIVE views= 8 mean_abs_feat_delta= 0.336994\n"}
,{"stream_name":"stdout","time":472.822101035,"data":"EDGE_TTA_ACTIVE views= 8 mean_abs_feat_delta= 0.366621\n"}
,{"stream_name":"stdout","time":473.69281497,"data":"BIOHUB_RETENTION_GUARD {\"blended_candidates\": 298, \"dataset\": \"44b6_0b24845f\", \"frame\": 62, \"minimum_retention\": 0.9, \"primary_candidates\": 345, \"retention\": 0.863768115942029, \"use_primary\": true}\n"}
,{"stream_name":"stdout","time":473.895922407,"data":"BIOHUB_RETENTION_GUARD {\"blended_candidates\": 298, \"dataset\": \"44b6_0b24845f\", \"frame\": 62, \"minimum_retention\": 0.9, \"primary_candidates\": 345, \"retention\": 0.863768115942029, \"use_primary\": true}\n"}
,{"stream_name":"stdout","time":474.924860656,"data":"EDGE_TTA_ACTIVE views= 8 mean_abs_feat_delta= 0.342499\n"}
,{"stream_name":"stdout","time":474.938959065,"data":"EDGE_TTA_ACTIVE views= 8 mean_abs_feat_delta= 0.373908\n"}
,{"stream_name":"stdout","time":475.127621519,"data":"EDGE_TTA_ACTIVE views= 8 mean_abs_feat_delta= 0.342499\n"}
,{"stream_name":"stdout","time":475.127668766,"data":"EDGE_TTA_ACTIVE views= 8 mean_abs_feat_delta= 0.373908\n"}
,{"stream_name":"stdout","time":477.183612212,"data":"EDGE_TTA_ACTIVE views= 8 mean_abs_feat_delta= 0.346059\n"}
,{"stream_name":"stdout","time":477.215780965,"data":"EDGE_TTA_ACTIVE views= 8 mean_abs_feat_delta= 0.368494\n"}
,{"stream_name":"stdout","time":477.386508049,"data":"EDGE_TTA_ACTIVE views= 8 mean_abs_feat_delta= 0.346059\n"}
,{"stream_name":"stdout","time":477.386608869,"data":"EDGE_TTA_ACTIVE views= 8 mean_abs_feat_delta= 0.368494\n"}
,{"stream_name":"stdout","time":478.240777004,"data":"BIOHUB_RETENTION_GUARD {\"blended_candidates\": 295, \"dataset\": \"44b6_0b24845f\", \"frame\": 64, \"minimum_retention\": 0.9, \"primary_candidates\": 344, \"retention\": 0.8575581395348837, \"use_primary\": true}\n"}
,{"stream_name":"stdout","time":478.443221595,"data":"BIOHUB_RETENTION_GUARD {\"blended_candidates\": 295, \"dataset\": \"44b6_0b24845f\", \"frame\": 64, \"minimum_retention\": 0.9, \"primary_candidates\": 344, \"retention\": 0.8575581395348837, \"use_primary\": true}\n"}
,{"stream_name":"stdout","time":479.441350077,"data":"EDGE_TTA_ACTIVE views= 8 mean_abs_feat_delta= 0.346159\n"}
,{"stream_name":"stdout","time":479.462656462,"data":"EDGE_TTA_ACTIVE views= 8 mean_abs_feat_delta= 0.370026\n"}
,{"stream_name":"stdout","time":479.644351554,"data":"EDGE_TTA_ACTIVE views= 8 mean_abs_feat_delta= 0.346159\n"}
,{"stream_name":"stdout","time":479.644410403,"data":"EDGE_TTA_ACTIVE views= 8 mean_abs_feat_delta= 0.370026\n"}
,{"stream_name":"stdout","time":480.474893241,"data":"BIOHUB_RETENTION_GUARD {\"blended_candidates\": 335, \"dataset\": \"44b6_0b24845f\", \"frame\": 65, \"minimum_retention\": 0.9, \"primary_candidates\": 378, \"retention\": 0.8862433862433863, \"use_primary\": true}\n"}
,{"stream_name":"stdout","time":480.677366632,"data":"BIOHUB_RETENTION_GUARD {\"blended_candidates\": 335, \"dataset\": \"44b6_0b24845f\", \"frame\": 65, \"minimum_retention\": 0.9, \"primary_candidates\": 378, \"retention\": 0.8862433862433863, \"use_primary\": true}\n"}
,{"stream_name":"stdout","time":481.667844713,"data":"EDGE_TTA_ACTIVE views= 8 mean_abs_feat_delta= 0.345426\n"}
,{"stream_name":"stdout","time":481.724621077,"data":"EDGE_TTA_ACTIVE views= 8 mean_abs_feat_delta= 0.369253\n"}
,{"stream_name":"stdout","time":481.870743088,"data":"EDGE_TTA_ACTIVE views= 8 mean_abs_feat_delta= 0.345426\n"}
,{"stream_name":"stdout","time":481.870782919,"data":"EDGE_TTA_ACTIVE views= 8 mean_abs_feat_delta= 0.369253\n"}
,{"stream_name":"stdout","time":482.732028247,"data":"BIOHUB_RETENTION_GUARD {\"blended_candidates\": 324, \"dataset\": \"44b6_0b24845f\", \"frame\": 66, \"minimum_retention\": 0.9, \"primary_candidates\": 375, \"retention\": 0.864, \"use_primary\": true}\n"}
,{"stream_name":"stdout","time":482.935081567,"data":"BIOHUB_RETENTION_GUARD {\"blended_candidates\": 324, \"dataset\": \"44b6_0b24845f\", \"frame\": 66, \"minimum_retention\": 0.9, \"primary_candidates\": 375, \"retention\": 0.864, \"use_primary\": true}\n"}
,{"stream_name":"stdout","time":483.940680955,"data":"EDGE_TTA_ACTIVE views= 8 mean_abs_feat_delta= 0.344989\n"}
,{"stream_name":"stdout","time":483.944232202,"data":"EDGE_TTA_ACTIVE views= 8 mean_abs_feat_delta= 0.365768\n"}
,{"stream_name":"stdout","time":484.166252185,"data":"EDGE_TTA_ACTIVE views= 8 mean_abs_feat_delta= 0.344989\n"}
,{"stream_name":"stdout","time":484.166281134,"data":"EDGE_TTA_ACTIVE views= 8 mean_abs_feat_delta= 0.365768\n"}
,{"stream_name":"stdout","time":486.102938866,"data":"EDGE_TTA_ACTIVE views= 8 mean_abs_feat_delta= 0.365075\n"}
,{"stream_name":"stdout","time":486.150052177,"data":"EDGE_TTA_ACTIVE views= 8 mean_abs_feat_delta= 0.343404\n"}
,{"stream_name":"stdout","time":486.306509363,"data":"EDGE_TTA_ACTIVE views= 8 mean_abs_feat_delta= 0.365075\n"}
,{"stream_name":"stdout","time":486.306562202,"data":"EDGE_TTA_ACTIVE views= 8 mean_abs_feat_delta= 0.343404\n"}
,{"stream_name":"stdout","time":488.237976943,"data":"EDGE_TTA_ACTIVE views= 8 mean_abs_feat_delta= 0.366016\n"}
,{"stream_name":"stdout","time":488.409637886,"data":"EDGE_TTA_ACTIVE views= 8 mean_abs_feat_delta= 0.341221\n"}
,{"stream_name":"stdout","time":488.440831566,"data":"EDGE_TTA_ACTIVE views= 8 mean_abs_feat_delta= 0.366016\n"}
,{"stream_name":"stdout","time":488.44088175,"data":"EDGE_TTA_ACTIVE views= 8 mean_abs_feat_delta= 0.341221\n"}
,{"stream_name":"stdout","time":490.380000199,"data":"EDGE_TTA_ACTIVE views= 8 mean_abs_feat_delta= 0.365231\n"}
,{"stream_name":"stdout","time":490.582614447,"data":"EDGE_TTA_ACTIVE views= 8 mean_abs_feat_delta= 0.365231\n"}
,{"stream_name":"stdout","time":490.59451971,"data":"EDGE_TTA_ACTIVE views= 8 mean_abs_feat_delta= 0.343003\n"}
,{"stream_name":"stdout","time":490.797169393,"data":"EDGE_TTA_ACTIVE views= 8 mean_abs_feat_delta= 0.343003\n"}
,{"stream_name":"stdout","time":491.372338128,"data":"BIOHUB_RETENTION_GUARD {\"blended_candidates\": 260, \"dataset\": \"44b6_0b24845f\", \"frame\": 70, \"minimum_retention\": 0.9, \"primary_candidates\": 305, \"retention\": 0.8524590163934426, \"use_primary\": true}\n"}
,{"stream_name":"stdout","time":491.575930194,"data":"BIOHUB_RETENTION_GUARD {\"blended_candidates\": 260, \"dataset\": \"44b6_0b24845f\", \"frame\": 70, \"minimum_retention\": 0.9, \"primary_candidates\": 305, \"retention\": 0.8524590163934426, \"use_primary\": true}\n"}
,{"stream_name":"stdout","time":492.517738318,"data":"EDGE_TTA_ACTIVE views= 8 mean_abs_feat_delta= 0.36009\n"}
,{"stream_name":"stdout","time":492.720419229,"data":"EDGE_TTA_ACTIVE views= 8 mean_abs_feat_delta= 0.36009\n"}
,{"stream_name":"stdout","time":492.762801258,"data":"EDGE_TTA_ACTIVE views= 8 mean_abs_feat_delta= 0.343125\n"}
,{"stream_name":"stdout","time":492.965305466,"data":"EDGE_TTA_ACTIVE views= 8 mean_abs_feat_delta= 0.343125\n"}
,{"stream_name":"stdout","time":494.701906155,"data":"EDGE_TTA_ACTIVE views= 8 mean_abs_feat_delta= 0.360462\n"}
,{"stream_name":"stdout","time":494.903866426,"data":"EDGE_TTA_ACTIVE views= 8 mean_abs_feat_delta= 0.337095\n"}
,{"stream_name":"stdout","time":494.904721583,"data":"EDGE_TTA_ACTIVE views= 8 mean_abs_feat_delta= 0.360462\n"}
,{"stream_name":"stdout","time":495.106851234,"data":"EDGE_TTA_ACTIVE views= 8 mean_abs_feat_delta= 0.337095\n"}
,{"stream_name":"stdout","time":496.850746306,"data":"EDGE_TTA_ACTIVE views= 8 mean_abs_feat_delta= 0.359757\n"}
,{"stream_name":"stdout","time":497.053509454,"data":"EDGE_TTA_ACTIVE views= 8 mean_abs_feat_delta= 0.359757\n"}
,{"stream_name":"stdout","time":497.07206733,"data":"EDGE_TTA_ACTIVE views= 8 mean_abs_feat_delta= 0.337123\n"}
,{"stream_name":"stdout","time":497.274567415,"data":"EDGE_TTA_ACTIVE views= 8 mean_abs_feat_delta= 0.337123\n"}
,{"stream_name":"stdout","time":497.839927223,"data":"BIOHUB_RETENTION_GUARD {\"blended_candidates\": 197, \"dataset\": \"44b6_0b24845f\", \"frame\": 73, \"minimum_retention\": 0.9, \"primary_candidates\": 262, \"retention\": 0.7519083969465649, \"use_primary\": true}\n"}
,{"stream_name":"stdout","time":498.042517513,"data":"BIOHUB_RETENTION_GUARD {\"blended_candidates\": 197, \"dataset\": \"44b6_0b24845f\", \"frame\": 73, \"minimum_retention\": 0.9, \"primary_candidates\": 262, \"retention\": 0.7519083969465649, \"use_primary\": true}\n"}
,{"stream_name":"stdout","time":498.977253669,"data":"EDGE_TTA_ACTIVE views= 8 mean_abs_feat_delta= 0.368022\n"}
,{"stream_name":"stdout","time":499.179981131,"data":"EDGE_TTA_ACTIVE views= 8 mean_abs_feat_delta= 0.368022\n"}
,{"stream_name":"stdout","time":499.25177183,"data":"EDGE_TTA_ACTIVE views= 8 mean_abs_feat_delta= 0.338112\n"}
,{"stream_name":"stdout","time":499.454216372,"data":"EDGE_TTA_ACTIVE views= 8 mean_abs_feat_delta= 0.338112\n"}
,{"stream_name":"stdout","time":499.950843579,"data":"BIOHUB_RETENTION_GUARD {\"blended_candidates\": 224, \"dataset\": \"44b6_0b24845f\", \"frame\": 74, \"minimum_retention\": 0.9, \"primary_candidates\": 291, \"retention\": 0.7697594501718213, \"use_primary\": true}\n"}
,{"stream_name":"stdout","time":500.153637327,"data":"BIOHUB_RETENTION_GUARD {\"blended_candidates\": 224, \"dataset\": \"44b6_0b24845f\", \"frame\": 74, \"minimum_retention\": 0.9, \"primary_candidates\": 291, \"retention\": 0.7697594501718213, \"use_primary\": true}\n"}
,{"stream_name":"stdout","time":501.087621955,"data":"EDGE_TTA_ACTIVE views= 8 mean_abs_feat_delta= 0.358754\n"}
,{"stream_name":"stdout","time":501.290531515,"data":"EDGE_TTA_ACTIVE views= 8 mean_abs_feat_delta= 0.358754\n"}
,{"stream_name":"stdout","time":501.519237457,"data":"EDGE_TTA_ACTIVE views= 8 mean_abs_feat_delta= 0.338704\n"}
,{"stream_name":"stdout","time":501.722411686,"data":"EDGE_TTA_ACTIVE views= 8 mean_abs_feat_delta= 0.338704\n"}
,{"stream_name":"stdout","time":502.061377971,"data":"BIOHUB_RETENTION_GUARD {\"blended_candidates\": 325, \"dataset\": \"44b6_0b24845f\", \"frame\": 75, \"minimum_retention\": 0.9, \"primary_candidates\": 374, \"retention\": 0.8689839572192514, \"use_primary\": true}\n"}
,{"stream_name":"stdout","time":502.264686556,"data":"BIOHUB_RETENTION_GUARD {\"blended_candidates\": 325, \"dataset\": \"44b6_0b24845f\", \"frame\": 75, \"minimum_retention\": 0.9, \"primary_candidates\": 374, \"retention\": 0.8689839572192514, \"use_primary\": true}\n"}
,{"stream_name":"stdout","time":503.217568497,"data":"EDGE_TTA_ACTIVE views= 8 mean_abs_feat_delta= 0.358919\n"}
,{"stream_name":"stdout","time":503.420179062,"data":"EDGE_TTA_ACTIVE views= 8 mean_abs_feat_delta= 0.358919\n"}
,{"stream_name":"stdout","time":503.744868915,"data":"EDGE_TTA_ACTIVE views= 8 mean_abs_feat_delta= 0.340176\n"}
,{"stream_name":"stdout","time":503.947580996,"data":"EDGE_TTA_ACTIVE views= 8 mean_abs_feat_delta= 0.340176\n"}
,{"stream_name":"stdout","time":504.191146762,"data":"BIOHUB_RETENTION_GUARD {\"blended_candidates\": 321, \"dataset\": \"44b6_0b24845f\", \"frame\": 76, \"minimum_retention\": 0.9, \"primary_candidates\": 379, \"retention\": 0.8469656992084432, \"use_primary\": true}\n"}
,{"stream_name":"stdout","time":504.393643568,"data":"BIOHUB_RETENTION_GUARD {\"blended_candidates\": 321, \"dataset\": \"44b6_0b24845f\", \"frame\": 76, \"minimum_retention\": 0.9, \"primary_candidates\": 379, \"retention\": 0.8469656992084432, \"use_primary\": true}\n"}
,{"stream_name":"stdout","time":505.431544234,"data":"EDGE_TTA_ACTIVE views= 8 mean_abs_feat_delta= 0.361097\n"}
,{"stream_name":"stdout","time":505.634343441,"data":"EDGE_TTA_ACTIVE views= 8 mean_abs_feat_delta= 0.361097\n"}
,{"stream_name":"stdout","time":505.948827098,"data":"EDGE_TTA_ACTIVE views= 8 mean_abs_feat_delta= 0.346094\n"}
,{"stream_name":"stdout","time":506.151699955,"data":"EDGE_TTA_ACTIVE views= 8 mean_abs_feat_delta= 0.346094\n"}
,{"stream_name":"stdout","time":506.421143432,"data":"BIOHUB_RETENTION_GUARD {\"blended_candidates\": 243, \"dataset\": \"44b6_0b24845f\", \"frame\": 77, \"minimum_retention\": 0.9, \"primary_candidates\": 331, \"retention\": 0.7341389728096677, \"use_primary\": true}\n"}
,{"stream_name":"stdout","time":506.623608855,"data":"BIOHUB_RETENTION_GUARD {\"blended_candidates\": 243, \"dataset\": \"44b6_0b24845f\", \"frame\": 77, \"minimum_retention\": 0.9, \"primary_candidates\": 331, \"retention\": 0.7341389728096677, \"use_primary\": true}\n"}
,{"stream_name":"stdout","time":507.703030782,"data":"EDGE_TTA_ACTIVE views= 8 mean_abs_feat_delta= 0.36529\n"}
,{"stream_name":"stdout","time":507.905891055,"data":"EDGE_TTA_ACTIVE views= 8 mean_abs_feat_delta= 0.36529\n"}
,{"stream_name":"stdout","time":508.23228077,"data":"EDGE_TTA_ACTIVE views= 8 mean_abs_feat_delta= 0.348292\n"}
,{"stream_name":"stdout","time":508.434743913,"data":"EDGE_TTA_ACTIVE views= 8 mean_abs_feat_delta= 0.348292\n"}
,{"stream_name":"stdout","time":508.691040211,"data":"BIOHUB_RETENTION_GUARD {\"blended_candidates\": 284, \"dataset\": \"44b6_0b24845f\", \"frame\": 78, \"minimum_retention\": 0.9, \"primary_candidates\": 392, \"retention\": 0.7244897959183674, \"use_primary\": true}\n"}
,{"stream_name":"stdout","time":508.89364684,"data":"BIOHUB_RETENTION_GUARD {\"blended_candidates\": 284, \"dataset\": \"44b6_0b24845f\", \"frame\": 78, \"minimum_retention\": 0.9, \"primary_candidates\": 392, \"retention\": 0.7244897959183674, \"use_primary\": true}\n"}
,{"stream_name":"stdout","time":509.975484882,"data":"EDGE_TTA_ACTIVE views= 8 mean_abs_feat_delta= 0.365892\n"}
,{"stream_name":"stdout","time":510.178279836,"data":"EDGE_TTA_ACTIVE views= 8 mean_abs_feat_delta= 0.365892\n"}
,{"stream_name":"stdout","time":510.492482501,"data":"EDGE_TTA_ACTIVE views= 8 mean_abs_feat_delta= 0.344312\n"}
,{"stream_name":"stdout","time":510.695121824,"data":"EDGE_TTA_ACTIVE views= 8 mean_abs_feat_delta= 0.344312\n"}
,{"stream_name":"stdout","time":510.963264382,"data":"BIOHUB_RETENTION_GUARD {\"blended_candidates\": 298, \"dataset\": \"44b6_0b24845f\", \"frame\": 79, \"minimum_retention\": 0.9, \"primary_candidates\": 424, \"retention\": 0.7028301886792453, \"use_primary\": true}\n"}
,{"stream_name":"stdout","time":511.165779453,"data":"BIOHUB_RETENTION_GUARD {\"blended_candidates\": 298, \"dataset\": \"44b6_0b24845f\", \"frame\": 79, \"minimum_retention\": 0.9, \"primary_candidates\": 424, \"retention\": 0.7028301886792453, \"use_primary\": true}\n"}
,{"stream_name":"stdout","time":512.275244786,"data":"EDGE_TTA_ACTIVE views= 8 mean_abs_feat_delta= 0.365633\n"}
,{"stream_name":"stdout","time":512.478021167,"data":"EDGE_TTA_ACTIVE views= 8 mean_abs_feat_delta= 0.365633\n"}
,{"stream_name":"stdout","time":512.764907903,"data":"EDGE_TTA_ACTIVE views= 8 mean_abs_feat_delta= 0.341477\n"}
,{"stream_name":"stdout","time":512.967752182,"data":"EDGE_TTA_ACTIVE views= 8 mean_abs_feat_delta= 0.341477\n"}
,{"stream_name":"stdout","time":513.254516412,"data":"BIOHUB_RETENTION_GUARD {\"blended_candidates\": 291, \"dataset\": \"44b6_0b24845f\", \"frame\": 80, \"minimum_retention\": 0.9, \"primary_candidates\": 388, \"retention\": 0.75, \"use_primary\": true}\n"}
,{"stream_name":"stdout","time":513.457695553,"data":"BIOHUB_RETENTION_GUARD {\"blended_candidates\": 291, \"dataset\": \"44b6_0b24845f\", \"frame\": 80, \"minimum_retention\": 0.9, \"primary_candidates\": 388, \"retention\": 0.75, \"use_primary\": true}\n"}
,{"stream_name":"stdout","time":514.642353703,"data":"EDGE_TTA_ACTIVE views= 8 mean_abs_feat_delta= 0.369442\n"}
,{"stream_name":"stdout","time":514.87302999,"data":"EDGE_TTA_ACTIVE views= 8 mean_abs_feat_delta= 0.369442\n"}
,{"stream_name":"stdout","time":515.054228743,"data":"EDGE_TTA_ACTIVE views= 8 mean_abs_feat_delta= 0.34091\n"}
,{"stream_name":"stdout","time":515.256811541,"data":"EDGE_TTA_ACTIVE views= 8 mean_abs_feat_delta= 0.34091\n"}
,{"stream_name":"stdout","time":515.631481882,"data":"BIOHUB_RETENTION_GUARD {\"blended_candidates\": 294, \"dataset\": \"44b6_0b24845f\", \"frame\": 81, \"minimum_retention\": 0.9, \"primary_candidates\": 382, \"retention\": 0.7696335078534031, \"use_primary\": true}\n"}
,{"stream_name":"stdout","time":515.834161474,"data":"BIOHUB_RETENTION_GUARD {\"blended_candidates\": 294, \"dataset\": \"44b6_0b24845f\", \"frame\": 81, \"minimum_retention\": 0.9, \"primary_candidates\": 382, \"retention\": 0.7696335078534031, \"use_primary\": true}\n"}
,{"stream_name":"stdout","time":516.824814985,"data":"EDGE_TTA_ACTIVE views= 8 mean_abs_feat_delta= 0.373979\n"}
,{"stream_name":"stdout","time":517.027589863,"data":"EDGE_TTA_ACTIVE views= 8 mean_abs_feat_delta= 0.373979\n"}
,{"stream_name":"stdout","time":517.33769127,"data":"EDGE_TTA_ACTIVE views= 8 mean_abs_feat_delta= 0.337156\n"}
,{"stream_name":"stdout","time":517.540484611,"data":"EDGE_TTA_ACTIVE views= 8 mean_abs_feat_delta= 0.337156\n"}
,{"stream_name":"stdout","time":517.82282407,"data":"BIOHUB_RETENTION_GUARD {\"blended_candidates\": 277, \"dataset\": \"44b6_0b24845f\", \"frame\": 82, \"minimum_retention\": 0.9, \"primary_candidates\": 385, \"retention\": 0.7194805194805195, \"use_primary\": true}\n"}
,{"stream_name":"stdout","time":518.025614791,"data":"BIOHUB_RETENTION_GUARD {\"blended_candidates\": 277, \"dataset\": \"44b6_0b24845f\", \"frame\": 82, \"minimum_retention\": 0.9, \"primary_candidates\": 385, \"retention\": 0.7194805194805195, \"use_primary\": true}\n"}
,{"stream_name":"stdout","time":519.009993386,"data":"EDGE_TTA_ACTIVE views= 8 mean_abs_feat_delta= 0.365009\n"}
,{"stream_name":"stdout","time":519.213008691,"data":"EDGE_TTA_ACTIVE views= 8 mean_abs_feat_delta= 0.365009\n"}
,{"stream_name":"stdout","time":519.585048925,"data":"EDGE_TTA_ACTIVE views= 8 mean_abs_feat_delta= 0.339841\n"}
,{"stream_name":"stdout","time":519.787877414,"data":"EDGE_TTA_ACTIVE views= 8 mean_abs_feat_delta= 0.339841\n"}
,{"stream_name":"stdout","time":520.011017283,"data":"BIOHUB_RETENTION_GUARD {\"blended_candidates\": 268, \"dataset\": \"44b6_0b24845f\", \"frame\": 83, \"minimum_retention\": 0.9, \"primary_candidates\": 379, \"retention\": 0.7071240105540897, \"use_primary\": true}\n"}
,{"stream_name":"stdout","time":520.213737952,"data":"BIOHUB_RETENTION_GUARD {\"blended_candidates\": 268, \"dataset\": \"44b6_0b24845f\", \"frame\": 83, \"minimum_retention\": 0.9, \"primary_candidates\": 379, \"retention\": 0.7071240105540897, \"use_primary\": true}\n"}
,{"stream_name":"stdout","time":521.21714274,"data":"EDGE_TTA_ACTIVE views= 8 mean_abs_feat_delta= 0.36654\n"}
,{"stream_name":"stdout","time":521.419701325,"data":"EDGE_TTA_ACTIVE views= 8 mean_abs_feat_delta= 0.36654\n"}
,{"stream_name":"stdout","time":521.839993105,"data":"EDGE_TTA_ACTIVE views= 8 mean_abs_feat_delta= 0.34054\n"}
,{"stream_name":"stdout","time":522.042794661,"data":"EDGE_TTA_ACTIVE views= 8 mean_abs_feat_delta= 0.34054\n"}
,{"stream_name":"stdout","time":522.22250108,"data":"BIOHUB_RETENTION_GUARD {\"blended_candidates\": 287, \"dataset\": \"44b6_0b24845f\", \"frame\": 84, \"minimum_retention\": 0.9, \"primary_candidates\": 361, \"retention\": 0.7950138504155124, \"use_primary\": true}\n"}
,{"stream_name":"stdout","time":522.425383547,"data":"BIOHUB_RETENTION_GUARD {\"blended_candidates\": 287, \"dataset\": \"44b6_0b24845f\", \"frame\": 84, \"minimum_retention\": 0.9, \"primary_candidates\": 361, \"retention\": 0.7950138504155124, \"use_primary\": true}\n"}
,{"stream_name":"stdout","time":523.445745401,"data":"EDGE_TTA_ACTIVE views= 8 mean_abs_feat_delta= 0.364996\n"}
,{"stream_name":"stdout","time":523.648965504,"data":"EDGE_TTA_ACTIVE views= 8 mean_abs_feat_delta= 0.364996\n"}
,{"stream_name":"stdout","time":524.151482697,"data":"EDGE_TTA_ACTIVE views= 8 mean_abs_feat_delta= 0.345761\n"}
,{"stream_name":"stdout","time":524.354349987,"data":"EDGE_TTA_ACTIVE views= 8 mean_abs_feat_delta= 0.345761\n"}
,{"stream_name":"stdout","time":524.459620042,"data":"BIOHUB_RETENTION_GUARD {\"blended_candidates\": 198, \"dataset\": \"44b6_0b24845f\", \"frame\": 85, \"minimum_retention\": 0.9, \"primary_candidates\": 294, \"retention\": 0.673469387755102, \"use_primary\": true}\n"}
,{"stream_name":"stdout","time":524.662139273,"data":"BIOHUB_RETENTION_GUARD {\"blended_candidates\": 198, \"dataset\": \"44b6_0b24845f\", \"frame\": 85, \"minimum_retention\": 0.9, \"primary_candidates\": 294, \"retention\": 0.673469387755102, \"use_primary\": true}\n"}
,{"stream_name":"stdout","time":525.689536299,"data":"EDGE_TTA_ACTIVE views= 8 mean_abs_feat_delta= 0.364819\n"}
,{"stream_name":"stdout","time":525.89235993,"data":"EDGE_TTA_ACTIVE views= 8 mean_abs_feat_delta= 0.364819\n"}
,{"stream_name":"stdout","time":526.431784959,"data":"EDGE_TTA_ACTIVE views= 8 mean_abs_feat_delta= 0.34535\n"}
,{"stream_name":"stdout","time":526.634923747,"data":"EDGE_TTA_ACTIVE views= 8 mean_abs_feat_delta= 0.34535\n"}
,{"stream_name":"stdout","time":526.704835574,"data":"BIOHUB_RETENTION_GUARD {\"blended_candidates\": 169, \"dataset\": \"44b6_0b24845f\", \"frame\": 86, \"minimum_retention\": 0.9, \"primary_candidates\": 282, \"retention\": 0.599290780141844, \"use_primary\": true}\n"}
,{"stream_name":"stdout","time":526.907162304,"data":"BIOHUB_RETENTION_GUARD {\"blended_candidates\": 169, \"dataset\": \"44b6_0b24845f\", \"frame\": 86, \"minimum_retention\": 0.9, \"primary_candidates\": 282, \"retention\": 0.599290780141844, \"use_primary\": true}\n"}
,{"stream_name":"stdout","time":527.944958276,"data":"EDGE_TTA_ACTIVE views= 8 mean_abs_feat_delta= 0.360555\n"}
,{"stream_name":"stdout","time":528.147651287,"data":"EDGE_TTA_ACTIVE views= 8 mean_abs_feat_delta= 0.360555\n"}
,{"stream_name":"stdout","time":528.752679987,"data":"EDGE_TTA_ACTIVE views= 8 mean_abs_feat_delta= 0.345018\n"}
,{"stream_name":"stdout","time":528.955795251,"data":"EDGE_TTA_ACTIVE views= 8 mean_abs_feat_delta= 0.345018\n"}
,{"stream_name":"stdout","time":528.983521925,"data":"BIOHUB_RETENTION_GUARD {\"blended_candidates\": 232, \"dataset\": \"44b6_0b24845f\", \"frame\": 87, \"minimum_retention\": 0.9, \"primary_candidates\": 323, \"retention\": 0.718266253869969, \"use_primary\": true}\n"}
,{"stream_name":"stdout","time":529.186392057,"data":"BIOHUB_RETENTION_GUARD {\"blended_candidates\": 232, \"dataset\": \"44b6_0b24845f\", \"frame\": 87, \"minimum_retention\": 0.9, \"primary_candidates\": 323, \"retention\": 0.718266253869969, \"use_primary\": true}\n"}
,{"stream_name":"stdout","time":530.196509621,"data":"EDGE_TTA_ACTIVE views= 8 mean_abs_feat_delta= 0.367991\n"}
,{"stream_name":"stdout","time":530.399447428,"data":"EDGE_TTA_ACTIVE views= 8 mean_abs_feat_delta= 0.367991\n"}
,{"stream_name":"stdout","time":531.022755617,"data":"EDGE_TTA_ACTIVE views= 8 mean_abs_feat_delta= 0.339492\n"}
,{"stream_name":"stdout","time":531.219209536,"data":"BIOHUB_RETENTION_GUARD {\"blended_candidates\": 287, \"dataset\": \"44b6_0b24845f\", \"frame\": 88, \"minimum_retention\": 0.9, \"primary_candidates\": 363, \"retention\": 0.790633608815427, \"use_primary\": true}\n"}
,{"stream_name":"stdout","time":531.225827867,"data":"EDGE_TTA_ACTIVE views= 8 mean_abs_feat_delta= 0.339492\n"}
,{"stream_name":"stdout","time":531.225857062,"data":"BIOHUB_RETENTION_GUARD {\"blended_candidates\": 287, \"dataset\": \"44b6_0b24845f\", \"frame\": 88, \"minimum_retention\": 0.9, \"primary_candidates\": 363, \"retention\": 0.790633608815427, \"use_primary\": true}\n"}
,{"stream_name":"stdout","time":532.418524091,"data":"EDGE_TTA_ACTIVE views= 8 mean_abs_feat_delta= 0.374613\n"}
,{"stream_name":"stdout","time":532.621267974,"data":"EDGE_TTA_ACTIVE views= 8 mean_abs_feat_delta= 0.374613\n"}
,{"stream_name":"stdout","time":533.345594045,"data":"EDGE_TTA_ACTIVE views= 8 mean_abs_feat_delta= 0.333718\n"}
,{"stream_name":"stdout","time":533.445448976,"data":"BIOHUB_RETENTION_GUARD {\"blended_candidates\": 219, \"dataset\": \"44b6_0b24845f\", \"frame\": 89, \"minimum_retention\": 0.9, \"primary_candidates\": 322, \"retention\": 0.6801242236024845, \"use_primary\": true}\n"}
,{"stream_name":"stdout","time":533.548548277,"data":"EDGE_TTA_ACTIVE views= 8 mean_abs_feat_delta= 0.333718\n"}
,{"stream_name":"stdout","time":533.548588828,"data":"BIOHUB_RETENTION_GUARD {\"blended_candidates\": 219, \"dataset\": \"44b6_0b24845f\", \"frame\": 89, \"minimum_retention\": 0.9, \"primary_candidates\": 322, \"retention\": 0.6801242236024845, \"use_primary\": true}\n"}
,{"stream_name":"stdout","time":534.732782581,"data":"EDGE_TTA_ACTIVE views= 8 mean_abs_feat_delta= 0.362102\n"}
,{"stream_name":"stdout","time":534.935506665,"data":"EDGE_TTA_ACTIVE views= 8 mean_abs_feat_delta= 0.362102\n"}
,{"stream_name":"stdout","time":535.634894284,"data":"EDGE_TTA_ACTIVE views= 8 mean_abs_feat_delta= 0.334199\n"}
,{"stream_name":"stdout","time":535.766939868,"data":"BIOHUB_RETENTION_GUARD {\"blended_candidates\": 175, \"dataset\": \"44b6_0b24845f\", \"frame\": 90, \"minimum_retention\": 0.9, \"primary_candidates\": 269, \"retention\": 0.6505576208178439, \"use_primary\": true}\n"}
,{"stream_name":"stdout","time":535.837751497,"data":"EDGE_TTA_ACTIVE views= 8 mean_abs_feat_delta= 0.334199\n"}
,{"stream_name":"stdout","time":535.837806859,"data":"BIOHUB_RETENTION_GUARD {\"blended_candidates\": 175, \"dataset\": \"44b6_0b24845f\", \"frame\": 90, \"minimum_retention\": 0.9, \"primary_candidates\": 269, \"retention\": 0.6505576208178439, \"use_primary\": true}\n"}
,{"stream_name":"stdout","time":536.995200515,"data":"EDGE_TTA_ACTIVE views= 8 mean_abs_feat_delta= 0.362535\n"}
,{"stream_name":"stdout","time":537.197936214,"data":"EDGE_TTA_ACTIVE views= 8 mean_abs_feat_delta= 0.362535\n"}
,{"stream_name":"stdout","time":537.883753595,"data":"EDGE_TTA_ACTIVE views= 8 mean_abs_feat_delta= 0.338008\n"}
,{"stream_name":"stdout","time":538.035601083,"data":"BIOHUB_RETENTION_GUARD {\"blended_candidates\": 136, \"dataset\": \"44b6_0b24845f\", \"frame\": 91, \"minimum_retention\": 0.9, \"primary_candidates\": 237, \"retention\": 0.5738396624472574, \"use_primary\": true}\n"}
,{"stream_name":"stdout","time":538.086473136,"data":"EDGE_TTA_ACTIVE views= 8 mean_abs_feat_delta= 0.338008\n"}
,{"stream_name":"stdout","time":538.086553426,"data":"BIOHUB_RETENTION_GUARD {\"blended_candidates\": 136, \"dataset\": \"44b6_0b24845f\", \"frame\": 91, \"minimum_retention\": 0.9, \"primary_candidates\": 237, \"retention\": 0.5738396624472574, \"use_primary\": true}\n"}
,{"stream_name":"stdout","time":539.256175751,"data":"EDGE_TTA_ACTIVE views= 8 mean_abs_feat_delta= 0.36442\n"}
,{"stream_name":"stdout","time":539.458846694,"data":"EDGE_TTA_ACTIVE views= 8 mean_abs_feat_delta= 0.36442\n"}
,{"stream_name":"stdout","time":540.201992649,"data":"EDGE_TTA_ACTIVE views= 8 mean_abs_feat_delta= 0.338144\n"}
,{"stream_name":"stdout","time":540.290359938,"data":"BIOHUB_RETENTION_GUARD {\"blended_candidates\": 151, \"dataset\": \"44b6_0b24845f\", \"frame\": 92, \"minimum_retention\": 0.9, \"primary_candidates\": 286, \"retention\": 0.527972027972028, \"use_primary\": true}\n"}
,{"stream_name":"stdout","time":540.404951115,"data":"EDGE_TTA_ACTIVE views= 8 mean_abs_feat_delta= 0.338144\n"}
,{"stream_name":"stdout","time":540.404990661,"data":"BIOHUB_RETENTION_GUARD {\"blended_candidates\": 151, \"dataset\": \"44b6_0b24845f\", \"frame\": 92, \"minimum_retention\": 0.9, \"primary_candidates\": 286, \"retention\": 0.527972027972028, \"use_primary\": true}\n"}
,{"stream_name":"stdout","time":541.480067383,"data":"EDGE_TTA_ACTIVE views= 8 mean_abs_feat_delta= 0.357811\n"}
,{"stream_name":"stdout","time":541.682701613,"data":"EDGE_TTA_ACTIVE views= 8 mean_abs_feat_delta= 0.357811\n"}
,{"stream_name":"stdout","time":542.46566135,"data":"EDGE_TTA_ACTIVE views= 8 mean_abs_feat_delta= 0.336404\n"}
,{"stream_name":"stdout","time":542.509734255,"data":"BIOHUB_RETENTION_GUARD {\"blended_candidates\": 133, \"dataset\": \"44b6_0b24845f\", \"frame\": 93, \"minimum_retention\": 0.9, \"primary_candidates\": 253, \"retention\": 0.525691699604743, \"use_primary\": true}\n"}
,{"stream_name":"stdout","time":542.668186599,"data":"EDGE_TTA_ACTIVE views= 8 mean_abs_feat_delta= 0.336404\n"}
,{"stream_name":"stdout","time":542.668264038,"data":"BIOHUB_RETENTION_GUARD {\"blended_candidates\": 133, \"dataset\": \"44b6_0b24845f\", \"frame\": 93, \"minimum_retention\": 0.9, \"primary_candidates\": 253, \"retention\": 0.525691699604743, \"use_primary\": true}\n"}
,{"stream_name":"stdout","time":543.675288028,"data":"EDGE_TTA_ACTIVE views= 8 mean_abs_feat_delta= 0.3551\n"}
,{"stream_name":"stdout","time":543.877902738,"data":"EDGE_TTA_ACTIVE views= 8 mean_abs_feat_delta= 0.3551\n"}
,{"stream_name":"stdout","time":544.709503973,"data":"BIOHUB_RETENTION_GUARD {\"blended_candidates\": 168, \"dataset\": \"44b6_0b24845f\", \"frame\": 94, \"minimum_retention\": 0.9, \"primary_candidates\": 290, \"retention\": 0.5793103448275863, \"use_primary\": true}\n"}
,{"stream_name":"stdout","time":544.741135175,"data":"EDGE_TTA_ACTIVE views= 8 mean_abs_feat_delta= 0.336923\n"}
,{"stream_name":"stdout","time":544.928934934,"data":"BIOHUB_RETENTION_GUARD {\"blended_candidates\": 168, \"dataset\": \"44b6_0b24845f\", \"frame\": 94, \"minimum_retention\": 0.9, \"primary_candidates\": 290, \"retention\": 0.5793103448275863, \"use_primary\": true}\n"}
,{"stream_name":"stdout","time":544.928976182,"data":"EDGE_TTA_ACTIVE views= 8 mean_abs_feat_delta= 0.336923\n"}
,{"stream_name":"stdout","time":545.985174253,"data":"EDGE_TTA_ACTIVE views= 8 mean_abs_feat_delta= 0.362482\n"}
,{"stream_name":"stdout","time":546.187950322,"data":"EDGE_TTA_ACTIVE views= 8 mean_abs_feat_delta= 0.362482\n"}
,{"stream_name":"stdout","time":547.016375168,"data":"BIOHUB_RETENTION_GUARD {\"blended_candidates\": 140, \"dataset\": \"44b6_0b24845f\", \"frame\": 95, \"minimum_retention\": 0.9, \"primary_candidates\": 309, \"retention\": 0.45307443365695793, \"use_primary\": true}\n"}
,{"stream_name":"stdout","time":547.038475566,"data":"EDGE_TTA_ACTIVE views= 8 mean_abs_feat_delta= 0.340204\n"}
,{"stream_name":"stdout","time":547.218742634,"data":"BIOHUB_RETENTION_GUARD {\"blended_candidates\": 140, \"dataset\": \"44b6_0b24845f\", \"frame\": 95, \"minimum_retention\": 0.9, \"primary_candidates\": 309, \"retention\": 0.45307443365695793, \"use_primary\": true}\n"}
,{"stream_name":"stdout","time":547.218783345,"data":"EDGE_TTA_ACTIVE views= 8 mean_abs_feat_delta= 0.340204\n"}
,{"stream_name":"stdout","time":548.261104917,"data":"EDGE_TTA_ACTIVE views= 8 mean_abs_feat_delta= 0.358614\n"}
,{"stream_name":"stdout","time":548.464063692,"data":"EDGE_TTA_ACTIVE views= 8 mean_abs_feat_delta= 0.358614\n"}
,{"stream_name":"stdout","time":549.285992798,"data":"BIOHUB_RETENTION_GUARD {\"blended_candidates\": 124, \"dataset\": \"44b6_0b24845f\", \"frame\": 96, \"minimum_retention\": 0.9, \"primary_candidates\": 273, \"retention\": 0.4542124542124542, \"use_primary\": true}\n"}
,{"stream_name":"stdout","time":549.294368095,"data":"EDGE_TTA_ACTIVE views= 8 mean_abs_feat_delta= 0.343273\n"}
,{"stream_name":"stdout","time":549.488890637,"data":"BIOHUB_RETENTION_GUARD {\"blended_candidates\": 124, \"dataset\": \"44b6_0b24845f\", \"frame\": 96, \"minimum_retention\": 0.9, \"primary_candidates\": 273, \"retention\": 0.4542124542124542, \"use_primary\": true}\n"}
,{"stream_name":"stdout","time":549.488960147,"data":"EDGE_TTA_ACTIVE views= 8 mean_abs_feat_delta= 0.343273\n"}
,{"stream_name":"stdout","time":550.492468061,"data":"EDGE_TTA_ACTIVE views= 8 mean_abs_feat_delta= 0.354717\n"}
,{"stream_name":"stdout","time":550.695382016,"data":"EDGE_TTA_ACTIVE views= 8 mean_abs_feat_delta= 0.354717\n"}
,{"stream_name":"stdout","time":551.513931927,"data":"BIOHUB_RETENTION_GUARD {\"blended_candidates\": 181, \"dataset\": \"44b6_0b24845f\", \"frame\": 97, \"minimum_retention\": 0.9, \"primary_candidates\": 328, \"retention\": 0.551829268292683, \"use_primary\": true}\n"}
,{"stream_name":"stdout","time":551.587454781,"data":"EDGE_TTA_ACTIVE views= 8 mean_abs_feat_delta= 0.340039\n"}
,{"stream_name":"stdout","time":551.716930822,"data":"BIOHUB_RETENTION_GUARD {\"blended_candidates\": 181, \"dataset\": \"44b6_0b24845f\", \"frame\": 97, \"minimum_retention\": 0.9, \"primary_candidates\": 328, \"retention\": 0.551829268292683, \"use_primary\": true}\n"}
,{"stream_name":"stdout","time":551.716972659,"data":"EDGE_TTA_ACTIVE views= 8 mean_abs_feat_delta= 0.340039\n"}
,{"stream_name":"stdout","time":552.764982949,"data":"EDGE_TTA_ACTIVE views= 8 mean_abs_feat_delta= 0.362901\n"}
,{"stream_name":"stdout","time":552.967736095,"data":"EDGE_TTA_ACTIVE views= 8 mean_abs_feat_delta= 0.362901\n"}
,{"stream_name":"stdout","time":553.782306684,"data":"BIOHUB_RETENTION_GUARD {\"blended_candidates\": 153, \"dataset\": \"44b6_0b24845f\", \"frame\": 98, \"minimum_retention\": 0.9, \"primary_candidates\": 295, \"retention\": 0.5186440677966102, \"use_primary\": true}\n"}
,{"stream_name":"stdout","time":553.876653063,"data":"EDGE_TTA_ACTIVE views= 8 mean_abs_feat_delta= 0.338922\n"}
,{"stream_name":"stdout","time":553.985132227,"data":"BIOHUB_RETENTION_GUARD {\"blended_candidates\": 153, \"dataset\": \"44b6_0b24845f\", \"frame\": 98, \"minimum_retention\": 0.9, \"primary_candidates\": 295, \"retention\": 0.5186440677966102, \"use_primary\": true}\n"}
,{"stream_name":"stdout","time":553.985174589,"data":"EDGE_TTA_ACTIVE views= 8 mean_abs_feat_delta= 0.338922\n"}
,{"stream_name":"stdout","time":554.98815151,"data":"EDGE_TTA_ACTIVE views= 8 mean_abs_feat_delta= 0.362405\n"}
,{"stream_name":"stdout","time":555.190868359,"data":"EDGE_TTA_ACTIVE views= 8 mean_abs_feat_delta= 0.362405\n"}
,{"stream_name":"stdout","time":556.002121512,"data":"BIOHUB_RETENTION_GUARD {\"blended_candidates\": 111, \"dataset\": \"44b6_0b24845f\", \"frame\": 99, \"minimum_retention\": 0.9, \"primary_candidates\": 224, \"retention\": 0.4955357142857143, \"use_primary\": true}\n"}
,{"stream_name":"stdout","time":556.080775857,"data":"EDGE_TTA_ACTIVE views= 8 mean_abs_feat_delta= 0.342488\n"}
,{"stream_name":"stdout","time":556.204664587,"data":"BIOHUB_RETENTION_GUARD {\"blended_candidates\": 111, \"dataset\": \"44b6_0b24845f\", \"frame\": 99, \"minimum_retention\": 0.9, \"primary_candidates\": 224, \"retention\": 0.4955357142857143, \"use_primary\": true}\n"}
,{"stream_name":"stdout","time":556.204717897,"data":"EDGE_TTA_ACTIVE views= 8 mean_abs_feat_delta= 0.342488\n"}
,{"stream_name":"stdout","time":558.261024846,"data":"EDGE_TTA_ACTIVE views= 8 mean_abs_feat_delta= 0.341683\n"}
,{"stream_name":"stdout","time":558.463936281,"data":"EDGE_TTA_ACTIVE views= 8 mean_abs_feat_delta= 0.341683\n"}
,{"stream_name":"stdout","time":582.101363218,"data":"EDGE_TTA_ACTIVE views= 8 mean_abs_feat_delta= 0.336457\n"}
,{"stream_name":"stdout","time":582.332568064,"data":"EDGE_TTA_ACTIVE views= 8 mean_abs_feat_delta= 0.336457\n"}
,{"stream_name":"stdout","time":583.412727765,"data":"PUBLIC946_GPU_SMOKE {\"arm\": \"B0\", \"association\": {\"actual_primary_logits_after_original_harmonic_fusion\": {\"all_finite\": true, \"device\": \"cuda:0\", \"dtype\": \"torch.float32\", \"numel\": 646412, \"shape\": [1, 806, 802], \"stride\": [646412, 802, 1]}, \"actual_secondary_feature_consumed\": true, \"actual_secondary_logits\": {\"all_finite\": true, \"device\": \"cuda:0\", \"dtype\": \"torch.float32\", \"numel\": 646412, \"shape\": [1, 806, 802], \"stride\": [646412, 802, 1]}, \"coordinate_grid\": {\"downsample\": [1.0, 4.0, 4.0], \"source\": {\"device\": \"cuda:0\", \"dtype\": \"torch.float32\", \"numel\": 2418, \"shape\": [1, 806, 3], \"stride\": [806, 1, 806]}, \"target\": {\"device\": \"cuda:0\", \"dtype\": \"torch.float32\", \"numel\": 2406, \"shape\": [1, 802, 3], \"stride\": [802, 1, 802]}}, \"diagnostic_edge_head_calls\": 1, \"diagnostic_encoder_calls\": 0, \"diagnostic_probabilities_used_in_production\": false, \"diagnostic_seconds\": 0.048992485000098895, \"frame_pair_index\": 0, \"primary_source_sampled_features\": {\"all_finite\": true, \"device\": \"cuda:0\", \"dtype\": \"torch.float32\", \"numel\": 25792, \"shape\": [1, 806, 32], \"stride\": [25792, 32, 1]}, \"primary_target_sampled_features\": {\"all_finite\": true, \"device\": \"cuda:0\", \"dtype\": \"torch.float32\", \"numel\": 25664, \"shape\": [1, 802, 32], \"stride\": [25664, 32, 1]}, \"probability_comparison_stage\": \"secondary edge-head softmax over parents, before original calibration and low-margin mixing\", \"probability_delta_vs_single_pass_same_coordinates\": {\"sample_elements\": 65536, \"sample_equal\": true, \"sample_max_abs_delta\": 0.0, \"sample_mean_abs_delta\": 0.0, \"sample_stride\": 9}, \"production_calls\": 1, \"same_low_margin_config\": {\"secondary_detection_weight\": 0.8, \"secondary_edge_weight\": 0.15, \"secondary_link_mode\": \"low_margin_consensus\"}, \"source_delta_vs_single_pass\": {\"sample_elements\": 25792, \"sample_equal\": true, \"sample_max_abs_delta\": 0.0, \"sample_mean_abs_delta\": 0.0, \"sample_stride\": 1}, \"source_sampled_features\": {\"all_finite\": true, \"device\": \"cuda:0\", \"dtype\": \"torch.float32\", \"numel\": 25792, \"shape\": [1, 806, 32], \"stride\": [25792, 32, 1]}, \"target_delta_vs_single_pass\": {\"sample_elements\": 25664, \"sample_equal\": true, \"sample_max_abs_delta\": 0.0, \"sample_mean_abs_delta\": 0.0, \"sample_stride\": 1}, \"target_sampled_features\": {\"all_finite\": true, \"device\": \"cuda:0\", \"dtype\": \"torch.float32\", \"numel\": 25664, \"shape\": [1, 802, 32], \"stride\": [25664, 32, 1]}}, \"association_calls\": 1, \"config\": {\"secondary_detection_weight\": 0.8, \"secondary_edge_weight\": 0.15, \"secondary_link_mode\": \"low_margin_consensus\"}, \"consumed_features\": {\"primary\": {\"all_finite\": true, \"delta_vs_single_pass\": {\"sample_elements\": 65536, \"sample_equal\": false, \"sample_max_abs_delta\": 1.6548349857330322, \"sample_mean_abs_delta\": 0.3378757834434509, \"sample_stride\": 256}, \"device\": \"cuda:0\", \"dtype\": \"torch.float32\", \"numel\": 16777216, \"original_encoded_feature_sample_unchanged\": true, \"same_storage_as_original\": false, \"shape\": [1, 2, 32, 64, 64, 64], \"single_pass\": {\"device\": \"cuda:0\", \"dtype\": \"torch.float32\", \"numel\": 16777216, \"shape\": [1, 2, 32, 64, 64, 64], \"stride\": [16777216, 8388608, 262144, 4096, 64, 1]}, \"stride\": [16777216, 8388608, 262144, 4096, 64, 1]}, \"secondary\": {\"all_finite\": true, \"delta_vs_single_pass\": {\"sample_elements\": 65536, \"sample_equal\": true, \"sample_max_abs_delta\": 0.0, \"sample_mean_abs_delta\": 0.0, \"sample_stride\": 256}, \"device\": \"cuda:0\", \"dtype\": \"torch.float32\", \"numel\": 16777216, \"original_encoded_feature_sample_unchanged\": true, \"same_storage_as_original\": true, \"shape\": [1, 2, 32, 64, 64, 64], \"single_pass\": {\"device\": \"cuda:0\", \"dtype\": \"torch.float32\", \"numel\": 16777216, \"shape\": [1, 2, 32, 64, 64, 64], \"stride\": [16777216, 8388608, 262144, 4096, 64, 1]}, \"stride\": [16777216, 8388608, 262144, 4096, 64, 1]}}, \"consumed_heatmaps\": [{\"all_finite\": true, \"device\": \"cuda:0\", \"dtype\": \"torch.float32\", \"numel\": 262144, \"shape\": [1, 1, 64, 64, 64], \"stride\": [262144, 262144, 4096, 64, 1]}, {\"all_finite\": true, \"device\": \"cuda:0\", \"dtype\": \"torch.float32\", \"numel\": 262144, \"shape\": [1, 1, 64, 64, 64], \"stride\": [262144, 262144, 4096, 64, 1]}], \"cuda_peak_allocated_bytes_process\": 728221696, \"cuda_peak_reserved_bytes_process\": 979369984, \"dataset\": \"6bba_05db0fb1\", \"encode_calls\": {\"primary\": 8, \"secondary\": 8}, \"encode_seconds\": {\"primary\": 1.0186045880000165, \"secondary\": 0.9607661420000113}, \"encode_views\": [{\"feature\": {\"device\": \"cuda:0\", \"dtype\": \"torch.float32\", \"numel\": 16777216, \"shape\": [1, 2, 32, 64, 64, 64], \"stride\": [16777216, 8388608, 262144, 4096, 64, 1]}, \"heatmap0\": {\"device\": \"cuda:0\", \"dtype\": \"torch.float32\", \"numel\": 262144, \"shape\": [1, 1, 64, 64, 64], \"stride\": [262144, 262144, 4096, 64, 1]}, \"input\": {\"device\": \"cuda:0\", \"dtype\": \"torch.float32\", \"numel\": 524288, \"shape\": [1, 2, 64, 64, 64], \"stride\": [524288, 262144, 4096, 64, 1]}, \"pass\": 1, \"role\": \"primary\"}, {\"feature\": {\"device\": \"cuda:0\", \"dtype\": \"torch.float32\", \"numel\": 16777216, \"shape\": [1, 2, 32, 64, 64, 64], \"stride\": [16777216, 8388608, 262144, 4096, 64, 1]}, \"heatmap0\": {\"device\": \"cuda:0\", \"dtype\": \"torch.float32\", \"numel\": 262144, \"shape\": [1, 1, 64, 64, 64], \"stride\": [262144, 262144, 4096, 64, 1]}, \"input\": {\"device\": \"cuda:0\", \"dtype\": \"torch.float32\", \"numel\": 524288, \"shape\": [1, 2, 64, 64, 64], \"stride\": [524288, 262144, 4096, 64, 1]}, \"pass\": 2, \"role\": \"primary\"}, {\"feature\": {\"device\": \"cuda:0\", \"dtype\": \"torch.float32\", \"numel\": 16777216, \"shape\": [1, 2, 32, 64, 64, 64], \"stride\": [16777216, 8388608, 262144, 4096, 64, 1]}, \"heatmap0\": {\"device\": \"cuda:0\", \"dtype\": \"torch.float32\", \"numel\": 262144, \"shape\": [1, 1, 64, 64, 64], \"stride\": [262144, 262144, 4096, 64, 1]}, \"input\": {\"device\": \"cuda:0\", \"dtype\": \"torch.float32\", \"numel\": 524288, \"shape\": [1, 2, 64, 64, 64], \"stride\": [524288, 262144, 4096, 64, 1]}, \"pass\": 3, \"role\": \"primary\"}, {\"feature\": {\"device\": \"cuda:0\", \"dtype\": \"torch.float32\", \"numel\": 16777216, \"shape\": [1, 2, 32, 64, 64, 64], \"stride\": [16777216, 8388608, 262144, 4096, 64, 1]}, \"heatmap0\": {\"device\": \"cuda:0\", \"dtype\": \"torch.float32\", \"numel\": 262144, \"shape\": [1, 1, 64, 64, 64], \"stride\": [262144, 262144, 4096, 64, 1]}, \"input\": {\"device\": \"cuda:0\", \"dtype\": \"torch.float32\", \"numel\": 524288, \"shape\": [1, 2, 64, 64, 64], \"stride\": [524288, 262144, 4096, 64, 1]}, \"pass\": 4, \"role\": \"primary\"}, {\"feature\": {\"device\": \"cuda:0\", \"dtype\": \"torch.float32\", \"numel\": 16777216, \"shape\": [1, 2, 32, 64, 64, 64], \"stride\": [16777216, 8388608, 262144, 4096, 64, 1]}, \"heatmap0\": {\"device\": \"cuda:0\", \"dtype\": \"torch.float32\", \"numel\": 262144, \"shape\": [1, 1, 64, 64, 64], \"stride\": [262144, 262144, 4096, 64, 1]}, \"input\": {\"device\": \"cuda:0\", \"dtype\": \"torch.float32\", \"numel\": 524288, \"shape\": [1, 2, 64, 64, 64], \"stride\": [524288, 262144, 4096, 1, 64]}, \"pass\": 5, \"role\": \"primary\"}, {\"feature\": {\"device\": \"cuda:0\", \"dtype\": \"torch.float32\", \"numel\": 16777216, \"shape\": [1, 2, 32, 64, 64, 64], \"stride\": [16777216, 8388608, 262144, 4096, 64, 1]}, \"heatmap0\": {\"device\": \"cuda:0\", \"dtype\": \"torch.float32\", \"numel\": 262144, \"shape\": [1, 1, 64, 64, 64], \"stride\": [262144, 262144, 4096, 64, 1]}, \"input\": {\"device\": \"cuda:0\", \"dtype\": \"torch.float32\", \"numel\": 524288, \"shape\": [1, 2, 64, 64, 64], \"stride\": [524288, 262144, 4096, 1, 64]}, \"pass\": 6, \"role\": \"primary\"}, {\"feature\": {\"device\": \"cuda:0\", \"dtype\": \"torch.float32\", \"numel\": 16777216, \"shape\": [1, 2, 32, 64, 64, 64], \"stride\": [16777216, 8388608, 262144, 4096, 64, 1]}, \"heatmap0\": {\"device\": \"cuda:0\", \"dtype\": \"torch.float32\", \"numel\": 262144, \"shape\": [1, 1, 64, 64, 64], \"stride\": [262144, 262144, 4096, 64, 1]}, \"input\": {\"device\": \"cuda:0\", \"dtype\": \"torch.float32\", \"numel\": 524288, \"shape\": [1, 2, 64, 64, 64], \"stride\": [524288, 262144, 4096, 1, 64]}, \"pass\": 7, \"role\": \"primary\"}, {\"feature\": {\"device\": \"cuda:0\", \"dtype\": \"torch.float32\", \"numel\": 16777216, \"shape\": [1, 2, 32, 64, 64, 64], \"stride\": [16777216, 8388608, 262144, 4096, 64, 1]}, \"heatmap0\": {\"device\": \"cuda:0\", \"dtype\": \"torch.float32\", \"numel\": 262144, \"shape\": [1, 1, 64, 64, 64], \"stride\": [262144, 262144, 4096, 64, 1]}, \"input\": {\"device\": \"cuda:0\", \"dtype\": \"torch.float32\", \"numel\": 524288, \"shape\": [1, 2, 64, 64, 64], \"stride\": [524288, 262144, 4096, 64, 1]}, \"pass\": 8, \"role\": \"primary\"}, {\"feature\": {\"device\": \"cuda:0\", \"dtype\": \"torch.float32\", \"numel\": 16777216, \"shape\": [1, 2, 32, 64, 64, 64], \"stride\": [16777216, 8388608, 262144, 4096, 64, 1]}, \"heatmap0\": {\"device\": \"cuda:0\", \"dtype\": \"torch.float32\", \"numel\": 262144, \"shape\": [1, 1, 64, 64, 64], \"stride\": [262144, 262144, 4096, 64, 1]}, \"input\": {\"device\": \"cuda:0\", \"dtype\": \"torch.float32\", \"numel\": 524288, \"shape\": [1, 2, 64, 64, 64], \"stride\": [524288, 262144, 4096, 64, 1]}, \"pass\": 1, \"role\": \"secondary\"}, {\"feature\": {\"device\": \"cuda:0\", \"dtype\": \"torch.float32\", \"numel\": 16777216, \"shape\": [1, 2, 32, 64, 64, 64], \"stride\": [16777216, 8388608, 262144, 4096, 64, 1]}, \"heatmap0\": {\"device\": \"cuda:0\", \"dtype\": \"torch.float32\", \"numel\": 262144, \"shape\": [1, 1, 64, 64, 64], \"stride\": [262144, 262144, 4096, 64, 1]}, \"input\": {\"device\": \"cuda:0\", \"dtype\": \"torch.float32\", \"numel\": 524288, \"shape\": [1, 2, 64, 64, 64], \"stride\": [524288, 262144, 4096, 64, 1]}, \"pass\": 2, \"role\": \"secondary\"}, {\"feature\": {\"device\": \"cuda:0\", \"dtype\": \"torch.float32\", \"numel\": 16777216, \"shape\": [1, 2, 32, 64, 64, 64], \"stride\": [16777216, 8388608, 262144, 4096, 64, 1]}, \"heatmap0\": {\"device\": \"cuda:0\", \"dtype\": \"torch.float32\", \"numel\": 262144, \"shape\": [1, 1, 64, 64, 64], \"stride\": [262144, 262144, 4096, 64, 1]}, \"input\": {\"device\": \"cuda:0\", \"dtype\": \"torch.float32\", \"numel\": 524288, \"shape\": [1, 2, 64, 64, 64], \"stride\": [524288, 262144, 4096, 64, 1]}, \"pass\": 3, \"role\": \"secondary\"}, {\"feature\": {\"device\": \"cuda:0\", \"dtype\": \"torch.float32\", \"numel\": 16777216, \"shape\": [1, 2, 32, 64, 64, 64], \"stride\": [16777216, 8388608, 262144, 4096, 64, 1]}, \"heatmap0\": {\"device\": \"cuda:0\", \"dtype\": \"torch.float32\", \"numel\": 262144, \"shape\": [1, 1, 64, 64, 64], \"stride\": [262144, 262144, 4096, 64, 1]}, \"input\": {\"device\": \"cuda:0\", \"dtype\": \"torch.float32\", \"numel\": 524288, \"shape\": [1, 2, 64, 64, 64], \"stride\": [524288, 262144, 4096, 64, 1]}, \"pass\": 4, \"role\": \"secondary\"}, {\"feature\": {\"device\": \"cuda:0\", \"dtype\": \"torch.float32\", \"numel\": 16777216, \"shape\": [1, 2, 32, 64, 64, 64], \"stride\": [16777216, 8388608, 262144, 4096, 64, 1]}, \"heatmap0\": {\"device\": \"cuda:0\", \"dtype\": \"torch.float32\", \"numel\": 262144, \"shape\": [1, 1, 64, 64, 64], \"stride\": [262144, 262144, 4096, 64, 1]}, \"input\": {\"device\": \"cuda:0\", \"dtype\": \"torch.float32\", \"numel\": 524288, \"shape\": [1, 2, 64, 64, 64], \"stride\": [524288, 262144, 4096, 1, 64]}, \"pass\": 5, \"role\": \"secondary\"}, {\"feature\": {\"device\": \"cuda:0\", \"dtype\": \"torch.float32\", \"numel\": 16777216, \"shape\": [1, 2, 32, 64, 64, 64], \"stride\": [16777216, 8388608, 262144, 4096, 64, 1]}, \"heatmap0\": {\"device\": \"cuda:0\", \"dtype\": \"torch.float32\", \"numel\": 262144, \"shape\": [1, 1, 64, 64, 64], \"stride\": [262144, 262144, 4096, 64, 1]}, \"input\": {\"device\": \"cuda:0\", \"dtype\": \"torch.float32\", \"numel\": 524288, \"shape\": [1, 2, 64, 64, 64], \"stride\": [524288, 262144, 4096, 1, 64]}, \"pass\": 6, \"role\": \"secondary\"}, {\"feature\": {\"device\": \"cuda:0\", \"dtype\": \"torch.float32\", \"numel\": 16777216, \"shape\": [1, 2, 32, 64, 64, 64], \"stride\": [16777216, 8388608, 262144, 4096, 64, 1]}, \"heatmap0\": {\"device\": \"cuda:0\", \"dtype\": \"torch.float32\", \"numel\": 262144, \"shape\": [1, 1, 64, 64, 64], \"stride\": [262144, 262144, 4096, 64, 1]}, \"input\": {\"device\": \"cuda:0\", \"dtype\": \"torch.float32\", \"numel\": 524288, \"shape\": [1, 2, 64, 64, 64], \"stride\": [524288, 262144, 4096, 1, 64]}, \"pass\": 7, \"role\": \"secondary\"}, {\"feature\": {\"device\": \"cuda:0\", \"dtype\": \"torch.float32\", \"numel\": 16777216, \"shape\": [1, 2, 32, 64, 64, 64], \"stride\": [16777216, 8388608, 262144, 4096, 64, 1]}, \"heatmap0\": {\"device\": \"cuda:0\", \"dtype\": \"torch.float32\", \"numel\": 262144, \"shape\": [1, 1, 64, 64, 64], \"stride\": [262144, 262144, 4096, 64, 1]}, \"input\": {\"device\": \"cuda:0\", \"dtype\": \"torch.float32\", \"numel\": 524288, \"shape\": [1, 2, 64, 64, 64], \"stride\": [524288, 262144, 4096, 64, 1]}, \"pass\": 8, \"role\": \"secondary\"}], \"event\": \"actual_predictor_window\", \"frames\": [0, 1], \"input\": {\"all_finite\": true, \"device\": \"cuda:0\", \"dtype\": \"torch.float32\", \"numel\": 524288, \"shape\": [1, 2, 64, 64, 64], \"stride\": [524288, 262144, 4096, 64, 1]}, \"input_parent\": \"/kaggle/input/competitions/biohub-cell-tracking-during-development/test\", \"seconds_including_common_audit\": 2.3450184379998973, \"window_index\": 1, \"worker_execution_settings\": {\"autocast_enabled\": false, \"cuda_runtime\": \"12.8\", \"cudnn_allow_tf32\": true, \"cudnn_benchmark\": false, \"cudnn_deterministic\": false, \"default_dtype\": \"torch.float32\", \"deterministic_algorithms\": false, \"float32_matmul_precision\": \"highest\", \"gpu_name\": \"Tesla T4\", \"grad_enabled\": false, \"matmul_allow_tf32\": false, \"torch_initial_seed\": 1808465947083554680, \"torch_version\": \"2.10.0+cu128\"}}\n"}
,{"stream_name":"stdout","time":583.615820508,"data":"PUBLIC946_GPU_SMOKE {\"arm\": \"B0\", \"association\": {\"actual_primary_logits_after_original_harmonic_fusion\": {\"all_finite\": true, \"device\": \"cuda:0\", \"dtype\": \"torch.float32\", \"numel\": 646412, \"shape\": [1, 806, 802], \"stride\": [646412, 802, 1]}, \"actual_secondary_feature_consumed\": true, \"actual_secondary_logits\": {\"all_finite\": true, \"device\": \"cuda:0\", \"dtype\": \"torch.float32\", \"numel\": 646412, \"shape\": [1, 806, 802], \"stride\": [646412, 802, 1]}, \"coordinate_grid\": {\"downsample\": [1.0, 4.0, 4.0], \"source\": {\"device\": \"cuda:0\", \"dtype\": \"torch.float32\", \"numel\": 2418, \"shape\": [1, 806, 3], \"stride\": [806, 1, 806]}, \"target\": {\"device\": \"cuda:0\", \"dtype\": \"torch.float32\", \"numel\": 2406, \"shape\": [1, 802, 3], \"stride\": [802, 1, 802]}}, \"diagnostic_edge_head_calls\": 1, \"diagnostic_encoder_calls\": 0, \"diagnostic_probabilities_used_in_production\": false, \"diagnostic_seconds\": 0.048992485000098895, \"frame_pair_index\": 0, \"primary_source_sampled_features\": {\"all_finite\": true, \"device\": \"cuda:0\", \"dtype\": \"torch.float32\", \"numel\": 25792, \"shape\": [1, 806, 32], \"stride\": [25792, 32, 1]}, \"primary_target_sampled_features\": {\"all_finite\": true, \"device\": \"cuda:0\", \"dtype\": \"torch.float32\", \"numel\": 25664, \"shape\": [1, 802, 32], \"stride\": [25664, 32, 1]}, \"probability_comparison_stage\": \"secondary edge-head softmax over parents, before original calibration and low-margin mixing\", \"probability_delta_vs_single_pass_same_coordinates\": {\"sample_elements\": 65536, \"sample_equal\": true, \"sample_max_abs_delta\": 0.0, \"sample_mean_abs_delta\": 0.0, \"sample_stride\": 9}, \"production_calls\": 1, \"same_low_margin_config\": {\"secondary_detection_weight\": 0.8, \"secondary_edge_weight\": 0.15, \"secondary_link_mode\": \"low_margin_consensus\"}, \"source_delta_vs_single_pass\": {\"sample_elements\": 25792, \"sample_equal\": true, \"sample_max_abs_delta\": 0.0, \"sample_mean_abs_delta\": 0.0, \"sample_stride\": 1}, \"source_sampled_features\": {\"all_finite\": true, \"device\": \"cuda:0\", \"dtype\": \"torch.float32\", \"numel\": 25792, \"shape\": [1, 806, 32], \"stride\": [25792, 32, 1]}, \"target_delta_vs_single_pass\": {\"sample_elements\": 25664, \"sample_equal\": true, \"sample_max_abs_delta\": 0.0, \"sample_mean_abs_delta\": 0.0, \"sample_stride\": 1}, \"target_sampled_features\": {\"all_finite\": true, \"device\": \"cuda:0\", \"dtype\": \"torch.float32\", \"numel\": 25664, \"shape\": [1, 802, 32], \"stride\": [25664, 32, 1]}}, \"association_calls\": 1, \"config\": {\"secondary_detection_weight\": 0.8, \"secondary_edge_weight\": 0.15, \"secondary_link_mode\": \"low_margin_consensus\"}, \"consumed_features\": {\"primary\": {\"all_finite\": true, \"delta_vs_single_pass\": {\"sample_elements\": 65536, \"sample_equal\": false, \"sample_max_abs_delta\": 1.6548349857330322, \"sample_mean_abs_delta\": 0.3378757834434509, \"sample_stride\": 256}, \"device\": \"cuda:0\", \"dtype\": \"torch.float32\", \"numel\": 16777216, \"original_encoded_feature_sample_unchanged\": true, \"same_storage_as_original\": false, \"shape\": [1, 2, 32, 64, 64, 64], \"single_pass\": {\"device\": \"cuda:0\", \"dtype\": \"torch.float32\", \"numel\": 16777216, \"shape\": [1, 2, 32, 64, 64, 64], \"stride\": [16777216, 8388608, 262144, 4096, 64, 1]}, \"stride\": [16777216, 8388608, 262144, 4096, 64, 1]}, \"secondary\": {\"all_finite\": true, \"delta_vs_single_pass\": {\"sample_elements\": 65536, \"sample_equal\": true, \"sample_max_abs_delta\": 0.0, \"sample_mean_abs_delta\": 0.0, \"sample_stride\": 256}, \"device\": \"cuda:0\", \"dtype\": \"torch.float32\", \"numel\": 16777216, \"original_encoded_feature_sample_unchanged\": true, \"same_storage_as_original\": true, \"shape\": [1, 2, 32, 64, 64, 64], \"single_pass\": {\"device\": \"cuda:0\", \"dtype\": \"torch.float32\", \"numel\": 16777216, \"shape\": [1, 2, 32, 64, 64, 64], \"stride\": [16777216, 8388608, 262144, 4096, 64, 1]}, \"stride\": [16777216, 8388608, 262144, 4096, 64, 1]}}, \"consumed_heatmaps\": [{\"all_finite\": true, \"device\": \"cuda:0\", \"dtype\": \"torch.float32\", \"numel\": 262144, \"shape\": [1, 1, 64, 64, 64], \"stride\": [262144, 262144, 4096, 64, 1]}, {\"all_finite\": true, \"device\": \"cuda:0\", \"dtype\": \"torch.float32\", \"numel\": 262144, \"shape\": [1, 1, 64, 64, 64], \"stride\": [262144, 262144, 4096, 64, 1]}], \"cuda_peak_allocated_bytes_process\": 728221696, \"cuda_peak_reserved_bytes_process\": 979369984, \"dataset\": \"6bba_05db0fb1\", \"encode_calls\": {\"primary\": 8, \"secondary\": 8}, \"encode_seconds\": {\"primary\": 1.0186045880000165, \"secondary\": 0.9607661420000113}, \"encode_views\": [{\"feature\": {\"device\": \"cuda:0\", \"dtype\": \"torch.float32\", \"numel\": 16777216, \"shape\": [1, 2, 32, 64, 64, 64], \"stride\": [16777216, 8388608, 262144, 4096, 64, 1]}, \"heatmap0\": {\"device\": \"cuda:0\", \"dtype\": \"torch.float32\", \"numel\": 262144, \"shape\": [1, 1, 64, 64, 64], \"stride\": [262144, 262144, 4096, 64, 1]}, \"input\": {\"device\": \"cuda:0\", \"dtype\": \"torch.float32\", \"numel\": 524288, \"shape\": [1, 2, 64, 64, 64], \"stride\": [524288, 262144, 4096, 64, 1]}, \"pass\": 1, \"role\": \"primary\"}, {\"feature\": {\"device\": \"cuda:0\", \"dtype\": \"torch.float32\", \"numel\": 16777216, \"shape\": [1, 2, 32, 64, 64, 64], \"stride\": [16777216, 8388608, 262144, 4096, 64, 1]}, \"heatmap0\": {\"device\": \"cuda:0\", \"dtype\": \"torch.float32\", \"numel\": 262144, \"shape\": [1, 1, 64, 64, 64], \"stride\": [262144, 262144, 4096, 64, 1]}, \"input\": {\"device\": \"cuda:0\", \"dtype\": \"torch.float32\", \"numel\": 524288, \"shape\": [1, 2, 64, 64, 64], \"stride\": [524288, 262144, 4096, 64, 1]}, \"pass\": 2, \"role\": \"primary\"}, {\"feature\": {\"device\": \"cuda:0\", \"dtype\": \"torch.float32\", \"numel\": 16777216, \"shape\": [1, 2, 32, 64, 64, 64], \"stride\": [16777216, 8388608, 262144, 4096, 64, 1]}, \"heatmap0\": {\"device\": \"cuda:0\", \"dtype\": \"torch.float32\", \"numel\": 262144, \"shape\": [1, 1, 64, 64, 64], \"stride\": [262144, 262144, 4096, 64, 1]}, \"input\": {\"device\": \"cuda:0\", \"dtype\": \"torch.float32\", \"numel\": 524288, \"shape\": [1, 2, 64, 64, 64], \"stride\": [524288, 262144, 4096, 64, 1]}, \"pass\": 3, \"role\": \"primary\"}, {\"feature\": {\"device\": \"cuda:0\", \"dtype\": \"torch.float32\", \"numel\": 16777216, \"shape\": [1, 2, 32, 64, 64, 64], \"stride\": [16777216, 8388608, 262144, 4096, 64, 1]}, \"heatmap0\": {\"device\": \"cuda:0\", \"dtype\": \"torch.float32\", \"numel\": 262144, \"shape\": [1, 1, 64, 64, 64], \"stride\": [262144, 262144, 4096, 64, 1]}, \"input\": {\"device\": \"cuda:0\", \"dtype\": \"torch.float32\", \"numel\": 524288, \"shape\": [1, 2, 64, 64, 64], \"stride\": [524288, 262144, 4096, 64, 1]}, \"pass\": 4, \"role\": \"primary\"}, {\"feature\": {\"device\": \"cuda:0\", \"dtype\": \"torch.float32\", \"numel\": 16777216, \"shape\": [1, 2, 32, 64, 64, 64], \"stride\": [16777216, 8388608, 262144, 4096, 64, 1]}, \"heatmap0\": {\"device\": \"cuda:0\", \"dtype\": \"torch.float32\", \"numel\": 262144, \"shape\": [1, 1, 64, 64, 64], \"stride\": [262144, 262144, 4096, 64, 1]}, \"input\": {\"device\": \"cuda:0\", \"dtype\": \"torch.float32\", \"numel\": 524288, \"shape\": [1, 2, 64, 64, 64], \"stride\": [524288, 262144, 4096, 1, 64]}, \"pass\": 5, \"role\": \"primary\"}, {\"feature\": {\"device\": \"cuda:0\", \"dtype\": \"torch.float32\", \"numel\": 16777216, \"shape\": [1, 2, 32, 64, 64, 64], \"stride\": [16777216, 8388608, 262144, 4096, 64, 1]}, \"heatmap0\": {\"device\": \"cuda:0\", \"dtype\": \"torch.float32\", \"numel\": 262144, \"shape\": [1, 1, 64, 64, 64], \"stride\": [262144, 262144, 4096, 64, 1]}, \"input\": {\"device\": \"cuda:0\", \"dtype\": \"torch.float32\", \"numel\": 524288, \"shape\": [1, 2, 64, 64, 64], \"stride\": [524288, 262144, 4096, 1, 64]}, \"pass\": 6, \"role\": \"primary\"}, {\"feature\": {\"device\": \"cuda:0\", \"dtype\": \"torch.float32\", \"numel\": 16777216, \"shape\": [1, 2, 32, 64, 64, 64], \"stride\": [16777216, 8388608, 262144, 4096, 64, 1]}, \"heatmap0\": {\"device\": \"cuda:0\", \"dtype\": \"torch.float32\", \"numel\": 262144, \"shape\": [1, 1, 64, 64, 64], \"stride\": [262144, 262144, 4096, 64, 1]}, \"input\": {\"device\": \"cuda:0\", \"dtype\": \"torch.float32\", \"numel\": 524288, \"shape\": [1, 2, 64, 64, 64], \"stride\": [524288, 262144, 4096, 1, 64]}, \"pass\": 7, \"role\": \"primary\"}, {\"feature\": {\"device\": \"cuda:0\", \"dtype\": \"torch.float32\", \"numel\": 16777216, \"shape\": [1, 2, 32, 64, 64, 64], \"stride\": [16777216, 8388608, 262144, 4096, 64, 1]}, \"heatmap0\": {\"device\": \"cuda:0\", \"dtype\": \"torch.float32\", \"numel\": 262144, \"shape\": [1, 1, 64, 64, 64], \"stride\": [262144, 262144, 4096, 64, 1]}, \"input\": {\"device\": \"cuda:0\", \"dtype\": \"torch.float32\", \"numel\": 524288, \"shape\": [1, 2, 64, 64, 64], \"stride\": [524288, 262144, 4096, 64, 1]}, \"pass\": 8, \"role\": \"primary\"}, {\"feature\": {\"device\": \"cuda:0\", \"dtype\": \"torch.float32\", \"numel\": 16777216, \"shape\": [1, 2, 32, 64, 64, 64], \"stride\": [16777216, 8388608, 262144, 4096, 64, 1]}, \"heatmap0\": {\"device\": \"cuda:0\", \"dtype\": \"torch.float32\", \"numel\": 262144, \"shape\": [1, 1, 64, 64, 64], \"stride\": [262144, 262144, 4096, 64, 1]}, \"input\": {\"device\": \"cuda:0\", \"dtype\": \"torch.float32\", \"numel\": 524288, \"shape\": [1, 2, 64, 64, 64], \"stride\": [524288, 262144, 4096, 64, 1]}, \"pass\": 1, \"role\": \"secondary\"}, {\"feature\": {\"device\": \"cuda:0\", \"dtype\": \"torch.float32\", \"numel\": 16777216, \"shape\": [1, 2, 32, 64, 64, 64], \"stride\": [16777216, 8388608, 262144, 4096, 64, 1]}, \"heatmap0\": {\"device\": \"cuda:0\", \"dtype\": \"torch.float32\", \"numel\": 262144, \"shape\": [1, 1, 64, 64, 64], \"stride\": [262144, 262144, 4096, 64, 1]}, \"input\": {\"device\": \"cuda:0\", \"dtype\": \"torch.float32\", \"numel\": 524288, \"shape\": [1, 2, 64, 64, 64], \"stride\": [524288, 262144, 4096, 64, 1]}, \"pass\": 2, \"role\": \"secondary\"}, {\"feature\": {\"device\": \"cuda:0\", \"dtype\": \"torch.float32\", \"numel\": 16777216, \"shape\": [1, 2, 32, 64, 64, 64], \"stride\": [16777216, 8388608, 262144, 4096, 64, 1]}, \"heatmap0\": {\"device\": \"cuda:0\", \"dtype\": \"torch.float32\", \"numel\": 262144, \"shape\": [1, 1, 64, 64, 64], \"stride\": [262144, 262144, 4096, 64, 1]}, \"input\": {\"device\": \"cuda:0\", \"dtype\": \"torch.float32\", \"numel\": 524288, \"shape\": [1, 2, 64, 64, 64], \"stride\": [524288, 262144, 4096, 64, 1]}, \"pass\": 3, \"role\": \"secondary\"}, {\"feature\": {\"device\": \"cuda:0\", \"dtype\": \"torch.float32\", \"numel\": 16777216, \"shape\": [1, 2, 32, 64, 64, 64], \"stride\": [16777216, 8388608, 262144, 4096, 64, 1]}, \"heatmap0\": {\"device\": \"cuda:0\", \"dtype\": \"torch.float32\", \"numel\": 262144, \"shape\": [1, 1, 64, 64, 64], \"stride\": [262144, 262144, 4096, 64, 1]}, \"input\": {\"device\": \"cuda:0\", \"dtype\": \"torch.float32\", \"numel\": 524288, \"shape\": [1, 2, 64, 64, 64], \"stride\": [524288, 262144, 4096, 64, 1]}, \"pass\": 4, \"role\": \"secondary\"}, {\"feature\": {\"device\": \"cuda:0\", \"dtype\": \"torch.float32\", \"numel\": 16777216, \"shape\": [1, 2, 32, 64, 64, 64], \"stride\": [16777216, 8388608, 262144, 4096, 64, 1]}, \"heatmap0\": {\"device\": \"cuda:0\", \"dtype\": \"torch.float32\", \"numel\": 262144, \"shape\": [1, 1, 64, 64, 64], \"stride\": [262144, 262144, 4096, 64, 1]}, \"input\": {\"device\": \"cuda:0\", \"dtype\": \"torch.float32\", \"numel\": 524288, \"shape\": [1, 2, 64, 64, 64], \"stride\": [524288, 262144, 4096, 1, 64]}, \"pass\": 5, \"role\": \"secondary\"}, {\"feature\": {\"device\": \"cuda:0\", \"dtype\": \"torch.float32\", \"numel\": 16777216, \"shape\": [1, 2, 32, 64, 64, 64], \"stride\": [16777216, 8388608, 262144, 4096, 64, 1]}, \"heatmap0\": {\"device\": \"cuda:0\", \"dtype\": \"torch.float32\", \"numel\": 262144, \"shape\": [1, 1, 64, 64, 64], \"stride\": [262144, 262144, 4096, 64, 1]}, \"input\": {\"device\": \"cuda:0\", \"dtype\": \"torch.float32\", \"numel\": 524288, \"shape\": [1, 2, 64, 64, 64], \"stride\": [524288, 262144, 4096, 1, 64]}, \"pass\": 6, \"role\": \"secondary\"}, {\"feature\": {\"device\": \"cuda:0\", \"dtype\": \"torch.float32\", \"numel\": 16777216, \"shape\": [1, 2, 32, 64, 64, 64], \"stride\": [16777216, 8388608, 262144, 4096, 64, 1]}, \"heatmap0\": {\"device\": \"cuda:0\", \"dtype\": \"torch.float32\", \"numel\": 262144, \"shape\": [1, 1, 64, 64, 64], \"stride\": [262144, 262144, 4096, 64, 1]}, \"input\": {\"device\": \"cuda:0\", \"dtype\": \"torch.float32\", \"numel\": 524288, \"shape\": [1, 2, 64, 64, 64], \"stride\": [524288, 262144, 4096, 1, 64]}, \"pass\": 7, \"role\": \"secondary\"}, {\"feature\": {\"device\": \"cuda:0\", \"dtype\": \"torch.float32\", \"numel\": 16777216, \"shape\": [1, 2, 32, 64, 64, 64], \"stride\": [16777216, 8388608, 262144, 4096, 64, 1]}, \"heatmap0\": {\"device\": \"cuda:0\", \"dtype\": \"torch.float32\", \"numel\": 262144, \"shape\": [1, 1, 64, 64, 64], \"stride\": [262144, 262144, 4096, 64, 1]}, \"input\": {\"device\": \"cuda:0\", \"dtype\": \"torch.float32\", \"numel\": 524288, \"shape\": [1, 2, 64, 64, 64], \"stride\": [524288, 262144, 4096, 64, 1]}, \"pass\": 8, \"role\": \"secondary\"}], \"event\": \"actual_predictor_window\", \"frames\": [0, 1], \"input\": {\"all_finite\": true, \"device\": \"cuda:0\", \"dtype\": \"torch.float32\", \"numel\": 524288, \"shape\": [1, 2, 64, 64, 64], \"stride\": [524288, 262144, 4096, 64, 1]}, \"input_parent\": \"/kaggle/input/competitions/biohub-cell-tracking-during-development/test\", \"seconds_including_common_audit\": 2.3450184379998973, \"window_index\": 1, \"worker_execution_settings\": {\"autocast_enabled\": false, \"cuda_runtime\": \"12.8\", \"cudnn_allow_tf32\": true, \"cudnn_benchmark\": false, \"cudnn_deterministic\": false, \"default_dtype\": \"torch.float32\", \"deterministic_algorithms\": false, \"float32_matmul_precision\": \"highest\", \"gpu_name\": \"Tesla T4\", \"grad_enabled\": false, \"matmul_allow_tf32\": false, \"torch_initial_seed\": 1808465947083554680, \"torch_version\": \"2.10.0+cu128\"}}\n"}
,{"stream_name":"stdout","time":584.491041811,"data":"EDGE_TTA_ACTIVE views= 8 mean_abs_feat_delta= 0.33652\n"}
,{"stream_name":"stdout","time":584.693471067,"data":"EDGE_TTA_ACTIVE views= 8 mean_abs_feat_delta= 0.33652\n"}
,{"stream_name":"stdout","time":586.881363821,"data":"EDGE_TTA_ACTIVE views= 8 mean_abs_feat_delta= 0.334504\n"}
,{"stream_name":"stdout","time":587.084196298,"data":"EDGE_TTA_ACTIVE views= 8 mean_abs_feat_delta= 0.334504\n"}
,{"stream_name":"stdout","time":589.33327436,"data":"EDGE_TTA_ACTIVE views= 8 mean_abs_feat_delta= 0.331503\n"}
,{"stream_name":"stdout","time":589.536005754,"data":"EDGE_TTA_ACTIVE views= 8 mean_abs_feat_delta= 0.331503\n"}
,{"stream_name":"stdout","time":589.677493014,"data":"EDGE_TTA_ACTIVE views= 8 mean_abs_feat_delta= 0.353265\n"}
,{"stream_name":"stdout","time":589.88027072,"data":"EDGE_TTA_ACTIVE views= 8 mean_abs_feat_delta= 0.353265\n"}
,{"stream_name":"stdout","time":590.718017395,"data":"PUBLIC946_GPU_SMOKE {\"arm\": \"B0\", \"association\": {\"actual_primary_logits_after_original_harmonic_fusion\": {\"all_finite\": true, \"device\": \"cuda:0\", \"dtype\": \"torch.float32\", \"numel\": 7395, \"shape\": [1, 87, 85], \"stride\": [7395, 85, 1]}, \"actual_secondary_feature_consumed\": true, \"actual_secondary_logits\": {\"all_finite\": true, \"device\": \"cuda:0\", \"dtype\": \"torch.float32\", \"numel\": 7395, \"shape\": [1, 87, 85], \"stride\": [7395, 85, 1]}, \"coordinate_grid\": {\"downsample\": [1.0, 4.0, 4.0], \"source\": {\"device\": \"cuda:0\", \"dtype\": \"torch.float32\", \"numel\": 261, \"shape\": [1, 87, 3], \"stride\": [87, 1, 87]}, \"target\": {\"device\": \"cuda:0\", \"dtype\": \"torch.float32\", \"numel\": 255, \"shape\": [1, 85, 3], \"stride\": [85, 1, 85]}}, \"diagnostic_edge_head_calls\": 1, \"diagnostic_encoder_calls\": 0, \"diagnostic_probabilities_used_in_production\": false, \"diagnostic_seconds\": 0.011837764000119932, \"frame_pair_index\": 0, \"primary_source_sampled_features\": {\"all_finite\": true, \"device\": \"cuda:0\", \"dtype\": \"torch.float32\", \"numel\": 2784, \"shape\": [1, 87, 32], \"stride\": [2784, 32, 1]}, \"primary_target_sampled_features\": {\"all_finite\": true, \"device\": \"cuda:0\", \"dtype\": \"torch.float32\", \"numel\": 2720, \"shape\": [1, 85, 32], \"stride\": [2720, 32, 1]}, \"probability_comparison_stage\": \"secondary edge-head softmax over parents, before original calibration and low-margin mixing\", \"probability_delta_vs_single_pass_same_coordinates\": {\"sample_elements\": 7395, \"sample_equal\": true, \"sample_max_abs_delta\": 0.0, \"sample_mean_abs_delta\": 0.0, \"sample_stride\": 1}, \"production_calls\": 1, \"same_low_margin_config\": {\"secondary_detection_weight\": 0.8, \"secondary_edge_weight\": 0.15, \"secondary_link_mode\": \"low_margin_consensus\"}, \"source_delta_vs_single_pass\": {\"sample_elements\": 2784, \"sample_equal\": true, \"sample_max_abs_delta\": 0.0, \"sample_mean_abs_delta\": 0.0, \"sample_stride\": 1}, \"source_sampled_features\": {\"all_finite\": true, \"device\": \"cuda:0\", \"dtype\": \"torch.float32\", \"numel\": 2784, \"shape\": [1, 87, 32], \"stride\": [2784, 32, 1]}, \"target_delta_vs_single_pass\": {\"sample_elements\": 2720, \"sample_equal\": true, \"sample_max_abs_delta\": 0.0, \"sample_mean_abs_delta\": 0.0, \"sample_stride\": 1}, \"target_sampled_features\": {\"all_finite\": true, \"device\": \"cuda:0\", \"dtype\": \"torch.float32\", \"numel\": 2720, \"shape\": [1, 85, 32], \"stride\": [2720, 32, 1]}}, \"association_calls\": 1, \"config\": {\"secondary_detection_weight\": 0.8, \"secondary_edge_weight\": 0.15, \"secondary_link_mode\": \"low_margin_consensus\"}, \"consumed_features\": {\"primary\": {\"all_finite\": true, \"delta_vs_single_pass\": {\"sample_elements\": 65536, \"sample_equal\": false, \"sample_max_abs_delta\": 1.6941182613372803, \"sample_mean_abs_delta\": 0.4369383454322815, \"sample_stride\": 256}, \"device\": \"cuda:0\", \"dtype\": \"torch.float32\", \"numel\": 16777216, \"original_encoded_feature_sample_unchanged\": true, \"same_storage_as_original\": false, \"shape\": [1, 2, 32, 64, 64, 64], \"single_pass\": {\"device\": \"cuda:0\", \"dtype\": \"torch.float32\", \"numel\": 16777216, \"shape\": [1, 2, 32, 64, 64, 64], \"stride\": [16777216, 8388608, 262144, 4096, 64, 1]}, \"stride\": [16777216, 8388608, 262144, 4096, 64, 1]}, \"secondary\": {\"all_finite\": true, \"delta_vs_single_pass\": {\"sample_elements\": 65536, \"sample_equal\": true, \"sample_max_abs_delta\": 0.0, \"sample_mean_abs_delta\": 0.0, \"sample_stride\": 256}, \"device\": \"cuda:0\", \"dtype\": \"torch.float32\", \"numel\": 16777216, \"original_encoded_feature_sample_unchanged\": true, \"same_storage_as_original\": true, \"shape\": [1, 2, 32, 64, 64, 64], \"single_pass\": {\"device\": \"cuda:0\", \"dtype\": \"torch.float32\", \"numel\": 16777216, \"shape\": [1, 2, 32, 64, 64, 64], \"stride\": [16777216, 8388608, 262144, 4096, 64, 1]}, \"stride\": [16777216, 8388608, 262144, 4096, 64, 1]}}, \"consumed_heatmaps\": [{\"all_finite\": true, \"device\": \"cuda:0\", \"dtype\": \"torch.float32\", \"numel\": 262144, \"shape\": [1, 1, 64, 64, 64], \"stride\": [262144, 262144, 4096, 64, 1]}, {\"all_finite\": true, \"device\": \"cuda:0\", \"dtype\": \"torch.float32\", \"numel\": 262144, \"shape\": [1, 1, 64, 64, 64], \"stride\": [262144, 262144, 4096, 64, 1]}], \"cuda_peak_allocated_bytes_process\": 728221696, \"cuda_peak_reserved_bytes_process\": 975175680, \"dataset\": \"6bba_05b6850b\", \"encode_calls\": {\"primary\": 8, \"secondary\": 8}, \"encode_seconds\": {\"primary\": 1.0240768239998488, \"secondary\": 0.9799327660007293}, \"encode_views\": [{\"feature\": {\"device\": \"cuda:0\", \"dtype\": \"torch.float32\", \"numel\": 16777216, \"shape\": [1, 2, 32, 64, 64, 64], \"stride\": [16777216, 8388608, 262144, 4096, 64, 1]}, \"heatmap0\": {\"device\": \"cuda:0\", \"dtype\": \"torch.float32\", \"numel\": 262144, \"shape\": [1, 1, 64, 64, 64], \"stride\": [262144, 262144, 4096, 64, 1]}, \"input\": {\"device\": \"cuda:0\", \"dtype\": \"torch.float32\", \"numel\": 524288, \"shape\": [1, 2, 64, 64, 64], \"stride\": [524288, 262144, 4096, 64, 1]}, \"pass\": 1, \"role\": \"primary\"}, {\"feature\": {\"device\": \"cuda:0\", \"dtype\": \"torch.float32\", \"numel\": 16777216, \"shape\": [1, 2, 32, 64, 64, 64], \"stride\": [16777216, 8388608, 262144, 4096, 64, 1]}, \"heatmap0\": {\"device\": \"cuda:0\", \"dtype\": \"torch.float32\", \"numel\": 262144, \"shape\": [1, 1, 64, 64, 64], \"stride\": [262144, 262144, 4096, 64, 1]}, \"input\": {\"device\": \"cuda:0\", \"dtype\": \"torch.float32\", \"numel\": 524288, \"shape\": [1, 2, 64, 64, 64], \"stride\": [524288, 262144, 4096, 64, 1]}, \"pass\": 2, \"role\": \"primary\"}, {\"feature\": {\"device\": \"cuda:0\", \"dtype\": \"torch.float32\", \"numel\": 16777216, \"shape\": [1, 2, 32, 64, 64, 64], \"stride\": [16777216, 8388608, 262144, 4096, 64, 1]}, \"heatmap0\": {\"device\": \"cuda:0\", \"dtype\": \"torch.float32\", \"numel\": 262144, \"shape\": [1, 1, 64, 64, 64], \"stride\": [262144, 262144, 4096, 64, 1]}, \"input\": {\"device\": \"cuda:0\", \"dtype\": \"torch.float32\", \"numel\": 524288, \"shape\": [1, 2, 64, 64, 64], \"stride\": [524288, 262144, 4096, 64, 1]}, \"pass\": 3, \"role\": \"primary\"}, {\"feature\": {\"device\": \"cuda:0\", \"dtype\": \"torch.float32\", \"numel\": 16777216, \"shape\": [1, 2, 32, 64, 64, 64], \"stride\": [16777216, 8388608, 262144, 4096, 64, 1]}, \"heatmap0\": {\"device\": \"cuda:0\", \"dtype\": \"torch.float32\", \"numel\": 262144, \"shape\": [1, 1, 64, 64, 64], \"stride\": [262144, 262144, 4096, 64, 1]}, \"input\": {\"device\": \"cuda:0\", \"dtype\": \"torch.float32\", \"numel\": 524288, \"shape\": [1, 2, 64, 64, 64], \"stride\": [524288, 262144, 4096, 64, 1]}, \"pass\": 4, \"role\": \"primary\"}, {\"feature\": {\"device\": \"cuda:0\", \"dtype\": \"torch.float32\", \"numel\": 16777216, \"shape\": [1, 2, 32, 64, 64, 64], \"stride\": [16777216, 8388608, 262144, 4096, 64, 1]}, \"heatmap0\": {\"device\": \"cuda:0\", \"dtype\": \"torch.float32\", \"numel\": 262144, \"shape\": [1, 1, 64, 64, 64], \"stride\": [262144, 262144, 4096, 64, 1]}, \"input\": {\"device\": \"cuda:0\", \"dtype\": \"torch.float32\", \"numel\": 524288, \"shape\": [1, 2, 64, 64, 64], \"stride\": [524288, 262144, 4096, 1, 64]}, \"pass\": 5, \"role\": \"primary\"}, {\"feature\": {\"device\": \"cuda:0\", \"dtype\": \"torch.float32\", \"numel\": 16777216, \"shape\": [1, 2, 32, 64, 64, 64], \"stride\": [16777216, 8388608, 262144, 4096, 64, 1]}, \"heatmap0\": {\"device\": \"cuda:0\", \"dtype\": \"torch.float32\", \"numel\": 262144, \"shape\": [1, 1, 64, 64, 64], \"stride\": [262144, 262144, 4096, 64, 1]}, \"input\": {\"device\": \"cuda:0\", \"dtype\": \"torch.float32\", \"numel\": 524288, \"shape\": [1, 2, 64, 64, 64], \"stride\": [524288, 262144, 4096, 1, 64]}, \"pass\": 6, \"role\": \"primary\"}, {\"feature\": {\"device\": \"cuda:0\", \"dtype\": \"torch.float32\", \"numel\": 16777216, \"shape\": [1, 2, 32, 64, 64, 64], \"stride\": [16777216, 8388608, 262144, 4096, 64, 1]}, \"heatmap0\": {\"device\": \"cuda:0\", \"dtype\": \"torch.float32\", \"numel\": 262144, \"shape\": [1, 1, 64, 64, 64], \"stride\": [262144, 262144, 4096, 64, 1]}, \"input\": {\"device\": \"cuda:0\", \"dtype\": \"torch.float32\", \"numel\": 524288, \"shape\": [1, 2, 64, 64, 64], \"stride\": [524288, 262144, 4096, 1, 64]}, \"pass\": 7, \"role\": \"primary\"}, {\"feature\": {\"device\": \"cuda:0\", \"dtype\": \"torch.float32\", \"numel\": 16777216, \"shape\": [1, 2, 32, 64, 64, 64], \"stride\": [16777216, 8388608, 262144, 4096, 64, 1]}, \"heatmap0\": {\"device\": \"cuda:0\", \"dtype\": \"torch.float32\", \"numel\": 262144, \"shape\": [1, 1, 64, 64, 64], \"stride\": [262144, 262144, 4096, 64, 1]}, \"input\": {\"device\": \"cuda:0\", \"dtype\": \"torch.float32\", \"numel\": 524288, \"shape\": [1, 2, 64, 64, 64], \"stride\": [524288, 262144, 4096, 64, 1]}, \"pass\": 8, \"role\": \"primary\"}, {\"feature\": {\"device\": \"cuda:0\", \"dtype\": \"torch.float32\", \"numel\": 16777216, \"shape\": [1, 2, 32, 64, 64, 64], \"stride\": [16777216, 8388608, 262144, 4096, 64, 1]}, \"heatmap0\": {\"device\": \"cuda:0\", \"dtype\": \"torch.float32\", \"numel\": 262144, \"shape\": [1, 1, 64, 64, 64], \"stride\": [262144, 262144, 4096, 64, 1]}, \"input\": {\"device\": \"cuda:0\", \"dtype\": \"torch.float32\", \"numel\": 524288, \"shape\": [1, 2, 64, 64, 64], \"stride\": [524288, 262144, 4096, 64, 1]}, \"pass\": 1, \"role\": \"secondary\"}, {\"feature\": {\"device\": \"cuda:0\", \"dtype\": \"torch.float32\", \"numel\": 16777216, \"shape\": [1, 2, 32, 64, 64, 64], \"stride\": [16777216, 8388608, 262144, 4096, 64, 1]}, \"heatmap0\": {\"device\": \"cuda:0\", \"dtype\": \"torch.float32\", \"numel\": 262144, \"shape\": [1, 1, 64, 64, 64], \"stride\": [262144, 262144, 4096, 64, 1]}, \"input\": {\"device\": \"cuda:0\", \"dtype\": \"torch.float32\", \"numel\": 524288, \"shape\": [1, 2, 64, 64, 64], \"stride\": [524288, 262144, 4096, 64, 1]}, \"pass\": 2, \"role\": \"secondary\"}, {\"feature\": {\"device\": \"cuda:0\", \"dtype\": \"torch.float32\", \"numel\": 16777216, \"shape\": [1, 2, 32, 64, 64, 64], \"stride\": [16777216, 8388608, 262144, 4096, 64, 1]}, \"heatmap0\": {\"device\": \"cuda:0\", \"dtype\": \"torch.float32\", \"numel\": 262144, \"shape\": [1, 1, 64, 64, 64], \"stride\": [262144, 262144, 4096, 64, 1]}, \"input\": {\"device\": \"cuda:0\", \"dtype\": \"torch.float32\", \"numel\": 524288, \"shape\": [1, 2, 64, 64, 64], \"stride\": [524288, 262144, 4096, 64, 1]}, \"pass\": 3, \"role\": \"secondary\"}, {\"feature\": {\"device\": \"cuda:0\", \"dtype\": \"torch.float32\", \"numel\": 16777216, \"shape\": [1, 2, 32, 64, 64, 64], \"stride\": [16777216, 8388608, 262144, 4096, 64, 1]}, \"heatmap0\": {\"device\": \"cuda:0\", \"dtype\": \"torch.float32\", \"numel\": 262144, \"shape\": [1, 1, 64, 64, 64], \"stride\": [262144, 262144, 4096, 64, 1]}, \"input\": {\"device\": \"cuda:0\", \"dtype\": \"torch.float32\", \"numel\": 524288, \"shape\": [1, 2, 64, 64, 64], \"stride\": [524288, 262144, 4096, 64, 1]}, \"pass\": 4, \"role\": \"secondary\"}, {\"feature\": {\"device\": \"cuda:0\", \"dtype\": \"torch.float32\", \"numel\": 16777216, \"shape\": [1, 2, 32, 64, 64, 64], \"stride\": [16777216, 8388608, 262144, 4096, 64, 1]}, \"heatmap0\": {\"device\": \"cuda:0\", \"dtype\": \"torch.float32\", \"numel\": 262144, \"shape\": [1, 1, 64, 64, 64], \"stride\": [262144, 262144, 4096, 64, 1]}, \"input\": {\"device\": \"cuda:0\", \"dtype\": \"torch.float32\", \"numel\": 524288, \"shape\": [1, 2, 64, 64, 64], \"stride\": [524288, 262144, 4096, 1, 64]}, \"pass\": 5, \"role\": \"secondary\"}, {\"feature\": {\"device\": \"cuda:0\", \"dtype\": \"torch.float32\", \"numel\": 16777216, \"shape\": [1, 2, 32, 64, 64, 64], \"stride\": [16777216, 8388608, 262144, 4096, 64, 1]}, \"heatmap0\": {\"device\": \"cuda:0\", \"dtype\": \"torch.float32\", \"numel\": 262144, \"shape\": [1, 1, 64, 64, 64], \"stride\": [262144, 262144, 4096, 64, 1]}, \"input\": {\"device\": \"cuda:0\", \"dtype\": \"torch.float32\", \"numel\": 524288, \"shape\": [1, 2, 64, 64, 64], \"stride\": [524288, 262144, 4096, 1, 64]}, \"pass\": 6, \"role\": \"secondary\"}, {\"feature\": {\"device\": \"cuda:0\", \"dtype\": \"torch.float32\", \"numel\": 16777216, \"shape\": [1, 2, 32, 64, 64, 64], \"stride\": [16777216, 8388608, 262144, 4096, 64, 1]}, \"heatmap0\": {\"device\": \"cuda:0\", \"dtype\": \"torch.float32\", \"numel\": 262144, \"shape\": [1, 1, 64, 64, 64], \"stride\": [262144, 262144, 4096, 64, 1]}, \"input\": {\"device\": \"cuda:0\", \"dtype\": \"torch.float32\", \"numel\": 524288, \"shape\": [1, 2, 64, 64, 64], \"stride\": [524288, 262144, 4096, 1, 64]}, \"pass\": 7, \"role\": \"secondary\"}, {\"feature\": {\"device\": \"cuda:0\", \"dtype\": \"torch.float32\", \"numel\": 16777216, \"shape\": [1, 2, 32, 64, 64, 64], \"stride\": [16777216, 8388608, 262144, 4096, 64, 1]}, \"heatmap0\": {\"device\": \"cuda:0\", \"dtype\": \"torch.float32\", \"numel\": 262144, \"shape\": [1, 1, 64, 64, 64], \"stride\": [262144, 262144, 4096, 64, 1]}, \"input\": {\"device\": \"cuda:0\", \"dtype\": \"torch.float32\", \"numel\": 524288, \"shape\": [1, 2, 64, 64, 64], \"stride\": [524288, 262144, 4096, 64, 1]}, \"pass\": 8, \"role\": \"secondary\"}], \"event\": \"actual_predictor_window\", \"frames\": [0, 1], \"input\": {\"all_finite\": true, \"device\": \"cuda:0\", \"dtype\": \"torch.float32\", \"numel\": 524288, \"shape\": [1, 2, 64, 64, 64], \"stride\": [524288, 262144, 4096, 64, 1]}, \"input_parent\": \"/kaggle/input/competitions/biohub-cell-tracking-during-development/test\", \"seconds_including_common_audit\": 2.079525187999934, \"window_index\": 1, \"worker_execution_settings\": {\"autocast_enabled\": false, \"cuda_runtime\": \"12.8\", \"cudnn_allow_tf32\": true, \"cudnn_benchmark\": false, \"cudnn_deterministic\": false, \"default_dtype\": \"torch.float32\", \"deterministic_algorithms\": false, \"float32_matmul_precision\": \"highest\", \"gpu_name\": \"Tesla T4\", \"grad_enabled\": false, \"matmul_allow_tf32\": false, \"torch_initial_seed\": 18216512040490277954, \"torch_version\": \"2.10.0+cu128\"}}\n"}
,{"stream_name":"stdout","time":590.921678528,"data":"PUBLIC946_GPU_SMOKE {\"arm\": \"B0\", \"association\": {\"actual_primary_logits_after_original_harmonic_fusion\": {\"all_finite\": true, \"device\": \"cuda:0\", \"dtype\": \"torch.float32\", \"numel\": 7395, \"shape\": [1, 87, 85], \"stride\": [7395, 85, 1]}, \"actual_secondary_feature_consumed\": true, \"actual_secondary_logits\": {\"all_finite\": true, \"device\": \"cuda:0\", \"dtype\": \"torch.float32\", \"numel\": 7395, \"shape\": [1, 87, 85], \"stride\": [7395, 85, 1]}, \"coordinate_grid\": {\"downsample\": [1.0, 4.0, 4.0], \"source\": {\"device\": \"cuda:0\", \"dtype\": \"torch.float32\", \"numel\": 261, \"shape\": [1, 87, 3], \"stride\": [87, 1, 87]}, \"target\": {\"device\": \"cuda:0\", \"dtype\": \"torch.float32\", \"numel\": 255, \"shape\": [1, 85, 3], \"stride\": [85, 1, 85]}}, \"diagnostic_edge_head_calls\": 1, \"diagnostic_encoder_calls\": 0, \"diagnostic_probabilities_used_in_production\": false, \"diagnostic_seconds\": 0.011837764000119932, \"frame_pair_index\": 0, \"primary_source_sampled_features\": {\"all_finite\": true, \"device\": \"cuda:0\", \"dtype\": \"torch.float32\", \"numel\": 2784, \"shape\": [1, 87, 32], \"stride\": [2784, 32, 1]}, \"primary_target_sampled_features\": {\"all_finite\": true, \"device\": \"cuda:0\", \"dtype\": \"torch.float32\", \"numel\": 2720, \"shape\": [1, 85, 32], \"stride\": [2720, 32, 1]}, \"probability_comparison_stage\": \"secondary edge-head softmax over parents, before original calibration and low-margin mixing\", \"probability_delta_vs_single_pass_same_coordinates\": {\"sample_elements\": 7395, \"sample_equal\": true, \"sample_max_abs_delta\": 0.0, \"sample_mean_abs_delta\": 0.0, \"sample_stride\": 1}, \"production_calls\": 1, \"same_low_margin_config\": {\"secondary_detection_weight\": 0.8, \"secondary_edge_weight\": 0.15, \"secondary_link_mode\": \"low_margin_consensus\"}, \"source_delta_vs_single_pass\": {\"sample_elements\": 2784, \"sample_equal\": true, \"sample_max_abs_delta\": 0.0, \"sample_mean_abs_delta\": 0.0, \"sample_stride\": 1}, \"source_sampled_features\": {\"all_finite\": true, \"device\": \"cuda:0\", \"dtype\": \"torch.float32\", \"numel\": 2784, \"shape\": [1, 87, 32], \"stride\": [2784, 32, 1]}, \"target_delta_vs_single_pass\": {\"sample_elements\": 2720, \"sample_equal\": true, \"sample_max_abs_delta\": 0.0, \"sample_mean_abs_delta\": 0.0, \"sample_stride\": 1}, \"target_sampled_features\": {\"all_finite\": true, \"device\": \"cuda:0\", \"dtype\": \"torch.float32\", \"numel\": 2720, \"shape\": [1, 85, 32], \"stride\": [2720, 32, 1]}}, \"association_calls\": 1, \"config\": {\"secondary_detection_weight\": 0.8, \"secondary_edge_weight\": 0.15, \"secondary_link_mode\": \"low_margin_consensus\"}, \"consumed_features\": {\"primary\": {\"all_finite\": true, \"delta_vs_single_pass\": {\"sample_elements\": 65536, \"sample_equal\": false, \"sample_max_abs_delta\": 1.6941182613372803, \"sample_mean_abs_delta\": 0.4369383454322815, \"sample_stride\": 256}, \"device\": \"cuda:0\", \"dtype\": \"torch.float32\", \"numel\": 16777216, \"original_encoded_feature_sample_unchanged\": true, \"same_storage_as_original\": false, \"shape\": [1, 2, 32, 64, 64, 64], \"single_pass\": {\"device\": \"cuda:0\", \"dtype\": \"torch.float32\", \"numel\": 16777216, \"shape\": [1, 2, 32, 64, 64, 64], \"stride\": [16777216, 8388608, 262144, 4096, 64, 1]}, \"stride\": [16777216, 8388608, 262144, 4096, 64, 1]}, \"secondary\": {\"all_finite\": true, \"delta_vs_single_pass\": {\"sample_elements\": 65536, \"sample_equal\": true, \"sample_max_abs_delta\": 0.0, \"sample_mean_abs_delta\": 0.0, \"sample_stride\": 256}, \"device\": \"cuda:0\", \"dtype\": \"torch.float32\", \"numel\": 16777216, \"original_encoded_feature_sample_unchanged\": true, \"same_storage_as_original\": true, \"shape\": [1, 2, 32, 64, 64, 64], \"single_pass\": {\"device\": \"cuda:0\", \"dtype\": \"torch.float32\", \"numel\": 16777216, \"shape\": [1, 2, 32, 64, 64, 64], \"stride\": [16777216, 8388608, 262144, 4096, 64, 1]}, \"stride\": [16777216, 8388608, 262144, 4096, 64, 1]}}, \"consumed_heatmaps\": [{\"all_finite\": true, \"device\": \"cuda:0\", \"dtype\": \"torch.float32\", \"numel\": 262144, \"shape\": [1, 1, 64, 64, 64], \"stride\": [262144, 262144, 4096, 64, 1]}, {\"all_finite\": true, \"device\": \"cuda:0\", \"dtype\": \"torch.float32\", \"numel\": 262144, \"shape\": [1, 1, 64, 64, 64], \"stride\": [262144, 262144, 4096, 64, 1]}], \"cuda_peak_allocated_bytes_process\": 728221696, \"cuda_peak_reserved_bytes_process\": 975175680, \"dataset\": \"6bba_05b6850b\", \"encode_calls\": {\"primary\": 8, \"secondary\": 8}, \"encode_seconds\": {\"primary\": 1.0240768239998488, \"secondary\": 0.9799327660007293}, \"encode_views\": [{\"feature\": {\"device\": \"cuda:0\", \"dtype\": \"torch.float32\", \"numel\": 16777216, \"shape\": [1, 2, 32, 64, 64, 64], \"stride\": [16777216, 8388608, 262144, 4096, 64, 1]}, \"heatmap0\": {\"device\": \"cuda:0\", \"dtype\": \"torch.float32\", \"numel\": 262144, \"shape\": [1, 1, 64, 64, 64], \"stride\": [262144, 262144, 4096, 64, 1]}, \"input\": {\"device\": \"cuda:0\", \"dtype\": \"torch.float32\", \"numel\": 524288, \"shape\": [1, 2, 64, 64, 64], \"stride\": [524288, 262144, 4096, 64, 1]}, \"pass\": 1, \"role\": \"primary\"}, {\"feature\": {\"device\": \"cuda:0\", \"dtype\": \"torch.float32\", \"numel\": 16777216, \"shape\": [1, 2, 32, 64, 64, 64], \"stride\": [16777216, 8388608, 262144, 4096, 64, 1]}, \"heatmap0\": {\"device\": \"cuda:0\", \"dtype\": \"torch.float32\", \"numel\": 262144, \"shape\": [1, 1, 64, 64, 64], \"stride\": [262144, 262144, 4096, 64, 1]}, \"input\": {\"device\": \"cuda:0\", \"dtype\": \"torch.float32\", \"numel\": 524288, \"shape\": [1, 2, 64, 64, 64], \"stride\": [524288, 262144, 4096, 64, 1]}, \"pass\": 2, \"role\": \"primary\"}, {\"feature\": {\"device\": \"cuda:0\", \"dtype\": \"torch.float32\", \"numel\": 16777216, \"shape\": [1, 2, 32, 64, 64, 64], \"stride\": [16777216, 8388608, 262144, 4096, 64, 1]}, \"heatmap0\": {\"device\": \"cuda:0\", \"dtype\": \"torch.float32\", \"numel\": 262144, \"shape\": [1, 1, 64, 64, 64], \"stride\": [262144, 262144, 4096, 64, 1]}, \"input\": {\"device\": \"cuda:0\", \"dtype\": \"torch.float32\", \"numel\": 524288, \"shape\": [1, 2, 64, 64, 64], \"stride\": [524288, 262144, 4096, 64, 1]}, \"pass\": 3, \"role\": \"primary\"}, {\"feature\": {\"device\": \"cuda:0\", \"dtype\": \"torch.float32\", \"numel\": 16777216, \"shape\": [1, 2, 32, 64, 64, 64], \"stride\": [16777216, 8388608, 262144, 4096, 64, 1]}, \"heatmap0\": {\"device\": \"cuda:0\", \"dtype\": \"torch.float32\", \"numel\": 262144, \"shape\": [1, 1, 64, 64, 64], \"stride\": [262144, 262144, 4096, 64, 1]}, \"input\": {\"device\": \"cuda:0\", \"dtype\": \"torch.float32\", \"numel\": 524288, \"shape\": [1, 2, 64, 64, 64], \"stride\": [524288, 262144, 4096, 64, 1]}, \"pass\": 4, \"role\": \"primary\"}, {\"feature\": {\"device\": \"cuda:0\", \"dtype\": \"torch.float32\", \"numel\": 16777216, \"shape\": [1, 2, 32, 64, 64, 64], \"stride\": [16777216, 8388608, 262144, 4096, 64, 1]}, \"heatmap0\": {\"device\": \"cuda:0\", \"dtype\": \"torch.float32\", \"numel\": 262144, \"shape\": [1, 1, 64, 64, 64], \"stride\": [262144, 262144, 4096, 64, 1]}, \"input\": {\"device\": \"cuda:0\", \"dtype\": \"torch.float32\", \"numel\": 524288, \"shape\": [1, 2, 64, 64, 64], \"stride\": [524288, 262144, 4096, 1, 64]}, \"pass\": 5, \"role\": \"primary\"}, {\"feature\": {\"device\": \"cuda:0\", \"dtype\": \"torch.float32\", \"numel\": 16777216, \"shape\": [1, 2, 32, 64, 64, 64], \"stride\": [16777216, 8388608, 262144, 4096, 64, 1]}, \"heatmap0\": {\"device\": \"cuda:0\", \"dtype\": \"torch.float32\", \"numel\": 262144, \"shape\": [1, 1, 64, 64, 64], \"stride\": [262144, 262144, 4096, 64, 1]}, \"input\": {\"device\": \"cuda:0\", \"dtype\": \"torch.float32\", \"numel\": 524288, \"shape\": [1, 2, 64, 64, 64], \"stride\": [524288, 262144, 4096, 1, 64]}, \"pass\": 6, \"role\": \"primary\"}, {\"feature\": {\"device\": \"cuda:0\", \"dtype\": \"torch.float32\", \"numel\": 16777216, \"shape\": [1, 2, 32, 64, 64, 64], \"stride\": [16777216, 8388608, 262144, 4096, 64, 1]}, \"heatmap0\": {\"device\": \"cuda:0\", \"dtype\": \"torch.float32\", \"numel\": 262144, \"shape\": [1, 1, 64, 64, 64], \"stride\": [262144, 262144, 4096, 64, 1]}, \"input\": {\"device\": \"cuda:0\", \"dtype\": \"torch.float32\", \"numel\": 524288, \"shape\": [1, 2, 64, 64, 64], \"stride\": [524288, 262144, 4096, 1, 64]}, \"pass\": 7, \"role\": \"primary\"}, {\"feature\": {\"device\": \"cuda:0\", \"dtype\": \"torch.float32\", \"numel\": 16777216, \"shape\": [1, 2, 32, 64, 64, 64], \"stride\": [16777216, 8388608, 262144, 4096, 64, 1]}, \"heatmap0\": {\"device\": \"cuda:0\", \"dtype\": \"torch.float32\", \"numel\": 262144, \"shape\": [1, 1, 64, 64, 64], \"stride\": [262144, 262144, 4096, 64, 1]}, \"input\": {\"device\": \"cuda:0\", \"dtype\": \"torch.float32\", \"numel\": 524288, \"shape\": [1, 2, 64, 64, 64], \"stride\": [524288, 262144, 4096, 64, 1]}, \"pass\": 8, \"role\": \"primary\"}, {\"feature\": {\"device\": \"cuda:0\", \"dtype\": \"torch.float32\", \"numel\": 16777216, \"shape\": [1, 2, 32, 64, 64, 64], \"stride\": [16777216, 8388608, 262144, 4096, 64, 1]}, \"heatmap0\": {\"device\": \"cuda:0\", \"dtype\": \"torch.float32\", \"numel\": 262144, \"shape\": [1, 1, 64, 64, 64], \"stride\": [262144, 262144, 4096, 64, 1]}, \"input\": {\"device\": \"cuda:0\", \"dtype\": \"torch.float32\", \"numel\": 524288, \"shape\": [1, 2, 64, 64, 64], \"stride\": [524288, 262144, 4096, 64, 1]}, \"pass\": 1, \"role\": \"secondary\"}, {\"feature\": {\"device\": \"cuda:0\", \"dtype\": \"torch.float32\", \"numel\": 16777216, \"shape\": [1, 2, 32, 64, 64, 64], \"stride\": [16777216, 8388608, 262144, 4096, 64, 1]}, \"heatmap0\": {\"device\": \"cuda:0\", \"dtype\": \"torch.float32\", \"numel\": 262144, \"shape\": [1, 1, 64, 64, 64], \"stride\": [262144, 262144, 4096, 64, 1]}, \"input\": {\"device\": \"cuda:0\", \"dtype\": \"torch.float32\", \"numel\": 524288, \"shape\": [1, 2, 64, 64, 64], \"stride\": [524288, 262144, 4096, 64, 1]}, \"pass\": 2, \"role\": \"secondary\"}, {\"feature\": {\"device\": \"cuda:0\", \"dtype\": \"torch.float32\", \"numel\": 16777216, \"shape\": [1, 2, 32, 64, 64, 64], \"stride\": [16777216, 8388608, 262144, 4096, 64, 1]}, \"heatmap0\": {\"device\": \"cuda:0\", \"dtype\": \"torch.float32\", \"numel\": 262144, \"shape\": [1, 1, 64, 64, 64], \"stride\": [262144, 262144, 4096, 64, 1]}, \"input\": {\"device\": \"cuda:0\", \"dtype\": \"torch.float32\", \"numel\": 524288, \"shape\": [1, 2, 64, 64, 64], \"stride\": [524288, 262144, 4096, 64, 1]}, \"pass\": 3, \"role\": \"secondary\"}, {\"feature\": {\"device\": \"cuda:0\", \"dtype\": \"torch.float32\", \"numel\": 16777216, \"shape\": [1, 2, 32, 64, 64, 64], \"stride\": [16777216, 8388608, 262144, 4096, 64, 1]}, \"heatmap0\": {\"device\": \"cuda:0\", \"dtype\": \"torch.float32\", \"numel\": 262144, \"shape\": [1, 1, 64, 64, 64], \"stride\": [262144, 262144, 4096, 64, 1]}, \"input\": {\"device\": \"cuda:0\", \"dtype\": \"torch.float32\", \"numel\": 524288, \"shape\": [1, 2, 64, 64, 64], \"stride\": [524288, 262144, 4096, 64, 1]}, \"pass\": 4, \"role\": \"secondary\"}, {\"feature\": {\"device\": \"cuda:0\", \"dtype\": \"torch.float32\", \"numel\": 16777216, \"shape\": [1, 2, 32, 64, 64, 64], \"stride\": [16777216, 8388608, 262144, 4096, 64, 1]}, \"heatmap0\": {\"device\": \"cuda:0\", \"dtype\": \"torch.float32\", \"numel\": 262144, \"shape\": [1, 1, 64, 64, 64], \"stride\": [262144, 262144, 4096, 64, 1]}, \"input\": {\"device\": \"cuda:0\", \"dtype\": \"torch.float32\", \"numel\": 524288, \"shape\": [1, 2, 64, 64, 64], \"stride\": [524288, 262144, 4096, 1, 64]}, \"pass\": 5, \"role\": \"secondary\"}, {\"feature\": {\"device\": \"cuda:0\", \"dtype\": \"torch.float32\", \"numel\": 16777216, \"shape\": [1, 2, 32, 64, 64, 64], \"stride\": [16777216, 8388608, 262144, 4096, 64, 1]}, \"heatmap0\": {\"device\": \"cuda:0\", \"dtype\": \"torch.float32\", \"numel\": 262144, \"shape\": [1, 1, 64, 64, 64], \"stride\": [262144, 262144, 4096, 64, 1]}, \"input\": {\"device\": \"cuda:0\", \"dtype\": \"torch.float32\", \"numel\": 524288, \"shape\": [1, 2, 64, 64, 64], \"stride\": [524288, 262144, 4096, 1, 64]}, \"pass\": 6, \"role\": \"secondary\"}, {\"feature\": {\"device\": \"cuda:0\", \"dtype\": \"torch.float32\", \"numel\": 16777216, \"shape\": [1, 2, 32, 64, 64, 64], \"stride\": [16777216, 8388608, 262144, 4096, 64, 1]}, \"heatmap0\": {\"device\": \"cuda:0\", \"dtype\": \"torch.float32\", \"numel\": 262144, \"shape\": [1, 1, 64, 64, 64], \"stride\": [262144, 262144, 4096, 64, 1]}, \"input\": {\"device\": \"cuda:0\", \"dtype\": \"torch.float32\", \"numel\": 524288, \"shape\": [1, 2, 64, 64, 64], \"stride\": [524288, 262144, 4096, 1, 64]}, \"pass\": 7, \"role\": \"secondary\"}, {\"feature\": {\"device\": \"cuda:0\", \"dtype\": \"torch.float32\", \"numel\": 16777216, \"shape\": [1, 2, 32, 64, 64, 64], \"stride\": [16777216, 8388608, 262144, 4096, 64, 1]}, \"heatmap0\": {\"device\": \"cuda:0\", \"dtype\": \"torch.float32\", \"numel\": 262144, \"shape\": [1, 1, 64, 64, 64], \"stride\": [262144, 262144, 4096, 64, 1]}, \"input\": {\"device\": \"cuda:0\", \"dtype\": \"torch.float32\", \"numel\": 524288, \"shape\": [1, 2, 64, 64, 64], \"stride\": [524288, 262144, 4096, 64, 1]}, \"pass\": 8, \"role\": \"secondary\"}], \"event\": \"actual_predictor_window\", \"frames\": [0, 1], \"input\": {\"all_finite\": true, \"device\": \"cuda:0\", \"dtype\": \"torch.float32\", \"numel\": 524288, \"shape\": [1, 2, 64, 64, 64], \"stride\": [524288, 262144, 4096, 64, 1]}, \"input_parent\": \"/kaggle/input/competitions/biohub-cell-tracking-during-development/test\", \"seconds_including_common_audit\": 2.079525187999934, \"window_index\": 1, \"worker_execution_settings\": {\"autocast_enabled\": false, \"cuda_runtime\": \"12.8\", \"cudnn_allow_tf32\": true, \"cudnn_benchmark\": false, \"cudnn_deterministic\": false, \"default_dtype\": \"torch.float32\", \"deterministic_algorithms\": false, \"float32_matmul_precision\": \"highest\", \"gpu_name\": \"Tesla T4\", \"grad_enabled\": false, \"matmul_allow_tf32\": false, \"torch_initial_seed\": 18216512040490277954, \"torch_version\": \"2.10.0+cu128\"}}\n"}
,{"stream_name":"stdout","time":591.736943578,"data":"EDGE_TTA_ACTIVE views= 8 mean_abs_feat_delta= 0.334571\n"}
,{"stream_name":"stdout","time":591.818111382,"data":"EDGE_TTA_ACTIVE views= 8 mean_abs_feat_delta= 0.356556\n"}
,{"stream_name":"stdout","time":591.939890675,"data":"EDGE_TTA_ACTIVE views= 8 mean_abs_feat_delta= 0.334571\n"}
,{"stream_name":"stdout","time":591.939938811,"data":"EDGE_TTA_ACTIVE views= 8 mean_abs_feat_delta= 0.356556\n"}
,{"stream_name":"stdout","time":593.952679966,"data":"EDGE_TTA_ACTIVE views= 8 mean_abs_feat_delta= 0.359353\n"}
,{"stream_name":"stdout","time":594.155335792,"data":"EDGE_TTA_ACTIVE views= 8 mean_abs_feat_delta= 0.359353\n"}
,{"stream_name":"stdout","time":594.192912265,"data":"EDGE_TTA_ACTIVE views= 8 mean_abs_feat_delta= 0.333844\n"}
,{"stream_name":"stdout","time":594.39553738,"data":"EDGE_TTA_ACTIVE views= 8 mean_abs_feat_delta= 0.333844\n"}
,{"stream_name":"stdout","time":596.098565673,"data":"EDGE_TTA_ACTIVE views= 8 mean_abs_feat_delta= 0.361838\n"}
,{"stream_name":"stdout","time":596.301324264,"data":"EDGE_TTA_ACTIVE views= 8 mean_abs_feat_delta= 0.361838\n"}
,{"stream_name":"stdout","time":596.605274764,"data":"EDGE_TTA_ACTIVE views= 8 mean_abs_feat_delta= 0.333957\n"}
,{"stream_name":"stdout","time":596.80834553,"data":"EDGE_TTA_ACTIVE views= 8 mean_abs_feat_delta= 0.333957\n"}
,{"stream_name":"stdout","time":598.286347356,"data":"EDGE_TTA_ACTIVE views= 8 mean_abs_feat_delta= 0.349332\n"}
,{"stream_name":"stdout","time":598.489474589,"data":"EDGE_TTA_ACTIVE views= 8 mean_abs_feat_delta= 0.349332\n"}
,{"stream_name":"stdout","time":599.05036773,"data":"EDGE_TTA_ACTIVE views= 8 mean_abs_feat_delta= 0.333005\n"}
,{"stream_name":"stdout","time":599.25317994,"data":"EDGE_TTA_ACTIVE views= 8 mean_abs_feat_delta= 0.333005\n"}
,{"stream_name":"stdout","time":600.447508946,"data":"EDGE_TTA_ACTIVE views= 8 mean_abs_feat_delta= 0.36765\n"}
,{"stream_name":"stdout","time":600.650421606,"data":"EDGE_TTA_ACTIVE views= 8 mean_abs_feat_delta= 0.36765\n"}
,{"stream_name":"stdout","time":601.505659606,"data":"EDGE_TTA_ACTIVE views= 8 mean_abs_feat_delta= 0.335609\n"}
,{"stream_name":"stdout","time":601.708212011,"data":"EDGE_TTA_ACTIVE views= 8 mean_abs_feat_delta= 0.335609\n"}
,{"stream_name":"stdout","time":602.656994174,"data":"EDGE_TTA_ACTIVE views= 8 mean_abs_feat_delta= 0.37095\n"}
,{"stream_name":"stdout","time":602.859803134,"data":"EDGE_TTA_ACTIVE views= 8 mean_abs_feat_delta= 0.37095\n"}
,{"stream_name":"stdout","time":603.966677827,"data":"EDGE_TTA_ACTIVE views= 8 mean_abs_feat_delta= 0.338411\n"}
,{"stream_name":"stdout","time":604.16933514,"data":"EDGE_TTA_ACTIVE views= 8 mean_abs_feat_delta= 0.338411\n"}
,{"stream_name":"stdout","time":604.849069979,"data":"EDGE_TTA_ACTIVE views= 8 mean_abs_feat_delta= 0.362298\n"}
,{"stream_name":"stdout","time":605.051753773,"data":"EDGE_TTA_ACTIVE views= 8 mean_abs_feat_delta= 0.362298\n"}
,{"stream_name":"stdout","time":606.436157303,"data":"EDGE_TTA_ACTIVE views= 8 mean_abs_feat_delta= 0.33357\n"}
,{"stream_name":"stdout","time":606.638800615,"data":"EDGE_TTA_ACTIVE views= 8 mean_abs_feat_delta= 0.33357\n"}
,{"stream_name":"stdout","time":607.107808794,"data":"EDGE_TTA_ACTIVE views= 8 mean_abs_feat_delta= 0.357762\n"}
,{"stream_name":"stdout","time":607.310580638,"data":"EDGE_TTA_ACTIVE views= 8 mean_abs_feat_delta= 0.357762\n"}
,{"stream_name":"stdout","time":608.988596311,"data":"EDGE_TTA_ACTIVE views= 8 mean_abs_feat_delta= 0.328392\n"}
,{"stream_name":"stdout","time":609.191344572,"data":"EDGE_TTA_ACTIVE views= 8 mean_abs_feat_delta= 0.328392\n"}
,{"stream_name":"stdout","time":609.351539687,"data":"EDGE_TTA_ACTIVE views= 8 mean_abs_feat_delta= 0.360193\n"}
,{"stream_name":"stdout","time":609.554115623,"data":"EDGE_TTA_ACTIVE views= 8 mean_abs_feat_delta= 0.360193\n"}
,{"stream_name":"stdout","time":611.549918588,"data":"EDGE_TTA_ACTIVE views= 8 mean_abs_feat_delta= 0.329088\n"}
,{"stream_name":"stdout","time":611.621296279,"data":"EDGE_TTA_ACTIVE views= 8 mean_abs_feat_delta= 0.35856\n"}
,{"stream_name":"stdout","time":611.752791132,"data":"EDGE_TTA_ACTIVE views= 8 mean_abs_feat_delta= 0.329088\n"}
,{"stream_name":"stdout","time":611.752869145,"data":"EDGE_TTA_ACTIVE views= 8 mean_abs_feat_delta= 0.35856\n"}
,{"stream_name":"stdout","time":613.917507848,"data":"EDGE_TTA_ACTIVE views= 8 mean_abs_feat_delta= 0.365065\n"}
,{"stream_name":"stdout","time":614.149925569,"data":"EDGE_TTA_ACTIVE views= 8 mean_abs_feat_delta= 0.365065\n"}
,{"stream_name":"stdout","time":614.151331716,"data":"EDGE_TTA_ACTIVE views= 8 mean_abs_feat_delta= 0.331454\n"}
,{"stream_name":"stdout","time":614.35382774,"data":"EDGE_TTA_ACTIVE views= 8 mean_abs_feat_delta= 0.331454\n"}
,{"stream_name":"stdout","time":616.259775077,"data":"EDGE_TTA_ACTIVE views= 8 mean_abs_feat_delta= 0.353373\n"}
,{"stream_name":"stdout","time":616.462455766,"data":"EDGE_TTA_ACTIVE views= 8 mean_abs_feat_delta= 0.353373\n"}
,{"stream_name":"stdout","time":616.85062145,"data":"EDGE_TTA_ACTIVE views= 8 mean_abs_feat_delta= 0.332081\n"}
,{"stream_name":"stdout","time":617.053319426,"data":"EDGE_TTA_ACTIVE views= 8 mean_abs_feat_delta= 0.332081\n"}
,{"stream_name":"stdout","time":618.548791686,"data":"EDGE_TTA_ACTIVE views= 8 mean_abs_feat_delta= 0.366767\n"}
,{"stream_name":"stdout","time":618.751860827,"data":"EDGE_TTA_ACTIVE views= 8 mean_abs_feat_delta= 0.366767\n"}
,{"stream_name":"stdout","time":619.51786785,"data":"EDGE_TTA_ACTIVE views= 8 mean_abs_feat_delta= 0.331331\n"}
,{"stream_name":"stdout","time":619.720428956,"data":"EDGE_TTA_ACTIVE views= 8 mean_abs_feat_delta= 0.331331\n"}
,{"stream_name":"stdout","time":620.819002671,"data":"EDGE_TTA_ACTIVE views= 8 mean_abs_feat_delta= 0.360859\n"}
,{"stream_name":"stdout","time":621.021849339,"data":"EDGE_TTA_ACTIVE views= 8 mean_abs_feat_delta= 0.360859\n"}
,{"stream_name":"stdout","time":622.181686056,"data":"EDGE_TTA_ACTIVE views= 8 mean_abs_feat_delta= 0.331316\n"}
,{"stream_name":"stdout","time":622.384597583,"data":"EDGE_TTA_ACTIVE views= 8 mean_abs_feat_delta= 0.331316\n"}
,{"stream_name":"stdout","time":623.059763037,"data":"EDGE_TTA_ACTIVE views= 8 mean_abs_feat_delta= 0.358711\n"}
,{"stream_name":"stdout","time":623.262828562,"data":"EDGE_TTA_ACTIVE views= 8 mean_abs_feat_delta= 0.358711\n"}
,{"stream_name":"stdout","time":624.77617752,"data":"EDGE_TTA_ACTIVE views= 8 mean_abs_feat_delta= 0.331281\n"}
,{"stream_name":"stdout","time":624.978474757,"data":"EDGE_TTA_ACTIVE views= 8 mean_abs_feat_delta= 0.331281\n"}
,{"stream_name":"stdout","time":625.31529648,"data":"EDGE_TTA_ACTIVE views= 8 mean_abs_feat_delta= 0.357908\n"}
,{"stream_name":"stdout","time":625.518011152,"data":"EDGE_TTA_ACTIVE views= 8 mean_abs_feat_delta= 0.357908\n"}
,{"stream_name":"stdout","time":627.338381831,"data":"EDGE_TTA_ACTIVE views= 8 mean_abs_feat_delta= 0.332495\n"}
,{"stream_name":"stdout","time":627.522658494,"data":"EDGE_TTA_ACTIVE views= 8 mean_abs_feat_delta= 0.36076\n"}
,{"stream_name":"stdout","time":627.541291958,"data":"EDGE_TTA_ACTIVE views= 8 mean_abs_feat_delta= 0.332495\n"}
,{"stream_name":"stdout","time":627.541370076,"data":"EDGE_TTA_ACTIVE views= 8 mean_abs_feat_delta= 0.36076\n"}
,{"stream_name":"stdout","time":629.739271012,"data":"EDGE_TTA_ACTIVE views= 8 mean_abs_feat_delta= 0.363026\n"}
,{"stream_name":"stdout","time":629.907833751,"data":"EDGE_TTA_ACTIVE views= 8 mean_abs_feat_delta= 0.326164\n"}
,{"stream_name":"stdout","time":629.941891854,"data":"EDGE_TTA_ACTIVE views= 8 mean_abs_feat_delta= 0.363026\n"}
,{"stream_name":"stdout","time":629.941964407,"data":"EDGE_TTA_ACTIVE views= 8 mean_abs_feat_delta= 0.326164\n"}
,{"stream_name":"stdout","time":631.93054303,"data":"EDGE_TTA_ACTIVE views= 8 mean_abs_feat_delta= 0.36528\n"}
,{"stream_name":"stdout","time":632.133586715,"data":"EDGE_TTA_ACTIVE views= 8 mean_abs_feat_delta= 0.36528\n"}
,{"stream_name":"stdout","time":632.433859131,"data":"EDGE_TTA_ACTIVE views= 8 mean_abs_feat_delta= 0.3318\n"}
,{"stream_name":"stdout","time":632.636609868,"data":"EDGE_TTA_ACTIVE views= 8 mean_abs_feat_delta= 0.3318\n"}
,{"stream_name":"stdout","time":634.055598674,"data":"EDGE_TTA_ACTIVE views= 8 mean_abs_feat_delta= 0.365255\n"}
,{"stream_name":"stdout","time":634.258237444,"data":"EDGE_TTA_ACTIVE views= 8 mean_abs_feat_delta= 0.365255\n"}
,{"stream_name":"stdout","time":634.955536774,"data":"EDGE_TTA_ACTIVE views= 8 mean_abs_feat_delta= 0.332454\n"}
,{"stream_name":"stdout","time":635.157944334,"data":"EDGE_TTA_ACTIVE views= 8 mean_abs_feat_delta= 0.332454\n"}
,{"stream_name":"stdout","time":636.265285837,"data":"EDGE_TTA_ACTIVE views= 8 mean_abs_feat_delta= 0.364292\n"}
,{"stream_name":"stdout","time":636.468577005,"data":"EDGE_TTA_ACTIVE views= 8 mean_abs_feat_delta= 0.364292\n"}
,{"stream_name":"stdout","time":637.445849942,"data":"EDGE_TTA_ACTIVE views= 8 mean_abs_feat_delta= 0.329795\n"}
,{"stream_name":"stdout","time":637.648770088,"data":"EDGE_TTA_ACTIVE views= 8 mean_abs_feat_delta= 0.329795\n"}
,{"stream_name":"stdout","time":638.399313085,"data":"EDGE_TTA_ACTIVE views= 8 mean_abs_feat_delta= 0.369457\n"}
,{"stream_name":"stdout","time":638.602140923,"data":"EDGE_TTA_ACTIVE views= 8 mean_abs_feat_delta= 0.369457\n"}
,{"stream_name":"stdout","time":639.955022329,"data":"EDGE_TTA_ACTIVE views= 8 mean_abs_feat_delta= 0.330008\n"}
,{"stream_name":"stdout","time":640.157800497,"data":"EDGE_TTA_ACTIVE views= 8 mean_abs_feat_delta= 0.330008\n"}
,{"stream_name":"stdout","time":640.591657521,"data":"EDGE_TTA_ACTIVE views= 8 mean_abs_feat_delta= 0.366989\n"}
,{"stream_name":"stdout","time":640.79447431,"data":"EDGE_TTA_ACTIVE views= 8 mean_abs_feat_delta= 0.366989\n"}
,{"stream_name":"stdout","time":642.3566239,"data":"EDGE_TTA_ACTIVE views= 8 mean_abs_feat_delta= 0.327924\n"}
,{"stream_name":"stdout","time":642.559596796,"data":"EDGE_TTA_ACTIVE views= 8 mean_abs_feat_delta= 0.327924\n"}
,{"stream_name":"stdout","time":642.655937493,"data":"EDGE_TTA_ACTIVE views= 8 mean_abs_feat_delta= 0.364738\n"}
,{"stream_name":"stdout","time":642.858658625,"data":"EDGE_TTA_ACTIVE views= 8 mean_abs_feat_delta= 0.364738\n"}
,{"stream_name":"stdout","time":644.7215737,"data":"EDGE_TTA_ACTIVE views= 8 mean_abs_feat_delta= 0.324294\n"}
,{"stream_name":"stdout","time":644.731201158,"data":"EDGE_TTA_ACTIVE views= 8 mean_abs_feat_delta= 0.368159\n"}
,{"stream_name":"stdout","time":644.954922672,"data":"EDGE_TTA_ACTIVE views= 8 mean_abs_feat_delta= 0.324294\n"}
,{"stream_name":"stdout","time":644.95495016,"data":"EDGE_TTA_ACTIVE views= 8 mean_abs_feat_delta= 0.368159\n"}
,{"stream_name":"stdout","time":646.823114186,"data":"EDGE_TTA_ACTIVE views= 8 mean_abs_feat_delta= 0.370711\n"}
,{"stream_name":"stdout","time":647.025768948,"data":"EDGE_TTA_ACTIVE views= 8 mean_abs_feat_delta= 0.370711\n"}
,{"stream_name":"stdout","time":647.092749194,"data":"EDGE_TTA_ACTIVE views= 8 mean_abs_feat_delta= 0.329966\n"}
,{"stream_name":"stdout","time":647.295888814,"data":"EDGE_TTA_ACTIVE views= 8 mean_abs_feat_delta= 0.329966\n"}
,{"stream_name":"stdout","time":648.907981195,"data":"EDGE_TTA_ACTIVE views= 8 mean_abs_feat_delta= 0.360618\n"}
,{"stream_name":"stdout","time":649.1106632,"data":"EDGE_TTA_ACTIVE views= 8 mean_abs_feat_delta= 0.360618\n"}
,{"stream_name":"stdout","time":649.445514913,"data":"EDGE_TTA_ACTIVE views= 8 mean_abs_feat_delta= 0.322964\n"}
,{"stream_name":"stdout","time":649.64827985,"data":"EDGE_TTA_ACTIVE views= 8 mean_abs_feat_delta= 0.322964\n"}
,{"stream_name":"stdout","time":650.972768221,"data":"EDGE_TTA_ACTIVE views= 8 mean_abs_feat_delta= 0.372812\n"}
,{"stream_name":"stdout","time":651.17553065,"data":"EDGE_TTA_ACTIVE views= 8 mean_abs_feat_delta= 0.372812\n"}
,{"stream_name":"stdout","time":651.870824884,"data":"EDGE_TTA_ACTIVE views= 8 mean_abs_feat_delta= 0.329623\n"}
,{"stream_name":"stdout","time":652.073139633,"data":"EDGE_TTA_ACTIVE views= 8 mean_abs_feat_delta= 0.329623\n"}
,{"stream_name":"stdout","time":653.098136755,"data":"EDGE_TTA_ACTIVE views= 8 mean_abs_feat_delta= 0.374406\n"}
,{"stream_name":"stdout","time":653.300925128,"data":"EDGE_TTA_ACTIVE views= 8 mean_abs_feat_delta= 0.374406\n"}
,{"stream_name":"stdout","time":654.279457677,"data":"EDGE_TTA_ACTIVE views= 8 mean_abs_feat_delta= 0.33189\n"}
,{"stream_name":"stdout","time":654.481785505,"data":"EDGE_TTA_ACTIVE views= 8 mean_abs_feat_delta= 0.33189\n"}
,{"stream_name":"stdout","time":655.310718251,"data":"EDGE_TTA_ACTIVE views= 8 mean_abs_feat_delta= 0.3777\n"}
,{"stream_name":"stdout","time":655.513534169,"data":"EDGE_TTA_ACTIVE views= 8 mean_abs_feat_delta= 0.3777\n"}
,{"stream_name":"stdout","time":656.687008361,"data":"EDGE_TTA_ACTIVE views= 8 mean_abs_feat_delta= 0.328077\n"}
,{"stream_name":"stdout","time":656.889555362,"data":"EDGE_TTA_ACTIVE views= 8 mean_abs_feat_delta= 0.328077\n"}
,{"stream_name":"stdout","time":657.475749465,"data":"EDGE_TTA_ACTIVE views= 8 mean_abs_feat_delta= 0.376339\n"}
,{"stream_name":"stdout","time":657.678787545,"data":"EDGE_TTA_ACTIVE views= 8 mean_abs_feat_delta= 0.376339\n"}
,{"stream_name":"stdout","time":659.074736635,"data":"EDGE_TTA_ACTIVE views= 8 mean_abs_feat_delta= 0.330658\n"}
,{"stream_name":"stdout","time":659.277647447,"data":"EDGE_TTA_ACTIVE views= 8 mean_abs_feat_delta= 0.330658\n"}
,{"stream_name":"stdout","time":659.626345169,"data":"EDGE_TTA_ACTIVE views= 8 mean_abs_feat_delta= 0.369146\n"}
,{"stream_name":"stdout","time":659.829154807,"data":"EDGE_TTA_ACTIVE views= 8 mean_abs_feat_delta= 0.369146\n"}
,{"stream_name":"stdout","time":661.485272025,"data":"EDGE_TTA_ACTIVE views= 8 mean_abs_feat_delta= 0.330195\n"}
,{"stream_name":"stdout","time":661.688378992,"data":"EDGE_TTA_ACTIVE views= 8 mean_abs_feat_delta= 0.330195\n"}
,{"stream_name":"stdout","time":661.701036351,"data":"EDGE_TTA_ACTIVE views= 8 mean_abs_feat_delta= 0.367025\n"}
,{"stream_name":"stdout","time":661.903507642,"data":"EDGE_TTA_ACTIVE views= 8 mean_abs_feat_delta= 0.367025\n"}
,{"stream_name":"stdout","time":663.820870793,"data":"EDGE_TTA_ACTIVE views= 8 mean_abs_feat_delta= 0.371094\n"}
,{"stream_name":"stdout","time":663.975243865,"data":"EDGE_TTA_ACTIVE views= 8 mean_abs_feat_delta= 0.332086\n"}
,{"stream_name":"stdout","time":664.023995122,"data":"EDGE_TTA_ACTIVE views= 8 mean_abs_feat_delta= 0.371094\n"}
,{"stream_name":"stdout","time":664.024040466,"data":"EDGE_TTA_ACTIVE views= 8 mean_abs_feat_delta= 0.332086\n"}
,{"stream_name":"stdout","time":665.957478162,"data":"EDGE_TTA_ACTIVE views= 8 mean_abs_feat_delta= 0.375255\n"}
,{"stream_name":"stdout","time":666.160040046,"data":"EDGE_TTA_ACTIVE views= 8 mean_abs_feat_delta= 0.375255\n"}
,{"stream_name":"stdout","time":666.426764769,"data":"EDGE_TTA_ACTIVE views= 8 mean_abs_feat_delta= 0.334902\n"}
,{"stream_name":"stdout","time":666.629232161,"data":"EDGE_TTA_ACTIVE views= 8 mean_abs_feat_delta= 0.334902\n"}
,{"stream_name":"stdout","time":668.075281195,"data":"EDGE_TTA_ACTIVE views= 8 mean_abs_feat_delta= 0.373994\n"}
,{"stream_name":"stdout","time":668.277969889,"data":"EDGE_TTA_ACTIVE views= 8 mean_abs_feat_delta= 0.373994\n"}
,{"stream_name":"stdout","time":668.760569511,"data":"EDGE_TTA_ACTIVE views= 8 mean_abs_feat_delta= 0.331026\n"}
,{"stream_name":"stdout","time":668.963333155,"data":"EDGE_TTA_ACTIVE views= 8 mean_abs_feat_delta= 0.331026\n"}
,{"stream_name":"stdout","time":670.170245935,"data":"EDGE_TTA_ACTIVE views= 8 mean_abs_feat_delta= 0.366011\n"}
,{"stream_name":"stdout","time":670.373058259,"data":"EDGE_TTA_ACTIVE views= 8 mean_abs_feat_delta= 0.366011\n"}
,{"stream_name":"stdout","time":671.141503522,"data":"EDGE_TTA_ACTIVE views= 8 mean_abs_feat_delta= 0.33352\n"}
,{"stream_name":"stdout","time":671.34462279,"data":"EDGE_TTA_ACTIVE views= 8 mean_abs_feat_delta= 0.33352\n"}
,{"stream_name":"stdout","time":672.292251374,"data":"EDGE_TTA_ACTIVE views= 8 mean_abs_feat_delta= 0.364698\n"}
,{"stream_name":"stdout","time":672.494709267,"data":"EDGE_TTA_ACTIVE views= 8 mean_abs_feat_delta= 0.364698\n"}
,{"stream_name":"stdout","time":673.554488095,"data":"EDGE_TTA_ACTIVE views= 8 mean_abs_feat_delta= 0.333668\n"}
,{"stream_name":"stdout","time":673.757277267,"data":"EDGE_TTA_ACTIVE views= 8 mean_abs_feat_delta= 0.333668\n"}
,{"stream_name":"stdout","time":674.438115335,"data":"EDGE_TTA_ACTIVE views= 8 mean_abs_feat_delta= 0.366732\n"}
,{"stream_name":"stdout","time":674.641104265,"data":"EDGE_TTA_ACTIVE views= 8 mean_abs_feat_delta= 0.366732\n"}
,{"stream_name":"stdout","time":675.944461244,"data":"EDGE_TTA_ACTIVE views= 8 mean_abs_feat_delta= 0.326117\n"}
,{"stream_name":"stdout","time":676.181792477,"data":"EDGE_TTA_ACTIVE views= 8 mean_abs_feat_delta= 0.326117\n"}
,{"stream_name":"stdout","time":676.586070043,"data":"EDGE_TTA_ACTIVE views= 8 mean_abs_feat_delta= 0.370041\n"}
,{"stream_name":"stdout","time":676.78890835,"data":"EDGE_TTA_ACTIVE views= 8 mean_abs_feat_delta= 0.370041\n"}
,{"stream_name":"stdout","time":678.352879902,"data":"EDGE_TTA_ACTIVE views= 8 mean_abs_feat_delta= 0.327201\n"}
,{"stream_name":"stdout","time":678.55565379,"data":"EDGE_TTA_ACTIVE views= 8 mean_abs_feat_delta= 0.327201\n"}
,{"stream_name":"stdout","time":678.732548063,"data":"EDGE_TTA_ACTIVE views= 8 mean_abs_feat_delta= 0.367914\n"}
,{"stream_name":"stdout","time":678.935252905,"data":"EDGE_TTA_ACTIVE views= 8 mean_abs_feat_delta= 0.367914\n"}
,{"stream_name":"stdout","time":680.832920807,"data":"EDGE_TTA_ACTIVE views= 8 mean_abs_feat_delta= 0.330095\n"}
,{"stream_name":"stdout","time":680.912779011,"data":"EDGE_TTA_ACTIVE views= 8 mean_abs_feat_delta= 0.352519\n"}
,{"stream_name":"stdout","time":681.03623936,"data":"EDGE_TTA_ACTIVE views= 8 mean_abs_feat_delta= 0.330095\n"}
,{"stream_name":"stdout","time":681.03628857,"data":"EDGE_TTA_ACTIVE views= 8 mean_abs_feat_delta= 0.352519\n"}
,{"stream_name":"stdout","time":681.959348001,"data":"BIOHUB_RETENTION_GUARD {\"blended_candidates\": 66, \"dataset\": \"6bba_05b6850b\", \"frame\": 43, \"minimum_retention\": 0.9, \"primary_candidates\": 74, \"retention\": 0.8918918918918919, \"use_primary\": true}\n"}
,{"stream_name":"stdout","time":682.161985023,"data":"BIOHUB_RETENTION_GUARD {\"blended_candidates\": 66, \"dataset\": \"6bba_05b6850b\", \"frame\": 43, \"minimum_retention\": 0.9, \"primary_candidates\": 74, \"retention\": 0.8918918918918919, \"use_primary\": true}\n"}
,{"stream_name":"stdout","time":683.104902902,"data":"EDGE_TTA_ACTIVE views= 8 mean_abs_feat_delta= 0.36891\n"}
,{"stream_name":"stdout","time":683.276371415,"data":"EDGE_TTA_ACTIVE views= 8 mean_abs_feat_delta= 0.333419\n"}
,{"stream_name":"stdout","time":683.307699783,"data":"EDGE_TTA_ACTIVE views= 8 mean_abs_feat_delta= 0.36891\n"}
,{"stream_name":"stdout","time":683.307742455,"data":"EDGE_TTA_ACTIVE views= 8 mean_abs_feat_delta= 0.333419\n"}
,{"stream_name":"stdout","time":685.324816836,"data":"EDGE_TTA_ACTIVE views= 8 mean_abs_feat_delta= 0.372785\n"}
,{"stream_name":"stdout","time":685.52754257,"data":"EDGE_TTA_ACTIVE views= 8 mean_abs_feat_delta= 0.372785\n"}
,{"stream_name":"stdout","time":685.763987416,"data":"EDGE_TTA_ACTIVE views= 8 mean_abs_feat_delta= 0.338616\n"}
,{"stream_name":"stdout","time":685.966617898,"data":"EDGE_TTA_ACTIVE views= 8 mean_abs_feat_delta= 0.338616\n"}
,{"stream_name":"stdout","time":687.569007441,"data":"EDGE_TTA_ACTIVE views= 8 mean_abs_feat_delta= 0.372432\n"}
,{"stream_name":"stdout","time":687.771813613,"data":"EDGE_TTA_ACTIVE views= 8 mean_abs_feat_delta= 0.372432\n"}
,{"stream_name":"stdout","time":688.223596335,"data":"EDGE_TTA_ACTIVE views= 8 mean_abs_feat_delta= 0.335349\n"}
,{"stream_name":"stdout","time":688.426355488,"data":"EDGE_TTA_ACTIVE views= 8 mean_abs_feat_delta= 0.335349\n"}
,{"stream_name":"stdout","time":689.783316585,"data":"EDGE_TTA_ACTIVE views= 8 mean_abs_feat_delta= 0.371331\n"}
,{"stream_name":"stdout","time":689.986123862,"data":"EDGE_TTA_ACTIVE views= 8 mean_abs_feat_delta= 0.371331\n"}
,{"stream_name":"stdout","time":690.705977855,"data":"EDGE_TTA_ACTIVE views= 8 mean_abs_feat_delta= 0.337635\n"}
,{"stream_name":"stdout","time":690.908236497,"data":"EDGE_TTA_ACTIVE views= 8 mean_abs_feat_delta= 0.337635\n"}
,{"stream_name":"stdout","time":692.021486079,"data":"EDGE_TTA_ACTIVE views= 8 mean_abs_feat_delta= 0.369641\n"}
,{"stream_name":"stdout","time":692.224319006,"data":"EDGE_TTA_ACTIVE views= 8 mean_abs_feat_delta= 0.369641\n"}
,{"stream_name":"stdout","time":693.21993036,"data":"EDGE_TTA_ACTIVE views= 8 mean_abs_feat_delta= 0.336677\n"}
,{"stream_name":"stdout","time":693.422834567,"data":"EDGE_TTA_ACTIVE views= 8 mean_abs_feat_delta= 0.336677\n"}
,{"stream_name":"stdout","time":694.243989302,"data":"EDGE_TTA_ACTIVE views= 8 mean_abs_feat_delta= 0.371647\n"}
,{"stream_name":"stdout","time":694.446858071,"data":"EDGE_TTA_ACTIVE views= 8 mean_abs_feat_delta= 0.371647\n"}
,{"stream_name":"stdout","time":695.678826158,"data":"EDGE_TTA_ACTIVE views= 8 mean_abs_feat_delta= 0.334169\n"}
,{"stream_name":"stdout","time":695.881634492,"data":"EDGE_TTA_ACTIVE views= 8 mean_abs_feat_delta= 0.334169\n"}
,{"stream_name":"stdout","time":696.482267082,"data":"EDGE_TTA_ACTIVE views= 8 mean_abs_feat_delta= 0.368025\n"}
,{"stream_name":"stdout","time":696.6851991,"data":"EDGE_TTA_ACTIVE views= 8 mean_abs_feat_delta= 0.368025\n"}
,{"stream_name":"stdout","time":698.110062791,"data":"EDGE_TTA_ACTIVE views= 8 mean_abs_feat_delta= 0.334586\n"}
,{"stream_name":"stdout","time":698.312749925,"data":"EDGE_TTA_ACTIVE views= 8 mean_abs_feat_delta= 0.334586\n"}
,{"stream_name":"stdout","time":698.6696531,"data":"EDGE_TTA_ACTIVE views= 8 mean_abs_feat_delta= 0.362922\n"}
,{"stream_name":"stdout","time":698.872331598,"data":"EDGE_TTA_ACTIVE views= 8 mean_abs_feat_delta= 0.362922\n"}
,{"stream_name":"stdout","time":700.531313748,"data":"EDGE_TTA_ACTIVE views= 8 mean_abs_feat_delta= 0.333591\n"}
,{"stream_name":"stdout","time":700.733773416,"data":"EDGE_TTA_ACTIVE views= 8 mean_abs_feat_delta= 0.333591\n"}
,{"stream_name":"stdout","time":700.853901397,"data":"EDGE_TTA_ACTIVE views= 8 mean_abs_feat_delta= 0.352705\n"}
,{"stream_name":"stdout","time":701.059327004,"data":"EDGE_TTA_ACTIVE views= 8 mean_abs_feat_delta= 0.352705\n"}
,{"stream_name":"stdout","time":702.928670419,"data":"EDGE_TTA_ACTIVE views= 8 mean_abs_feat_delta= 0.333424\n"}
,{"stream_name":"stdout","time":703.035717215,"data":"EDGE_TTA_ACTIVE views= 8 mean_abs_feat_delta= 0.336896\n"}
,{"stream_name":"stdout","time":703.131410615,"data":"EDGE_TTA_ACTIVE views= 8 mean_abs_feat_delta= 0.333424\n"}
,{"stream_name":"stdout","time":703.131501178,"data":"EDGE_TTA_ACTIVE views= 8 mean_abs_feat_delta= 0.336896\n"}
,{"stream_name":"stdout","time":705.186649285,"data":"EDGE_TTA_ACTIVE views= 8 mean_abs_feat_delta= 0.34476\n"}
,{"stream_name":"stdout","time":705.324325148,"data":"EDGE_TTA_ACTIVE views= 8 mean_abs_feat_delta= 0.329672\n"}
,{"stream_name":"stdout","time":705.389567707,"data":"EDGE_TTA_ACTIVE views= 8 mean_abs_feat_delta= 0.34476\n"}
,{"stream_name":"stdout","time":705.389615847,"data":"EDGE_TTA_ACTIVE views= 8 mean_abs_feat_delta= 0.329672\n"}
,{"stream_name":"stdout","time":707.321795661,"data":"EDGE_TTA_ACTIVE views= 8 mean_abs_feat_delta= 0.351291\n"}
,{"stream_name":"stdout","time":707.557733866,"data":"EDGE_TTA_ACTIVE views= 8 mean_abs_feat_delta= 0.351291\n"}
,{"stream_name":"stdout","time":707.671481514,"data":"EDGE_TTA_ACTIVE views= 8 mean_abs_feat_delta= 0.330847\n"}
,{"stream_name":"stdout","time":707.874019525,"data":"EDGE_TTA_ACTIVE views= 8 mean_abs_feat_delta= 0.330847\n"}
,{"stream_name":"stdout","time":709.481494277,"data":"EDGE_TTA_ACTIVE views= 8 mean_abs_feat_delta= 0.350787\n"}
,{"stream_name":"stdout","time":709.684589142,"data":"EDGE_TTA_ACTIVE views= 8 mean_abs_feat_delta= 0.350787\n"}
,{"stream_name":"stdout","time":710.041034083,"data":"EDGE_TTA_ACTIVE views= 8 mean_abs_feat_delta= 0.332545\n"}
,{"stream_name":"stdout","time":710.24404747,"data":"EDGE_TTA_ACTIVE views= 8 mean_abs_feat_delta= 0.332545\n"}
,{"stream_name":"stdout","time":711.603156996,"data":"EDGE_TTA_ACTIVE views= 8 mean_abs_feat_delta= 0.352459\n"}
,{"stream_name":"stdout","time":711.805880069,"data":"EDGE_TTA_ACTIVE views= 8 mean_abs_feat_delta= 0.352459\n"}
,{"stream_name":"stdout","time":712.379263335,"data":"EDGE_TTA_ACTIVE views= 8 mean_abs_feat_delta= 0.333406\n"}
,{"stream_name":"stdout","time":712.582286793,"data":"EDGE_TTA_ACTIVE views= 8 mean_abs_feat_delta= 0.333406\n"}
,{"stream_name":"stdout","time":713.728656373,"data":"EDGE_TTA_ACTIVE views= 8 mean_abs_feat_delta= 0.343926\n"}
,{"stream_name":"stdout","time":713.931532928,"data":"EDGE_TTA_ACTIVE views= 8 mean_abs_feat_delta= 0.343926\n"}
,{"stream_name":"stdout","time":714.685561214,"data":"EDGE_TTA_ACTIVE views= 8 mean_abs_feat_delta= 0.33416\n"}
,{"stream_name":"stdout","time":714.888310988,"data":"EDGE_TTA_ACTIVE views= 8 mean_abs_feat_delta= 0.33416\n"}
,{"stream_name":"stdout","time":715.824923781,"data":"EDGE_TTA_ACTIVE views= 8 mean_abs_feat_delta= 0.361961\n"}
,{"stream_name":"stdout","time":716.027460748,"data":"EDGE_TTA_ACTIVE views= 8 mean_abs_feat_delta= 0.361961\n"}
,{"stream_name":"stdout","time":717.02594419,"data":"EDGE_TTA_ACTIVE views= 8 mean_abs_feat_delta= 0.335015\n"}
,{"stream_name":"stdout","time":717.228304768,"data":"EDGE_TTA_ACTIVE views= 8 mean_abs_feat_delta= 0.335015\n"}
,{"stream_name":"stdout","time":717.929544491,"data":"EDGE_TTA_ACTIVE views= 8 mean_abs_feat_delta= 0.359198\n"}
,{"stream_name":"stdout","time":718.132297679,"data":"EDGE_TTA_ACTIVE views= 8 mean_abs_feat_delta= 0.359198\n"}
,{"stream_name":"stdout","time":719.32649815,"data":"EDGE_TTA_ACTIVE views= 8 mean_abs_feat_delta= 0.342511\n"}
,{"stream_name":"stdout","time":719.529140719,"data":"EDGE_TTA_ACTIVE views= 8 mean_abs_feat_delta= 0.342511\n"}
,{"stream_name":"stdout","time":720.034630926,"data":"EDGE_TTA_ACTIVE views= 8 mean_abs_feat_delta= 0.364122\n"}
,{"stream_name":"stdout","time":720.23719432,"data":"EDGE_TTA_ACTIVE views= 8 mean_abs_feat_delta= 0.364122\n"}
,{"stream_name":"stdout","time":721.627226888,"data":"EDGE_TTA_ACTIVE views= 8 mean_abs_feat_delta= 0.342159\n"}
,{"stream_name":"stdout","time":721.829695575,"data":"EDGE_TTA_ACTIVE views= 8 mean_abs_feat_delta= 0.342159\n"}
,{"stream_name":"stdout","time":722.16590705,"data":"EDGE_TTA_ACTIVE views= 8 mean_abs_feat_delta= 0.357428\n"}
,{"stream_name":"stdout","time":722.368769704,"data":"EDGE_TTA_ACTIVE views= 8 mean_abs_feat_delta= 0.357428\n"}
,{"stream_name":"stdout","time":723.944517087,"data":"EDGE_TTA_ACTIVE views= 8 mean_abs_feat_delta= 0.340811\n"}
,{"stream_name":"stdout","time":724.147284191,"data":"EDGE_TTA_ACTIVE views= 8 mean_abs_feat_delta= 0.340811\n"}
,{"stream_name":"stdout","time":724.274362703,"data":"EDGE_TTA_ACTIVE views= 8 mean_abs_feat_delta= 0.343652\n"}
,{"stream_name":"stdout","time":724.476814588,"data":"EDGE_TTA_ACTIVE views= 8 mean_abs_feat_delta= 0.343652\n"}
,{"stream_name":"stdout","time":726.225686635,"data":"EDGE_TTA_ACTIVE views= 8 mean_abs_feat_delta= 0.349582\n"}
,{"stream_name":"stdout","time":726.375664348,"data":"EDGE_TTA_ACTIVE views= 8 mean_abs_feat_delta= 0.355033\n"}
,{"stream_name":"stdout","time":726.428046808,"data":"EDGE_TTA_ACTIVE views= 8 mean_abs_feat_delta= 0.349582\n"}
,{"stream_name":"stdout","time":726.428084782,"data":"EDGE_TTA_ACTIVE views= 8 mean_abs_feat_delta= 0.355033\n"}
,{"stream_name":"stdout","time":728.484950137,"data":"EDGE_TTA_ACTIVE views= 8 mean_abs_feat_delta= 0.351347\n"}
,{"stream_name":"stdout","time":728.527686429,"data":"EDGE_TTA_ACTIVE views= 8 mean_abs_feat_delta= 0.350508\n"}
,{"stream_name":"stdout","time":728.687719946,"data":"EDGE_TTA_ACTIVE views= 8 mean_abs_feat_delta= 0.351347\n"}
,{"stream_name":"stdout","time":728.687802885,"data":"EDGE_TTA_ACTIVE views= 8 mean_abs_feat_delta= 0.350508\n"}
,{"stream_name":"stdout","time":730.585844283,"data":"EDGE_TTA_ACTIVE views= 8 mean_abs_feat_delta= 0.353252\n"}
,{"stream_name":"stdout","time":730.788838798,"data":"EDGE_TTA_ACTIVE views= 8 mean_abs_feat_delta= 0.353252\n"}
,{"stream_name":"stdout","time":730.824466022,"data":"EDGE_TTA_ACTIVE views= 8 mean_abs_feat_delta= 0.347721\n"}
,{"stream_name":"stdout","time":731.028077886,"data":"EDGE_TTA_ACTIVE views= 8 mean_abs_feat_delta= 0.347721\n"}
,{"stream_name":"stdout","time":732.760040533,"data":"EDGE_TTA_ACTIVE views= 8 mean_abs_feat_delta= 0.33905\n"}
,{"stream_name":"stdout","time":732.96300133,"data":"EDGE_TTA_ACTIVE views= 8 mean_abs_feat_delta= 0.33905\n"}
,{"stream_name":"stdout","time":733.178262599,"data":"EDGE_TTA_ACTIVE views= 8 mean_abs_feat_delta= 0.347752\n"}
,{"stream_name":"stdout","time":733.380708563,"data":"EDGE_TTA_ACTIVE views= 8 mean_abs_feat_delta= 0.347752\n"}
,{"stream_name":"stdout","time":734.871978724,"data":"EDGE_TTA_ACTIVE views= 8 mean_abs_feat_delta= 0.354422\n"}
,{"stream_name":"stdout","time":735.074490273,"data":"EDGE_TTA_ACTIVE views= 8 mean_abs_feat_delta= 0.354422\n"}
,{"stream_name":"stdout","time":735.464980377,"data":"EDGE_TTA_ACTIVE views= 8 mean_abs_feat_delta= 0.347648\n"}
,{"stream_name":"stdout","time":735.667832242,"data":"EDGE_TTA_ACTIVE views= 8 mean_abs_feat_delta= 0.347648\n"}
,{"stream_name":"stdout","time":736.982965259,"data":"EDGE_TTA_ACTIVE views= 8 mean_abs_feat_delta= 0.359708\n"}
,{"stream_name":"stdout","time":737.186016279,"data":"EDGE_TTA_ACTIVE views= 8 mean_abs_feat_delta= 0.359708\n"}
,{"stream_name":"stdout","time":737.778823324,"data":"EDGE_TTA_ACTIVE views= 8 mean_abs_feat_delta= 0.350568\n"}
,{"stream_name":"stdout","time":738.018859488,"data":"EDGE_TTA_ACTIVE views= 8 mean_abs_feat_delta= 0.350568\n"}
,{"stream_name":"stdout","time":739.095876481,"data":"EDGE_TTA_ACTIVE views= 8 mean_abs_feat_delta= 0.359515\n"}
,{"stream_name":"stdout","time":739.298659352,"data":"EDGE_TTA_ACTIVE views= 8 mean_abs_feat_delta= 0.359515\n"}
,{"stream_name":"stdout","time":740.119750525,"data":"EDGE_TTA_ACTIVE views= 8 mean_abs_feat_delta= 0.339277\n"}
,{"stream_name":"stdout","time":740.322724564,"data":"EDGE_TTA_ACTIVE views= 8 mean_abs_feat_delta= 0.339277\n"}
,{"stream_name":"stdout","time":741.262095495,"data":"EDGE_TTA_ACTIVE views= 8 mean_abs_feat_delta= 0.356987\n"}
,{"stream_name":"stdout","time":741.46489315,"data":"EDGE_TTA_ACTIVE views= 8 mean_abs_feat_delta= 0.356987\n"}
,{"stream_name":"stdout","time":742.445162745,"data":"EDGE_TTA_ACTIVE views= 8 mean_abs_feat_delta= 0.341866\n"}
,{"stream_name":"stdout","time":742.648372466,"data":"EDGE_TTA_ACTIVE views= 8 mean_abs_feat_delta= 0.341866\n"}
,{"stream_name":"stdout","time":743.454099833,"data":"EDGE_TTA_ACTIVE views= 8 mean_abs_feat_delta= 0.358806\n"}
,{"stream_name":"stdout","time":743.656798635,"data":"EDGE_TTA_ACTIVE views= 8 mean_abs_feat_delta= 0.358806\n"}
,{"stream_name":"stdout","time":744.772506916,"data":"EDGE_TTA_ACTIVE views= 8 mean_abs_feat_delta= 0.344401\n"}
,{"stream_name":"stdout","time":744.975257076,"data":"EDGE_TTA_ACTIVE views= 8 mean_abs_feat_delta= 0.344401\n"}
,{"stream_name":"stdout","time":745.593547799,"data":"EDGE_TTA_ACTIVE views= 8 mean_abs_feat_delta= 0.360605\n"}
,{"stream_name":"stdout","time":745.796481424,"data":"EDGE_TTA_ACTIVE views= 8 mean_abs_feat_delta= 0.360605\n"}
,{"stream_name":"stdout","time":747.103532111,"data":"EDGE_TTA_ACTIVE views= 8 mean_abs_feat_delta= 0.341738\n"}
,{"stream_name":"stdout","time":747.306134291,"data":"EDGE_TTA_ACTIVE views= 8 mean_abs_feat_delta= 0.341738\n"}
,{"stream_name":"stdout","time":747.735389956,"data":"EDGE_TTA_ACTIVE views= 8 mean_abs_feat_delta= 0.35888\n"}
,{"stream_name":"stdout","time":747.938035264,"data":"EDGE_TTA_ACTIVE views= 8 mean_abs_feat_delta= 0.35888\n"}
,{"stream_name":"stdout","time":749.42568766,"data":"EDGE_TTA_ACTIVE views= 8 mean_abs_feat_delta= 0.339738\n"}
,{"stream_name":"stdout","time":749.628082331,"data":"EDGE_TTA_ACTIVE views= 8 mean_abs_feat_delta= 0.339738\n"}
,{"stream_name":"stdout","time":749.889964135,"data":"EDGE_TTA_ACTIVE views= 8 mean_abs_feat_delta= 0.364525\n"}
,{"stream_name":"stdout","time":750.092691854,"data":"EDGE_TTA_ACTIVE views= 8 mean_abs_feat_delta= 0.364525\n"}
,{"stream_name":"stdout","time":751.81216698,"data":"EDGE_TTA_ACTIVE views= 8 mean_abs_feat_delta= 0.336334\n"}
,{"stream_name":"stdout","time":752.014881864,"data":"EDGE_TTA_ACTIVE views= 8 mean_abs_feat_delta= 0.336334\n"}
,{"stream_name":"stdout","time":752.081578665,"data":"EDGE_TTA_ACTIVE views= 8 mean_abs_feat_delta= 0.367055\n"}
,{"stream_name":"stdout","time":752.284258264,"data":"EDGE_TTA_ACTIVE views= 8 mean_abs_feat_delta= 0.367055\n"}
,{"stream_name":"stdout","time":754.185639062,"data":"EDGE_TTA_ACTIVE views= 8 mean_abs_feat_delta= 0.336552\n"}
,{"stream_name":"stdout","time":754.276282001,"data":"EDGE_TTA_ACTIVE views= 8 mean_abs_feat_delta= 0.351417\n"}
,{"stream_name":"stdout","time":754.388199328,"data":"EDGE_TTA_ACTIVE views= 8 mean_abs_feat_delta= 0.336552\n"}
,{"stream_name":"stdout","time":754.388285017,"data":"EDGE_TTA_ACTIVE views= 8 mean_abs_feat_delta= 0.351417\n"}
,{"stream_name":"stdout","time":756.471723194,"data":"EDGE_TTA_ACTIVE views= 8 mean_abs_feat_delta= 0.363487\n"}
,{"stream_name":"stdout","time":756.584855791,"data":"EDGE_TTA_ACTIVE views= 8 mean_abs_feat_delta= 0.336751\n"}
,{"stream_name":"stdout","time":756.674265144,"data":"EDGE_TTA_ACTIVE views= 8 mean_abs_feat_delta= 0.363487\n"}
,{"stream_name":"stdout","time":756.674351565,"data":"EDGE_TTA_ACTIVE views= 8 mean_abs_feat_delta= 0.336751\n"}
,{"stream_name":"stdout","time":758.682813213,"data":"EDGE_TTA_ACTIVE views= 8 mean_abs_feat_delta= 0.361591\n"}
,{"stream_name":"stdout","time":758.885310209,"data":"EDGE_TTA_ACTIVE views= 8 mean_abs_feat_delta= 0.361591\n"}
,{"stream_name":"stdout","time":759.027812858,"data":"EDGE_TTA_ACTIVE views= 8 mean_abs_feat_delta= 0.342229\n"}
,{"stream_name":"stdout","time":759.230226255,"data":"EDGE_TTA_ACTIVE views= 8 mean_abs_feat_delta= 0.342229\n"}
,{"stream_name":"stdout","time":760.953448543,"data":"EDGE_TTA_ACTIVE views= 8 mean_abs_feat_delta= 0.35878\n"}
,{"stream_name":"stdout","time":761.156325055,"data":"EDGE_TTA_ACTIVE views= 8 mean_abs_feat_delta= 0.35878\n"}
,{"stream_name":"stdout","time":761.406126256,"data":"EDGE_TTA_ACTIVE views= 8 mean_abs_feat_delta= 0.34433\n"}
,{"stream_name":"stdout","time":761.608920994,"data":"EDGE_TTA_ACTIVE views= 8 mean_abs_feat_delta= 0.34433\n"}
,{"stream_name":"stdout","time":763.146380156,"data":"EDGE_TTA_ACTIVE views= 8 mean_abs_feat_delta= 0.361252\n"}
,{"stream_name":"stdout","time":763.349462955,"data":"EDGE_TTA_ACTIVE views= 8 mean_abs_feat_delta= 0.361252\n"}
,{"stream_name":"stdout","time":763.84941584,"data":"EDGE_TTA_ACTIVE views= 8 mean_abs_feat_delta= 0.338919\n"}
,{"stream_name":"stdout","time":764.052208797,"data":"EDGE_TTA_ACTIVE views= 8 mean_abs_feat_delta= 0.338919\n"}
,{"stream_name":"stdout","time":765.360706611,"data":"EDGE_TTA_ACTIVE views= 8 mean_abs_feat_delta= 0.357825\n"}
,{"stream_name":"stdout","time":765.563609989,"data":"EDGE_TTA_ACTIVE views= 8 mean_abs_feat_delta= 0.357825\n"}
,{"stream_name":"stdout","time":766.245329458,"data":"EDGE_TTA_ACTIVE views= 8 mean_abs_feat_delta= 0.334467\n"}
,{"stream_name":"stdout","time":766.448169679,"data":"EDGE_TTA_ACTIVE views= 8 mean_abs_feat_delta= 0.334467\n"}
,{"stream_name":"stdout","time":767.533054449,"data":"EDGE_TTA_ACTIVE views= 8 mean_abs_feat_delta= 0.356818\n"}
,{"stream_name":"stdout","time":767.735934017,"data":"EDGE_TTA_ACTIVE views= 8 mean_abs_feat_delta= 0.356818\n"}
,{"stream_name":"stdout","time":768.617119618,"data":"EDGE_TTA_ACTIVE views= 8 mean_abs_feat_delta= 0.334048\n"}
,{"stream_name":"stdout","time":768.859365988,"data":"EDGE_TTA_ACTIVE views= 8 mean_abs_feat_delta= 0.334048\n"}
,{"stream_name":"stdout","time":769.711147845,"data":"EDGE_TTA_ACTIVE views= 8 mean_abs_feat_delta= 0.358323\n"}
,{"stream_name":"stdout","time":769.913516869,"data":"EDGE_TTA_ACTIVE views= 8 mean_abs_feat_delta= 0.358323\n"}
,{"stream_name":"stdout","time":770.984768739,"data":"EDGE_TTA_ACTIVE views= 8 mean_abs_feat_delta= 0.334845\n"}
,{"stream_name":"stdout","time":771.1870536,"data":"EDGE_TTA_ACTIVE views= 8 mean_abs_feat_delta= 0.334845\n"}
,{"stream_name":"stdout","time":771.874478744,"data":"EDGE_TTA_ACTIVE views= 8 mean_abs_feat_delta= 0.352135\n"}
,{"stream_name":"stdout","time":772.077356925,"data":"EDGE_TTA_ACTIVE views= 8 mean_abs_feat_delta= 0.352135\n"}
,{"stream_name":"stdout","time":773.333576833,"data":"EDGE_TTA_ACTIVE views= 8 mean_abs_feat_delta= 0.334767\n"}
,{"stream_name":"stdout","time":773.536299177,"data":"EDGE_TTA_ACTIVE views= 8 mean_abs_feat_delta= 0.334767\n"}
,{"stream_name":"stdout","time":774.034722385,"data":"EDGE_TTA_ACTIVE views= 8 mean_abs_feat_delta= 0.351911\n"}
,{"stream_name":"stdout","time":774.237262474,"data":"EDGE_TTA_ACTIVE views= 8 mean_abs_feat_delta= 0.351911\n"}
,{"stream_name":"stdout","time":775.682205982,"data":"EDGE_TTA_ACTIVE views= 8 mean_abs_feat_delta= 0.330452\n"}
,{"stream_name":"stdout","time":775.885006057,"data":"EDGE_TTA_ACTIVE views= 8 mean_abs_feat_delta= 0.330452\n"}
,{"stream_name":"stdout","time":776.181599601,"data":"EDGE_TTA_ACTIVE views= 8 mean_abs_feat_delta= 0.356519\n"}
,{"stream_name":"stdout","time":776.384098365,"data":"EDGE_TTA_ACTIVE views= 8 mean_abs_feat_delta= 0.356519\n"}
,{"stream_name":"stdout","time":778.007758154,"data":"EDGE_TTA_ACTIVE views= 8 mean_abs_feat_delta= 0.33197\n"}
,{"stream_name":"stdout","time":778.210008781,"data":"EDGE_TTA_ACTIVE views= 8 mean_abs_feat_delta= 0.33197\n"}
,{"stream_name":"stdout","time":778.331566333,"data":"EDGE_TTA_ACTIVE views= 8 mean_abs_feat_delta= 0.353385\n"}
,{"stream_name":"stdout","time":778.53372389,"data":"EDGE_TTA_ACTIVE views= 8 mean_abs_feat_delta= 0.353385\n"}
,{"stream_name":"stdout","time":780.330596876,"data":"EDGE_TTA_ACTIVE views= 8 mean_abs_feat_delta= 0.33369\n"}
,{"stream_name":"stdout","time":780.526605257,"data":"EDGE_TTA_ACTIVE views= 8 mean_abs_feat_delta= 0.351229\n"}
,{"stream_name":"stdout","time":780.533147953,"data":"EDGE_TTA_ACTIVE views= 8 mean_abs_feat_delta= 0.33369\n"}
,{"stream_name":"stdout","time":780.533172968,"data":"EDGE_TTA_ACTIVE views= 8 mean_abs_feat_delta= 0.351229\n"}
,{"stream_name":"stdout","time":782.650810717,"data":"EDGE_TTA_ACTIVE views= 8 mean_abs_feat_delta= 0.335249\n"}
,{"stream_name":"stdout","time":782.679154779,"data":"EDGE_TTA_ACTIVE views= 8 mean_abs_feat_delta= 0.350705\n"}
,{"stream_name":"stdout","time":782.853556926,"data":"EDGE_TTA_ACTIVE views= 8 mean_abs_feat_delta= 0.335249\n"}
,{"stream_name":"stdout","time":782.853598557,"data":"EDGE_TTA_ACTIVE views= 8 mean_abs_feat_delta= 0.350705\n"}
,{"stream_name":"stdout","time":784.80818973,"data":"EDGE_TTA_ACTIVE views= 8 mean_abs_feat_delta= 0.353278\n"}
,{"stream_name":"stdout","time":785.002137612,"data":"EDGE_TTA_ACTIVE views= 8 mean_abs_feat_delta= 0.33665\n"}
,{"stream_name":"stdout","time":785.010809519,"data":"EDGE_TTA_ACTIVE views= 8 mean_abs_feat_delta= 0.353278\n"}
,{"stream_name":"stdout","time":785.010835312,"data":"EDGE_TTA_ACTIVE views= 8 mean_abs_feat_delta= 0.33665\n"}
,{"stream_name":"stdout","time":786.953719074,"data":"EDGE_TTA_ACTIVE views= 8 mean_abs_feat_delta= 0.358064\n"}
,{"stream_name":"stdout","time":787.156250667,"data":"EDGE_TTA_ACTIVE views= 8 mean_abs_feat_delta= 0.358064\n"}
,{"stream_name":"stdout","time":787.363003959,"data":"EDGE_TTA_ACTIVE views= 8 mean_abs_feat_delta= 0.338336\n"}
,{"stream_name":"stdout","time":787.565481438,"data":"EDGE_TTA_ACTIVE views= 8 mean_abs_feat_delta= 0.338336\n"}
,{"stream_name":"stdout","time":789.102939303,"data":"EDGE_TTA_ACTIVE views= 8 mean_abs_feat_delta= 0.35946\n"}
,{"stream_name":"stdout","time":789.30550294,"data":"EDGE_TTA_ACTIVE views= 8 mean_abs_feat_delta= 0.35946\n"}
,{"stream_name":"stdout","time":789.666133192,"data":"EDGE_TTA_ACTIVE views= 8 mean_abs_feat_delta= 0.337788\n"}
,{"stream_name":"stdout","time":789.868806749,"data":"EDGE_TTA_ACTIVE views= 8 mean_abs_feat_delta= 0.337788\n"}
,{"stream_name":"stdout","time":791.271631653,"data":"EDGE_TTA_ACTIVE views= 8 mean_abs_feat_delta= 0.357537\n"}
,{"stream_name":"stdout","time":791.474243372,"data":"EDGE_TTA_ACTIVE views= 8 mean_abs_feat_delta= 0.357537\n"}
,{"stream_name":"stdout","time":791.949692412,"data":"EDGE_TTA_ACTIVE views= 8 mean_abs_feat_delta= 0.325091\n"}
,{"stream_name":"stdout","time":792.152264752,"data":"EDGE_TTA_ACTIVE views= 8 mean_abs_feat_delta= 0.325091\n"}
,{"stream_name":"stdout","time":793.483820034,"data":"EDGE_TTA_ACTIVE views= 8 mean_abs_feat_delta= 0.357561\n"}
,{"stream_name":"stdout","time":793.686392486,"data":"EDGE_TTA_ACTIVE views= 8 mean_abs_feat_delta= 0.357561\n"}
,{"stream_name":"stdout","time":794.263921482,"data":"EDGE_TTA_ACTIVE views= 8 mean_abs_feat_delta= 0.32712\n"}
,{"stream_name":"stdout","time":794.466294775,"data":"EDGE_TTA_ACTIVE views= 8 mean_abs_feat_delta= 0.32712\n"}
,{"stream_name":"stdout","time":795.651833366,"data":"EDGE_TTA_ACTIVE views= 8 mean_abs_feat_delta= 0.356691\n"}
,{"stream_name":"stdout","time":795.854680475,"data":"EDGE_TTA_ACTIVE views= 8 mean_abs_feat_delta= 0.356691\n"}
,{"stream_name":"stdout","time":796.61180639,"data":"EDGE_TTA_ACTIVE views= 8 mean_abs_feat_delta= 0.323213\n"}
,{"stream_name":"stdout","time":796.814717127,"data":"EDGE_TTA_ACTIVE views= 8 mean_abs_feat_delta= 0.323213\n"}
,{"stream_name":"stdout","time":797.751739307,"data":"EDGE_TTA_ACTIVE views= 8 mean_abs_feat_delta= 0.360713\n"}
,{"stream_name":"stdout","time":797.953943565,"data":"EDGE_TTA_ACTIVE views= 8 mean_abs_feat_delta= 0.360713\n"}
,{"stream_name":"stdout","time":798.897705124,"data":"EDGE_TTA_ACTIVE views= 8 mean_abs_feat_delta= 0.321976\n"}
,{"stream_name":"stdout","time":799.138257632,"data":"EDGE_TTA_ACTIVE views= 8 mean_abs_feat_delta= 0.321976\n"}
,{"stream_name":"stdout","time":799.874242231,"data":"EDGE_TTA_ACTIVE views= 8 mean_abs_feat_delta= 0.361191\n"}
,{"stream_name":"stdout","time":800.076644593,"data":"EDGE_TTA_ACTIVE views= 8 mean_abs_feat_delta= 0.361191\n"}
,{"stream_name":"stdout","time":801.148831103,"data":"EDGE_TTA_ACTIVE views= 8 mean_abs_feat_delta= 0.323768\n"}
,{"stream_name":"stdout","time":801.351664889,"data":"EDGE_TTA_ACTIVE views= 8 mean_abs_feat_delta= 0.323768\n"}
,{"stream_name":"stdout","time":802.003040257,"data":"EDGE_TTA_ACTIVE views= 8 mean_abs_feat_delta= 0.363957\n"}
,{"stream_name":"stdout","time":802.205221774,"data":"EDGE_TTA_ACTIVE views= 8 mean_abs_feat_delta= 0.363957\n"}
,{"stream_name":"stdout","time":803.407486698,"data":"EDGE_TTA_ACTIVE views= 8 mean_abs_feat_delta= 0.324838\n"}
,{"stream_name":"stdout","time":803.611139316,"data":"EDGE_TTA_ACTIVE views= 8 mean_abs_feat_delta= 0.324838\n"}
,{"stream_name":"stdout","time":806.003809691,"data":"EDGE_TTA_ACTIVE views= 8 mean_abs_feat_delta= 0.323094\n"}
,{"stream_name":"stdout","time":806.206455971,"data":"EDGE_TTA_ACTIVE views= 8 mean_abs_feat_delta= 0.323094\n"}
,{"stream_name":"stdout","time":808.154032948,"data":"Saved 2 predictions to /kaggle/working/tracking_repo/predictions/unknown/unet_transformer_gpu0/split_0\n"}
,{"stream_name":"stdout","time":808.336654861,"data":"EDGE_TTA_ACTIVE views= 8 mean_abs_feat_delta= 0.322603\n"}
,{"stream_name":"stdout","time":808.356861717,"data":"Saved 2 predictions to /kaggle/working/tracking_repo/predictions/unknown/unet_transformer_gpu0/split_0\n"}
,{"stream_name":"stdout","time":808.356965943,"data":"EDGE_TTA_ACTIVE views= 8 mean_abs_feat_delta= 0.322603\n"}
,{"stream_name":"stdout","time":810.655150459,"data":"EDGE_TTA_ACTIVE views= 8 mean_abs_feat_delta= 0.325152\n"}
,{"stream_name":"stdout","time":810.857369567,"data":"EDGE_TTA_ACTIVE views= 8 mean_abs_feat_delta= 0.325152\n"}
,{"stream_name":"stdout","time":812.959871616,"data":"EDGE_TTA_ACTIVE views= 8 mean_abs_feat_delta= 0.328347\n"}
,{"stream_name":"stdout","time":813.162184494,"data":"EDGE_TTA_ACTIVE views= 8 mean_abs_feat_delta= 0.328347\n"}
,{"stream_name":"stdout","time":815.220069267,"data":"EDGE_TTA_ACTIVE views= 8 mean_abs_feat_delta= 0.328262\n"}
,{"stream_name":"stdout","time":815.422337369,"data":"EDGE_TTA_ACTIVE views= 8 mean_abs_feat_delta= 0.328262\n"}
,{"stream_name":"stdout","time":817.473730633,"data":"EDGE_TTA_ACTIVE views= 8 mean_abs_feat_delta= 0.327618\n"}
,{"stream_name":"stdout","time":817.675965531,"data":"EDGE_TTA_ACTIVE views= 8 mean_abs_feat_delta= 0.327618\n"}
,{"stream_name":"stdout","time":907.496596582,"data":"Saved 2 predictions to /kaggle/working/tracking_repo/predictions/unknown/unet_transformer_gpu1/split_0\n"}
,{"stream_name":"stdout","time":907.722496637,"data":"Saved 2 predictions to /kaggle/working/tracking_repo/predictions/unknown/unet_transformer_gpu1/split_0\n"}
,{"stream_name":"stdout","time":910.287677286,"data":"Merged 4 prediction graphs into /kaggle/working/tracking_repo/predictions/unknown/unet_transformer/split_0\n"}
,{"stream_name":"stdout","time":910.287754004,"data":"Prediction completed in 9.58 minutes\n"}
,{"stream_name":"stdout","time":1221.4256314,"data":"Trying DeepCenter add-only gate checkpoint: /kaggle/input/datasets/pilkwang/biohub-deepcenter-unet3d-center-prior-v1/weights/full_frame_center/best.pt\n"}
,{"stream_name":"stdout","time":1221.730471327,"data":"Loaded DeepCenter add-only gate checkpoint: /kaggle/input/datasets/pilkwang/biohub-deepcenter-unet3d-center-prior-v1/weights/full_frame_center/best.pt\n"}
,{"stream_name":"stdout","time":1221.730522676,"data":"DeepCenter checkpoint epoch: 2 best_score: -0.04500306242456039\n"}
,{"stream_name":"stdout","time":1221.730543217,"data":"Found 4 prediction graphs\n"}
,{"stream_name":"stdout","time":1244.611204115,"data":"  [44b6_0113de3b] after edge-filter+motion-relink: 25821 nodes, 24935 edges\n"}
,{"stream_name":"stdout","time":1247.389322307,"data":"  [44b6_0113de3b] after gap-closing (single-frame + gap2): 25883 nodes, 25050 edges\n"}
,{"stream_name":"stdout","time":1255.294592003,"data":"  [44b6_0113de3b] after safe-division repair: 25883 nodes, 25099 edges (geometric_candidates=172, deepcenter_rejected=110, post_veto_candidates=62, added=49, cap_skipped=0, mutual_nn_rejected=61, divergence_rejected=546)\n"}
,{"stream_name":"stdout","time":1255.294646947,"data":"  [44b6_0113de3b] after division-geometry-filter+prune-isolated: 25877 nodes, 25099 edges\n"}
,{"stream_name":"stdout","time":1255.294654684,"data":"  [44b6_0113de3b] after short-track filtering: 25621 nodes, 24901 edges (components_removed=58)\n"}
,{"stream_name":"stdout","time":1260.709265185,"data":"  [44b6_0113de3b] FINAL: 25621 nodes, 24901 edges\n"}
,{"stream_name":"stdout","time":1278.793055157,"data":"  [44b6_0b24845f] after edge-filter+motion-relink: 22507 nodes, 20386 edges\n"}
,{"stream_name":"stdout","time":1287.522513081,"data":"  [44b6_0b24845f] after gap-closing (single-frame + gap2): 22898 nodes, 21096 edges\n"}
,{"stream_name":"stdout","time":1294.532377822,"data":"  [44b6_0b24845f] after safe-division repair: 22898 nodes, 21111 edges (geometric_candidates=232, deepcenter_rejected=215, post_veto_candidates=17, added=15, cap_skipped=0, mutual_nn_rejected=62, divergence_rejected=902)\n"}
,{"stream_name":"stdout","time":1294.532480722,"data":"  [44b6_0b24845f] after division-geometry-filter+prune-isolated: 22885 nodes, 21111 edges\n"}
,{"stream_name":"stdout","time":1294.532488418,"data":"  [44b6_0b24845f] after short-track filtering: 20744 nodes, 19458 edges (components_removed=488)\n"}
,{"stream_name":"stdout","time":1298.885718643,"data":"  [44b6_0b24845f] FINAL: 20744 nodes, 19458 edges\n"}
,{"stream_name":"stdout","time":1300.715239868,"data":"  [6bba_05b6850b] after edge-filter+motion-relink: 6303 nodes, 6030 edges\n"}
,{"stream_name":"stdout","time":1301.530410888,"data":"  [6bba_05b6850b] after gap-closing (single-frame + gap2): 6334 nodes, 6086 edges\n"}
,{"stream_name":"stdout","time":1303.363784187,"data":"  [6bba_05b6850b] after safe-division repair: 6334 nodes, 6095 edges (geometric_candidates=22, deepcenter_rejected=13, post_veto_candidates=9, added=9, cap_skipped=0, mutual_nn_rejected=5, divergence_rejected=82)\n"}
,{"stream_name":"stdout","time":1303.363859312,"data":"  [6bba_05b6850b] after division-geometry-filter+prune-isolated: 6333 nodes, 6095 edges\n"}
,{"stream_name":"stdout","time":1303.363868147,"data":"  [6bba_05b6850b] after short-track filtering: 6150 nodes, 5955 edges (components_removed=43)\n"}
,{"stream_name":"stdout","time":1304.743932031,"data":"  [6bba_05b6850b] FINAL: 6150 nodes, 5955 edges\n"}
,{"stream_name":"stdout","time":1469.061266559,"data":"  [6bba_05db0fb1] after edge-filter+motion-relink: 70697 nodes, 67986 edges\n"}
,{"stream_name":"stdout","time":1478.290328227,"data":"  [6bba_05db0fb1] after gap-closing (single-frame + gap2): 71121 nodes, 68779 edges\n"}
,{"stream_name":"stdout","time":1487.437303393,"data":"  [6bba_05db0fb1] after safe-division repair: 71121 nodes, 68807 edges (geometric_candidates=302, deepcenter_rejected=267, post_veto_candidates=35, added=28, cap_skipped=0, mutual_nn_rejected=271, divergence_rejected=2635)\n"}
,{"stream_name":"stdout","time":1487.43738782,"data":"  [6bba_05db0fb1] after division-geometry-filter+prune-isolated: 71098 nodes, 68807 edges\n"}
,{"stream_name":"stdout","time":1487.771512092,"data":"  [6bba_05db0fb1] after short-track filtering: 70276 nodes, 68177 edges (components_removed=192)\n"}
,{"stream_name":"stdout","time":1502.377179962,"data":"  [6bba_05db0fb1] FINAL: 70276 nodes, 68177 edges\n"}
,{"stream_name":"stdout","time":1502.681945151,"data":"Wrote /kaggle/working/submission.csv with 241,282 rows\n"}
,{"stream_name":"stdout","time":1502.681984194,"data":"Node rows: 122,791 | edge rows: 118,491\n"}
,{"stream_name":"stdout","time":1502.681991186,"data":"Wrote /kaggle/working/run_stats.csv\n"}
,{"stream_name":"stdout","time":1503.501780098,"data":"{\n"}
,{"stream_name":"stdout","time":1503.501819418,"data":"  \"configuration\": {\n"}
,{"stream_name":"stdout","time":1503.501826303,"data":"    \"bidirectional_primary_weight\": 0.3,\n"}
,{"stream_name":"stdout","time":1503.501831436,"data":"    \"deepcenter_gap_confirm_min_span_um\": 8.5,\n"}
,{"stream_name":"stdout","time":1503.501836262,"data":"    \"deepcenter_gap_threshold\": 0.25,\n"}
,{"stream_name":"stdout","time":1503.501841002,"data":"    \"detector_threshold\": 0.96875,\n"}
,{"stream_name":"stdout","time":1503.501846965,"data":"    \"edge_candidate_threshold\": 0.48,\n"}
,{"stream_name":"stdout","time":1503.501852418,"data":"    \"fallback_scope\": \"individual_frame\",\n"}
,{"stream_name":"stdout","time":1503.50185736,"data":"    \"gap_close_um\": 5.8,\n"}
,{"stream_name":"stdout","time":1503.501862245,"data":"    \"ilp_appearance_weight\": 0.0,\n"}
,{"stream_name":"stdout","time":1503.501867244,"data":"    \"ilp_disappearance_weight\": 1.5,\n"}
,{"stream_name":"stdout","time":1503.501872576,"data":"    \"minimum_candidate_retention\": 0.9,\n"}
,{"stream_name":"stdout","time":1503.501877366,"data":"    \"secondary_detection_weight\": 0.475,\n"}
,{"stream_name":"stdout","time":1503.501882138,"data":"    \"secondary_edge_weight\": 0.15,\n"}
,{"stream_name":"stdout","time":1503.501886792,"data":"    \"secondary_link_mode\": \"low_margin_consensus\",\n"}
,{"stream_name":"stdout","time":1503.501903401,"data":"    \"secondary_low_margin_max\": 0.35\n"}
,{"stream_name":"stdout","time":1503.501907324,"data":"  },\n"}
,{"stream_name":"stdout","time":1503.50191095,"data":"  \"diagnostics\": {\n"}
,{"stream_name":"stdout","time":1503.501914831,"data":"    \"by_movie\": {\n"}
,{"stream_name":"stdout","time":1503.501918354,"data":"      \"44b6_0113de3b\": {\n"}
,{"stream_name":"stdout","time":1503.501922133,"data":"        \"fallback_frames\": 0,\n"}
,{"stream_name":"stdout","time":1503.501926427,"data":"        \"frames\": 100,\n"}
,{"stream_name":"stdout","time":1503.501930128,"data":"        \"median_retention\": 1.0118578927634045,\n"}
,{"stream_name":"stdout","time":1503.501933572,"data":"        \"minimum_retention\": 0.9926739926739927\n"}
,{"stream_name":"stdout","time":1503.501937087,"data":"      },\n"}
,{"stream_name":"stdout","time":1503.501940719,"data":"      \"44b6_0b24845f\": {\n"}
,{"stream_name":"stdout","time":1503.501944252,"data":"        \"fallback_frames\": 64,\n"}
,{"stream_name":"stdout","time":1503.501948078,"data":"        \"frames\": 100,\n"}
,{"stream_name":"stdout","time":1503.501953096,"data":"        \"median_retention\": 0.8618514846811123,\n"}
,{"stream_name":"stdout","time":1503.501956782,"data":"        \"minimum_retention\": 0.45307443365695793\n"}
,{"stream_name":"stdout","time":1503.501960412,"data":"      },\n"}
,{"stream_name":"stdout","time":1503.501963832,"data":"      \"6bba_05b6850b\": {\n"}
,{"stream_name":"stdout","time":1503.501968242,"data":"        \"fallback_frames\": 1,\n"}
,{"stream_name":"stdout","time":1503.501972018,"data":"        \"frames\": 100,\n"}
,{"stream_name":"stdout","time":1503.501975877,"data":"        \"median_retention\": 1.0137012012012012,\n"}
,{"stream_name":"stdout","time":1503.501980081,"data":"        \"minimum_retention\": 0.8918918918918919\n"}
,{"stream_name":"stdout","time":1503.50198384,"data":"      },\n"}
,{"stream_name":"stdout","time":1503.501987299,"data":"      \"6bba_05db0fb1\": {\n"}
,{"stream_name":"stdout","time":1503.501997996,"data":"        \"fallback_frames\": 0,\n"}
,{"stream_name":"stdout","time":1503.502001912,"data":"        \"frames\": 100,\n"}
,{"stream_name":"stdout","time":1503.502005644,"data":"        \"median_retention\": 1.0110725229826354,\n"}
,{"stream_name":"stdout","time":1503.502010098,"data":"        \"minimum_retention\": 0.9715142428785607\n"}
,{"stream_name":"stdout","time":1503.502013789,"data":"      }\n"}
,{"stream_name":"stdout","time":1503.502017148,"data":"    },\n"}
,{"stream_name":"stdout","time":1503.502020578,"data":"    \"fallback_frames\": 65,\n"}
,{"stream_name":"stdout","time":1503.502023913,"data":"    \"rows\": 400\n"}
,{"stream_name":"stdout","time":1503.50202788,"data":"  },\n"}
,{"stream_name":"stdout","time":1503.502032018,"data":"  \"experiment\": \"harmonic_bidirectional_association_v1\",\n"}
,{"stream_name":"stdout","time":1503.50203625,"data":"  \"hardware\": {\n"}
,{"stream_name":"stdout","time":1503.502040304,"data":"    \"visible_gpu_count\": 2\n"}
,{"stream_name":"stdout","time":1503.502044302,"data":"  },\n"}
,{"stream_name":"stdout","time":1503.50204795,"data":"  \"leaderboard_feedback_used_for_configuration\": true,\n"}
,{"stream_name":"stdout","time":1503.502052656,"data":"  \"method_attribution\": \"fixed-90 dual-seed baseline with harmonic mutual-support association fusion (rule from public CC0 notebook yusuketogashi/no-hack-biohub-cell-another-approch-3rd v18)\",\n"}
,{"stream_name":"stdout","time":1503.50205902,"data":"  \"metric_hack_used\": false,\n"}
,{"stream_name":"stdout","time":1503.502063316,"data":"  \"organizer_labels_used_for_configuration\": false,\n"}
,{"stream_name":"stdout","time":1503.502074782,"data":"  \"parent_experiment\": \"paired_bidirectional_primary_weight020_vs_forward_v1\",\n"}
,{"stream_name":"stdout","time":1503.502079182,"data":"  \"public_output_used\": false,\n"}
,{"stream_name":"stdout","time":1503.502083056,"data":"  \"quality_promotion\": {\n"}
,{"stream_name":"stdout","time":1503.502087252,"data":"    \"execute_push_submit\": \"FORBIDDEN_UNTIL_REQUIRED_CONDITION\",\n"}
,{"stream_name":"stdout","time":1503.502093813,"data":"    \"required_condition\": \"promote=true\",\n"}
,{"stream_name":"stdout","time":1503.502103254,"data":"    \"required_receipt\": \"bidirectional_blend_union13_receipt.json\",\n"}
,{"stream_name":"stdout","time":1503.502107475,"data":"    \"status\": \"candidate_unverified\",\n"}
,{"stream_name":"stdout","time":1503.502111737,"data":"    \"validated_receipt_sha256\": null\n"}
,{"stream_name":"stdout","time":1503.502115922,"data":"  },\n"}
,{"stream_name":"stdout","time":1503.502131062,"data":"  \"source_kernel\": \"raykkretzschmar/biohub-bidirectional-primary-union13-diagnostic-v1\",\n"}
,{"stream_name":"stdout","time":1503.502135165,"data":"  \"source_notebook_sha256\": \"3e65ca691941949196bf417030ea84fccafe16baaec174b2a63540451bb937e8\",\n"}
,{"stream_name":"stdout","time":1503.502139185,"data":"  \"status\": \"clean_graph_audit_pass_candidate_unverified_quality\",\n"}
,{"stream_name":"stdout","time":1503.502142255,"data":"  \"submission\": {\n"}
,{"stream_name":"stdout","time":1503.50214521,"data":"    \"datasets\": [\n"}
,{"stream_name":"stdout","time":1503.502148076,"data":"      \"44b6_0113de3b\",\n"}
,{"stream_name":"stdout","time":1503.502151452,"data":"      \"44b6_0b24845f\",\n"}
,{"stream_name":"stdout","time":1503.50215443,"data":"      \"6bba_05b6850b\",\n"}
,{"stream_name":"stdout","time":1503.502158151,"data":"      \"6bba_05db0fb1\"\n"}
,{"stream_name":"stdout","time":1503.502161824,"data":"    ],\n"}
,{"stream_name":"stdout","time":1503.502165399,"data":"    \"rows\": 241282,\n"}
,{"stream_name":"stdout","time":1503.502169095,"data":"    \"sha256\": \"0319ba6d8e864335d3573f6b1a6227c546f17e9247a0c2858fa09b6c2422db3f\"\n"}
,{"stream_name":"stdout","time":1503.502173047,"data":"  },\n"}
,{"stream_name":"stdout","time":1503.502176167,"data":"  \"topology\": {\n"}
,{"stream_name":"stdout","time":1503.502179139,"data":"    \"44b6_0113de3b\": {\n"}
,{"stream_name":"stdout","time":1503.50218207,"data":"      \"division_parents\": 49,\n"}
,{"stream_name":"stdout","time":1503.502185087,"data":"      \"edges\": 24901,\n"}
,{"stream_name":"stdout","time":1503.502188149,"data":"      \"max_indegree\": 1,\n"}
,{"stream_name":"stdout","time":1503.502191637,"data":"      \"max_outdegree\": 2,\n"}
,{"stream_name":"stdout","time":1503.502194803,"data":"      \"nodes\": 25621\n"}
,{"stream_name":"stdout","time":1503.502198423,"data":"    },\n"}
,{"stream_name":"stdout","time":1503.502202502,"data":"    \"44b6_0b24845f\": {\n"}
,{"stream_name":"stdout","time":1503.50220908,"data":"      \"division_parents\": 15,\n"}
,{"stream_name":"stdout","time":1503.502212746,"data":"      \"edges\": 19458,\n"}
,{"stream_name":"stdout","time":1503.50221637,"data":"      \"max_indegree\": 1,\n"}
,{"stream_name":"stdout","time":1503.502219494,"data":"      \"max_outdegree\": 2,\n"}
,{"stream_name":"stdout","time":1503.502222783,"data":"      \"nodes\": 20744\n"}
,{"stream_name":"stdout","time":1503.502226093,"data":"    },\n"}
,{"stream_name":"stdout","time":1503.502229316,"data":"    \"6bba_05b6850b\": {\n"}
,{"stream_name":"stdout","time":1503.502232901,"data":"      \"division_parents\": 9,\n"}
,{"stream_name":"stdout","time":1503.502241281,"data":"      \"edges\": 5955,\n"}
,{"stream_name":"stdout","time":1503.502244871,"data":"      \"max_indegree\": 1,\n"}
,{"stream_name":"stdout","time":1503.502248438,"data":"      \"max_outdegree\": 2,\n"}
,{"stream_name":"stdout","time":1503.502252401,"data":"      \"nodes\": 6150\n"}
,{"stream_name":"stdout","time":1503.502255847,"data":"    },\n"}
,{"stream_name":"stdout","time":1503.502259511,"data":"    \"6bba_05db0fb1\": {\n"}
,{"stream_name":"stdout","time":1503.502262926,"data":"      \"division_parents\": 28,\n"}
,{"stream_name":"stdout","time":1503.502266321,"data":"      \"edges\": 68177,\n"}
,{"stream_name":"stdout","time":1503.502270052,"data":"      \"max_indegree\": 1,\n"}
,{"stream_name":"stdout","time":1503.502273477,"data":"      \"max_outdegree\": 2,\n"}
,{"stream_name":"stdout","time":1503.502276888,"data":"      \"nodes\": 70276\n"}
,{"stream_name":"stdout","time":1503.502280764,"data":"    }\n"}
,{"stream_name":"stdout","time":1503.502284076,"data":"  }\n"}
,{"stream_name":"stdout","time":1503.502287433,"data":"}\n"}
,{"stream_name":"stdout","time":1503.702189074,"data":"VALIDATOR: excluding 4 TRAIN stem(s) that also appear in TEST_DIR: ['44b6_0113de3b', '44b6_0b24845f', '6bba_05b6850b', '6bba_05db0fb1']\n"}
,{"stream_name":"stdout","time":1544.026160039,"data":"VALIDATOR: selected 8 held-out TRAIN samples (4 per embryo-type prefix, 2 prefixes found, 8 contain a GT division)\n"}
,{"stream_name":"stdout","time":1544.026235432,"data":"['44b6_12dfb391', '44b6_267148e4', '44b6_2a2eff9f', '44b6_341df25f', '6bba_062c8d37', '6bba_07e24132', '6bba_085bf656', '6bba_09961292']\n"}
,{"stream_name":"stdout","time":1544.026257845,"data":"VALIDATOR: launching 2 shards on CUDA devices ['0', '1']\n"}
,{"stream_name":"stderr","time":1548.687071169,"data":"/usr/local/lib/python3.12/dist-packages/dask/array/image.py:7: FutureWarning: `find_available_plugins` is deprecated since version 0.25 and will be removed in version 0.27. The plugin infrastructure of `skimage.io` is deprecated. Instead, use `imageio` or other I/O packages directly.\n"}
,{"stream_name":"stderr","time":1548.687121271,"data":"  from skimage.io import imread as sk_imread\n"}
,{"stream_name":"stderr","time":1548.692486616,"data":"/usr/lib/python3.12/importlib/__init__.py:90: FutureWarning: `reset_plugins` is deprecated since version 0.25 and will be removed in version 0.27. The plugin infrastructure of `skimage.io` is deprecated. Instead, use `imageio` or other I/O packages directly.\n"}
,{"stream_name":"stderr","time":1548.69251365,"data":"  return _bootstrap._gcd_import(name[level:], package, level)\n"}
,{"stream_name":"stderr","time":1548.719465868,"data":"/usr/local/lib/python3.12/dist-packages/dask/array/image.py:7: FutureWarning: `find_available_plugins` is deprecated since version 0.25 and will be removed in version 0.27. The plugin infrastructure of `skimage.io` is deprecated. Instead, use `imageio` or other I/O packages directly.\n"}
,{"stream_name":"stderr","time":1548.719489455,"data":"  from skimage.io import imread as sk_imread\n"}
,{"stream_name":"stderr","time":1548.724895645,"data":"/usr/lib/python3.12/importlib/__init__.py:90: FutureWarning: `reset_plugins` is deprecated since version 0.25 and will be removed in version 0.27. The plugin infrastructure of `skimage.io` is deprecated. Instead, use `imageio` or other I/O packages directly.\n"}
,{"stream_name":"stderr","time":1548.724918629,"data":"  return _bootstrap._gcd_import(name[level:], package, level)\n"}
,{"stream_name":"stderr","time":1548.889285882,"data":"/usr/local/lib/python3.12/dist-packages/dask/array/image.py:7: FutureWarning: `find_available_plugins` is deprecated since version 0.25 and will be removed in version 0.27. The plugin infrastructure of `skimage.io` is deprecated. Instead, use `imageio` or other I/O packages directly.\n"}
,{"stream_name":"stderr","time":1548.889358858,"data":"  from skimage.io import imread as sk_imread\n"}
,{"stream_name":"stderr","time":1548.889366663,"data":"/usr/lib/python3.12/importlib/__init__.py:90: FutureWarning: `reset_plugins` is deprecated since version 0.25 and will be removed in version 0.27. The plugin infrastructure of `skimage.io` is deprecated. Instead, use `imageio` or other I/O packages directly.\n"}
,{"stream_name":"stderr","time":1548.889372003,"data":"  return _bootstrap._gcd_import(name[level:], package, level)\n"}
,{"stream_name":"stderr","time":1548.889377787,"data":"/usr/local/lib/python3.12/dist-packages/dask/array/image.py:7: FutureWarning: `find_available_plugins` is deprecated since version 0.25 and will be removed in version 0.27. The plugin infrastructure of `skimage.io` is deprecated. Instead, use `imageio` or other I/O packages directly.\n"}
,{"stream_name":"stderr","time":1548.889382528,"data":"  from skimage.io import imread as sk_imread\n"}
,{"stream_name":"stderr","time":1548.88938669,"data":"/usr/lib/python3.12/importlib/__init__.py:90: FutureWarning: `reset_plugins` is deprecated since version 0.25 and will be removed in version 0.27. The plugin infrastructure of `skimage.io` is deprecated. Instead, use `imageio` or other I/O packages directly.\n"}
,{"stream_name":"stderr","time":1548.889391615,"data":"  return _bootstrap._gcd_import(name[level:], package, level)\n"}
,{"stream_name":"stderr","time":1548.889395693,"data":"\n"}
,{"stream_name":"stderr","time":1548.889399327,"data":"/usr/local/lib/python3.12/dist-packages/dask/array/image.py:7: FutureWarning: `find_available_plugins` is deprecated since version 0.25 and will be removed in version 0.27. The plugin infrastructure of `skimage.io` is deprecated. Instead, use `imageio` or other I/O packages directly.\n"}
,{"stream_name":"stderr","time":1548.889404272,"data":"  from skimage.io import imread as sk_imread\n"}
,{"stream_name":"stderr","time":1548.889408497,"data":"/usr/lib/python3.12/importlib/__init__.py:90: FutureWarning: `reset_plugins` is deprecated since version 0.25 and will be removed in version 0.27. The plugin infrastructure of `skimage.io` is deprecated. Instead, use `imageio` or other I/O packages directly.\n"}
,{"stream_name":"stderr","time":1548.889413351,"data":"  return _bootstrap._gcd_import(name[level:], package, level)\n"}
,{"stream_name":"stderr","time":1548.889420109,"data":"/usr/local/lib/python3.12/dist-packages/dask/array/image.py:7: FutureWarning: `find_available_plugins` is deprecated since version 0.25 and will be removed in version 0.27. The plugin infrastructure of `skimage.io` is deprecated. Instead, use `imageio` or other I/O packages directly.\n"}
,{"stream_name":"stderr","time":1548.889446494,"data":"  from skimage.io import imread as sk_imread\n"}
,{"stream_name":"stderr","time":1548.889450758,"data":"/usr/lib/python3.12/importlib/__init__.py:90: FutureWarning: `reset_plugins` is deprecated since version 0.25 and will be removed in version 0.27. The plugin infrastructure of `skimage.io` is deprecated. Instead, use `imageio` or other I/O packages directly.\n"}
,{"stream_name":"stderr","time":1548.889455519,"data":"  return _bootstrap._gcd_import(name[level:], package, level)\n"}
,{"stream_name":"stdout","time":1549.290514387,"data":"Secondary model: /kaggle/working/secondary_seed_weights/unet_transformer/split_0/edge_predictor_best.pth | edge weight=0.150 | detection weight=0.800 | link mode=low_margin_consensus | temperature=1.000 | low-margin max=0.350 | edge threshold=0.480\n"}
,{"stream_name":"stdout","time":1549.290589941,"data":"Fold 0: 4 datasets | weights=weights/unet_transformer/split_0/edge_predictor_best.pth | device=cuda | window_size=2 | pool_kernel_um=3.0\n"}
,{"stream_name":"stdout","time":1549.319769427,"data":"Secondary model: /kaggle/working/secondary_seed_weights/unet_transformer/split_0/edge_predictor_best.pth | edge weight=0.150 | detection weight=0.800 | link mode=low_margin_consensus | temperature=1.000 | low-margin max=0.350 | edge threshold=0.480\n"}
,{"stream_name":"stdout","time":1549.319808767,"data":"Fold 0: 4 datasets | weights=weights/unet_transformer/split_0/edge_predictor_best.pth | device=cuda | window_size=2 | pool_kernel_um=3.0\n"}
,{"stream_name":"stdout","time":1549.493330698,"data":"Secondary model: /kaggle/working/secondary_seed_weights/unet_transformer/split_0/edge_predictor_best.pth | edge weight=0.150 | detection weight=0.800 | link mode=low_margin_consensus | temperature=1.000 | low-margin max=0.350 | edge threshold=0.480\n"}
,{"stream_name":"stdout","time":1549.49339748,"data":"Fold 0: 4 datasets | weights=weights/unet_transformer/split_0/edge_predictor_best.pth | device=cuda | window_size=2 | pool_kernel_um=3.0\n"}
,{"stream_name":"stdout","time":1549.49340259,"data":"Secondary model: /kaggle/working/secondary_seed_weights/unet_transformer/split_0/edge_predictor_best.pth | edge weight=0.150 | detection weight=0.800 | link mode=low_margin_consensus | temperature=1.000 | low-margin max=0.350 | edge threshold=0.480\n"}
,{"stream_name":"stdout","time":1549.493406916,"data":"Fold 0: 4 datasets | weights=weights/unet_transformer/split_0/edge_predictor_best.pth | device=cuda | window_size=2 | pool_kernel_um=3.0\n"}
,{"stream_name":"stdout","time":1550.743031577,"data":"EDGE_TTA_ACTIVE views= 8 mean_abs_feat_delta= 0.392767\n"}
,{"stream_name":"stdout","time":1550.881239854,"data":"EDGE_TTA_ACTIVE views= 8 mean_abs_feat_delta= 0.34981\n"}
,{"stream_name":"stdout","time":1550.947280931,"data":"EDGE_TTA_ACTIVE views= 8 mean_abs_feat_delta= 0.392767\n"}
,{"stream_name":"stdout","time":1550.947308126,"data":"EDGE_TTA_ACTIVE views= 8 mean_abs_feat_delta= 0.34981\n"}
,{"stream_name":"stdout","time":1552.226783718,"data":"PUBLIC946_GPU_SMOKE {\"arm\": \"B0\", \"association\": {\"actual_primary_logits_after_original_harmonic_fusion\": {\"all_finite\": true, \"device\": \"cuda:0\", \"dtype\": \"torch.float32\", \"numel\": 35156, \"shape\": [1, 187, 188], \"stride\": [35156, 188, 1]}, \"actual_secondary_feature_consumed\": true, \"actual_secondary_logits\": {\"all_finite\": true, \"device\": \"cuda:0\", \"dtype\": \"torch.float32\", \"numel\": 35156, \"shape\": [1, 187, 188], \"stride\": [35156, 188, 1]}, \"coordinate_grid\": {\"downsample\": [1.0, 4.0, 4.0], \"source\": {\"device\": \"cuda:0\", \"dtype\": \"torch.float32\", \"numel\": 561, \"shape\": [1, 187, 3], \"stride\": [187, 1, 187]}, \"target\": {\"device\": \"cuda:0\", \"dtype\": \"torch.float32\", \"numel\": 564, \"shape\": [1, 188, 3], \"stride\": [188, 1, 188]}}, \"diagnostic_edge_head_calls\": 1, \"diagnostic_encoder_calls\": 0, \"diagnostic_probabilities_used_in_production\": false, \"diagnostic_seconds\": 0.010250794000057795, \"frame_pair_index\": 0, \"primary_source_sampled_features\": {\"all_finite\": true, \"device\": \"cuda:0\", \"dtype\": \"torch.float32\", \"numel\": 5984, \"shape\": [1, 187, 32], \"stride\": [5984, 32, 1]}, \"primary_target_sampled_features\": {\"all_finite\": true, \"device\": \"cuda:0\", \"dtype\": \"torch.float32\", \"numel\": 6016, \"shape\": [1, 188, 32], \"stride\": [6016, 32, 1]}, \"probability_comparison_stage\": \"secondary edge-head softmax over parents, before original calibration and low-margin mixing\", \"probability_delta_vs_single_pass_same_coordinates\": {\"sample_elements\": 35156, \"sample_equal\": true, \"sample_max_abs_delta\": 0.0, \"sample_mean_abs_delta\": 0.0, \"sample_stride\": 1}, \"production_calls\": 1, \"same_low_margin_config\": {\"secondary_detection_weight\": 0.8, \"secondary_edge_weight\": 0.15, \"secondary_link_mode\": \"low_margin_consensus\"}, \"source_delta_vs_single_pass\": {\"sample_elements\": 5984, \"sample_equal\": true, \"sample_max_abs_delta\": 0.0, \"sample_mean_abs_delta\": 0.0, \"sample_stride\": 1}, \"source_sampled_features\": {\"all_finite\": true, \"device\": \"cuda:0\", \"dtype\": \"torch.float32\", \"numel\": 5984, \"shape\": [1, 187, 32], \"stride\": [5984, 32, 1]}, \"target_delta_vs_single_pass\": {\"sample_elements\": 6016, \"sample_equal\": true, \"sample_max_abs_delta\": 0.0, \"sample_mean_abs_delta\": 0.0, \"sample_stride\": 1}, \"target_sampled_features\": {\"all_finite\": true, \"device\": \"cuda:0\", \"dtype\": \"torch.float32\", \"numel\": 6016, \"shape\": [1, 188, 32], \"stride\": [6016, 32, 1]}}, \"association_calls\": 1, \"config\": {\"secondary_detection_weight\": 0.8, \"secondary_edge_weight\": 0.15, \"secondary_link_mode\": \"low_margin_consensus\"}, \"consumed_features\": {\"primary\": {\"all_finite\": true, \"delta_vs_single_pass\": {\"sample_elements\": 65536, \"sample_equal\": false, \"sample_max_abs_delta\": 1.4257333278656006, \"sample_mean_abs_delta\": 0.3159799575805664, \"sample_stride\": 256}, \"device\": \"cuda:0\", \"dtype\": \"torch.float32\", \"numel\": 16777216, \"original_encoded_feature_sample_unchanged\": true, \"same_storage_as_original\": false, \"shape\": [1, 2, 32, 64, 64, 64], \"single_pass\": {\"device\": \"cuda:0\", \"dtype\": \"torch.float32\", \"numel\": 16777216, \"shape\": [1, 2, 32, 64, 64, 64], \"stride\": [16777216, 8388608, 262144, 4096, 64, 1]}, \"stride\": [16777216, 8388608, 262144, 4096, 64, 1]}, \"secondary\": {\"all_finite\": true, \"delta_vs_single_pass\": {\"sample_elements\": 65536, \"sample_equal\": true, \"sample_max_abs_delta\": 0.0, \"sample_mean_abs_delta\": 0.0, \"sample_stride\": 256}, \"device\": \"cuda:0\", \"dtype\": \"torch.float32\", \"numel\": 16777216, \"original_encoded_feature_sample_unchanged\": true, \"same_storage_as_original\": true, \"shape\": [1, 2, 32, 64, 64, 64], \"single_pass\": {\"device\": \"cuda:0\", \"dtype\": \"torch.float32\", \"numel\": 16777216, \"shape\": [1, 2, 32, 64, 64, 64], \"stride\": [16777216, 8388608, 262144, 4096, 64, 1]}, \"stride\": [16777216, 8388608, 262144, 4096, 64, 1]}}, \"consumed_heatmaps\": [{\"all_finite\": true, \"device\": \"cuda:0\", \"dtype\": \"torch.float32\", \"numel\": 262144, \"shape\": [1, 1, 64, 64, 64], \"stride\": [262144, 262144, 4096, 64, 1]}, {\"all_finite\": true, \"device\": \"cuda:0\", \"dtype\": \"torch.float32\", \"numel\": 262144, \"shape\": [1, 1, 64, 64, 64], \"stride\": [262144, 262144, 4096, 64, 1]}], \"cuda_peak_allocated_bytes_process\": 728221696, \"cuda_peak_reserved_bytes_process\": 966787072, \"dataset\": \"44b6_267148e4\", \"encode_calls\": {\"primary\": 8, \"secondary\": 8}, \"encode_seconds\": {\"primary\": 1.1343247840000004, \"secondary\": 0.829898219998995}, \"encode_views\": [{\"feature\": {\"device\": \"cuda:0\", \"dtype\": \"torch.float32\", \"numel\": 16777216, \"shape\": [1, 2, 32, 64, 64, 64], \"stride\": [16777216, 8388608, 262144, 4096, 64, 1]}, \"heatmap0\": {\"device\": \"cuda:0\", \"dtype\": \"torch.float32\", \"numel\": 262144, \"shape\": [1, 1, 64, 64, 64], \"stride\": [262144, 262144, 4096, 64, 1]}, \"input\": {\"device\": \"cuda:0\", \"dtype\": \"torch.float32\", \"numel\": 524288, \"shape\": [1, 2, 64, 64, 64], \"stride\": [524288, 262144, 4096, 64, 1]}, \"pass\": 1, \"role\": \"primary\"}, {\"feature\": {\"device\": \"cuda:0\", \"dtype\": \"torch.float32\", \"numel\": 16777216, \"shape\": [1, 2, 32, 64, 64, 64], \"stride\": [16777216, 8388608, 262144, 4096, 64, 1]}, \"heatmap0\": {\"device\": \"cuda:0\", \"dtype\": \"torch.float32\", \"numel\": 262144, \"shape\": [1, 1, 64, 64, 64], \"stride\": [262144, 262144, 4096, 64, 1]}, \"input\": {\"device\": \"cuda:0\", \"dtype\": \"torch.float32\", \"numel\": 524288, \"shape\": [1, 2, 64, 64, 64], \"stride\": [524288, 262144, 4096, 64, 1]}, \"pass\": 2, \"role\": \"primary\"}, {\"feature\": {\"device\": \"cuda:0\", \"dtype\": \"torch.float32\", \"numel\": 16777216, \"shape\": [1, 2, 32, 64, 64, 64], \"stride\": [16777216, 8388608, 262144, 4096, 64, 1]}, \"heatmap0\": {\"device\": \"cuda:0\", \"dtype\": \"torch.float32\", \"numel\": 262144, \"shape\": [1, 1, 64, 64, 64], \"stride\": [262144, 262144, 4096, 64, 1]}, \"input\": {\"device\": \"cuda:0\", \"dtype\": \"torch.float32\", \"numel\": 524288, \"shape\": [1, 2, 64, 64, 64], \"stride\": [524288, 262144, 4096, 64, 1]}, \"pass\": 3, \"role\": \"primary\"}, {\"feature\": {\"device\": \"cuda:0\", \"dtype\": \"torch.float32\", \"numel\": 16777216, \"shape\": [1, 2, 32, 64, 64, 64], \"stride\": [16777216, 8388608, 262144, 4096, 64, 1]}, \"heatmap0\": {\"device\": \"cuda:0\", \"dtype\": \"torch.float32\", \"numel\": 262144, \"shape\": [1, 1, 64, 64, 64], \"stride\": [262144, 262144, 4096, 64, 1]}, \"input\": {\"device\": \"cuda:0\", \"dtype\": \"torch.float32\", \"numel\": 524288, \"shape\": [1, 2, 64, 64, 64], \"stride\": [524288, 262144, 4096, 64, 1]}, \"pass\": 4, \"role\": \"primary\"}, {\"feature\": {\"device\": \"cuda:0\", \"dtype\": \"torch.float32\", \"numel\": 16777216, \"shape\": [1, 2, 32, 64, 64, 64], \"stride\": [16777216, 8388608, 262144, 4096, 64, 1]}, \"heatmap0\": {\"device\": \"cuda:0\", \"dtype\": \"torch.float32\", \"numel\": 262144, \"shape\": [1, 1, 64, 64, 64], \"stride\": [262144, 262144, 4096, 64, 1]}, \"input\": {\"device\": \"cuda:0\", \"dtype\": \"torch.float32\", \"numel\": 524288, \"shape\": [1, 2, 64, 64, 64], \"stride\": [524288, 262144, 4096, 1, 64]}, \"pass\": 5, \"role\": \"primary\"}, {\"feature\": {\"device\": \"cuda:0\", \"dtype\": \"torch.float32\", \"numel\": 16777216, \"shape\": [1, 2, 32, 64, 64, 64], \"stride\": [16777216, 8388608, 262144, 4096, 64, 1]}, \"heatmap0\": {\"device\": \"cuda:0\", \"dtype\": \"torch.float32\", \"numel\": 262144, \"shape\": [1, 1, 64, 64, 64], \"stride\": [262144, 262144, 4096, 64, 1]}, \"input\": {\"device\": \"cuda:0\", \"dtype\": \"torch.float32\", \"numel\": 524288, \"shape\": [1, 2, 64, 64, 64], \"stride\": [524288, 262144, 4096, 1, 64]}, \"pass\": 6, \"role\": \"primary\"}, {\"feature\": {\"device\": \"cuda:0\", \"dtype\": \"torch.float32\", \"numel\": 16777216, \"shape\": [1, 2, 32, 64, 64, 64], \"stride\": [16777216, 8388608, 262144, 4096, 64, 1]}, \"heatmap0\": {\"device\": \"cuda:0\", \"dtype\": \"torch.float32\", \"numel\": 262144, \"shape\": [1, 1, 64, 64, 64], \"stride\": [262144, 262144, 4096, 64, 1]}, \"input\": {\"device\": \"cuda:0\", \"dtype\": \"torch.float32\", \"numel\": 524288, \"shape\": [1, 2, 64, 64, 64], \"stride\": [524288, 262144, 4096, 1, 64]}, \"pass\": 7, \"role\": \"primary\"}, {\"feature\": {\"device\": \"cuda:0\", \"dtype\": \"torch.float32\", \"numel\": 16777216, \"shape\": [1, 2, 32, 64, 64, 64], \"stride\": [16777216, 8388608, 262144, 4096, 64, 1]}, \"heatmap0\": {\"device\": \"cuda:0\", \"dtype\": \"torch.float32\", \"numel\": 262144, \"shape\": [1, 1, 64, 64, 64], \"stride\": [262144, 262144, 4096, 64, 1]}, \"input\": {\"device\": \"cuda:0\", \"dtype\": \"torch.float32\", \"numel\": 524288, \"shape\": [1, 2, 64, 64, 64], \"stride\": [524288, 262144, 4096, 64, 1]}, \"pass\": 8, \"role\": \"primary\"}, {\"feature\": {\"device\": \"cuda:0\", \"dtype\": \"torch.float32\", \"numel\": 16777216, \"shape\": [1, 2, 32, 64, 64, 64], \"stride\": [16777216, 8388608, 262144, 4096, 64, 1]}, \"heatmap0\": {\"device\": \"cuda:0\", \"dtype\": \"torch.float32\", \"numel\": 262144, \"shape\": [1, 1, 64, 64, 64], \"stride\": [262144, 262144, 4096, 64, 1]}, \"input\": {\"device\": \"cuda:0\", \"dtype\": \"torch.float32\", \"numel\": 524288, \"shape\": [1, 2, 64, 64, 64], \"stride\": [524288, 262144, 4096, 64, 1]}, \"pass\": 1, \"role\": \"secondary\"}, {\"feature\": {\"device\": \"cuda:0\", \"dtype\": \"torch.float32\", \"numel\": 16777216, \"shape\": [1, 2, 32, 64, 64, 64], \"stride\": [16777216, 8388608, 262144, 4096, 64, 1]}, \"heatmap0\": {\"device\": \"cuda:0\", \"dtype\": \"torch.float32\", \"numel\": 262144, \"shape\": [1, 1, 64, 64, 64], \"stride\": [262144, 262144, 4096, 64, 1]}, \"input\": {\"device\": \"cuda:0\", \"dtype\": \"torch.float32\", \"numel\": 524288, \"shape\": [1, 2, 64, 64, 64], \"stride\": [524288, 262144, 4096, 64, 1]}, \"pass\": 2, \"role\": \"secondary\"}, {\"feature\": {\"device\": \"cuda:0\", \"dtype\": \"torch.float32\", \"numel\": 16777216, \"shape\": [1, 2, 32, 64, 64, 64], \"stride\": [16777216, 8388608, 262144, 4096, 64, 1]}, \"heatmap0\": {\"device\": \"cuda:0\", \"dtype\": \"torch.float32\", \"numel\": 262144, \"shape\": [1, 1, 64, 64, 64], \"stride\": [262144, 262144, 4096, 64, 1]}, \"input\": {\"device\": \"cuda:0\", \"dtype\": \"torch.float32\", \"numel\": 524288, \"shape\": [1, 2, 64, 64, 64], \"stride\": [524288, 262144, 4096, 64, 1]}, \"pass\": 3, \"role\": \"secondary\"}, {\"feature\": {\"device\": \"cuda:0\", \"dtype\": \"torch.float32\", \"numel\": 16777216, \"shape\": [1, 2, 32, 64, 64, 64], \"stride\": [16777216, 8388608, 262144, 4096, 64, 1]}, \"heatmap0\": {\"device\": \"cuda:0\", \"dtype\": \"torch.float32\", \"numel\": 262144, \"shape\": [1, 1, 64, 64, 64], \"stride\": [262144, 262144, 4096, 64, 1]}, \"input\": {\"device\": \"cuda:0\", \"dtype\": \"torch.float32\", \"numel\": 524288, \"shape\": [1, 2, 64, 64, 64], \"stride\": [524288, 262144, 4096, 64, 1]}, \"pass\": 4, \"role\": \"secondary\"}, {\"feature\": {\"device\": \"cuda:0\", \"dtype\": \"torch.float32\", \"numel\": 16777216, \"shape\": [1, 2, 32, 64, 64, 64], \"stride\": [16777216, 8388608, 262144, 4096, 64, 1]}, \"heatmap0\": {\"device\": \"cuda:0\", \"dtype\": \"torch.float32\", \"numel\": 262144, \"shape\": [1, 1, 64, 64, 64], \"stride\": [262144, 262144, 4096, 64, 1]}, \"input\": {\"device\": \"cuda:0\", \"dtype\": \"torch.float32\", \"numel\": 524288, \"shape\": [1, 2, 64, 64, 64], \"stride\": [524288, 262144, 4096, 1, 64]}, \"pass\": 5, \"role\": \"secondary\"}, {\"feature\": {\"device\": \"cuda:0\", \"dtype\": \"torch.float32\", \"numel\": 16777216, \"shape\": [1, 2, 32, 64, 64, 64], \"stride\": [16777216, 8388608, 262144, 4096, 64, 1]}, \"heatmap0\": {\"device\": \"cuda:0\", \"dtype\": \"torch.float32\", \"numel\": 262144, \"shape\": [1, 1, 64, 64, 64], \"stride\": [262144, 262144, 4096, 64, 1]}, \"input\": {\"device\": \"cuda:0\", \"dtype\": \"torch.float32\", \"numel\": 524288, \"shape\": [1, 2, 64, 64, 64], \"stride\": [524288, 262144, 4096, 1, 64]}, \"pass\": 6, \"role\": \"secondary\"}, {\"feature\": {\"device\": \"cuda:0\", \"dtype\": \"torch.float32\", \"numel\": 16777216, \"shape\": [1, 2, 32, 64, 64, 64], \"stride\": [16777216, 8388608, 262144, 4096, 64, 1]}, \"heatmap0\": {\"device\": \"cuda:0\", \"dtype\": \"torch.float32\", \"numel\": 262144, \"shape\": [1, 1, 64, 64, 64], \"stride\": [262144, 262144, 4096, 64, 1]}, \"input\": {\"device\": \"cuda:0\", \"dtype\": \"torch.float32\", \"numel\": 524288, \"shape\": [1, 2, 64, 64, 64], \"stride\": [524288, 262144, 4096, 1, 64]}, \"pass\": 7, \"role\": \"secondary\"}, {\"feature\": {\"device\": \"cuda:0\", \"dtype\": \"torch.float32\", \"numel\": 16777216, \"shape\": [1, 2, 32, 64, 64, 64], \"stride\": [16777216, 8388608, 262144, 4096, 64, 1]}, \"heatmap0\": {\"device\": \"cuda:0\", \"dtype\": \"torch.float32\", \"numel\": 262144, \"shape\": [1, 1, 64, 64, 64], \"stride\": [262144, 262144, 4096, 64, 1]}, \"input\": {\"device\": \"cuda:0\", \"dtype\": \"torch.float32\", \"numel\": 524288, \"shape\": [1, 2, 64, 64, 64], \"stride\": [524288, 262144, 4096, 64, 1]}, \"pass\": 8, \"role\": \"secondary\"}], \"event\": \"actual_predictor_window\", \"frames\": [0, 1], \"input\": {\"all_finite\": true, \"device\": \"cuda:0\", \"dtype\": \"torch.float32\", \"numel\": 524288, \"shape\": [1, 2, 64, 64, 64], \"stride\": [524288, 262144, 4096, 64, 1]}, \"input_parent\": \"/kaggle/input/competitions/biohub-cell-tracking-during-development/train\", \"seconds_including_common_audit\": 2.7179799120003736, \"window_index\": 1, \"worker_execution_settings\": {\"autocast_enabled\": false, \"cuda_runtime\": \"12.8\", \"cudnn_allow_tf32\": true, \"cudnn_benchmark\": false, \"cudnn_deterministic\": false, \"default_dtype\": \"torch.float32\", \"deterministic_algorithms\": false, \"float32_matmul_precision\": \"highest\", \"gpu_name\": \"Tesla T4\", \"grad_enabled\": false, \"matmul_allow_tf32\": false, \"torch_initial_seed\": 5360244454392065974, \"torch_version\": \"2.10.0+cu128\"}}\n"}
,{"stream_name":"stdout","time":1552.431001626,"data":"PUBLIC946_GPU_SMOKE {\"arm\": \"B0\", \"association\": {\"actual_primary_logits_after_original_harmonic_fusion\": {\"all_finite\": true, \"device\": \"cuda:0\", \"dtype\": \"torch.float32\", \"numel\": 35156, \"shape\": [1, 187, 188], \"stride\": [35156, 188, 1]}, \"actual_secondary_feature_consumed\": true, \"actual_secondary_logits\": {\"all_finite\": true, \"device\": \"cuda:0\", \"dtype\": \"torch.float32\", \"numel\": 35156, \"shape\": [1, 187, 188], \"stride\": [35156, 188, 1]}, \"coordinate_grid\": {\"downsample\": [1.0, 4.0, 4.0], \"source\": {\"device\": \"cuda:0\", \"dtype\": \"torch.float32\", \"numel\": 561, \"shape\": [1, 187, 3], \"stride\": [187, 1, 187]}, \"target\": {\"device\": \"cuda:0\", \"dtype\": \"torch.float32\", \"numel\": 564, \"shape\": [1, 188, 3], \"stride\": [188, 1, 188]}}, \"diagnostic_edge_head_calls\": 1, \"diagnostic_encoder_calls\": 0, \"diagnostic_probabilities_used_in_production\": false, \"diagnostic_seconds\": 0.010250794000057795, \"frame_pair_index\": 0, \"primary_source_sampled_features\": {\"all_finite\": true, \"device\": \"cuda:0\", \"dtype\": \"torch.float32\", \"numel\": 5984, \"shape\": [1, 187, 32], \"stride\": [5984, 32, 1]}, \"primary_target_sampled_features\": {\"all_finite\": true, \"device\": \"cuda:0\", \"dtype\": \"torch.float32\", \"numel\": 6016, \"shape\": [1, 188, 32], \"stride\": [6016, 32, 1]}, \"probability_comparison_stage\": \"secondary edge-head softmax over parents, before original calibration and low-margin mixing\", \"probability_delta_vs_single_pass_same_coordinates\": {\"sample_elements\": 35156, \"sample_equal\": true, \"sample_max_abs_delta\": 0.0, \"sample_mean_abs_delta\": 0.0, \"sample_stride\": 1}, \"production_calls\": 1, \"same_low_margin_config\": {\"secondary_detection_weight\": 0.8, \"secondary_edge_weight\": 0.15, \"secondary_link_mode\": \"low_margin_consensus\"}, \"source_delta_vs_single_pass\": {\"sample_elements\": 5984, \"sample_equal\": true, \"sample_max_abs_delta\": 0.0, \"sample_mean_abs_delta\": 0.0, \"sample_stride\": 1}, \"source_sampled_features\": {\"all_finite\": true, \"device\": \"cuda:0\", \"dtype\": \"torch.float32\", \"numel\": 5984, \"shape\": [1, 187, 32], \"stride\": [5984, 32, 1]}, \"target_delta_vs_single_pass\": {\"sample_elements\": 6016, \"sample_equal\": true, \"sample_max_abs_delta\": 0.0, \"sample_mean_abs_delta\": 0.0, \"sample_stride\": 1}, \"target_sampled_features\": {\"all_finite\": true, \"device\": \"cuda:0\", \"dtype\": \"torch.float32\", \"numel\": 6016, \"shape\": [1, 188, 32], \"stride\": [6016, 32, 1]}}, \"association_calls\": 1, \"config\": {\"secondary_detection_weight\": 0.8, \"secondary_edge_weight\": 0.15, \"secondary_link_mode\": \"low_margin_consensus\"}, \"consumed_features\": {\"primary\": {\"all_finite\": true, \"delta_vs_single_pass\": {\"sample_elements\": 65536, \"sample_equal\": false, \"sample_max_abs_delta\": 1.4257333278656006, \"sample_mean_abs_delta\": 0.3159799575805664, \"sample_stride\": 256}, \"device\": \"cuda:0\", \"dtype\": \"torch.float32\", \"numel\": 16777216, \"original_encoded_feature_sample_unchanged\": true, \"same_storage_as_original\": false, \"shape\": [1, 2, 32, 64, 64, 64], \"single_pass\": {\"device\": \"cuda:0\", \"dtype\": \"torch.float32\", \"numel\": 16777216, \"shape\": [1, 2, 32, 64, 64, 64], \"stride\": [16777216, 8388608, 262144, 4096, 64, 1]}, \"stride\": [16777216, 8388608, 262144, 4096, 64, 1]}, \"secondary\": {\"all_finite\": true, \"delta_vs_single_pass\": {\"sample_elements\": 65536, \"sample_equal\": true, \"sample_max_abs_delta\": 0.0, \"sample_mean_abs_delta\": 0.0, \"sample_stride\": 256}, \"device\": \"cuda:0\", \"dtype\": \"torch.float32\", \"numel\": 16777216, \"original_encoded_feature_sample_unchanged\": true, \"same_storage_as_original\": true, \"shape\": [1, 2, 32, 64, 64, 64], \"single_pass\": {\"device\": \"cuda:0\", \"dtype\": \"torch.float32\", \"numel\": 16777216, \"shape\": [1, 2, 32, 64, 64, 64], \"stride\": [16777216, 8388608, 262144, 4096, 64, 1]}, \"stride\": [16777216, 8388608, 262144, 4096, 64, 1]}}, \"consumed_heatmaps\": [{\"all_finite\": true, \"device\": \"cuda:0\", \"dtype\": \"torch.float32\", \"numel\": 262144, \"shape\": [1, 1, 64, 64, 64], \"stride\": [262144, 262144, 4096, 64, 1]}, {\"all_finite\": true, \"device\": \"cuda:0\", \"dtype\": \"torch.float32\", \"numel\": 262144, \"shape\": [1, 1, 64, 64, 64], \"stride\": [262144, 262144, 4096, 64, 1]}], \"cuda_peak_allocated_bytes_process\": 728221696, \"cuda_peak_reserved_bytes_process\": 966787072, \"dataset\": \"44b6_267148e4\", \"encode_calls\": {\"primary\": 8, \"secondary\": 8}, \"encode_seconds\": {\"primary\": 1.1343247840000004, \"secondary\": 0.829898219998995}, \"encode_views\": [{\"feature\": {\"device\": \"cuda:0\", \"dtype\": \"torch.float32\", \"numel\": 16777216, \"shape\": [1, 2, 32, 64, 64, 64], \"stride\": [16777216, 8388608, 262144, 4096, 64, 1]}, \"heatmap0\": {\"device\": \"cuda:0\", \"dtype\": \"torch.float32\", \"numel\": 262144, \"shape\": [1, 1, 64, 64, 64], \"stride\": [262144, 262144, 4096, 64, 1]}, \"input\": {\"device\": \"cuda:0\", \"dtype\": \"torch.float32\", \"numel\": 524288, \"shape\": [1, 2, 64, 64, 64], \"stride\": [524288, 262144, 4096, 64, 1]}, \"pass\": 1, \"role\": \"primary\"}, {\"feature\": {\"device\": \"cuda:0\", \"dtype\": \"torch.float32\", \"numel\": 16777216, \"shape\": [1, 2, 32, 64, 64, 64], \"stride\": [16777216, 8388608, 262144, 4096, 64, 1]}, \"heatmap0\": {\"device\": \"cuda:0\", \"dtype\": \"torch.float32\", \"numel\": 262144, \"shape\": [1, 1, 64, 64, 64], \"stride\": [262144, 262144, 4096, 64, 1]}, \"input\": {\"device\": \"cuda:0\", \"dtype\": \"torch.float32\", \"numel\": 524288, \"shape\": [1, 2, 64, 64, 64], \"stride\": [524288, 262144, 4096, 64, 1]}, \"pass\": 2, \"role\": \"primary\"}, {\"feature\": {\"device\": \"cuda:0\", \"dtype\": \"torch.float32\", \"numel\": 16777216, \"shape\": [1, 2, 32, 64, 64, 64], \"stride\": [16777216, 8388608, 262144, 4096, 64, 1]}, \"heatmap0\": {\"device\": \"cuda:0\", \"dtype\": \"torch.float32\", \"numel\": 262144, \"shape\": [1, 1, 64, 64, 64], \"stride\": [262144, 262144, 4096, 64, 1]}, \"input\": {\"device\": \"cuda:0\", \"dtype\": \"torch.float32\", \"numel\": 524288, \"shape\": [1, 2, 64, 64, 64], \"stride\": [524288, 262144, 4096, 64, 1]}, \"pass\": 3, \"role\": \"primary\"}, {\"feature\": {\"device\": \"cuda:0\", \"dtype\": \"torch.float32\", \"numel\": 16777216, \"shape\": [1, 2, 32, 64, 64, 64], \"stride\": [16777216, 8388608, 262144, 4096, 64, 1]}, \"heatmap0\": {\"device\": \"cuda:0\", \"dtype\": \"torch.float32\", \"numel\": 262144, \"shape\": [1, 1, 64, 64, 64], \"stride\": [262144, 262144, 4096, 64, 1]}, \"input\": {\"device\": \"cuda:0\", \"dtype\": \"torch.float32\", \"numel\": 524288, \"shape\": [1, 2, 64, 64, 64], \"stride\": [524288, 262144, 4096, 64, 1]}, \"pass\": 4, \"role\": \"primary\"}, {\"feature\": {\"device\": \"cuda:0\", \"dtype\": \"torch.float32\", \"numel\": 16777216, \"shape\": [1, 2, 32, 64, 64, 64], \"stride\": [16777216, 8388608, 262144, 4096, 64, 1]}, \"heatmap0\": {\"device\": \"cuda:0\", \"dtype\": \"torch.float32\", \"numel\": 262144, \"shape\": [1, 1, 64, 64, 64], \"stride\": [262144, 262144, 4096, 64, 1]}, \"input\": {\"device\": \"cuda:0\", \"dtype\": \"torch.float32\", \"numel\": 524288, \"shape\": [1, 2, 64, 64, 64], \"stride\": [524288, 262144, 4096, 1, 64]}, \"pass\": 5, \"role\": \"primary\"}, {\"feature\": {\"device\": \"cuda:0\", \"dtype\": \"torch.float32\", \"numel\": 16777216, \"shape\": [1, 2, 32, 64, 64, 64], \"stride\": [16777216, 8388608, 262144, 4096, 64, 1]}, \"heatmap0\": {\"device\": \"cuda:0\", \"dtype\": \"torch.float32\", \"numel\": 262144, \"shape\": [1, 1, 64, 64, 64], \"stride\": [262144, 262144, 4096, 64, 1]}, \"input\": {\"device\": \"cuda:0\", \"dtype\": \"torch.float32\", \"numel\": 524288, \"shape\": [1, 2, 64, 64, 64], \"stride\": [524288, 262144, 4096, 1, 64]}, \"pass\": 6, \"role\": \"primary\"}, {\"feature\": {\"device\": \"cuda:0\", \"dtype\": \"torch.float32\", \"numel\": 16777216, \"shape\": [1, 2, 32, 64, 64, 64], \"stride\": [16777216, 8388608, 262144, 4096, 64, 1]}, \"heatmap0\": {\"device\": \"cuda:0\", \"dtype\": \"torch.float32\", \"numel\": 262144, \"shape\": [1, 1, 64, 64, 64], \"stride\": [262144, 262144, 4096, 64, 1]}, \"input\": {\"device\": \"cuda:0\", \"dtype\": \"torch.float32\", \"numel\": 524288, \"shape\": [1, 2, 64, 64, 64], \"stride\": [524288, 262144, 4096, 1, 64]}, \"pass\": 7, \"role\": \"primary\"}, {\"feature\": {\"device\": \"cuda:0\", \"dtype\": \"torch.float32\", \"numel\": 16777216, \"shape\": [1, 2, 32, 64, 64, 64], \"stride\": [16777216, 8388608, 262144, 4096, 64, 1]}, \"heatmap0\": {\"device\": \"cuda:0\", \"dtype\": \"torch.float32\", \"numel\": 262144, \"shape\": [1, 1, 64, 64, 64], \"stride\": [262144, 262144, 4096, 64, 1]}, \"input\": {\"device\": \"cuda:0\", \"dtype\": \"torch.float32\", \"numel\": 524288, \"shape\": [1, 2, 64, 64, 64], \"stride\": [524288, 262144, 4096, 64, 1]}, \"pass\": 8, \"role\": \"primary\"}, {\"feature\": {\"device\": \"cuda:0\", \"dtype\": \"torch.float32\", \"numel\": 16777216, \"shape\": [1, 2, 32, 64, 64, 64], \"stride\": [16777216, 8388608, 262144, 4096, 64, 1]}, \"heatmap0\": {\"device\": \"cuda:0\", \"dtype\": \"torch.float32\", \"numel\": 262144, \"shape\": [1, 1, 64, 64, 64], \"stride\": [262144, 262144, 4096, 64, 1]}, \"input\": {\"device\": \"cuda:0\", \"dtype\": \"torch.float32\", \"numel\": 524288, \"shape\": [1, 2, 64, 64, 64], \"stride\": [524288, 262144, 4096, 64, 1]}, \"pass\": 1, \"role\": \"secondary\"}, {\"feature\": {\"device\": \"cuda:0\", \"dtype\": \"torch.float32\", \"numel\": 16777216, \"shape\": [1, 2, 32, 64, 64, 64], \"stride\": [16777216, 8388608, 262144, 4096, 64, 1]}, \"heatmap0\": {\"device\": \"cuda:0\", \"dtype\": \"torch.float32\", \"numel\": 262144, \"shape\": [1, 1, 64, 64, 64], \"stride\": [262144, 262144, 4096, 64, 1]}, \"input\": {\"device\": \"cuda:0\", \"dtype\": \"torch.float32\", \"numel\": 524288, \"shape\": [1, 2, 64, 64, 64], \"stride\": [524288, 262144, 4096, 64, 1]}, \"pass\": 2, \"role\": \"secondary\"}, {\"feature\": {\"device\": \"cuda:0\", \"dtype\": \"torch.float32\", \"numel\": 16777216, \"shape\": [1, 2, 32, 64, 64, 64], \"stride\": [16777216, 8388608, 262144, 4096, 64, 1]}, \"heatmap0\": {\"device\": \"cuda:0\", \"dtype\": \"torch.float32\", \"numel\": 262144, \"shape\": [1, 1, 64, 64, 64], \"stride\": [262144, 262144, 4096, 64, 1]}, \"input\": {\"device\": \"cuda:0\", \"dtype\": \"torch.float32\", \"numel\": 524288, \"shape\": [1, 2, 64, 64, 64], \"stride\": [524288, 262144, 4096, 64, 1]}, \"pass\": 3, \"role\": \"secondary\"}, {\"feature\": {\"device\": \"cuda:0\", \"dtype\": \"torch.float32\", \"numel\": 16777216, \"shape\": [1, 2, 32, 64, 64, 64], \"stride\": [16777216, 8388608, 262144, 4096, 64, 1]}, \"heatmap0\": {\"device\": \"cuda:0\", \"dtype\": \"torch.float32\", \"numel\": 262144, \"shape\": [1, 1, 64, 64, 64], \"stride\": [262144, 262144, 4096, 64, 1]}, \"input\": {\"device\": \"cuda:0\", \"dtype\": \"torch.float32\", \"numel\": 524288, \"shape\": [1, 2, 64, 64, 64], \"stride\": [524288, 262144, 4096, 64, 1]}, \"pass\": 4, \"role\": \"secondary\"}, {\"feature\": {\"device\": \"cuda:0\", \"dtype\": \"torch.float32\", \"numel\": 16777216, \"shape\": [1, 2, 32, 64, 64, 64], \"stride\": [16777216, 8388608, 262144, 4096, 64, 1]}, \"heatmap0\": {\"device\": \"cuda:0\", \"dtype\": \"torch.float32\", \"numel\": 262144, \"shape\": [1, 1, 64, 64, 64], \"stride\": [262144, 262144, 4096, 64, 1]}, \"input\": {\"device\": \"cuda:0\", \"dtype\": \"torch.float32\", \"numel\": 524288, \"shape\": [1, 2, 64, 64, 64], \"stride\": [524288, 262144, 4096, 1, 64]}, \"pass\": 5, \"role\": \"secondary\"}, {\"feature\": {\"device\": \"cuda:0\", \"dtype\": \"torch.float32\", \"numel\": 16777216, \"shape\": [1, 2, 32, 64, 64, 64], \"stride\": [16777216, 8388608, 262144, 4096, 64, 1]}, \"heatmap0\": {\"device\": \"cuda:0\", \"dtype\": \"torch.float32\", \"numel\": 262144, \"shape\": [1, 1, 64, 64, 64], \"stride\": [262144, 262144, 4096, 64, 1]}, \"input\": {\"device\": \"cuda:0\", \"dtype\": \"torch.float32\", \"numel\": 524288, \"shape\": [1, 2, 64, 64, 64], \"stride\": [524288, 262144, 4096, 1, 64]}, \"pass\": 6, \"role\": \"secondary\"}, {\"feature\": {\"device\": \"cuda:0\", \"dtype\": \"torch.float32\", \"numel\": 16777216, \"shape\": [1, 2, 32, 64, 64, 64], \"stride\": [16777216, 8388608, 262144, 4096, 64, 1]}, \"heatmap0\": {\"device\": \"cuda:0\", \"dtype\": \"torch.float32\", \"numel\": 262144, \"shape\": [1, 1, 64, 64, 64], \"stride\": [262144, 262144, 4096, 64, 1]}, \"input\": {\"device\": \"cuda:0\", \"dtype\": \"torch.float32\", \"numel\": 524288, \"shape\": [1, 2, 64, 64, 64], \"stride\": [524288, 262144, 4096, 1, 64]}, \"pass\": 7, \"role\": \"secondary\"}, {\"feature\": {\"device\": \"cuda:0\", \"dtype\": \"torch.float32\", \"numel\": 16777216, \"shape\": [1, 2, 32, 64, 64, 64], \"stride\": [16777216, 8388608, 262144, 4096, 64, 1]}, \"heatmap0\": {\"device\": \"cuda:0\", \"dtype\": \"torch.float32\", \"numel\": 262144, \"shape\": [1, 1, 64, 64, 64], \"stride\": [262144, 262144, 4096, 64, 1]}, \"input\": {\"device\": \"cuda:0\", \"dtype\": \"torch.float32\", \"numel\": 524288, \"shape\": [1, 2, 64, 64, 64], \"stride\": [524288, 262144, 4096, 64, 1]}, \"pass\": 8, \"role\": \"secondary\"}], \"event\": \"actual_predictor_window\", \"frames\": [0, 1], \"input\": {\"all_finite\": true, \"device\": \"cuda:0\", \"dtype\": \"torch.float32\", \"numel\": 524288, \"shape\": [1, 2, 64, 64, 64], \"stride\": [524288, 262144, 4096, 64, 1]}, \"input_parent\": \"/kaggle/input/competitions/biohub-cell-tracking-during-development/train\", \"seconds_including_common_audit\": 2.7179799120003736, \"window_index\": 1, \"worker_execution_settings\": {\"autocast_enabled\": false, \"cuda_runtime\": \"12.8\", \"cudnn_allow_tf32\": true, \"cudnn_benchmark\": false, \"cudnn_deterministic\": false, \"default_dtype\": \"torch.float32\", \"deterministic_algorithms\": false, \"float32_matmul_precision\": \"highest\", \"gpu_name\": \"Tesla T4\", \"grad_enabled\": false, \"matmul_allow_tf32\": false, \"torch_initial_seed\": 5360244454392065974, \"torch_version\": \"2.10.0+cu128\"}}\n"}
,{"stream_name":"stdout","time":1552.598362172,"data":"PUBLIC946_GPU_SMOKE {\"arm\": \"B0\", \"association\": {\"actual_primary_logits_after_original_harmonic_fusion\": {\"all_finite\": true, \"device\": \"cuda:0\", \"dtype\": \"torch.float32\", \"numel\": 181902, \"shape\": [1, 426, 427], \"stride\": [181902, 427, 1]}, \"actual_secondary_feature_consumed\": true, \"actual_secondary_logits\": {\"all_finite\": true, \"device\": \"cuda:0\", \"dtype\": \"torch.float32\", \"numel\": 181902, \"shape\": [1, 426, 427], \"stride\": [181902, 427, 1]}, \"coordinate_grid\": {\"downsample\": [1.0, 4.0, 4.0], \"source\": {\"device\": \"cuda:0\", \"dtype\": \"torch.float32\", \"numel\": 1278, \"shape\": [1, 426, 3], \"stride\": [426, 1, 426]}, \"target\": {\"device\": \"cuda:0\", \"dtype\": \"torch.float32\", \"numel\": 1281, \"shape\": [1, 427, 3], \"stride\": [427, 1, 427]}}, \"diagnostic_edge_head_calls\": 1, \"diagnostic_encoder_calls\": 0, \"diagnostic_probabilities_used_in_production\": false, \"diagnostic_seconds\": 0.01741515799994886, \"frame_pair_index\": 0, \"primary_source_sampled_features\": {\"all_finite\": true, \"device\": \"cuda:0\", \"dtype\": \"torch.float32\", \"numel\": 13632, \"shape\": [1, 426, 32], \"stride\": [13632, 32, 1]}, \"primary_target_sampled_features\": {\"all_finite\": true, \"device\": \"cuda:0\", \"dtype\": \"torch.float32\", \"numel\": 13664, \"shape\": [1, 427, 32], \"stride\": [13664, 32, 1]}, \"probability_comparison_stage\": \"secondary edge-head softmax over parents, before original calibration and low-margin mixing\", \"probability_delta_vs_single_pass_same_coordinates\": {\"sample_elements\": 65536, \"sample_equal\": true, \"sample_max_abs_delta\": 0.0, \"sample_mean_abs_delta\": 0.0, \"sample_stride\": 2}, \"production_calls\": 1, \"same_low_margin_config\": {\"secondary_detection_weight\": 0.8, \"secondary_edge_weight\": 0.15, \"secondary_link_mode\": \"low_margin_consensus\"}, \"source_delta_vs_single_pass\": {\"sample_elements\": 13632, \"sample_equal\": true, \"sample_max_abs_delta\": 0.0, \"sample_mean_abs_delta\": 0.0, \"sample_stride\": 1}, \"source_sampled_features\": {\"all_finite\": true, \"device\": \"cuda:0\", \"dtype\": \"torch.float32\", \"numel\": 13632, \"shape\": [1, 426, 32], \"stride\": [13632, 32, 1]}, \"target_delta_vs_single_pass\": {\"sample_elements\": 13664, \"sample_equal\": true, \"sample_max_abs_delta\": 0.0, \"sample_mean_abs_delta\": 0.0, \"sample_stride\": 1}, \"target_sampled_features\": {\"all_finite\": true, \"device\": \"cuda:0\", \"dtype\": \"torch.float32\", \"numel\": 13664, \"shape\": [1, 427, 32], \"stride\": [13664, 32, 1]}}, \"association_calls\": 1, \"config\": {\"secondary_detection_weight\": 0.8, \"secondary_edge_weight\": 0.15, \"secondary_link_mode\": \"low_margin_consensus\"}, \"consumed_features\": {\"primary\": {\"all_finite\": true, \"delta_vs_single_pass\": {\"sample_elements\": 65536, \"sample_equal\": false, \"sample_max_abs_delta\": 1.9425493478775024, \"sample_mean_abs_delta\": 0.3768840432167053, \"sample_stride\": 256}, \"device\": \"cuda:0\", \"dtype\": \"torch.float32\", \"numel\": 16777216, \"original_encoded_feature_sample_unchanged\": true, \"same_storage_as_original\": false, \"shape\": [1, 2, 32, 64, 64, 64], \"single_pass\": {\"device\": \"cuda:0\", \"dtype\": \"torch.float32\", \"numel\": 16777216, \"shape\": [1, 2, 32, 64, 64, 64], \"stride\": [16777216, 8388608, 262144, 4096, 64, 1]}, \"stride\": [16777216, 8388608, 262144, 4096, 64, 1]}, \"secondary\": {\"all_finite\": true, \"delta_vs_single_pass\": {\"sample_elements\": 65536, \"sample_equal\": true, \"sample_max_abs_delta\": 0.0, \"sample_mean_abs_delta\": 0.0, \"sample_stride\": 256}, \"device\": \"cuda:0\", \"dtype\": \"torch.float32\", \"numel\": 16777216, \"original_encoded_feature_sample_unchanged\": true, \"same_storage_as_original\": true, \"shape\": [1, 2, 32, 64, 64, 64], \"single_pass\": {\"device\": \"cuda:0\", \"dtype\": \"torch.float32\", \"numel\": 16777216, \"shape\": [1, 2, 32, 64, 64, 64], \"stride\": [16777216, 8388608, 262144, 4096, 64, 1]}, \"stride\": [16777216, 8388608, 262144, 4096, 64, 1]}}, \"consumed_heatmaps\": [{\"all_finite\": true, \"device\": \"cuda:0\", \"dtype\": \"torch.float32\", \"numel\": 262144, \"shape\": [1, 1, 64, 64, 64], \"stride\": [262144, 262144, 4096, 64, 1]}, {\"all_finite\": true, \"device\": \"cuda:0\", \"dtype\": \"torch.float32\", \"numel\": 262144, \"shape\": [1, 1, 64, 64, 64], \"stride\": [262144, 262144, 4096, 64, 1]}], \"cuda_peak_allocated_bytes_process\": 728221696, \"cuda_peak_reserved_bytes_process\": 970981376, \"dataset\": \"44b6_12dfb391\", \"encode_calls\": {\"primary\": 8, \"secondary\": 8}, \"encode_seconds\": {\"primary\": 1.2946479880006336, \"secondary\": 1.0224509719992056}, \"encode_views\": [{\"feature\": {\"device\": \"cuda:0\", \"dtype\": \"torch.float32\", \"numel\": 16777216, \"shape\": [1, 2, 32, 64, 64, 64], \"stride\": [16777216, 8388608, 262144, 4096, 64, 1]}, \"heatmap0\": {\"device\": \"cuda:0\", \"dtype\": \"torch.float32\", \"numel\": 262144, \"shape\": [1, 1, 64, 64, 64], \"stride\": [262144, 262144, 4096, 64, 1]}, \"input\": {\"device\": \"cuda:0\", \"dtype\": \"torch.float32\", \"numel\": 524288, \"shape\": [1, 2, 64, 64, 64], \"stride\": [524288, 262144, 4096, 64, 1]}, \"pass\": 1, \"role\": \"primary\"}, {\"feature\": {\"device\": \"cuda:0\", \"dtype\": \"torch.float32\", \"numel\": 16777216, \"shape\": [1, 2, 32, 64, 64, 64], \"stride\": [16777216, 8388608, 262144, 4096, 64, 1]}, \"heatmap0\": {\"device\": \"cuda:0\", \"dtype\": \"torch.float32\", \"numel\": 262144, \"shape\": [1, 1, 64, 64, 64], \"stride\": [262144, 262144, 4096, 64, 1]}, \"input\": {\"device\": \"cuda:0\", \"dtype\": \"torch.float32\", \"numel\": 524288, \"shape\": [1, 2, 64, 64, 64], \"stride\": [524288, 262144, 4096, 64, 1]}, \"pass\": 2, \"role\": \"primary\"}, {\"feature\": {\"device\": \"cuda:0\", \"dtype\": \"torch.float32\", \"numel\": 16777216, \"shape\": [1, 2, 32, 64, 64, 64], \"stride\": [16777216, 8388608, 262144, 4096, 64, 1]}, \"heatmap0\": {\"device\": \"cuda:0\", \"dtype\": \"torch.float32\", \"numel\": 262144, \"shape\": [1, 1, 64, 64, 64], \"stride\": [262144, 262144, 4096, 64, 1]}, \"input\": {\"device\": \"cuda:0\", \"dtype\": \"torch.float32\", \"numel\": 524288, \"shape\": [1, 2, 64, 64, 64], \"stride\": [524288, 262144, 4096, 64, 1]}, \"pass\": 3, \"role\": \"primary\"}, {\"feature\": {\"device\": \"cuda:0\", \"dtype\": \"torch.float32\", \"numel\": 16777216, \"shape\": [1, 2, 32, 64, 64, 64], \"stride\": [16777216, 8388608, 262144, 4096, 64, 1]}, \"heatmap0\": {\"device\": \"cuda:0\", \"dtype\": \"torch.float32\", \"numel\": 262144, \"shape\": [1, 1, 64, 64, 64], \"stride\": [262144, 262144, 4096, 64, 1]}, \"input\": {\"device\": \"cuda:0\", \"dtype\": \"torch.float32\", \"numel\": 524288, \"shape\": [1, 2, 64, 64, 64], \"stride\": [524288, 262144, 4096, 64, 1]}, \"pass\": 4, \"role\": \"primary\"}, {\"feature\": {\"device\": \"cuda:0\", \"dtype\": \"torch.float32\", \"numel\": 16777216, \"shape\": [1, 2, 32, 64, 64, 64], \"stride\": [16777216, 8388608, 262144, 4096, 64, 1]}, \"heatmap0\": {\"device\": \"cuda:0\", \"dtype\": \"torch.float32\", \"numel\": 262144, \"shape\": [1, 1, 64, 64, 64], \"stride\": [262144, 262144, 4096, 64, 1]}, \"input\": {\"device\": \"cuda:0\", \"dtype\": \"torch.float32\", \"numel\": 524288, \"shape\": [1, 2, 64, 64, 64], \"stride\": [524288, 262144, 4096, 1, 64]}, \"pass\": 5, \"role\": \"primary\"}, {\"feature\": {\"device\": \"cuda:0\", \"dtype\": \"torch.float32\", \"numel\": 16777216, \"shape\": [1, 2, 32, 64, 64, 64], \"stride\": [16777216, 8388608, 262144, 4096, 64, 1]}, \"heatmap0\": {\"device\": \"cuda:0\", \"dtype\": \"torch.float32\", \"numel\": 262144, \"shape\": [1, 1, 64, 64, 64], \"stride\": [262144, 262144, 4096, 64, 1]}, \"input\": {\"device\": \"cuda:0\", \"dtype\": \"torch.float32\", \"numel\": 524288, \"shape\": [1, 2, 64, 64, 64], \"stride\": [524288, 262144, 4096, 1, 64]}, \"pass\": 6, \"role\": \"primary\"}, {\"feature\": {\"device\": \"cuda:0\", \"dtype\": \"torch.float32\", \"numel\": 16777216, \"shape\": [1, 2, 32, 64, 64, 64], \"stride\": [16777216, 8388608, 262144, 4096, 64, 1]}, \"heatmap0\": {\"device\": \"cuda:0\", \"dtype\": \"torch.float32\", \"numel\": 262144, \"shape\": [1, 1, 64, 64, 64], \"stride\": [262144, 262144, 4096, 64, 1]}, \"input\": {\"device\": \"cuda:0\", \"dtype\": \"torch.float32\", \"numel\": 524288, \"shape\": [1, 2, 64, 64, 64], \"stride\": [524288, 262144, 4096, 1, 64]}, \"pass\": 7, \"role\": \"primary\"}, {\"feature\": {\"device\": \"cuda:0\", \"dtype\": \"torch.float32\", \"numel\": 16777216, \"shape\": [1, 2, 32, 64, 64, 64], \"stride\": [16777216, 8388608, 262144, 4096, 64, 1]}, \"heatmap0\": {\"device\": \"cuda:0\", \"dtype\": \"torch.float32\", \"numel\": 262144, \"shape\": [1, 1, 64, 64, 64], \"stride\": [262144, 262144, 4096, 64, 1]}, \"input\": {\"device\": \"cuda:0\", \"dtype\": \"torch.float32\", \"numel\": 524288, \"shape\": [1, 2, 64, 64, 64], \"stride\": [524288, 262144, 4096, 64, 1]}, \"pass\": 8, \"role\": \"primary\"}, {\"feature\": {\"device\": \"cuda:0\", \"dtype\": \"torch.float32\", \"numel\": 16777216, \"shape\": [1, 2, 32, 64, 64, 64], \"stride\": [16777216, 8388608, 262144, 4096, 64, 1]}, \"heatmap0\": {\"device\": \"cuda:0\", \"dtype\": \"torch.float32\", \"numel\": 262144, \"shape\": [1, 1, 64, 64, 64], \"stride\": [262144, 262144, 4096, 64, 1]}, \"input\": {\"device\": \"cuda:0\", \"dtype\": \"torch.float32\", \"numel\": 524288, \"shape\": [1, 2, 64, 64, 64], \"stride\": [524288, 262144, 4096, 64, 1]}, \"pass\": 1, \"role\": \"secondary\"}, {\"feature\": {\"device\": \"cuda:0\", \"dtype\": \"torch.float32\", \"numel\": 16777216, \"shape\": [1, 2, 32, 64, 64, 64], \"stride\": [16777216, 8388608, 262144, 4096, 64, 1]}, \"heatmap0\": {\"device\": \"cuda:0\", \"dtype\": \"torch.float32\", \"numel\": 262144, \"shape\": [1, 1, 64, 64, 64], \"stride\": [262144, 262144, 4096, 64, 1]}, \"input\": {\"device\": \"cuda:0\", \"dtype\": \"torch.float32\", \"numel\": 524288, \"shape\": [1, 2, 64, 64, 64], \"stride\": [524288, 262144, 4096, 64, 1]}, \"pass\": 2, \"role\": \"secondary\"}, {\"feature\": {\"device\": \"cuda:0\", \"dtype\": \"torch.float32\", \"numel\": 16777216, \"shape\": [1, 2, 32, 64, 64, 64], \"stride\": [16777216, 8388608, 262144, 4096, 64, 1]}, \"heatmap0\": {\"device\": \"cuda:0\", \"dtype\": \"torch.float32\", \"numel\": 262144, \"shape\": [1, 1, 64, 64, 64], \"stride\": [262144, 262144, 4096, 64, 1]}, \"input\": {\"device\": \"cuda:0\", \"dtype\": \"torch.float32\", \"numel\": 524288, \"shape\": [1, 2, 64, 64, 64], \"stride\": [524288, 262144, 4096, 64, 1]}, \"pass\": 3, \"role\": \"secondary\"}, {\"feature\": {\"device\": \"cuda:0\", \"dtype\": \"torch.float32\", \"numel\": 16777216, \"shape\": [1, 2, 32, 64, 64, 64], \"stride\": [16777216, 8388608, 262144, 4096, 64, 1]}, \"heatmap0\": {\"device\": \"cuda:0\", \"dtype\": \"torch.float32\", \"numel\": 262144, \"shape\": [1, 1, 64, 64, 64], \"stride\": [262144, 262144, 4096, 64, 1]}, \"input\": {\"device\": \"cuda:0\", \"dtype\": \"torch.float32\", \"numel\": 524288, \"shape\": [1, 2, 64, 64, 64], \"stride\": [524288, 262144, 4096, 64, 1]}, \"pass\": 4, \"role\": \"secondary\"}, {\"feature\": {\"device\": \"cuda:0\", \"dtype\": \"torch.float32\", \"numel\": 16777216, \"shape\": [1, 2, 32, 64, 64, 64], \"stride\": [16777216, 8388608, 262144, 4096, 64, 1]}, \"heatmap0\": {\"device\": \"cuda:0\", \"dtype\": \"torch.float32\", \"numel\": 262144, \"shape\": [1, 1, 64, 64, 64], \"stride\": [262144, 262144, 4096, 64, 1]}, \"input\": {\"device\": \"cuda:0\", \"dtype\": \"torch.float32\", \"numel\": 524288, \"shape\": [1, 2, 64, 64, 64], \"stride\": [524288, 262144, 4096, 1, 64]}, \"pass\": 5, \"role\": \"secondary\"}, {\"feature\": {\"device\": \"cuda:0\", \"dtype\": \"torch.float32\", \"numel\": 16777216, \"shape\": [1, 2, 32, 64, 64, 64], \"stride\": [16777216, 8388608, 262144, 4096, 64, 1]}, \"heatmap0\": {\"device\": \"cuda:0\", \"dtype\": \"torch.float32\", \"numel\": 262144, \"shape\": [1, 1, 64, 64, 64], \"stride\": [262144, 262144, 4096, 64, 1]}, \"input\": {\"device\": \"cuda:0\", \"dtype\": \"torch.float32\", \"numel\": 524288, \"shape\": [1, 2, 64, 64, 64], \"stride\": [524288, 262144, 4096, 1, 64]}, \"pass\": 6, \"role\": \"secondary\"}, {\"feature\": {\"device\": \"cuda:0\", \"dtype\": \"torch.float32\", \"numel\": 16777216, \"shape\": [1, 2, 32, 64, 64, 64], \"stride\": [16777216, 8388608, 262144, 4096, 64, 1]}, \"heatmap0\": {\"device\": \"cuda:0\", \"dtype\": \"torch.float32\", \"numel\": 262144, \"shape\": [1, 1, 64, 64, 64], \"stride\": [262144, 262144, 4096, 64, 1]}, \"input\": {\"device\": \"cuda:0\", \"dtype\": \"torch.float32\", \"numel\": 524288, \"shape\": [1, 2, 64, 64, 64], \"stride\": [524288, 262144, 4096, 1, 64]}, \"pass\": 7, \"role\": \"secondary\"}, {\"feature\": {\"device\": \"cuda:0\", \"dtype\": \"torch.float32\", \"numel\": 16777216, \"shape\": [1, 2, 32, 64, 64, 64], \"stride\": [16777216, 8388608, 262144, 4096, 64, 1]}, \"heatmap0\": {\"device\": \"cuda:0\", \"dtype\": \"torch.float32\", \"numel\": 262144, \"shape\": [1, 1, 64, 64, 64], \"stride\": [262144, 262144, 4096, 64, 1]}, \"input\": {\"device\": \"cuda:0\", \"dtype\": \"torch.float32\", \"numel\": 524288, \"shape\": [1, 2, 64, 64, 64], \"stride\": [524288, 262144, 4096, 64, 1]}, \"pass\": 8, \"role\": \"secondary\"}], \"event\": \"actual_predictor_window\", \"frames\": [0, 1], \"input\": {\"all_finite\": true, \"device\": \"cuda:0\", \"dtype\": \"torch.float32\", \"numel\": 524288, \"shape\": [1, 2, 64, 64, 64], \"stride\": [524288, 262144, 4096, 64, 1]}, \"input_parent\": \"/kaggle/input/competitions/biohub-cell-tracking-during-development/train\", \"seconds_including_common_audit\": 3.107292200000302, \"window_index\": 1, \"worker_execution_settings\": {\"autocast_enabled\": false, \"cuda_runtime\": \"12.8\", \"cudnn_allow_tf32\": true, \"cudnn_benchmark\": false, \"cudnn_deterministic\": false, \"default_dtype\": \"torch.float32\", \"deterministic_algorithms\": false, \"float32_matmul_precision\": \"highest\", \"gpu_name\": \"Tesla T4\", \"grad_enabled\": false, \"matmul_allow_tf32\": false, \"torch_initial_seed\": 5043419451920760042, \"torch_version\": \"2.10.0+cu128\"}}\n"}
,{"stream_name":"stdout","time":1552.801542222,"data":"PUBLIC946_GPU_SMOKE {\"arm\": \"B0\", \"association\": {\"actual_primary_logits_after_original_harmonic_fusion\": {\"all_finite\": true, \"device\": \"cuda:0\", \"dtype\": \"torch.float32\", \"numel\": 181902, \"shape\": [1, 426, 427], \"stride\": [181902, 427, 1]}, \"actual_secondary_feature_consumed\": true, \"actual_secondary_logits\": {\"all_finite\": true, \"device\": \"cuda:0\", \"dtype\": \"torch.float32\", \"numel\": 181902, \"shape\": [1, 426, 427], \"stride\": [181902, 427, 1]}, \"coordinate_grid\": {\"downsample\": [1.0, 4.0, 4.0], \"source\": {\"device\": \"cuda:0\", \"dtype\": \"torch.float32\", \"numel\": 1278, \"shape\": [1, 426, 3], \"stride\": [426, 1, 426]}, \"target\": {\"device\": \"cuda:0\", \"dtype\": \"torch.float32\", \"numel\": 1281, \"shape\": [1, 427, 3], \"stride\": [427, 1, 427]}}, \"diagnostic_edge_head_calls\": 1, \"diagnostic_encoder_calls\": 0, \"diagnostic_probabilities_used_in_production\": false, \"diagnostic_seconds\": 0.01741515799994886, \"frame_pair_index\": 0, \"primary_source_sampled_features\": {\"all_finite\": true, \"device\": \"cuda:0\", \"dtype\": \"torch.float32\", \"numel\": 13632, \"shape\": [1, 426, 32], \"stride\": [13632, 32, 1]}, \"primary_target_sampled_features\": {\"all_finite\": true, \"device\": \"cuda:0\", \"dtype\": \"torch.float32\", \"numel\": 13664, \"shape\": [1, 427, 32], \"stride\": [13664, 32, 1]}, \"probability_comparison_stage\": \"secondary edge-head softmax over parents, before original calibration and low-margin mixing\", \"probability_delta_vs_single_pass_same_coordinates\": {\"sample_elements\": 65536, \"sample_equal\": true, \"sample_max_abs_delta\": 0.0, \"sample_mean_abs_delta\": 0.0, \"sample_stride\": 2}, \"production_calls\": 1, \"same_low_margin_config\": {\"secondary_detection_weight\": 0.8, \"secondary_edge_weight\": 0.15, \"secondary_link_mode\": \"low_margin_consensus\"}, \"source_delta_vs_single_pass\": {\"sample_elements\": 13632, \"sample_equal\": true, \"sample_max_abs_delta\": 0.0, \"sample_mean_abs_delta\": 0.0, \"sample_stride\": 1}, \"source_sampled_features\": {\"all_finite\": true, \"device\": \"cuda:0\", \"dtype\": \"torch.float32\", \"numel\": 13632, \"shape\": [1, 426, 32], \"stride\": [13632, 32, 1]}, \"target_delta_vs_single_pass\": {\"sample_elements\": 13664, \"sample_equal\": true, \"sample_max_abs_delta\": 0.0, \"sample_mean_abs_delta\": 0.0, \"sample_stride\": 1}, \"target_sampled_features\": {\"all_finite\": true, \"device\": \"cuda:0\", \"dtype\": \"torch.float32\", \"numel\": 13664, \"shape\": [1, 427, 32], \"stride\": [13664, 32, 1]}}, \"association_calls\": 1, \"config\": {\"secondary_detection_weight\": 0.8, \"secondary_edge_weight\": 0.15, \"secondary_link_mode\": \"low_margin_consensus\"}, \"consumed_features\": {\"primary\": {\"all_finite\": true, \"delta_vs_single_pass\": {\"sample_elements\": 65536, \"sample_equal\": false, \"sample_max_abs_delta\": 1.9425493478775024, \"sample_mean_abs_delta\": 0.3768840432167053, \"sample_stride\": 256}, \"device\": \"cuda:0\", \"dtype\": \"torch.float32\", \"numel\": 16777216, \"original_encoded_feature_sample_unchanged\": true, \"same_storage_as_original\": false, \"shape\": [1, 2, 32, 64, 64, 64], \"single_pass\": {\"device\": \"cuda:0\", \"dtype\": \"torch.float32\", \"numel\": 16777216, \"shape\": [1, 2, 32, 64, 64, 64], \"stride\": [16777216, 8388608, 262144, 4096, 64, 1]}, \"stride\": [16777216, 8388608, 262144, 4096, 64, 1]}, \"secondary\": {\"all_finite\": true, \"delta_vs_single_pass\": {\"sample_elements\": 65536, \"sample_equal\": true, \"sample_max_abs_delta\": 0.0, \"sample_mean_abs_delta\": 0.0, \"sample_stride\": 256}, \"device\": \"cuda:0\", \"dtype\": \"torch.float32\", \"numel\": 16777216, \"original_encoded_feature_sample_unchanged\": true, \"same_storage_as_original\": true, \"shape\": [1, 2, 32, 64, 64, 64], \"single_pass\": {\"device\": \"cuda:0\", \"dtype\": \"torch.float32\", \"numel\": 16777216, \"shape\": [1, 2, 32, 64, 64, 64], \"stride\": [16777216, 8388608, 262144, 4096, 64, 1]}, \"stride\": [16777216, 8388608, 262144, 4096, 64, 1]}}, \"consumed_heatmaps\": [{\"all_finite\": true, \"device\": \"cuda:0\", \"dtype\": \"torch.float32\", \"numel\": 262144, \"shape\": [1, 1, 64, 64, 64], \"stride\": [262144, 262144, 4096, 64, 1]}, {\"all_finite\": true, \"device\": \"cuda:0\", \"dtype\": \"torch.float32\", \"numel\": 262144, \"shape\": [1, 1, 64, 64, 64], \"stride\": [262144, 262144, 4096, 64, 1]}], \"cuda_peak_allocated_bytes_process\": 728221696, \"cuda_peak_reserved_bytes_process\": 970981376, \"dataset\": \"44b6_12dfb391\", \"encode_calls\": {\"primary\": 8, \"secondary\": 8}, \"encode_seconds\": {\"primary\": 1.2946479880006336, \"secondary\": 1.0224509719992056}, \"encode_views\": [{\"feature\": {\"device\": \"cuda:0\", \"dtype\": \"torch.float32\", \"numel\": 16777216, \"shape\": [1, 2, 32, 64, 64, 64], \"stride\": [16777216, 8388608, 262144, 4096, 64, 1]}, \"heatmap0\": {\"device\": \"cuda:0\", \"dtype\": \"torch.float32\", \"numel\": 262144, \"shape\": [1, 1, 64, 64, 64], \"stride\": [262144, 262144, 4096, 64, 1]}, \"input\": {\"device\": \"cuda:0\", \"dtype\": \"torch.float32\", \"numel\": 524288, \"shape\": [1, 2, 64, 64, 64], \"stride\": [524288, 262144, 4096, 64, 1]}, \"pass\": 1, \"role\": \"primary\"}, {\"feature\": {\"device\": \"cuda:0\", \"dtype\": \"torch.float32\", \"numel\": 16777216, \"shape\": [1, 2, 32, 64, 64, 64], \"stride\": [16777216, 8388608, 262144, 4096, 64, 1]}, \"heatmap0\": {\"device\": \"cuda:0\", \"dtype\": \"torch.float32\", \"numel\": 262144, \"shape\": [1, 1, 64, 64, 64], \"stride\": [262144, 262144, 4096, 64, 1]}, \"input\": {\"device\": \"cuda:0\", \"dtype\": \"torch.float32\", \"numel\": 524288, \"shape\": [1, 2, 64, 64, 64], \"stride\": [524288, 262144, 4096, 64, 1]}, \"pass\": 2, \"role\": \"primary\"}, {\"feature\": {\"device\": \"cuda:0\", \"dtype\": \"torch.float32\", \"numel\": 16777216, \"shape\": [1, 2, 32, 64, 64, 64], \"stride\": [16777216, 8388608, 262144, 4096, 64, 1]}, \"heatmap0\": {\"device\": \"cuda:0\", \"dtype\": \"torch.float32\", \"numel\": 262144, \"shape\": [1, 1, 64, 64, 64], \"stride\": [262144, 262144, 4096, 64, 1]}, \"input\": {\"device\": \"cuda:0\", \"dtype\": \"torch.float32\", \"numel\": 524288, \"shape\": [1, 2, 64, 64, 64], \"stride\": [524288, 262144, 4096, 64, 1]}, \"pass\": 3, \"role\": \"primary\"}, {\"feature\": {\"device\": \"cuda:0\", \"dtype\": \"torch.float32\", \"numel\": 16777216, \"shape\": [1, 2, 32, 64, 64, 64], \"stride\": [16777216, 8388608, 262144, 4096, 64, 1]}, \"heatmap0\": {\"device\": \"cuda:0\", \"dtype\": \"torch.float32\", \"numel\": 262144, \"shape\": [1, 1, 64, 64, 64], \"stride\": [262144, 262144, 4096, 64, 1]}, \"input\": {\"device\": \"cuda:0\", \"dtype\": \"torch.float32\", \"numel\": 524288, \"shape\": [1, 2, 64, 64, 64], \"stride\": [524288, 262144, 4096, 64, 1]}, \"pass\": 4, \"role\": \"primary\"}, {\"feature\": {\"device\": \"cuda:0\", \"dtype\": \"torch.float32\", \"numel\": 16777216, \"shape\": [1, 2, 32, 64, 64, 64], \"stride\": [16777216, 8388608, 262144, 4096, 64, 1]}, \"heatmap0\": {\"device\": \"cuda:0\", \"dtype\": \"torch.float32\", \"numel\": 262144, \"shape\": [1, 1, 64, 64, 64], \"stride\": [262144, 262144, 4096, 64, 1]}, \"input\": {\"device\": \"cuda:0\", \"dtype\": \"torch.float32\", \"numel\": 524288, \"shape\": [1, 2, 64, 64, 64], \"stride\": [524288, 262144, 4096, 1, 64]}, \"pass\": 5, \"role\": \"primary\"}, {\"feature\": {\"device\": \"cuda:0\", \"dtype\": \"torch.float32\", \"numel\": 16777216, \"shape\": [1, 2, 32, 64, 64, 64], \"stride\": [16777216, 8388608, 262144, 4096, 64, 1]}, \"heatmap0\": {\"device\": \"cuda:0\", \"dtype\": \"torch.float32\", \"numel\": 262144, \"shape\": [1, 1, 64, 64, 64], \"stride\": [262144, 262144, 4096, 64, 1]}, \"input\": {\"device\": \"cuda:0\", \"dtype\": \"torch.float32\", \"numel\": 524288, \"shape\": [1, 2, 64, 64, 64], \"stride\": [524288, 262144, 4096, 1, 64]}, \"pass\": 6, \"role\": \"primary\"}, {\"feature\": {\"device\": \"cuda:0\", \"dtype\": \"torch.float32\", \"numel\": 16777216, \"shape\": [1, 2, 32, 64, 64, 64], \"stride\": [16777216, 8388608, 262144, 4096, 64, 1]}, \"heatmap0\": {\"device\": \"cuda:0\", \"dtype\": \"torch.float32\", \"numel\": 262144, \"shape\": [1, 1, 64, 64, 64], \"stride\": [262144, 262144, 4096, 64, 1]}, \"input\": {\"device\": \"cuda:0\", \"dtype\": \"torch.float32\", \"numel\": 524288, \"shape\": [1, 2, 64, 64, 64], \"stride\": [524288, 262144, 4096, 1, 64]}, \"pass\": 7, \"role\": \"primary\"}, {\"feature\": {\"device\": \"cuda:0\", \"dtype\": \"torch.float32\", \"numel\": 16777216, \"shape\": [1, 2, 32, 64, 64, 64], \"stride\": [16777216, 8388608, 262144, 4096, 64, 1]}, \"heatmap0\": {\"device\": \"cuda:0\", \"dtype\": \"torch.float32\", \"numel\": 262144, \"shape\": [1, 1, 64, 64, 64], \"stride\": [262144, 262144, 4096, 64, 1]}, \"input\": {\"device\": \"cuda:0\", \"dtype\": \"torch.float32\", \"numel\": 524288, \"shape\": [1, 2, 64, 64, 64], \"stride\": [524288, 262144, 4096, 64, 1]}, \"pass\": 8, \"role\": \"primary\"}, {\"feature\": {\"device\": \"cuda:0\", \"dtype\": \"torch.float32\", \"numel\": 16777216, \"shape\": [1, 2, 32, 64, 64, 64], \"stride\": [16777216, 8388608, 262144, 4096, 64, 1]}, \"heatmap0\": {\"device\": \"cuda:0\", \"dtype\": \"torch.float32\", \"numel\": 262144, \"shape\": [1, 1, 64, 64, 64], \"stride\": [262144, 262144, 4096, 64, 1]}, \"input\": {\"device\": \"cuda:0\", \"dtype\": \"torch.float32\", \"numel\": 524288, \"shape\": [1, 2, 64, 64, 64], \"stride\": [524288, 262144, 4096, 64, 1]}, \"pass\": 1, \"role\": \"secondary\"}, {\"feature\": {\"device\": \"cuda:0\", \"dtype\": \"torch.float32\", \"numel\": 16777216, \"shape\": [1, 2, 32, 64, 64, 64], \"stride\": [16777216, 8388608, 262144, 4096, 64, 1]}, \"heatmap0\": {\"device\": \"cuda:0\", \"dtype\": \"torch.float32\", \"numel\": 262144, \"shape\": [1, 1, 64, 64, 64], \"stride\": [262144, 262144, 4096, 64, 1]}, \"input\": {\"device\": \"cuda:0\", \"dtype\": \"torch.float32\", \"numel\": 524288, \"shape\": [1, 2, 64, 64, 64], \"stride\": [524288, 262144, 4096, 64, 1]}, \"pass\": 2, \"role\": \"secondary\"}, {\"feature\": {\"device\": \"cuda:0\", \"dtype\": \"torch.float32\", \"numel\": 16777216, \"shape\": [1, 2, 32, 64, 64, 64], \"stride\": [16777216, 8388608, 262144, 4096, 64, 1]}, \"heatmap0\": {\"device\": \"cuda:0\", \"dtype\": \"torch.float32\", \"numel\": 262144, \"shape\": [1, 1, 64, 64, 64], \"stride\": [262144, 262144, 4096, 64, 1]}, \"input\": {\"device\": \"cuda:0\", \"dtype\": \"torch.float32\", \"numel\": 524288, \"shape\": [1, 2, 64, 64, 64], \"stride\": [524288, 262144, 4096, 64, 1]}, \"pass\": 3, \"role\": \"secondary\"}, {\"feature\": {\"device\": \"cuda:0\", \"dtype\": \"torch.float32\", \"numel\": 16777216, \"shape\": [1, 2, 32, 64, 64, 64], \"stride\": [16777216, 8388608, 262144, 4096, 64, 1]}, \"heatmap0\": {\"device\": \"cuda:0\", \"dtype\": \"torch.float32\", \"numel\": 262144, \"shape\": [1, 1, 64, 64, 64], \"stride\": [262144, 262144, 4096, 64, 1]}, \"input\": {\"device\": \"cuda:0\", \"dtype\": \"torch.float32\", \"numel\": 524288, \"shape\": [1, 2, 64, 64, 64], \"stride\": [524288, 262144, 4096, 64, 1]}, \"pass\": 4, \"role\": \"secondary\"}, {\"feature\": {\"device\": \"cuda:0\", \"dtype\": \"torch.float32\", \"numel\": 16777216, \"shape\": [1, 2, 32, 64, 64, 64], \"stride\": [16777216, 8388608, 262144, 4096, 64, 1]}, \"heatmap0\": {\"device\": \"cuda:0\", \"dtype\": \"torch.float32\", \"numel\": 262144, \"shape\": [1, 1, 64, 64, 64], \"stride\": [262144, 262144, 4096, 64, 1]}, \"input\": {\"device\": \"cuda:0\", \"dtype\": \"torch.float32\", \"numel\": 524288, \"shape\": [1, 2, 64, 64, 64], \"stride\": [524288, 262144, 4096, 1, 64]}, \"pass\": 5, \"role\": \"secondary\"}, {\"feature\": {\"device\": \"cuda:0\", \"dtype\": \"torch.float32\", \"numel\": 16777216, \"shape\": [1, 2, 32, 64, 64, 64], \"stride\": [16777216, 8388608, 262144, 4096, 64, 1]}, \"heatmap0\": {\"device\": \"cuda:0\", \"dtype\": \"torch.float32\", \"numel\": 262144, \"shape\": [1, 1, 64, 64, 64], \"stride\": [262144, 262144, 4096, 64, 1]}, \"input\": {\"device\": \"cuda:0\", \"dtype\": \"torch.float32\", \"numel\": 524288, \"shape\": [1, 2, 64, 64, 64], \"stride\": [524288, 262144, 4096, 1, 64]}, \"pass\": 6, \"role\": \"secondary\"}, {\"feature\": {\"device\": \"cuda:0\", \"dtype\": \"torch.float32\", \"numel\": 16777216, \"shape\": [1, 2, 32, 64, 64, 64], \"stride\": [16777216, 8388608, 262144, 4096, 64, 1]}, \"heatmap0\": {\"device\": \"cuda:0\", \"dtype\": \"torch.float32\", \"numel\": 262144, \"shape\": [1, 1, 64, 64, 64], \"stride\": [262144, 262144, 4096, 64, 1]}, \"input\": {\"device\": \"cuda:0\", \"dtype\": \"torch.float32\", \"numel\": 524288, \"shape\": [1, 2, 64, 64, 64], \"stride\": [524288, 262144, 4096, 1, 64]}, \"pass\": 7, \"role\": \"secondary\"}, {\"feature\": {\"device\": \"cuda:0\", \"dtype\": \"torch.float32\", \"numel\": 16777216, \"shape\": [1, 2, 32, 64, 64, 64], \"stride\": [16777216, 8388608, 262144, 4096, 64, 1]}, \"heatmap0\": {\"device\": \"cuda:0\", \"dtype\": \"torch.float32\", \"numel\": 262144, \"shape\": [1, 1, 64, 64, 64], \"stride\": [262144, 262144, 4096, 64, 1]}, \"input\": {\"device\": \"cuda:0\", \"dtype\": \"torch.float32\", \"numel\": 524288, \"shape\": [1, 2, 64, 64, 64], \"stride\": [524288, 262144, 4096, 64, 1]}, \"pass\": 8, \"role\": \"secondary\"}], \"event\": \"actual_predictor_window\", \"frames\": [0, 1], \"input\": {\"all_finite\": true, \"device\": \"cuda:0\", \"dtype\": \"torch.float32\", \"numel\": 524288, \"shape\": [1, 2, 64, 64, 64], \"stride\": [524288, 262144, 4096, 64, 1]}, \"input_parent\": \"/kaggle/input/competitions/biohub-cell-tracking-during-development/train\", \"seconds_including_common_audit\": 3.107292200000302, \"window_index\": 1, \"worker_execution_settings\": {\"autocast_enabled\": false, \"cuda_runtime\": \"12.8\", \"cudnn_allow_tf32\": true, \"cudnn_benchmark\": false, \"cudnn_deterministic\": false, \"default_dtype\": \"torch.float32\", \"deterministic_algorithms\": false, \"float32_matmul_precision\": \"highest\", \"gpu_name\": \"Tesla T4\", \"grad_enabled\": false, \"matmul_allow_tf32\": false, \"torch_initial_seed\": 5043419451920760042, \"torch_version\": \"2.10.0+cu128\"}}\n"}
,{"stream_name":"stdout","time":1553.179731638,"data":"EDGE_TTA_ACTIVE views= 8 mean_abs_feat_delta= 0.399438\n"}
,{"stream_name":"stdout","time":1553.382265582,"data":"EDGE_TTA_ACTIVE views= 8 mean_abs_feat_delta= 0.399438\n"}
,{"stream_name":"stdout","time":1553.693384027,"data":"EDGE_TTA_ACTIVE views= 8 mean_abs_feat_delta= 0.348323\n"}
,{"stream_name":"stdout","time":1553.895678671,"data":"EDGE_TTA_ACTIVE views= 8 mean_abs_feat_delta= 0.348323\n"}
,{"stream_name":"stdout","time":1555.017946035,"data":"EDGE_TTA_ACTIVE views= 8 mean_abs_feat_delta= 0.403568\n"}
,{"stream_name":"stdout","time":1555.220722869,"data":"EDGE_TTA_ACTIVE views= 8 mean_abs_feat_delta= 0.403568\n"}
,{"stream_name":"stdout","time":1555.995008144,"data":"EDGE_TTA_ACTIVE views= 8 mean_abs_feat_delta= 0.347872\n"}
,{"stream_name":"stdout","time":1556.197737659,"data":"EDGE_TTA_ACTIVE views= 8 mean_abs_feat_delta= 0.347872\n"}
,{"stream_name":"stdout","time":1556.822049289,"data":"EDGE_TTA_ACTIVE views= 8 mean_abs_feat_delta= 0.396848\n"}
,{"stream_name":"stdout","time":1557.024552481,"data":"EDGE_TTA_ACTIVE views= 8 mean_abs_feat_delta= 0.396848\n"}
,{"stream_name":"stdout","time":1558.314332367,"data":"EDGE_TTA_ACTIVE views= 8 mean_abs_feat_delta= 0.351487\n"}
,{"stream_name":"stdout","time":1558.516940394,"data":"EDGE_TTA_ACTIVE views= 8 mean_abs_feat_delta= 0.351487\n"}
,{"stream_name":"stdout","time":1558.625636267,"data":"EDGE_TTA_ACTIVE views= 8 mean_abs_feat_delta= 0.405804\n"}
,{"stream_name":"stdout","time":1558.828469872,"data":"EDGE_TTA_ACTIVE views= 8 mean_abs_feat_delta= 0.405804\n"}
,{"stream_name":"stdout","time":1560.442847892,"data":"EDGE_TTA_ACTIVE views= 8 mean_abs_feat_delta= 0.406637\n"}
,{"stream_name":"stdout","time":1560.645314949,"data":"EDGE_TTA_ACTIVE views= 8 mean_abs_feat_delta= 0.406637\n"}
,{"stream_name":"stdout","time":1560.645706779,"data":"EDGE_TTA_ACTIVE views= 8 mean_abs_feat_delta= 0.349843\n"}
,{"stream_name":"stdout","time":1560.848281627,"data":"EDGE_TTA_ACTIVE views= 8 mean_abs_feat_delta= 0.349843\n"}
,{"stream_name":"stdout","time":1562.278918708,"data":"EDGE_TTA_ACTIVE views= 8 mean_abs_feat_delta= 0.406976\n"}
,{"stream_name":"stdout","time":1562.481767153,"data":"EDGE_TTA_ACTIVE views= 8 mean_abs_feat_delta= 0.406976\n"}
,{"stream_name":"stdout","time":1563.020622852,"data":"EDGE_TTA_ACTIVE views= 8 mean_abs_feat_delta= 0.348101\n"}
,{"stream_name":"stdout","time":1563.222838407,"data":"EDGE_TTA_ACTIVE views= 8 mean_abs_feat_delta= 0.348101\n"}
,{"stream_name":"stdout","time":1564.121509204,"data":"EDGE_TTA_ACTIVE views= 8 mean_abs_feat_delta= 0.402713\n"}
,{"stream_name":"stdout","time":1564.324288299,"data":"EDGE_TTA_ACTIVE views= 8 mean_abs_feat_delta= 0.402713\n"}
,{"stream_name":"stdout","time":1565.435844757,"data":"EDGE_TTA_ACTIVE views= 8 mean_abs_feat_delta= 0.351882\n"}
,{"stream_name":"stdout","time":1565.638278936,"data":"EDGE_TTA_ACTIVE views= 8 mean_abs_feat_delta= 0.351882\n"}
,{"stream_name":"stdout","time":1565.97422585,"data":"EDGE_TTA_ACTIVE views= 8 mean_abs_feat_delta= 0.409078\n"}
,{"stream_name":"stdout","time":1566.176890054,"data":"EDGE_TTA_ACTIVE views= 8 mean_abs_feat_delta= 0.409078\n"}
,{"stream_name":"stdout","time":1567.823285908,"data":"EDGE_TTA_ACTIVE views= 8 mean_abs_feat_delta= 0.408625\n"}
,{"stream_name":"stdout","time":1567.852393771,"data":"EDGE_TTA_ACTIVE views= 8 mean_abs_feat_delta= 0.352461\n"}
,{"stream_name":"stdout","time":1568.025967454,"data":"EDGE_TTA_ACTIVE views= 8 mean_abs_feat_delta= 0.408625\n"}
,{"stream_name":"stdout","time":1568.026000784,"data":"EDGE_TTA_ACTIVE views= 8 mean_abs_feat_delta= 0.352461\n"}
,{"stream_name":"stdout","time":1569.715069878,"data":"EDGE_TTA_ACTIVE views= 8 mean_abs_feat_delta= 0.39904\n"}
,{"stream_name":"stdout","time":1569.917442132,"data":"EDGE_TTA_ACTIVE views= 8 mean_abs_feat_delta= 0.39904\n"}
,{"stream_name":"stdout","time":1570.268331711,"data":"EDGE_TTA_ACTIVE views= 8 mean_abs_feat_delta= 0.352873\n"}
,{"stream_name":"stdout","time":1570.470773193,"data":"EDGE_TTA_ACTIVE views= 8 mean_abs_feat_delta= 0.352873\n"}
,{"stream_name":"stdout","time":1571.603591151,"data":"EDGE_TTA_ACTIVE views= 8 mean_abs_feat_delta= 0.400016\n"}
,{"stream_name":"stdout","time":1571.806416736,"data":"EDGE_TTA_ACTIVE views= 8 mean_abs_feat_delta= 0.400016\n"}
,{"stream_name":"stdout","time":1572.681162876,"data":"EDGE_TTA_ACTIVE views= 8 mean_abs_feat_delta= 0.354101\n"}
,{"stream_name":"stdout","time":1572.884067931,"data":"EDGE_TTA_ACTIVE views= 8 mean_abs_feat_delta= 0.354101\n"}
,{"stream_name":"stdout","time":1573.465472925,"data":"EDGE_TTA_ACTIVE views= 8 mean_abs_feat_delta= 0.392897\n"}
,{"stream_name":"stdout","time":1573.668259019,"data":"EDGE_TTA_ACTIVE views= 8 mean_abs_feat_delta= 0.392897\n"}
,{"stream_name":"stdout","time":1575.131615093,"data":"EDGE_TTA_ACTIVE views= 8 mean_abs_feat_delta= 0.353493\n"}
,{"stream_name":"stdout","time":1575.325170106,"data":"EDGE_TTA_ACTIVE views= 8 mean_abs_feat_delta= 0.386155\n"}
,{"stream_name":"stdout","time":1575.376495606,"data":"EDGE_TTA_ACTIVE views= 8 mean_abs_feat_delta= 0.353493\n"}
,{"stream_name":"stdout","time":1575.376520853,"data":"EDGE_TTA_ACTIVE views= 8 mean_abs_feat_delta= 0.386155\n"}
,{"stream_name":"stdout","time":1577.265470506,"data":"EDGE_TTA_ACTIVE views= 8 mean_abs_feat_delta= 0.384551\n"}
,{"stream_name":"stdout","time":1577.468470042,"data":"EDGE_TTA_ACTIVE views= 8 mean_abs_feat_delta= 0.384551\n"}
,{"stream_name":"stdout","time":1577.505592525,"data":"EDGE_TTA_ACTIVE views= 8 mean_abs_feat_delta= 0.351325\n"}
,{"stream_name":"stdout","time":1577.708215789,"data":"EDGE_TTA_ACTIVE views= 8 mean_abs_feat_delta= 0.351325\n"}
,{"stream_name":"stdout","time":1579.162931288,"data":"EDGE_TTA_ACTIVE views= 8 mean_abs_feat_delta= 0.380346\n"}
,{"stream_name":"stdout","time":1579.365736474,"data":"EDGE_TTA_ACTIVE views= 8 mean_abs_feat_delta= 0.380346\n"}
,{"stream_name":"stdout","time":1579.863393048,"data":"EDGE_TTA_ACTIVE views= 8 mean_abs_feat_delta= 0.348177\n"}
,{"stream_name":"stdout","time":1580.066374146,"data":"EDGE_TTA_ACTIVE views= 8 mean_abs_feat_delta= 0.348177\n"}
,{"stream_name":"stdout","time":1581.106993451,"data":"EDGE_TTA_ACTIVE views= 8 mean_abs_feat_delta= 0.37911\n"}
,{"stream_name":"stdout","time":1581.309340277,"data":"EDGE_TTA_ACTIVE views= 8 mean_abs_feat_delta= 0.37911\n"}
,{"stream_name":"stdout","time":1582.182862402,"data":"EDGE_TTA_ACTIVE views= 8 mean_abs_feat_delta= 0.350577\n"}
,{"stream_name":"stdout","time":1582.385526962,"data":"EDGE_TTA_ACTIVE views= 8 mean_abs_feat_delta= 0.350577\n"}
,{"stream_name":"stdout","time":1583.013978481,"data":"EDGE_TTA_ACTIVE views= 8 mean_abs_feat_delta= 0.388444\n"}
,{"stream_name":"stdout","time":1583.216497338,"data":"EDGE_TTA_ACTIVE views= 8 mean_abs_feat_delta= 0.388444\n"}
,{"stream_name":"stdout","time":1584.463990962,"data":"EDGE_TTA_ACTIVE views= 8 mean_abs_feat_delta= 0.351302\n"}
,{"stream_name":"stdout","time":1584.666347377,"data":"EDGE_TTA_ACTIVE views= 8 mean_abs_feat_delta= 0.351302\n"}
,{"stream_name":"stdout","time":1584.90193945,"data":"EDGE_TTA_ACTIVE views= 8 mean_abs_feat_delta= 0.38137\n"}
,{"stream_name":"stdout","time":1585.104472838,"data":"EDGE_TTA_ACTIVE views= 8 mean_abs_feat_delta= 0.38137\n"}
,{"stream_name":"stdout","time":1586.748065852,"data":"EDGE_TTA_ACTIVE views= 8 mean_abs_feat_delta= 0.349328\n"}
,{"stream_name":"stdout","time":1586.805579615,"data":"EDGE_TTA_ACTIVE views= 8 mean_abs_feat_delta= 0.380845\n"}
,{"stream_name":"stdout","time":1586.950716827,"data":"EDGE_TTA_ACTIVE views= 8 mean_abs_feat_delta= 0.349328\n"}
,{"stream_name":"stdout","time":1586.950753908,"data":"EDGE_TTA_ACTIVE views= 8 mean_abs_feat_delta= 0.380845\n"}
,{"stream_name":"stdout","time":1588.751830343,"data":"EDGE_TTA_ACTIVE views= 8 mean_abs_feat_delta= 0.378817\n"}
,{"stream_name":"stdout","time":1588.954975819,"data":"EDGE_TTA_ACTIVE views= 8 mean_abs_feat_delta= 0.378817\n"}
,{"stream_name":"stdout","time":1588.990013556,"data":"EDGE_TTA_ACTIVE views= 8 mean_abs_feat_delta= 0.347529\n"}
,{"stream_name":"stdout","time":1589.19251605,"data":"EDGE_TTA_ACTIVE views= 8 mean_abs_feat_delta= 0.347529\n"}
,{"stream_name":"stdout","time":1590.659924057,"data":"EDGE_TTA_ACTIVE views= 8 mean_abs_feat_delta= 0.370246\n"}
,{"stream_name":"stdout","time":1590.862555437,"data":"EDGE_TTA_ACTIVE views= 8 mean_abs_feat_delta= 0.370246\n"}
,{"stream_name":"stdout","time":1591.222582957,"data":"EDGE_TTA_ACTIVE views= 8 mean_abs_feat_delta= 0.34733\n"}
,{"stream_name":"stdout","time":1591.425052459,"data":"EDGE_TTA_ACTIVE views= 8 mean_abs_feat_delta= 0.34733\n"}
,{"stream_name":"stdout","time":1592.543481994,"data":"EDGE_TTA_ACTIVE views= 8 mean_abs_feat_delta= 0.364454\n"}
,{"stream_name":"stdout","time":1592.745935487,"data":"EDGE_TTA_ACTIVE views= 8 mean_abs_feat_delta= 0.364454\n"}
,{"stream_name":"stdout","time":1593.454931074,"data":"EDGE_TTA_ACTIVE views= 8 mean_abs_feat_delta= 0.346983\n"}
,{"stream_name":"stdout","time":1593.657393378,"data":"EDGE_TTA_ACTIVE views= 8 mean_abs_feat_delta= 0.346983\n"}
,{"stream_name":"stdout","time":1594.457676282,"data":"EDGE_TTA_ACTIVE views= 8 mean_abs_feat_delta= 0.372022\n"}
,{"stream_name":"stdout","time":1594.659962389,"data":"EDGE_TTA_ACTIVE views= 8 mean_abs_feat_delta= 0.372022\n"}
,{"stream_name":"stdout","time":1595.708730558,"data":"EDGE_TTA_ACTIVE views= 8 mean_abs_feat_delta= 0.343153\n"}
,{"stream_name":"stdout","time":1595.911235783,"data":"EDGE_TTA_ACTIVE views= 8 mean_abs_feat_delta= 0.343153\n"}
,{"stream_name":"stdout","time":1596.39553371,"data":"EDGE_TTA_ACTIVE views= 8 mean_abs_feat_delta= 0.367153\n"}
,{"stream_name":"stdout","time":1596.598090243,"data":"EDGE_TTA_ACTIVE views= 8 mean_abs_feat_delta= 0.367153\n"}
,{"stream_name":"stdout","time":1597.942468965,"data":"EDGE_TTA_ACTIVE views= 8 mean_abs_feat_delta= 0.343379\n"}
,{"stream_name":"stdout","time":1598.145033232,"data":"EDGE_TTA_ACTIVE views= 8 mean_abs_feat_delta= 0.343379\n"}
,{"stream_name":"stdout","time":1598.309057535,"data":"EDGE_TTA_ACTIVE views= 8 mean_abs_feat_delta= 0.366124\n"}
,{"stream_name":"stdout","time":1598.511560427,"data":"EDGE_TTA_ACTIVE views= 8 mean_abs_feat_delta= 0.366124\n"}
,{"stream_name":"stdout","time":1600.175071533,"data":"EDGE_TTA_ACTIVE views= 8 mean_abs_feat_delta= 0.345181\n"}
,{"stream_name":"stdout","time":1600.222241421,"data":"EDGE_TTA_ACTIVE views= 8 mean_abs_feat_delta= 0.36912\n"}
,{"stream_name":"stdout","time":1600.377782856,"data":"EDGE_TTA_ACTIVE views= 8 mean_abs_feat_delta= 0.345181\n"}
,{"stream_name":"stdout","time":1600.377819982,"data":"EDGE_TTA_ACTIVE views= 8 mean_abs_feat_delta= 0.36912\n"}
,{"stream_name":"stdout","time":1601.185175204,"data":"BIOHUB_RETENTION_GUARD {\"blended_candidates\": 431, \"dataset\": \"44b6_12dfb391\", \"frame\": 22, \"minimum_retention\": 0.9, \"primary_candidates\": 484, \"retention\": 0.890495867768595, \"use_primary\": true}\n"}
,{"stream_name":"stdout","time":1601.387174368,"data":"BIOHUB_RETENTION_GUARD {\"blended_candidates\": 431, \"dataset\": \"44b6_12dfb391\", \"frame\": 22, \"minimum_retention\": 0.9, \"primary_candidates\": 484, \"retention\": 0.890495867768595, \"use_primary\": true}\n"}
,{"stream_name":"stdout","time":1602.136012126,"data":"EDGE_TTA_ACTIVE views= 8 mean_abs_feat_delta= 0.364666\n"}
,{"stream_name":"stdout","time":1602.338647861,"data":"EDGE_TTA_ACTIVE views= 8 mean_abs_feat_delta= 0.364666\n"}
,{"stream_name":"stdout","time":1602.451708653,"data":"EDGE_TTA_ACTIVE views= 8 mean_abs_feat_delta= 0.343644\n"}
,{"stream_name":"stdout","time":1602.654387001,"data":"EDGE_TTA_ACTIVE views= 8 mean_abs_feat_delta= 0.343644\n"}
,{"stream_name":"stdout","time":1603.458016629,"data":"BIOHUB_RETENTION_GUARD {\"blended_candidates\": 433, \"dataset\": \"44b6_12dfb391\", \"frame\": 23, \"minimum_retention\": 0.9, \"primary_candidates\": 484, \"retention\": 0.8946280991735537, \"use_primary\": true}\n"}
,{"stream_name":"stdout","time":1603.660079482,"data":"BIOHUB_RETENTION_GUARD {\"blended_candidates\": 433, \"dataset\": \"44b6_12dfb391\", \"frame\": 23, \"minimum_retention\": 0.9, \"primary_candidates\": 484, \"retention\": 0.8946280991735537, \"use_primary\": true}\n"}
,{"stream_name":"stdout","time":1604.063300424,"data":"EDGE_TTA_ACTIVE views= 8 mean_abs_feat_delta= 0.35307\n"}
,{"stream_name":"stdout","time":1604.265566288,"data":"EDGE_TTA_ACTIVE views= 8 mean_abs_feat_delta= 0.35307\n"}
,{"stream_name":"stdout","time":1604.739331116,"data":"EDGE_TTA_ACTIVE views= 8 mean_abs_feat_delta= 0.346576\n"}
,{"stream_name":"stdout","time":1604.942007567,"data":"EDGE_TTA_ACTIVE views= 8 mean_abs_feat_delta= 0.346576\n"}
,{"stream_name":"stdout","time":1606.054677329,"data":"EDGE_TTA_ACTIVE views= 8 mean_abs_feat_delta= 0.342104\n"}
,{"stream_name":"stdout","time":1606.300499412,"data":"EDGE_TTA_ACTIVE views= 8 mean_abs_feat_delta= 0.342104\n"}
,{"stream_name":"stdout","time":1606.969363935,"data":"EDGE_TTA_ACTIVE views= 8 mean_abs_feat_delta= 0.351385\n"}
,{"stream_name":"stdout","time":1607.172097757,"data":"EDGE_TTA_ACTIVE views= 8 mean_abs_feat_delta= 0.351385\n"}
,{"stream_name":"stdout","time":1607.974141611,"data":"EDGE_TTA_ACTIVE views= 8 mean_abs_feat_delta= 0.340484\n"}
,{"stream_name":"stdout","time":1608.176797114,"data":"EDGE_TTA_ACTIVE views= 8 mean_abs_feat_delta= 0.340484\n"}
,{"stream_name":"stdout","time":1609.168671492,"data":"EDGE_TTA_ACTIVE views= 8 mean_abs_feat_delta= 0.352556\n"}
,{"stream_name":"stdout","time":1609.371066053,"data":"EDGE_TTA_ACTIVE views= 8 mean_abs_feat_delta= 0.352556\n"}
,{"stream_name":"stdout","time":1609.906558902,"data":"EDGE_TTA_ACTIVE views= 8 mean_abs_feat_delta= 0.356776\n"}
,{"stream_name":"stdout","time":1610.109180947,"data":"EDGE_TTA_ACTIVE views= 8 mean_abs_feat_delta= 0.356776\n"}
,{"stream_name":"stdout","time":1611.451839332,"data":"EDGE_TTA_ACTIVE views= 8 mean_abs_feat_delta= 0.350435\n"}
,{"stream_name":"stdout","time":1611.654258858,"data":"EDGE_TTA_ACTIVE views= 8 mean_abs_feat_delta= 0.350435\n"}
,{"stream_name":"stdout","time":1611.844841077,"data":"EDGE_TTA_ACTIVE views= 8 mean_abs_feat_delta= 0.355165\n"}
,{"stream_name":"stdout","time":1612.047495417,"data":"EDGE_TTA_ACTIVE views= 8 mean_abs_feat_delta= 0.355165\n"}
,{"stream_name":"stdout","time":1612.455940819,"data":"BIOHUB_RETENTION_GUARD {\"blended_candidates\": 451, \"dataset\": \"44b6_12dfb391\", \"frame\": 27, \"minimum_retention\": 0.9, \"primary_candidates\": 504, \"retention\": 0.8948412698412699, \"use_primary\": true}\n"}
,{"stream_name":"stdout","time":1612.658408515,"data":"BIOHUB_RETENTION_GUARD {\"blended_candidates\": 451, \"dataset\": \"44b6_12dfb391\", \"frame\": 27, \"minimum_retention\": 0.9, \"primary_candidates\": 504, \"retention\": 0.8948412698412699, \"use_primary\": true}\n"}
,{"stream_name":"stdout","time":1613.692274823,"data":"EDGE_TTA_ACTIVE views= 8 mean_abs_feat_delta= 0.351638\n"}
,{"stream_name":"stdout","time":1613.804203636,"data":"EDGE_TTA_ACTIVE views= 8 mean_abs_feat_delta= 0.355677\n"}
,{"stream_name":"stdout","time":1613.894911023,"data":"EDGE_TTA_ACTIVE views= 8 mean_abs_feat_delta= 0.351638\n"}
,{"stream_name":"stdout","time":1613.894939903,"data":"EDGE_TTA_ACTIVE views= 8 mean_abs_feat_delta= 0.355677\n"}
,{"stream_name":"stdout","time":1615.741869905,"data":"EDGE_TTA_ACTIVE views= 8 mean_abs_feat_delta= 0.358773\n"}
,{"stream_name":"stdout","time":1615.912974167,"data":"EDGE_TTA_ACTIVE views= 8 mean_abs_feat_delta= 0.3532\n"}
,{"stream_name":"stdout","time":1615.944451081,"data":"EDGE_TTA_ACTIVE views= 8 mean_abs_feat_delta= 0.358773\n"}
,{"stream_name":"stdout","time":1615.944477134,"data":"EDGE_TTA_ACTIVE views= 8 mean_abs_feat_delta= 0.3532\n"}
,{"stream_name":"stdout","time":1617.726957174,"data":"EDGE_TTA_ACTIVE views= 8 mean_abs_feat_delta= 0.357316\n"}
,{"stream_name":"stdout","time":1617.929664157,"data":"EDGE_TTA_ACTIVE views= 8 mean_abs_feat_delta= 0.357316\n"}
,{"stream_name":"stdout","time":1618.145573254,"data":"EDGE_TTA_ACTIVE views= 8 mean_abs_feat_delta= 0.350487\n"}
,{"stream_name":"stdout","time":1618.348151987,"data":"EDGE_TTA_ACTIVE views= 8 mean_abs_feat_delta= 0.350487\n"}
,{"stream_name":"stdout","time":1619.700152545,"data":"EDGE_TTA_ACTIVE views= 8 mean_abs_feat_delta= 0.358984\n"}
,{"stream_name":"stdout","time":1619.902826884,"data":"EDGE_TTA_ACTIVE views= 8 mean_abs_feat_delta= 0.358984\n"}
,{"stream_name":"stdout","time":1620.43930877,"data":"EDGE_TTA_ACTIVE views= 8 mean_abs_feat_delta= 0.348036\n"}
,{"stream_name":"stdout","time":1620.642260452,"data":"EDGE_TTA_ACTIVE views= 8 mean_abs_feat_delta= 0.348036\n"}
,{"stream_name":"stdout","time":1621.682356821,"data":"EDGE_TTA_ACTIVE views= 8 mean_abs_feat_delta= 0.372369\n"}
,{"stream_name":"stdout","time":1621.8849777,"data":"EDGE_TTA_ACTIVE views= 8 mean_abs_feat_delta= 0.372369\n"}
,{"stream_name":"stdout","time":1622.711442867,"data":"EDGE_TTA_ACTIVE views= 8 mean_abs_feat_delta= 0.346153\n"}
,{"stream_name":"stdout","time":1622.914499167,"data":"EDGE_TTA_ACTIVE views= 8 mean_abs_feat_delta= 0.346153\n"}
,{"stream_name":"stdout","time":1623.637413748,"data":"EDGE_TTA_ACTIVE views= 8 mean_abs_feat_delta= 0.382121\n"}
,{"stream_name":"stdout","time":1623.840272958,"data":"EDGE_TTA_ACTIVE views= 8 mean_abs_feat_delta= 0.382121\n"}
,{"stream_name":"stdout","time":1624.930533208,"data":"EDGE_TTA_ACTIVE views= 8 mean_abs_feat_delta= 0.343208\n"}
,{"stream_name":"stdout","time":1625.133152935,"data":"EDGE_TTA_ACTIVE views= 8 mean_abs_feat_delta= 0.343208\n"}
,{"stream_name":"stdout","time":1625.574843981,"data":"EDGE_TTA_ACTIVE views= 8 mean_abs_feat_delta= 0.389142\n"}
,{"stream_name":"stdout","time":1625.777823131,"data":"EDGE_TTA_ACTIVE views= 8 mean_abs_feat_delta= 0.389142\n"}
,{"stream_name":"stdout","time":1627.18724161,"data":"EDGE_TTA_ACTIVE views= 8 mean_abs_feat_delta= 0.345655\n"}
,{"stream_name":"stdout","time":1627.389992135,"data":"EDGE_TTA_ACTIVE views= 8 mean_abs_feat_delta= 0.345655\n"}
,{"stream_name":"stdout","time":1627.573137216,"data":"EDGE_TTA_ACTIVE views= 8 mean_abs_feat_delta= 0.415695\n"}
,{"stream_name":"stdout","time":1627.77580287,"data":"EDGE_TTA_ACTIVE views= 8 mean_abs_feat_delta= 0.415695\n"}
,{"stream_name":"stdout","time":1629.573825263,"data":"EDGE_TTA_ACTIVE views= 8 mean_abs_feat_delta= 0.401917\n"}
,{"stream_name":"stdout","time":1629.580488451,"data":"EDGE_TTA_ACTIVE views= 8 mean_abs_feat_delta= 0.348487\n"}
,{"stream_name":"stdout","time":1629.776499909,"data":"EDGE_TTA_ACTIVE views= 8 mean_abs_feat_delta= 0.401917\n"}
,{"stream_name":"stdout","time":1629.776536425,"data":"EDGE_TTA_ACTIVE views= 8 mean_abs_feat_delta= 0.348487\n"}
,{"stream_name":"stdout","time":1630.617408708,"data":"BIOHUB_RETENTION_GUARD {\"blended_candidates\": 449, \"dataset\": \"44b6_12dfb391\", \"frame\": 35, \"minimum_retention\": 0.9, \"primary_candidates\": 506, \"retention\": 0.8873517786561265, \"use_primary\": true}\n"}
,{"stream_name":"stdout","time":1630.820042191,"data":"BIOHUB_RETENTION_GUARD {\"blended_candidates\": 449, \"dataset\": \"44b6_12dfb391\", \"frame\": 35, \"minimum_retention\": 0.9, \"primary_candidates\": 506, \"retention\": 0.8873517786561265, \"use_primary\": true}\n"}
,{"stream_name":"stdout","time":1631.592605127,"data":"EDGE_TTA_ACTIVE views= 8 mean_abs_feat_delta= 0.408829\n"}
,{"stream_name":"stdout","time":1631.79541556,"data":"EDGE_TTA_ACTIVE views= 8 mean_abs_feat_delta= 0.408829\n"}
,{"stream_name":"stdout","time":1631.886813589,"data":"EDGE_TTA_ACTIVE views= 8 mean_abs_feat_delta= 0.348239\n"}
,{"stream_name":"stdout","time":1632.089584989,"data":"EDGE_TTA_ACTIVE views= 8 mean_abs_feat_delta= 0.348239\n"}
,{"stream_name":"stdout","time":1632.924005347,"data":"BIOHUB_RETENTION_GUARD {\"blended_candidates\": 452, \"dataset\": \"44b6_12dfb391\", \"frame\": 36, \"minimum_retention\": 0.9, \"primary_candidates\": 510, \"retention\": 0.8862745098039215, \"use_primary\": true}\n"}
,{"stream_name":"stdout","time":1633.126174931,"data":"BIOHUB_RETENTION_GUARD {\"blended_candidates\": 452, \"dataset\": \"44b6_12dfb391\", \"frame\": 36, \"minimum_retention\": 0.9, \"primary_candidates\": 510, \"retention\": 0.8862745098039215, \"use_primary\": true}\n"}
,{"stream_name":"stdout","time":1633.558133145,"data":"EDGE_TTA_ACTIVE views= 8 mean_abs_feat_delta= 0.405254\n"}
,{"stream_name":"stdout","time":1633.760721025,"data":"EDGE_TTA_ACTIVE views= 8 mean_abs_feat_delta= 0.405254\n"}
,{"stream_name":"stdout","time":1634.170405312,"data":"EDGE_TTA_ACTIVE views= 8 mean_abs_feat_delta= 0.347637\n"}
,{"stream_name":"stdout","time":1634.373014107,"data":"EDGE_TTA_ACTIVE views= 8 mean_abs_feat_delta= 0.347637\n"}
,{"stream_name":"stdout","time":1635.209179077,"data":"BIOHUB_RETENTION_GUARD {\"blended_candidates\": 459, \"dataset\": \"44b6_12dfb391\", \"frame\": 37, \"minimum_retention\": 0.9, \"primary_candidates\": 517, \"retention\": 0.8878143133462283, \"use_primary\": true}\n"}
,{"stream_name":"stdout","time":1635.411654953,"data":"BIOHUB_RETENTION_GUARD {\"blended_candidates\": 459, \"dataset\": \"44b6_12dfb391\", \"frame\": 37, \"minimum_retention\": 0.9, \"primary_candidates\": 517, \"retention\": 0.8878143133462283, \"use_primary\": true}\n"}
,{"stream_name":"stdout","time":1635.50546856,"data":"EDGE_TTA_ACTIVE views= 8 mean_abs_feat_delta= 0.414187\n"}
,{"stream_name":"stdout","time":1635.708179236,"data":"EDGE_TTA_ACTIVE views= 8 mean_abs_feat_delta= 0.414187\n"}
,{"stream_name":"stdout","time":1636.440061005,"data":"EDGE_TTA_ACTIVE views= 8 mean_abs_feat_delta= 0.347183\n"}
,{"stream_name":"stdout","time":1636.692469049,"data":"EDGE_TTA_ACTIVE views= 8 mean_abs_feat_delta= 0.347183\n"}
,{"stream_name":"stdout","time":1637.517120661,"data":"EDGE_TTA_ACTIVE views= 8 mean_abs_feat_delta= 0.407156\n"}
,{"stream_name":"stdout","time":1637.720866464,"data":"EDGE_TTA_ACTIVE views= 8 mean_abs_feat_delta= 0.407156\n"}
,{"stream_name":"stdout","time":1638.741391181,"data":"EDGE_TTA_ACTIVE views= 8 mean_abs_feat_delta= 0.347762\n"}
,{"stream_name":"stdout","time":1638.943860803,"data":"EDGE_TTA_ACTIVE views= 8 mean_abs_feat_delta= 0.347762\n"}
,{"stream_name":"stdout","time":1639.479444986,"data":"EDGE_TTA_ACTIVE views= 8 mean_abs_feat_delta= 0.390532\n"}
,{"stream_name":"stdout","time":1639.68190612,"data":"EDGE_TTA_ACTIVE views= 8 mean_abs_feat_delta= 0.390532\n"}
,{"stream_name":"stdout","time":1641.108682873,"data":"EDGE_TTA_ACTIVE views= 8 mean_abs_feat_delta= 0.349684\n"}
,{"stream_name":"stdout","time":1641.31125302,"data":"EDGE_TTA_ACTIVE views= 8 mean_abs_feat_delta= 0.349684\n"}
,{"stream_name":"stdout","time":1641.46516024,"data":"EDGE_TTA_ACTIVE views= 8 mean_abs_feat_delta= 0.375064\n"}
,{"stream_name":"stdout","time":1641.66755956,"data":"EDGE_TTA_ACTIVE views= 8 mean_abs_feat_delta= 0.375064\n"}
,{"stream_name":"stdout","time":1643.395411659,"data":"EDGE_TTA_ACTIVE views= 8 mean_abs_feat_delta= 0.352443\n"}
,{"stream_name":"stdout","time":1643.425870571,"data":"EDGE_TTA_ACTIVE views= 8 mean_abs_feat_delta= 0.357722\n"}
,{"stream_name":"stdout","time":1643.597955384,"data":"EDGE_TTA_ACTIVE views= 8 mean_abs_feat_delta= 0.352443\n"}
,{"stream_name":"stdout","time":1643.597999165,"data":"EDGE_TTA_ACTIVE views= 8 mean_abs_feat_delta= 0.357722\n"}
,{"stream_name":"stdout","time":1645.446284301,"data":"EDGE_TTA_ACTIVE views= 8 mean_abs_feat_delta= 0.377175\n"}
,{"stream_name":"stdout","time":1645.649104069,"data":"EDGE_TTA_ACTIVE views= 8 mean_abs_feat_delta= 0.377175\n"}
,{"stream_name":"stdout","time":1645.748577685,"data":"EDGE_TTA_ACTIVE views= 8 mean_abs_feat_delta= 0.352904\n"}
,{"stream_name":"stdout","time":1645.950860573,"data":"EDGE_TTA_ACTIVE views= 8 mean_abs_feat_delta= 0.352904\n"}
,{"stream_name":"stdout","time":1647.438384202,"data":"EDGE_TTA_ACTIVE views= 8 mean_abs_feat_delta= 0.370458\n"}
,{"stream_name":"stdout","time":1647.641313859,"data":"EDGE_TTA_ACTIVE views= 8 mean_abs_feat_delta= 0.370458\n"}
,{"stream_name":"stdout","time":1648.083179303,"data":"EDGE_TTA_ACTIVE views= 8 mean_abs_feat_delta= 0.355994\n"}
,{"stream_name":"stdout","time":1648.285636459,"data":"EDGE_TTA_ACTIVE views= 8 mean_abs_feat_delta= 0.355994\n"}
,{"stream_name":"stdout","time":1649.511378804,"data":"EDGE_TTA_ACTIVE views= 8 mean_abs_feat_delta= 0.358848\n"}
,{"stream_name":"stdout","time":1649.713907953,"data":"EDGE_TTA_ACTIVE views= 8 mean_abs_feat_delta= 0.358848\n"}
,{"stream_name":"stdout","time":1650.391201531,"data":"EDGE_TTA_ACTIVE views= 8 mean_abs_feat_delta= 0.362223\n"}
,{"stream_name":"stdout","time":1650.593612613,"data":"EDGE_TTA_ACTIVE views= 8 mean_abs_feat_delta= 0.362223\n"}
,{"stream_name":"stdout","time":1651.541359685,"data":"EDGE_TTA_ACTIVE views= 8 mean_abs_feat_delta= 0.382742\n"}
,{"stream_name":"stdout","time":1651.74383527,"data":"EDGE_TTA_ACTIVE views= 8 mean_abs_feat_delta= 0.382742\n"}
,{"stream_name":"stdout","time":1652.694149816,"data":"EDGE_TTA_ACTIVE views= 8 mean_abs_feat_delta= 0.364163\n"}
,{"stream_name":"stdout","time":1652.897357307,"data":"EDGE_TTA_ACTIVE views= 8 mean_abs_feat_delta= 0.364163\n"}
,{"stream_name":"stdout","time":1653.607711039,"data":"EDGE_TTA_ACTIVE views= 8 mean_abs_feat_delta= 0.415987\n"}
,{"stream_name":"stdout","time":1653.810445063,"data":"EDGE_TTA_ACTIVE views= 8 mean_abs_feat_delta= 0.415987\n"}
,{"stream_name":"stdout","time":1655.065954717,"data":"EDGE_TTA_ACTIVE views= 8 mean_abs_feat_delta= 0.360264\n"}
,{"stream_name":"stdout","time":1655.268586137,"data":"EDGE_TTA_ACTIVE views= 8 mean_abs_feat_delta= 0.360264\n"}
,{"stream_name":"stdout","time":1655.639791666,"data":"EDGE_TTA_ACTIVE views= 8 mean_abs_feat_delta= 0.378636\n"}
,{"stream_name":"stdout","time":1655.842548796,"data":"EDGE_TTA_ACTIVE views= 8 mean_abs_feat_delta= 0.378636\n"}
,{"stream_name":"stdout","time":1657.402111094,"data":"EDGE_TTA_ACTIVE views= 8 mean_abs_feat_delta= 0.356608\n"}
,{"stream_name":"stdout","time":1657.604657275,"data":"EDGE_TTA_ACTIVE views= 8 mean_abs_feat_delta= 0.356608\n"}
,{"stream_name":"stdout","time":1657.71924496,"data":"EDGE_TTA_ACTIVE views= 8 mean_abs_feat_delta= 0.374978\n"}
,{"stream_name":"stdout","time":1657.921595736,"data":"EDGE_TTA_ACTIVE views= 8 mean_abs_feat_delta= 0.374978\n"}
,{"stream_name":"stdout","time":1659.74456351,"data":"EDGE_TTA_ACTIVE views= 8 mean_abs_feat_delta= 0.354367\n"}
,{"stream_name":"stdout","time":1659.787472464,"data":"EDGE_TTA_ACTIVE views= 8 mean_abs_feat_delta= 0.383634\n"}
,{"stream_name":"stdout","time":1659.946893366,"data":"EDGE_TTA_ACTIVE views= 8 mean_abs_feat_delta= 0.354367\n"}
,{"stream_name":"stdout","time":1659.946923016,"data":"EDGE_TTA_ACTIVE views= 8 mean_abs_feat_delta= 0.383634\n"}
,{"stream_name":"stdout","time":1661.869318996,"data":"EDGE_TTA_ACTIVE views= 8 mean_abs_feat_delta= 0.382868\n"}
,{"stream_name":"stdout","time":1662.071719974,"data":"EDGE_TTA_ACTIVE views= 8 mean_abs_feat_delta= 0.382868\n"}
,{"stream_name":"stdout","time":1662.095157144,"data":"EDGE_TTA_ACTIVE views= 8 mean_abs_feat_delta= 0.354144\n"}
,{"stream_name":"stdout","time":1662.297809164,"data":"EDGE_TTA_ACTIVE views= 8 mean_abs_feat_delta= 0.354144\n"}
,{"stream_name":"stdout","time":1663.877001095,"data":"EDGE_TTA_ACTIVE views= 8 mean_abs_feat_delta= 0.371306\n"}
,{"stream_name":"stdout","time":1664.079633452,"data":"EDGE_TTA_ACTIVE views= 8 mean_abs_feat_delta= 0.371306\n"}
,{"stream_name":"stdout","time":1664.364129779,"data":"EDGE_TTA_ACTIVE views= 8 mean_abs_feat_delta= 0.352179\n"}
,{"stream_name":"stdout","time":1664.566817854,"data":"EDGE_TTA_ACTIVE views= 8 mean_abs_feat_delta= 0.352179\n"}
,{"stream_name":"stdout","time":1665.924263883,"data":"EDGE_TTA_ACTIVE views= 8 mean_abs_feat_delta= 0.370302\n"}
,{"stream_name":"stdout","time":1666.126940346,"data":"EDGE_TTA_ACTIVE views= 8 mean_abs_feat_delta= 0.370302\n"}
,{"stream_name":"stdout","time":1666.654306046,"data":"EDGE_TTA_ACTIVE views= 8 mean_abs_feat_delta= 0.354896\n"}
,{"stream_name":"stdout","time":1666.906063592,"data":"EDGE_TTA_ACTIVE views= 8 mean_abs_feat_delta= 0.354896\n"}
,{"stream_name":"stdout","time":1667.934586662,"data":"EDGE_TTA_ACTIVE views= 8 mean_abs_feat_delta= 0.37583\n"}
,{"stream_name":"stdout","time":1668.137383346,"data":"EDGE_TTA_ACTIVE views= 8 mean_abs_feat_delta= 0.37583\n"}
,{"stream_name":"stdout","time":1668.975378896,"data":"EDGE_TTA_ACTIVE views= 8 mean_abs_feat_delta= 0.350365\n"}
,{"stream_name":"stdout","time":1669.178132742,"data":"EDGE_TTA_ACTIVE views= 8 mean_abs_feat_delta= 0.350365\n"}
,{"stream_name":"stdout","time":1669.938420825,"data":"EDGE_TTA_ACTIVE views= 8 mean_abs_feat_delta= 0.368756\n"}
,{"stream_name":"stdout","time":1670.140923568,"data":"EDGE_TTA_ACTIVE views= 8 mean_abs_feat_delta= 0.368756\n"}
,{"stream_name":"stdout","time":1671.256038879,"data":"EDGE_TTA_ACTIVE views= 8 mean_abs_feat_delta= 0.347874\n"}
,{"stream_name":"stdout","time":1671.458749532,"data":"EDGE_TTA_ACTIVE views= 8 mean_abs_feat_delta= 0.347874\n"}
,{"stream_name":"stdout","time":1671.989215071,"data":"EDGE_TTA_ACTIVE views= 8 mean_abs_feat_delta= 0.352766\n"}
,{"stream_name":"stdout","time":1672.191767068,"data":"EDGE_TTA_ACTIVE views= 8 mean_abs_feat_delta= 0.352766\n"}
,{"stream_name":"stdout","time":1673.551212894,"data":"EDGE_TTA_ACTIVE views= 8 mean_abs_feat_delta= 0.349339\n"}
,{"stream_name":"stdout","time":1673.753906199,"data":"EDGE_TTA_ACTIVE views= 8 mean_abs_feat_delta= 0.349339\n"}
,{"stream_name":"stdout","time":1673.995811084,"data":"EDGE_TTA_ACTIVE views= 8 mean_abs_feat_delta= 0.366005\n"}
,{"stream_name":"stdout","time":1674.198610311,"data":"EDGE_TTA_ACTIVE views= 8 mean_abs_feat_delta= 0.366005\n"}
,{"stream_name":"stdout","time":1675.882023705,"data":"EDGE_TTA_ACTIVE views= 8 mean_abs_feat_delta= 0.350442\n"}
,{"stream_name":"stdout","time":1676.056019444,"data":"EDGE_TTA_ACTIVE views= 8 mean_abs_feat_delta= 0.365954\n"}
,{"stream_name":"stdout","time":1676.084419156,"data":"EDGE_TTA_ACTIVE views= 8 mean_abs_feat_delta= 0.350442\n"}
,{"stream_name":"stdout","time":1676.084488833,"data":"EDGE_TTA_ACTIVE views= 8 mean_abs_feat_delta= 0.365954\n"}
,{"stream_name":"stdout","time":1676.917280149,"data":"BIOHUB_RETENTION_GUARD {\"blended_candidates\": 471, \"dataset\": \"44b6_12dfb391\", \"frame\": 55, \"minimum_retention\": 0.9, \"primary_candidates\": 525, \"retention\": 0.8971428571428571, \"use_primary\": true}\n"}
,{"stream_name":"stdout","time":1677.119739255,"data":"BIOHUB_RETENTION_GUARD {\"blended_candidates\": 471, \"dataset\": \"44b6_12dfb391\", \"frame\": 55, \"minimum_retention\": 0.9, \"primary_candidates\": 525, \"retention\": 0.8971428571428571, \"use_primary\": true}\n"}
,{"stream_name":"stdout","time":1678.068469204,"data":"EDGE_TTA_ACTIVE views= 8 mean_abs_feat_delta= 0.362198\n"}
,{"stream_name":"stdout","time":1678.150536722,"data":"EDGE_TTA_ACTIVE views= 8 mean_abs_feat_delta= 0.350606\n"}
,{"stream_name":"stdout","time":1678.270939955,"data":"EDGE_TTA_ACTIVE views= 8 mean_abs_feat_delta= 0.362198\n"}
,{"stream_name":"stdout","time":1678.270968199,"data":"EDGE_TTA_ACTIVE views= 8 mean_abs_feat_delta= 0.350606\n"}
,{"stream_name":"stdout","time":1679.188105936,"data":"BIOHUB_RETENTION_GUARD {\"blended_candidates\": 466, \"dataset\": \"44b6_12dfb391\", \"frame\": 56, \"minimum_retention\": 0.9, \"primary_candidates\": 529, \"retention\": 0.8809073724007561, \"use_primary\": true}\n"}
,{"stream_name":"stdout","time":1679.390357565,"data":"BIOHUB_RETENTION_GUARD {\"blended_candidates\": 466, \"dataset\": \"44b6_12dfb391\", \"frame\": 56, \"minimum_retention\": 0.9, \"primary_candidates\": 529, \"retention\": 0.8809073724007561, \"use_primary\": true}\n"}
,{"stream_name":"stdout","time":1680.103515255,"data":"EDGE_TTA_ACTIVE views= 8 mean_abs_feat_delta= 0.35614\n"}
,{"stream_name":"stdout","time":1680.306096811,"data":"EDGE_TTA_ACTIVE views= 8 mean_abs_feat_delta= 0.35614\n"}
,{"stream_name":"stdout","time":1680.439324361,"data":"EDGE_TTA_ACTIVE views= 8 mean_abs_feat_delta= 0.351002\n"}
,{"stream_name":"stdout","time":1680.641764525,"data":"EDGE_TTA_ACTIVE views= 8 mean_abs_feat_delta= 0.351002\n"}
,{"stream_name":"stdout","time":1681.471976755,"data":"BIOHUB_RETENTION_GUARD {\"blended_candidates\": 463, \"dataset\": \"44b6_12dfb391\", \"frame\": 57, \"minimum_retention\": 0.9, \"primary_candidates\": 525, \"retention\": 0.8819047619047619, \"use_primary\": true}\n"}
,{"stream_name":"stdout","time":1681.674249352,"data":"BIOHUB_RETENTION_GUARD {\"blended_candidates\": 463, \"dataset\": \"44b6_12dfb391\", \"frame\": 57, \"minimum_retention\": 0.9, \"primary_candidates\": 525, \"retention\": 0.8819047619047619, \"use_primary\": true}\n"}
,{"stream_name":"stdout","time":1682.15448811,"data":"EDGE_TTA_ACTIVE views= 8 mean_abs_feat_delta= 0.360441\n"}
,{"stream_name":"stdout","time":1682.356931519,"data":"EDGE_TTA_ACTIVE views= 8 mean_abs_feat_delta= 0.360441\n"}
,{"stream_name":"stdout","time":1682.711349437,"data":"EDGE_TTA_ACTIVE views= 8 mean_abs_feat_delta= 0.351435\n"}
,{"stream_name":"stdout","time":1682.913702994,"data":"EDGE_TTA_ACTIVE views= 8 mean_abs_feat_delta= 0.351435\n"}
,{"stream_name":"stdout","time":1683.744112661,"data":"BIOHUB_RETENTION_GUARD {\"blended_candidates\": 462, \"dataset\": \"44b6_12dfb391\", \"frame\": 58, \"minimum_retention\": 0.9, \"primary_candidates\": 524, \"retention\": 0.8816793893129771, \"use_primary\": true}\n"}
,{"stream_name":"stdout","time":1683.946802004,"data":"BIOHUB_RETENTION_GUARD {\"blended_candidates\": 462, \"dataset\": \"44b6_12dfb391\", \"frame\": 58, \"minimum_retention\": 0.9, \"primary_candidates\": 524, \"retention\": 0.8816793893129771, \"use_primary\": true}\n"}
,{"stream_name":"stdout","time":1684.170401973,"data":"EDGE_TTA_ACTIVE views= 8 mean_abs_feat_delta= 0.346937\n"}
,{"stream_name":"stdout","time":1684.372849888,"data":"EDGE_TTA_ACTIVE views= 8 mean_abs_feat_delta= 0.346937\n"}
,{"stream_name":"stdout","time":1685.044916254,"data":"EDGE_TTA_ACTIVE views= 8 mean_abs_feat_delta= 0.350102\n"}
,{"stream_name":"stdout","time":1685.247564484,"data":"EDGE_TTA_ACTIVE views= 8 mean_abs_feat_delta= 0.350102\n"}
,{"stream_name":"stdout","time":1686.073167146,"data":"BIOHUB_RETENTION_GUARD {\"blended_candidates\": 458, \"dataset\": \"44b6_12dfb391\", \"frame\": 59, \"minimum_retention\": 0.9, \"primary_candidates\": 532, \"retention\": 0.8609022556390977, \"use_primary\": true}\n"}
,{"stream_name":"stdout","time":1686.19896619,"data":"EDGE_TTA_ACTIVE views= 8 mean_abs_feat_delta= 0.351835\n"}
,{"stream_name":"stdout","time":1686.275542409,"data":"BIOHUB_RETENTION_GUARD {\"blended_candidates\": 458, \"dataset\": \"44b6_12dfb391\", \"frame\": 59, \"minimum_retention\": 0.9, \"primary_candidates\": 532, \"retention\": 0.8609022556390977, \"use_primary\": true}\n"}
,{"stream_name":"stdout","time":1686.275593728,"data":"EDGE_TTA_ACTIVE views= 8 mean_abs_feat_delta= 0.351835\n"}
,{"stream_name":"stdout","time":1687.351231099,"data":"EDGE_TTA_ACTIVE views= 8 mean_abs_feat_delta= 0.347603\n"}
,{"stream_name":"stdout","time":1687.554074724,"data":"EDGE_TTA_ACTIVE views= 8 mean_abs_feat_delta= 0.347603\n"}
,{"stream_name":"stdout","time":1688.212087778,"data":"EDGE_TTA_ACTIVE views= 8 mean_abs_feat_delta= 0.354093\n"}
,{"stream_name":"stdout","time":1688.414499308,"data":"EDGE_TTA_ACTIVE views= 8 mean_abs_feat_delta= 0.354093\n"}
,{"stream_name":"stdout","time":1689.709328284,"data":"EDGE_TTA_ACTIVE views= 8 mean_abs_feat_delta= 0.347903\n"}
,{"stream_name":"stdout","time":1689.912160563,"data":"EDGE_TTA_ACTIVE views= 8 mean_abs_feat_delta= 0.347903\n"}
,{"stream_name":"stdout","time":1690.273895046,"data":"EDGE_TTA_ACTIVE views= 8 mean_abs_feat_delta= 0.359817\n"}
,{"stream_name":"stdout","time":1690.476489111,"data":"EDGE_TTA_ACTIVE views= 8 mean_abs_feat_delta= 0.359817\n"}
,{"stream_name":"stdout","time":1690.735569139,"data":"BIOHUB_RETENTION_GUARD {\"blended_candidates\": 462, \"dataset\": \"44b6_12dfb391\", \"frame\": 61, \"minimum_retention\": 0.9, \"primary_candidates\": 543, \"retention\": 0.850828729281768, \"use_primary\": true}\n"}
,{"stream_name":"stdout","time":1690.937865922,"data":"BIOHUB_RETENTION_GUARD {\"blended_candidates\": 462, \"dataset\": \"44b6_12dfb391\", \"frame\": 61, \"minimum_retention\": 0.9, \"primary_candidates\": 543, \"retention\": 0.850828729281768, \"use_primary\": true}\n"}
,{"stream_name":"stdout","time":1691.994813954,"data":"EDGE_TTA_ACTIVE views= 8 mean_abs_feat_delta= 0.346794\n"}
,{"stream_name":"stdout","time":1692.197506778,"data":"EDGE_TTA_ACTIVE views= 8 mean_abs_feat_delta= 0.346794\n"}
,{"stream_name":"stdout","time":1692.319891799,"data":"EDGE_TTA_ACTIVE views= 8 mean_abs_feat_delta= 0.357588\n"}
,{"stream_name":"stdout","time":1692.522521151,"data":"EDGE_TTA_ACTIVE views= 8 mean_abs_feat_delta= 0.357588\n"}
,{"stream_name":"stdout","time":1694.308663434,"data":"EDGE_TTA_ACTIVE views= 8 mean_abs_feat_delta= 0.347265\n"}
,{"stream_name":"stdout","time":1694.370563202,"data":"EDGE_TTA_ACTIVE views= 8 mean_abs_feat_delta= 0.349183\n"}
,{"stream_name":"stdout","time":1694.511281276,"data":"EDGE_TTA_ACTIVE views= 8 mean_abs_feat_delta= 0.347265\n"}
,{"stream_name":"stdout","time":1694.51134765,"data":"EDGE_TTA_ACTIVE views= 8 mean_abs_feat_delta= 0.349183\n"}
,{"stream_name":"stdout","time":1695.335641484,"data":"BIOHUB_RETENTION_GUARD {\"blended_candidates\": 491, \"dataset\": \"44b6_12dfb391\", \"frame\": 63, \"minimum_retention\": 0.9, \"primary_candidates\": 548, \"retention\": 0.8959854014598541, \"use_primary\": true}\n"}
,{"stream_name":"stdout","time":1695.538302526,"data":"BIOHUB_RETENTION_GUARD {\"blended_candidates\": 491, \"dataset\": \"44b6_12dfb391\", \"frame\": 63, \"minimum_retention\": 0.9, \"primary_candidates\": 548, \"retention\": 0.8959854014598541, \"use_primary\": true}\n"}
,{"stream_name":"stdout","time":1696.438035439,"data":"EDGE_TTA_ACTIVE views= 8 mean_abs_feat_delta= 0.36472\n"}
,{"stream_name":"stdout","time":1696.640698702,"data":"EDGE_TTA_ACTIVE views= 8 mean_abs_feat_delta= 0.36472\n"}
,{"stream_name":"stdout","time":1696.644483967,"data":"EDGE_TTA_ACTIVE views= 8 mean_abs_feat_delta= 0.354895\n"}
,{"stream_name":"stdout","time":1696.846852148,"data":"EDGE_TTA_ACTIVE views= 8 mean_abs_feat_delta= 0.354895\n"}
,{"stream_name":"stdout","time":1698.509208104,"data":"EDGE_TTA_ACTIVE views= 8 mean_abs_feat_delta= 0.367291\n"}
,{"stream_name":"stdout","time":1698.761137427,"data":"EDGE_TTA_ACTIVE views= 8 mean_abs_feat_delta= 0.367291\n"}
,{"stream_name":"stdout","time":1698.933919618,"data":"EDGE_TTA_ACTIVE views= 8 mean_abs_feat_delta= 0.354989\n"}
,{"stream_name":"stdout","time":1699.136411142,"data":"EDGE_TTA_ACTIVE views= 8 mean_abs_feat_delta= 0.354989\n"}
,{"stream_name":"stdout","time":1700.576469298,"data":"EDGE_TTA_ACTIVE views= 8 mean_abs_feat_delta= 0.353095\n"}
,{"stream_name":"stdout","time":1700.778697927,"data":"EDGE_TTA_ACTIVE views= 8 mean_abs_feat_delta= 0.353095\n"}
,{"stream_name":"stdout","time":1701.186668368,"data":"EDGE_TTA_ACTIVE views= 8 mean_abs_feat_delta= 0.351351\n"}
,{"stream_name":"stdout","time":1701.389147279,"data":"EDGE_TTA_ACTIVE views= 8 mean_abs_feat_delta= 0.351351\n"}
,{"stream_name":"stdout","time":1702.904437881,"data":"EDGE_TTA_ACTIVE views= 8 mean_abs_feat_delta= 0.338254\n"}
,{"stream_name":"stdout","time":1703.10706942,"data":"EDGE_TTA_ACTIVE views= 8 mean_abs_feat_delta= 0.338254\n"}
,{"stream_name":"stdout","time":1703.470439275,"data":"EDGE_TTA_ACTIVE views= 8 mean_abs_feat_delta= 0.35502\n"}
,{"stream_name":"stdout","time":1703.672974936,"data":"EDGE_TTA_ACTIVE views= 8 mean_abs_feat_delta= 0.35502\n"}
,{"stream_name":"stdout","time":1705.014082028,"data":"EDGE_TTA_ACTIVE views= 8 mean_abs_feat_delta= 0.335377\n"}
,{"stream_name":"stdout","time":1705.216478335,"data":"EDGE_TTA_ACTIVE views= 8 mean_abs_feat_delta= 0.335377\n"}
,{"stream_name":"stdout","time":1705.720582864,"data":"EDGE_TTA_ACTIVE views= 8 mean_abs_feat_delta= 0.359205\n"}
,{"stream_name":"stdout","time":1705.923201898,"data":"EDGE_TTA_ACTIVE views= 8 mean_abs_feat_delta= 0.359205\n"}
,{"stream_name":"stdout","time":1706.752397961,"data":"BIOHUB_RETENTION_GUARD {\"blended_candidates\": 500, \"dataset\": \"44b6_12dfb391\", \"frame\": 68, \"minimum_retention\": 0.9, \"primary_candidates\": 560, \"retention\": 0.8928571428571429, \"use_primary\": true}\n"}
,{"stream_name":"stdout","time":1706.954656453,"data":"BIOHUB_RETENTION_GUARD {\"blended_candidates\": 500, \"dataset\": \"44b6_12dfb391\", \"frame\": 68, \"minimum_retention\": 0.9, \"primary_candidates\": 560, \"retention\": 0.8928571428571429, \"use_primary\": true}\n"}
,{"stream_name":"stdout","time":1707.063248113,"data":"EDGE_TTA_ACTIVE views= 8 mean_abs_feat_delta= 0.332103\n"}
,{"stream_name":"stdout","time":1707.265759993,"data":"EDGE_TTA_ACTIVE views= 8 mean_abs_feat_delta= 0.332103\n"}
,{"stream_name":"stdout","time":1708.005626175,"data":"EDGE_TTA_ACTIVE views= 8 mean_abs_feat_delta= 0.360613\n"}
,{"stream_name":"stdout","time":1708.208110803,"data":"EDGE_TTA_ACTIVE views= 8 mean_abs_feat_delta= 0.360613\n"}
,{"stream_name":"stdout","time":1709.035359015,"data":"BIOHUB_RETENTION_GUARD {\"blended_candidates\": 482, \"dataset\": \"44b6_12dfb391\", \"frame\": 69, \"minimum_retention\": 0.9, \"primary_candidates\": 570, \"retention\": 0.8456140350877193, \"use_primary\": true}\n"}
,{"stream_name":"stdout","time":1709.113255118,"data":"EDGE_TTA_ACTIVE views= 8 mean_abs_feat_delta= 0.336056\n"}
,{"stream_name":"stdout","time":1709.237372134,"data":"BIOHUB_RETENTION_GUARD {\"blended_candidates\": 482, \"dataset\": \"44b6_12dfb391\", \"frame\": 69, \"minimum_retention\": 0.9, \"primary_candidates\": 570, \"retention\": 0.8456140350877193, \"use_primary\": true}\n"}
,{"stream_name":"stdout","time":1709.237407765,"data":"EDGE_TTA_ACTIVE views= 8 mean_abs_feat_delta= 0.336056\n"}
,{"stream_name":"stdout","time":1710.284458123,"data":"EDGE_TTA_ACTIVE views= 8 mean_abs_feat_delta= 0.361421\n"}
,{"stream_name":"stdout","time":1710.486696224,"data":"EDGE_TTA_ACTIVE views= 8 mean_abs_feat_delta= 0.361421\n"}
,{"stream_name":"stdout","time":1711.141755669,"data":"EDGE_TTA_ACTIVE views= 8 mean_abs_feat_delta= 0.338817\n"}
,{"stream_name":"stdout","time":1711.31733249,"data":"BIOHUB_RETENTION_GUARD {\"blended_candidates\": 471, \"dataset\": \"44b6_12dfb391\", \"frame\": 70, \"minimum_retention\": 0.9, \"primary_candidates\": 545, \"retention\": 0.8642201834862385, \"use_primary\": true}\n"}
,{"stream_name":"stdout","time":1711.344393445,"data":"EDGE_TTA_ACTIVE views= 8 mean_abs_feat_delta= 0.338817\n"}
,{"stream_name":"stdout","time":1711.344469886,"data":"BIOHUB_RETENTION_GUARD {\"blended_candidates\": 471, \"dataset\": \"44b6_12dfb391\", \"frame\": 70, \"minimum_retention\": 0.9, \"primary_candidates\": 545, \"retention\": 0.8642201834862385, \"use_primary\": true}\n"}
,{"stream_name":"stdout","time":1712.612292242,"data":"EDGE_TTA_ACTIVE views= 8 mean_abs_feat_delta= 0.357184\n"}
,{"stream_name":"stdout","time":1712.814929086,"data":"EDGE_TTA_ACTIVE views= 8 mean_abs_feat_delta= 0.357184\n"}
,{"stream_name":"stdout","time":1713.189131275,"data":"EDGE_TTA_ACTIVE views= 8 mean_abs_feat_delta= 0.334961\n"}
,{"stream_name":"stdout","time":1713.391897239,"data":"EDGE_TTA_ACTIVE views= 8 mean_abs_feat_delta= 0.334961\n"}
,{"stream_name":"stdout","time":1713.645992404,"data":"BIOHUB_RETENTION_GUARD {\"blended_candidates\": 488, \"dataset\": \"44b6_12dfb391\", \"frame\": 71, \"minimum_retention\": 0.9, \"primary_candidates\": 555, \"retention\": 0.8792792792792793, \"use_primary\": true}\n"}
,{"stream_name":"stdout","time":1713.848382877,"data":"BIOHUB_RETENTION_GUARD {\"blended_candidates\": 488, \"dataset\": \"44b6_12dfb391\", \"frame\": 71, \"minimum_retention\": 0.9, \"primary_candidates\": 555, \"retention\": 0.8792792792792793, \"use_primary\": true}\n"}
,{"stream_name":"stdout","time":1714.942589642,"data":"EDGE_TTA_ACTIVE views= 8 mean_abs_feat_delta= 0.360613\n"}
,{"stream_name":"stdout","time":1715.145100024,"data":"EDGE_TTA_ACTIVE views= 8 mean_abs_feat_delta= 0.360613\n"}
,{"stream_name":"stdout","time":1715.255974189,"data":"EDGE_TTA_ACTIVE views= 8 mean_abs_feat_delta= 0.344979\n"}
,{"stream_name":"stdout","time":1715.458611225,"data":"EDGE_TTA_ACTIVE views= 8 mean_abs_feat_delta= 0.344979\n"}
,{"stream_name":"stdout","time":1715.975479257,"data":"BIOHUB_RETENTION_GUARD {\"blended_candidates\": 487, \"dataset\": \"44b6_12dfb391\", \"frame\": 72, \"minimum_retention\": 0.9, \"primary_candidates\": 555, \"retention\": 0.8774774774774775, \"use_primary\": true}\n"}
,{"stream_name":"stdout","time":1716.177732481,"data":"BIOHUB_RETENTION_GUARD {\"blended_candidates\": 487, \"dataset\": \"44b6_12dfb391\", \"frame\": 72, \"minimum_retention\": 0.9, \"primary_candidates\": 555, \"retention\": 0.8774774774774775, \"use_primary\": true}\n"}
,{"stream_name":"stdout","time":1717.258661039,"data":"EDGE_TTA_ACTIVE views= 8 mean_abs_feat_delta= 0.361988\n"}
,{"stream_name":"stdout","time":1717.304674378,"data":"EDGE_TTA_ACTIVE views= 8 mean_abs_feat_delta= 0.347989\n"}
,{"stream_name":"stdout","time":1717.461298747,"data":"EDGE_TTA_ACTIVE views= 8 mean_abs_feat_delta= 0.361988\n"}
,{"stream_name":"stdout","time":1717.461330977,"data":"EDGE_TTA_ACTIVE views= 8 mean_abs_feat_delta= 0.347989\n"}
,{"stream_name":"stdout","time":1719.3535578,"data":"EDGE_TTA_ACTIVE views= 8 mean_abs_feat_delta= 0.350829\n"}
,{"stream_name":"stdout","time":1719.55637067,"data":"EDGE_TTA_ACTIVE views= 8 mean_abs_feat_delta= 0.350829\n"}
,{"stream_name":"stdout","time":1719.574047747,"data":"EDGE_TTA_ACTIVE views= 8 mean_abs_feat_delta= 0.361343\n"}
,{"stream_name":"stdout","time":1719.776387553,"data":"EDGE_TTA_ACTIVE views= 8 mean_abs_feat_delta= 0.361343\n"}
,{"stream_name":"stdout","time":1720.60942097,"data":"BIOHUB_RETENTION_GUARD {\"blended_candidates\": 504, \"dataset\": \"44b6_12dfb391\", \"frame\": 74, \"minimum_retention\": 0.9, \"primary_candidates\": 564, \"retention\": 0.8936170212765957, \"use_primary\": true}\n"}
,{"stream_name":"stdout","time":1720.811785837,"data":"BIOHUB_RETENTION_GUARD {\"blended_candidates\": 504, \"dataset\": \"44b6_12dfb391\", \"frame\": 74, \"minimum_retention\": 0.9, \"primary_candidates\": 564, \"retention\": 0.8936170212765957, \"use_primary\": true}\n"}
,{"stream_name":"stdout","time":1721.383677063,"data":"EDGE_TTA_ACTIVE views= 8 mean_abs_feat_delta= 0.344987\n"}
,{"stream_name":"stdout","time":1721.586299256,"data":"EDGE_TTA_ACTIVE views= 8 mean_abs_feat_delta= 0.344987\n"}
,{"stream_name":"stdout","time":1721.863731842,"data":"EDGE_TTA_ACTIVE views= 8 mean_abs_feat_delta= 0.364735\n"}
,{"stream_name":"stdout","time":1722.066254462,"data":"EDGE_TTA_ACTIVE views= 8 mean_abs_feat_delta= 0.364735\n"}
,{"stream_name":"stdout","time":1722.901124159,"data":"BIOHUB_RETENTION_GUARD {\"blended_candidates\": 468, \"dataset\": \"44b6_12dfb391\", \"frame\": 75, \"minimum_retention\": 0.9, \"primary_candidates\": 565, \"retention\": 0.8283185840707965, \"use_primary\": true}\n"}
,{"stream_name":"stdout","time":1723.103827644,"data":"BIOHUB_RETENTION_GUARD {\"blended_candidates\": 468, \"dataset\": \"44b6_12dfb391\", \"frame\": 75, \"minimum_retention\": 0.9, \"primary_candidates\": 565, \"retention\": 0.8283185840707965, \"use_primary\": true}\n"}
,{"stream_name":"stdout","time":1723.429801298,"data":"EDGE_TTA_ACTIVE views= 8 mean_abs_feat_delta= 0.329788\n"}
,{"stream_name":"stdout","time":1723.632609234,"data":"EDGE_TTA_ACTIVE views= 8 mean_abs_feat_delta= 0.329788\n"}
,{"stream_name":"stdout","time":1724.157808296,"data":"EDGE_TTA_ACTIVE views= 8 mean_abs_feat_delta= 0.359082\n"}
,{"stream_name":"stdout","time":1724.360709138,"data":"EDGE_TTA_ACTIVE views= 8 mean_abs_feat_delta= 0.359082\n"}
,{"stream_name":"stdout","time":1725.198788249,"data":"BIOHUB_RETENTION_GUARD {\"blended_candidates\": 507, \"dataset\": \"44b6_12dfb391\", \"frame\": 76, \"minimum_retention\": 0.9, \"primary_candidates\": 579, \"retention\": 0.8756476683937824, \"use_primary\": true}\n"}
,{"stream_name":"stdout","time":1725.401073417,"data":"BIOHUB_RETENTION_GUARD {\"blended_candidates\": 507, \"dataset\": \"44b6_12dfb391\", \"frame\": 76, \"minimum_retention\": 0.9, \"primary_candidates\": 579, \"retention\": 0.8756476683937824, \"use_primary\": true}\n"}
,{"stream_name":"stdout","time":1725.496261339,"data":"EDGE_TTA_ACTIVE views= 8 mean_abs_feat_delta= 0.329665\n"}
,{"stream_name":"stdout","time":1725.698869808,"data":"EDGE_TTA_ACTIVE views= 8 mean_abs_feat_delta= 0.329665\n"}
,{"stream_name":"stdout","time":1726.487910047,"data":"EDGE_TTA_ACTIVE views= 8 mean_abs_feat_delta= 0.356314\n"}
,{"stream_name":"stdout","time":1726.690313586,"data":"EDGE_TTA_ACTIVE views= 8 mean_abs_feat_delta= 0.356314\n"}
,{"stream_name":"stdout","time":1727.532141261,"data":"BIOHUB_RETENTION_GUARD {\"blended_candidates\": 503, \"dataset\": \"44b6_12dfb391\", \"frame\": 77, \"minimum_retention\": 0.9, \"primary_candidates\": 582, \"retention\": 0.8642611683848798, \"use_primary\": true}\n"}
,{"stream_name":"stdout","time":1727.624122242,"data":"EDGE_TTA_ACTIVE views= 8 mean_abs_feat_delta= 0.325406\n"}
,{"stream_name":"stdout","time":1727.734737816,"data":"BIOHUB_RETENTION_GUARD {\"blended_candidates\": 503, \"dataset\": \"44b6_12dfb391\", \"frame\": 77, \"minimum_retention\": 0.9, \"primary_candidates\": 582, \"retention\": 0.8642611683848798, \"use_primary\": true}\n"}
,{"stream_name":"stdout","time":1727.734794316,"data":"EDGE_TTA_ACTIVE views= 8 mean_abs_feat_delta= 0.325406\n"}
,{"stream_name":"stdout","time":1728.82080938,"data":"EDGE_TTA_ACTIVE views= 8 mean_abs_feat_delta= 0.35617\n"}
,{"stream_name":"stdout","time":1729.076805264,"data":"EDGE_TTA_ACTIVE views= 8 mean_abs_feat_delta= 0.35617\n"}
,{"stream_name":"stdout","time":1729.69137008,"data":"EDGE_TTA_ACTIVE views= 8 mean_abs_feat_delta= 0.337377\n"}
,{"stream_name":"stdout","time":1729.861160222,"data":"BIOHUB_RETENTION_GUARD {\"blended_candidates\": 519, \"dataset\": \"44b6_12dfb391\", \"frame\": 78, \"minimum_retention\": 0.9, \"primary_candidates\": 585, \"retention\": 0.8871794871794871, \"use_primary\": true}\n"}
,{"stream_name":"stdout","time":1729.89392907,"data":"EDGE_TTA_ACTIVE views= 8 mean_abs_feat_delta= 0.337377\n"}
,{"stream_name":"stdout","time":1729.893953979,"data":"BIOHUB_RETENTION_GUARD {\"blended_candidates\": 519, \"dataset\": \"44b6_12dfb391\", \"frame\": 78, \"minimum_retention\": 0.9, \"primary_candidates\": 585, \"retention\": 0.8871794871794871, \"use_primary\": true}\n"}
,{"stream_name":"stdout","time":1731.184366334,"data":"EDGE_TTA_ACTIVE views= 8 mean_abs_feat_delta= 0.351982\n"}
,{"stream_name":"stdout","time":1731.387102332,"data":"EDGE_TTA_ACTIVE views= 8 mean_abs_feat_delta= 0.351982\n"}
,{"stream_name":"stdout","time":1731.860451404,"data":"EDGE_TTA_ACTIVE views= 8 mean_abs_feat_delta= 0.336612\n"}
,{"stream_name":"stdout","time":1732.063046415,"data":"EDGE_TTA_ACTIVE views= 8 mean_abs_feat_delta= 0.336612\n"}
,{"stream_name":"stdout","time":1733.5490498,"data":"EDGE_TTA_ACTIVE views= 8 mean_abs_feat_delta= 0.35395\n"}
,{"stream_name":"stdout","time":1733.751750144,"data":"EDGE_TTA_ACTIVE views= 8 mean_abs_feat_delta= 0.35395\n"}
,{"stream_name":"stdout","time":1733.966116157,"data":"EDGE_TTA_ACTIVE views= 8 mean_abs_feat_delta= 0.340573\n"}
,{"stream_name":"stdout","time":1734.168732699,"data":"EDGE_TTA_ACTIVE views= 8 mean_abs_feat_delta= 0.340573\n"}
,{"stream_name":"stdout","time":1735.949597395,"data":"EDGE_TTA_ACTIVE views= 8 mean_abs_feat_delta= 0.35797\n"}
,{"stream_name":"stdout","time":1736.054813966,"data":"EDGE_TTA_ACTIVE views= 8 mean_abs_feat_delta= 0.34851\n"}
,{"stream_name":"stdout","time":1736.152607475,"data":"EDGE_TTA_ACTIVE views= 8 mean_abs_feat_delta= 0.35797\n"}
,{"stream_name":"stdout","time":1736.152676874,"data":"EDGE_TTA_ACTIVE views= 8 mean_abs_feat_delta= 0.34851\n"}
,{"stream_name":"stdout","time":1738.18853752,"data":"EDGE_TTA_ACTIVE views= 8 mean_abs_feat_delta= 0.344922\n"}
,{"stream_name":"stdout","time":1738.282857525,"data":"EDGE_TTA_ACTIVE views= 8 mean_abs_feat_delta= 0.358939\n"}
,{"stream_name":"stdout","time":1738.391222514,"data":"EDGE_TTA_ACTIVE views= 8 mean_abs_feat_delta= 0.344922\n"}
,{"stream_name":"stdout","time":1738.391277164,"data":"EDGE_TTA_ACTIVE views= 8 mean_abs_feat_delta= 0.358939\n"}
,{"stream_name":"stdout","time":1740.353543461,"data":"EDGE_TTA_ACTIVE views= 8 mean_abs_feat_delta= 0.345806\n"}
,{"stream_name":"stdout","time":1740.556523849,"data":"EDGE_TTA_ACTIVE views= 8 mean_abs_feat_delta= 0.345806\n"}
,{"stream_name":"stdout","time":1740.635583797,"data":"EDGE_TTA_ACTIVE views= 8 mean_abs_feat_delta= 0.362662\n"}
,{"stream_name":"stdout","time":1740.838095299,"data":"EDGE_TTA_ACTIVE views= 8 mean_abs_feat_delta= 0.362662\n"}
,{"stream_name":"stdout","time":1741.678246455,"data":"BIOHUB_RETENTION_GUARD {\"blended_candidates\": 478, \"dataset\": \"44b6_12dfb391\", \"frame\": 83, \"minimum_retention\": 0.9, \"primary_candidates\": 555, \"retention\": 0.8612612612612612, \"use_primary\": true}\n"}
,{"stream_name":"stdout","time":1741.880150202,"data":"BIOHUB_RETENTION_GUARD {\"blended_candidates\": 478, \"dataset\": \"44b6_12dfb391\", \"frame\": 83, \"minimum_retention\": 0.9, \"primary_candidates\": 555, \"retention\": 0.8612612612612612, \"use_primary\": true}\n"}
,{"stream_name":"stdout","time":1742.475138017,"data":"EDGE_TTA_ACTIVE views= 8 mean_abs_feat_delta= 0.333012\n"}
,{"stream_name":"stdout","time":1742.677937352,"data":"EDGE_TTA_ACTIVE views= 8 mean_abs_feat_delta= 0.333012\n"}
,{"stream_name":"stdout","time":1743.004022835,"data":"EDGE_TTA_ACTIVE views= 8 mean_abs_feat_delta= 0.363086\n"}
,{"stream_name":"stdout","time":1743.206637387,"data":"EDGE_TTA_ACTIVE views= 8 mean_abs_feat_delta= 0.363086\n"}
,{"stream_name":"stdout","time":1744.044102421,"data":"BIOHUB_RETENTION_GUARD {\"blended_candidates\": 501, \"dataset\": \"44b6_12dfb391\", \"frame\": 84, \"minimum_retention\": 0.9, \"primary_candidates\": 566, \"retention\": 0.8851590106007067, \"use_primary\": true}\n"}
,{"stream_name":"stdout","time":1744.24631227,"data":"BIOHUB_RETENTION_GUARD {\"blended_candidates\": 501, \"dataset\": \"44b6_12dfb391\", \"frame\": 84, \"minimum_retention\": 0.9, \"primary_candidates\": 566, \"retention\": 0.8851590106007067, \"use_primary\": true}\n"}
,{"stream_name":"stdout","time":1744.553313386,"data":"EDGE_TTA_ACTIVE views= 8 mean_abs_feat_delta= 0.332183\n"}
,{"stream_name":"stdout","time":1744.755930961,"data":"EDGE_TTA_ACTIVE views= 8 mean_abs_feat_delta= 0.332183\n"}
,{"stream_name":"stdout","time":1745.404534268,"data":"EDGE_TTA_ACTIVE views= 8 mean_abs_feat_delta= 0.364785\n"}
,{"stream_name":"stdout","time":1745.607206952,"data":"EDGE_TTA_ACTIVE views= 8 mean_abs_feat_delta= 0.364785\n"}
,{"stream_name":"stdout","time":1746.692230071,"data":"EDGE_TTA_ACTIVE views= 8 mean_abs_feat_delta= 0.322487\n"}
,{"stream_name":"stdout","time":1746.894502728,"data":"EDGE_TTA_ACTIVE views= 8 mean_abs_feat_delta= 0.322487\n"}
,{"stream_name":"stdout","time":1747.85224816,"data":"EDGE_TTA_ACTIVE views= 8 mean_abs_feat_delta= 0.363892\n"}
,{"stream_name":"stdout","time":1748.055094636,"data":"EDGE_TTA_ACTIVE views= 8 mean_abs_feat_delta= 0.363892\n"}
,{"stream_name":"stdout","time":1750.351154836,"data":"EDGE_TTA_ACTIVE views= 8 mean_abs_feat_delta= 0.362041\n"}
,{"stream_name":"stdout","time":1750.553913124,"data":"EDGE_TTA_ACTIVE views= 8 mean_abs_feat_delta= 0.362041\n"}
,{"stream_name":"stdout","time":1752.903655372,"data":"EDGE_TTA_ACTIVE views= 8 mean_abs_feat_delta= 0.364393\n"}
,{"stream_name":"stdout","time":1753.106236066,"data":"EDGE_TTA_ACTIVE views= 8 mean_abs_feat_delta= 0.364393\n"}
,{"stream_name":"stdout","time":1755.445859152,"data":"EDGE_TTA_ACTIVE views= 8 mean_abs_feat_delta= 0.36832\n"}
,{"stream_name":"stdout","time":1755.647543999,"data":"EDGE_TTA_ACTIVE views= 8 mean_abs_feat_delta= 0.36832\n"}
,{"stream_name":"stdout","time":1756.482773445,"data":"BIOHUB_RETENTION_GUARD {\"blended_candidates\": 539, \"dataset\": \"44b6_12dfb391\", \"frame\": 89, \"minimum_retention\": 0.9, \"primary_candidates\": 618, \"retention\": 0.872168284789644, \"use_primary\": true}\n"}
,{"stream_name":"stdout","time":1756.685165777,"data":"BIOHUB_RETENTION_GUARD {\"blended_candidates\": 539, \"dataset\": \"44b6_12dfb391\", \"frame\": 89, \"minimum_retention\": 0.9, \"primary_candidates\": 618, \"retention\": 0.872168284789644, \"use_primary\": true}\n"}
,{"stream_name":"stdout","time":1757.848255775,"data":"EDGE_TTA_ACTIVE views= 8 mean_abs_feat_delta= 0.372337\n"}
,{"stream_name":"stdout","time":1758.050728448,"data":"EDGE_TTA_ACTIVE views= 8 mean_abs_feat_delta= 0.372337\n"}
,{"stream_name":"stdout","time":1758.885339558,"data":"BIOHUB_RETENTION_GUARD {\"blended_candidates\": 532, \"dataset\": \"44b6_12dfb391\", \"frame\": 90, \"minimum_retention\": 0.9, \"primary_candidates\": 595, \"retention\": 0.8941176470588236, \"use_primary\": true}\n"}
,{"stream_name":"stdout","time":1759.13237671,"data":"BIOHUB_RETENTION_GUARD {\"blended_candidates\": 532, \"dataset\": \"44b6_12dfb391\", \"frame\": 90, \"minimum_retention\": 0.9, \"primary_candidates\": 595, \"retention\": 0.8941176470588236, \"use_primary\": true}\n"}
,{"stream_name":"stdout","time":1760.218813191,"data":"EDGE_TTA_ACTIVE views= 8 mean_abs_feat_delta= 0.372351\n"}
,{"stream_name":"stdout","time":1760.42141304,"data":"EDGE_TTA_ACTIVE views= 8 mean_abs_feat_delta= 0.372351\n"}
,{"stream_name":"stdout","time":1762.594843668,"data":"EDGE_TTA_ACTIVE views= 8 mean_abs_feat_delta= 0.376977\n"}
,{"stream_name":"stdout","time":1762.797590286,"data":"EDGE_TTA_ACTIVE views= 8 mean_abs_feat_delta= 0.376977\n"}
,{"stream_name":"stdout","time":1764.977283553,"data":"EDGE_TTA_ACTIVE views= 8 mean_abs_feat_delta= 0.379308\n"}
,{"stream_name":"stdout","time":1765.180220738,"data":"EDGE_TTA_ACTIVE views= 8 mean_abs_feat_delta= 0.379308\n"}
,{"stream_name":"stdout","time":1767.378017174,"data":"EDGE_TTA_ACTIVE views= 8 mean_abs_feat_delta= 0.375447\n"}
,{"stream_name":"stdout","time":1767.580592072,"data":"EDGE_TTA_ACTIVE views= 8 mean_abs_feat_delta= 0.375447\n"}
,{"stream_name":"stdout","time":1767.930131447,"data":"EDGE_TTA_ACTIVE views= 8 mean_abs_feat_delta= 0.311164\n"}
,{"stream_name":"stdout","time":1768.132624859,"data":"EDGE_TTA_ACTIVE views= 8 mean_abs_feat_delta= 0.311164\n"}
,{"stream_name":"stdout","time":1768.42067228,"data":"BIOHUB_RETENTION_GUARD {\"blended_candidates\": 520, \"dataset\": \"44b6_12dfb391\", \"frame\": 94, \"minimum_retention\": 0.9, \"primary_candidates\": 583, \"retention\": 0.8919382504288165, \"use_primary\": true}\n"}
,{"stream_name":"stdout","time":1768.622752217,"data":"BIOHUB_RETENTION_GUARD {\"blended_candidates\": 520, \"dataset\": \"44b6_12dfb391\", \"frame\": 94, \"minimum_retention\": 0.9, \"primary_candidates\": 583, \"retention\": 0.8919382504288165, \"use_primary\": true}\n"}
,{"stream_name":"stdout","time":1768.930020831,"data":"PUBLIC946_GPU_SMOKE {\"arm\": \"B0\", \"association\": {\"actual_primary_logits_after_original_harmonic_fusion\": {\"all_finite\": true, \"device\": \"cuda:0\", \"dtype\": \"torch.float32\", \"numel\": 11448, \"shape\": [1, 106, 108], \"stride\": [11448, 108, 1]}, \"actual_secondary_feature_consumed\": true, \"actual_secondary_logits\": {\"all_finite\": true, \"device\": \"cuda:0\", \"dtype\": \"torch.float32\", \"numel\": 11448, \"shape\": [1, 106, 108], \"stride\": [11448, 108, 1]}, \"coordinate_grid\": {\"downsample\": [1.0, 4.0, 4.0], \"source\": {\"device\": \"cuda:0\", \"dtype\": \"torch.float32\", \"numel\": 318, \"shape\": [1, 106, 3], \"stride\": [106, 1, 106]}, \"target\": {\"device\": \"cuda:0\", \"dtype\": \"torch.float32\", \"numel\": 324, \"shape\": [1, 108, 3], \"stride\": [108, 1, 108]}}, \"diagnostic_edge_head_calls\": 1, \"diagnostic_encoder_calls\": 0, \"diagnostic_probabilities_used_in_production\": false, \"diagnostic_seconds\": 0.0097502139997232, \"frame_pair_index\": 0, \"primary_source_sampled_features\": {\"all_finite\": true, \"device\": \"cuda:0\", \"dtype\": \"torch.float32\", \"numel\": 3392, \"shape\": [1, 106, 32], \"stride\": [3392, 32, 1]}, \"primary_target_sampled_features\": {\"all_finite\": true, \"device\": \"cuda:0\", \"dtype\": \"torch.float32\", \"numel\": 3456, \"shape\": [1, 108, 32], \"stride\": [3456, 32, 1]}, \"probability_comparison_stage\": \"secondary edge-head softmax over parents, before original calibration and low-margin mixing\", \"probability_delta_vs_single_pass_same_coordinates\": {\"sample_elements\": 11448, \"sample_equal\": true, \"sample_max_abs_delta\": 0.0, \"sample_mean_abs_delta\": 0.0, \"sample_stride\": 1}, \"production_calls\": 1, \"same_low_margin_config\": {\"secondary_detection_weight\": 0.8, \"secondary_edge_weight\": 0.15, \"secondary_link_mode\": \"low_margin_consensus\"}, \"source_delta_vs_single_pass\": {\"sample_elements\": 3392, \"sample_equal\": true, \"sample_max_abs_delta\": 0.0, \"sample_mean_abs_delta\": 0.0, \"sample_stride\": 1}, \"source_sampled_features\": {\"all_finite\": true, \"device\": \"cuda:0\", \"dtype\": \"torch.float32\", \"numel\": 3392, \"shape\": [1, 106, 32], \"stride\": [3392, 32, 1]}, \"target_delta_vs_single_pass\": {\"sample_elements\": 3456, \"sample_equal\": true, \"sample_max_abs_delta\": 0.0, \"sample_mean_abs_delta\": 0.0, \"sample_stride\": 1}, \"target_sampled_features\": {\"all_finite\": true, \"device\": \"cuda:0\", \"dtype\": \"torch.float32\", \"numel\": 3456, \"shape\": [1, 108, 32], \"stride\": [3456, 32, 1]}}, \"association_calls\": 1, \"config\": {\"secondary_detection_weight\": 0.8, \"secondary_edge_weight\": 0.15, \"secondary_link_mode\": \"low_margin_consensus\"}, \"consumed_features\": {\"primary\": {\"all_finite\": true, \"delta_vs_single_pass\": {\"sample_elements\": 65536, \"sample_equal\": false, \"sample_max_abs_delta\": 0.9030689001083374, \"sample_mean_abs_delta\": 0.2139538824558258, \"sample_stride\": 256}, \"device\": \"cuda:0\", \"dtype\": \"torch.float32\", \"numel\": 16777216, \"original_encoded_feature_sample_unchanged\": true, \"same_storage_as_original\": false, \"shape\": [1, 2, 32, 64, 64, 64], \"single_pass\": {\"device\": \"cuda:0\", \"dtype\": \"torch.float32\", \"numel\": 16777216, \"shape\": [1, 2, 32, 64, 64, 64], \"stride\": [16777216, 8388608, 262144, 4096, 64, 1]}, \"stride\": [16777216, 8388608, 262144, 4096, 64, 1]}, \"secondary\": {\"all_finite\": true, \"delta_vs_single_pass\": {\"sample_elements\": 65536, \"sample_equal\": true, \"sample_max_abs_delta\": 0.0, \"sample_mean_abs_delta\": 0.0, \"sample_stride\": 256}, \"device\": \"cuda:0\", \"dtype\": \"torch.float32\", \"numel\": 16777216, \"original_encoded_feature_sample_unchanged\": true, \"same_storage_as_original\": true, \"shape\": [1, 2, 32, 64, 64, 64], \"single_pass\": {\"device\": \"cuda:0\", \"dtype\": \"torch.float32\", \"numel\": 16777216, \"shape\": [1, 2, 32, 64, 64, 64], \"stride\": [16777216, 8388608, 262144, 4096, 64, 1]}, \"stride\": [16777216, 8388608, 262144, 4096, 64, 1]}}, \"consumed_heatmaps\": [{\"all_finite\": true, \"device\": \"cuda:0\", \"dtype\": \"torch.float32\", \"numel\": 262144, \"shape\": [1, 1, 64, 64, 64], \"stride\": [262144, 262144, 4096, 64, 1]}, {\"all_finite\": true, \"device\": \"cuda:0\", \"dtype\": \"torch.float32\", \"numel\": 262144, \"shape\": [1, 1, 64, 64, 64], \"stride\": [262144, 262144, 4096, 64, 1]}], \"cuda_peak_allocated_bytes_process\": 728221696, \"cuda_peak_reserved_bytes_process\": 977272832, \"dataset\": \"44b6_341df25f\", \"encode_calls\": {\"primary\": 8, \"secondary\": 8}, \"encode_seconds\": {\"primary\": 1.0233741229999396, \"secondary\": 0.9437177849999898}, \"encode_views\": [{\"feature\": {\"device\": \"cuda:0\", \"dtype\": \"torch.float32\", \"numel\": 16777216, \"shape\": [1, 2, 32, 64, 64, 64], \"stride\": [16777216, 8388608, 262144, 4096, 64, 1]}, \"heatmap0\": {\"device\": \"cuda:0\", \"dtype\": \"torch.float32\", \"numel\": 262144, \"shape\": [1, 1, 64, 64, 64], \"stride\": [262144, 262144, 4096, 64, 1]}, \"input\": {\"device\": \"cuda:0\", \"dtype\": \"torch.float32\", \"numel\": 524288, \"shape\": [1, 2, 64, 64, 64], \"stride\": [524288, 262144, 4096, 64, 1]}, \"pass\": 1, \"role\": \"primary\"}, {\"feature\": {\"device\": \"cuda:0\", \"dtype\": \"torch.float32\", \"numel\": 16777216, \"shape\": [1, 2, 32, 64, 64, 64], \"stride\": [16777216, 8388608, 262144, 4096, 64, 1]}, \"heatmap0\": {\"device\": \"cuda:0\", \"dtype\": \"torch.float32\", \"numel\": 262144, \"shape\": [1, 1, 64, 64, 64], \"stride\": [262144, 262144, 4096, 64, 1]}, \"input\": {\"device\": \"cuda:0\", \"dtype\": \"torch.float32\", \"numel\": 524288, \"shape\": [1, 2, 64, 64, 64], \"stride\": [524288, 262144, 4096, 64, 1]}, \"pass\": 2, \"role\": \"primary\"}, {\"feature\": {\"device\": \"cuda:0\", \"dtype\": \"torch.float32\", \"numel\": 16777216, \"shape\": [1, 2, 32, 64, 64, 64], \"stride\": [16777216, 8388608, 262144, 4096, 64, 1]}, \"heatmap0\": {\"device\": \"cuda:0\", \"dtype\": \"torch.float32\", \"numel\": 262144, \"shape\": [1, 1, 64, 64, 64], \"stride\": [262144, 262144, 4096, 64, 1]}, \"input\": {\"device\": \"cuda:0\", \"dtype\": \"torch.float32\", \"numel\": 524288, \"shape\": [1, 2, 64, 64, 64], \"stride\": [524288, 262144, 4096, 64, 1]}, \"pass\": 3, \"role\": \"primary\"}, {\"feature\": {\"device\": \"cuda:0\", \"dtype\": \"torch.float32\", \"numel\": 16777216, \"shape\": [1, 2, 32, 64, 64, 64], \"stride\": [16777216, 8388608, 262144, 4096, 64, 1]}, \"heatmap0\": {\"device\": \"cuda:0\", \"dtype\": \"torch.float32\", \"numel\": 262144, \"shape\": [1, 1, 64, 64, 64], \"stride\": [262144, 262144, 4096, 64, 1]}, \"input\": {\"device\": \"cuda:0\", \"dtype\": \"torch.float32\", \"numel\": 524288, \"shape\": [1, 2, 64, 64, 64], \"stride\": [524288, 262144, 4096, 64, 1]}, \"pass\": 4, \"role\": \"primary\"}, {\"feature\": {\"device\": \"cuda:0\", \"dtype\": \"torch.float32\", \"numel\": 16777216, \"shape\": [1, 2, 32, 64, 64, 64], \"stride\": [16777216, 8388608, 262144, 4096, 64, 1]}, \"heatmap0\": {\"device\": \"cuda:0\", \"dtype\": \"torch.float32\", \"numel\": 262144, \"shape\": [1, 1, 64, 64, 64], \"stride\": [262144, 262144, 4096, 64, 1]}, \"input\": {\"device\": \"cuda:0\", \"dtype\": \"torch.float32\", \"numel\": 524288, \"shape\": [1, 2, 64, 64, 64], \"stride\": [524288, 262144, 4096, 1, 64]}, \"pass\": 5, \"role\": \"primary\"}, {\"feature\": {\"device\": \"cuda:0\", \"dtype\": \"torch.float32\", \"numel\": 16777216, \"shape\": [1, 2, 32, 64, 64, 64], \"stride\": [16777216, 8388608, 262144, 4096, 64, 1]}, \"heatmap0\": {\"device\": \"cuda:0\", \"dtype\": \"torch.float32\", \"numel\": 262144, \"shape\": [1, 1, 64, 64, 64], \"stride\": [262144, 262144, 4096, 64, 1]}, \"input\": {\"device\": \"cuda:0\", \"dtype\": \"torch.float32\", \"numel\": 524288, \"shape\": [1, 2, 64, 64, 64], \"stride\": [524288, 262144, 4096, 1, 64]}, \"pass\": 6, \"role\": \"primary\"}, {\"feature\": {\"device\": \"cuda:0\", \"dtype\": \"torch.float32\", \"numel\": 16777216, \"shape\": [1, 2, 32, 64, 64, 64], \"stride\": [16777216, 8388608, 262144, 4096, 64, 1]}, \"heatmap0\": {\"device\": \"cuda:0\", \"dtype\": \"torch.float32\", \"numel\": 262144, \"shape\": [1, 1, 64, 64, 64], \"stride\": [262144, 262144, 4096, 64, 1]}, \"input\": {\"device\": \"cuda:0\", \"dtype\": \"torch.float32\", \"numel\": 524288, \"shape\": [1, 2, 64, 64, 64], \"stride\": [524288, 262144, 4096, 1, 64]}, \"pass\": 7, \"role\": \"primary\"}, {\"feature\": {\"device\": \"cuda:0\", \"dtype\": \"torch.float32\", \"numel\": 16777216, \"shape\": [1, 2, 32, 64, 64, 64], \"stride\": [16777216, 8388608, 262144, 4096, 64, 1]}, \"heatmap0\": {\"device\": \"cuda:0\", \"dtype\": \"torch.float32\", \"numel\": 262144, \"shape\": [1, 1, 64, 64, 64], \"stride\": [262144, 262144, 4096, 64, 1]}, \"input\": {\"device\": \"cuda:0\", \"dtype\": \"torch.float32\", \"numel\": 524288, \"shape\": [1, 2, 64, 64, 64], \"stride\": [524288, 262144, 4096, 64, 1]}, \"pass\": 8, \"role\": \"primary\"}, {\"feature\": {\"device\": \"cuda:0\", \"dtype\": \"torch.float32\", \"numel\": 16777216, \"shape\": [1, 2, 32, 64, 64, 64], \"stride\": [16777216, 8388608, 262144, 4096, 64, 1]}, \"heatmap0\": {\"device\": \"cuda:0\", \"dtype\": \"torch.float32\", \"numel\": 262144, \"shape\": [1, 1, 64, 64, 64], \"stride\": [262144, 262144, 4096, 64, 1]}, \"input\": {\"device\": \"cuda:0\", \"dtype\": \"torch.float32\", \"numel\": 524288, \"shape\": [1, 2, 64, 64, 64], \"stride\": [524288, 262144, 4096, 64, 1]}, \"pass\": 1, \"role\": \"secondary\"}, {\"feature\": {\"device\": \"cuda:0\", \"dtype\": \"torch.float32\", \"numel\": 16777216, \"shape\": [1, 2, 32, 64, 64, 64], \"stride\": [16777216, 8388608, 262144, 4096, 64, 1]}, \"heatmap0\": {\"device\": \"cuda:0\", \"dtype\": \"torch.float32\", \"numel\": 262144, \"shape\": [1, 1, 64, 64, 64], \"stride\": [262144, 262144, 4096, 64, 1]}, \"input\": {\"device\": \"cuda:0\", \"dtype\": \"torch.float32\", \"numel\": 524288, \"shape\": [1, 2, 64, 64, 64], \"stride\": [524288, 262144, 4096, 64, 1]}, \"pass\": 2, \"role\": \"secondary\"}, {\"feature\": {\"device\": \"cuda:0\", \"dtype\": \"torch.float32\", \"numel\": 16777216, \"shape\": [1, 2, 32, 64, 64, 64], \"stride\": [16777216, 8388608, 262144, 4096, 64, 1]}, \"heatmap0\": {\"device\": \"cuda:0\", \"dtype\": \"torch.float32\", \"numel\": 262144, \"shape\": [1, 1, 64, 64, 64], \"stride\": [262144, 262144, 4096, 64, 1]}, \"input\": {\"device\": \"cuda:0\", \"dtype\": \"torch.float32\", \"numel\": 524288, \"shape\": [1, 2, 64, 64, 64], \"stride\": [524288, 262144, 4096, 64, 1]}, \"pass\": 3, \"role\": \"secondary\"}, {\"feature\": {\"device\": \"cuda:0\", \"dtype\": \"torch.float32\", \"numel\": 16777216, \"shape\": [1, 2, 32, 64, 64, 64], \"stride\": [16777216, 8388608, 262144, 4096, 64, 1]}, \"heatmap0\": {\"device\": \"cuda:0\", \"dtype\": \"torch.float32\", \"numel\": 262144, \"shape\": [1, 1, 64, 64, 64], \"stride\": [262144, 262144, 4096, 64, 1]}, \"input\": {\"device\": \"cuda:0\", \"dtype\": \"torch.float32\", \"numel\": 524288, \"shape\": [1, 2, 64, 64, 64], \"stride\": [524288, 262144, 4096, 64, 1]}, \"pass\": 4, \"role\": \"secondary\"}, {\"feature\": {\"device\": \"cuda:0\", \"dtype\": \"torch.float32\", \"numel\": 16777216, \"shape\": [1, 2, 32, 64, 64, 64], \"stride\": [16777216, 8388608, 262144, 4096, 64, 1]}, \"heatmap0\": {\"device\": \"cuda:0\", \"dtype\": \"torch.float32\", \"numel\": 262144, \"shape\": [1, 1, 64, 64, 64], \"stride\": [262144, 262144, 4096, 64, 1]}, \"input\": {\"device\": \"cuda:0\", \"dtype\": \"torch.float32\", \"numel\": 524288, \"shape\": [1, 2, 64, 64, 64], \"stride\": [524288, 262144, 4096, 1, 64]}, \"pass\": 5, \"role\": \"secondary\"}, {\"feature\": {\"device\": \"cuda:0\", \"dtype\": \"torch.float32\", \"numel\": 16777216, \"shape\": [1, 2, 32, 64, 64, 64], \"stride\": [16777216, 8388608, 262144, 4096, 64, 1]}, \"heatmap0\": {\"device\": \"cuda:0\", \"dtype\": \"torch.float32\", \"numel\": 262144, \"shape\": [1, 1, 64, 64, 64], \"stride\": [262144, 262144, 4096, 64, 1]}, \"input\": {\"device\": \"cuda:0\", \"dtype\": \"torch.float32\", \"numel\": 524288, \"shape\": [1, 2, 64, 64, 64], \"stride\": [524288, 262144, 4096, 1, 64]}, \"pass\": 6, \"role\": \"secondary\"}, {\"feature\": {\"device\": \"cuda:0\", \"dtype\": \"torch.float32\", \"numel\": 16777216, \"shape\": [1, 2, 32, 64, 64, 64], \"stride\": [16777216, 8388608, 262144, 4096, 64, 1]}, \"heatmap0\": {\"device\": \"cuda:0\", \"dtype\": \"torch.float32\", \"numel\": 262144, \"shape\": [1, 1, 64, 64, 64], \"stride\": [262144, 262144, 4096, 64, 1]}, \"input\": {\"device\": \"cuda:0\", \"dtype\": \"torch.float32\", \"numel\": 524288, \"shape\": [1, 2, 64, 64, 64], \"stride\": [524288, 262144, 4096, 1, 64]}, \"pass\": 7, \"role\": \"secondary\"}, {\"feature\": {\"device\": \"cuda:0\", \"dtype\": \"torch.float32\", \"numel\": 16777216, \"shape\": [1, 2, 32, 64, 64, 64], \"stride\": [16777216, 8388608, 262144, 4096, 64, 1]}, \"heatmap0\": {\"device\": \"cuda:0\", \"dtype\": \"torch.float32\", \"numel\": 262144, \"shape\": [1, 1, 64, 64, 64], \"stride\": [262144, 262144, 4096, 64, 1]}, \"input\": {\"device\": \"cuda:0\", \"dtype\": \"torch.float32\", \"numel\": 524288, \"shape\": [1, 2, 64, 64, 64], \"stride\": [524288, 262144, 4096, 64, 1]}, \"pass\": 8, \"role\": \"secondary\"}], \"event\": \"actual_predictor_window\", \"frames\": [0, 1], \"input\": {\"all_finite\": true, \"device\": \"cuda:0\", \"dtype\": \"torch.float32\", \"numel\": 524288, \"shape\": [1, 2, 64, 64, 64], \"stride\": [524288, 262144, 4096, 64, 1]}, \"input_parent\": \"/kaggle/input/competitions/biohub-cell-tracking-during-development/train\", \"seconds_including_common_audit\": 2.038163053000062, \"window_index\": 1, \"worker_execution_settings\": {\"autocast_enabled\": false, \"cuda_runtime\": \"12.8\", \"cudnn_allow_tf32\": true, \"cudnn_benchmark\": false, \"cudnn_deterministic\": false, \"default_dtype\": \"torch.float32\", \"deterministic_algorithms\": false, \"float32_matmul_precision\": \"highest\", \"gpu_name\": \"Tesla T4\", \"grad_enabled\": false, \"matmul_allow_tf32\": false, \"torch_initial_seed\": 5360244454392065974, \"torch_version\": \"2.10.0+cu128\"}}\n"}
,{"stream_name":"stdout","time":1769.133095744,"data":"PUBLIC946_GPU_SMOKE {\"arm\": \"B0\", \"association\": {\"actual_primary_logits_after_original_harmonic_fusion\": {\"all_finite\": true, \"device\": \"cuda:0\", \"dtype\": \"torch.float32\", \"numel\": 11448, \"shape\": [1, 106, 108], \"stride\": [11448, 108, 1]}, \"actual_secondary_feature_consumed\": true, \"actual_secondary_logits\": {\"all_finite\": true, \"device\": \"cuda:0\", \"dtype\": \"torch.float32\", \"numel\": 11448, \"shape\": [1, 106, 108], \"stride\": [11448, 108, 1]}, \"coordinate_grid\": {\"downsample\": [1.0, 4.0, 4.0], \"source\": {\"device\": \"cuda:0\", \"dtype\": \"torch.float32\", \"numel\": 318, \"shape\": [1, 106, 3], \"stride\": [106, 1, 106]}, \"target\": {\"device\": \"cuda:0\", \"dtype\": \"torch.float32\", \"numel\": 324, \"shape\": [1, 108, 3], \"stride\": [108, 1, 108]}}, \"diagnostic_edge_head_calls\": 1, \"diagnostic_encoder_calls\": 0, \"diagnostic_probabilities_used_in_production\": false, \"diagnostic_seconds\": 0.0097502139997232, \"frame_pair_index\": 0, \"primary_source_sampled_features\": {\"all_finite\": true, \"device\": \"cuda:0\", \"dtype\": \"torch.float32\", \"numel\": 3392, \"shape\": [1, 106, 32], \"stride\": [3392, 32, 1]}, \"primary_target_sampled_features\": {\"all_finite\": true, \"device\": \"cuda:0\", \"dtype\": \"torch.float32\", \"numel\": 3456, \"shape\": [1, 108, 32], \"stride\": [3456, 32, 1]}, \"probability_comparison_stage\": \"secondary edge-head softmax over parents, before original calibration and low-margin mixing\", \"probability_delta_vs_single_pass_same_coordinates\": {\"sample_elements\": 11448, \"sample_equal\": true, \"sample_max_abs_delta\": 0.0, \"sample_mean_abs_delta\": 0.0, \"sample_stride\": 1}, \"production_calls\": 1, \"same_low_margin_config\": {\"secondary_detection_weight\": 0.8, \"secondary_edge_weight\": 0.15, \"secondary_link_mode\": \"low_margin_consensus\"}, \"source_delta_vs_single_pass\": {\"sample_elements\": 3392, \"sample_equal\": true, \"sample_max_abs_delta\": 0.0, \"sample_mean_abs_delta\": 0.0, \"sample_stride\": 1}, \"source_sampled_features\": {\"all_finite\": true, \"device\": \"cuda:0\", \"dtype\": \"torch.float32\", \"numel\": 3392, \"shape\": [1, 106, 32], \"stride\": [3392, 32, 1]}, \"target_delta_vs_single_pass\": {\"sample_elements\": 3456, \"sample_equal\": true, \"sample_max_abs_delta\": 0.0, \"sample_mean_abs_delta\": 0.0, \"sample_stride\": 1}, \"target_sampled_features\": {\"all_finite\": true, \"device\": \"cuda:0\", \"dtype\": \"torch.float32\", \"numel\": 3456, \"shape\": [1, 108, 32], \"stride\": [3456, 32, 1]}}, \"association_calls\": 1, \"config\": {\"secondary_detection_weight\": 0.8, \"secondary_edge_weight\": 0.15, \"secondary_link_mode\": \"low_margin_consensus\"}, \"consumed_features\": {\"primary\": {\"all_finite\": true, \"delta_vs_single_pass\": {\"sample_elements\": 65536, \"sample_equal\": false, \"sample_max_abs_delta\": 0.9030689001083374, \"sample_mean_abs_delta\": 0.2139538824558258, \"sample_stride\": 256}, \"device\": \"cuda:0\", \"dtype\": \"torch.float32\", \"numel\": 16777216, \"original_encoded_feature_sample_unchanged\": true, \"same_storage_as_original\": false, \"shape\": [1, 2, 32, 64, 64, 64], \"single_pass\": {\"device\": \"cuda:0\", \"dtype\": \"torch.float32\", \"numel\": 16777216, \"shape\": [1, 2, 32, 64, 64, 64], \"stride\": [16777216, 8388608, 262144, 4096, 64, 1]}, \"stride\": [16777216, 8388608, 262144, 4096, 64, 1]}, \"secondary\": {\"all_finite\": true, \"delta_vs_single_pass\": {\"sample_elements\": 65536, \"sample_equal\": true, \"sample_max_abs_delta\": 0.0, \"sample_mean_abs_delta\": 0.0, \"sample_stride\": 256}, \"device\": \"cuda:0\", \"dtype\": \"torch.float32\", \"numel\": 16777216, \"original_encoded_feature_sample_unchanged\": true, \"same_storage_as_original\": true, \"shape\": [1, 2, 32, 64, 64, 64], \"single_pass\": {\"device\": \"cuda:0\", \"dtype\": \"torch.float32\", \"numel\": 16777216, \"shape\": [1, 2, 32, 64, 64, 64], \"stride\": [16777216, 8388608, 262144, 4096, 64, 1]}, \"stride\": [16777216, 8388608, 262144, 4096, 64, 1]}}, \"consumed_heatmaps\": [{\"all_finite\": true, \"device\": \"cuda:0\", \"dtype\": \"torch.float32\", \"numel\": 262144, \"shape\": [1, 1, 64, 64, 64], \"stride\": [262144, 262144, 4096, 64, 1]}, {\"all_finite\": true, \"device\": \"cuda:0\", \"dtype\": \"torch.float32\", \"numel\": 262144, \"shape\": [1, 1, 64, 64, 64], \"stride\": [262144, 262144, 4096, 64, 1]}], \"cuda_peak_allocated_bytes_process\": 728221696, \"cuda_peak_reserved_bytes_process\": 977272832, \"dataset\": \"44b6_341df25f\", \"encode_calls\": {\"primary\": 8, \"secondary\": 8}, \"encode_seconds\": {\"primary\": 1.0233741229999396, \"secondary\": 0.9437177849999898}, \"encode_views\": [{\"feature\": {\"device\": \"cuda:0\", \"dtype\": \"torch.float32\", \"numel\": 16777216, \"shape\": [1, 2, 32, 64, 64, 64], \"stride\": [16777216, 8388608, 262144, 4096, 64, 1]}, \"heatmap0\": {\"device\": \"cuda:0\", \"dtype\": \"torch.float32\", \"numel\": 262144, \"shape\": [1, 1, 64, 64, 64], \"stride\": [262144, 262144, 4096, 64, 1]}, \"input\": {\"device\": \"cuda:0\", \"dtype\": \"torch.float32\", \"numel\": 524288, \"shape\": [1, 2, 64, 64, 64], \"stride\": [524288, 262144, 4096, 64, 1]}, \"pass\": 1, \"role\": \"primary\"}, {\"feature\": {\"device\": \"cuda:0\", \"dtype\": \"torch.float32\", \"numel\": 16777216, \"shape\": [1, 2, 32, 64, 64, 64], \"stride\": [16777216, 8388608, 262144, 4096, 64, 1]}, \"heatmap0\": {\"device\": \"cuda:0\", \"dtype\": \"torch.float32\", \"numel\": 262144, \"shape\": [1, 1, 64, 64, 64], \"stride\": [262144, 262144, 4096, 64, 1]}, \"input\": {\"device\": \"cuda:0\", \"dtype\": \"torch.float32\", \"numel\": 524288, \"shape\": [1, 2, 64, 64, 64], \"stride\": [524288, 262144, 4096, 64, 1]}, \"pass\": 2, \"role\": \"primary\"}, {\"feature\": {\"device\": \"cuda:0\", \"dtype\": \"torch.float32\", \"numel\": 16777216, \"shape\": [1, 2, 32, 64, 64, 64], \"stride\": [16777216, 8388608, 262144, 4096, 64, 1]}, \"heatmap0\": {\"device\": \"cuda:0\", \"dtype\": \"torch.float32\", \"numel\": 262144, \"shape\": [1, 1, 64, 64, 64], \"stride\": [262144, 262144, 4096, 64, 1]}, \"input\": {\"device\": \"cuda:0\", \"dtype\": \"torch.float32\", \"numel\": 524288, \"shape\": [1, 2, 64, 64, 64], \"stride\": [524288, 262144, 4096, 64, 1]}, \"pass\": 3, \"role\": \"primary\"}, {\"feature\": {\"device\": \"cuda:0\", \"dtype\": \"torch.float32\", \"numel\": 16777216, \"shape\": [1, 2, 32, 64, 64, 64], \"stride\": [16777216, 8388608, 262144, 4096, 64, 1]}, \"heatmap0\": {\"device\": \"cuda:0\", \"dtype\": \"torch.float32\", \"numel\": 262144, \"shape\": [1, 1, 64, 64, 64], \"stride\": [262144, 262144, 4096, 64, 1]}, \"input\": {\"device\": \"cuda:0\", \"dtype\": \"torch.float32\", \"numel\": 524288, \"shape\": [1, 2, 64, 64, 64], \"stride\": [524288, 262144, 4096, 64, 1]}, \"pass\": 4, \"role\": \"primary\"}, {\"feature\": {\"device\": \"cuda:0\", \"dtype\": \"torch.float32\", \"numel\": 16777216, \"shape\": [1, 2, 32, 64, 64, 64], \"stride\": [16777216, 8388608, 262144, 4096, 64, 1]}, \"heatmap0\": {\"device\": \"cuda:0\", \"dtype\": \"torch.float32\", \"numel\": 262144, \"shape\": [1, 1, 64, 64, 64], \"stride\": [262144, 262144, 4096, 64, 1]}, \"input\": {\"device\": \"cuda:0\", \"dtype\": \"torch.float32\", \"numel\": 524288, \"shape\": [1, 2, 64, 64, 64], \"stride\": [524288, 262144, 4096, 1, 64]}, \"pass\": 5, \"role\": \"primary\"}, {\"feature\": {\"device\": \"cuda:0\", \"dtype\": \"torch.float32\", \"numel\": 16777216, \"shape\": [1, 2, 32, 64, 64, 64], \"stride\": [16777216, 8388608, 262144, 4096, 64, 1]}, \"heatmap0\": {\"device\": \"cuda:0\", \"dtype\": \"torch.float32\", \"numel\": 262144, \"shape\": [1, 1, 64, 64, 64], \"stride\": [262144, 262144, 4096, 64, 1]}, \"input\": {\"device\": \"cuda:0\", \"dtype\": \"torch.float32\", \"numel\": 524288, \"shape\": [1, 2, 64, 64, 64], \"stride\": [524288, 262144, 4096, 1, 64]}, \"pass\": 6, \"role\": \"primary\"}, {\"feature\": {\"device\": \"cuda:0\", \"dtype\": \"torch.float32\", \"numel\": 16777216, \"shape\": [1, 2, 32, 64, 64, 64], \"stride\": [16777216, 8388608, 262144, 4096, 64, 1]}, \"heatmap0\": {\"device\": \"cuda:0\", \"dtype\": \"torch.float32\", \"numel\": 262144, \"shape\": [1, 1, 64, 64, 64], \"stride\": [262144, 262144, 4096, 64, 1]}, \"input\": {\"device\": \"cuda:0\", \"dtype\": \"torch.float32\", \"numel\": 524288, \"shape\": [1, 2, 64, 64, 64], \"stride\": [524288, 262144, 4096, 1, 64]}, \"pass\": 7, \"role\": \"primary\"}, {\"feature\": {\"device\": \"cuda:0\", \"dtype\": \"torch.float32\", \"numel\": 16777216, \"shape\": [1, 2, 32, 64, 64, 64], \"stride\": [16777216, 8388608, 262144, 4096, 64, 1]}, \"heatmap0\": {\"device\": \"cuda:0\", \"dtype\": \"torch.float32\", \"numel\": 262144, \"shape\": [1, 1, 64, 64, 64], \"stride\": [262144, 262144, 4096, 64, 1]}, \"input\": {\"device\": \"cuda:0\", \"dtype\": \"torch.float32\", \"numel\": 524288, \"shape\": [1, 2, 64, 64, 64], \"stride\": [524288, 262144, 4096, 64, 1]}, \"pass\": 8, \"role\": \"primary\"}, {\"feature\": {\"device\": \"cuda:0\", \"dtype\": \"torch.float32\", \"numel\": 16777216, \"shape\": [1, 2, 32, 64, 64, 64], \"stride\": [16777216, 8388608, 262144, 4096, 64, 1]}, \"heatmap0\": {\"device\": \"cuda:0\", \"dtype\": \"torch.float32\", \"numel\": 262144, \"shape\": [1, 1, 64, 64, 64], \"stride\": [262144, 262144, 4096, 64, 1]}, \"input\": {\"device\": \"cuda:0\", \"dtype\": \"torch.float32\", \"numel\": 524288, \"shape\": [1, 2, 64, 64, 64], \"stride\": [524288, 262144, 4096, 64, 1]}, \"pass\": 1, \"role\": \"secondary\"}, {\"feature\": {\"device\": \"cuda:0\", \"dtype\": \"torch.float32\", \"numel\": 16777216, \"shape\": [1, 2, 32, 64, 64, 64], \"stride\": [16777216, 8388608, 262144, 4096, 64, 1]}, \"heatmap0\": {\"device\": \"cuda:0\", \"dtype\": \"torch.float32\", \"numel\": 262144, \"shape\": [1, 1, 64, 64, 64], \"stride\": [262144, 262144, 4096, 64, 1]}, \"input\": {\"device\": \"cuda:0\", \"dtype\": \"torch.float32\", \"numel\": 524288, \"shape\": [1, 2, 64, 64, 64], \"stride\": [524288, 262144, 4096, 64, 1]}, \"pass\": 2, \"role\": \"secondary\"}, {\"feature\": {\"device\": \"cuda:0\", \"dtype\": \"torch.float32\", \"numel\": 16777216, \"shape\": [1, 2, 32, 64, 64, 64], \"stride\": [16777216, 8388608, 262144, 4096, 64, 1]}, \"heatmap0\": {\"device\": \"cuda:0\", \"dtype\": \"torch.float32\", \"numel\": 262144, \"shape\": [1, 1, 64, 64, 64], \"stride\": [262144, 262144, 4096, 64, 1]}, \"input\": {\"device\": \"cuda:0\", \"dtype\": \"torch.float32\", \"numel\": 524288, \"shape\": [1, 2, 64, 64, 64], \"stride\": [524288, 262144, 4096, 64, 1]}, \"pass\": 3, \"role\": \"secondary\"}, {\"feature\": {\"device\": \"cuda:0\", \"dtype\": \"torch.float32\", \"numel\": 16777216, \"shape\": [1, 2, 32, 64, 64, 64], \"stride\": [16777216, 8388608, 262144, 4096, 64, 1]}, \"heatmap0\": {\"device\": \"cuda:0\", \"dtype\": \"torch.float32\", \"numel\": 262144, \"shape\": [1, 1, 64, 64, 64], \"stride\": [262144, 262144, 4096, 64, 1]}, \"input\": {\"device\": \"cuda:0\", \"dtype\": \"torch.float32\", \"numel\": 524288, \"shape\": [1, 2, 64, 64, 64], \"stride\": [524288, 262144, 4096, 64, 1]}, \"pass\": 4, \"role\": \"secondary\"}, {\"feature\": {\"device\": \"cuda:0\", \"dtype\": \"torch.float32\", \"numel\": 16777216, \"shape\": [1, 2, 32, 64, 64, 64], \"stride\": [16777216, 8388608, 262144, 4096, 64, 1]}, \"heatmap0\": {\"device\": \"cuda:0\", \"dtype\": \"torch.float32\", \"numel\": 262144, \"shape\": [1, 1, 64, 64, 64], \"stride\": [262144, 262144, 4096, 64, 1]}, \"input\": {\"device\": \"cuda:0\", \"dtype\": \"torch.float32\", \"numel\": 524288, \"shape\": [1, 2, 64, 64, 64], \"stride\": [524288, 262144, 4096, 1, 64]}, \"pass\": 5, \"role\": \"secondary\"}, {\"feature\": {\"device\": \"cuda:0\", \"dtype\": \"torch.float32\", \"numel\": 16777216, \"shape\": [1, 2, 32, 64, 64, 64], \"stride\": [16777216, 8388608, 262144, 4096, 64, 1]}, \"heatmap0\": {\"device\": \"cuda:0\", \"dtype\": \"torch.float32\", \"numel\": 262144, \"shape\": [1, 1, 64, 64, 64], \"stride\": [262144, 262144, 4096, 64, 1]}, \"input\": {\"device\": \"cuda:0\", \"dtype\": \"torch.float32\", \"numel\": 524288, \"shape\": [1, 2, 64, 64, 64], \"stride\": [524288, 262144, 4096, 1, 64]}, \"pass\": 6, \"role\": \"secondary\"}, {\"feature\": {\"device\": \"cuda:0\", \"dtype\": \"torch.float32\", \"numel\": 16777216, \"shape\": [1, 2, 32, 64, 64, 64], \"stride\": [16777216, 8388608, 262144, 4096, 64, 1]}, \"heatmap0\": {\"device\": \"cuda:0\", \"dtype\": \"torch.float32\", \"numel\": 262144, \"shape\": [1, 1, 64, 64, 64], \"stride\": [262144, 262144, 4096, 64, 1]}, \"input\": {\"device\": \"cuda:0\", \"dtype\": \"torch.float32\", \"numel\": 524288, \"shape\": [1, 2, 64, 64, 64], \"stride\": [524288, 262144, 4096, 1, 64]}, \"pass\": 7, \"role\": \"secondary\"}, {\"feature\": {\"device\": \"cuda:0\", \"dtype\": \"torch.float32\", \"numel\": 16777216, \"shape\": [1, 2, 32, 64, 64, 64], \"stride\": [16777216, 8388608, 262144, 4096, 64, 1]}, \"heatmap0\": {\"device\": \"cuda:0\", \"dtype\": \"torch.float32\", \"numel\": 262144, \"shape\": [1, 1, 64, 64, 64], \"stride\": [262144, 262144, 4096, 64, 1]}, \"input\": {\"device\": \"cuda:0\", \"dtype\": \"torch.float32\", \"numel\": 524288, \"shape\": [1, 2, 64, 64, 64], \"stride\": [524288, 262144, 4096, 64, 1]}, \"pass\": 8, \"role\": \"secondary\"}], \"event\": \"actual_predictor_window\", \"frames\": [0, 1], \"input\": {\"all_finite\": true, \"device\": \"cuda:0\", \"dtype\": \"torch.float32\", \"numel\": 524288, \"shape\": [1, 2, 64, 64, 64], \"stride\": [524288, 262144, 4096, 64, 1]}, \"input_parent\": \"/kaggle/input/competitions/biohub-cell-tracking-during-development/train\", \"seconds_including_common_audit\": 2.038163053000062, \"window_index\": 1, \"worker_execution_settings\": {\"autocast_enabled\": false, \"cuda_runtime\": \"12.8\", \"cudnn_allow_tf32\": true, \"cudnn_benchmark\": false, \"cudnn_deterministic\": false, \"default_dtype\": \"torch.float32\", \"deterministic_algorithms\": false, \"float32_matmul_precision\": \"highest\", \"gpu_name\": \"Tesla T4\", \"grad_enabled\": false, \"matmul_allow_tf32\": false, \"torch_initial_seed\": 5360244454392065974, \"torch_version\": \"2.10.0+cu128\"}}\n"}
,{"stream_name":"stdout","time":1769.822297261,"data":"EDGE_TTA_ACTIVE views= 8 mean_abs_feat_delta= 0.369974\n"}
,{"stream_name":"stdout","time":1770.024499461,"data":"EDGE_TTA_ACTIVE views= 8 mean_abs_feat_delta= 0.369974\n"}
,{"stream_name":"stdout","time":1770.02869744,"data":"EDGE_TTA_ACTIVE views= 8 mean_abs_feat_delta= 0.314772\n"}
,{"stream_name":"stdout","time":1770.231066772,"data":"EDGE_TTA_ACTIVE views= 8 mean_abs_feat_delta= 0.314772\n"}
,{"stream_name":"stdout","time":1772.086695184,"data":"EDGE_TTA_ACTIVE views= 8 mean_abs_feat_delta= 0.32\n"}
,{"stream_name":"stdout","time":1772.256562065,"data":"EDGE_TTA_ACTIVE views= 8 mean_abs_feat_delta= 0.373122\n"}
,{"stream_name":"stdout","time":1772.28927818,"data":"EDGE_TTA_ACTIVE views= 8 mean_abs_feat_delta= 0.32\n"}
,{"stream_name":"stdout","time":1772.289305143,"data":"EDGE_TTA_ACTIVE views= 8 mean_abs_feat_delta= 0.373122\n"}
,{"stream_name":"stdout","time":1774.11241486,"data":"EDGE_TTA_ACTIVE views= 8 mean_abs_feat_delta= 0.316482\n"}
,{"stream_name":"stdout","time":1774.314905216,"data":"EDGE_TTA_ACTIVE views= 8 mean_abs_feat_delta= 0.316482\n"}
,{"stream_name":"stdout","time":1774.564111284,"data":"EDGE_TTA_ACTIVE views= 8 mean_abs_feat_delta= 0.371747\n"}
,{"stream_name":"stdout","time":1774.766330583,"data":"EDGE_TTA_ACTIVE views= 8 mean_abs_feat_delta= 0.371747\n"}
,{"stream_name":"stdout","time":1776.150317223,"data":"EDGE_TTA_ACTIVE views= 8 mean_abs_feat_delta= 0.312516\n"}
,{"stream_name":"stdout","time":1776.352766702,"data":"EDGE_TTA_ACTIVE views= 8 mean_abs_feat_delta= 0.312516\n"}
,{"stream_name":"stdout","time":1776.981418206,"data":"EDGE_TTA_ACTIVE views= 8 mean_abs_feat_delta= 0.369424\n"}
,{"stream_name":"stdout","time":1777.183698934,"data":"EDGE_TTA_ACTIVE views= 8 mean_abs_feat_delta= 0.369424\n"}
,{"stream_name":"stdout","time":1778.257733765,"data":"EDGE_TTA_ACTIVE views= 8 mean_abs_feat_delta= 0.310284\n"}
,{"stream_name":"stdout","time":1778.460507869,"data":"EDGE_TTA_ACTIVE views= 8 mean_abs_feat_delta= 0.310284\n"}
,{"stream_name":"stdout","time":1779.314921393,"data":"EDGE_TTA_ACTIVE views= 8 mean_abs_feat_delta= 0.372871\n"}
,{"stream_name":"stdout","time":1779.517490071,"data":"EDGE_TTA_ACTIVE views= 8 mean_abs_feat_delta= 0.372871\n"}
,{"stream_name":"stdout","time":1780.387277492,"data":"EDGE_TTA_ACTIVE views= 8 mean_abs_feat_delta= 0.315039\n"}
,{"stream_name":"stdout","time":1780.59005376,"data":"EDGE_TTA_ACTIVE views= 8 mean_abs_feat_delta= 0.315039\n"}
,{"stream_name":"stdout","time":1782.475448426,"data":"EDGE_TTA_ACTIVE views= 8 mean_abs_feat_delta= 0.322123\n"}
,{"stream_name":"stdout","time":1782.678575791,"data":"EDGE_TTA_ACTIVE views= 8 mean_abs_feat_delta= 0.322123\n"}
,{"stream_name":"stdout","time":1784.661350385,"data":"EDGE_TTA_ACTIVE views= 8 mean_abs_feat_delta= 0.315226\n"}
,{"stream_name":"stdout","time":1784.863621964,"data":"EDGE_TTA_ACTIVE views= 8 mean_abs_feat_delta= 0.315226\n"}
,{"stream_name":"stdout","time":1786.773901168,"data":"EDGE_TTA_ACTIVE views= 8 mean_abs_feat_delta= 0.313017\n"}
,{"stream_name":"stdout","time":1786.976367397,"data":"EDGE_TTA_ACTIVE views= 8 mean_abs_feat_delta= 0.313017\n"}
,{"stream_name":"stdout","time":1788.980305961,"data":"EDGE_TTA_ACTIVE views= 8 mean_abs_feat_delta= 0.312427\n"}
,{"stream_name":"stdout","time":1789.275764568,"data":"EDGE_TTA_ACTIVE views= 8 mean_abs_feat_delta= 0.312427\n"}
,{"stream_name":"stdout","time":1791.230826563,"data":"EDGE_TTA_ACTIVE views= 8 mean_abs_feat_delta= 0.312244\n"}
,{"stream_name":"stdout","time":1791.433737222,"data":"EDGE_TTA_ACTIVE views= 8 mean_abs_feat_delta= 0.312244\n"}
,{"stream_name":"stdout","time":1793.446418847,"data":"EDGE_TTA_ACTIVE views= 8 mean_abs_feat_delta= 0.312161\n"}
,{"stream_name":"stdout","time":1793.648470508,"data":"EDGE_TTA_ACTIVE views= 8 mean_abs_feat_delta= 0.312161\n"}
,{"stream_name":"stdout","time":1795.648349094,"data":"EDGE_TTA_ACTIVE views= 8 mean_abs_feat_delta= 0.311033\n"}
,{"stream_name":"stdout","time":1795.850565396,"data":"EDGE_TTA_ACTIVE views= 8 mean_abs_feat_delta= 0.311033\n"}
,{"stream_name":"stdout","time":1797.779315022,"data":"EDGE_TTA_ACTIVE views= 8 mean_abs_feat_delta= 0.322725\n"}
,{"stream_name":"stdout","time":1797.982052792,"data":"EDGE_TTA_ACTIVE views= 8 mean_abs_feat_delta= 0.322725\n"}
,{"stream_name":"stdout","time":1799.906022511,"data":"EDGE_TTA_ACTIVE views= 8 mean_abs_feat_delta= 0.325293\n"}
,{"stream_name":"stdout","time":1800.108530016,"data":"EDGE_TTA_ACTIVE views= 8 mean_abs_feat_delta= 0.325293\n"}
,{"stream_name":"stdout","time":1802.118209487,"data":"EDGE_TTA_ACTIVE views= 8 mean_abs_feat_delta= 0.323346\n"}
,{"stream_name":"stdout","time":1802.320617586,"data":"EDGE_TTA_ACTIVE views= 8 mean_abs_feat_delta= 0.323346\n"}
,{"stream_name":"stdout","time":1804.27816659,"data":"EDGE_TTA_ACTIVE views= 8 mean_abs_feat_delta= 0.325491\n"}
,{"stream_name":"stdout","time":1804.480690829,"data":"EDGE_TTA_ACTIVE views= 8 mean_abs_feat_delta= 0.325491\n"}
,{"stream_name":"stdout","time":1806.466924491,"data":"EDGE_TTA_ACTIVE views= 8 mean_abs_feat_delta= 0.330746\n"}
,{"stream_name":"stdout","time":1806.669648881,"data":"EDGE_TTA_ACTIVE views= 8 mean_abs_feat_delta= 0.330746\n"}
,{"stream_name":"stdout","time":1808.711184493,"data":"EDGE_TTA_ACTIVE views= 8 mean_abs_feat_delta= 0.322777\n"}
,{"stream_name":"stdout","time":1808.913866747,"data":"EDGE_TTA_ACTIVE views= 8 mean_abs_feat_delta= 0.322777\n"}
,{"stream_name":"stdout","time":1810.909728656,"data":"EDGE_TTA_ACTIVE views= 8 mean_abs_feat_delta= 0.325178\n"}
,{"stream_name":"stdout","time":1811.112335515,"data":"EDGE_TTA_ACTIVE views= 8 mean_abs_feat_delta= 0.325178\n"}
,{"stream_name":"stdout","time":1813.20760873,"data":"EDGE_TTA_ACTIVE views= 8 mean_abs_feat_delta= 0.329767\n"}
,{"stream_name":"stdout","time":1813.410268791,"data":"EDGE_TTA_ACTIVE views= 8 mean_abs_feat_delta= 0.329767\n"}
,{"stream_name":"stdout","time":1815.572488185,"data":"EDGE_TTA_ACTIVE views= 8 mean_abs_feat_delta= 0.326202\n"}
,{"stream_name":"stdout","time":1815.774960817,"data":"EDGE_TTA_ACTIVE views= 8 mean_abs_feat_delta= 0.326202\n"}
,{"stream_name":"stdout","time":1817.881344935,"data":"EDGE_TTA_ACTIVE views= 8 mean_abs_feat_delta= 0.317502\n"}
,{"stream_name":"stdout","time":1818.083924575,"data":"EDGE_TTA_ACTIVE views= 8 mean_abs_feat_delta= 0.317502\n"}
,{"stream_name":"stdout","time":1820.250756029,"data":"EDGE_TTA_ACTIVE views= 8 mean_abs_feat_delta= 0.323159\n"}
,{"stream_name":"stdout","time":1820.511941327,"data":"EDGE_TTA_ACTIVE views= 8 mean_abs_feat_delta= 0.323159\n"}
,{"stream_name":"stdout","time":1822.630316305,"data":"EDGE_TTA_ACTIVE views= 8 mean_abs_feat_delta= 0.330965\n"}
,{"stream_name":"stdout","time":1822.83295235,"data":"EDGE_TTA_ACTIVE views= 8 mean_abs_feat_delta= 0.330965\n"}
,{"stream_name":"stdout","time":1825.02289342,"data":"EDGE_TTA_ACTIVE views= 8 mean_abs_feat_delta= 0.32822\n"}
,{"stream_name":"stdout","time":1825.225730559,"data":"EDGE_TTA_ACTIVE views= 8 mean_abs_feat_delta= 0.32822\n"}
,{"stream_name":"stdout","time":1826.117443065,"data":"BIOHUB_RETENTION_GUARD {\"blended_candidates\": 93, \"dataset\": \"44b6_341df25f\", \"frame\": 27, \"minimum_retention\": 0.9, \"primary_candidates\": 104, \"retention\": 0.8942307692307693, \"use_primary\": true}\n"}
,{"stream_name":"stdout","time":1826.320292934,"data":"BIOHUB_RETENTION_GUARD {\"blended_candidates\": 93, \"dataset\": \"44b6_341df25f\", \"frame\": 27, \"minimum_retention\": 0.9, \"primary_candidates\": 104, \"retention\": 0.8942307692307693, \"use_primary\": true}\n"}
,{"stream_name":"stdout","time":1827.40718228,"data":"EDGE_TTA_ACTIVE views= 8 mean_abs_feat_delta= 0.333586\n"}
,{"stream_name":"stdout","time":1827.609839724,"data":"EDGE_TTA_ACTIVE views= 8 mean_abs_feat_delta= 0.333586\n"}
,{"stream_name":"stdout","time":1829.773123228,"data":"EDGE_TTA_ACTIVE views= 8 mean_abs_feat_delta= 0.335857\n"}
,{"stream_name":"stdout","time":1829.975739072,"data":"EDGE_TTA_ACTIVE views= 8 mean_abs_feat_delta= 0.335857\n"}
,{"stream_name":"stdout","time":1830.062892821,"data":"EDGE_TTA_ACTIVE views= 8 mean_abs_feat_delta= 0.354264\n"}
,{"stream_name":"stdout","time":1830.265492586,"data":"EDGE_TTA_ACTIVE views= 8 mean_abs_feat_delta= 0.354264\n"}
,{"stream_name":"stdout","time":1831.044614938,"data":"BIOHUB_RETENTION_GUARD {\"blended_candidates\": 460, \"dataset\": \"44b6_2a2eff9f\", \"frame\": 0, \"minimum_retention\": 0.9, \"primary_candidates\": 559, \"retention\": 0.8228980322003577, \"use_primary\": true}\n"}
,{"stream_name":"stdout","time":1831.044940965,"data":"BIOHUB_RETENTION_GUARD {\"blended_candidates\": 460, \"dataset\": \"44b6_2a2eff9f\", \"frame\": 1, \"minimum_retention\": 0.9, \"primary_candidates\": 536, \"retention\": 0.8582089552238806, \"use_primary\": true}\n"}
,{"stream_name":"stdout","time":1831.219471974,"data":"PUBLIC946_GPU_SMOKE {\"arm\": \"B0\", \"association\": {\"actual_primary_logits_after_original_harmonic_fusion\": {\"all_finite\": true, \"device\": \"cuda:0\", \"dtype\": \"torch.float32\", \"numel\": 299624, \"shape\": [1, 559, 536], \"stride\": [299624, 536, 1]}, \"actual_secondary_feature_consumed\": true, \"actual_secondary_logits\": {\"all_finite\": true, \"device\": \"cuda:0\", \"dtype\": \"torch.float32\", \"numel\": 299624, \"shape\": [1, 559, 536], \"stride\": [299624, 536, 1]}, \"coordinate_grid\": {\"downsample\": [1.0, 4.0, 4.0], \"source\": {\"device\": \"cuda:0\", \"dtype\": \"torch.float32\", \"numel\": 1677, \"shape\": [1, 559, 3], \"stride\": [559, 1, 559]}, \"target\": {\"device\": \"cuda:0\", \"dtype\": \"torch.float32\", \"numel\": 1608, \"shape\": [1, 536, 3], \"stride\": [536, 1, 536]}}, \"diagnostic_edge_head_calls\": 1, \"diagnostic_encoder_calls\": 0, \"diagnostic_probabilities_used_in_production\": false, \"diagnostic_seconds\": 0.024895728000046802, \"frame_pair_index\": 0, \"primary_source_sampled_features\": {\"all_finite\": true, \"device\": \"cuda:0\", \"dtype\": \"torch.float32\", \"numel\": 17888, \"shape\": [1, 559, 32], \"stride\": [17888, 32, 1]}, \"primary_target_sampled_features\": {\"all_finite\": true, \"device\": \"cuda:0\", \"dtype\": \"torch.float32\", \"numel\": 17152, \"shape\": [1, 536, 32], \"stride\": [17152, 32, 1]}, \"probability_comparison_stage\": \"secondary edge-head softmax over parents, before original calibration and low-margin mixing\", \"probability_delta_vs_single_pass_same_coordinates\": {\"sample_elements\": 65536, \"sample_equal\": true, \"sample_max_abs_delta\": 0.0, \"sample_mean_abs_delta\": 0.0, \"sample_stride\": 4}, \"production_calls\": 1, \"same_low_margin_config\": {\"secondary_detection_weight\": 0.8, \"secondary_edge_weight\": 0.15, \"secondary_link_mode\": \"low_margin_consensus\"}, \"source_delta_vs_single_pass\": {\"sample_elements\": 17888, \"sample_equal\": true, \"sample_max_abs_delta\": 0.0, \"sample_mean_abs_delta\": 0.0, \"sample_stride\": 1}, \"source_sampled_features\": {\"all_finite\": true, \"device\": \"cuda:0\", \"dtype\": \"torch.float32\", \"numel\": 17888, \"shape\": [1, 559, 32], \"stride\": [17888, 32, 1]}, \"target_delta_vs_single_pass\": {\"sample_elements\": 17152, \"sample_equal\": true, \"sample_max_abs_delta\": 0.0, \"sample_mean_abs_delta\": 0.0, \"sample_stride\": 1}, \"target_sampled_features\": {\"all_finite\": true, \"device\": \"cuda:0\", \"dtype\": \"torch.float32\", \"numel\": 17152, \"shape\": [1, 536, 32], \"stride\": [17152, 32, 1]}}, \"association_calls\": 1, \"config\": {\"secondary_detection_weight\": 0.8, \"secondary_edge_weight\": 0.15, \"secondary_link_mode\": \"low_margin_consensus\"}, \"consumed_features\": {\"primary\": {\"all_finite\": true, \"delta_vs_single_pass\": {\"sample_elements\": 65536, \"sample_equal\": false, \"sample_max_abs_delta\": 1.6474889516830444, \"sample_mean_abs_delta\": 0.38497185707092285, \"sample_stride\": 256}, \"device\": \"cuda:0\", \"dtype\": \"torch.float32\", \"numel\": 16777216, \"original_encoded_feature_sample_unchanged\": true, \"same_storage_as_original\": false, \"shape\": [1, 2, 32, 64, 64, 64], \"single_pass\": {\"device\": \"cuda:0\", \"dtype\": \"torch.float32\", \"numel\": 16777216, \"shape\": [1, 2, 32, 64, 64, 64], \"stride\": [16777216, 8388608, 262144, 4096, 64, 1]}, \"stride\": [16777216, 8388608, 262144, 4096, 64, 1]}, \"secondary\": {\"all_finite\": true, \"delta_vs_single_pass\": {\"sample_elements\": 65536, \"sample_equal\": true, \"sample_max_abs_delta\": 0.0, \"sample_mean_abs_delta\": 0.0, \"sample_stride\": 256}, \"device\": \"cuda:0\", \"dtype\": \"torch.float32\", \"numel\": 16777216, \"original_encoded_feature_sample_unchanged\": true, \"same_storage_as_original\": true, \"shape\": [1, 2, 32, 64, 64, 64], \"single_pass\": {\"device\": \"cuda:0\", \"dtype\": \"torch.float32\", \"numel\": 16777216, \"shape\": [1, 2, 32, 64, 64, 64], \"stride\": [16777216, 8388608, 262144, 4096, 64, 1]}, \"stride\": [16777216, 8388608, 262144, 4096, 64, 1]}}, \"consumed_heatmaps\": [{\"all_finite\": true, \"device\": \"cuda:0\", \"dtype\": \"torch.float32\", \"numel\": 262144, \"shape\": [1, 1, 64, 64, 64], \"stride\": [262144, 262144, 4096, 64, 1]}, {\"all_finite\": true, \"device\": \"cuda:0\", \"dtype\": \"torch.float32\", \"numel\": 262144, \"shape\": [1, 1, 64, 64, 64], \"stride\": [262144, 262144, 4096, 64, 1]}], \"cuda_peak_allocated_bytes_process\": 728221696, \"cuda_peak_reserved_bytes_process\": 981467136, \"dataset\": \"44b6_2a2eff9f\", \"encode_calls\": {\"primary\": 8, \"secondary\": 8}, \"encode_seconds\": {\"primary\": 1.0393532859989136, \"secondary\": 0.9731983069996204}, \"encode_views\": [{\"feature\": {\"device\": \"cuda:0\", \"dtype\": \"torch.float32\", \"numel\": 16777216, \"shape\": [1, 2, 32, 64, 64, 64], \"stride\": [16777216, 8388608, 262144, 4096, 64, 1]}, \"heatmap0\": {\"device\": \"cuda:0\", \"dtype\": \"torch.float32\", \"numel\": 262144, \"shape\": [1, 1, 64, 64, 64], \"stride\": [262144, 262144, 4096, 64, 1]}, \"input\": {\"device\": \"cuda:0\", \"dtype\": \"torch.float32\", \"numel\": 524288, \"shape\": [1, 2, 64, 64, 64], \"stride\": [524288, 262144, 4096, 64, 1]}, \"pass\": 1, \"role\": \"primary\"}, {\"feature\": {\"device\": \"cuda:0\", \"dtype\": \"torch.float32\", \"numel\": 16777216, \"shape\": [1, 2, 32, 64, 64, 64], \"stride\": [16777216, 8388608, 262144, 4096, 64, 1]}, \"heatmap0\": {\"device\": \"cuda:0\", \"dtype\": \"torch.float32\", \"numel\": 262144, \"shape\": [1, 1, 64, 64, 64], \"stride\": [262144, 262144, 4096, 64, 1]}, \"input\": {\"device\": \"cuda:0\", \"dtype\": \"torch.float32\", \"numel\": 524288, \"shape\": [1, 2, 64, 64, 64], \"stride\": [524288, 262144, 4096, 64, 1]}, \"pass\": 2, \"role\": \"primary\"}, {\"feature\": {\"device\": \"cuda:0\", \"dtype\": \"torch.float32\", \"numel\": 16777216, \"shape\": [1, 2, 32, 64, 64, 64], \"stride\": [16777216, 8388608, 262144, 4096, 64, 1]}, \"heatmap0\": {\"device\": \"cuda:0\", \"dtype\": \"torch.float32\", \"numel\": 262144, \"shape\": [1, 1, 64, 64, 64], \"stride\": [262144, 262144, 4096, 64, 1]}, \"input\": {\"device\": \"cuda:0\", \"dtype\": \"torch.float32\", \"numel\": 524288, \"shape\": [1, 2, 64, 64, 64], \"stride\": [524288, 262144, 4096, 64, 1]}, \"pass\": 3, \"role\": \"primary\"}, {\"feature\": {\"device\": \"cuda:0\", \"dtype\": \"torch.float32\", \"numel\": 16777216, \"shape\": [1, 2, 32, 64, 64, 64], \"stride\": [16777216, 8388608, 262144, 4096, 64, 1]}, \"heatmap0\": {\"device\": \"cuda:0\", \"dtype\": \"torch.float32\", \"numel\": 262144, \"shape\": [1, 1, 64, 64, 64], \"stride\": [262144, 262144, 4096, 64, 1]}, \"input\": {\"device\": \"cuda:0\", \"dtype\": \"torch.float32\", \"numel\": 524288, \"shape\": [1, 2, 64, 64, 64], \"stride\": [524288, 262144, 4096, 64, 1]}, \"pass\": 4, \"role\": \"primary\"}, {\"feature\": {\"device\": \"cuda:0\", \"dtype\": \"torch.float32\", \"numel\": 16777216, \"shape\": [1, 2, 32, 64, 64, 64], \"stride\": [16777216, 8388608, 262144, 4096, 64, 1]}, \"heatmap0\": {\"device\": \"cuda:0\", \"dtype\": \"torch.float32\", \"numel\": 262144, \"shape\": [1, 1, 64, 64, 64], \"stride\": [262144, 262144, 4096, 64, 1]}, \"input\": {\"device\": \"cuda:0\", \"dtype\": \"torch.float32\", \"numel\": 524288, \"shape\": [1, 2, 64, 64, 64], \"stride\": [524288, 262144, 4096, 1, 64]}, \"pass\": 5, \"role\": \"primary\"}, {\"feature\": {\"device\": \"cuda:0\", \"dtype\": \"torch.float32\", \"numel\": 16777216, \"shape\": [1, 2, 32, 64, 64, 64], \"stride\": [16777216, 8388608, 262144, 4096, 64, 1]}, \"heatmap0\": {\"device\": \"cuda:0\", \"dtype\": \"torch.float32\", \"numel\": 262144, \"shape\": [1, 1, 64, 64, 64], \"stride\": [262144, 262144, 4096, 64, 1]}, \"input\": {\"device\": \"cuda:0\", \"dtype\": \"torch.float32\", \"numel\": 524288, \"shape\": [1, 2, 64, 64, 64], \"stride\": [524288, 262144, 4096, 1, 64]}, \"pass\": 6, \"role\": \"primary\"}, {\"feature\": {\"device\": \"cuda:0\", \"dtype\": \"torch.float32\", \"numel\": 16777216, \"shape\": [1, 2, 32, 64, 64, 64], \"stride\": [16777216, 8388608, 262144, 4096, 64, 1]}, \"heatmap0\": {\"device\": \"cuda:0\", \"dtype\": \"torch.float32\", \"numel\": 262144, \"shape\": [1, 1, 64, 64, 64], \"stride\": [262144, 262144, 4096, 64, 1]}, \"input\": {\"device\": \"cuda:0\", \"dtype\": \"torch.float32\", \"numel\": 524288, \"shape\": [1, 2, 64, 64, 64], \"stride\": [524288, 262144, 4096, 1, 64]}, \"pass\": 7, \"role\": \"primary\"}, {\"feature\": {\"device\": \"cuda:0\", \"dtype\": \"torch.float32\", \"numel\": 16777216, \"shape\": [1, 2, 32, 64, 64, 64], \"stride\": [16777216, 8388608, 262144, 4096, 64, 1]}, \"heatmap0\": {\"device\": \"cuda:0\", \"dtype\": \"torch.float32\", \"numel\": 262144, \"shape\": [1, 1, 64, 64, 64], \"stride\": [262144, 262144, 4096, 64, 1]}, \"input\": {\"device\": \"cuda:0\", \"dtype\": \"torch.float32\", \"numel\": 524288, \"shape\": [1, 2, 64, 64, 64], \"stride\": [524288, 262144, 4096, 64, 1]}, \"pass\": 8, \"role\": \"primary\"}, {\"feature\": {\"device\": \"cuda:0\", \"dtype\": \"torch.float32\", \"numel\": 16777216, \"shape\": [1, 2, 32, 64, 64, 64], \"stride\": [16777216, 8388608, 262144, 4096, 64, 1]}, \"heatmap0\": {\"device\": \"cuda:0\", \"dtype\": \"torch.float32\", \"numel\": 262144, \"shape\": [1, 1, 64, 64, 64], \"stride\": [262144, 262144, 4096, 64, 1]}, \"input\": {\"device\": \"cuda:0\", \"dtype\": \"torch.float32\", \"numel\": 524288, \"shape\": [1, 2, 64, 64, 64], \"stride\": [524288, 262144, 4096, 64, 1]}, \"pass\": 1, \"role\": \"secondary\"}, {\"feature\": {\"device\": \"cuda:0\", \"dtype\": \"torch.float32\", \"numel\": 16777216, \"shape\": [1, 2, 32, 64, 64, 64], \"stride\": [16777216, 8388608, 262144, 4096, 64, 1]}, \"heatmap0\": {\"device\": \"cuda:0\", \"dtype\": \"torch.float32\", \"numel\": 262144, \"shape\": [1, 1, 64, 64, 64], \"stride\": [262144, 262144, 4096, 64, 1]}, \"input\": {\"device\": \"cuda:0\", \"dtype\": \"torch.float32\", \"numel\": 524288, \"shape\": [1, 2, 64, 64, 64], \"stride\": [524288, 262144, 4096, 64, 1]}, \"pass\": 2, \"role\": \"secondary\"}, {\"feature\": {\"device\": \"cuda:0\", \"dtype\": \"torch.float32\", \"numel\": 16777216, \"shape\": [1, 2, 32, 64, 64, 64], \"stride\": [16777216, 8388608, 262144, 4096, 64, 1]}, \"heatmap0\": {\"device\": \"cuda:0\", \"dtype\": \"torch.float32\", \"numel\": 262144, \"shape\": [1, 1, 64, 64, 64], \"stride\": [262144, 262144, 4096, 64, 1]}, \"input\": {\"device\": \"cuda:0\", \"dtype\": \"torch.float32\", \"numel\": 524288, \"shape\": [1, 2, 64, 64, 64], \"stride\": [524288, 262144, 4096, 64, 1]}, \"pass\": 3, \"role\": \"secondary\"}, {\"feature\": {\"device\": \"cuda:0\", \"dtype\": \"torch.float32\", \"numel\": 16777216, \"shape\": [1, 2, 32, 64, 64, 64], \"stride\": [16777216, 8388608, 262144, 4096, 64, 1]}, \"heatmap0\": {\"device\": \"cuda:0\", \"dtype\": \"torch.float32\", \"numel\": 262144, \"shape\": [1, 1, 64, 64, 64], \"stride\": [262144, 262144, 4096, 64, 1]}, \"input\": {\"device\": \"cuda:0\", \"dtype\": \"torch.float32\", \"numel\": 524288, \"shape\": [1, 2, 64, 64, 64], \"stride\": [524288, 262144, 4096, 64, 1]}, \"pass\": 4, \"role\": \"secondary\"}, {\"feature\": {\"device\": \"cuda:0\", \"dtype\": \"torch.float32\", \"numel\": 16777216, \"shape\": [1, 2, 32, 64, 64, 64], \"stride\": [16777216, 8388608, 262144, 4096, 64, 1]}, \"heatmap0\": {\"device\": \"cuda:0\", \"dtype\": \"torch.float32\", \"numel\": 262144, \"shape\": [1, 1, 64, 64, 64], \"stride\": [262144, 262144, 4096, 64, 1]}, \"input\": {\"device\": \"cuda:0\", \"dtype\": \"torch.float32\", \"numel\": 524288, \"shape\": [1, 2, 64, 64, 64], \"stride\": [524288, 262144, 4096, 1, 64]}, \"pass\": 5, \"role\": \"secondary\"}, {\"feature\": {\"device\": \"cuda:0\", \"dtype\": \"torch.float32\", \"numel\": 16777216, \"shape\": [1, 2, 32, 64, 64, 64], \"stride\": [16777216, 8388608, 262144, 4096, 64, 1]}, \"heatmap0\": {\"device\": \"cuda:0\", \"dtype\": \"torch.float32\", \"numel\": 262144, \"shape\": [1, 1, 64, 64, 64], \"stride\": [262144, 262144, 4096, 64, 1]}, \"input\": {\"device\": \"cuda:0\", \"dtype\": \"torch.float32\", \"numel\": 524288, \"shape\": [1, 2, 64, 64, 64], \"stride\": [524288, 262144, 4096, 1, 64]}, \"pass\": 6, \"role\": \"secondary\"}, {\"feature\": {\"device\": \"cuda:0\", \"dtype\": \"torch.float32\", \"numel\": 16777216, \"shape\": [1, 2, 32, 64, 64, 64], \"stride\": [16777216, 8388608, 262144, 4096, 64, 1]}, \"heatmap0\": {\"device\": \"cuda:0\", \"dtype\": \"torch.float32\", \"numel\": 262144, \"shape\": [1, 1, 64, 64, 64], \"stride\": [262144, 262144, 4096, 64, 1]}, \"input\": {\"device\": \"cuda:0\", \"dtype\": \"torch.float32\", \"numel\": 524288, \"shape\": [1, 2, 64, 64, 64], \"stride\": [524288, 262144, 4096, 1, 64]}, \"pass\": 7, \"role\": \"secondary\"}, {\"feature\": {\"device\": \"cuda:0\", \"dtype\": \"torch.float32\", \"numel\": 16777216, \"shape\": [1, 2, 32, 64, 64, 64], \"stride\": [16777216, 8388608, 262144, 4096, 64, 1]}, \"heatmap0\": {\"device\": \"cuda:0\", \"dtype\": \"torch.float32\", \"numel\": 262144, \"shape\": [1, 1, 64, 64, 64], \"stride\": [262144, 262144, 4096, 64, 1]}, \"input\": {\"device\": \"cuda:0\", \"dtype\": \"torch.float32\", \"numel\": 524288, \"shape\": [1, 2, 64, 64, 64], \"stride\": [524288, 262144, 4096, 64, 1]}, \"pass\": 8, \"role\": \"secondary\"}], \"event\": \"actual_predictor_window\", \"frames\": [0, 1], \"input\": {\"all_finite\": true, \"device\": \"cuda:0\", \"dtype\": \"torch.float32\", \"numel\": 524288, \"shape\": [1, 2, 64, 64, 64], \"stride\": [524288, 262144, 4096, 64, 1]}, \"input_parent\": \"/kaggle/input/competitions/biohub-cell-tracking-during-development/train\", \"seconds_including_common_audit\": 2.211194004999925, \"window_index\": 1, \"worker_execution_settings\": {\"autocast_enabled\": false, \"cuda_runtime\": \"12.8\", \"cudnn_allow_tf32\": true, \"cudnn_benchmark\": false, \"cudnn_deterministic\": false, \"default_dtype\": \"torch.float32\", \"deterministic_algorithms\": false, \"float32_matmul_precision\": \"highest\", \"gpu_name\": \"Tesla T4\", \"grad_enabled\": false, \"matmul_allow_tf32\": false, \"torch_initial_seed\": 5043419451920760042, \"torch_version\": \"2.10.0+cu128\"}}\n"}
,{"stream_name":"stdout","time":1831.246733911,"data":"BIOHUB_RETENTION_GUARD {\"blended_candidates\": 460, \"dataset\": \"44b6_2a2eff9f\", \"frame\": 0, \"minimum_retention\": 0.9, \"primary_candidates\": 559, \"retention\": 0.8228980322003577, \"use_primary\": true}\n"}
,{"stream_name":"stdout","time":1831.24678212,"data":"BIOHUB_RETENTION_GUARD {\"blended_candidates\": 460, \"dataset\": \"44b6_2a2eff9f\", \"frame\": 1, \"minimum_retention\": 0.9, \"primary_candidates\": 536, \"retention\": 0.8582089552238806, \"use_primary\": true}\n"}
,{"stream_name":"stdout","time":1831.246795127,"data":"PUBLIC946_GPU_SMOKE {\"arm\": \"B0\", \"association\": {\"actual_primary_logits_after_original_harmonic_fusion\": {\"all_finite\": true, \"device\": \"cuda:0\", \"dtype\": \"torch.float32\", \"numel\": 299624, \"shape\": [1, 559, 536], \"stride\": [299624, 536, 1]}, \"actual_secondary_feature_consumed\": true, \"actual_secondary_logits\": {\"all_finite\": true, \"device\": \"cuda:0\", \"dtype\": \"torch.float32\", \"numel\": 299624, \"shape\": [1, 559, 536], \"stride\": [299624, 536, 1]}, \"coordinate_grid\": {\"downsample\": [1.0, 4.0, 4.0], \"source\": {\"device\": \"cuda:0\", \"dtype\": \"torch.float32\", \"numel\": 1677, \"shape\": [1, 559, 3], \"stride\": [559, 1, 559]}, \"target\": {\"device\": \"cuda:0\", \"dtype\": \"torch.float32\", \"numel\": 1608, \"shape\": [1, 536, 3], \"stride\": [536, 1, 536]}}, \"diagnostic_edge_head_calls\": 1, \"diagnostic_encoder_calls\": 0, \"diagnostic_probabilities_used_in_production\": false, \"diagnostic_seconds\": 0.024895728000046802, \"frame_pair_index\": 0, \"primary_source_sampled_features\": {\"all_finite\": true, \"device\": \"cuda:0\", \"dtype\": \"torch.float32\", \"numel\": 17888, \"shape\": [1, 559, 32], \"stride\": [17888, 32, 1]}, \"primary_target_sampled_features\": {\"all_finite\": true, \"device\": \"cuda:0\", \"dtype\": \"torch.float32\", \"numel\": 17152, \"shape\": [1, 536, 32], \"stride\": [17152, 32, 1]}, \"probability_comparison_stage\": \"secondary edge-head softmax over parents, before original calibration and low-margin mixing\", \"probability_delta_vs_single_pass_same_coordinates\": {\"sample_elements\": 65536, \"sample_equal\": true, \"sample_max_abs_delta\": 0.0, \"sample_mean_abs_delta\": 0.0, \"sample_stride\": 4}, \"production_calls\": 1, \"same_low_margin_config\": {\"secondary_detection_weight\": 0.8, \"secondary_edge_weight\": 0.15, \"secondary_link_mode\": \"low_margin_consensus\"}, \"source_delta_vs_single_pass\": {\"sample_elements\": 17888, \"sample_equal\": true, \"sample_max_abs_delta\": 0.0, \"sample_mean_abs_delta\": 0.0, \"sample_stride\": 1}, \"source_sampled_features\": {\"all_finite\": true, \"device\": \"cuda:0\", \"dtype\": \"torch.float32\", \"numel\": 17888, \"shape\": [1, 559, 32], \"stride\": [17888, 32, 1]}, \"target_delta_vs_single_pass\": {\"sample_elements\": 17152, \"sample_equal\": true, \"sample_max_abs_delta\": 0.0, \"sample_mean_abs_delta\": 0.0, \"sample_stride\": 1}, \"target_sampled_features\": {\"all_finite\": true, \"device\": \"cuda:0\", \"dtype\": \"torch.float32\", \"numel\": 17152, \"shape\": [1, 536, 32], \"stride\": [17152, 32, 1]}}, \"association_calls\": 1, \"config\": {\"secondary_detection_weight\": 0.8, \"secondary_edge_weight\": 0.15, \"secondary_link_mode\": \"low_margin_consensus\"}, \"consumed_features\": {\"primary\": {\"all_finite\": true, \"delta_vs_single_pass\": {\"sample_elements\": 65536, \"sample_equal\": false, \"sample_max_abs_delta\": 1.6474889516830444, \"sample_mean_abs_delta\": 0.38497185707092285, \"sample_stride\": 256}, \"device\": \"cuda:0\", \"dtype\": \"torch.float32\", \"numel\": 16777216, \"original_encoded_feature_sample_unchanged\": true, \"same_storage_as_original\": false, \"shape\": [1, 2, 32, 64, 64, 64], \"single_pass\": {\"device\": \"cuda:0\", \"dtype\": \"torch.float32\", \"numel\": 16777216, \"shape\": [1, 2, 32, 64, 64, 64], \"stride\": [16777216, 8388608, 262144, 4096, 64, 1]}, \"stride\": [16777216, 8388608, 262144, 4096, 64, 1]}, \"secondary\": {\"all_finite\": true, \"delta_vs_single_pass\": {\"sample_elements\": 65536, \"sample_equal\": true, \"sample_max_abs_delta\": 0.0, \"sample_mean_abs_delta\": 0.0, \"sample_stride\": 256}, \"device\": \"cuda:0\", \"dtype\": \"torch.float32\", \"numel\": 16777216, \"original_encoded_feature_sample_unchanged\": true, \"same_storage_as_original\": true, \"shape\": [1, 2, 32, 64, 64, 64], \"single_pass\": {\"device\": \"cuda:0\", \"dtype\": \"torch.float32\", \"numel\": 16777216, \"shape\": [1, 2, 32, 64, 64, 64], \"stride\": [16777216, 8388608, 262144, 4096, 64, 1]}, \"stride\": [16777216, 8388608, 262144, 4096, 64, 1]}}, \"consumed_heatmaps\": [{\"all_finite\": true, \"device\": \"cuda:0\", \"dtype\": \"torch.float32\", \"numel\": 262144, \"shape\": [1, 1, 64, 64, 64], \"stride\": [262144, 262144, 4096, 64, 1]}, {\"all_finite\": true, \"device\": \"cuda:0\", \"dtype\": \"torch.float32\", \"numel\": 262144, \"shape\": [1, 1, 64, 64, 64], \"stride\": [262144, 262144, 4096, 64, 1]}], \"cuda_peak_allocated_bytes_process\": 728221696, \"cuda_peak_reserved_bytes_process\": 981467136, \"dataset\": \"44b6_2a2eff9f\", \"encode_calls\": {\"primary\": 8, \"secondary\": 8}, \"encode_seconds\": {\"primary\": 1.0393532859989136, \"secondary\": 0.9731983069996204}, \"encode_views\": [{\"feature\": {\"device\": \"cuda:0\", \"dtype\": \"torch.float32\", \"numel\": 16777216, \"shape\": [1, 2, 32, 64, 64, 64], \"stride\": [16777216, 8388608, 262144, 4096, 64, 1]}, \"heatmap0\": {\"device\": \"cuda:0\", \"dtype\": \"torch.float32\", \"numel\": 262144, \"shape\": [1, 1, 64, 64, 64], \"stride\": [262144, 262144, 4096, 64, 1]}, \"input\": {\"device\": \"cuda:0\", \"dtype\": \"torch.float32\", \"numel\": 524288, \"shape\": [1, 2, 64, 64, 64], \"stride\": [524288, 262144, 4096, 64, 1]}, \"pass\": 1, \"role\": \"primary\"}, {\"feature\": {\"device\": \"cuda:0\", \"dtype\": \"torch.float32\", \"numel\": 16777216, \"shape\": [1, 2, 32, 64, 64, 64], \"stride\": [16777216, 8388608, 262144, 4096, 64, 1]}, \"heatmap0\": {\"device\": \"cuda:0\", \"dtype\": \"torch.float32\", \"numel\": 262144, \"shape\": [1, 1, 64, 64, 64], \"stride\": [262144, 262144, 4096, 64, 1]}, \"input\": {\"device\": \"cuda:0\", \"dtype\": \"torch.float32\", \"numel\": 524288, \"shape\": [1, 2, 64, 64, 64], \"stride\": [524288, 262144, 4096, 64, 1]}, \"pass\": 2, \"role\": \"primary\"}, {\"feature\": {\"device\": \"cuda:0\", \"dtype\": \"torch.float32\", \"numel\": 16777216, \"shape\": [1, 2, 32, 64, 64, 64], \"stride\": [16777216, 8388608, 262144, 4096, 64, 1]}, \"heatmap0\": {\"device\": \"cuda:0\", \"dtype\": \"torch.float32\", \"numel\": 262144, \"shape\": [1, 1, 64, 64, 64], \"stride\": [262144, 262144, 4096, 64, 1]}, \"input\": {\"device\": \"cuda:0\", \"dtype\": \"torch.float32\", \"numel\": 524288, \"shape\": [1, 2, 64, 64, 64], \"stride\": [524288, 262144, 4096, 64, 1]}, \"pass\": 3, \"role\": \"primary\"}, {\"feature\": {\"device\": \"cuda:0\", \"dtype\": \"torch.float32\", \"numel\": 16777216, \"shape\": [1, 2, 32, 64, 64, 64], \"stride\": [16777216, 8388608, 262144, 4096, 64, 1]}, \"heatmap0\": {\"device\": \"cuda:0\", \"dtype\": \"torch.float32\", \"numel\": 262144, \"shape\": [1, 1, 64, 64, 64], \"stride\": [262144, 262144, 4096, 64, 1]}, \"input\": {\"device\": \"cuda:0\", \"dtype\": \"torch.float32\", \"numel\": 524288, \"shape\": [1, 2, 64, 64, 64], \"stride\": [524288, 262144, 4096, 64, 1]}, \"pass\": 4, \"role\": \"primary\"}, {\"feature\": {\"device\": \"cuda:0\", \"dtype\": \"torch.float32\", \"numel\": 16777216, \"shape\": [1, 2, 32, 64, 64, 64], \"stride\": [16777216, 8388608, 262144, 4096, 64, 1]}, \"heatmap0\": {\"device\": \"cuda:0\", \"dtype\": \"torch.float32\", \"numel\": 262144, \"shape\": [1, 1, 64, 64, 64], \"stride\": [262144, 262144, 4096, 64, 1]}, \"input\": {\"device\": \"cuda:0\", \"dtype\": \"torch.float32\", \"numel\": 524288, \"shape\": [1, 2, 64, 64, 64], \"stride\": [524288, 262144, 4096, 1, 64]}, \"pass\": 5, \"role\": \"primary\"}, {\"feature\": {\"device\": \"cuda:0\", \"dtype\": \"torch.float32\", \"numel\": 16777216, \"shape\": [1, 2, 32, 64, 64, 64], \"stride\": [16777216, 8388608, 262144, 4096, 64, 1]}, \"heatmap0\": {\"device\": \"cuda:0\", \"dtype\": \"torch.float32\", \"numel\": 262144, \"shape\": [1, 1, 64, 64, 64], \"stride\": [262144, 262144, 4096, 64, 1]}, \"input\": {\"device\": \"cuda:0\", \"dtype\": \"torch.float32\", \"numel\": 524288, \"shape\": [1, 2, 64, 64, 64], \"stride\": [524288, 262144, 4096, 1, 64]}, \"pass\": 6, \"role\": \"primary\"}, {\"feature\": {\"device\": \"cuda:0\", \"dtype\": \"torch.float32\", \"numel\": 16777216, \"shape\": [1, 2, 32, 64, 64, 64], \"stride\": [16777216, 8388608, 262144, 4096, 64, 1]}, \"heatmap0\": {\"device\": \"cuda:0\", \"dtype\": \"torch.float32\", \"numel\": 262144, \"shape\": [1, 1, 64, 64, 64], \"stride\": [262144, 262144, 4096, 64, 1]}, \"input\": {\"device\": \"cuda:0\", \"dtype\": \"torch.float32\", \"numel\": 524288, \"shape\": [1, 2, 64, 64, 64], \"stride\": [524288, 262144, 4096, 1, 64]}, \"pass\": 7, \"role\": \"primary\"}, {\"feature\": {\"device\": \"cuda:0\", \"dtype\": \"torch.float32\", \"numel\": 16777216, \"shape\": [1, 2, 32, 64, 64, 64], \"stride\": [16777216, 8388608, 262144, 4096, 64, 1]}, \"heatmap0\": {\"device\": \"cuda:0\", \"dtype\": \"torch.float32\", \"numel\": 262144, \"shape\": [1, 1, 64, 64, 64], \"stride\": [262144, 262144, 4096, 64, 1]}, \"input\": {\"device\": \"cuda:0\", \"dtype\": \"torch.float32\", \"numel\": 524288, \"shape\": [1, 2, 64, 64, 64], \"stride\": [524288, 262144, 4096, 64, 1]}, \"pass\": 8, \"role\": \"primary\"}, {\"feature\": {\"device\": \"cuda:0\", \"dtype\": \"torch.float32\", \"numel\": 16777216, \"shape\": [1, 2, 32, 64, 64, 64], \"stride\": [16777216, 8388608, 262144, 4096, 64, 1]}, \"heatmap0\": {\"device\": \"cuda:0\", \"dtype\": \"torch.float32\", \"numel\": 262144, \"shape\": [1, 1, 64, 64, 64], \"stride\": [262144, 262144, 4096, 64, 1]}, \"input\": {\"device\": \"cuda:0\", \"dtype\": \"torch.float32\", \"numel\": 524288, \"shape\": [1, 2, 64, 64, 64], \"stride\": [524288, 262144, 4096, 64, 1]}, \"pass\": 1, \"role\": \"secondary\"}, {\"feature\": {\"device\": \"cuda:0\", \"dtype\": \"torch.float32\", \"numel\": 16777216, \"shape\": [1, 2, 32, 64, 64, 64], \"stride\": [16777216, 8388608, 262144, 4096, 64, 1]}, \"heatmap0\": {\"device\": \"cuda:0\", \"dtype\": \"torch.float32\", \"numel\": 262144, \"shape\": [1, 1, 64, 64, 64], \"stride\": [262144, 262144, 4096, 64, 1]}, \"input\": {\"device\": \"cuda:0\", \"dtype\": \"torch.float32\", \"numel\": 524288, \"shape\": [1, 2, 64, 64, 64], \"stride\": [524288, 262144, 4096, 64, 1]}, \"pass\": 2, \"role\": \"secondary\"}, {\"feature\": {\"device\": \"cuda:0\", \"dtype\": \"torch.float32\", \"numel\": 16777216, \"shape\": [1, 2, 32, 64, 64, 64], \"stride\": [16777216, 8388608, 262144, 4096, 64, 1]}, \"heatmap0\": {\"device\": \"cuda:0\", \"dtype\": \"torch.float32\", \"numel\": 262144, \"shape\": [1, 1, 64, 64, 64], \"stride\": [262144, 262144, 4096, 64, 1]}, \"input\": {\"device\": \"cuda:0\", \"dtype\": \"torch.float32\", \"numel\": 524288, \"shape\": [1, 2, 64, 64, 64], \"stride\": [524288, 262144, 4096, 64, 1]}, \"pass\": 3, \"role\": \"secondary\"}, {\"feature\": {\"device\": \"cuda:0\", \"dtype\": \"torch.float32\", \"numel\": 16777216, \"shape\": [1, 2, 32, 64, 64, 64], \"stride\": [16777216, 8388608, 262144, 4096, 64, 1]}, \"heatmap0\": {\"device\": \"cuda:0\", \"dtype\": \"torch.float32\", \"numel\": 262144, \"shape\": [1, 1, 64, 64, 64], \"stride\": [262144, 262144, 4096, 64, 1]}, \"input\": {\"device\": \"cuda:0\", \"dtype\": \"torch.float32\", \"numel\": 524288, \"shape\": [1, 2, 64, 64, 64], \"stride\": [524288, 262144, 4096, 64, 1]}, \"pass\": 4, \"role\": \"secondary\"}, {\"feature\": {\"device\": \"cuda:0\", \"dtype\": \"torch.float32\", \"numel\": 16777216, \"shape\": [1, 2, 32, 64, 64, 64], \"stride\": [16777216, 8388608, 262144, 4096, 64, 1]}, \"heatmap0\": {\"device\": \"cuda:0\", \"dtype\": \"torch.float32\", \"numel\": 262144, \"shape\": [1, 1, 64, 64, 64], \"stride\": [262144, 262144, 4096, 64, 1]}, \"input\": {\"device\": \"cuda:0\", \"dtype\": \"torch.float32\", \"numel\": 524288, \"shape\": [1, 2, 64, 64, 64], \"stride\": [524288, 262144, 4096, 1, 64]}, \"pass\": 5, \"role\": \"secondary\"}, {\"feature\": {\"device\": \"cuda:0\", \"dtype\": \"torch.float32\", \"numel\": 16777216, \"shape\": [1, 2, 32, 64, 64, 64], \"stride\": [16777216, 8388608, 262144, 4096, 64, 1]}, \"heatmap0\": {\"device\": \"cuda:0\", \"dtype\": \"torch.float32\", \"numel\": 262144, \"shape\": [1, 1, 64, 64, 64], \"stride\": [262144, 262144, 4096, 64, 1]}, \"input\": {\"device\": \"cuda:0\", \"dtype\": \"torch.float32\", \"numel\": 524288, \"shape\": [1, 2, 64, 64, 64], \"stride\": [524288, 262144, 4096, 1, 64]}, \"pass\": 6, \"role\": \"secondary\"}, {\"feature\": {\"device\": \"cuda:0\", \"dtype\": \"torch.float32\", \"numel\": 16777216, \"shape\": [1, 2, 32, 64, 64, 64], \"stride\": [16777216, 8388608, 262144, 4096, 64, 1]}, \"heatmap0\": {\"device\": \"cuda:0\", \"dtype\": \"torch.float32\", \"numel\": 262144, \"shape\": [1, 1, 64, 64, 64], \"stride\": [262144, 262144, 4096, 64, 1]}, \"input\": {\"device\": \"cuda:0\", \"dtype\": \"torch.float32\", \"numel\": 524288, \"shape\": [1, 2, 64, 64, 64], \"stride\": [524288, 262144, 4096, 1, 64]}, \"pass\": 7, \"role\": \"secondary\"}, {\"feature\": {\"device\": \"cuda:0\", \"dtype\": \"torch.float32\", \"numel\": 16777216, \"shape\": [1, 2, 32, 64, 64, 64], \"stride\": [16777216, 8388608, 262144, 4096, 64, 1]}, \"heatmap0\": {\"device\": \"cuda:0\", \"dtype\": \"torch.float32\", \"numel\": 262144, \"shape\": [1, 1, 64, 64, 64], \"stride\": [262144, 262144, 4096, 64, 1]}, \"input\": {\"device\": \"cuda:0\", \"dtype\": \"torch.float32\", \"numel\": 524288, \"shape\": [1, 2, 64, 64, 64], \"stride\": [524288, 262144, 4096, 64, 1]}, \"pass\": 8, \"role\": \"secondary\"}], \"event\": \"actual_predictor_window\", \"frames\": [0, 1], \"input\": {\"all_finite\": true, \"device\": \"cuda:0\", \"dtype\": \"torch.float32\", \"numel\": 524288, \"shape\": [1, 2, 64, 64, 64], \"stride\": [524288, 262144, 4096, 64, 1]}, \"input_parent\": \"/kaggle/input/competitions/biohub-cell-tracking-during-development/train\", \"seconds_including_common_audit\": 2.211194004999925, \"window_index\": 1, \"worker_execution_settings\": {\"autocast_enabled\": false, \"cuda_runtime\": \"12.8\", \"cudnn_allow_tf32\": true, \"cudnn_benchmark\": false, \"cudnn_deterministic\": false, \"default_dtype\": \"torch.float32\", \"deterministic_algorithms\": false, \"float32_matmul_precision\": \"highest\", \"gpu_name\": \"Tesla T4\", \"grad_enabled\": false, \"matmul_allow_tf32\": false, \"torch_initial_seed\": 5043419451920760042, \"torch_version\": \"2.10.0+cu128\"}}\n"}
,{"stream_name":"stdout","time":1832.063018143,"data":"EDGE_TTA_ACTIVE views= 8 mean_abs_feat_delta= 0.332258\n"}
,{"stream_name":"stdout","time":1832.265401081,"data":"EDGE_TTA_ACTIVE views= 8 mean_abs_feat_delta= 0.332258\n"}
,{"stream_name":"stdout","time":1832.340502354,"data":"EDGE_TTA_ACTIVE views= 8 mean_abs_feat_delta= 0.353629\n"}
,{"stream_name":"stdout","time":1832.543037357,"data":"EDGE_TTA_ACTIVE views= 8 mean_abs_feat_delta= 0.353629\n"}
,{"stream_name":"stdout","time":1833.310354465,"data":"BIOHUB_RETENTION_GUARD {\"blended_candidates\": 448, \"dataset\": \"44b6_2a2eff9f\", \"frame\": 2, \"minimum_retention\": 0.9, \"primary_candidates\": 529, \"retention\": 0.8468809073724007, \"use_primary\": true}\n"}
,{"stream_name":"stdout","time":1833.512597227,"data":"BIOHUB_RETENTION_GUARD {\"blended_candidates\": 448, \"dataset\": \"44b6_2a2eff9f\", \"frame\": 2, \"minimum_retention\": 0.9, \"primary_candidates\": 529, \"retention\": 0.8468809073724007, \"use_primary\": true}\n"}
,{"stream_name":"stdout","time":1834.333841011,"data":"EDGE_TTA_ACTIVE views= 8 mean_abs_feat_delta= 0.331192\n"}
,{"stream_name":"stdout","time":1834.507523849,"data":"EDGE_TTA_ACTIVE views= 8 mean_abs_feat_delta= 0.354199\n"}
,{"stream_name":"stdout","time":1834.536318717,"data":"EDGE_TTA_ACTIVE views= 8 mean_abs_feat_delta= 0.331192\n"}
,{"stream_name":"stdout","time":1834.536346002,"data":"EDGE_TTA_ACTIVE views= 8 mean_abs_feat_delta= 0.354199\n"}
,{"stream_name":"stdout","time":1835.478375637,"data":"BIOHUB_RETENTION_GUARD {\"blended_candidates\": 428, \"dataset\": \"44b6_2a2eff9f\", \"frame\": 3, \"minimum_retention\": 0.9, \"primary_candidates\": 515, \"retention\": 0.8310679611650486, \"use_primary\": true}\n"}
,{"stream_name":"stdout","time":1835.680814642,"data":"BIOHUB_RETENTION_GUARD {\"blended_candidates\": 428, \"dataset\": \"44b6_2a2eff9f\", \"frame\": 3, \"minimum_retention\": 0.9, \"primary_candidates\": 515, \"retention\": 0.8310679611650486, \"use_primary\": true}\n"}
,{"stream_name":"stdout","time":1836.545249638,"data":"EDGE_TTA_ACTIVE views= 8 mean_abs_feat_delta= 0.331813\n"}
,{"stream_name":"stdout","time":1836.697314553,"data":"EDGE_TTA_ACTIVE views= 8 mean_abs_feat_delta= 0.351342\n"}
,{"stream_name":"stdout","time":1836.747597568,"data":"EDGE_TTA_ACTIVE views= 8 mean_abs_feat_delta= 0.331813\n"}
,{"stream_name":"stdout","time":1836.747632366,"data":"EDGE_TTA_ACTIVE views= 8 mean_abs_feat_delta= 0.351342\n"}
,{"stream_name":"stdout","time":1837.663539655,"data":"BIOHUB_RETENTION_GUARD {\"blended_candidates\": 456, \"dataset\": \"44b6_2a2eff9f\", \"frame\": 4, \"minimum_retention\": 0.9, \"primary_candidates\": 542, \"retention\": 0.8413284132841329, \"use_primary\": true}\n"}
,{"stream_name":"stdout","time":1837.865908773,"data":"BIOHUB_RETENTION_GUARD {\"blended_candidates\": 456, \"dataset\": \"44b6_2a2eff9f\", \"frame\": 4, \"minimum_retention\": 0.9, \"primary_candidates\": 542, \"retention\": 0.8413284132841329, \"use_primary\": true}\n"}
,{"stream_name":"stdout","time":1838.730468177,"data":"EDGE_TTA_ACTIVE views= 8 mean_abs_feat_delta= 0.327911\n"}
,{"stream_name":"stdout","time":1838.862239543,"data":"EDGE_TTA_ACTIVE views= 8 mean_abs_feat_delta= 0.353535\n"}
,{"stream_name":"stdout","time":1838.932887324,"data":"EDGE_TTA_ACTIVE views= 8 mean_abs_feat_delta= 0.327911\n"}
,{"stream_name":"stdout","time":1838.932920447,"data":"EDGE_TTA_ACTIVE views= 8 mean_abs_feat_delta= 0.353535\n"}
,{"stream_name":"stdout","time":1839.829062114,"data":"BIOHUB_RETENTION_GUARD {\"blended_candidates\": 451, \"dataset\": \"44b6_2a2eff9f\", \"frame\": 5, \"minimum_retention\": 0.9, \"primary_candidates\": 542, \"retention\": 0.8321033210332104, \"use_primary\": true}\n"}
,{"stream_name":"stdout","time":1840.031214164,"data":"BIOHUB_RETENTION_GUARD {\"blended_candidates\": 451, \"dataset\": \"44b6_2a2eff9f\", \"frame\": 5, \"minimum_retention\": 0.9, \"primary_candidates\": 542, \"retention\": 0.8321033210332104, \"use_primary\": true}\n"}
,{"stream_name":"stdout","time":1840.89681878,"data":"EDGE_TTA_ACTIVE views= 8 mean_abs_feat_delta= 0.330714\n"}
,{"stream_name":"stdout","time":1841.050823989,"data":"EDGE_TTA_ACTIVE views= 8 mean_abs_feat_delta= 0.355109\n"}
,{"stream_name":"stdout","time":1841.100841844,"data":"EDGE_TTA_ACTIVE views= 8 mean_abs_feat_delta= 0.330714\n"}
,{"stream_name":"stdout","time":1841.100870261,"data":"EDGE_TTA_ACTIVE views= 8 mean_abs_feat_delta= 0.355109\n"}
,{"stream_name":"stdout","time":1842.011511907,"data":"BIOHUB_RETENTION_GUARD {\"blended_candidates\": 449, \"dataset\": \"44b6_2a2eff9f\", \"frame\": 6, \"minimum_retention\": 0.9, \"primary_candidates\": 544, \"retention\": 0.8253676470588235, \"use_primary\": true}\n"}
,{"stream_name":"stdout","time":1842.214290215,"data":"BIOHUB_RETENTION_GUARD {\"blended_candidates\": 449, \"dataset\": \"44b6_2a2eff9f\", \"frame\": 6, \"minimum_retention\": 0.9, \"primary_candidates\": 544, \"retention\": 0.8253676470588235, \"use_primary\": true}\n"}
,{"stream_name":"stdout","time":1843.015408026,"data":"EDGE_TTA_ACTIVE views= 8 mean_abs_feat_delta= 0.32934\n"}
,{"stream_name":"stdout","time":1843.217918429,"data":"EDGE_TTA_ACTIVE views= 8 mean_abs_feat_delta= 0.32934\n"}
,{"stream_name":"stdout","time":1843.28112103,"data":"EDGE_TTA_ACTIVE views= 8 mean_abs_feat_delta= 0.359732\n"}
,{"stream_name":"stdout","time":1843.483548094,"data":"EDGE_TTA_ACTIVE views= 8 mean_abs_feat_delta= 0.359732\n"}
,{"stream_name":"stdout","time":1844.2441102,"data":"BIOHUB_RETENTION_GUARD {\"blended_candidates\": 419, \"dataset\": \"44b6_2a2eff9f\", \"frame\": 7, \"minimum_retention\": 0.9, \"primary_candidates\": 531, \"retention\": 0.7890772128060264, \"use_primary\": true}\n"}
,{"stream_name":"stdout","time":1844.446572389,"data":"BIOHUB_RETENTION_GUARD {\"blended_candidates\": 419, \"dataset\": \"44b6_2a2eff9f\", \"frame\": 7, \"minimum_retention\": 0.9, \"primary_candidates\": 531, \"retention\": 0.7890772128060264, \"use_primary\": true}\n"}
,{"stream_name":"stdout","time":1845.141027018,"data":"EDGE_TTA_ACTIVE views= 8 mean_abs_feat_delta= 0.333566\n"}
,{"stream_name":"stdout","time":1845.343629275,"data":"EDGE_TTA_ACTIVE views= 8 mean_abs_feat_delta= 0.333566\n"}
,{"stream_name":"stdout","time":1845.471203451,"data":"EDGE_TTA_ACTIVE views= 8 mean_abs_feat_delta= 0.367188\n"}
,{"stream_name":"stdout","time":1845.673776192,"data":"EDGE_TTA_ACTIVE views= 8 mean_abs_feat_delta= 0.367188\n"}
,{"stream_name":"stdout","time":1846.42947035,"data":"BIOHUB_RETENTION_GUARD {\"blended_candidates\": 426, \"dataset\": \"44b6_2a2eff9f\", \"frame\": 8, \"minimum_retention\": 0.9, \"primary_candidates\": 524, \"retention\": 0.8129770992366412, \"use_primary\": true}\n"}
,{"stream_name":"stdout","time":1846.632117485,"data":"BIOHUB_RETENTION_GUARD {\"blended_candidates\": 426, \"dataset\": \"44b6_2a2eff9f\", \"frame\": 8, \"minimum_retention\": 0.9, \"primary_candidates\": 524, \"retention\": 0.8129770992366412, \"use_primary\": true}\n"}
,{"stream_name":"stdout","time":1847.260874486,"data":"EDGE_TTA_ACTIVE views= 8 mean_abs_feat_delta= 0.336507\n"}
,{"stream_name":"stdout","time":1847.463291375,"data":"EDGE_TTA_ACTIVE views= 8 mean_abs_feat_delta= 0.336507\n"}
,{"stream_name":"stdout","time":1847.647960817,"data":"EDGE_TTA_ACTIVE views= 8 mean_abs_feat_delta= 0.367144\n"}
,{"stream_name":"stdout","time":1847.850556903,"data":"EDGE_TTA_ACTIVE views= 8 mean_abs_feat_delta= 0.367144\n"}
,{"stream_name":"stdout","time":1848.606167734,"data":"BIOHUB_RETENTION_GUARD {\"blended_candidates\": 432, \"dataset\": \"44b6_2a2eff9f\", \"frame\": 9, \"minimum_retention\": 0.9, \"primary_candidates\": 530, \"retention\": 0.8150943396226416, \"use_primary\": true}\n"}
,{"stream_name":"stdout","time":1848.808621516,"data":"BIOHUB_RETENTION_GUARD {\"blended_candidates\": 432, \"dataset\": \"44b6_2a2eff9f\", \"frame\": 9, \"minimum_retention\": 0.9, \"primary_candidates\": 530, \"retention\": 0.8150943396226416, \"use_primary\": true}\n"}
,{"stream_name":"stdout","time":1849.397692019,"data":"EDGE_TTA_ACTIVE views= 8 mean_abs_feat_delta= 0.3358\n"}
,{"stream_name":"stdout","time":1849.600309185,"data":"EDGE_TTA_ACTIVE views= 8 mean_abs_feat_delta= 0.3358\n"}
,{"stream_name":"stdout","time":1849.873462195,"data":"EDGE_TTA_ACTIVE views= 8 mean_abs_feat_delta= 0.36704\n"}
,{"stream_name":"stdout","time":1850.075978373,"data":"EDGE_TTA_ACTIVE views= 8 mean_abs_feat_delta= 0.36704\n"}
,{"stream_name":"stdout","time":1850.84162132,"data":"BIOHUB_RETENTION_GUARD {\"blended_candidates\": 412, \"dataset\": \"44b6_2a2eff9f\", \"frame\": 10, \"minimum_retention\": 0.9, \"primary_candidates\": 516, \"retention\": 0.7984496124031008, \"use_primary\": true}\n"}
,{"stream_name":"stdout","time":1851.111224513,"data":"BIOHUB_RETENTION_GUARD {\"blended_candidates\": 412, \"dataset\": \"44b6_2a2eff9f\", \"frame\": 10, \"minimum_retention\": 0.9, \"primary_candidates\": 516, \"retention\": 0.7984496124031008, \"use_primary\": true}\n"}
,{"stream_name":"stdout","time":1851.444942767,"data":"EDGE_TTA_ACTIVE views= 8 mean_abs_feat_delta= 0.32024\n"}
,{"stream_name":"stdout","time":1851.647453452,"data":"EDGE_TTA_ACTIVE views= 8 mean_abs_feat_delta= 0.32024\n"}
,{"stream_name":"stdout","time":1852.086493872,"data":"EDGE_TTA_ACTIVE views= 8 mean_abs_feat_delta= 0.361712\n"}
,{"stream_name":"stdout","time":1852.289106004,"data":"EDGE_TTA_ACTIVE views= 8 mean_abs_feat_delta= 0.361712\n"}
,{"stream_name":"stdout","time":1853.053879458,"data":"BIOHUB_RETENTION_GUARD {\"blended_candidates\": 456, \"dataset\": \"44b6_2a2eff9f\", \"frame\": 11, \"minimum_retention\": 0.9, \"primary_candidates\": 534, \"retention\": 0.8539325842696629, \"use_primary\": true}\n"}
,{"stream_name":"stdout","time":1853.256089451,"data":"BIOHUB_RETENTION_GUARD {\"blended_candidates\": 456, \"dataset\": \"44b6_2a2eff9f\", \"frame\": 11, \"minimum_retention\": 0.9, \"primary_candidates\": 534, \"retention\": 0.8539325842696629, \"use_primary\": true}\n"}
,{"stream_name":"stdout","time":1853.513172846,"data":"EDGE_TTA_ACTIVE views= 8 mean_abs_feat_delta= 0.325944\n"}
,{"stream_name":"stdout","time":1853.715852688,"data":"EDGE_TTA_ACTIVE views= 8 mean_abs_feat_delta= 0.325944\n"}
,{"stream_name":"stdout","time":1854.233880472,"data":"EDGE_TTA_ACTIVE views= 8 mean_abs_feat_delta= 0.36232\n"}
,{"stream_name":"stdout","time":1854.436528617,"data":"EDGE_TTA_ACTIVE views= 8 mean_abs_feat_delta= 0.36232\n"}
,{"stream_name":"stdout","time":1855.200143115,"data":"BIOHUB_RETENTION_GUARD {\"blended_candidates\": 425, \"dataset\": \"44b6_2a2eff9f\", \"frame\": 12, \"minimum_retention\": 0.9, \"primary_candidates\": 508, \"retention\": 0.8366141732283464, \"use_primary\": true}\n"}
,{"stream_name":"stdout","time":1855.402189369,"data":"BIOHUB_RETENTION_GUARD {\"blended_candidates\": 425, \"dataset\": \"44b6_2a2eff9f\", \"frame\": 12, \"minimum_retention\": 0.9, \"primary_candidates\": 508, \"retention\": 0.8366141732283464, \"use_primary\": true}\n"}
,{"stream_name":"stdout","time":1855.661282143,"data":"EDGE_TTA_ACTIVE views= 8 mean_abs_feat_delta= 0.328686\n"}
,{"stream_name":"stdout","time":1855.864079358,"data":"EDGE_TTA_ACTIVE views= 8 mean_abs_feat_delta= 0.328686\n"}
,{"stream_name":"stdout","time":1856.468873364,"data":"EDGE_TTA_ACTIVE views= 8 mean_abs_feat_delta= 0.361858\n"}
,{"stream_name":"stdout","time":1856.674918383,"data":"EDGE_TTA_ACTIVE views= 8 mean_abs_feat_delta= 0.361858\n"}
,{"stream_name":"stdout","time":1857.431244279,"data":"BIOHUB_RETENTION_GUARD {\"blended_candidates\": 407, \"dataset\": \"44b6_2a2eff9f\", \"frame\": 13, \"minimum_retention\": 0.9, \"primary_candidates\": 504, \"retention\": 0.8075396825396826, \"use_primary\": true}\n"}
,{"stream_name":"stdout","time":1857.63372918,"data":"BIOHUB_RETENTION_GUARD {\"blended_candidates\": 407, \"dataset\": \"44b6_2a2eff9f\", \"frame\": 13, \"minimum_retention\": 0.9, \"primary_candidates\": 504, \"retention\": 0.8075396825396826, \"use_primary\": true}\n"}
,{"stream_name":"stdout","time":1857.728772552,"data":"EDGE_TTA_ACTIVE views= 8 mean_abs_feat_delta= 0.327204\n"}
,{"stream_name":"stdout","time":1857.934043496,"data":"EDGE_TTA_ACTIVE views= 8 mean_abs_feat_delta= 0.327204\n"}
,{"stream_name":"stdout","time":1858.670162503,"data":"EDGE_TTA_ACTIVE views= 8 mean_abs_feat_delta= 0.358521\n"}
,{"stream_name":"stdout","time":1858.872486527,"data":"EDGE_TTA_ACTIVE views= 8 mean_abs_feat_delta= 0.358521\n"}
,{"stream_name":"stdout","time":1859.637648633,"data":"BIOHUB_RETENTION_GUARD {\"blended_candidates\": 403, \"dataset\": \"44b6_2a2eff9f\", \"frame\": 14, \"minimum_retention\": 0.9, \"primary_candidates\": 499, \"retention\": 0.8076152304609219, \"use_primary\": true}\n"}
,{"stream_name":"stdout","time":1859.81647704,"data":"EDGE_TTA_ACTIVE views= 8 mean_abs_feat_delta= 0.333242\n"}
,{"stream_name":"stdout","time":1859.840531951,"data":"BIOHUB_RETENTION_GUARD {\"blended_candidates\": 403, \"dataset\": \"44b6_2a2eff9f\", \"frame\": 14, \"minimum_retention\": 0.9, \"primary_candidates\": 499, \"retention\": 0.8076152304609219, \"use_primary\": true}\n"}
,{"stream_name":"stdout","time":1859.840593695,"data":"EDGE_TTA_ACTIVE views= 8 mean_abs_feat_delta= 0.333242\n"}
,{"stream_name":"stdout","time":1860.809218505,"data":"EDGE_TTA_ACTIVE views= 8 mean_abs_feat_delta= 0.360482\n"}
,{"stream_name":"stdout","time":1861.011637048,"data":"EDGE_TTA_ACTIVE views= 8 mean_abs_feat_delta= 0.360482\n"}
,{"stream_name":"stdout","time":1861.774951204,"data":"BIOHUB_RETENTION_GUARD {\"blended_candidates\": 388, \"dataset\": \"44b6_2a2eff9f\", \"frame\": 15, \"minimum_retention\": 0.9, \"primary_candidates\": 479, \"retention\": 0.8100208768267223, \"use_primary\": true}\n"}
,{"stream_name":"stdout","time":1861.903619369,"data":"EDGE_TTA_ACTIVE views= 8 mean_abs_feat_delta= 0.335356\n"}
,{"stream_name":"stdout","time":1861.977363395,"data":"BIOHUB_RETENTION_GUARD {\"blended_candidates\": 388, \"dataset\": \"44b6_2a2eff9f\", \"frame\": 15, \"minimum_retention\": 0.9, \"primary_candidates\": 479, \"retention\": 0.8100208768267223, \"use_primary\": true}\n"}
,{"stream_name":"stdout","time":1861.977403505,"data":"EDGE_TTA_ACTIVE views= 8 mean_abs_feat_delta= 0.335356\n"}
,{"stream_name":"stdout","time":1863.087182301,"data":"EDGE_TTA_ACTIVE views= 8 mean_abs_feat_delta= 0.362679\n"}
,{"stream_name":"stdout","time":1863.289581907,"data":"EDGE_TTA_ACTIVE views= 8 mean_abs_feat_delta= 0.362679\n"}
,{"stream_name":"stdout","time":1863.970146449,"data":"EDGE_TTA_ACTIVE views= 8 mean_abs_feat_delta= 0.333142\n"}
,{"stream_name":"stdout","time":1864.057163926,"data":"BIOHUB_RETENTION_GUARD {\"blended_candidates\": 357, \"dataset\": \"44b6_2a2eff9f\", \"frame\": 16, \"minimum_retention\": 0.9, \"primary_candidates\": 478, \"retention\": 0.7468619246861925, \"use_primary\": true}\n"}
,{"stream_name":"stdout","time":1864.172515338,"data":"EDGE_TTA_ACTIVE views= 8 mean_abs_feat_delta= 0.333142\n"}
,{"stream_name":"stdout","time":1864.172542918,"data":"BIOHUB_RETENTION_GUARD {\"blended_candidates\": 357, \"dataset\": \"44b6_2a2eff9f\", \"frame\": 16, \"minimum_retention\": 0.9, \"primary_candidates\": 478, \"retention\": 0.7468619246861925, \"use_primary\": true}\n"}
,{"stream_name":"stdout","time":1865.275412887,"data":"EDGE_TTA_ACTIVE views= 8 mean_abs_feat_delta= 0.361583\n"}
,{"stream_name":"stdout","time":1865.477869028,"data":"EDGE_TTA_ACTIVE views= 8 mean_abs_feat_delta= 0.361583\n"}
,{"stream_name":"stdout","time":1866.000183316,"data":"EDGE_TTA_ACTIVE views= 8 mean_abs_feat_delta= 0.328461\n"}
,{"stream_name":"stdout","time":1866.20249746,"data":"EDGE_TTA_ACTIVE views= 8 mean_abs_feat_delta= 0.328461\n"}
,{"stream_name":"stdout","time":1866.244348385,"data":"BIOHUB_RETENTION_GUARD {\"blended_candidates\": 328, \"dataset\": \"44b6_2a2eff9f\", \"frame\": 17, \"minimum_retention\": 0.9, \"primary_candidates\": 458, \"retention\": 0.7161572052401747, \"use_primary\": true}\n"}
,{"stream_name":"stdout","time":1866.44657755,"data":"BIOHUB_RETENTION_GUARD {\"blended_candidates\": 328, \"dataset\": \"44b6_2a2eff9f\", \"frame\": 17, \"minimum_retention\": 0.9, \"primary_candidates\": 458, \"retention\": 0.7161572052401747, \"use_primary\": true}\n"}
,{"stream_name":"stdout","time":1867.603076671,"data":"EDGE_TTA_ACTIVE views= 8 mean_abs_feat_delta= 0.359303\n"}
,{"stream_name":"stdout","time":1867.805272592,"data":"EDGE_TTA_ACTIVE views= 8 mean_abs_feat_delta= 0.359303\n"}
,{"stream_name":"stdout","time":1868.127045342,"data":"EDGE_TTA_ACTIVE views= 8 mean_abs_feat_delta= 0.328834\n"}
,{"stream_name":"stdout","time":1868.329655077,"data":"EDGE_TTA_ACTIVE views= 8 mean_abs_feat_delta= 0.328834\n"}
,{"stream_name":"stdout","time":1868.573060988,"data":"BIOHUB_RETENTION_GUARD {\"blended_candidates\": 408, \"dataset\": \"44b6_2a2eff9f\", \"frame\": 18, \"minimum_retention\": 0.9, \"primary_candidates\": 486, \"retention\": 0.8395061728395061, \"use_primary\": true}\n"}
,{"stream_name":"stdout","time":1868.775620714,"data":"BIOHUB_RETENTION_GUARD {\"blended_candidates\": 408, \"dataset\": \"44b6_2a2eff9f\", \"frame\": 18, \"minimum_retention\": 0.9, \"primary_candidates\": 486, \"retention\": 0.8395061728395061, \"use_primary\": true}\n"}
,{"stream_name":"stdout","time":1869.790746642,"data":"EDGE_TTA_ACTIVE views= 8 mean_abs_feat_delta= 0.357931\n"}
,{"stream_name":"stdout","time":1869.993113962,"data":"EDGE_TTA_ACTIVE views= 8 mean_abs_feat_delta= 0.357931\n"}
,{"stream_name":"stdout","time":1870.196830039,"data":"EDGE_TTA_ACTIVE views= 8 mean_abs_feat_delta= 0.33524\n"}
,{"stream_name":"stdout","time":1870.399492745,"data":"EDGE_TTA_ACTIVE views= 8 mean_abs_feat_delta= 0.33524\n"}
,{"stream_name":"stdout","time":1870.761524784,"data":"BIOHUB_RETENTION_GUARD {\"blended_candidates\": 382, \"dataset\": \"44b6_2a2eff9f\", \"frame\": 19, \"minimum_retention\": 0.9, \"primary_candidates\": 474, \"retention\": 0.8059071729957806, \"use_primary\": true}\n"}
,{"stream_name":"stdout","time":1870.963988166,"data":"BIOHUB_RETENTION_GUARD {\"blended_candidates\": 382, \"dataset\": \"44b6_2a2eff9f\", \"frame\": 19, \"minimum_retention\": 0.9, \"primary_candidates\": 474, \"retention\": 0.8059071729957806, \"use_primary\": true}\n"}
,{"stream_name":"stdout","time":1872.058774343,"data":"EDGE_TTA_ACTIVE views= 8 mean_abs_feat_delta= 0.35399\n"}
,{"stream_name":"stdout","time":1872.261356568,"data":"EDGE_TTA_ACTIVE views= 8 mean_abs_feat_delta= 0.35399\n"}
,{"stream_name":"stdout","time":1872.328551462,"data":"EDGE_TTA_ACTIVE views= 8 mean_abs_feat_delta= 0.330644\n"}
,{"stream_name":"stdout","time":1872.531077838,"data":"EDGE_TTA_ACTIVE views= 8 mean_abs_feat_delta= 0.330644\n"}
,{"stream_name":"stdout","time":1873.029335318,"data":"BIOHUB_RETENTION_GUARD {\"blended_candidates\": 404, \"dataset\": \"44b6_2a2eff9f\", \"frame\": 20, \"minimum_retention\": 0.9, \"primary_candidates\": 504, \"retention\": 0.8015873015873016, \"use_primary\": true}\n"}
,{"stream_name":"stdout","time":1873.231489643,"data":"BIOHUB_RETENTION_GUARD {\"blended_candidates\": 404, \"dataset\": \"44b6_2a2eff9f\", \"frame\": 20, \"minimum_retention\": 0.9, \"primary_candidates\": 504, \"retention\": 0.8015873015873016, \"use_primary\": true}\n"}
,{"stream_name":"stdout","time":1874.226596967,"data":"EDGE_TTA_ACTIVE views= 8 mean_abs_feat_delta= 0.354644\n"}
,{"stream_name":"stdout","time":1874.391984963,"data":"EDGE_TTA_ACTIVE views= 8 mean_abs_feat_delta= 0.329724\n"}
,{"stream_name":"stdout","time":1874.429086426,"data":"EDGE_TTA_ACTIVE views= 8 mean_abs_feat_delta= 0.354644\n"}
,{"stream_name":"stdout","time":1874.429124344,"data":"EDGE_TTA_ACTIVE views= 8 mean_abs_feat_delta= 0.329724\n"}
,{"stream_name":"stdout","time":1875.214661277,"data":"BIOHUB_RETENTION_GUARD {\"blended_candidates\": 413, \"dataset\": \"44b6_2a2eff9f\", \"frame\": 21, \"minimum_retention\": 0.9, \"primary_candidates\": 491, \"retention\": 0.8411405295315683, \"use_primary\": true}\n"}
,{"stream_name":"stdout","time":1875.417228833,"data":"BIOHUB_RETENTION_GUARD {\"blended_candidates\": 413, \"dataset\": \"44b6_2a2eff9f\", \"frame\": 21, \"minimum_retention\": 0.9, \"primary_candidates\": 491, \"retention\": 0.8411405295315683, \"use_primary\": true}\n"}
,{"stream_name":"stdout","time":1876.397972218,"data":"EDGE_TTA_ACTIVE views= 8 mean_abs_feat_delta= 0.354923\n"}
,{"stream_name":"stdout","time":1876.493967719,"data":"EDGE_TTA_ACTIVE views= 8 mean_abs_feat_delta= 0.328509\n"}
,{"stream_name":"stdout","time":1876.600512147,"data":"EDGE_TTA_ACTIVE views= 8 mean_abs_feat_delta= 0.354923\n"}
,{"stream_name":"stdout","time":1876.600546722,"data":"EDGE_TTA_ACTIVE views= 8 mean_abs_feat_delta= 0.328509\n"}
,{"stream_name":"stdout","time":1877.385833285,"data":"BIOHUB_RETENTION_GUARD {\"blended_candidates\": 362, \"dataset\": \"44b6_2a2eff9f\", \"frame\": 22, \"minimum_retention\": 0.9, \"primary_candidates\": 470, \"retention\": 0.7702127659574468, \"use_primary\": true}\n"}
,{"stream_name":"stdout","time":1877.588783524,"data":"BIOHUB_RETENTION_GUARD {\"blended_candidates\": 362, \"dataset\": \"44b6_2a2eff9f\", \"frame\": 22, \"minimum_retention\": 0.9, \"primary_candidates\": 470, \"retention\": 0.7702127659574468, \"use_primary\": true}\n"}
,{"stream_name":"stdout","time":1878.630135298,"data":"EDGE_TTA_ACTIVE views= 8 mean_abs_feat_delta= 0.328824\n"}
,{"stream_name":"stdout","time":1878.63372206,"data":"EDGE_TTA_ACTIVE views= 8 mean_abs_feat_delta= 0.354804\n"}
,{"stream_name":"stdout","time":1878.832735495,"data":"EDGE_TTA_ACTIVE views= 8 mean_abs_feat_delta= 0.328824\n"}
,{"stream_name":"stdout","time":1878.832773417,"data":"EDGE_TTA_ACTIVE views= 8 mean_abs_feat_delta= 0.354804\n"}
,{"stream_name":"stdout","time":1879.620038797,"data":"BIOHUB_RETENTION_GUARD {\"blended_candidates\": 377, \"dataset\": \"44b6_2a2eff9f\", \"frame\": 23, \"minimum_retention\": 0.9, \"primary_candidates\": 467, \"retention\": 0.8072805139186295, \"use_primary\": true}\n"}
,{"stream_name":"stdout","time":1879.822379836,"data":"BIOHUB_RETENTION_GUARD {\"blended_candidates\": 377, \"dataset\": \"44b6_2a2eff9f\", \"frame\": 23, \"minimum_retention\": 0.9, \"primary_candidates\": 467, \"retention\": 0.8072805139186295, \"use_primary\": true}\n"}
,{"stream_name":"stdout","time":1880.856598369,"data":"EDGE_TTA_ACTIVE views= 8 mean_abs_feat_delta= 0.333453\n"}
,{"stream_name":"stdout","time":1880.908043561,"data":"EDGE_TTA_ACTIVE views= 8 mean_abs_feat_delta= 0.354254\n"}
,{"stream_name":"stdout","time":1881.060174041,"data":"EDGE_TTA_ACTIVE views= 8 mean_abs_feat_delta= 0.333453\n"}
,{"stream_name":"stdout","time":1881.060199884,"data":"EDGE_TTA_ACTIVE views= 8 mean_abs_feat_delta= 0.354254\n"}
,{"stream_name":"stdout","time":1881.923419164,"data":"BIOHUB_RETENTION_GUARD {\"blended_candidates\": 378, \"dataset\": \"44b6_2a2eff9f\", \"frame\": 24, \"minimum_retention\": 0.9, \"primary_candidates\": 467, \"retention\": 0.8094218415417559, \"use_primary\": true}\n"}
,{"stream_name":"stdout","time":1882.16418033,"data":"BIOHUB_RETENTION_GUARD {\"blended_candidates\": 378, \"dataset\": \"44b6_2a2eff9f\", \"frame\": 24, \"minimum_retention\": 0.9, \"primary_candidates\": 467, \"retention\": 0.8094218415417559, \"use_primary\": true}\n"}
,{"stream_name":"stdout","time":1883.062983267,"data":"EDGE_TTA_ACTIVE views= 8 mean_abs_feat_delta= 0.33049\n"}
,{"stream_name":"stdout","time":1883.257627284,"data":"EDGE_TTA_ACTIVE views= 8 mean_abs_feat_delta= 0.361493\n"}
,{"stream_name":"stdout","time":1883.2656929,"data":"EDGE_TTA_ACTIVE views= 8 mean_abs_feat_delta= 0.33049\n"}
,{"stream_name":"stdout","time":1883.265711581,"data":"EDGE_TTA_ACTIVE views= 8 mean_abs_feat_delta= 0.361493\n"}
,{"stream_name":"stdout","time":1884.2761467,"data":"BIOHUB_RETENTION_GUARD {\"blended_candidates\": 363, \"dataset\": \"44b6_2a2eff9f\", \"frame\": 25, \"minimum_retention\": 0.9, \"primary_candidates\": 449, \"retention\": 0.8084632516703786, \"use_primary\": true}\n"}
,{"stream_name":"stdout","time":1884.478682765,"data":"BIOHUB_RETENTION_GUARD {\"blended_candidates\": 363, \"dataset\": \"44b6_2a2eff9f\", \"frame\": 25, \"minimum_retention\": 0.9, \"primary_candidates\": 449, \"retention\": 0.8084632516703786, \"use_primary\": true}\n"}
,{"stream_name":"stdout","time":1885.325688012,"data":"EDGE_TTA_ACTIVE views= 8 mean_abs_feat_delta= 0.330532\n"}
,{"stream_name":"stdout","time":1885.471415558,"data":"EDGE_TTA_ACTIVE views= 8 mean_abs_feat_delta= 0.367501\n"}
,{"stream_name":"stdout","time":1885.527900052,"data":"EDGE_TTA_ACTIVE views= 8 mean_abs_feat_delta= 0.330532\n"}
,{"stream_name":"stdout","time":1885.527950031,"data":"EDGE_TTA_ACTIVE views= 8 mean_abs_feat_delta= 0.367501\n"}
,{"stream_name":"stdout","time":1886.481041765,"data":"BIOHUB_RETENTION_GUARD {\"blended_candidates\": 348, \"dataset\": \"44b6_2a2eff9f\", \"frame\": 26, \"minimum_retention\": 0.9, \"primary_candidates\": 438, \"retention\": 0.7945205479452054, \"use_primary\": true}\n"}
,{"stream_name":"stdout","time":1886.683394106,"data":"BIOHUB_RETENTION_GUARD {\"blended_candidates\": 348, \"dataset\": \"44b6_2a2eff9f\", \"frame\": 26, \"minimum_retention\": 0.9, \"primary_candidates\": 438, \"retention\": 0.7945205479452054, \"use_primary\": true}\n"}
,{"stream_name":"stdout","time":1887.519636692,"data":"EDGE_TTA_ACTIVE views= 8 mean_abs_feat_delta= 0.336898\n"}
,{"stream_name":"stdout","time":1887.722205141,"data":"EDGE_TTA_ACTIVE views= 8 mean_abs_feat_delta= 0.336898\n"}
,{"stream_name":"stdout","time":1887.808611395,"data":"EDGE_TTA_ACTIVE views= 8 mean_abs_feat_delta= 0.364694\n"}
,{"stream_name":"stdout","time":1888.011036808,"data":"EDGE_TTA_ACTIVE views= 8 mean_abs_feat_delta= 0.364694\n"}
,{"stream_name":"stdout","time":1888.81688702,"data":"BIOHUB_RETENTION_GUARD {\"blended_candidates\": 357, \"dataset\": \"44b6_2a2eff9f\", \"frame\": 27, \"minimum_retention\": 0.9, \"primary_candidates\": 475, \"retention\": 0.751578947368421, \"use_primary\": true}\n"}
,{"stream_name":"stdout","time":1889.018926936,"data":"BIOHUB_RETENTION_GUARD {\"blended_candidates\": 357, \"dataset\": \"44b6_2a2eff9f\", \"frame\": 27, \"minimum_retention\": 0.9, \"primary_candidates\": 475, \"retention\": 0.751578947368421, \"use_primary\": true}\n"}
,{"stream_name":"stdout","time":1889.741469049,"data":"EDGE_TTA_ACTIVE views= 8 mean_abs_feat_delta= 0.339093\n"}
,{"stream_name":"stdout","time":1889.943798338,"data":"EDGE_TTA_ACTIVE views= 8 mean_abs_feat_delta= 0.339093\n"}
,{"stream_name":"stdout","time":1890.033069323,"data":"EDGE_TTA_ACTIVE views= 8 mean_abs_feat_delta= 0.36466\n"}
,{"stream_name":"stdout","time":1890.235704843,"data":"EDGE_TTA_ACTIVE views= 8 mean_abs_feat_delta= 0.36466\n"}
,{"stream_name":"stdout","time":1891.060923342,"data":"BIOHUB_RETENTION_GUARD {\"blended_candidates\": 349, \"dataset\": \"44b6_2a2eff9f\", \"frame\": 28, \"minimum_retention\": 0.9, \"primary_candidates\": 461, \"retention\": 0.7570498915401301, \"use_primary\": true}\n"}
,{"stream_name":"stdout","time":1891.263473914,"data":"BIOHUB_RETENTION_GUARD {\"blended_candidates\": 349, \"dataset\": \"44b6_2a2eff9f\", \"frame\": 28, \"minimum_retention\": 0.9, \"primary_candidates\": 461, \"retention\": 0.7570498915401301, \"use_primary\": true}\n"}
,{"stream_name":"stdout","time":1892.043714805,"data":"EDGE_TTA_ACTIVE views= 8 mean_abs_feat_delta= 0.334928\n"}
,{"stream_name":"stdout","time":1892.246083847,"data":"EDGE_TTA_ACTIVE views= 8 mean_abs_feat_delta= 0.334928\n"}
,{"stream_name":"stdout","time":1892.353462371,"data":"EDGE_TTA_ACTIVE views= 8 mean_abs_feat_delta= 0.364232\n"}
,{"stream_name":"stdout","time":1892.555758243,"data":"EDGE_TTA_ACTIVE views= 8 mean_abs_feat_delta= 0.364232\n"}
,{"stream_name":"stdout","time":1893.384353254,"data":"BIOHUB_RETENTION_GUARD {\"blended_candidates\": 352, \"dataset\": \"44b6_2a2eff9f\", \"frame\": 29, \"minimum_retention\": 0.9, \"primary_candidates\": 467, \"retention\": 0.7537473233404711, \"use_primary\": true}\n"}
,{"stream_name":"stdout","time":1893.586937032,"data":"BIOHUB_RETENTION_GUARD {\"blended_candidates\": 352, \"dataset\": \"44b6_2a2eff9f\", \"frame\": 29, \"minimum_retention\": 0.9, \"primary_candidates\": 467, \"retention\": 0.7537473233404711, \"use_primary\": true}\n"}
,{"stream_name":"stdout","time":1894.30306355,"data":"EDGE_TTA_ACTIVE views= 8 mean_abs_feat_delta= 0.334762\n"}
,{"stream_name":"stdout","time":1894.506197133,"data":"EDGE_TTA_ACTIVE views= 8 mean_abs_feat_delta= 0.334762\n"}
,{"stream_name":"stdout","time":1894.642465146,"data":"EDGE_TTA_ACTIVE views= 8 mean_abs_feat_delta= 0.369005\n"}
,{"stream_name":"stdout","time":1894.845079385,"data":"EDGE_TTA_ACTIVE views= 8 mean_abs_feat_delta= 0.369005\n"}
,{"stream_name":"stdout","time":1895.676811527,"data":"BIOHUB_RETENTION_GUARD {\"blended_candidates\": 342, \"dataset\": \"44b6_2a2eff9f\", \"frame\": 30, \"minimum_retention\": 0.9, \"primary_candidates\": 460, \"retention\": 0.7434782608695653, \"use_primary\": true}\n"}
,{"stream_name":"stdout","time":1895.878949727,"data":"BIOHUB_RETENTION_GUARD {\"blended_candidates\": 342, \"dataset\": \"44b6_2a2eff9f\", \"frame\": 30, \"minimum_retention\": 0.9, \"primary_candidates\": 460, \"retention\": 0.7434782608695653, \"use_primary\": true}\n"}
,{"stream_name":"stdout","time":1896.516151898,"data":"EDGE_TTA_ACTIVE views= 8 mean_abs_feat_delta= 0.343229\n"}
,{"stream_name":"stdout","time":1896.718588389,"data":"EDGE_TTA_ACTIVE views= 8 mean_abs_feat_delta= 0.343229\n"}
,{"stream_name":"stdout","time":1896.961659918,"data":"EDGE_TTA_ACTIVE views= 8 mean_abs_feat_delta= 0.371568\n"}
,{"stream_name":"stdout","time":1897.164270989,"data":"EDGE_TTA_ACTIVE views= 8 mean_abs_feat_delta= 0.371568\n"}
,{"stream_name":"stdout","time":1897.993825084,"data":"BIOHUB_RETENTION_GUARD {\"blended_candidates\": 360, \"dataset\": \"44b6_2a2eff9f\", \"frame\": 31, \"minimum_retention\": 0.9, \"primary_candidates\": 457, \"retention\": 0.787746170678337, \"use_primary\": true}\n"}
,{"stream_name":"stdout","time":1898.196491647,"data":"BIOHUB_RETENTION_GUARD {\"blended_candidates\": 360, \"dataset\": \"44b6_2a2eff9f\", \"frame\": 31, \"minimum_retention\": 0.9, \"primary_candidates\": 457, \"retention\": 0.787746170678337, \"use_primary\": true}\n"}
,{"stream_name":"stdout","time":1898.788703454,"data":"EDGE_TTA_ACTIVE views= 8 mean_abs_feat_delta= 0.34071\n"}
,{"stream_name":"stdout","time":1898.991217187,"data":"EDGE_TTA_ACTIVE views= 8 mean_abs_feat_delta= 0.34071\n"}
,{"stream_name":"stdout","time":1899.271320075,"data":"EDGE_TTA_ACTIVE views= 8 mean_abs_feat_delta= 0.373964\n"}
,{"stream_name":"stdout","time":1899.474062968,"data":"EDGE_TTA_ACTIVE views= 8 mean_abs_feat_delta= 0.373964\n"}
,{"stream_name":"stdout","time":1900.299554196,"data":"BIOHUB_RETENTION_GUARD {\"blended_candidates\": 361, \"dataset\": \"44b6_2a2eff9f\", \"frame\": 32, \"minimum_retention\": 0.9, \"primary_candidates\": 461, \"retention\": 0.7830802603036876, \"use_primary\": true}\n"}
,{"stream_name":"stdout","time":1900.502140213,"data":"BIOHUB_RETENTION_GUARD {\"blended_candidates\": 361, \"dataset\": \"44b6_2a2eff9f\", \"frame\": 32, \"minimum_retention\": 0.9, \"primary_candidates\": 461, \"retention\": 0.7830802603036876, \"use_primary\": true}\n"}
,{"stream_name":"stdout","time":1901.076969144,"data":"EDGE_TTA_ACTIVE views= 8 mean_abs_feat_delta= 0.337284\n"}
,{"stream_name":"stdout","time":1901.279872001,"data":"EDGE_TTA_ACTIVE views= 8 mean_abs_feat_delta= 0.337284\n"}
,{"stream_name":"stdout","time":1901.540387037,"data":"EDGE_TTA_ACTIVE views= 8 mean_abs_feat_delta= 0.375985\n"}
,{"stream_name":"stdout","time":1901.742713439,"data":"EDGE_TTA_ACTIVE views= 8 mean_abs_feat_delta= 0.375985\n"}
,{"stream_name":"stdout","time":1902.555352226,"data":"BIOHUB_RETENTION_GUARD {\"blended_candidates\": 336, \"dataset\": \"44b6_2a2eff9f\", \"frame\": 33, \"minimum_retention\": 0.9, \"primary_candidates\": 455, \"retention\": 0.7384615384615385, \"use_primary\": true}\n"}
,{"stream_name":"stdout","time":1902.757933957,"data":"BIOHUB_RETENTION_GUARD {\"blended_candidates\": 336, \"dataset\": \"44b6_2a2eff9f\", \"frame\": 33, \"minimum_retention\": 0.9, \"primary_candidates\": 455, \"retention\": 0.7384615384615385, \"use_primary\": true}\n"}
,{"stream_name":"stdout","time":1903.262246453,"data":"EDGE_TTA_ACTIVE views= 8 mean_abs_feat_delta= 0.340637\n"}
,{"stream_name":"stdout","time":1903.465005741,"data":"EDGE_TTA_ACTIVE views= 8 mean_abs_feat_delta= 0.340637\n"}
,{"stream_name":"stdout","time":1903.814916751,"data":"EDGE_TTA_ACTIVE views= 8 mean_abs_feat_delta= 0.370885\n"}
,{"stream_name":"stdout","time":1904.017199479,"data":"EDGE_TTA_ACTIVE views= 8 mean_abs_feat_delta= 0.370885\n"}
,{"stream_name":"stdout","time":1904.825580473,"data":"BIOHUB_RETENTION_GUARD {\"blended_candidates\": 344, \"dataset\": \"44b6_2a2eff9f\", \"frame\": 34, \"minimum_retention\": 0.9, \"primary_candidates\": 470, \"retention\": 0.7319148936170212, \"use_primary\": true}\n"}
,{"stream_name":"stdout","time":1905.028043392,"data":"BIOHUB_RETENTION_GUARD {\"blended_candidates\": 344, \"dataset\": \"44b6_2a2eff9f\", \"frame\": 34, \"minimum_retention\": 0.9, \"primary_candidates\": 470, \"retention\": 0.7319148936170212, \"use_primary\": true}\n"}
,{"stream_name":"stdout","time":1905.480117031,"data":"EDGE_TTA_ACTIVE views= 8 mean_abs_feat_delta= 0.338061\n"}
,{"stream_name":"stdout","time":1905.682871168,"data":"EDGE_TTA_ACTIVE views= 8 mean_abs_feat_delta= 0.338061\n"}
,{"stream_name":"stdout","time":1906.111745472,"data":"EDGE_TTA_ACTIVE views= 8 mean_abs_feat_delta= 0.36672\n"}
,{"stream_name":"stdout","time":1906.314391419,"data":"EDGE_TTA_ACTIVE views= 8 mean_abs_feat_delta= 0.36672\n"}
,{"stream_name":"stdout","time":1907.114517105,"data":"BIOHUB_RETENTION_GUARD {\"blended_candidates\": 339, \"dataset\": \"44b6_2a2eff9f\", \"frame\": 35, \"minimum_retention\": 0.9, \"primary_candidates\": 461, \"retention\": 0.735357917570499, \"use_primary\": true}\n"}
,{"stream_name":"stdout","time":1907.316751627,"data":"BIOHUB_RETENTION_GUARD {\"blended_candidates\": 339, \"dataset\": \"44b6_2a2eff9f\", \"frame\": 35, \"minimum_retention\": 0.9, \"primary_candidates\": 461, \"retention\": 0.735357917570499, \"use_primary\": true}\n"}
,{"stream_name":"stdout","time":1907.700549293,"data":"EDGE_TTA_ACTIVE views= 8 mean_abs_feat_delta= 0.345326\n"}
,{"stream_name":"stdout","time":1907.90311845,"data":"EDGE_TTA_ACTIVE views= 8 mean_abs_feat_delta= 0.345326\n"}
,{"stream_name":"stdout","time":1908.36184138,"data":"EDGE_TTA_ACTIVE views= 8 mean_abs_feat_delta= 0.364845\n"}
,{"stream_name":"stdout","time":1908.564789117,"data":"EDGE_TTA_ACTIVE views= 8 mean_abs_feat_delta= 0.364845\n"}
,{"stream_name":"stdout","time":1909.362657773,"data":"BIOHUB_RETENTION_GUARD {\"blended_candidates\": 344, \"dataset\": \"44b6_2a2eff9f\", \"frame\": 36, \"minimum_retention\": 0.9, \"primary_candidates\": 451, \"retention\": 0.7627494456762749, \"use_primary\": true}\n"}
,{"stream_name":"stdout","time":1909.565156464,"data":"BIOHUB_RETENTION_GUARD {\"blended_candidates\": 344, \"dataset\": \"44b6_2a2eff9f\", \"frame\": 36, \"minimum_retention\": 0.9, \"primary_candidates\": 451, \"retention\": 0.7627494456762749, \"use_primary\": true}\n"}
,{"stream_name":"stdout","time":1909.903391527,"data":"EDGE_TTA_ACTIVE views= 8 mean_abs_feat_delta= 0.349698\n"}
,{"stream_name":"stdout","time":1910.106068547,"data":"EDGE_TTA_ACTIVE views= 8 mean_abs_feat_delta= 0.349698\n"}
,{"stream_name":"stdout","time":1910.606882427,"data":"EDGE_TTA_ACTIVE views= 8 mean_abs_feat_delta= 0.365471\n"}
,{"stream_name":"stdout","time":1910.80953397,"data":"EDGE_TTA_ACTIVE views= 8 mean_abs_feat_delta= 0.365471\n"}
,{"stream_name":"stdout","time":1911.586321836,"data":"BIOHUB_RETENTION_GUARD {\"blended_candidates\": 329, \"dataset\": \"44b6_2a2eff9f\", \"frame\": 37, \"minimum_retention\": 0.9, \"primary_candidates\": 430, \"retention\": 0.7651162790697674, \"use_primary\": true}\n"}
,{"stream_name":"stdout","time":1911.789168648,"data":"BIOHUB_RETENTION_GUARD {\"blended_candidates\": 329, \"dataset\": \"44b6_2a2eff9f\", \"frame\": 37, \"minimum_retention\": 0.9, \"primary_candidates\": 430, \"retention\": 0.7651162790697674, \"use_primary\": true}\n"}
,{"stream_name":"stdout","time":1912.045434543,"data":"EDGE_TTA_ACTIVE views= 8 mean_abs_feat_delta= 0.349809\n"}
,{"stream_name":"stdout","time":1912.31072338,"data":"EDGE_TTA_ACTIVE views= 8 mean_abs_feat_delta= 0.349809\n"}
,{"stream_name":"stdout","time":1912.806321204,"data":"EDGE_TTA_ACTIVE views= 8 mean_abs_feat_delta= 0.367895\n"}
,{"stream_name":"stdout","time":1913.008749406,"data":"EDGE_TTA_ACTIVE views= 8 mean_abs_feat_delta= 0.367895\n"}
,{"stream_name":"stdout","time":1913.795509065,"data":"BIOHUB_RETENTION_GUARD {\"blended_candidates\": 321, \"dataset\": \"44b6_2a2eff9f\", \"frame\": 38, \"minimum_retention\": 0.9, \"primary_candidates\": 432, \"retention\": 0.7430555555555556, \"use_primary\": true}\n"}
,{"stream_name":"stdout","time":1913.997883885,"data":"BIOHUB_RETENTION_GUARD {\"blended_candidates\": 321, \"dataset\": \"44b6_2a2eff9f\", \"frame\": 38, \"minimum_retention\": 0.9, \"primary_candidates\": 432, \"retention\": 0.7430555555555556, \"use_primary\": true}\n"}
,{"stream_name":"stdout","time":1914.187834176,"data":"EDGE_TTA_ACTIVE views= 8 mean_abs_feat_delta= 0.338556\n"}
,{"stream_name":"stdout","time":1914.390586419,"data":"EDGE_TTA_ACTIVE views= 8 mean_abs_feat_delta= 0.338556\n"}
,{"stream_name":"stdout","time":1915.053341187,"data":"EDGE_TTA_ACTIVE views= 8 mean_abs_feat_delta= 0.369509\n"}
,{"stream_name":"stdout","time":1915.255490069,"data":"EDGE_TTA_ACTIVE views= 8 mean_abs_feat_delta= 0.369509\n"}
,{"stream_name":"stdout","time":1916.04548472,"data":"BIOHUB_RETENTION_GUARD {\"blended_candidates\": 347, \"dataset\": \"44b6_2a2eff9f\", \"frame\": 39, \"minimum_retention\": 0.9, \"primary_candidates\": 430, \"retention\": 0.8069767441860465, \"use_primary\": true}\n"}
,{"stream_name":"stdout","time":1916.247659707,"data":"BIOHUB_RETENTION_GUARD {\"blended_candidates\": 347, \"dataset\": \"44b6_2a2eff9f\", \"frame\": 39, \"minimum_retention\": 0.9, \"primary_candidates\": 430, \"retention\": 0.8069767441860465, \"use_primary\": true}\n"}
,{"stream_name":"stdout","time":1916.33962373,"data":"EDGE_TTA_ACTIVE views= 8 mean_abs_feat_delta= 0.340267\n"}
,{"stream_name":"stdout","time":1916.542124578,"data":"EDGE_TTA_ACTIVE views= 8 mean_abs_feat_delta= 0.340267\n"}
,{"stream_name":"stdout","time":1917.283578046,"data":"EDGE_TTA_ACTIVE views= 8 mean_abs_feat_delta= 0.369407\n"}
,{"stream_name":"stdout","time":1917.486404626,"data":"EDGE_TTA_ACTIVE views= 8 mean_abs_feat_delta= 0.369407\n"}
,{"stream_name":"stdout","time":1918.272109003,"data":"BIOHUB_RETENTION_GUARD {\"blended_candidates\": 338, \"dataset\": \"44b6_2a2eff9f\", \"frame\": 40, \"minimum_retention\": 0.9, \"primary_candidates\": 423, \"retention\": 0.7990543735224587, \"use_primary\": true}\n"}
,{"stream_name":"stdout","time":1918.443138484,"data":"EDGE_TTA_ACTIVE views= 8 mean_abs_feat_delta= 0.344133\n"}
,{"stream_name":"stdout","time":1918.474553978,"data":"BIOHUB_RETENTION_GUARD {\"blended_candidates\": 338, \"dataset\": \"44b6_2a2eff9f\", \"frame\": 40, \"minimum_retention\": 0.9, \"primary_candidates\": 423, \"retention\": 0.7990543735224587, \"use_primary\": true}\n"}
,{"stream_name":"stdout","time":1918.474593971,"data":"EDGE_TTA_ACTIVE views= 8 mean_abs_feat_delta= 0.344133\n"}
,{"stream_name":"stdout","time":1919.531818561,"data":"EDGE_TTA_ACTIVE views= 8 mean_abs_feat_delta= 0.366559\n"}
,{"stream_name":"stdout","time":1919.734107199,"data":"EDGE_TTA_ACTIVE views= 8 mean_abs_feat_delta= 0.366559\n"}
,{"stream_name":"stdout","time":1920.505139735,"data":"BIOHUB_RETENTION_GUARD {\"blended_candidates\": 356, \"dataset\": \"44b6_2a2eff9f\", \"frame\": 41, \"minimum_retention\": 0.9, \"primary_candidates\": 439, \"retention\": 0.8109339407744874, \"use_primary\": true}\n"}
,{"stream_name":"stdout","time":1920.554503938,"data":"EDGE_TTA_ACTIVE views= 8 mean_abs_feat_delta= 0.337296\n"}
,{"stream_name":"stdout","time":1920.709383012,"data":"BIOHUB_RETENTION_GUARD {\"blended_candidates\": 356, \"dataset\": \"44b6_2a2eff9f\", \"frame\": 41, \"minimum_retention\": 0.9, \"primary_candidates\": 439, \"retention\": 0.8109339407744874, \"use_primary\": true}\n"}
,{"stream_name":"stdout","time":1920.709410468,"data":"EDGE_TTA_ACTIVE views= 8 mean_abs_feat_delta= 0.337296\n"}
,{"stream_name":"stdout","time":1921.703239998,"data":"EDGE_TTA_ACTIVE views= 8 mean_abs_feat_delta= 0.365076\n"}
,{"stream_name":"stdout","time":1921.90555313,"data":"EDGE_TTA_ACTIVE views= 8 mean_abs_feat_delta= 0.365076\n"}
,{"stream_name":"stdout","time":1922.664039761,"data":"EDGE_TTA_ACTIVE views= 8 mean_abs_feat_delta= 0.340359\n"}
,{"stream_name":"stdout","time":1922.672401105,"data":"BIOHUB_RETENTION_GUARD {\"blended_candidates\": 348, \"dataset\": \"44b6_2a2eff9f\", \"frame\": 42, \"minimum_retention\": 0.9, \"primary_candidates\": 424, \"retention\": 0.8207547169811321, \"use_primary\": true}\n"}
,{"stream_name":"stdout","time":1922.866360514,"data":"EDGE_TTA_ACTIVE views= 8 mean_abs_feat_delta= 0.340359\n"}
,{"stream_name":"stdout","time":1922.866395362,"data":"BIOHUB_RETENTION_GUARD {\"blended_candidates\": 348, \"dataset\": \"44b6_2a2eff9f\", \"frame\": 42, \"minimum_retention\": 0.9, \"primary_candidates\": 424, \"retention\": 0.8207547169811321, \"use_primary\": true}\n"}
,{"stream_name":"stdout","time":1923.910890831,"data":"EDGE_TTA_ACTIVE views= 8 mean_abs_feat_delta= 0.363489\n"}
,{"stream_name":"stdout","time":1924.113678641,"data":"EDGE_TTA_ACTIVE views= 8 mean_abs_feat_delta= 0.363489\n"}
,{"stream_name":"stdout","time":1924.770795208,"data":"EDGE_TTA_ACTIVE views= 8 mean_abs_feat_delta= 0.328718\n"}
,{"stream_name":"stdout","time":1924.880247354,"data":"BIOHUB_RETENTION_GUARD {\"blended_candidates\": 325, \"dataset\": \"44b6_2a2eff9f\", \"frame\": 43, \"minimum_retention\": 0.9, \"primary_candidates\": 418, \"retention\": 0.777511961722488, \"use_primary\": true}\n"}
,{"stream_name":"stdout","time":1924.973071485,"data":"EDGE_TTA_ACTIVE views= 8 mean_abs_feat_delta= 0.328718\n"}
,{"stream_name":"stdout","time":1924.973097518,"data":"BIOHUB_RETENTION_GUARD {\"blended_candidates\": 325, \"dataset\": \"44b6_2a2eff9f\", \"frame\": 43, \"minimum_retention\": 0.9, \"primary_candidates\": 418, \"retention\": 0.777511961722488, \"use_primary\": true}\n"}
,{"stream_name":"stdout","time":1926.091907064,"data":"EDGE_TTA_ACTIVE views= 8 mean_abs_feat_delta= 0.365601\n"}
,{"stream_name":"stdout","time":1926.294171885,"data":"EDGE_TTA_ACTIVE views= 8 mean_abs_feat_delta= 0.365601\n"}
,{"stream_name":"stdout","time":1926.85110779,"data":"EDGE_TTA_ACTIVE views= 8 mean_abs_feat_delta= 0.332662\n"}
,{"stream_name":"stdout","time":1927.053480064,"data":"EDGE_TTA_ACTIVE views= 8 mean_abs_feat_delta= 0.332662\n"}
,{"stream_name":"stdout","time":1927.06587382,"data":"BIOHUB_RETENTION_GUARD {\"blended_candidates\": 329, \"dataset\": \"44b6_2a2eff9f\", \"frame\": 44, \"minimum_retention\": 0.9, \"primary_candidates\": 441, \"retention\": 0.746031746031746, \"use_primary\": true}\n"}
,{"stream_name":"stdout","time":1927.26792536,"data":"BIOHUB_RETENTION_GUARD {\"blended_candidates\": 329, \"dataset\": \"44b6_2a2eff9f\", \"frame\": 44, \"minimum_retention\": 0.9, \"primary_candidates\": 441, \"retention\": 0.746031746031746, \"use_primary\": true}\n"}
,{"stream_name":"stdout","time":1928.343006161,"data":"EDGE_TTA_ACTIVE views= 8 mean_abs_feat_delta= 0.366265\n"}
,{"stream_name":"stdout","time":1928.545557656,"data":"EDGE_TTA_ACTIVE views= 8 mean_abs_feat_delta= 0.366265\n"}
,{"stream_name":"stdout","time":1928.943771037,"data":"EDGE_TTA_ACTIVE views= 8 mean_abs_feat_delta= 0.336965\n"}
,{"stream_name":"stdout","time":1929.146092612,"data":"EDGE_TTA_ACTIVE views= 8 mean_abs_feat_delta= 0.336965\n"}
,{"stream_name":"stdout","time":1929.312446359,"data":"BIOHUB_RETENTION_GUARD {\"blended_candidates\": 318, \"dataset\": \"44b6_2a2eff9f\", \"frame\": 45, \"minimum_retention\": 0.9, \"primary_candidates\": 424, \"retention\": 0.75, \"use_primary\": true}\n"}
,{"stream_name":"stdout","time":1929.51495454,"data":"BIOHUB_RETENTION_GUARD {\"blended_candidates\": 318, \"dataset\": \"44b6_2a2eff9f\", \"frame\": 45, \"minimum_retention\": 0.9, \"primary_candidates\": 424, \"retention\": 0.75, \"use_primary\": true}\n"}
,{"stream_name":"stdout","time":1930.490673771,"data":"EDGE_TTA_ACTIVE views= 8 mean_abs_feat_delta= 0.362606\n"}
,{"stream_name":"stdout","time":1930.693478378,"data":"EDGE_TTA_ACTIVE views= 8 mean_abs_feat_delta= 0.362606\n"}
,{"stream_name":"stdout","time":1930.994328085,"data":"EDGE_TTA_ACTIVE views= 8 mean_abs_feat_delta= 0.33779\n"}
,{"stream_name":"stdout","time":1931.196943822,"data":"EDGE_TTA_ACTIVE views= 8 mean_abs_feat_delta= 0.33779\n"}
,{"stream_name":"stdout","time":1931.460726198,"data":"BIOHUB_RETENTION_GUARD {\"blended_candidates\": 329, \"dataset\": \"44b6_2a2eff9f\", \"frame\": 46, \"minimum_retention\": 0.9, \"primary_candidates\": 435, \"retention\": 0.7563218390804598, \"use_primary\": true}\n"}
,{"stream_name":"stdout","time":1931.663118474,"data":"BIOHUB_RETENTION_GUARD {\"blended_candidates\": 329, \"dataset\": \"44b6_2a2eff9f\", \"frame\": 46, \"minimum_retention\": 0.9, \"primary_candidates\": 435, \"retention\": 0.7563218390804598, \"use_primary\": true}\n"}
,{"stream_name":"stdout","time":1932.718313096,"data":"EDGE_TTA_ACTIVE views= 8 mean_abs_feat_delta= 0.353238\n"}
,{"stream_name":"stdout","time":1932.920586397,"data":"EDGE_TTA_ACTIVE views= 8 mean_abs_feat_delta= 0.353238\n"}
,{"stream_name":"stdout","time":1933.104359455,"data":"EDGE_TTA_ACTIVE views= 8 mean_abs_feat_delta= 0.342767\n"}
,{"stream_name":"stdout","time":1933.307156008,"data":"EDGE_TTA_ACTIVE views= 8 mean_abs_feat_delta= 0.342767\n"}
,{"stream_name":"stdout","time":1933.688069652,"data":"BIOHUB_RETENTION_GUARD {\"blended_candidates\": 410, \"dataset\": \"44b6_2a2eff9f\", \"frame\": 47, \"minimum_retention\": 0.9, \"primary_candidates\": 487, \"retention\": 0.8418891170431212, \"use_primary\": true}\n"}
,{"stream_name":"stdout","time":1933.890669017,"data":"BIOHUB_RETENTION_GUARD {\"blended_candidates\": 410, \"dataset\": \"44b6_2a2eff9f\", \"frame\": 47, \"minimum_retention\": 0.9, \"primary_candidates\": 487, \"retention\": 0.8418891170431212, \"use_primary\": true}\n"}
,{"stream_name":"stdout","time":1934.905636535,"data":"EDGE_TTA_ACTIVE views= 8 mean_abs_feat_delta= 0.360268\n"}
,{"stream_name":"stdout","time":1935.107928416,"data":"EDGE_TTA_ACTIVE views= 8 mean_abs_feat_delta= 0.360268\n"}
,{"stream_name":"stdout","time":1935.181322159,"data":"EDGE_TTA_ACTIVE views= 8 mean_abs_feat_delta= 0.341057\n"}
,{"stream_name":"stdout","time":1935.383399439,"data":"EDGE_TTA_ACTIVE views= 8 mean_abs_feat_delta= 0.341057\n"}
,{"stream_name":"stdout","time":1935.875747757,"data":"BIOHUB_RETENTION_GUARD {\"blended_candidates\": 294, \"dataset\": \"44b6_2a2eff9f\", \"frame\": 48, \"minimum_retention\": 0.9, \"primary_candidates\": 419, \"retention\": 0.7016706443914081, \"use_primary\": true}\n"}
,{"stream_name":"stdout","time":1936.077961839,"data":"BIOHUB_RETENTION_GUARD {\"blended_candidates\": 294, \"dataset\": \"44b6_2a2eff9f\", \"frame\": 48, \"minimum_retention\": 0.9, \"primary_candidates\": 419, \"retention\": 0.7016706443914081, \"use_primary\": true}\n"}
,{"stream_name":"stdout","time":1937.038647695,"data":"EDGE_TTA_ACTIVE views= 8 mean_abs_feat_delta= 0.366748\n"}
,{"stream_name":"stdout","time":1937.241137701,"data":"EDGE_TTA_ACTIVE views= 8 mean_abs_feat_delta= 0.366748\n"}
,{"stream_name":"stdout","time":1937.243855926,"data":"EDGE_TTA_ACTIVE views= 8 mean_abs_feat_delta= 0.336331\n"}
,{"stream_name":"stdout","time":1937.446391086,"data":"EDGE_TTA_ACTIVE views= 8 mean_abs_feat_delta= 0.336331\n"}
,{"stream_name":"stdout","time":1938.021957469,"data":"BIOHUB_RETENTION_GUARD {\"blended_candidates\": 266, \"dataset\": \"44b6_2a2eff9f\", \"frame\": 49, \"minimum_retention\": 0.9, \"primary_candidates\": 410, \"retention\": 0.6487804878048781, \"use_primary\": true}\n"}
,{"stream_name":"stdout","time":1938.224401542,"data":"BIOHUB_RETENTION_GUARD {\"blended_candidates\": 266, \"dataset\": \"44b6_2a2eff9f\", \"frame\": 49, \"minimum_retention\": 0.9, \"primary_candidates\": 410, \"retention\": 0.6487804878048781, \"use_primary\": true}\n"}
,{"stream_name":"stdout","time":1939.199081781,"data":"EDGE_TTA_ACTIVE views= 8 mean_abs_feat_delta= 0.370945\n"}
,{"stream_name":"stdout","time":1939.301041642,"data":"EDGE_TTA_ACTIVE views= 8 mean_abs_feat_delta= 0.334957\n"}
,{"stream_name":"stdout","time":1939.401516418,"data":"EDGE_TTA_ACTIVE views= 8 mean_abs_feat_delta= 0.370945\n"}
,{"stream_name":"stdout","time":1939.401573716,"data":"EDGE_TTA_ACTIVE views= 8 mean_abs_feat_delta= 0.334957\n"}
,{"stream_name":"stdout","time":1940.187323468,"data":"BIOHUB_RETENTION_GUARD {\"blended_candidates\": 264, \"dataset\": \"44b6_2a2eff9f\", \"frame\": 50, \"minimum_retention\": 0.9, \"primary_candidates\": 409, \"retention\": 0.6454767726161369, \"use_primary\": true}\n"}
,{"stream_name":"stdout","time":1940.389987207,"data":"BIOHUB_RETENTION_GUARD {\"blended_candidates\": 264, \"dataset\": \"44b6_2a2eff9f\", \"frame\": 50, \"minimum_retention\": 0.9, \"primary_candidates\": 409, \"retention\": 0.6454767726161369, \"use_primary\": true}\n"}
,{"stream_name":"stdout","time":1941.333758063,"data":"EDGE_TTA_ACTIVE views= 8 mean_abs_feat_delta= 0.366217\n"}
,{"stream_name":"stdout","time":1941.407040349,"data":"EDGE_TTA_ACTIVE views= 8 mean_abs_feat_delta= 0.341619\n"}
,{"stream_name":"stdout","time":1941.536759528,"data":"EDGE_TTA_ACTIVE views= 8 mean_abs_feat_delta= 0.366217\n"}
,{"stream_name":"stdout","time":1941.536799034,"data":"EDGE_TTA_ACTIVE views= 8 mean_abs_feat_delta= 0.341619\n"}
,{"stream_name":"stdout","time":1942.317328005,"data":"BIOHUB_RETENTION_GUARD {\"blended_candidates\": 284, \"dataset\": \"44b6_2a2eff9f\", \"frame\": 51, \"minimum_retention\": 0.9, \"primary_candidates\": 407, \"retention\": 0.6977886977886978, \"use_primary\": true}\n"}
,{"stream_name":"stdout","time":1942.561202847,"data":"BIOHUB_RETENTION_GUARD {\"blended_candidates\": 284, \"dataset\": \"44b6_2a2eff9f\", \"frame\": 51, \"minimum_retention\": 0.9, \"primary_candidates\": 407, \"retention\": 0.6977886977886978, \"use_primary\": true}\n"}
,{"stream_name":"stdout","time":1943.575056251,"data":"EDGE_TTA_ACTIVE views= 8 mean_abs_feat_delta= 0.362563\n"}
,{"stream_name":"stdout","time":1943.578879019,"data":"EDGE_TTA_ACTIVE views= 8 mean_abs_feat_delta= 0.337701\n"}
,{"stream_name":"stdout","time":1943.777452487,"data":"EDGE_TTA_ACTIVE views= 8 mean_abs_feat_delta= 0.362563\n"}
,{"stream_name":"stdout","time":1943.77748715,"data":"EDGE_TTA_ACTIVE views= 8 mean_abs_feat_delta= 0.337701\n"}
,{"stream_name":"stdout","time":1944.566045841,"data":"BIOHUB_RETENTION_GUARD {\"blended_candidates\": 269, \"dataset\": \"44b6_2a2eff9f\", \"frame\": 52, \"minimum_retention\": 0.9, \"primary_candidates\": 406, \"retention\": 0.6625615763546798, \"use_primary\": true}\n"}
,{"stream_name":"stdout","time":1944.768475202,"data":"BIOHUB_RETENTION_GUARD {\"blended_candidates\": 269, \"dataset\": \"44b6_2a2eff9f\", \"frame\": 52, \"minimum_retention\": 0.9, \"primary_candidates\": 406, \"retention\": 0.6625615763546798, \"use_primary\": true}\n"}
,{"stream_name":"stdout","time":1945.749351314,"data":"EDGE_TTA_ACTIVE views= 8 mean_abs_feat_delta= 0.333193\n"}
,{"stream_name":"stdout","time":1945.854194486,"data":"EDGE_TTA_ACTIVE views= 8 mean_abs_feat_delta= 0.366037\n"}
,{"stream_name":"stdout","time":1945.951895972,"data":"EDGE_TTA_ACTIVE views= 8 mean_abs_feat_delta= 0.333193\n"}
,{"stream_name":"stdout","time":1945.952133999,"data":"EDGE_TTA_ACTIVE views= 8 mean_abs_feat_delta= 0.366037\n"}
,{"stream_name":"stdout","time":1946.835877869,"data":"BIOHUB_RETENTION_GUARD {\"blended_candidates\": 288, \"dataset\": \"44b6_2a2eff9f\", \"frame\": 53, \"minimum_retention\": 0.9, \"primary_candidates\": 418, \"retention\": 0.6889952153110048, \"use_primary\": true}\n"}
,{"stream_name":"stdout","time":1947.038103318,"data":"BIOHUB_RETENTION_GUARD {\"blended_candidates\": 288, \"dataset\": \"44b6_2a2eff9f\", \"frame\": 53, \"minimum_retention\": 0.9, \"primary_candidates\": 418, \"retention\": 0.6889952153110048, \"use_primary\": true}\n"}
,{"stream_name":"stdout","time":1947.915249504,"data":"EDGE_TTA_ACTIVE views= 8 mean_abs_feat_delta= 0.336337\n"}
,{"stream_name":"stdout","time":1948.035293884,"data":"EDGE_TTA_ACTIVE views= 8 mean_abs_feat_delta= 0.364649\n"}
,{"stream_name":"stdout","time":1948.117451155,"data":"EDGE_TTA_ACTIVE views= 8 mean_abs_feat_delta= 0.336337\n"}
,{"stream_name":"stdout","time":1948.117480165,"data":"EDGE_TTA_ACTIVE views= 8 mean_abs_feat_delta= 0.364649\n"}
,{"stream_name":"stdout","time":1949.022801045,"data":"BIOHUB_RETENTION_GUARD {\"blended_candidates\": 243, \"dataset\": \"44b6_2a2eff9f\", \"frame\": 54, \"minimum_retention\": 0.9, \"primary_candidates\": 392, \"retention\": 0.6198979591836735, \"use_primary\": true}\n"}
,{"stream_name":"stdout","time":1949.22500064,"data":"BIOHUB_RETENTION_GUARD {\"blended_candidates\": 243, \"dataset\": \"44b6_2a2eff9f\", \"frame\": 54, \"minimum_retention\": 0.9, \"primary_candidates\": 392, \"retention\": 0.6198979591836735, \"use_primary\": true}\n"}
,{"stream_name":"stdout","time":1950.049191274,"data":"EDGE_TTA_ACTIVE views= 8 mean_abs_feat_delta= 0.340775\n"}
,{"stream_name":"stdout","time":1950.246910764,"data":"EDGE_TTA_ACTIVE views= 8 mean_abs_feat_delta= 0.361135\n"}
,{"stream_name":"stdout","time":1950.25166851,"data":"EDGE_TTA_ACTIVE views= 8 mean_abs_feat_delta= 0.340775\n"}
,{"stream_name":"stdout","time":1950.25169237,"data":"EDGE_TTA_ACTIVE views= 8 mean_abs_feat_delta= 0.361135\n"}
,{"stream_name":"stdout","time":1951.237171437,"data":"BIOHUB_RETENTION_GUARD {\"blended_candidates\": 255, \"dataset\": \"44b6_2a2eff9f\", \"frame\": 55, \"minimum_retention\": 0.9, \"primary_candidates\": 409, \"retention\": 0.6234718826405868, \"use_primary\": true}\n"}
,{"stream_name":"stdout","time":1951.439783999,"data":"BIOHUB_RETENTION_GUARD {\"blended_candidates\": 255, \"dataset\": \"44b6_2a2eff9f\", \"frame\": 55, \"minimum_retention\": 0.9, \"primary_candidates\": 409, \"retention\": 0.6234718826405868, \"use_primary\": true}\n"}
,{"stream_name":"stdout","time":1952.242763917,"data":"EDGE_TTA_ACTIVE views= 8 mean_abs_feat_delta= 0.340687\n"}
,{"stream_name":"stdout","time":1952.445285639,"data":"EDGE_TTA_ACTIVE views= 8 mean_abs_feat_delta= 0.340687\n"}
,{"stream_name":"stdout","time":1952.470488015,"data":"EDGE_TTA_ACTIVE views= 8 mean_abs_feat_delta= 0.359041\n"}
,{"stream_name":"stdout","time":1952.673019309,"data":"EDGE_TTA_ACTIVE views= 8 mean_abs_feat_delta= 0.359041\n"}
,{"stream_name":"stdout","time":1953.472578594,"data":"BIOHUB_RETENTION_GUARD {\"blended_candidates\": 271, \"dataset\": \"44b6_2a2eff9f\", \"frame\": 56, \"minimum_retention\": 0.9, \"primary_candidates\": 424, \"retention\": 0.6391509433962265, \"use_primary\": true}\n"}
,{"stream_name":"stdout","time":1953.67524719,"data":"BIOHUB_RETENTION_GUARD {\"blended_candidates\": 271, \"dataset\": \"44b6_2a2eff9f\", \"frame\": 56, \"minimum_retention\": 0.9, \"primary_candidates\": 424, \"retention\": 0.6391509433962265, \"use_primary\": true}\n"}
,{"stream_name":"stdout","time":1954.449675852,"data":"EDGE_TTA_ACTIVE views= 8 mean_abs_feat_delta= 0.335059\n"}
,{"stream_name":"stdout","time":1954.652373798,"data":"EDGE_TTA_ACTIVE views= 8 mean_abs_feat_delta= 0.335059\n"}
,{"stream_name":"stdout","time":1954.654167176,"data":"EDGE_TTA_ACTIVE views= 8 mean_abs_feat_delta= 0.360113\n"}
,{"stream_name":"stdout","time":1954.85658609,"data":"EDGE_TTA_ACTIVE views= 8 mean_abs_feat_delta= 0.360113\n"}
,{"stream_name":"stdout","time":1955.657862662,"data":"BIOHUB_RETENTION_GUARD {\"blended_candidates\": 282, \"dataset\": \"44b6_2a2eff9f\", \"frame\": 57, \"minimum_retention\": 0.9, \"primary_candidates\": 451, \"retention\": 0.6252771618625277, \"use_primary\": true}\n"}
,{"stream_name":"stdout","time":1955.860093148,"data":"BIOHUB_RETENTION_GUARD {\"blended_candidates\": 282, \"dataset\": \"44b6_2a2eff9f\", \"frame\": 57, \"minimum_retention\": 0.9, \"primary_candidates\": 451, \"retention\": 0.6252771618625277, \"use_primary\": true}\n"}
,{"stream_name":"stdout","time":1956.606001495,"data":"EDGE_TTA_ACTIVE views= 8 mean_abs_feat_delta= 0.332462\n"}
,{"stream_name":"stdout","time":1956.808614925,"data":"EDGE_TTA_ACTIVE views= 8 mean_abs_feat_delta= 0.332462\n"}
,{"stream_name":"stdout","time":1956.929083008,"data":"EDGE_TTA_ACTIVE views= 8 mean_abs_feat_delta= 0.365191\n"}
,{"stream_name":"stdout","time":1957.131548275,"data":"EDGE_TTA_ACTIVE views= 8 mean_abs_feat_delta= 0.365191\n"}
,{"stream_name":"stdout","time":1957.937419018,"data":"BIOHUB_RETENTION_GUARD {\"blended_candidates\": 270, \"dataset\": \"44b6_2a2eff9f\", \"frame\": 58, \"minimum_retention\": 0.9, \"primary_candidates\": 429, \"retention\": 0.6293706293706294, \"use_primary\": true}\n"}
,{"stream_name":"stdout","time":1958.1400788,"data":"BIOHUB_RETENTION_GUARD {\"blended_candidates\": 270, \"dataset\": \"44b6_2a2eff9f\", \"frame\": 58, \"minimum_retention\": 0.9, \"primary_candidates\": 429, \"retention\": 0.6293706293706294, \"use_primary\": true}\n"}
,{"stream_name":"stdout","time":1958.820962409,"data":"EDGE_TTA_ACTIVE views= 8 mean_abs_feat_delta= 0.330292\n"}
,{"stream_name":"stdout","time":1959.023465792,"data":"EDGE_TTA_ACTIVE views= 8 mean_abs_feat_delta= 0.330292\n"}
,{"stream_name":"stdout","time":1959.235217159,"data":"EDGE_TTA_ACTIVE views= 8 mean_abs_feat_delta= 0.369054\n"}
,{"stream_name":"stdout","time":1959.438017511,"data":"EDGE_TTA_ACTIVE views= 8 mean_abs_feat_delta= 0.369054\n"}
,{"stream_name":"stdout","time":1960.244657759,"data":"BIOHUB_RETENTION_GUARD {\"blended_candidates\": 335, \"dataset\": \"44b6_2a2eff9f\", \"frame\": 59, \"minimum_retention\": 0.9, \"primary_candidates\": 469, \"retention\": 0.7142857142857143, \"use_primary\": true}\n"}
,{"stream_name":"stdout","time":1960.446813292,"data":"BIOHUB_RETENTION_GUARD {\"blended_candidates\": 335, \"dataset\": \"44b6_2a2eff9f\", \"frame\": 59, \"minimum_retention\": 0.9, \"primary_candidates\": 469, \"retention\": 0.7142857142857143, \"use_primary\": true}\n"}
,{"stream_name":"stdout","time":1961.034061464,"data":"EDGE_TTA_ACTIVE views= 8 mean_abs_feat_delta= 0.330247\n"}
,{"stream_name":"stdout","time":1961.236353742,"data":"EDGE_TTA_ACTIVE views= 8 mean_abs_feat_delta= 0.330247\n"}
,{"stream_name":"stdout","time":1961.538681387,"data":"EDGE_TTA_ACTIVE views= 8 mean_abs_feat_delta= 0.371614\n"}
,{"stream_name":"stdout","time":1961.741163202,"data":"EDGE_TTA_ACTIVE views= 8 mean_abs_feat_delta= 0.371614\n"}
,{"stream_name":"stdout","time":1962.549682948,"data":"BIOHUB_RETENTION_GUARD {\"blended_candidates\": 284, \"dataset\": \"44b6_2a2eff9f\", \"frame\": 60, \"minimum_retention\": 0.9, \"primary_candidates\": 436, \"retention\": 0.6513761467889908, \"use_primary\": true}\n"}
,{"stream_name":"stdout","time":1962.751815946,"data":"BIOHUB_RETENTION_GUARD {\"blended_candidates\": 284, \"dataset\": \"44b6_2a2eff9f\", \"frame\": 60, \"minimum_retention\": 0.9, \"primary_candidates\": 436, \"retention\": 0.6513761467889908, \"use_primary\": true}\n"}
,{"stream_name":"stdout","time":1963.263296282,"data":"EDGE_TTA_ACTIVE views= 8 mean_abs_feat_delta= 0.330898\n"}
,{"stream_name":"stdout","time":1963.465778615,"data":"EDGE_TTA_ACTIVE views= 8 mean_abs_feat_delta= 0.330898\n"}
,{"stream_name":"stdout","time":1963.840308365,"data":"EDGE_TTA_ACTIVE views= 8 mean_abs_feat_delta= 0.368199\n"}
,{"stream_name":"stdout","time":1964.042625281,"data":"EDGE_TTA_ACTIVE views= 8 mean_abs_feat_delta= 0.368199\n"}
,{"stream_name":"stdout","time":1964.851892103,"data":"BIOHUB_RETENTION_GUARD {\"blended_candidates\": 321, \"dataset\": \"44b6_2a2eff9f\", \"frame\": 61, \"minimum_retention\": 0.9, \"primary_candidates\": 451, \"retention\": 0.7117516629711752, \"use_primary\": true}\n"}
,{"stream_name":"stdout","time":1965.05378615,"data":"BIOHUB_RETENTION_GUARD {\"blended_candidates\": 321, \"dataset\": \"44b6_2a2eff9f\", \"frame\": 61, \"minimum_retention\": 0.9, \"primary_candidates\": 451, \"retention\": 0.7117516629711752, \"use_primary\": true}\n"}
,{"stream_name":"stdout","time":1965.526657239,"data":"EDGE_TTA_ACTIVE views= 8 mean_abs_feat_delta= 0.328729\n"}
,{"stream_name":"stdout","time":1965.729293548,"data":"EDGE_TTA_ACTIVE views= 8 mean_abs_feat_delta= 0.328729\n"}
,{"stream_name":"stdout","time":1966.14675262,"data":"EDGE_TTA_ACTIVE views= 8 mean_abs_feat_delta= 0.36467\n"}
,{"stream_name":"stdout","time":1966.349537409,"data":"EDGE_TTA_ACTIVE views= 8 mean_abs_feat_delta= 0.36467\n"}
,{"stream_name":"stdout","time":1967.164364966,"data":"BIOHUB_RETENTION_GUARD {\"blended_candidates\": 420, \"dataset\": \"44b6_2a2eff9f\", \"frame\": 62, \"minimum_retention\": 0.9, \"primary_candidates\": 490, \"retention\": 0.8571428571428571, \"use_primary\": true}\n"}
,{"stream_name":"stdout","time":1967.366864456,"data":"BIOHUB_RETENTION_GUARD {\"blended_candidates\": 420, \"dataset\": \"44b6_2a2eff9f\", \"frame\": 62, \"minimum_retention\": 0.9, \"primary_candidates\": 490, \"retention\": 0.8571428571428571, \"use_primary\": true}\n"}
,{"stream_name":"stdout","time":1967.711566217,"data":"EDGE_TTA_ACTIVE views= 8 mean_abs_feat_delta= 0.332801\n"}
,{"stream_name":"stdout","time":1967.914288785,"data":"EDGE_TTA_ACTIVE views= 8 mean_abs_feat_delta= 0.332801\n"}
,{"stream_name":"stdout","time":1968.434024411,"data":"EDGE_TTA_ACTIVE views= 8 mean_abs_feat_delta= 0.365175\n"}
,{"stream_name":"stdout","time":1968.636533816,"data":"EDGE_TTA_ACTIVE views= 8 mean_abs_feat_delta= 0.365175\n"}
,{"stream_name":"stdout","time":1969.451771728,"data":"BIOHUB_RETENTION_GUARD {\"blended_candidates\": 337, \"dataset\": \"44b6_2a2eff9f\", \"frame\": 63, \"minimum_retention\": 0.9, \"primary_candidates\": 473, \"retention\": 0.7124735729386892, \"use_primary\": true}\n"}
,{"stream_name":"stdout","time":1969.654097154,"data":"BIOHUB_RETENTION_GUARD {\"blended_candidates\": 337, \"dataset\": \"44b6_2a2eff9f\", \"frame\": 63, \"minimum_retention\": 0.9, \"primary_candidates\": 473, \"retention\": 0.7124735729386892, \"use_primary\": true}\n"}
,{"stream_name":"stdout","time":1969.934351328,"data":"EDGE_TTA_ACTIVE views= 8 mean_abs_feat_delta= 0.336225\n"}
,{"stream_name":"stdout","time":1970.136985941,"data":"EDGE_TTA_ACTIVE views= 8 mean_abs_feat_delta= 0.336225\n"}
,{"stream_name":"stdout","time":1970.749760123,"data":"EDGE_TTA_ACTIVE views= 8 mean_abs_feat_delta= 0.363902\n"}
,{"stream_name":"stdout","time":1970.952504109,"data":"EDGE_TTA_ACTIVE views= 8 mean_abs_feat_delta= 0.363902\n"}
,{"stream_name":"stdout","time":1971.762597321,"data":"BIOHUB_RETENTION_GUARD {\"blended_candidates\": 333, \"dataset\": \"44b6_2a2eff9f\", \"frame\": 64, \"minimum_retention\": 0.9, \"primary_candidates\": 464, \"retention\": 0.7176724137931034, \"use_primary\": true}\n"}
,{"stream_name":"stdout","time":1971.964996115,"data":"BIOHUB_RETENTION_GUARD {\"blended_candidates\": 333, \"dataset\": \"44b6_2a2eff9f\", \"frame\": 64, \"minimum_retention\": 0.9, \"primary_candidates\": 464, \"retention\": 0.7176724137931034, \"use_primary\": true}\n"}
,{"stream_name":"stdout","time":1972.16692831,"data":"EDGE_TTA_ACTIVE views= 8 mean_abs_feat_delta= 0.333529\n"}
,{"stream_name":"stdout","time":1972.369663365,"data":"EDGE_TTA_ACTIVE views= 8 mean_abs_feat_delta= 0.333529\n"}
,{"stream_name":"stdout","time":1973.086387063,"data":"EDGE_TTA_ACTIVE views= 8 mean_abs_feat_delta= 0.365061\n"}
,{"stream_name":"stdout","time":1973.329682226,"data":"EDGE_TTA_ACTIVE views= 8 mean_abs_feat_delta= 0.365061\n"}
,{"stream_name":"stdout","time":1974.101772762,"data":"BIOHUB_RETENTION_GUARD {\"blended_candidates\": 363, \"dataset\": \"44b6_2a2eff9f\", \"frame\": 65, \"minimum_retention\": 0.9, \"primary_candidates\": 495, \"retention\": 0.7333333333333333, \"use_primary\": true}\n"}
,{"stream_name":"stdout","time":1974.304409047,"data":"BIOHUB_RETENTION_GUARD {\"blended_candidates\": 363, \"dataset\": \"44b6_2a2eff9f\", \"frame\": 65, \"minimum_retention\": 0.9, \"primary_candidates\": 495, \"retention\": 0.7333333333333333, \"use_primary\": true}\n"}
,{"stream_name":"stdout","time":1974.374137075,"data":"EDGE_TTA_ACTIVE views= 8 mean_abs_feat_delta= 0.334563\n"}
,{"stream_name":"stdout","time":1974.576588249,"data":"EDGE_TTA_ACTIVE views= 8 mean_abs_feat_delta= 0.334563\n"}
,{"stream_name":"stdout","time":1975.408171089,"data":"EDGE_TTA_ACTIVE views= 8 mean_abs_feat_delta= 0.365762\n"}
,{"stream_name":"stdout","time":1975.610637177,"data":"EDGE_TTA_ACTIVE views= 8 mean_abs_feat_delta= 0.365762\n"}
,{"stream_name":"stdout","time":1976.420846436,"data":"BIOHUB_RETENTION_GUARD {\"blended_candidates\": 341, \"dataset\": \"44b6_2a2eff9f\", \"frame\": 66, \"minimum_retention\": 0.9, \"primary_candidates\": 457, \"retention\": 0.7461706783369803, \"use_primary\": true}\n"}
,{"stream_name":"stdout","time":1976.56822582,"data":"EDGE_TTA_ACTIVE views= 8 mean_abs_feat_delta= 0.333359\n"}
,{"stream_name":"stdout","time":1976.623047605,"data":"BIOHUB_RETENTION_GUARD {\"blended_candidates\": 341, \"dataset\": \"44b6_2a2eff9f\", \"frame\": 66, \"minimum_retention\": 0.9, \"primary_candidates\": 457, \"retention\": 0.7461706783369803, \"use_primary\": true}\n"}
,{"stream_name":"stdout","time":1976.623088971,"data":"EDGE_TTA_ACTIVE views= 8 mean_abs_feat_delta= 0.333359\n"}
,{"stream_name":"stdout","time":1977.666151191,"data":"EDGE_TTA_ACTIVE views= 8 mean_abs_feat_delta= 0.367265\n"}
,{"stream_name":"stdout","time":1977.86857119,"data":"EDGE_TTA_ACTIVE views= 8 mean_abs_feat_delta= 0.367265\n"}
,{"stream_name":"stdout","time":1978.676388329,"data":"BIOHUB_RETENTION_GUARD {\"blended_candidates\": 360, \"dataset\": \"44b6_2a2eff9f\", \"frame\": 67, \"minimum_retention\": 0.9, \"primary_candidates\": 460, \"retention\": 0.782608695652174, \"use_primary\": true}\n"}
,{"stream_name":"stdout","time":1978.740684193,"data":"EDGE_TTA_ACTIVE views= 8 mean_abs_feat_delta= 0.329517\n"}
,{"stream_name":"stdout","time":1978.878489139,"data":"BIOHUB_RETENTION_GUARD {\"blended_candidates\": 360, \"dataset\": \"44b6_2a2eff9f\", \"frame\": 67, \"minimum_retention\": 0.9, \"primary_candidates\": 460, \"retention\": 0.782608695652174, \"use_primary\": true}\n"}
,{"stream_name":"stdout","time":1978.878553068,"data":"EDGE_TTA_ACTIVE views= 8 mean_abs_feat_delta= 0.329517\n"}
,{"stream_name":"stdout","time":1980.007943359,"data":"EDGE_TTA_ACTIVE views= 8 mean_abs_feat_delta= 0.368968\n"}
,{"stream_name":"stdout","time":1980.210574518,"data":"EDGE_TTA_ACTIVE views= 8 mean_abs_feat_delta= 0.368968\n"}
,{"stream_name":"stdout","time":1980.963019358,"data":"EDGE_TTA_ACTIVE views= 8 mean_abs_feat_delta= 0.327674\n"}
,{"stream_name":"stdout","time":1981.017638614,"data":"BIOHUB_RETENTION_GUARD {\"blended_candidates\": 333, \"dataset\": \"44b6_2a2eff9f\", \"frame\": 68, \"minimum_retention\": 0.9, \"primary_candidates\": 457, \"retention\": 0.7286652078774617, \"use_primary\": true}\n"}
,{"stream_name":"stdout","time":1981.165887117,"data":"EDGE_TTA_ACTIVE views= 8 mean_abs_feat_delta= 0.327674\n"}
,{"stream_name":"stdout","time":1981.16591537,"data":"BIOHUB_RETENTION_GUARD {\"blended_candidates\": 333, \"dataset\": \"44b6_2a2eff9f\", \"frame\": 68, \"minimum_retention\": 0.9, \"primary_candidates\": 457, \"retention\": 0.7286652078774617, \"use_primary\": true}\n"}
,{"stream_name":"stdout","time":1982.275067788,"data":"EDGE_TTA_ACTIVE views= 8 mean_abs_feat_delta= 0.371411\n"}
,{"stream_name":"stdout","time":1982.477687727,"data":"EDGE_TTA_ACTIVE views= 8 mean_abs_feat_delta= 0.371411\n"}
,{"stream_name":"stdout","time":1983.279799675,"data":"BIOHUB_RETENTION_GUARD {\"blended_candidates\": 343, \"dataset\": \"44b6_2a2eff9f\", \"frame\": 69, \"minimum_retention\": 0.9, \"primary_candidates\": 458, \"retention\": 0.7489082969432315, \"use_primary\": true}\n"}
,{"stream_name":"stdout","time":1983.482861341,"data":"BIOHUB_RETENTION_GUARD {\"blended_candidates\": 343, \"dataset\": \"44b6_2a2eff9f\", \"frame\": 69, \"minimum_retention\": 0.9, \"primary_candidates\": 458, \"retention\": 0.7489082969432315, \"use_primary\": true}\n"}
,{"stream_name":"stdout","time":1984.658657852,"data":"EDGE_TTA_ACTIVE views= 8 mean_abs_feat_delta= 0.367712\n"}
,{"stream_name":"stdout","time":1984.861923945,"data":"EDGE_TTA_ACTIVE views= 8 mean_abs_feat_delta= 0.367712\n"}
,{"stream_name":"stdout","time":1985.664044397,"data":"BIOHUB_RETENTION_GUARD {\"blended_candidates\": 392, \"dataset\": \"44b6_2a2eff9f\", \"frame\": 70, \"minimum_retention\": 0.9, \"primary_candidates\": 501, \"retention\": 0.782435129740519, \"use_primary\": true}\n"}
,{"stream_name":"stdout","time":1985.866590948,"data":"BIOHUB_RETENTION_GUARD {\"blended_candidates\": 392, \"dataset\": \"44b6_2a2eff9f\", \"frame\": 70, \"minimum_retention\": 0.9, \"primary_candidates\": 501, \"retention\": 0.782435129740519, \"use_primary\": true}\n"}
,{"stream_name":"stdout","time":1986.966259713,"data":"EDGE_TTA_ACTIVE views= 8 mean_abs_feat_delta= 0.369529\n"}
,{"stream_name":"stdout","time":1987.168860213,"data":"EDGE_TTA_ACTIVE views= 8 mean_abs_feat_delta= 0.369529\n"}
,{"stream_name":"stdout","time":1987.962493007,"data":"BIOHUB_RETENTION_GUARD {\"blended_candidates\": 325, \"dataset\": \"44b6_2a2eff9f\", \"frame\": 71, \"minimum_retention\": 0.9, \"primary_candidates\": 454, \"retention\": 0.7158590308370044, \"use_primary\": true}\n"}
,{"stream_name":"stdout","time":1988.165159386,"data":"BIOHUB_RETENTION_GUARD {\"blended_candidates\": 325, \"dataset\": \"44b6_2a2eff9f\", \"frame\": 71, \"minimum_retention\": 0.9, \"primary_candidates\": 454, \"retention\": 0.7158590308370044, \"use_primary\": true}\n"}
,{"stream_name":"stdout","time":1989.219899242,"data":"EDGE_TTA_ACTIVE views= 8 mean_abs_feat_delta= 0.372852\n"}
,{"stream_name":"stdout","time":1989.422566914,"data":"EDGE_TTA_ACTIVE views= 8 mean_abs_feat_delta= 0.372852\n"}
,{"stream_name":"stdout","time":1990.06966822,"data":"EDGE_TTA_ACTIVE views= 8 mean_abs_feat_delta= 0.354392\n"}
,{"stream_name":"stdout","time":1990.219532642,"data":"BIOHUB_RETENTION_GUARD {\"blended_candidates\": 319, \"dataset\": \"44b6_2a2eff9f\", \"frame\": 72, \"minimum_retention\": 0.9, \"primary_candidates\": 479, \"retention\": 0.6659707724425887, \"use_primary\": true}\n"}
,{"stream_name":"stdout","time":1990.272397547,"data":"EDGE_TTA_ACTIVE views= 8 mean_abs_feat_delta= 0.354392\n"}
,{"stream_name":"stdout","time":1990.272452556,"data":"BIOHUB_RETENTION_GUARD {\"blended_candidates\": 319, \"dataset\": \"44b6_2a2eff9f\", \"frame\": 72, \"minimum_retention\": 0.9, \"primary_candidates\": 479, \"retention\": 0.6659707724425887, \"use_primary\": true}\n"}
,{"stream_name":"stdout","time":1991.182717758,"data":"PUBLIC946_GPU_SMOKE {\"arm\": \"B0\", \"association\": {\"actual_primary_logits_after_original_harmonic_fusion\": {\"all_finite\": true, \"device\": \"cuda:0\", \"dtype\": \"torch.float32\", \"numel\": 173442, \"shape\": [1, 422, 411], \"stride\": [173442, 411, 1]}, \"actual_secondary_feature_consumed\": true, \"actual_secondary_logits\": {\"all_finite\": true, \"device\": \"cuda:0\", \"dtype\": \"torch.float32\", \"numel\": 173442, \"shape\": [1, 422, 411], \"stride\": [173442, 411, 1]}, \"coordinate_grid\": {\"downsample\": [1.0, 4.0, 4.0], \"source\": {\"device\": \"cuda:0\", \"dtype\": \"torch.float32\", \"numel\": 1266, \"shape\": [1, 422, 3], \"stride\": [422, 1, 422]}, \"target\": {\"device\": \"cuda:0\", \"dtype\": \"torch.float32\", \"numel\": 1233, \"shape\": [1, 411, 3], \"stride\": [411, 1, 411]}}, \"diagnostic_edge_head_calls\": 1, \"diagnostic_encoder_calls\": 0, \"diagnostic_probabilities_used_in_production\": false, \"diagnostic_seconds\": 0.017417429000033735, \"frame_pair_index\": 0, \"primary_source_sampled_features\": {\"all_finite\": true, \"device\": \"cuda:0\", \"dtype\": \"torch.float32\", \"numel\": 13504, \"shape\": [1, 422, 32], \"stride\": [13504, 32, 1]}, \"primary_target_sampled_features\": {\"all_finite\": true, \"device\": \"cuda:0\", \"dtype\": \"torch.float32\", \"numel\": 13152, \"shape\": [1, 411, 32], \"stride\": [13152, 32, 1]}, \"probability_comparison_stage\": \"secondary edge-head softmax over parents, before original calibration and low-margin mixing\", \"probability_delta_vs_single_pass_same_coordinates\": {\"sample_elements\": 65536, \"sample_equal\": true, \"sample_max_abs_delta\": 0.0, \"sample_mean_abs_delta\": 0.0, \"sample_stride\": 2}, \"production_calls\": 1, \"same_low_margin_config\": {\"secondary_detection_weight\": 0.8, \"secondary_edge_weight\": 0.15, \"secondary_link_mode\": \"low_margin_consensus\"}, \"source_delta_vs_single_pass\": {\"sample_elements\": 13504, \"sample_equal\": true, \"sample_max_abs_delta\": 0.0, \"sample_mean_abs_delta\": 0.0, \"sample_stride\": 1}, \"source_sampled_features\": {\"all_finite\": true, \"device\": \"cuda:0\", \"dtype\": \"torch.float32\", \"numel\": 13504, \"shape\": [1, 422, 32], \"stride\": [13504, 32, 1]}, \"target_delta_vs_single_pass\": {\"sample_elements\": 13152, \"sample_equal\": true, \"sample_max_abs_delta\": 0.0, \"sample_mean_abs_delta\": 0.0, \"sample_stride\": 1}, \"target_sampled_features\": {\"all_finite\": true, \"device\": \"cuda:0\", \"dtype\": \"torch.float32\", \"numel\": 13152, \"shape\": [1, 411, 32], \"stride\": [13152, 32, 1]}}, \"association_calls\": 1, \"config\": {\"secondary_detection_weight\": 0.8, \"secondary_edge_weight\": 0.15, \"secondary_link_mode\": \"low_margin_consensus\"}, \"consumed_features\": {\"primary\": {\"all_finite\": true, \"delta_vs_single_pass\": {\"sample_elements\": 65536, \"sample_equal\": false, \"sample_max_abs_delta\": 2.056849479675293, \"sample_mean_abs_delta\": 0.4300804138183594, \"sample_stride\": 256}, \"device\": \"cuda:0\", \"dtype\": \"torch.float32\", \"numel\": 16777216, \"original_encoded_feature_sample_unchanged\": true, \"same_storage_as_original\": false, \"shape\": [1, 2, 32, 64, 64, 64], \"single_pass\": {\"device\": \"cuda:0\", \"dtype\": \"torch.float32\", \"numel\": 16777216, \"shape\": [1, 2, 32, 64, 64, 64], \"stride\": [16777216, 8388608, 262144, 4096, 64, 1]}, \"stride\": [16777216, 8388608, 262144, 4096, 64, 1]}, \"secondary\": {\"all_finite\": true, \"delta_vs_single_pass\": {\"sample_elements\": 65536, \"sample_equal\": true, \"sample_max_abs_delta\": 0.0, \"sample_mean_abs_delta\": 0.0, \"sample_stride\": 256}, \"device\": \"cuda:0\", \"dtype\": \"torch.float32\", \"numel\": 16777216, \"original_encoded_feature_sample_unchanged\": true, \"same_storage_as_original\": true, \"shape\": [1, 2, 32, 64, 64, 64], \"single_pass\": {\"device\": \"cuda:0\", \"dtype\": \"torch.float32\", \"numel\": 16777216, \"shape\": [1, 2, 32, 64, 64, 64], \"stride\": [16777216, 8388608, 262144, 4096, 64, 1]}, \"stride\": [16777216, 8388608, 262144, 4096, 64, 1]}}, \"consumed_heatmaps\": [{\"all_finite\": true, \"device\": \"cuda:0\", \"dtype\": \"torch.float32\", \"numel\": 262144, \"shape\": [1, 1, 64, 64, 64], \"stride\": [262144, 262144, 4096, 64, 1]}, {\"all_finite\": true, \"device\": \"cuda:0\", \"dtype\": \"torch.float32\", \"numel\": 262144, \"shape\": [1, 1, 64, 64, 64], \"stride\": [262144, 262144, 4096, 64, 1]}], \"cuda_peak_allocated_bytes_process\": 728221696, \"cuda_peak_reserved_bytes_process\": 977272832, \"dataset\": \"6bba_07e24132\", \"encode_calls\": {\"primary\": 8, \"secondary\": 8}, \"encode_seconds\": {\"primary\": 1.0151289000004908, \"secondary\": 0.9724476009992031}, \"encode_views\": [{\"feature\": {\"device\": \"cuda:0\", \"dtype\": \"torch.float32\", \"numel\": 16777216, \"shape\": [1, 2, 32, 64, 64, 64], \"stride\": [16777216, 8388608, 262144, 4096, 64, 1]}, \"heatmap0\": {\"device\": \"cuda:0\", \"dtype\": \"torch.float32\", \"numel\": 262144, \"shape\": [1, 1, 64, 64, 64], \"stride\": [262144, 262144, 4096, 64, 1]}, \"input\": {\"device\": \"cuda:0\", \"dtype\": \"torch.float32\", \"numel\": 524288, \"shape\": [1, 2, 64, 64, 64], \"stride\": [524288, 262144, 4096, 64, 1]}, \"pass\": 1, \"role\": \"primary\"}, {\"feature\": {\"device\": \"cuda:0\", \"dtype\": \"torch.float32\", \"numel\": 16777216, \"shape\": [1, 2, 32, 64, 64, 64], \"stride\": [16777216, 8388608, 262144, 4096, 64, 1]}, \"heatmap0\": {\"device\": \"cuda:0\", \"dtype\": \"torch.float32\", \"numel\": 262144, \"shape\": [1, 1, 64, 64, 64], \"stride\": [262144, 262144, 4096, 64, 1]}, \"input\": {\"device\": \"cuda:0\", \"dtype\": \"torch.float32\", \"numel\": 524288, \"shape\": [1, 2, 64, 64, 64], \"stride\": [524288, 262144, 4096, 64, 1]}, \"pass\": 2, \"role\": \"primary\"}, {\"feature\": {\"device\": \"cuda:0\", \"dtype\": \"torch.float32\", \"numel\": 16777216, \"shape\": [1, 2, 32, 64, 64, 64], \"stride\": [16777216, 8388608, 262144, 4096, 64, 1]}, \"heatmap0\": {\"device\": \"cuda:0\", \"dtype\": \"torch.float32\", \"numel\": 262144, \"shape\": [1, 1, 64, 64, 64], \"stride\": [262144, 262144, 4096, 64, 1]}, \"input\": {\"device\": \"cuda:0\", \"dtype\": \"torch.float32\", \"numel\": 524288, \"shape\": [1, 2, 64, 64, 64], \"stride\": [524288, 262144, 4096, 64, 1]}, \"pass\": 3, \"role\": \"primary\"}, {\"feature\": {\"device\": \"cuda:0\", \"dtype\": \"torch.float32\", \"numel\": 16777216, \"shape\": [1, 2, 32, 64, 64, 64], \"stride\": [16777216, 8388608, 262144, 4096, 64, 1]}, \"heatmap0\": {\"device\": \"cuda:0\", \"dtype\": \"torch.float32\", \"numel\": 262144, \"shape\": [1, 1, 64, 64, 64], \"stride\": [262144, 262144, 4096, 64, 1]}, \"input\": {\"device\": \"cuda:0\", \"dtype\": \"torch.float32\", \"numel\": 524288, \"shape\": [1, 2, 64, 64, 64], \"stride\": [524288, 262144, 4096, 64, 1]}, \"pass\": 4, \"role\": \"primary\"}, {\"feature\": {\"device\": \"cuda:0\", \"dtype\": \"torch.float32\", \"numel\": 16777216, \"shape\": [1, 2, 32, 64, 64, 64], \"stride\": [16777216, 8388608, 262144, 4096, 64, 1]}, \"heatmap0\": {\"device\": \"cuda:0\", \"dtype\": \"torch.float32\", \"numel\": 262144, \"shape\": [1, 1, 64, 64, 64], \"stride\": [262144, 262144, 4096, 64, 1]}, \"input\": {\"device\": \"cuda:0\", \"dtype\": \"torch.float32\", \"numel\": 524288, \"shape\": [1, 2, 64, 64, 64], \"stride\": [524288, 262144, 4096, 1, 64]}, \"pass\": 5, \"role\": \"primary\"}, {\"feature\": {\"device\": \"cuda:0\", \"dtype\": \"torch.float32\", \"numel\": 16777216, \"shape\": [1, 2, 32, 64, 64, 64], \"stride\": [16777216, 8388608, 262144, 4096, 64, 1]}, \"heatmap0\": {\"device\": \"cuda:0\", \"dtype\": \"torch.float32\", \"numel\": 262144, \"shape\": [1, 1, 64, 64, 64], \"stride\": [262144, 262144, 4096, 64, 1]}, \"input\": {\"device\": \"cuda:0\", \"dtype\": \"torch.float32\", \"numel\": 524288, \"shape\": [1, 2, 64, 64, 64], \"stride\": [524288, 262144, 4096, 1, 64]}, \"pass\": 6, \"role\": \"primary\"}, {\"feature\": {\"device\": \"cuda:0\", \"dtype\": \"torch.float32\", \"numel\": 16777216, \"shape\": [1, 2, 32, 64, 64, 64], \"stride\": [16777216, 8388608, 262144, 4096, 64, 1]}, \"heatmap0\": {\"device\": \"cuda:0\", \"dtype\": \"torch.float32\", \"numel\": 262144, \"shape\": [1, 1, 64, 64, 64], \"stride\": [262144, 262144, 4096, 64, 1]}, \"input\": {\"device\": \"cuda:0\", \"dtype\": \"torch.float32\", \"numel\": 524288, \"shape\": [1, 2, 64, 64, 64], \"stride\": [524288, 262144, 4096, 1, 64]}, \"pass\": 7, \"role\": \"primary\"}, {\"feature\": {\"device\": \"cuda:0\", \"dtype\": \"torch.float32\", \"numel\": 16777216, \"shape\": [1, 2, 32, 64, 64, 64], \"stride\": [16777216, 8388608, 262144, 4096, 64, 1]}, \"heatmap0\": {\"device\": \"cuda:0\", \"dtype\": \"torch.float32\", \"numel\": 262144, \"shape\": [1, 1, 64, 64, 64], \"stride\": [262144, 262144, 4096, 64, 1]}, \"input\": {\"device\": \"cuda:0\", \"dtype\": \"torch.float32\", \"numel\": 524288, \"shape\": [1, 2, 64, 64, 64], \"stride\": [524288, 262144, 4096, 64, 1]}, \"pass\": 8, \"role\": \"primary\"}, {\"feature\": {\"device\": \"cuda:0\", \"dtype\": \"torch.float32\", \"numel\": 16777216, \"shape\": [1, 2, 32, 64, 64, 64], \"stride\": [16777216, 8388608, 262144, 4096, 64, 1]}, \"heatmap0\": {\"device\": \"cuda:0\", \"dtype\": \"torch.float32\", \"numel\": 262144, \"shape\": [1, 1, 64, 64, 64], \"stride\": [262144, 262144, 4096, 64, 1]}, \"input\": {\"device\": \"cuda:0\", \"dtype\": \"torch.float32\", \"numel\": 524288, \"shape\": [1, 2, 64, 64, 64], \"stride\": [524288, 262144, 4096, 64, 1]}, \"pass\": 1, \"role\": \"secondary\"}, {\"feature\": {\"device\": \"cuda:0\", \"dtype\": \"torch.float32\", \"numel\": 16777216, \"shape\": [1, 2, 32, 64, 64, 64], \"stride\": [16777216, 8388608, 262144, 4096, 64, 1]}, \"heatmap0\": {\"device\": \"cuda:0\", \"dtype\": \"torch.float32\", \"numel\": 262144, \"shape\": [1, 1, 64, 64, 64], \"stride\": [262144, 262144, 4096, 64, 1]}, \"input\": {\"device\": \"cuda:0\", \"dtype\": \"torch.float32\", \"numel\": 524288, \"shape\": [1, 2, 64, 64, 64], \"stride\": [524288, 262144, 4096, 64, 1]}, \"pass\": 2, \"role\": \"secondary\"}, {\"feature\": {\"device\": \"cuda:0\", \"dtype\": \"torch.float32\", \"numel\": 16777216, \"shape\": [1, 2, 32, 64, 64, 64], \"stride\": [16777216, 8388608, 262144, 4096, 64, 1]}, \"heatmap0\": {\"device\": \"cuda:0\", \"dtype\": \"torch.float32\", \"numel\": 262144, \"shape\": [1, 1, 64, 64, 64], \"stride\": [262144, 262144, 4096, 64, 1]}, \"input\": {\"device\": \"cuda:0\", \"dtype\": \"torch.float32\", \"numel\": 524288, \"shape\": [1, 2, 64, 64, 64], \"stride\": [524288, 262144, 4096, 64, 1]}, \"pass\": 3, \"role\": \"secondary\"}, {\"feature\": {\"device\": \"cuda:0\", \"dtype\": \"torch.float32\", \"numel\": 16777216, \"shape\": [1, 2, 32, 64, 64, 64], \"stride\": [16777216, 8388608, 262144, 4096, 64, 1]}, \"heatmap0\": {\"device\": \"cuda:0\", \"dtype\": \"torch.float32\", \"numel\": 262144, \"shape\": [1, 1, 64, 64, 64], \"stride\": [262144, 262144, 4096, 64, 1]}, \"input\": {\"device\": \"cuda:0\", \"dtype\": \"torch.float32\", \"numel\": 524288, \"shape\": [1, 2, 64, 64, 64], \"stride\": [524288, 262144, 4096, 64, 1]}, \"pass\": 4, \"role\": \"secondary\"}, {\"feature\": {\"device\": \"cuda:0\", \"dtype\": \"torch.float32\", \"numel\": 16777216, \"shape\": [1, 2, 32, 64, 64, 64], \"stride\": [16777216, 8388608, 262144, 4096, 64, 1]}, \"heatmap0\": {\"device\": \"cuda:0\", \"dtype\": \"torch.float32\", \"numel\": 262144, \"shape\": [1, 1, 64, 64, 64], \"stride\": [262144, 262144, 4096, 64, 1]}, \"input\": {\"device\": \"cuda:0\", \"dtype\": \"torch.float32\", \"numel\": 524288, \"shape\": [1, 2, 64, 64, 64], \"stride\": [524288, 262144, 4096, 1, 64]}, \"pass\": 5, \"role\": \"secondary\"}, {\"feature\": {\"device\": \"cuda:0\", \"dtype\": \"torch.float32\", \"numel\": 16777216, \"shape\": [1, 2, 32, 64, 64, 64], \"stride\": [16777216, 8388608, 262144, 4096, 64, 1]}, \"heatmap0\": {\"device\": \"cuda:0\", \"dtype\": \"torch.float32\", \"numel\": 262144, \"shape\": [1, 1, 64, 64, 64], \"stride\": [262144, 262144, 4096, 64, 1]}, \"input\": {\"device\": \"cuda:0\", \"dtype\": \"torch.float32\", \"numel\": 524288, \"shape\": [1, 2, 64, 64, 64], \"stride\": [524288, 262144, 4096, 1, 64]}, \"pass\": 6, \"role\": \"secondary\"}, {\"feature\": {\"device\": \"cuda:0\", \"dtype\": \"torch.float32\", \"numel\": 16777216, \"shape\": [1, 2, 32, 64, 64, 64], \"stride\": [16777216, 8388608, 262144, 4096, 64, 1]}, \"heatmap0\": {\"device\": \"cuda:0\", \"dtype\": \"torch.float32\", \"numel\": 262144, \"shape\": [1, 1, 64, 64, 64], \"stride\": [262144, 262144, 4096, 64, 1]}, \"input\": {\"device\": \"cuda:0\", \"dtype\": \"torch.float32\", \"numel\": 524288, \"shape\": [1, 2, 64, 64, 64], \"stride\": [524288, 262144, 4096, 1, 64]}, \"pass\": 7, \"role\": \"secondary\"}, {\"feature\": {\"device\": \"cuda:0\", \"dtype\": \"torch.float32\", \"numel\": 16777216, \"shape\": [1, 2, 32, 64, 64, 64], \"stride\": [16777216, 8388608, 262144, 4096, 64, 1]}, \"heatmap0\": {\"device\": \"cuda:0\", \"dtype\": \"torch.float32\", \"numel\": 262144, \"shape\": [1, 1, 64, 64, 64], \"stride\": [262144, 262144, 4096, 64, 1]}, \"input\": {\"device\": \"cuda:0\", \"dtype\": \"torch.float32\", \"numel\": 524288, \"shape\": [1, 2, 64, 64, 64], \"stride\": [524288, 262144, 4096, 64, 1]}, \"pass\": 8, \"role\": \"secondary\"}], \"event\": \"actual_predictor_window\", \"frames\": [0, 1], \"input\": {\"all_finite\": true, \"device\": \"cuda:0\", \"dtype\": \"torch.float32\", \"numel\": 524288, \"shape\": [1, 2, 64, 64, 64], \"stride\": [524288, 262144, 4096, 64, 1]}, \"input_parent\": \"/kaggle/input/competitions/biohub-cell-tracking-during-development/train\", \"seconds_including_common_audit\": 2.142934373999651, \"window_index\": 1, \"worker_execution_settings\": {\"autocast_enabled\": false, \"cuda_runtime\": \"12.8\", \"cudnn_allow_tf32\": true, \"cudnn_benchmark\": false, \"cudnn_deterministic\": false, \"default_dtype\": \"torch.float32\", \"deterministic_algorithms\": false, \"float32_matmul_precision\": \"highest\", \"gpu_name\": \"Tesla T4\", \"grad_enabled\": false, \"matmul_allow_tf32\": false, \"torch_initial_seed\": 5360244454392065974, \"torch_version\": \"2.10.0+cu128\"}}\n"}
,{"stream_name":"stdout","time":1991.385279536,"data":"PUBLIC946_GPU_SMOKE {\"arm\": \"B0\", \"association\": {\"actual_primary_logits_after_original_harmonic_fusion\": {\"all_finite\": true, \"device\": \"cuda:0\", \"dtype\": \"torch.float32\", \"numel\": 173442, \"shape\": [1, 422, 411], \"stride\": [173442, 411, 1]}, \"actual_secondary_feature_consumed\": true, \"actual_secondary_logits\": {\"all_finite\": true, \"device\": \"cuda:0\", \"dtype\": \"torch.float32\", \"numel\": 173442, \"shape\": [1, 422, 411], \"stride\": [173442, 411, 1]}, \"coordinate_grid\": {\"downsample\": [1.0, 4.0, 4.0], \"source\": {\"device\": \"cuda:0\", \"dtype\": \"torch.float32\", \"numel\": 1266, \"shape\": [1, 422, 3], \"stride\": [422, 1, 422]}, \"target\": {\"device\": \"cuda:0\", \"dtype\": \"torch.float32\", \"numel\": 1233, \"shape\": [1, 411, 3], \"stride\": [411, 1, 411]}}, \"diagnostic_edge_head_calls\": 1, \"diagnostic_encoder_calls\": 0, \"diagnostic_probabilities_used_in_production\": false, \"diagnostic_seconds\": 0.017417429000033735, \"frame_pair_index\": 0, \"primary_source_sampled_features\": {\"all_finite\": true, \"device\": \"cuda:0\", \"dtype\": \"torch.float32\", \"numel\": 13504, \"shape\": [1, 422, 32], \"stride\": [13504, 32, 1]}, \"primary_target_sampled_features\": {\"all_finite\": true, \"device\": \"cuda:0\", \"dtype\": \"torch.float32\", \"numel\": 13152, \"shape\": [1, 411, 32], \"stride\": [13152, 32, 1]}, \"probability_comparison_stage\": \"secondary edge-head softmax over parents, before original calibration and low-margin mixing\", \"probability_delta_vs_single_pass_same_coordinates\": {\"sample_elements\": 65536, \"sample_equal\": true, \"sample_max_abs_delta\": 0.0, \"sample_mean_abs_delta\": 0.0, \"sample_stride\": 2}, \"production_calls\": 1, \"same_low_margin_config\": {\"secondary_detection_weight\": 0.8, \"secondary_edge_weight\": 0.15, \"secondary_link_mode\": \"low_margin_consensus\"}, \"source_delta_vs_single_pass\": {\"sample_elements\": 13504, \"sample_equal\": true, \"sample_max_abs_delta\": 0.0, \"sample_mean_abs_delta\": 0.0, \"sample_stride\": 1}, \"source_sampled_features\": {\"all_finite\": true, \"device\": \"cuda:0\", \"dtype\": \"torch.float32\", \"numel\": 13504, \"shape\": [1, 422, 32], \"stride\": [13504, 32, 1]}, \"target_delta_vs_single_pass\": {\"sample_elements\": 13152, \"sample_equal\": true, \"sample_max_abs_delta\": 0.0, \"sample_mean_abs_delta\": 0.0, \"sample_stride\": 1}, \"target_sampled_features\": {\"all_finite\": true, \"device\": \"cuda:0\", \"dtype\": \"torch.float32\", \"numel\": 13152, \"shape\": [1, 411, 32], \"stride\": [13152, 32, 1]}}, \"association_calls\": 1, \"config\": {\"secondary_detection_weight\": 0.8, \"secondary_edge_weight\": 0.15, \"secondary_link_mode\": \"low_margin_consensus\"}, \"consumed_features\": {\"primary\": {\"all_finite\": true, \"delta_vs_single_pass\": {\"sample_elements\": 65536, \"sample_equal\": false, \"sample_max_abs_delta\": 2.056849479675293, \"sample_mean_abs_delta\": 0.4300804138183594, \"sample_stride\": 256}, \"device\": \"cuda:0\", \"dtype\": \"torch.float32\", \"numel\": 16777216, \"original_encoded_feature_sample_unchanged\": true, \"same_storage_as_original\": false, \"shape\": [1, 2, 32, 64, 64, 64], \"single_pass\": {\"device\": \"cuda:0\", \"dtype\": \"torch.float32\", \"numel\": 16777216, \"shape\": [1, 2, 32, 64, 64, 64], \"stride\": [16777216, 8388608, 262144, 4096, 64, 1]}, \"stride\": [16777216, 8388608, 262144, 4096, 64, 1]}, \"secondary\": {\"all_finite\": true, \"delta_vs_single_pass\": {\"sample_elements\": 65536, \"sample_equal\": true, \"sample_max_abs_delta\": 0.0, \"sample_mean_abs_delta\": 0.0, \"sample_stride\": 256}, \"device\": \"cuda:0\", \"dtype\": \"torch.float32\", \"numel\": 16777216, \"original_encoded_feature_sample_unchanged\": true, \"same_storage_as_original\": true, \"shape\": [1, 2, 32, 64, 64, 64], \"single_pass\": {\"device\": \"cuda:0\", \"dtype\": \"torch.float32\", \"numel\": 16777216, \"shape\": [1, 2, 32, 64, 64, 64], \"stride\": [16777216, 8388608, 262144, 4096, 64, 1]}, \"stride\": [16777216, 8388608, 262144, 4096, 64, 1]}}, \"consumed_heatmaps\": [{\"all_finite\": true, \"device\": \"cuda:0\", \"dtype\": \"torch.float32\", \"numel\": 262144, \"shape\": [1, 1, 64, 64, 64], \"stride\": [262144, 262144, 4096, 64, 1]}, {\"all_finite\": true, \"device\": \"cuda:0\", \"dtype\": \"torch.float32\", \"numel\": 262144, \"shape\": [1, 1, 64, 64, 64], \"stride\": [262144, 262144, 4096, 64, 1]}], \"cuda_peak_allocated_bytes_process\": 728221696, \"cuda_peak_reserved_bytes_process\": 977272832, \"dataset\": \"6bba_07e24132\", \"encode_calls\": {\"primary\": 8, \"secondary\": 8}, \"encode_seconds\": {\"primary\": 1.0151289000004908, \"secondary\": 0.9724476009992031}, \"encode_views\": [{\"feature\": {\"device\": \"cuda:0\", \"dtype\": \"torch.float32\", \"numel\": 16777216, \"shape\": [1, 2, 32, 64, 64, 64], \"stride\": [16777216, 8388608, 262144, 4096, 64, 1]}, \"heatmap0\": {\"device\": \"cuda:0\", \"dtype\": \"torch.float32\", \"numel\": 262144, \"shape\": [1, 1, 64, 64, 64], \"stride\": [262144, 262144, 4096, 64, 1]}, \"input\": {\"device\": \"cuda:0\", \"dtype\": \"torch.float32\", \"numel\": 524288, \"shape\": [1, 2, 64, 64, 64], \"stride\": [524288, 262144, 4096, 64, 1]}, \"pass\": 1, \"role\": \"primary\"}, {\"feature\": {\"device\": \"cuda:0\", \"dtype\": \"torch.float32\", \"numel\": 16777216, \"shape\": [1, 2, 32, 64, 64, 64], \"stride\": [16777216, 8388608, 262144, 4096, 64, 1]}, \"heatmap0\": {\"device\": \"cuda:0\", \"dtype\": \"torch.float32\", \"numel\": 262144, \"shape\": [1, 1, 64, 64, 64], \"stride\": [262144, 262144, 4096, 64, 1]}, \"input\": {\"device\": \"cuda:0\", \"dtype\": \"torch.float32\", \"numel\": 524288, \"shape\": [1, 2, 64, 64, 64], \"stride\": [524288, 262144, 4096, 64, 1]}, \"pass\": 2, \"role\": \"primary\"}, {\"feature\": {\"device\": \"cuda:0\", \"dtype\": \"torch.float32\", \"numel\": 16777216, \"shape\": [1, 2, 32, 64, 64, 64], \"stride\": [16777216, 8388608, 262144, 4096, 64, 1]}, \"heatmap0\": {\"device\": \"cuda:0\", \"dtype\": \"torch.float32\", \"numel\": 262144, \"shape\": [1, 1, 64, 64, 64], \"stride\": [262144, 262144, 4096, 64, 1]}, \"input\": {\"device\": \"cuda:0\", \"dtype\": \"torch.float32\", \"numel\": 524288, \"shape\": [1, 2, 64, 64, 64], \"stride\": [524288, 262144, 4096, 64, 1]}, \"pass\": 3, \"role\": \"primary\"}, {\"feature\": {\"device\": \"cuda:0\", \"dtype\": \"torch.float32\", \"numel\": 16777216, \"shape\": [1, 2, 32, 64, 64, 64], \"stride\": [16777216, 8388608, 262144, 4096, 64, 1]}, \"heatmap0\": {\"device\": \"cuda:0\", \"dtype\": \"torch.float32\", \"numel\": 262144, \"shape\": [1, 1, 64, 64, 64], \"stride\": [262144, 262144, 4096, 64, 1]}, \"input\": {\"device\": \"cuda:0\", \"dtype\": \"torch.float32\", \"numel\": 524288, \"shape\": [1, 2, 64, 64, 64], \"stride\": [524288, 262144, 4096, 64, 1]}, \"pass\": 4, \"role\": \"primary\"}, {\"feature\": {\"device\": \"cuda:0\", \"dtype\": \"torch.float32\", \"numel\": 16777216, \"shape\": [1, 2, 32, 64, 64, 64], \"stride\": [16777216, 8388608, 262144, 4096, 64, 1]}, \"heatmap0\": {\"device\": \"cuda:0\", \"dtype\": \"torch.float32\", \"numel\": 262144, \"shape\": [1, 1, 64, 64, 64], \"stride\": [262144, 262144, 4096, 64, 1]}, \"input\": {\"device\": \"cuda:0\", \"dtype\": \"torch.float32\", \"numel\": 524288, \"shape\": [1, 2, 64, 64, 64], \"stride\": [524288, 262144, 4096, 1, 64]}, \"pass\": 5, \"role\": \"primary\"}, {\"feature\": {\"device\": \"cuda:0\", \"dtype\": \"torch.float32\", \"numel\": 16777216, \"shape\": [1, 2, 32, 64, 64, 64], \"stride\": [16777216, 8388608, 262144, 4096, 64, 1]}, \"heatmap0\": {\"device\": \"cuda:0\", \"dtype\": \"torch.float32\", \"numel\": 262144, \"shape\": [1, 1, 64, 64, 64], \"stride\": [262144, 262144, 4096, 64, 1]}, \"input\": {\"device\": \"cuda:0\", \"dtype\": \"torch.float32\", \"numel\": 524288, \"shape\": [1, 2, 64, 64, 64], \"stride\": [524288, 262144, 4096, 1, 64]}, \"pass\": 6, \"role\": \"primary\"}, {\"feature\": {\"device\": \"cuda:0\", \"dtype\": \"torch.float32\", \"numel\": 16777216, \"shape\": [1, 2, 32, 64, 64, 64], \"stride\": [16777216, 8388608, 262144, 4096, 64, 1]}, \"heatmap0\": {\"device\": \"cuda:0\", \"dtype\": \"torch.float32\", \"numel\": 262144, \"shape\": [1, 1, 64, 64, 64], \"stride\": [262144, 262144, 4096, 64, 1]}, \"input\": {\"device\": \"cuda:0\", \"dtype\": \"torch.float32\", \"numel\": 524288, \"shape\": [1, 2, 64, 64, 64], \"stride\": [524288, 262144, 4096, 1, 64]}, \"pass\": 7, \"role\": \"primary\"}, {\"feature\": {\"device\": \"cuda:0\", \"dtype\": \"torch.float32\", \"numel\": 16777216, \"shape\": [1, 2, 32, 64, 64, 64], \"stride\": [16777216, 8388608, 262144, 4096, 64, 1]}, \"heatmap0\": {\"device\": \"cuda:0\", \"dtype\": \"torch.float32\", \"numel\": 262144, \"shape\": [1, 1, 64, 64, 64], \"stride\": [262144, 262144, 4096, 64, 1]}, \"input\": {\"device\": \"cuda:0\", \"dtype\": \"torch.float32\", \"numel\": 524288, \"shape\": [1, 2, 64, 64, 64], \"stride\": [524288, 262144, 4096, 64, 1]}, \"pass\": 8, \"role\": \"primary\"}, {\"feature\": {\"device\": \"cuda:0\", \"dtype\": \"torch.float32\", \"numel\": 16777216, \"shape\": [1, 2, 32, 64, 64, 64], \"stride\": [16777216, 8388608, 262144, 4096, 64, 1]}, \"heatmap0\": {\"device\": \"cuda:0\", \"dtype\": \"torch.float32\", \"numel\": 262144, \"shape\": [1, 1, 64, 64, 64], \"stride\": [262144, 262144, 4096, 64, 1]}, \"input\": {\"device\": \"cuda:0\", \"dtype\": \"torch.float32\", \"numel\": 524288, \"shape\": [1, 2, 64, 64, 64], \"stride\": [524288, 262144, 4096, 64, 1]}, \"pass\": 1, \"role\": \"secondary\"}, {\"feature\": {\"device\": \"cuda:0\", \"dtype\": \"torch.float32\", \"numel\": 16777216, \"shape\": [1, 2, 32, 64, 64, 64], \"stride\": [16777216, 8388608, 262144, 4096, 64, 1]}, \"heatmap0\": {\"device\": \"cuda:0\", \"dtype\": \"torch.float32\", \"numel\": 262144, \"shape\": [1, 1, 64, 64, 64], \"stride\": [262144, 262144, 4096, 64, 1]}, \"input\": {\"device\": \"cuda:0\", \"dtype\": \"torch.float32\", \"numel\": 524288, \"shape\": [1, 2, 64, 64, 64], \"stride\": [524288, 262144, 4096, 64, 1]}, \"pass\": 2, \"role\": \"secondary\"}, {\"feature\": {\"device\": \"cuda:0\", \"dtype\": \"torch.float32\", \"numel\": 16777216, \"shape\": [1, 2, 32, 64, 64, 64], \"stride\": [16777216, 8388608, 262144, 4096, 64, 1]}, \"heatmap0\": {\"device\": \"cuda:0\", \"dtype\": \"torch.float32\", \"numel\": 262144, \"shape\": [1, 1, 64, 64, 64], \"stride\": [262144, 262144, 4096, 64, 1]}, \"input\": {\"device\": \"cuda:0\", \"dtype\": \"torch.float32\", \"numel\": 524288, \"shape\": [1, 2, 64, 64, 64], \"stride\": [524288, 262144, 4096, 64, 1]}, \"pass\": 3, \"role\": \"secondary\"}, {\"feature\": {\"device\": \"cuda:0\", \"dtype\": \"torch.float32\", \"numel\": 16777216, \"shape\": [1, 2, 32, 64, 64, 64], \"stride\": [16777216, 8388608, 262144, 4096, 64, 1]}, \"heatmap0\": {\"device\": \"cuda:0\", \"dtype\": \"torch.float32\", \"numel\": 262144, \"shape\": [1, 1, 64, 64, 64], \"stride\": [262144, 262144, 4096, 64, 1]}, \"input\": {\"device\": \"cuda:0\", \"dtype\": \"torch.float32\", \"numel\": 524288, \"shape\": [1, 2, 64, 64, 64], \"stride\": [524288, 262144, 4096, 64, 1]}, \"pass\": 4, \"role\": \"secondary\"}, {\"feature\": {\"device\": \"cuda:0\", \"dtype\": \"torch.float32\", \"numel\": 16777216, \"shape\": [1, 2, 32, 64, 64, 64], \"stride\": [16777216, 8388608, 262144, 4096, 64, 1]}, \"heatmap0\": {\"device\": \"cuda:0\", \"dtype\": \"torch.float32\", \"numel\": 262144, \"shape\": [1, 1, 64, 64, 64], \"stride\": [262144, 262144, 4096, 64, 1]}, \"input\": {\"device\": \"cuda:0\", \"dtype\": \"torch.float32\", \"numel\": 524288, \"shape\": [1, 2, 64, 64, 64], \"stride\": [524288, 262144, 4096, 1, 64]}, \"pass\": 5, \"role\": \"secondary\"}, {\"feature\": {\"device\": \"cuda:0\", \"dtype\": \"torch.float32\", \"numel\": 16777216, \"shape\": [1, 2, 32, 64, 64, 64], \"stride\": [16777216, 8388608, 262144, 4096, 64, 1]}, \"heatmap0\": {\"device\": \"cuda:0\", \"dtype\": \"torch.float32\", \"numel\": 262144, \"shape\": [1, 1, 64, 64, 64], \"stride\": [262144, 262144, 4096, 64, 1]}, \"input\": {\"device\": \"cuda:0\", \"dtype\": \"torch.float32\", \"numel\": 524288, \"shape\": [1, 2, 64, 64, 64], \"stride\": [524288, 262144, 4096, 1, 64]}, \"pass\": 6, \"role\": \"secondary\"}, {\"feature\": {\"device\": \"cuda:0\", \"dtype\": \"torch.float32\", \"numel\": 16777216, \"shape\": [1, 2, 32, 64, 64, 64], \"stride\": [16777216, 8388608, 262144, 4096, 64, 1]}, \"heatmap0\": {\"device\": \"cuda:0\", \"dtype\": \"torch.float32\", \"numel\": 262144, \"shape\": [1, 1, 64, 64, 64], \"stride\": [262144, 262144, 4096, 64, 1]}, \"input\": {\"device\": \"cuda:0\", \"dtype\": \"torch.float32\", \"numel\": 524288, \"shape\": [1, 2, 64, 64, 64], \"stride\": [524288, 262144, 4096, 1, 64]}, \"pass\": 7, \"role\": \"secondary\"}, {\"feature\": {\"device\": \"cuda:0\", \"dtype\": \"torch.float32\", \"numel\": 16777216, \"shape\": [1, 2, 32, 64, 64, 64], \"stride\": [16777216, 8388608, 262144, 4096, 64, 1]}, \"heatmap0\": {\"device\": \"cuda:0\", \"dtype\": \"torch.float32\", \"numel\": 262144, \"shape\": [1, 1, 64, 64, 64], \"stride\": [262144, 262144, 4096, 64, 1]}, \"input\": {\"device\": \"cuda:0\", \"dtype\": \"torch.float32\", \"numel\": 524288, \"shape\": [1, 2, 64, 64, 64], \"stride\": [524288, 262144, 4096, 64, 1]}, \"pass\": 8, \"role\": \"secondary\"}], \"event\": \"actual_predictor_window\", \"frames\": [0, 1], \"input\": {\"all_finite\": true, \"device\": \"cuda:0\", \"dtype\": \"torch.float32\", \"numel\": 524288, \"shape\": [1, 2, 64, 64, 64], \"stride\": [524288, 262144, 4096, 64, 1]}, \"input_parent\": \"/kaggle/input/competitions/biohub-cell-tracking-during-development/train\", \"seconds_including_common_audit\": 2.142934373999651, \"window_index\": 1, \"worker_execution_settings\": {\"autocast_enabled\": false, \"cuda_runtime\": \"12.8\", \"cudnn_allow_tf32\": true, \"cudnn_benchmark\": false, \"cudnn_deterministic\": false, \"default_dtype\": \"torch.float32\", \"deterministic_algorithms\": false, \"float32_matmul_precision\": \"highest\", \"gpu_name\": \"Tesla T4\", \"grad_enabled\": false, \"matmul_allow_tf32\": false, \"torch_initial_seed\": 5360244454392065974, \"torch_version\": \"2.10.0+cu128\"}}\n"}
,{"stream_name":"stdout","time":1991.429217489,"data":"EDGE_TTA_ACTIVE views= 8 mean_abs_feat_delta= 0.372623\n"}
,{"stream_name":"stdout","time":1991.63179413,"data":"EDGE_TTA_ACTIVE views= 8 mean_abs_feat_delta= 0.372623\n"}
,{"stream_name":"stdout","time":1992.287016208,"data":"EDGE_TTA_ACTIVE views= 8 mean_abs_feat_delta= 0.354989\n"}
,{"stream_name":"stdout","time":1992.425928417,"data":"BIOHUB_RETENTION_GUARD {\"blended_candidates\": 267, \"dataset\": \"44b6_2a2eff9f\", \"frame\": 73, \"minimum_retention\": 0.9, \"primary_candidates\": 429, \"retention\": 0.6223776223776224, \"use_primary\": true}\n"}
,{"stream_name":"stdout","time":1992.489495809,"data":"EDGE_TTA_ACTIVE views= 8 mean_abs_feat_delta= 0.354989\n"}
,{"stream_name":"stdout","time":1992.489544171,"data":"BIOHUB_RETENTION_GUARD {\"blended_candidates\": 267, \"dataset\": \"44b6_2a2eff9f\", \"frame\": 73, \"minimum_retention\": 0.9, \"primary_candidates\": 429, \"retention\": 0.6223776223776224, \"use_primary\": true}\n"}
,{"stream_name":"stdout","time":1993.718499323,"data":"EDGE_TTA_ACTIVE views= 8 mean_abs_feat_delta= 0.372378\n"}
,{"stream_name":"stdout","time":1993.921048033,"data":"EDGE_TTA_ACTIVE views= 8 mean_abs_feat_delta= 0.372378\n"}
,{"stream_name":"stdout","time":1994.47731363,"data":"EDGE_TTA_ACTIVE views= 8 mean_abs_feat_delta= 0.348797\n"}
,{"stream_name":"stdout","time":1994.679962701,"data":"EDGE_TTA_ACTIVE views= 8 mean_abs_feat_delta= 0.348797\n"}
,{"stream_name":"stdout","time":1994.715690294,"data":"BIOHUB_RETENTION_GUARD {\"blended_candidates\": 299, \"dataset\": \"44b6_2a2eff9f\", \"frame\": 74, \"minimum_retention\": 0.9, \"primary_candidates\": 451, \"retention\": 0.6629711751662971, \"use_primary\": true}\n"}
,{"stream_name":"stdout","time":1994.917708921,"data":"BIOHUB_RETENTION_GUARD {\"blended_candidates\": 299, \"dataset\": \"44b6_2a2eff9f\", \"frame\": 74, \"minimum_retention\": 0.9, \"primary_candidates\": 451, \"retention\": 0.6629711751662971, \"use_primary\": true}\n"}
,{"stream_name":"stdout","time":1995.923720013,"data":"EDGE_TTA_ACTIVE views= 8 mean_abs_feat_delta= 0.373635\n"}
,{"stream_name":"stdout","time":1996.126419456,"data":"EDGE_TTA_ACTIVE views= 8 mean_abs_feat_delta= 0.373635\n"}
,{"stream_name":"stdout","time":1996.652908944,"data":"EDGE_TTA_ACTIVE views= 8 mean_abs_feat_delta= 0.344096\n"}
,{"stream_name":"stdout","time":1996.855386694,"data":"EDGE_TTA_ACTIVE views= 8 mean_abs_feat_delta= 0.344096\n"}
,{"stream_name":"stdout","time":1996.923571997,"data":"BIOHUB_RETENTION_GUARD {\"blended_candidates\": 272, \"dataset\": \"44b6_2a2eff9f\", \"frame\": 75, \"minimum_retention\": 0.9, \"primary_candidates\": 452, \"retention\": 0.6017699115044248, \"use_primary\": true}\n"}
,{"stream_name":"stdout","time":1997.12608127,"data":"BIOHUB_RETENTION_GUARD {\"blended_candidates\": 272, \"dataset\": \"44b6_2a2eff9f\", \"frame\": 75, \"minimum_retention\": 0.9, \"primary_candidates\": 452, \"retention\": 0.6017699115044248, \"use_primary\": true}\n"}
,{"stream_name":"stdout","time":1998.179983946,"data":"EDGE_TTA_ACTIVE views= 8 mean_abs_feat_delta= 0.373002\n"}
,{"stream_name":"stdout","time":1998.382719858,"data":"EDGE_TTA_ACTIVE views= 8 mean_abs_feat_delta= 0.373002\n"}
,{"stream_name":"stdout","time":1998.885069046,"data":"EDGE_TTA_ACTIVE views= 8 mean_abs_feat_delta= 0.343236\n"}
,{"stream_name":"stdout","time":1999.087586711,"data":"EDGE_TTA_ACTIVE views= 8 mean_abs_feat_delta= 0.343236\n"}
,{"stream_name":"stdout","time":1999.185621249,"data":"BIOHUB_RETENTION_GUARD {\"blended_candidates\": 249, \"dataset\": \"44b6_2a2eff9f\", \"frame\": 76, \"minimum_retention\": 0.9, \"primary_candidates\": 455, \"retention\": 0.5472527472527473, \"use_primary\": true}\n"}
,{"stream_name":"stdout","time":1999.388081243,"data":"BIOHUB_RETENTION_GUARD {\"blended_candidates\": 249, \"dataset\": \"44b6_2a2eff9f\", \"frame\": 76, \"minimum_retention\": 0.9, \"primary_candidates\": 455, \"retention\": 0.5472527472527473, \"use_primary\": true}\n"}
,{"stream_name":"stdout","time":2000.491797863,"data":"EDGE_TTA_ACTIVE views= 8 mean_abs_feat_delta= 0.37058\n"}
,{"stream_name":"stdout","time":2000.694367874,"data":"EDGE_TTA_ACTIVE views= 8 mean_abs_feat_delta= 0.37058\n"}
,{"stream_name":"stdout","time":2001.090708006,"data":"EDGE_TTA_ACTIVE views= 8 mean_abs_feat_delta= 0.346139\n"}
,{"stream_name":"stdout","time":2001.293730533,"data":"EDGE_TTA_ACTIVE views= 8 mean_abs_feat_delta= 0.346139\n"}
,{"stream_name":"stdout","time":2001.500183999,"data":"BIOHUB_RETENTION_GUARD {\"blended_candidates\": 268, \"dataset\": \"44b6_2a2eff9f\", \"frame\": 77, \"minimum_retention\": 0.9, \"primary_candidates\": 447, \"retention\": 0.5995525727069351, \"use_primary\": true}\n"}
,{"stream_name":"stdout","time":2001.702543742,"data":"BIOHUB_RETENTION_GUARD {\"blended_candidates\": 268, \"dataset\": \"44b6_2a2eff9f\", \"frame\": 77, \"minimum_retention\": 0.9, \"primary_candidates\": 447, \"retention\": 0.5995525727069351, \"use_primary\": true}\n"}
,{"stream_name":"stdout","time":2002.756223773,"data":"EDGE_TTA_ACTIVE views= 8 mean_abs_feat_delta= 0.364196\n"}
,{"stream_name":"stdout","time":2002.958699164,"data":"EDGE_TTA_ACTIVE views= 8 mean_abs_feat_delta= 0.364196\n"}
,{"stream_name":"stdout","time":2003.287467595,"data":"EDGE_TTA_ACTIVE views= 8 mean_abs_feat_delta= 0.345393\n"}
,{"stream_name":"stdout","time":2003.558952072,"data":"EDGE_TTA_ACTIVE views= 8 mean_abs_feat_delta= 0.345393\n"}
,{"stream_name":"stdout","time":2003.768477531,"data":"BIOHUB_RETENTION_GUARD {\"blended_candidates\": 363, \"dataset\": \"44b6_2a2eff9f\", \"frame\": 78, \"minimum_retention\": 0.9, \"primary_candidates\": 496, \"retention\": 0.7318548387096774, \"use_primary\": true}\n"}
,{"stream_name":"stdout","time":2003.970948887,"data":"BIOHUB_RETENTION_GUARD {\"blended_candidates\": 363, \"dataset\": \"44b6_2a2eff9f\", \"frame\": 78, \"minimum_retention\": 0.9, \"primary_candidates\": 496, \"retention\": 0.7318548387096774, \"use_primary\": true}\n"}
,{"stream_name":"stdout","time":2005.072660183,"data":"EDGE_TTA_ACTIVE views= 8 mean_abs_feat_delta= 0.362629\n"}
,{"stream_name":"stdout","time":2005.275364221,"data":"EDGE_TTA_ACTIVE views= 8 mean_abs_feat_delta= 0.362629\n"}
,{"stream_name":"stdout","time":2005.55070852,"data":"EDGE_TTA_ACTIVE views= 8 mean_abs_feat_delta= 0.343626\n"}
,{"stream_name":"stdout","time":2005.753286281,"data":"EDGE_TTA_ACTIVE views= 8 mean_abs_feat_delta= 0.343626\n"}
,{"stream_name":"stdout","time":2006.090491873,"data":"BIOHUB_RETENTION_GUARD {\"blended_candidates\": 380, \"dataset\": \"44b6_2a2eff9f\", \"frame\": 79, \"minimum_retention\": 0.9, \"primary_candidates\": 504, \"retention\": 0.753968253968254, \"use_primary\": true}\n"}
,{"stream_name":"stdout","time":2006.292995652,"data":"BIOHUB_RETENTION_GUARD {\"blended_candidates\": 380, \"dataset\": \"44b6_2a2eff9f\", \"frame\": 79, \"minimum_retention\": 0.9, \"primary_candidates\": 504, \"retention\": 0.753968253968254, \"use_primary\": true}\n"}
,{"stream_name":"stdout","time":2007.439710214,"data":"EDGE_TTA_ACTIVE views= 8 mean_abs_feat_delta= 0.368271\n"}
,{"stream_name":"stdout","time":2007.642081149,"data":"EDGE_TTA_ACTIVE views= 8 mean_abs_feat_delta= 0.368271\n"}
,{"stream_name":"stdout","time":2007.888468893,"data":"EDGE_TTA_ACTIVE views= 8 mean_abs_feat_delta= 0.347614\n"}
,{"stream_name":"stdout","time":2008.090801866,"data":"EDGE_TTA_ACTIVE views= 8 mean_abs_feat_delta= 0.347614\n"}
,{"stream_name":"stdout","time":2008.462255915,"data":"BIOHUB_RETENTION_GUARD {\"blended_candidates\": 305, \"dataset\": \"44b6_2a2eff9f\", \"frame\": 80, \"minimum_retention\": 0.9, \"primary_candidates\": 469, \"retention\": 0.650319829424307, \"use_primary\": true}\n"}
,{"stream_name":"stdout","time":2008.664488725,"data":"BIOHUB_RETENTION_GUARD {\"blended_candidates\": 305, \"dataset\": \"44b6_2a2eff9f\", \"frame\": 80, \"minimum_retention\": 0.9, \"primary_candidates\": 469, \"retention\": 0.650319829424307, \"use_primary\": true}\n"}
,{"stream_name":"stdout","time":2009.726258762,"data":"EDGE_TTA_ACTIVE views= 8 mean_abs_feat_delta= 0.364769\n"}
,{"stream_name":"stdout","time":2009.928814707,"data":"EDGE_TTA_ACTIVE views= 8 mean_abs_feat_delta= 0.364769\n"}
,{"stream_name":"stdout","time":2010.192946878,"data":"EDGE_TTA_ACTIVE views= 8 mean_abs_feat_delta= 0.350892\n"}
,{"stream_name":"stdout","time":2010.39535961,"data":"EDGE_TTA_ACTIVE views= 8 mean_abs_feat_delta= 0.350892\n"}
,{"stream_name":"stdout","time":2010.756106477,"data":"BIOHUB_RETENTION_GUARD {\"blended_candidates\": 316, \"dataset\": \"44b6_2a2eff9f\", \"frame\": 81, \"minimum_retention\": 0.9, \"primary_candidates\": 463, \"retention\": 0.6825053995680346, \"use_primary\": true}\n"}
,{"stream_name":"stdout","time":2010.958488938,"data":"BIOHUB_RETENTION_GUARD {\"blended_candidates\": 316, \"dataset\": \"44b6_2a2eff9f\", \"frame\": 81, \"minimum_retention\": 0.9, \"primary_candidates\": 463, \"retention\": 0.6825053995680346, \"use_primary\": true}\n"}
,{"stream_name":"stdout","time":2012.131010235,"data":"EDGE_TTA_ACTIVE views= 8 mean_abs_feat_delta= 0.365921\n"}
,{"stream_name":"stdout","time":2012.333769039,"data":"EDGE_TTA_ACTIVE views= 8 mean_abs_feat_delta= 0.365921\n"}
,{"stream_name":"stdout","time":2012.472926056,"data":"EDGE_TTA_ACTIVE views= 8 mean_abs_feat_delta= 0.351945\n"}
,{"stream_name":"stdout","time":2012.675548279,"data":"EDGE_TTA_ACTIVE views= 8 mean_abs_feat_delta= 0.351945\n"}
,{"stream_name":"stdout","time":2013.168220716,"data":"BIOHUB_RETENTION_GUARD {\"blended_candidates\": 303, \"dataset\": \"44b6_2a2eff9f\", \"frame\": 82, \"minimum_retention\": 0.9, \"primary_candidates\": 462, \"retention\": 0.6558441558441559, \"use_primary\": true}\n"}
,{"stream_name":"stdout","time":2013.370652308,"data":"BIOHUB_RETENTION_GUARD {\"blended_candidates\": 303, \"dataset\": \"44b6_2a2eff9f\", \"frame\": 82, \"minimum_retention\": 0.9, \"primary_candidates\": 462, \"retention\": 0.6558441558441559, \"use_primary\": true}\n"}
,{"stream_name":"stdout","time":2014.503832445,"data":"EDGE_TTA_ACTIVE views= 8 mean_abs_feat_delta= 0.368883\n"}
,{"stream_name":"stdout","time":2014.706057061,"data":"EDGE_TTA_ACTIVE views= 8 mean_abs_feat_delta= 0.368883\n"}
,{"stream_name":"stdout","time":2014.803955651,"data":"EDGE_TTA_ACTIVE views= 8 mean_abs_feat_delta= 0.349374\n"}
,{"stream_name":"stdout","time":2015.00738873,"data":"EDGE_TTA_ACTIVE views= 8 mean_abs_feat_delta= 0.349374\n"}
,{"stream_name":"stdout","time":2015.542626457,"data":"BIOHUB_RETENTION_GUARD {\"blended_candidates\": 264, \"dataset\": \"44b6_2a2eff9f\", \"frame\": 83, \"minimum_retention\": 0.9, \"primary_candidates\": 434, \"retention\": 0.6082949308755761, \"use_primary\": true}\n"}
,{"stream_name":"stdout","time":2015.745181825,"data":"BIOHUB_RETENTION_GUARD {\"blended_candidates\": 264, \"dataset\": \"44b6_2a2eff9f\", \"frame\": 83, \"minimum_retention\": 0.9, \"primary_candidates\": 434, \"retention\": 0.6082949308755761, \"use_primary\": true}\n"}
,{"stream_name":"stdout","time":2016.948882095,"data":"EDGE_TTA_ACTIVE views= 8 mean_abs_feat_delta= 0.368343\n"}
,{"stream_name":"stdout","time":2017.095251751,"data":"EDGE_TTA_ACTIVE views= 8 mean_abs_feat_delta= 0.351376\n"}
,{"stream_name":"stdout","time":2017.15163749,"data":"EDGE_TTA_ACTIVE views= 8 mean_abs_feat_delta= 0.368343\n"}
,{"stream_name":"stdout","time":2017.151668418,"data":"EDGE_TTA_ACTIVE views= 8 mean_abs_feat_delta= 0.351376\n"}
,{"stream_name":"stdout","time":2017.990218553,"data":"BIOHUB_RETENTION_GUARD {\"blended_candidates\": 290, \"dataset\": \"44b6_2a2eff9f\", \"frame\": 84, \"minimum_retention\": 0.9, \"primary_candidates\": 458, \"retention\": 0.6331877729257642, \"use_primary\": true}\n"}
,{"stream_name":"stdout","time":2018.192912703,"data":"BIOHUB_RETENTION_GUARD {\"blended_candidates\": 290, \"dataset\": \"44b6_2a2eff9f\", \"frame\": 84, \"minimum_retention\": 0.9, \"primary_candidates\": 458, \"retention\": 0.6331877729257642, \"use_primary\": true}\n"}
,{"stream_name":"stdout","time":2019.46030192,"data":"EDGE_TTA_ACTIVE views= 8 mean_abs_feat_delta= 0.365564\n"}
,{"stream_name":"stdout","time":2019.539849739,"data":"EDGE_TTA_ACTIVE views= 8 mean_abs_feat_delta= 0.35564\n"}
,{"stream_name":"stdout","time":2019.662719367,"data":"EDGE_TTA_ACTIVE views= 8 mean_abs_feat_delta= 0.365564\n"}
,{"stream_name":"stdout","time":2019.662781775,"data":"EDGE_TTA_ACTIVE views= 8 mean_abs_feat_delta= 0.35564\n"}
,{"stream_name":"stdout","time":2020.507475761,"data":"BIOHUB_RETENTION_GUARD {\"blended_candidates\": 328, \"dataset\": \"44b6_2a2eff9f\", \"frame\": 85, \"minimum_retention\": 0.9, \"primary_candidates\": 478, \"retention\": 0.6861924686192469, \"use_primary\": true}\n"}
,{"stream_name":"stdout","time":2020.709673972,"data":"BIOHUB_RETENTION_GUARD {\"blended_candidates\": 328, \"dataset\": \"44b6_2a2eff9f\", \"frame\": 85, \"minimum_retention\": 0.9, \"primary_candidates\": 478, \"retention\": 0.6861924686192469, \"use_primary\": true}\n"}
,{"stream_name":"stdout","time":2021.940562254,"data":"EDGE_TTA_ACTIVE views= 8 mean_abs_feat_delta= 0.362074\n"}
,{"stream_name":"stdout","time":2021.996220837,"data":"EDGE_TTA_ACTIVE views= 8 mean_abs_feat_delta= 0.352377\n"}
,{"stream_name":"stdout","time":2022.143196281,"data":"EDGE_TTA_ACTIVE views= 8 mean_abs_feat_delta= 0.362074\n"}
,{"stream_name":"stdout","time":2022.143233127,"data":"EDGE_TTA_ACTIVE views= 8 mean_abs_feat_delta= 0.352377\n"}
,{"stream_name":"stdout","time":2022.988635968,"data":"BIOHUB_RETENTION_GUARD {\"blended_candidates\": 362, \"dataset\": \"44b6_2a2eff9f\", \"frame\": 86, \"minimum_retention\": 0.9, \"primary_candidates\": 489, \"retention\": 0.7402862985685071, \"use_primary\": true}\n"}
,{"stream_name":"stdout","time":2023.191520978,"data":"BIOHUB_RETENTION_GUARD {\"blended_candidates\": 362, \"dataset\": \"44b6_2a2eff9f\", \"frame\": 86, \"minimum_retention\": 0.9, \"primary_candidates\": 489, \"retention\": 0.7402862985685071, \"use_primary\": true}\n"}
,{"stream_name":"stdout","time":2024.289090027,"data":"EDGE_TTA_ACTIVE views= 8 mean_abs_feat_delta= 0.362517\n"}
,{"stream_name":"stdout","time":2024.325296363,"data":"EDGE_TTA_ACTIVE views= 8 mean_abs_feat_delta= 0.352809\n"}
,{"stream_name":"stdout","time":2024.491678356,"data":"EDGE_TTA_ACTIVE views= 8 mean_abs_feat_delta= 0.362517\n"}
,{"stream_name":"stdout","time":2024.491721699,"data":"EDGE_TTA_ACTIVE views= 8 mean_abs_feat_delta= 0.352809\n"}
,{"stream_name":"stdout","time":2025.325023358,"data":"BIOHUB_RETENTION_GUARD {\"blended_candidates\": 343, \"dataset\": \"44b6_2a2eff9f\", \"frame\": 87, \"minimum_retention\": 0.9, \"primary_candidates\": 480, \"retention\": 0.7145833333333333, \"use_primary\": true}\n"}
,{"stream_name":"stdout","time":2025.527363421,"data":"BIOHUB_RETENTION_GUARD {\"blended_candidates\": 343, \"dataset\": \"44b6_2a2eff9f\", \"frame\": 87, \"minimum_retention\": 0.9, \"primary_candidates\": 480, \"retention\": 0.7145833333333333, \"use_primary\": true}\n"}
,{"stream_name":"stdout","time":2026.631160651,"data":"EDGE_TTA_ACTIVE views= 8 mean_abs_feat_delta= 0.359453\n"}
,{"stream_name":"stdout","time":2026.636440571,"data":"EDGE_TTA_ACTIVE views= 8 mean_abs_feat_delta= 0.347118\n"}
,{"stream_name":"stdout","time":2026.83365764,"data":"EDGE_TTA_ACTIVE views= 8 mean_abs_feat_delta= 0.359453\n"}
,{"stream_name":"stdout","time":2026.83372775,"data":"EDGE_TTA_ACTIVE views= 8 mean_abs_feat_delta= 0.347118\n"}
,{"stream_name":"stdout","time":2027.659201102,"data":"BIOHUB_RETENTION_GUARD {\"blended_candidates\": 254, \"dataset\": \"44b6_2a2eff9f\", \"frame\": 88, \"minimum_retention\": 0.9, \"primary_candidates\": 444, \"retention\": 0.5720720720720721, \"use_primary\": true}\n"}
,{"stream_name":"stdout","time":2027.86163736,"data":"BIOHUB_RETENTION_GUARD {\"blended_candidates\": 254, \"dataset\": \"44b6_2a2eff9f\", \"frame\": 88, \"minimum_retention\": 0.9, \"primary_candidates\": 444, \"retention\": 0.5720720720720721, \"use_primary\": true}\n"}
,{"stream_name":"stdout","time":2028.966407824,"data":"EDGE_TTA_ACTIVE views= 8 mean_abs_feat_delta= 0.353642\n"}
,{"stream_name":"stdout","time":2029.006449277,"data":"EDGE_TTA_ACTIVE views= 8 mean_abs_feat_delta= 0.360125\n"}
,{"stream_name":"stdout","time":2029.169095371,"data":"EDGE_TTA_ACTIVE views= 8 mean_abs_feat_delta= 0.353642\n"}
,{"stream_name":"stdout","time":2029.169129895,"data":"EDGE_TTA_ACTIVE views= 8 mean_abs_feat_delta= 0.360125\n"}
,{"stream_name":"stdout","time":2030.03188814,"data":"BIOHUB_RETENTION_GUARD {\"blended_candidates\": 285, \"dataset\": \"44b6_2a2eff9f\", \"frame\": 89, \"minimum_retention\": 0.9, \"primary_candidates\": 472, \"retention\": 0.6038135593220338, \"use_primary\": true}\n"}
,{"stream_name":"stdout","time":2030.234300255,"data":"BIOHUB_RETENTION_GUARD {\"blended_candidates\": 285, \"dataset\": \"44b6_2a2eff9f\", \"frame\": 89, \"minimum_retention\": 0.9, \"primary_candidates\": 472, \"retention\": 0.6038135593220338, \"use_primary\": true}\n"}
,{"stream_name":"stdout","time":2031.168390516,"data":"EDGE_TTA_ACTIVE views= 8 mean_abs_feat_delta= 0.351185\n"}
,{"stream_name":"stdout","time":2031.313813024,"data":"EDGE_TTA_ACTIVE views= 8 mean_abs_feat_delta= 0.35614\n"}
,{"stream_name":"stdout","time":2031.371045151,"data":"EDGE_TTA_ACTIVE views= 8 mean_abs_feat_delta= 0.351185\n"}
,{"stream_name":"stdout","time":2031.371076522,"data":"EDGE_TTA_ACTIVE views= 8 mean_abs_feat_delta= 0.35614\n"}
,{"stream_name":"stdout","time":2032.335615744,"data":"BIOHUB_RETENTION_GUARD {\"blended_candidates\": 340, \"dataset\": \"44b6_2a2eff9f\", \"frame\": 90, \"minimum_retention\": 0.9, \"primary_candidates\": 473, \"retention\": 0.718816067653277, \"use_primary\": true}\n"}
,{"stream_name":"stdout","time":2032.538217774,"data":"BIOHUB_RETENTION_GUARD {\"blended_candidates\": 340, \"dataset\": \"44b6_2a2eff9f\", \"frame\": 90, \"minimum_retention\": 0.9, \"primary_candidates\": 473, \"retention\": 0.718816067653277, \"use_primary\": true}\n"}
,{"stream_name":"stdout","time":2033.467557534,"data":"EDGE_TTA_ACTIVE views= 8 mean_abs_feat_delta= 0.348389\n"}
,{"stream_name":"stdout","time":2033.632408608,"data":"EDGE_TTA_ACTIVE views= 8 mean_abs_feat_delta= 0.356719\n"}
,{"stream_name":"stdout","time":2033.746468243,"data":"EDGE_TTA_ACTIVE views= 8 mean_abs_feat_delta= 0.348389\n"}
,{"stream_name":"stdout","time":2033.746535015,"data":"EDGE_TTA_ACTIVE views= 8 mean_abs_feat_delta= 0.356719\n"}
,{"stream_name":"stdout","time":2034.649992641,"data":"BIOHUB_RETENTION_GUARD {\"blended_candidates\": 348, \"dataset\": \"44b6_2a2eff9f\", \"frame\": 91, \"minimum_retention\": 0.9, \"primary_candidates\": 476, \"retention\": 0.7310924369747899, \"use_primary\": true}\n"}
,{"stream_name":"stdout","time":2034.852258694,"data":"BIOHUB_RETENTION_GUARD {\"blended_candidates\": 348, \"dataset\": \"44b6_2a2eff9f\", \"frame\": 91, \"minimum_retention\": 0.9, \"primary_candidates\": 476, \"retention\": 0.7310924369747899, \"use_primary\": true}\n"}
,{"stream_name":"stdout","time":2035.724314166,"data":"EDGE_TTA_ACTIVE views= 8 mean_abs_feat_delta= 0.351443\n"}
,{"stream_name":"stdout","time":2035.892783275,"data":"EDGE_TTA_ACTIVE views= 8 mean_abs_feat_delta= 0.359241\n"}
,{"stream_name":"stdout","time":2035.927479216,"data":"EDGE_TTA_ACTIVE views= 8 mean_abs_feat_delta= 0.351443\n"}
,{"stream_name":"stdout","time":2035.927514248,"data":"EDGE_TTA_ACTIVE views= 8 mean_abs_feat_delta= 0.359241\n"}
,{"stream_name":"stdout","time":2036.899985069,"data":"BIOHUB_RETENTION_GUARD {\"blended_candidates\": 340, \"dataset\": \"44b6_2a2eff9f\", \"frame\": 92, \"minimum_retention\": 0.9, \"primary_candidates\": 467, \"retention\": 0.728051391862955, \"use_primary\": true}\n"}
,{"stream_name":"stdout","time":2037.102351111,"data":"BIOHUB_RETENTION_GUARD {\"blended_candidates\": 340, \"dataset\": \"44b6_2a2eff9f\", \"frame\": 92, \"minimum_retention\": 0.9, \"primary_candidates\": 467, \"retention\": 0.728051391862955, \"use_primary\": true}\n"}
,{"stream_name":"stdout","time":2037.986409749,"data":"EDGE_TTA_ACTIVE views= 8 mean_abs_feat_delta= 0.355512\n"}
,{"stream_name":"stdout","time":2038.136822871,"data":"EDGE_TTA_ACTIVE views= 8 mean_abs_feat_delta= 0.357767\n"}
,{"stream_name":"stdout","time":2038.18897044,"data":"EDGE_TTA_ACTIVE views= 8 mean_abs_feat_delta= 0.355512\n"}
,{"stream_name":"stdout","time":2038.188998275,"data":"EDGE_TTA_ACTIVE views= 8 mean_abs_feat_delta= 0.357767\n"}
,{"stream_name":"stdout","time":2039.145411805,"data":"BIOHUB_RETENTION_GUARD {\"blended_candidates\": 344, \"dataset\": \"44b6_2a2eff9f\", \"frame\": 93, \"minimum_retention\": 0.9, \"primary_candidates\": 489, \"retention\": 0.7034764826175869, \"use_primary\": true}\n"}
,{"stream_name":"stdout","time":2039.347764494,"data":"BIOHUB_RETENTION_GUARD {\"blended_candidates\": 344, \"dataset\": \"44b6_2a2eff9f\", \"frame\": 93, \"minimum_retention\": 0.9, \"primary_candidates\": 489, \"retention\": 0.7034764826175869, \"use_primary\": true}\n"}
,{"stream_name":"stdout","time":2040.271834282,"data":"EDGE_TTA_ACTIVE views= 8 mean_abs_feat_delta= 0.348668\n"}
,{"stream_name":"stdout","time":2040.416478754,"data":"EDGE_TTA_ACTIVE views= 8 mean_abs_feat_delta= 0.358418\n"}
,{"stream_name":"stdout","time":2040.474384462,"data":"EDGE_TTA_ACTIVE views= 8 mean_abs_feat_delta= 0.348668\n"}
,{"stream_name":"stdout","time":2040.474415452,"data":"EDGE_TTA_ACTIVE views= 8 mean_abs_feat_delta= 0.358418\n"}
,{"stream_name":"stdout","time":2041.420177732,"data":"BIOHUB_RETENTION_GUARD {\"blended_candidates\": 360, \"dataset\": \"44b6_2a2eff9f\", \"frame\": 94, \"minimum_retention\": 0.9, \"primary_candidates\": 495, \"retention\": 0.7272727272727273, \"use_primary\": true}\n"}
,{"stream_name":"stdout","time":2041.622240498,"data":"BIOHUB_RETENTION_GUARD {\"blended_candidates\": 360, \"dataset\": \"44b6_2a2eff9f\", \"frame\": 94, \"minimum_retention\": 0.9, \"primary_candidates\": 495, \"retention\": 0.7272727272727273, \"use_primary\": true}\n"}
,{"stream_name":"stdout","time":2042.512878786,"data":"EDGE_TTA_ACTIVE views= 8 mean_abs_feat_delta= 0.346939\n"}
,{"stream_name":"stdout","time":2042.715503592,"data":"EDGE_TTA_ACTIVE views= 8 mean_abs_feat_delta= 0.346939\n"}
,{"stream_name":"stdout","time":2042.716396333,"data":"EDGE_TTA_ACTIVE views= 8 mean_abs_feat_delta= 0.359717\n"}
,{"stream_name":"stdout","time":2042.918961704,"data":"EDGE_TTA_ACTIVE views= 8 mean_abs_feat_delta= 0.359717\n"}
,{"stream_name":"stdout","time":2043.716444927,"data":"BIOHUB_RETENTION_GUARD {\"blended_candidates\": 351, \"dataset\": \"44b6_2a2eff9f\", \"frame\": 95, \"minimum_retention\": 0.9, \"primary_candidates\": 480, \"retention\": 0.73125, \"use_primary\": true}\n"}
,{"stream_name":"stdout","time":2043.918907278,"data":"BIOHUB_RETENTION_GUARD {\"blended_candidates\": 351, \"dataset\": \"44b6_2a2eff9f\", \"frame\": 95, \"minimum_retention\": 0.9, \"primary_candidates\": 480, \"retention\": 0.73125, \"use_primary\": true}\n"}
,{"stream_name":"stdout","time":2044.760642272,"data":"EDGE_TTA_ACTIVE views= 8 mean_abs_feat_delta= 0.342592\n"}
,{"stream_name":"stdout","time":2044.962251081,"data":"EDGE_TTA_ACTIVE views= 8 mean_abs_feat_delta= 0.342592\n"}
,{"stream_name":"stdout","time":2045.027545209,"data":"EDGE_TTA_ACTIVE views= 8 mean_abs_feat_delta= 0.362555\n"}
,{"stream_name":"stdout","time":2045.230384186,"data":"EDGE_TTA_ACTIVE views= 8 mean_abs_feat_delta= 0.362555\n"}
,{"stream_name":"stdout","time":2046.027093365,"data":"BIOHUB_RETENTION_GUARD {\"blended_candidates\": 323, \"dataset\": \"44b6_2a2eff9f\", \"frame\": 96, \"minimum_retention\": 0.9, \"primary_candidates\": 467, \"retention\": 0.6916488222698073, \"use_primary\": true}\n"}
,{"stream_name":"stdout","time":2046.230144606,"data":"BIOHUB_RETENTION_GUARD {\"blended_candidates\": 323, \"dataset\": \"44b6_2a2eff9f\", \"frame\": 96, \"minimum_retention\": 0.9, \"primary_candidates\": 467, \"retention\": 0.6916488222698073, \"use_primary\": true}\n"}
,{"stream_name":"stdout","time":2046.99032892,"data":"EDGE_TTA_ACTIVE views= 8 mean_abs_feat_delta= 0.347841\n"}
,{"stream_name":"stdout","time":2047.192751794,"data":"EDGE_TTA_ACTIVE views= 8 mean_abs_feat_delta= 0.347841\n"}
,{"stream_name":"stdout","time":2047.222573747,"data":"EDGE_TTA_ACTIVE views= 8 mean_abs_feat_delta= 0.361436\n"}
,{"stream_name":"stdout","time":2047.425189725,"data":"EDGE_TTA_ACTIVE views= 8 mean_abs_feat_delta= 0.361436\n"}
,{"stream_name":"stdout","time":2048.226546938,"data":"BIOHUB_RETENTION_GUARD {\"blended_candidates\": 285, \"dataset\": \"44b6_2a2eff9f\", \"frame\": 97, \"minimum_retention\": 0.9, \"primary_candidates\": 446, \"retention\": 0.6390134529147982, \"use_primary\": true}\n"}
,{"stream_name":"stdout","time":2048.42871015,"data":"BIOHUB_RETENTION_GUARD {\"blended_candidates\": 285, \"dataset\": \"44b6_2a2eff9f\", \"frame\": 97, \"minimum_retention\": 0.9, \"primary_candidates\": 446, \"retention\": 0.6390134529147982, \"use_primary\": true}\n"}
,{"stream_name":"stdout","time":2049.185406449,"data":"EDGE_TTA_ACTIVE views= 8 mean_abs_feat_delta= 0.345072\n"}
,{"stream_name":"stdout","time":2049.388147554,"data":"EDGE_TTA_ACTIVE views= 8 mean_abs_feat_delta= 0.345072\n"}
,{"stream_name":"stdout","time":2049.411602763,"data":"EDGE_TTA_ACTIVE views= 8 mean_abs_feat_delta= 0.35858\n"}
,{"stream_name":"stdout","time":2049.614226756,"data":"EDGE_TTA_ACTIVE views= 8 mean_abs_feat_delta= 0.35858\n"}
,{"stream_name":"stdout","time":2050.410309846,"data":"BIOHUB_RETENTION_GUARD {\"blended_candidates\": 333, \"dataset\": \"44b6_2a2eff9f\", \"frame\": 98, \"minimum_retention\": 0.9, \"primary_candidates\": 495, \"retention\": 0.6727272727272727, \"use_primary\": true}\n"}
,{"stream_name":"stdout","time":2050.61252102,"data":"BIOHUB_RETENTION_GUARD {\"blended_candidates\": 333, \"dataset\": \"44b6_2a2eff9f\", \"frame\": 98, \"minimum_retention\": 0.9, \"primary_candidates\": 495, \"retention\": 0.6727272727272727, \"use_primary\": true}\n"}
,{"stream_name":"stdout","time":2051.416585682,"data":"EDGE_TTA_ACTIVE views= 8 mean_abs_feat_delta= 0.344896\n"}
,{"stream_name":"stdout","time":2051.618905466,"data":"EDGE_TTA_ACTIVE views= 8 mean_abs_feat_delta= 0.344896\n"}
,{"stream_name":"stdout","time":2051.663411051,"data":"EDGE_TTA_ACTIVE views= 8 mean_abs_feat_delta= 0.354435\n"}
,{"stream_name":"stdout","time":2051.866033685,"data":"EDGE_TTA_ACTIVE views= 8 mean_abs_feat_delta= 0.354435\n"}
,{"stream_name":"stdout","time":2052.657323076,"data":"BIOHUB_RETENTION_GUARD {\"blended_candidates\": 268, \"dataset\": \"44b6_2a2eff9f\", \"frame\": 99, \"minimum_retention\": 0.9, \"primary_candidates\": 455, \"retention\": 0.589010989010989, \"use_primary\": true}\n"}
,{"stream_name":"stdout","time":2052.860086725,"data":"BIOHUB_RETENTION_GUARD {\"blended_candidates\": 268, \"dataset\": \"44b6_2a2eff9f\", \"frame\": 99, \"minimum_retention\": 0.9, \"primary_candidates\": 455, \"retention\": 0.589010989010989, \"use_primary\": true}\n"}
,{"stream_name":"stdout","time":2053.557625676,"data":"EDGE_TTA_ACTIVE views= 8 mean_abs_feat_delta= 0.348324\n"}
,{"stream_name":"stdout","time":2053.760353804,"data":"EDGE_TTA_ACTIVE views= 8 mean_abs_feat_delta= 0.348324\n"}
,{"stream_name":"stdout","time":2055.875810262,"data":"EDGE_TTA_ACTIVE views= 8 mean_abs_feat_delta= 0.346953\n"}
,{"stream_name":"stdout","time":2056.07877259,"data":"EDGE_TTA_ACTIVE views= 8 mean_abs_feat_delta= 0.346953\n"}
,{"stream_name":"stdout","time":2058.175678327,"data":"EDGE_TTA_ACTIVE views= 8 mean_abs_feat_delta= 0.344214\n"}
,{"stream_name":"stdout","time":2058.378661409,"data":"EDGE_TTA_ACTIVE views= 8 mean_abs_feat_delta= 0.344214\n"}
,{"stream_name":"stdout","time":2060.409129545,"data":"EDGE_TTA_ACTIVE views= 8 mean_abs_feat_delta= 0.345782\n"}
,{"stream_name":"stdout","time":2060.611740167,"data":"EDGE_TTA_ACTIVE views= 8 mean_abs_feat_delta= 0.345782\n"}
,{"stream_name":"stdout","time":2061.402215534,"data":"BIOHUB_RETENTION_GUARD {\"blended_candidates\": 342, \"dataset\": \"6bba_07e24132\", \"frame\": 32, \"minimum_retention\": 0.9, \"primary_candidates\": 392, \"retention\": 0.8724489795918368, \"use_primary\": true}\n"}
,{"stream_name":"stdout","time":2061.60498115,"data":"BIOHUB_RETENTION_GUARD {\"blended_candidates\": 342, \"dataset\": \"6bba_07e24132\", \"frame\": 32, \"minimum_retention\": 0.9, \"primary_candidates\": 392, \"retention\": 0.8724489795918368, \"use_primary\": true}\n"}
,{"stream_name":"stdout","time":2062.739844906,"data":"EDGE_TTA_ACTIVE views= 8 mean_abs_feat_delta= 0.345884\n"}
,{"stream_name":"stdout","time":2062.941826036,"data":"EDGE_TTA_ACTIVE views= 8 mean_abs_feat_delta= 0.345884\n"}
,{"stream_name":"stdout","time":2065.068546317,"data":"EDGE_TTA_ACTIVE views= 8 mean_abs_feat_delta= 0.349488\n"}
,{"stream_name":"stdout","time":2065.361930606,"data":"EDGE_TTA_ACTIVE views= 8 mean_abs_feat_delta= 0.349488\n"}
,{"stream_name":"stdout","time":2067.334978645,"data":"EDGE_TTA_ACTIVE views= 8 mean_abs_feat_delta= 0.344998\n"}
,{"stream_name":"stdout","time":2067.537610673,"data":"EDGE_TTA_ACTIVE views= 8 mean_abs_feat_delta= 0.344998\n"}
,{"stream_name":"stdout","time":2069.542058757,"data":"EDGE_TTA_ACTIVE views= 8 mean_abs_feat_delta= 0.344112\n"}
,{"stream_name":"stdout","time":2069.744685605,"data":"EDGE_TTA_ACTIVE views= 8 mean_abs_feat_delta= 0.344112\n"}
,{"stream_name":"stdout","time":2071.693698021,"data":"EDGE_TTA_ACTIVE views= 8 mean_abs_feat_delta= 0.344058\n"}
,{"stream_name":"stdout","time":2071.896240864,"data":"EDGE_TTA_ACTIVE views= 8 mean_abs_feat_delta= 0.344058\n"}
,{"stream_name":"stdout","time":2073.907179981,"data":"EDGE_TTA_ACTIVE views= 8 mean_abs_feat_delta= 0.342413\n"}
,{"stream_name":"stdout","time":2074.110220816,"data":"EDGE_TTA_ACTIVE views= 8 mean_abs_feat_delta= 0.342413\n"}
,{"stream_name":"stdout","time":2076.111988413,"data":"EDGE_TTA_ACTIVE views= 8 mean_abs_feat_delta= 0.339014\n"}
,{"stream_name":"stdout","time":2076.314750745,"data":"EDGE_TTA_ACTIVE views= 8 mean_abs_feat_delta= 0.339014\n"}
,{"stream_name":"stdout","time":2078.364399298,"data":"EDGE_TTA_ACTIVE views= 8 mean_abs_feat_delta= 0.331895\n"}
,{"stream_name":"stdout","time":2078.567131712,"data":"EDGE_TTA_ACTIVE views= 8 mean_abs_feat_delta= 0.331895\n"}
,{"stream_name":"stdout","time":2080.58722514,"data":"EDGE_TTA_ACTIVE views= 8 mean_abs_feat_delta= 0.34071\n"}
,{"stream_name":"stdout","time":2080.789654666,"data":"EDGE_TTA_ACTIVE views= 8 mean_abs_feat_delta= 0.34071\n"}
,{"stream_name":"stdout","time":2082.808230627,"data":"EDGE_TTA_ACTIVE views= 8 mean_abs_feat_delta= 0.344597\n"}
,{"stream_name":"stdout","time":2083.0105461,"data":"EDGE_TTA_ACTIVE views= 8 mean_abs_feat_delta= 0.344597\n"}
,{"stream_name":"stdout","time":2085.045920004,"data":"EDGE_TTA_ACTIVE views= 8 mean_abs_feat_delta= 0.347949\n"}
,{"stream_name":"stdout","time":2085.248530715,"data":"EDGE_TTA_ACTIVE views= 8 mean_abs_feat_delta= 0.347949\n"}
,{"stream_name":"stdout","time":2087.324954213,"data":"EDGE_TTA_ACTIVE views= 8 mean_abs_feat_delta= 0.343395\n"}
,{"stream_name":"stdout","time":2087.527468812,"data":"EDGE_TTA_ACTIVE views= 8 mean_abs_feat_delta= 0.343395\n"}
,{"stream_name":"stdout","time":2089.05458264,"data":"EDGE_TTA_ACTIVE views= 8 mean_abs_feat_delta= 0.288475\n"}
,{"stream_name":"stdout","time":2089.256955305,"data":"EDGE_TTA_ACTIVE views= 8 mean_abs_feat_delta= 0.288475\n"}
,{"stream_name":"stdout","time":2089.569057059,"data":"EDGE_TTA_ACTIVE views= 8 mean_abs_feat_delta= 0.342938\n"}
,{"stream_name":"stdout","time":2089.771573209,"data":"EDGE_TTA_ACTIVE views= 8 mean_abs_feat_delta= 0.342938\n"}
,{"stream_name":"stdout","time":2090.060978726,"data":"PUBLIC946_GPU_SMOKE {\"arm\": \"B0\", \"association\": {\"actual_primary_logits_after_original_harmonic_fusion\": {\"all_finite\": true, \"device\": \"cuda:0\", \"dtype\": \"torch.float32\", \"numel\": 7832, \"shape\": [1, 88, 89], \"stride\": [7832, 89, 1]}, \"actual_secondary_feature_consumed\": true, \"actual_secondary_logits\": {\"all_finite\": true, \"device\": \"cuda:0\", \"dtype\": \"torch.float32\", \"numel\": 7832, \"shape\": [1, 88, 89], \"stride\": [7832, 89, 1]}, \"coordinate_grid\": {\"downsample\": [1.0, 4.0, 4.0], \"source\": {\"device\": \"cuda:0\", \"dtype\": \"torch.float32\", \"numel\": 264, \"shape\": [1, 88, 3], \"stride\": [88, 1, 88]}, \"target\": {\"device\": \"cuda:0\", \"dtype\": \"torch.float32\", \"numel\": 267, \"shape\": [1, 89, 3], \"stride\": [89, 1, 89]}}, \"diagnostic_edge_head_calls\": 1, \"diagnostic_encoder_calls\": 0, \"diagnostic_probabilities_used_in_production\": false, \"diagnostic_seconds\": 0.009371724000175163, \"frame_pair_index\": 0, \"primary_source_sampled_features\": {\"all_finite\": true, \"device\": \"cuda:0\", \"dtype\": \"torch.float32\", \"numel\": 2816, \"shape\": [1, 88, 32], \"stride\": [2816, 32, 1]}, \"primary_target_sampled_features\": {\"all_finite\": true, \"device\": \"cuda:0\", \"dtype\": \"torch.float32\", \"numel\": 2848, \"shape\": [1, 89, 32], \"stride\": [2848, 32, 1]}, \"probability_comparison_stage\": \"secondary edge-head softmax over parents, before original calibration and low-margin mixing\", \"probability_delta_vs_single_pass_same_coordinates\": {\"sample_elements\": 7832, \"sample_equal\": true, \"sample_max_abs_delta\": 0.0, \"sample_mean_abs_delta\": 0.0, \"sample_stride\": 1}, \"production_calls\": 1, \"same_low_margin_config\": {\"secondary_detection_weight\": 0.8, \"secondary_edge_weight\": 0.15, \"secondary_link_mode\": \"low_margin_consensus\"}, \"source_delta_vs_single_pass\": {\"sample_elements\": 2816, \"sample_equal\": true, \"sample_max_abs_delta\": 0.0, \"sample_mean_abs_delta\": 0.0, \"sample_stride\": 1}, \"source_sampled_features\": {\"all_finite\": true, \"device\": \"cuda:0\", \"dtype\": \"torch.float32\", \"numel\": 2816, \"shape\": [1, 88, 32], \"stride\": [2816, 32, 1]}, \"target_delta_vs_single_pass\": {\"sample_elements\": 2848, \"sample_equal\": true, \"sample_max_abs_delta\": 0.0, \"sample_mean_abs_delta\": 0.0, \"sample_stride\": 1}, \"target_sampled_features\": {\"all_finite\": true, \"device\": \"cuda:0\", \"dtype\": \"torch.float32\", \"numel\": 2848, \"shape\": [1, 89, 32], \"stride\": [2848, 32, 1]}}, \"association_calls\": 1, \"config\": {\"secondary_detection_weight\": 0.8, \"secondary_edge_weight\": 0.15, \"secondary_link_mode\": \"low_margin_consensus\"}, \"consumed_features\": {\"primary\": {\"all_finite\": true, \"delta_vs_single_pass\": {\"sample_elements\": 65536, \"sample_equal\": false, \"sample_max_abs_delta\": 2.1413917541503906, \"sample_mean_abs_delta\": 0.26788458228111267, \"sample_stride\": 256}, \"device\": \"cuda:0\", \"dtype\": \"torch.float32\", \"numel\": 16777216, \"original_encoded_feature_sample_unchanged\": true, \"same_storage_as_original\": false, \"shape\": [1, 2, 32, 64, 64, 64], \"single_pass\": {\"device\": \"cuda:0\", \"dtype\": \"torch.float32\", \"numel\": 16777216, \"shape\": [1, 2, 32, 64, 64, 64], \"stride\": [16777216, 8388608, 262144, 4096, 64, 1]}, \"stride\": [16777216, 8388608, 262144, 4096, 64, 1]}, \"secondary\": {\"all_finite\": true, \"delta_vs_single_pass\": {\"sample_elements\": 65536, \"sample_equal\": true, \"sample_max_abs_delta\": 0.0, \"sample_mean_abs_delta\": 0.0, \"sample_stride\": 256}, \"device\": \"cuda:0\", \"dtype\": \"torch.float32\", \"numel\": 16777216, \"original_encoded_feature_sample_unchanged\": true, \"same_storage_as_original\": true, \"shape\": [1, 2, 32, 64, 64, 64], \"single_pass\": {\"device\": \"cuda:0\", \"dtype\": \"torch.float32\", \"numel\": 16777216, \"shape\": [1, 2, 32, 64, 64, 64], \"stride\": [16777216, 8388608, 262144, 4096, 64, 1]}, \"stride\": [16777216, 8388608, 262144, 4096, 64, 1]}}, \"consumed_heatmaps\": [{\"all_finite\": true, \"device\": \"cuda:0\", \"dtype\": \"torch.float32\", \"numel\": 262144, \"shape\": [1, 1, 64, 64, 64], \"stride\": [262144, 262144, 4096, 64, 1]}, {\"all_finite\": true, \"device\": \"cuda:0\", \"dtype\": \"torch.float32\", \"numel\": 262144, \"shape\": [1, 1, 64, 64, 64], \"stride\": [262144, 262144, 4096, 64, 1]}], \"cuda_peak_allocated_bytes_process\": 728221696, \"cuda_peak_reserved_bytes_process\": 981467136, \"dataset\": \"6bba_062c8d37\", \"encode_calls\": {\"primary\": 8, \"secondary\": 8}, \"encode_seconds\": {\"primary\": 0.9941111940001974, \"secondary\": 0.9459053860000495}, \"encode_views\": [{\"feature\": {\"device\": \"cuda:0\", \"dtype\": \"torch.float32\", \"numel\": 16777216, \"shape\": [1, 2, 32, 64, 64, 64], \"stride\": [16777216, 8388608, 262144, 4096, 64, 1]}, \"heatmap0\": {\"device\": \"cuda:0\", \"dtype\": \"torch.float32\", \"numel\": 262144, \"shape\": [1, 1, 64, 64, 64], \"stride\": [262144, 262144, 4096, 64, 1]}, \"input\": {\"device\": \"cuda:0\", \"dtype\": \"torch.float32\", \"numel\": 524288, \"shape\": [1, 2, 64, 64, 64], \"stride\": [524288, 262144, 4096, 64, 1]}, \"pass\": 1, \"role\": \"primary\"}, {\"feature\": {\"device\": \"cuda:0\", \"dtype\": \"torch.float32\", \"numel\": 16777216, \"shape\": [1, 2, 32, 64, 64, 64], \"stride\": [16777216, 8388608, 262144, 4096, 64, 1]}, \"heatmap0\": {\"device\": \"cuda:0\", \"dtype\": \"torch.float32\", \"numel\": 262144, \"shape\": [1, 1, 64, 64, 64], \"stride\": [262144, 262144, 4096, 64, 1]}, \"input\": {\"device\": \"cuda:0\", \"dtype\": \"torch.float32\", \"numel\": 524288, \"shape\": [1, 2, 64, 64, 64], \"stride\": [524288, 262144, 4096, 64, 1]}, \"pass\": 2, \"role\": \"primary\"}, {\"feature\": {\"device\": \"cuda:0\", \"dtype\": \"torch.float32\", \"numel\": 16777216, \"shape\": [1, 2, 32, 64, 64, 64], \"stride\": [16777216, 8388608, 262144, 4096, 64, 1]}, \"heatmap0\": {\"device\": \"cuda:0\", \"dtype\": \"torch.float32\", \"numel\": 262144, \"shape\": [1, 1, 64, 64, 64], \"stride\": [262144, 262144, 4096, 64, 1]}, \"input\": {\"device\": \"cuda:0\", \"dtype\": \"torch.float32\", \"numel\": 524288, \"shape\": [1, 2, 64, 64, 64], \"stride\": [524288, 262144, 4096, 64, 1]}, \"pass\": 3, \"role\": \"primary\"}, {\"feature\": {\"device\": \"cuda:0\", \"dtype\": \"torch.float32\", \"numel\": 16777216, \"shape\": [1, 2, 32, 64, 64, 64], \"stride\": [16777216, 8388608, 262144, 4096, 64, 1]}, \"heatmap0\": {\"device\": \"cuda:0\", \"dtype\": \"torch.float32\", \"numel\": 262144, \"shape\": [1, 1, 64, 64, 64], \"stride\": [262144, 262144, 4096, 64, 1]}, \"input\": {\"device\": \"cuda:0\", \"dtype\": \"torch.float32\", \"numel\": 524288, \"shape\": [1, 2, 64, 64, 64], \"stride\": [524288, 262144, 4096, 64, 1]}, \"pass\": 4, \"role\": \"primary\"}, {\"feature\": {\"device\": \"cuda:0\", \"dtype\": \"torch.float32\", \"numel\": 16777216, \"shape\": [1, 2, 32, 64, 64, 64], \"stride\": [16777216, 8388608, 262144, 4096, 64, 1]}, \"heatmap0\": {\"device\": \"cuda:0\", \"dtype\": \"torch.float32\", \"numel\": 262144, \"shape\": [1, 1, 64, 64, 64], \"stride\": [262144, 262144, 4096, 64, 1]}, \"input\": {\"device\": \"cuda:0\", \"dtype\": \"torch.float32\", \"numel\": 524288, \"shape\": [1, 2, 64, 64, 64], \"stride\": [524288, 262144, 4096, 1, 64]}, \"pass\": 5, \"role\": \"primary\"}, {\"feature\": {\"device\": \"cuda:0\", \"dtype\": \"torch.float32\", \"numel\": 16777216, \"shape\": [1, 2, 32, 64, 64, 64], \"stride\": [16777216, 8388608, 262144, 4096, 64, 1]}, \"heatmap0\": {\"device\": \"cuda:0\", \"dtype\": \"torch.float32\", \"numel\": 262144, \"shape\": [1, 1, 64, 64, 64], \"stride\": [262144, 262144, 4096, 64, 1]}, \"input\": {\"device\": \"cuda:0\", \"dtype\": \"torch.float32\", \"numel\": 524288, \"shape\": [1, 2, 64, 64, 64], \"stride\": [524288, 262144, 4096, 1, 64]}, \"pass\": 6, \"role\": \"primary\"}, {\"feature\": {\"device\": \"cuda:0\", \"dtype\": \"torch.float32\", \"numel\": 16777216, \"shape\": [1, 2, 32, 64, 64, 64], \"stride\": [16777216, 8388608, 262144, 4096, 64, 1]}, \"heatmap0\": {\"device\": \"cuda:0\", \"dtype\": \"torch.float32\", \"numel\": 262144, \"shape\": [1, 1, 64, 64, 64], \"stride\": [262144, 262144, 4096, 64, 1]}, \"input\": {\"device\": \"cuda:0\", \"dtype\": \"torch.float32\", \"numel\": 524288, \"shape\": [1, 2, 64, 64, 64], \"stride\": [524288, 262144, 4096, 1, 64]}, \"pass\": 7, \"role\": \"primary\"}, {\"feature\": {\"device\": \"cuda:0\", \"dtype\": \"torch.float32\", \"numel\": 16777216, \"shape\": [1, 2, 32, 64, 64, 64], \"stride\": [16777216, 8388608, 262144, 4096, 64, 1]}, \"heatmap0\": {\"device\": \"cuda:0\", \"dtype\": \"torch.float32\", \"numel\": 262144, \"shape\": [1, 1, 64, 64, 64], \"stride\": [262144, 262144, 4096, 64, 1]}, \"input\": {\"device\": \"cuda:0\", \"dtype\": \"torch.float32\", \"numel\": 524288, \"shape\": [1, 2, 64, 64, 64], \"stride\": [524288, 262144, 4096, 64, 1]}, \"pass\": 8, \"role\": \"primary\"}, {\"feature\": {\"device\": \"cuda:0\", \"dtype\": \"torch.float32\", \"numel\": 16777216, \"shape\": [1, 2, 32, 64, 64, 64], \"stride\": [16777216, 8388608, 262144, 4096, 64, 1]}, \"heatmap0\": {\"device\": \"cuda:0\", \"dtype\": \"torch.float32\", \"numel\": 262144, \"shape\": [1, 1, 64, 64, 64], \"stride\": [262144, 262144, 4096, 64, 1]}, \"input\": {\"device\": \"cuda:0\", \"dtype\": \"torch.float32\", \"numel\": 524288, \"shape\": [1, 2, 64, 64, 64], \"stride\": [524288, 262144, 4096, 64, 1]}, \"pass\": 1, \"role\": \"secondary\"}, {\"feature\": {\"device\": \"cuda:0\", \"dtype\": \"torch.float32\", \"numel\": 16777216, \"shape\": [1, 2, 32, 64, 64, 64], \"stride\": [16777216, 8388608, 262144, 4096, 64, 1]}, \"heatmap0\": {\"device\": \"cuda:0\", \"dtype\": \"torch.float32\", \"numel\": 262144, \"shape\": [1, 1, 64, 64, 64], \"stride\": [262144, 262144, 4096, 64, 1]}, \"input\": {\"device\": \"cuda:0\", \"dtype\": \"torch.float32\", \"numel\": 524288, \"shape\": [1, 2, 64, 64, 64], \"stride\": [524288, 262144, 4096, 64, 1]}, \"pass\": 2, \"role\": \"secondary\"}, {\"feature\": {\"device\": \"cuda:0\", \"dtype\": \"torch.float32\", \"numel\": 16777216, \"shape\": [1, 2, 32, 64, 64, 64], \"stride\": [16777216, 8388608, 262144, 4096, 64, 1]}, \"heatmap0\": {\"device\": \"cuda:0\", \"dtype\": \"torch.float32\", \"numel\": 262144, \"shape\": [1, 1, 64, 64, 64], \"stride\": [262144, 262144, 4096, 64, 1]}, \"input\": {\"device\": \"cuda:0\", \"dtype\": \"torch.float32\", \"numel\": 524288, \"shape\": [1, 2, 64, 64, 64], \"stride\": [524288, 262144, 4096, 64, 1]}, \"pass\": 3, \"role\": \"secondary\"}, {\"feature\": {\"device\": \"cuda:0\", \"dtype\": \"torch.float32\", \"numel\": 16777216, \"shape\": [1, 2, 32, 64, 64, 64], \"stride\": [16777216, 8388608, 262144, 4096, 64, 1]}, \"heatmap0\": {\"device\": \"cuda:0\", \"dtype\": \"torch.float32\", \"numel\": 262144, \"shape\": [1, 1, 64, 64, 64], \"stride\": [262144, 262144, 4096, 64, 1]}, \"input\": {\"device\": \"cuda:0\", \"dtype\": \"torch.float32\", \"numel\": 524288, \"shape\": [1, 2, 64, 64, 64], \"stride\": [524288, 262144, 4096, 64, 1]}, \"pass\": 4, \"role\": \"secondary\"}, {\"feature\": {\"device\": \"cuda:0\", \"dtype\": \"torch.float32\", \"numel\": 16777216, \"shape\": [1, 2, 32, 64, 64, 64], \"stride\": [16777216, 8388608, 262144, 4096, 64, 1]}, \"heatmap0\": {\"device\": \"cuda:0\", \"dtype\": \"torch.float32\", \"numel\": 262144, \"shape\": [1, 1, 64, 64, 64], \"stride\": [262144, 262144, 4096, 64, 1]}, \"input\": {\"device\": \"cuda:0\", \"dtype\": \"torch.float32\", \"numel\": 524288, \"shape\": [1, 2, 64, 64, 64], \"stride\": [524288, 262144, 4096, 1, 64]}, \"pass\": 5, \"role\": \"secondary\"}, {\"feature\": {\"device\": \"cuda:0\", \"dtype\": \"torch.float32\", \"numel\": 16777216, \"shape\": [1, 2, 32, 64, 64, 64], \"stride\": [16777216, 8388608, 262144, 4096, 64, 1]}, \"heatmap0\": {\"device\": \"cuda:0\", \"dtype\": \"torch.float32\", \"numel\": 262144, \"shape\": [1, 1, 64, 64, 64], \"stride\": [262144, 262144, 4096, 64, 1]}, \"input\": {\"device\": \"cuda:0\", \"dtype\": \"torch.float32\", \"numel\": 524288, \"shape\": [1, 2, 64, 64, 64], \"stride\": [524288, 262144, 4096, 1, 64]}, \"pass\": 6, \"role\": \"secondary\"}, {\"feature\": {\"device\": \"cuda:0\", \"dtype\": \"torch.float32\", \"numel\": 16777216, \"shape\": [1, 2, 32, 64, 64, 64], \"stride\": [16777216, 8388608, 262144, 4096, 64, 1]}, \"heatmap0\": {\"device\": \"cuda:0\", \"dtype\": \"torch.float32\", \"numel\": 262144, \"shape\": [1, 1, 64, 64, 64], \"stride\": [262144, 262144, 4096, 64, 1]}, \"input\": {\"device\": \"cuda:0\", \"dtype\": \"torch.float32\", \"numel\": 524288, \"shape\": [1, 2, 64, 64, 64], \"stride\": [524288, 262144, 4096, 1, 64]}, \"pass\": 7, \"role\": \"secondary\"}, {\"feature\": {\"device\": \"cuda:0\", \"dtype\": \"torch.float32\", \"numel\": 16777216, \"shape\": [1, 2, 32, 64, 64, 64], \"stride\": [16777216, 8388608, 262144, 4096, 64, 1]}, \"heatmap0\": {\"device\": \"cuda:0\", \"dtype\": \"torch.float32\", \"numel\": 262144, \"shape\": [1, 1, 64, 64, 64], \"stride\": [262144, 262144, 4096, 64, 1]}, \"input\": {\"device\": \"cuda:0\", \"dtype\": \"torch.float32\", \"numel\": 524288, \"shape\": [1, 2, 64, 64, 64], \"stride\": [524288, 262144, 4096, 64, 1]}, \"pass\": 8, \"role\": \"secondary\"}], \"event\": \"actual_predictor_window\", \"frames\": [0, 1], \"input\": {\"all_finite\": true, \"device\": \"cuda:0\", \"dtype\": \"torch.float32\", \"numel\": 524288, \"shape\": [1, 2, 64, 64, 64], \"stride\": [524288, 262144, 4096, 64, 1]}, \"input_parent\": \"/kaggle/input/competitions/biohub-cell-tracking-during-development/train\", \"seconds_including_common_audit\": 2.015008960999694, \"window_index\": 1, \"worker_execution_settings\": {\"autocast_enabled\": false, \"cuda_runtime\": \"12.8\", \"cudnn_allow_tf32\": true, \"cudnn_benchmark\": false, \"cudnn_deterministic\": false, \"default_dtype\": \"torch.float32\", \"deterministic_algorithms\": false, \"float32_matmul_precision\": \"highest\", \"gpu_name\": \"Tesla T4\", \"grad_enabled\": false, \"matmul_allow_tf32\": false, \"torch_initial_seed\": 5043419451920760042, \"torch_version\": \"2.10.0+cu128\"}}\n"}
,{"stream_name":"stdout","time":2090.264141899,"data":"PUBLIC946_GPU_SMOKE {\"arm\": \"B0\", \"association\": {\"actual_primary_logits_after_original_harmonic_fusion\": {\"all_finite\": true, \"device\": \"cuda:0\", \"dtype\": \"torch.float32\", \"numel\": 7832, \"shape\": [1, 88, 89], \"stride\": [7832, 89, 1]}, \"actual_secondary_feature_consumed\": true, \"actual_secondary_logits\": {\"all_finite\": true, \"device\": \"cuda:0\", \"dtype\": \"torch.float32\", \"numel\": 7832, \"shape\": [1, 88, 89], \"stride\": [7832, 89, 1]}, \"coordinate_grid\": {\"downsample\": [1.0, 4.0, 4.0], \"source\": {\"device\": \"cuda:0\", \"dtype\": \"torch.float32\", \"numel\": 264, \"shape\": [1, 88, 3], \"stride\": [88, 1, 88]}, \"target\": {\"device\": \"cuda:0\", \"dtype\": \"torch.float32\", \"numel\": 267, \"shape\": [1, 89, 3], \"stride\": [89, 1, 89]}}, \"diagnostic_edge_head_calls\": 1, \"diagnostic_encoder_calls\": 0, \"diagnostic_probabilities_used_in_production\": false, \"diagnostic_seconds\": 0.009371724000175163, \"frame_pair_index\": 0, \"primary_source_sampled_features\": {\"all_finite\": true, \"device\": \"cuda:0\", \"dtype\": \"torch.float32\", \"numel\": 2816, \"shape\": [1, 88, 32], \"stride\": [2816, 32, 1]}, \"primary_target_sampled_features\": {\"all_finite\": true, \"device\": \"cuda:0\", \"dtype\": \"torch.float32\", \"numel\": 2848, \"shape\": [1, 89, 32], \"stride\": [2848, 32, 1]}, \"probability_comparison_stage\": \"secondary edge-head softmax over parents, before original calibration and low-margin mixing\", \"probability_delta_vs_single_pass_same_coordinates\": {\"sample_elements\": 7832, \"sample_equal\": true, \"sample_max_abs_delta\": 0.0, \"sample_mean_abs_delta\": 0.0, \"sample_stride\": 1}, \"production_calls\": 1, \"same_low_margin_config\": {\"secondary_detection_weight\": 0.8, \"secondary_edge_weight\": 0.15, \"secondary_link_mode\": \"low_margin_consensus\"}, \"source_delta_vs_single_pass\": {\"sample_elements\": 2816, \"sample_equal\": true, \"sample_max_abs_delta\": 0.0, \"sample_mean_abs_delta\": 0.0, \"sample_stride\": 1}, \"source_sampled_features\": {\"all_finite\": true, \"device\": \"cuda:0\", \"dtype\": \"torch.float32\", \"numel\": 2816, \"shape\": [1, 88, 32], \"stride\": [2816, 32, 1]}, \"target_delta_vs_single_pass\": {\"sample_elements\": 2848, \"sample_equal\": true, \"sample_max_abs_delta\": 0.0, \"sample_mean_abs_delta\": 0.0, \"sample_stride\": 1}, \"target_sampled_features\": {\"all_finite\": true, \"device\": \"cuda:0\", \"dtype\": \"torch.float32\", \"numel\": 2848, \"shape\": [1, 89, 32], \"stride\": [2848, 32, 1]}}, \"association_calls\": 1, \"config\": {\"secondary_detection_weight\": 0.8, \"secondary_edge_weight\": 0.15, \"secondary_link_mode\": \"low_margin_consensus\"}, \"consumed_features\": {\"primary\": {\"all_finite\": true, \"delta_vs_single_pass\": {\"sample_elements\": 65536, \"sample_equal\": false, \"sample_max_abs_delta\": 2.1413917541503906, \"sample_mean_abs_delta\": 0.26788458228111267, \"sample_stride\": 256}, \"device\": \"cuda:0\", \"dtype\": \"torch.float32\", \"numel\": 16777216, \"original_encoded_feature_sample_unchanged\": true, \"same_storage_as_original\": false, \"shape\": [1, 2, 32, 64, 64, 64], \"single_pass\": {\"device\": \"cuda:0\", \"dtype\": \"torch.float32\", \"numel\": 16777216, \"shape\": [1, 2, 32, 64, 64, 64], \"stride\": [16777216, 8388608, 262144, 4096, 64, 1]}, \"stride\": [16777216, 8388608, 262144, 4096, 64, 1]}, \"secondary\": {\"all_finite\": true, \"delta_vs_single_pass\": {\"sample_elements\": 65536, \"sample_equal\": true, \"sample_max_abs_delta\": 0.0, \"sample_mean_abs_delta\": 0.0, \"sample_stride\": 256}, \"device\": \"cuda:0\", \"dtype\": \"torch.float32\", \"numel\": 16777216, \"original_encoded_feature_sample_unchanged\": true, \"same_storage_as_original\": true, \"shape\": [1, 2, 32, 64, 64, 64], \"single_pass\": {\"device\": \"cuda:0\", \"dtype\": \"torch.float32\", \"numel\": 16777216, \"shape\": [1, 2, 32, 64, 64, 64], \"stride\": [16777216, 8388608, 262144, 4096, 64, 1]}, \"stride\": [16777216, 8388608, 262144, 4096, 64, 1]}}, \"consumed_heatmaps\": [{\"all_finite\": true, \"device\": \"cuda:0\", \"dtype\": \"torch.float32\", \"numel\": 262144, \"shape\": [1, 1, 64, 64, 64], \"stride\": [262144, 262144, 4096, 64, 1]}, {\"all_finite\": true, \"device\": \"cuda:0\", \"dtype\": \"torch.float32\", \"numel\": 262144, \"shape\": [1, 1, 64, 64, 64], \"stride\": [262144, 262144, 4096, 64, 1]}], \"cuda_peak_allocated_bytes_process\": 728221696, \"cuda_peak_reserved_bytes_process\": 981467136, \"dataset\": \"6bba_062c8d37\", \"encode_calls\": {\"primary\": 8, \"secondary\": 8}, \"encode_seconds\": {\"primary\": 0.9941111940001974, \"secondary\": 0.9459053860000495}, \"encode_views\": [{\"feature\": {\"device\": \"cuda:0\", \"dtype\": \"torch.float32\", \"numel\": 16777216, \"shape\": [1, 2, 32, 64, 64, 64], \"stride\": [16777216, 8388608, 262144, 4096, 64, 1]}, \"heatmap0\": {\"device\": \"cuda:0\", \"dtype\": \"torch.float32\", \"numel\": 262144, \"shape\": [1, 1, 64, 64, 64], \"stride\": [262144, 262144, 4096, 64, 1]}, \"input\": {\"device\": \"cuda:0\", \"dtype\": \"torch.float32\", \"numel\": 524288, \"shape\": [1, 2, 64, 64, 64], \"stride\": [524288, 262144, 4096, 64, 1]}, \"pass\": 1, \"role\": \"primary\"}, {\"feature\": {\"device\": \"cuda:0\", \"dtype\": \"torch.float32\", \"numel\": 16777216, \"shape\": [1, 2, 32, 64, 64, 64], \"stride\": [16777216, 8388608, 262144, 4096, 64, 1]}, \"heatmap0\": {\"device\": \"cuda:0\", \"dtype\": \"torch.float32\", \"numel\": 262144, \"shape\": [1, 1, 64, 64, 64], \"stride\": [262144, 262144, 4096, 64, 1]}, \"input\": {\"device\": \"cuda:0\", \"dtype\": \"torch.float32\", \"numel\": 524288, \"shape\": [1, 2, 64, 64, 64], \"stride\": [524288, 262144, 4096, 64, 1]}, \"pass\": 2, \"role\": \"primary\"}, {\"feature\": {\"device\": \"cuda:0\", \"dtype\": \"torch.float32\", \"numel\": 16777216, \"shape\": [1, 2, 32, 64, 64, 64], \"stride\": [16777216, 8388608, 262144, 4096, 64, 1]}, \"heatmap0\": {\"device\": \"cuda:0\", \"dtype\": \"torch.float32\", \"numel\": 262144, \"shape\": [1, 1, 64, 64, 64], \"stride\": [262144, 262144, 4096, 64, 1]}, \"input\": {\"device\": \"cuda:0\", \"dtype\": \"torch.float32\", \"numel\": 524288, \"shape\": [1, 2, 64, 64, 64], \"stride\": [524288, 262144, 4096, 64, 1]}, \"pass\": 3, \"role\": \"primary\"}, {\"feature\": {\"device\": \"cuda:0\", \"dtype\": \"torch.float32\", \"numel\": 16777216, \"shape\": [1, 2, 32, 64, 64, 64], \"stride\": [16777216, 8388608, 262144, 4096, 64, 1]}, \"heatmap0\": {\"device\": \"cuda:0\", \"dtype\": \"torch.float32\", \"numel\": 262144, \"shape\": [1, 1, 64, 64, 64], \"stride\": [262144, 262144, 4096, 64, 1]}, \"input\": {\"device\": \"cuda:0\", \"dtype\": \"torch.float32\", \"numel\": 524288, \"shape\": [1, 2, 64, 64, 64], \"stride\": [524288, 262144, 4096, 64, 1]}, \"pass\": 4, \"role\": \"primary\"}, {\"feature\": {\"device\": \"cuda:0\", \"dtype\": \"torch.float32\", \"numel\": 16777216, \"shape\": [1, 2, 32, 64, 64, 64], \"stride\": [16777216, 8388608, 262144, 4096, 64, 1]}, \"heatmap0\": {\"device\": \"cuda:0\", \"dtype\": \"torch.float32\", \"numel\": 262144, \"shape\": [1, 1, 64, 64, 64], \"stride\": [262144, 262144, 4096, 64, 1]}, \"input\": {\"device\": \"cuda:0\", \"dtype\": \"torch.float32\", \"numel\": 524288, \"shape\": [1, 2, 64, 64, 64], \"stride\": [524288, 262144, 4096, 1, 64]}, \"pass\": 5, \"role\": \"primary\"}, {\"feature\": {\"device\": \"cuda:0\", \"dtype\": \"torch.float32\", \"numel\": 16777216, \"shape\": [1, 2, 32, 64, 64, 64], \"stride\": [16777216, 8388608, 262144, 4096, 64, 1]}, \"heatmap0\": {\"device\": \"cuda:0\", \"dtype\": \"torch.float32\", \"numel\": 262144, \"shape\": [1, 1, 64, 64, 64], \"stride\": [262144, 262144, 4096, 64, 1]}, \"input\": {\"device\": \"cuda:0\", \"dtype\": \"torch.float32\", \"numel\": 524288, \"shape\": [1, 2, 64, 64, 64], \"stride\": [524288, 262144, 4096, 1, 64]}, \"pass\": 6, \"role\": \"primary\"}, {\"feature\": {\"device\": \"cuda:0\", \"dtype\": \"torch.float32\", \"numel\": 16777216, \"shape\": [1, 2, 32, 64, 64, 64], \"stride\": [16777216, 8388608, 262144, 4096, 64, 1]}, \"heatmap0\": {\"device\": \"cuda:0\", \"dtype\": \"torch.float32\", \"numel\": 262144, \"shape\": [1, 1, 64, 64, 64], \"stride\": [262144, 262144, 4096, 64, 1]}, \"input\": {\"device\": \"cuda:0\", \"dtype\": \"torch.float32\", \"numel\": 524288, \"shape\": [1, 2, 64, 64, 64], \"stride\": [524288, 262144, 4096, 1, 64]}, \"pass\": 7, \"role\": \"primary\"}, {\"feature\": {\"device\": \"cuda:0\", \"dtype\": \"torch.float32\", \"numel\": 16777216, \"shape\": [1, 2, 32, 64, 64, 64], \"stride\": [16777216, 8388608, 262144, 4096, 64, 1]}, \"heatmap0\": {\"device\": \"cuda:0\", \"dtype\": \"torch.float32\", \"numel\": 262144, \"shape\": [1, 1, 64, 64, 64], \"stride\": [262144, 262144, 4096, 64, 1]}, \"input\": {\"device\": \"cuda:0\", \"dtype\": \"torch.float32\", \"numel\": 524288, \"shape\": [1, 2, 64, 64, 64], \"stride\": [524288, 262144, 4096, 64, 1]}, \"pass\": 8, \"role\": \"primary\"}, {\"feature\": {\"device\": \"cuda:0\", \"dtype\": \"torch.float32\", \"numel\": 16777216, \"shape\": [1, 2, 32, 64, 64, 64], \"stride\": [16777216, 8388608, 262144, 4096, 64, 1]}, \"heatmap0\": {\"device\": \"cuda:0\", \"dtype\": \"torch.float32\", \"numel\": 262144, \"shape\": [1, 1, 64, 64, 64], \"stride\": [262144, 262144, 4096, 64, 1]}, \"input\": {\"device\": \"cuda:0\", \"dtype\": \"torch.float32\", \"numel\": 524288, \"shape\": [1, 2, 64, 64, 64], \"stride\": [524288, 262144, 4096, 64, 1]}, \"pass\": 1, \"role\": \"secondary\"}, {\"feature\": {\"device\": \"cuda:0\", \"dtype\": \"torch.float32\", \"numel\": 16777216, \"shape\": [1, 2, 32, 64, 64, 64], \"stride\": [16777216, 8388608, 262144, 4096, 64, 1]}, \"heatmap0\": {\"device\": \"cuda:0\", \"dtype\": \"torch.float32\", \"numel\": 262144, \"shape\": [1, 1, 64, 64, 64], \"stride\": [262144, 262144, 4096, 64, 1]}, \"input\": {\"device\": \"cuda:0\", \"dtype\": \"torch.float32\", \"numel\": 524288, \"shape\": [1, 2, 64, 64, 64], \"stride\": [524288, 262144, 4096, 64, 1]}, \"pass\": 2, \"role\": \"secondary\"}, {\"feature\": {\"device\": \"cuda:0\", \"dtype\": \"torch.float32\", \"numel\": 16777216, \"shape\": [1, 2, 32, 64, 64, 64], \"stride\": [16777216, 8388608, 262144, 4096, 64, 1]}, \"heatmap0\": {\"device\": \"cuda:0\", \"dtype\": \"torch.float32\", \"numel\": 262144, \"shape\": [1, 1, 64, 64, 64], \"stride\": [262144, 262144, 4096, 64, 1]}, \"input\": {\"device\": \"cuda:0\", \"dtype\": \"torch.float32\", \"numel\": 524288, \"shape\": [1, 2, 64, 64, 64], \"stride\": [524288, 262144, 4096, 64, 1]}, \"pass\": 3, \"role\": \"secondary\"}, {\"feature\": {\"device\": \"cuda:0\", \"dtype\": \"torch.float32\", \"numel\": 16777216, \"shape\": [1, 2, 32, 64, 64, 64], \"stride\": [16777216, 8388608, 262144, 4096, 64, 1]}, \"heatmap0\": {\"device\": \"cuda:0\", \"dtype\": \"torch.float32\", \"numel\": 262144, \"shape\": [1, 1, 64, 64, 64], \"stride\": [262144, 262144, 4096, 64, 1]}, \"input\": {\"device\": \"cuda:0\", \"dtype\": \"torch.float32\", \"numel\": 524288, \"shape\": [1, 2, 64, 64, 64], \"stride\": [524288, 262144, 4096, 64, 1]}, \"pass\": 4, \"role\": \"secondary\"}, {\"feature\": {\"device\": \"cuda:0\", \"dtype\": \"torch.float32\", \"numel\": 16777216, \"shape\": [1, 2, 32, 64, 64, 64], \"stride\": [16777216, 8388608, 262144, 4096, 64, 1]}, \"heatmap0\": {\"device\": \"cuda:0\", \"dtype\": \"torch.float32\", \"numel\": 262144, \"shape\": [1, 1, 64, 64, 64], \"stride\": [262144, 262144, 4096, 64, 1]}, \"input\": {\"device\": \"cuda:0\", \"dtype\": \"torch.float32\", \"numel\": 524288, \"shape\": [1, 2, 64, 64, 64], \"stride\": [524288, 262144, 4096, 1, 64]}, \"pass\": 5, \"role\": \"secondary\"}, {\"feature\": {\"device\": \"cuda:0\", \"dtype\": \"torch.float32\", \"numel\": 16777216, \"shape\": [1, 2, 32, 64, 64, 64], \"stride\": [16777216, 8388608, 262144, 4096, 64, 1]}, \"heatmap0\": {\"device\": \"cuda:0\", \"dtype\": \"torch.float32\", \"numel\": 262144, \"shape\": [1, 1, 64, 64, 64], \"stride\": [262144, 262144, 4096, 64, 1]}, \"input\": {\"device\": \"cuda:0\", \"dtype\": \"torch.float32\", \"numel\": 524288, \"shape\": [1, 2, 64, 64, 64], \"stride\": [524288, 262144, 4096, 1, 64]}, \"pass\": 6, \"role\": \"secondary\"}, {\"feature\": {\"device\": \"cuda:0\", \"dtype\": \"torch.float32\", \"numel\": 16777216, \"shape\": [1, 2, 32, 64, 64, 64], \"stride\": [16777216, 8388608, 262144, 4096, 64, 1]}, \"heatmap0\": {\"device\": \"cuda:0\", \"dtype\": \"torch.float32\", \"numel\": 262144, \"shape\": [1, 1, 64, 64, 64], \"stride\": [262144, 262144, 4096, 64, 1]}, \"input\": {\"device\": \"cuda:0\", \"dtype\": \"torch.float32\", \"numel\": 524288, \"shape\": [1, 2, 64, 64, 64], \"stride\": [524288, 262144, 4096, 1, 64]}, \"pass\": 7, \"role\": \"secondary\"}, {\"feature\": {\"device\": \"cuda:0\", \"dtype\": \"torch.float32\", \"numel\": 16777216, \"shape\": [1, 2, 32, 64, 64, 64], \"stride\": [16777216, 8388608, 262144, 4096, 64, 1]}, \"heatmap0\": {\"device\": \"cuda:0\", \"dtype\": \"torch.float32\", \"numel\": 262144, \"shape\": [1, 1, 64, 64, 64], \"stride\": [262144, 262144, 4096, 64, 1]}, \"input\": {\"device\": \"cuda:0\", \"dtype\": \"torch.float32\", \"numel\": 524288, \"shape\": [1, 2, 64, 64, 64], \"stride\": [524288, 262144, 4096, 64, 1]}, \"pass\": 8, \"role\": \"secondary\"}], \"event\": \"actual_predictor_window\", \"frames\": [0, 1], \"input\": {\"all_finite\": true, \"device\": \"cuda:0\", \"dtype\": \"torch.float32\", \"numel\": 524288, \"shape\": [1, 2, 64, 64, 64], \"stride\": [524288, 262144, 4096, 64, 1]}, \"input_parent\": \"/kaggle/input/competitions/biohub-cell-tracking-during-development/train\", \"seconds_including_common_audit\": 2.015008960999694, \"window_index\": 1, \"worker_execution_settings\": {\"autocast_enabled\": false, \"cuda_runtime\": \"12.8\", \"cudnn_allow_tf32\": true, \"cudnn_benchmark\": false, \"cudnn_deterministic\": false, \"default_dtype\": \"torch.float32\", \"deterministic_algorithms\": false, \"float32_matmul_precision\": \"highest\", \"gpu_name\": \"Tesla T4\", \"grad_enabled\": false, \"matmul_allow_tf32\": false, \"torch_initial_seed\": 5043419451920760042, \"torch_version\": \"2.10.0+cu128\"}}\n"}
,{"stream_name":"stdout","time":2091.133168998,"data":"EDGE_TTA_ACTIVE views= 8 mean_abs_feat_delta= 0.287561\n"}
,{"stream_name":"stdout","time":2091.335501964,"data":"EDGE_TTA_ACTIVE views= 8 mean_abs_feat_delta= 0.287561\n"}
,{"stream_name":"stdout","time":2091.797821374,"data":"EDGE_TTA_ACTIVE views= 8 mean_abs_feat_delta= 0.34073\n"}
,{"stream_name":"stdout","time":2092.000174986,"data":"EDGE_TTA_ACTIVE views= 8 mean_abs_feat_delta= 0.34073\n"}
,{"stream_name":"stdout","time":2093.214825677,"data":"EDGE_TTA_ACTIVE views= 8 mean_abs_feat_delta= 0.288963\n"}
,{"stream_name":"stdout","time":2093.417215237,"data":"EDGE_TTA_ACTIVE views= 8 mean_abs_feat_delta= 0.288963\n"}
,{"stream_name":"stdout","time":2094.084034022,"data":"EDGE_TTA_ACTIVE views= 8 mean_abs_feat_delta= 0.337223\n"}
,{"stream_name":"stdout","time":2094.286266223,"data":"EDGE_TTA_ACTIVE views= 8 mean_abs_feat_delta= 0.337223\n"}
,{"stream_name":"stdout","time":2095.273881343,"data":"EDGE_TTA_ACTIVE views= 8 mean_abs_feat_delta= 0.284378\n"}
,{"stream_name":"stdout","time":2095.551591519,"data":"EDGE_TTA_ACTIVE views= 8 mean_abs_feat_delta= 0.284378\n"}
,{"stream_name":"stdout","time":2096.373959163,"data":"EDGE_TTA_ACTIVE views= 8 mean_abs_feat_delta= 0.338214\n"}
,{"stream_name":"stdout","time":2096.576254118,"data":"EDGE_TTA_ACTIVE views= 8 mean_abs_feat_delta= 0.338214\n"}
,{"stream_name":"stdout","time":2097.345578458,"data":"EDGE_TTA_ACTIVE views= 8 mean_abs_feat_delta= 0.287813\n"}
,{"stream_name":"stdout","time":2097.548210309,"data":"EDGE_TTA_ACTIVE views= 8 mean_abs_feat_delta= 0.287813\n"}
,{"stream_name":"stdout","time":2098.575919716,"data":"EDGE_TTA_ACTIVE views= 8 mean_abs_feat_delta= 0.343058\n"}
,{"stream_name":"stdout","time":2098.778679148,"data":"EDGE_TTA_ACTIVE views= 8 mean_abs_feat_delta= 0.343058\n"}
,{"stream_name":"stdout","time":2099.386488799,"data":"EDGE_TTA_ACTIVE views= 8 mean_abs_feat_delta= 0.287261\n"}
,{"stream_name":"stdout","time":2099.589378467,"data":"EDGE_TTA_ACTIVE views= 8 mean_abs_feat_delta= 0.287261\n"}
,{"stream_name":"stdout","time":2100.894302991,"data":"EDGE_TTA_ACTIVE views= 8 mean_abs_feat_delta= 0.343211\n"}
,{"stream_name":"stdout","time":2101.097086157,"data":"EDGE_TTA_ACTIVE views= 8 mean_abs_feat_delta= 0.343211\n"}
,{"stream_name":"stdout","time":2101.400340416,"data":"EDGE_TTA_ACTIVE views= 8 mean_abs_feat_delta= 0.28741\n"}
,{"stream_name":"stdout","time":2101.603160393,"data":"EDGE_TTA_ACTIVE views= 8 mean_abs_feat_delta= 0.28741\n"}
,{"stream_name":"stdout","time":2103.142232652,"data":"EDGE_TTA_ACTIVE views= 8 mean_abs_feat_delta= 0.340682\n"}
,{"stream_name":"stdout","time":2103.344752249,"data":"EDGE_TTA_ACTIVE views= 8 mean_abs_feat_delta= 0.340682\n"}
,{"stream_name":"stdout","time":2103.429087406,"data":"EDGE_TTA_ACTIVE views= 8 mean_abs_feat_delta= 0.291909\n"}
,{"stream_name":"stdout","time":2103.631541719,"data":"EDGE_TTA_ACTIVE views= 8 mean_abs_feat_delta= 0.291909\n"}
,{"stream_name":"stdout","time":2105.336467448,"data":"EDGE_TTA_ACTIVE views= 8 mean_abs_feat_delta= 0.338135\n"}
,{"stream_name":"stdout","time":2105.474523141,"data":"EDGE_TTA_ACTIVE views= 8 mean_abs_feat_delta= 0.291947\n"}
,{"stream_name":"stdout","time":2105.539157309,"data":"EDGE_TTA_ACTIVE views= 8 mean_abs_feat_delta= 0.338135\n"}
,{"stream_name":"stdout","time":2105.539211082,"data":"EDGE_TTA_ACTIVE views= 8 mean_abs_feat_delta= 0.291947\n"}
,{"stream_name":"stdout","time":2107.582871457,"data":"EDGE_TTA_ACTIVE views= 8 mean_abs_feat_delta= 0.291055\n"}
,{"stream_name":"stdout","time":2107.597538366,"data":"EDGE_TTA_ACTIVE views= 8 mean_abs_feat_delta= 0.333565\n"}
,{"stream_name":"stdout","time":2107.785216847,"data":"EDGE_TTA_ACTIVE views= 8 mean_abs_feat_delta= 0.291055\n"}
,{"stream_name":"stdout","time":2107.785278513,"data":"EDGE_TTA_ACTIVE views= 8 mean_abs_feat_delta= 0.333565\n"}
,{"stream_name":"stdout","time":2109.631390161,"data":"EDGE_TTA_ACTIVE views= 8 mean_abs_feat_delta= 0.28982\n"}
,{"stream_name":"stdout","time":2109.811440774,"data":"EDGE_TTA_ACTIVE views= 8 mean_abs_feat_delta= 0.337448\n"}
,{"stream_name":"stdout","time":2109.834013676,"data":"EDGE_TTA_ACTIVE views= 8 mean_abs_feat_delta= 0.28982\n"}
,{"stream_name":"stdout","time":2109.834071812,"data":"EDGE_TTA_ACTIVE views= 8 mean_abs_feat_delta= 0.337448\n"}
,{"stream_name":"stdout","time":2111.69964462,"data":"EDGE_TTA_ACTIVE views= 8 mean_abs_feat_delta= 0.288198\n"}
,{"stream_name":"stdout","time":2111.902453451,"data":"EDGE_TTA_ACTIVE views= 8 mean_abs_feat_delta= 0.288198\n"}
,{"stream_name":"stdout","time":2112.064563128,"data":"EDGE_TTA_ACTIVE views= 8 mean_abs_feat_delta= 0.337377\n"}
,{"stream_name":"stdout","time":2112.267455635,"data":"EDGE_TTA_ACTIVE views= 8 mean_abs_feat_delta= 0.337377\n"}
,{"stream_name":"stdout","time":2113.829587686,"data":"EDGE_TTA_ACTIVE views= 8 mean_abs_feat_delta= 0.280635\n"}
,{"stream_name":"stdout","time":2114.031754363,"data":"EDGE_TTA_ACTIVE views= 8 mean_abs_feat_delta= 0.280635\n"}
,{"stream_name":"stdout","time":2114.246314852,"data":"EDGE_TTA_ACTIVE views= 8 mean_abs_feat_delta= 0.334616\n"}
,{"stream_name":"stdout","time":2114.448794058,"data":"EDGE_TTA_ACTIVE views= 8 mean_abs_feat_delta= 0.334616\n"}
,{"stream_name":"stdout","time":2115.935470447,"data":"EDGE_TTA_ACTIVE views= 8 mean_abs_feat_delta= 0.283807\n"}
,{"stream_name":"stdout","time":2116.137991337,"data":"EDGE_TTA_ACTIVE views= 8 mean_abs_feat_delta= 0.283807\n"}
,{"stream_name":"stdout","time":2116.711016458,"data":"EDGE_TTA_ACTIVE views= 8 mean_abs_feat_delta= 0.333661\n"}
,{"stream_name":"stdout","time":2116.913742204,"data":"EDGE_TTA_ACTIVE views= 8 mean_abs_feat_delta= 0.333661\n"}
,{"stream_name":"stdout","time":2117.983814645,"data":"EDGE_TTA_ACTIVE views= 8 mean_abs_feat_delta= 0.288234\n"}
,{"stream_name":"stdout","time":2118.186411838,"data":"EDGE_TTA_ACTIVE views= 8 mean_abs_feat_delta= 0.288234\n"}
,{"stream_name":"stdout","time":2118.852657222,"data":"EDGE_TTA_ACTIVE views= 8 mean_abs_feat_delta= 0.339485\n"}
,{"stream_name":"stdout","time":2119.055206198,"data":"EDGE_TTA_ACTIVE views= 8 mean_abs_feat_delta= 0.339485\n"}
,{"stream_name":"stdout","time":2120.090580242,"data":"EDGE_TTA_ACTIVE views= 8 mean_abs_feat_delta= 0.286344\n"}
,{"stream_name":"stdout","time":2120.293035011,"data":"EDGE_TTA_ACTIVE views= 8 mean_abs_feat_delta= 0.286344\n"}
,{"stream_name":"stdout","time":2121.048407202,"data":"EDGE_TTA_ACTIVE views= 8 mean_abs_feat_delta= 0.337706\n"}
,{"stream_name":"stdout","time":2121.250886932,"data":"EDGE_TTA_ACTIVE views= 8 mean_abs_feat_delta= 0.337706\n"}
,{"stream_name":"stdout","time":2122.197497411,"data":"EDGE_TTA_ACTIVE views= 8 mean_abs_feat_delta= 0.281856\n"}
,{"stream_name":"stdout","time":2122.400090359,"data":"EDGE_TTA_ACTIVE views= 8 mean_abs_feat_delta= 0.281856\n"}
,{"stream_name":"stdout","time":2123.255366942,"data":"EDGE_TTA_ACTIVE views= 8 mean_abs_feat_delta= 0.337246\n"}
,{"stream_name":"stdout","time":2123.458073246,"data":"EDGE_TTA_ACTIVE views= 8 mean_abs_feat_delta= 0.337246\n"}
,{"stream_name":"stdout","time":2124.246508717,"data":"EDGE_TTA_ACTIVE views= 8 mean_abs_feat_delta= 0.277556\n"}
,{"stream_name":"stdout","time":2124.449361399,"data":"EDGE_TTA_ACTIVE views= 8 mean_abs_feat_delta= 0.277556\n"}
,{"stream_name":"stdout","time":2125.433235426,"data":"EDGE_TTA_ACTIVE views= 8 mean_abs_feat_delta= 0.339272\n"}
,{"stream_name":"stdout","time":2125.713223863,"data":"EDGE_TTA_ACTIVE views= 8 mean_abs_feat_delta= 0.339272\n"}
,{"stream_name":"stdout","time":2126.29394806,"data":"EDGE_TTA_ACTIVE views= 8 mean_abs_feat_delta= 0.277451\n"}
,{"stream_name":"stdout","time":2126.496526606,"data":"EDGE_TTA_ACTIVE views= 8 mean_abs_feat_delta= 0.277451\n"}
,{"stream_name":"stdout","time":2127.65553454,"data":"EDGE_TTA_ACTIVE views= 8 mean_abs_feat_delta= 0.342159\n"}
,{"stream_name":"stdout","time":2127.858531941,"data":"EDGE_TTA_ACTIVE views= 8 mean_abs_feat_delta= 0.342159\n"}
,{"stream_name":"stdout","time":2128.461053705,"data":"EDGE_TTA_ACTIVE views= 8 mean_abs_feat_delta= 0.278448\n"}
,{"stream_name":"stdout","time":2128.663559693,"data":"EDGE_TTA_ACTIVE views= 8 mean_abs_feat_delta= 0.278448\n"}
,{"stream_name":"stdout","time":2129.83731154,"data":"EDGE_TTA_ACTIVE views= 8 mean_abs_feat_delta= 0.343625\n"}
,{"stream_name":"stdout","time":2130.039957243,"data":"EDGE_TTA_ACTIVE views= 8 mean_abs_feat_delta= 0.343625\n"}
,{"stream_name":"stdout","time":2130.666984397,"data":"EDGE_TTA_ACTIVE views= 8 mean_abs_feat_delta= 0.279406\n"}
,{"stream_name":"stdout","time":2130.86929426,"data":"EDGE_TTA_ACTIVE views= 8 mean_abs_feat_delta= 0.279406\n"}
,{"stream_name":"stdout","time":2132.096362116,"data":"EDGE_TTA_ACTIVE views= 8 mean_abs_feat_delta= 0.343102\n"}
,{"stream_name":"stdout","time":2132.2988056,"data":"EDGE_TTA_ACTIVE views= 8 mean_abs_feat_delta= 0.343102\n"}
,{"stream_name":"stdout","time":2132.73457109,"data":"EDGE_TTA_ACTIVE views= 8 mean_abs_feat_delta= 0.28314\n"}
,{"stream_name":"stdout","time":2132.937259027,"data":"EDGE_TTA_ACTIVE views= 8 mean_abs_feat_delta= 0.28314\n"}
,{"stream_name":"stdout","time":2134.399807155,"data":"EDGE_TTA_ACTIVE views= 8 mean_abs_feat_delta= 0.338878\n"}
,{"stream_name":"stdout","time":2134.602303961,"data":"EDGE_TTA_ACTIVE views= 8 mean_abs_feat_delta= 0.338878\n"}
,{"stream_name":"stdout","time":2134.856516157,"data":"EDGE_TTA_ACTIVE views= 8 mean_abs_feat_delta= 0.290562\n"}
,{"stream_name":"stdout","time":2135.05886085,"data":"EDGE_TTA_ACTIVE views= 8 mean_abs_feat_delta= 0.290562\n"}
,{"stream_name":"stdout","time":2136.573856427,"data":"EDGE_TTA_ACTIVE views= 8 mean_abs_feat_delta= 0.344788\n"}
,{"stream_name":"stdout","time":2136.776482014,"data":"EDGE_TTA_ACTIVE views= 8 mean_abs_feat_delta= 0.344788\n"}
,{"stream_name":"stdout","time":2136.927825644,"data":"EDGE_TTA_ACTIVE views= 8 mean_abs_feat_delta= 0.288456\n"}
,{"stream_name":"stdout","time":2137.130004611,"data":"EDGE_TTA_ACTIVE views= 8 mean_abs_feat_delta= 0.288456\n"}
,{"stream_name":"stdout","time":2138.742167711,"data":"EDGE_TTA_ACTIVE views= 8 mean_abs_feat_delta= 0.33784\n"}
,{"stream_name":"stdout","time":2138.944815643,"data":"EDGE_TTA_ACTIVE views= 8 mean_abs_feat_delta= 0.33784\n"}
,{"stream_name":"stdout","time":2139.008610097,"data":"EDGE_TTA_ACTIVE views= 8 mean_abs_feat_delta= 0.286395\n"}
,{"stream_name":"stdout","time":2139.211142718,"data":"EDGE_TTA_ACTIVE views= 8 mean_abs_feat_delta= 0.286395\n"}
,{"stream_name":"stdout","time":2140.990893996,"data":"EDGE_TTA_ACTIVE views= 8 mean_abs_feat_delta= 0.339211\n"}
,{"stream_name":"stdout","time":2141.098895618,"data":"EDGE_TTA_ACTIVE views= 8 mean_abs_feat_delta= 0.294338\n"}
,{"stream_name":"stdout","time":2141.193437014,"data":"EDGE_TTA_ACTIVE views= 8 mean_abs_feat_delta= 0.339211\n"}
,{"stream_name":"stdout","time":2141.193470815,"data":"EDGE_TTA_ACTIVE views= 8 mean_abs_feat_delta= 0.294338\n"}
,{"stream_name":"stdout","time":2143.198887927,"data":"EDGE_TTA_ACTIVE views= 8 mean_abs_feat_delta= 0.290596\n"}
,{"stream_name":"stdout","time":2143.203182302,"data":"EDGE_TTA_ACTIVE views= 8 mean_abs_feat_delta= 0.339533\n"}
,{"stream_name":"stdout","time":2143.401346789,"data":"EDGE_TTA_ACTIVE views= 8 mean_abs_feat_delta= 0.290596\n"}
,{"stream_name":"stdout","time":2143.40138178,"data":"EDGE_TTA_ACTIVE views= 8 mean_abs_feat_delta= 0.339533\n"}
,{"stream_name":"stdout","time":2145.300162565,"data":"EDGE_TTA_ACTIVE views= 8 mean_abs_feat_delta= 0.288951\n"}
,{"stream_name":"stdout","time":2145.369136797,"data":"EDGE_TTA_ACTIVE views= 8 mean_abs_feat_delta= 0.333552\n"}
,{"stream_name":"stdout","time":2145.503030526,"data":"EDGE_TTA_ACTIVE views= 8 mean_abs_feat_delta= 0.288951\n"}
,{"stream_name":"stdout","time":2145.503102613,"data":"EDGE_TTA_ACTIVE views= 8 mean_abs_feat_delta= 0.333552\n"}
,{"stream_name":"stdout","time":2147.401366216,"data":"EDGE_TTA_ACTIVE views= 8 mean_abs_feat_delta= 0.287622\n"}
,{"stream_name":"stdout","time":2147.570886832,"data":"EDGE_TTA_ACTIVE views= 8 mean_abs_feat_delta= 0.342836\n"}
,{"stream_name":"stdout","time":2147.604533977,"data":"EDGE_TTA_ACTIVE views= 8 mean_abs_feat_delta= 0.287622\n"}
,{"stream_name":"stdout","time":2147.604563671,"data":"EDGE_TTA_ACTIVE views= 8 mean_abs_feat_delta= 0.342836\n"}
,{"stream_name":"stdout","time":2149.534593158,"data":"EDGE_TTA_ACTIVE views= 8 mean_abs_feat_delta= 0.288395\n"}
,{"stream_name":"stdout","time":2149.737185552,"data":"EDGE_TTA_ACTIVE views= 8 mean_abs_feat_delta= 0.288395\n"}
,{"stream_name":"stdout","time":2149.759476753,"data":"EDGE_TTA_ACTIVE views= 8 mean_abs_feat_delta= 0.340752\n"}
,{"stream_name":"stdout","time":2149.961870195,"data":"EDGE_TTA_ACTIVE views= 8 mean_abs_feat_delta= 0.340752\n"}
,{"stream_name":"stdout","time":2151.668177972,"data":"EDGE_TTA_ACTIVE views= 8 mean_abs_feat_delta= 0.286202\n"}
,{"stream_name":"stdout","time":2151.870625986,"data":"EDGE_TTA_ACTIVE views= 8 mean_abs_feat_delta= 0.286202\n"}
,{"stream_name":"stdout","time":2151.982803498,"data":"EDGE_TTA_ACTIVE views= 8 mean_abs_feat_delta= 0.33721\n"}
,{"stream_name":"stdout","time":2152.185237081,"data":"EDGE_TTA_ACTIVE views= 8 mean_abs_feat_delta= 0.33721\n"}
,{"stream_name":"stdout","time":2153.74051789,"data":"EDGE_TTA_ACTIVE views= 8 mean_abs_feat_delta= 0.287794\n"}
,{"stream_name":"stdout","time":2153.942926954,"data":"EDGE_TTA_ACTIVE views= 8 mean_abs_feat_delta= 0.287794\n"}
,{"stream_name":"stdout","time":2154.155125084,"data":"EDGE_TTA_ACTIVE views= 8 mean_abs_feat_delta= 0.331794\n"}
,{"stream_name":"stdout","time":2154.357476063,"data":"EDGE_TTA_ACTIVE views= 8 mean_abs_feat_delta= 0.331794\n"}
,{"stream_name":"stdout","time":2155.912780394,"data":"EDGE_TTA_ACTIVE views= 8 mean_abs_feat_delta= 0.288107\n"}
,{"stream_name":"stdout","time":2156.194513115,"data":"EDGE_TTA_ACTIVE views= 8 mean_abs_feat_delta= 0.288107\n"}
,{"stream_name":"stdout","time":2156.411593853,"data":"EDGE_TTA_ACTIVE views= 8 mean_abs_feat_delta= 0.328009\n"}
,{"stream_name":"stdout","time":2156.614065317,"data":"EDGE_TTA_ACTIVE views= 8 mean_abs_feat_delta= 0.328009\n"}
,{"stream_name":"stdout","time":2157.993907199,"data":"EDGE_TTA_ACTIVE views= 8 mean_abs_feat_delta= 0.292464\n"}
,{"stream_name":"stdout","time":2158.196553599,"data":"EDGE_TTA_ACTIVE views= 8 mean_abs_feat_delta= 0.292464\n"}
,{"stream_name":"stdout","time":2158.635158539,"data":"EDGE_TTA_ACTIVE views= 8 mean_abs_feat_delta= 0.334781\n"}
,{"stream_name":"stdout","time":2158.83777457,"data":"EDGE_TTA_ACTIVE views= 8 mean_abs_feat_delta= 0.334781\n"}
,{"stream_name":"stdout","time":2160.105764794,"data":"EDGE_TTA_ACTIVE views= 8 mean_abs_feat_delta= 0.292965\n"}
,{"stream_name":"stdout","time":2160.30835354,"data":"EDGE_TTA_ACTIVE views= 8 mean_abs_feat_delta= 0.292965\n"}
,{"stream_name":"stdout","time":2160.912017588,"data":"EDGE_TTA_ACTIVE views= 8 mean_abs_feat_delta= 0.331889\n"}
,{"stream_name":"stdout","time":2161.114465116,"data":"EDGE_TTA_ACTIVE views= 8 mean_abs_feat_delta= 0.331889\n"}
,{"stream_name":"stdout","time":2162.238256383,"data":"EDGE_TTA_ACTIVE views= 8 mean_abs_feat_delta= 0.287195\n"}
,{"stream_name":"stdout","time":2162.440920202,"data":"EDGE_TTA_ACTIVE views= 8 mean_abs_feat_delta= 0.287195\n"}
,{"stream_name":"stdout","time":2163.206940318,"data":"EDGE_TTA_ACTIVE views= 8 mean_abs_feat_delta= 0.324439\n"}
,{"stream_name":"stdout","time":2163.409247191,"data":"EDGE_TTA_ACTIVE views= 8 mean_abs_feat_delta= 0.324439\n"}
,{"stream_name":"stdout","time":2164.342874543,"data":"EDGE_TTA_ACTIVE views= 8 mean_abs_feat_delta= 0.283498\n"}
,{"stream_name":"stdout","time":2164.545471979,"data":"EDGE_TTA_ACTIVE views= 8 mean_abs_feat_delta= 0.283498\n"}
,{"stream_name":"stdout","time":2165.434063553,"data":"EDGE_TTA_ACTIVE views= 8 mean_abs_feat_delta= 0.320074\n"}
,{"stream_name":"stdout","time":2165.636587768,"data":"EDGE_TTA_ACTIVE views= 8 mean_abs_feat_delta= 0.320074\n"}
,{"stream_name":"stdout","time":2166.423172923,"data":"EDGE_TTA_ACTIVE views= 8 mean_abs_feat_delta= 0.283498\n"}
,{"stream_name":"stdout","time":2166.625305303,"data":"EDGE_TTA_ACTIVE views= 8 mean_abs_feat_delta= 0.283498\n"}
,{"stream_name":"stdout","time":2167.667923058,"data":"EDGE_TTA_ACTIVE views= 8 mean_abs_feat_delta= 0.322734\n"}
,{"stream_name":"stdout","time":2167.870623864,"data":"EDGE_TTA_ACTIVE views= 8 mean_abs_feat_delta= 0.322734\n"}
,{"stream_name":"stdout","time":2168.59463511,"data":"EDGE_TTA_ACTIVE views= 8 mean_abs_feat_delta= 0.283498\n"}
,{"stream_name":"stdout","time":2168.797320213,"data":"EDGE_TTA_ACTIVE views= 8 mean_abs_feat_delta= 0.283498\n"}
,{"stream_name":"stdout","time":2169.93533188,"data":"EDGE_TTA_ACTIVE views= 8 mean_abs_feat_delta= 0.326182\n"}
,{"stream_name":"stdout","time":2170.137954658,"data":"EDGE_TTA_ACTIVE views= 8 mean_abs_feat_delta= 0.326182\n"}
,{"stream_name":"stdout","time":2170.735244943,"data":"EDGE_TTA_ACTIVE views= 8 mean_abs_feat_delta= 0.315338\n"}
,{"stream_name":"stdout","time":2170.937724885,"data":"EDGE_TTA_ACTIVE views= 8 mean_abs_feat_delta= 0.315338\n"}
,{"stream_name":"stdout","time":2172.161956512,"data":"EDGE_TTA_ACTIVE views= 8 mean_abs_feat_delta= 0.327903\n"}
,{"stream_name":"stdout","time":2172.364343207,"data":"EDGE_TTA_ACTIVE views= 8 mean_abs_feat_delta= 0.327903\n"}
,{"stream_name":"stdout","time":2172.85095257,"data":"EDGE_TTA_ACTIVE views= 8 mean_abs_feat_delta= 0.316057\n"}
,{"stream_name":"stdout","time":2173.053455599,"data":"EDGE_TTA_ACTIVE views= 8 mean_abs_feat_delta= 0.316057\n"}
,{"stream_name":"stdout","time":2174.372798141,"data":"EDGE_TTA_ACTIVE views= 8 mean_abs_feat_delta= 0.336297\n"}
,{"stream_name":"stdout","time":2174.575228556,"data":"EDGE_TTA_ACTIVE views= 8 mean_abs_feat_delta= 0.336297\n"}
,{"stream_name":"stdout","time":2174.983788154,"data":"EDGE_TTA_ACTIVE views= 8 mean_abs_feat_delta= 0.289165\n"}
,{"stream_name":"stdout","time":2175.185958672,"data":"EDGE_TTA_ACTIVE views= 8 mean_abs_feat_delta= 0.289165\n"}
,{"stream_name":"stdout","time":2176.64751794,"data":"EDGE_TTA_ACTIVE views= 8 mean_abs_feat_delta= 0.339382\n"}
,{"stream_name":"stdout","time":2176.850049245,"data":"EDGE_TTA_ACTIVE views= 8 mean_abs_feat_delta= 0.339382\n"}
,{"stream_name":"stdout","time":2177.050577637,"data":"EDGE_TTA_ACTIVE views= 8 mean_abs_feat_delta= 0.28309\n"}
,{"stream_name":"stdout","time":2177.25311371,"data":"EDGE_TTA_ACTIVE views= 8 mean_abs_feat_delta= 0.28309\n"}
,{"stream_name":"stdout","time":2178.919967918,"data":"EDGE_TTA_ACTIVE views= 8 mean_abs_feat_delta= 0.333216\n"}
,{"stream_name":"stdout","time":2179.12291453,"data":"EDGE_TTA_ACTIVE views= 8 mean_abs_feat_delta= 0.333216\n"}
,{"stream_name":"stdout","time":2179.196782439,"data":"EDGE_TTA_ACTIVE views= 8 mean_abs_feat_delta= 0.28861\n"}
,{"stream_name":"stdout","time":2179.399366092,"data":"EDGE_TTA_ACTIVE views= 8 mean_abs_feat_delta= 0.28861\n"}
,{"stream_name":"stdout","time":2181.152473818,"data":"EDGE_TTA_ACTIVE views= 8 mean_abs_feat_delta= 0.335556\n"}
,{"stream_name":"stdout","time":2181.332929497,"data":"EDGE_TTA_ACTIVE views= 8 mean_abs_feat_delta= 0.287751\n"}
,{"stream_name":"stdout","time":2181.355182427,"data":"EDGE_TTA_ACTIVE views= 8 mean_abs_feat_delta= 0.335556\n"}
,{"stream_name":"stdout","time":2181.355211833,"data":"EDGE_TTA_ACTIVE views= 8 mean_abs_feat_delta= 0.287751\n"}
,{"stream_name":"stdout","time":2183.344093785,"data":"EDGE_TTA_ACTIVE views= 8 mean_abs_feat_delta= 0.337468\n"}
,{"stream_name":"stdout","time":2183.409090408,"data":"EDGE_TTA_ACTIVE views= 8 mean_abs_feat_delta= 0.285257\n"}
,{"stream_name":"stdout","time":2183.546448033,"data":"EDGE_TTA_ACTIVE views= 8 mean_abs_feat_delta= 0.337468\n"}
,{"stream_name":"stdout","time":2183.546477901,"data":"EDGE_TTA_ACTIVE views= 8 mean_abs_feat_delta= 0.285257\n"}
,{"stream_name":"stdout","time":2185.516718927,"data":"EDGE_TTA_ACTIVE views= 8 mean_abs_feat_delta= 0.288217\n"}
,{"stream_name":"stdout","time":2185.596577603,"data":"EDGE_TTA_ACTIVE views= 8 mean_abs_feat_delta= 0.334122\n"}
,{"stream_name":"stdout","time":2185.720110126,"data":"EDGE_TTA_ACTIVE views= 8 mean_abs_feat_delta= 0.288217\n"}
,{"stream_name":"stdout","time":2185.720148592,"data":"EDGE_TTA_ACTIVE views= 8 mean_abs_feat_delta= 0.334122\n"}
,{"stream_name":"stdout","time":2187.657414367,"data":"EDGE_TTA_ACTIVE views= 8 mean_abs_feat_delta= 0.293359\n"}
,{"stream_name":"stdout","time":2187.870654114,"data":"EDGE_TTA_ACTIVE views= 8 mean_abs_feat_delta= 0.328651\n"}
,{"stream_name":"stdout","time":2187.950607947,"data":"EDGE_TTA_ACTIVE views= 8 mean_abs_feat_delta= 0.293359\n"}
,{"stream_name":"stdout","time":2188.073243566,"data":"EDGE_TTA_ACTIVE views= 8 mean_abs_feat_delta= 0.328651\n"}
,{"stream_name":"stdout","time":2189.743241906,"data":"EDGE_TTA_ACTIVE views= 8 mean_abs_feat_delta= 0.288773\n"}
,{"stream_name":"stdout","time":2189.945747289,"data":"EDGE_TTA_ACTIVE views= 8 mean_abs_feat_delta= 0.288773\n"}
,{"stream_name":"stdout","time":2190.041114536,"data":"EDGE_TTA_ACTIVE views= 8 mean_abs_feat_delta= 0.336868\n"}
,{"stream_name":"stdout","time":2190.243714391,"data":"EDGE_TTA_ACTIVE views= 8 mean_abs_feat_delta= 0.336868\n"}
,{"stream_name":"stdout","time":2191.909777177,"data":"EDGE_TTA_ACTIVE views= 8 mean_abs_feat_delta= 0.2831\n"}
,{"stream_name":"stdout","time":2192.112396238,"data":"EDGE_TTA_ACTIVE views= 8 mean_abs_feat_delta= 0.2831\n"}
,{"stream_name":"stdout","time":2192.241658132,"data":"EDGE_TTA_ACTIVE views= 8 mean_abs_feat_delta= 0.335702\n"}
,{"stream_name":"stdout","time":2192.444286485,"data":"EDGE_TTA_ACTIVE views= 8 mean_abs_feat_delta= 0.335702\n"}
,{"stream_name":"stdout","time":2193.992163983,"data":"EDGE_TTA_ACTIVE views= 8 mean_abs_feat_delta= 0.28566\n"}
,{"stream_name":"stdout","time":2194.194606816,"data":"EDGE_TTA_ACTIVE views= 8 mean_abs_feat_delta= 0.28566\n"}
,{"stream_name":"stdout","time":2194.458314189,"data":"EDGE_TTA_ACTIVE views= 8 mean_abs_feat_delta= 0.334886\n"}
,{"stream_name":"stdout","time":2194.660719068,"data":"EDGE_TTA_ACTIVE views= 8 mean_abs_feat_delta= 0.334886\n"}
,{"stream_name":"stdout","time":2196.043291699,"data":"EDGE_TTA_ACTIVE views= 8 mean_abs_feat_delta= 0.288947\n"}
,{"stream_name":"stdout","time":2196.245755535,"data":"EDGE_TTA_ACTIVE views= 8 mean_abs_feat_delta= 0.288947\n"}
,{"stream_name":"stdout","time":2196.677502264,"data":"EDGE_TTA_ACTIVE views= 8 mean_abs_feat_delta= 0.337301\n"}
,{"stream_name":"stdout","time":2196.880240047,"data":"EDGE_TTA_ACTIVE views= 8 mean_abs_feat_delta= 0.337301\n"}
,{"stream_name":"stdout","time":2198.153995957,"data":"EDGE_TTA_ACTIVE views= 8 mean_abs_feat_delta= 0.290047\n"}
,{"stream_name":"stdout","time":2198.356471626,"data":"EDGE_TTA_ACTIVE views= 8 mean_abs_feat_delta= 0.290047\n"}
,{"stream_name":"stdout","time":2198.919627102,"data":"EDGE_TTA_ACTIVE views= 8 mean_abs_feat_delta= 0.342168\n"}
,{"stream_name":"stdout","time":2199.12186845,"data":"EDGE_TTA_ACTIVE views= 8 mean_abs_feat_delta= 0.342168\n"}
,{"stream_name":"stdout","time":2200.291321573,"data":"EDGE_TTA_ACTIVE views= 8 mean_abs_feat_delta= 0.293125\n"}
,{"stream_name":"stdout","time":2200.494002507,"data":"EDGE_TTA_ACTIVE views= 8 mean_abs_feat_delta= 0.293125\n"}
,{"stream_name":"stdout","time":2201.142006114,"data":"EDGE_TTA_ACTIVE views= 8 mean_abs_feat_delta= 0.343137\n"}
,{"stream_name":"stdout","time":2201.344618849,"data":"EDGE_TTA_ACTIVE views= 8 mean_abs_feat_delta= 0.343137\n"}
,{"stream_name":"stdout","time":2202.378932765,"data":"EDGE_TTA_ACTIVE views= 8 mean_abs_feat_delta= 0.295461\n"}
,{"stream_name":"stdout","time":2202.581364275,"data":"EDGE_TTA_ACTIVE views= 8 mean_abs_feat_delta= 0.295461\n"}
,{"stream_name":"stdout","time":2203.422612275,"data":"EDGE_TTA_ACTIVE views= 8 mean_abs_feat_delta= 0.338761\n"}
,{"stream_name":"stdout","time":2203.625415891,"data":"EDGE_TTA_ACTIVE views= 8 mean_abs_feat_delta= 0.338761\n"}
,{"stream_name":"stdout","time":2204.525510174,"data":"EDGE_TTA_ACTIVE views= 8 mean_abs_feat_delta= 0.294354\n"}
,{"stream_name":"stdout","time":2204.72783178,"data":"EDGE_TTA_ACTIVE views= 8 mean_abs_feat_delta= 0.294354\n"}
,{"stream_name":"stdout","time":2205.59725674,"data":"EDGE_TTA_ACTIVE views= 8 mean_abs_feat_delta= 0.338145\n"}
,{"stream_name":"stdout","time":2205.799977036,"data":"EDGE_TTA_ACTIVE views= 8 mean_abs_feat_delta= 0.338145\n"}
,{"stream_name":"stdout","time":2206.674562422,"data":"EDGE_TTA_ACTIVE views= 8 mean_abs_feat_delta= 0.290361\n"}
,{"stream_name":"stdout","time":2206.877008685,"data":"EDGE_TTA_ACTIVE views= 8 mean_abs_feat_delta= 0.290361\n"}
,{"stream_name":"stdout","time":2207.909176494,"data":"EDGE_TTA_ACTIVE views= 8 mean_abs_feat_delta= 0.334551\n"}
,{"stream_name":"stdout","time":2208.111587762,"data":"EDGE_TTA_ACTIVE views= 8 mean_abs_feat_delta= 0.334551\n"}
,{"stream_name":"stdout","time":2208.794489953,"data":"EDGE_TTA_ACTIVE views= 8 mean_abs_feat_delta= 0.290141\n"}
,{"stream_name":"stdout","time":2208.996837699,"data":"EDGE_TTA_ACTIVE views= 8 mean_abs_feat_delta= 0.290141\n"}
,{"stream_name":"stdout","time":2210.170098216,"data":"EDGE_TTA_ACTIVE views= 8 mean_abs_feat_delta= 0.331854\n"}
,{"stream_name":"stdout","time":2210.372641804,"data":"EDGE_TTA_ACTIVE views= 8 mean_abs_feat_delta= 0.331854\n"}
,{"stream_name":"stdout","time":2210.885903439,"data":"EDGE_TTA_ACTIVE views= 8 mean_abs_feat_delta= 0.292561\n"}
,{"stream_name":"stdout","time":2211.088579459,"data":"EDGE_TTA_ACTIVE views= 8 mean_abs_feat_delta= 0.292561\n"}
,{"stream_name":"stdout","time":2212.975733353,"data":"EDGE_TTA_ACTIVE views= 8 mean_abs_feat_delta= 0.288988\n"}
,{"stream_name":"stdout","time":2213.178297424,"data":"EDGE_TTA_ACTIVE views= 8 mean_abs_feat_delta= 0.288988\n"}
,{"stream_name":"stdout","time":2215.115602426,"data":"EDGE_TTA_ACTIVE views= 8 mean_abs_feat_delta= 0.294653\n"}
,{"stream_name":"stdout","time":2215.318766534,"data":"EDGE_TTA_ACTIVE views= 8 mean_abs_feat_delta= 0.294653\n"}
,{"stream_name":"stdout","time":2217.30184427,"data":"EDGE_TTA_ACTIVE views= 8 mean_abs_feat_delta= 0.296121\n"}
,{"stream_name":"stdout","time":2217.504211371,"data":"EDGE_TTA_ACTIVE views= 8 mean_abs_feat_delta= 0.296121\n"}
,{"stream_name":"stdout","time":2219.457593516,"data":"EDGE_TTA_ACTIVE views= 8 mean_abs_feat_delta= 0.296872\n"}
,{"stream_name":"stdout","time":2219.753108289,"data":"EDGE_TTA_ACTIVE views= 8 mean_abs_feat_delta= 0.296872\n"}
,{"stream_name":"stdout","time":2221.646694283,"data":"EDGE_TTA_ACTIVE views= 8 mean_abs_feat_delta= 0.294509\n"}
,{"stream_name":"stdout","time":2221.849445749,"data":"EDGE_TTA_ACTIVE views= 8 mean_abs_feat_delta= 0.294509\n"}
,{"stream_name":"stdout","time":2223.804071508,"data":"EDGE_TTA_ACTIVE views= 8 mean_abs_feat_delta= 0.288279\n"}
,{"stream_name":"stdout","time":2224.006770295,"data":"EDGE_TTA_ACTIVE views= 8 mean_abs_feat_delta= 0.288279\n"}
,{"stream_name":"stdout","time":2225.944893153,"data":"EDGE_TTA_ACTIVE views= 8 mean_abs_feat_delta= 0.289803\n"}
,{"stream_name":"stdout","time":2226.147674938,"data":"EDGE_TTA_ACTIVE views= 8 mean_abs_feat_delta= 0.289803\n"}
,{"stream_name":"stdout","time":2228.092781442,"data":"EDGE_TTA_ACTIVE views= 8 mean_abs_feat_delta= 0.292365\n"}
,{"stream_name":"stdout","time":2228.295609834,"data":"EDGE_TTA_ACTIVE views= 8 mean_abs_feat_delta= 0.292365\n"}
,{"stream_name":"stdout","time":2230.221225742,"data":"EDGE_TTA_ACTIVE views= 8 mean_abs_feat_delta= 0.29779\n"}
,{"stream_name":"stdout","time":2230.423841228,"data":"EDGE_TTA_ACTIVE views= 8 mean_abs_feat_delta= 0.29779\n"}
,{"stream_name":"stdout","time":2232.368532286,"data":"EDGE_TTA_ACTIVE views= 8 mean_abs_feat_delta= 0.294017\n"}
,{"stream_name":"stdout","time":2232.571228817,"data":"EDGE_TTA_ACTIVE views= 8 mean_abs_feat_delta= 0.294017\n"}
,{"stream_name":"stdout","time":2234.592607844,"data":"EDGE_TTA_ACTIVE views= 8 mean_abs_feat_delta= 0.297003\n"}
,{"stream_name":"stdout","time":2234.795398941,"data":"EDGE_TTA_ACTIVE views= 8 mean_abs_feat_delta= 0.297003\n"}
,{"stream_name":"stdout","time":2236.832383615,"data":"EDGE_TTA_ACTIVE views= 8 mean_abs_feat_delta= 0.301009\n"}
,{"stream_name":"stdout","time":2237.034961587,"data":"EDGE_TTA_ACTIVE views= 8 mean_abs_feat_delta= 0.301009\n"}
,{"stream_name":"stdout","time":2238.688195059,"data":"EDGE_TTA_ACTIVE views= 8 mean_abs_feat_delta= 0.293417\n"}
,{"stream_name":"stdout","time":2238.890744138,"data":"EDGE_TTA_ACTIVE views= 8 mean_abs_feat_delta= 0.293417\n"}
,{"stream_name":"stdout","time":2239.017995875,"data":"EDGE_TTA_ACTIVE views= 8 mean_abs_feat_delta= 0.301776\n"}
,{"stream_name":"stdout","time":2239.220210413,"data":"EDGE_TTA_ACTIVE views= 8 mean_abs_feat_delta= 0.301776\n"}
,{"stream_name":"stdout","time":2239.752619132,"data":"PUBLIC946_GPU_SMOKE {\"arm\": \"B0\", \"association\": {\"actual_primary_logits_after_original_harmonic_fusion\": {\"all_finite\": true, \"device\": \"cuda:0\", \"dtype\": \"torch.float32\", \"numel\": 134689, \"shape\": [1, 367, 367], \"stride\": [134689, 367, 1]}, \"actual_secondary_feature_consumed\": true, \"actual_secondary_logits\": {\"all_finite\": true, \"device\": \"cuda:0\", \"dtype\": \"torch.float32\", \"numel\": 134689, \"shape\": [1, 367, 367], \"stride\": [134689, 367, 1]}, \"coordinate_grid\": {\"downsample\": [1.0, 4.0, 4.0], \"source\": {\"device\": \"cuda:0\", \"dtype\": \"torch.float32\", \"numel\": 1101, \"shape\": [1, 367, 3], \"stride\": [367, 1, 367]}, \"target\": {\"device\": \"cuda:0\", \"dtype\": \"torch.float32\", \"numel\": 1101, \"shape\": [1, 367, 3], \"stride\": [367, 1, 367]}}, \"diagnostic_edge_head_calls\": 1, \"diagnostic_encoder_calls\": 0, \"diagnostic_probabilities_used_in_production\": false, \"diagnostic_seconds\": 0.015657960000226012, \"frame_pair_index\": 0, \"primary_source_sampled_features\": {\"all_finite\": true, \"device\": \"cuda:0\", \"dtype\": \"torch.float32\", \"numel\": 11744, \"shape\": [1, 367, 32], \"stride\": [11744, 32, 1]}, \"primary_target_sampled_features\": {\"all_finite\": true, \"device\": \"cuda:0\", \"dtype\": \"torch.float32\", \"numel\": 11744, \"shape\": [1, 367, 32], \"stride\": [11744, 32, 1]}, \"probability_comparison_stage\": \"secondary edge-head softmax over parents, before original calibration and low-margin mixing\", \"probability_delta_vs_single_pass_same_coordinates\": {\"sample_elements\": 65536, \"sample_equal\": true, \"sample_max_abs_delta\": 0.0, \"sample_mean_abs_delta\": 0.0, \"sample_stride\": 2}, \"production_calls\": 1, \"same_low_margin_config\": {\"secondary_detection_weight\": 0.8, \"secondary_edge_weight\": 0.15, \"secondary_link_mode\": \"low_margin_consensus\"}, \"source_delta_vs_single_pass\": {\"sample_elements\": 11744, \"sample_equal\": true, \"sample_max_abs_delta\": 0.0, \"sample_mean_abs_delta\": 0.0, \"sample_stride\": 1}, \"source_sampled_features\": {\"all_finite\": true, \"device\": \"cuda:0\", \"dtype\": \"torch.float32\", \"numel\": 11744, \"shape\": [1, 367, 32], \"stride\": [11744, 32, 1]}, \"target_delta_vs_single_pass\": {\"sample_elements\": 11744, \"sample_equal\": true, \"sample_max_abs_delta\": 0.0, \"sample_mean_abs_delta\": 0.0, \"sample_stride\": 1}, \"target_sampled_features\": {\"all_finite\": true, \"device\": \"cuda:0\", \"dtype\": \"torch.float32\", \"numel\": 11744, \"shape\": [1, 367, 32], \"stride\": [11744, 32, 1]}}, \"association_calls\": 1, \"config\": {\"secondary_detection_weight\": 0.8, \"secondary_edge_weight\": 0.15, \"secondary_link_mode\": \"low_margin_consensus\"}, \"consumed_features\": {\"primary\": {\"all_finite\": true, \"delta_vs_single_pass\": {\"sample_elements\": 65536, \"sample_equal\": false, \"sample_max_abs_delta\": 1.5725224018096924, \"sample_mean_abs_delta\": 0.2954760193824768, \"sample_stride\": 256}, \"device\": \"cuda:0\", \"dtype\": \"torch.float32\", \"numel\": 16777216, \"original_encoded_feature_sample_unchanged\": true, \"same_storage_as_original\": false, \"shape\": [1, 2, 32, 64, 64, 64], \"single_pass\": {\"device\": \"cuda:0\", \"dtype\": \"torch.float32\", \"numel\": 16777216, \"shape\": [1, 2, 32, 64, 64, 64], \"stride\": [16777216, 8388608, 262144, 4096, 64, 1]}, \"stride\": [16777216, 8388608, 262144, 4096, 64, 1]}, \"secondary\": {\"all_finite\": true, \"delta_vs_single_pass\": {\"sample_elements\": 65536, \"sample_equal\": true, \"sample_max_abs_delta\": 0.0, \"sample_mean_abs_delta\": 0.0, \"sample_stride\": 256}, \"device\": \"cuda:0\", \"dtype\": \"torch.float32\", \"numel\": 16777216, \"original_encoded_feature_sample_unchanged\": true, \"same_storage_as_original\": true, \"shape\": [1, 2, 32, 64, 64, 64], \"single_pass\": {\"device\": \"cuda:0\", \"dtype\": \"torch.float32\", \"numel\": 16777216, \"shape\": [1, 2, 32, 64, 64, 64], \"stride\": [16777216, 8388608, 262144, 4096, 64, 1]}, \"stride\": [16777216, 8388608, 262144, 4096, 64, 1]}}, \"consumed_heatmaps\": [{\"all_finite\": true, \"device\": \"cuda:0\", \"dtype\": \"torch.float32\", \"numel\": 262144, \"shape\": [1, 1, 64, 64, 64], \"stride\": [262144, 262144, 4096, 64, 1]}, {\"all_finite\": true, \"device\": \"cuda:0\", \"dtype\": \"torch.float32\", \"numel\": 262144, \"shape\": [1, 1, 64, 64, 64], \"stride\": [262144, 262144, 4096, 64, 1]}], \"cuda_peak_allocated_bytes_process\": 728221696, \"cuda_peak_reserved_bytes_process\": 977272832, \"dataset\": \"6bba_09961292\", \"encode_calls\": {\"primary\": 8, \"secondary\": 8}, \"encode_seconds\": {\"primary\": 1.0231137870005114, \"secondary\": 0.9622655719999784}, \"encode_views\": [{\"feature\": {\"device\": \"cuda:0\", \"dtype\": \"torch.float32\", \"numel\": 16777216, \"shape\": [1, 2, 32, 64, 64, 64], \"stride\": [16777216, 8388608, 262144, 4096, 64, 1]}, \"heatmap0\": {\"device\": \"cuda:0\", \"dtype\": \"torch.float32\", \"numel\": 262144, \"shape\": [1, 1, 64, 64, 64], \"stride\": [262144, 262144, 4096, 64, 1]}, \"input\": {\"device\": \"cuda:0\", \"dtype\": \"torch.float32\", \"numel\": 524288, \"shape\": [1, 2, 64, 64, 64], \"stride\": [524288, 262144, 4096, 64, 1]}, \"pass\": 1, \"role\": \"primary\"}, {\"feature\": {\"device\": \"cuda:0\", \"dtype\": \"torch.float32\", \"numel\": 16777216, \"shape\": [1, 2, 32, 64, 64, 64], \"stride\": [16777216, 8388608, 262144, 4096, 64, 1]}, \"heatmap0\": {\"device\": \"cuda:0\", \"dtype\": \"torch.float32\", \"numel\": 262144, \"shape\": [1, 1, 64, 64, 64], \"stride\": [262144, 262144, 4096, 64, 1]}, \"input\": {\"device\": \"cuda:0\", \"dtype\": \"torch.float32\", \"numel\": 524288, \"shape\": [1, 2, 64, 64, 64], \"stride\": [524288, 262144, 4096, 64, 1]}, \"pass\": 2, \"role\": \"primary\"}, {\"feature\": {\"device\": \"cuda:0\", \"dtype\": \"torch.float32\", \"numel\": 16777216, \"shape\": [1, 2, 32, 64, 64, 64], \"stride\": [16777216, 8388608, 262144, 4096, 64, 1]}, \"heatmap0\": {\"device\": \"cuda:0\", \"dtype\": \"torch.float32\", \"numel\": 262144, \"shape\": [1, 1, 64, 64, 64], \"stride\": [262144, 262144, 4096, 64, 1]}, \"input\": {\"device\": \"cuda:0\", \"dtype\": \"torch.float32\", \"numel\": 524288, \"shape\": [1, 2, 64, 64, 64], \"stride\": [524288, 262144, 4096, 64, 1]}, \"pass\": 3, \"role\": \"primary\"}, {\"feature\": {\"device\": \"cuda:0\", \"dtype\": \"torch.float32\", \"numel\": 16777216, \"shape\": [1, 2, 32, 64, 64, 64], \"stride\": [16777216, 8388608, 262144, 4096, 64, 1]}, \"heatmap0\": {\"device\": \"cuda:0\", \"dtype\": \"torch.float32\", \"numel\": 262144, \"shape\": [1, 1, 64, 64, 64], \"stride\": [262144, 262144, 4096, 64, 1]}, \"input\": {\"device\": \"cuda:0\", \"dtype\": \"torch.float32\", \"numel\": 524288, \"shape\": [1, 2, 64, 64, 64], \"stride\": [524288, 262144, 4096, 64, 1]}, \"pass\": 4, \"role\": \"primary\"}, {\"feature\": {\"device\": \"cuda:0\", \"dtype\": \"torch.float32\", \"numel\": 16777216, \"shape\": [1, 2, 32, 64, 64, 64], \"stride\": [16777216, 8388608, 262144, 4096, 64, 1]}, \"heatmap0\": {\"device\": \"cuda:0\", \"dtype\": \"torch.float32\", \"numel\": 262144, \"shape\": [1, 1, 64, 64, 64], \"stride\": [262144, 262144, 4096, 64, 1]}, \"input\": {\"device\": \"cuda:0\", \"dtype\": \"torch.float32\", \"numel\": 524288, \"shape\": [1, 2, 64, 64, 64], \"stride\": [524288, 262144, 4096, 1, 64]}, \"pass\": 5, \"role\": \"primary\"}, {\"feature\": {\"device\": \"cuda:0\", \"dtype\": \"torch.float32\", \"numel\": 16777216, \"shape\": [1, 2, 32, 64, 64, 64], \"stride\": [16777216, 8388608, 262144, 4096, 64, 1]}, \"heatmap0\": {\"device\": \"cuda:0\", \"dtype\": \"torch.float32\", \"numel\": 262144, \"shape\": [1, 1, 64, 64, 64], \"stride\": [262144, 262144, 4096, 64, 1]}, \"input\": {\"device\": \"cuda:0\", \"dtype\": \"torch.float32\", \"numel\": 524288, \"shape\": [1, 2, 64, 64, 64], \"stride\": [524288, 262144, 4096, 1, 64]}, \"pass\": 6, \"role\": \"primary\"}, {\"feature\": {\"device\": \"cuda:0\", \"dtype\": \"torch.float32\", \"numel\": 16777216, \"shape\": [1, 2, 32, 64, 64, 64], \"stride\": [16777216, 8388608, 262144, 4096, 64, 1]}, \"heatmap0\": {\"device\": \"cuda:0\", \"dtype\": \"torch.float32\", \"numel\": 262144, \"shape\": [1, 1, 64, 64, 64], \"stride\": [262144, 262144, 4096, 64, 1]}, \"input\": {\"device\": \"cuda:0\", \"dtype\": \"torch.float32\", \"numel\": 524288, \"shape\": [1, 2, 64, 64, 64], \"stride\": [524288, 262144, 4096, 1, 64]}, \"pass\": 7, \"role\": \"primary\"}, {\"feature\": {\"device\": \"cuda:0\", \"dtype\": \"torch.float32\", \"numel\": 16777216, \"shape\": [1, 2, 32, 64, 64, 64], \"stride\": [16777216, 8388608, 262144, 4096, 64, 1]}, \"heatmap0\": {\"device\": \"cuda:0\", \"dtype\": \"torch.float32\", \"numel\": 262144, \"shape\": [1, 1, 64, 64, 64], \"stride\": [262144, 262144, 4096, 64, 1]}, \"input\": {\"device\": \"cuda:0\", \"dtype\": \"torch.float32\", \"numel\": 524288, \"shape\": [1, 2, 64, 64, 64], \"stride\": [524288, 262144, 4096, 64, 1]}, \"pass\": 8, \"role\": \"primary\"}, {\"feature\": {\"device\": \"cuda:0\", \"dtype\": \"torch.float32\", \"numel\": 16777216, \"shape\": [1, 2, 32, 64, 64, 64], \"stride\": [16777216, 8388608, 262144, 4096, 64, 1]}, \"heatmap0\": {\"device\": \"cuda:0\", \"dtype\": \"torch.float32\", \"numel\": 262144, \"shape\": [1, 1, 64, 64, 64], \"stride\": [262144, 262144, 4096, 64, 1]}, \"input\": {\"device\": \"cuda:0\", \"dtype\": \"torch.float32\", \"numel\": 524288, \"shape\": [1, 2, 64, 64, 64], \"stride\": [524288, 262144, 4096, 64, 1]}, \"pass\": 1, \"role\": \"secondary\"}, {\"feature\": {\"device\": \"cuda:0\", \"dtype\": \"torch.float32\", \"numel\": 16777216, \"shape\": [1, 2, 32, 64, 64, 64], \"stride\": [16777216, 8388608, 262144, 4096, 64, 1]}, \"heatmap0\": {\"device\": \"cuda:0\", \"dtype\": \"torch.float32\", \"numel\": 262144, \"shape\": [1, 1, 64, 64, 64], \"stride\": [262144, 262144, 4096, 64, 1]}, \"input\": {\"device\": \"cuda:0\", \"dtype\": \"torch.float32\", \"numel\": 524288, \"shape\": [1, 2, 64, 64, 64], \"stride\": [524288, 262144, 4096, 64, 1]}, \"pass\": 2, \"role\": \"secondary\"}, {\"feature\": {\"device\": \"cuda:0\", \"dtype\": \"torch.float32\", \"numel\": 16777216, \"shape\": [1, 2, 32, 64, 64, 64], \"stride\": [16777216, 8388608, 262144, 4096, 64, 1]}, \"heatmap0\": {\"device\": \"cuda:0\", \"dtype\": \"torch.float32\", \"numel\": 262144, \"shape\": [1, 1, 64, 64, 64], \"stride\": [262144, 262144, 4096, 64, 1]}, \"input\": {\"device\": \"cuda:0\", \"dtype\": \"torch.float32\", \"numel\": 524288, \"shape\": [1, 2, 64, 64, 64], \"stride\": [524288, 262144, 4096, 64, 1]}, \"pass\": 3, \"role\": \"secondary\"}, {\"feature\": {\"device\": \"cuda:0\", \"dtype\": \"torch.float32\", \"numel\": 16777216, \"shape\": [1, 2, 32, 64, 64, 64], \"stride\": [16777216, 8388608, 262144, 4096, 64, 1]}, \"heatmap0\": {\"device\": \"cuda:0\", \"dtype\": \"torch.float32\", \"numel\": 262144, \"shape\": [1, 1, 64, 64, 64], \"stride\": [262144, 262144, 4096, 64, 1]}, \"input\": {\"device\": \"cuda:0\", \"dtype\": \"torch.float32\", \"numel\": 524288, \"shape\": [1, 2, 64, 64, 64], \"stride\": [524288, 262144, 4096, 64, 1]}, \"pass\": 4, \"role\": \"secondary\"}, {\"feature\": {\"device\": \"cuda:0\", \"dtype\": \"torch.float32\", \"numel\": 16777216, \"shape\": [1, 2, 32, 64, 64, 64], \"stride\": [16777216, 8388608, 262144, 4096, 64, 1]}, \"heatmap0\": {\"device\": \"cuda:0\", \"dtype\": \"torch.float32\", \"numel\": 262144, \"shape\": [1, 1, 64, 64, 64], \"stride\": [262144, 262144, 4096, 64, 1]}, \"input\": {\"device\": \"cuda:0\", \"dtype\": \"torch.float32\", \"numel\": 524288, \"shape\": [1, 2, 64, 64, 64], \"stride\": [524288, 262144, 4096, 1, 64]}, \"pass\": 5, \"role\": \"secondary\"}, {\"feature\": {\"device\": \"cuda:0\", \"dtype\": \"torch.float32\", \"numel\": 16777216, \"shape\": [1, 2, 32, 64, 64, 64], \"stride\": [16777216, 8388608, 262144, 4096, 64, 1]}, \"heatmap0\": {\"device\": \"cuda:0\", \"dtype\": \"torch.float32\", \"numel\": 262144, \"shape\": [1, 1, 64, 64, 64], \"stride\": [262144, 262144, 4096, 64, 1]}, \"input\": {\"device\": \"cuda:0\", \"dtype\": \"torch.float32\", \"numel\": 524288, \"shape\": [1, 2, 64, 64, 64], \"stride\": [524288, 262144, 4096, 1, 64]}, \"pass\": 6, \"role\": \"secondary\"}, {\"feature\": {\"device\": \"cuda:0\", \"dtype\": \"torch.float32\", \"numel\": 16777216, \"shape\": [1, 2, 32, 64, 64, 64], \"stride\": [16777216, 8388608, 262144, 4096, 64, 1]}, \"heatmap0\": {\"device\": \"cuda:0\", \"dtype\": \"torch.float32\", \"numel\": 262144, \"shape\": [1, 1, 64, 64, 64], \"stride\": [262144, 262144, 4096, 64, 1]}, \"input\": {\"device\": \"cuda:0\", \"dtype\": \"torch.float32\", \"numel\": 524288, \"shape\": [1, 2, 64, 64, 64], \"stride\": [524288, 262144, 4096, 1, 64]}, \"pass\": 7, \"role\": \"secondary\"}, {\"feature\": {\"device\": \"cuda:0\", \"dtype\": \"torch.float32\", \"numel\": 16777216, \"shape\": [1, 2, 32, 64, 64, 64], \"stride\": [16777216, 8388608, 262144, 4096, 64, 1]}, \"heatmap0\": {\"device\": \"cuda:0\", \"dtype\": \"torch.float32\", \"numel\": 262144, \"shape\": [1, 1, 64, 64, 64], \"stride\": [262144, 262144, 4096, 64, 1]}, \"input\": {\"device\": \"cuda:0\", \"dtype\": \"torch.float32\", \"numel\": 524288, \"shape\": [1, 2, 64, 64, 64], \"stride\": [524288, 262144, 4096, 64, 1]}, \"pass\": 8, \"role\": \"secondary\"}], \"event\": \"actual_predictor_window\", \"frames\": [0, 1], \"input\": {\"all_finite\": true, \"device\": \"cuda:0\", \"dtype\": \"torch.float32\", \"numel\": 524288, \"shape\": [1, 2, 64, 64, 64], \"stride\": [524288, 262144, 4096, 64, 1]}, \"input_parent\": \"/kaggle/input/competitions/biohub-cell-tracking-during-development/train\", \"seconds_including_common_audit\": 2.102574969000216, \"window_index\": 1, \"worker_execution_settings\": {\"autocast_enabled\": false, \"cuda_runtime\": \"12.8\", \"cudnn_allow_tf32\": true, \"cudnn_benchmark\": false, \"cudnn_deterministic\": false, \"default_dtype\": \"torch.float32\", \"deterministic_algorithms\": false, \"float32_matmul_precision\": \"highest\", \"gpu_name\": \"Tesla T4\", \"grad_enabled\": false, \"matmul_allow_tf32\": false, \"torch_initial_seed\": 5360244454392065974, \"torch_version\": \"2.10.0+cu128\"}}\n"}
,{"stream_name":"stdout","time":2239.955617014,"data":"PUBLIC946_GPU_SMOKE {\"arm\": \"B0\", \"association\": {\"actual_primary_logits_after_original_harmonic_fusion\": {\"all_finite\": true, \"device\": \"cuda:0\", \"dtype\": \"torch.float32\", \"numel\": 134689, \"shape\": [1, 367, 367], \"stride\": [134689, 367, 1]}, \"actual_secondary_feature_consumed\": true, \"actual_secondary_logits\": {\"all_finite\": true, \"device\": \"cuda:0\", \"dtype\": \"torch.float32\", \"numel\": 134689, \"shape\": [1, 367, 367], \"stride\": [134689, 367, 1]}, \"coordinate_grid\": {\"downsample\": [1.0, 4.0, 4.0], \"source\": {\"device\": \"cuda:0\", \"dtype\": \"torch.float32\", \"numel\": 1101, \"shape\": [1, 367, 3], \"stride\": [367, 1, 367]}, \"target\": {\"device\": \"cuda:0\", \"dtype\": \"torch.float32\", \"numel\": 1101, \"shape\": [1, 367, 3], \"stride\": [367, 1, 367]}}, \"diagnostic_edge_head_calls\": 1, \"diagnostic_encoder_calls\": 0, \"diagnostic_probabilities_used_in_production\": false, \"diagnostic_seconds\": 0.015657960000226012, \"frame_pair_index\": 0, \"primary_source_sampled_features\": {\"all_finite\": true, \"device\": \"cuda:0\", \"dtype\": \"torch.float32\", \"numel\": 11744, \"shape\": [1, 367, 32], \"stride\": [11744, 32, 1]}, \"primary_target_sampled_features\": {\"all_finite\": true, \"device\": \"cuda:0\", \"dtype\": \"torch.float32\", \"numel\": 11744, \"shape\": [1, 367, 32], \"stride\": [11744, 32, 1]}, \"probability_comparison_stage\": \"secondary edge-head softmax over parents, before original calibration and low-margin mixing\", \"probability_delta_vs_single_pass_same_coordinates\": {\"sample_elements\": 65536, \"sample_equal\": true, \"sample_max_abs_delta\": 0.0, \"sample_mean_abs_delta\": 0.0, \"sample_stride\": 2}, \"production_calls\": 1, \"same_low_margin_config\": {\"secondary_detection_weight\": 0.8, \"secondary_edge_weight\": 0.15, \"secondary_link_mode\": \"low_margin_consensus\"}, \"source_delta_vs_single_pass\": {\"sample_elements\": 11744, \"sample_equal\": true, \"sample_max_abs_delta\": 0.0, \"sample_mean_abs_delta\": 0.0, \"sample_stride\": 1}, \"source_sampled_features\": {\"all_finite\": true, \"device\": \"cuda:0\", \"dtype\": \"torch.float32\", \"numel\": 11744, \"shape\": [1, 367, 32], \"stride\": [11744, 32, 1]}, \"target_delta_vs_single_pass\": {\"sample_elements\": 11744, \"sample_equal\": true, \"sample_max_abs_delta\": 0.0, \"sample_mean_abs_delta\": 0.0, \"sample_stride\": 1}, \"target_sampled_features\": {\"all_finite\": true, \"device\": \"cuda:0\", \"dtype\": \"torch.float32\", \"numel\": 11744, \"shape\": [1, 367, 32], \"stride\": [11744, 32, 1]}}, \"association_calls\": 1, \"config\": {\"secondary_detection_weight\": 0.8, \"secondary_edge_weight\": 0.15, \"secondary_link_mode\": \"low_margin_consensus\"}, \"consumed_features\": {\"primary\": {\"all_finite\": true, \"delta_vs_single_pass\": {\"sample_elements\": 65536, \"sample_equal\": false, \"sample_max_abs_delta\": 1.5725224018096924, \"sample_mean_abs_delta\": 0.2954760193824768, \"sample_stride\": 256}, \"device\": \"cuda:0\", \"dtype\": \"torch.float32\", \"numel\": 16777216, \"original_encoded_feature_sample_unchanged\": true, \"same_storage_as_original\": false, \"shape\": [1, 2, 32, 64, 64, 64], \"single_pass\": {\"device\": \"cuda:0\", \"dtype\": \"torch.float32\", \"numel\": 16777216, \"shape\": [1, 2, 32, 64, 64, 64], \"stride\": [16777216, 8388608, 262144, 4096, 64, 1]}, \"stride\": [16777216, 8388608, 262144, 4096, 64, 1]}, \"secondary\": {\"all_finite\": true, \"delta_vs_single_pass\": {\"sample_elements\": 65536, \"sample_equal\": true, \"sample_max_abs_delta\": 0.0, \"sample_mean_abs_delta\": 0.0, \"sample_stride\": 256}, \"device\": \"cuda:0\", \"dtype\": \"torch.float32\", \"numel\": 16777216, \"original_encoded_feature_sample_unchanged\": true, \"same_storage_as_original\": true, \"shape\": [1, 2, 32, 64, 64, 64], \"single_pass\": {\"device\": \"cuda:0\", \"dtype\": \"torch.float32\", \"numel\": 16777216, \"shape\": [1, 2, 32, 64, 64, 64], \"stride\": [16777216, 8388608, 262144, 4096, 64, 1]}, \"stride\": [16777216, 8388608, 262144, 4096, 64, 1]}}, \"consumed_heatmaps\": [{\"all_finite\": true, \"device\": \"cuda:0\", \"dtype\": \"torch.float32\", \"numel\": 262144, \"shape\": [1, 1, 64, 64, 64], \"stride\": [262144, 262144, 4096, 64, 1]}, {\"all_finite\": true, \"device\": \"cuda:0\", \"dtype\": \"torch.float32\", \"numel\": 262144, \"shape\": [1, 1, 64, 64, 64], \"stride\": [262144, 262144, 4096, 64, 1]}], \"cuda_peak_allocated_bytes_process\": 728221696, \"cuda_peak_reserved_bytes_process\": 977272832, \"dataset\": \"6bba_09961292\", \"encode_calls\": {\"primary\": 8, \"secondary\": 8}, \"encode_seconds\": {\"primary\": 1.0231137870005114, \"secondary\": 0.9622655719999784}, \"encode_views\": [{\"feature\": {\"device\": \"cuda:0\", \"dtype\": \"torch.float32\", \"numel\": 16777216, \"shape\": [1, 2, 32, 64, 64, 64], \"stride\": [16777216, 8388608, 262144, 4096, 64, 1]}, \"heatmap0\": {\"device\": \"cuda:0\", \"dtype\": \"torch.float32\", \"numel\": 262144, \"shape\": [1, 1, 64, 64, 64], \"stride\": [262144, 262144, 4096, 64, 1]}, \"input\": {\"device\": \"cuda:0\", \"dtype\": \"torch.float32\", \"numel\": 524288, \"shape\": [1, 2, 64, 64, 64], \"stride\": [524288, 262144, 4096, 64, 1]}, \"pass\": 1, \"role\": \"primary\"}, {\"feature\": {\"device\": \"cuda:0\", \"dtype\": \"torch.float32\", \"numel\": 16777216, \"shape\": [1, 2, 32, 64, 64, 64], \"stride\": [16777216, 8388608, 262144, 4096, 64, 1]}, \"heatmap0\": {\"device\": \"cuda:0\", \"dtype\": \"torch.float32\", \"numel\": 262144, \"shape\": [1, 1, 64, 64, 64], \"stride\": [262144, 262144, 4096, 64, 1]}, \"input\": {\"device\": \"cuda:0\", \"dtype\": \"torch.float32\", \"numel\": 524288, \"shape\": [1, 2, 64, 64, 64], \"stride\": [524288, 262144, 4096, 64, 1]}, \"pass\": 2, \"role\": \"primary\"}, {\"feature\": {\"device\": \"cuda:0\", \"dtype\": \"torch.float32\", \"numel\": 16777216, \"shape\": [1, 2, 32, 64, 64, 64], \"stride\": [16777216, 8388608, 262144, 4096, 64, 1]}, \"heatmap0\": {\"device\": \"cuda:0\", \"dtype\": \"torch.float32\", \"numel\": 262144, \"shape\": [1, 1, 64, 64, 64], \"stride\": [262144, 262144, 4096, 64, 1]}, \"input\": {\"device\": \"cuda:0\", \"dtype\": \"torch.float32\", \"numel\": 524288, \"shape\": [1, 2, 64, 64, 64], \"stride\": [524288, 262144, 4096, 64, 1]}, \"pass\": 3, \"role\": \"primary\"}, {\"feature\": {\"device\": \"cuda:0\", \"dtype\": \"torch.float32\", \"numel\": 16777216, \"shape\": [1, 2, 32, 64, 64, 64], \"stride\": [16777216, 8388608, 262144, 4096, 64, 1]}, \"heatmap0\": {\"device\": \"cuda:0\", \"dtype\": \"torch.float32\", \"numel\": 262144, \"shape\": [1, 1, 64, 64, 64], \"stride\": [262144, 262144, 4096, 64, 1]}, \"input\": {\"device\": \"cuda:0\", \"dtype\": \"torch.float32\", \"numel\": 524288, \"shape\": [1, 2, 64, 64, 64], \"stride\": [524288, 262144, 4096, 64, 1]}, \"pass\": 4, \"role\": \"primary\"}, {\"feature\": {\"device\": \"cuda:0\", \"dtype\": \"torch.float32\", \"numel\": 16777216, \"shape\": [1, 2, 32, 64, 64, 64], \"stride\": [16777216, 8388608, 262144, 4096, 64, 1]}, \"heatmap0\": {\"device\": \"cuda:0\", \"dtype\": \"torch.float32\", \"numel\": 262144, \"shape\": [1, 1, 64, 64, 64], \"stride\": [262144, 262144, 4096, 64, 1]}, \"input\": {\"device\": \"cuda:0\", \"dtype\": \"torch.float32\", \"numel\": 524288, \"shape\": [1, 2, 64, 64, 64], \"stride\": [524288, 262144, 4096, 1, 64]}, \"pass\": 5, \"role\": \"primary\"}, {\"feature\": {\"device\": \"cuda:0\", \"dtype\": \"torch.float32\", \"numel\": 16777216, \"shape\": [1, 2, 32, 64, 64, 64], \"stride\": [16777216, 8388608, 262144, 4096, 64, 1]}, \"heatmap0\": {\"device\": \"cuda:0\", \"dtype\": \"torch.float32\", \"numel\": 262144, \"shape\": [1, 1, 64, 64, 64], \"stride\": [262144, 262144, 4096, 64, 1]}, \"input\": {\"device\": \"cuda:0\", \"dtype\": \"torch.float32\", \"numel\": 524288, \"shape\": [1, 2, 64, 64, 64], \"stride\": [524288, 262144, 4096, 1, 64]}, \"pass\": 6, \"role\": \"primary\"}, {\"feature\": {\"device\": \"cuda:0\", \"dtype\": \"torch.float32\", \"numel\": 16777216, \"shape\": [1, 2, 32, 64, 64, 64], \"stride\": [16777216, 8388608, 262144, 4096, 64, 1]}, \"heatmap0\": {\"device\": \"cuda:0\", \"dtype\": \"torch.float32\", \"numel\": 262144, \"shape\": [1, 1, 64, 64, 64], \"stride\": [262144, 262144, 4096, 64, 1]}, \"input\": {\"device\": \"cuda:0\", \"dtype\": \"torch.float32\", \"numel\": 524288, \"shape\": [1, 2, 64, 64, 64], \"stride\": [524288, 262144, 4096, 1, 64]}, \"pass\": 7, \"role\": \"primary\"}, {\"feature\": {\"device\": \"cuda:0\", \"dtype\": \"torch.float32\", \"numel\": 16777216, \"shape\": [1, 2, 32, 64, 64, 64], \"stride\": [16777216, 8388608, 262144, 4096, 64, 1]}, \"heatmap0\": {\"device\": \"cuda:0\", \"dtype\": \"torch.float32\", \"numel\": 262144, \"shape\": [1, 1, 64, 64, 64], \"stride\": [262144, 262144, 4096, 64, 1]}, \"input\": {\"device\": \"cuda:0\", \"dtype\": \"torch.float32\", \"numel\": 524288, \"shape\": [1, 2, 64, 64, 64], \"stride\": [524288, 262144, 4096, 64, 1]}, \"pass\": 8, \"role\": \"primary\"}, {\"feature\": {\"device\": \"cuda:0\", \"dtype\": \"torch.float32\", \"numel\": 16777216, \"shape\": [1, 2, 32, 64, 64, 64], \"stride\": [16777216, 8388608, 262144, 4096, 64, 1]}, \"heatmap0\": {\"device\": \"cuda:0\", \"dtype\": \"torch.float32\", \"numel\": 262144, \"shape\": [1, 1, 64, 64, 64], \"stride\": [262144, 262144, 4096, 64, 1]}, \"input\": {\"device\": \"cuda:0\", \"dtype\": \"torch.float32\", \"numel\": 524288, \"shape\": [1, 2, 64, 64, 64], \"stride\": [524288, 262144, 4096, 64, 1]}, \"pass\": 1, \"role\": \"secondary\"}, {\"feature\": {\"device\": \"cuda:0\", \"dtype\": \"torch.float32\", \"numel\": 16777216, \"shape\": [1, 2, 32, 64, 64, 64], \"stride\": [16777216, 8388608, 262144, 4096, 64, 1]}, \"heatmap0\": {\"device\": \"cuda:0\", \"dtype\": \"torch.float32\", \"numel\": 262144, \"shape\": [1, 1, 64, 64, 64], \"stride\": [262144, 262144, 4096, 64, 1]}, \"input\": {\"device\": \"cuda:0\", \"dtype\": \"torch.float32\", \"numel\": 524288, \"shape\": [1, 2, 64, 64, 64], \"stride\": [524288, 262144, 4096, 64, 1]}, \"pass\": 2, \"role\": \"secondary\"}, {\"feature\": {\"device\": \"cuda:0\", \"dtype\": \"torch.float32\", \"numel\": 16777216, \"shape\": [1, 2, 32, 64, 64, 64], \"stride\": [16777216, 8388608, 262144, 4096, 64, 1]}, \"heatmap0\": {\"device\": \"cuda:0\", \"dtype\": \"torch.float32\", \"numel\": 262144, \"shape\": [1, 1, 64, 64, 64], \"stride\": [262144, 262144, 4096, 64, 1]}, \"input\": {\"device\": \"cuda:0\", \"dtype\": \"torch.float32\", \"numel\": 524288, \"shape\": [1, 2, 64, 64, 64], \"stride\": [524288, 262144, 4096, 64, 1]}, \"pass\": 3, \"role\": \"secondary\"}, {\"feature\": {\"device\": \"cuda:0\", \"dtype\": \"torch.float32\", \"numel\": 16777216, \"shape\": [1, 2, 32, 64, 64, 64], \"stride\": [16777216, 8388608, 262144, 4096, 64, 1]}, \"heatmap0\": {\"device\": \"cuda:0\", \"dtype\": \"torch.float32\", \"numel\": 262144, \"shape\": [1, 1, 64, 64, 64], \"stride\": [262144, 262144, 4096, 64, 1]}, \"input\": {\"device\": \"cuda:0\", \"dtype\": \"torch.float32\", \"numel\": 524288, \"shape\": [1, 2, 64, 64, 64], \"stride\": [524288, 262144, 4096, 64, 1]}, \"pass\": 4, \"role\": \"secondary\"}, {\"feature\": {\"device\": \"cuda:0\", \"dtype\": \"torch.float32\", \"numel\": 16777216, \"shape\": [1, 2, 32, 64, 64, 64], \"stride\": [16777216, 8388608, 262144, 4096, 64, 1]}, \"heatmap0\": {\"device\": \"cuda:0\", \"dtype\": \"torch.float32\", \"numel\": 262144, \"shape\": [1, 1, 64, 64, 64], \"stride\": [262144, 262144, 4096, 64, 1]}, \"input\": {\"device\": \"cuda:0\", \"dtype\": \"torch.float32\", \"numel\": 524288, \"shape\": [1, 2, 64, 64, 64], \"stride\": [524288, 262144, 4096, 1, 64]}, \"pass\": 5, \"role\": \"secondary\"}, {\"feature\": {\"device\": \"cuda:0\", \"dtype\": \"torch.float32\", \"numel\": 16777216, \"shape\": [1, 2, 32, 64, 64, 64], \"stride\": [16777216, 8388608, 262144, 4096, 64, 1]}, \"heatmap0\": {\"device\": \"cuda:0\", \"dtype\": \"torch.float32\", \"numel\": 262144, \"shape\": [1, 1, 64, 64, 64], \"stride\": [262144, 262144, 4096, 64, 1]}, \"input\": {\"device\": \"cuda:0\", \"dtype\": \"torch.float32\", \"numel\": 524288, \"shape\": [1, 2, 64, 64, 64], \"stride\": [524288, 262144, 4096, 1, 64]}, \"pass\": 6, \"role\": \"secondary\"}, {\"feature\": {\"device\": \"cuda:0\", \"dtype\": \"torch.float32\", \"numel\": 16777216, \"shape\": [1, 2, 32, 64, 64, 64], \"stride\": [16777216, 8388608, 262144, 4096, 64, 1]}, \"heatmap0\": {\"device\": \"cuda:0\", \"dtype\": \"torch.float32\", \"numel\": 262144, \"shape\": [1, 1, 64, 64, 64], \"stride\": [262144, 262144, 4096, 64, 1]}, \"input\": {\"device\": \"cuda:0\", \"dtype\": \"torch.float32\", \"numel\": 524288, \"shape\": [1, 2, 64, 64, 64], \"stride\": [524288, 262144, 4096, 1, 64]}, \"pass\": 7, \"role\": \"secondary\"}, {\"feature\": {\"device\": \"cuda:0\", \"dtype\": \"torch.float32\", \"numel\": 16777216, \"shape\": [1, 2, 32, 64, 64, 64], \"stride\": [16777216, 8388608, 262144, 4096, 64, 1]}, \"heatmap0\": {\"device\": \"cuda:0\", \"dtype\": \"torch.float32\", \"numel\": 262144, \"shape\": [1, 1, 64, 64, 64], \"stride\": [262144, 262144, 4096, 64, 1]}, \"input\": {\"device\": \"cuda:0\", \"dtype\": \"torch.float32\", \"numel\": 524288, \"shape\": [1, 2, 64, 64, 64], \"stride\": [524288, 262144, 4096, 64, 1]}, \"pass\": 8, \"role\": \"secondary\"}], \"event\": \"actual_predictor_window\", \"frames\": [0, 1], \"input\": {\"all_finite\": true, \"device\": \"cuda:0\", \"dtype\": \"torch.float32\", \"numel\": 524288, \"shape\": [1, 2, 64, 64, 64], \"stride\": [524288, 262144, 4096, 64, 1]}, \"input_parent\": \"/kaggle/input/competitions/biohub-cell-tracking-during-development/train\", \"seconds_including_common_audit\": 2.102574969000216, \"window_index\": 1, \"worker_execution_settings\": {\"autocast_enabled\": false, \"cuda_runtime\": \"12.8\", \"cudnn_allow_tf32\": true, \"cudnn_benchmark\": false, \"cudnn_deterministic\": false, \"default_dtype\": \"torch.float32\", \"deterministic_algorithms\": false, \"float32_matmul_precision\": \"highest\", \"gpu_name\": \"Tesla T4\", \"grad_enabled\": false, \"matmul_allow_tf32\": false, \"torch_initial_seed\": 5360244454392065974, \"torch_version\": \"2.10.0+cu128\"}}\n"}
,{"stream_name":"stdout","time":2240.836286795,"data":"EDGE_TTA_ACTIVE views= 8 mean_abs_feat_delta= 0.292063\n"}
,{"stream_name":"stdout","time":2241.039232203,"data":"EDGE_TTA_ACTIVE views= 8 mean_abs_feat_delta= 0.292063\n"}
,{"stream_name":"stdout","time":2241.244238501,"data":"EDGE_TTA_ACTIVE views= 8 mean_abs_feat_delta= 0.299256\n"}
,{"stream_name":"stdout","time":2241.446627808,"data":"EDGE_TTA_ACTIVE views= 8 mean_abs_feat_delta= 0.299256\n"}
,{"stream_name":"stdout","time":2242.303295393,"data":"BIOHUB_RETENTION_GUARD {\"blended_candidates\": 59, \"dataset\": \"6bba_062c8d37\", \"frame\": 73, \"minimum_retention\": 0.9, \"primary_candidates\": 68, \"retention\": 0.8676470588235294, \"use_primary\": true}\n"}
,{"stream_name":"stdout","time":2242.505570301,"data":"BIOHUB_RETENTION_GUARD {\"blended_candidates\": 59, \"dataset\": \"6bba_062c8d37\", \"frame\": 73, \"minimum_retention\": 0.9, \"primary_candidates\": 68, \"retention\": 0.8676470588235294, \"use_primary\": true}\n"}
,{"stream_name":"stdout","time":2243.02711551,"data":"EDGE_TTA_ACTIVE views= 8 mean_abs_feat_delta= 0.290893\n"}
,{"stream_name":"stdout","time":2243.229358663,"data":"EDGE_TTA_ACTIVE views= 8 mean_abs_feat_delta= 0.290893\n"}
,{"stream_name":"stdout","time":2243.515827096,"data":"EDGE_TTA_ACTIVE views= 8 mean_abs_feat_delta= 0.298114\n"}
,{"stream_name":"stdout","time":2243.718382224,"data":"EDGE_TTA_ACTIVE views= 8 mean_abs_feat_delta= 0.298114\n"}
,{"stream_name":"stdout","time":2244.580892037,"data":"BIOHUB_RETENTION_GUARD {\"blended_candidates\": 62, \"dataset\": \"6bba_062c8d37\", \"frame\": 74, \"minimum_retention\": 0.9, \"primary_candidates\": 69, \"retention\": 0.8985507246376812, \"use_primary\": true}\n"}
,{"stream_name":"stdout","time":2244.783587833,"data":"BIOHUB_RETENTION_GUARD {\"blended_candidates\": 62, \"dataset\": \"6bba_062c8d37\", \"frame\": 74, \"minimum_retention\": 0.9, \"primary_candidates\": 69, \"retention\": 0.8985507246376812, \"use_primary\": true}\n"}
,{"stream_name":"stdout","time":2245.257964659,"data":"EDGE_TTA_ACTIVE views= 8 mean_abs_feat_delta= 0.289035\n"}
,{"stream_name":"stdout","time":2245.460506467,"data":"EDGE_TTA_ACTIVE views= 8 mean_abs_feat_delta= 0.289035\n"}
,{"stream_name":"stdout","time":2245.821246578,"data":"EDGE_TTA_ACTIVE views= 8 mean_abs_feat_delta= 0.292995\n"}
,{"stream_name":"stdout","time":2246.023547686,"data":"EDGE_TTA_ACTIVE views= 8 mean_abs_feat_delta= 0.292995\n"}
,{"stream_name":"stdout","time":2247.470072869,"data":"EDGE_TTA_ACTIVE views= 8 mean_abs_feat_delta= 0.292802\n"}
,{"stream_name":"stdout","time":2247.672536605,"data":"EDGE_TTA_ACTIVE views= 8 mean_abs_feat_delta= 0.292802\n"}
,{"stream_name":"stdout","time":2248.14671718,"data":"EDGE_TTA_ACTIVE views= 8 mean_abs_feat_delta= 0.29277\n"}
,{"stream_name":"stdout","time":2248.349354626,"data":"EDGE_TTA_ACTIVE views= 8 mean_abs_feat_delta= 0.29277\n"}
,{"stream_name":"stdout","time":2249.642740124,"data":"EDGE_TTA_ACTIVE views= 8 mean_abs_feat_delta= 0.289692\n"}
,{"stream_name":"stdout","time":2249.925583913,"data":"EDGE_TTA_ACTIVE views= 8 mean_abs_feat_delta= 0.289692\n"}
,{"stream_name":"stdout","time":2250.43094948,"data":"EDGE_TTA_ACTIVE views= 8 mean_abs_feat_delta= 0.293275\n"}
,{"stream_name":"stdout","time":2250.633314341,"data":"EDGE_TTA_ACTIVE views= 8 mean_abs_feat_delta= 0.293275\n"}
,{"stream_name":"stdout","time":2251.825182074,"data":"EDGE_TTA_ACTIVE views= 8 mean_abs_feat_delta= 0.288981\n"}
,{"stream_name":"stdout","time":2252.027997793,"data":"EDGE_TTA_ACTIVE views= 8 mean_abs_feat_delta= 0.288981\n"}
,{"stream_name":"stdout","time":2252.674254486,"data":"EDGE_TTA_ACTIVE views= 8 mean_abs_feat_delta= 0.291368\n"}
,{"stream_name":"stdout","time":2252.876844053,"data":"EDGE_TTA_ACTIVE views= 8 mean_abs_feat_delta= 0.291368\n"}
,{"stream_name":"stdout","time":2254.000323254,"data":"EDGE_TTA_ACTIVE views= 8 mean_abs_feat_delta= 0.294024\n"}
,{"stream_name":"stdout","time":2254.203020801,"data":"EDGE_TTA_ACTIVE views= 8 mean_abs_feat_delta= 0.294024\n"}
,{"stream_name":"stdout","time":2254.912379333,"data":"EDGE_TTA_ACTIVE views= 8 mean_abs_feat_delta= 0.291014\n"}
,{"stream_name":"stdout","time":2255.114957641,"data":"EDGE_TTA_ACTIVE views= 8 mean_abs_feat_delta= 0.291014\n"}
,{"stream_name":"stdout","time":2256.129632027,"data":"EDGE_TTA_ACTIVE views= 8 mean_abs_feat_delta= 0.291402\n"}
,{"stream_name":"stdout","time":2256.332673932,"data":"EDGE_TTA_ACTIVE views= 8 mean_abs_feat_delta= 0.291402\n"}
,{"stream_name":"stdout","time":2257.161622058,"data":"EDGE_TTA_ACTIVE views= 8 mean_abs_feat_delta= 0.295994\n"}
,{"stream_name":"stdout","time":2257.364091632,"data":"EDGE_TTA_ACTIVE views= 8 mean_abs_feat_delta= 0.295994\n"}
,{"stream_name":"stdout","time":2258.30056094,"data":"EDGE_TTA_ACTIVE views= 8 mean_abs_feat_delta= 0.293367\n"}
,{"stream_name":"stdout","time":2258.502972285,"data":"EDGE_TTA_ACTIVE views= 8 mean_abs_feat_delta= 0.293367\n"}
,{"stream_name":"stdout","time":2259.474238783,"data":"EDGE_TTA_ACTIVE views= 8 mean_abs_feat_delta= 0.297096\n"}
,{"stream_name":"stdout","time":2259.676485961,"data":"EDGE_TTA_ACTIVE views= 8 mean_abs_feat_delta= 0.297096\n"}
,{"stream_name":"stdout","time":2260.443475512,"data":"EDGE_TTA_ACTIVE views= 8 mean_abs_feat_delta= 0.286361\n"}
,{"stream_name":"stdout","time":2260.646069731,"data":"EDGE_TTA_ACTIVE views= 8 mean_abs_feat_delta= 0.286361\n"}
,{"stream_name":"stdout","time":2261.74680971,"data":"EDGE_TTA_ACTIVE views= 8 mean_abs_feat_delta= 0.299033\n"}
,{"stream_name":"stdout","time":2261.949253639,"data":"EDGE_TTA_ACTIVE views= 8 mean_abs_feat_delta= 0.299033\n"}
,{"stream_name":"stdout","time":2262.615044303,"data":"EDGE_TTA_ACTIVE views= 8 mean_abs_feat_delta= 0.284801\n"}
,{"stream_name":"stdout","time":2262.817316523,"data":"EDGE_TTA_ACTIVE views= 8 mean_abs_feat_delta= 0.284801\n"}
,{"stream_name":"stdout","time":2264.03207554,"data":"EDGE_TTA_ACTIVE views= 8 mean_abs_feat_delta= 0.297557\n"}
,{"stream_name":"stdout","time":2264.23471274,"data":"EDGE_TTA_ACTIVE views= 8 mean_abs_feat_delta= 0.297557\n"}
,{"stream_name":"stdout","time":2264.845785198,"data":"EDGE_TTA_ACTIVE views= 8 mean_abs_feat_delta= 0.287875\n"}
,{"stream_name":"stdout","time":2265.047964118,"data":"EDGE_TTA_ACTIVE views= 8 mean_abs_feat_delta= 0.287875\n"}
,{"stream_name":"stdout","time":2266.267352702,"data":"EDGE_TTA_ACTIVE views= 8 mean_abs_feat_delta= 0.293406\n"}
,{"stream_name":"stdout","time":2266.470058616,"data":"EDGE_TTA_ACTIVE views= 8 mean_abs_feat_delta= 0.293406\n"}
,{"stream_name":"stdout","time":2267.013871148,"data":"EDGE_TTA_ACTIVE views= 8 mean_abs_feat_delta= 0.285114\n"}
,{"stream_name":"stdout","time":2267.216149184,"data":"EDGE_TTA_ACTIVE views= 8 mean_abs_feat_delta= 0.285114\n"}
,{"stream_name":"stdout","time":2267.318254103,"data":"BIOHUB_RETENTION_GUARD {\"blended_candidates\": 64, \"dataset\": \"6bba_062c8d37\", \"frame\": 84, \"minimum_retention\": 0.9, \"primary_candidates\": 73, \"retention\": 0.8767123287671232, \"use_primary\": true}\n"}
,{"stream_name":"stdout","time":2267.520800309,"data":"BIOHUB_RETENTION_GUARD {\"blended_candidates\": 64, \"dataset\": \"6bba_062c8d37\", \"frame\": 84, \"minimum_retention\": 0.9, \"primary_candidates\": 73, \"retention\": 0.8767123287671232, \"use_primary\": true}\n"}
,{"stream_name":"stdout","time":2268.626632182,"data":"EDGE_TTA_ACTIVE views= 8 mean_abs_feat_delta= 0.295509\n"}
,{"stream_name":"stdout","time":2268.829194483,"data":"EDGE_TTA_ACTIVE views= 8 mean_abs_feat_delta= 0.295509\n"}
,{"stream_name":"stdout","time":2269.252739992,"data":"EDGE_TTA_ACTIVE views= 8 mean_abs_feat_delta= 0.284821\n"}
,{"stream_name":"stdout","time":2269.45514733,"data":"EDGE_TTA_ACTIVE views= 8 mean_abs_feat_delta= 0.284821\n"}
,{"stream_name":"stdout","time":2270.886150295,"data":"EDGE_TTA_ACTIVE views= 8 mean_abs_feat_delta= 0.29737\n"}
,{"stream_name":"stdout","time":2271.089836386,"data":"EDGE_TTA_ACTIVE views= 8 mean_abs_feat_delta= 0.29737\n"}
,{"stream_name":"stdout","time":2271.391120298,"data":"EDGE_TTA_ACTIVE views= 8 mean_abs_feat_delta= 0.287327\n"}
,{"stream_name":"stdout","time":2271.593823359,"data":"EDGE_TTA_ACTIVE views= 8 mean_abs_feat_delta= 0.287327\n"}
,{"stream_name":"stdout","time":2273.17717497,"data":"EDGE_TTA_ACTIVE views= 8 mean_abs_feat_delta= 0.297734\n"}
,{"stream_name":"stdout","time":2273.379624812,"data":"EDGE_TTA_ACTIVE views= 8 mean_abs_feat_delta= 0.297734\n"}
,{"stream_name":"stdout","time":2273.55747095,"data":"EDGE_TTA_ACTIVE views= 8 mean_abs_feat_delta= 0.285857\n"}
,{"stream_name":"stdout","time":2273.760138526,"data":"EDGE_TTA_ACTIVE views= 8 mean_abs_feat_delta= 0.285857\n"}
,{"stream_name":"stdout","time":2275.38560317,"data":"EDGE_TTA_ACTIVE views= 8 mean_abs_feat_delta= 0.297749\n"}
,{"stream_name":"stdout","time":2275.588509168,"data":"EDGE_TTA_ACTIVE views= 8 mean_abs_feat_delta= 0.297749\n"}
,{"stream_name":"stdout","time":2275.767316604,"data":"EDGE_TTA_ACTIVE views= 8 mean_abs_feat_delta= 0.283107\n"}
,{"stream_name":"stdout","time":2275.96981235,"data":"EDGE_TTA_ACTIVE views= 8 mean_abs_feat_delta= 0.283107\n"}
,{"stream_name":"stdout","time":2277.653921576,"data":"EDGE_TTA_ACTIVE views= 8 mean_abs_feat_delta= 0.299556\n"}
,{"stream_name":"stdout","time":2277.856362732,"data":"EDGE_TTA_ACTIVE views= 8 mean_abs_feat_delta= 0.299556\n"}
,{"stream_name":"stdout","time":2277.976777182,"data":"EDGE_TTA_ACTIVE views= 8 mean_abs_feat_delta= 0.285156\n"}
,{"stream_name":"stdout","time":2278.179170516,"data":"EDGE_TTA_ACTIVE views= 8 mean_abs_feat_delta= 0.285156\n"}
,{"stream_name":"stdout","time":2279.866116804,"data":"EDGE_TTA_ACTIVE views= 8 mean_abs_feat_delta= 0.298104\n"}
,{"stream_name":"stdout","time":2280.153875485,"data":"EDGE_TTA_ACTIVE views= 8 mean_abs_feat_delta= 0.298104\n"}
,{"stream_name":"stdout","time":2280.207825749,"data":"EDGE_TTA_ACTIVE views= 8 mean_abs_feat_delta= 0.281307\n"}
,{"stream_name":"stdout","time":2280.410196515,"data":"EDGE_TTA_ACTIVE views= 8 mean_abs_feat_delta= 0.281307\n"}
,{"stream_name":"stdout","time":2282.080902895,"data":"EDGE_TTA_ACTIVE views= 8 mean_abs_feat_delta= 0.296443\n"}
,{"stream_name":"stdout","time":2282.283342179,"data":"EDGE_TTA_ACTIVE views= 8 mean_abs_feat_delta= 0.296443\n"}
,{"stream_name":"stdout","time":2282.390927583,"data":"EDGE_TTA_ACTIVE views= 8 mean_abs_feat_delta= 0.283345\n"}
,{"stream_name":"stdout","time":2282.593411893,"data":"EDGE_TTA_ACTIVE views= 8 mean_abs_feat_delta= 0.283345\n"}
,{"stream_name":"stdout","time":2284.301755832,"data":"EDGE_TTA_ACTIVE views= 8 mean_abs_feat_delta= 0.293984\n"}
,{"stream_name":"stdout","time":2284.504151151,"data":"EDGE_TTA_ACTIVE views= 8 mean_abs_feat_delta= 0.293984\n"}
,{"stream_name":"stdout","time":2284.61325422,"data":"EDGE_TTA_ACTIVE views= 8 mean_abs_feat_delta= 0.282739\n"}
,{"stream_name":"stdout","time":2284.815345248,"data":"EDGE_TTA_ACTIVE views= 8 mean_abs_feat_delta= 0.282739\n"}
,{"stream_name":"stdout","time":2286.587902592,"data":"EDGE_TTA_ACTIVE views= 8 mean_abs_feat_delta= 0.293061\n"}
,{"stream_name":"stdout","time":2286.780724868,"data":"EDGE_TTA_ACTIVE views= 8 mean_abs_feat_delta= 0.280872\n"}
,{"stream_name":"stdout","time":2286.790473418,"data":"EDGE_TTA_ACTIVE views= 8 mean_abs_feat_delta= 0.293061\n"}
,{"stream_name":"stdout","time":2286.790501803,"data":"EDGE_TTA_ACTIVE views= 8 mean_abs_feat_delta= 0.280872\n"}
,{"stream_name":"stdout","time":2288.809075511,"data":"EDGE_TTA_ACTIVE views= 8 mean_abs_feat_delta= 0.297154\n"}
,{"stream_name":"stdout","time":2289.011646226,"data":"EDGE_TTA_ACTIVE views= 8 mean_abs_feat_delta= 0.297154\n"}
,{"stream_name":"stdout","time":2289.011684219,"data":"EDGE_TTA_ACTIVE views= 8 mean_abs_feat_delta= 0.281118\n"}
,{"stream_name":"stdout","time":2289.214319831,"data":"EDGE_TTA_ACTIVE views= 8 mean_abs_feat_delta= 0.281118\n"}
,{"stream_name":"stdout","time":2291.048368545,"data":"EDGE_TTA_ACTIVE views= 8 mean_abs_feat_delta= 0.301446\n"}
,{"stream_name":"stdout","time":2291.197915243,"data":"EDGE_TTA_ACTIVE views= 8 mean_abs_feat_delta= 0.281355\n"}
,{"stream_name":"stdout","time":2291.251193062,"data":"EDGE_TTA_ACTIVE views= 8 mean_abs_feat_delta= 0.301446\n"}
,{"stream_name":"stdout","time":2291.251231193,"data":"EDGE_TTA_ACTIVE views= 8 mean_abs_feat_delta= 0.281355\n"}
,{"stream_name":"stdout","time":2293.334178626,"data":"EDGE_TTA_ACTIVE views= 8 mean_abs_feat_delta= 0.301117\n"}
,{"stream_name":"stdout","time":2293.418114737,"data":"EDGE_TTA_ACTIVE views= 8 mean_abs_feat_delta= 0.279058\n"}
,{"stream_name":"stdout","time":2293.536786454,"data":"EDGE_TTA_ACTIVE views= 8 mean_abs_feat_delta= 0.301117\n"}
,{"stream_name":"stdout","time":2293.53682305,"data":"EDGE_TTA_ACTIVE views= 8 mean_abs_feat_delta= 0.279058\n"}
,{"stream_name":"stdout","time":2295.533080302,"data":"EDGE_TTA_ACTIVE views= 8 mean_abs_feat_delta= 0.301563\n"}
,{"stream_name":"stdout","time":2295.574174943,"data":"EDGE_TTA_ACTIVE views= 8 mean_abs_feat_delta= 0.271242\n"}
,{"stream_name":"stdout","time":2295.735512682,"data":"EDGE_TTA_ACTIVE views= 8 mean_abs_feat_delta= 0.301563\n"}
,{"stream_name":"stdout","time":2295.735541763,"data":"EDGE_TTA_ACTIVE views= 8 mean_abs_feat_delta= 0.271242\n"}
,{"stream_name":"stdout","time":2297.772863731,"data":"EDGE_TTA_ACTIVE views= 8 mean_abs_feat_delta= 0.298981\n"}
,{"stream_name":"stdout","time":2297.845971007,"data":"EDGE_TTA_ACTIVE views= 8 mean_abs_feat_delta= 0.278583\n"}
,{"stream_name":"stdout","time":2297.975237746,"data":"EDGE_TTA_ACTIVE views= 8 mean_abs_feat_delta= 0.298981\n"}
,{"stream_name":"stdout","time":2297.975269736,"data":"EDGE_TTA_ACTIVE views= 8 mean_abs_feat_delta= 0.278583\n"}
,{"stream_name":"stdout","time":2299.957794213,"data":"EDGE_TTA_ACTIVE views= 8 mean_abs_feat_delta= 0.297101\n"}
,{"stream_name":"stdout","time":2300.005012802,"data":"EDGE_TTA_ACTIVE views= 8 mean_abs_feat_delta= 0.280712\n"}
,{"stream_name":"stdout","time":2300.160506755,"data":"EDGE_TTA_ACTIVE views= 8 mean_abs_feat_delta= 0.297101\n"}
,{"stream_name":"stdout","time":2300.16054393,"data":"EDGE_TTA_ACTIVE views= 8 mean_abs_feat_delta= 0.280712\n"}
,{"stream_name":"stdout","time":2302.199905067,"data":"EDGE_TTA_ACTIVE views= 8 mean_abs_feat_delta= 0.281412\n"}
,{"stream_name":"stdout","time":2302.402723999,"data":"EDGE_TTA_ACTIVE views= 8 mean_abs_feat_delta= 0.281412\n"}
,{"stream_name":"stdout","time":2304.356927321,"data":"EDGE_TTA_ACTIVE views= 8 mean_abs_feat_delta= 0.283284\n"}
,{"stream_name":"stdout","time":2304.559505308,"data":"EDGE_TTA_ACTIVE views= 8 mean_abs_feat_delta= 0.283284\n"}
,{"stream_name":"stdout","time":2306.004735546,"data":"EDGE_TTA_ACTIVE views= 8 mean_abs_feat_delta= 0.336571\n"}
,{"stream_name":"stdout","time":2306.207031171,"data":"EDGE_TTA_ACTIVE views= 8 mean_abs_feat_delta= 0.336571\n"}
,{"stream_name":"stdout","time":2306.478947444,"data":"EDGE_TTA_ACTIVE views= 8 mean_abs_feat_delta= 0.285807\n"}
,{"stream_name":"stdout","time":2306.68147056,"data":"EDGE_TTA_ACTIVE views= 8 mean_abs_feat_delta= 0.285807\n"}
,{"stream_name":"stdout","time":2307.069818825,"data":"PUBLIC946_GPU_SMOKE {\"arm\": \"B0\", \"association\": {\"actual_primary_logits_after_original_harmonic_fusion\": {\"all_finite\": true, \"device\": \"cuda:0\", \"dtype\": \"torch.float32\", \"numel\": 22499, \"shape\": [1, 151, 149], \"stride\": [22499, 149, 1]}, \"actual_secondary_feature_consumed\": true, \"actual_secondary_logits\": {\"all_finite\": true, \"device\": \"cuda:0\", \"dtype\": \"torch.float32\", \"numel\": 22499, \"shape\": [1, 151, 149], \"stride\": [22499, 149, 1]}, \"coordinate_grid\": {\"downsample\": [1.0, 4.0, 4.0], \"source\": {\"device\": \"cuda:0\", \"dtype\": \"torch.float32\", \"numel\": 453, \"shape\": [1, 151, 3], \"stride\": [151, 1, 151]}, \"target\": {\"device\": \"cuda:0\", \"dtype\": \"torch.float32\", \"numel\": 447, \"shape\": [1, 149, 3], \"stride\": [149, 1, 149]}}, \"diagnostic_edge_head_calls\": 1, \"diagnostic_encoder_calls\": 0, \"diagnostic_probabilities_used_in_production\": false, \"diagnostic_seconds\": 0.010006405000240193, \"frame_pair_index\": 0, \"primary_source_sampled_features\": {\"all_finite\": true, \"device\": \"cuda:0\", \"dtype\": \"torch.float32\", \"numel\": 4832, \"shape\": [1, 151, 32], \"stride\": [4832, 32, 1]}, \"primary_target_sampled_features\": {\"all_finite\": true, \"device\": \"cuda:0\", \"dtype\": \"torch.float32\", \"numel\": 4768, \"shape\": [1, 149, 32], \"stride\": [4768, 32, 1]}, \"probability_comparison_stage\": \"secondary edge-head softmax over parents, before original calibration and low-margin mixing\", \"probability_delta_vs_single_pass_same_coordinates\": {\"sample_elements\": 22499, \"sample_equal\": true, \"sample_max_abs_delta\": 0.0, \"sample_mean_abs_delta\": 0.0, \"sample_stride\": 1}, \"production_calls\": 1, \"same_low_margin_config\": {\"secondary_detection_weight\": 0.8, \"secondary_edge_weight\": 0.15, \"secondary_link_mode\": \"low_margin_consensus\"}, \"source_delta_vs_single_pass\": {\"sample_elements\": 4832, \"sample_equal\": true, \"sample_max_abs_delta\": 0.0, \"sample_mean_abs_delta\": 0.0, \"sample_stride\": 1}, \"source_sampled_features\": {\"all_finite\": true, \"device\": \"cuda:0\", \"dtype\": \"torch.float32\", \"numel\": 4832, \"shape\": [1, 151, 32], \"stride\": [4832, 32, 1]}, \"target_delta_vs_single_pass\": {\"sample_elements\": 4768, \"sample_equal\": true, \"sample_max_abs_delta\": 0.0, \"sample_mean_abs_delta\": 0.0, \"sample_stride\": 1}, \"target_sampled_features\": {\"all_finite\": true, \"device\": \"cuda:0\", \"dtype\": \"torch.float32\", \"numel\": 4768, \"shape\": [1, 149, 32], \"stride\": [4768, 32, 1]}}, \"association_calls\": 1, \"config\": {\"secondary_detection_weight\": 0.8, \"secondary_edge_weight\": 0.15, \"secondary_link_mode\": \"low_margin_consensus\"}, \"consumed_features\": {\"primary\": {\"all_finite\": true, \"delta_vs_single_pass\": {\"sample_elements\": 65536, \"sample_equal\": false, \"sample_max_abs_delta\": 1.9800727367401123, \"sample_mean_abs_delta\": 0.34195613861083984, \"sample_stride\": 256}, \"device\": \"cuda:0\", \"dtype\": \"torch.float32\", \"numel\": 16777216, \"original_encoded_feature_sample_unchanged\": true, \"same_storage_as_original\": false, \"shape\": [1, 2, 32, 64, 64, 64], \"single_pass\": {\"device\": \"cuda:0\", \"dtype\": \"torch.float32\", \"numel\": 16777216, \"shape\": [1, 2, 32, 64, 64, 64], \"stride\": [16777216, 8388608, 262144, 4096, 64, 1]}, \"stride\": [16777216, 8388608, 262144, 4096, 64, 1]}, \"secondary\": {\"all_finite\": true, \"delta_vs_single_pass\": {\"sample_elements\": 65536, \"sample_equal\": true, \"sample_max_abs_delta\": 0.0, \"sample_mean_abs_delta\": 0.0, \"sample_stride\": 256}, \"device\": \"cuda:0\", \"dtype\": \"torch.float32\", \"numel\": 16777216, \"original_encoded_feature_sample_unchanged\": true, \"same_storage_as_original\": true, \"shape\": [1, 2, 32, 64, 64, 64], \"single_pass\": {\"device\": \"cuda:0\", \"dtype\": \"torch.float32\", \"numel\": 16777216, \"shape\": [1, 2, 32, 64, 64, 64], \"stride\": [16777216, 8388608, 262144, 4096, 64, 1]}, \"stride\": [16777216, 8388608, 262144, 4096, 64, 1]}}, \"consumed_heatmaps\": [{\"all_finite\": true, \"device\": \"cuda:0\", \"dtype\": \"torch.float32\", \"numel\": 262144, \"shape\": [1, 1, 64, 64, 64], \"stride\": [262144, 262144, 4096, 64, 1]}, {\"all_finite\": true, \"device\": \"cuda:0\", \"dtype\": \"torch.float32\", \"numel\": 262144, \"shape\": [1, 1, 64, 64, 64], \"stride\": [262144, 262144, 4096, 64, 1]}], \"cuda_peak_allocated_bytes_process\": 728221696, \"cuda_peak_reserved_bytes_process\": 981467136, \"dataset\": \"6bba_085bf656\", \"encode_calls\": {\"primary\": 8, \"secondary\": 8}, \"encode_seconds\": {\"primary\": 1.0638711380006498, \"secondary\": 1.005673826000475}, \"encode_views\": [{\"feature\": {\"device\": \"cuda:0\", \"dtype\": \"torch.float32\", \"numel\": 16777216, \"shape\": [1, 2, 32, 64, 64, 64], \"stride\": [16777216, 8388608, 262144, 4096, 64, 1]}, \"heatmap0\": {\"device\": \"cuda:0\", \"dtype\": \"torch.float32\", \"numel\": 262144, \"shape\": [1, 1, 64, 64, 64], \"stride\": [262144, 262144, 4096, 64, 1]}, \"input\": {\"device\": \"cuda:0\", \"dtype\": \"torch.float32\", \"numel\": 524288, \"shape\": [1, 2, 64, 64, 64], \"stride\": [524288, 262144, 4096, 64, 1]}, \"pass\": 1, \"role\": \"primary\"}, {\"feature\": {\"device\": \"cuda:0\", \"dtype\": \"torch.float32\", \"numel\": 16777216, \"shape\": [1, 2, 32, 64, 64, 64], \"stride\": [16777216, 8388608, 262144, 4096, 64, 1]}, \"heatmap0\": {\"device\": \"cuda:0\", \"dtype\": \"torch.float32\", \"numel\": 262144, \"shape\": [1, 1, 64, 64, 64], \"stride\": [262144, 262144, 4096, 64, 1]}, \"input\": {\"device\": \"cuda:0\", \"dtype\": \"torch.float32\", \"numel\": 524288, \"shape\": [1, 2, 64, 64, 64], \"stride\": [524288, 262144, 4096, 64, 1]}, \"pass\": 2, \"role\": \"primary\"}, {\"feature\": {\"device\": \"cuda:0\", \"dtype\": \"torch.float32\", \"numel\": 16777216, \"shape\": [1, 2, 32, 64, 64, 64], \"stride\": [16777216, 8388608, 262144, 4096, 64, 1]}, \"heatmap0\": {\"device\": \"cuda:0\", \"dtype\": \"torch.float32\", \"numel\": 262144, \"shape\": [1, 1, 64, 64, 64], \"stride\": [262144, 262144, 4096, 64, 1]}, \"input\": {\"device\": \"cuda:0\", \"dtype\": \"torch.float32\", \"numel\": 524288, \"shape\": [1, 2, 64, 64, 64], \"stride\": [524288, 262144, 4096, 64, 1]}, \"pass\": 3, \"role\": \"primary\"}, {\"feature\": {\"device\": \"cuda:0\", \"dtype\": \"torch.float32\", \"numel\": 16777216, \"shape\": [1, 2, 32, 64, 64, 64], \"stride\": [16777216, 8388608, 262144, 4096, 64, 1]}, \"heatmap0\": {\"device\": \"cuda:0\", \"dtype\": \"torch.float32\", \"numel\": 262144, \"shape\": [1, 1, 64, 64, 64], \"stride\": [262144, 262144, 4096, 64, 1]}, \"input\": {\"device\": \"cuda:0\", \"dtype\": \"torch.float32\", \"numel\": 524288, \"shape\": [1, 2, 64, 64, 64], \"stride\": [524288, 262144, 4096, 64, 1]}, \"pass\": 4, \"role\": \"primary\"}, {\"feature\": {\"device\": \"cuda:0\", \"dtype\": \"torch.float32\", \"numel\": 16777216, \"shape\": [1, 2, 32, 64, 64, 64], \"stride\": [16777216, 8388608, 262144, 4096, 64, 1]}, \"heatmap0\": {\"device\": \"cuda:0\", \"dtype\": \"torch.float32\", \"numel\": 262144, \"shape\": [1, 1, 64, 64, 64], \"stride\": [262144, 262144, 4096, 64, 1]}, \"input\": {\"device\": \"cuda:0\", \"dtype\": \"torch.float32\", \"numel\": 524288, \"shape\": [1, 2, 64, 64, 64], \"stride\": [524288, 262144, 4096, 1, 64]}, \"pass\": 5, \"role\": \"primary\"}, {\"feature\": {\"device\": \"cuda:0\", \"dtype\": \"torch.float32\", \"numel\": 16777216, \"shape\": [1, 2, 32, 64, 64, 64], \"stride\": [16777216, 8388608, 262144, 4096, 64, 1]}, \"heatmap0\": {\"device\": \"cuda:0\", \"dtype\": \"torch.float32\", \"numel\": 262144, \"shape\": [1, 1, 64, 64, 64], \"stride\": [262144, 262144, 4096, 64, 1]}, \"input\": {\"device\": \"cuda:0\", \"dtype\": \"torch.float32\", \"numel\": 524288, \"shape\": [1, 2, 64, 64, 64], \"stride\": [524288, 262144, 4096, 1, 64]}, \"pass\": 6, \"role\": \"primary\"}, {\"feature\": {\"device\": \"cuda:0\", \"dtype\": \"torch.float32\", \"numel\": 16777216, \"shape\": [1, 2, 32, 64, 64, 64], \"stride\": [16777216, 8388608, 262144, 4096, 64, 1]}, \"heatmap0\": {\"device\": \"cuda:0\", \"dtype\": \"torch.float32\", \"numel\": 262144, \"shape\": [1, 1, 64, 64, 64], \"stride\": [262144, 262144, 4096, 64, 1]}, \"input\": {\"device\": \"cuda:0\", \"dtype\": \"torch.float32\", \"numel\": 524288, \"shape\": [1, 2, 64, 64, 64], \"stride\": [524288, 262144, 4096, 1, 64]}, \"pass\": 7, \"role\": \"primary\"}, {\"feature\": {\"device\": \"cuda:0\", \"dtype\": \"torch.float32\", \"numel\": 16777216, \"shape\": [1, 2, 32, 64, 64, 64], \"stride\": [16777216, 8388608, 262144, 4096, 64, 1]}, \"heatmap0\": {\"device\": \"cuda:0\", \"dtype\": \"torch.float32\", \"numel\": 262144, \"shape\": [1, 1, 64, 64, 64], \"stride\": [262144, 262144, 4096, 64, 1]}, \"input\": {\"device\": \"cuda:0\", \"dtype\": \"torch.float32\", \"numel\": 524288, \"shape\": [1, 2, 64, 64, 64], \"stride\": [524288, 262144, 4096, 64, 1]}, \"pass\": 8, \"role\": \"primary\"}, {\"feature\": {\"device\": \"cuda:0\", \"dtype\": \"torch.float32\", \"numel\": 16777216, \"shape\": [1, 2, 32, 64, 64, 64], \"stride\": [16777216, 8388608, 262144, 4096, 64, 1]}, \"heatmap0\": {\"device\": \"cuda:0\", \"dtype\": \"torch.float32\", \"numel\": 262144, \"shape\": [1, 1, 64, 64, 64], \"stride\": [262144, 262144, 4096, 64, 1]}, \"input\": {\"device\": \"cuda:0\", \"dtype\": \"torch.float32\", \"numel\": 524288, \"shape\": [1, 2, 64, 64, 64], \"stride\": [524288, 262144, 4096, 64, 1]}, \"pass\": 1, \"role\": \"secondary\"}, {\"feature\": {\"device\": \"cuda:0\", \"dtype\": \"torch.float32\", \"numel\": 16777216, \"shape\": [1, 2, 32, 64, 64, 64], \"stride\": [16777216, 8388608, 262144, 4096, 64, 1]}, \"heatmap0\": {\"device\": \"cuda:0\", \"dtype\": \"torch.float32\", \"numel\": 262144, \"shape\": [1, 1, 64, 64, 64], \"stride\": [262144, 262144, 4096, 64, 1]}, \"input\": {\"device\": \"cuda:0\", \"dtype\": \"torch.float32\", \"numel\": 524288, \"shape\": [1, 2, 64, 64, 64], \"stride\": [524288, 262144, 4096, 64, 1]}, \"pass\": 2, \"role\": \"secondary\"}, {\"feature\": {\"device\": \"cuda:0\", \"dtype\": \"torch.float32\", \"numel\": 16777216, \"shape\": [1, 2, 32, 64, 64, 64], \"stride\": [16777216, 8388608, 262144, 4096, 64, 1]}, \"heatmap0\": {\"device\": \"cuda:0\", \"dtype\": \"torch.float32\", \"numel\": 262144, \"shape\": [1, 1, 64, 64, 64], \"stride\": [262144, 262144, 4096, 64, 1]}, \"input\": {\"device\": \"cuda:0\", \"dtype\": \"torch.float32\", \"numel\": 524288, \"shape\": [1, 2, 64, 64, 64], \"stride\": [524288, 262144, 4096, 64, 1]}, \"pass\": 3, \"role\": \"secondary\"}, {\"feature\": {\"device\": \"cuda:0\", \"dtype\": \"torch.float32\", \"numel\": 16777216, \"shape\": [1, 2, 32, 64, 64, 64], \"stride\": [16777216, 8388608, 262144, 4096, 64, 1]}, \"heatmap0\": {\"device\": \"cuda:0\", \"dtype\": \"torch.float32\", \"numel\": 262144, \"shape\": [1, 1, 64, 64, 64], \"stride\": [262144, 262144, 4096, 64, 1]}, \"input\": {\"device\": \"cuda:0\", \"dtype\": \"torch.float32\", \"numel\": 524288, \"shape\": [1, 2, 64, 64, 64], \"stride\": [524288, 262144, 4096, 64, 1]}, \"pass\": 4, \"role\": \"secondary\"}, {\"feature\": {\"device\": \"cuda:0\", \"dtype\": \"torch.float32\", \"numel\": 16777216, \"shape\": [1, 2, 32, 64, 64, 64], \"stride\": [16777216, 8388608, 262144, 4096, 64, 1]}, \"heatmap0\": {\"device\": \"cuda:0\", \"dtype\": \"torch.float32\", \"numel\": 262144, \"shape\": [1, 1, 64, 64, 64], \"stride\": [262144, 262144, 4096, 64, 1]}, \"input\": {\"device\": \"cuda:0\", \"dtype\": \"torch.float32\", \"numel\": 524288, \"shape\": [1, 2, 64, 64, 64], \"stride\": [524288, 262144, 4096, 1, 64]}, \"pass\": 5, \"role\": \"secondary\"}, {\"feature\": {\"device\": \"cuda:0\", \"dtype\": \"torch.float32\", \"numel\": 16777216, \"shape\": [1, 2, 32, 64, 64, 64], \"stride\": [16777216, 8388608, 262144, 4096, 64, 1]}, \"heatmap0\": {\"device\": \"cuda:0\", \"dtype\": \"torch.float32\", \"numel\": 262144, \"shape\": [1, 1, 64, 64, 64], \"stride\": [262144, 262144, 4096, 64, 1]}, \"input\": {\"device\": \"cuda:0\", \"dtype\": \"torch.float32\", \"numel\": 524288, \"shape\": [1, 2, 64, 64, 64], \"stride\": [524288, 262144, 4096, 1, 64]}, \"pass\": 6, \"role\": \"secondary\"}, {\"feature\": {\"device\": \"cuda:0\", \"dtype\": \"torch.float32\", \"numel\": 16777216, \"shape\": [1, 2, 32, 64, 64, 64], \"stride\": [16777216, 8388608, 262144, 4096, 64, 1]}, \"heatmap0\": {\"device\": \"cuda:0\", \"dtype\": \"torch.float32\", \"numel\": 262144, \"shape\": [1, 1, 64, 64, 64], \"stride\": [262144, 262144, 4096, 64, 1]}, \"input\": {\"device\": \"cuda:0\", \"dtype\": \"torch.float32\", \"numel\": 524288, \"shape\": [1, 2, 64, 64, 64], \"stride\": [524288, 262144, 4096, 1, 64]}, \"pass\": 7, \"role\": \"secondary\"}, {\"feature\": {\"device\": \"cuda:0\", \"dtype\": \"torch.float32\", \"numel\": 16777216, \"shape\": [1, 2, 32, 64, 64, 64], \"stride\": [16777216, 8388608, 262144, 4096, 64, 1]}, \"heatmap0\": {\"device\": \"cuda:0\", \"dtype\": \"torch.float32\", \"numel\": 262144, \"shape\": [1, 1, 64, 64, 64], \"stride\": [262144, 262144, 4096, 64, 1]}, \"input\": {\"device\": \"cuda:0\", \"dtype\": \"torch.float32\", \"numel\": 524288, \"shape\": [1, 2, 64, 64, 64], \"stride\": [524288, 262144, 4096, 64, 1]}, \"pass\": 8, \"role\": \"secondary\"}], \"event\": \"actual_predictor_window\", \"frames\": [0, 1], \"input\": {\"all_finite\": true, \"device\": \"cuda:0\", \"dtype\": \"torch.float32\", \"numel\": 524288, \"shape\": [1, 2, 64, 64, 64], \"stride\": [524288, 262144, 4096, 64, 1]}, \"input_parent\": \"/kaggle/input/competitions/biohub-cell-tracking-during-development/train\", \"seconds_including_common_audit\": 2.14357183500033, \"window_index\": 1, \"worker_execution_settings\": {\"autocast_enabled\": false, \"cuda_runtime\": \"12.8\", \"cudnn_allow_tf32\": true, \"cudnn_benchmark\": false, \"cudnn_deterministic\": false, \"default_dtype\": \"torch.float32\", \"deterministic_algorithms\": false, \"float32_matmul_precision\": \"highest\", \"gpu_name\": \"Tesla T4\", \"grad_enabled\": false, \"matmul_allow_tf32\": false, \"torch_initial_seed\": 5043419451920760042, \"torch_version\": \"2.10.0+cu128\"}}\n"}
,{"stream_name":"stdout","time":2307.27263279,"data":"PUBLIC946_GPU_SMOKE {\"arm\": \"B0\", \"association\": {\"actual_primary_logits_after_original_harmonic_fusion\": {\"all_finite\": true, \"device\": \"cuda:0\", \"dtype\": \"torch.float32\", \"numel\": 22499, \"shape\": [1, 151, 149], \"stride\": [22499, 149, 1]}, \"actual_secondary_feature_consumed\": true, \"actual_secondary_logits\": {\"all_finite\": true, \"device\": \"cuda:0\", \"dtype\": \"torch.float32\", \"numel\": 22499, \"shape\": [1, 151, 149], \"stride\": [22499, 149, 1]}, \"coordinate_grid\": {\"downsample\": [1.0, 4.0, 4.0], \"source\": {\"device\": \"cuda:0\", \"dtype\": \"torch.float32\", \"numel\": 453, \"shape\": [1, 151, 3], \"stride\": [151, 1, 151]}, \"target\": {\"device\": \"cuda:0\", \"dtype\": \"torch.float32\", \"numel\": 447, \"shape\": [1, 149, 3], \"stride\": [149, 1, 149]}}, \"diagnostic_edge_head_calls\": 1, \"diagnostic_encoder_calls\": 0, \"diagnostic_probabilities_used_in_production\": false, \"diagnostic_seconds\": 0.010006405000240193, \"frame_pair_index\": 0, \"primary_source_sampled_features\": {\"all_finite\": true, \"device\": \"cuda:0\", \"dtype\": \"torch.float32\", \"numel\": 4832, \"shape\": [1, 151, 32], \"stride\": [4832, 32, 1]}, \"primary_target_sampled_features\": {\"all_finite\": true, \"device\": \"cuda:0\", \"dtype\": \"torch.float32\", \"numel\": 4768, \"shape\": [1, 149, 32], \"stride\": [4768, 32, 1]}, \"probability_comparison_stage\": \"secondary edge-head softmax over parents, before original calibration and low-margin mixing\", \"probability_delta_vs_single_pass_same_coordinates\": {\"sample_elements\": 22499, \"sample_equal\": true, \"sample_max_abs_delta\": 0.0, \"sample_mean_abs_delta\": 0.0, \"sample_stride\": 1}, \"production_calls\": 1, \"same_low_margin_config\": {\"secondary_detection_weight\": 0.8, \"secondary_edge_weight\": 0.15, \"secondary_link_mode\": \"low_margin_consensus\"}, \"source_delta_vs_single_pass\": {\"sample_elements\": 4832, \"sample_equal\": true, \"sample_max_abs_delta\": 0.0, \"sample_mean_abs_delta\": 0.0, \"sample_stride\": 1}, \"source_sampled_features\": {\"all_finite\": true, \"device\": \"cuda:0\", \"dtype\": \"torch.float32\", \"numel\": 4832, \"shape\": [1, 151, 32], \"stride\": [4832, 32, 1]}, \"target_delta_vs_single_pass\": {\"sample_elements\": 4768, \"sample_equal\": true, \"sample_max_abs_delta\": 0.0, \"sample_mean_abs_delta\": 0.0, \"sample_stride\": 1}, \"target_sampled_features\": {\"all_finite\": true, \"device\": \"cuda:0\", \"dtype\": \"torch.float32\", \"numel\": 4768, \"shape\": [1, 149, 32], \"stride\": [4768, 32, 1]}}, \"association_calls\": 1, \"config\": {\"secondary_detection_weight\": 0.8, \"secondary_edge_weight\": 0.15, \"secondary_link_mode\": \"low_margin_consensus\"}, \"consumed_features\": {\"primary\": {\"all_finite\": true, \"delta_vs_single_pass\": {\"sample_elements\": 65536, \"sample_equal\": false, \"sample_max_abs_delta\": 1.9800727367401123, \"sample_mean_abs_delta\": 0.34195613861083984, \"sample_stride\": 256}, \"device\": \"cuda:0\", \"dtype\": \"torch.float32\", \"numel\": 16777216, \"original_encoded_feature_sample_unchanged\": true, \"same_storage_as_original\": false, \"shape\": [1, 2, 32, 64, 64, 64], \"single_pass\": {\"device\": \"cuda:0\", \"dtype\": \"torch.float32\", \"numel\": 16777216, \"shape\": [1, 2, 32, 64, 64, 64], \"stride\": [16777216, 8388608, 262144, 4096, 64, 1]}, \"stride\": [16777216, 8388608, 262144, 4096, 64, 1]}, \"secondary\": {\"all_finite\": true, \"delta_vs_single_pass\": {\"sample_elements\": 65536, \"sample_equal\": true, \"sample_max_abs_delta\": 0.0, \"sample_mean_abs_delta\": 0.0, \"sample_stride\": 256}, \"device\": \"cuda:0\", \"dtype\": \"torch.float32\", \"numel\": 16777216, \"original_encoded_feature_sample_unchanged\": true, \"same_storage_as_original\": true, \"shape\": [1, 2, 32, 64, 64, 64], \"single_pass\": {\"device\": \"cuda:0\", \"dtype\": \"torch.float32\", \"numel\": 16777216, \"shape\": [1, 2, 32, 64, 64, 64], \"stride\": [16777216, 8388608, 262144, 4096, 64, 1]}, \"stride\": [16777216, 8388608, 262144, 4096, 64, 1]}}, \"consumed_heatmaps\": [{\"all_finite\": true, \"device\": \"cuda:0\", \"dtype\": \"torch.float32\", \"numel\": 262144, \"shape\": [1, 1, 64, 64, 64], \"stride\": [262144, 262144, 4096, 64, 1]}, {\"all_finite\": true, \"device\": \"cuda:0\", \"dtype\": \"torch.float32\", \"numel\": 262144, \"shape\": [1, 1, 64, 64, 64], \"stride\": [262144, 262144, 4096, 64, 1]}], \"cuda_peak_allocated_bytes_process\": 728221696, \"cuda_peak_reserved_bytes_process\": 981467136, \"dataset\": \"6bba_085bf656\", \"encode_calls\": {\"primary\": 8, \"secondary\": 8}, \"encode_seconds\": {\"primary\": 1.0638711380006498, \"secondary\": 1.005673826000475}, \"encode_views\": [{\"feature\": {\"device\": \"cuda:0\", \"dtype\": \"torch.float32\", \"numel\": 16777216, \"shape\": [1, 2, 32, 64, 64, 64], \"stride\": [16777216, 8388608, 262144, 4096, 64, 1]}, \"heatmap0\": {\"device\": \"cuda:0\", \"dtype\": \"torch.float32\", \"numel\": 262144, \"shape\": [1, 1, 64, 64, 64], \"stride\": [262144, 262144, 4096, 64, 1]}, \"input\": {\"device\": \"cuda:0\", \"dtype\": \"torch.float32\", \"numel\": 524288, \"shape\": [1, 2, 64, 64, 64], \"stride\": [524288, 262144, 4096, 64, 1]}, \"pass\": 1, \"role\": \"primary\"}, {\"feature\": {\"device\": \"cuda:0\", \"dtype\": \"torch.float32\", \"numel\": 16777216, \"shape\": [1, 2, 32, 64, 64, 64], \"stride\": [16777216, 8388608, 262144, 4096, 64, 1]}, \"heatmap0\": {\"device\": \"cuda:0\", \"dtype\": \"torch.float32\", \"numel\": 262144, \"shape\": [1, 1, 64, 64, 64], \"stride\": [262144, 262144, 4096, 64, 1]}, \"input\": {\"device\": \"cuda:0\", \"dtype\": \"torch.float32\", \"numel\": 524288, \"shape\": [1, 2, 64, 64, 64], \"stride\": [524288, 262144, 4096, 64, 1]}, \"pass\": 2, \"role\": \"primary\"}, {\"feature\": {\"device\": \"cuda:0\", \"dtype\": \"torch.float32\", \"numel\": 16777216, \"shape\": [1, 2, 32, 64, 64, 64], \"stride\": [16777216, 8388608, 262144, 4096, 64, 1]}, \"heatmap0\": {\"device\": \"cuda:0\", \"dtype\": \"torch.float32\", \"numel\": 262144, \"shape\": [1, 1, 64, 64, 64], \"stride\": [262144, 262144, 4096, 64, 1]}, \"input\": {\"device\": \"cuda:0\", \"dtype\": \"torch.float32\", \"numel\": 524288, \"shape\": [1, 2, 64, 64, 64], \"stride\": [524288, 262144, 4096, 64, 1]}, \"pass\": 3, \"role\": \"primary\"}, {\"feature\": {\"device\": \"cuda:0\", \"dtype\": \"torch.float32\", \"numel\": 16777216, \"shape\": [1, 2, 32, 64, 64, 64], \"stride\": [16777216, 8388608, 262144, 4096, 64, 1]}, \"heatmap0\": {\"device\": \"cuda:0\", \"dtype\": \"torch.float32\", \"numel\": 262144, \"shape\": [1, 1, 64, 64, 64], \"stride\": [262144, 262144, 4096, 64, 1]}, \"input\": {\"device\": \"cuda:0\", \"dtype\": \"torch.float32\", \"numel\": 524288, \"shape\": [1, 2, 64, 64, 64], \"stride\": [524288, 262144, 4096, 64, 1]}, \"pass\": 4, \"role\": \"primary\"}, {\"feature\": {\"device\": \"cuda:0\", \"dtype\": \"torch.float32\", \"numel\": 16777216, \"shape\": [1, 2, 32, 64, 64, 64], \"stride\": [16777216, 8388608, 262144, 4096, 64, 1]}, \"heatmap0\": {\"device\": \"cuda:0\", \"dtype\": \"torch.float32\", \"numel\": 262144, \"shape\": [1, 1, 64, 64, 64], \"stride\": [262144, 262144, 4096, 64, 1]}, \"input\": {\"device\": \"cuda:0\", \"dtype\": \"torch.float32\", \"numel\": 524288, \"shape\": [1, 2, 64, 64, 64], \"stride\": [524288, 262144, 4096, 1, 64]}, \"pass\": 5, \"role\": \"primary\"}, {\"feature\": {\"device\": \"cuda:0\", \"dtype\": \"torch.float32\", \"numel\": 16777216, \"shape\": [1, 2, 32, 64, 64, 64], \"stride\": [16777216, 8388608, 262144, 4096, 64, 1]}, \"heatmap0\": {\"device\": \"cuda:0\", \"dtype\": \"torch.float32\", \"numel\": 262144, \"shape\": [1, 1, 64, 64, 64], \"stride\": [262144, 262144, 4096, 64, 1]}, \"input\": {\"device\": \"cuda:0\", \"dtype\": \"torch.float32\", \"numel\": 524288, \"shape\": [1, 2, 64, 64, 64], \"stride\": [524288, 262144, 4096, 1, 64]}, \"pass\": 6, \"role\": \"primary\"}, {\"feature\": {\"device\": \"cuda:0\", \"dtype\": \"torch.float32\", \"numel\": 16777216, \"shape\": [1, 2, 32, 64, 64, 64], \"stride\": [16777216, 8388608, 262144, 4096, 64, 1]}, \"heatmap0\": {\"device\": \"cuda:0\", \"dtype\": \"torch.float32\", \"numel\": 262144, \"shape\": [1, 1, 64, 64, 64], \"stride\": [262144, 262144, 4096, 64, 1]}, \"input\": {\"device\": \"cuda:0\", \"dtype\": \"torch.float32\", \"numel\": 524288, \"shape\": [1, 2, 64, 64, 64], \"stride\": [524288, 262144, 4096, 1, 64]}, \"pass\": 7, \"role\": \"primary\"}, {\"feature\": {\"device\": \"cuda:0\", \"dtype\": \"torch.float32\", \"numel\": 16777216, \"shape\": [1, 2, 32, 64, 64, 64], \"stride\": [16777216, 8388608, 262144, 4096, 64, 1]}, \"heatmap0\": {\"device\": \"cuda:0\", \"dtype\": \"torch.float32\", \"numel\": 262144, \"shape\": [1, 1, 64, 64, 64], \"stride\": [262144, 262144, 4096, 64, 1]}, \"input\": {\"device\": \"cuda:0\", \"dtype\": \"torch.float32\", \"numel\": 524288, \"shape\": [1, 2, 64, 64, 64], \"stride\": [524288, 262144, 4096, 64, 1]}, \"pass\": 8, \"role\": \"primary\"}, {\"feature\": {\"device\": \"cuda:0\", \"dtype\": \"torch.float32\", \"numel\": 16777216, \"shape\": [1, 2, 32, 64, 64, 64], \"stride\": [16777216, 8388608, 262144, 4096, 64, 1]}, \"heatmap0\": {\"device\": \"cuda:0\", \"dtype\": \"torch.float32\", \"numel\": 262144, \"shape\": [1, 1, 64, 64, 64], \"stride\": [262144, 262144, 4096, 64, 1]}, \"input\": {\"device\": \"cuda:0\", \"dtype\": \"torch.float32\", \"numel\": 524288, \"shape\": [1, 2, 64, 64, 64], \"stride\": [524288, 262144, 4096, 64, 1]}, \"pass\": 1, \"role\": \"secondary\"}, {\"feature\": {\"device\": \"cuda:0\", \"dtype\": \"torch.float32\", \"numel\": 16777216, \"shape\": [1, 2, 32, 64, 64, 64], \"stride\": [16777216, 8388608, 262144, 4096, 64, 1]}, \"heatmap0\": {\"device\": \"cuda:0\", \"dtype\": \"torch.float32\", \"numel\": 262144, \"shape\": [1, 1, 64, 64, 64], \"stride\": [262144, 262144, 4096, 64, 1]}, \"input\": {\"device\": \"cuda:0\", \"dtype\": \"torch.float32\", \"numel\": 524288, \"shape\": [1, 2, 64, 64, 64], \"stride\": [524288, 262144, 4096, 64, 1]}, \"pass\": 2, \"role\": \"secondary\"}, {\"feature\": {\"device\": \"cuda:0\", \"dtype\": \"torch.float32\", \"numel\": 16777216, \"shape\": [1, 2, 32, 64, 64, 64], \"stride\": [16777216, 8388608, 262144, 4096, 64, 1]}, \"heatmap0\": {\"device\": \"cuda:0\", \"dtype\": \"torch.float32\", \"numel\": 262144, \"shape\": [1, 1, 64, 64, 64], \"stride\": [262144, 262144, 4096, 64, 1]}, \"input\": {\"device\": \"cuda:0\", \"dtype\": \"torch.float32\", \"numel\": 524288, \"shape\": [1, 2, 64, 64, 64], \"stride\": [524288, 262144, 4096, 64, 1]}, \"pass\": 3, \"role\": \"secondary\"}, {\"feature\": {\"device\": \"cuda:0\", \"dtype\": \"torch.float32\", \"numel\": 16777216, \"shape\": [1, 2, 32, 64, 64, 64], \"stride\": [16777216, 8388608, 262144, 4096, 64, 1]}, \"heatmap0\": {\"device\": \"cuda:0\", \"dtype\": \"torch.float32\", \"numel\": 262144, \"shape\": [1, 1, 64, 64, 64], \"stride\": [262144, 262144, 4096, 64, 1]}, \"input\": {\"device\": \"cuda:0\", \"dtype\": \"torch.float32\", \"numel\": 524288, \"shape\": [1, 2, 64, 64, 64], \"stride\": [524288, 262144, 4096, 64, 1]}, \"pass\": 4, \"role\": \"secondary\"}, {\"feature\": {\"device\": \"cuda:0\", \"dtype\": \"torch.float32\", \"numel\": 16777216, \"shape\": [1, 2, 32, 64, 64, 64], \"stride\": [16777216, 8388608, 262144, 4096, 64, 1]}, \"heatmap0\": {\"device\": \"cuda:0\", \"dtype\": \"torch.float32\", \"numel\": 262144, \"shape\": [1, 1, 64, 64, 64], \"stride\": [262144, 262144, 4096, 64, 1]}, \"input\": {\"device\": \"cuda:0\", \"dtype\": \"torch.float32\", \"numel\": 524288, \"shape\": [1, 2, 64, 64, 64], \"stride\": [524288, 262144, 4096, 1, 64]}, \"pass\": 5, \"role\": \"secondary\"}, {\"feature\": {\"device\": \"cuda:0\", \"dtype\": \"torch.float32\", \"numel\": 16777216, \"shape\": [1, 2, 32, 64, 64, 64], \"stride\": [16777216, 8388608, 262144, 4096, 64, 1]}, \"heatmap0\": {\"device\": \"cuda:0\", \"dtype\": \"torch.float32\", \"numel\": 262144, \"shape\": [1, 1, 64, 64, 64], \"stride\": [262144, 262144, 4096, 64, 1]}, \"input\": {\"device\": \"cuda:0\", \"dtype\": \"torch.float32\", \"numel\": 524288, \"shape\": [1, 2, 64, 64, 64], \"stride\": [524288, 262144, 4096, 1, 64]}, \"pass\": 6, \"role\": \"secondary\"}, {\"feature\": {\"device\": \"cuda:0\", \"dtype\": \"torch.float32\", \"numel\": 16777216, \"shape\": [1, 2, 32, 64, 64, 64], \"stride\": [16777216, 8388608, 262144, 4096, 64, 1]}, \"heatmap0\": {\"device\": \"cuda:0\", \"dtype\": \"torch.float32\", \"numel\": 262144, \"shape\": [1, 1, 64, 64, 64], \"stride\": [262144, 262144, 4096, 64, 1]}, \"input\": {\"device\": \"cuda:0\", \"dtype\": \"torch.float32\", \"numel\": 524288, \"shape\": [1, 2, 64, 64, 64], \"stride\": [524288, 262144, 4096, 1, 64]}, \"pass\": 7, \"role\": \"secondary\"}, {\"feature\": {\"device\": \"cuda:0\", \"dtype\": \"torch.float32\", \"numel\": 16777216, \"shape\": [1, 2, 32, 64, 64, 64], \"stride\": [16777216, 8388608, 262144, 4096, 64, 1]}, \"heatmap0\": {\"device\": \"cuda:0\", \"dtype\": \"torch.float32\", \"numel\": 262144, \"shape\": [1, 1, 64, 64, 64], \"stride\": [262144, 262144, 4096, 64, 1]}, \"input\": {\"device\": \"cuda:0\", \"dtype\": \"torch.float32\", \"numel\": 524288, \"shape\": [1, 2, 64, 64, 64], \"stride\": [524288, 262144, 4096, 64, 1]}, \"pass\": 8, \"role\": \"secondary\"}], \"event\": \"actual_predictor_window\", \"frames\": [0, 1], \"input\": {\"all_finite\": true, \"device\": \"cuda:0\", \"dtype\": \"torch.float32\", \"numel\": 524288, \"shape\": [1, 2, 64, 64, 64], \"stride\": [524288, 262144, 4096, 64, 1]}, \"input_parent\": \"/kaggle/input/competitions/biohub-cell-tracking-during-development/train\", \"seconds_including_common_audit\": 2.14357183500033, \"window_index\": 1, \"worker_execution_settings\": {\"autocast_enabled\": false, \"cuda_runtime\": \"12.8\", \"cudnn_allow_tf32\": true, \"cudnn_benchmark\": false, \"cudnn_deterministic\": false, \"default_dtype\": \"torch.float32\", \"deterministic_algorithms\": false, \"float32_matmul_precision\": \"highest\", \"gpu_name\": \"Tesla T4\", \"grad_enabled\": false, \"matmul_allow_tf32\": false, \"torch_initial_seed\": 5043419451920760042, \"torch_version\": \"2.10.0+cu128\"}}\n"}
,{"stream_name":"stdout","time":2308.257796451,"data":"EDGE_TTA_ACTIVE views= 8 mean_abs_feat_delta= 0.338746\n"}
,{"stream_name":"stdout","time":2308.460308063,"data":"EDGE_TTA_ACTIVE views= 8 mean_abs_feat_delta= 0.338746\n"}
,{"stream_name":"stdout","time":2308.687408149,"data":"EDGE_TTA_ACTIVE views= 8 mean_abs_feat_delta= 0.284166\n"}
,{"stream_name":"stdout","time":2308.889732675,"data":"EDGE_TTA_ACTIVE views= 8 mean_abs_feat_delta= 0.284166\n"}
,{"stream_name":"stdout","time":2310.502875404,"data":"EDGE_TTA_ACTIVE views= 8 mean_abs_feat_delta= 0.340952\n"}
,{"stream_name":"stdout","time":2310.793604335,"data":"EDGE_TTA_ACTIVE views= 8 mean_abs_feat_delta= 0.340952\n"}
,{"stream_name":"stdout","time":2310.838237695,"data":"EDGE_TTA_ACTIVE views= 8 mean_abs_feat_delta= 0.284946\n"}
,{"stream_name":"stdout","time":2311.042176285,"data":"EDGE_TTA_ACTIVE views= 8 mean_abs_feat_delta= 0.284946\n"}
,{"stream_name":"stdout","time":2312.687527559,"data":"EDGE_TTA_ACTIVE views= 8 mean_abs_feat_delta= 0.342027\n"}
,{"stream_name":"stdout","time":2312.889981878,"data":"EDGE_TTA_ACTIVE views= 8 mean_abs_feat_delta= 0.342027\n"}
,{"stream_name":"stdout","time":2312.985416531,"data":"EDGE_TTA_ACTIVE views= 8 mean_abs_feat_delta= 0.277939\n"}
,{"stream_name":"stdout","time":2313.187755739,"data":"EDGE_TTA_ACTIVE views= 8 mean_abs_feat_delta= 0.277939\n"}
,{"stream_name":"stdout","time":2314.918983543,"data":"EDGE_TTA_ACTIVE views= 8 mean_abs_feat_delta= 0.339705\n"}
,{"stream_name":"stdout","time":2315.121511602,"data":"EDGE_TTA_ACTIVE views= 8 mean_abs_feat_delta= 0.339705\n"}
,{"stream_name":"stdout","time":2315.155294156,"data":"EDGE_TTA_ACTIVE views= 8 mean_abs_feat_delta= 0.282273\n"}
,{"stream_name":"stdout","time":2315.357907455,"data":"EDGE_TTA_ACTIVE views= 8 mean_abs_feat_delta= 0.282273\n"}
,{"stream_name":"stdout","time":2317.172862162,"data":"EDGE_TTA_ACTIVE views= 8 mean_abs_feat_delta= 0.340104\n"}
,{"stream_name":"stdout","time":2317.358607774,"data":"EDGE_TTA_ACTIVE views= 8 mean_abs_feat_delta= 0.284153\n"}
,{"stream_name":"stdout","time":2317.375592798,"data":"EDGE_TTA_ACTIVE views= 8 mean_abs_feat_delta= 0.340104\n"}
,{"stream_name":"stdout","time":2317.375622735,"data":"EDGE_TTA_ACTIVE views= 8 mean_abs_feat_delta= 0.284153\n"}
,{"stream_name":"stdout","time":2319.456041041,"data":"EDGE_TTA_ACTIVE views= 8 mean_abs_feat_delta= 0.339763\n"}
,{"stream_name":"stdout","time":2319.65874274,"data":"EDGE_TTA_ACTIVE views= 8 mean_abs_feat_delta= 0.339763\n"}
,{"stream_name":"stdout","time":2319.716282276,"data":"EDGE_TTA_ACTIVE views= 8 mean_abs_feat_delta= 0.284297\n"}
,{"stream_name":"stdout","time":2319.918542211,"data":"EDGE_TTA_ACTIVE views= 8 mean_abs_feat_delta= 0.284297\n"}
,{"stream_name":"stdout","time":2321.660782103,"data":"EDGE_TTA_ACTIVE views= 8 mean_abs_feat_delta= 0.333526\n"}
,{"stream_name":"stdout","time":2321.863300621,"data":"EDGE_TTA_ACTIVE views= 8 mean_abs_feat_delta= 0.333526\n"}
,{"stream_name":"stdout","time":2321.954935328,"data":"EDGE_TTA_ACTIVE views= 8 mean_abs_feat_delta= 0.276563\n"}
,{"stream_name":"stdout","time":2322.157210446,"data":"EDGE_TTA_ACTIVE views= 8 mean_abs_feat_delta= 0.276563\n"}
,{"stream_name":"stdout","time":2323.924056371,"data":"EDGE_TTA_ACTIVE views= 8 mean_abs_feat_delta= 0.336952\n"}
,{"stream_name":"stdout","time":2324.126549966,"data":"EDGE_TTA_ACTIVE views= 8 mean_abs_feat_delta= 0.336952\n"}
,{"stream_name":"stdout","time":2324.18730584,"data":"EDGE_TTA_ACTIVE views= 8 mean_abs_feat_delta= 0.277027\n"}
,{"stream_name":"stdout","time":2324.389731183,"data":"EDGE_TTA_ACTIVE views= 8 mean_abs_feat_delta= 0.277027\n"}
,{"stream_name":"stdout","time":2326.120040685,"data":"EDGE_TTA_ACTIVE views= 8 mean_abs_feat_delta= 0.345093\n"}
,{"stream_name":"stdout","time":2326.322619815,"data":"EDGE_TTA_ACTIVE views= 8 mean_abs_feat_delta= 0.345093\n"}
,{"stream_name":"stdout","time":2326.383480076,"data":"EDGE_TTA_ACTIVE views= 8 mean_abs_feat_delta= 0.279545\n"}
,{"stream_name":"stdout","time":2326.585922061,"data":"EDGE_TTA_ACTIVE views= 8 mean_abs_feat_delta= 0.279545\n"}
,{"stream_name":"stdout","time":2328.391444181,"data":"EDGE_TTA_ACTIVE views= 8 mean_abs_feat_delta= 0.34152\n"}
,{"stream_name":"stdout","time":2328.52820313,"data":"EDGE_TTA_ACTIVE views= 8 mean_abs_feat_delta= 0.281065\n"}
,{"stream_name":"stdout","time":2328.594025826,"data":"EDGE_TTA_ACTIVE views= 8 mean_abs_feat_delta= 0.34152\n"}
,{"stream_name":"stdout","time":2328.594067073,"data":"EDGE_TTA_ACTIVE views= 8 mean_abs_feat_delta= 0.281065\n"}
,{"stream_name":"stdout","time":2330.568371206,"data":"EDGE_TTA_ACTIVE views= 8 mean_abs_feat_delta= 0.341151\n"}
,{"stream_name":"stdout","time":2330.770757939,"data":"EDGE_TTA_ACTIVE views= 8 mean_abs_feat_delta= 0.341151\n"}
,{"stream_name":"stdout","time":2330.873321676,"data":"EDGE_TTA_ACTIVE views= 8 mean_abs_feat_delta= 0.285064\n"}
,{"stream_name":"stdout","time":2331.076272327,"data":"EDGE_TTA_ACTIVE views= 8 mean_abs_feat_delta= 0.285064\n"}
,{"stream_name":"stdout","time":2332.753539948,"data":"EDGE_TTA_ACTIVE views= 8 mean_abs_feat_delta= 0.34019\n"}
,{"stream_name":"stdout","time":2332.955960713,"data":"EDGE_TTA_ACTIVE views= 8 mean_abs_feat_delta= 0.34019\n"}
,{"stream_name":"stdout","time":2333.113171588,"data":"EDGE_TTA_ACTIVE views= 8 mean_abs_feat_delta= 0.284192\n"}
,{"stream_name":"stdout","time":2333.315553497,"data":"EDGE_TTA_ACTIVE views= 8 mean_abs_feat_delta= 0.284192\n"}
,{"stream_name":"stdout","time":2334.967648401,"data":"EDGE_TTA_ACTIVE views= 8 mean_abs_feat_delta= 0.344388\n"}
,{"stream_name":"stdout","time":2335.170091811,"data":"EDGE_TTA_ACTIVE views= 8 mean_abs_feat_delta= 0.344388\n"}
,{"stream_name":"stdout","time":2335.340362258,"data":"EDGE_TTA_ACTIVE views= 8 mean_abs_feat_delta= 0.28167\n"}
,{"stream_name":"stdout","time":2335.542821076,"data":"EDGE_TTA_ACTIVE views= 8 mean_abs_feat_delta= 0.28167\n"}
,{"stream_name":"stdout","time":2337.186673382,"data":"EDGE_TTA_ACTIVE views= 8 mean_abs_feat_delta= 0.343422\n"}
,{"stream_name":"stdout","time":2337.389254698,"data":"EDGE_TTA_ACTIVE views= 8 mean_abs_feat_delta= 0.343422\n"}
,{"stream_name":"stdout","time":2337.543474627,"data":"EDGE_TTA_ACTIVE views= 8 mean_abs_feat_delta= 0.28237\n"}
,{"stream_name":"stdout","time":2337.745958699,"data":"EDGE_TTA_ACTIVE views= 8 mean_abs_feat_delta= 0.28237\n"}
,{"stream_name":"stdout","time":2339.415849788,"data":"EDGE_TTA_ACTIVE views= 8 mean_abs_feat_delta= 0.340401\n"}
,{"stream_name":"stdout","time":2339.618158066,"data":"EDGE_TTA_ACTIVE views= 8 mean_abs_feat_delta= 0.340401\n"}
,{"stream_name":"stdout","time":2339.774778742,"data":"EDGE_TTA_ACTIVE views= 8 mean_abs_feat_delta= 0.282802\n"}
,{"stream_name":"stdout","time":2339.976949562,"data":"EDGE_TTA_ACTIVE views= 8 mean_abs_feat_delta= 0.282802\n"}
,{"stream_name":"stdout","time":2341.60670233,"data":"EDGE_TTA_ACTIVE views= 8 mean_abs_feat_delta= 0.339951\n"}
,{"stream_name":"stdout","time":2341.894748739,"data":"EDGE_TTA_ACTIVE views= 8 mean_abs_feat_delta= 0.339951\n"}
,{"stream_name":"stdout","time":2341.976704227,"data":"EDGE_TTA_ACTIVE views= 8 mean_abs_feat_delta= 0.285432\n"}
,{"stream_name":"stdout","time":2342.179916792,"data":"EDGE_TTA_ACTIVE views= 8 mean_abs_feat_delta= 0.285432\n"}
,{"stream_name":"stdout","time":2343.875786438,"data":"EDGE_TTA_ACTIVE views= 8 mean_abs_feat_delta= 0.34749\n"}
,{"stream_name":"stdout","time":2344.078378421,"data":"EDGE_TTA_ACTIVE views= 8 mean_abs_feat_delta= 0.34749\n"}
,{"stream_name":"stdout","time":2344.205389739,"data":"EDGE_TTA_ACTIVE views= 8 mean_abs_feat_delta= 0.281029\n"}
,{"stream_name":"stdout","time":2344.40772616,"data":"EDGE_TTA_ACTIVE views= 8 mean_abs_feat_delta= 0.281029\n"}
,{"stream_name":"stdout","time":2346.082630174,"data":"EDGE_TTA_ACTIVE views= 8 mean_abs_feat_delta= 0.348728\n"}
,{"stream_name":"stdout","time":2346.285351642,"data":"EDGE_TTA_ACTIVE views= 8 mean_abs_feat_delta= 0.348728\n"}
,{"stream_name":"stdout","time":2346.465271813,"data":"EDGE_TTA_ACTIVE views= 8 mean_abs_feat_delta= 0.272919\n"}
,{"stream_name":"stdout","time":2346.667594271,"data":"EDGE_TTA_ACTIVE views= 8 mean_abs_feat_delta= 0.272919\n"}
,{"stream_name":"stdout","time":2348.340239958,"data":"EDGE_TTA_ACTIVE views= 8 mean_abs_feat_delta= 0.348915\n"}
,{"stream_name":"stdout","time":2348.542944544,"data":"EDGE_TTA_ACTIVE views= 8 mean_abs_feat_delta= 0.348915\n"}
,{"stream_name":"stdout","time":2348.607984964,"data":"EDGE_TTA_ACTIVE views= 8 mean_abs_feat_delta= 0.279365\n"}
,{"stream_name":"stdout","time":2348.810501562,"data":"EDGE_TTA_ACTIVE views= 8 mean_abs_feat_delta= 0.279365\n"}
,{"stream_name":"stdout","time":2350.58842031,"data":"EDGE_TTA_ACTIVE views= 8 mean_abs_feat_delta= 0.34756\n"}
,{"stream_name":"stdout","time":2350.774261948,"data":"EDGE_TTA_ACTIVE views= 8 mean_abs_feat_delta= 0.282084\n"}
,{"stream_name":"stdout","time":2350.791220357,"data":"EDGE_TTA_ACTIVE views= 8 mean_abs_feat_delta= 0.34756\n"}
,{"stream_name":"stdout","time":2350.791245848,"data":"EDGE_TTA_ACTIVE views= 8 mean_abs_feat_delta= 0.282084\n"}
,{"stream_name":"stdout","time":2352.77698533,"data":"EDGE_TTA_ACTIVE views= 8 mean_abs_feat_delta= 0.341564\n"}
,{"stream_name":"stdout","time":2352.943645697,"data":"EDGE_TTA_ACTIVE views= 8 mean_abs_feat_delta= 0.283885\n"}
,{"stream_name":"stdout","time":2352.979574364,"data":"EDGE_TTA_ACTIVE views= 8 mean_abs_feat_delta= 0.341564\n"}
,{"stream_name":"stdout","time":2352.979637847,"data":"EDGE_TTA_ACTIVE views= 8 mean_abs_feat_delta= 0.283885\n"}
,{"stream_name":"stdout","time":2354.990901651,"data":"EDGE_TTA_ACTIVE views= 8 mean_abs_feat_delta= 0.339453\n"}
,{"stream_name":"stdout","time":2355.193586225,"data":"EDGE_TTA_ACTIVE views= 8 mean_abs_feat_delta= 0.339453\n"}
,{"stream_name":"stdout","time":2355.214986483,"data":"EDGE_TTA_ACTIVE views= 8 mean_abs_feat_delta= 0.284012\n"}
,{"stream_name":"stdout","time":2355.41744628,"data":"EDGE_TTA_ACTIVE views= 8 mean_abs_feat_delta= 0.284012\n"}
,{"stream_name":"stdout","time":2357.191914035,"data":"EDGE_TTA_ACTIVE views= 8 mean_abs_feat_delta= 0.34454\n"}
,{"stream_name":"stdout","time":2357.394682689,"data":"EDGE_TTA_ACTIVE views= 8 mean_abs_feat_delta= 0.34454\n"}
,{"stream_name":"stdout","time":2357.427288948,"data":"EDGE_TTA_ACTIVE views= 8 mean_abs_feat_delta= 0.28661\n"}
,{"stream_name":"stdout","time":2357.630162045,"data":"EDGE_TTA_ACTIVE views= 8 mean_abs_feat_delta= 0.28661\n"}
,{"stream_name":"stdout","time":2359.360479284,"data":"EDGE_TTA_ACTIVE views= 8 mean_abs_feat_delta= 0.34235\n"}
,{"stream_name":"stdout","time":2359.562517685,"data":"EDGE_TTA_ACTIVE views= 8 mean_abs_feat_delta= 0.34235\n"}
,{"stream_name":"stdout","time":2359.580632289,"data":"EDGE_TTA_ACTIVE views= 8 mean_abs_feat_delta= 0.287228\n"}
,{"stream_name":"stdout","time":2359.783028735,"data":"EDGE_TTA_ACTIVE views= 8 mean_abs_feat_delta= 0.287228\n"}
,{"stream_name":"stdout","time":2361.513236222,"data":"EDGE_TTA_ACTIVE views= 8 mean_abs_feat_delta= 0.339835\n"}
,{"stream_name":"stdout","time":2361.715505017,"data":"EDGE_TTA_ACTIVE views= 8 mean_abs_feat_delta= 0.339835\n"}
,{"stream_name":"stdout","time":2361.762601126,"data":"EDGE_TTA_ACTIVE views= 8 mean_abs_feat_delta= 0.285405\n"}
,{"stream_name":"stdout","time":2361.964909656,"data":"EDGE_TTA_ACTIVE views= 8 mean_abs_feat_delta= 0.285405\n"}
,{"stream_name":"stdout","time":2363.704865754,"data":"EDGE_TTA_ACTIVE views= 8 mean_abs_feat_delta= 0.343666\n"}
,{"stream_name":"stdout","time":2363.907361766,"data":"EDGE_TTA_ACTIVE views= 8 mean_abs_feat_delta= 0.343666\n"}
,{"stream_name":"stdout","time":2363.930312099,"data":"EDGE_TTA_ACTIVE views= 8 mean_abs_feat_delta= 0.28492\n"}
,{"stream_name":"stdout","time":2364.132541291,"data":"EDGE_TTA_ACTIVE views= 8 mean_abs_feat_delta= 0.28492\n"}
,{"stream_name":"stdout","time":2365.903163971,"data":"EDGE_TTA_ACTIVE views= 8 mean_abs_feat_delta= 0.345266\n"}
,{"stream_name":"stdout","time":2366.105591822,"data":"EDGE_TTA_ACTIVE views= 8 mean_abs_feat_delta= 0.345266\n"}
,{"stream_name":"stdout","time":2366.129479609,"data":"EDGE_TTA_ACTIVE views= 8 mean_abs_feat_delta= 0.283264\n"}
,{"stream_name":"stdout","time":2366.332213158,"data":"EDGE_TTA_ACTIVE views= 8 mean_abs_feat_delta= 0.283264\n"}
,{"stream_name":"stdout","time":2368.086864974,"data":"EDGE_TTA_ACTIVE views= 8 mean_abs_feat_delta= 0.347232\n"}
,{"stream_name":"stdout","time":2368.289516824,"data":"EDGE_TTA_ACTIVE views= 8 mean_abs_feat_delta= 0.347232\n"}
,{"stream_name":"stdout","time":2368.321165599,"data":"EDGE_TTA_ACTIVE views= 8 mean_abs_feat_delta= 0.283715\n"}
,{"stream_name":"stdout","time":2368.523401826,"data":"EDGE_TTA_ACTIVE views= 8 mean_abs_feat_delta= 0.283715\n"}
,{"stream_name":"stdout","time":2370.276938483,"data":"EDGE_TTA_ACTIVE views= 8 mean_abs_feat_delta= 0.344073\n"}
,{"stream_name":"stdout","time":2370.479674731,"data":"EDGE_TTA_ACTIVE views= 8 mean_abs_feat_delta= 0.344073\n"}
,{"stream_name":"stdout","time":2370.540326193,"data":"EDGE_TTA_ACTIVE views= 8 mean_abs_feat_delta= 0.283294\n"}
,{"stream_name":"stdout","time":2370.742581321,"data":"EDGE_TTA_ACTIVE views= 8 mean_abs_feat_delta= 0.283294\n"}
,{"stream_name":"stdout","time":2372.403920706,"data":"EDGE_TTA_ACTIVE views= 8 mean_abs_feat_delta= 0.342224\n"}
,{"stream_name":"stdout","time":2372.697760307,"data":"EDGE_TTA_ACTIVE views= 8 mean_abs_feat_delta= 0.342224\n"}
,{"stream_name":"stdout","time":2372.730846677,"data":"EDGE_TTA_ACTIVE views= 8 mean_abs_feat_delta= 0.286449\n"}
,{"stream_name":"stdout","time":2372.933223862,"data":"EDGE_TTA_ACTIVE views= 8 mean_abs_feat_delta= 0.286449\n"}
,{"stream_name":"stdout","time":2374.614334412,"data":"EDGE_TTA_ACTIVE views= 8 mean_abs_feat_delta= 0.340766\n"}
,{"stream_name":"stdout","time":2374.816944232,"data":"EDGE_TTA_ACTIVE views= 8 mean_abs_feat_delta= 0.340766\n"}
,{"stream_name":"stdout","time":2374.958170884,"data":"EDGE_TTA_ACTIVE views= 8 mean_abs_feat_delta= 0.290051\n"}
,{"stream_name":"stdout","time":2375.160844819,"data":"EDGE_TTA_ACTIVE views= 8 mean_abs_feat_delta= 0.290051\n"}
,{"stream_name":"stdout","time":2376.846443688,"data":"EDGE_TTA_ACTIVE views= 8 mean_abs_feat_delta= 0.342603\n"}
,{"stream_name":"stdout","time":2377.048890225,"data":"EDGE_TTA_ACTIVE views= 8 mean_abs_feat_delta= 0.342603\n"}
,{"stream_name":"stdout","time":2377.074664208,"data":"EDGE_TTA_ACTIVE views= 8 mean_abs_feat_delta= 0.289497\n"}
,{"stream_name":"stdout","time":2377.276985871,"data":"EDGE_TTA_ACTIVE views= 8 mean_abs_feat_delta= 0.289497\n"}
,{"stream_name":"stdout","time":2378.976757888,"data":"EDGE_TTA_ACTIVE views= 8 mean_abs_feat_delta= 0.341082\n"}
,{"stream_name":"stdout","time":2379.179188799,"data":"EDGE_TTA_ACTIVE views= 8 mean_abs_feat_delta= 0.341082\n"}
,{"stream_name":"stdout","time":2379.231103361,"data":"EDGE_TTA_ACTIVE views= 8 mean_abs_feat_delta= 0.282987\n"}
,{"stream_name":"stdout","time":2379.43374709,"data":"EDGE_TTA_ACTIVE views= 8 mean_abs_feat_delta= 0.282987\n"}
,{"stream_name":"stdout","time":2381.14420141,"data":"EDGE_TTA_ACTIVE views= 8 mean_abs_feat_delta= 0.342531\n"}
,{"stream_name":"stdout","time":2381.34707856,"data":"EDGE_TTA_ACTIVE views= 8 mean_abs_feat_delta= 0.342531\n"}
,{"stream_name":"stdout","time":2381.387416729,"data":"EDGE_TTA_ACTIVE views= 8 mean_abs_feat_delta= 0.285694\n"}
,{"stream_name":"stdout","time":2381.589606252,"data":"EDGE_TTA_ACTIVE views= 8 mean_abs_feat_delta= 0.285694\n"}
,{"stream_name":"stdout","time":2383.376773124,"data":"EDGE_TTA_ACTIVE views= 8 mean_abs_feat_delta= 0.338261\n"}
,{"stream_name":"stdout","time":2383.562027862,"data":"EDGE_TTA_ACTIVE views= 8 mean_abs_feat_delta= 0.282414\n"}
,{"stream_name":"stdout","time":2383.579600354,"data":"EDGE_TTA_ACTIVE views= 8 mean_abs_feat_delta= 0.338261\n"}
,{"stream_name":"stdout","time":2383.579624558,"data":"EDGE_TTA_ACTIVE views= 8 mean_abs_feat_delta= 0.282414\n"}
,{"stream_name":"stdout","time":2385.597814728,"data":"EDGE_TTA_ACTIVE views= 8 mean_abs_feat_delta= 0.331504\n"}
,{"stream_name":"stdout","time":2385.784018889,"data":"EDGE_TTA_ACTIVE views= 8 mean_abs_feat_delta= 0.285759\n"}
,{"stream_name":"stdout","time":2385.800379122,"data":"EDGE_TTA_ACTIVE views= 8 mean_abs_feat_delta= 0.331504\n"}
,{"stream_name":"stdout","time":2385.800452642,"data":"EDGE_TTA_ACTIVE views= 8 mean_abs_feat_delta= 0.285759\n"}
,{"stream_name":"stdout","time":2387.737138056,"data":"EDGE_TTA_ACTIVE views= 8 mean_abs_feat_delta= 0.331413\n"}
,{"stream_name":"stdout","time":2387.919887053,"data":"EDGE_TTA_ACTIVE views= 8 mean_abs_feat_delta= 0.283365\n"}
,{"stream_name":"stdout","time":2387.939656672,"data":"EDGE_TTA_ACTIVE views= 8 mean_abs_feat_delta= 0.331413\n"}
,{"stream_name":"stdout","time":2387.939687052,"data":"EDGE_TTA_ACTIVE views= 8 mean_abs_feat_delta= 0.283365\n"}
,{"stream_name":"stdout","time":2389.922877145,"data":"EDGE_TTA_ACTIVE views= 8 mean_abs_feat_delta= 0.329218\n"}
,{"stream_name":"stdout","time":2390.125529825,"data":"EDGE_TTA_ACTIVE views= 8 mean_abs_feat_delta= 0.329218\n"}
,{"stream_name":"stdout","time":2390.132306325,"data":"EDGE_TTA_ACTIVE views= 8 mean_abs_feat_delta= 0.283423\n"}
,{"stream_name":"stdout","time":2390.334814832,"data":"EDGE_TTA_ACTIVE views= 8 mean_abs_feat_delta= 0.283423\n"}
,{"stream_name":"stdout","time":2392.140199652,"data":"EDGE_TTA_ACTIVE views= 8 mean_abs_feat_delta= 0.328908\n"}
,{"stream_name":"stdout","time":2392.342720073,"data":"EDGE_TTA_ACTIVE views= 8 mean_abs_feat_delta= 0.328908\n"}
,{"stream_name":"stdout","time":2392.368700168,"data":"EDGE_TTA_ACTIVE views= 8 mean_abs_feat_delta= 0.280705\n"}
,{"stream_name":"stdout","time":2392.571203219,"data":"EDGE_TTA_ACTIVE views= 8 mean_abs_feat_delta= 0.280705\n"}
,{"stream_name":"stdout","time":2394.326656518,"data":"EDGE_TTA_ACTIVE views= 8 mean_abs_feat_delta= 0.327794\n"}
,{"stream_name":"stdout","time":2394.529263937,"data":"EDGE_TTA_ACTIVE views= 8 mean_abs_feat_delta= 0.327794\n"}
,{"stream_name":"stdout","time":2394.57209468,"data":"EDGE_TTA_ACTIVE views= 8 mean_abs_feat_delta= 0.284385\n"}
,{"stream_name":"stdout","time":2394.774716487,"data":"EDGE_TTA_ACTIVE views= 8 mean_abs_feat_delta= 0.284385\n"}
,{"stream_name":"stdout","time":2396.501708148,"data":"EDGE_TTA_ACTIVE views= 8 mean_abs_feat_delta= 0.325619\n"}
,{"stream_name":"stdout","time":2396.704469962,"data":"EDGE_TTA_ACTIVE views= 8 mean_abs_feat_delta= 0.325619\n"}
,{"stream_name":"stdout","time":2396.704515118,"data":"EDGE_TTA_ACTIVE views= 8 mean_abs_feat_delta= 0.285391\n"}
,{"stream_name":"stdout","time":2396.907020301,"data":"EDGE_TTA_ACTIVE views= 8 mean_abs_feat_delta= 0.285391\n"}
,{"stream_name":"stdout","time":2398.730228077,"data":"EDGE_TTA_ACTIVE views= 8 mean_abs_feat_delta= 0.326224\n"}
,{"stream_name":"stdout","time":2398.93281945,"data":"EDGE_TTA_ACTIVE views= 8 mean_abs_feat_delta= 0.326224\n"}
,{"stream_name":"stdout","time":2398.94745998,"data":"EDGE_TTA_ACTIVE views= 8 mean_abs_feat_delta= 0.282606\n"}
,{"stream_name":"stdout","time":2399.149672376,"data":"EDGE_TTA_ACTIVE views= 8 mean_abs_feat_delta= 0.282606\n"}
,{"stream_name":"stdout","time":2400.863655476,"data":"EDGE_TTA_ACTIVE views= 8 mean_abs_feat_delta= 0.321245\n"}
,{"stream_name":"stdout","time":2401.068709646,"data":"EDGE_TTA_ACTIVE views= 8 mean_abs_feat_delta= 0.321245\n"}
,{"stream_name":"stdout","time":2401.194789846,"data":"EDGE_TTA_ACTIVE views= 8 mean_abs_feat_delta= 0.275618\n"}
,{"stream_name":"stdout","time":2401.397374885,"data":"EDGE_TTA_ACTIVE views= 8 mean_abs_feat_delta= 0.275618\n"}
,{"stream_name":"stdout","time":2403.023893873,"data":"EDGE_TTA_ACTIVE views= 8 mean_abs_feat_delta= 0.319781\n"}
,{"stream_name":"stdout","time":2403.315120216,"data":"EDGE_TTA_ACTIVE views= 8 mean_abs_feat_delta= 0.319781\n"}
,{"stream_name":"stdout","time":2403.408760228,"data":"EDGE_TTA_ACTIVE views= 8 mean_abs_feat_delta= 0.28438\n"}
,{"stream_name":"stdout","time":2403.610999769,"data":"EDGE_TTA_ACTIVE views= 8 mean_abs_feat_delta= 0.28438\n"}
,{"stream_name":"stdout","time":2405.214853791,"data":"EDGE_TTA_ACTIVE views= 8 mean_abs_feat_delta= 0.322829\n"}
,{"stream_name":"stdout","time":2405.417183562,"data":"EDGE_TTA_ACTIVE views= 8 mean_abs_feat_delta= 0.322829\n"}
,{"stream_name":"stdout","time":2405.620076577,"data":"EDGE_TTA_ACTIVE views= 8 mean_abs_feat_delta= 0.289699\n"}
,{"stream_name":"stdout","time":2405.822571945,"data":"EDGE_TTA_ACTIVE views= 8 mean_abs_feat_delta= 0.289699\n"}
,{"stream_name":"stdout","time":2407.413185149,"data":"EDGE_TTA_ACTIVE views= 8 mean_abs_feat_delta= 0.326443\n"}
,{"stream_name":"stdout","time":2407.615561567,"data":"EDGE_TTA_ACTIVE views= 8 mean_abs_feat_delta= 0.326443\n"}
,{"stream_name":"stdout","time":2407.785588787,"data":"EDGE_TTA_ACTIVE views= 8 mean_abs_feat_delta= 0.289712\n"}
,{"stream_name":"stdout","time":2407.987863217,"data":"EDGE_TTA_ACTIVE views= 8 mean_abs_feat_delta= 0.289712\n"}
,{"stream_name":"stdout","time":2409.576502849,"data":"EDGE_TTA_ACTIVE views= 8 mean_abs_feat_delta= 0.326852\n"}
,{"stream_name":"stdout","time":2409.779138543,"data":"EDGE_TTA_ACTIVE views= 8 mean_abs_feat_delta= 0.326852\n"}
,{"stream_name":"stdout","time":2409.974532761,"data":"EDGE_TTA_ACTIVE views= 8 mean_abs_feat_delta= 0.28685\n"}
,{"stream_name":"stdout","time":2410.176736638,"data":"EDGE_TTA_ACTIVE views= 8 mean_abs_feat_delta= 0.28685\n"}
,{"stream_name":"stdout","time":2411.769223621,"data":"EDGE_TTA_ACTIVE views= 8 mean_abs_feat_delta= 0.329914\n"}
,{"stream_name":"stdout","time":2411.971654227,"data":"EDGE_TTA_ACTIVE views= 8 mean_abs_feat_delta= 0.329914\n"}
,{"stream_name":"stdout","time":2412.182190181,"data":"EDGE_TTA_ACTIVE views= 8 mean_abs_feat_delta= 0.276535\n"}
,{"stream_name":"stdout","time":2412.384736198,"data":"EDGE_TTA_ACTIVE views= 8 mean_abs_feat_delta= 0.276535\n"}
,{"stream_name":"stdout","time":2413.981971505,"data":"EDGE_TTA_ACTIVE views= 8 mean_abs_feat_delta= 0.3332\n"}
,{"stream_name":"stdout","time":2414.184471484,"data":"EDGE_TTA_ACTIVE views= 8 mean_abs_feat_delta= 0.3332\n"}
,{"stream_name":"stdout","time":2414.398685819,"data":"EDGE_TTA_ACTIVE views= 8 mean_abs_feat_delta= 0.287692\n"}
,{"stream_name":"stdout","time":2414.60123186,"data":"EDGE_TTA_ACTIVE views= 8 mean_abs_feat_delta= 0.287692\n"}
,{"stream_name":"stdout","time":2416.174631786,"data":"EDGE_TTA_ACTIVE views= 8 mean_abs_feat_delta= 0.326396\n"}
,{"stream_name":"stdout","time":2416.377102848,"data":"EDGE_TTA_ACTIVE views= 8 mean_abs_feat_delta= 0.326396\n"}
,{"stream_name":"stdout","time":2416.620874105,"data":"EDGE_TTA_ACTIVE views= 8 mean_abs_feat_delta= 0.280114\n"}
,{"stream_name":"stdout","time":2416.823807262,"data":"EDGE_TTA_ACTIVE views= 8 mean_abs_feat_delta= 0.280114\n"}
,{"stream_name":"stdout","time":2418.384233516,"data":"EDGE_TTA_ACTIVE views= 8 mean_abs_feat_delta= 0.327676\n"}
,{"stream_name":"stdout","time":2418.586907558,"data":"EDGE_TTA_ACTIVE views= 8 mean_abs_feat_delta= 0.327676\n"}
,{"stream_name":"stdout","time":2418.827704157,"data":"EDGE_TTA_ACTIVE views= 8 mean_abs_feat_delta= 0.287119\n"}
,{"stream_name":"stdout","time":2419.030052897,"data":"EDGE_TTA_ACTIVE views= 8 mean_abs_feat_delta= 0.287119\n"}
,{"stream_name":"stdout","time":2420.546579634,"data":"EDGE_TTA_ACTIVE views= 8 mean_abs_feat_delta= 0.330541\n"}
,{"stream_name":"stdout","time":2420.749090254,"data":"EDGE_TTA_ACTIVE views= 8 mean_abs_feat_delta= 0.330541\n"}
,{"stream_name":"stdout","time":2421.014608926,"data":"EDGE_TTA_ACTIVE views= 8 mean_abs_feat_delta= 0.282418\n"}
,{"stream_name":"stdout","time":2421.217479455,"data":"EDGE_TTA_ACTIVE views= 8 mean_abs_feat_delta= 0.282418\n"}
,{"stream_name":"stdout","time":2422.705539826,"data":"EDGE_TTA_ACTIVE views= 8 mean_abs_feat_delta= 0.335217\n"}
,{"stream_name":"stdout","time":2422.908292688,"data":"EDGE_TTA_ACTIVE views= 8 mean_abs_feat_delta= 0.335217\n"}
,{"stream_name":"stdout","time":2423.242437311,"data":"EDGE_TTA_ACTIVE views= 8 mean_abs_feat_delta= 0.275023\n"}
,{"stream_name":"stdout","time":2423.444855872,"data":"EDGE_TTA_ACTIVE views= 8 mean_abs_feat_delta= 0.275023\n"}
,{"stream_name":"stdout","time":2424.892152588,"data":"EDGE_TTA_ACTIVE views= 8 mean_abs_feat_delta= 0.33513\n"}
,{"stream_name":"stdout","time":2425.094567826,"data":"EDGE_TTA_ACTIVE views= 8 mean_abs_feat_delta= 0.33513\n"}
,{"stream_name":"stdout","time":2425.435113902,"data":"EDGE_TTA_ACTIVE views= 8 mean_abs_feat_delta= 0.279236\n"}
,{"stream_name":"stdout","time":2425.637784782,"data":"EDGE_TTA_ACTIVE views= 8 mean_abs_feat_delta= 0.279236\n"}
,{"stream_name":"stdout","time":2427.05345951,"data":"EDGE_TTA_ACTIVE views= 8 mean_abs_feat_delta= 0.328111\n"}
,{"stream_name":"stdout","time":2427.255842274,"data":"EDGE_TTA_ACTIVE views= 8 mean_abs_feat_delta= 0.328111\n"}
,{"stream_name":"stdout","time":2427.618800294,"data":"EDGE_TTA_ACTIVE views= 8 mean_abs_feat_delta= 0.280951\n"}
,{"stream_name":"stdout","time":2427.821242281,"data":"EDGE_TTA_ACTIVE views= 8 mean_abs_feat_delta= 0.280951\n"}
,{"stream_name":"stdout","time":2429.227050138,"data":"EDGE_TTA_ACTIVE views= 8 mean_abs_feat_delta= 0.326627\n"}
,{"stream_name":"stdout","time":2429.42940858,"data":"EDGE_TTA_ACTIVE views= 8 mean_abs_feat_delta= 0.326627\n"}
,{"stream_name":"stdout","time":2429.828945797,"data":"EDGE_TTA_ACTIVE views= 8 mean_abs_feat_delta= 0.282683\n"}
,{"stream_name":"stdout","time":2430.031204765,"data":"EDGE_TTA_ACTIVE views= 8 mean_abs_feat_delta= 0.282683\n"}
,{"stream_name":"stdout","time":2431.395883165,"data":"EDGE_TTA_ACTIVE views= 8 mean_abs_feat_delta= 0.329018\n"}
,{"stream_name":"stdout","time":2431.598876444,"data":"EDGE_TTA_ACTIVE views= 8 mean_abs_feat_delta= 0.329018\n"}
,{"stream_name":"stdout","time":2432.074491955,"data":"EDGE_TTA_ACTIVE views= 8 mean_abs_feat_delta= 0.279078\n"}
,{"stream_name":"stdout","time":2432.277212385,"data":"EDGE_TTA_ACTIVE views= 8 mean_abs_feat_delta= 0.279078\n"}
,{"stream_name":"stdout","time":2433.599279694,"data":"EDGE_TTA_ACTIVE views= 8 mean_abs_feat_delta= 0.333443\n"}
,{"stream_name":"stdout","time":2433.896841452,"data":"EDGE_TTA_ACTIVE views= 8 mean_abs_feat_delta= 0.333443\n"}
,{"stream_name":"stdout","time":2434.255117547,"data":"EDGE_TTA_ACTIVE views= 8 mean_abs_feat_delta= 0.283394\n"}
,{"stream_name":"stdout","time":2434.457527019,"data":"EDGE_TTA_ACTIVE views= 8 mean_abs_feat_delta= 0.283394\n"}
,{"stream_name":"stdout","time":2435.73883775,"data":"EDGE_TTA_ACTIVE views= 8 mean_abs_feat_delta= 0.336707\n"}
,{"stream_name":"stdout","time":2435.941384766,"data":"EDGE_TTA_ACTIVE views= 8 mean_abs_feat_delta= 0.336707\n"}
,{"stream_name":"stdout","time":2436.464796301,"data":"EDGE_TTA_ACTIVE views= 8 mean_abs_feat_delta= 0.281801\n"}
,{"stream_name":"stdout","time":2436.667455385,"data":"EDGE_TTA_ACTIVE views= 8 mean_abs_feat_delta= 0.281801\n"}
,{"stream_name":"stdout","time":2437.952118228,"data":"EDGE_TTA_ACTIVE views= 8 mean_abs_feat_delta= 0.335779\n"}
,{"stream_name":"stdout","time":2438.154601848,"data":"EDGE_TTA_ACTIVE views= 8 mean_abs_feat_delta= 0.335779\n"}
,{"stream_name":"stdout","time":2438.638328287,"data":"EDGE_TTA_ACTIVE views= 8 mean_abs_feat_delta= 0.283172\n"}
,{"stream_name":"stdout","time":2438.840911844,"data":"EDGE_TTA_ACTIVE views= 8 mean_abs_feat_delta= 0.283172\n"}
,{"stream_name":"stdout","time":2440.128238378,"data":"EDGE_TTA_ACTIVE views= 8 mean_abs_feat_delta= 0.328211\n"}
,{"stream_name":"stdout","time":2440.330812359,"data":"EDGE_TTA_ACTIVE views= 8 mean_abs_feat_delta= 0.328211\n"}
,{"stream_name":"stdout","time":2440.84006509,"data":"EDGE_TTA_ACTIVE views= 8 mean_abs_feat_delta= 0.281577\n"}
,{"stream_name":"stdout","time":2441.043292845,"data":"EDGE_TTA_ACTIVE views= 8 mean_abs_feat_delta= 0.281577\n"}
,{"stream_name":"stdout","time":2442.332692064,"data":"EDGE_TTA_ACTIVE views= 8 mean_abs_feat_delta= 0.323615\n"}
,{"stream_name":"stdout","time":2442.53527358,"data":"EDGE_TTA_ACTIVE views= 8 mean_abs_feat_delta= 0.323615\n"}
,{"stream_name":"stdout","time":2443.065687899,"data":"EDGE_TTA_ACTIVE views= 8 mean_abs_feat_delta= 0.286587\n"}
,{"stream_name":"stdout","time":2443.267874301,"data":"EDGE_TTA_ACTIVE views= 8 mean_abs_feat_delta= 0.286587\n"}
,{"stream_name":"stdout","time":2444.4996112,"data":"EDGE_TTA_ACTIVE views= 8 mean_abs_feat_delta= 0.324693\n"}
,{"stream_name":"stdout","time":2444.702221768,"data":"EDGE_TTA_ACTIVE views= 8 mean_abs_feat_delta= 0.324693\n"}
,{"stream_name":"stdout","time":2445.230958178,"data":"EDGE_TTA_ACTIVE views= 8 mean_abs_feat_delta= 0.290972\n"}
,{"stream_name":"stdout","time":2445.433818503,"data":"EDGE_TTA_ACTIVE views= 8 mean_abs_feat_delta= 0.290972\n"}
,{"stream_name":"stdout","time":2446.688244319,"data":"EDGE_TTA_ACTIVE views= 8 mean_abs_feat_delta= 0.32651\n"}
,{"stream_name":"stdout","time":2446.890744557,"data":"EDGE_TTA_ACTIVE views= 8 mean_abs_feat_delta= 0.32651\n"}
,{"stream_name":"stdout","time":2447.410824659,"data":"EDGE_TTA_ACTIVE views= 8 mean_abs_feat_delta= 0.288332\n"}
,{"stream_name":"stdout","time":2447.613285729,"data":"EDGE_TTA_ACTIVE views= 8 mean_abs_feat_delta= 0.288332\n"}
,{"stream_name":"stdout","time":2448.871153778,"data":"EDGE_TTA_ACTIVE views= 8 mean_abs_feat_delta= 0.328408\n"}
,{"stream_name":"stdout","time":2449.073987445,"data":"EDGE_TTA_ACTIVE views= 8 mean_abs_feat_delta= 0.328408\n"}
,{"stream_name":"stdout","time":2449.616460427,"data":"EDGE_TTA_ACTIVE views= 8 mean_abs_feat_delta= 0.29016\n"}
,{"stream_name":"stdout","time":2449.819342205,"data":"EDGE_TTA_ACTIVE views= 8 mean_abs_feat_delta= 0.29016\n"}
,{"stream_name":"stdout","time":2451.0435426,"data":"EDGE_TTA_ACTIVE views= 8 mean_abs_feat_delta= 0.328975\n"}
,{"stream_name":"stdout","time":2451.245127117,"data":"EDGE_TTA_ACTIVE views= 8 mean_abs_feat_delta= 0.328975\n"}
,{"stream_name":"stdout","time":2451.795480032,"data":"EDGE_TTA_ACTIVE views= 8 mean_abs_feat_delta= 0.292393\n"}
,{"stream_name":"stdout","time":2451.997643866,"data":"EDGE_TTA_ACTIVE views= 8 mean_abs_feat_delta= 0.292393\n"}
,{"stream_name":"stdout","time":2453.237765749,"data":"EDGE_TTA_ACTIVE views= 8 mean_abs_feat_delta= 0.329898\n"}
,{"stream_name":"stdout","time":2453.440361885,"data":"EDGE_TTA_ACTIVE views= 8 mean_abs_feat_delta= 0.329898\n"}
,{"stream_name":"stdout","time":2453.949780138,"data":"EDGE_TTA_ACTIVE views= 8 mean_abs_feat_delta= 0.284525\n"}
,{"stream_name":"stdout","time":2454.152387189,"data":"EDGE_TTA_ACTIVE views= 8 mean_abs_feat_delta= 0.284525\n"}
,{"stream_name":"stdout","time":2455.395731923,"data":"EDGE_TTA_ACTIVE views= 8 mean_abs_feat_delta= 0.327894\n"}
,{"stream_name":"stdout","time":2455.598357364,"data":"EDGE_TTA_ACTIVE views= 8 mean_abs_feat_delta= 0.327894\n"}
,{"stream_name":"stdout","time":2457.532694605,"data":"EDGE_TTA_ACTIVE views= 8 mean_abs_feat_delta= 0.327075\n"}
,{"stream_name":"stdout","time":2457.736200162,"data":"EDGE_TTA_ACTIVE views= 8 mean_abs_feat_delta= 0.327075\n"}
,{"stream_name":"stdout","time":2459.714826284,"data":"EDGE_TTA_ACTIVE views= 8 mean_abs_feat_delta= 0.325235\n"}
,{"stream_name":"stdout","time":2459.917509968,"data":"EDGE_TTA_ACTIVE views= 8 mean_abs_feat_delta= 0.325235\n"}
,{"stream_name":"stdout","time":2461.902201414,"data":"EDGE_TTA_ACTIVE views= 8 mean_abs_feat_delta= 0.322041\n"}
,{"stream_name":"stdout","time":2462.105052001,"data":"EDGE_TTA_ACTIVE views= 8 mean_abs_feat_delta= 0.322041\n"}
,{"stream_name":"stdout","time":2464.128094228,"data":"EDGE_TTA_ACTIVE views= 8 mean_abs_feat_delta= 0.322646\n"}
,{"stream_name":"stdout","time":2464.439779531,"data":"EDGE_TTA_ACTIVE views= 8 mean_abs_feat_delta= 0.322646\n"}
,{"stream_name":"stdout","time":2466.337921607,"data":"EDGE_TTA_ACTIVE views= 8 mean_abs_feat_delta= 0.321154\n"}
,{"stream_name":"stdout","time":2466.54034217,"data":"EDGE_TTA_ACTIVE views= 8 mean_abs_feat_delta= 0.321154\n"}
,{"stream_name":"stdout","time":2468.542621582,"data":"EDGE_TTA_ACTIVE views= 8 mean_abs_feat_delta= 0.323674\n"}
,{"stream_name":"stdout","time":2468.744858317,"data":"EDGE_TTA_ACTIVE views= 8 mean_abs_feat_delta= 0.323674\n"}
,{"stream_name":"stdout","time":2470.687954755,"data":"EDGE_TTA_ACTIVE views= 8 mean_abs_feat_delta= 0.323378\n"}
,{"stream_name":"stdout","time":2470.890057981,"data":"EDGE_TTA_ACTIVE views= 8 mean_abs_feat_delta= 0.323378\n"}
,{"stream_name":"stdout","time":2472.920569138,"data":"EDGE_TTA_ACTIVE views= 8 mean_abs_feat_delta= 0.321629\n"}
,{"stream_name":"stdout","time":2473.123566977,"data":"EDGE_TTA_ACTIVE views= 8 mean_abs_feat_delta= 0.321629\n"}
,{"stream_name":"stdout","time":2475.105531132,"data":"EDGE_TTA_ACTIVE views= 8 mean_abs_feat_delta= 0.318921\n"}
,{"stream_name":"stdout","time":2475.308216757,"data":"EDGE_TTA_ACTIVE views= 8 mean_abs_feat_delta= 0.318921\n"}
,{"stream_name":"stdout","time":2477.312152702,"data":"EDGE_TTA_ACTIVE views= 8 mean_abs_feat_delta= 0.320734\n"}
,{"stream_name":"stdout","time":2477.514983811,"data":"EDGE_TTA_ACTIVE views= 8 mean_abs_feat_delta= 0.320734\n"}
,{"stream_name":"stdout","time":2479.511473525,"data":"EDGE_TTA_ACTIVE views= 8 mean_abs_feat_delta= 0.323839\n"}
,{"stream_name":"stdout","time":2479.714002667,"data":"EDGE_TTA_ACTIVE views= 8 mean_abs_feat_delta= 0.323839\n"}
,{"stream_name":"stdout","time":2481.715251632,"data":"EDGE_TTA_ACTIVE views= 8 mean_abs_feat_delta= 0.322788\n"}
,{"stream_name":"stdout","time":2481.91784726,"data":"EDGE_TTA_ACTIVE views= 8 mean_abs_feat_delta= 0.322788\n"}
,{"stream_name":"stdout","time":2483.653281273,"data":"Saved 4 predictions to /kaggle/working/tracking_repo/predictions/unknown/unet_transformer_val_gpu1/split_0\n"}
,{"stream_name":"stdout","time":2483.856122226,"data":"Saved 4 predictions to /kaggle/working/tracking_repo/predictions/unknown/unet_transformer_val_gpu1/split_0\n"}
,{"stream_name":"stdout","time":2484.048628331,"data":"EDGE_TTA_ACTIVE views= 8 mean_abs_feat_delta= 0.32248\n"}
,{"stream_name":"stdout","time":2484.251643516,"data":"EDGE_TTA_ACTIVE views= 8 mean_abs_feat_delta= 0.32248\n"}
,{"stream_name":"stdout","time":2486.28935942,"data":"EDGE_TTA_ACTIVE views= 8 mean_abs_feat_delta= 0.319289\n"}
,{"stream_name":"stdout","time":2486.491918894,"data":"EDGE_TTA_ACTIVE views= 8 mean_abs_feat_delta= 0.319289\n"}
,{"stream_name":"stdout","time":2488.452070508,"data":"EDGE_TTA_ACTIVE views= 8 mean_abs_feat_delta= 0.321281\n"}
,{"stream_name":"stdout","time":2488.654634579,"data":"EDGE_TTA_ACTIVE views= 8 mean_abs_feat_delta= 0.321281\n"}
,{"stream_name":"stdout","time":2490.677524017,"data":"EDGE_TTA_ACTIVE views= 8 mean_abs_feat_delta= 0.320096\n"}
,{"stream_name":"stdout","time":2490.879749827,"data":"EDGE_TTA_ACTIVE views= 8 mean_abs_feat_delta= 0.320096\n"}
,{"stream_name":"stdout","time":2492.897763278,"data":"EDGE_TTA_ACTIVE views= 8 mean_abs_feat_delta= 0.322533\n"}
,{"stream_name":"stdout","time":2493.100238892,"data":"EDGE_TTA_ACTIVE views= 8 mean_abs_feat_delta= 0.322533\n"}
,{"stream_name":"stdout","time":2495.155437074,"data":"EDGE_TTA_ACTIVE views= 8 mean_abs_feat_delta= 0.324871\n"}
,{"stream_name":"stdout","time":2495.416825721,"data":"EDGE_TTA_ACTIVE views= 8 mean_abs_feat_delta= 0.324871\n"}
,{"stream_name":"stdout","time":2497.402531305,"data":"EDGE_TTA_ACTIVE views= 8 mean_abs_feat_delta= 0.322556\n"}
,{"stream_name":"stdout","time":2497.604925962,"data":"EDGE_TTA_ACTIVE views= 8 mean_abs_feat_delta= 0.322556\n"}
,{"stream_name":"stdout","time":2499.596291166,"data":"EDGE_TTA_ACTIVE views= 8 mean_abs_feat_delta= 0.320114\n"}
,{"stream_name":"stdout","time":2499.798861858,"data":"EDGE_TTA_ACTIVE views= 8 mean_abs_feat_delta= 0.320114\n"}
,{"stream_name":"stdout","time":2501.795860884,"data":"EDGE_TTA_ACTIVE views= 8 mean_abs_feat_delta= 0.318514\n"}
,{"stream_name":"stdout","time":2501.998205388,"data":"EDGE_TTA_ACTIVE views= 8 mean_abs_feat_delta= 0.318514\n"}
,{"stream_name":"stdout","time":2503.987655808,"data":"EDGE_TTA_ACTIVE views= 8 mean_abs_feat_delta= 0.322403\n"}
,{"stream_name":"stdout","time":2504.189745167,"data":"EDGE_TTA_ACTIVE views= 8 mean_abs_feat_delta= 0.322403\n"}
,{"stream_name":"stdout","time":2506.17762667,"data":"EDGE_TTA_ACTIVE views= 8 mean_abs_feat_delta= 0.320312\n"}
,{"stream_name":"stdout","time":2506.38019773,"data":"EDGE_TTA_ACTIVE views= 8 mean_abs_feat_delta= 0.320312\n"}
,{"stream_name":"stdout","time":2508.483624033,"data":"EDGE_TTA_ACTIVE views= 8 mean_abs_feat_delta= 0.324015\n"}
,{"stream_name":"stdout","time":2508.686252821,"data":"EDGE_TTA_ACTIVE views= 8 mean_abs_feat_delta= 0.324015\n"}
,{"stream_name":"stdout","time":2510.713750882,"data":"EDGE_TTA_ACTIVE views= 8 mean_abs_feat_delta= 0.326506\n"}
,{"stream_name":"stdout","time":2510.916317886,"data":"EDGE_TTA_ACTIVE views= 8 mean_abs_feat_delta= 0.326506\n"}
,{"stream_name":"stdout","time":2512.989083209,"data":"EDGE_TTA_ACTIVE views= 8 mean_abs_feat_delta= 0.326088\n"}
,{"stream_name":"stdout","time":2513.191538879,"data":"EDGE_TTA_ACTIVE views= 8 mean_abs_feat_delta= 0.326088\n"}
,{"stream_name":"stdout","time":2515.145198445,"data":"EDGE_TTA_ACTIVE views= 8 mean_abs_feat_delta= 0.325667\n"}
,{"stream_name":"stdout","time":2515.347948187,"data":"EDGE_TTA_ACTIVE views= 8 mean_abs_feat_delta= 0.325667\n"}
,{"stream_name":"stdout","time":2517.354831499,"data":"EDGE_TTA_ACTIVE views= 8 mean_abs_feat_delta= 0.328685\n"}
,{"stream_name":"stdout","time":2517.557496369,"data":"EDGE_TTA_ACTIVE views= 8 mean_abs_feat_delta= 0.328685\n"}
,{"stream_name":"stdout","time":2519.564725514,"data":"EDGE_TTA_ACTIVE views= 8 mean_abs_feat_delta= 0.327838\n"}
,{"stream_name":"stdout","time":2519.767336324,"data":"EDGE_TTA_ACTIVE views= 8 mean_abs_feat_delta= 0.327838\n"}
,{"stream_name":"stdout","time":2521.776082942,"data":"EDGE_TTA_ACTIVE views= 8 mean_abs_feat_delta= 0.330718\n"}
,{"stream_name":"stdout","time":2521.978225784,"data":"EDGE_TTA_ACTIVE views= 8 mean_abs_feat_delta= 0.330718\n"}
,{"stream_name":"stdout","time":2529.680603931,"data":"Saved 4 predictions to /kaggle/working/tracking_repo/predictions/unknown/unet_transformer_val_gpu0/split_0\n"}
,{"stream_name":"stdout","time":2529.947740574,"data":"Saved 4 predictions to /kaggle/working/tracking_repo/predictions/unknown/unet_transformer_val_gpu0/split_0\n"}
,{"stream_name":"stdout","time":2531.871708849,"data":"VALIDATOR: merged 8 prediction graphs into /kaggle/working/tracking_repo/predictions/unknown/unet_transformer_val/split_0\n"}
,{"stream_name":"stdout","time":2531.871744049,"data":"VALIDATOR: prediction completed in 16.47 minutes\n"}
,{"stream_name":"stdout","time":2532.37151059,"data":"Post-process base configuration (public 0.939):\n"}
,{"stream_name":"stdout","time":2532.371579182,"data":"  SAFE_DIV_MAX_UM                          9.0\n"}
,{"stream_name":"stdout","time":2532.371587196,"data":"  SAFE_DIV_SISTER_MAX_UM                   14.0\n"}
,{"stream_name":"stdout","time":2532.371592193,"data":"  SAFE_DIV_DIVERGE_UM                      2.25\n"}
,{"stream_name":"stdout","time":2532.371596726,"data":"  SAFE_DIV_SISTER_SYMMETRY_TAU             0.6\n"}
,{"stream_name":"stdout","time":2532.371601661,"data":"  SAFE_DIV_EXISTING_CHILD_MAX_UM           10.0\n"}
,{"stream_name":"stdout","time":2532.371606351,"data":"  SAFE_DIV_FRAME_FRAC_CAP                  0.0076\n"}
,{"stream_name":"stdout","time":2532.371611038,"data":"  SAFE_DIV_GLOBAL_FRAC_CAP                 0.00375\n"}
,{"stream_name":"stdout","time":2532.371615603,"data":"  DEEPCENTER_SAFE_DIV_THRESHOLD            0.25\n"}
,{"stream_name":"stdout","time":2532.371620205,"data":"  DEEPCENTER_GAP_THRESHOLD                 0.25\n"}
,{"stream_name":"stdout","time":2532.371624742,"data":"  GAP_CLOSE_UM                             5.0\n"}
,{"stream_name":"stdout","time":2532.371629318,"data":"  OUTPUT_MIN_TRACK_LEN                     6\n"}
,{"stream_name":"stdout","time":2532.371633863,"data":"  SHORT_TRACK_RESCUE_MIN_MEAN_EDGE_PROB    0.88\n"}
,{"stream_name":"stdout","time":2532.371638668,"data":"  MOTION_RELINK_TIGHT_UM                   6.0\n"}
,{"stream_name":"stdout","time":2532.371648948,"data":"  MOTION_RELINK_RELAXED_UM                 10.0\n"}
,{"stream_name":"stdout","time":2532.371668002,"data":"  GAP2_MAX_STEP_UM                         4.4\n"}
,{"stream_name":"stdout","time":2532.371673701,"data":"  GAP2_MAX_TOTAL_UM                        10.2\n"}
,{"stream_name":"stdout","time":2532.371678902,"data":"  MOTION_RELINK_LEARNED_BONUS              1.0\n"}
,{"stream_name":"stdout","time":2532.37168417,"data":"  MOTION_RELINK_VELOCITY_WEIGHT            0.5\n"}
,{"stream_name":"stdout","time":2532.371688898,"data":"  GAP_CLOSE_REUSE_UM                       3.2\n"}
,{"stream_name":"stdout","time":2532.371693428,"data":"  OUTPUT_EDGE_MAX_UM                       14.0\n"}
,{"stream_name":"stdout","time":2536.931064615,"data":"VALIDATOR: cached 8 raw prediction graphs + GT\n"}
,{"stream_name":"stdout","time":2536.93112133,"data":"\n"}
,{"stream_name":"stdout","time":2536.931127365,"data":"==============================================================================\n"}
,{"stream_name":"stdout","time":2536.931148217,"data":"LOCAL VALIDATOR -- base configuration (public 0.939), official metric formula\n"}
,{"stream_name":"stdout","time":2536.931154488,"data":"(https://github.com/royerlab/kaggle-cell-tracking-competition/blob/main/metrics.md)\n"}
,{"stream_name":"stdout","time":2536.931160587,"data":"==============================================================================\n"}
,{"stream_name":"stdout","time":2604.717944071,"data":"  [44b6_12dfb391] after edge-filter+motion-relink: 45360 nodes, 43055 edges\n"}
,{"stream_name":"stdout","time":2613.764010139,"data":"  [44b6_12dfb391] after gap-closing (single-frame + gap2): 46016 nodes, 44296 edges\n"}
,{"stream_name":"stdout","time":2621.536658273,"data":"  [44b6_12dfb391] after safe-division repair: 46016 nodes, 44316 edges (geometric_candidates=147, deepcenter_rejected=127, post_veto_candidates=20, added=20, cap_skipped=0, mutual_nn_rejected=62, divergence_rejected=1557)\n"}
,{"stream_name":"stdout","time":2621.536710694,"data":"  [44b6_12dfb391] after division-geometry-filter+prune-isolated: 46014 nodes, 44316 edges\n"}
,{"stream_name":"stdout","time":2621.536715918,"data":"  [44b6_12dfb391] after short-track filtering: 44958 nodes, 43498 edges (components_removed=238)\n"}
,{"stream_name":"stdout","time":2631.008855826,"data":"  [44b6_12dfb391] FINAL: 44958 nodes, 43498 edges\n"}
,{"stream_name":"stdout","time":2649.315456538,"data":"  [44b6_267148e4] after edge-filter+motion-relink: 22857 nodes, 21465 edges\n"}
,{"stream_name":"stdout","time":2655.672770579,"data":"  [44b6_267148e4] after gap-closing (single-frame + gap2): 23105 nodes, 21915 edges\n"}
,{"stream_name":"stdout","time":2662.087866726,"data":"  [44b6_267148e4] after safe-division repair: 23105 nodes, 21934 edges (geometric_candidates=206, deepcenter_rejected=181, post_veto_candidates=25, added=19, cap_skipped=0, mutual_nn_rejected=128, divergence_rejected=1069)\n"}
,{"stream_name":"stdout","time":2662.087929884,"data":"  [44b6_267148e4] after division-geometry-filter+prune-isolated: 23044 nodes, 21934 edges\n"}
,{"stream_name":"stdout","time":2662.087938874,"data":"  [44b6_267148e4] after short-track filtering: 22298 nodes, 21369 edges (components_removed=181)\n"}
,{"stream_name":"stdout","time":2666.743826027,"data":"  [44b6_267148e4] FINAL: 22298 nodes, 21369 edges\n"}
,{"stream_name":"stdout","time":2721.563499182,"data":"  [44b6_2a2eff9f] after edge-filter+motion-relink: 40951 nodes, 38456 edges\n"}
,{"stream_name":"stdout","time":2729.838685508,"data":"  [44b6_2a2eff9f] after gap-closing (single-frame + gap2): 41479 nodes, 39437 edges\n"}
,{"stream_name":"stdout","time":2738.251574047,"data":"  [44b6_2a2eff9f] after safe-division repair: 41479 nodes, 39467 edges (geometric_candidates=296, deepcenter_rejected=266, post_veto_candidates=30, added=30, cap_skipped=0, mutual_nn_rejected=74, divergence_rejected=1656)\n"}
,{"stream_name":"stdout","time":2738.25163136,"data":"  [44b6_2a2eff9f] after division-geometry-filter+prune-isolated: 41476 nodes, 39467 edges\n"}
,{"stream_name":"stdout","time":2738.251639506,"data":"  [44b6_2a2eff9f] after short-track filtering: 40163 nodes, 38450 edges (components_removed=296)\n"}
,{"stream_name":"stdout","time":2746.588890326,"data":"  [44b6_2a2eff9f] FINAL: 40163 nodes, 38450 edges\n"}
,{"stream_name":"stdout","time":2749.506064179,"data":"  [44b6_341df25f] after edge-filter+motion-relink: 8525 nodes, 8213 edges\n"}
,{"stream_name":"stdout","time":2750.958333505,"data":"  [44b6_341df25f] after gap-closing (single-frame + gap2): 8571 nodes, 8293 edges\n"}
,{"stream_name":"stdout","time":2754.016231965,"data":"  [44b6_341df25f] after safe-division repair: 8571 nodes, 8304 edges (geometric_candidates=36, deepcenter_rejected=23, post_veto_candidates=13, added=11, cap_skipped=0, mutual_nn_rejected=3, divergence_rejected=137)\n"}
,{"stream_name":"stdout","time":2754.016284783,"data":"  [44b6_341df25f] after division-geometry-filter+prune-isolated: 8571 nodes, 8304 edges\n"}
,{"stream_name":"stdout","time":2754.016291105,"data":"  [44b6_341df25f] after short-track filtering: 8419 nodes, 8185 edges (components_removed=33)\n"}
,{"stream_name":"stdout","time":2755.574176243,"data":"  [44b6_341df25f] FINAL: 8419 nodes, 8185 edges\n"}
,{"stream_name":"stdout","time":2757.014186841,"data":"  [6bba_062c8d37] after edge-filter+motion-relink: 5995 nodes, 5645 edges\n"}
,{"stream_name":"stdout","time":2757.851355076,"data":"  [6bba_062c8d37] after gap-closing (single-frame + gap2): 6045 nodes, 5738 edges\n"}
,{"stream_name":"stdout","time":2759.141714345,"data":"  [6bba_062c8d37] after safe-division repair: 6045 nodes, 5742 edges (geometric_candidates=15, deepcenter_rejected=11, post_veto_candidates=4, added=4, cap_skipped=0, mutual_nn_rejected=3, divergence_rejected=66)\n"}
,{"stream_name":"stdout","time":2759.141798843,"data":"  [6bba_062c8d37] after division-geometry-filter+prune-isolated: 6020 nodes, 5742 edges\n"}
,{"stream_name":"stdout","time":2759.141810714,"data":"  [6bba_062c8d37] after short-track filtering: 5851 nodes, 5618 edges (components_removed=45)\n"}
,{"stream_name":"stdout","time":2760.487463951,"data":"  [6bba_062c8d37] FINAL: 5851 nodes, 5618 edges\n"}
,{"stream_name":"stdout","time":2790.895589211,"data":"  [6bba_07e24132] after edge-filter+motion-relink: 29760 nodes, 28221 edges\n"}
,{"stream_name":"stdout","time":2797.659679727,"data":"  [6bba_07e24132] after gap-closing (single-frame + gap2): 30098 nodes, 28839 edges\n"}
,{"stream_name":"stdout","time":2802.822028585,"data":"  [6bba_07e24132] after safe-division repair: 30098 nodes, 28843 edges (geometric_candidates=115, deepcenter_rejected=110, post_veto_candidates=5, added=4, cap_skipped=0, mutual_nn_rejected=69, divergence_rejected=1012)\n"}
,{"stream_name":"stdout","time":2802.822085989,"data":"  [6bba_07e24132] after division-geometry-filter+prune-isolated: 30090 nodes, 28843 edges\n"}
,{"stream_name":"stdout","time":2802.822094832,"data":"  [6bba_07e24132] after short-track filtering: 29209 nodes, 28166 edges (components_removed=204)\n"}
,{"stream_name":"stdout","time":2809.342403982,"data":"  [6bba_07e24132] FINAL: 29209 nodes, 28166 edges\n"}
,{"stream_name":"stdout","time":2812.356378261,"data":"  [6bba_085bf656] after edge-filter+motion-relink: 8422 nodes, 8097 edges\n"}
,{"stream_name":"stdout","time":2813.176269511,"data":"  [6bba_085bf656] after gap-closing (single-frame + gap2): 8443 nodes, 8136 edges\n"}
,{"stream_name":"stdout","time":2815.318093155,"data":"  [6bba_085bf656] after safe-division repair: 8443 nodes, 8139 edges (geometric_candidates=21, deepcenter_rejected=18, post_veto_candidates=3, added=3, cap_skipped=0, mutual_nn_rejected=4, divergence_rejected=102)\n"}
,{"stream_name":"stdout","time":2815.318142293,"data":"  [6bba_085bf656] after division-geometry-filter+prune-isolated: 8440 nodes, 8139 edges\n"}
,{"stream_name":"stdout","time":2815.318147646,"data":"  [6bba_085bf656] after short-track filtering: 8305 nodes, 8034 edges (components_removed=30)\n"}
,{"stream_name":"stdout","time":2817.352689666,"data":"  [6bba_085bf656] FINAL: 8305 nodes, 8034 edges\n"}
,{"stream_name":"stdout","time":2847.172174188,"data":"  [6bba_09961292] after edge-filter+motion-relink: 29961 nodes, 28819 edges\n"}
,{"stream_name":"stdout","time":2852.579733383,"data":"  [6bba_09961292] after gap-closing (single-frame + gap2): 30179 nodes, 29216 edges\n"}
,{"stream_name":"stdout","time":2857.240791391,"data":"  [6bba_09961292] after safe-division repair: 30179 nodes, 29240 edges (geometric_candidates=94, deepcenter_rejected=65, post_veto_candidates=29, added=24, cap_skipped=0, mutual_nn_rejected=73, divergence_rejected=992)\n"}
,{"stream_name":"stdout","time":2857.240838333,"data":"  [6bba_09961292] after division-geometry-filter+prune-isolated: 30173 nodes, 29240 edges\n"}
,{"stream_name":"stdout","time":2857.24084259,"data":"  [6bba_09961292] after short-track filtering: 29756 nodes, 28922 edges (components_removed=99)\n"}
,{"stream_name":"stdout","time":2863.544242795,"data":"  [6bba_09961292] FINAL: 29756 nodes, 28922 edges\n"}
,{"stream_name":"stdout","time":2863.545482029,"data":"  44b6_12dfb391                edge_jaccard=0.9256 adj=0.9472 T_pred=44958 T_true=58672.0 div(tp/fp/fn)=(0/0/1) safe_div_added=20\n"}
,{"stream_name":"stdout","time":2863.545505685,"data":"  44b6_267148e4                edge_jaccard=0.8135 adj=0.8000 T_pred=22298 T_true=19130.0 div(tp/fp/fn)=(0/0/1) safe_div_added=19\n"}
,{"stream_name":"stdout","time":2863.545513301,"data":"  44b6_2a2eff9f                edge_jaccard=0.8571 adj=0.8818 T_pred=40163 T_true=56367.0 div(tp/fp/fn)=(1/1/0) safe_div_added=30\n"}
,{"stream_name":"stdout","time":2863.545520152,"data":"  44b6_341df25f                edge_jaccard=1.0000 adj=0.9868 T_pred=8419 T_true=7436.0 div(tp/fp/fn)=(1/0/0) safe_div_added=11\n"}
,{"stream_name":"stdout","time":2863.545526213,"data":"  6bba_062c8d37                edge_jaccard=0.9801 adj=0.9830 T_pred=5851 T_true=6030.0 div(tp/fp/fn)=(1/0/0) safe_div_added=4\n"}
,{"stream_name":"stdout","time":2863.545533215,"data":"  6bba_07e24132                edge_jaccard=0.8384 adj=0.8082 T_pred=29209 T_true=21485.0 div(tp/fp/fn)=(0/0/2) safe_div_added=4\n"}
,{"stream_name":"stdout","time":2863.545539579,"data":"  6bba_085bf656                edge_jaccard=0.9932 adj=0.9950 T_pred=8305 T_true=8463.0 div(tp/fp/fn)=(0/0/1) safe_div_added=3\n"}
,{"stream_name":"stdout","time":2863.545545749,"data":"  6bba_09961292                edge_jaccard=0.8876 adj=0.8915 T_pred=29756 T_true=31117.0 div(tp/fp/fn)=(0/0/4) safe_div_added=24\n"}
,{"stream_name":"stdout","time":2863.545551547,"data":"[base] n=8 adjusted_edge_jaccard=0.9261 division_jaccard=0.2308 (tp/fp/fn=3/1/9) PROXY_SCORE=0.9492  [5.4 min]\n"}
,{"stream_name":"stdout","time":2863.545557497,"data":"Per-sample validator rows written to /kaggle/working/validator_results.csv\n"}
,{"stream_name":"stdout","time":2863.951737749,"data":"==============================================================================\n"}
,{"stream_name":"stdout","time":2863.951782547,"data":"POST-PROCESS SWEEP -- 7 candidates x 8 held-out videos\n"}
,{"stream_name":"stdout","time":2863.951786973,"data":"==============================================================================\n"}
,{"stream_name":"stdout","time":2933.023224625,"data":"  [44b6_12dfb391] after edge-filter+motion-relink: 45360 nodes, 43055 edges\n"}
,{"stream_name":"stdout","time":2941.052640285,"data":"  [44b6_12dfb391] after gap-closing (single-frame + gap2): 46010 nodes, 44283 edges\n"}
,{"stream_name":"stdout","time":2949.290881947,"data":"  [44b6_12dfb391] after safe-division repair: 46010 nodes, 44303 edges (geometric_candidates=150, deepcenter_rejected=130, post_veto_candidates=20, added=20, cap_skipped=0, mutual_nn_rejected=63, divergence_rejected=1570)\n"}
,{"stream_name":"stdout","time":2949.290966762,"data":"  [44b6_12dfb391] after division-geometry-filter+prune-isolated: 46008 nodes, 44303 edges\n"}
,{"stream_name":"stdout","time":2949.290976637,"data":"  [44b6_12dfb391] after short-track filtering: 44939 nodes, 43475 edges (components_removed=241)\n"}
,{"stream_name":"stdout","time":2959.568672206,"data":"  [44b6_12dfb391] FINAL: 44939 nodes, 43475 edges\n"}
,{"stream_name":"stdout","time":2979.727872479,"data":"  [44b6_267148e4] after edge-filter+motion-relink: 22857 nodes, 21465 edges\n"}
,{"stream_name":"stdout","time":2984.974389964,"data":"  [44b6_267148e4] after gap-closing (single-frame + gap2): 23094 nodes, 21893 edges\n"}
,{"stream_name":"stdout","time":2992.534930569,"data":"  [44b6_267148e4] after safe-division repair: 23094 nodes, 21913 edges (geometric_candidates=209, deepcenter_rejected=183, post_veto_candidates=26, added=20, cap_skipped=0, mutual_nn_rejected=133, divergence_rejected=1078)\n"}
,{"stream_name":"stdout","time":2992.534986296,"data":"  [44b6_267148e4] after division-geometry-filter+prune-isolated: 23033 nodes, 21913 edges\n"}
,{"stream_name":"stdout","time":2992.534995552,"data":"  [44b6_267148e4] after short-track filtering: 22272 nodes, 21336 edges (components_removed=184)\n"}
,{"stream_name":"stdout","time":2997.688335037,"data":"  [44b6_267148e4] FINAL: 22272 nodes, 21336 edges\n"}
,{"stream_name":"stdout","time":3057.237514278,"data":"  [44b6_2a2eff9f] after edge-filter+motion-relink: 40951 nodes, 38456 edges\n"}
,{"stream_name":"stdout","time":3065.14924198,"data":"  [44b6_2a2eff9f] after gap-closing (single-frame + gap2): 41467 nodes, 39413 edges\n"}
,{"stream_name":"stdout","time":3074.415491334,"data":"  [44b6_2a2eff9f] after safe-division repair: 41467 nodes, 39444 edges (geometric_candidates=299, deepcenter_rejected=268, post_veto_candidates=31, added=31, cap_skipped=0, mutual_nn_rejected=75, divergence_rejected=1672)\n"}
,{"stream_name":"stdout","time":3074.415575115,"data":"  [44b6_2a2eff9f] after division-geometry-filter+prune-isolated: 41464 nodes, 39444 edges\n"}
,{"stream_name":"stdout","time":3074.415585035,"data":"  [44b6_2a2eff9f] after short-track filtering: 40133 nodes, 38413 edges (components_removed=300)\n"}
,{"stream_name":"stdout","time":3083.793966891,"data":"  [44b6_2a2eff9f] FINAL: 40133 nodes, 38413 edges\n"}
,{"stream_name":"stdout","time":3086.735217204,"data":"  [44b6_341df25f] after edge-filter+motion-relink: 8525 nodes, 8213 edges\n"}
,{"stream_name":"stdout","time":3088.399736091,"data":"  [44b6_341df25f] after gap-closing (single-frame + gap2): 8570 nodes, 8291 edges\n"}
,{"stream_name":"stdout","time":3091.698466394,"data":"  [44b6_341df25f] after safe-division repair: 8570 nodes, 8302 edges (geometric_candidates=36, deepcenter_rejected=23, post_veto_candidates=13, added=11, cap_skipped=0, mutual_nn_rejected=3, divergence_rejected=138)\n"}
,{"stream_name":"stdout","time":3091.69851352,"data":"  [44b6_341df25f] after division-geometry-filter+prune-isolated: 8570 nodes, 8302 edges\n"}
,{"stream_name":"stdout","time":3091.698518877,"data":"  [44b6_341df25f] after short-track filtering: 8415 nodes, 8181 edges (components_removed=34)\n"}
,{"stream_name":"stdout","time":3093.609487197,"data":"  [44b6_341df25f] FINAL: 8415 nodes, 8181 edges\n"}
,{"stream_name":"stdout","time":3095.143896431,"data":"  [6bba_062c8d37] after edge-filter+motion-relink: 5995 nodes, 5645 edges\n"}
,{"stream_name":"stdout","time":3096.2112086,"data":"  [6bba_062c8d37] after gap-closing (single-frame + gap2): 6045 nodes, 5738 edges\n"}
,{"stream_name":"stdout","time":3097.639066619,"data":"  [6bba_062c8d37] after safe-division repair: 6045 nodes, 5742 edges (geometric_candidates=15, deepcenter_rejected=11, post_veto_candidates=4, added=4, cap_skipped=0, mutual_nn_rejected=3, divergence_rejected=66)\n"}
,{"stream_name":"stdout","time":3097.639228295,"data":"  [6bba_062c8d37] after division-geometry-filter+prune-isolated: 6020 nodes, 5742 edges\n"}
,{"stream_name":"stdout","time":3097.640453119,"data":"  [6bba_062c8d37] after short-track filtering: 5851 nodes, 5618 edges (components_removed=45)\n"}
,{"stream_name":"stdout","time":3098.984967528,"data":"  [6bba_062c8d37] FINAL: 5851 nodes, 5618 edges\n"}
,{"stream_name":"stdout","time":3131.406824938,"data":"  [6bba_07e24132] after edge-filter+motion-relink: 29760 nodes, 28221 edges\n"}
,{"stream_name":"stdout","time":3138.263094998,"data":"  [6bba_07e24132] after gap-closing (single-frame + gap2): 30098 nodes, 28839 edges\n"}
,{"stream_name":"stdout","time":3144.043458337,"data":"  [6bba_07e24132] after safe-division repair: 30098 nodes, 28843 edges (geometric_candidates=115, deepcenter_rejected=110, post_veto_candidates=5, added=4, cap_skipped=0, mutual_nn_rejected=69, divergence_rejected=1012)\n"}
,{"stream_name":"stdout","time":3144.043518998,"data":"  [6bba_07e24132] after division-geometry-filter+prune-isolated: 30090 nodes, 28843 edges\n"}
,{"stream_name":"stdout","time":3144.043524728,"data":"  [6bba_07e24132] after short-track filtering: 29209 nodes, 28166 edges (components_removed=204)\n"}
,{"stream_name":"stdout","time":3150.930833152,"data":"  [6bba_07e24132] FINAL: 29209 nodes, 28166 edges\n"}
,{"stream_name":"stdout","time":3153.996730111,"data":"  [6bba_085bf656] after edge-filter+motion-relink: 8422 nodes, 8097 edges\n"}
,{"stream_name":"stdout","time":3154.97213268,"data":"  [6bba_085bf656] after gap-closing (single-frame + gap2): 8443 nodes, 8136 edges\n"}
,{"stream_name":"stdout","time":3157.046075689,"data":"  [6bba_085bf656] after safe-division repair: 8443 nodes, 8139 edges (geometric_candidates=21, deepcenter_rejected=18, post_veto_candidates=3, added=3, cap_skipped=0, mutual_nn_rejected=4, divergence_rejected=102)\n"}
,{"stream_name":"stdout","time":3157.046136825,"data":"  [6bba_085bf656] after division-geometry-filter+prune-isolated: 8440 nodes, 8139 edges\n"}
,{"stream_name":"stdout","time":3157.046147029,"data":"  [6bba_085bf656] after short-track filtering: 8305 nodes, 8034 edges (components_removed=30)\n"}
,{"stream_name":"stdout","time":3159.062833147,"data":"  [6bba_085bf656] FINAL: 8305 nodes, 8034 edges\n"}
,{"stream_name":"stdout","time":3191.623356466,"data":"  [6bba_09961292] after edge-filter+motion-relink: 29961 nodes, 28819 edges\n"}
,{"stream_name":"stdout","time":3195.654294541,"data":"  [6bba_09961292] after gap-closing (single-frame + gap2): 30172 nodes, 29202 edges\n"}
,{"stream_name":"stdout","time":3200.830574232,"data":"  [6bba_09961292] after safe-division repair: 30172 nodes, 29228 edges (geometric_candidates=95, deepcenter_rejected=64, post_veto_candidates=31, added=26, cap_skipped=0, mutual_nn_rejected=76, divergence_rejected=1007)\n"}
,{"stream_name":"stdout","time":3200.830660764,"data":"  [6bba_09961292] after division-geometry-filter+prune-isolated: 30166 nodes, 29228 edges\n"}
,{"stream_name":"stdout","time":3200.830671179,"data":"  [6bba_09961292] after short-track filtering: 29749 nodes, 28910 edges (components_removed=99)\n"}
,{"stream_name":"stdout","time":3207.76299055,"data":"  [6bba_09961292] FINAL: 29749 nodes, 28910 edges\n"}
,{"stream_name":"stdout","time":3207.763055484,"data":"[gap45] n=8 adjusted_edge_jaccard=0.9261 division_jaccard=0.2308 (tp/fp/fn=3/1/9) PROXY_SCORE=0.9492  [5.7 min]\n"}
,{"stream_name":"stdout","time":3280.058155993,"data":"  [44b6_12dfb391] after edge-filter+motion-relink: 45360 nodes, 43052 edges\n"}
,{"stream_name":"stdout","time":3289.709693457,"data":"  [44b6_12dfb391] after gap-closing (single-frame + gap2): 46017 nodes, 44295 edges\n"}
,{"stream_name":"stdout","time":3297.49707333,"data":"  [44b6_12dfb391] after safe-division repair: 46017 nodes, 44315 edges (geometric_candidates=147, deepcenter_rejected=127, post_veto_candidates=20, added=20, cap_skipped=0, mutual_nn_rejected=62, divergence_rejected=1566)\n"}
,{"stream_name":"stdout","time":3297.497137077,"data":"  [44b6_12dfb391] after division-geometry-filter+prune-isolated: 46015 nodes, 44315 edges\n"}
,{"stream_name":"stdout","time":3297.497160473,"data":"  [44b6_12dfb391] after short-track filtering: 44964 nodes, 43501 edges (components_removed=237)\n"}
,{"stream_name":"stdout","time":3307.778642408,"data":"  [44b6_12dfb391] FINAL: 44964 nodes, 43501 edges\n"}
,{"stream_name":"stdout","time":3327.835318588,"data":"  [44b6_267148e4] after edge-filter+motion-relink: 22857 nodes, 21481 edges\n"}
,{"stream_name":"stdout","time":3334.966831144,"data":"  [44b6_267148e4] after gap-closing (single-frame + gap2): 23098 nodes, 21920 edges\n"}
,{"stream_name":"stdout","time":3342.072135366,"data":"  [44b6_267148e4] after safe-division repair: 23098 nodes, 21940 edges (geometric_candidates=208, deepcenter_rejected=183, post_veto_candidates=25, added=20, cap_skipped=0, mutual_nn_rejected=114, divergence_rejected=1060)\n"}
,{"stream_name":"stdout","time":3342.072204196,"data":"  [44b6_267148e4] after division-geometry-filter+prune-isolated: 23042 nodes, 21940 edges\n"}
,{"stream_name":"stdout","time":3342.072214384,"data":"  [44b6_267148e4] after short-track filtering: 22320 nodes, 21395 edges (components_removed=177)\n"}
,{"stream_name":"stdout","time":3347.262750912,"data":"  [44b6_267148e4] FINAL: 22320 nodes, 21395 edges\n"}
,{"stream_name":"stdout","time":3407.267243676,"data":"  [44b6_2a2eff9f] after edge-filter+motion-relink: 40951 nodes, 38453 edges\n"}
,{"stream_name":"stdout","time":3417.614152918,"data":"  [44b6_2a2eff9f] after gap-closing (single-frame + gap2): 41481 nodes, 39438 edges\n"}
,{"stream_name":"stdout","time":3427.272181248,"data":"  [44b6_2a2eff9f] after safe-division repair: 41481 nodes, 39468 edges (geometric_candidates=298, deepcenter_rejected=268, post_veto_candidates=30, added=30, cap_skipped=0, mutual_nn_rejected=74, divergence_rejected=1660)\n"}
,{"stream_name":"stdout","time":3427.272249998,"data":"  [44b6_2a2eff9f] after division-geometry-filter+prune-isolated: 41478 nodes, 39468 edges\n"}
,{"stream_name":"stdout","time":3427.272257468,"data":"  [44b6_2a2eff9f] after short-track filtering: 40150 nodes, 38440 edges (components_removed=300)\n"}
,{"stream_name":"stdout","time":3436.682847925,"data":"  [44b6_2a2eff9f] FINAL: 40150 nodes, 38440 edges\n"}
,{"stream_name":"stdout","time":3439.736611628,"data":"  [44b6_341df25f] after edge-filter+motion-relink: 8525 nodes, 8213 edges\n"}
,{"stream_name":"stdout","time":3441.361015799,"data":"  [44b6_341df25f] after gap-closing (single-frame + gap2): 8571 nodes, 8293 edges\n"}
,{"stream_name":"stdout","time":3444.758555493,"data":"  [44b6_341df25f] after safe-division repair: 8571 nodes, 8304 edges (geometric_candidates=36, deepcenter_rejected=23, post_veto_candidates=13, added=11, cap_skipped=0, mutual_nn_rejected=3, divergence_rejected=137)\n"}
,{"stream_name":"stdout","time":3444.758629085,"data":"  [44b6_341df25f] after division-geometry-filter+prune-isolated: 8571 nodes, 8304 edges\n"}
,{"stream_name":"stdout","time":3444.75863818,"data":"  [44b6_341df25f] after short-track filtering: 8419 nodes, 8185 edges (components_removed=33)\n"}
,{"stream_name":"stdout","time":3446.701313987,"data":"  [44b6_341df25f] FINAL: 8419 nodes, 8185 edges\n"}
,{"stream_name":"stdout","time":3448.391786161,"data":"  [6bba_062c8d37] after edge-filter+motion-relink: 5995 nodes, 5648 edges\n"}
,{"stream_name":"stdout","time":3449.661195422,"data":"  [6bba_062c8d37] after gap-closing (single-frame + gap2): 6045 nodes, 5741 edges\n"}
,{"stream_name":"stdout","time":3451.19636711,"data":"  [6bba_062c8d37] after safe-division repair: 6045 nodes, 5745 edges (geometric_candidates=15, deepcenter_rejected=11, post_veto_candidates=4, added=4, cap_skipped=0, mutual_nn_rejected=3, divergence_rejected=63)\n"}
,{"stream_name":"stdout","time":3451.196452884,"data":"  [6bba_062c8d37] after division-geometry-filter+prune-isolated: 6020 nodes, 5745 edges\n"}
,{"stream_name":"stdout","time":3451.196486683,"data":"  [6bba_062c8d37] after short-track filtering: 5851 nodes, 5621 edges (components_removed=45)\n"}
,{"stream_name":"stdout","time":3452.597011681,"data":"  [6bba_062c8d37] FINAL: 5851 nodes, 5621 edges\n"}
,{"stream_name":"stdout","time":3484.800355394,"data":"  [6bba_07e24132] after edge-filter+motion-relink: 29760 nodes, 28219 edges\n"}
,{"stream_name":"stdout","time":3491.867978863,"data":"  [6bba_07e24132] after gap-closing (single-frame + gap2): 30099 nodes, 28839 edges\n"}
,{"stream_name":"stdout","time":3497.322448461,"data":"  [6bba_07e24132] after safe-division repair: 30099 nodes, 28842 edges (geometric_candidates=114, deepcenter_rejected=111, post_veto_candidates=3, added=3, cap_skipped=0, mutual_nn_rejected=68, divergence_rejected=1017)\n"}
,{"stream_name":"stdout","time":3497.323466205,"data":"  [6bba_07e24132] after division-geometry-filter+prune-isolated: 30089 nodes, 28842 edges\n"}
,{"stream_name":"stdout","time":3497.323485496,"data":"  [6bba_07e24132] after short-track filtering: 29207 nodes, 28164 edges (components_removed=204)\n"}
,{"stream_name":"stdout","time":3504.124330158,"data":"  [6bba_07e24132] FINAL: 29207 nodes, 28164 edges\n"}
,{"stream_name":"stdout","time":3507.135375044,"data":"  [6bba_085bf656] after edge-filter+motion-relink: 8422 nodes, 8097 edges\n"}
,{"stream_name":"stdout","time":3508.312104553,"data":"  [6bba_085bf656] after gap-closing (single-frame + gap2): 8443 nodes, 8136 edges\n"}
,{"stream_name":"stdout","time":3510.3922833,"data":"  [6bba_085bf656] after safe-division repair: 8443 nodes, 8139 edges (geometric_candidates=21, deepcenter_rejected=18, post_veto_candidates=3, added=3, cap_skipped=0, mutual_nn_rejected=4, divergence_rejected=102)\n"}
,{"stream_name":"stdout","time":3510.39234224,"data":"  [6bba_085bf656] after division-geometry-filter+prune-isolated: 8440 nodes, 8139 edges\n"}
,{"stream_name":"stdout","time":3510.392352739,"data":"  [6bba_085bf656] after short-track filtering: 8305 nodes, 8034 edges (components_removed=30)\n"}
,{"stream_name":"stdout","time":3512.365465529,"data":"  [6bba_085bf656] FINAL: 8305 nodes, 8034 edges\n"}
,{"stream_name":"stdout","time":3544.775800985,"data":"  [6bba_09961292] after edge-filter+motion-relink: 29961 nodes, 28832 edges\n"}
,{"stream_name":"stdout","time":3551.240204466,"data":"  [6bba_09961292] after gap-closing (single-frame + gap2): 30175 nodes, 29221 edges\n"}
,{"stream_name":"stdout","time":3556.533625116,"data":"  [6bba_09961292] after safe-division repair: 30175 nodes, 29245 edges (geometric_candidates=89, deepcenter_rejected=64, post_veto_candidates=25, added=24, cap_skipped=0, mutual_nn_rejected=66, divergence_rejected=975)\n"}
,{"stream_name":"stdout","time":3556.533779455,"data":"  [6bba_09961292] after division-geometry-filter+prune-isolated: 30171 nodes, 29245 edges\n"}
,{"stream_name":"stdout","time":3556.53474316,"data":"  [6bba_09961292] after short-track filtering: 29745 nodes, 28920 edges (components_removed=101)\n"}
,{"stream_name":"stdout","time":3563.512332054,"data":"  [6bba_09961292] FINAL: 29745 nodes, 28920 edges\n"}
,{"stream_name":"stdout","time":3563.512389218,"data":"[tight55] n=8 adjusted_edge_jaccard=0.9282 division_jaccard=0.2308 (tp/fp/fn=3/1/9) PROXY_SCORE=0.9512  [5.9 min]\n"}
,{"stream_name":"stdout","time":3637.070489033,"data":"  [44b6_12dfb391] after edge-filter+motion-relink: 45360 nodes, 43016 edges\n"}
,{"stream_name":"stdout","time":3646.368606899,"data":"  [44b6_12dfb391] after gap-closing (single-frame + gap2): 46041 nodes, 44304 edges\n"}
,{"stream_name":"stdout","time":3654.397002116,"data":"  [44b6_12dfb391] after safe-division repair: 46041 nodes, 44324 edges (geometric_candidates=149, deepcenter_rejected=129, post_veto_candidates=20, added=20, cap_skipped=0, mutual_nn_rejected=61, divergence_rejected=1564)\n"}
,{"stream_name":"stdout","time":3654.397079439,"data":"  [44b6_12dfb391] after division-geometry-filter+prune-isolated: 46039 nodes, 44324 edges\n"}
,{"stream_name":"stdout","time":3654.397085632,"data":"  [44b6_12dfb391] after short-track filtering: 44951 nodes, 43482 edges (components_removed=246)\n"}
,{"stream_name":"stdout","time":3664.894686023,"data":"  [44b6_12dfb391] FINAL: 44951 nodes, 43482 edges\n"}
,{"stream_name":"stdout","time":3685.276900351,"data":"  [44b6_267148e4] after edge-filter+motion-relink: 22857 nodes, 21398 edges\n"}
,{"stream_name":"stdout","time":3692.065464693,"data":"  [44b6_267148e4] after gap-closing (single-frame + gap2): 23126 nodes, 21890 edges\n"}
,{"stream_name":"stdout","time":3699.004635916,"data":"  [44b6_267148e4] after safe-division repair: 23126 nodes, 21910 edges (geometric_candidates=210, deepcenter_rejected=183, post_veto_candidates=27, added=20, cap_skipped=0, mutual_nn_rejected=142, divergence_rejected=1109)\n"}
,{"stream_name":"stdout","time":3699.004705864,"data":"  [44b6_267148e4] after division-geometry-filter+prune-isolated: 23059 nodes, 21910 edges\n"}
,{"stream_name":"stdout","time":3699.004717099,"data":"  [44b6_267148e4] after short-track filtering: 22279 nodes, 21322 edges (components_removed=192)\n"}
,{"stream_name":"stdout","time":3704.210468322,"data":"  [44b6_267148e4] FINAL: 22279 nodes, 21322 edges\n"}
,{"stream_name":"stdout","time":3764.118231922,"data":"  [44b6_2a2eff9f] after edge-filter+motion-relink: 40951 nodes, 38419 edges\n"}
,{"stream_name":"stdout","time":3774.053677323,"data":"  [44b6_2a2eff9f] after gap-closing (single-frame + gap2): 41494 nodes, 39430 edges\n"}
,{"stream_name":"stdout","time":3783.24839283,"data":"  [44b6_2a2eff9f] after safe-division repair: 41494 nodes, 39460 edges (geometric_candidates=297, deepcenter_rejected=267, post_veto_candidates=30, added=30, cap_skipped=0, mutual_nn_rejected=72, divergence_rejected=1689)\n"}
,{"stream_name":"stdout","time":3783.248505495,"data":"  [44b6_2a2eff9f] after division-geometry-filter+prune-isolated: 41491 nodes, 39460 edges\n"}
,{"stream_name":"stdout","time":3783.248518709,"data":"  [44b6_2a2eff9f] after short-track filtering: 40146 nodes, 38419 edges (components_removed=304)\n"}
,{"stream_name":"stdout","time":3792.616323351,"data":"  [44b6_2a2eff9f] FINAL: 40146 nodes, 38419 edges\n"}
,{"stream_name":"stdout","time":3795.707620201,"data":"  [44b6_341df25f] after edge-filter+motion-relink: 8525 nodes, 8211 edges\n"}
,{"stream_name":"stdout","time":3797.292388247,"data":"  [44b6_341df25f] after gap-closing (single-frame + gap2): 8573 nodes, 8294 edges\n"}
,{"stream_name":"stdout","time":3800.698211665,"data":"  [44b6_341df25f] after safe-division repair: 8573 nodes, 8305 edges (geometric_candidates=37, deepcenter_rejected=24, post_veto_candidates=13, added=11, cap_skipped=0, mutual_nn_rejected=3, divergence_rejected=137)\n"}
,{"stream_name":"stdout","time":3800.698272632,"data":"  [44b6_341df25f] after division-geometry-filter+prune-isolated: 8573 nodes, 8305 edges\n"}
,{"stream_name":"stdout","time":3800.698281752,"data":"  [44b6_341df25f] after short-track filtering: 8417 nodes, 8183 edges (components_removed=34)\n"}
,{"stream_name":"stdout","time":3802.682687057,"data":"  [44b6_341df25f] FINAL: 8417 nodes, 8183 edges\n"}
,{"stream_name":"stdout","time":3804.203777505,"data":"  [6bba_062c8d37] after edge-filter+motion-relink: 5995 nodes, 5618 edges\n"}
,{"stream_name":"stdout","time":3805.404074618,"data":"  [6bba_062c8d37] after gap-closing (single-frame + gap2): 6051 nodes, 5721 edges\n"}
,{"stream_name":"stdout","time":3806.783603987,"data":"  [6bba_062c8d37] after safe-division repair: 6051 nodes, 5724 edges (geometric_candidates=14, deepcenter_rejected=11, post_veto_candidates=3, added=3, cap_skipped=0, mutual_nn_rejected=3, divergence_rejected=67)\n"}
,{"stream_name":"stdout","time":3806.783701239,"data":"  [6bba_062c8d37] after division-geometry-filter+prune-isolated: 6027 nodes, 5724 edges\n"}
,{"stream_name":"stdout","time":3806.783709365,"data":"  [6bba_062c8d37] after short-track filtering: 5827 nodes, 5579 edges (components_removed=55)\n"}
,{"stream_name":"stdout","time":3808.11959747,"data":"  [6bba_062c8d37] FINAL: 5827 nodes, 5579 edges\n"}
,{"stream_name":"stdout","time":3840.325143309,"data":"  [6bba_07e24132] after edge-filter+motion-relink: 29760 nodes, 28159 edges\n"}
,{"stream_name":"stdout","time":3847.827959267,"data":"  [6bba_07e24132] after gap-closing (single-frame + gap2): 30115 nodes, 28811 edges\n"}
,{"stream_name":"stdout","time":3853.328041349,"data":"  [6bba_07e24132] after safe-division repair: 30115 nodes, 28819 edges (geometric_candidates=124, deepcenter_rejected=112, post_veto_candidates=12, added=8, cap_skipped=0, mutual_nn_rejected=81, divergence_rejected=1022)\n"}
,{"stream_name":"stdout","time":3853.328995832,"data":"  [6bba_07e24132] after division-geometry-filter+prune-isolated: 30102 nodes, 28819 edges\n"}
,{"stream_name":"stdout","time":3853.329048568,"data":"  [6bba_07e24132] after short-track filtering: 29216 nodes, 28139 edges (components_removed=206)\n"}
,{"stream_name":"stdout","time":3860.104607824,"data":"  [6bba_07e24132] FINAL: 29216 nodes, 28139 edges\n"}
,{"stream_name":"stdout","time":3863.145532862,"data":"  [6bba_085bf656] after edge-filter+motion-relink: 8422 nodes, 8090 edges\n"}
,{"stream_name":"stdout","time":3864.467302497,"data":"  [6bba_085bf656] after gap-closing (single-frame + gap2): 8447 nodes, 8135 edges\n"}
,{"stream_name":"stdout","time":3866.411575037,"data":"  [6bba_085bf656] after safe-division repair: 8447 nodes, 8137 edges (geometric_candidates=20, deepcenter_rejected=18, post_veto_candidates=2, added=2, cap_skipped=0, mutual_nn_rejected=4, divergence_rejected=102)\n"}
,{"stream_name":"stdout","time":3866.411622979,"data":"  [6bba_085bf656] after division-geometry-filter+prune-isolated: 8443 nodes, 8137 edges\n"}
,{"stream_name":"stdout","time":3866.411630212,"data":"  [6bba_085bf656] after short-track filtering: 8295 nodes, 8024 edges (components_removed=35)\n"}
,{"stream_name":"stdout","time":3868.319689774,"data":"  [6bba_085bf656] FINAL: 8295 nodes, 8024 edges\n"}
,{"stream_name":"stdout","time":3900.570296538,"data":"  [6bba_09961292] after edge-filter+motion-relink: 29961 nodes, 28785 edges\n"}
,{"stream_name":"stdout","time":3905.998792624,"data":"  [6bba_09961292] after gap-closing (single-frame + gap2): 30194 nodes, 29211 edges\n"}
,{"stream_name":"stdout","time":3911.428719531,"data":"  [6bba_09961292] after safe-division repair: 30194 nodes, 29237 edges (geometric_candidates=98, deepcenter_rejected=65, post_veto_candidates=33, added=26, cap_skipped=0, mutual_nn_rejected=80, divergence_rejected=1020)\n"}
,{"stream_name":"stdout","time":3911.428789562,"data":"  [6bba_09961292] after division-geometry-filter+prune-isolated: 30186 nodes, 29237 edges\n"}
,{"stream_name":"stdout","time":3911.428797586,"data":"  [6bba_09961292] after short-track filtering: 29757 nodes, 28909 edges (components_removed=101)\n"}
,{"stream_name":"stdout","time":3918.448171158,"data":"  [6bba_09961292] FINAL: 29757 nodes, 28909 edges\n"}
,{"stream_name":"stdout","time":3918.448228077,"data":"[relaxed9] n=8 adjusted_edge_jaccard=0.9268 division_jaccard=0.2143 (tp/fp/fn=3/2/9) PROXY_SCORE=0.9482  [5.9 min]\n"}
,{"stream_name":"stdout","time":3991.809444128,"data":"  [44b6_12dfb391] after edge-filter+motion-relink: 45360 nodes, 43055 edges\n"}
,{"stream_name":"stdout","time":4000.650845923,"data":"  [44b6_12dfb391] after gap-closing (single-frame + gap2): 46016 nodes, 44296 edges\n"}
,{"stream_name":"stdout","time":4008.873959855,"data":"  [44b6_12dfb391] after safe-division repair: 46016 nodes, 44316 edges (geometric_candidates=147, deepcenter_rejected=127, post_veto_candidates=20, added=20, cap_skipped=0, mutual_nn_rejected=61, divergence_rejected=1557)\n"}
,{"stream_name":"stdout","time":4008.874020436,"data":"  [44b6_12dfb391] after division-geometry-filter+prune-isolated: 46014 nodes, 44316 edges\n"}
,{"stream_name":"stdout","time":4008.874028226,"data":"  [44b6_12dfb391] after short-track filtering: 44953 nodes, 43494 edges (components_removed=239)\n"}
,{"stream_name":"stdout","time":4019.46452223,"data":"  [44b6_12dfb391] FINAL: 44953 nodes, 43494 edges\n"}
,{"stream_name":"stdout","time":4039.599964847,"data":"  [44b6_267148e4] after edge-filter+motion-relink: 22857 nodes, 21468 edges\n"}
,{"stream_name":"stdout","time":4045.697773639,"data":"  [44b6_267148e4] after gap-closing (single-frame + gap2): 23106 nodes, 21920 edges\n"}
,{"stream_name":"stdout","time":4052.601512411,"data":"  [44b6_267148e4] after safe-division repair: 23106 nodes, 21939 edges (geometric_candidates=205, deepcenter_rejected=180, post_veto_candidates=25, added=19, cap_skipped=0, mutual_nn_rejected=127, divergence_rejected=1065)\n"}
,{"stream_name":"stdout","time":4052.601569604,"data":"  [44b6_267148e4] after division-geometry-filter+prune-isolated: 23045 nodes, 21939 edges\n"}
,{"stream_name":"stdout","time":4052.601578036,"data":"  [44b6_267148e4] after short-track filtering: 22280 nodes, 21359 edges (components_removed=185)\n"}
,{"stream_name":"stdout","time":4057.556395717,"data":"  [44b6_267148e4] FINAL: 22280 nodes, 21359 edges\n"}
,{"stream_name":"stdout","time":4115.952605678,"data":"  [44b6_2a2eff9f] after edge-filter+motion-relink: 40951 nodes, 38456 edges\n"}
,{"stream_name":"stdout","time":4124.733496583,"data":"  [44b6_2a2eff9f] after gap-closing (single-frame + gap2): 41483 nodes, 39444 edges\n"}
,{"stream_name":"stdout","time":4133.673889824,"data":"  [44b6_2a2eff9f] after safe-division repair: 41483 nodes, 39474 edges (geometric_candidates=295, deepcenter_rejected=265, post_veto_candidates=30, added=30, cap_skipped=0, mutual_nn_rejected=74, divergence_rejected=1652)\n"}
,{"stream_name":"stdout","time":4133.673940259,"data":"  [44b6_2a2eff9f] after division-geometry-filter+prune-isolated: 41480 nodes, 39474 edges\n"}
,{"stream_name":"stdout","time":4133.673946787,"data":"  [44b6_2a2eff9f] after short-track filtering: 40175 nodes, 38463 edges (components_removed=294)\n"}
,{"stream_name":"stdout","time":4142.602045411,"data":"  [44b6_2a2eff9f] FINAL: 40175 nodes, 38463 edges\n"}
,{"stream_name":"stdout","time":4145.470217664,"data":"  [44b6_341df25f] after edge-filter+motion-relink: 8525 nodes, 8213 edges\n"}
,{"stream_name":"stdout","time":4146.916501146,"data":"  [44b6_341df25f] after gap-closing (single-frame + gap2): 8571 nodes, 8293 edges\n"}
,{"stream_name":"stdout","time":4149.916977702,"data":"  [44b6_341df25f] after safe-division repair: 8571 nodes, 8304 edges (geometric_candidates=36, deepcenter_rejected=23, post_veto_candidates=13, added=11, cap_skipped=0, mutual_nn_rejected=3, divergence_rejected=137)\n"}
,{"stream_name":"stdout","time":4149.917034236,"data":"  [44b6_341df25f] after division-geometry-filter+prune-isolated: 8571 nodes, 8304 edges\n"}
,{"stream_name":"stdout","time":4149.917044046,"data":"  [44b6_341df25f] after short-track filtering: 8419 nodes, 8185 edges (components_removed=33)\n"}
,{"stream_name":"stdout","time":4151.834934218,"data":"  [44b6_341df25f] FINAL: 8419 nodes, 8185 edges\n"}
,{"stream_name":"stdout","time":4153.30393625,"data":"  [6bba_062c8d37] after edge-filter+motion-relink: 5995 nodes, 5645 edges\n"}
,{"stream_name":"stdout","time":4154.171903103,"data":"  [6bba_062c8d37] after gap-closing (single-frame + gap2): 6045 nodes, 5738 edges\n"}
,{"stream_name":"stdout","time":4155.503992876,"data":"  [6bba_062c8d37] after safe-division repair: 6045 nodes, 5742 edges (geometric_candidates=15, deepcenter_rejected=11, post_veto_candidates=4, added=4, cap_skipped=0, mutual_nn_rejected=3, divergence_rejected=66)\n"}
,{"stream_name":"stdout","time":4155.50416284,"data":"  [6bba_062c8d37] after division-geometry-filter+prune-isolated: 6020 nodes, 5742 edges\n"}
,{"stream_name":"stdout","time":4155.504171194,"data":"  [6bba_062c8d37] after short-track filtering: 5851 nodes, 5618 edges (components_removed=45)\n"}
,{"stream_name":"stdout","time":4156.803915028,"data":"  [6bba_062c8d37] FINAL: 5851 nodes, 5618 edges\n"}
,{"stream_name":"stdout","time":4187.565825304,"data":"  [6bba_07e24132] after edge-filter+motion-relink: 29760 nodes, 28221 edges\n"}
,{"stream_name":"stdout","time":4194.17882857,"data":"  [6bba_07e24132] after gap-closing (single-frame + gap2): 30097 nodes, 28837 edges\n"}
,{"stream_name":"stdout","time":4199.720114307,"data":"  [6bba_07e24132] after safe-division repair: 30097 nodes, 28842 edges (geometric_candidates=116, deepcenter_rejected=110, post_veto_candidates=6, added=5, cap_skipped=0, mutual_nn_rejected=73, divergence_rejected=1010)\n"}
,{"stream_name":"stdout","time":4199.720249438,"data":"  [6bba_07e24132] after division-geometry-filter+prune-isolated: 30090 nodes, 28842 edges\n"}
,{"stream_name":"stdout","time":4199.720269917,"data":"  [6bba_07e24132] after short-track filtering: 29219 nodes, 28173 edges (components_removed=202)\n"}
,{"stream_name":"stdout","time":4206.087638461,"data":"  [6bba_07e24132] FINAL: 29219 nodes, 28173 edges\n"}
,{"stream_name":"stdout","time":4208.944855751,"data":"  [6bba_085bf656] after edge-filter+motion-relink: 8422 nodes, 8097 edges\n"}
,{"stream_name":"stdout","time":4209.872511854,"data":"  [6bba_085bf656] after gap-closing (single-frame + gap2): 8443 nodes, 8136 edges\n"}
,{"stream_name":"stdout","time":4211.873524382,"data":"  [6bba_085bf656] after safe-division repair: 8443 nodes, 8139 edges (geometric_candidates=21, deepcenter_rejected=18, post_veto_candidates=3, added=3, cap_skipped=0, mutual_nn_rejected=4, divergence_rejected=102)\n"}
,{"stream_name":"stdout","time":4211.873593682,"data":"  [6bba_085bf656] after division-geometry-filter+prune-isolated: 8440 nodes, 8139 edges\n"}
,{"stream_name":"stdout","time":4211.87360419,"data":"  [6bba_085bf656] after short-track filtering: 8305 nodes, 8034 edges (components_removed=30)\n"}
,{"stream_name":"stdout","time":4213.682836659,"data":"  [6bba_085bf656] FINAL: 8305 nodes, 8034 edges\n"}
,{"stream_name":"stdout","time":4244.595540661,"data":"  [6bba_09961292] after edge-filter+motion-relink: 29961 nodes, 28819 edges\n"}
,{"stream_name":"stdout","time":4249.839968434,"data":"  [6bba_09961292] after gap-closing (single-frame + gap2): 30179 nodes, 29216 edges\n"}
,{"stream_name":"stdout","time":4254.311735488,"data":"  [6bba_09961292] after safe-division repair: 30179 nodes, 29240 edges (geometric_candidates=94, deepcenter_rejected=65, post_veto_candidates=29, added=24, cap_skipped=0, mutual_nn_rejected=72, divergence_rejected=992)\n"}
,{"stream_name":"stdout","time":4254.311798168,"data":"  [6bba_09961292] after division-geometry-filter+prune-isolated: 30173 nodes, 29240 edges\n"}
,{"stream_name":"stdout","time":4254.311806488,"data":"  [6bba_09961292] after short-track filtering: 29748 nodes, 28916 edges (components_removed=101)\n"}
,{"stream_name":"stdout","time":4260.796718976,"data":"  [6bba_09961292] FINAL: 29748 nodes, 28916 edges\n"}
,{"stream_name":"stdout","time":4260.796768517,"data":"[bonus125] n=8 adjusted_edge_jaccard=0.9261 division_jaccard=0.2308 (tp/fp/fn=3/1/9) PROXY_SCORE=0.9492  [5.7 min]\n"}
,{"stream_name":"stdout","time":4329.941384843,"data":"  [44b6_12dfb391] after edge-filter+motion-relink: 45360 nodes, 43055 edges\n"}
,{"stream_name":"stdout","time":4338.963533685,"data":"  [44b6_12dfb391] after gap-closing (single-frame + gap2): 46016 nodes, 44296 edges\n"}
,{"stream_name":"stdout","time":4346.418544859,"data":"  [44b6_12dfb391] after safe-division repair: 46016 nodes, 44316 edges (geometric_candidates=147, deepcenter_rejected=127, post_veto_candidates=20, added=20, cap_skipped=0, mutual_nn_rejected=62, divergence_rejected=1557)\n"}
,{"stream_name":"stdout","time":4346.418599176,"data":"  [44b6_12dfb391] after division-geometry-filter+prune-isolated: 46014 nodes, 44316 edges\n"}
,{"stream_name":"stdout","time":4346.418604956,"data":"  [44b6_12dfb391] after short-track filtering: 44958 nodes, 43498 edges (components_removed=238)\n"}
,{"stream_name":"stdout","time":4356.123041113,"data":"  [44b6_12dfb391] FINAL: 44958 nodes, 43498 edges\n"}
,{"stream_name":"stdout","time":4375.212624402,"data":"  [44b6_267148e4] after edge-filter+motion-relink: 22857 nodes, 21465 edges\n"}
,{"stream_name":"stdout","time":4381.785566476,"data":"  [44b6_267148e4] after gap-closing (single-frame + gap2): 23105 nodes, 21915 edges\n"}
,{"stream_name":"stdout","time":4388.287465502,"data":"  [44b6_267148e4] after safe-division repair: 23105 nodes, 21934 edges (geometric_candidates=206, deepcenter_rejected=181, post_veto_candidates=25, added=19, cap_skipped=0, mutual_nn_rejected=128, divergence_rejected=1069)\n"}
,{"stream_name":"stdout","time":4388.287530946,"data":"  [44b6_267148e4] after division-geometry-filter+prune-isolated: 23044 nodes, 21934 edges\n"}
,{"stream_name":"stdout","time":4388.287542812,"data":"  [44b6_267148e4] after short-track filtering: 22298 nodes, 21369 edges (components_removed=181)\n"}
,{"stream_name":"stdout","time":4393.145805553,"data":"  [44b6_267148e4] FINAL: 22298 nodes, 21369 edges\n"}
,{"stream_name":"stdout","time":4449.6786616,"data":"  [44b6_2a2eff9f] after edge-filter+motion-relink: 40951 nodes, 38456 edges\n"}
,{"stream_name":"stdout","time":4458.500324213,"data":"  [44b6_2a2eff9f] after gap-closing (single-frame + gap2): 41479 nodes, 39437 edges\n"}
,{"stream_name":"stdout","time":4467.202763493,"data":"  [44b6_2a2eff9f] after safe-division repair: 41479 nodes, 39467 edges (geometric_candidates=296, deepcenter_rejected=266, post_veto_candidates=30, added=30, cap_skipped=0, mutual_nn_rejected=74, divergence_rejected=1656)\n"}
,{"stream_name":"stdout","time":4467.202820522,"data":"  [44b6_2a2eff9f] after division-geometry-filter+prune-isolated: 41476 nodes, 39467 edges\n"}
,{"stream_name":"stdout","time":4467.202827393,"data":"  [44b6_2a2eff9f] after short-track filtering: 40163 nodes, 38450 edges (components_removed=296)\n"}
,{"stream_name":"stdout","time":4475.849009986,"data":"  [44b6_2a2eff9f] FINAL: 40163 nodes, 38450 edges\n"}
,{"stream_name":"stdout","time":4478.693941198,"data":"  [44b6_341df25f] after edge-filter+motion-relink: 8525 nodes, 8213 edges\n"}
,{"stream_name":"stdout","time":4480.148574051,"data":"  [44b6_341df25f] after gap-closing (single-frame + gap2): 8571 nodes, 8293 edges\n"}
,{"stream_name":"stdout","time":4483.171875989,"data":"  [44b6_341df25f] after safe-division repair: 8571 nodes, 8304 edges (geometric_candidates=36, deepcenter_rejected=23, post_veto_candidates=13, added=11, cap_skipped=0, mutual_nn_rejected=3, divergence_rejected=137)\n"}
,{"stream_name":"stdout","time":4483.171947417,"data":"  [44b6_341df25f] after division-geometry-filter+prune-isolated: 8571 nodes, 8304 edges\n"}
,{"stream_name":"stdout","time":4483.171957842,"data":"  [44b6_341df25f] after short-track filtering: 8419 nodes, 8185 edges (components_removed=33)\n"}
,{"stream_name":"stdout","time":4484.933465316,"data":"  [44b6_341df25f] FINAL: 8419 nodes, 8185 edges\n"}
,{"stream_name":"stdout","time":4486.494949793,"data":"  [6bba_062c8d37] after edge-filter+motion-relink: 5995 nodes, 5645 edges\n"}
,{"stream_name":"stdout","time":4487.369579996,"data":"  [6bba_062c8d37] after gap-closing (single-frame + gap2): 6045 nodes, 5738 edges\n"}
,{"stream_name":"stdout","time":4488.748855265,"data":"  [6bba_062c8d37] after safe-division repair: 6045 nodes, 5742 edges (geometric_candidates=15, deepcenter_rejected=11, post_veto_candidates=4, added=4, cap_skipped=0, mutual_nn_rejected=3, divergence_rejected=66)\n"}
,{"stream_name":"stdout","time":4488.748925799,"data":"  [6bba_062c8d37] after division-geometry-filter+prune-isolated: 6020 nodes, 5742 edges\n"}
,{"stream_name":"stdout","time":4488.74893349,"data":"  [6bba_062c8d37] after short-track filtering: 5851 nodes, 5618 edges (components_removed=45)\n"}
,{"stream_name":"stdout","time":4490.04179056,"data":"  [6bba_062c8d37] FINAL: 5851 nodes, 5618 edges\n"}
,{"stream_name":"stdout","time":4520.120542596,"data":"  [6bba_07e24132] after edge-filter+motion-relink: 29760 nodes, 28221 edges\n"}
,{"stream_name":"stdout","time":4527.305546337,"data":"  [6bba_07e24132] after gap-closing (single-frame + gap2): 30098 nodes, 28839 edges\n"}
,{"stream_name":"stdout","time":4532.587618524,"data":"  [6bba_07e24132] after safe-division repair: 30098 nodes, 28843 edges (geometric_candidates=115, deepcenter_rejected=110, post_veto_candidates=5, added=4, cap_skipped=0, mutual_nn_rejected=69, divergence_rejected=1012)\n"}
,{"stream_name":"stdout","time":4532.587682291,"data":"  [6bba_07e24132] after division-geometry-filter+prune-isolated: 30090 nodes, 28843 edges\n"}
,{"stream_name":"stdout","time":4532.587699487,"data":"  [6bba_07e24132] after short-track filtering: 29209 nodes, 28166 edges (components_removed=204)\n"}
,{"stream_name":"stdout","time":4538.705190621,"data":"  [6bba_07e24132] FINAL: 29209 nodes, 28166 edges\n"}
,{"stream_name":"stdout","time":4541.533009746,"data":"  [6bba_085bf656] after edge-filter+motion-relink: 8422 nodes, 8097 edges\n"}
,{"stream_name":"stdout","time":4542.195701406,"data":"  [6bba_085bf656] after gap-closing (single-frame + gap2): 8443 nodes, 8136 edges\n"}
,{"stream_name":"stdout","time":4543.999774315,"data":"  [6bba_085bf656] after safe-division repair: 8443 nodes, 8139 edges (geometric_candidates=21, deepcenter_rejected=18, post_veto_candidates=3, added=3, cap_skipped=0, mutual_nn_rejected=4, divergence_rejected=102)\n"}
,{"stream_name":"stdout","time":4543.99984349,"data":"  [6bba_085bf656] after division-geometry-filter+prune-isolated: 8440 nodes, 8139 edges\n"}
,{"stream_name":"stdout","time":4543.999856808,"data":"  [6bba_085bf656] after short-track filtering: 8305 nodes, 8034 edges (components_removed=30)\n"}
,{"stream_name":"stdout","time":4545.808055927,"data":"  [6bba_085bf656] FINAL: 8305 nodes, 8034 edges\n"}
,{"stream_name":"stdout","time":4576.01355419,"data":"  [6bba_09961292] after edge-filter+motion-relink: 29961 nodes, 28819 edges\n"}
,{"stream_name":"stdout","time":4580.935153371,"data":"  [6bba_09961292] after gap-closing (single-frame + gap2): 30179 nodes, 29216 edges\n"}
,{"stream_name":"stdout","time":4585.498997452,"data":"  [6bba_09961292] after safe-division repair: 30179 nodes, 29240 edges (geometric_candidates=94, deepcenter_rejected=65, post_veto_candidates=29, added=24, cap_skipped=0, mutual_nn_rejected=73, divergence_rejected=992)\n"}
,{"stream_name":"stdout","time":4585.499055222,"data":"  [6bba_09961292] after division-geometry-filter+prune-isolated: 30173 nodes, 29240 edges\n"}
,{"stream_name":"stdout","time":4585.499062681,"data":"  [6bba_09961292] after short-track filtering: 29756 nodes, 28922 edges (components_removed=99)\n"}
,{"stream_name":"stdout","time":4591.901572989,"data":"  [6bba_09961292] FINAL: 29756 nodes, 28922 edges\n"}
,{"stream_name":"stdout","time":4591.90164668,"data":"[gap2step40] n=8 adjusted_edge_jaccard=0.9261 division_jaccard=0.2308 (tp/fp/fn=3/1/9) PROXY_SCORE=0.9492  [5.5 min]\n"}
,{"stream_name":"stdout","time":4659.626969384,"data":"  [44b6_12dfb391] after edge-filter+motion-relink: 45360 nodes, 43055 edges\n"}
,{"stream_name":"stdout","time":4668.166628485,"data":"  [44b6_12dfb391] after gap-closing (single-frame + gap2): 46016 nodes, 44296 edges\n"}
,{"stream_name":"stdout","time":4675.568027197,"data":"  [44b6_12dfb391] after safe-division repair: 46016 nodes, 44316 edges (geometric_candidates=147, deepcenter_rejected=127, post_veto_candidates=20, added=20, cap_skipped=0, mutual_nn_rejected=62, divergence_rejected=1557)\n"}
,{"stream_name":"stdout","time":4675.568133027,"data":"  [44b6_12dfb391] after division-geometry-filter+prune-isolated: 46014 nodes, 44316 edges\n"}
,{"stream_name":"stdout","time":4675.568141441,"data":"  [44b6_12dfb391] after short-track filtering: 44958 nodes, 43498 edges (components_removed=238)\n"}
,{"stream_name":"stdout","time":4685.030950275,"data":"  [44b6_12dfb391] FINAL: 44958 nodes, 43498 edges\n"}
,{"stream_name":"stdout","time":4703.582227967,"data":"  [44b6_267148e4] after edge-filter+motion-relink: 22857 nodes, 21465 edges\n"}
,{"stream_name":"stdout","time":4709.603753449,"data":"  [44b6_267148e4] after gap-closing (single-frame + gap2): 23105 nodes, 21915 edges\n"}
,{"stream_name":"stdout","time":4716.072883577,"data":"  [44b6_267148e4] after safe-division repair: 23105 nodes, 21934 edges (geometric_candidates=206, deepcenter_rejected=181, post_veto_candidates=25, added=19, cap_skipped=0, mutual_nn_rejected=128, divergence_rejected=1069)\n"}
,{"stream_name":"stdout","time":4716.072944012,"data":"  [44b6_267148e4] after division-geometry-filter+prune-isolated: 23044 nodes, 21934 edges\n"}
,{"stream_name":"stdout","time":4716.072953605,"data":"  [44b6_267148e4] after short-track filtering: 22298 nodes, 21369 edges (components_removed=181)\n"}
,{"stream_name":"stdout","time":4720.739963185,"data":"  [44b6_267148e4] FINAL: 22298 nodes, 21369 edges\n"}
,{"stream_name":"stdout","time":4776.80918112,"data":"  [44b6_2a2eff9f] after edge-filter+motion-relink: 40951 nodes, 38456 edges\n"}
,{"stream_name":"stdout","time":4785.231360739,"data":"  [44b6_2a2eff9f] after gap-closing (single-frame + gap2): 41479 nodes, 39437 edges\n"}
,{"stream_name":"stdout","time":4793.768565297,"data":"  [44b6_2a2eff9f] after safe-division repair: 41479 nodes, 39467 edges (geometric_candidates=296, deepcenter_rejected=266, post_veto_candidates=30, added=30, cap_skipped=0, mutual_nn_rejected=74, divergence_rejected=1656)\n"}
,{"stream_name":"stdout","time":4793.768616562,"data":"  [44b6_2a2eff9f] after division-geometry-filter+prune-isolated: 41476 nodes, 39467 edges\n"}
,{"stream_name":"stdout","time":4793.768623448,"data":"  [44b6_2a2eff9f] after short-track filtering: 40163 nodes, 38450 edges (components_removed=296)\n"}
,{"stream_name":"stdout","time":4802.414630108,"data":"  [44b6_2a2eff9f] FINAL: 40163 nodes, 38450 edges\n"}
,{"stream_name":"stdout","time":4805.313056506,"data":"  [44b6_341df25f] after edge-filter+motion-relink: 8525 nodes, 8213 edges\n"}
,{"stream_name":"stdout","time":4806.896660643,"data":"  [44b6_341df25f] after gap-closing (single-frame + gap2): 8571 nodes, 8293 edges\n"}
,{"stream_name":"stdout","time":4810.1253652,"data":"  [44b6_341df25f] after safe-division repair: 8571 nodes, 8304 edges (geometric_candidates=36, deepcenter_rejected=23, post_veto_candidates=13, added=11, cap_skipped=0, mutual_nn_rejected=3, divergence_rejected=137)\n"}
,{"stream_name":"stdout","time":4810.125417049,"data":"  [44b6_341df25f] after division-geometry-filter+prune-isolated: 8571 nodes, 8304 edges\n"}
,{"stream_name":"stdout","time":4810.125459282,"data":"  [44b6_341df25f] after short-track filtering: 8419 nodes, 8185 edges (components_removed=33)\n"}
,{"stream_name":"stdout","time":4811.938461125,"data":"  [44b6_341df25f] FINAL: 8419 nodes, 8185 edges\n"}
,{"stream_name":"stdout","time":4813.481968791,"data":"  [6bba_062c8d37] after edge-filter+motion-relink: 5995 nodes, 5645 edges\n"}
,{"stream_name":"stdout","time":4814.321705337,"data":"  [6bba_062c8d37] after gap-closing (single-frame + gap2): 6045 nodes, 5738 edges\n"}
,{"stream_name":"stdout","time":4815.632326313,"data":"  [6bba_062c8d37] after safe-division repair: 6045 nodes, 5742 edges (geometric_candidates=15, deepcenter_rejected=11, post_veto_candidates=4, added=4, cap_skipped=0, mutual_nn_rejected=3, divergence_rejected=66)\n"}
,{"stream_name":"stdout","time":4815.632386492,"data":"  [6bba_062c8d37] after division-geometry-filter+prune-isolated: 6020 nodes, 5742 edges\n"}
,{"stream_name":"stdout","time":4815.633376943,"data":"  [6bba_062c8d37] after short-track filtering: 5851 nodes, 5618 edges (components_removed=45)\n"}
,{"stream_name":"stdout","time":4816.886960077,"data":"  [6bba_062c8d37] FINAL: 5851 nodes, 5618 edges\n"}
,{"stream_name":"stdout","time":4846.913307505,"data":"  [6bba_07e24132] after edge-filter+motion-relink: 29760 nodes, 28221 edges\n"}
,{"stream_name":"stdout","time":4853.470534159,"data":"  [6bba_07e24132] after gap-closing (single-frame + gap2): 30098 nodes, 28839 edges\n"}
,{"stream_name":"stdout","time":4858.737355008,"data":"  [6bba_07e24132] after safe-division repair: 30098 nodes, 28843 edges (geometric_candidates=115, deepcenter_rejected=110, post_veto_candidates=5, added=4, cap_skipped=0, mutual_nn_rejected=69, divergence_rejected=1012)\n"}
,{"stream_name":"stdout","time":4858.737416851,"data":"  [6bba_07e24132] after division-geometry-filter+prune-isolated: 30090 nodes, 28843 edges\n"}
,{"stream_name":"stdout","time":4858.738178598,"data":"  [6bba_07e24132] after short-track filtering: 29209 nodes, 28166 edges (components_removed=204)\n"}
,{"stream_name":"stdout","time":4865.007338866,"data":"  [6bba_07e24132] FINAL: 29209 nodes, 28166 edges\n"}
,{"stream_name":"stdout","time":4868.125757245,"data":"  [6bba_085bf656] after edge-filter+motion-relink: 8422 nodes, 8097 edges\n"}
,{"stream_name":"stdout","time":4869.103692652,"data":"  [6bba_085bf656] after gap-closing (single-frame + gap2): 8443 nodes, 8136 edges\n"}
,{"stream_name":"stdout","time":4871.010503022,"data":"  [6bba_085bf656] after safe-division repair: 8443 nodes, 8139 edges (geometric_candidates=21, deepcenter_rejected=18, post_veto_candidates=3, added=3, cap_skipped=0, mutual_nn_rejected=4, divergence_rejected=102)\n"}
,{"stream_name":"stdout","time":4871.010664003,"data":"  [6bba_085bf656] after division-geometry-filter+prune-isolated: 8440 nodes, 8139 edges\n"}
,{"stream_name":"stdout","time":4871.011354525,"data":"  [6bba_085bf656] after short-track filtering: 8305 nodes, 8034 edges (components_removed=30)\n"}
,{"stream_name":"stdout","time":4872.981002384,"data":"  [6bba_085bf656] FINAL: 8305 nodes, 8034 edges\n"}
,{"stream_name":"stdout","time":4905.227554245,"data":"  [6bba_09961292] after edge-filter+motion-relink: 29961 nodes, 28819 edges\n"}
,{"stream_name":"stdout","time":4910.414512638,"data":"  [6bba_09961292] after gap-closing (single-frame + gap2): 30179 nodes, 29216 edges\n"}
,{"stream_name":"stdout","time":4915.330137031,"data":"  [6bba_09961292] after safe-division repair: 30179 nodes, 29240 edges (geometric_candidates=94, deepcenter_rejected=65, post_veto_candidates=29, added=24, cap_skipped=0, mutual_nn_rejected=73, divergence_rejected=992)\n"}
,{"stream_name":"stdout","time":4915.330189688,"data":"  [6bba_09961292] after division-geometry-filter+prune-isolated: 30173 nodes, 29240 edges\n"}
,{"stream_name":"stdout","time":4915.33025563,"data":"  [6bba_09961292] after short-track filtering: 29756 nodes, 28922 edges (components_removed=99)\n"}
,{"stream_name":"stdout","time":4922.142751096,"data":"  [6bba_09961292] FINAL: 29756 nodes, 28922 edges\n"}
,{"stream_name":"stdout","time":4922.142804671,"data":"[reuse28] n=8 adjusted_edge_jaccard=0.9261 division_jaccard=0.2308 (tp/fp/fn=3/1/9) PROXY_SCORE=0.9492  [5.5 min]\n"}
,{"stream_name":"stdout","time":4992.107891636,"data":"  [44b6_12dfb391] after edge-filter+motion-relink: 45360 nodes, 43055 edges\n"}
,{"stream_name":"stdout","time":5000.526296093,"data":"  [44b6_12dfb391] after gap-closing (single-frame + gap2): 46002 nodes, 44267 edges\n"}
,{"stream_name":"stdout","time":5008.103544275,"data":"  [44b6_12dfb391] after safe-division repair: 46002 nodes, 44288 edges (geometric_candidates=150, deepcenter_rejected=129, post_veto_candidates=21, added=21, cap_skipped=0, mutual_nn_rejected=62, divergence_rejected=1574)\n"}
,{"stream_name":"stdout","time":5008.103606299,"data":"  [44b6_12dfb391] after division-geometry-filter+prune-isolated: 46000 nodes, 44288 edges\n"}
,{"stream_name":"stdout","time":5008.103613614,"data":"  [44b6_12dfb391] after short-track filtering: 44922 nodes, 43453 edges (components_removed=243)\n"}
,{"stream_name":"stdout","time":5018.01876557,"data":"  [44b6_12dfb391] FINAL: 44922 nodes, 43453 edges\n"}
,{"stream_name":"stdout","time":5037.155097343,"data":"  [44b6_267148e4] after edge-filter+motion-relink: 22857 nodes, 21465 edges\n"}
,{"stream_name":"stdout","time":5042.949569983,"data":"  [44b6_267148e4] after gap-closing (single-frame + gap2): 23098 nodes, 21901 edges\n"}
,{"stream_name":"stdout","time":5049.379479369,"data":"  [44b6_267148e4] after safe-division repair: 23098 nodes, 21920 edges (geometric_candidates=208, deepcenter_rejected=183, post_veto_candidates=25, added=19, cap_skipped=0, mutual_nn_rejected=129, divergence_rejected=1078)\n"}
,{"stream_name":"stdout","time":5049.379528129,"data":"  [44b6_267148e4] after division-geometry-filter+prune-isolated: 23036 nodes, 21920 edges\n"}
,{"stream_name":"stdout","time":5049.3795486,"data":"  [44b6_267148e4] after short-track filtering: 22281 nodes, 21348 edges (components_removed=183)\n"}
,{"stream_name":"stdout","time":5054.248384423,"data":"  [44b6_267148e4] FINAL: 22281 nodes, 21348 edges\n"}
,{"stream_name":"stdout","time":5110.466248274,"data":"  [44b6_2a2eff9f] after edge-filter+motion-relink: 40951 nodes, 38456 edges\n"}
,{"stream_name":"stdout","time":5119.978284859,"data":"  [44b6_2a2eff9f] after gap-closing (single-frame + gap2): 41464 nodes, 39407 edges\n"}
,{"stream_name":"stdout","time":5128.491083898,"data":"  [44b6_2a2eff9f] after safe-division repair: 41464 nodes, 39438 edges (geometric_candidates=300, deepcenter_rejected=269, post_veto_candidates=31, added=31, cap_skipped=0, mutual_nn_rejected=75, divergence_rejected=1677)\n"}
,{"stream_name":"stdout","time":5128.491147961,"data":"  [44b6_2a2eff9f] after division-geometry-filter+prune-isolated: 41461 nodes, 39438 edges\n"}
,{"stream_name":"stdout","time":5128.491156548,"data":"  [44b6_2a2eff9f] after short-track filtering: 40125 nodes, 38403 edges (components_removed=301)\n"}
,{"stream_name":"stdout","time":5137.15050007,"data":"  [44b6_2a2eff9f] FINAL: 40125 nodes, 38403 edges\n"}
,{"stream_name":"stdout","time":5139.974353962,"data":"  [44b6_341df25f] after edge-filter+motion-relink: 8525 nodes, 8213 edges\n"}
,{"stream_name":"stdout","time":5141.456080951,"data":"  [44b6_341df25f] after gap-closing (single-frame + gap2): 8571 nodes, 8293 edges\n"}
,{"stream_name":"stdout","time":5144.318779311,"data":"  [44b6_341df25f] after safe-division repair: 8571 nodes, 8304 edges (geometric_candidates=36, deepcenter_rejected=23, post_veto_candidates=13, added=11, cap_skipped=0, mutual_nn_rejected=3, divergence_rejected=137)\n"}
,{"stream_name":"stdout","time":5144.31884479,"data":"  [44b6_341df25f] after division-geometry-filter+prune-isolated: 8571 nodes, 8304 edges\n"}
,{"stream_name":"stdout","time":5144.318852169,"data":"  [44b6_341df25f] after short-track filtering: 8419 nodes, 8185 edges (components_removed=33)\n"}
,{"stream_name":"stdout","time":5146.108774859,"data":"  [44b6_341df25f] FINAL: 8419 nodes, 8185 edges\n"}
,{"stream_name":"stdout","time":5147.570027356,"data":"  [6bba_062c8d37] after edge-filter+motion-relink: 5995 nodes, 5645 edges\n"}
,{"stream_name":"stdout","time":5148.400512648,"data":"  [6bba_062c8d37] after gap-closing (single-frame + gap2): 6045 nodes, 5738 edges\n"}
,{"stream_name":"stdout","time":5149.764312917,"data":"  [6bba_062c8d37] after safe-division repair: 6045 nodes, 5742 edges (geometric_candidates=15, deepcenter_rejected=11, post_veto_candidates=4, added=4, cap_skipped=0, mutual_nn_rejected=3, divergence_rejected=66)\n"}
,{"stream_name":"stdout","time":5149.764393321,"data":"  [6bba_062c8d37] after division-geometry-filter+prune-isolated: 6020 nodes, 5742 edges\n"}
,{"stream_name":"stdout","time":5149.764412374,"data":"  [6bba_062c8d37] after short-track filtering: 5851 nodes, 5618 edges (components_removed=45)\n"}
,{"stream_name":"stdout","time":5151.063114067,"data":"  [6bba_062c8d37] FINAL: 5851 nodes, 5618 edges\n"}
,{"stream_name":"stdout","time":5181.23293931,"data":"  [6bba_07e24132] after edge-filter+motion-relink: 29760 nodes, 28221 edges\n"}
,{"stream_name":"stdout","time":5188.796528247,"data":"  [6bba_07e24132] after gap-closing (single-frame + gap2): 30097 nodes, 28837 edges\n"}
,{"stream_name":"stdout","time":5194.026025264,"data":"  [6bba_07e24132] after safe-division repair: 30097 nodes, 28841 edges (geometric_candidates=115, deepcenter_rejected=110, post_veto_candidates=5, added=4, cap_skipped=0, mutual_nn_rejected=69, divergence_rejected=1012)\n"}
,{"stream_name":"stdout","time":5194.026087003,"data":"  [6bba_07e24132] after division-geometry-filter+prune-isolated: 30089 nodes, 28841 edges\n"}
,{"stream_name":"stdout","time":5194.02611342,"data":"  [6bba_07e24132] after short-track filtering: 29208 nodes, 28164 edges (components_removed=204)\n"}
,{"stream_name":"stdout","time":5200.263351698,"data":"  [6bba_07e24132] FINAL: 29208 nodes, 28164 edges\n"}
,{"stream_name":"stdout","time":5203.137058906,"data":"  [6bba_085bf656] after edge-filter+motion-relink: 8422 nodes, 8097 edges\n"}
,{"stream_name":"stdout","time":5204.050186456,"data":"  [6bba_085bf656] after gap-closing (single-frame + gap2): 8443 nodes, 8136 edges\n"}
,{"stream_name":"stdout","time":5205.86136271,"data":"  [6bba_085bf656] after safe-division repair: 8443 nodes, 8139 edges (geometric_candidates=21, deepcenter_rejected=18, post_veto_candidates=3, added=3, cap_skipped=0, mutual_nn_rejected=4, divergence_rejected=102)\n"}
,{"stream_name":"stdout","time":5205.86146375,"data":"  [6bba_085bf656] after division-geometry-filter+prune-isolated: 8440 nodes, 8139 edges\n"}
,{"stream_name":"stdout","time":5205.861475887,"data":"  [6bba_085bf656] after short-track filtering: 8305 nodes, 8034 edges (components_removed=30)\n"}
,{"stream_name":"stdout","time":5207.645491297,"data":"  [6bba_085bf656] FINAL: 8305 nodes, 8034 edges\n"}
,{"stream_name":"stdout","time":5238.26111821,"data":"  [6bba_09961292] after edge-filter+motion-relink: 29961 nodes, 28819 edges\n"}
,{"stream_name":"stdout","time":5243.333422475,"data":"  [6bba_09961292] after gap-closing (single-frame + gap2): 30174 nodes, 29206 edges\n"}
,{"stream_name":"stdout","time":5248.253365888,"data":"  [6bba_09961292] after safe-division repair: 30174 nodes, 29230 edges (geometric_candidates=94, deepcenter_rejected=65, post_veto_candidates=29, added=24, cap_skipped=0, mutual_nn_rejected=73, divergence_rejected=1002)\n"}
,{"stream_name":"stdout","time":5248.253468526,"data":"  [6bba_09961292] after division-geometry-filter+prune-isolated: 30168 nodes, 29230 edges\n"}
,{"stream_name":"stdout","time":5248.253479907,"data":"  [6bba_09961292] after short-track filtering: 29749 nodes, 28911 edges (components_removed=100)\n"}
,{"stream_name":"stdout","time":5254.74763885,"data":"  [6bba_09961292] FINAL: 29749 nodes, 28911 edges\n"}
,{"stream_name":"stdout","time":5254.74770381,"data":"[dcgap035] n=8 adjusted_edge_jaccard=0.9261 division_jaccard=0.2308 (tp/fp/fn=3/1/9) PROXY_SCORE=0.9492  [5.5 min]\n"}
,{"stream_name":"stdout","time":5254.747713815,"data":"\n"}
,{"stream_name":"stdout","time":5254.74772013,"data":"==============================================================================\n"}
,{"stream_name":"stdout","time":5254.747726485,"data":"SWEEP TABLE (sorted by PROXY_SCORE)\n"}
,{"stream_name":"stdout","time":5254.747732856,"data":"==============================================================================\n"}
,{"stream_name":"stdout","time":5254.7477403,"data":"  tight55                                  proxy=0.9512 (+0.0021)  adj=0.9282  divJ=0.2308 (tp/fp/fn=3/1/9)\n"}
,{"stream_name":"stdout","time":5254.74774689,"data":"  dcgap035                                 proxy=0.9492 (+0.0000)  adj=0.9261  divJ=0.2308 (tp/fp/fn=3/1/9)\n"}
,{"stream_name":"stdout","time":5254.747753102,"data":"  gap45                                    proxy=0.9492 (+0.0000)  adj=0.9261  divJ=0.2308 (tp/fp/fn=3/1/9)\n"}
,{"stream_name":"stdout","time":5254.747759229,"data":"  bonus125                                 proxy=0.9492 (+0.0000)  adj=0.9261  divJ=0.2308 (tp/fp/fn=3/1/9)\n"}
,{"stream_name":"stdout","time":5254.747765152,"data":"  base                                     proxy=0.9492 (+0.0000)  adj=0.9261  divJ=0.2308 (tp/fp/fn=3/1/9)\n"}
,{"stream_name":"stdout","time":5254.747771848,"data":"  gap2step40                               proxy=0.9492 (+0.0000)  adj=0.9261  divJ=0.2308 (tp/fp/fn=3/1/9)\n"}
,{"stream_name":"stdout","time":5254.747777628,"data":"  reuse28                                  proxy=0.9492 (+0.0000)  adj=0.9261  divJ=0.2308 (tp/fp/fn=3/1/9)\n"}
,{"stream_name":"stdout","time":5254.747785244,"data":"  relaxed9                                 proxy=0.9482 (-0.0010)  adj=0.9268  divJ=0.2143 (tp/fp/fn=3/2/9)\n"}
,{"stream_name":"stdout","time":5254.747790831,"data":"\n"}
,{"stream_name":"stdout","time":5254.747796959,"data":"SELECTED: tight55  overrides={'MOTION_RELINK_TIGHT_UM': 5.5}  (margin rule: \u003e= +0.001 proxy and adj loss \u003c= 0.0005)\n"}
,{"stream_name":"stdout","time":5254.747804393,"data":"  base     proxy=0.9492 adj=0.9261 divJ=0.2308\n"}
,{"stream_name":"stdout","time":5254.747811058,"data":"  selected proxy=0.9512 adj=0.9282 divJ=0.2308\n"}
,{"stream_name":"stdout","time":5254.747817984,"data":"\n"}
,{"stream_name":"stdout","time":5254.74799163,"data":"Re-writing submission.csv with the selected post-process configuration: tight55\n"}
,{"stream_name":"stdout","time":5254.748044703,"data":"Found 4 prediction graphs\n"}
,{"stream_name":"stdout","time":5278.186657957,"data":"  [44b6_0113de3b] after edge-filter+motion-relink: 25821 nodes, 24949 edges\n"}
,{"stream_name":"stdout","time":5280.063193703,"data":"  [44b6_0113de3b] after gap-closing (single-frame + gap2): 25881 nodes, 25061 edges\n"}
,{"stream_name":"stdout","time":5288.733688035,"data":"  [44b6_0113de3b] after safe-division repair: 25881 nodes, 25112 edges (geometric_candidates=173, deepcenter_rejected=113, post_veto_candidates=60, added=51, cap_skipped=0, mutual_nn_rejected=59, divergence_rejected=536)\n"}
,{"stream_name":"stdout","time":5288.733744033,"data":"  [44b6_0113de3b] after division-geometry-filter+prune-isolated: 25876 nodes, 25112 edges\n"}
,{"stream_name":"stdout","time":5288.733767522,"data":"  [44b6_0113de3b] after short-track filtering: 25636 nodes, 24927 edges (components_removed=55)\n"}
,{"stream_name":"stdout","time":5294.413560435,"data":"  [44b6_0113de3b] FINAL: 25636 nodes, 24927 edges\n"}
,{"stream_name":"stdout","time":5312.814408456,"data":"  [44b6_0b24845f] after edge-filter+motion-relink: 22507 nodes, 20388 edges\n"}
,{"stream_name":"stdout","time":5321.752054941,"data":"  [44b6_0b24845f] after gap-closing (single-frame + gap2): 22892 nodes, 21087 edges\n"}
,{"stream_name":"stdout","time":5328.655236422,"data":"  [44b6_0b24845f] after safe-division repair: 22892 nodes, 21102 edges (geometric_candidates=231, deepcenter_rejected=214, post_veto_candidates=17, added=15, cap_skipped=0, mutual_nn_rejected=61, divergence_rejected=912)\n"}
,{"stream_name":"stdout","time":5328.655294362,"data":"  [44b6_0b24845f] after division-geometry-filter+prune-isolated: 22877 nodes, 21102 edges\n"}
,{"stream_name":"stdout","time":5328.655301566,"data":"  [44b6_0b24845f] after short-track filtering: 20754 nodes, 19464 edges (components_removed=485)\n"}
,{"stream_name":"stdout","time":5333.277731926,"data":"  [44b6_0b24845f] FINAL: 20754 nodes, 19464 edges\n"}
,{"stream_name":"stdout","time":5335.185212759,"data":"  [6bba_05b6850b] after edge-filter+motion-relink: 6303 nodes, 6031 edges\n"}
,{"stream_name":"stdout","time":5336.015097403,"data":"  [6bba_05b6850b] after gap-closing (single-frame + gap2): 6334 nodes, 6087 edges\n"}
,{"stream_name":"stdout","time":5337.883241176,"data":"  [6bba_05b6850b] after safe-division repair: 6334 nodes, 6096 edges (geometric_candidates=22, deepcenter_rejected=13, post_veto_candidates=9, added=9, cap_skipped=0, mutual_nn_rejected=5, divergence_rejected=81)\n"}
,{"stream_name":"stdout","time":5337.883308539,"data":"  [6bba_05b6850b] after division-geometry-filter+prune-isolated: 6333 nodes, 6096 edges\n"}
,{"stream_name":"stdout","time":5337.883317019,"data":"  [6bba_05b6850b] after short-track filtering: 6150 nodes, 5956 edges (components_removed=43)\n"}
,{"stream_name":"stdout","time":5339.181880747,"data":"  [6bba_05b6850b] FINAL: 6150 nodes, 5956 edges\n"}
,{"stream_name":"stdout","time":5508.653387815,"data":"  [6bba_05db0fb1] after edge-filter+motion-relink: 70697 nodes, 68001 edges\n"}
,{"stream_name":"stdout","time":5518.371862716,"data":"  [6bba_05db0fb1] after gap-closing (single-frame + gap2): 71123 nodes, 68795 edges\n"}
,{"stream_name":"stdout","time":5527.747695351,"data":"  [6bba_05db0fb1] after safe-division repair: 71123 nodes, 68822 edges (geometric_candidates=304, deepcenter_rejected=271, post_veto_candidates=33, added=27, cap_skipped=0, mutual_nn_rejected=258, divergence_rejected=2628)\n"}
,{"stream_name":"stdout","time":5527.747765811,"data":"  [6bba_05db0fb1] after division-geometry-filter+prune-isolated: 71097 nodes, 68822 edges\n"}
,{"stream_name":"stdout","time":5528.112874829,"data":"  [6bba_05db0fb1] after short-track filtering: 70301 nodes, 68212 edges (components_removed=186)\n"}
,{"stream_name":"stdout","time":5543.932625069,"data":"  [6bba_05db0fb1] FINAL: 70301 nodes, 68212 edges\n"}
,{"stream_name":"stdout","time":5544.107608868,"data":"Wrote /kaggle/working/submission.csv with 241,400 rows\n"}
,{"stream_name":"stdout","time":5544.107666656,"data":"Node rows: 122,841 | edge rows: 118,559\n"}
,{"stream_name":"stdout","time":5544.107672117,"data":"Wrote /kaggle/working/run_stats.csv\n"}
,{"stream_name":"stdout","time":5544.635778851,"data":"  44b6_0113de3b: nodes=25636 edges=24927 divisions=51\n"}
,{"stream_name":"stdout","time":5544.635844176,"data":"  44b6_0b24845f: nodes=20754 edges=19464 divisions=15\n"}
,{"stream_name":"stdout","time":5544.635909242,"data":"  6bba_05b6850b: nodes=6150 edges=5956 divisions=9\n"}
,{"stream_name":"stdout","time":5544.635914774,"data":"  6bba_05db0fb1: nodes=70301 edges=68212 divisions=27\n"}
,{"stream_name":"stdout","time":5544.63591917,"data":"Final submission.csv rows=241400  config=tight55\n"}
,{"stream_name":"stdout","time":5544.787519102,"data":"==============================================================================\n"}
,{"stream_name":"stdout","time":5544.787585026,"data":"PIPELINE MANIFEST -- resolved state, not just config\n"}
,{"stream_name":"stdout","time":5544.787592124,"data":"==============================================================================\n"}
,{"stream_name":"stdout","time":5544.787597763,"data":"Dual-seed ensemble:      requested=True  weights_found=True\n"}
,{"stream_name":"stdout","time":5544.787602641,"data":"Bidirectional fusion:    weight=0.15  active=True  mode=harmonic_probability\n"}
,{"stream_name":"stdout","time":5544.78760729,"data":"DeepCenter veto:         requested=True  loaded=True\n"}
,{"stream_name":"stdout","time":5544.787612082,"data":"  - checkpoint file:     /kaggle/input/datasets/pilkwang/biohub-deepcenter-unet3d-center-prior-v1/weights/full_frame_center/best.pt\n"}
,{"stream_name":"stdout","time":5544.787616966,"data":"  - expected epoch:      2\n"}
,{"stream_name":"stdout","time":5544.787620995,"data":"  - gap veto:            True\n"}
,{"stream_name":"stdout","time":5544.787624926,"data":"  - safe-div veto:       True\n"}
,{"stream_name":"stdout","time":5544.787629027,"data":"Safe-div thresholds:     parent\u003c=9.0um  sister\u003c=14.0um  global_cap=0.00375  frame_cap=0.0076\n"}
,{"stream_name":"stdout","time":5544.787634224,"data":"Validator:               enabled=True  held_out_samples=8  match_radius=7.0um\n"}
,{"stream_name":"stdout","time":5544.78763844,"data":"==============================================================================\n"}
,{"stream_name":"stdout","time":5547.384056765,"data":"PUBLIC946_FINAL_AUDIT_PASS {\"receipt\": \"public946_final_audit.json\", \"rows\": 241400, \"selected\": \"tight55\", \"sha256\": \"a852d1d07ff8c9307d9b10db7f9b4b12e8b1882f14c5dbeb1316d099f0795b3e\"}\n"}
,{"stream_name":"stderr","time":5553.214722314,"data":"/usr/local/lib/python3.12/dist-packages/mistune.py:435: SyntaxWarning: invalid escape sequence '\\|'\n"}
,{"stream_name":"stderr","time":5553.21478269,"data":"  cells[i][c] = re.sub('\\\\\\\\\\|', '|', cell)\n"}
,{"stream_name":"stderr","time":5553.360743457,"data":"/usr/local/lib/python3.12/dist-packages/nbconvert/filters/filter_links.py:36: SyntaxWarning: invalid escape sequence '\\_'\n"}
,{"stream_name":"stderr","time":5553.360782724,"data":"  text = re.sub(r'_', '\\_', text) # Escape underscores in display text\n"}
,{"stream_name":"stderr","time":5554.309312614,"data":"[NbConvertApp] Converting notebook __notebook__.ipynb to notebook\n"}
,{"stream_name":"stderr","time":5554.891192561,"data":"[NbConvertApp] Writing 713071 bytes to __notebook__.ipynb\n"}
,{"stream_name":"stderr","time":5557.739962742,"data":"[NbConvertApp] Converting notebook __notebook__.ipynb to html\n"}
,{"stream_name":"stderr","time":5559.552530449,"data":"[NbConvertApp] Writing 1730217 bytes to __results__.html\n"}
]